source,source_group,source_id,ad_id,title,price,price_str,area,rooms,address,ward,district_id,district_name,category_id,category_name,lat,lon,image,ad_url,source_url,posted_at,scraped_at,page_fetched,price_m,price_per_m2,has_coord,is_rent
alonhadat,sale_student_csv,alonhadat_duc_18758443,18758443,"LÔ ĐẤT BIỆT THỰ ĐƯỜNG SỐ 22- KDC BÌNH HƯNG -ĐỐI DIỆN QUỐC TẾ ANH NGỮ - 175.5M2 - 15,5 TỶ",15500000000,"15,5 tỷ",176,1,"Đường số 22, Xã Bình Hưng, Hồ Chí Minh",Xã Bình Hưng,,Huyện Bình Chánh,1020,Biệt thự,,,,https://alonhadat.com.vn/lo-dat-biet-thu-duong-so-22-kdc-binh-hung-doi-dien-quoc-te-anh-ngu-175-5m2-15-5-ty-18758443.html,https://alonhadat.com.vn/lo-dat-biet-thu-duong-so-22-kdc-binh-hung-doi-dien-quoc-te-anh-ngu-175-5m2-15-5-ty-18758443.html,2026-06-07,2026-06-07 20:16:10.418495,,15500,88068181.81818181,0,0
alonhadat,sale_student_csv,alonhadat_duc_18566745,18566745,CĂN HỘ CHUNG CƯ HOÀNG QUÂN BÌNH CHÁNH -SỔ RIÊNG - SÁT CHỢ BÌNH ĐIỀN -NHỈNH 1 TỶ,1600000000,"1,6 tỷ",51,2,"Đường Nguyễn Văn Linh, Xã Bình Chánh, Hồ Chí Minh",Xã An Phú Tây,,Huyện Bình Chánh,1010,Căn hộ chung cư,,,,https://alonhadat.com.vn/can-ho-chung-cu-hoang-quan-binh-chanh-so-rieng-sat-cho-binh-dien-nhinh-1-ty-18566745.html,https://alonhadat.com.vn/can-ho-chung-cu-hoang-quan-binh-chanh-so-rieng-sat-cho-binh-dien-nhinh-1-ty-18566745.html,2026-06-07,2026-06-07 20:16:10.418495,,1600,31372549.019607842,0,0
alonhadat,sale_student_csv,alonhadat_duc_18261891,18261891,🔥🔥🔥Bán gấp căn nhà NGAY CHỢ BÌNH CHÁNH đang cho thuê 8triệu/th - 930Triệu - 120m2,930000000,930 triệu,120,3,"Đường Trịnh Như Khuê, Xã Bình Chánh, Hồ Chí Minh",Xã Bình Chánh,,Huyện Bình Chánh,1020,Nhà ở,,,,https://alonhadat.com.vn/-ban-gap-can-nha-ngay-cho-binh-chanh-dang-cho-thue-8trieu-th-630trieu-120m2-18261891.html,https://alonhadat.com.vn/-ban-gap-can-nha-ngay-cho-binh-chanh-dang-cho-thue-8trieu-th-630trieu-120m2-18261891.html,2026-06-07,2026-06-07 20:16:10.418495,,930,7750000,0,0
alonhadat,sale_student_csv,alonhadat_duc_18406372,18406372,"Chính chủ gửi căn nhà 4 tầng, 5x19 – Cơ hội sở hữu không gian sống yên tĩnh nhất khu vực..",8990000000,"8,99 tỷ",95,5,"Đường số 5, Xã Bình Hưng, Hồ Chí Minh",Xã Phong Phú,,Huyện Bình Chánh,1020,Nhà ở,,,,https://alonhadat.com.vn/ban-gap-nha-dep-4-tang-phong-phu-binh-chanh-5x19m-duong-20m-nhinh-9-ty-18406372.html,https://alonhadat.com.vn/ban-gap-nha-dep-4-tang-phong-phu-binh-chanh-5x19m-duong-20m-nhinh-9-ty-18406372.html,2026-06-07,2026-06-07 20:16:10.418495,,8990,94631578.94736843,0,0
alonhadat,sale_student_csv,alonhadat_duc_18442252,18442252,"115m2( 6,8x17) Bán nhà 3 lầu Mặt tiền đường số 8 gần chợ Hiệp Bình Chánh. 17,55 tỷ",17550000000,"17,55 tỷ",115,4,"Đường Số 8, Phường Hiệp Bình, Hồ Chí Minh",Phường Hiệp Bình Chánh,,Huyện Bình Chánh,1020,Nhà ở,,,,https://alonhadat.com.vn/115m2-6-8x17-ban-nha-3-lau-mat-tien-duong-so-8-gan-cho-hiep-binh-chanh-17-55-ty-18442252.html,https://alonhadat.com.vn/115m2-6-8x17-ban-nha-3-lau-mat-tien-duong-so-8-gan-cho-hiep-binh-chanh-17-55-ty-18442252.html,2026-06-07,2026-06-07 20:16:10.418495,,17550,152608695.6521739,0,0
alonhadat,sale_student_csv,alonhadat_duc_18164392,18164392,Mặt Tiền 137 Quốc Lộ 13 | 17x46m | HĐT: 150 triệu/tháng | Gía bán: 120 tỷ |,120000000000,120 tỷ,800,3,"Quốc Lộ 13, Phường Hiệp Bình, Hồ Chí Minh",Phường Hiệp Bình Chánh,,Huyện Bình Chánh,1020,Nhà ở,,,,https://alonhadat.com.vn/mat-tien-137-quoc-lo-13-17x46m-hdt-150-trieu-thang-gia-ban-120-ty--18164392.html,https://alonhadat.com.vn/mat-tien-137-quoc-lo-13-17x46m-hdt-150-trieu-thang-gia-ban-120-ty--18164392.html,2026-06-07,2026-06-07 20:16:10.418495,,120000,150000000,0,0
alonhadat,sale_student_csv,alonhadat_duc_18757418,18757418,Cần bán gấp nhà ở Huỳnh Hữu Trí Bình Chánh 99m2 đang có hợp đồng cho thuê,1120000000,"1,12 tỷ",99,3,"Đường Huỳnh Hữu Trí, Xã Tân Nhựt, Hồ Chí Minh",Xã Tân Nhựt,,Huyện Bình Chánh,1020,Nhà ở,,,,https://alonhadat.com.vn/can-ban-gap-nha-o-huynh-huu-tri-binh-chanh-99m2-dang-co-hop-dong-cho-thue-18757418.html,https://alonhadat.com.vn/can-ban-gap-nha-o-huynh-huu-tri-binh-chanh-99m2-dang-co-hop-dong-cho-thue-18757418.html,2026-06-07,2026-06-07 20:16:10.418495,,1120,11313131.313131314,0,0
alonhadat,sale_student_csv,alonhadat_duc_18757171,18757171,🔥 NGANG 6M – HXH – 180M² SỬ DỤNG – GẦN GIGAMALL – CHỈ 8.3 TỶ 🔥,8300000000.000001,"8,3 tỷ",66,4,"Đường Hiệp Bình, Phường Hiệp Bình, Hồ Chí Minh",Phường Hiệp Bình Chánh,,Huyện Bình Chánh,1020,Nhà ở,,,,https://alonhadat.com.vn/-ngang-6m-hxh-180m-su-dung-gan-gigamall-chi-8-3-ty--18757171.html,https://alonhadat.com.vn/-ngang-6m-hxh-180m-su-dung-gan-gigamall-chi-8-3-ty--18757171.html,2026-06-07,2026-06-07 20:16:10.418495,,8300.000000000002,125757575.75757577,0,0
alonhadat,sale_student_csv,alonhadat_duc_18105244,18105244,"Bán nhà nở hậu, ngang 3.8m, nở hậu 4m, dài 20m, Đoàn Nguyễn Tuấn, gần chợ Bình Chánh",3500000000,"3,5 tỷ",81,3,"Đường Đoàn Nguyễn Tuấn, Xã Bình Chánh, Hồ Chí Minh",Xã Tân Quý Tây,,Huyện Bình Chánh,1020,Nhà ở,,,,https://alonhadat.com.vn/nha-mt-dep-no-hau-o-ngay-ngang-3-8m-no-hau-4m-dai-20m-doan-nguyen-tuan-gan-cho-binh-18105244.html,https://alonhadat.com.vn/nha-mt-dep-no-hau-o-ngay-ngang-3-8m-no-hau-4m-dai-20m-doan-nguyen-tuan-gan-cho-binh-18105244.html,2026-06-07,2026-06-07 20:16:10.418495,,3500,43209876.54320987,0,0
alonhadat,sale_student_csv,alonhadat_duc_18736005,18736005,Bán Gấp Nhà Lầu Mặt Tiền Kinh Doanh Chợ Bờ Ngựa- Đang cho thuê 12tr/tháng - Đường 10M,920000000,920 triệu,150,3,"Đường Hưng Nhơn, Xã Tân Nhựt, Hồ Chí Minh",Xã Tân Kiên,,Huyện Bình Chánh,1020,Nhà ở,,,,https://alonhadat.com.vn/ban-gap-nha-lau-mat-tien-kinh-doanh-cho-bo-ngua-dang-cho-thue-12tr-thang-duong-10m-18736005.html,https://alonhadat.com.vn/ban-gap-nha-lau-mat-tien-kinh-doanh-cho-bo-ngua-dang-cho-thue-12tr-thang-duong-10m-18736005.html,2026-06-07,2026-06-07 20:16:10.418495,,920,6133333.333333333,0,0
alonhadat,sale_student_csv,alonhadat_duc_18756858,18756858,"Nhà đẹp cạnh bên ĐH RMIT, cầu Ông Lớn, hẻm xe hơi, 100m.2, 5x20m, 4 tầng, chỉ 8 t.ỷ",8000000000,8 tỷ,100,4,"Đường Nguyễn Văn Linh, Xã Bình Hưng, Hồ Chí Minh",Xã Bình Hưng,,Huyện Bình Chánh,1020,Nhà ở,,,,https://alonhadat.com.vn/nha-dep-canh-ben-dh-rmit-cau-ong-lon-hem-xe-hoi-100m-2-5x20m-4-tang-chi-8-t-y-18756858.html,https://alonhadat.com.vn/nha-dep-canh-ben-dh-rmit-cau-ong-lon-hem-xe-hoi-100m-2-5x20m-4-tang-chi-8-t-y-18756858.html,2026-06-07,2026-06-07 20:16:10.418495,,8000,80000000,0,0
alonhadat,sale_student_csv,alonhadat_duc_18748007,18748007,Hẻm C2 Phạm Hùng - Bình Hưng - Bình Chánh -DT: 3*11m – 2 tỷ 6,2600000000,"2,6 tỷ",33,2,"Đường Phạm Hùng, Xã Bình Hưng, Hồ Chí Minh",Xã Bình Hưng,,Huyện Bình Chánh,1040,Đất,,,,https://alonhadat.com.vn/hem-c2-pham-hung-binh-hung-binh-chanh-dt-3-11m-2-ty-6-18748007.html,https://alonhadat.com.vn/hem-c2-pham-hung-binh-hung-binh-chanh-dt-3-11m-2-ty-6-18748007.html,2026-06-07,2026-06-07 20:16:10.418495,,2600,78787878.78787878,0,0
alonhadat,sale_student_csv,alonhadat_duc_18435025,18435025,"Dì Tư Chính Chủ Gửi Bán Gấp Đất Sát MT Phạm Hùng - HXT Tránh - 200m2 - Giá 4,45 tỷ",4450000000,"4,45 tỷ",200,1,"Đường Phạm Hùng, Xã Bình Hưng, Hồ Chí Minh",Xã Bình Hưng,,Huyện Bình Chánh,1040,Đất,,,,https://alonhadat.com.vn/di-tu-chinh-chu-gui-ban-gap-dat-sat-mt-pham-hung-hxt-tranh-200m2-gia-4-9-ty-18435025.html,https://alonhadat.com.vn/di-tu-chinh-chu-gui-ban-gap-dat-sat-mt-pham-hung-hxt-tranh-200m2-gia-4-9-ty-18435025.html,2026-06-07,2026-06-07 20:16:10.418495,,4450,22250000,0,0
alonhadat,sale_student_csv,alonhadat_duc_18555241,18555241,Bán gấp dãy trọ 6p + 1kiot KCN Tây Bắc Củ Chi 144m2 giá 1 tỷ 2 Sổ Hồng Riêng,1200000000,"1,2 tỷ",144,7,"Đường Quốc lộ 22, Xã Tân An Hội, Hồ Chí Minh",Xã Tân An Hội,,Huyện Củ Chi,1030,Mặt bằng,,,,https://alonhadat.com.vn/ban-gap-day-tro-6p-1kiot-kcn-tay-bac-cu-chi-144m2-gia-1-ty-2-so-hong-rieng-18555241.html,https://alonhadat.com.vn/ban-gap-day-tro-6p-1kiot-kcn-tay-bac-cu-chi-144m2-gia-1-ty-2-so-hong-rieng-18555241.html,2026-06-07,2026-06-07 20:16:10.418495,,1200,8333333.333333333,0,0
alonhadat,sale_student_csv,alonhadat_duc_18499436,18499436,Bán gấp dãy trọ 8p có gác KCN Tân Phú Trung Củ Chi 152m2 giá 930 triệu SHR,930000000,930 triệu,152,8,"Đường số 95, Xã Củ Chi, Hồ Chí Minh",Xã Tân Phú Trung,,Huyện Củ Chi,1050,Nhà trọ,,,,https://alonhadat.com.vn/ban-gap-day-tro-8p-co-gac-kcn-tan-phu-trung-cu-chi-152m2-gia-930-trieu-shr-18499436.html,https://alonhadat.com.vn/ban-gap-day-tro-8p-co-gac-kcn-tan-phu-trung-cu-chi-152m2-gia-930-trieu-shr-18499436.html,2026-06-07,2026-06-07 20:16:10.418495,,930,6118421.052631579,0,0
alonhadat,sale_student_csv,alonhadat_duc_18006733,18006733,"Chủ gửi bán gấp dãy nhà trọ 10 phòng 1 kiot ,Tân Phú Trung, huyện Củ Chi giá 830 triệu",830000000,830 triệu,240,10,"Xã Củ Chi, Hồ Chí Minh",Xã Tân Phú Trung,,Huyện Củ Chi,1050,Nhà trọ,,,,https://alonhadat.com.vn/chu-gui-ban-gap-day-nha-tro-10-phong-1-kiot-tan-phu-trung-huyen-cu-chi-gia-830-trieu-18006733.html,https://alonhadat.com.vn/chu-gui-ban-gap-day-nha-tro-10-phong-1-kiot-tan-phu-trung-huyen-cu-chi-gia-830-trieu-18006733.html,2026-06-07,2026-06-07 20:16:10.418495,,830,3458333.3333333335,0,0
alonhadat,sale_student_csv,alonhadat_duc_18569090,18569090,Bán dãy trọ 9p+1kiot bên KCN Tây Bắc Tân An Hội Củ Chi 240m2 sổ hồng riêng 850 triệu,850000000,850 triệu,240,10,"Đường Nguyễn Thị Rành, Xã Tân An Hội, Hồ Chí Minh",Xã Tân An Hội,,Huyện Củ Chi,1050,Nhà trọ,,,,https://alonhadat.com.vn/ban-day-tro-9p-1kiot-ben-kcn-tay-bac-tan-an-hoi-cu-chi-240m2-so-hong-rieng-850-trieu-18569090.html,https://alonhadat.com.vn/ban-day-tro-9p-1kiot-ben-kcn-tay-bac-tan-an-hoi-cu-chi-240m2-so-hong-rieng-850-trieu-18569090.html,2026-06-07,2026-06-07 20:16:10.418495,,850,3541666.6666666665,0,0
alonhadat,sale_student_csv,alonhadat_duc_18757720,18757720,Nhà trong KDC Tân Phú Trung 1 sẹc đường Cây Da Củ Chi 102m2 chỉ 900trieu bán gấp SHR,900000000,900 triệu,102,2,"Đường Cây Da, Xã Củ Chi, Hồ Chí Minh",Xã Tân Phú Trung,,Huyện Củ Chi,1020,Nhà ở,,,,https://alonhadat.com.vn/nha-trong-kdc-tan-phu-trung-1-sec-duong-cay-da-cu-chi-102m2-chi-900trieu-ban-gap-shr-18757720.html,https://alonhadat.com.vn/nha-trong-kdc-tan-phu-trung-1-sec-duong-cay-da-cu-chi-102m2-chi-900trieu-ban-gap-shr-18757720.html,2026-06-07,2026-06-07 20:16:10.418495,,900,8823529.411764706,0,0
alonhadat,sale_student_csv,alonhadat_duc_18756042,18756042,"Bán nhà tại Cây Da 150m2 5x30, sổ hồng riêng, giá 1,1 tỷ",1100000000,"1,1 tỷ",150,2,"Đường Cây Da, Xã Củ Chi, Hồ Chí Minh",Xã Tân Phú Trung,,Huyện Củ Chi,1020,Nhà ở,,,,https://alonhadat.com.vn/ban-nha-tai-cay-da-150m2-5x30-so-hong-rieng-gia-1-1-ty-18756042.html,https://alonhadat.com.vn/ban-nha-tai-cay-da-150m2-5x30-so-hong-rieng-gia-1-1-ty-18756042.html,2026-06-07,2026-06-07 20:16:10.418495,,1100,7333333.333333333,0,0
alonhadat,sale_student_csv,alonhadat_duc_18752892,18752892,"Nhà riêng 3PN, 3WC, 136m2, 1,18 tỷ tại đường 12A, thị trấn Củ Chi, huyện Củ Chi, view đẹp",1180000000,"1,18 tỷ",136,3,"Đường 12A, Xã Tân An Hội, Hồ Chí Minh",Xã Tân An Hội,,Huyện Củ Chi,1020,Nhà ở,,,,https://alonhadat.com.vn/nha-rieng-3pn-3wc-136m2-1-18-ty-tai-duong-12a-thi-tran-cu-chi-huyen-cu-chi-view-dep-18752892.html,https://alonhadat.com.vn/nha-rieng-3pn-3wc-136m2-1-18-ty-tai-duong-12a-thi-tran-cu-chi-huyen-cu-chi-view-dep-18752892.html,2026-06-07,2026-06-07 20:16:10.418495,,1180,8676470.588235294,0,0
alonhadat,sale_student_csv,alonhadat_duc_18753370,18753370,"Bán nhà cấp 4 cũ 1 sẹc đường 28, xã Tân Thông Hội Củ CHi - SỔ HỒNG RIÊNG",760000000,760 triệu,154,2,"Đường số 28, Xã Củ Chi, Hồ Chí Minh",Xã Tân Thông Hội,,Huyện Củ Chi,1020,Nhà ở,,,,https://alonhadat.com.vn/ban-nha-cap-4-cu-1-sec-duong-28-xa-tan-thong-hoi-cu-chi-so-hong-rieng-18753370.html,https://alonhadat.com.vn/ban-nha-cap-4-cu-1-sec-duong-28-xa-tan-thong-hoi-cu-chi-so-hong-rieng-18753370.html,2026-06-07,2026-06-07 20:16:10.418495,,760,4935064.935064935,0,0
alonhadat,sale_student_csv,alonhadat_duc_18757361,18757361,970tr bán gấp nhà hẻm Tỉnh lộ 2 dt 5mx20m - sổ hồng riêng,970000000,970 triệu,100,2,"Tỉnh Lộ 2, Xã Củ Chi, Hồ Chí Minh",Xã Tân Phú Trung,,Huyện Củ Chi,1020,Nhà ở,,,,https://alonhadat.com.vn/970tr-ban-gap-nha-hem-tinh-lo-2-dt-5mx20m-so-hong-rieng-18757361.html,https://alonhadat.com.vn/970tr-ban-gap-nha-hem-tinh-lo-2-dt-5mx20m-so-hong-rieng-18757361.html,2026-06-07,2026-06-07 20:16:10.418495,,970,9700000,0,0
alonhadat,sale_student_csv,alonhadat_duc_18712665,18712665,Gấp! Bán nhà C4 đường Nguyễn Thị Bi 103m2 sổ hồng riêng giá 890 triệu,890000000,890 triệu,103,2,"Xã Củ Chi, Hồ Chí Minh",Xã Tân Phú Trung,,Huyện Củ Chi,1020,Nhà ở,,,,https://alonhadat.com.vn/gap-ban-nha-c4-duong-nguyen-thi-bi-103m2-so-hong-rieng-gia-890-trieu-18712665.html,https://alonhadat.com.vn/gap-ban-nha-c4-duong-nguyen-thi-bi-103m2-so-hong-rieng-gia-890-trieu-18712665.html,2026-06-07,2026-06-07 20:16:10.418495,,890,8640776.699029127,0,0
alonhadat,sale_student_csv,alonhadat_duc_18753292,18753292,"BÁN CĂN NHÀ CẤP 4 TÂN THÔNG HỘI, CỦ CHI 980TRIEU 108m2 SỔ HỒNG RIÊNG",980000000,980 triệu,108,2,"Đường Liêu Bình Hương, Xã Củ Chi, Hồ Chí Minh",Xã Tân Thông Hội,,Huyện Củ Chi,1020,Nhà ở,,,,https://alonhadat.com.vn/ban-can-nha-cap-4-tan-thong-hoi-cu-chi-980trieu-108m2-so-hong-rieng-18753292.html,https://alonhadat.com.vn/ban-can-nha-cap-4-tan-thong-hoi-cu-chi-980trieu-108m2-so-hong-rieng-18753292.html,2026-06-07,2026-06-07 20:16:10.418495,,980,9074074.074074075,0,0
alonhadat,sale_student_csv,alonhadat_duc_18753360,18753360,"Cắt lỗ sâu căn nhà C4 rộng rãi ở ngay Tân Phú Trung, Củ Chi, 116m2 giá chỉ 1ty050trieu SHR",1050000000,"1,05 tỷ",116,2,"Đường Bờ Kênh, Xã Củ Chi, Hồ Chí Minh",Xã Tân Phú Trung,,Huyện Củ Chi,1020,Nhà ở,,,,https://alonhadat.com.vn/cat-lo-sau-can-nha-c4-rong-rai-o-ngay-tan-phu-trung-cu-chi-116m2-gia-chi-1ty050trieu-shr-18753360.html,https://alonhadat.com.vn/cat-lo-sau-can-nha-c4-rong-rai-o-ngay-tan-phu-trung-cu-chi-116m2-gia-chi-1ty050trieu-shr-18753360.html,2026-06-07,2026-06-07 20:16:10.418495,,1050,9051724.137931034,0,0
alonhadat,sale_student_csv,alonhadat_duc_18747370,18747370,Bán gấp nhà cấp 4 1 trệt 1 lửng xã Tân An Hội Củ Chi dt 170m2 giá rẻ chỉ 850tr,850000000,850 triệu,170,3,"Đường Nguyễn Thị Chiên, Xã Tân An Hội, Hồ Chí Minh",Xã Tân An Hội,,Huyện Củ Chi,1020,Nhà ở,,,,https://alonhadat.com.vn/ban-gap-nha-cap-4-1-tret-1-lung-xa-tan-an-hoi-cu-chi-dt-170m2-gia-re-chi-850tr-18747370.html,https://alonhadat.com.vn/ban-gap-nha-cap-4-1-tret-1-lung-xa-tan-an-hoi-cu-chi-dt-170m2-gia-re-chi-850tr-18747370.html,2026-06-07,2026-06-07 20:16:10.418495,,850,5000000,0,0
alonhadat,sale_student_csv,alonhadat_duc_18757146,18757146,"Nhà cấp 4 mới keng, SHR, 162,5m2, Xã Tân An Hội, Giá 865 triệu.",865000000,865 triệu,163,2,"Đường Trần Thị Hải, Xã Tân An Hội, Hồ Chí Minh",Xã Tân An Hội,,Huyện Củ Chi,1020,Nhà ở,,,,https://alonhadat.com.vn/nha-cap-4-moi-keng-shr-162-5m2-xa-tan-an-hoi-gia-865-trieu--18757146.html,https://alonhadat.com.vn/nha-cap-4-moi-keng-shr-162-5m2-xa-tan-an-hoi-gia-865-trieu--18757146.html,2026-06-07,2026-06-07 20:16:10.418495,,865,5306748.466257669,0,0
alonhadat,sale_student_csv,alonhadat_duc_18743673,18743673,Bán Nhà Mặt Tiền Đường Tỉnh Lộ 7 Thích Hợp Kinh Doanh Giá 900TR,900000000,900 triệu,126,2,"Tỉnh Lộ 7, Xã Thái Mỹ, Hồ Chí Minh",Xã Thái Mỹ,,Huyện Củ Chi,1020,Nhà ở,,,,https://alonhadat.com.vn/ban-nha-mat-tien-duong-tinh-lo-7-thich-hop-kinh-doanh-gia-900tr-18743673.html,https://alonhadat.com.vn/ban-nha-mat-tien-duong-tinh-lo-7-thich-hop-kinh-doanh-gia-900tr-18743673.html,2026-06-07,2026-06-07 20:16:10.418495,,900,7142857.142857143,0,0
alonhadat,sale_student_csv,alonhadat_duc_18506656,18506656,Nhà cấp 4 mới dt 102m2 sổ hồng riêng 1 sẹc Nguyễn Thị Rành giá 830 triệu,830000000,830 triệu,102,2,"Đường Nguyễn Thị Rành, Xã Tân An Hội, Hồ Chí Minh",Xã Tân An Hội,,Huyện Củ Chi,1020,Nhà ở,,,,https://alonhadat.com.vn/nha-cap-4-moi-dt-102m2-so-hong-rieng-1-sec-nguyen-thi-ranh-gia-830-trieu-18506656.html,https://alonhadat.com.vn/nha-cap-4-moi-dt-102m2-so-hong-rieng-1-sec-nguyen-thi-ranh-gia-830-trieu-18506656.html,2026-06-07,2026-06-07 20:16:10.418495,,830,8137254.901960785,0,0
alonhadat,sale_student_csv,alonhadat_duc_18746523,18746523,Bán gấp nhà mặt tiền đường tỉnh lộ 7 dt126m2 chủ ngộp bán gấp giá 750tr,750000000,750 triệu,126,2,"Tỉnh Lộ 7, Xã Thái Mỹ, Hồ Chí Minh",Xã Thái Mỹ,,Huyện Củ Chi,1020,Nhà ở,,,,https://alonhadat.com.vn/ban-gap-nha-mat-tien-duong-tinh-lo-7-dt126m2-chu-ngop-ban-gap-gia-750tr-18746523.html,https://alonhadat.com.vn/ban-gap-nha-mat-tien-duong-tinh-lo-7-dt126m2-chu-ngop-ban-gap-gia-750tr-18746523.html,2026-06-07,2026-06-07 20:16:10.418495,,750,5952380.952380952,0,0
alonhadat,sale_student_csv,alonhadat_duc_18743439,18743439,"Bán đất tặng nhà nát đường Nguyễn Thị Triệu, TT Củ Chi, sổ riêng giá 750tr",750000000,750 triệu,173,1,"Đường Nguyễn Thị Triệu, Xã Tân An Hội, Hồ Chí Minh",Thị Trấn Củ Chi,,Huyện Củ Chi,1040,Đất nền,,,,https://alonhadat.com.vn/ban-dat-tang-nha-nat-duong-nguyen-thi-trieu-tt-cu-chi-so-rieng-gia-750tr-18743439.html,https://alonhadat.com.vn/ban-dat-tang-nha-nat-duong-nguyen-thi-trieu-tt-cu-chi-so-rieng-gia-750tr-18743439.html,2026-06-07,2026-06-07 20:16:10.418495,,750,4335260.115606937,0,0
alonhadat,sale_student_csv,alonhadat_duc_18721654,18721654,"NGỘP BANK GIẢM 2,tỷ5 CHO NHÀĐẦU TƯ.GẤP BÁN BT Ven Sông gần Vinhomes Hóc Môn 600m2",13500000000,"13,5 tỷ",600,5,"Đường Nguyễn Văn Bứa, Xã Vĩnh Lộc, Hồ Chí Minh",Xã Phạm Văn Hai,,Huyện Hóc Môn,1020,Biệt thự,,,,https://alonhadat.com.vn/ngop-bank-giam-2-ty5-cho-nhadau-tu-gap-ban-bt-ven-song-gan-vinhomes-hoc-mon-600m2-18721654.html,https://alonhadat.com.vn/ngop-bank-giam-2-ty5-cho-nhadau-tu-gap-ban-bt-ven-song-gan-vinhomes-hoc-mon-600m2-18721654.html,2026-06-07,2026-06-07 20:16:10.418495,,13500,22500000,0,0
alonhadat,sale_student_csv,alonhadat_duc_18115159,18115159,"Gấp trước Tết. Mặt tiền kinh doanh Tân Hiệp, Hóc Môn. Căn góc 140m2 (9*16). Chỉ hơn 5 tỷ.",5700000000,"5,7 tỷ",140,5,"Đường Tân Thới 2, Xã Hóc Môn, Hồ Chí Minh",Xã Tân Hiệp,,Huyện Hóc Môn,1030,Mặt bằng,,,,https://alonhadat.com.vn/gap-truoc-tet-mat-tien-kinh-doanh-tan-hiep-hoc-mon-can-goc-140m2-9-16-chi-hon-5-ty--18115159.html,https://alonhadat.com.vn/gap-truoc-tet-mat-tien-kinh-doanh-tan-hiep-hoc-mon-can-goc-140m2-9-16-chi-hon-5-ty--18115159.html,2026-06-07,2026-06-07 20:16:10.418495,,5700,40714285.71428572,0,0
alonhadat,sale_student_csv,alonhadat_duc_14592565,14592565,"📢📢📢 CHÍNH CHỦ CẦN BÁN GẤP NHÀ NGAY MẶT TIỀN ĐƯỜNG NGUYỄN THỊ BẢY, HÓC MÔN",13600000000,"13,6 tỷ",290,5,"Xã Xuân Thới Sơn, Hồ Chí Minh",Xã Xuân Thới Đông,,Huyện Hóc Môn,1020,Nhà ở,,,,https://alonhadat.com.vn/chinh-chu-can-ban-gap-nha-ngay-mat-tien-duong-xuan-thoi-3-hoc-mon-14592565.html,https://alonhadat.com.vn/chinh-chu-can-ban-gap-nha-ngay-mat-tien-duong-xuan-thoi-3-hoc-mon-14592565.html,2026-06-07,2026-06-07 20:16:10.418495,,13600,46896551.72413793,0,0
alonhadat,sale_student_csv,alonhadat_duc_18758966,18758966,GIẢM HƠN 1 TỶ-NHÀ MẶT TIỀN KINH DOANH CỰC TỐT PHẠM THỊ GIÂY-120M2-TẢI TRÁNH THÔNG-HÓC MÔN,8900000000,"8,9 tỷ",120,3,"Đường Phạm Thị Giây, Xã Đông Thạnh, Hồ Chí Minh",Xã Đông Thạnh,,Huyện Hóc Môn,1020,Nhà ở,,,,https://alonhadat.com.vn/giam-hon-1-ty-nha-mat-tien-kinh-doanh-cuc-tot-pham-thi-giay-120m2-tai-tranh-thong-hoc-mon-18758966.html,https://alonhadat.com.vn/giam-hon-1-ty-nha-mat-tien-kinh-doanh-cuc-tot-pham-thi-giay-120m2-tai-tranh-thong-hoc-mon-18758966.html,2026-06-07,2026-06-07 20:16:10.418495,,8900,74166666.66666667,0,0
alonhadat,sale_student_csv,alonhadat_duc_18757178,18757178,Nhà hẻm một sẹc BÀ TRIỆU HÓC MÔN 60m2 - 970tr sổ hồng riêng,970000000,970 triệu,60,1,"Đường Bà Triệu, Xã Hóc Môn, Hồ Chí Minh",Xã Tân Xuân,,Huyện Hóc Môn,1020,Nhà ở,,,,https://alonhadat.com.vn/nha-hem-mot-sec-ba-trieu-hoc-mon-60m2-970tr-so-hong-rieng-18757178.html,https://alonhadat.com.vn/nha-hem-mot-sec-ba-trieu-hoc-mon-60m2-970tr-so-hong-rieng-18757178.html,2026-06-07,2026-06-07 20:16:10.418495,,970,16166666.666666666,0,0
alonhadat,sale_student_csv,alonhadat_duc_18757133,18757133,"Nhà hẻm một sẹc Song hành 6mx10m - 1,1tỷ sổ hồng riêng",1100000000,"1,1 tỷ",60,2,"Đường Song Hành, Xã Hóc Môn, Hồ Chí Minh",Xã Tân Hiệp,,Huyện Hóc Môn,1020,Nhà ở,,,,https://alonhadat.com.vn/nha-hem-mot-sec-song-hanh-6mx10m-1-1ty-so-hong-rieng-18757133.html,https://alonhadat.com.vn/nha-hem-mot-sec-song-hanh-6mx10m-1-1ty-so-hong-rieng-18757133.html,2026-06-07,2026-06-07 20:16:10.418495,,1100,18333333.333333332,0,0
alonhadat,sale_student_csv,alonhadat_duc_18673105,18673105,🔥 TOẠ ĐỘ VÀNG TRUNG TÂM HÓC MÔN - SÁT MẶT TIỀN QUANG TRUNG - NGANG KHỦNG 12M HIẾM CÓ 🔥,14000000000,14 tỷ,230,1,"Đường Quang Trung, Xã Hóc Môn, Hồ Chí Minh",Xã Hóc Môn,,Huyện Hóc Môn,1020,Nhà ở,,,,https://alonhadat.com.vn/-toa-do-vang-trung-tam-hoc-mon-sat-mat-tien-quang-trung-ngang-khung-12m-hiem-co--18673105.html,https://alonhadat.com.vn/-toa-do-vang-trung-tam-hoc-mon-sat-mat-tien-quang-trung-ngang-khung-12m-hiem-co--18673105.html,2026-06-07,2026-06-07 20:16:10.418495,,14000,60869565.217391305,0,0
alonhadat,sale_student_csv,alonhadat_duc_18724793,18724793,"Bán nhà gần 500m, đường nhựa ngã 3 Giòng, Hóc Môn, chỉ 9.x tỷ",9980000000,"9,98 tỷ",480,2,"Đường Xuân Thới Thượng 1-2, Xã Bà Điểm, Hồ Chí Minh",Xã Xuân Thới Thượng,,Huyện Hóc Môn,1020,Nhà ở,,,,https://alonhadat.com.vn/ban-nha-gan-500m-duong-nhua-nga-3-giong-hoc-mon-chi-9-x-ty-18724793.html,https://alonhadat.com.vn/ban-nha-gan-500m-duong-nhua-nga-3-giong-hoc-mon-chi-9-x-ty-18724793.html,2026-06-07,2026-06-07 20:16:10.418495,,9980,20791666.666666668,0,0
alonhadat,sale_student_csv,alonhadat_duc_18756150,18756150,"Cần bán nhà Tô Ký, Hóc Môn 1 tỷ 9, 75m² sổ riêng.",1900000000,"1,9 tỷ",75,4,"Đường Nguyễn Thị Sóc, Xã Bà Điểm, Hồ Chí Minh",Xã Bà Điểm,,Huyện Hóc Môn,1020,Nhà ở,,,,https://alonhadat.com.vn/can-ban-nha-to-ky-hoc-mon-1-ty-9-75m-so-rieng--18756150.html,https://alonhadat.com.vn/can-ban-nha-to-ky-hoc-mon-1-ty-9-75m-so-rieng--18756150.html,2026-06-07,2026-06-07 20:16:10.418495,,1900,25333333.333333332,0,0
alonhadat,sale_student_csv,alonhadat_duc_18756216,18756216,"Bán nhà Bà Triệu Hóc Môn 1tỷ980 68m², Sổ Riêng",1980000000,"1,98 tỷ",68,2,"Đường Bà Triệu, Xã Hóc Môn, Hồ Chí Minh",Xã Hóc Môn,,Huyện Hóc Môn,1020,Nhà ở,,,,https://alonhadat.com.vn/ban-nha-ba-trieu-hoc-mon-1ty980-68m-so-rieng-18756216.html,https://alonhadat.com.vn/ban-nha-ba-trieu-hoc-mon-1ty980-68m-so-rieng-18756216.html,2026-06-07,2026-06-07 20:16:10.418495,,1980,29117647.05882353,0,0
alonhadat,sale_student_csv,alonhadat_duc_18756205,18756205,Cần tiền gấp bán nhanh nhà Nguyễn Thị Sóc Hóc Môn 2tỷ2 79m2 Sổ Riêng,2200000000,"2,2 tỷ",79,4,"Đường Nguyễn Thị Sóc, Xã Hóc Môn, Hồ Chí Minh",Xã Hóc Môn,,Huyện Hóc Môn,1020,Nhà ở,,,,https://alonhadat.com.vn/can-tien-gap-ban-nhanh-nha-nguyen-thi-soc-hoc-mon-2ty2-79m2-so-rieng-18756205.html,https://alonhadat.com.vn/can-tien-gap-ban-nhanh-nha-nguyen-thi-soc-hoc-mon-2ty2-79m2-so-rieng-18756205.html,2026-06-07,2026-06-07 20:16:10.418495,,2200,27848101.265822783,0,0
alonhadat,sale_student_csv,alonhadat_duc_18438840,18438840,"BÁN NHÀ MTKD NGUYỄN THỊ SÓC 122m2 CHỈ 8.9 TỶ, BÀ ĐIỂM, HÓC MÔN",8900000000,"8,9 tỷ",122,3,"Đường Nguyễn Thị Sóc, Xã Bà Điểm, Hồ Chí Minh",Xã Bà Điểm,,Huyện Hóc Môn,1020,Nhà ở,,,,https://alonhadat.com.vn/ban-nha-mtkd-nguyen-thi-soc-122m2-chi-8-9-ty-ba-diem-hoc-mon-18438840.html,https://alonhadat.com.vn/ban-nha-mtkd-nguyen-thi-soc-122m2-chi-8-9-ty-ba-diem-hoc-mon-18438840.html,2026-06-07,2026-06-07 20:16:10.418495,,8900,72950819.67213115,0,0
alonhadat,sale_student_csv,alonhadat_duc_18757731,18757731,"BÁN GẤP NHÀ 84m2 Ở SẸC THÁI THỊ GIỮ BÀ ĐIỂM HÓC MÔN, GIÁ 1TY120 TRIỆU, SỔ HỒNG RIÊNG ĐẦY Đ",1120000000,"1,12 tỷ",84,2,"Đường Thái Thị Giữ, Xã Bà Điểm, Hồ Chí Minh",Xã Bà Điểm,,Huyện Hóc Môn,1020,Nhà ở,,,,https://alonhadat.com.vn/ban-gap-nha-84m2-o-sec-thai-thi-giu-ba-diem-hoc-mon-gia-1ty120-trieu-so-hong-rieng-day-d-18757731.html,https://alonhadat.com.vn/ban-gap-nha-84m2-o-sec-thai-thi-giu-ba-diem-hoc-mon-gia-1ty120-trieu-so-hong-rieng-day-d-18757731.html,2026-06-07,2026-06-07 20:16:10.418495,,1120,13333333.333333334,0,0
alonhadat,sale_student_csv,alonhadat_duc_18757034,18757034,Sang nhượng nhà xưởng lê văn khương đông thạnh. Hóc Môn,8199999999.999999,"8,2 tỷ",305,3,"Đường Lê Văn Khương, Xã Đông Thạnh, Hồ Chí Minh",Xã Đông Thạnh,,Huyện Hóc Môn,1020,Nhà ở,,,,https://alonhadat.com.vn/sang-nhuong-nha-xuong-le-van-khuong-hoc-mon-305m-18757034.html,https://alonhadat.com.vn/sang-nhuong-nha-xuong-le-van-khuong-hoc-mon-305m-18757034.html,2026-06-07,2026-06-07 20:16:10.418495,,8199.999999999998,26885245.901639342,0,0
alonhadat,sale_student_csv,alonhadat_duc_18097234,18097234,"Bán gấp nhà Trung Chánh, HÓc Môn. 190m2. Chỉ 4,1 tỷ. Sổ đang vay Bank.",4099999999.9999995,"4,1 tỷ",190,3,"Đường ấp Mỹ Hòa 1, Xã Bà Điểm, Hồ Chí Minh",Xã Trung Chánh,,Huyện Hóc Môn,1020,Nhà ở,,,,https://alonhadat.com.vn/ban-gap-nha-trung-chanh-hoc-mon-190m2-chi-4-1-ty-so-dang-vay-bank--18097234.html,https://alonhadat.com.vn/ban-gap-nha-trung-chanh-hoc-mon-190m2-chi-4-1-ty-so-dang-vay-bank--18097234.html,2026-06-07,2026-06-07 20:16:10.418495,,4099.999999999999,21578947.36842105,0,0
alonhadat,sale_student_csv,alonhadat_duc_18578574,18578574,"NGANG HIẾM HƠN 6M-MẶT TIỀN KINH DOANH TỐT ĐẶNG THÚC VỊNH-NỞ HẬU TÀI LỘC-CHỈ 13,9 TỶ",13999000000,"13,999 tỷ",265,4,"Đường Đặng Thúc Vịnh, Xã Đông Thạnh, Hồ Chí Minh",Xã Đông Thạnh,,Huyện Hóc Môn,1020,Nhà ở,,,,https://alonhadat.com.vn/ngang-hiem-hon-6m-mat-tien-kinh-doanh-tot-dang-thuc-vinh-no-hau-tai-loc-chi-13-9-ty-18578574.html,https://alonhadat.com.vn/ngang-hiem-hon-6m-mat-tien-kinh-doanh-tot-dang-thuc-vinh-no-hau-tai-loc-chi-13-9-ty-18578574.html,2026-06-07,2026-06-07 20:16:10.418495,,13999,52826415.094339624,0,0
alonhadat,sale_student_csv,alonhadat_duc_18756260,18756260,"Nhà đang cho thuê cần bán 2tỷ1 Trần Văn Mười, Xuân Thới Sơn 77m2 Sổ riêng",2100000000,"2,1 tỷ",77,3,"Đường Trần Văn Mười, Xã Xuân Thới Sơn, Hồ Chí Minh",Xã Xuân Thới Sơn,,Huyện Hóc Môn,1020,Nhà ở,,,,https://alonhadat.com.vn/nha-dang-cho-thue-can-ban-2ty1-tran-van-muoi-xuan-thoi-son-77m2-so-rieng-18756260.html,https://alonhadat.com.vn/nha-dang-cho-thue-can-ban-2ty1-tran-van-muoi-xuan-thoi-son-77m2-so-rieng-18756260.html,2026-06-07,2026-06-07 20:16:10.418495,,2100,27272727.272727273,0,0
alonhadat,sale_student_csv,alonhadat_duc_18449580,18449580,SIÊU PHẨM NHÀ PHỐ FULL NỘI THẤT CAO CẤP BÀ ĐIỂM-CHỈ 3.5 tỏi,3500000000,"3,5 tỷ",70,2,"Đường Xuân Thới Thượng 7, Xã Bà Điểm, Hồ Chí Minh",Xã Bà Điểm,,Huyện Hóc Môn,1020,Nhà ở,,,,https://alonhadat.com.vn/sieu-pham-nha-pho-full-noi-that-cao-cap-ba-diem-chi-3-8-18449580.html,https://alonhadat.com.vn/sieu-pham-nha-pho-full-noi-that-cao-cap-ba-diem-chi-3-8-18449580.html,2026-06-07,2026-06-07 20:16:10.418495,,3500,50000000,0,0
alonhadat,sale_student_csv,alonhadat_duc_18756026,18756026,"Nhà Song Hành, Hóc Môn, sổ hồng riêng, hoàn công, 4x10=40m2, trệt lửng 1.3 tỷ",1300000000,"1,3 tỷ",52,2,"Đường Song Hành, Xã Hóc Môn, Hồ Chí Minh",Xã Tân Hiệp,,Huyện Hóc Môn,1040,Đất,,,,https://alonhadat.com.vn/nha-song-hanh-hoc-mon-so-hong-rieng-hoan-cong-4x10-40m2-tret-lung-1-3-ty-18756026.html,https://alonhadat.com.vn/nha-song-hanh-hoc-mon-so-hong-rieng-hoan-cong-4x10-40m2-tret-lung-1-3-ty-18756026.html,2026-06-07,2026-06-07 20:16:10.418495,,1300,25000000,0,0
alonhadat,sale_student_csv,alonhadat_duc_18753267,18753267,"Nhà mặt tiền Đặng Thúc Vịnh-Thới Tam Thôn-Hóc Môn.Dt 16x20~330m2~20,5ty",20500000000,"20,5 tỷ",330,2,"Đường Đặng Thúc Vịnh, Xã Đông Thạnh, Hồ Chí Minh",Xã Thới Tam Thôn,,Huyện Hóc Môn,1040,Đất,,,,https://alonhadat.com.vn/nha-mat-tien-dang-thuc-vinh-thoi-tam-thon-hoc-mon-dt-16x20-330m2-20-5ty-18753267.html,https://alonhadat.com.vn/nha-mat-tien-dang-thuc-vinh-thoi-tam-thon-hoc-mon-dt-16x20-330m2-20-5ty-18753267.html,2026-06-07,2026-06-07 20:16:10.418495,,20500,62121212.121212125,0,0
alonhadat,sale_student_csv,alonhadat_duc_16498439,16498439,Bán đất (5x20) tặng dãy trọ ngay 1 xẹc Nguyễn Thị Ngâu Hóc Môn giá 900 triệu,900000000,900 triệu,169,6,"Đường Nguyễn Thị Ngâu, Xã Đông Thạnh, Hồ Chí Minh",Xã Thới Tam Thôn,,Huyện Hóc Môn,1040,Đất,,,,https://alonhadat.com.vn/ban-dat-5x20-tang-day-tro-ngay-1-xec-nguyen-thi-ngau-hoc-mon-gia-900-trieu-16498439.html,https://alonhadat.com.vn/ban-dat-5x20-tang-day-tro-ngay-1-xec-nguyen-thi-ngau-hoc-mon-gia-900-trieu-16498439.html,2026-06-07,2026-06-07 20:16:10.418495,,900,5325443.786982249,0,0
alonhadat,sale_student_csv,alonhadat_duc_18757452,18757452,Nhà Trệt Lửng 4 P.Ngủ _ DT 5m x 13m _ Sổ Hồng Riêng _ Vị Trí Ngay Chợ,2950000000,"2,95 tỷ",65,4,"Đường Huỳnh Tấn Phát, Xã Nhà Bè, Hồ Chí Minh",Xã Phú Xuân,,Huyện Nhà Bè,1020,Nhà ở,,,,https://alonhadat.com.vn/nha-tret-lung-4-p-ngu-dt-5m-x-13m-so-hong-rieng-vi-tri-ngay-cho-18757452.html,https://alonhadat.com.vn/nha-tret-lung-4-p-ngu-dt-5m-x-13m-so-hong-rieng-vi-tri-ngay-cho-18757452.html,2026-06-07,2026-06-07 20:16:10.418495,,2950,45384615.384615384,0,0
alonhadat,sale_student_csv,alonhadat_duc_18514365,18514365,Bán Nhà Chính Chủ 3 Tầng 4 P.Ngủ - Sổ Riêng - Chưa Qua Người Kinh Doanh,3950000000,"3,95 tỷ",50,3,"Đường Huỳnh Tấn Phát, Xã Nhà Bè, Hồ Chí Minh",Xã Nhà Bè,,Huyện Nhà Bè,1020,Nhà ở,,,,https://alonhadat.com.vn/ban-nha-chinh-chu-3-tang-4-p-ngu-so-rieng-chua-qua-nguoi-kinh-doanh-18514365.html,https://alonhadat.com.vn/ban-nha-chinh-chu-3-tang-4-p-ngu-so-rieng-chua-qua-nguoi-kinh-doanh-18514365.html,2026-06-07,2026-06-07 20:16:10.418495,,3950,79000000,0,0
alonhadat,sale_student_csv,alonhadat_duc_18757492,18757492,Nhà Xây Mới Đẹp _ 1 Trệt 1 Lầu _ Tại Trung Tâm Thị Trấn Nhà Bè,1500000000,"1,5 tỷ",35,2,"Đường Huỳnh Tấn Phát, Xã Nhà Bè, Hồ Chí Minh",Xã Nhà Bè,,Huyện Nhà Bè,1020,Nhà ở,,,,https://alonhadat.com.vn/nha-xay-moi-dep-1-tret-1-lau-tai-trung-tam-thi-tran-nha-be-18757492.html,https://alonhadat.com.vn/nha-xay-moi-dep-1-tret-1-lau-tai-trung-tam-thi-tran-nha-be-18757492.html,2026-06-07,2026-06-07 20:16:10.418495,,1500,42857142.85714286,0,0
alonhadat,sale_student_csv,alonhadat_duc_18757508,18757508,"Nhà Trệt Lầu 3 P.Ngủ, Xây Mới Đẹp _ DT 62m2 _ Sổ Hồng Riêng, Hoàn Công Đủ",4590000000,"4,59 tỷ",62,3,"Đường Huỳnh Tấn Phát, Xã Nhà Bè, Hồ Chí Minh",Xã Nhà Bè,,Huyện Nhà Bè,1020,Nhà ở,,,,https://alonhadat.com.vn/nha-tret-lau-3-p-ngu-xay-moi-dep-dt-62m2-so-hong-rieng-hoan-cong-du-18757508.html,https://alonhadat.com.vn/nha-tret-lau-3-p-ngu-xay-moi-dep-dt-62m2-so-hong-rieng-hoan-cong-du-18757508.html,2026-06-07,2026-06-07 20:16:10.418495,,4590,74032258.06451613,0,0
alonhadat,sale_student_csv,alonhadat_duc_16718437,16718437,Cần Bán Nhà Trệt Mới - Sổ Hồng Riêng - Hẻm 2806 Huỳnh Tấn Phát,1860000000,"1,86 tỷ",56,2,"Đường Huỳnh Tấn Phát, Xã Nhà Bè, Hồ Chí Minh",Xã Nhà Bè,,Huyện Nhà Bè,1020,Nhà ở,,,,https://alonhadat.com.vn/-toi-chinh-chu-can-ban-nha-tret-moi-so-hong-rieng-hem-2806-huynh-tan-phat-16718437.html,https://alonhadat.com.vn/-toi-chinh-chu-can-ban-nha-tret-moi-so-hong-rieng-hem-2806-huynh-tan-phat-16718437.html,2026-06-07,2026-06-07 20:16:10.418495,,1860,33214285.714285713,0,0
alonhadat,sale_student_csv,alonhadat_duc_18755576,18755576,"– MẶT TIỀN HẺM, GẦN CHỢ _ FULL NỘI THẤT, CHỈ 5,68 T. Ỷ_ 54 m²",6580000000,"6,58 tỷ",54,3,"Đường Đào Tông Nguyên, Xã Nhà Bè, Hồ Chí Minh",Xã Nhà Bè,,Huyện Nhà Bè,1020,Nhà ở,,,,https://alonhadat.com.vn/-mat-tien-hem-gan-cho-full-noi-that-chi-5-68-t-y-54-m--18755576.html,https://alonhadat.com.vn/-mat-tien-hem-gan-cho-full-noi-that-chi-5-68-t-y-54-m--18755576.html,2026-06-07,2026-06-07 20:16:10.418495,,6580,121851851.85185185,0,0
alonhadat,sale_student_csv,alonhadat_duc_18662433,18662433,"Bán Nhà mặt phố 180m2, 9,7 tỷ, 5PN, 5WC tại Lê Văn Lương, Nhơn Đức, Nhà Bè, HCM",9700000000,"9,7 tỷ",180,3,"Đường Lê Văn Lương, Xã Hiệp Phước, Hồ Chí Minh",Xã Nhơn Đức,,Huyện Nhà Bè,1020,Nhà ở,,,,https://alonhadat.com.vn/ban-nha-mat-pho-180m2-9-7-ty-5pn-5wc-tai-le-van-luong-nhon-duc-nha-be-hcm-18662433.html,https://alonhadat.com.vn/ban-nha-mat-pho-180m2-9-7-ty-5pn-5wc-tai-le-van-luong-nhon-duc-nha-be-hcm-18662433.html,2026-06-07,2026-06-07 20:16:10.418495,,9700,53888888.88888889,0,0
alonhadat,sale_student_csv,alonhadat_duc_18757433,18757433,"Nhà 4 Tầng Sân Thượng _ DT 5M x 20M, Đường 10M _ Ngay Trường Đại Học Mở",6800000000,"6,8 tỷ",100,6,"Đường Nguyễn Bình, Xã Hiệp Phước, Hồ Chí Minh",Xã Nhơn Đức,,Huyện Nhà Bè,1020,Nhà ở,,,,https://alonhadat.com.vn/nha-4-tang-san-thuong-dt-5m-x-20m-duong-10m-ngay-truong-dai-hoc-mo-18757433.html,https://alonhadat.com.vn/nha-4-tang-san-thuong-dt-5m-x-20m-duong-10m-ngay-truong-dai-hoc-mo-18757433.html,2026-06-07,2026-06-07 20:16:10.418495,,6800,68000000,0,0
alonhadat,sale_student_csv,alonhadat_duc_16783385,16783385,"🏡 BÁN NHÀ MẶT TIỀN ĐƯỜNG NGUYỄN BÌNH, GIÁ 10.8 TỶ 💥 - NHÀ 2 TẦNG - DTSD : 230m2 ( Cách L",10800000000,"10,8 tỷ",232,5,"Đường Nguyễn Bình, Xã Hiệp Phước, Hồ Chí Minh",Xã Nhơn Đức,,Huyện Nhà Bè,1020,Nhà ở,,,,https://alonhadat.com.vn/-ban-nha-mat-tien-duong-nguyen-binh-gia-10-9-ty-nha-2-tang-dtsd-230m2-cach-l-16783385.html,https://alonhadat.com.vn/-ban-nha-mat-tien-duong-nguyen-binh-gia-10-9-ty-nha-2-tang-dtsd-230m2-cach-l-16783385.html,2026-06-07,2026-06-07 20:16:10.418495,,10800,46551724.137931034,0,0
alonhadat,sale_student_csv,alonhadat_duc_16146564,16146564,"Rẻ 2 tỷ, Bán nhà mặt tiền Phạm Thế Hiển, DT 276m2, ngay chợ Lò Than chỉ 15 tỷ",15000000000,15 tỷ,276,6,"Đường Phạm Thế Hiển, Phường Bình Đông, Hồ Chí Minh",Phường 6,,Không rõ,1020,Nhà ở,,,,https://alonhadat.com.vn/cho-thue-nha-mat-tien-cao-lo-4x20-5-tang-thiet-ke-hien-dai-chi-40tr-thang-con-tl-16146564.html,https://alonhadat.com.vn/cho-thue-nha-mat-tien-cao-lo-4x20-5-tang-thiet-ke-hien-dai-chi-40tr-thang-con-tl-16146564.html,2026-06-07,2026-06-07 20:16:10.418495,,15000,54347826.08695652,0,0
alonhadat,sale_student_csv,alonhadat_duc_18758984,18758984,Nhà Đẹp 4 Tầng BTCT Nguyễn Chế Nghĩa 4x16 - 5PN - Chỉ 7 Tỷ,7000000000,7 tỷ,64,5,"Đường Nguyễn Chế Nghĩa, Phường Phú Định, Hồ Chí Minh",Phường 13,,Không rõ,1020,Nhà ở,,,,https://alonhadat.com.vn/nha-dep-4-tang-btct-nguyen-che-nghia-4x16-5pn-chi-7-ty-18758984.html,https://alonhadat.com.vn/nha-dep-4-tang-btct-nguyen-che-nghia-4x16-5pn-chi-7-ty-18758984.html,2026-06-07,2026-06-07 20:16:10.418495,,7000,109375000,0,0
alonhadat,sale_student_csv,alonhadat_duc_18751098,18751098,"Bán nhà hẻm 4.5m cách mặt tiền 1 căn, cách Nguyễn Tri Phương 50m, 4m x 8m nhà 4 tầng, 7 tỷ",7000000000,7 tỷ,33,6,"Đường Vĩnh Viễn, Phường Diên Hồng, Hồ Chí Minh",Phường 8,,Không rõ,1020,Nhà ở,,,,https://alonhadat.com.vn/ban-nha-hem-4-5m-cach-mat-tien-1-can-cach-nguyen-tri-phuong-50m-4m-x-8m-nha-4-tang-7-ty-18751098.html,https://alonhadat.com.vn/ban-nha-hem-4-5m-cach-mat-tien-1-can-cach-nguyen-tri-phuong-50m-4m-x-8m-nha-4-tang-7-ty-18751098.html,2026-06-07,2026-06-07 20:16:10.418495,,7000,212121212.12121212,0,0
alonhadat,sale_student_csv,alonhadat_duc_18742399,18742399,"Mặt tiền đường 10m, khu cư xá Lữ Gia, 4m X 28m (công nhận 112m2) nhà 3 tầng, giá 19.5 tỷ",19500000000,"19,5 tỷ",112,6,"Đường Cư Xá Lữ Gia, Phường Phú Thọ, Hồ Chí Minh",Phường 15,,Không rõ,1020,Nhà ở,,,,https://alonhadat.com.vn/mat-tien-duong-10m-khu-cu-xa-lu-gia-4m-x-28m-cong-nhan-112m2-nha-3-tang-gia-19-5-ty-18742399.html,https://alonhadat.com.vn/mat-tien-duong-10m-khu-cu-xa-lu-gia-4m-x-28m-cong-nhan-112m2-nha-3-tang-gia-19-5-ty-18742399.html,2026-06-07,2026-06-07 20:16:10.418495,,19500,174107142.85714287,0,0
alonhadat,sale_student_csv,alonhadat_duc_18171282,18171282,BÁN SIÊU PHẨM SANG XỊN MỊN HẼM TO KHU ĐẸP GẦN BẾN CẢNG NHÀ RỒNG🛳️ DỰ SẼ QUY HOẠCH LẠI TRỤ,8750000000,"8,75 tỷ",55,3,"Đường Tôn Đản, Phường Khánh Hội, Hồ Chí Minh",Phường 10,,Không rõ,1020,Nhà ở,,,,https://alonhadat.com.vn/ban-sieu-pham-sang-xin-min-hem-to-khu-dep-gan-ben-cang-nha-rong-du-se-quy-hoach-lai-tru-18171282.html,https://alonhadat.com.vn/ban-sieu-pham-sang-xin-min-hem-to-khu-dep-gan-ben-cang-nha-rong-du-se-quy-hoach-lai-tru-18171282.html,2026-06-07,2026-06-07 20:16:10.418495,,8750,159090909.0909091,0,0
alonhadat,sale_student_csv,alonhadat_duc_18756911,18756911,Bán nhà MT Võ Văn Vân Xã Tân Vĩnh Lộc TPHCM 500m² giá 34 tỷ,34000000000,34 tỷ,500,3,"Đường Võ Văn Vân, Xã Tân Vĩnh Lộc, Hồ Chí Minh",Xã Tân Vĩnh Lộc,,Không rõ,1020,Nhà ở,,,,https://alonhadat.com.vn/ban-nha-mt-vo-van-van-xa-tan-vinh-loc-tphcm-500m-gia-34-ty-18756911.html,https://alonhadat.com.vn/ban-nha-mt-vo-van-van-xa-tan-vinh-loc-tphcm-500m-gia-34-ty-18756911.html,2026-06-07,2026-06-07 20:16:10.418495,,34000,68000000,0,0
alonhadat,sale_student_csv,alonhadat_duc_16640591,16640591,"nhà góc 2 mặt tiền gần Nguyễn Tri Phương 65m2, 4.1x17m, 3 tầng, 26.5 tỷ",26500000000,"26,5 tỷ",65,4,"Đường Nguyễn Tri Phương, Phường Diên Hồng, Hồ Chí Minh",Phường 5,,Không rõ,1020,Nhà ở,,,,https://alonhadat.com.vn/nha-goc-2-mat-tien-gan-nguyen-tri-phuong-65m2-4-1x17m-3-tang-26-5-ty-16640591.html,https://alonhadat.com.vn/nha-goc-2-mat-tien-gan-nguyen-tri-phuong-65m2-4-1x17m-3-tang-26-5-ty-16640591.html,2026-06-07,2026-06-07 20:16:10.418495,,26500,407692307.6923077,0,0
alonhadat,sale_student_csv,alonhadat_duc_18756293,18756293,✨ SÁT TRỤC NGUYỄN TẤT THÀNH - GẦN BẾN NHÀ RỒNG | NHÀ 4 TẦNG ĐOÀN VĂN BƠ,12000000000,12 tỷ,66,6,"Đường Đoàn Văn Bơ, Phường Xóm Chiếu, Hồ Chí Minh",Phường 14,,Không rõ,1020,Nhà ở,,,,https://alonhadat.com.vn/-sat-truc-nguyen-tat-thanh-gan-ben-nha-rong-nha-4-tang-doan-van-bo-18756293.html,https://alonhadat.com.vn/-sat-truc-nguyen-tat-thanh-gan-ben-nha-rong-nha-4-tang-doan-van-bo-18756293.html,2026-06-07,2026-06-07 20:16:10.418495,,12000,181818181.8181818,0,0
alonhadat,sale_student_csv,alonhadat_duc_18433276,18433276,"Bán nhà C4 đường Bãi Sậy,gần chợ Bình Tiên,Phạm Phú Thứ",13800000000,"13,8 tỷ",200,2,"Đường Bãi Sậy, Phường Bình Tiên, Hồ Chí Minh",Phường 8,,Không rõ,1020,Nhà ở,,,,https://alonhadat.com.vn/ban-nha-c4-duong-bai-say-gan-cho-binh-tien-pham-phu-thu-18433276.html,https://alonhadat.com.vn/ban-nha-c4-duong-bai-say-gan-cho-binh-tien-pham-phu-thu-18433276.html,2026-06-07,2026-06-07 20:16:10.418495,,13800,69000000,0,0
alonhadat,sale_student_csv,alonhadat_duc_18757684,18757684,"🏰 Bán biệt thự cổ điển Ý Nguyễn Đình Chiểu, p. Đa Kao, Q.1",320000000000,320 tỷ,318,7,"Đường Nguyễn Đình Chiểu, Phường Tân Định, Hồ Chí Minh",Phường Tân Định,,Quận 1,1020,Biệt thự,,,,https://alonhadat.com.vn/-ban-biet-thu-co-dien-y-nguyen-dinh-chieu-p-da-kao-q-1-18757684.html,https://alonhadat.com.vn/-ban-biet-thu-co-dien-y-nguyen-dinh-chieu-p-da-kao-q-1-18757684.html,2026-06-07,2026-06-07 20:16:10.418495,,320000,1006289308.1761006,0,0
alonhadat,sale_student_csv,alonhadat_duc_18685956,18685956,Bán biệt thự duy nhất tại Quận 1 có hồ bơi cực đẹp DT 13x20m hầm 5 tầng nội thất siêu đẹp,85000000000,85 tỷ,263,20,"Đường Trần Khắc Chân, Phường Tân Định, Hồ Chí Minh",Phường Tân Định,,Quận 1,1020,Biệt thự,,,,https://alonhadat.com.vn/ban-biet-thu-duy-nhat-tai-quan-1-co-ho-boi-cuc-dep-dt-13x20m-ham-5-tang-noi-that-sieu-dep-18685956.html,https://alonhadat.com.vn/ban-biet-thu-duy-nhat-tai-quan-1-co-ho-boi-cuc-dep-dt-13x20m-ham-5-tang-noi-that-sieu-dep-18685956.html,2026-06-07,2026-06-07 20:16:10.418495,,85000,323193916.3498099,0,0
alonhadat,sale_student_csv,alonhadat_duc_18758955,18758955,"Biệt thự phố, 4 tầng, DT 113 m2, ngang 6.4 m, dòng tiền mạnh, giá cực tốt",28500000000,"28,5 tỷ",113,5,"Đường Võ Thị Sáu, Phường Tân Định, Hồ Chí Minh",Phường Tân Định,,Quận 1,1020,Biệt thự,,,,https://alonhadat.com.vn/biet-thu-pho-4-tang-dt-113-m2-ngang-6-4-m-dong-tien-manh-gia-cuc-tot-18758955.html,https://alonhadat.com.vn/biet-thu-pho-4-tang-dt-113-m2-ngang-6-4-m-dong-tien-manh-gia-cuc-tot-18758955.html,2026-06-07,2026-06-07 20:16:10.418495,,28500,252212389.38053098,0,0
alonhadat,sale_student_csv,alonhadat_duc_18757563,18757563,🔥 BIỆT THỰ 5 TẦNG NGUYỄN VĂN THỦ – QUẬN 1 | SIÊU PHẨM KHAN HIẾM PHÂN KHÚC 83 TỶ. 🔥,84000000000,84 tỷ,123,6,"Đường Nguyễn Văn Thủ, Phường Sài Gòn, Hồ Chí Minh",Phường Sài Gòn,,Quận 1,1020,Biệt thự,,,,https://alonhadat.com.vn/-biet-thu-5-tang-nguyen-van-thu-quan-1-sieu-pham-khan-hiem-phan-khuc-83-ty--18757563.html,https://alonhadat.com.vn/-biet-thu-5-tang-nguyen-van-thu-quan-1-sieu-pham-khan-hiem-phan-khuc-83-ty--18757563.html,2026-06-07,2026-06-07 20:16:10.418495,,84000,682926829.2682927,0,0
alonhadat,sale_student_csv,alonhadat_duc_18315042,18315042,"Bán gấp căn góc biệt thự đường Hai Bà Trưng, Quận 1, dt: 18x20m 2 lầu mới đẹp",150000000000,150 tỷ,360,6,"Đường Hai Bà Trưng, Phường Sài Gòn, Hồ Chí Minh",Phường Sài Gòn,,Quận 1,1020,Biệt thự,,,,https://alonhadat.com.vn/ban-gap-can-goc-biet-thu-duong-hai-ba-trung-quan-1-dt-18x20m-2-lau-moi-dep-18315042.html,https://alonhadat.com.vn/ban-gap-can-goc-biet-thu-duong-hai-ba-trung-quan-1-dt-18x20m-2-lau-moi-dep-18315042.html,2026-06-07,2026-06-07 20:16:10.418495,,150000,416666666.6666667,0,0
alonhadat,sale_student_csv,alonhadat_duc_18315162,18315162,"Bán gấp căn góc biệt thự đường Hai Bà Trưng, Quận 1, dt: 15x28m 3 lầu mới đẹp đường 16m",168000000000,168 tỷ,400,10,"Đường Hai Bà Trưng, Phường Sài Gòn, Hồ Chí Minh",Phường Sài Gòn,,Quận 1,1020,Biệt thự,,,,https://alonhadat.com.vn/ban-gap-can-goc-biet-thu-duong-hai-ba-trung-quan-1-dt-15x28m-3-lau-moi-dep-duong-16m-18315162.html,https://alonhadat.com.vn/ban-gap-can-goc-biet-thu-duong-hai-ba-trung-quan-1-dt-15x28m-3-lau-moi-dep-duong-16m-18315162.html,2026-06-07,2026-06-07 20:16:10.418495,,168000,420000000,0,0
alonhadat,sale_student_csv,alonhadat_duc_16158571,16158571,"Biệt Thự 3 tầng hẻm ô tô Mê Linh, P.19, Bình Thạnh, Giáp Q.1, 11x19m, Chỉ 28.9 Tỷ",28900000000,"28,9 tỷ",185,5,"Đường Mê Linh, Phường Thạnh Mỹ Tây, Hồ Chí Minh",Phường 19,,Quận 1,1020,Biệt thự,,,,https://alonhadat.com.vn/ban-nha-3-tang-hem-o-to-duong-me-linh-p-19-binh-thanh-11x18m-gia-29-9-ty-16158571.html,https://alonhadat.com.vn/ban-nha-3-tang-hem-o-to-duong-me-linh-p-19-binh-thanh-11x18m-gia-29-9-ty-16158571.html,2026-06-07,2026-06-07 20:16:10.418495,,28900,156216216.2162162,0,0
alonhadat,sale_student_csv,alonhadat_duc_18690204,18690204,"Bán nhà góc 3 mặt tiền đường Tôn Thất Tùng, Quận 1, dt: 4,2x24m trệt 2 lầu thang máy.",26500000000,"26,5 tỷ",99,4,"Đường Tôn Thất Tùng, Phường Bến Thành, Hồ Chí Minh",Phường Bến Thành,,Quận 1,1010,Căn hộ chung cư,,,,https://alonhadat.com.vn/ban-nha-goc-3-mat-tien-duong-ton-that-tung-quan-1-dt-4-2x24m-tret-2-lau-thang-may--18690204.html,https://alonhadat.com.vn/ban-nha-goc-3-mat-tien-duong-ton-that-tung-quan-1-dt-4-2x24m-tret-2-lau-thang-may--18690204.html,2026-06-07,2026-06-07 20:16:10.418495,,26500,267676767.67676768,0,0
alonhadat,sale_student_csv,alonhadat_duc_18759059,18759059,"NHÀ MỚI ĐẸP 4 TẦNG, HXH TRẦN ĐÌNH XU, GẦN CHỢ BẾN THÀNH, PHỐ TÂY BÙI VIỆN, SHR",14700000000,"14,7 tỷ",50,4,"Đường Trần Đình Xu, Phường Cầu Ông Lãnh, Hồ Chí Minh",Phường Cầu Ông Lãnh,,Quận 1,1010,Căn hộ chung cư,,,,https://alonhadat.com.vn/nha-moi-dep-4-tang-hxh-tran-dinh-xu-gan-cho-ben-thanh-pho-tay-bui-vien-shr-18759059.html,https://alonhadat.com.vn/nha-moi-dep-4-tang-hxh-tran-dinh-xu-gan-cho-ben-thanh-pho-tay-bui-vien-shr-18759059.html,2026-06-07,2026-06-07 20:16:10.418495,,14700,294000000,0,0
alonhadat,sale_student_csv,alonhadat_duc_18740419,18740419,BÁN TÒA NHÀ CHDV DÒNG TIỀN TRUNG TÂM QUẬN 1,28800000000,180 triệu / m²,160,23,"Đường Nguyễn Trãi, Phường Cầu Ông Lãnh, Hồ Chí Minh",Phường Nguyễn Cư Trinh,,Quận 1,1010,Căn hộ chung cư,,,,https://alonhadat.com.vn/ban-toa-nha-chdv-dong-tien-trung-tam-quan-1-18740419.html,https://alonhadat.com.vn/ban-toa-nha-chdv-dong-tien-trung-tam-quan-1-18740419.html,2026-06-07,2026-06-07 20:16:10.418495,,28800,180000000,0,0
alonhadat,sale_student_csv,alonhadat_duc_18332225,18332225,"Bán căn hộ Trệt - Chung cư số 89 - 91 Nguyễn Du P. Bến Nghé Q1. DT: 52,06m2 - Giá: 8 tỷ",8000000000,8 tỷ,52,3,"Đường Nguyễn Du, Phường Sài Gòn, Hồ Chí Minh",Phường Bến Nghé,,Quận 1,1010,Căn hộ chung cư,,,,https://alonhadat.com.vn/ban-can-ho-tret-chung-cu-so-89-91-nguyen-du-p-ben-nghe-q1-dt-52-06m2-gia-8-ty-18332225.html,https://alonhadat.com.vn/ban-can-ho-tret-chung-cu-so-89-91-nguyen-du-p-ben-nghe-q1-dt-52-06m2-gia-8-ty-18332225.html,2026-06-07,2026-06-07 20:16:10.418495,,8000,153846153.84615386,0,0
alonhadat,sale_student_csv,alonhadat_duc_18757501,18757501,"🏡 Bán nhà hẻm xe hơi Nguyễn Bỉnh Khiêm, p. Đa Kao, Q.1",31000000000,31 tỷ,112,4,"Đường Nguyễn Bỉnh Khiêm, Phường Tân Định, Hồ Chí Minh",Phường Đa Kao,,Quận 1,1010,Căn hộ chung cư,,,,https://alonhadat.com.vn/-ban-nha-hem-xe-hoi-nguyen-binh-khiem-p-da-kao-q-1-18757501.html,https://alonhadat.com.vn/-ban-nha-hem-xe-hoi-nguyen-binh-khiem-p-da-kao-q-1-18757501.html,2026-06-07,2026-06-07 20:16:10.418495,,31000,276785714.28571427,0,0
alonhadat,sale_student_csv,alonhadat_duc_18757010,18757010,"bán nhà mặt tiền đường trường sa sát trung tâm q1,3",20500000000,"20,5 tỷ",55,3,"Đường Trường Sa, Phường Phú Nhuận, Hồ Chí Minh",Phường Phú Nhuận,,Quận 1,1010,Căn hộ chung cư,,,,https://alonhadat.com.vn/ban-nha-mat-tien-duong-truong-sa-sat-trung-tam-q1-3-18757010.html,https://alonhadat.com.vn/ban-nha-mat-tien-duong-truong-sa-sat-trung-tam-q1-3-18757010.html,2026-06-07,2026-06-07 20:16:10.418495,,20500,372727272.72727275,0,0
alonhadat,sale_student_csv,alonhadat_duc_16969261,16969261,Toà Nhà 32 CHDV Quận 1. ngay Hai Bà Trưng -12 x 17m. 6 lầu- HĐ thuê 150tr - chỉ 3x tỷ,39000000000,39 tỷ,190,32,"Đường Hai Bà Trưng, Phường Tân Định, Hồ Chí Minh",Phường Tân Định,,Quận 1,1010,Căn hộ chung cư,,,,https://alonhadat.com.vn/toa-nha-32-chdv-quan-1-ngay-hai-ba-trung-12-x-17m-6-lau-hd-thue-150tr-chi-3x-ty-16969261.html,https://alonhadat.com.vn/toa-nha-32-chdv-quan-1-ngay-hai-ba-trung-12-x-17m-6-lau-hd-thue-150tr-chi-3x-ty-16969261.html,2026-06-07,2026-06-07 20:16:10.418495,,39000,205263157.89473686,0,0
alonhadat,sale_student_csv,alonhadat_duc_15929157,15929157,"Giảm 17 Tỷ Bán CHDV mặt tiền khu Phố Nhật Phạm Vết Chánh, Giáp Q.1, 10x45m,TN 270tr/tháng",93000000000,93 tỷ,450,26,"Đường Huỳnh Mẫn Đạt, Phường Thạnh Mỹ Tây, Hồ Chí Minh",Phường 19,,Quận 1,1010,Căn hộ chung cư,,,,https://alonhadat.com.vn/toa-chdv-5-tang-mat-tien-pho-nhat-phuong-19-binh-thanh-9-5x41m-hdt-160-trieu-99-ty-15929157.html,https://alonhadat.com.vn/toa-chdv-5-tang-mat-tien-pho-nhat-phuong-19-binh-thanh-9-5x41m-hdt-160-trieu-99-ty-15929157.html,2026-06-07,2026-06-07 20:16:10.418495,,93000,206666666.66666666,0,0
alonhadat,sale_student_csv,alonhadat_duc_18351132,18351132,"Bán Toà CHDV 7 Tầng NGANG 12M đường TRẦN HƯNG ĐẠO, Q1, 12x25m, HĐT 200 triệu, Chỉ 90 Tỷ",90000000000,90 tỷ,300,18,"Đường Trần Hưng Đạo, Phường Cầu Ông Lãnh, Hồ Chí Minh",Phường Cầu Kho,,Quận 1,1010,Căn hộ chung cư,,,,https://alonhadat.com.vn/ban-toa-chdv-7-tang-ngang-12m-duong-tran-hung-dao-q1-12x25m-hdt-200-trieu-chi-92-ty-18351132.html,https://alonhadat.com.vn/ban-toa-chdv-7-tang-ngang-12m-duong-tran-hung-dao-q1-12x25m-hdt-200-trieu-chi-92-ty-18351132.html,2026-06-07,2026-06-07 20:16:10.418495,,90000,300000000,0,0
alonhadat,sale_student_csv,alonhadat_duc_16972292,16972292,"Toà Căn Hộ Dịch Vụ 6 Tầng HXH THẠCH THỊ THANH, Q.1, 12x19m, HĐT 200 triệu, Chỉ 38.9 Tỷ",38900000000,"38,9 tỷ",228,33,"Đường Thạch Thị Thanh, Phường Tân Định, Hồ Chí Minh",Phường Tân Định,,Quận 1,1010,Căn hộ chung cư,,,,https://alonhadat.com.vn/toa-can-ho-dich-vu-6-tang-hxh-thach-thi-thanh-q-1-12x19m-hdt-200-trieu-chi-38-9-ty-16972292.html,https://alonhadat.com.vn/toa-can-ho-dich-vu-6-tang-hxh-thach-thi-thanh-q-1-12x19m-hdt-200-trieu-chi-38-9-ty-16972292.html,2026-06-07,2026-06-07 20:16:10.418495,,38900,170614035.0877193,0,0
alonhadat,sale_student_csv,alonhadat_duc_18759002,18759002,"Nhà mặt tiền VIP, 4 tầng, thang máy, dòng tiền mạnh, giá cực tốt",19000000000,19 tỷ,41,8,"Đường Đinh Tiên Hoàng, Phường Tân Định, Hồ Chí Minh",Phường Tân Định,,Quận 1,1030,Mặt bằng,,,,https://alonhadat.com.vn/nha-mat-tien-vip-4-tang-thang-may-dong-tien-manh-gia-cuc-tot-18759002.html,https://alonhadat.com.vn/nha-mat-tien-vip-4-tang-thang-may-dong-tien-manh-gia-cuc-tot-18759002.html,2026-06-07,2026-06-07 20:16:10.418495,,19000,463414634.14634144,0,0
alonhadat,sale_student_csv,alonhadat_duc_18733032,18733032,"MT Nguyễn Thị Minh Khai, Quận 1 - Nở hậu 5.6m x 16m, 3 lầu, HĐ thuê cực tốt giá chỉ 27 tỷ",27000000000,27 tỷ,76,6,"Đường Nguyễn Thị Minh Khai, Phường Bến Thành, Hồ Chí Minh",Phường Bến Thành,,Quận 1,1030,Mặt bằng,,,,https://alonhadat.com.vn/mt-nguyen-thi-minh-khai-quan-1-no-hau-5-6m-x-16m-3-lau-hd-thue-cuc-tot-gia-chi-27-ty-18733032.html,https://alonhadat.com.vn/mt-nguyen-thi-minh-khai-quan-1-no-hau-5-6m-x-16m-3-lau-hd-thue-cuc-tot-gia-chi-27-ty-18733032.html,2026-06-07,2026-06-07 20:16:10.418495,,27000,355263157.8947368,0,0
alonhadat,sale_student_csv,alonhadat_duc_18722854,18722854,"🍀Một không hai tại phường Bến Thành, quận 1- 5 TẦNG CÓ THANG MÁY- 34 TỶ TL",34000000000,34 tỷ,42,5,"Đường Lê Thị Hồng Gấm, Phường Bến Thành, Hồ Chí Minh",Phường Bến Thành,,Quận 1,1030,Mặt bằng,,,,https://alonhadat.com.vn/-chu-can-ban-vien-kim-cuong-trung-tam-quan-1-5-tang-co-thang-may-34-ty-tl-18722854.html,https://alonhadat.com.vn/-chu-can-ban-vien-kim-cuong-trung-tam-quan-1-5-tang-co-thang-may-34-ty-tl-18722854.html,2026-06-07,2026-06-07 20:16:10.418495,,34000,809523809.5238096,0,0
alonhadat,sale_student_csv,alonhadat_duc_16088627,16088627,"Toà CHDV HXH Hầm 7 Lầu Nguyễn Thị Minh Khai, Q.1, 5.2x24m, HĐT 110tr/tháng, Chỉ 35 Tỷ",35000000000,35 tỷ,124,14,"Đường Nguyễn Thị Minh Khai, Phường Tân Định, Hồ Chí Minh",Phường Đa Kao,,Quận 1,1030,Mặt bằng,,,,https://alonhadat.com.vn/ban-building-mini-ham-7-lau-hem-7m-nguyen-thi-minh-khai-q-1-5-2x22m-hdt-96-trieu-38-ty-16088627.html,https://alonhadat.com.vn/ban-building-mini-ham-7-lau-hem-7m-nguyen-thi-minh-khai-q-1-5-2x22m-hdt-96-trieu-38-ty-16088627.html,2026-06-07,2026-06-07 20:16:10.418495,,35000,282258064.516129,0,0
alonhadat,sale_student_csv,alonhadat_duc_18706931,18706931,"Hiếm! Chỉ 8,5 Tỷ - Hẻm nhựa 8m - Sát MT. Bán nhà Nguyễn Văn Thương (D1) - (4x8m) 4 Tầng.",8500000000,"8,5 tỷ",32,4,"Đường Nguyễn Văn Thương, Phường Thạnh Mỹ Tây, Hồ Chí Minh",Phường 25,,Quận 1,1020,Nhà ở,,,,https://alonhadat.com.vn/hiem-chi-8-5-ty-hem-nhua-8m-sat-mt-ban-nha-nguyen-van-thuong-d1-32m2-4-tang--18706931.html,https://alonhadat.com.vn/hiem-chi-8-5-ty-hem-nhua-8m-sat-mt-ban-nha-nguyen-van-thuong-d1-32m2-4-tang--18706931.html,2026-06-07,2026-06-07 20:16:10.418495,,8500,265625000,0,0
alonhadat,sale_student_csv,alonhadat_duc_18371897,18371897,"Bán nhà Mặt tiền Đinh Tiên Hoàng, Quận 1, Dt 41m2, 3 lầu, HDT 90tr/th, Giá 17.8 tỷ",17900000000,"17,9 tỷ",41,3,"Đường Đinh Tiên Hoàng, Phường Tân Định, Hồ Chí Minh",Phường Đa Kao,,Quận 1,1020,Nhà ở,,,,https://alonhadat.com.vn/ban-nha-mat-tien-dinh-tien-hoang-quan-1-4-tang-thang-may-dang-cho-thue-90tr-thang-18371897.html,https://alonhadat.com.vn/ban-nha-mat-tien-dinh-tien-hoang-quan-1-4-tang-thang-may-dang-cho-thue-90tr-thang-18371897.html,2026-06-07,2026-06-07 20:16:10.418495,,17900,436585365.85365856,0,0
alonhadat,sale_student_csv,alonhadat_duc_18500170,18500170,"Thu nhập 100tr/tháng! Giá chỉ 18,5 tỷ. Mặt tiền Đinh Tiên Hoàng Quận 1, 4 tầng, thang máy",18500000000,"18,5 tỷ",41,4,"Đường Đinh Tiên Hoàng, Phường Tân Định, Hồ Chí Minh",Phường Đa Kao,,Quận 1,1020,Nhà ở,,,,https://alonhadat.com.vn/ket-tien-ban-nha-mt-dinh-tien-hoang-q1-dang-cho-thue-gan-100tr-thang-4-tang-thang-may-18500170.html,https://alonhadat.com.vn/ket-tien-ban-nha-mt-dinh-tien-hoang-q1-dang-cho-thue-gan-100tr-thang-4-tang-thang-may-18500170.html,2026-06-07,2026-06-07 20:16:10.418495,,18500,451219512.19512194,0,0
alonhadat,sale_student_csv,alonhadat_duc_18737117,18737117,Siêu phẩm khan hiếm !!! Bán nhà MT Đồng Khởi - Quận 1(4.5x27m) 2 lầu giá: 110 tỷ,110000000000,110 tỷ,121,5,"Đường Đồng Khởi, Phường Sài Gòn, Hồ Chí Minh",Phường Bến Nghé,,Quận 1,1020,Nhà ở,,,,https://alonhadat.com.vn/sieu-pham-khan-hiem-ban-nha-mt-dong-khoi-quan-1-4-5x27m-2-lau-gia-110-ty-18737117.html,https://alonhadat.com.vn/sieu-pham-khan-hiem-ban-nha-mt-dong-khoi-quan-1-4-5x27m-2-lau-gia-110-ty-18737117.html,2026-06-07,2026-06-07 20:16:10.418495,,110000,909090909.0909091,0,0
alonhadat,sale_student_csv,alonhadat_duc_18739650,18739650,Toà nhà MT Nguyễn Trung Trực - Quận 1(9x24m) 5 lầu 120 tỷ,120000000000,120 tỷ,222,30,"Đường Nguyễn Trung Trực, Phường Bến Thành, Hồ Chí Minh",Phường Bến Thành,,Quận 1,1020,Nhà ở,,,,https://alonhadat.com.vn/toa-nha-mt-nguyen-trung-truc-quan-1-9x24m-5-lau-120-ty-18739650.html,https://alonhadat.com.vn/toa-nha-mt-nguyen-trung-truc-quan-1-9x24m-5-lau-120-ty-18739650.html,2026-06-07,2026-06-07 20:16:10.418495,,120000,540540540.5405406,0,0
alonhadat,sale_student_csv,alonhadat_duc_16307572,16307572,"Bán nhà đường Mạc Đĩnh Chi - Nguyễn thị Minh Khai, Quận 1. 10,7x19m hầm 8 tầng 7 tỷ 5/ năm",260000000000,260 tỷ,200,20,"Đường Nguyễn Thị Minh Khai, Phường Tân Định, Hồ Chí Minh",Phường Đa Kao,,Quận 1,1020,Nhà ở,,,,https://alonhadat.com.vn/ban-nha-duong-mac-dinh-chi-nguyen-thi-minh-khai-quan-1-10-7x19m-ham-8-tang-7-ty-5-nam-16307572.html,https://alonhadat.com.vn/ban-nha-duong-mac-dinh-chi-nguyen-thi-minh-khai-quan-1-10-7x19m-ham-8-tang-7-ty-5-nam-16307572.html,2026-06-07,2026-06-07 20:16:10.418495,,260000,1300000000,0,0
alonhadat,sale_student_csv,alonhadat_duc_18759031,18759031,"Toà nhà Hầm + 7 Tầng - Mặt tiền ngay Hai Bà Trưng, Quận 1 - DT: 14 x 25m - HĐT: 400 Triệu",175000000000,175 tỷ,350,16,"Đường Hai Bà Trưng, Phường Tân Định, Hồ Chí Minh",Phường Tân Định,,Quận 1,1020,Nhà ở,,,,https://alonhadat.com.vn/toa-nha-ham-7-tang-mat-tien-ngay-hai-ba-trung-quan-1-dt-14-x-25m-hdt-400-trieu-18759031.html,https://alonhadat.com.vn/toa-nha-ham-7-tang-mat-tien-ngay-hai-ba-trung-quan-1-dt-14-x-25m-hdt-400-trieu-18759031.html,2026-06-07,2026-06-07 20:16:10.418495,,175000,500000000,0,0
alonhadat,sale_student_csv,alonhadat_duc_18759037,18759037,"Bán Tòa nhà mặt tiền ngay Hai Bà Trưng, Quận 1 - DT: 7 x 20m - 7 Tầng TM - HĐT: 220 Triệu",50000000000,50 tỷ,140,16,"Đường Hai Bà Trưng, Phường Tân Định, Hồ Chí Minh",Phường Tân Định,,Quận 1,1020,Nhà ở,,,,https://alonhadat.com.vn/ban-toa-nha-mat-tien-ngay-hai-ba-trung-quan-1-dt-7-x-20m-7-tang-tm-hdt-220-trieu-18759037.html,https://alonhadat.com.vn/ban-toa-nha-mat-tien-ngay-hai-ba-trung-quan-1-dt-7-x-20m-7-tang-tm-hdt-220-trieu-18759037.html,2026-06-07,2026-06-07 20:16:10.418495,,50000,357142857.14285713,0,0
alonhadat,sale_student_csv,alonhadat_duc_18759023,18759023,"Tòa nhà góc 2 mặt tiền ngay Trần Quang Khải, Quận 1 - Hầm 7Tầng - 13 x 18m - HĐ: 400 Triệu",100000000000,100 tỷ,234,16,"Đường Trần Quang Khải, Phường Tân Định, Hồ Chí Minh",Phường Tân Định,,Quận 1,1020,Nhà ở,,,,https://alonhadat.com.vn/toa-nha-goc-2-mat-tien-ngay-tran-quang-khai-quan-1-ham-7tang-13-x-18m-hd-400-trieu-18759023.html,https://alonhadat.com.vn/toa-nha-goc-2-mat-tien-ngay-tran-quang-khai-quan-1-ham-7tang-13-x-18m-hd-400-trieu-18759023.html,2026-06-07,2026-06-07 20:16:10.418495,,100000,427350427.3504273,0,0
alonhadat,sale_student_csv,alonhadat_duc_13273040,13273040,"Siêu hót, MT thương hiệu góc Hai Bà Trưng, TĐ, Q. 1 - 20x18m - 5 tầng - HĐ: 400Tr/th",120000000000,120 tỷ,368,4,"Đường Hai Bà Trưng, Phường Tân Định, Hồ Chí Minh",Phường Tân Định,,Quận 1,1020,Nhà ở,,,,https://alonhadat.com.vn/sieu-hot-mt-thuong-hieu-goc-hai-ba-trung-td-q-1-20x18m-5-tang-hd-400tr-th-13273040.html,https://alonhadat.com.vn/sieu-hot-mt-thuong-hieu-goc-hai-ba-trung-td-q-1-20x18m-5-tang-hd-400tr-th-13273040.html,2026-06-07,2026-06-07 20:16:10.418495,,120000,326086956.5217391,0,0
alonhadat,sale_student_csv,alonhadat_duc_18756784,18756784,"Bán căn góc 2 MT Bùi Thị Xuân, P.Bến Thành Q1 - 40m² (4,5x13) - 2 lầu HĐT 100 tr Gía 42 tỷ",42000000000,42 tỷ,40,2,"Đường Bùi Thị Xuân, Phường Bến Thành, Hồ Chí Minh",Phường Bến Thành,,Quận 1,1020,Nhà ở,,,,https://alonhadat.com.vn/ban-can-goc-2-mt-bui-thi-xuan-p-ben-thanh-q1-40m-4-5x13-2-lau-hdt-100-tr-gia-42-ty-18756784.html,https://alonhadat.com.vn/ban-can-goc-2-mt-bui-thi-xuan-p-ben-thanh-q1-40m-4-5x13-2-lau-hdt-100-tr-gia-42-ty-18756784.html,2026-06-07,2026-06-07 20:16:10.418495,,42000,1050000000,0,0
alonhadat,sale_student_csv,alonhadat_duc_18756170,18756170,"Bán nhà Góc 2 mặt tiền Bùi Thị Xuân, Quận 1 - 68 m² 4 tầng CTXD Hầm 7 tầng Gía 68 tỷ",68000000000,68 tỷ,68,4,"Đường Bùi Thị Xuân, Phường Bến Thành, Hồ Chí Minh",Phường Phạm Ngũ Lão,,Quận 1,1020,Nhà ở,,,,https://alonhadat.com.vn/ban-nha-goc-2-mat-tien-bui-thi-xuan-quan-1-68-m-4-tang-ctxd-ham-7-tang-gia-70-ty-tl-18756170.html,https://alonhadat.com.vn/ban-nha-goc-2-mat-tien-bui-thi-xuan-quan-1-68-m-4-tang-ctxd-ham-7-tang-gia-70-ty-tl-18756170.html,2026-06-07,2026-06-07 20:16:10.418495,,68000,1000000000,0,0
alonhadat,sale_student_csv,alonhadat_duc_18749098,18749098,"VỊ TRÍ ĐẸP NHẤT TUYẾN ĐƯỜNG-MẶT TIỀN TRẦN HƯNG ĐẠO- 4,6X21m-4 TẦNG- HĐT CAO- GIÁ: 45 TỶ.",45000000000,45 tỷ,300,6,"Đường Trần Hưng Đạo, Phường Bến Thành, Hồ Chí Minh",Phường Phạm Ngũ Lão,,Quận 1,1020,Nhà ở,,,,https://alonhadat.com.vn/vi-tri-dep-nhat-tuyen-duong-mat-tien-tran-hung-dao-4-6x21m-4-tang-hdt-cao-gia-45-ty--18749098.html,https://alonhadat.com.vn/vi-tri-dep-nhat-tuyen-duong-mat-tien-tran-hung-dao-4-6x21m-4-tang-hdt-cao-gia-45-ty--18749098.html,2026-06-07,2026-06-07 20:16:10.418495,,45000,150000000,0,0
alonhadat,sale_student_csv,alonhadat_duc_15546991,15546991,Tòa nhà mới xây 100% góc 2 mặt tiền 369 Nguyễn Trãi Quận 1 - DT: 14x30m - 2hầm - 10tầng,450000000000,450 tỷ,460,50,"Đường Nguyễn Trãi, Phường Bến Thành, Hồ Chí Minh",Phường Bến Thành,,Quận 1,1020,Nhà ở,,,,https://alonhadat.com.vn/toa-nha-moi-xay-100-goc-2-mat-tien-nguyen-trai-quan-1-dt-14-29-5m-2ham-10tang-15546991.html,https://alonhadat.com.vn/toa-nha-moi-xay-100-goc-2-mat-tien-nguyen-trai-quan-1-dt-14-29-5m-2ham-10tang-15546991.html,2026-06-07,2026-06-07 20:16:10.418495,,450000,978260869.5652174,0,0
alonhadat,sale_student_csv,alonhadat_duc_18672880,18672880,"Bán tòa nhà MT Lê Thánh Tôn, Quận 1 - DT 8x20m - hầm - 9 tầng - HĐT 600 triệu",210000000000,210 tỷ,160,50,"Đường Lê Thánh Tôn, Phường Sài Gòn, Hồ Chí Minh",Phường Sài Gòn,,Quận 1,1020,Nhà ở,,,,https://alonhadat.com.vn/ban-toa-nha-mt-le-thanh-ton-quan-1-dt-8x20m-ham-9-tang-hdt-600-trieu-18672880.html,https://alonhadat.com.vn/ban-toa-nha-mt-le-thanh-ton-quan-1-dt-8x20m-ham-9-tang-hdt-600-trieu-18672880.html,2026-06-07,2026-06-07 20:16:10.418495,,210000,1312500000,0,0
alonhadat,sale_student_csv,alonhadat_duc_18757100,18757100,🕌NHÀ MẶT TIỀN NGUYỄN THỊ MINH KHAI QUẬN 1 _ MỆNH DANH LÀ NAM VƯƠNG TRONG THẾ GIỚI CHDV CA,68000000000,68 tỷ,108,18,"Đường Nguyễn Thị Minh Khai, Phường Tân Định, Hồ Chí Minh",Phường Đa Kao,,Quận 1,1020,Nhà ở,,,,https://alonhadat.com.vn/-nha-mat-tien-nguyen-thi-minh-khai-quan-1-menh-danh-la-nam-vuong-trong-the-gioi-chdv-ca-18757100.html,https://alonhadat.com.vn/-nha-mat-tien-nguyen-thi-minh-khai-quan-1-menh-danh-la-nam-vuong-trong-the-gioi-chdv-ca-18757100.html,2026-06-07,2026-06-07 20:16:10.418495,,68000,629629629.6296296,0,0
alonhadat,sale_student_csv,alonhadat_duc_18758314,18758314,"SÁT CHỢ BẾN THÀNH-ĐƯỜNG LÊ THỊ HỒNG GẤM VỚI DT GẦN 68M2 MÀ GIÁ CHỈ 6 TỶ 240, SHC!!!",6240000000,"6,24 tỷ",68,4,"Đường Lê Thị Hồng Gấm, Phường Bến Thành, Hồ Chí Minh",Phường Phạm Ngũ Lão,,Quận 1,1020,Nhà ở,,,,https://alonhadat.com.vn/sat-cho-ben-thanh-duong-le-thi-hong-gam-voi-dt-gan-68m2-ma-gia-chi-6-ty-240-shc--18758314.html,https://alonhadat.com.vn/sat-cho-ben-thanh-duong-le-thi-hong-gam-voi-dt-gan-68m2-ma-gia-chi-6-ty-240-shc--18758314.html,2026-06-07,2026-06-07 20:16:10.418495,,6240,91764705.88235295,0,0
alonhadat,sale_student_csv,alonhadat_duc_18731875,18731875,"CHỦ ĐI ĐỊNH CƯ BÁN GẤP NHÀ HẺM NHỰA 5M - PHÓ ĐỨC CHÍNH, QUẬN 1. GIÁ 4.89TỶ/56M2 - 4LẦU 4PN",4890000000,"4,89 tỷ",56,4,"Đường Phó Đức Chính, Phường Bến Thành, Hồ Chí Minh",Phường Bến Thành,,Quận 1,1020,Nhà ở,,,,https://alonhadat.com.vn/chu-di-dinh-cu-ban-gap-nha-hem-nhua-5m-pho-duc-chinh-quan-1-gia-4-89ty-56m2-4lau-4pn-18731875.html,https://alonhadat.com.vn/chu-di-dinh-cu-ban-gap-nha-hem-nhua-5m-pho-duc-chinh-quan-1-gia-4-89ty-56m2-4lau-4pn-18731875.html,2026-06-07,2026-06-07 20:16:10.418495,,4890,87321428.57142857,0,0
alonhadat,sale_student_csv,alonhadat_duc_18758035,18758035,"Bán Nhà Ngay Vị Trí Sầm Uất Trên Đường Phan Ngữ,P.Tân Định,Quận 1 chỉ với 6tỷ630.Sổ Sẵn.",6630000000,"6,63 tỷ",80,4,"Đường Phan Ngữ, Phường Tân Định, Hồ Chí Minh",Phường Tân Định,,Quận 1,1020,Nhà ở,,,,https://alonhadat.com.vn/ban-nha-ngay-vi-tri-sam-uat-tren-duong-phan-ngu-p-tan-dinh-quan-1-chi-voi-6ty630-so-san--18758035.html,https://alonhadat.com.vn/ban-nha-ngay-vi-tri-sam-uat-tren-duong-phan-ngu-p-tan-dinh-quan-1-chi-voi-6ty630-so-san--18758035.html,2026-06-07,2026-06-07 20:16:10.418495,,6630,82875000,0,0
alonhadat,sale_student_csv,alonhadat_duc_16964727,16964727,"mặt tiền đường Calmette, Phường Nguyễn Thái Bình, Quận 1 8.1x18.4 6 tầng 140 tỷ",140000000000,140 tỷ,721,20,"Đường Calmette, Phường Sài Gòn, Hồ Chí Minh",Phường Nguyễn Thái Bình,,Quận 1,1020,Nhà ở,,,,https://alonhadat.com.vn/mat-tien-duong-calmette-phuong-nguyen-thai-binh-quan-1-8-1x18-4-6-tang-140-ty-16964727.html,https://alonhadat.com.vn/mat-tien-duong-calmette-phuong-nguyen-thai-binh-quan-1-8-1x18-4-6-tang-140-ty-16964727.html,2026-06-07,2026-06-07 20:16:10.418495,,140000,194174757.2815534,0,0
alonhadat,sale_student_csv,alonhadat_duc_18422095,18422095,"BÁN NHÀ RẺ NHẤT P BẾN THÀNH (3 MẶT THOÁNG) - HXH 150 NGUYỄN TRÃI Q1, DT 100M2 3 TẦNG, TMAY",26200000000,"26,2 tỷ",100,3,"Đường Nguyễn Trãi, Phường Bến Thành, Hồ Chí Minh",Phường Bến Thành,,Quận 1,1020,Nhà ở,,,,https://alonhadat.com.vn/ban-nha-re-nhat-p-ben-thanh-3-mat-thoang-hxh-150-nguyen-trai-q1-dt-100m2-3-tang-tmay-18422095.html,https://alonhadat.com.vn/ban-nha-re-nhat-p-ben-thanh-3-mat-thoang-hxh-150-nguyen-trai-q1-dt-100m2-3-tang-tmay-18422095.html,2026-06-07,2026-06-07 20:16:10.418495,,26200,262000000,0,0
alonhadat,sale_student_csv,alonhadat_duc_18756926,18756926,"DUY NHẤT! LÔ GÓC 5 TẦNG KHU PHỐ NHẬT THÁI VĂN LUNG-GIÁ:20,5 TỶ-NGAY NHÀ HÁT THÀNH PHỐ!",20500000000,"20,5 tỷ",80,15,"Đường Cao Bá Quát, Phường Sài Gòn, Hồ Chí Minh",Phường Bến Nghé,,Quận 1,1020,Nhà ở,,,,https://alonhadat.com.vn/can-ban-nha-goc-2mt-pho-nhat-thai-van-lung-p-ben-nghe-quan-1-7-2x12m-5-tang-gia-20-5-ty-18756926.html,https://alonhadat.com.vn/can-ban-nha-goc-2mt-pho-nhat-thai-van-lung-p-ben-nghe-quan-1-7-2x12m-5-tang-gia-20-5-ty-18756926.html,2026-06-07,2026-06-07 20:16:10.418495,,20500,256250000,0,0
alonhadat,sale_student_csv,alonhadat_duc_18756115,18756115,NHÀ MẶT TIỀN KẾT CẤU 6 TẦNG TRẦN HƯNG ĐẠO QUẬN 1-SẴN THANG MÁY-GIÁ CHỈ 49 TỶ CÒN BỚT,49000000000,49 tỷ,70,10,"Đường Trần Hưng Đạo, Phường Cầu Ông Lãnh, Hồ Chí Minh",Phường Cầu Kho,,Quận 1,1020,Nhà ở,,,,https://alonhadat.com.vn/nha-mat-tien-ket-cau-6-tang-tran-hung-dao-quan-1-san-thang-may-gia-chi-49-ty-con-bot-18756115.html,https://alonhadat.com.vn/nha-mat-tien-ket-cau-6-tang-tran-hung-dao-quan-1-san-thang-may-gia-chi-49-ty-con-bot-18756115.html,2026-06-07,2026-06-07 20:16:10.418495,,49000,700000000,0,0
alonhadat,sale_student_csv,alonhadat_duc_15228890,15228890,Bán MT Bùi Viện P.PHL Q.1 - DT:12Mx17M - 5 lầu - HĐT 460tr/th - 105 tỷ,105000000000,105 tỷ,204,4,"Đường Bùi Viện, Phường Bến Thành, Hồ Chí Minh",Phường Phạm Ngũ Lão,,Quận 1,1020,Nhà ở,,,,https://alonhadat.com.vn/ban-mt-bui-vien-p-phl-q-1-dt-12mx17m-5-lau-hdt-460tr-th-105-ty-15228890.html,https://alonhadat.com.vn/ban-mt-bui-vien-p-phl-q-1-dt-12mx17m-5-lau-hdt-460tr-th-105-ty-15228890.html,2026-06-07,2026-06-07 20:16:10.418495,,105000,514705882.35294116,0,0
alonhadat,sale_student_csv,alonhadat_duc_15228972,15228972,Bán MT Nguyễn Thái Bình P.PNL Q.1-DT: 12Mx19M. Cn 208m2-Hầm 12 tầng - HĐT 960tr/th - 185tỷ,185000000000,185 tỷ,228,12,"Đường Nguyễn Thái Bình, Phường Bến Thành, Hồ Chí Minh",Phường Phạm Ngũ Lão,,Quận 1,1020,Nhà ở,,,,https://alonhadat.com.vn/ban-mt-nguyen-thai-binh-p-pnl-q-1-dt-12mx19m-cn-208m2-ham-12-tang-hdt-960tr-th-185ty-15228972.html,https://alonhadat.com.vn/ban-mt-nguyen-thai-binh-p-pnl-q-1-dt-12mx19m-cn-208m2-ham-12-tang-hdt-960tr-th-185ty-15228972.html,2026-06-07,2026-06-07 20:16:10.418495,,185000,811403508.7719299,0,0
alonhadat,sale_student_csv,alonhadat_duc_14153086,14153086,"Bán nhà MT Lý Tự Trọng, P. Bến Thành, Quận 1 - DT: 14mx33m - Giá bán 270 tỷ",270000000000,270 tỷ,462,1,"Đường Lý Tự Trọng, Phường Bến Thành, Hồ Chí Minh",Phường Bến Thành,,Quận 1,1020,Nhà ở,,,,https://alonhadat.com.vn/ban-nha-mt-ly-tu-trong-p-ben-thanh-quan-1-dt-14mx33m-gia-ban-270-ty-14153086.html,https://alonhadat.com.vn/ban-nha-mt-ly-tu-trong-p-ben-thanh-quan-1-dt-14mx33m-gia-ban-270-ty-14153086.html,2026-06-07,2026-06-07 20:16:10.418495,,270000,584415584.4155844,0,0
alonhadat,sale_student_csv,alonhadat_duc_15228811,15228811,"Bán MT Mạc Đỉnh Chi P.Đakao Q.1-12,4Mx20M. CN 237,8M2 - Trệt, lửng, 3 lầu - HĐT 330t-98 tỷ",98000000000,98 tỷ,238,5,"Đường Mạc Đĩnh Chi, Phường Tân Định, Hồ Chí Minh",Phường Đa Kao,,Quận 1,1020,Nhà ở,,,,https://alonhadat.com.vn/ban-mt-mac-dinh-chi-p-dakao-q-1-12-4mx20m-cn-237-8m2-tret-lung-3-lau-hdt-330t-98-ty-15228811.html,https://alonhadat.com.vn/ban-mt-mac-dinh-chi-p-dakao-q-1-12-4mx20m-cn-237-8m2-tret-lung-3-lau-hdt-330t-98-ty-15228811.html,2026-06-07,2026-06-07 20:16:10.418495,,98000,411764705.88235295,0,0
alonhadat,sale_student_csv,alonhadat_duc_18753938,18753938,BÁN NHÀ MẶT TIỀN QUẬN 1 TRẦN HƯNG ĐẠO –4X18M - 6 TẦNG - GIÁ : 49 TỶ,49000000000,49 tỷ,70,10,"Đường Trần Hưng Đạo, Phường Cầu Ông Lãnh, Hồ Chí Minh",Phường Cầu Kho,,Quận 1,1020,Nhà ở,,,,https://alonhadat.com.vn/ban-nha-mat-tien-quan-1-tran-hung-dao-4x18m-6-tang-gia-49-ty-18753938.html,https://alonhadat.com.vn/ban-nha-mat-tien-quan-1-tran-hung-dao-4x18m-6-tang-gia-49-ty-18753938.html,2026-06-07,2026-06-07 20:16:10.418495,,49000,700000000,0,0
alonhadat,sale_student_csv,alonhadat_duc_18755495,18755495,"Góc 2 Mặt Tiền Trần Hưng Đạo Quận 1, DT: 4,2x20m-DTCN: 78m2-3 Tầng-HĐT: 80tr/th Giá 59 tỷ",59000000000,59 tỷ,78,3,"Đường Trần Hưng Đạo, Phường Bến Thành, Hồ Chí Minh",Phường Phạm Ngũ Lão,,Quận 1,1020,Nhà ở,,,,https://alonhadat.com.vn/goc-2-mat-tien-tran-hung-dao-quan-1-dt-4-2x20m-dtcn-78m2-3-tang-hdt-80tr-th-gia-59-ty-18755495.html,https://alonhadat.com.vn/goc-2-mat-tien-tran-hung-dao-quan-1-dt-4-2x20m-dtcn-78m2-3-tang-hdt-80tr-th-gia-59-ty-18755495.html,2026-06-07,2026-06-07 20:16:10.418495,,59000,756410256.4102564,0,0
alonhadat,sale_student_csv,alonhadat_duc_18755483,18755483,"Nhà 2 Mặt Tiền Trương Định P.Bến Thành Quận 1, DT: 4x15m-4 tầng-HĐT 100tr/th Giá 39 tỷ",39000000000,39 tỷ,50,4,"Đường Trương Định, Phường Bến Thành, Hồ Chí Minh",Phường Bến Thành,,Quận 1,1020,Nhà ở,,,,https://alonhadat.com.vn/nha-2-mat-tien-truong-dinh-p-ben-thanh-quan-1-dt-4x15m-4-tang-hdt-100tr-th-gia-39-ty-18755483.html,https://alonhadat.com.vn/nha-2-mat-tien-truong-dinh-p-ben-thanh-quan-1-dt-4x15m-4-tang-hdt-100tr-th-gia-39-ty-18755483.html,2026-06-07,2026-06-07 20:16:10.418495,,39000,780000000,0,0
alonhadat,sale_student_csv,alonhadat_duc_18756989,18756989,Bán Nhà Bình Thạnh - Phan Văn Hân - Ngay Thị Nghè - Giáp Quận 1 - 2 tầng - 42m2 - ở ngay,7500000000,"7,5 tỷ",42,3,"Đường Phan Văn Hân, Phường Gia Định, Hồ Chí Minh",Phường 17,,Quận 1,1020,Nhà ở,,,,https://alonhadat.com.vn/ban-nha-binh-thanh-phan-van-han-ngay-thi-nghe-giap-quan-1-2-tang-42m2-o-ngay-18756989.html,https://alonhadat.com.vn/ban-nha-binh-thanh-phan-van-han-ngay-thi-nghe-giap-quan-1-2-tang-42m2-o-ngay-18756989.html,2026-06-07,2026-06-07 20:16:10.418495,,7500,178571428.57142857,0,0
alonhadat,sale_student_csv,alonhadat_duc_18442253,18442253,"Chỉ 4.4 tỷ, hiếm nhà Q1, Nguyễn Bỉnh Khiêm 2 tầng, 30m2, ở hoặc cho thuê dòng tiền cao",4400000000,"4,4 tỷ",28,2,"Đường Nguyễn Bỉnh Khiêm, Phường Tân Định, Hồ Chí Minh",Phường Đa Kao,,Quận 1,1020,Nhà ở,,,,https://alonhadat.com.vn/chi-4-4-ty-hiem-nha-q1-nguyen-binh-khiem-2-tang-30m2-o-hoac-cho-thue-dong-tien-cao-18442253.html,https://alonhadat.com.vn/chi-4-4-ty-hiem-nha-q1-nguyen-binh-khiem-2-tang-30m2-o-hoac-cho-thue-dong-tien-cao-18442253.html,2026-06-07,2026-06-07 20:16:10.418495,,4400,157142857.14285713,0,0
alonhadat,sale_student_csv,alonhadat_duc_18709483,18709483,"🔥 BÁN GẤP NHÀ TRUNG TÂM Q1. NGAY SAU BỘ CA. 4TẦNG 46M². 11,4 TỶ. TL.",11400000000,"11,4 tỷ",46,4,"Đường Nguyễn Cảnh Chân, Phường Cầu Ông Lãnh, Hồ Chí Minh",Phường Nguyễn Cư Trinh,,Quận 1,1020,Nhà ở,,,,https://alonhadat.com.vn/-ban-gap-nha-trung-tam-q1-ngay-sau-bo-ca-4tang-46m-11-4-ty-tl--18709483.html,https://alonhadat.com.vn/-ban-gap-nha-trung-tam-q1-ngay-sau-bo-ca-4tang-46m-11-4-ty-tl--18709483.html,2026-06-07,2026-06-07 20:16:10.418495,,11400,247826086.95652175,0,0
alonhadat,sale_student_csv,alonhadat_duc_18743898,18743898,"BÁN NHÀ MẶT TIỀN GIẢM MẠNH 5 TỶ ĐINH TIÊN HOÀNG, QUẬN 1- 4x18M - 2 TẦNG - GIÁ : 25 TỶ",25000000000,25 tỷ,60,3,"Đường Đinh Tiên Hoàng, Phường Tân Định, Hồ Chí Minh",Phường Đa Kao,,Quận 1,1020,Nhà ở,,,,https://alonhadat.com.vn/ban-nha-mat-tien-giam-manh-5-ty-dinh-tien-hoang-quan-1-4x18m-2-tang-gia-25-ty-18743898.html,https://alonhadat.com.vn/ban-nha-mat-tien-giam-manh-5-ty-dinh-tien-hoang-quan-1-4x18m-2-tang-gia-25-ty-18743898.html,2026-06-07,2026-06-07 20:16:10.418495,,25000,416666666.6666667,0,0
alonhadat,sale_student_csv,alonhadat_duc_16329323,16329323,"Nhà 2 mặt tiền Tôn Thất Tùng (Q1), 4x24m, hầm 9 tầng, giá 55 tỷ",55000000000,55 tỷ,93,12,"Đường Tôn Thất Tùng, Phường Bến Thành, Hồ Chí Minh",Phường Bến Thành,,Quận 1,1020,Nhà ở,,,,https://alonhadat.com.vn/nha-2-mat-tien-ton-that-tung-q1-4x24m-ham-9-lau-gia-68-ty-16329323.html,https://alonhadat.com.vn/nha-2-mat-tien-ton-that-tung-q1-4x24m-ham-9-lau-gia-68-ty-16329323.html,2026-06-07,2026-06-07 20:16:10.418495,,55000,591397849.4623656,0,0
alonhadat,sale_student_csv,alonhadat_duc_18385212,18385212,"Mặt tiền khu Trần Quang Khải (Q1), 4x37m, giá 42 tỷ",42000000000,42 tỷ,146,1,"Đường Trần Quang Khải, Phường Tân Định, Hồ Chí Minh",Phường Đa Kao,,Quận 1,1020,Nhà ở,,,,https://alonhadat.com.vn/mat-tien-khu-tran-quang-khai-q1-4x37m-gia-42-ty-18385212.html,https://alonhadat.com.vn/mat-tien-khu-tran-quang-khai-q1-4x37m-gia-42-ty-18385212.html,2026-06-07,2026-06-07 20:16:10.418495,,42000,287671232.8767123,0,0
alonhadat,sale_student_csv,alonhadat_duc_18758185,18758185,Bình Thạnh - giáp Quận 1 - 60m2 - 2 Tầng - 4PN - full nội thất - Chỉ 6.55 Tỷ,6550000000,"6,55 tỷ",60,4,"Đường Phan Văn Hân, Phường Gia Định, Hồ Chí Minh",Phường 17,,Quận 1,1020,Nhà ở,,,,https://alonhadat.com.vn/binh-thanh-giap-quan-1-60m2-2-tang-4pn-full-noi-that-chi-6-55-ty-18758185.html,https://alonhadat.com.vn/binh-thanh-giap-quan-1-60m2-2-tang-4pn-full-noi-that-chi-6-55-ty-18758185.html,2026-06-07,2026-06-07 20:16:10.418495,,6550,109166666.66666667,0,0
alonhadat,sale_student_csv,alonhadat_duc_18758110,18758110,"TT QUẬN 1 – NHÀ 4 TẦNG BTCT – NGANG 6M HIẾM – HẺM XE HƠI – GẦN CHỢ BẾN THÀNH, GIÁ TỐT",13800000000,"13,8 tỷ",50,3,"Đường Nguyễn Cảnh Chân, Phường Cầu Ông Lãnh, Hồ Chí Minh",Phường Cầu Ông Lãnh,,Quận 1,1020,Nhà ở,,,,https://alonhadat.com.vn/tt-quan-1-nha-4-tang-btct-ngang-6m-hiem-hem-xe-hoi-gan-cho-ben-thanh-gia-tot-18758110.html,https://alonhadat.com.vn/tt-quan-1-nha-4-tang-btct-ngang-6m-hiem-hem-xe-hoi-gan-cho-ben-thanh-gia-tot-18758110.html,2026-06-07,2026-06-07 20:16:10.418495,,13800,276000000,0,0
alonhadat,sale_student_csv,alonhadat_duc_18758298,18758298,"👉 Bán nhà cực hiếm, đường Trần Đình Xu Quận 1 . 4 tầng, không bị quy hoạch. chỉ 6.68 tỷ",220440000000,"6,68 tỷ / m²",33,2,"Đường Trần Bình Trọng, Phường Cầu Ông Lãnh, Hồ Chí Minh",Phường Cầu Kho,,Quận 1,1020,Nhà ở,,,,https://alonhadat.com.vn/-ban-nha-cuc-hiem-duong-tran-dinh-xu-quan-1-4-tang-khong-bi-quy-hoach-chi-6-68-ty-18758298.html,https://alonhadat.com.vn/-ban-nha-cuc-hiem-duong-tran-dinh-xu-quan-1-4-tang-khong-bi-quy-hoach-chi-6-68-ty-18758298.html,2026-06-07,2026-06-07 20:16:10.418495,,220440,6680000000,0,0
alonhadat,sale_student_csv,alonhadat_duc_18414709,18414709,toà nhà 87B BÙI THỊ XUÂN- Q1 - 7 tầng lầu,78000000000,78 tỷ,188,12,"Đường Bùi Thị Xuân, Phường Bến Thành, Hồ Chí Minh",Phường Bến Thành,,Quận 1,1020,Nhà ở,,,,https://alonhadat.com.vn/toa-nha-87b-bui-thi-xuan-q1-7-tang-lau-18414709.html,https://alonhadat.com.vn/toa-nha-87b-bui-thi-xuan-q1-7-tang-lau-18414709.html,2026-06-07,2026-06-07 20:16:10.418495,,78000,414893617.0212766,0,0
alonhadat,sale_student_csv,alonhadat_duc_18758207,18758207,"Khan hiếm bán nhà Mặt tiền Nguyễn Thái Học, Q.1 - DT:4x20m - 2 Tầng - HĐT: 80trđ- Giá 30tỷ",30000000000,30 tỷ,80,5,"Đường Nguyễn Thái Học, Phường Bến Thành, Hồ Chí Minh",Phường Bến Thành,,Quận 1,1020,Nhà ở,,,,https://alonhadat.com.vn/khan-hiem-ban-nha-mat-tien-nguyen-thai-hoc-q-1-dt-4x20m-2-tang-hdt-80trd-gia-30ty-18758207.html,https://alonhadat.com.vn/khan-hiem-ban-nha-mat-tien-nguyen-thai-hoc-q-1-dt-4x20m-2-tang-hdt-80trd-gia-30ty-18758207.html,2026-06-07,2026-06-07 20:16:10.418495,,30000,375000000,0,0
alonhadat,sale_student_csv,alonhadat_duc_18758158,18758158,"Bán Toà CHDV Góc 2 Mặt tiền Mạc Đĩnh Chi, Quận 1 - 8,2x15m - TN 2,4 tỷ/năm - 36 Tỷ",36000000000,36 tỷ,123,36,"Đường Mạc Đĩnh Chi, Phường Tân Định, Hồ Chí Minh",Phường Đa Kao,,Quận 1,1020,Nhà ở,,,,https://alonhadat.com.vn/ban-toa-chdv-goc-2-mat-tien-mac-dinh-chi-quan-1-8-2x15m-tn-2-4-ty-nam-36-ty-18758158.html,https://alonhadat.com.vn/ban-toa-chdv-goc-2-mat-tien-mac-dinh-chi-quan-1-8-2x15m-tn-2-4-ty-nam-36-ty-18758158.html,2026-06-07,2026-06-07 20:16:10.418495,,36000,292682926.8292683,0,0
alonhadat,sale_student_csv,alonhadat_duc_17824550,17824550,"SIÊU HIẾM! GIẢM 53 TỶ NHÀ MẶT TIỀN BÙI THỊ XUÂN NGANG 6,2M HẦM + 7 TẦNG GẦN 1000M2 SXD",71500000000,"71,5 tỷ",127,7,"Đường Bùi Thị Xuân, Phường Bến Thành, Hồ Chí Minh",Phường Phạm Ngũ Lão,,Quận 1,1020,Nhà ở,,,,https://alonhadat.com.vn/sieu-hiem-giam-53-ty-nha-mat-tien-bui-thi-xuan-ngang-6-2m-ham-7-tang-gan-1000m2-sxd-17824550.html,https://alonhadat.com.vn/sieu-hiem-giam-53-ty-nha-mat-tien-bui-thi-xuan-ngang-6-2m-ham-7-tang-gan-1000m2-sxd-17824550.html,2026-06-07,2026-06-07 20:16:10.418495,,71500,562992125.984252,0,0
alonhadat,sale_student_csv,alonhadat_duc_18758149,18758149,Phố Đi Bộ Nguyễn Huệ - Đường Hồ Tùng Mậu - Quận 1 - HĐT 150 tr/th - 65 Tỷ,65000000000,65 tỷ,68,4,"Đường Hồ Tùng Mậu, Phường Sài Gòn, Hồ Chí Minh",Phường Bến Nghé,,Quận 1,1020,Nhà ở,,,,https://alonhadat.com.vn/pho-di-bo-nguyen-hue-duong-ho-tung-mau-quan-1-hdt-150-tr-th-65-ty-18758149.html,https://alonhadat.com.vn/pho-di-bo-nguyen-hue-duong-ho-tung-mau-quan-1-hdt-150-tr-th-65-ty-18758149.html,2026-06-07,2026-06-07 20:16:10.418495,,65000,955882352.9411764,0,0
alonhadat,sale_student_csv,alonhadat_duc_18758138,18758138,"Siêu phẩm góc 2 mặt tiền Lê Thánh Tôn, Quận 1 (8 x 15M) - HĐ thuê 180 tr/th - 60 Tỷ",60000000000,60 tỷ,120,8,"Đường Lê Thánh Tôn, Phường Sài Gòn, Hồ Chí Minh",Phường Bến Nghé,,Quận 1,1020,Nhà ở,,,,https://alonhadat.com.vn/sieu-pham-goc-2-mat-tien-le-thanh-ton-quan-1-8-x-15m-hd-thue-180-tr-th-60-ty-18758138.html,https://alonhadat.com.vn/sieu-pham-goc-2-mat-tien-le-thanh-ton-quan-1-8-x-15m-hd-thue-180-tr-th-60-ty-18758138.html,2026-06-07,2026-06-07 20:16:10.418495,,60000,500000000,0,0
alonhadat,sale_student_csv,alonhadat_duc_18297332,18297332,Bán toà nhà góc 2 mặt tiền Nguyễn Trãi - 20x35m - hầm 14 lầu TN 32.4 tỷ/năm - giá bán: 380,350000000000,350 tỷ,700,14,"Đường Nguyễn Trãi, Phường Bến Thành, Hồ Chí Minh",Phường Phạm Ngũ Lão,,Quận 1,1020,Nhà ở,,,,https://alonhadat.com.vn/ban-toa-nha-goc-2-mat-tien-nguyen-trai-20x35m-ham-14-lau-tn-32-4-ty-nam-gia-ban-380-18297332.html,https://alonhadat.com.vn/ban-toa-nha-goc-2-mat-tien-nguyen-trai-20x35m-ham-14-lau-tn-32-4-ty-nam-gia-ban-380-18297332.html,2026-06-07,2026-06-07 20:16:10.418495,,350000,500000000,0,0
alonhadat,sale_student_csv,alonhadat_duc_15592544,15592544,"HOT Nhà Mặt Tiền Nguyễn Công Trứ P.NTB Q1, DT: 4x25m, 6 Tầng, HĐT:150tr, Giá:60Tỷ",60000000000,60 tỷ,100,8,"Đường Nguyễn Công Trứ, Phường Sài Gòn, Hồ Chí Minh",Phường Nguyễn Thái Bình,,Quận 1,1020,Nhà ở,,,,https://alonhadat.com.vn/hot-nha-mat-tien-nguyen-cong-tru-p-ntb-q1-dt-4x25m-6-tang-hdt-150tr-gia-68ty-15592544.html,https://alonhadat.com.vn/hot-nha-mat-tien-nguyen-cong-tru-p-ntb-q1-dt-4x25m-6-tang-hdt-150tr-gia-68ty-15592544.html,2026-06-07,2026-06-07 20:16:10.418495,,60000,600000000,0,0
alonhadat,sale_student_csv,alonhadat_duc_18171733,18171733,Tòa nhà góc 3MT - Phố Tài Chính | Số 3-5 Pasteur | 8x19m | Hầm 10 Tầng | HĐT: 18.000$/th |,250000000000,250 tỷ,154,11,"Đường Pasteur, Phường Sài Gòn, Hồ Chí Minh",Phường Nguyễn Thái Bình,,Quận 1,1020,Nhà ở,,,,https://alonhadat.com.vn/toa-nha-goc-3mt-pho-tai-chinh-so-3-5-pasteur-8x19m-ham-10-tang-hdt-18-000-th--18171733.html,https://alonhadat.com.vn/toa-nha-goc-3mt-pho-tai-chinh-so-3-5-pasteur-8x19m-ham-10-tang-hdt-18-000-th--18171733.html,2026-06-07,2026-06-07 20:16:10.418495,,250000,1623376623.3766234,0,0
alonhadat,sale_student_csv,alonhadat_duc_18142252,18142252,Bán nhà góc 2 mặt tiền ngay Trần Hưng Đạo | DT: 13x60m | CN: 705m2 | Giá bán: 350 tỷ |,350000000000,350 tỷ,705,12,"Đường Trần Hưng Đạo, Phường Cầu Ông Lãnh, Hồ Chí Minh",Phường Cô Giang,,Quận 1,1020,Nhà ở,,,,https://alonhadat.com.vn/ban-nha-goc-2-mat-tien-ngay-tran-hung-dao-dt-13x60m-cn-705m2-gia-ban-320-ty-tl--18142252.html,https://alonhadat.com.vn/ban-nha-goc-2-mat-tien-ngay-tran-hung-dao-dt-13x60m-cn-705m2-gia-ban-320-ty-tl--18142252.html,2026-06-07,2026-06-07 20:16:10.418495,,350000,496453900.7092199,0,0
alonhadat,sale_student_csv,alonhadat_duc_18669025,18669025,TRẦN ĐÌNH XU QUẬN 1 - GẦN BỘ CÔNG AN - DT 56M2 4 TẦNG - HẺM Ô TÔ 5M CÁCH MT 30M - THUÊ TR,14700000000,"14,7 tỷ",56,4,"Đường Trần Đình Xu, Phường Cầu Ông Lãnh, Hồ Chí Minh",Phường Nguyễn Cư Trinh,,Quận 1,1020,Nhà ở,,,,https://alonhadat.com.vn/tran-dinh-xu-quan-1-gan-bo-cong-an-dt-56m2-4-tang-hem-o-to-5m-cach-mt-30m-thue-tr-18669025.html,https://alonhadat.com.vn/tran-dinh-xu-quan-1-gan-bo-cong-an-dt-56m2-4-tang-hem-o-to-5m-cach-mt-30m-thue-tr-18669025.html,2026-06-07,2026-06-07 20:16:10.418495,,14700,262500000,0,0
alonhadat,sale_student_csv,alonhadat_duc_18753808,18753808,"Bán khách Sạn - 20 Phòng - Bùi Viện, P. Phạm Ngũ Lão, Quận 1 - Dt(8mx13 - 5 tầng ) 40 Tỷ",40000000000,40 tỷ,85,20,"Đường Bùi Viện, Phường Bến Thành, Hồ Chí Minh",Phường Phạm Ngũ Lão,,Quận 1,1020,Nhà ở,,,,https://alonhadat.com.vn/ban-khach-san-20-phong-bui-vien-p-pham-ngu-lao-quan-1-dt-8mx13-5-tang-40-ty-18753808.html,https://alonhadat.com.vn/ban-khach-san-20-phong-bui-vien-p-pham-ngu-lao-quan-1-dt-8mx13-5-tang-40-ty-18753808.html,2026-06-07,2026-06-07 20:16:10.418495,,40000,470588235.2941176,0,0
alonhadat,sale_student_csv,alonhadat_duc_18757523,18757523,"🏢 Bán nhà góc 2 mặt tiền Trần Đình Xu, p. Cầu Ông Lãnh, Q.1, 12mx18m",125000000000,125 tỷ,182,5,"Đường Trần Đình Xu, Phường Cầu Ông Lãnh, Hồ Chí Minh",Phường Cầu Kho,,Quận 1,1020,Nhà ở,,,,https://alonhadat.com.vn/-ban-nha-goc-2-mat-tien-tran-dinh-xu-p-cau-ong-lanh-q-1-12mx18m-18757523.html,https://alonhadat.com.vn/-ban-nha-goc-2-mat-tien-tran-dinh-xu-p-cau-ong-lanh-q-1-12mx18m-18757523.html,2026-06-07,2026-06-07 20:16:10.418495,,125000,686813186.8131868,0,0
alonhadat,sale_student_csv,alonhadat_duc_18402600,18402600,[SIÊU PHẨM BUILDING Q1 - NGANG 10M] Trần Đình Xu - 220m2 - Hầm 5 Tầng - 1.100m2 Sàn - 62TỶ,62000000000,62 tỷ,220,15,"Đường Trần Đình Xu, Phường Cầu Ông Lãnh, Hồ Chí Minh",Phường Cầu Kho,,Quận 1,1020,Nhà ở,,,,https://alonhadat.com.vn/-sieu-pham-building-q1-ngang-10m-tran-dinh-xu-220m2-ham-5-tang-1-100m2-san-62ty-18402600.html,https://alonhadat.com.vn/-sieu-pham-building-q1-ngang-10m-tran-dinh-xu-220m2-ham-5-tang-1-100m2-san-62ty-18402600.html,2026-06-07,2026-06-07 20:16:10.418495,,62000,281818181.8181818,0,0
alonhadat,sale_student_csv,alonhadat_duc_18449380,18449380,"[MẶT TIỀN NGÔ TẤT TỐ - GIÁ HẠ SỐC 4.5 TỶ] 64m² - HĐT 21Tr/Tháng - Sát Quận 1 - Giá 16,5 TỶ",16500000000,"16,5 tỷ",64,2,"Đường Ngô Tất Tố, Phường Thạnh Mỹ Tây, Hồ Chí Minh",Phường 19,,Quận 1,1020,Nhà ở,,,,https://alonhadat.com.vn/-mat-tien-ngo-tat-to-gia-ha-soc-4-5-ty-64m-hdt-21tr-thang-sat-quan-1-gia-16-5-ty-18449380.html,https://alonhadat.com.vn/-mat-tien-ngo-tat-to-gia-ha-soc-4-5-ty-64m-hdt-21tr-thang-sat-quan-1-gia-16-5-ty-18449380.html,2026-06-07,2026-06-07 20:16:10.418495,,16500,257812500,0,0
alonhadat,sale_student_csv,alonhadat_duc_18757509,18757509,"🏢 Bán nhà mặt tiền Đặng Dung, p. Tân Định, Q.1",37000000000,37 tỷ,94,3,"Đường Đặng Dung, Phường Tân Định, Hồ Chí Minh",Phường Tân Định,,Quận 1,1020,Nhà ở,,,,https://alonhadat.com.vn/-ban-nha-mat-tien-dang-dung-p-tan-dinh-q-1-18757509.html,https://alonhadat.com.vn/-ban-nha-mat-tien-dang-dung-p-tan-dinh-q-1-18757509.html,2026-06-07,2026-06-07 20:16:10.418495,,37000,393617021.2765958,0,0
alonhadat,sale_student_csv,alonhadat_duc_18446742,18446742,"Bán tòa nhà 8 tầng HXH tránh gần chợ Bến Thành, Quận 1 (12x20m), 67 tỷ",67000000000,67 tỷ,240,8,"Đường Trần Hưng Đạo, Phường Cầu Ông Lãnh, Hồ Chí Minh",Phường Cầu Ông Lãnh,,Quận 1,1020,Nhà ở,,,,https://alonhadat.com.vn/ban-toa-nha-8-tang-hxh-tranh-gan-cho-ben-thanh-quan-1-12x20m-67-ty-18446742.html,https://alonhadat.com.vn/ban-toa-nha-8-tang-hxh-tranh-gan-cho-ben-thanh-quan-1-12x20m-67-ty-18446742.html,2026-06-07,2026-06-07 20:16:10.418495,,67000,279166666.6666667,0,0
alonhadat,sale_student_csv,alonhadat_duc_18757431,18757431,BÁN GẤP NHÀ MT TRẦN KHẮC CHÂN PHƯỜNGTÂN ĐỊNH QUẬN 1 GIÁ 73TỶ,73000000000,73 tỷ,188,3,"Đường Trần Khắc Chân, Phường Tân Định, Hồ Chí Minh",Phường Tân Định,,Quận 1,1020,Nhà ở,,,,https://alonhadat.com.vn/ban-gap-nha-mt-tran-khac-chan-phuongtan-dinh-quan-1-gia-73ty-18757431.html,https://alonhadat.com.vn/ban-gap-nha-mt-tran-khac-chan-phuongtan-dinh-quan-1-gia-73ty-18757431.html,2026-06-07,2026-06-07 20:16:10.418495,,73000,388297872.34042555,0,0
alonhadat,sale_student_csv,alonhadat_duc_16201968,16201968,"Bán tòa nhà MT Tôn Đức Thắng, Quận 1 - DT 8x20m - hầm - 9 tầng - HĐT 600 triệu",190000000000,190 tỷ,160,20,"Đường Tôn Đức Thắng, Phường Sài Gòn, Hồ Chí Minh",Phường Bến Nghé,,Quận 1,1020,Nhà ở,,,,https://alonhadat.com.vn/ban-toa-nha-mt-ton-duc-thang-quan-1-dt-8x20m-ham-9-tang-hdt-600-trieu-16201968.html,https://alonhadat.com.vn/ban-toa-nha-mt-ton-duc-thang-quan-1-dt-8x20m-ham-9-tang-hdt-600-trieu-16201968.html,2026-06-07,2026-06-07 20:16:10.418495,,190000,1187500000,0,0
alonhadat,sale_student_csv,alonhadat_duc_18492657,18492657,"Bán nhà đường Nguyễn Du, Quận 1, dt: 9x25m 5 tầng thang máy giá 135 tỷ thương lượng",135000000000,135 tỷ,220,20,"Đường Nguyễn Du, Phường Bến Thành, Hồ Chí Minh",Phường Bến Thành,,Quận 1,1020,Nhà ở,,,,https://alonhadat.com.vn/ban-nha-duong-nguyen-du-quan-1-dt-9x25m-5-tang-thang-may-gia-135-ty-thuong-luong-18492657.html,https://alonhadat.com.vn/ban-nha-duong-nguyen-du-quan-1-dt-9x25m-5-tang-thang-may-gia-135-ty-thuong-luong-18492657.html,2026-06-07,2026-06-07 20:16:10.418495,,135000,613636363.6363636,0,0
alonhadat,sale_student_csv,alonhadat_duc_18733569,18733569,"Bán nhà mặt tiền 75 Trương Định, p. Bến Thành, Quận 1 - CN 113,5m2. Cách chợ Bến Thành 100",75000000000,75 tỷ,114,12,"Đường Trương Định, Phường Bến Thành, Hồ Chí Minh",Phường Bến Thành,,Quận 1,1020,Nhà ở,,,,https://alonhadat.com.vn/ban-nha-mat-tien-75-truong-dinh-p-ben-thanh-quan-1-cn-113-5m2-cach-cho-ben-thanh-100-18733569.html,https://alonhadat.com.vn/ban-nha-mat-tien-75-truong-dinh-p-ben-thanh-quan-1-cn-113-5m2-cach-cho-ben-thanh-100-18733569.html,2026-06-07,2026-06-07 20:16:10.418495,,75000,657894736.8421053,0,0
alonhadat,sale_student_csv,alonhadat_duc_18757410,18757410,"khu bán đồ cổ Lê Công Kiều, phường Bến Thành",84000000000,84 tỷ,63,5,"Đường Lê Công Kiều, Phường Bến Thành, Hồ Chí Minh",Phường Bến Thành,,Quận 1,1020,Nhà ở,,,,https://alonhadat.com.vn/khu-ban-do-co-le-cong-kieu-phuong-ben-thanh-18757410.html,https://alonhadat.com.vn/khu-ban-do-co-le-cong-kieu-phuong-ben-thanh-18757410.html,2026-06-07,2026-06-07 20:16:10.418495,,84000,1333333333.3333333,0,0
alonhadat,sale_student_csv,alonhadat_duc_18756992,18756992,bán nhà góc 2 mặt hẻm xe 7 chỗ trần đình xu,28000000000,28 tỷ,100,4,"Đường Trần Đình Xu, Phường Cầu Ông Lãnh, Hồ Chí Minh",Phường Cầu Ông Lãnh,,Quận 1,1020,Nhà ở,,,,https://alonhadat.com.vn/ban-nha-goc-2-mat-hem-xe-7-cho-tran-dinh-xu-18756992.html,https://alonhadat.com.vn/ban-nha-goc-2-mat-hem-xe-7-cho-tran-dinh-xu-18756992.html,2026-06-07,2026-06-07 20:16:10.418495,,28000,280000000,0,0
alonhadat,sale_student_csv,alonhadat_duc_18757366,18757366,"Bán nhà hẻm xe hơi Trần Đình Xu, P. Cầu Kho, Q.1",48000000000,48 tỷ,166,8,"Đường Trần Đình Xu, Phường Cầu Ông Lãnh, Hồ Chí Minh",Phường Cầu Kho,,Quận 1,1020,Nhà ở,,,,https://alonhadat.com.vn/ban-nha-hem-xe-hoi-tran-dinh-xu-p-cau-kho-q-1-18757366.html,https://alonhadat.com.vn/ban-nha-hem-xe-hoi-tran-dinh-xu-p-cau-kho-q-1-18757366.html,2026-06-07,2026-06-07 20:16:10.418495,,48000,289156626.5060241,0,0
alonhadat,sale_student_csv,alonhadat_duc_16112839,16112839,"Bán Gấp Nhà 2 mặt tiền Hẻm 8m Phố Nhật PHẠM VIẾT CHÁNH - Giáp Quận 1, 13x39m, Chỉ 62 Tỷ",62000000000,62 tỷ,480,4,"Đường Phạm Viết Chánh, Phường Thạnh Mỹ Tây, Hồ Chí Minh",Phường 19,,Quận 1,1020,Nhà ở,,,,https://alonhadat.com.vn/ban-nha-2-mat-tien-hem-8m-pho-nhat-pham-viet-chanh-14-5x20m-no-hau-30m-gia-62-ty-16112839.html,https://alonhadat.com.vn/ban-nha-2-mat-tien-hem-8m-pho-nhat-pham-viet-chanh-14-5x20m-no-hau-30m-gia-62-ty-16112839.html,2026-06-07,2026-06-07 20:16:10.418495,,62000,129166666.66666667,0,0
alonhadat,sale_student_csv,alonhadat_duc_18332575,18332575,"Bán Nhà Ngang 15M mặt tiền PHAN ĐÌNH PHÙNG,PHÚ NHUẬN, Cách Q1 chỉ 150m, 15x29m, Chỉ 115 Tỷ",115000000000,115 tỷ,425,6,"Đường Phan Đình Phùng, Phường Cầu Kiệu, Hồ Chí Minh",Phường Cầu Kiệu,,Quận 1,1020,Nhà ở,,,,https://alonhadat.com.vn/ban-nha-ngang-15m-mat-tien-duong-phan-dinh-phung-phu-nhuan-cach-q1-chi-150m-chi-116-ty-18332575.html,https://alonhadat.com.vn/ban-nha-ngang-15m-mat-tien-duong-phan-dinh-phung-phu-nhuan-cach-q1-chi-150m-chi-116-ty-18332575.html,2026-06-07,2026-06-07 20:16:10.418495,,115000,270588235.2941176,0,0
alonhadat,sale_student_csv,alonhadat_duc_17749022,17749022,"Nhà 5 Lầu Góc 2MT Điện Biên Phủ - Huỳnh Khương Ninh, Q1, 6.3x25m, HĐT 100 triệu,Chỉ 65 Tỷ",65000000000,65 tỷ,157,6,"Đường Điện Biên Phủ, Phường Tân Định, Hồ Chí Minh",Phường Đa Kao,,Quận 1,1020,Nhà ở,,,,https://alonhadat.com.vn/nha-5-lau-goc-2mt-dien-bien-phu-huynh-khuong-ninh-q1-6-3x25m-hdt-100-trieu-chi-65-ty-17749022.html,https://alonhadat.com.vn/nha-5-lau-goc-2mt-dien-bien-phu-huynh-khuong-ninh-q1-6-3x25m-hdt-100-trieu-chi-65-ty-17749022.html,2026-06-07,2026-06-07 20:16:10.418495,,65000,414012738.85350317,0,0
alonhadat,sale_student_csv,alonhadat_duc_18757308,18757308,"🏢 Bán nhà mặt tiền Trương Định, p. Bến Thành, Q.1 * DT công nhận: 113,5m² (4,2x27m)",75000000000,75 tỷ,114,6,"Đường Trương Định, Phường Bến Thành, Hồ Chí Minh",Phường Bến Thành,,Quận 1,1020,Nhà ở,,,,https://alonhadat.com.vn/-ban-nha-mat-tien-truong-dinh-p-ben-thanh-q-1-dt-cong-nhan-113-5m-4-2x27m--18757308.html,https://alonhadat.com.vn/-ban-nha-mat-tien-truong-dinh-p-ben-thanh-q-1-dt-cong-nhan-113-5m-4-2x27m--18757308.html,2026-06-07,2026-06-07 20:16:10.418495,,75000,657894736.8421053,0,0
alonhadat,sale_student_csv,alonhadat_duc_18744543,18744543,"Mặt Tiền Phố Bùi Thị Xuân,Phường Bến Thành, Ngang 4 x 24m, 4 lầu, bán nhanh chỉ 6x tỷ",68000000000,68 tỷ,95,5,"Đường Bùi Thị Xuân, Phường Bến Thành, Hồ Chí Minh",Phường Bến Thành,,Quận 1,1020,Nhà ở,,,,https://alonhadat.com.vn/mat-tien-pho-bui-thi-xuan-phuong-ben-thanh-ngang-4-x-24m-4-lau-ban-nhanh-chi-6x-ty-18744543.html,https://alonhadat.com.vn/mat-tien-pho-bui-thi-xuan-phuong-ben-thanh-ngang-4-x-24m-4-lau-ban-nhanh-chi-6x-ty-18744543.html,2026-06-07,2026-06-07 20:16:10.418495,,68000,715789473.6842105,0,0
alonhadat,sale_student_csv,alonhadat_duc_18751564,18751564,"Mặt Tiền Trần Quang Khải, Tân Định, Ngang 5 x 20m, 3 Lầu, HĐ thuê 92tr/th - chỉ 4x tỷ",49000000000,49 tỷ,101,6,"Đường Trần Quang Khải, Phường Tân Định, Hồ Chí Minh",Phường Tân Định,,Quận 1,1020,Nhà ở,,,,https://alonhadat.com.vn/mat-tien-tran-quang-khai-tan-dinh-ngang-5-x-20m-3-lau-hd-thue-92tr-th-chi-4x-ty-18751564.html,https://alonhadat.com.vn/mat-tien-tran-quang-khai-tan-dinh-ngang-5-x-20m-3-lau-hd-thue-92tr-th-chi-4x-ty-18751564.html,2026-06-07,2026-06-07 20:16:10.418495,,49000,485148514.85148513,0,0
alonhadat,sale_student_csv,alonhadat_duc_16157023,16157023,Mặt tiền Bùi Thị Xuân P. Bến Thành Q1 6x25 1 hầm 7 lầu HĐ thuê 230tr/tháng giá 70 tỷ,70000000000,70 tỷ,850,20,"Đường Bùi Thị Xuân, Phường Bến Thành, Hồ Chí Minh",Phường Bến Thành,,Quận 1,1020,Nhà ở,,,,https://alonhadat.com.vn/mat-tien-bui-thi-xuan-p-ben-thanh-q1-6x25-1-ham-7-lau-hd-thue-230tr-thang-gia-70-ty-16157023.html,https://alonhadat.com.vn/mat-tien-bui-thi-xuan-p-ben-thanh-q1-6x25-1-ham-7-lau-hd-thue-230tr-thang-gia-70-ty-16157023.html,2026-06-07,2026-06-07 20:16:10.418495,,70000,82352941.1764706,0,0
alonhadat,sale_student_csv,alonhadat_duc_14630994,14630994,"Siêu phẩm hiếm nhà bán MT đường ngay Nguyễn Huệ, P.Bến Nghé, Q.1 (8.3x23m) 270 tỷ",270000000000,270 tỷ,186,3,"Đường Nguyễn Huệ, Phường Sài Gòn, Hồ Chí Minh",Phường Bến Nghé,,Quận 1,1020,Nhà ở,,,,https://alonhadat.com.vn/sieu-pham-hiem-nha-ban-mt-duong-ngay-nguyen-hue-p-ben-nghe-q-1-8-3x23m-270-ty-14630994.html,https://alonhadat.com.vn/sieu-pham-hiem-nha-ban-mt-duong-ngay-nguyen-hue-p-ben-nghe-q-1-8-3x23m-270-ty-14630994.html,2026-06-07,2026-06-07 20:16:10.418495,,270000,1451612903.2258065,0,0
alonhadat,sale_student_csv,alonhadat_duc_18757175,18757175,"Bán nhà 4 tầng CMT8,p.Bến Thành, Quận 1- 8x15m- sẵn dòng tiền 200 triệu/tháng- 110 Tỷ TL",110000000000,110 tỷ,103,3,"Đường Cách Mạng Tháng Tám, Phường Bến Thành, Hồ Chí Minh",Phường Bến Thành,,Quận 1,1020,Nhà ở,,,,https://alonhadat.com.vn/ban-nha-4-tang-cmt8-p-ben-thanh-quan-1-8x15m-san-dong-tien-200-trieu-thang-110-ty-tl-18757175.html,https://alonhadat.com.vn/ban-nha-4-tang-cmt8-p-ben-thanh-quan-1-8x15m-san-dong-tien-200-trieu-thang-110-ty-tl-18757175.html,2026-06-07,2026-06-07 20:16:10.418495,,110000,1067961165.0485437,0,0
alonhadat,sale_student_csv,alonhadat_duc_18441842,18441842,"BÁN NHÀ HẺM 24 NGUYỄN VĂN CỪ 3X13 CÁCH MẶT TIỀN CHỈ 30M NGAY VÕ VĂN KIỆT 5,3TỶ HH1%",5300000000,"5,3 tỷ",36,2,"Đường Nguyễn Văn Cừ, Phường Cầu Ông Lãnh, Hồ Chí Minh",Phường Cầu Kho,,Quận 1,1020,Nhà ở,,,,https://alonhadat.com.vn/ban-nha-hem-24-nguyen-van-cu-3x13-cach-mat-tien-chi-30m-ngay-vo-van-kiet-chi-5-9ty-18441842.html,https://alonhadat.com.vn/ban-nha-hem-24-nguyen-van-cu-3x13-cach-mat-tien-chi-30m-ngay-vo-van-kiet-chi-5-9ty-18441842.html,2026-06-07,2026-06-07 20:16:10.418495,,5300,147222222.2222222,0,0
alonhadat,sale_student_csv,alonhadat_duc_18756968,18756968,NHANH MỚI KỊP - 4.3 TỶ GIẢM CHÀO 100TR CÒN 4.2 TỶ - DT5×18 NHÀ MỚI 2 TẦNG - NGAY TÔ KÝ Q1,4200000000,"4,2 tỷ",91,5,"Đường Tô Ký, Phường Trung Mỹ Tây, Hồ Chí Minh",Phường Tân Chánh Hiệp,,Quận 1,1020,Nhà ở,,,,https://alonhadat.com.vn/nhanh-moi-kip-4-3-ty-giam-chao-100tr-con-4-2-ty-dt5-18-nha-moi-2-tang-ngay-to-ky-q1-18756968.html,https://alonhadat.com.vn/nhanh-moi-kip-4-3-ty-giam-chao-100tr-con-4-2-ty-dt5-18-nha-moi-2-tang-ngay-to-ky-q1-18756968.html,2026-06-07,2026-06-07 20:16:10.418495,,4200,46153846.15384615,0,0
alonhadat,sale_student_csv,alonhadat_duc_18756802,18756802,Bán toà nhà MT Nguyễn Hữu Cầu- 12x19m- Hầm 8 Tầng + Thang máy- HĐT 500tr- 340 Tỷ Tl,340000000000,340 tỷ,265,9,"Đường Nguyễn Hữu Cầu, Phường Tân Định, Hồ Chí Minh",Phường Tân Định,,Quận 1,1020,Nhà ở,,,,https://alonhadat.com.vn/ban-toa-nha-mt-nguyen-huu-cau-12x19m-ham-8-tang-thang-may-hdt-500tr-340-ty-tl-18756802.html,https://alonhadat.com.vn/ban-toa-nha-mt-nguyen-huu-cau-12x19m-ham-8-tang-thang-may-hdt-500tr-340-ty-tl-18756802.html,2026-06-07,2026-06-07 20:16:10.418495,,340000,1283018867.9245284,0,0
alonhadat,sale_student_csv,alonhadat_duc_18756799,18756799,"RẺ NHẤT KHU VỰC! CHỦ CẦN BÁN NHÀ NGUYỄN CƯ TRINH P.BẾN THÀNH QUẬN 1.DT:5,3x12m GÍA 37 TỶ",37000000000,37 tỷ,56,1,"Đường Nguyễn Cư Trinh, Phường Bến Thành, Hồ Chí Minh",Phường Bến Thành,,Quận 1,1020,Nhà ở,,,,https://alonhadat.com.vn/re-nhat-khu-vuc-chu-can-ban-nha-nguyen-cu-trinh-p-ben-thanh-quan-1-dt-5-3x12m-gia-37-ty-18756799.html,https://alonhadat.com.vn/re-nhat-khu-vuc-chu-can-ban-nha-nguyen-cu-trinh-p-ben-thanh-quan-1-dt-5-3x12m-gia-37-ty-18756799.html,2026-06-07,2026-06-07 20:16:10.418495,,37000,660714285.7142857,0,0
alonhadat,sale_student_csv,alonhadat_duc_18031344,18031344,"Bán Toà Nhà 2 Hầm 9 Lầu mặt tiền Nguyễn Bỉnh Khiêm, Q1, 13x30m,Thuê 700tr/tháng,Chỉ 400 Tỷ",400000000000,400 tỷ,390,9,"Đường Nguyễn Bỉnh Khiêm, Phường Tân Định, Hồ Chí Minh",Phường Đa Kao,,Quận 1,1020,Nhà ở,,,,https://alonhadat.com.vn/ban-toa-nha-2-ham-9-lau-mat-tien-nguyen-binh-khiem-q1-13x30m-thue-700tr-thang-chi-400-ty-18031344.html,https://alonhadat.com.vn/ban-toa-nha-2-ham-9-lau-mat-tien-nguyen-binh-khiem-q1-13x30m-thue-700tr-thang-chi-400-ty-18031344.html,2026-06-07,2026-06-07 20:16:10.418495,,400000,1025641025.6410257,0,0
alonhadat,sale_student_csv,alonhadat_duc_18412480,18412480,Cần bán nhanh nhà trung tâm đường Võ Thị Sáu-Quận1-DT 6.5x18m-4tầng- KT 120tr/thg-Chỉ 28ty,28000000000,28 tỷ,117,6,"Đường Võ Thị Sáu, Phường Bến Thành, Hồ Chí Minh",Phường Phạm Ngũ Lão,,Quận 1,1020,Nhà ở,,,,https://alonhadat.com.vn/can-ban-nhanh-nha-trung-tam-duong-vo-thi-sau-quan1-dt-6-5x18m-4tang-kt-120tr-thg-chi-28ty-18412480.html,https://alonhadat.com.vn/can-ban-nhanh-nha-trung-tam-duong-vo-thi-sau-quan1-dt-6-5x18m-4tang-kt-120tr-thg-chi-28ty-18412480.html,2026-06-07,2026-06-07 20:16:10.418495,,28000,239316239.31623933,0,0
alonhadat,sale_student_csv,alonhadat_duc_18268213,18268213,"Siêu vị trí cực kỳ đắc địa . Mặt tiền ngay vòng xoay Phù Đổng Phường Bến Thành, Quận 1",36500000000,"36,5 tỷ",80,12,"Đường Cách Mạng Tháng Tám, Phường Bến Thành, Hồ Chí Minh",Phường Bến Thành,,Quận 1,1040,Đất,,,,https://alonhadat.com.vn/sieu-vi-tri-cuc-ky-dac-dia-mat-tien-ngay-vong-xoay-phu-dong-phuong-ben-thanh-quan-1-18268213.html,https://alonhadat.com.vn/sieu-vi-tri-cuc-ky-dac-dia-mat-tien-ngay-vong-xoay-phu-dong-phuong-ben-thanh-quan-1-18268213.html,2026-06-07,2026-06-07 20:16:10.418495,,36500,456250000,0,0
alonhadat,sale_student_csv,alonhadat_duc_18462469,18462469,"Bán căn góc 2 mặt tiền Nguyễn Thị Minh Khai, Quận 1, dt: 20x35m 2 tầng 399 tỷ",399000000000,399 tỷ,700,20,"Đường Nguyễn Thị Minh Khai, Phường Sài Gòn, Hồ Chí Minh",Phường Sài Gòn,,Quận 1,1040,Đất,,,,https://alonhadat.com.vn/ban-can-goc-2-mat-tien-nguyen-thi-minh-khai-quan-1-dt-20x35m-2-tang-399-ty-18462469.html,https://alonhadat.com.vn/ban-can-goc-2-mat-tien-nguyen-thi-minh-khai-quan-1-dt-20x35m-2-tang-399-ty-18462469.html,2026-06-07,2026-06-07 20:16:10.418495,,399000,570000000,0,0
alonhadat,sale_student_csv,alonhadat_duc_16213032,16213032,"Bán khách sạn A25 ngay MT Bùi Thị Xuân, Q1. DT: 6 x 28m, hầm 9 tầng 25 phòng, Chỉ 65 tỷ",65000000000,65 tỷ,120,25,"Đường Bùi Thị Xuân, Phường Bến Thành, Hồ Chí Minh",Phường Phạm Ngũ Lão,,Quận 1,1040,Đất,,,,https://alonhadat.com.vn/ban-khach-san-a25-ngay-mt-bui-thi-xuan-q1-dt-6-x-28m-ham-9-tang-25-phong-chi-65-ty-16213032.html,https://alonhadat.com.vn/ban-khach-san-a25-ngay-mt-bui-thi-xuan-q1-dt-6-x-28m-ham-9-tang-25-phong-chi-65-ty-16213032.html,2026-06-07,2026-06-07 20:16:10.418495,,65000,541666666.6666666,0,0
alonhadat,sale_student_csv,alonhadat_duc_18759019,18759019,"Mặt tiền Nguyễn Hữu Cầu, Quận 1 - NH 9 x 25m - CTXD: Hầm 8 Tầng - 105 Tỷ hạ về 90 Tỷ",90000000000,90 tỷ,225,18,"Đường Nguyễn Hữu Cầu, Phường Tân Định, Hồ Chí Minh",Phường Tân Định,,Quận 1,1040,Đất,,,,https://alonhadat.com.vn/mat-tien-nguyen-huu-cau-quan-1-nh-9-x-25m-ctxd-ham-8-tang-105-ty-ha-ve-90-ty-18759019.html,https://alonhadat.com.vn/mat-tien-nguyen-huu-cau-quan-1-nh-9-x-25m-ctxd-ham-8-tang-105-ty-ha-ve-90-ty-18759019.html,2026-06-07,2026-06-07 20:16:10.418495,,90000,400000000,0,0
alonhadat,sale_student_csv,alonhadat_duc_18755857,18755857,"*Siêu phẩm góc vàng Lê Duẩn – Nguyễn Du, phường Bến Nghé, Quận 1",399000000000,399 tỷ,329,1,"Đường Lê Duẩn, Phường Sài Gòn, Hồ Chí Minh",Phường Sài Gòn,,Quận 1,1040,Đất,,,,https://alonhadat.com.vn/-sieu-pham-goc-vang-le-duan-nguyen-du-phuong-ben-nghe-quan-1-18755857.html,https://alonhadat.com.vn/-sieu-pham-goc-vang-le-duan-nguyen-du-phuong-ben-nghe-quan-1-18755857.html,2026-06-07,2026-06-07 20:16:10.418495,,399000,1212765957.4468086,0,0
alonhadat,sale_student_csv,alonhadat_duc_17425254,17425254,"KS LÝ TỰ TRỌNG Q1 (6,9 X 21M) HẦM 5 LẦU 26P THU NHẬP 600TR GIÁ BÁN 55 TỶ",55000000000,55 tỷ,117,26,"Đường Lý Tự Trọng, Phường Bến Thành, Hồ Chí Minh",Phường Bến Thành,,Quận 1,1040,Đất,,,,https://alonhadat.com.vn/ks-ly-tu-trong-q1-6-9-x-21m-ham-5-lau-26p-thu-nhap-600tr-gia-ban-55-ty-17425254.html,https://alonhadat.com.vn/ks-ly-tu-trong-q1-6-9-x-21m-ham-5-lau-26p-thu-nhap-600tr-gia-ban-55-ty-17425254.html,2026-06-07,2026-06-07 20:16:10.418495,,55000,470085470.0854701,0,0
alonhadat,sale_student_csv,alonhadat_duc_18758222,18758222,"Bán Khách sạn quận 1 mặt tiền Lê Thánh Tôn, hầm 10 tầng, 500 triệu/tháng, 150 tỷ",150000000000,150 tỷ,147,30,"Đường Lê Thánh Tôn, Phường Bến Thành, Hồ Chí Minh",Phường Bến Thành,,Quận 1,1040,Đất,,,,https://alonhadat.com.vn/ban-khach-san-quan-1-mat-tien-le-thanh-ton-ham-10-tang-500-trieu-thang-150-ty-18758222.html,https://alonhadat.com.vn/ban-khach-san-quan-1-mat-tien-le-thanh-ton-ham-10-tang-500-trieu-thang-150-ty-18758222.html,2026-06-07,2026-06-07 20:16:10.418495,,150000,1020408163.2653061,0,0
alonhadat,sale_student_csv,alonhadat_duc_18682585,18682585,"Siêu vị trí ngay vòng xoay Phù Đổng - Bán khách sạn 10 tầng, dòng tiền cao.",110000000000,110 tỷ,125,32,"Đường Nguyễn Trãi, Phường Bến Thành, Hồ Chí Minh",Phường Bến Thành,,Quận 1,1040,Đất,,,,https://alonhadat.com.vn/sieu-vi-tri-ngay-vong-xoay-phu-dong-ban-khach-san-10-tang-dong-tien-cao--18682585.html,https://alonhadat.com.vn/sieu-vi-tri-ngay-vong-xoay-phu-dong-ban-khach-san-10-tang-dong-tien-cao--18682585.html,2026-06-07,2026-06-07 20:16:10.418495,,110000,880000000,0,0
alonhadat,sale_student_csv,alonhadat_duc_18749777,18749777,BÁN TÒA NHÀ MẶT TIỀN BÙI VIỆN-ĐANG CHO THUÊ 145 TRIỆU/THÁNG-GIÁ:52 TỶ-VỊ TRÍ ĐẸP NHẤT!,52000000000,52 tỷ,350,12,"Đường Bùi Viện, Phường Bến Thành, Hồ Chí Minh",Phường Bến Thành,,Quận 1,1040,Đất,,,,https://alonhadat.com.vn/ban-toa-nha-mat-tien-bui-vien-dang-cho-thue-145-trieu-thang-gia-52-ty-vi-tri-dep-nhat--18749777.html,https://alonhadat.com.vn/ban-toa-nha-mat-tien-bui-vien-dang-cho-thue-145-trieu-thang-gia-52-ty-vi-tri-dep-nhat--18749777.html,2026-06-07,2026-06-07 20:16:10.418495,,52000,148571428.57142857,0,0
alonhadat,sale_student_csv,alonhadat_duc_18749809,18749809,"***NHÀ 2 MẶT TIỀN P.N.LÃO-ĐỀ THÁM-4,1X24M-4 TẦNG-HỢP ĐỒNG THUÊ 5.000USA/THÁNG-GIÁ: 74 TỶ!",74000000000,74 tỷ,300,6,"Đường Đề Thám, Phường Bến Thành, Hồ Chí Minh",Phường Bến Thành,,Quận 1,1040,Đất,,,,https://alonhadat.com.vn/-nha-2-mat-tien-p-n-lao-de-tham-4-1x24m-4-tang-hop-dong-thue-5-000usa-thang-gia-74-ty--18749809.html,https://alonhadat.com.vn/-nha-2-mat-tien-p-n-lao-de-tham-4-1x24m-4-tang-hop-dong-thue-5-000usa-thang-gia-74-ty--18749809.html,2026-06-07,2026-06-07 20:16:10.418495,,74000,246666666.66666666,0,0
alonhadat,sale_student_csv,alonhadat_duc_18693415,18693415,"Bán nhà MT Trần Hưng Đạo ngay Pullman, vị trí vàng làm trụ sở VP",285000000000,285 tỷ,431,4,"Đường Trần Hưng Đạo, Phường Cầu Ông Lãnh, Hồ Chí Minh",Phường Cầu Ông Lãnh,,Quận 1,1040,Đất,,,,https://alonhadat.com.vn/ban-nha-mt-tran-hung-dao-ngay-pullman-vi-tri-vang-lam-tru-so-vp-18693415.html,https://alonhadat.com.vn/ban-nha-mt-tran-hung-dao-ngay-pullman-vi-tri-vang-lam-tru-so-vp-18693415.html,2026-06-07,2026-06-07 20:16:10.418495,,285000,661252900.2320186,0,0
alonhadat,sale_student_csv,alonhadat_duc_14149675,14149675,BÁN NHÀ MT.VIP NHẤT ĐƯỜNG.LÊ LAI.P.B THÀNH.Q1.DT: 8.2M X 21M NHÀ 4 LẦU GIÁ: 172 TỶ,172000000000,172 tỷ,176,8,"Đường Lê Lai, Phường Bến Thành, Hồ Chí Minh",Phường Bến Thành,,Quận 1,1040,Đất,,,,https://alonhadat.com.vn/ban-nha-mt-vip-nhat-duong-le-lai-p-b-thanh-q1-dt-8-2m-x-21m-nha-4-lau-gia-140-ty-14149675.html,https://alonhadat.com.vn/ban-nha-mt-vip-nhat-duong-le-lai-p-b-thanh-q1-dt-8-2m-x-21m-nha-4-lau-gia-140-ty-14149675.html,2026-06-07,2026-06-07 20:16:10.418495,,172000,977272727.2727273,0,0
alonhadat,sale_student_csv,alonhadat_duc_18752408,18752408,🔥 HÀNG HIẾM - CĂN GÓC HẺM XE HƠI THÔNG LÊ VĂN DUYỆT - CẦU BÔNG QUẬN 1 - Chỉ Hơn 5 tỷ,5650000000,"5,65 tỷ",52,3,"Đường Lê Văn Duyệt, Phường Gia Định, Hồ Chí Minh",Phường Gia Định,,Quận 1,1040,Đất,,,,https://alonhadat.com.vn/-hang-hiem-phan-xich-long-nha-4-tang-hem-xe-hoi-gan-60m-chi-nhinh-8-ty--18752408.html,https://alonhadat.com.vn/-hang-hiem-phan-xich-long-nha-4-tang-hem-xe-hoi-gan-60m-chi-nhinh-8-ty--18752408.html,2026-06-07,2026-06-07 20:16:10.418495,,5650,108653846.15384616,0,0
alonhadat,sale_student_csv,alonhadat_duc_18755513,18755513,"Mặt Tiền Huỳnh Thúc Kháng P.Bến Nghé Quận 1, DT: 4,5x20m-6 tầng-HĐT 150tr/th Giá 79 tỷ",79000000000,79 tỷ,81,6,"Đường Huỳnh Thúc Kháng, Phường Sài Gòn, Hồ Chí Minh",Phường Bến Nghé,,Quận 1,1040,Đất,,,,https://alonhadat.com.vn/mat-tien-huynh-thuc-khang-p-ben-nghe-quan-1-dt-4-5x20m-6-tang-hdt-150tr-th-gia-79-ty-18755513.html,https://alonhadat.com.vn/mat-tien-huynh-thuc-khang-p-ben-nghe-quan-1-dt-4-5x20m-6-tang-hdt-150tr-th-gia-79-ty-18755513.html,2026-06-07,2026-06-07 20:16:10.418495,,79000,975308641.9753087,0,0
alonhadat,sale_student_csv,alonhadat_duc_18755470,18755470,"Siêu Phẩm Mặt Tiền 80 Lý Tự Trọng Quận 1, DT: 4x25m - 3 tầng - HĐT 100tr/th Giá 79 tỷ",79000000000,79 tỷ,94,3,"Đường Lý Tự Trọng, Phường Bến Thành, Hồ Chí Minh",Phường Bến Thành,,Quận 1,1040,Đất,,,,https://alonhadat.com.vn/sieu-pham-mat-tien-80-ly-tu-trong-quan-1-dt-4x25m-3-tang-hdt-100tr-th-gia-79-ty-18755470.html,https://alonhadat.com.vn/sieu-pham-mat-tien-80-ly-tu-trong-quan-1-dt-4x25m-3-tang-hdt-100tr-th-gia-79-ty-18755470.html,2026-06-07,2026-06-07 20:16:10.418495,,79000,840425531.9148936,0,0
alonhadat,sale_student_csv,alonhadat_duc_18758426,18758426,Bán Khách Sạn Khu Phố Tây Đường Phạm Ngũ Lão Quận 1.DT:8x12m.Giá 38 tỷ,38000000000,38 tỷ,77,20,"Đường Phạm Ngũ Lão, Phường Bến Thành, Hồ Chí Minh",Phường Phạm Ngũ Lão,,Quận 1,1040,Đất,,,,https://alonhadat.com.vn/ban-khach-san-khu-pho-tay-duong-pham-ngu-lao-quan-1-dt-8x12m-gia-38-ty-18758426.html,https://alonhadat.com.vn/ban-khach-san-khu-pho-tay-duong-pham-ngu-lao-quan-1-dt-8x12m-gia-38-ty-18758426.html,2026-06-07,2026-06-07 20:16:10.418495,,38000,493506493.5064935,0,0
alonhadat,sale_student_csv,alonhadat_duc_18758277,18758277,"🔥 CƠ HỘI SỞ HỮU BẤT ĐỘNG SẢN HIẾM HÓT TRÊN TUYẾN ĐƯỜNG LÊ LAI – PHƯỜNG BẾN THÀNH, QUẬN 1",175000000000,175 tỷ,167,1,"Đường Lê Lai, Phường Bến Thành, Hồ Chí Minh",Phường Bến Thành,,Quận 1,1040,Đất,,,,https://alonhadat.com.vn/-co-hoi-so-huu-bat-dong-san-hiem-hot-tren-tuyen-duong-le-lai-phuong-ben-thanh-quan-1-18758277.html,https://alonhadat.com.vn/-co-hoi-so-huu-bat-dong-san-hiem-hot-tren-tuyen-duong-le-lai-phuong-ben-thanh-quan-1-18758277.html,2026-06-07,2026-06-07 20:16:10.418495,,175000,1047904191.6167665,0,0
alonhadat,sale_student_csv,alonhadat_duc_18758248,18758248,"Mặt tiền Đặng Thị Nhu, Phường Nguyễn Thái Bình - Bến Thành, Quận",40000000000,40 tỷ,50,10,"Đường Đặng Thị Nhu, Phường Sài Gòn, Hồ Chí Minh",Phường Nguyễn Thái Bình,,Quận 1,1040,Đất,,,,https://alonhadat.com.vn/mat-tien-dang-thi-nhu-phuong-nguyen-thai-binh-ben-thanh-quan-18758248.html,https://alonhadat.com.vn/mat-tien-dang-thi-nhu-phuong-nguyen-thai-binh-ben-thanh-quan-18758248.html,2026-06-07,2026-06-07 20:16:10.418495,,40000,800000000,0,0
alonhadat,sale_student_csv,alonhadat_duc_18171757,18171757,Siêu phẩm MT Chợ Kim Hoàn - Nguyễn Hữu Cầu | 9 x 24m | CTXD: Hầm 8 Tầng |,95000000000,95 tỷ,200,9,"Đường Nguyễn Hữu Cầu, Phường Tân Định, Hồ Chí Minh",Phường Tân Định,,Quận 1,1040,Đất,,,,https://alonhadat.com.vn/sieu-pham-mt-cho-kim-hoan-nguyen-huu-cau-9-x-24m-ctxd-ham-8-tang--18171757.html,https://alonhadat.com.vn/sieu-pham-mt-cho-kim-hoan-nguyen-huu-cau-9-x-24m-ctxd-ham-8-tang--18171757.html,2026-06-07,2026-06-07 20:16:10.418495,,95000,475000000,0,0
alonhadat,sale_student_csv,alonhadat_duc_18169749,18169749,Góc 2MT 24 Bùi Thị Xuân Q1 | 9x20m | Hầm 10 Tầng ( 40 phòng ) | HĐT: 480 triệu / tháng |,250000000000,250 tỷ,180,40,"Đường Bùi Thị Xuân, Phường Bến Thành, Hồ Chí Minh",Phường Bến Thành,,Quận 1,1040,Đất,,,,https://alonhadat.com.vn/goc-2mt-24-bui-thi-xuan-q1-9x20m-ham-10-tang-40-phong-hdt-480-trieu-thang--18169749.html,https://alonhadat.com.vn/goc-2mt-24-bui-thi-xuan-q1-9x20m-ham-10-tang-40-phong-hdt-480-trieu-thang--18169749.html,2026-06-07,2026-06-07 20:16:10.418495,,250000,1388888888.8888888,0,0
alonhadat,sale_student_csv,alonhadat_duc_18758105,18758105,SIÊU PHẨM 9 TẦNG THANG MÁY II MT NGUYỄN CÔNG TRỨ II DỰ KIẾN HDT 160 TRIỆU/THÁNG II 31 TỶ,31000000000,31 tỷ,55,18,"Đường Nguyễn Công Trứ, Phường Sài Gòn, Hồ Chí Minh",Phường Nguyễn Thái Bình,,Quận 1,1040,Đất,,,,https://alonhadat.com.vn/sieu-pham-9-tang-thang-may-ii-mt-nguyen-cong-tru-ii-du-kien-hdt-160-trieu-thang-ii-31-ty-18758105.html,https://alonhadat.com.vn/sieu-pham-9-tang-thang-may-ii-mt-nguyen-cong-tru-ii-du-kien-hdt-160-trieu-thang-ii-31-ty-18758105.html,2026-06-07,2026-06-07 20:16:10.418495,,31000,563636363.6363636,0,0
alonhadat,sale_student_csv,alonhadat_duc_18758065,18758065,"🔥 SIÊU PHẨM ĐẤT VÀNG ĐAKAO – 17M MẶT TIỀN NGUYỄN ĐÌNH CHIỂU | 432,5M² | HĐ THUÊ 350 TRIỆU",400000000000,400 tỷ,432,2,"Đường Nguyễn Đình Chiểu, Phường Tân Định, Hồ Chí Minh",Phường Đa Kao,,Quận 1,1040,Đất,,,,https://alonhadat.com.vn/-sieu-pham-dat-vang-dakao-17m-mat-tien-nguyen-dinh-chieu-432-5m-hd-thue-350-trieu-18758065.html,https://alonhadat.com.vn/-sieu-pham-dat-vang-dakao-17m-mat-tien-nguyen-dinh-chieu-432-5m-hd-thue-350-trieu-18758065.html,2026-06-07,2026-06-07 20:16:10.418495,,400000,925925925.925926,0,0
alonhadat,sale_student_csv,alonhadat_duc_18757568,18757568,SIÊU PHẨM CAO ỐC PHỨC HỢP MẶT TIỀN CÔ BẮC - HĐT 235TR/THÁNG - GIẢM 29 TỶ,99000000000,99 tỷ,215,36,"Đường Cô Bắc, Phường Cầu Ông Lãnh, Hồ Chí Minh",Phường Cô Giang,,Quận 1,1040,Đất,,,,https://alonhadat.com.vn/sieu-pham-cao-oc-phuc-hop-mat-tien-co-bac-hdt-235tr-thang-giam-29-ty-18757568.html,https://alonhadat.com.vn/sieu-pham-cao-oc-phuc-hop-mat-tien-co-bac-hdt-235tr-thang-giam-29-ty-18757568.html,2026-06-07,2026-06-07 20:16:10.418495,,99000,460465116.2790698,0,0
alonhadat,sale_student_csv,alonhadat_duc_18757535,18757535,"Bán nhà 122/4 Trần Đình Xu, p. Nguyễn Cư Trinh, Q.1",54000000000,54 tỷ,262,5,"Đường Trần Đình Xu, Phường Cầu Ông Lãnh, Hồ Chí Minh",Phường Cầu Ông Lãnh,,Quận 1,1040,Đất,,,,https://alonhadat.com.vn/ban-nha-122-4-tran-dinh-xu-p-nguyen-cu-trinh-q-1-18757535.html,https://alonhadat.com.vn/ban-nha-122-4-tran-dinh-xu-p-nguyen-cu-trinh-q-1-18757535.html,2026-06-07,2026-06-07 20:16:10.418495,,54000,206106870.22900763,0,0
alonhadat,sale_student_csv,alonhadat_duc_18715513,18715513,"GÓC 2 MẶT TIỀN NGUYỄN VĂN THỦ - PHAN KẾ BÍNH, QUẬN 1- 9X15M- 5 TẦNG ĐẸP-GIÁ: 90 TỶ",90000000000,90 tỷ,128,10,"Đường Nguyễn Văn Thủ, Phường Tân Định, Hồ Chí Minh",Phường Tân Định,,Quận 1,1040,Đất,,,,https://alonhadat.com.vn/goc-2-mat-tien-nguyen-van-thu-phan-ke-binh-quan-1-9x15m-5-tang-dep-gia-90-ty-18715513.html,https://alonhadat.com.vn/goc-2-mat-tien-nguyen-van-thu-phan-ke-binh-quan-1-9x15m-5-tang-dep-gia-90-ty-18715513.html,2026-06-07,2026-06-07 20:16:10.418495,,90000,703125000,0,0
alonhadat,sale_student_csv,alonhadat_duc_18757253,18757253,"BÁN NHÀ Tặng Đất HXH 37/6 - 8 Trần Đình Xu, P.Cầu Kho, Quận 1- 48 TỶ TL",48000000000,48 tỷ,165,2,"Đường Trần Đình Xu, Phường Cầu Ông Lãnh, Hồ Chí Minh",Phường Cầu Kho,,Quận 1,1040,Đất,,,,https://alonhadat.com.vn/ban-nha-tang-dat-hxh-37-6-8-tran-dinh-xu-p-cau-kho-quan-1-48-ty-tl-18757253.html,https://alonhadat.com.vn/ban-nha-tang-dat-hxh-37-6-8-tran-dinh-xu-p-cau-kho-quan-1-48-ty-tl-18757253.html,2026-06-07,2026-06-07 20:16:10.418495,,48000,290909090.90909094,0,0
alonhadat,sale_student_csv,alonhadat_duc_18744164,18744164,"Bán Góc 2 Mặt Tiền phố vàng Tân Định, Ngang 7 x 20m đất 118m2, 4 lầu - giá chỉ 6x tỷ",65000000000,65 tỷ,118,6,"Đường Nguyễn Hữu Cầu, Phường Tân Định, Hồ Chí Minh",Phường Tân Định,,Quận 1,1040,Đất,,,,https://alonhadat.com.vn/ban-goc-2-mat-tien-pho-vang-tan-dinh-ngang-7-x-20m-dat-118m2-4-lau-gia-chi-6x-ty-18744164.html,https://alonhadat.com.vn/ban-goc-2-mat-tien-pho-vang-tan-dinh-ngang-7-x-20m-dat-118m2-4-lau-gia-chi-6x-ty-18744164.html,2026-06-07,2026-06-07 20:16:10.418495,,65000,550847457.6271186,0,0
alonhadat,sale_student_csv,alonhadat_duc_18751670,18751670,"Mặt Tiền Bùi Thị Xuân, Phường Bến Thành, Quận 1 8 x 15m, 6 lầu, HĐ 140tr/th - chỉ 7x tỷ",75000000000,75 tỷ,94,12,"Đường Bùi Thị Xuân, Phường Bến Thành, Hồ Chí Minh",Phường Bến Thành,,Quận 1,1040,Đất,,,,https://alonhadat.com.vn/mat-tien-bui-thi-xuan-phuong-ben-thanh-quan-1-8-x-15m-6-lau-hd-140tr-th-chi-7x-ty-18751670.html,https://alonhadat.com.vn/mat-tien-bui-thi-xuan-phuong-ben-thanh-quan-1-8-x-15m-6-lau-hd-140tr-th-chi-7x-ty-18751670.html,2026-06-07,2026-06-07 20:16:10.418495,,75000,797872340.4255319,0,0
alonhadat,sale_student_csv,alonhadat_duc_18744978,18744978,"Bán gấp siêu phẩm Góc 3MT Trinh Văn Cấn ,P.Bến Thành Q1- 52 m2 (14x4) 5 lầu TM HĐT 150 tr",34000000000,34 tỷ,52,6,"Đường Trịnh Văn Cấn, Phường Bến Thành, Hồ Chí Minh",Phường Bến Thành,,Quận 1,1040,Đất,,,,https://alonhadat.com.vn/ban-gap-sieu-pham-goc-3mt-trinh-van-can-p-ben-thanh-q1-52-m2-14x4-5-lau-tm-hdt-150-tr-18744978.html,https://alonhadat.com.vn/ban-gap-sieu-pham-goc-3mt-trinh-van-can-p-ben-thanh-q1-52-m2-14x4-5-lau-tm-hdt-150-tr-18744978.html,2026-06-07,2026-06-07 20:16:10.418495,,34000,653846153.8461539,0,0
alonhadat,sale_student_csv,alonhadat_duc_15132132,15132132,"Định cư cần bán mặt tiền Trần Quang Khải, Quận 1, 5.2x27m (NH: 7m), HĐT 75 Triệu, 54 Tỷ",54000000000,54 tỷ,150,2,"Đường Trần Quang Khải, Phường Tân Định, Hồ Chí Minh",Phường Tân Định,,Quận 1,1040,Đất,,,,https://alonhadat.com.vn/dinh-cu-can-ban-mat-tien-tran-quang-khai-quan-1-5-2x27m-nh-7m-hdt-75-trieu-55-ty-15132132.html,https://alonhadat.com.vn/dinh-cu-can-ban-mat-tien-tran-quang-khai-quan-1-5-2x27m-nh-7m-hdt-75-trieu-55-ty-15132132.html,2026-06-07,2026-06-07 20:16:10.418495,,54000,360000000,0,0
alonhadat,sale_student_csv,alonhadat_duc_17600317,17600317,"Khách Sạn 6 Lầu mặt tiền ngay PHAN XÍCH LONG,Cách Q1 150m,10x19m,TN 300tr/tháng,Chỉ 53 Tỷ",53000000000,53 tỷ,190,39,"Đường Phan Xích Long, Phường Gia Định, Hồ Chí Minh",Phường 3,,Quận 1,1040,Đất,,,,https://alonhadat.com.vn/ban-khach-san-6-lau-mat-tienangay-phan-xich-long-cach-q1-chi-150m-10x19m-tn-300-trieu-17600317.html,https://alonhadat.com.vn/ban-khach-san-6-lau-mat-tienangay-phan-xich-long-cach-q1-chi-150m-10x19m-tn-300-trieu-17600317.html,2026-06-07,2026-06-07 20:16:10.418495,,53000,278947368.42105263,0,0
alonhadat,sale_student_csv,alonhadat_duc_18756225,18756225,"HÀNG HIẾM KẾ BÊN QUẬN 1 – HXH TRÁNH NHAU NGUYỄN CỬU VÂN, P.17 BÌNH THẠNH",13500000000,"13,5 tỷ",56,5,"Đường Nguyễn Cửu Vân, Phường Gia Định, Hồ Chí Minh",Phường 17,,Quận 1,1040,Đất,,,,https://alonhadat.com.vn/hang-hiem-ke-ben-quan-1-hxh-tranh-nhau-nguyen-cuu-van-p-17-binh-thanh-18756225.html,https://alonhadat.com.vn/hang-hiem-ke-ben-quan-1-hxh-tranh-nhau-nguyen-cuu-van-p-17-binh-thanh-18756225.html,2026-06-07,2026-06-07 20:16:10.418495,,13500,241071428.57142857,0,0
alonhadat,sale_student_csv,alonhadat_duc_18736963,18736963,"Bán Biệt Thự,Điện Biên Phủ,Phường,11,Quận,10 Dt;16mx20m3.Kc; 3 Tầng,Giá bán chỉ; 54 Tỷ",54000000000,54 tỷ,275,8,"Đường Điện Biên Phủ, Phường Vườn Lài, Hồ Chí Minh",Phường 11,,Quận 10,1020,Biệt thự,,,,https://alonhadat.com.vn/ban-biet-thu-dien-bien-phu-phuong-11-quan-10-dt-16mx20m3-kc-3-tang-gia-ban-chi-55-ty-18736963.html,https://alonhadat.com.vn/ban-biet-thu-dien-bien-phu-phuong-11-quan-10-dt-16mx20m3-kc-3-tang-gia-ban-chi-55-ty-18736963.html,2026-06-07,2026-06-07 20:16:10.418495,,54000,196363636.36363637,0,0
alonhadat,sale_student_csv,alonhadat_duc_18468465,18468465,"Bán biệt thự căn góc 31/10 Hoàng Dư Khương, Quận 10, dt: 8x23m 3 tầng mới.",45000000000,45 tỷ,182,6,"Đường Hoàng Dư Khương, Phường Hòa Hưng, Hồ Chí Minh",Phường Hòa Hưng,,Quận 10,1020,Biệt thự,,,,https://alonhadat.com.vn/ban-biet-thu-can-goc-31-10-hoang-du-khuong-quan-10-dt-8x23m-3-tang-moi--18468465.html,https://alonhadat.com.vn/ban-biet-thu-can-goc-31-10-hoang-du-khuong-quan-10-dt-8x23m-3-tang-moi--18468465.html,2026-06-07,2026-06-07 20:16:10.418495,,45000,247252747.25274727,0,0
alonhadat,sale_student_csv,alonhadat_duc_18757354,18757354,"Đường 10m, có lề rộng, 7x17m, Sư Vạn Hạnh, gần Vạn Hạnh Mall, khu biệt thự... P12 Q10.",40500000000,"40,5 tỷ",118,6,"Đường Sư Vạn Hạnh, Phường Hòa Hưng, Hồ Chí Minh",Phường 12,,Quận 10,1020,Biệt thự,,,,https://alonhadat.com.vn/duong-10m-co-le-rong-7x17m-su-van-hanh-gan-van-hanh-mall-khu-biet-thu-p12-q10--18757354.html,https://alonhadat.com.vn/duong-10m-co-le-rong-7x17m-su-van-hanh-gan-van-hanh-mall-khu-biet-thu-p12-q10--18757354.html,2026-06-07,2026-06-07 20:16:10.418495,,40500,343220338.9830508,0,0
alonhadat,sale_student_csv,alonhadat_duc_18756501,18756501,"Đất hẻm 10m Tô Hiến Thành 365m2, 14x32m, CTXD: H-7 Tầng, 75 tỷ",75000000000,75 tỷ,365,1,"Đường Tô Hiến Thành, Phường Hòa Hưng, Hồ Chí Minh",Phường 12,,Quận 10,1010,Căn hộ chung cư,,,,https://alonhadat.com.vn/dat-hem-10m-to-hien-thanh-365m2-14x32m-ctxd-h-7-tang-75-ty-18756501.html,https://alonhadat.com.vn/dat-hem-10m-to-hien-thanh-365m2-14x32m-ctxd-h-7-tang-75-ty-18756501.html,2026-06-07,2026-06-07 20:16:10.418495,,75000,205479452.05479452,0,0
alonhadat,sale_student_csv,alonhadat_duc_18751959,18751959,"Giảm 10 tỷ, Mặt tiền 3 tháng 2, vòng xoay dân chủ, ngang 7x32, Quận 10, cực hiếm",55000000000,55 tỷ,210,4,"Đường 3/2, Phường Vườn Lài, Hồ Chí Minh",Phường 11,,Quận 10,1010,Căn hộ chung cư,,,,https://alonhadat.com.vn/giam-10-ty-mat-tien-3-thang-2-vong-xoay-dan-chu-ngang-7x32-quan-10-cuc-hiem-18751959.html,https://alonhadat.com.vn/giam-10-ty-mat-tien-3-thang-2-vong-xoay-dan-chu-ngang-7x32-quan-10-cuc-hiem-18751959.html,2026-06-07,2026-06-07 20:16:10.418495,,55000,261904761.9047619,0,0
alonhadat,sale_student_csv,alonhadat_duc_15229005,15229005,Bán MT Thành Thái P.14 Q.10 - DT: 12Mx26M. NH 16m. CN 335m2 - 2 lầu - 110 tỷ,110000000000,110 tỷ,335,2,"Đường Thành Thái, Phường Diên Hồng, Hồ Chí Minh",Phường 14,,Quận 10,1010,Căn hộ chung cư,,,,https://alonhadat.com.vn/ban-mt-thanh-thai-p-14-q-10-dt-12mx26m-nh-16m-cn-335m2-2-lau-110-ty-15229005.html,https://alonhadat.com.vn/ban-mt-thanh-thai-p-14-q-10-dt-12mx26m-nh-16m-cn-335m2-2-lau-110-ty-15229005.html,2026-06-07,2026-06-07 20:16:10.418495,,110000,328358208.95522386,0,0
alonhadat,sale_student_csv,alonhadat_duc_18728287,18728287,8.9 tỷ nhà 76m đất Nguyễn Tri Phương Quận 10 rộng 7.7m x 11m xây CHDV,8900000000,"8,9 tỷ",76,3,"Đường Nguyễn Tri Phương, Phường Vườn Lài, Hồ Chí Minh",Phường 4,,Quận 10,1010,Căn hộ chung cư,,,,https://alonhadat.com.vn/8-9-ty-nha-76m-dat-nguyen-tri-phuong-quan-10-rong-7-7m-x-11m-xay-chdv-18728287.html,https://alonhadat.com.vn/8-9-ty-nha-76m-dat-nguyen-tri-phuong-quan-10-rong-7-7m-x-11m-xay-chdv-18728287.html,2026-06-07,2026-06-07 20:16:10.418495,,8900,117105263.15789473,0,0
alonhadat,sale_student_csv,alonhadat_duc_16139654,16139654,BÁN TOÀ NHÀ CHDV CMT8 - P12 - Q10 DT:4x18CN:72m2,24000000000,24 tỷ,62,13,"Đường Cách Mạng Tháng 8, Phường Hòa Hưng, Hồ Chí Minh",Phường 12,,Quận 10,1030,Mặt bằng,,,,https://alonhadat.com.vn/ban-toa-nha-chdv-285-31-cmt8-p12-q10-16139654.html,https://alonhadat.com.vn/ban-toa-nha-chdv-285-31-cmt8-p12-q10-16139654.html,2026-06-07,2026-06-07 20:16:10.418495,,24000,387096774.1935484,0,0
alonhadat,sale_student_csv,alonhadat_duc_18460208,18460208,"GẤP! DUY NHẤT 1 CĂN SƯ VẠN HẠNH, P. HOÀ HƯNG, GIÁ 4,58 TỶ - 70M2 (5x14) 1 TRỆT LỬNG 3 LẦU",4580000000,"4,58 tỷ",70,5,"Đường Sư Vạn Hạnh, Phường Hòa Hưng, Hồ Chí Minh",Phường Hòa Hưng,,Quận 10,1020,Nhà ở,,,,https://alonhadat.com.vn/gap-duy-nhat-1-can-su-van-hanh-p-hoa-hung-gia-4-58-ty-70m2-5x14-1-tret-lung-3-lau-18460208.html,https://alonhadat.com.vn/gap-duy-nhat-1-can-su-van-hanh-p-hoa-hung-gia-4-58-ty-70m2-5x14-1-tret-lung-3-lau-18460208.html,2026-06-07,2026-06-07 20:16:10.418495,,4580,65428571.428571425,0,0
alonhadat,sale_student_csv,alonhadat_duc_18756679,18756679,"Bán nhà HXH 285 CMT8 65m2, 5x13m, 5 tầng, 8P CHDV HĐT 35 tr/th, 16.5 tỷ",16500000000,"16,5 tỷ",65,8,"Đường Cách Mạng Tháng 8, Phường Hòa Hưng, Hồ Chí Minh",Phường 12,,Quận 10,1020,Nhà ở,,,,https://alonhadat.com.vn/ban-nha-hxh-285-cmt8-65m2-5x13m-5-tang-8p-chdv-hdt-35-tr-th-16-5-ty-18756679.html,https://alonhadat.com.vn/ban-nha-hxh-285-cmt8-65m2-5x13m-5-tang-8p-chdv-hdt-35-tr-th-16-5-ty-18756679.html,2026-06-07,2026-06-07 20:16:10.418495,,16500,253846153.84615386,0,0
alonhadat,sale_student_csv,alonhadat_duc_18756750,18756750,"Nhà HXH Tô Hiến Thành 70m2, 6x13m, 3 tầng, nhà mới, 18.5 tỷ",18500000000,"18,5 tỷ",70,3,"Đường Tô Hiến Thành, Phường Hòa Hưng, Hồ Chí Minh",Phường 15,,Quận 10,1020,Nhà ở,,,,https://alonhadat.com.vn/nha-hxh-to-hien-thanh-70m2-6x13m-3-tang-nha-moi-18-5-ty-18756750.html,https://alonhadat.com.vn/nha-hxh-to-hien-thanh-70m2-6x13m-3-tang-nha-moi-18-5-ty-18756750.html,2026-06-07,2026-06-07 20:16:10.418495,,18500,264285714.2857143,0,0
alonhadat,sale_student_csv,alonhadat_duc_18711910,18711910,"Nhà HXH Tô Hiến Thành 109m2, 6x19m, 3 tầng, 14.8 tỷ",14800000000,"14,8 tỷ",109,3,"Đường Tô Hiến Thành, Phường Hòa Hưng, Hồ Chí Minh",Phường 13,,Quận 10,1020,Nhà ở,,,,https://alonhadat.com.vn/nha-hxh-to-hien-thanh-109m2-6x19m-3-tang-14-8-ty-18711910.html,https://alonhadat.com.vn/nha-hxh-to-hien-thanh-109m2-6x19m-3-tang-14-8-ty-18711910.html,2026-06-07,2026-06-07 20:16:10.418495,,14800,135779816.51376146,0,0
alonhadat,sale_student_csv,alonhadat_duc_18756509,18756509,Bán Nhà 17-19 Trường Sơn- Ngang 15- Ngay Công Viên Lê Thị Riêng- Ga Metro 2- 85 Tỷ TL,85000000000,85 tỷ,300,4,"Đường Trường Sơn, Phường Hòa Hưng, Hồ Chí Minh",Phường 15,,Quận 10,1020,Nhà ở,,,,https://alonhadat.com.vn/ban-nha-17-19-truong-son-ngang-15-ngay-cong-vien-le-thi-rieng-ga-metro-2-85-ty-tl-18756509.html,https://alonhadat.com.vn/ban-nha-17-19-truong-son-ngang-15-ngay-cong-vien-le-thi-rieng-ga-metro-2-85-ty-tl-18756509.html,2026-06-07,2026-06-07 20:16:10.418495,,85000,283333333.3333333,0,0
alonhadat,sale_student_csv,alonhadat_duc_18757548,18757548,"BÁN NHÀ QUẬN 10 - 3/2 - NGÔ QUYỀN - HẺM XE TẢI - DTSD 40m2 - CHỈ 4,X TỶ.",4600000000,"4,6 tỷ",40,2,"Đường Ngô Quyền, Phường Diên Hồng, Hồ Chí Minh",Phường Diên Hồng,,Quận 10,1020,Nhà ở,,,,https://alonhadat.com.vn/ban-nha-quan-10-3-2-ngo-quyen-hem-xe-tai-dtsd-40m2-chi-4-x-ty--18757548.html,https://alonhadat.com.vn/ban-nha-quan-10-3-2-ngo-quyen-hem-xe-tai-dtsd-40m2-chi-4-x-ty--18757548.html,2026-06-07,2026-06-07 20:16:10.418495,,4600,115000000,0,0
alonhadat,sale_student_csv,alonhadat_duc_17110332,17110332,"Bán nhà riêng đường 3 tháng 2. P11. Q10 DT: 3,65x13m - CN: 45.6m2 - 3 lầu mới",13800000000,"13,8 tỷ",46,4,"Đường 3/2, Phường Vườn Lài, Hồ Chí Minh",Phường 11,,Quận 10,1020,Nhà ở,,,,https://alonhadat.com.vn/ban-nha-rieng-duong-3-thang-2-p11-q10-dt-3-65x13m-cn-45-6m2-3-lau-moi-17110332.html,https://alonhadat.com.vn/ban-nha-rieng-duong-3-thang-2-p11-q10-dt-3-65x13m-cn-45-6m2-3-lau-moi-17110332.html,2026-06-07,2026-06-07 20:16:10.418495,,13800,300000000,0,0
alonhadat,sale_student_csv,alonhadat_duc_18038142,18038142,Bán nhà hẻm xe hơi 297 Vĩnh Viễn. P5. Q10 DT: 3.75m x 14.7m - trệt 2 lầu ST,13500000000,"13,5 tỷ",50,4,"Đường Vĩnh Viễn, Phường Diên Hồng, Hồ Chí Minh",Phường 5,,Quận 10,1020,Nhà ở,,,,https://alonhadat.com.vn/ban-nha-hem-xe-hoi-297-vinh-vien-p5-q10-dt-3-75m-x-14-7m-tret-2-lau-st-18038142.html,https://alonhadat.com.vn/ban-nha-hem-xe-hoi-297-vinh-vien-p5-q10-dt-3-75m-x-14-7m-tret-2-lau-st-18038142.html,2026-06-07,2026-06-07 20:16:10.418495,,13500,270000000,0,0
alonhadat,sale_student_csv,alonhadat_duc_18754756,18754756,CẦN BÁN NHANH NHÀ MỚI ĐẸP 4 TẦNG NGÔ QUYỀN – QUẬN 10 – GIÁ CHỈ 6.9 TỶ.,6900000000,"6,9 tỷ",29,5,"Đường Ngô Quyền, Phường Diên Hồng, Hồ Chí Minh",Phường 8,,Quận 10,1020,Nhà ở,,,,https://alonhadat.com.vn/can-ban-nhanh-nha-moi-dep-4-tang-ngo-quyen-quan-10-gia-chi-6-9-ty--18754756.html,https://alonhadat.com.vn/can-ban-nhanh-nha-moi-dep-4-tang-ngo-quyen-quan-10-gia-chi-6-9-ty--18754756.html,2026-06-07,2026-06-07 20:16:10.418495,,6900,237931034.4827586,0,0
alonhadat,sale_student_csv,alonhadat_duc_9844982,9844982,"Bán nhà góc 2 mặt tiền đường Tô Hiến Thành, P13, Q10. DT: 6,8 x 19m, GPXD trệt, 5 lầu",45000000000,45 tỷ,130,4,"Đường Tô Hiến Thành, Phường Hòa Hưng, Hồ Chí Minh",Phường 13,,Quận 10,1020,Nhà ở,,,,https://alonhadat.com.vn/ban-nha-goc-2-mat-tien-duong-to-hien-thanh-p13-q10-dt-6-8-x-19m-gpxd-tret-5-lau-9844982.html,https://alonhadat.com.vn/ban-nha-goc-2-mat-tien-duong-to-hien-thanh-p13-q10-dt-6-8-x-19m-gpxd-tret-5-lau-9844982.html,2026-06-07,2026-06-07 20:16:10.418495,,45000,346153846.15384614,0,0
alonhadat,sale_student_csv,alonhadat_duc_9613740,9613740,"bán khách sạn Sư Vạn Hạnh, P. 12, Q. 10. 22 phòng (6x18m) 6 lầu thang máy",27000000000,27 tỷ,125,9,"Đường Sư Vạn Hạnh, Phường Hòa Hưng, Hồ Chí Minh",Phường 12,,Quận 10,1020,Nhà ở,,,,https://alonhadat.com.vn/ban-khach-san-su-van-hanh-p-12-q-10-22-phong-6x18m-6-lau-thang-may-9613740.html,https://alonhadat.com.vn/ban-khach-san-su-van-hanh-p-12-q-10-22-phong-6x18m-6-lau-thang-may-9613740.html,2026-06-07,2026-06-07 20:16:10.418495,,27000,216000000,0,0
alonhadat,sale_student_csv,alonhadat_duc_8269338,8269338,"Bán nhà mặt tiền đường khu Cư Xá Bắc Hải, P. 15, Q. 10, DT: 9 x 25m, nhà cấp 4 giá 38 tỷ",38000000000,38 tỷ,225,4,"Đường Bắc Hải, Phường Hòa Hưng, Hồ Chí Minh",Phường 15,,Quận 10,1020,Nhà ở,,,,https://alonhadat.com.vn/ban-nha-mat-tien-duong-khu-cu-xa-bac-hai-p-15-q-10-dt-9-x-25m-nha-cap-4-gia-38-ty-8269338.html,https://alonhadat.com.vn/ban-nha-mat-tien-duong-khu-cu-xa-bac-hai-p-15-q-10-dt-9-x-25m-nha-cap-4-gia-38-ty-8269338.html,2026-06-07,2026-06-07 20:16:10.418495,,38000,168888888.8888889,0,0
alonhadat,sale_student_csv,alonhadat_duc_14029365,14029365,Bán MT 3/2 P.14 Q.10 - DT: 7.5mx20m. CN: 135m2 - 2 Tầng. HĐT: 160 triệu/tháng - 42 tỷ,42000000000,42 tỷ,135,5,"Đường 3/2, Phường Diên Hồng, Hồ Chí Minh",Phường 14,,Quận 10,1020,Nhà ở,,,,https://alonhadat.com.vn/ban-mt-3-2-p-14-q-10-dt-7-5mx20m-cn-135m2-2-tang-hdt-160-trieu-thang-42-ty-14029365.html,https://alonhadat.com.vn/ban-mt-3-2-p-14-q-10-dt-7-5mx20m-cn-135m2-2-tang-hdt-160-trieu-thang-42-ty-14029365.html,2026-06-07,2026-06-07 20:16:10.418495,,42000,311111111.1111111,0,0
alonhadat,sale_student_csv,alonhadat_duc_14029407,14029407,"Bán MT Tô Hiến Thành, P.15, Quận 10 - DT: 8mx18m - 4 lầu. HĐT: 195 triệu/tháng - Giá 50 tỷ",50000000000,50 tỷ,144,7,"Đường Tô Hiến Thành, Phường Hòa Hưng, Hồ Chí Minh",Phường 15,,Quận 10,1020,Nhà ở,,,,https://alonhadat.com.vn/ban-mt-to-hien-thanh-p-15-quan-10-dt-8mx18m-4-lau-hdt-195-trieu-thang-gia-50-ty-14029407.html,https://alonhadat.com.vn/ban-mt-to-hien-thanh-p-15-quan-10-dt-8mx18m-4-lau-hdt-195-trieu-thang-gia-50-ty-14029407.html,2026-06-07,2026-06-07 20:16:10.418495,,50000,347222222.2222222,0,0
alonhadat,sale_student_csv,alonhadat_duc_15229076,15229076,Bán nhà Lý Thường Kiệt P.14 Q.10 - 12Mx16M - 4 lầu - HĐT 145tr/th - 57 tỷ,57000000000,57 tỷ,192,3,"Đường Lý Thường Kiệt, Phường Diên Hồng, Hồ Chí Minh",Phường 14,,Quận 10,1020,Nhà ở,,,,https://alonhadat.com.vn/ban-nha-ly-thuong-kiet-p-14-q-10-12mx16m-4-lau-hdt-145tr-th-57-ty-15229076.html,https://alonhadat.com.vn/ban-nha-ly-thuong-kiet-p-14-q-10-12mx16m-4-lau-hdt-145tr-th-57-ty-15229076.html,2026-06-07,2026-06-07 20:16:10.418495,,57000,296875000,0,0
alonhadat,sale_student_csv,alonhadat_duc_18756795,18756795,"Hàng Ngộp Ngay Nguyễn Ngọc Lộc, Q10 - Giá Chốt 5Tỷ510/75m2. Sổ Riêng",5510000000,"5,51 tỷ",75,4,"Đường Nguyễn Ngọc Lộc, Phường Diên Hồng, Hồ Chí Minh",Phường Diên Hồng,,Quận 10,1020,Nhà ở,,,,https://alonhadat.com.vn/hang-ngop-ngay-nguyen-ngoc-loc-q10-gia-chot-5ty510-75m2-so-rieng-18756795.html,https://alonhadat.com.vn/hang-ngop-ngay-nguyen-ngoc-loc-q10-gia-chot-5ty510-75m2-so-rieng-18756795.html,2026-06-07,2026-06-07 20:16:10.418495,,5510,73466666.66666667,0,0
alonhadat,sale_student_csv,alonhadat_duc_18623358,18623358,"Bán nhà mặt tiền Hồ Bá Kiện, P.15, Quận 10, DT:8.6x12m (CN 60m2), 2 Tầng",17500000000,"17,5 tỷ",60,3,"Đường Hồ Bá Kiện, Phường Hòa Hưng, Hồ Chí Minh",Phường 15,,Quận 10,1020,Nhà ở,,,,https://alonhadat.com.vn/ban-nha-mat-tien-ho-ba-kien-p-15-quan-10-dt-8-6x-2m-cn-60m2-2-tang-18623358.html,https://alonhadat.com.vn/ban-nha-mat-tien-ho-ba-kien-p-15-quan-10-dt-8-6x-2m-cn-60m2-2-tang-18623358.html,2026-06-07,2026-06-07 20:16:10.418495,,17500,291666666.6666667,0,0
alonhadat,sale_student_csv,alonhadat_duc_18757083,18757083,QUẬN 10 GẦN GIÁP Sư Vạn Hạnh-5 tag-7PN-tien CHDV-GIẢM Bán Gấp Giá Chỉ 7ty8 TL,7800000000,"7,8 tỷ",54,7,"Đường Sư Vạn Hạnh, Phường Vườn Lài, Hồ Chí Minh",Phường 9,,Quận 10,1020,Nhà ở,,,,https://alonhadat.com.vn/quan-10-gan-giap-su-van-hanh-5-tag-7pn-tien-chdv-giam-ban-gap-gia-chi-7ty8-tl-18757083.html,https://alonhadat.com.vn/quan-10-gan-giap-su-van-hanh-5-tag-7pn-tien-chdv-giam-ban-gap-gia-chi-7ty8-tl-18757083.html,2026-06-07,2026-06-07 20:16:10.418495,,7800,144444444.44444445,0,0
alonhadat,sale_student_csv,alonhadat_duc_18758129,18758129,"Hạ 6 Tỷ! Bán Gấp Tòa Nhà Đường Lý Thường Kiệt,Q10 - DT 7x23m - H7T - HĐT 170Tr, Giá 54 Tỷ",54000000000,54 tỷ,161,20,"Đường Lý Thường Kiệt, Phường Hòa Hưng, Hồ Chí Minh",Phường Hòa Hưng,,Quận 10,1020,Nhà ở,,,,https://alonhadat.com.vn/ha-6-ty-ban-gap-toa-nha-duong-ly-thuong-kiet-q10-dt-7x23m-h7t-hdt-170tr-gia-54-ty-18758129.html,https://alonhadat.com.vn/ha-6-ty-ban-gap-toa-nha-duong-ly-thuong-kiet-q10-dt-7x23m-h7t-hdt-170tr-gia-54-ty-18758129.html,2026-06-07,2026-06-07 20:16:10.418495,,54000,335403726.7080745,0,0
alonhadat,sale_student_csv,alonhadat_duc_15384848,15384848,"Bán Nhà vị trí đẹp MT Nguyễn Tiểu La P5 Q10, 7 Tầng, DT:5x16m, HĐT:120tr, Giá:27Tỷ",27000000000,27 tỷ,70,12,"Đường Nguyễn Tiểu La, Phường Diên Hồng, Hồ Chí Minh",Phường 5,,Quận 10,1020,Nhà ở,,,,https://alonhadat.com.vn/ban-nha-vi-tri-dep-mt-nguyen-tieu-la-p5-q10-7-tang-dt-5x16m-hdt-120tr-gia-27ty-15384848.html,https://alonhadat.com.vn/ban-nha-vi-tri-dep-mt-nguyen-tieu-la-p5-q10-7-tang-dt-5x16m-hdt-120tr-gia-27ty-15384848.html,2026-06-07,2026-06-07 20:16:10.418495,,27000,385714285.71428573,0,0
alonhadat,sale_student_csv,alonhadat_duc_18757645,18757645,"Bán Tòa Nhà 33-35 Đường 3/2, Q10, 18m x 28m, 4 Tầng, HĐT 600tr/tháng",290000000000,290 tỷ,504,5,"Đường 3/2, Phường Hòa Hưng, Hồ Chí Minh",Phường Hòa Hưng,,Quận 10,1020,Nhà ở,,,,https://alonhadat.com.vn/ban-toa-nha-33-35-duong-3-2-q10-18m-x-28m-4-tang-hdt-600tr-thang-18757645.html,https://alonhadat.com.vn/ban-toa-nha-33-35-duong-3-2-q10-18m-x-28m-4-tang-hdt-600tr-thang-18757645.html,2026-06-07,2026-06-07 20:16:10.418495,,290000,575396825.3968254,0,0
alonhadat,sale_student_csv,alonhadat_duc_18757267,18757267,Nhà HXH khu ẩm thực Nguyễn Tri Phương Q10 - DT: 61m² giá chỉ hơn 9 tỷ,9500000000,"9,5 tỷ",61,2,"Đường Nguyễn Tri Phương, Phường Vườn Lài, Hồ Chí Minh",Phường 9,,Quận 10,1020,Nhà ở,,,,https://alonhadat.com.vn/nha-hxh-khu-am-thuc-nguyen-tri-phuong-q10-dt-61m-gia-chi-hon-9-ty-18757267.html,https://alonhadat.com.vn/nha-hxh-khu-am-thuc-nguyen-tri-phuong-q10-dt-61m-gia-chi-hon-9-ty-18757267.html,2026-06-07,2026-06-07 20:16:10.418495,,9500,155737704.9180328,0,0
alonhadat,sale_student_csv,alonhadat_duc_18396745,18396745,Góc 2MT 10m khu VIP Sư Vạn Hạnh Q10 đối diện VanHanhMall - Nhà 6 tầng giá chỉ hơn 19 tỷ,19500000000,"19,5 tỷ",65,12,"Đường Sư Vạn Hạnh, Phường Hòa Hưng, Hồ Chí Minh",Phường 12,,Quận 10,1020,Nhà ở,,,,https://alonhadat.com.vn/goc-2mt-10m-khu-vip-su-van-hanh-q10-doi-dien-vanhanhmall-nha-6-tang-gia-chi-hon-18-ty-18396745.html,https://alonhadat.com.vn/goc-2mt-10m-khu-vip-su-van-hanh-q10-doi-dien-vanhanhmall-nha-6-tang-gia-chi-hon-18-ty-18396745.html,2026-06-07,2026-06-07 20:16:10.418495,,19500,300000000,0,0
alonhadat,sale_student_csv,alonhadat_duc_18755722,18755722,"Mặt tiền Cao Thắng kinh doanh, đoạn cực đẹp gần 3 tháng 2, 4 tầng, 16.9 tỷ còn bớt, Q10.",16899999999.999998,"16,9 tỷ",35,6,"Đường 3/2, Phường Hòa Hưng, Hồ Chí Minh",Phường 12,,Quận 10,1020,Nhà ở,,,,https://alonhadat.com.vn/mat-tien-cao-thang-kinh-doanh-doan-cuc-dep-gan-3-thang-2-4-tang-16-9-ty-con-bot-q10--18755722.html,https://alonhadat.com.vn/mat-tien-cao-thang-kinh-doanh-doan-cuc-dep-gan-3-thang-2-4-tang-16-9-ty-con-bot-q10--18755722.html,2026-06-07,2026-06-07 20:16:10.418495,,16899.999999999996,482857142.8571428,0,0
alonhadat,sale_student_csv,alonhadat_duc_18756829,18756829,Nhà 4 tầng Cư xá Nguyễn Trung Trực đường 3/2 P12 Quận 10 cũ,25000000000,25 tỷ,120,6,"Đường 3/2, Phường Hòa Hưng, Hồ Chí Minh",Phường 12,,Quận 10,1020,Nhà ở,,,,https://alonhadat.com.vn/nha-4-tang-cu-xa-nguyen-trung-truc-duong-3-2-p12-quan-10-cu-18756829.html,https://alonhadat.com.vn/nha-4-tang-cu-xa-nguyen-trung-truc-duong-3-2-p12-quan-10-cu-18756829.html,2026-06-07,2026-06-07 20:16:10.418495,,25000,208333333.33333334,0,0
alonhadat,sale_student_csv,alonhadat_duc_18757577,18757577,"Bán tổ hợp nhà phố và building Ba Tháng Hai, P.12, Q.10",99000000000,99 tỷ,440,30,"Đường 3/2, Phường Hòa Hưng, Hồ Chí Minh",Phường 12,,Quận 10,1040,Đất,,,,https://alonhadat.com.vn/ban-to-hop-nha-pho-va-building-ba-thang-hai-p-12-q-10-18757577.html,https://alonhadat.com.vn/ban-to-hop-nha-pho-va-building-ba-thang-hai-p-12-q-10-18757577.html,2026-06-07,2026-06-07 20:16:10.418495,,99000,225000000,0,0
alonhadat,sale_student_csv,alonhadat_duc_18742387,18742387,"Hẻm 5m Nguyễn Chí Thanh, P7, Quận 10, DT: 4.6m X 25m, vuông vức, DTCN: 110m giá 21 tỷ TL",21000000000,21 tỷ,110,3,"Đường Nguyễn Chí Thanh, Phường Diên Hồng, Hồ Chí Minh",Phường 7,,Quận 10,1040,Đất,,,,https://alonhadat.com.vn/hem-5m-nguyen-chi-thanh-p7-quan-10-dt-4-6m-x-25m-vuong-vuc-dtcn-110m-gia-21-ty-tl-18742387.html,https://alonhadat.com.vn/hem-5m-nguyen-chi-thanh-p7-quan-10-dt-4-6m-x-25m-vuong-vuc-dtcn-110m-gia-21-ty-tl-18742387.html,2026-06-07,2026-06-07 20:16:10.418495,,21000,190909090.9090909,0,0
alonhadat,sale_student_csv,alonhadat_duc_18742552,18742552,"Mặt tiền Nguyễn Chí Thanh, Phường 7, Quận 10, 4.2m x 18m, DTCN 74m2 giá 29.9 tỷ TL",29900000000,"29,9 tỷ",74,3,"Đường Nguyễn Chí Thanh, Phường Diên Hồng, Hồ Chí Minh",Phường 7,,Quận 10,1040,Đất,,,,https://alonhadat.com.vn/mat-tien-nguyen-chi-thanh-phuong-7-quan-10-4-2m-x-18m-dtcn-74m2-gia-29-9-ty-tl-18742552.html,https://alonhadat.com.vn/mat-tien-nguyen-chi-thanh-phuong-7-quan-10-4-2m-x-18m-dtcn-74m2-gia-29-9-ty-tl-18742552.html,2026-06-07,2026-06-07 20:16:10.418495,,29900,404054054.0540541,0,0
alonhadat,sale_student_csv,alonhadat_duc_18084412,18084412,"MẶT TIỀN KINH DOANH QUẬN 10, 5 TẦNG, DT 50M2, NHÀ MỚI GIÁ 14T",14000000000,14 tỷ,50,5,"Đường Bà Hạt, Phường Vườn Lài, Hồ Chí Minh",Phường 9,,Quận 10,1040,Đất,,,,https://alonhadat.com.vn/mat-tien-kinh-doanh-quan-10-5-tang-dt-50m2-nha-moi-chi-nhinh-15t-18084412.html,https://alonhadat.com.vn/mat-tien-kinh-doanh-quan-10-5-tang-dt-50m2-nha-moi-chi-nhinh-15t-18084412.html,2026-06-07,2026-06-07 20:16:10.418495,,14000,280000000,0,0
alonhadat,sale_student_csv,alonhadat_duc_18068496,18068496,"BANK ĐG 24T, CHÀO CHỈ 20T MẶT TIỀN KHU LÝ THƯỜNG KIỆT GIÁP Q10, DT 62M2, THUÊ 50TR/TH",20700000000,"20,7 tỷ",68,4,"Đường Thủ Khoa Huân, Phường Tân Hòa, Hồ Chí Minh",Phường 8,,Quận 10,1040,Đất,,,,https://alonhadat.com.vn/mat-tien-khu-cho-vai-ly-thuong-kiet-giap-quan-10-dt-68m2-3-tang-thue-50tr-th-18068496.html,https://alonhadat.com.vn/mat-tien-khu-cho-vai-ly-thuong-kiet-giap-quan-10-dt-68m2-3-tang-thue-50tr-th-18068496.html,2026-06-07,2026-06-07 20:16:10.418495,,20700,304411764.7058824,0,0
alonhadat,sale_student_csv,alonhadat_duc_14152857,14152857,Building Góc 2MT Ngay Cao Thắng P.12 Q.10 - DT: 20mx15m - Hầm 6 lầu. HĐT: 280tr - 68 tỷ,68000000000,68 tỷ,300,15,"Đường Cao Thắng, Phường Hòa Hưng, Hồ Chí Minh",Phường 12,,Quận 10,1040,Đất,,,,https://alonhadat.com.vn/building-goc-2mt-ngay-cao-thang-p-12-q-10-dt-20mx15m-ham-6-lau-hdt-280tr-68-ty-14152857.html,https://alonhadat.com.vn/building-goc-2mt-ngay-cao-thang-p-12-q-10-dt-20mx15m-ham-6-lau-hdt-280tr-68-ty-14152857.html,2026-06-07,2026-06-07 20:16:10.418495,,68000,226666666.66666666,0,0
alonhadat,sale_student_csv,alonhadat_duc_18573480,18573480,Bán lỗ 20%! Giữ Tiền và cho thuê - Mặt Tiền Lý Thái Tổ Q10 - 5.5x20m Hầm 6 tầng chỉ 47tỷ,47000000000,47 tỷ,99,10,"Đường Lý Thái Tổ, Phường Vườn Lài, Hồ Chí Minh",Phường 9,,Quận 10,1040,Đất,,,,https://alonhadat.com.vn/sieu-pham-ham-7-tang-cuc-vip-chi-1-can-mat-tien-ly-thai-to-quan-10-5-2x22m-no-hau-6m-18573480.html,https://alonhadat.com.vn/sieu-pham-ham-7-tang-cuc-vip-chi-1-can-mat-tien-ly-thai-to-quan-10-5-2x22m-no-hau-6m-18573480.html,2026-06-07,2026-06-07 20:16:10.418495,,47000,474747474.74747473,0,0
alonhadat,sale_student_csv,alonhadat_duc_18742533,18742533,"Bán nhà góc 2 mặt tiền đường Số 2 Cư Xá Lữ Gia, P15.Q11, 14 x 23m, 328m, 2 lầu, 88 Tỷ",88000000000,88 tỷ,328,6,"Đường Lữ Gia, Phường Phú Thọ, Hồ Chí Minh",Phường 15,,Quận 11,1020,Biệt thự,,,,https://alonhadat.com.vn/ban-nha-goc-2-mat-tien-duong-so-2-cu-xa-lu-gia-p15-q11-14-x-23m-328m-2-lau-88-ty-18742533.html,https://alonhadat.com.vn/ban-nha-goc-2-mat-tien-duong-so-2-cu-xa-lu-gia-p15-q11-14-x-23m-328m-2-lau-88-ty-18742533.html,2026-06-07,2026-06-07 20:16:10.418495,,88000,268292682.92682928,0,0
alonhadat,sale_student_csv,alonhadat_duc_14296882,14296882,"Bán gấp nhà đường Hồng Bàng P1 Quận 11- DT:7,5x18m giá chỉ hơn 10 tỷ",10900000000,"10,9 tỷ",130,3,"Đường Hồng Bàng, Phường Minh Phụng, Hồ Chí Minh",Phường 1,,Quận 11,1010,Căn hộ chung cư,,,,https://alonhadat.com.vn/ban-gap-nha-duong-hong-bang-p1-quan-11-dt-7-5x18m-gia-chi-hon-10-ty-14296882.html,https://alonhadat.com.vn/ban-gap-nha-duong-hong-bang-p1-quan-11-dt-7-5x18m-gia-chi-hon-10-ty-14296882.html,2026-06-07,2026-06-07 20:16:10.418495,,10900,83846153.84615384,0,0
alonhadat,sale_student_csv,alonhadat_duc_18757609,18757609,Mặt Tiền Đường 100 Bình Thới ( 4 * 16 ) 3 Lầu 14.8 Tỷ,14800000000,"14,8 tỷ",64,5,"Đường Bình Thới, Phường Bình Thới, Hồ Chí Minh",Phường Bình Thới,,Quận 11,1020,Nhà ở,,,,https://alonhadat.com.vn/mat-tien-duong-100-binh-thoi-4-16-3-lau-14-8-ty-18757609.html,https://alonhadat.com.vn/mat-tien-duong-100-binh-thoi-4-16-3-lau-14-8-ty-18757609.html,2026-06-07,2026-06-07 20:16:10.418495,,14800,231250000,0,0
alonhadat,sale_student_csv,alonhadat_duc_18757978,18757978,"BÁN NHÀ ĐƯỜNG MINH PHỤNG, NGAYTRUNG TÂM, HXH(4X 14 M x 2 TẦNG )GIÁ : NHỈNH 4 TỈ TL",4999000000,"4,999 tỷ",56,3,"Đường Minh Phụng, Phường Minh Phụng, Hồ Chí Minh",Phường Minh Phụng,,Quận 11,1020,Nhà ở,,,,https://alonhadat.com.vn/ban-nha-duong-minh-phung-ngaytrung-tam-hxh-4x-14-m-x-2-tang-gia-nhinh-4-ti-tl-18757978.html,https://alonhadat.com.vn/ban-nha-duong-minh-phung-ngaytrung-tam-hxh-4x-14-m-x-2-tang-gia-nhinh-4-ti-tl-18757978.html,2026-06-07,2026-06-07 20:16:10.418495,,4999,89267857.14285715,0,0
alonhadat,sale_student_csv,alonhadat_duc_18757691,18757691,"BÁN NHÀ ĐƯỜNG ÔNG ÍCH KHIÊM, SÁT ĐẦM SEN, HXH(4 x 14m x 2 TẦNG) GIÁ:NHỈNH 5 TY TL",4990000000,"4,99 tỷ",60,3,"Đường Ông Ích Khiêm, Phường Bình Thới, Hồ Chí Minh",Phường Bình Thới,,Quận 11,1020,Nhà ở,,,,https://alonhadat.com.vn/ban-nha-duong-ong-ich-khiem-sat-dam-sen-hxh-4-x-14m-x-2-tang-gia-nhinh-5-ty-tl-18757691.html,https://alonhadat.com.vn/ban-nha-duong-ong-ich-khiem-sat-dam-sen-hxh-4-x-14m-x-2-tang-gia-nhinh-5-ty-tl-18757691.html,2026-06-07,2026-06-07 20:16:10.418495,,4990,83166666.66666667,0,0
alonhadat,sale_student_csv,alonhadat_duc_18742482,18742482,"Bán nhà mặt tiền đường Lữ Gia, P15, Q11, 7m x 16,5m, 3 tầng, 39,5 tỷ TL",39500000000,"39,5 tỷ",80,6,"Đường Lữ Gia, Phường Phú Thọ, Hồ Chí Minh",Phường 15,,Quận 11,1020,Nhà ở,,,,https://alonhadat.com.vn/ban-nha-mat-tien-duong-lu-gia-p15-q11-7m-x-16-5m-3-tang-39-5-ty-tl-18742482.html,https://alonhadat.com.vn/ban-nha-mat-tien-duong-lu-gia-p15-q11-7m-x-16-5m-3-tang-39-5-ty-tl-18742482.html,2026-06-07,2026-06-07 20:16:10.418495,,39500,493750000,0,0
alonhadat,sale_student_csv,alonhadat_duc_18719464,18719464,"chỉ với 2tỷ200tr mua được nhà quận 11 hẻm 4m đường Đội Cung, ra Đường Âu Cơ, Bình Thới,3-2",2200000000,"2,2 tỷ",29,2,"Đường Đội Cung, Phường Phú Thọ, Hồ Chí Minh",Phường 11,,Quận 11,1020,Nhà ở,,,,https://alonhadat.com.vn/chi-voi-2ty200tr-mua-duoc-nha-quan-11-hem-4m-duong-doi-cung-ra-duong-au-co-binh-thoi-3-2-18719464.html,https://alonhadat.com.vn/chi-voi-2ty200tr-mua-duoc-nha-quan-11-hem-4m-duong-doi-cung-ra-duong-au-co-binh-thoi-3-2-18719464.html,2026-06-07,2026-06-07 20:16:10.418495,,2200,75862068.96551724,0,0
alonhadat,sale_student_csv,alonhadat_duc_18428385,18428385,"KẸT TIỀN CẦN BÁN NHÀ TRẦN QUÝ,P7,QUẬN 11-GIÁ:4.36TỶ/71.5M2 (5.5x13M) SỔ CHUẨN,DC SẦM UẤT",4360000000,"4,36 tỷ",71,5,"Đường Trần Quý, Phường Minh Phụng, Hồ Chí Minh",Phường 7,,Quận 11,1020,Nhà ở,,,,https://alonhadat.com.vn/ket-tien-can-ban-nha-tran-quy-p7-quan-11-gia-4-36ty-71-5m2-5-5x13m-so-chuan-dc-sam-uat-18428385.html,https://alonhadat.com.vn/ket-tien-can-ban-nha-tran-quy-p7-quan-11-gia-4-36ty-71-5m2-5-5x13m-so-chuan-dc-sam-uat-18428385.html,2026-06-07,2026-06-07 20:16:10.418495,,4360,61408450.704225354,0,0
alonhadat,sale_student_csv,alonhadat_duc_14152957,14152957,"MT Lê Đại Hành, P.11, Q.11- DT: 8mx24m - 4 tầng. HĐT: 180tr/th - giá 51 tỷ",51000000000,51 tỷ,192,10,"Đường Lê Đại Hành, Phường Phú Thọ, Hồ Chí Minh",Phường 11,,Quận 11,1020,Nhà ở,,,,https://alonhadat.com.vn/mt-le-dai-hanh-p-11-q-11-dt-8mx24m-4-tang-hdt-180tr-th-gia-51-ty-14152957.html,https://alonhadat.com.vn/mt-le-dai-hanh-p-11-q-11-dt-8mx24m-4-tang-hdt-180tr-th-gia-51-ty-14152957.html,2026-06-07,2026-06-07 20:16:10.418495,,51000,265625000,0,0
alonhadat,sale_student_csv,alonhadat_duc_9844964,9844964,"Bán nhà 2MT Lữ Gia & mặt hậu đường Số 1, P15, Quận 11 giá 68 tỷ",68000000000,68 tỷ,252,5,"Đường Lữ Gia, Phường Phú Thọ, Hồ Chí Minh",Phường 15,,Quận 11,1020,Nhà ở,,,,https://alonhadat.com.vn/ban-nha-2mt-lu-gia-mat-hau-duong-so-1-p15-quan-11-gia-68-ty-9844964.html,https://alonhadat.com.vn/ban-nha-2mt-lu-gia-mat-hau-duong-so-1-p15-quan-11-gia-68-ty-9844964.html,2026-06-07,2026-06-07 20:16:10.418495,,68000,269841269.84126985,0,0
alonhadat,sale_student_csv,alonhadat_duc_18756491,18756491,"Căn góc 2 mặt tiền đường 15m và 10m Cư Xá Lữ Gia, P. 15, Q11, 4m x 20m, trệt 3 lầu ST",23000000000,23 tỷ,80,6,"Đường Cư Xá Lữ Gia, Phường Phú Thọ, Hồ Chí Minh",Phường 15,,Quận 11,1020,Nhà ở,,,,https://alonhadat.com.vn/can-goc-2-mat-tien-duong-15m-va-10m-cu-xa-lu-gia-p-15-q11-4m-x-20m-tret-3-lau-st-18756491.html,https://alonhadat.com.vn/can-goc-2-mat-tien-duong-15m-va-10m-cu-xa-lu-gia-p-15-q11-4m-x-20m-tret-3-lau-st-18756491.html,2026-06-07,2026-06-07 20:16:10.418495,,23000,287500000,0,0
alonhadat,sale_student_csv,alonhadat_duc_18742420,18742420,"Góc 2 mặt tiền đường 10m và 8m cư xá Lê Đại Hành Quận 11, DT: 4.35mx25m CN 104m2, 19.5 tỷ",19500000000,"19,5 tỷ",104,6,"Đường Lê Đại Hành, Phường Phú Thọ, Hồ Chí Minh",Phường 11,,Quận 11,1020,Nhà ở,,,,https://alonhadat.com.vn/goc-2-mat-tien-duong-10m-va-8m-cu-xa-le-dai-hanh-quan-11-dt-4-35mx25m-cn-104m2-19-5-ty-18742420.html,https://alonhadat.com.vn/goc-2-mat-tien-duong-10m-va-8m-cu-xa-le-dai-hanh-quan-11-dt-4-35mx25m-cn-104m2-19-5-ty-18742420.html,2026-06-07,2026-06-07 20:16:10.418495,,19500,187500000,0,0
alonhadat,sale_student_csv,alonhadat_duc_18742440,18742440,"Cần bán nhà 3 lầu (474m2) mặt tiền đường Hoà Bình phường 5, quận 11 (đối diện Đầm Sen)",75000000000,75 tỷ,474,8,"Đường Hòa Bình, Phường Hòa Bình, Hồ Chí Minh",Phường 5,,Quận 11,1020,Nhà ở,,,,https://alonhadat.com.vn/can-ban-nha-3-lau-474m2-mat-tien-duong-hoa-binh-phuong-5-quan-11-doi-dien-dam-sen--18742440.html,https://alonhadat.com.vn/can-ban-nha-3-lau-474m2-mat-tien-duong-hoa-binh-phuong-5-quan-11-doi-dien-dam-sen--18742440.html,2026-06-07,2026-06-07 20:16:10.418495,,75000,158227848.10126582,0,0
alonhadat,sale_student_csv,alonhadat_duc_18742592,18742592,"Bán nhà cư xá Lê Đại Hành, P13, Q11, DT: 7,6m x 15m, 1 lầu, giá 15.8 tỷ TL",15800000000,"15,8 tỷ",68,6,"Đường Lê Đại Hành, Phường Phú Thọ, Hồ Chí Minh",Phường 13,,Quận 11,1020,Nhà ở,,,,https://alonhadat.com.vn/ban-nha-cu-xa-le-dai-hanh-p13-q11-dt-7-6m-x-15m-1-lau-gia-15-8-ty-tl-18742592.html,https://alonhadat.com.vn/ban-nha-cu-xa-le-dai-hanh-p13-q11-dt-7-6m-x-15m-1-lau-gia-15-8-ty-tl-18742592.html,2026-06-07,2026-06-07 20:16:10.418495,,15800,232352941.17647058,0,0
alonhadat,sale_student_csv,alonhadat_duc_18747524,18747524,"HẺM 6M LẠC LONG QUÂN QUẬN 11- 105M2- 4X24M, NỞ HẬU 4.9M- 4 TẦNG",12500000000,"12,5 tỷ",105,5,"Đường Lạc Long Quân, Phường Minh Phụng, Hồ Chí Minh",Phường 1,,Quận 11,1020,Nhà ở,,,,https://alonhadat.com.vn/hem-6m-lac-long-quan-quan-11-105m2-4x24m-no-hau-4-9m-4-tang-18747524.html,https://alonhadat.com.vn/hem-6m-lac-long-quan-quan-11-105m2-4x24m-no-hau-4-9m-4-tang-18747524.html,2026-06-07,2026-06-07 20:16:10.418495,,12500,119047619.04761904,0,0
alonhadat,sale_student_csv,alonhadat_duc_18757352,18757352,Hẻm 6m Q11 ( 6.8 * 13 ) 4 Lầu 12.9 Tỷ,12900000000,"12,9 tỷ",88,5,"Đường Lạc Long Quân, Phường Bình Thới, Hồ Chí Minh",Phường Bình Thới,,Quận 11,1020,Nhà ở,,,,https://alonhadat.com.vn/hem-6m-q11-6-8-13-4-lau-12-9-ty-18757352.html,https://alonhadat.com.vn/hem-6m-q11-6-8-13-4-lau-12-9-ty-18757352.html,2026-06-07,2026-06-07 20:16:10.418495,,12900,146590909.0909091,0,0
alonhadat,sale_student_csv,alonhadat_duc_18758123,18758123,"BÁN NHÀ 3/2 QUẬN 11, GẦN ĐH Y DƯỢC, DT 48M2 HẺM Ô TÔ CÁCH MT 10M",6900000000,"6,9 tỷ",48,5,"Đường Ba Tháng Hai, Phường Minh Phụng, Hồ Chí Minh",Phường 16,,Quận 11,1020,Nhà ở,,,,https://alonhadat.com.vn/ban-nha-3-2-quan-11-gan-dh-y-duoc-dt-48m2-hem-o-to-cach-mt-10m-18758123.html,https://alonhadat.com.vn/ban-nha-3-2-quan-11-gan-dh-y-duoc-dt-48m2-hem-o-to-cach-mt-10m-18758123.html,2026-06-07,2026-06-07 20:16:10.418495,,6900,143750000,0,0
alonhadat,sale_student_csv,alonhadat_duc_18441637,18441637,"GIẢM SÂU, HẺM XE HƠI, ÔNG ÍCH KHIÊM QUẬN 11, 40M2/25 4 TẦNG MỚI TINH.",5999000000,"5,999 tỷ",40,3,"Đường Ông Ích Khiêm, Phường Hòa Bình, Hồ Chí Minh",Phường 14,,Quận 11,1020,Nhà ở,,,,https://alonhadat.com.vn/giam-sau-hem-xe-hoi-ong-ich-khiem-quan-11-40m2-25-4-tang-moi-tinh--18441637.html,https://alonhadat.com.vn/giam-sau-hem-xe-hoi-ong-ich-khiem-quan-11-40m2-25-4-tang-moi-tinh--18441637.html,2026-06-07,2026-06-07 20:16:10.418495,,5999,149975000,0,0
alonhadat,sale_student_csv,alonhadat_duc_18756627,18756627,"Nhà mật tiền đường Số 2, cư xá Bình Thới, Quận 11, 4.5x17m, 5 tầng, 20.5 tỷ",20500000000,"20,5 tỷ",70,6,"Đường Cư Xá Bình Thới, Phường Bình Thới, Hồ Chí Minh",Phường 8,,Quận 11,1020,Nhà ở,,,,https://alonhadat.com.vn/nha-mat-tien-duong-so-2-cu-xa-binh-thoi-quan-11-4-5x17m-5-tang-20-5-ty-18756627.html,https://alonhadat.com.vn/nha-mat-tien-duong-so-2-cu-xa-binh-thoi-quan-11-4-5x17m-5-tang-20-5-ty-18756627.html,2026-06-07,2026-06-07 20:16:10.418495,,20500,292857142.85714287,0,0
alonhadat,sale_student_csv,alonhadat_duc_18638183,18638183,"Bán nhà chính chủ hẻm 1/ đường 3 tháng 2, quận 11",6180000000,"6,18 tỷ",26,3,"Đường Ba Tháng Hai, Phường Minh Phụng, Hồ Chí Minh",Phường 6,,Quận 11,1020,Nhà ở,,,,https://alonhadat.com.vn/ban-nha-chinh-chu-hem-1-duong-3-thang-2-quan-11-18638183.html,https://alonhadat.com.vn/ban-nha-chinh-chu-hem-1-duong-3-thang-2-quan-11-18638183.html,2026-06-07,2026-06-07 20:16:10.418495,,6180,237692307.69230768,0,0
alonhadat,sale_student_csv,alonhadat_duc_18757349,18757349,"Bán nhà mặt tiền 1529–1531 Đường 3 Tháng 2, P.16, Q.11",26000000000,26 tỷ,78,8,"Đường Ba Tháng Hai, Phường Minh Phụng, Hồ Chí Minh",Phường 16,,Quận 11,1020,Nhà ở,,,,https://alonhadat.com.vn/ban-nha-mat-tien-1529-1531-duong-3-thang-2-p-16-q-11-18757349.html,https://alonhadat.com.vn/ban-nha-mat-tien-1529-1531-duong-3-thang-2-p-16-q-11-18757349.html,2026-06-07,2026-06-07 20:16:10.418495,,26000,333333333.3333333,0,0
alonhadat,sale_student_csv,alonhadat_duc_18396579,18396579,Nhà 2MT Lê Đại Hành Q11- Đoạn đẹp đối diện Tòa Flemington Tower- DT: 91m2- Gía chỉ 25 tỷ,25000000000,25 tỷ,91,5,"Đường Lê Đại Hành, Phường Phú Thọ, Hồ Chí Minh",Phường 13,,Quận 11,1020,Nhà ở,,,,https://alonhadat.com.vn/nha-2mt-le-dai-hanh-q11-doan-dep-doi-dien-toa-flemington-tower-dt-91m2-gia-chi-25-ty-18396579.html,https://alonhadat.com.vn/nha-2mt-le-dai-hanh-q11-doan-dep-doi-dien-toa-flemington-tower-dt-91m2-gia-chi-25-ty-18396579.html,2026-06-07,2026-06-07 20:16:10.418495,,25000,274725274.72527474,0,0
alonhadat,sale_student_csv,alonhadat_duc_18044395,18044395,"Bán gấp nhà 2MT Nguyễn Chí Thanh Quận 11- DT: 4.5m x 19m, 4 tầng lầu giá chỉ 18 tỷ",18000000000,18 tỷ,88,5,"Đường Nguyễn Chí Thanh, Phường Minh Phụng, Hồ Chí Minh",Phường 16,,Quận 11,1020,Nhà ở,,,,https://alonhadat.com.vn/ban-gap-nha-2mt-nguyen-chi-thanh-quan-11-dt-4-5m-x-19m-4-tang-lau-gia-chi-hon-16-ty-18044395.html,https://alonhadat.com.vn/ban-gap-nha-2mt-nguyen-chi-thanh-quan-11-dt-4-5m-x-19m-4-tang-lau-gia-chi-hon-16-ty-18044395.html,2026-06-07,2026-06-07 20:16:10.418495,,18000,204545454.54545453,0,0
alonhadat,sale_student_csv,alonhadat_duc_18668123,18668123,"Bán nhà góc 2MT HXH Lạc Long Quân, Quận 11 - DT 4x12m - 4 tầng - 20tr/tháng - Giá 9 tỷ TL",9000000000,9 tỷ,45,3,"Đường Lạc Long Quân, Phường Bình Thới, Hồ Chí Minh",Phường 3,,Quận 11,1020,Nhà ở,,,,https://alonhadat.com.vn/ban-nha-goc-2mt-hxh-lac-long-quan-quan-11-dt-4x12m-4-tang-20tr-thang-gia-12-ty-tl-18668123.html,https://alonhadat.com.vn/ban-nha-goc-2mt-hxh-lac-long-quan-quan-11-dt-4x12m-4-tang-20tr-thang-gia-12-ty-tl-18668123.html,2026-06-07,2026-06-07 20:16:10.418495,,9000,200000000,0,0
alonhadat,sale_student_csv,alonhadat_duc_18711051,18711051,"MẶT TIỀN HỒNG BÀNG QUẬN 11- 4X17M, NỞ HẬU 4.2M",16000000000,16 tỷ,71,3,"Đường Hồng Bàng, Phường Minh Phụng, Hồ Chí Minh",Phường 16,,Quận 11,1040,Đất,,,,https://alonhadat.com.vn/mat-tien-hong-bang-quan-11-4x17m-no-hau-4-2m-18711051.html,https://alonhadat.com.vn/mat-tien-hong-bang-quan-11-4x17m-no-hau-4-2m-18711051.html,2026-06-07,2026-06-07 20:16:10.418495,,16000,225352112.67605633,0,0
alonhadat,sale_student_csv,alonhadat_duc_17404191,17404191,Bán nhà mặt tiền đường Minh Phụng phường 2 quận 11. DT 8.4x27m - 4 tầng - giá chỉ 62 tỷ,62000000000,62 tỷ,222,3,"Đường Minh Phụng, Phường Minh Phụng, Hồ Chí Minh",Phường 2,,Quận 11,1040,Đất,,,,https://alonhadat.com.vn/ban-nha-mat-tien-duong-minh-phung-phuong-2-quan-11-dt-8-4x27m-4-tang-gia-chi-62-ty-17404191.html,https://alonhadat.com.vn/ban-nha-mat-tien-duong-minh-phung-phuong-2-quan-11-dt-8-4x27m-4-tang-gia-chi-62-ty-17404191.html,2026-06-07,2026-06-07 20:16:10.418495,,62000,279279279.2792793,0,0
alonhadat,sale_student_csv,alonhadat_duc_13854872,13854872,"GẤP! SIÊU PHẨM Mặt Tiền P11 Q11 (8 Tầng,12pn,Thang Máy,253m2) Chỉ Với 18 TỶ",18000000000,18 tỷ,66,12,"Đường Lãnh Bình Thăng, Phường Phú Thọ, Hồ Chí Minh",Phường 11,,Quận 11,1040,Đất,,,,https://alonhadat.com.vn/chinh-chu-ban-nha-mat-tien-p11-q11-8-tang-12pn-thang-may-253m2-chi-voi-18-ty-13854872.html,https://alonhadat.com.vn/chinh-chu-ban-nha-mat-tien-p11-q11-8-tang-12pn-thang-may-253m2-chi-voi-18-ty-13854872.html,2026-06-07,2026-06-07 20:16:10.418495,,18000,272727272.72727275,0,0
alonhadat,sale_student_csv,alonhadat_duc_18734285,18734285,GÓC 2 MẶT TIỀN THƯƠNG HIỆU LÃNH BINH THĂNG Q.11 - ĐANG CHO SACOMBANK THUÊ 160 TR/THÁNG,63500000000,"63,5 tỷ",136,16,"Đường Lãnh Bình Thăng, Phường Bình Thới, Hồ Chí Minh",Phường 8,,Quận 11,1040,Đất,,,,https://alonhadat.com.vn/goc-2-mat-tien-thuong-hieu-lanh-binh-thang-q-11-dang-cho-sacombank-thue-160-tr-thang-18734285.html,https://alonhadat.com.vn/goc-2-mat-tien-thuong-hieu-lanh-binh-thang-q-11-dang-cho-sacombank-thue-160-tr-thang-18734285.html,2026-06-07,2026-06-07 20:16:10.418495,,63500,466911764.7058824,0,0
alonhadat,sale_student_csv,alonhadat_duc_18757332,18757332,"Góc 2 mặt tiền hẻm 10m, 7x18m, 15.5 tỷ còn bớt, Âu Cơ, Lạc Long Quân, Q11",15500000000,"15,5 tỷ",110,6,"Đường Lạc Long Quân, Phường Bình Thới, Hồ Chí Minh",Phường Bình Thới,,Quận 11,1040,Đất,,,,https://alonhadat.com.vn/goc-2-mat-tien-hem-10m-7x18m-15-5-ty-con-bot-au-co-lac-long-quan-q11-18757332.html,https://alonhadat.com.vn/goc-2-mat-tien-hem-10m-7x18m-15-5-ty-con-bot-au-co-lac-long-quan-q11-18757332.html,2026-06-07,2026-06-07 20:16:10.418495,,15500,140909090.9090909,0,0
alonhadat,sale_student_csv,alonhadat_duc_18756715,18756715,"Thạnh Lộc - 160m ngang 8m , đất xây biệt thự đẹp",6500000000,"6,5 tỷ",160,3,"Đường Thạnh Lộc, Phường An Phú Đông, Hồ Chí Minh",Phường An Phú Đông,,Quận 12,1020,Biệt thự,,,,https://alonhadat.com.vn/thanh-loc-160m-ngang-8m-dat-xay-biet-thu-dep-18756715.html,https://alonhadat.com.vn/thanh-loc-160m-ngang-8m-dat-xay-biet-thu-dep-18756715.html,2026-06-07,2026-06-07 20:16:10.418495,,6500,40625000,0,0
alonhadat,sale_student_csv,alonhadat_duc_18736468,18736468,"BÁN NHANH NHÀ C4 - MẶT TIỀN KINH DOANH - NGANG 8M HIẾM - 170M² - VƯỜN LÀI, AN PHÚ ĐÔNG",13500000000,"13,5 tỷ",171,3,"Đường Vườn Lài, Phường An Phú Đông, Hồ Chí Minh",Phường An Phú Đông,,Quận 12,1020,Biệt thự,,,,https://alonhadat.com.vn/ban-nhanh-nha-c4-mat-tien-kinh-doanh-ngang-8m-hiem-170m-vuon-lai-an-phu-dong-18736468.html,https://alonhadat.com.vn/ban-nhanh-nha-c4-mat-tien-kinh-doanh-ngang-8m-hiem-170m-vuon-lai-an-phu-dong-18736468.html,2026-06-07,2026-06-07 20:16:10.418495,,13500,78947368.42105263,0,0
alonhadat,sale_student_csv,alonhadat_duc_18759036,18759036,CHỦ NHIỆT BÁN BIỆT THỰ 138M2. 4 TẦNG. HÀ HUY GIÁP. THỚI AN. QUẬN 12. CHỈ 10.9 TỶ.,10900000000,"10,9 tỷ",138,5,"Đường Hà Huy Giáp, Phường Thới An, Hồ Chí Minh",Phường Thới An,,Quận 12,1020,Biệt thự,,,,https://alonhadat.com.vn/chu-nhiet-ban-biet-thu-138m2-4-tang-ha-huy-giap-thoi-an-quan-12-chi-10-9-ty--18759036.html,https://alonhadat.com.vn/chu-nhiet-ban-biet-thu-138m2-4-tang-ha-huy-giap-thoi-an-quan-12-chi-10-9-ty--18759036.html,2026-06-07,2026-06-07 20:16:10.418495,,10900,78985507.24637681,0,0
alonhadat,sale_student_csv,alonhadat_duc_18435405,18435405,"Bán nhà mặt tiền Thới An 4, 5 lầu 21x30 chỉ 37 tỷ thới an quận 12",37000000000,37 tỷ,488,5,"Đường Thới An 4, Phường Thới An, Hồ Chí Minh",Phường Thới An,,Quận 12,1020,Biệt thự,,,,https://alonhadat.com.vn/ban-nha-mat-tien-thoi-an-4-5-lau-21x30-chi-37-ty-thoi-an-quan-12-18435405.html,https://alonhadat.com.vn/ban-nha-mat-tien-thoi-an-4-5-lau-21x30-chi-37-ty-thoi-an-quan-12-18435405.html,2026-06-07,2026-06-07 20:16:10.418495,,37000,75819672.13114753,0,0
alonhadat,sale_student_csv,alonhadat_duc_18757053,18757053,BÁN BIỆT THỰ LÔ GÓC- TÂN THỜI NHẤT 21 - Q12-10HATA - KỀ CÔNG VIÊN THUẬN KIỀU,27400000000,"27,4 tỷ",234,6,"Đường Tân Thới Nhất 21, Phường Đông Hưng Thuận, Hồ Chí Minh",Phường Đông Hưng Thuận,,Quận 12,1020,Biệt thự,,,,https://alonhadat.com.vn/ban-biet-thu-lo-goc-tan-thoi-nhat-21-q12-10hata-ke-cong-vien-thuan-kieu-18757053.html,https://alonhadat.com.vn/ban-biet-thu-lo-goc-tan-thoi-nhat-21-q12-10hata-ke-cong-vien-thuan-kieu-18757053.html,2026-06-07,2026-06-07 20:16:10.418495,,27400,117094017.09401709,0,0
alonhadat,sale_student_csv,alonhadat_duc_18755565,18755565,Bán biệt thự sân vườn Quận 12 DT 50x25m đất 1.234m² biệt thự 5 tầng hồ bơi thang máy,79000000000,79 tỷ,1234,10,"Đường Đông Bắc, Phường Trung Mỹ Tây, Hồ Chí Minh",Phường Tân Chánh Hiệp,,Quận 12,1020,Biệt thự,,,,https://alonhadat.com.vn/ban-biet-thu-san-vuon-quan-12-dt-50x25m-dat-1-234m-biet-thu-5-tang-ho-boi-thang-may-18755565.html,https://alonhadat.com.vn/ban-biet-thu-san-vuon-quan-12-dt-50x25m-dat-1-234m-biet-thu-5-tang-ho-boi-thang-may-18755565.html,2026-06-07,2026-06-07 20:16:10.418495,,79000,64019448.946515396,0,0
alonhadat,sale_student_csv,alonhadat_duc_18756872,18756872,🥰 BIỆT THỰ NHÀ PHỐ VIP NHẤT QUẬN 12. 4 LẦU .137M2 CHỈ HƠN 10 TỶ,10900000000,"10,9 tỷ",137,5,"Đường Hà Huy Giáp, Phường Thới An, Hồ Chí Minh",Phường Thới An,,Quận 12,1020,Biệt thự,,,,https://alonhadat.com.vn/biet-thu-nha-pho-vip-nhat-quan-12-4-lau-137m2-chi-hon-10-ty-18756872.html,https://alonhadat.com.vn/biet-thu-nha-pho-vip-nhat-quan-12-4-lau-137m2-chi-hon-10-ty-18756872.html,2026-06-07,2026-06-07 20:16:10.418495,,10900,79562043.79562044,0,0
alonhadat,sale_student_csv,alonhadat_duc_18754577,18754577,CĂN SỔ HỒNGHỘ CAO CẤP - HIỆP THÀNH CITY - 102M2 - 2PN -NHỈNH 2 TỶ - SỔ HỒNG,2790000000,"2,79 tỷ",103,2,"Đường Nguyễn Thị Búp, Phường Tân Thới Hiệp, Hồ Chí Minh",Phường Hiệp Thành,,Quận 12,1010,Căn hộ chung cư,,,,https://alonhadat.com.vn/can-so-hongho-cao-cap-hiep-thanh-city-102m2-2pn-nhinh-2-ty-so-hong-18754577.html,https://alonhadat.com.vn/can-so-hongho-cao-cap-hiep-thanh-city-102m2-2pn-nhinh-2-ty-so-hong-18754577.html,2026-06-07,2026-06-07 20:16:10.418495,,2790,27087378.640776698,0,0
alonhadat,sale_student_csv,alonhadat_duc_18754466,18754466,CĂN HỘ CAO CẤP THE PARKLAND - HIỆP THÀNH CITY - 9.3x11M - 2PN - 2.77 TỶ,2770000000,"2,77 tỷ",102,2,"Đường Nguyễn Thị Búp, Phường Tân Thới Hiệp, Hồ Chí Minh",Phường Hiệp Thành,,Quận 12,1010,Căn hộ chung cư,,,,https://alonhadat.com.vn/ban-can-ho-chung-cu-cao-cap-the-parkland-hiep-thanh-city-9-3x11m-2pn-2-77-ty-18754466.html,https://alonhadat.com.vn/ban-can-ho-chung-cu-cao-cap-the-parkland-hiep-thanh-city-9-3x11m-2pn-2-77-ty-18754466.html,2026-06-07,2026-06-07 20:16:10.418495,,2770,27156862.74509804,0,0
alonhadat,sale_student_csv,alonhadat_duc_18756342,18756342,NGỘP BÁN NHÀ 2 TẦNG - 4X31 - HẺM 5M - GẦN PHAN VĂN HỚN TÂN THỚI NHẤT - NHỈNH 7 TỶ,7299000000,"7,299 tỷ",124,11,"Đường Phan Văn Hớn, Phường Đông Hưng Thuận, Hồ Chí Minh",Phường Tân Thới Nhất,,Quận 12,1010,Căn hộ chung cư,,,,https://alonhadat.com.vn/ngop-ban-nha-2-tang-4x31-hem-5m-gan-phan-van-hon-tan-thoi-nhat-nhinh-7-ty-18756342.html,https://alonhadat.com.vn/ngop-ban-nha-2-tang-4x31-hem-5m-gan-phan-van-hon-tan-thoi-nhat-nhinh-7-ty-18756342.html,2026-06-07,2026-06-07 20:16:10.418495,,7299,58862903.22580645,0,0
alonhadat,sale_student_csv,alonhadat_duc_18631592,18631592,Bán đất mặt tiền Chợ Thạnh xuân - Đường Tô Ngọc Vân - Quận 12,8600000000,"8,6 tỷ",180,1,"Đường Tô Ngọc Vân, Phường Thới An, Hồ Chí Minh",Phường Thạnh Xuân,,Quận 12,1010,Căn hộ chung cư,,,,https://alonhadat.com.vn/ban-dat-mat-tien-cho-thanh-xuan-quan-12-gan-truong-cao-dang-dien-luc-18631592.html,https://alonhadat.com.vn/ban-dat-mat-tien-cho-thanh-xuan-quan-12-gan-truong-cao-dang-dien-luc-18631592.html,2026-06-07,2026-06-07 20:16:10.418495,,8600,47777777.777777776,0,0
alonhadat,sale_student_csv,alonhadat_duc_18704564,18704564,"💥HIẾM CÓ KHÓ TÌM 🏡NGANG KHỦNG 5,5m- 2TẦNG - 99m2 -FULL NỘI THẤT- HXH- TÂN THỚI HIỆP -",6600000000,"6,6 tỷ",99,3,"Đường Nguyễn Thị Kiểu, Phường Tân Thới Hiệp, Hồ Chí Minh",Phường Tân Thới Hiệp,,Quận 12,1030,Mặt bằng,,,,https://alonhadat.com.vn/-hiem-co-kho-tim-ngang-khung-5-5m-2tang-99m2-full-noi-that-hxh-tan-thoi-hiep--18704564.html,https://alonhadat.com.vn/-hiem-co-kho-tim-ngang-khung-5-5m-2tang-99m2-full-noi-that-hxh-tan-thoi-hiep--18704564.html,2026-06-07,2026-06-07 20:16:10.418495,,6600,66666666.666666664,0,0
alonhadat,sale_student_csv,alonhadat_duc_18759057,18759057,"NHÀ CẤP 4 FULL THỔ 8M x 20,5M CHƯA TỚI 42TR/M²",6700000000,"6,7 tỷ",162,2,"Đường Thạnh Lộc 41, Phường An Phú Đông, Hồ Chí Minh",Phường Thạnh Lộc,,Quận 12,1020,Nhà ở,,,,https://alonhadat.com.vn/nha-cap-4-full-tho-8m-x-20-5m-chua-toi-42tr-m--18759057.html,https://alonhadat.com.vn/nha-cap-4-full-tho-8m-x-20-5m-chua-toi-42tr-m--18759057.html,2026-06-07,2026-06-07 20:16:10.418495,,6700,41358024.69135802,0,0
alonhadat,sale_student_csv,alonhadat_duc_18749428,18749428,"Nhà Tân Thới Hiệp 21, DT: 5.5x5m, nhà trệt lầu, nhà đẹp vào sẵn ở",868000000,868 triệu,27,2,"Đường Tân Thới Hiệp 21, Phường Tân Thới Hiệp, Hồ Chí Minh",Phường Tân Thới Hiệp,,Quận 12,1020,Nhà ở,,,,https://alonhadat.com.vn/chinh-chu-can-ban-nha-duong-tan-thoi-hiep-21-phuong-tan-thoi-hiep-gan-cho-tan-thoi-hiep--18749428.html,https://alonhadat.com.vn/chinh-chu-can-ban-nha-duong-tan-thoi-hiep-21-phuong-tan-thoi-hiep-gan-cho-tan-thoi-hiep--18749428.html,2026-06-07,2026-06-07 20:16:10.418495,,868,32148148.14814815,0,0
alonhadat,sale_student_csv,alonhadat_duc_18749039,18749039,"Nhà 1 trệt 1 lầu Tân Thới Hiệp 20 , 4x8m, nhà mới đẹp, 2PN, công chứng liền",1168000000,"1,168 tỷ",32,2,"Đường Tân Thới Hiệp 20, Phường Tân Thới Hiệp, Hồ Chí Minh",Phường Tân Thới Hiệp,,Quận 12,1020,Nhà ở,,,,https://alonhadat.com.vn/nha-1-tret-1-lau-tan-thoi-hiep-20-4x8m-nha-moi-dep-2pn-cong-chung-lien-18749039.html,https://alonhadat.com.vn/nha-1-tret-1-lau-tan-thoi-hiep-20-4x8m-nha-moi-dep-2pn-cong-chung-lien-18749039.html,2026-06-07,2026-06-07 20:16:10.418495,,1168,36500000,0,0
alonhadat,sale_student_csv,alonhadat_duc_18758238,18758238,"Nhà 3 lầu gần chợ Hạt Điều- Trung Mỹ Tây, 45m²- hẻm xe hơi quay đầu- chỉ 4.65 tỷ.",4650000000,"4,65 tỷ",45,4,"Đường Lâm Thị Hố, Phường Trung Mỹ Tây, Hồ Chí Minh",Phường Trung Mỹ Tây,,Quận 12,1020,Nhà ở,,,,https://alonhadat.com.vn/nha-3-lau-gan-cho-hat-dieu-trung-my-tay-45m-hem-xe-hoi-quay-dau-chi-4-65-ty--18758238.html,https://alonhadat.com.vn/nha-3-lau-gan-cho-hat-dieu-trung-my-tay-45m-hem-xe-hoi-quay-dau-chi-4-65-ty--18758238.html,2026-06-07,2026-06-07 20:16:10.418495,,4650,103333333.33333333,0,0
alonhadat,sale_student_csv,alonhadat_duc_18758177,18758177,"👩‍❤️‍👩 CHÚNG TÔI HẠ 500tr. BÁN NHANH NHÀ 60M2 5,5tỷ HẺM OTO KHU AN NINh",5500000000,"5,5 tỷ",60,4,"Đường Thạnh Xuân 25, Phường Thới An, Hồ Chí Minh",Phường Thới An,,Quận 12,1020,Nhà ở,,,,https://alonhadat.com.vn/-chung-toi-ha-500tr-ban-nhanh-nha-60m2-5-5ty-hem-oto-khu-an-ninh-18758177.html,https://alonhadat.com.vn/-chung-toi-ha-500tr-ban-nhanh-nha-60m2-5-5ty-hem-oto-khu-an-ninh-18758177.html,2026-06-07,2026-06-07 20:16:10.418495,,5500,91666666.66666667,0,0
alonhadat,sale_student_csv,alonhadat_duc_18366816,18366816,"HÀNG HIẾM GIẢM 1.5 TỶ - MẶT TIỀN TRẦN THỊ CỜ – DÒNG TIỀN , 5x24 – CÒN 9.5 TỶ",9500000000,"9,5 tỷ",100,3,"Đường Trần Thị Cờ, Phường Thới An, Hồ Chí Minh",Phường Thới An,,Quận 12,1020,Nhà ở,,,,https://alonhadat.com.vn/hang-hiem-mat-tien-tran-thi-co-dong-tien-15tr-th-5x20-gia-11-5-ty-18366816.html,https://alonhadat.com.vn/hang-hiem-mat-tien-tran-thi-co-dong-tien-15tr-th-5x20-gia-11-5-ty-18366816.html,2026-06-07,2026-06-07 20:16:10.418495,,9500,95000000,0,0
alonhadat,sale_student_csv,alonhadat_duc_18137539,18137539,NHÀ MẶT TIỀN XE OTO CHẠY VI VU - 4 TẦNG - CÓ THANG MÁY KHU VIP 38Ha GẦN DƯƠNG THỊ GIANG,12950000000,"12,95 tỷ",92,4,"Đường Dương Thị Giang, Phường Đông Hưng Thuận, Hồ Chí Minh",Phường Tân Thới Nhất,,Quận 12,1020,Nhà ở,,,,https://alonhadat.com.vn/nha-mat-tien-xe-oto-chay-vi-vu-4-tang-co-thang-may-khu-vip-38ha-gan-duong-thi-giang-18137539.html,https://alonhadat.com.vn/nha-mat-tien-xe-oto-chay-vi-vu-4-tang-co-thang-may-khu-vip-38ha-gan-duong-thi-giang-18137539.html,2026-06-07,2026-06-07 20:16:10.418495,,12950,140760869.5652174,0,0
alonhadat,sale_student_csv,alonhadat_duc_18758104,18758104,"Nhà mặt tiền đường Tân Thới Nhất 17, gần khu 38ha, vị trí đẹp, thuận tiện kinh doanh.",13600000000,"13,6 tỷ",84,5,"Đường Tân Thới Nhất 17, Phường Đông Hưng Thuận, Hồ Chí Minh",Phường Tân Thới Nhất,,Quận 12,1020,Nhà ở,,,,https://alonhadat.com.vn/nha-mat-tien-duong-tan-thoi-nhat-17-gan-khu-38ha-vi-tri-dep-thuan-tien-kinh-doanh--18758104.html,https://alonhadat.com.vn/nha-mat-tien-duong-tan-thoi-nhat-17-gan-khu-38ha-vi-tri-dep-thuan-tien-kinh-doanh--18758104.html,2026-06-07,2026-06-07 20:16:10.418495,,13600,161904761.9047619,0,0
alonhadat,sale_student_csv,alonhadat_duc_18418185,18418185,"Bán nhà mặt tiền kinh doanh đường Tân Thới Nhất 17, diện tích 73.4m2",13000000000,13 tỷ,74,4,"Đường Tân Thới Nhất 17, Phường Đông Hưng Thuận, Hồ Chí Minh",Phường Tân Thới Nhất,,Quận 12,1020,Nhà ở,,,,https://alonhadat.com.vn/ban-nha-mat-tien-kinh-doanh-duong-tan-thoi-nhat-17-dien-tich-73-4m2-18418185.html,https://alonhadat.com.vn/ban-nha-mat-tien-kinh-doanh-duong-tan-thoi-nhat-17-dien-tich-73-4m2-18418185.html,2026-06-07,2026-06-07 20:16:10.418495,,13000,175675675.6756757,0,0
alonhadat,sale_student_csv,alonhadat_duc_18757664,18757664,2MT trước sau Song Hành - Sầm uất kinh doanh 70m,7700000000,"7,7 tỷ",70,4,"Đường Song Hành, Phường Đông Hưng Thuận, Hồ Chí Minh",Phường Đông Hưng Thuận,,Quận 12,1020,Nhà ở,,,,https://alonhadat.com.vn/2mt-truoc-sau-song-hanh-sam-uat-kinh-doanh-70m-18757664.html,https://alonhadat.com.vn/2mt-truoc-sau-song-hanh-sam-uat-kinh-doanh-70m-18757664.html,2026-06-07,2026-06-07 20:16:10.418495,,7700,110000000,0,0
alonhadat,sale_student_csv,alonhadat_duc_18757623,18757623,"Bán nhà 2 MẶT TIỀN Thạnh Xuân 25,DT 5.5x16, DTSD 246m, 4Tầng, hẻm 7m, Giá 6ty65 có thương",6550000000,"6,55 tỷ",72,4,"Đường Thạnh Xuân 25, Phường Thới An, Hồ Chí Minh",Phường Thới An,,Quận 12,1020,Nhà ở,,,,https://alonhadat.com.vn/ban-nha-2-mat-tien-thanh-xuan-25-dt-5-5x16-dtsd-246m-4tang-hem-7m-gia-6ty65-co-thuong-18757623.html,https://alonhadat.com.vn/ban-nha-2-mat-tien-thanh-xuan-25-dt-5-5x16-dtsd-246m-4tang-hem-7m-gia-6ty65-co-thuong-18757623.html,2026-06-07,2026-06-07 20:16:10.418495,,6550,90972222.22222222,0,0
alonhadat,sale_student_csv,alonhadat_duc_17405318,17405318,"Hiếm, Nhà 2 Tầng hẻm 1/ đường TRƯƠNG THỊ HOA, Tân Thới Hiệp, DT 80m2 (4 x 20), hẻm 6m.",5600000000,"5,6 tỷ",80,3,"Đường Trương Thị Hoa, Phường Tân Thới Hiệp, Hồ Chí Minh",Phường Tân Thới Hiệp,,Quận 12,1020,Nhà ở,,,,https://alonhadat.com.vn/hiem-nha-2-tang-hem-1-duong-truong-thi-hoa-tan-thoi-hiep-dt-80m2-4-x-20-hem-6m--17405318.html,https://alonhadat.com.vn/hiem-nha-2-tang-hem-1-duong-truong-thi-hoa-tan-thoi-hiep-dt-80m2-4-x-20-hem-6m--17405318.html,2026-06-07,2026-06-07 20:16:10.418495,,5600,70000000,0,0
alonhadat,sale_student_csv,alonhadat_duc_18758477,18758477,NHÀ 3PN - NGANG 4M NỞ HẬU 7M -HẺM 6M - VƯỜN LÀI - QUẬN 12 - 4.5 TỶ,4500000000,"4,5 tỷ",63,3,"Đường Vườn Lài, Phường An Phú Đông, Hồ Chí Minh",Phường An Phú Đông,,Quận 12,1020,Nhà ở,,,,https://alonhadat.com.vn/nha-3pn-ngang-4m-no-hau-7m-hem-6m-vuon-lai-quan-12-4-5-ty-18758477.html,https://alonhadat.com.vn/nha-3pn-ngang-4m-no-hau-7m-hem-6m-vuon-lai-quan-12-4-5-ty-18758477.html,2026-06-07,2026-06-07 20:16:10.418495,,4500,71428571.42857143,0,0
alonhadat,sale_student_csv,alonhadat_duc_18756190,18756190,"MẶT TIỀN ĐƯỜNG TRƯỜNG CHINH Q.12, NGANG 7m5 CỰC HIẾM, 1 TRỆT 4 LẦU HOÀN CÔNG ĐẦY ĐỦ",13500000000,"13,5 tỷ",66,4,"Đường Trường Chinh, Phường Đông Hưng Thuận, Hồ Chí Minh",Phường Đông Hưng Thuận,,Quận 12,1020,Nhà ở,,,,https://alonhadat.com.vn/mat-tien-duong-truong-chinh-q-12-ngang-7m5-cuc-hiem-1-tret-4-lau-hoan-cong-day-du-18756190.html,https://alonhadat.com.vn/mat-tien-duong-truong-chinh-q-12-ngang-7m5-cuc-hiem-1-tret-4-lau-hoan-cong-day-du-18756190.html,2026-06-07,2026-06-07 20:16:10.418495,,13500,204545454.54545453,0,0
alonhadat,sale_student_csv,alonhadat_duc_18758948,18758948,BÁN NHÀ TRẦN THỊ HÈ Q12 - 2 TẦNG 52M2 ( 4M X 13M) - HẺM XE HƠI - 4.06 TỶ,4059999999.9999995,"4,06 tỷ",52,2,"Đường Trần Thị Hè, Phường Tân Thới Hiệp, Hồ Chí Minh",Phường Hiệp Thành,,Quận 12,1020,Nhà ở,,,,https://alonhadat.com.vn/ban-nha-tran-thi-he-q12-2-tang-52m2-4m-x-13m-hem-xe-hoi-4-06-ty-18758948.html,https://alonhadat.com.vn/ban-nha-tran-thi-he-q12-2-tang-52m2-4m-x-13m-hem-xe-hoi-4-06-ty-18758948.html,2026-06-07,2026-06-07 20:16:10.418495,,4059.9999999999995,78076923.07692307,0,0
alonhadat,sale_student_csv,alonhadat_duc_18758630,18758630,"NHÀ CHÍNH CHỦ: GẦN COOPMART NGUYỄN ẢNH THỦ- 50m2- HXH- Chỉ 3,5 Tỷ ⚡ Nhà bán quận 12",3500000000,"3,5 tỷ",50,2,"Đường Nguyễn Ánh Thủ, Xã Bà Điểm, Hồ Chí Minh",Xã Trung Chánh,,Quận 12,1020,Nhà ở,,,,https://alonhadat.com.vn/nha-chinh-chu-gan-coopmart-nguyen-anh-thu-50m2-hxh-chi-3-5-ty-nha-ban-quan-12-18758630.html,https://alonhadat.com.vn/nha-chinh-chu-gan-coopmart-nguyen-anh-thu-50m2-hxh-chi-3-5-ty-nha-ban-quan-12-18758630.html,2026-06-07,2026-06-07 20:16:10.418495,,3500,70000000,0,0
alonhadat,sale_student_csv,alonhadat_duc_18726193,18726193,"🏠 CHỈ 3,4 TỶ CÓ NHÀ 2 TẦNG - 52m2- HXH- ĐÔNG HƯNG THUẬN 5 ⚡ Nhà bán quận 12.",3400000000,"3,4 tỷ",52,2,"Đường Đông Hưng Thuận 5, Phường Đông Hưng Thuận, Hồ Chí Minh",Phường Đông Hưng Thuận,,Quận 12,1020,Nhà ở,,,,https://alonhadat.com.vn/-chi-3-4-ty-co-nha-2-tang-52m2-hxh-dong-hung-thuan-5-nha-ban-quan-12--18726193.html,https://alonhadat.com.vn/-chi-3-4-ty-co-nha-2-tang-52m2-hxh-dong-hung-thuan-5-nha-ban-quan-12--18726193.html,2026-06-07,2026-06-07 20:16:10.418495,,3400,65384615.384615384,0,0
alonhadat,sale_student_csv,alonhadat_duc_18628581,18628581,"🏡 CHỦ GIẢM MẠNH- NHÀ 2 TẦNG - 72m2 - 3,6 TỶ - GẦN NGUYỄN ẢNH THỦ ⚡ Nhà bán quận 12.",3570000000,"3,57 tỷ",72,4,"Đường Nguyễn Ảnh Thủ, Phường Tân Thới Hiệp, Hồ Chí Minh",Phường Hiệp Thành,,Quận 12,1020,Nhà ở,,,,https://alonhadat.com.vn/-2-tang-72m2-ngay-hiep-thanh-city-chi-3-6-ty-nha-ban-quan-12--18628581.html,https://alonhadat.com.vn/-2-tang-72m2-ngay-hiep-thanh-city-chi-3-6-ty-nha-ban-quan-12--18628581.html,2026-06-07,2026-06-07 20:16:10.418495,,3570,49583333.333333336,0,0
alonhadat,sale_student_csv,alonhadat_duc_18759025,18759025,GIẢM 800 TRIỆU – DÃY TRỌ HẺM 6M ĐƯỜNG HÀ ĐẶC QUẬN 12 ( 8Mx 22M ) - 10.7 TỶ🔥,10700000000,"10,7 tỷ",180,10,"Đường Hà Đặc, Phường Trung Mỹ Tây, Hồ Chí Minh",Phường Trung Mỹ Tây,,Quận 12,1020,Nhà ở,,,,https://alonhadat.com.vn/giam-800-trieu-day-tro-hem-6m-duong-ha-dac-quan-12-8mx-22m-10-7-ty--18759025.html,https://alonhadat.com.vn/giam-800-trieu-day-tro-hem-6m-duong-ha-dac-quan-12-8mx-22m-10-7-ty--18759025.html,2026-06-07,2026-06-07 20:16:10.418495,,10700,59444444.44444445,0,0
alonhadat,sale_student_csv,alonhadat_duc_18758543,18758543,"🔥 GIẢM CÒN 3,95 TỶ – NHÀ 2 TẦNG SÁT HXH TCH35 – GẦN PHẦN MỀN QUANG TRUNG – TÔ KÝ Q12 🔥",3950000000,"3,95 tỷ",49,2,"Đường Tân Chánh Hiệp 35, Phường Trung Mỹ Tây, Hồ Chí Minh",Phường Trung Mỹ Tây,,Quận 12,1020,Nhà ở,,,,https://alonhadat.com.vn/-giam-con-3-95-ty-nha-2-tang-sat-hxh-tch35-gan-phan-men-quang-trung-to-ky-q12--18758543.html,https://alonhadat.com.vn/-giam-con-3-95-ty-nha-2-tang-sat-hxh-tch35-gan-phan-men-quang-trung-to-ky-q12--18758543.html,2026-06-07,2026-06-07 20:16:10.418495,,3950,80612244.89795919,0,0
alonhadat,sale_student_csv,alonhadat_duc_18758484,18758484,BÁN NHÀ HXH - ĐỐI DIỆN HIỆP THÀNH CITY- Q12 - 2 TẦNG - 4.5X13 - 3PN - 4TY,4120000000,"4,12 tỷ",55,3,"Đường Trần Thị Năm, Phường Trung Mỹ Tây, Hồ Chí Minh",Phường Tân Chánh Hiệp,,Quận 12,1020,Nhà ở,,,,https://alonhadat.com.vn/ban-nha-hxh-doi-dien-hiep-thanh-city-q12-2-tang-4-5x13-3pn-4ty-18758484.html,https://alonhadat.com.vn/ban-nha-hxh-doi-dien-hiep-thanh-city-q12-2-tang-4-5x13-3pn-4ty-18758484.html,2026-06-07,2026-06-07 20:16:10.418495,,4120,74909090.9090909,0,0
alonhadat,sale_student_csv,alonhadat_duc_18731362,18731362,NHÀ NGUYỄN THỊ KIỂU - Q.12 - HẺM THÔNG XE HƠI - DT 6x16m - GIÁ 6.6 TỶ,6600000000,"6,6 tỷ",88,2,"Đường Tân Thới Hiệp 1, Phường Tân Thới Hiệp, Hồ Chí Minh",Phường Tân Thới Hiệp,,Quận 12,1020,Nhà ở,,,,https://alonhadat.com.vn/nha-nguyen-thi-kieu-q-12-hem-thong-xe-hoi-dt-6x16m-gia-6-6-ty-18731362.html,https://alonhadat.com.vn/nha-nguyen-thi-kieu-q-12-hem-thong-xe-hoi-dt-6x16m-gia-6-6-ty-18731362.html,2026-06-07,2026-06-07 20:16:10.418495,,6600,75000000,0,0
alonhadat,sale_student_csv,alonhadat_duc_18438522,18438522,"BÁN NHÀ MẶT TIỀN NGUYỄN THỊ KIỂU 140M2 CHỈ 13.5 TỶ HIỆP THÀNH, QUẬN 12",13500000000,"13,5 tỷ",140,2,"Đường Nguyễn Thị Kiểu, Phường Tân Thới Hiệp, Hồ Chí Minh",Phường Hiệp Thành,,Quận 12,1020,Nhà ở,,,,https://alonhadat.com.vn/ban-nha-mat-tien-nguyen-thi-kieu-140m2-chi-13-5-ty-hiep-thanh-quan-12-18438522.html,https://alonhadat.com.vn/ban-nha-mat-tien-nguyen-thi-kieu-140m2-chi-13-5-ty-hiep-thanh-quan-12-18438522.html,2026-06-07,2026-06-07 20:16:10.418495,,13500,96428571.42857143,0,0
alonhadat,sale_student_csv,alonhadat_duc_18435471,18435471,Bán nhà mặt tiền hiệp thành 06 10x25 chỉ 20 tỷ hiệp thành quận 12,20000000000,20 tỷ,250,5,"Đường Hiệp Thành 6, Phường Tân Thới Hiệp, Hồ Chí Minh",Phường Hiệp Thành,,Quận 12,1020,Nhà ở,,,,https://alonhadat.com.vn/ban-nha-mat-tien-hiep-thanh-06-10x25-chi-20-ty-hiep-thanh-quan-12-18435471.html,https://alonhadat.com.vn/ban-nha-mat-tien-hiep-thanh-06-10x25-chi-20-ty-hiep-thanh-quan-12-18435471.html,2026-06-07,2026-06-07 20:16:10.418495,,20000,80000000,0,0
alonhadat,sale_student_csv,alonhadat_duc_18755222,18755222,🏡 4 TẦNG - SIÊU PHẨM MỚI 100% - PHAN VĂN HỚN- TÂN THỚI NHẤT Q12 - HẺM 5M XE HƠI NGỦ TRONG,7000000000,7 tỷ,54,4,"Đường Tân Thới Nhất 2, Phường Đông Hưng Thuận, Hồ Chí Minh",Phường Đông Hưng Thuận,,Quận 12,1020,Nhà ở,,,,https://alonhadat.com.vn/-4-tang-sieu-pham-moi-100-phan-van-hon-tan-thoi-nhat-q12-hem-5m-xe-hoi-ngu-trong-18755222.html,https://alonhadat.com.vn/-4-tang-sieu-pham-moi-100-phan-van-hon-tan-thoi-nhat-q12-hem-5m-xe-hoi-ngu-trong-18755222.html,2026-06-07,2026-06-07 20:16:10.418495,,7000,129629629.62962963,0,0
alonhadat,sale_student_csv,alonhadat_duc_18758276,18758276,"🏡MỘT CĂN RA MT-55M2-NỞ HẬU-KHÔNG QH, LỘ GIỚI-ĐÔNG HƯNG THUẬN-Q12-4.45 TỶ (TL)",4450000000,"4,45 tỷ",55,2,"Đường Nguyễn Văn Quá, Phường Đông Hưng Thuận, Hồ Chí Minh",Phường Đông Hưng Thuận,,Quận 12,1020,Nhà ở,,,,https://alonhadat.com.vn/-mot-can-ra-mt-55m2-no-hau-khong-qh-lo-gioi-dong-hung-thuan-q12-4-45-ty-tl--18758276.html,https://alonhadat.com.vn/-mot-can-ra-mt-55m2-no-hau-khong-qh-lo-gioi-dong-hung-thuan-q12-4-45-ty-tl--18758276.html,2026-06-07,2026-06-07 20:16:10.418495,,4450,80909090.9090909,0,0
alonhadat,sale_student_csv,alonhadat_duc_17357946,17357946,"🏡 BÁN NHÀ ĐẸP – THIẾT KẾ ĐA NĂNG – TÂN THỚI NHẤT, QUẬN 12 – 136M² NGANG 5M – CHỈ 8.1 TỶ",8100000000,"8,1 tỷ",136,3,"Đường Tân Thới Nhất 2, Phường Đông Hưng Thuận, Hồ Chí Minh",Phường Tân Thới Nhất,,Quận 12,1020,Nhà ở,,,,https://alonhadat.com.vn/-ban-nha-dep-thiet-ke-da-nang-tan-thoi-nhat-quan-12-136m-ngang-5m-chi-9-2-ty-17357946.html,https://alonhadat.com.vn/-ban-nha-dep-thiet-ke-da-nang-tan-thoi-nhat-quan-12-136m-ngang-5m-chi-9-2-ty-17357946.html,2026-06-07,2026-06-07 20:16:10.418495,,8100,59558823.52941176,0,0
alonhadat,sale_student_csv,alonhadat_duc_18758197,18758197,🏡NHÀ SÁT HẺM XE TẢI TCH-TÔ KÝ-Q12-PHẦN MỀN QUANG TRUNG-4MX13M-2 TẦNG-GIÁ CHỈ 3.95 TỶ (TL),3950000000,"3,95 tỷ",50,2,"Đường Tân Chánh Hiệp 35, Phường Trung Mỹ Tây, Hồ Chí Minh",Phường Trung Mỹ Tây,,Quận 12,1020,Nhà ở,,,,https://alonhadat.com.vn/-nha-sat-hem-xe-tai-tch-to-ky-q12-phan-men-quang-trung-4mx13m-2-tang-gia-chi-3-95-ty-tl--18758197.html,https://alonhadat.com.vn/-nha-sat-hem-xe-tai-tch-to-ky-q12-phan-men-quang-trung-4mx13m-2-tang-gia-chi-3-95-ty-tl--18758197.html,2026-06-07,2026-06-07 20:16:10.418495,,3950,79000000,0,0
alonhadat,sale_student_csv,alonhadat_duc_18575368,18575368,"Nhà 3 tấm mặt tiền Trần Thị Hè-Hiệp Thành-Q12.Dt 4,1x27~112m2~6,9ty",6900000000,"6,9 tỷ",112,5,"Đường Trần Thị Hè, Phường Tân Thới Hiệp, Hồ Chí Minh",Phường Hiệp Thành,,Quận 12,1020,Nhà ở,,,,https://alonhadat.com.vn/nha-3-tam-mat-tien-tran-thi-he-hiep-thanh-q12-dt-4-1x27-112m2-7-5ty-18575368.html,https://alonhadat.com.vn/nha-3-tam-mat-tien-tran-thi-he-hiep-thanh-q12-dt-4-1x27-112m2-7-5ty-18575368.html,2026-06-07,2026-06-07 20:16:10.418495,,6900,61607142.85714286,0,0
alonhadat,sale_student_csv,alonhadat_duc_18727257,18727257,"Anh Tôi bán nhà MT Vườn Lài , P. An Phú Đông ,Q.12-150m2 (5x30) CTXD Hầm 7 lầu HĐT 35 tr",19000000000,19 tỷ,150,4,"Đường Vườn Lài, Phường An Phú Đông, Hồ Chí Minh",Phường An Phú Đông,,Quận 12,1020,Nhà ở,,,,https://alonhadat.com.vn/anh-toi-ban-nha-mt-vuon-lai-p-an-phu-dong-q-12-148m2-5x25-ctxd-ham-7-lau-hdt-35-tr-18727257.html,https://alonhadat.com.vn/anh-toi-ban-nha-mt-vuon-lai-p-an-phu-dong-q-12-148m2-5x25-ctxd-ham-7-lau-hdt-35-tr-18727257.html,2026-06-07,2026-06-07 20:16:10.418495,,19000,126666666.66666667,0,0
alonhadat,sale_student_csv,alonhadat_duc_18757167,18757167,ĐỪƠNG QUANG TRUNG - TÔ KÝ - ĐƯỜNG RỘNG 20M VỈA HÈ 13M - CHO NGÂN HÀNG SACOMBANK THUÊ ỔN,27000000000,27 tỷ,105,4,"Đường Tô Ký, Phường Đông Hưng Thuận, Hồ Chí Minh",Phường Đông Hưng Thuận,,Quận 12,1040,Đất,,,,https://alonhadat.com.vn/duong-quang-trung-to-ky-duong-rong-20m-via-he-13m-cho-ngan-hang-sacombank-thue-on-18757167.html,https://alonhadat.com.vn/duong-quang-trung-to-ky-duong-rong-20m-via-he-13m-cho-ngan-hang-sacombank-thue-on-18757167.html,2026-06-07,2026-06-07 20:16:10.418495,,27000,257142857.14285713,0,0
alonhadat,sale_student_csv,alonhadat_duc_18757029,18757029,"🏡 CĂN GÓC 2 MẶT TIỀN ĐÔNG HƯNG THUẬN 11 – KINH DOANH ĐỈNH 🧨❌CHỦ GIẢM CÒN ,15 ,TỶ",15000000000,15 tỷ,200,4,"Đường Nguyễn Văn Quá, Phường Đông Hưng Thuận, Hồ Chí Minh",Phường Đông Hưng Thuận,,Quận 12,1040,Đất,,,,https://alonhadat.com.vn/-can-goc-2-mat-tien-dong-hung-thuan-11-kinh-doanh-dinh-chu-giam-con-15-ty-18757029.html,https://alonhadat.com.vn/-can-goc-2-mat-tien-dong-hung-thuan-11-kinh-doanh-dinh-chu-giam-con-15-ty-18757029.html,2026-06-07,2026-06-07 20:16:10.418495,,15000,75000000,0,0
alonhadat,sale_student_csv,alonhadat_duc_18756998,18756998,"🏆 CỰC VIP – ĐẤT LỚN 2 MẶT TIỀN - NGUYỄN VĂN QUÁ - ĐÔNG HƯNG THUẬN & KÊNH THAM LƯƠNG,",78800000000,"78,8 tỷ",890,4,"Đường Nguyễn Văn Quá, Phường Đông Hưng Thuận, Hồ Chí Minh",Phường Đông Hưng Thuận,,Quận 12,1040,Đất,,,,https://alonhadat.com.vn/-cuc-vip-dat-lon-2-mat-tien-nguyen-van-qua-dong-hung-thuan-kenh-tham-luong--18756998.html,https://alonhadat.com.vn/-cuc-vip-dat-lon-2-mat-tien-nguyen-van-qua-dong-hung-thuan-kenh-tham-luong--18756998.html,2026-06-07,2026-06-07 20:16:10.418495,,78800,88539325.84269662,0,0
alonhadat,sale_student_csv,alonhadat_duc_18755260,18755260,🏡 MẶT TIỀN - TÂN THỚI NHẤT 08 - NGAY PHAN VĂN HỚN - DIỆN TÍCH LỚN 1345M2 VUÔNG VỨC -,114000000000,114 tỷ,1345,6,"Đường Tân Thới Nhất 8, Phường Đông Hưng Thuận, Hồ Chí Minh",Phường Đông Hưng Thuận,,Quận 12,1040,Đất,,,,https://alonhadat.com.vn/-mat-tien-tan-thoi-nhat-08-ngay-phan-van-hon-dien-tich-lon-1345m2-vuong-vuc--18755260.html,https://alonhadat.com.vn/-mat-tien-tan-thoi-nhat-08-ngay-phan-van-hon-dien-tich-lon-1345m2-vuong-vuc--18755260.html,2026-06-07,2026-06-07 20:16:10.418495,,114000,84758364.31226766,0,0
alonhadat,sale_student_csv,alonhadat_duc_18755231,18755231,"ĐẤT TRỐNG HẺM 6M XE HƠI NGAY CHỢ CÂY SỘP - ĐÔNG HƯNG THUẬN 02- 74M - (5,3M x 14M)",4700000000,"4,7 tỷ",74,1,"Đường Đông Hưng Thuận 2, Phường Đông Hưng Thuận, Hồ Chí Minh",Phường Đông Hưng Thuận,,Quận 12,1040,Đất,,,,https://alonhadat.com.vn/dat-trong-hem-6m-xe-hoi-ngay-cho-cay-sop-dong-hung-thuan-02-74m-5-3m-x-14m--18755231.html,https://alonhadat.com.vn/dat-trong-hem-6m-xe-hoi-ngay-cho-cay-sop-dong-hung-thuan-02-74m-5-3m-x-14m--18755231.html,2026-06-07,2026-06-07 20:16:10.418495,,4700,63513513.51351351,0,0
alonhadat,sale_student_csv,alonhadat_duc_18758399,18758399,"45M - 3,9tỷ - Phan Văn Hớn - Tân Thới Nhất 08, Q12 - Hẻm 4m Xe Hơi - Hướng TB",3900000000,"3,9 tỷ",45,3,"Đường Tân Thới Nhất 8, Phường Đông Hưng Thuận, Hồ Chí Minh",Phường Đông Hưng Thuận,,Quận 12,1040,Đất,,,,https://alonhadat.com.vn/45m-3-9ty-phan-van-hon-tan-thoi-nhat-08-q12-hem-4m-xe-hoi-huong-tb-18758399.html,https://alonhadat.com.vn/45m-3-9ty-phan-van-hon-tan-thoi-nhat-08-q12-hem-4m-xe-hoi-huong-tb-18758399.html,2026-06-07,2026-06-07 20:16:10.418495,,3900,86666666.66666667,0,0
alonhadat,sale_student_csv,alonhadat_duc_18364110,18364110,"SỞ HỮU BIỆT THỰ CỔ – DẤU ẤN SÀI GÒN THẬP NIÊN 60, DTCN 528m2, GIÁ 280 TỶ",280000000000,280 tỷ,528,3,"Đường Võ Thị Sáu, Phường Xuân Hòa, Hồ Chí Minh",Phường Võ Thị Sáu,,Quận 3,1020,Biệt thự,,,,https://alonhadat.com.vn/so-huu-biet-thu-co-dau-an-sai-gon-thap-nien-60-dtcn-528m2-gia-280-ty-18364110.html,https://alonhadat.com.vn/so-huu-biet-thu-co-dau-an-sai-gon-thap-nien-60-dtcn-528m2-gia-280-ty-18364110.html,2026-06-07,2026-06-07 20:16:10.418495,,280000,530303030.3030303,0,0
alonhadat,sale_student_csv,alonhadat_duc_18422132,18422132,"BIỆT THỰ CAO THẮNG, DT 230M2 – GIÁ TRỊ ĐẦU TƯ HIẾM , GIÁ 76 TỶ",76000000000,76 tỷ,230,1,"Đường Cao Thắng, Phường Xuân Hòa, Hồ Chí Minh",Phường 4,,Quận 3,1020,Biệt thự,,,,https://alonhadat.com.vn/biet-thu-cao-thang-dt-230m2-gia-tri-dau-tu-hiem-gia-76-ty-18422132.html,https://alonhadat.com.vn/biet-thu-cao-thang-dt-230m2-gia-tri-dau-tu-hiem-gia-76-ty-18422132.html,2026-06-07,2026-06-07 20:16:10.418495,,76000,330434782.6086956,0,0
alonhadat,sale_student_csv,alonhadat_duc_18425016,18425016,"Bán Biệt Thự - Hẻm Vip 8m Lê Văn Sỹ, Phường 13, Quận 3 - 8m x 20,5m - 3 Tầng chỉ 36 tỷ",36000000000,36 tỷ,130,3,"Đường Lê Văn Sỹ, Phường Nhiêu Lộc, Hồ Chí Minh",Phường 13,,Quận 3,1020,Biệt thự,,,,https://alonhadat.com.vn/ban-biet-thu-hem-vip-8m-le-van-sy-phuong-13-quan-3-8m-x-20-5m-3-tang-chi-36-ty-18425016.html,https://alonhadat.com.vn/ban-biet-thu-hem-vip-8m-le-van-sy-phuong-13-quan-3-8m-x-20-5m-3-tang-chi-36-ty-18425016.html,2026-06-07,2026-06-07 20:16:10.418495,,36000,276923076.9230769,0,0
alonhadat,sale_student_csv,alonhadat_duc_18733684,18733684,"Bán Nhà 2MT, 50 Trương Định, Quận 3, DT:20x40 , 3 tầng ,CTXD cao tầng, Giá 500 tỷ Siêu Hot",500000000000,500 tỷ,816,8,"Đường Trương Định, Phường Xuân Hòa, Hồ Chí Minh",Phường Xuân Hòa,,Quận 3,1020,Biệt thự,,,,https://alonhadat.com.vn/ban-nha-2mt-50-truong-dinh-quan-3-dt-20x40-3-tang-ctxd-cao-tang-gia-500-ty-sieu-hot-18733684.html,https://alonhadat.com.vn/ban-nha-2mt-50-truong-dinh-quan-3-dt-20x40-3-tang-ctxd-cao-tang-gia-500-ty-sieu-hot-18733684.html,2026-06-07,2026-06-07 20:16:10.418495,,500000,612745098.0392157,0,0
alonhadat,sale_student_csv,alonhadat_duc_18125254,18125254,"Bán Biệt Thự,HXH,Lê Văn Sỹ,P,14,Quận,3 Dt;13mx24m2 (317m2),Kết cấu; 4 tầng,Giá bán 79 Tỷ",79000000000,79 tỷ,317,8,"Đường Lê Văn Sỹ, Phường Nhiêu Lộc, Hồ Chí Minh",Phường 14,,Quận 3,1020,Biệt thự,,,,https://alonhadat.com.vn/ban-biet-thu-vip-le-van-sy-phuong-13-quan-3-dt-14m2x18m2-ket-cau-3-tang-gia-50-ty-18125254.html,https://alonhadat.com.vn/ban-biet-thu-vip-le-van-sy-phuong-13-quan-3-dt-14m2x18m2-ket-cau-3-tang-gia-50-ty-18125254.html,2026-06-07,2026-06-07 20:16:10.418495,,79000,249211356.46687698,0,0
alonhadat,sale_student_csv,alonhadat_duc_18607760,18607760,"Bán gấp biệt thự đường Nam Kỳ Khởi Nghĩa, Quận 3, dt: 15x16m 2 tầng sân vườn.",72000000000,72 tỷ,254,6,"Đường Nam Kỳ Khởi Nghĩa, Phường Xuân Hòa, Hồ Chí Minh",Phường Võ Thị Sáu,,Quận 3,1020,Biệt thự,,,,https://alonhadat.com.vn/ban-gap-biet-thu-duong-nam-ky-khoi-nghia-quan-3-dt-15x16m-2-tang-san-vuon--18607760.html,https://alonhadat.com.vn/ban-gap-biet-thu-duong-nam-ky-khoi-nghia-quan-3-dt-15x16m-2-tang-san-vuon--18607760.html,2026-06-07,2026-06-07 20:16:10.418495,,72000,283464566.92913383,0,0
alonhadat,sale_student_csv,alonhadat_duc_18401389,18401389,"Bán biệt thự cao cấp đường Cao Thắng Quận 3, dt: 13x18m 2 tầng mới đẹp",75000000000,75 tỷ,230,6,"Đường Cao Thắng, Phường Bàn Cờ, Hồ Chí Minh",Phường Bàn Cờ,,Quận 3,1020,Biệt thự,,,,https://alonhadat.com.vn/ban-biet-thu-cao-cap-duong-cao-thang-quan-3-dt-13x18m-2-tang-moi-dep-18401389.html,https://alonhadat.com.vn/ban-biet-thu-cao-cap-duong-cao-thang-quan-3-dt-13x18m-2-tang-moi-dep-18401389.html,2026-06-07,2026-06-07 20:16:10.418495,,75000,326086956.5217391,0,0
alonhadat,sale_student_csv,alonhadat_duc_18161150,18161150,"Bán BIỆT THỰ MINI Huỳnh Tịnh Của Q.3, hẻm xe tải, 4 tầng, mặt tiền khủng, nhích 29 tỷ",29100000000,"29,1 tỷ",150,5,"Đường Huỳnh Tịnh Của, Phường Xuân Hòa, Hồ Chí Minh",Phường Xuân Hòa,,Quận 3,1020,Biệt thự,,,,https://alonhadat.com.vn/ban-biet-thu-mini-huynh-tinh-cua-q-3-hem-xe-tai-4-tang-mat-tien-khung-nhich-29-ty-18161150.html,https://alonhadat.com.vn/ban-biet-thu-mini-huynh-tinh-cua-q-3-hem-xe-tai-4-tang-mat-tien-khung-nhich-29-ty-18161150.html,2026-06-07,2026-06-07 20:16:10.418495,,29100,194000000,0,0
alonhadat,sale_student_csv,alonhadat_duc_18757983,18757983,Bán VILLA Sân Vườn Quận 3- Pasteur -21x25m(280m2) - 3 tầng- HĐT: 7000usd/th- 160 tỷ,160000000000,160 tỷ,258,3,"Đường Pasteur, Phường Xuân Hòa, Hồ Chí Minh",Phường Võ Thị Sáu,,Quận 3,1020,Biệt thự,,,,https://alonhadat.com.vn/ban-villa-san-vuon-quan-3-pasteur-21x25m-280m2-3-tang-hdt-7000usd-th-160-ty-18757983.html,https://alonhadat.com.vn/ban-villa-san-vuon-quan-3-pasteur-21x25m-280m2-3-tang-hdt-7000usd-th-160-ty-18757983.html,2026-06-07,2026-06-07 20:16:10.418495,,160000,620155038.7596899,0,0
alonhadat,sale_student_csv,alonhadat_duc_8540188,8540188,"Cần bán gấp biệt thự đường Tú Xương, Quận 3, dt: 20x22m trệt 3 lầu thang máy",85000000000,85 tỷ,400,6,"Đường Tú Xương, Phường Xuân Hòa, Hồ Chí Minh",Phường Võ Thị Sáu,,Quận 3,1020,Biệt thự,,,,https://alonhadat.com.vn/can-ban-gap-biet-thu-duong-tu-xuong-quan-3-dt-20x22m-tret-3-lau-thang-may-8540188.html,https://alonhadat.com.vn/can-ban-gap-biet-thu-duong-tu-xuong-quan-3-dt-20x22m-tret-3-lau-thang-may-8540188.html,2026-06-07,2026-06-07 20:16:10.418495,,85000,212500000,0,0
alonhadat,sale_student_csv,alonhadat_duc_12994529,12994529,"Xuất cảnh bán gấp biệt thự đường Hai Bà Trưng, Quận 3, dt: 850m2 2 lầu mới",245000000000,245 tỷ,850,8,"Đường Hai Bà Trưng, Phường Xuân Hòa, Hồ Chí Minh",Phường Võ Thị Sáu,,Quận 3,1020,Biệt thự,,,,https://alonhadat.com.vn/xuat-canh-ban-gap-biet-thu-duong-hai-ba-trung-quan-3-dt-850m2-2-lau-moi-12994529.html,https://alonhadat.com.vn/xuat-canh-ban-gap-biet-thu-duong-hai-ba-trung-quan-3-dt-850m2-2-lau-moi-12994529.html,2026-06-07,2026-06-07 20:16:10.418495,,245000,288235294.11764705,0,0
alonhadat,sale_student_csv,alonhadat_duc_14152868,14152868,"Bán nhà MT Hồ Xuân Hương, P.6, Quận 3 - DT: 14mx21m. CN: 284m2 - GPXD: Hầm 7 tầng - 94 tỷ",94000000000,94 tỷ,284,1,"Đường Hồ Xuân Hương, Phường Xuân Hòa, Hồ Chí Minh",Phường Võ Thị Sáu,,Quận 3,1010,Căn hộ chung cư,,,,https://alonhadat.com.vn/ban-nha-mt-ho-xuan-huong-p-6-quan-3-dt-14mx21m-cn-284m2-gpxd-ham-7-tang-94-ty-14152868.html,https://alonhadat.com.vn/ban-nha-mt-ho-xuan-huong-p-6-quan-3-dt-14mx21m-cn-284m2-gpxd-ham-7-tang-94-ty-14152868.html,2026-06-07,2026-06-07 20:16:10.418495,,94000,330985915.4929578,0,0
alonhadat,sale_student_csv,alonhadat_duc_18755501,18755501,Siêu vị trí xây 2 hầm 10 tầng | Mặt tiền khu Nam Kỳ Khởi Nghĩa - Trần Quốc Toản | 14x32m |,239000000000,239 tỷ,450,12,"Đường Nam Kỳ Khởi Nghĩa, Phường Xuân Hòa, Hồ Chí Minh",Phường 8,,Quận 3,1030,Mặt bằng,,,,https://alonhadat.com.vn/sieu-vi-tri-xay-2-ham-10-tang-mat-tien-khu-nam-ky-khoi-nghia-tran-quoc-toan-14x32m--18755501.html,https://alonhadat.com.vn/sieu-vi-tri-xay-2-ham-10-tang-mat-tien-khu-nam-ky-khoi-nghia-tran-quoc-toan-14x32m--18755501.html,2026-06-07,2026-06-07 20:16:10.418495,,239000,531111111.1111111,0,0
alonhadat,sale_student_csv,alonhadat_duc_18708064,18708064,BÁN NHÀ MẶT TIỀN LỚN ĐƯỜNG NAM KỲ KHỞI NGHĨA - DT (8m x 25m),117000000000,117 tỷ,150,7,"Đường Nam Kỳ Khởi Nghĩa, Phường Xuân Hòa, Hồ Chí Minh",Phường Võ Thị Sáu,,Quận 3,1020,Nhà ở,,,,https://alonhadat.com.vn/chinh-chu-ban-nha-mat-tien-lon-duong-nam-ky-khoi-nghia-dt-8m-x-25m--18708064.html,https://alonhadat.com.vn/chinh-chu-ban-nha-mat-tien-lon-duong-nam-ky-khoi-nghia-dt-8m-x-25m--18708064.html,2026-06-07,2026-06-07 20:16:10.418495,,117000,780000000,0,0
alonhadat,sale_student_csv,alonhadat_duc_18708567,18708567,"💥 BÁN NHÀ HXT 11M ĐỐI DIỆN CV LÊ THỊ RIÊNG- GA METRO 2- GẦN 90M2- 24,9 TỶ TL",24900000000,"24,9 tỷ",70,5,"Đường Cách Mạng Tháng 8, Phường Nhiêu Lộc, Hồ Chí Minh",Phường 11,,Quận 3,1020,Nhà ở,,,,https://alonhadat.com.vn/-ban-nha-hxt-11m-doi-dien-cv-le-thi-rieng-gan-90m2-24-9-ty-tl-18708567.html,https://alonhadat.com.vn/-ban-nha-hxt-11m-doi-dien-cv-le-thi-rieng-gan-90m2-24-9-ty-tl-18708567.html,2026-06-07,2026-06-07 20:16:10.418495,,24900,355714285.71428573,0,0
alonhadat,sale_student_csv,alonhadat_duc_18118782,18118782,"Siêu phẩm MT Hai Bà Trưng 9x20, ngay chợ Tân Định",135000000000,135 tỷ,180,15,"Đường Hai Bà Trưng, Phường Xuân Hòa, Hồ Chí Minh",Phường Võ Thị Sáu,,Quận 3,1020,Nhà ở,,,,https://alonhadat.com.vn/sieu-pham-mt-hai-ba-trung-9x20-ngay-cho-tan-dinh-18118782.html,https://alonhadat.com.vn/sieu-pham-mt-hai-ba-trung-9x20-ngay-cho-tan-dinh-18118782.html,2026-06-07,2026-06-07 20:16:10.418495,,135000,750000000,0,0
alonhadat,sale_student_csv,alonhadat_duc_18373444,18373444,"BÁN NHÀ HXH LÊ VĂN SỸ THÔNG TRƯỜNG SA - NGANG 8M 5 TẦNG, HĐT 30 TRIỆU/TH",16800000000,"16,8 tỷ",56,5,"Đường Lê Văn Sỹ, Phường Nhiêu Lộc, Hồ Chí Minh",Phường 13,,Quận 3,1020,Nhà ở,,,,https://alonhadat.com.vn/ban-nha-hxh-le-van-sy-thong-truong-sa-ngang-8m-5-tang-hdt-30-trieu-th-18373444.html,https://alonhadat.com.vn/ban-nha-hxh-le-van-sy-thong-truong-sa-ngang-8m-5-tang-hdt-30-trieu-th-18373444.html,2026-06-07,2026-06-07 20:16:10.418495,,16800,300000000,0,0
alonhadat,sale_student_csv,alonhadat_duc_18744077,18744077,"Mặt Tiền Lê Ngô Cát, Phường Xuân Hoà, Ngang 7 x 24m, Hầm 5 lầu, HĐ thuê 200tr/th",100000000000,100 tỷ,168,6,"Đường Lê Ngô Cát, Phường Xuân Hòa, Hồ Chí Minh",Phường Xuân Hòa,,Quận 3,1020,Nhà ở,,,,https://alonhadat.com.vn/mat-tien-le-ngo-cat-phuong-xuan-hoa-ngang-7-x-24m-ham-5-lau-hd-thue-200tr-th-18744077.html,https://alonhadat.com.vn/mat-tien-le-ngo-cat-phuong-xuan-hoa-ngang-7-x-24m-ham-5-lau-hd-thue-200tr-th-18744077.html,2026-06-07,2026-06-07 20:16:10.418495,,100000,595238095.2380953,0,0
alonhadat,sale_student_csv,alonhadat_duc_18569041,18569041,"Bán nhà DT lớn (5x14,2m), Nguyễn Hiền, Q3, gần chợ Vườn Chuối. Sẳn dòng tiền 24tr/tháng",11500000000,"11,5 tỷ",55,6,"Đường Nguyễn Hiền, Phường Xuân Hòa, Hồ Chí Minh",Phường 4,,Quận 3,1020,Nhà ở,,,,https://alonhadat.com.vn/ban-nha-dt-lon-5x14-2m-nguyen-hien-q3-gan-cho-vuon-chuoi-san-dong-tien-24tr-thang-18569041.html,https://alonhadat.com.vn/ban-nha-dt-lon-5x14-2m-nguyen-hien-q3-gan-cho-vuon-chuoi-san-dong-tien-24tr-thang-18569041.html,2026-06-07,2026-06-07 20:16:10.418495,,11500,209090909.0909091,0,0
alonhadat,sale_student_csv,alonhadat_duc_18758205,18758205,"Bán nhà Mặt tiền quận 3 Lê Văn Sỹ, ngang 6m khan hiếm sẵn kết cấu chỉ 34 tỷ",34000000000,34 tỷ,80,4,"Đường Lê Văn Sỹ, Phường Nhiêu Lộc, Hồ Chí Minh",Phường 12,,Quận 3,1020,Nhà ở,,,,https://alonhadat.com.vn/ban-nha-mat-tien-quan-3-le-van-sy-ngang-6m-khan-hiem-san-ket-cau-chi-34-ty-18758205.html,https://alonhadat.com.vn/ban-nha-mat-tien-quan-3-le-van-sy-ngang-6m-khan-hiem-san-ket-cau-chi-34-ty-18758205.html,2026-06-07,2026-06-07 20:16:10.418495,,34000,425000000,0,0
alonhadat,sale_student_csv,alonhadat_duc_18315869,18315869,BÁN NHÀ MT ĐẸP NHẤT ĐƯỜNG HAI BÀ TRƯNG.P6.Q.3. DT: 8.5M X 26M NHÀ 3 LẦU ST,176000000000,176 tỷ,227,8,"Đường Hai Bà Trưng, Phường Xuân Hòa, Hồ Chí Minh",Phường Võ Thị Sáu,,Quận 3,1020,Nhà ở,,,,https://alonhadat.com.vn/ban-nha-mt-hai-ba-trung-p6-q3-dt-8-5m-x-26m-nha-3-lau-st-18315869.html,https://alonhadat.com.vn/ban-nha-mt-hai-ba-trung-p6-q3-dt-8-5m-x-26m-nha-3-lau-st-18315869.html,2026-06-07,2026-06-07 20:16:10.418495,,176000,775330396.475771,0,0
alonhadat,sale_student_csv,alonhadat_duc_16111685,16111685,Tòa nhà góc 2 MT Võ Thị Sáu - Nguyễn Thông Q3 - 12x16m - 5 tầng - HĐT 250 tr/th giá 64 tỷ,64000000000,64 tỷ,190,5,"Đường Nguyễn Thông, Phường Xuân Hòa, Hồ Chí Minh",Phường Võ Thị Sáu,,Quận 3,1020,Nhà ở,,,,https://alonhadat.com.vn/toa-nha-goc-2-mt-vo-thi-sau-nguyen-thong-q3-12x16m-5-tang-hdt-250-tr-th-gia-64-ty-16111685.html,https://alonhadat.com.vn/toa-nha-goc-2-mt-vo-thi-sau-nguyen-thong-q3-12x16m-5-tang-hdt-250-tr-th-gia-64-ty-16111685.html,2026-06-07,2026-06-07 20:16:10.418495,,64000,336842105.2631579,0,0
alonhadat,sale_student_csv,alonhadat_duc_15956780,15956780,"Building mặt tiền góc Nam Kỳ Khởi Nghĩa, Quận 3. (8x21m)- hầm+ 6 tầng- HĐT 200tr/th- 60 tỷ",60000000000,60 tỷ,170,7,"Đường Nam Kỳ Khởi Nghĩa, Phường Xuân Hòa, Hồ Chí Minh",Phường Võ Thị Sáu,,Quận 3,1020,Nhà ở,,,,https://alonhadat.com.vn/building-mat-tien-goc-nam-ky-khoi-nghia-quan-3-8x21m-ham-6-tang-hdt-200tr-th-60-ty-15956780.html,https://alonhadat.com.vn/building-mat-tien-goc-nam-ky-khoi-nghia-quan-3-8x21m-ham-6-tang-hdt-200tr-th-60-ty-15956780.html,2026-06-07,2026-06-07 20:16:10.418495,,60000,352941176.4705882,0,0
alonhadat,sale_student_csv,alonhadat_duc_18756136,18756136,VỊ TRÍ HẺM XE HƠI 10M CMT8 QUẬN 3-DT 4X10M 5 TẦNG GIÁ CHỈ 9 TỶ-NHANH TAY KHÁCH ƠIIIII,9500000000,"9,5 tỷ",30,10,"Đường Cách Mạng Tháng 8, Phường Nhiêu Lộc, Hồ Chí Minh",Phường 11,,Quận 3,1020,Nhà ở,,,,https://alonhadat.com.vn/vi-tri-hem-xe-hoi-10m-cmt8-quan-3-dt-4x10m-5-tang-gia-chi-9-ty-nhanh-tay-khach-oiiiii-18756136.html,https://alonhadat.com.vn/vi-tri-hem-xe-hoi-10m-cmt8-quan-3-dt-4x10m-5-tang-gia-chi-9-ty-nhanh-tay-khach-oiiiii-18756136.html,2026-06-07,2026-06-07 20:16:10.418495,,9500,316666666.6666667,0,0
alonhadat,sale_student_csv,alonhadat_duc_18441493,18441493,"VỀ HƯU CÔ LỆ CẦN BÁN GẤP NHÀ TÚ XƯƠNG, QUẬN 3, GIÁ 4,68 TỶ - 79M2 (5 X 15,8) ĐÃ HOÀN CÔNG",4680000000,"4,68 tỷ",79,6,"Đường Tú Xương, Phường Xuân Hòa, Hồ Chí Minh",Phường Võ Thị Sáu,,Quận 3,1020,Nhà ở,,,,https://alonhadat.com.vn/ve-huu-co-le-can-ban-gap-nha-tu-xuong-quan-3-gia-4-68-ty-79m2-5-x-15-8-da-hoan-cong-18441493.html,https://alonhadat.com.vn/ve-huu-co-le-can-ban-gap-nha-tu-xuong-quan-3-gia-4-68-ty-79m2-5-x-15-8-da-hoan-cong-18441493.html,2026-06-07,2026-06-07 20:16:10.418495,,4680,59240506.32911392,0,0
alonhadat,sale_student_csv,alonhadat_duc_18431349,18431349,"CHÚ LÂM BÁN NHÀ LÝ CHÍNH THẮNG,QUẬN 3-GIÁ:6.32TỶ/80M2 (5x16M) CÓ SỔ",6950000000,"6,95 tỷ",80,4,"Đường Lý Chính Thắng, Phường Xuân Hòa, Hồ Chí Minh",Phường Võ Thị Sáu,,Quận 3,1020,Nhà ở,,,,https://alonhadat.com.vn/nha-ngay-trung-tam-quan-3-ly-chinh-thang-ma-gia-chi-6-dong-hon-cho-dt-len-den-80m2--18431349.html,https://alonhadat.com.vn/nha-ngay-trung-tam-quan-3-ly-chinh-thang-ma-gia-chi-6-dong-hon-cho-dt-len-den-80m2--18431349.html,2026-06-07,2026-06-07 20:16:10.418495,,6950,86875000,0,0
alonhadat,sale_student_csv,alonhadat_duc_18656029,18656029,"BÁN GẤP CĂN NHÀ NẰM NGAY TRÊN PHỐ THỜI TRANG TRẦN QUANG DIỆU, QUẬN 3. CHỈ 6 TỶ 490/60M2!!!",6490000000,"6,49 tỷ",60,6,"Đường Trần Quang Diệu, Phường Nhiêu Lộc, Hồ Chí Minh",Phường 14,,Quận 3,1020,Nhà ở,,,,https://alonhadat.com.vn/ban-gap-can-nha-nam-ngay-tren-pho-thoi-trang-tran-quang-dieu-quan-3-chi-6-ty-490-60m2--18656029.html,https://alonhadat.com.vn/ban-gap-can-nha-nam-ngay-tren-pho-thoi-trang-tran-quang-dieu-quan-3-chi-6-ty-490-60m2--18656029.html,2026-06-07,2026-06-07 20:16:10.418495,,6490,108166666.66666667,0,0
alonhadat,sale_student_csv,alonhadat_duc_18697885,18697885,"NHÀ NGỘP HXH HUỲNH TỊNH CỦA, QUẬN 3.GIÁ:3,79Tỷ/68m2. 3 LẦU KIÊN CỐ. ĐANG CHO THUÊ 19TRIỆU",3790000000,"3,79 tỷ",68,4,"Đường Huỳnh Tịnh Của, Phường Nhiêu Lộc, Hồ Chí Minh",Phường 9,,Quận 3,1020,Nhà ở,,,,https://alonhadat.com.vn/nha-ngop-hxh-huynh-tinh-cua-quan-3-gia-3-79ty-68m2-3-lau-kien-co-dang-cho-thue-19trieu-18697885.html,https://alonhadat.com.vn/nha-ngop-hxh-huynh-tinh-cua-quan-3-gia-3-79ty-68m2-3-lau-kien-co-dang-cho-thue-19trieu-18697885.html,2026-06-07,2026-06-07 20:16:10.418495,,3790,55735294.11764706,0,0
alonhadat,sale_student_csv,alonhadat_duc_18755802,18755802,Tòa building Hầm 11 tầng 2 MT Võ Văn Tần Q.3 - 6x20m - HĐT 300tr giá chốt bán 82 tỷ.,82000000000,82 tỷ,106,12,"Đường Võ Văn Tần, Phường Bàn Cờ, Hồ Chí Minh",Phường 5,,Quận 3,1020,Nhà ở,,,,https://alonhadat.com.vn/toa-building-ham-11-tang-2-mt-vo-van-tan-q-3-6x20m-hdt-300tr-gia-chot-ban-82-ty--18755802.html,https://alonhadat.com.vn/toa-building-ham-11-tang-2-mt-vo-van-tan-q-3-6x20m-hdt-300tr-gia-chot-ban-82-ty--18755802.html,2026-06-07,2026-06-07 20:16:10.418495,,82000,773584905.6603774,0,0
alonhadat,sale_student_csv,alonhadat_duc_14152936,14152936,"Bán gấp MT Kỳ Đồng, P.9, Q.3 - DT: 5m x 25m - 3 lầu, HĐT: 130tr/th - giá 40 tỷ",40000000000,40 tỷ,125,5,"Đường Kỳ Đồng, Phường Nhiêu Lộc, Hồ Chí Minh",Phường 9,,Quận 3,1020,Nhà ở,,,,https://alonhadat.com.vn/ban-gap-mt-ky-dong-p-9-q-3-dt-5m-x-25m-3-lau-hdt-130tr-th-gia-40-ty-14152936.html,https://alonhadat.com.vn/ban-gap-mt-ky-dong-p-9-q-3-dt-5m-x-25m-3-lau-hdt-130tr-th-gia-40-ty-14152936.html,2026-06-07,2026-06-07 20:16:10.418495,,40000,320000000,0,0
alonhadat,sale_student_csv,alonhadat_duc_14153067,14153067,"Góc 2MT Lý Thái Tổ, Q.3 - DT: 9mx20m - 2 tầng. HĐT 170 triệu/tháng - 70 tỷ TL",70000000000,70 tỷ,180,6,"Đường Lý Thái Tổ, Phường Nhiêu Lộc, Hồ Chí Minh",Phường 10,,Quận 3,1020,Nhà ở,,,,https://alonhadat.com.vn/goc-2mt-ly-thai-to-q-3-dt-9mx20m-2-tang-hdt-170-trieu-thang-70-ty-tl-14153067.html,https://alonhadat.com.vn/goc-2mt-ly-thai-to-q-3-dt-9mx20m-2-tang-hdt-170-trieu-thang-70-ty-tl-14153067.html,2026-06-07,2026-06-07 20:16:10.418495,,70000,388888888.8888889,0,0
alonhadat,sale_student_csv,alonhadat_duc_18622413,18622413,"Bán nhà mặt tiền Pasteur, Quận 3 – dt: 9x37m nở hậu 18m có hẻm hông 6m 2 tầng sân vườn",220000000000,220 tỷ,400,6,"Đường Pasteur, Phường Xuân Hòa, Hồ Chí Minh",Phường Võ Thị Sáu,,Quận 3,1020,Nhà ở,,,,https://alonhadat.com.vn/ban-nha-mat-tien-pasteur-quan-3-dt-9x37m-no-hau-18m-co-hem-hong-6m-2-tang-san-vuon-18622413.html,https://alonhadat.com.vn/ban-nha-mat-tien-pasteur-quan-3-dt-9x37m-no-hau-18m-co-hem-hong-6m-2-tang-san-vuon-18622413.html,2026-06-07,2026-06-07 20:16:10.418495,,220000,550000000,0,0
alonhadat,sale_student_csv,alonhadat_duc_15228777,15228777,Bán MT Võ Văn Tần P.5 Q.3 - DT: 12mx25m. CN 300m2 - Hầm 7 lầu - 135 tỷ,135000000000,135 tỷ,300,10,"Đường Võ Văn Tần, Phường Bàn Cờ, Hồ Chí Minh",Phường 5,,Quận 3,1020,Nhà ở,,,,https://alonhadat.com.vn/ban-mt-vo-van-tan-p-5-q-3-dt-12mx25m-cn-300m2-ham-7-lau-135-ty-15228777.html,https://alonhadat.com.vn/ban-mt-vo-van-tan-p-5-q-3-dt-12mx25m-cn-300m2-ham-7-lau-135-ty-15228777.html,2026-06-07,2026-06-07 20:16:10.418495,,135000,450000000,0,0
alonhadat,sale_student_csv,alonhadat_duc_15228844,15228844,Bán MT Trương Định P.6 Q.3-DT: 13Mx26M- Trệt 4 lầu - HĐT 280tr/th - 109 tỷ,109000000000,109 tỷ,338,4,"Đường Trương Định, Phường Xuân Hòa, Hồ Chí Minh",Phường Võ Thị Sáu,,Quận 3,1020,Nhà ở,,,,https://alonhadat.com.vn/ban-mt-truong-dinh-p-6-q-3-dt-13mx26m-tret-4-lau-hdt-280tr-th-109-ty-15228844.html,https://alonhadat.com.vn/ban-mt-truong-dinh-p-6-q-3-dt-13mx26m-tret-4-lau-hdt-280tr-th-109-ty-15228844.html,2026-06-07,2026-06-07 20:16:10.418495,,109000,322485207.1005917,0,0
alonhadat,sale_student_csv,alonhadat_duc_14333242,14333242,"Bán góc 2MT Pasteur - Võ Thị Sáu Q.3, CN: 477.6m2 (18mx25m,NH: 20.18m) . giá: 375 tỷ TL",375000000000,375 tỷ,478,2,"Đường Pasteur, Phường Xuân Hòa, Hồ Chí Minh",Phường Võ Thị Sáu,,Quận 3,1020,Nhà ở,,,,https://alonhadat.com.vn/ban-goc-2mt-pasteur-vo-thi-sau-q-3-cn-477-6m2-18mx25m-nh-20-18m-gia-375-ty-tl-14333242.html,https://alonhadat.com.vn/ban-goc-2mt-pasteur-vo-thi-sau-q-3-cn-477-6m2-18mx25m-nh-20-18m-gia-375-ty-tl-14333242.html,2026-06-07,2026-06-07 20:16:10.418495,,375000,784518828.4518828,0,0
alonhadat,sale_student_csv,alonhadat_duc_18756729,18756729,"Siêu Phẩm Nhà Mới Đường Biện Biên Phủ, Quận 3 - Giá Chốt 6Tỷ050/80m2. Sổ Sẵn",6050000000,"6,05 tỷ",80,4,"Đường Điện Biên Phủ, Phường Xuân Hòa, Hồ Chí Minh",Phường 4,,Quận 3,1020,Nhà ở,,,,https://alonhadat.com.vn/sieu-pham-nha-moi-duong-bien-bien-phu-quan-3-gia-chot-6ty050-80m2-so-san-18756729.html,https://alonhadat.com.vn/sieu-pham-nha-moi-duong-bien-bien-phu-quan-3-gia-chot-6ty050-80m2-so-san-18756729.html,2026-06-07,2026-06-07 20:16:10.418495,,6050,75625000,0,0
alonhadat,sale_student_csv,alonhadat_duc_18714368,18714368,"🔥NHÀ 4 TẦNG TRUNG TÂM Q3- SÁT MẶT ĐƯỜNG ĐIỆN BIÊN PHỦ 38M² .GIÁ 8,4 TL.",8400000000,"8,4 tỷ",38,4,"Đường Điện Biên Phủ, Phường Bàn Cờ, Hồ Chí Minh",Phường 1,,Quận 3,1020,Nhà ở,,,,https://alonhadat.com.vn/-nha-4-tang-trung-tam-q3-sat-mat-duong-dien-bien-phu-38m-gia-8-4-tl--18714368.html,https://alonhadat.com.vn/-nha-4-tang-trung-tam-q3-sat-mat-duong-dien-bien-phu-38m-gia-8-4-tl--18714368.html,2026-06-07,2026-06-07 20:16:10.418495,,8400,221052631.57894737,0,0
alonhadat,sale_student_csv,alonhadat_duc_18063550,18063550,"Nhà hẻm xe hơi Điện Biên Phủ (Q3), 8x18m, 4 tầng, HĐ 50 triệu, giá 36.5 tỷ",36500000000,"36,5 tỷ",144,6,"Đường Điện Biên Phủ, Phường Bàn Cờ, Hồ Chí Minh",Phường 1,,Quận 3,1020,Nhà ở,,,,https://alonhadat.com.vn/nha-hem-xe-hoi-dien-bien-phu-q3-8x18m-4-tang-hd-50-trieu-gia-36-5-ty-18063550.html,https://alonhadat.com.vn/nha-hem-xe-hoi-dien-bien-phu-q3-8x18m-4-tang-hd-50-trieu-gia-36-5-ty-18063550.html,2026-06-07,2026-06-07 20:16:10.418495,,36500,253472222.2222222,0,0
alonhadat,sale_student_csv,alonhadat_duc_17612978,17612978,"Chỉ 36 Tỷ, Mặt tiền VÕ VĂN TẦN - Quận 3, có 1 hầm 7 lầu",36000000000,36 tỷ,89,12,"Đường Võ Văn Tần, Phường Xuân Hòa, Hồ Chí Minh",Phường Võ Thị Sáu,,Quận 3,1020,Nhà ở,,,,https://alonhadat.com.vn/chi-36-ty-mat-tien-vo-van-tan-quan-3-co-1-ham-7-lau-17612978.html,https://alonhadat.com.vn/chi-36-ty-mat-tien-vo-van-tan-quan-3-co-1-ham-7-lau-17612978.html,2026-06-07,2026-06-07 20:16:10.418495,,36000,404494382.0224719,0,0
alonhadat,sale_student_csv,alonhadat_duc_18271409,18271409,"Tòa nhà MT Cao Thắng, Quận 3 - 6.5x20m - Hầm 7 tầng - HĐ thuê 200 triệu/th - Giá 60 tỷ",60000000000,60 tỷ,136,12,"Đường Cao Thắng, Phường Bàn Cờ, Hồ Chí Minh",Phường 3,,Quận 3,1020,Nhà ở,,,,https://alonhadat.com.vn/toa-nha-mt-cao-thang-quan-3-6-5x20m-ham-7-tang-hd-thue-200-trieu-th-gia-60-ty-18271409.html,https://alonhadat.com.vn/toa-nha-mt-cao-thang-quan-3-6-5x20m-ham-7-tang-hd-thue-200-trieu-th-gia-60-ty-18271409.html,2026-06-07,2026-06-07 20:16:10.418495,,60000,441176470.5882353,0,0
alonhadat,sale_student_csv,alonhadat_duc_16236042,16236042,"Chủ cần bán nhanh nhà mặt tiền Nguyễn Thông, Quận 3. (4.4x15m) Giá giảm còn 23,5 tỷ TL",23500000000,"23,5 tỷ",65,2,"Đường Nguyễn Thông, Phường Nhiêu Lộc, Hồ Chí Minh",Phường 9,,Quận 3,1020,Nhà ở,,,,https://alonhadat.com.vn/chu-can-ban-nhanh-nha-mat-tien-nguyen-thong-quan-3-4-4x15m-gia-giam-con-23-5-ty-tl-16236042.html,https://alonhadat.com.vn/chu-can-ban-nhanh-nha-mat-tien-nguyen-thong-quan-3-4-4x15m-gia-giam-con-23-5-ty-tl-16236042.html,2026-06-07,2026-06-07 20:16:10.418495,,23500,361538461.53846157,0,0
alonhadat,sale_student_csv,alonhadat_duc_18758027,18758027,BÁN NHÀ HẺM 8M NGUYỄN THIỆN THUẬT 6X10 NGAY PHỐ ẨM THỰC-NGUYỄN ĐÌNH CHIỂU Q3 CHỈ 19TỶ,19000000000,19 tỷ,60,4,"Đường Nguyễn Thiện Thuật, Phường Bàn Cờ, Hồ Chí Minh",Phường 1,,Quận 3,1020,Nhà ở,,,,https://alonhadat.com.vn/ban-nha-hem-8m-nguyen-thien-thuat-6x10-ngay-pho-am-thuc-nguyen-dinh-chieu-q3-chi-19ty-18758027.html,https://alonhadat.com.vn/ban-nha-hem-8m-nguyen-thien-thuat-6x10-ngay-pho-am-thuc-nguyen-dinh-chieu-q3-chi-19ty-18758027.html,2026-06-07,2026-06-07 20:16:10.418495,,19000,316666666.6666667,0,0
alonhadat,sale_student_csv,alonhadat_duc_18758025,18758025,"Bán nhà HXH Nguyễn Thiện Thuật, P1, Quận 3 - 4x12m - 7 tầng+thang máy. HĐT: 35tr/th- 16 tỷ",16000000000,16 tỷ,48,13,"Đường Nguyễn Thiện Thuật, Phường Bàn Cờ, Hồ Chí Minh",Phường 1,,Quận 3,1020,Nhà ở,,,,https://alonhadat.com.vn/ban-nha-hxh-nguyen-thien-thuat-p1-quan-3-4x12m-7-tang-thang-may-hdt-35tr-th-16-ty-18758025.html,https://alonhadat.com.vn/ban-nha-hxh-nguyen-thien-thuat-p1-quan-3-4x12m-7-tang-thang-may-hdt-35tr-th-16-ty-18758025.html,2026-06-07,2026-06-07 20:16:10.418495,,16000,333333333.3333333,0,0
alonhadat,sale_student_csv,alonhadat_duc_17971757,17971757,"Siêu Phẩm Góc 2MT Võ Văn Tần P.5 Q3, DT 8x17m CN 115.4m2, HĐT 170tr, Giá 115 tỷ",115000000000,115 tỷ,116,6,"Đường Võ Văn Tần, Phường Bàn Cờ, Hồ Chí Minh",Phường 5,,Quận 3,1020,Nhà ở,,,,https://alonhadat.com.vn/sieu-pham-goc-2mt-vo-van-tan-p-5-q3-dt-8x17m-cn-115-4m2-hdt-170tr-gia-115-ty-17971757.html,https://alonhadat.com.vn/sieu-pham-goc-2mt-vo-van-tan-p-5-q3-dt-8x17m-cn-115-4m2-hdt-170tr-gia-115-ty-17971757.html,2026-06-07,2026-06-07 20:16:10.418495,,115000,991379310.3448275,0,0
alonhadat,sale_student_csv,alonhadat_duc_18757432,18757432,"Bán nhà mặt tiền Nguyễn Thông, p. Võ Thị Sáu, Q.3",37000000000,37 tỷ,112,4,"Đường Nguyễn Thông, Phường Xuân Hòa, Hồ Chí Minh",Phường Võ Thị Sáu,,Quận 3,1020,Nhà ở,,,,https://alonhadat.com.vn/ban-nha-mat-tien-nguyen-thong-p-vo-thi-sau-q-3-18757432.html,https://alonhadat.com.vn/ban-nha-mat-tien-nguyen-thong-p-vo-thi-sau-q-3-18757432.html,2026-06-07,2026-06-07 20:16:10.418495,,37000,330357142.85714287,0,0
alonhadat,sale_student_csv,alonhadat_duc_16655434,16655434,"Bán nhà mặt tiền đường Pasteur, Phường 6, Quận 3, dt: 16x32m 2 tầng giá 225 tỷ",225000000000,225 tỷ,480,6,"Đường Pasteur, Phường Xuân Hòa, Hồ Chí Minh",Phường Võ Thị Sáu,,Quận 3,1020,Nhà ở,,,,https://alonhadat.com.vn/ban-nha-mat-tien-duong-pasteur-phuong-6-quan-3-dt-16x32m-2-tang-gia-225-ty-16655434.html,https://alonhadat.com.vn/ban-nha-mat-tien-duong-pasteur-phuong-6-quan-3-dt-16x32m-2-tang-gia-225-ty-16655434.html,2026-06-07,2026-06-07 20:16:10.418495,,225000,468750000,0,0
alonhadat,sale_student_csv,alonhadat_duc_18415033,18415033,"Bán nhà 112 Trần Quốc Thảo, Quận 3, dt: 4,3x30m nở hậu đều 5,3m 4 tầng cho thuê 100tr/th",44000000000,44 tỷ,150,10,"Đường Trần Quốc Thảo, Phường Xuân Hòa, Hồ Chí Minh",Phường Xuân Hòa,,Quận 3,1020,Nhà ở,,,,https://alonhadat.com.vn/ban-nha-112-tran-quoc-thao-quan-3-dt-4-3x30m-no-hau-deu-5-3m-4-tang-cho-thue-100tr-th-18415033.html,https://alonhadat.com.vn/ban-nha-112-tran-quoc-thao-quan-3-dt-4-3x30m-no-hau-deu-5-3m-4-tang-cho-thue-100tr-th-18415033.html,2026-06-07,2026-06-07 20:16:10.418495,,44000,293333333.3333333,0,0
alonhadat,sale_student_csv,alonhadat_duc_18757382,18757382,BÁN GẤP NHÀ MT VÕ THỊ SÁU PHƯỜNG 7 QUẬN 3 GIÁ 42 TỶ,42000000000,42 tỷ,68,6,"Đường Võ Thị Sáu, Phường Xuân Hòa, Hồ Chí Minh",Phường 7,,Quận 3,1020,Nhà ở,,,,https://alonhadat.com.vn/ban-gap-nha-mt-vo-thi-sau-phuong-7-quan-3-gia-42-ty-18757382.html,https://alonhadat.com.vn/ban-gap-nha-mt-vo-thi-sau-phuong-7-quan-3-gia-42-ty-18757382.html,2026-06-07,2026-06-07 20:16:10.418495,,42000,617647058.8235294,0,0
alonhadat,sale_student_csv,alonhadat_duc_17659460,17659460,"Nhà Mặt Tiền Trần Quốc Thảo, Q3 = 5 x 22m, - HĐ thuê 800tr - Bán chỉ hơn 20 tỷ xíu",26000000000,26 tỷ,70,4,"Đường Trần Quốc Thảo, Phường Xuân Hòa, Hồ Chí Minh",Phường Xuân Hòa,,Quận 3,1020,Nhà ở,,,,https://alonhadat.com.vn/ban-nha-mt-tran-quoc-thao-q3-5-x-22m-hd-thue-800tr-nam-ban-chi-hon-20-ty-xiu-17659460.html,https://alonhadat.com.vn/ban-nha-mt-tran-quoc-thao-q3-5-x-22m-hd-thue-800tr-nam-ban-chi-hon-20-ty-xiu-17659460.html,2026-06-07,2026-06-07 20:16:10.418495,,26000,371428571.4285714,0,0
alonhadat,sale_student_csv,alonhadat_duc_16142288,16142288,"Bán nhà mặt tiền đường Sư Thiện Chiếu, Q3, 8.6x30m, Giá 75 tỷ",75000000000,75 tỷ,252,2,"Đường Sư Thiện Chiếu, Phường Xuân Hòa, Hồ Chí Minh",Phường 7,,Quận 3,1020,Nhà ở,,,,https://alonhadat.com.vn/ban-nha-mat-tien-duong-su-thien-chieu-q3-8-6x30m-gia-75-ty-16142288.html,https://alonhadat.com.vn/ban-nha-mat-tien-duong-su-thien-chieu-q3-8-6x30m-gia-75-ty-16142288.html,2026-06-07,2026-06-07 20:16:10.418495,,75000,297619047.61904764,0,0
alonhadat,sale_student_csv,alonhadat_duc_16537518,16537518,"Bán Gấp Nhà 6 Lầu hẻm 10m đường Cách Mạng Tháng 8, Quận 3, 7x22m, HĐT 100 triệu, Chỉ 32 Tỷ",32000000000,32 tỷ,154,10,"Đường Cách Mạng Tháng 8, Phường Nhiêu Lộc, Hồ Chí Minh",Phường 11,,Quận 3,1020,Nhà ở,,,,https://alonhadat.com.vn/giam-gia-ban-nha-6-tang-2-mat-tien-hem-xe-tai-cach-mang-thang-tam-quan-3-7x20m-34-5-ty-16537518.html,https://alonhadat.com.vn/giam-gia-ban-nha-6-tang-2-mat-tien-hem-xe-tai-cach-mang-thang-tam-quan-3-7x20m-34-5-ty-16537518.html,2026-06-07,2026-06-07 20:16:10.418495,,32000,207792207.79220778,0,0
alonhadat,sale_student_csv,alonhadat_duc_17815335,17815335,Siêu hiếm căn góc 2 MT Cách Mạng Tháng Tám-Quận 3-10x25m-XD Hầm 6 tầng-HDT 250triệu- 45ty,45000000000,45 tỷ,250,6,"Đường Cách Mạng Tháng 8, Phường Nhiêu Lộc, Hồ Chí Minh",Phường 11,,Quận 3,1020,Nhà ở,,,,https://alonhadat.com.vn/sieu-hiem-can-goc-2-mt-cach-mang-thang-tam-quan-3-10x25m-xd-ham-6-tang-hdt-250trieu-45ty-17815335.html,https://alonhadat.com.vn/sieu-hiem-can-goc-2-mt-cach-mang-thang-tam-quan-3-10x25m-xd-ham-6-tang-hdt-250trieu-45ty-17815335.html,2026-06-07,2026-06-07 20:16:10.418495,,45000,180000000,0,0
alonhadat,sale_student_csv,alonhadat_duc_17707719,17707719,Hẻm 1074 đường Trường Sa (3 tầng DT: 6mx11m). Giá 12 tỷ,12000000000,12 tỷ,61,4,"Đường Trường Sa, Phường Nhiêu Lộc, Hồ Chí Minh",Phường 12,,Quận 3,1040,Đất,,,,https://alonhadat.com.vn/hem-1076-truong-sa-3-tang-dt-6mx11m-gia-12-5-ty-17707719.html,https://alonhadat.com.vn/hem-1076-truong-sa-3-tang-dt-6mx11m-gia-12-5-ty-17707719.html,2026-06-07,2026-06-07 20:16:10.418495,,12000,196721311.47540984,0,0
alonhadat,sale_student_csv,alonhadat_duc_18708745,18708745,"SIÊU PHẨM CĂN GÓC 2 MẶT TIỀN CÁCH MẠNG THÁNG 8-7,5 X 25-HĐT: 154 TRIỆU/THÁNG-GIÁ:45 TỶ TL",45000000000,45 tỷ,150,4,"Đường Cách Mạng Tháng 8, Phường Nhiêu Lộc, Hồ Chí Minh",Phường 10,,Quận 3,1040,Đất,,,,https://alonhadat.com.vn/sieu-pham-can-goc-2-mat-tien-cach-mang-thang-8-7-5-x-25-hdt-154-trieu-thang-gia-45-ty-tl-18708745.html,https://alonhadat.com.vn/sieu-pham-can-goc-2-mat-tien-cach-mang-thang-8-7-5-x-25-hdt-154-trieu-thang-gia-45-ty-tl-18708745.html,2026-06-07,2026-06-07 20:16:10.418495,,45000,300000000,0,0
alonhadat,sale_student_csv,alonhadat_duc_18557442,18557442,Mặt tiền thương hiệu 5 tầng-Thang máy-Mới 100%-DT: 7x14m-Giá bán: 32 tỷ -Vị trí đẹp !,32000000000,32 tỷ,450,8,"Đường Đỗ Thị Lời, Phường Nhiêu Lộc, Hồ Chí Minh",Phường 11,,Quận 3,1040,Đất,,,,https://alonhadat.com.vn/mat-tien-thuong-hieu-5-tang-thang-may-moi-100-dt-7x14m-gia-ban-32-ty-vi-tri-dep--18557442.html,https://alonhadat.com.vn/mat-tien-thuong-hieu-5-tang-thang-may-moi-100-dt-7x14m-gia-ban-32-ty-vi-tri-dep--18557442.html,2026-06-07,2026-06-07 20:16:10.418495,,32000,71111111.1111111,0,0
alonhadat,sale_student_csv,alonhadat_duc_18755490,18755490,Góc 4MT - Trục liên quận Lê Văn Sỹ ! 17x26m | 3 Tầng | HĐT: 400tr/tháng | Gía 270 tỷ |,270000000000,270 tỷ,450,3,"Đường Lê Văn Sỹ, Phường Nhiêu Lộc, Hồ Chí Minh",Phường 14,,Quận 3,1040,Đất,,,,https://alonhadat.com.vn/goc-4mt-truc-lien-quan-le-van-sy-17x26m-3-tang-hdt-400tr-thang-gia-270-ty--18755490.html,https://alonhadat.com.vn/goc-4mt-truc-lien-quan-le-van-sy-17x26m-3-tang-hdt-400tr-thang-gia-270-ty--18755490.html,2026-06-07,2026-06-07 20:16:10.418495,,270000,600000000,0,0
alonhadat,sale_student_csv,alonhadat_duc_18758087,18758087,"GÓC 2 MẶT TIỀN CMT8 – ĐỐI DIỆN CHỢ HÒA HƯNG, DÒNG TIỀN 140 TRIỆU/THÁNG Cơ hội sở hữu cụm",100000000000,100 tỷ,247,2,"Đường Cách Mạng Tháng 8, Phường Nhiêu Lộc, Hồ Chí Minh",Phường 9,,Quận 3,1040,Đất,,,,https://alonhadat.com.vn/goc-2-mat-tien-cmt8-doi-dien-cho-hoa-hung-dong-tien-140-trieu-thang-co-hoi-so-huu-cum-18758087.html,https://alonhadat.com.vn/goc-2-mat-tien-cmt8-doi-dien-cho-hoa-hung-dong-tien-140-trieu-thang-co-hoi-so-huu-cum-18758087.html,2026-06-07,2026-06-07 20:16:10.418495,,100000,404858299.5951417,0,0
alonhadat,sale_student_csv,alonhadat_duc_16132250,16132250,"SIÊU PHẨM Hầm 4 Lầu góc 2MT Lý Chính Thắng - Trần Quốc Thảo, 14x28m,HĐT 420 triệu, 329 Tỷ",329000000000,329 tỷ,415,6,"Đường Trần Quốc Thảo, Phường Xuân Hòa, Hồ Chí Minh",Phường Võ Thị Sáu,,Quận 3,1040,Đất,,,,https://alonhadat.com.vn/ban-nha-ham-4-lau-goc-2mt-ly-chinh-thang-tran-quoc-thao-14x28m-hdt-420-trieu-330-ty-16132250.html,https://alonhadat.com.vn/ban-nha-ham-4-lau-goc-2mt-ly-chinh-thang-tran-quoc-thao-14x28m-hdt-420-trieu-330-ty-16132250.html,2026-06-07,2026-06-07 20:16:10.418495,,329000,792771084.3373494,0,0
alonhadat,sale_student_csv,alonhadat_duc_17091216,17091216,"Bán Building Trần Quốc Toản, P. Võ Thị Sáu, Quận 3, Dt(5x17 nở hậu 9) - Hầm 6 tầng - 57Tỷ",57000000000,57 tỷ,126,6,"Đường Trần Quốc Toản, Phường Xuân Hòa, Hồ Chí Minh",Phường Võ Thị Sáu,,Quận 3,1040,Đất,,,,https://alonhadat.com.vn/ban-building-tran-quoc-toan-p-vo-thi-sau-quan-3-dt-5x17-no-hau-9-ham-6-tang-57ty-17091216.html,https://alonhadat.com.vn/ban-building-tran-quoc-toan-p-vo-thi-sau-quan-3-dt-5x17-no-hau-9-ham-6-tang-57ty-17091216.html,2026-06-07,2026-06-07 20:16:10.418495,,57000,452380952.38095236,0,0
alonhadat,sale_student_csv,alonhadat_duc_18717243,18717243,SIÊU PHẨM CHDV QUẬN 3 - THU NHẬP 110 TR/THÁNG - MẶT TIỀN NGANG 6.5M HIẾM CÓ,31900000000,"31,9 tỷ",106,19,"Đường Điện Biên Phủ, Phường Bàn Cờ, Hồ Chí Minh",Phường 1,,Quận 3,1040,Đất,,,,https://alonhadat.com.vn/sieu-pham-chdv-quan-3-thu-nhap-110-tr-thang-mat-tien-ngang-6-5m-hiem-co-18717243.html,https://alonhadat.com.vn/sieu-pham-chdv-quan-3-thu-nhap-110-tr-thang-mat-tien-ngang-6-5m-hiem-co-18717243.html,2026-06-07,2026-06-07 20:16:10.418495,,31900,300943396.2264151,0,0
alonhadat,sale_student_csv,alonhadat_duc_18754162,18754162,SIÊU PHẨM MẶT TIỀN NGÔ THỜI NHIỆM - QUẬN 3 - HÀNG CỰC KHAN HIẾM,75000000000,75 tỷ,144,5,"Đường Ngô Thời Nhiệm, Phường Xuân Hòa, Hồ Chí Minh",Phường Võ Thị Sáu,,Quận 3,1040,Đất,,,,https://alonhadat.com.vn/sieu-pham-mat-tien-ngo-thoi-nhiem-quan-3-hang-cuc-khan-hiem-18754162.html,https://alonhadat.com.vn/sieu-pham-mat-tien-ngo-thoi-nhiem-quan-3-hang-cuc-khan-hiem-18754162.html,2026-06-07,2026-06-07 20:16:10.418495,,75000,520833333.3333333,0,0
alonhadat,sale_student_csv,alonhadat_duc_14153017,14153017,"MT Lê Quý Đôn, P.6, Quận 3 - 11mx23m - 3 tầng - HĐ thuê 250 triệu - giá bán 98 tỷ",98000000000,98 tỷ,253,7,"Đường Lê Quý Đôn, Phường Xuân Hòa, Hồ Chí Minh",Phường Võ Thị Sáu,,Quận 3,1040,Đất,,,,https://alonhadat.com.vn/mt-le-quy-don-p-6-quan-3-11mx23m-3-tang-hd-thue-250-trieu-gia-ban-98-ty-14153017.html,https://alonhadat.com.vn/mt-le-quy-don-p-6-quan-3-11mx23m-3-tang-hd-thue-250-trieu-gia-ban-98-ty-14153017.html,2026-06-07,2026-06-07 20:16:10.418495,,98000,387351778.6561265,0,0
alonhadat,sale_student_csv,alonhadat_duc_9144103,9144103,"Mặt tiền ngay Nguyễn Đình Chiểu, Quận 3, DT 6x21m, KVXD hầm, 7L, chỉ 55.8 tỷ",55800000000,"55,8 tỷ",120,3,"Đường Nguyễn Thiện Thuật, Phường Bàn Cờ, Hồ Chí Minh",Phường 1,,Quận 3,1040,Đất,,,,https://alonhadat.com.vn/mat-tien-ngay-nguyen-dinh-chieu-quan-3-dt-6x21m-kvxd-ham-7l-chi-55-8-ty-9144103.html,https://alonhadat.com.vn/mat-tien-ngay-nguyen-dinh-chieu-quan-3-dt-6x21m-kvxd-ham-7l-chi-55-8-ty-9144103.html,2026-06-07,2026-06-07 20:16:10.418495,,55800,465000000,0,0
alonhadat,sale_student_csv,alonhadat_duc_18757340,18757340,"Bán Building Mini 7 Tầng HXH 10m CMT8, Quận 3, 5.5x22m, HĐT 90 triệu, Chỉ 31 Tỷ",31000000000,31 tỷ,120,6,"Đường Cách Mạng Tháng 8, Phường Nhiêu Lộc, Hồ Chí Minh",Phường 11,,Quận 3,1040,Đất,,,,https://alonhadat.com.vn/ban-building-mini-7-tang-hxh-10m-cmt8-quan-3-5-5x22m-hdt-90-trieu-chi-31-ty-18757340.html,https://alonhadat.com.vn/ban-building-mini-7-tang-hxh-10m-cmt8-quan-3-5-5x22m-hdt-90-trieu-chi-31-ty-18757340.html,2026-06-07,2026-06-07 20:16:10.418495,,31000,258333333.33333334,0,0
alonhadat,sale_student_csv,alonhadat_duc_18756279,18756279,"🌟Tài Nhà Đất🌟Lê Văn Sỹ Giáp Q3 -45m -3Tầng -4pn chỉ 9,2tỷ",9200000000,"9,2 tỷ",45,4,"Đường Lê Văn Sỹ, Phường Phú Nhuận, Hồ Chí Minh",Phường Phú Nhuận,,Quận 3,1040,Đất,,,,https://alonhadat.com.vn/-tai-nha-dat-le-van-sy-giap-q3-45m-3tang-4pn-chi-9-2ty-18756279.html,https://alonhadat.com.vn/-tai-nha-dat-le-van-sy-giap-q3-45m-3tang-4pn-chi-9-2ty-18756279.html,2026-06-07,2026-06-07 20:16:10.418495,,9200,204444444.44444445,0,0
alonhadat,sale_student_csv,alonhadat_duc_18758559,18758559,🏡NHÀ TRUNG TÂM QUẬN 3 – LÝ CHÍNH THẮNG – 40M² ĐẤT – 3 TẦNG – NHỈNH 8 ĐỒNG.,8000000000,8 tỷ,40,4,"Đường Lý Chính Thắng, Phường Bàn Cờ, Hồ Chí Minh",Phường 1,,Quận 3,1040,Đất,,,,https://alonhadat.com.vn/-nha-trung-tam-quan-3-ly-chinh-thang-40m-dat-3-tang-nhinh-8-dong--18758559.html,https://alonhadat.com.vn/-nha-trung-tam-quan-3-ly-chinh-thang-40m-dat-3-tang-nhinh-8-dong--18758559.html,2026-06-07,2026-06-07 20:16:10.418495,,8000,200000000,0,0
alonhadat,sale_student_csv,alonhadat_duc_18758465,18758465,"Nhà mới xây Võ Văn Tần, QUẬN 3, full nội thất, 4 tầng, giá 4.95 tỷ",4950000000,"4,95 tỷ",27,3,"Đường Võ Văn Tần, Phường Bàn Cờ, Hồ Chí Minh",Phường Bàn Cờ,,Quận 3,1040,Đất,,,,https://alonhadat.com.vn/nha-moi-xay-vo-van-tan-quan-3-full-noi-that-4-tang-gia-4-95-ty-18758465.html,https://alonhadat.com.vn/nha-moi-xay-vo-van-tan-quan-3-full-noi-that-4-tang-gia-4-95-ty-18758465.html,2026-06-07,2026-06-07 20:16:10.418495,,4950,183333333.33333334,0,0
alonhadat,sale_student_csv,alonhadat_duc_18753965,18753965,"Hẻm vip Phạm Ngọc Thạch, P. 6, Q. 3 - 11.5X18m - 4 lầu - HĐT 195 tr/th - 66 tỷ",66000000000,66 tỷ,207,27,"Đường Phạm Ngọc Thạch, Phường Xuân Hòa, Hồ Chí Minh",Phường Võ Thị Sáu,,Quận 3,1040,Đất,,,,https://alonhadat.com.vn/hem-vip-pham-ngoc-thach-p-6-q-3-11-5x18m-4-lau-hdt-195-tr-th-66-ty-18753965.html,https://alonhadat.com.vn/hem-vip-pham-ngoc-thach-p-6-q-3-11-5x18m-4-lau-hdt-195-tr-th-66-ty-18753965.html,2026-06-07,2026-06-07 20:16:10.418495,,66000,318840579.71014494,0,0
alonhadat,sale_student_csv,alonhadat_duc_18734393,18734393,SIÊU KIỆT TÁC DI SẢN QUẬN 3! DINH THỰ CĂN GÓC 2 MẶT TIỀN TRƯƠNG ĐỊNH - KHU VIP TÚ XƯƠNG -,500000000000,500 tỷ,816,9,"Đường Trương Định, Phường Xuân Hòa, Hồ Chí Minh",Phường Võ Thị Sáu,,Quận 3,1040,Đất,,,,https://alonhadat.com.vn/sieu-kiet-tac-di-san-quan-3-dinh-thu-can-goc-2-mat-tien-truong-dinh-khu-vip-tu-xuong--18734393.html,https://alonhadat.com.vn/sieu-kiet-tac-di-san-quan-3-dinh-thu-can-goc-2-mat-tien-truong-dinh-khu-vip-tu-xuong--18734393.html,2026-06-07,2026-06-07 20:16:10.418495,,500000,612745098.0392157,0,0
alonhadat,sale_student_csv,alonhadat_duc_18757336,18757336,"Bán nhà 2/38A Cao Thắng, P.5, Q.3",45000000000,45 tỷ,132,5,"Đường Cao Thắng, Phường Bàn Cờ, Hồ Chí Minh",Phường 5,,Quận 3,1040,Đất,,,,https://alonhadat.com.vn/ban-nha-2-38a-cao-thang-p-5-q-3-18757336.html,https://alonhadat.com.vn/ban-nha-2-38a-cao-thang-p-5-q-3-18757336.html,2026-06-07,2026-06-07 20:16:10.418495,,45000,340909090.90909094,0,0
alonhadat,sale_student_csv,alonhadat_duc_18757259,18757259,"Bán building văn phòng Q.3, DT 430m², ngang 13,5m, hầm 7 tầng, HĐ thuê 12.000 USD/tháng",170000000000,170 tỷ,430,20,"Đường Võ Thị Sáu, Phường Xuân Hòa, Hồ Chí Minh",Phường Võ Thị Sáu,,Quận 3,1040,Đất,,,,https://alonhadat.com.vn/ban-building-van-phong-q-3-dt-430m-ngang-13-5m-ham-7-tang-hd-thue-12-000-usd-thang-18757259.html,https://alonhadat.com.vn/ban-building-van-phong-q-3-dt-430m-ngang-13-5m-ham-7-tang-hd-thue-12-000-usd-thang-18757259.html,2026-06-07,2026-06-07 20:16:10.418495,,170000,395348837.2093023,0,0
alonhadat,sale_student_csv,alonhadat_duc_14152909,14152909,"Bán Building MT đường Khánh Hội, P3, Q4 - DT: 5mx18m - 5 lầu, HĐT: 110tr - giá: 28 tỷ",28000000000,28 tỷ,90,7,"Đường Khánh Hội, Phường Vĩnh Hội, Hồ Chí Minh",Phường 3,,Quận 4,1020,Nhà ở,,,,https://alonhadat.com.vn/ban-building-mt-duong-khanh-hoi-p3-q4-dt-5mx18m-5-lau-hdt-110tr-gia-28-ty-14152909.html,https://alonhadat.com.vn/ban-building-mt-duong-khanh-hoi-p3-q4-dt-5mx18m-5-lau-hdt-110tr-gia-28-ty-14152909.html,2026-06-07,2026-06-07 20:16:10.418495,,28000,311111111.1111111,0,0
alonhadat,sale_student_csv,alonhadat_duc_18757140,18757140,NHÀ MẶT TIỀN ĐOÀN NHƯ HÀI QUẬN 4-DT 4X25M-KẾT CẤU 8 TẦNG-GIÁ CHỈ 43 TỶ,43000000000,43 tỷ,100,10,"Đường Đoàn Như Hài, Phường Xóm Chiếu, Hồ Chí Minh",Phường 12,,Quận 4,1020,Nhà ở,,,,https://alonhadat.com.vn/nha-mat-tien-doan-nhu-hai-quan-4-dt-4x25m-ket-cau-8-tang-gia-chi-43-ty-18757140.html,https://alonhadat.com.vn/nha-mat-tien-doan-nhu-hai-quan-4-dt-4x25m-ket-cau-8-tang-gia-chi-43-ty-18757140.html,2026-06-07,2026-06-07 20:16:10.418495,,43000,430000000,0,0
alonhadat,sale_student_csv,alonhadat_duc_18018816,18018816,BIỆT THỰ MINI FULL NỘI THẤT -AN BÌNH- P.5- Q.5- 5 TẦNG THANG MÁY 83m2 GARA OTO- 18.9 TỶ,18900000000,"18,9 tỷ",83,4,"Đường An Bình, Phường An Đông, Hồ Chí Minh",Phường 5,,Quận 5,1020,Biệt thự,,,,https://alonhadat.com.vn/sieu-pham-5-tang-thang-may-83m2-gara-oto-biet-thu-mini-full-noi-that-an-binh-p-5-q-5-18018816.html,https://alonhadat.com.vn/sieu-pham-5-tang-thang-may-83m2-gara-oto-biet-thu-mini-full-noi-that-an-binh-p-5-q-5-18018816.html,2026-06-07,2026-06-07 20:16:10.418495,,18900,227710843.37349397,0,0
alonhadat,sale_student_csv,alonhadat_duc_18758103,18758103,"Bán tòa nhà CHDV Nguyễn Trãi, Quận 5, DT 7x20m, Hầm+8 tầng, HĐT 150tr, giá 40 tỷ",40000000000,40 tỷ,107,35,"Đường Nguyễn Trãi, Phường Chợ Quán, Hồ Chí Minh",Phường 3,,Quận 5,1010,Căn hộ chung cư,,,,https://alonhadat.com.vn/ban-toa-nha-chdv-nguyen-trai-quan-5-dt-7x20m-ham-8-tang-hdt-150tr-gia-40-ty-18758103.html,https://alonhadat.com.vn/ban-toa-nha-chdv-nguyen-trai-quan-5-dt-7x20m-ham-8-tang-hdt-150tr-gia-40-ty-18758103.html,2026-06-07,2026-06-07 20:16:10.418495,,40000,373831775.7009346,0,0
alonhadat,sale_student_csv,alonhadat_duc_18696253,18696253,"Bán nhà mặt tiền Nguyễn Trãi hơn 600m2, khuôn viên lớn duy nhất.",240000000000,240 tỷ,650,4,"Đường Nguyễn Trãi, Phường Chợ Quán, Hồ Chí Minh",Phường 3,,Quận 5,1020,Nhà ở,,,,https://alonhadat.com.vn/ban-nha-mat-tien-nguyen-trai-hon-600m2-khuon-vien-lon-duy-nhat--18696253.html,https://alonhadat.com.vn/ban-nha-mat-tien-nguyen-trai-hon-600m2-khuon-vien-lon-duy-nhat--18696253.html,2026-06-07,2026-06-07 20:16:10.418495,,240000,369230769.2307692,0,0
alonhadat,sale_student_csv,alonhadat_duc_18411499,18411499,Góc 2 mặt tiền Trần Hưng Đạo – Bùi Hữu Nghĩa Quận 5 HĐ thuê 170tr/th – 79 tỷ,79000000000,79 tỷ,95,15,"Đường Trần Hưng Đạo, Phường An Đông, Hồ Chí Minh",Phường An Đông,,Quận 5,1020,Nhà ở,,,,https://alonhadat.com.vn/goc-2-mat-tien-tran-hung-dao-bui-huu-nghia-quan-5-hd-thue-170tr-th-79-ty-18411499.html,https://alonhadat.com.vn/goc-2-mat-tien-tran-hung-dao-bui-huu-nghia-quan-5-hd-thue-170tr-th-79-ty-18411499.html,2026-06-07,2026-06-07 20:16:10.418495,,79000,831578947.3684211,0,0
alonhadat,sale_student_csv,alonhadat_duc_17898568,17898568,"Nhà gần Quận 5 – Sát KDC Trung Sơn, Him Lam, giá tốt",9990000000,"9,99 tỷ",74,5,"Đường Dương Bá Trạc, Phường Chánh Hưng, Hồ Chí Minh",Phường 1,,Quận 5,1020,Nhà ở,,,,https://alonhadat.com.vn/nha-gan-quan-5-sat-kdc-trung-son-him-lam-gia-tot-17898568.html,https://alonhadat.com.vn/nha-gan-quan-5-sat-kdc-trung-son-him-lam-gia-tot-17898568.html,2026-06-07,2026-06-07 20:16:10.418495,,9990,135000000,0,0
alonhadat,sale_student_csv,alonhadat_duc_14029393,14029393,"Bán nhà MT An Dương Vương, P.4, Q.5 - DT: 5.8mx15m - 4 lầu, HĐT: 135 triệu - Giá 46 Tỷ",46000000000,46 tỷ,85,5,"Đường An Dương Vương, Phường Chợ Quán, Hồ Chí Minh",Phường 4,,Quận 5,1020,Nhà ở,,,,https://alonhadat.com.vn/ban-nha-mt-an-duong-vuong-p-4-q-5-dt-5-8mx15m-4-lau-hdt-135-trieu-gia-46-ty-14029393.html,https://alonhadat.com.vn/ban-nha-mt-an-duong-vuong-p-4-q-5-dt-5-8mx15m-4-lau-hdt-135-trieu-gia-46-ty-14029393.html,2026-06-07,2026-06-07 20:16:10.418495,,46000,541176470.5882353,0,0
alonhadat,sale_student_csv,alonhadat_duc_18756855,18756855,"Đinh Cư Nước Ngoài Bán Nhà Ngay Huỳnh Mẫn Đạt, Q5 - Giá Chốt 4Tỷ650/60m2",4650000000,"4,65 tỷ",60,4,"Đường Huỳnh Mẫn Đạt, Phường An Đông, Hồ Chí Minh",Phường 7,,Quận 5,1020,Nhà ở,,,,https://alonhadat.com.vn/dinh-cu-nuoc-ngoai-ban-nha-ngay-huynh-man-dat-q5-gia-chot-4ty650-60m2-18756855.html,https://alonhadat.com.vn/dinh-cu-nuoc-ngoai-ban-nha-ngay-huynh-man-dat-q5-gia-chot-4ty650-60m2-18756855.html,2026-06-07,2026-06-07 20:16:10.418495,,4650,77500000,0,0
alonhadat,sale_student_csv,alonhadat_duc_16342710,16342710,"Mặt tiền Nguyễn Trãi, Q.5, 7.4x25m, 4 tầng, giá 80 tỷ",80000000000,80 tỷ,187,5,"Đường Nguyễn Trãi, Phường Chợ Quán, Hồ Chí Minh",Phường 3,,Quận 5,1020,Nhà ở,,,,https://alonhadat.com.vn/mat-tien-nguyen-trai-q-5-7-4x25m-4-tang-gia-80-ty-16342710.html,https://alonhadat.com.vn/mat-tien-nguyen-trai-q-5-7-4x25m-4-tang-gia-80-ty-16342710.html,2026-06-07,2026-06-07 20:16:10.418495,,80000,427807486.631016,0,0
alonhadat,sale_student_csv,alonhadat_duc_18757569,18757569,Mặt tiền Trần Hưng Đạo Q5 ( 4 * 17 ) 4 Tầng 30 Tỷ,30000000000,30 tỷ,68,6,"Đường Trần Hưng Đạo, Phường An Đông, Hồ Chí Minh",Phường An Đông,,Quận 5,1020,Nhà ở,,,,https://alonhadat.com.vn/mat-tien-tran-hung-dao-q5-4-17-4-tang-30-ty-18757569.html,https://alonhadat.com.vn/mat-tien-tran-hung-dao-q5-4-17-4-tang-30-ty-18757569.html,2026-06-07,2026-06-07 20:16:10.418495,,30000,441176470.5882353,0,0
alonhadat,sale_student_csv,alonhadat_duc_15410302,15410302,"Siêu Phẩm Mặt Tiền Nguyễn Trãi P3 Quận 5, DT:5x21m, 5 Tầng, HĐT:120tr, Giá:32Tỷ",32000000000,32 tỷ,105,8,"Đường Nguyễn Trãi, Phường Chợ Quán, Hồ Chí Minh",Phường 3,,Quận 5,1020,Nhà ở,,,,https://alonhadat.com.vn/sieu-pham-mat-tien-nguyen-trai-p3-quan-5-dt-5x21m-5-tang-hdt-120tr-gia-56ty-15410302.html,https://alonhadat.com.vn/sieu-pham-mat-tien-nguyen-trai-p3-quan-5-dt-5x21m-5-tang-hdt-120tr-gia-56ty-15410302.html,2026-06-07,2026-06-07 20:16:10.418495,,32000,304761904.7619048,0,0
alonhadat,sale_student_csv,alonhadat_duc_18757591,18757591,"Bán nhà mặt tiền Trần Hưng Đạo, Q 5 - 4,5x18m - 6 tầng - HĐT: 80tr/th - Giá 30 tỷ",30000000000,30 tỷ,80,6,"Đường Trần Hưng Đạo, Phường An Đông, Hồ Chí Minh",Phường 6,,Quận 5,1020,Nhà ở,,,,https://alonhadat.com.vn/ban-nha-mat-tien-tran-hung-dao-q-5-4-5x18m-6-tang-hdt-80tr-th-gia-30-ty-18757591.html,https://alonhadat.com.vn/ban-nha-mat-tien-tran-hung-dao-q-5-4-5x18m-6-tang-hdt-80tr-th-gia-30-ty-18757591.html,2026-06-07,2026-06-07 20:16:10.418495,,30000,375000000,0,0
alonhadat,sale_student_csv,alonhadat_duc_18757559,18757559,"🏢 Bán tòa nhà mặt tiền Nguyễn Trãi, P.2, Q.5, 108m² (7,3x16m), hầm 7 tầng",88000000000,88 tỷ,108,12,"Đường Nguyễn Trãi, Phường Chợ Quán, Hồ Chí Minh",Phường 2,,Quận 5,1020,Nhà ở,,,,https://alonhadat.com.vn/-ban-toa-nha-mat-tien-nguyen-trai-p-2-q-5-108m-7-3x16m-ham-7-tang-18757559.html,https://alonhadat.com.vn/-ban-toa-nha-mat-tien-nguyen-trai-p-2-q-5-108m-7-3x16m-ham-7-tang-18757559.html,2026-06-07,2026-06-07 20:16:10.418495,,88000,814814814.8148148,0,0
alonhadat,sale_student_csv,alonhadat_duc_18709566,18709566,💥Bán nhà MT Nguyễn Chí Thanh- 142m2 -48 TỶ TL,48000000000,48 tỷ,142,2,"Đường Nguyễn Chí Thanh, Phường Chợ Lớn, Hồ Chí Minh",Phường 12,,Quận 5,1020,Nhà ở,,,,https://alonhadat.com.vn/-mt-225-nguyen-chi-thanh-142m2-48-ty-tl-18709566.html,https://alonhadat.com.vn/-mt-225-nguyen-chi-thanh-142m2-48-ty-tl-18709566.html,2026-06-07,2026-06-07 20:16:10.418495,,48000,338028169.0140845,0,0
alonhadat,sale_student_csv,alonhadat_duc_18096167,18096167,"Hạ 25 tỷ Bán Gấp Nhà 6 Tầng mặt tiền đường AN DƯƠNG VƯƠNG, Q.5, 8x25m, Chỉ 89 Tỷ",89000000000,89 tỷ,192,10,"Đường An Dương Vương, Phường An Đông, Hồ Chí Minh",Phường 8,,Quận 5,1020,Nhà ở,,,,https://alonhadat.com.vn/ha-18-ty-ban-nha-6-tang-mat-tien-thuong-mai-an-duong-vuong-q-5-8x24m-chi-97-ty-18096167.html,https://alonhadat.com.vn/ha-18-ty-ban-nha-6-tang-mat-tien-thuong-mai-an-duong-vuong-q-5-8x24m-chi-97-ty-18096167.html,2026-06-07,2026-06-07 20:16:10.418495,,89000,463541666.6666667,0,0
alonhadat,sale_student_csv,alonhadat_duc_17971106,17971106,"MT TRẦN PHÚ, CÁCH NGÃ 6 CỘNG HÒA 200m, DT 4X21.5, 3 TẦNG, GIÁ 17 TỶ",17000000000,17 tỷ,85,3,"Đường Trần Phú, Phường Chợ Quán, Hồ Chí Minh",Phường 4,,Quận 5,1040,Đất,,,,https://alonhadat.com.vn/mt-tran-phu-cach-nga-6-cong-hoa-200m-dt-4x21-5-3-tang-gia-18-ty-17971106.html,https://alonhadat.com.vn/mt-tran-phu-cach-nga-6-cong-hoa-200m-dt-4x21-5-3-tang-gia-18-ty-17971106.html,2026-06-07,2026-06-07 20:16:10.418495,,17000,200000000,0,0
alonhadat,sale_student_csv,alonhadat_duc_18748912,18748912,"Bán MT Trần Hưng Đạo Q5 (2 chiều). Ngang 4m x 17m, CN 67m2, 4 tầng, vuông vức, giá đầu tư",29000000000,29 tỷ,67,6,"Đường Trần Hưng Đạo, Phường An Đông, Hồ Chí Minh",Phường 6,,Quận 5,1040,Đất,,,,https://alonhadat.com.vn/ban-nha-mt-tran-hung-dao-q5-ngang-4m-x-17m-cn-67m2-4-tang-vuong-vuc-gia-dau-tu-18748912.html,https://alonhadat.com.vn/ban-nha-mt-tran-hung-dao-q5-ngang-4m-x-17m-cn-67m2-4-tang-vuong-vuc-gia-dau-tu-18748912.html,2026-06-07,2026-06-07 20:16:10.418495,,29000,432835820.8955224,0,0
alonhadat,sale_student_csv,alonhadat_duc_18757723,18757723,Góc 2 MT Nguyễn Trãi Quận 5 – Ngang 8.2m – GPXD Hầm 7 Tầng – Giá Chỉ 68 Tỷ,68000000000,68 tỷ,150,10,"Đường Nguyễn Trãi, Phường An Đông, Hồ Chí Minh",Phường 7,,Quận 5,1040,Đất,,,,https://alonhadat.com.vn/goc-2-mt-nguyen-trai-quan-5-ngang-8-2m-gpxd-ham-7-tang-gia-chi-68-ty-18757723.html,https://alonhadat.com.vn/goc-2-mt-nguyen-trai-quan-5-ngang-8-2m-gpxd-ham-7-tang-gia-chi-68-ty-18757723.html,2026-06-07,2026-06-07 20:16:10.418495,,68000,453333333.3333333,0,0
alonhadat,sale_student_csv,alonhadat_duc_18746548,18746548,"Bán nhà mặt tiền Quận 5 - Đối diện Đồng Khánh - sát TT Tiệc Cưới Queen Plaza 4x18 chỉ 29,5",29500000000,"29,5 tỷ",66,5,"Đường Trần Hưng Đạo, Phường An Đông, Hồ Chí Minh",Phường 7,,Quận 5,1040,Đất,,,,https://alonhadat.com.vn/ban-nha-mat-tien-quan-5-doi-dien-dong-khanh-sat-tt-tiec-cuoi-queen-plaza-4x18-chi-29-5-18746548.html,https://alonhadat.com.vn/ban-nha-mat-tien-quan-5-doi-dien-dong-khanh-sat-tt-tiec-cuoi-queen-plaza-4x18-chi-29-5-18746548.html,2026-06-07,2026-06-07 20:16:10.418495,,29500,446969696.969697,0,0
alonhadat,sale_student_csv,alonhadat_duc_9844951,9844951,"Cần bán gấp nhà mặt tiền Trần Hưng Đạo, P. 1, Q. 5 (8,3x22m) nhà 2 lầu giá 79 tỷ TL",79000000000,79 tỷ,183,5,"Đường Trần Hưng Đạo, Phường Chợ Quán, Hồ Chí Minh",Phường 1,,Quận 5,1040,Đất,,,,https://alonhadat.com.vn/can-ban-gap-nha-mat-tien-tran-hung-dao-p-1-q-5-8-3x22m-nha-2-lau-gia-79-ty-tl-9844951.html,https://alonhadat.com.vn/can-ban-gap-nha-mat-tien-tran-hung-dao-p-1-q-5-8-3x22m-nha-2-lau-gia-79-ty-tl-9844951.html,2026-06-07,2026-06-07 20:16:10.418495,,79000,431693989.07103825,0,0
alonhadat,sale_student_csv,alonhadat_duc_18756498,18756498,"Bán căn góc 2 mặt tiền hẻm xe hơi đường Nguyễn Trãi,P7,quận 5.Ngang 5,3x14m. Hẻm 6,5m2",13900000000,"13,9 tỷ",45,4,"Đường Nguyễn Trãi, Phường An Đông, Hồ Chí Minh",Phường 7,,Quận 5,1040,Đất,,,,https://alonhadat.com.vn/ban-can-goc-2-mat-tien-hem-xe-hoi-duong-nguyen-trai-p7-quan-5-ngang-5-3x14m-hem-6-5m2-18756498.html,https://alonhadat.com.vn/ban-can-goc-2-mat-tien-hem-xe-hoi-duong-nguyen-trai-p7-quan-5-ngang-5-3x14m-hem-6-5m2-18756498.html,2026-06-07,2026-06-07 20:16:10.418495,,13900,308888888.8888889,0,0
alonhadat,sale_student_csv,alonhadat_duc_18423997,18423997,138 tỷ! Bán mặt tiền 235-239 Lê Hồng Phong Quận 5 - 310m2 - XD Hầm 9 Tầng,138000000000,138 tỷ,310,5,"Đường Lê Hồng Phong, Phường Chợ Quán, Hồ Chí Minh",Phường 4,,Quận 5,1040,Đất,,,,https://alonhadat.com.vn/138-ty-ban-mat-tien-235-239-le-hong-phong-quan-5-310m2-xd-ham-9-tang-18423997.html,https://alonhadat.com.vn/138-ty-ban-mat-tien-235-239-le-hong-phong-quan-5-310m2-xd-ham-9-tang-18423997.html,2026-06-07,2026-06-07 20:16:10.418495,,138000,445161290.32258064,0,0
alonhadat,sale_student_csv,alonhadat_duc_18757249,18757249,"Giảm sốc 1 tỷ Hẻm An Dương Vương, Q5 . 5 lầu . Giá 13 ttr 950 tr .",13950000000,"13,95 tỷ",42,6,"Đường An Dương Vương, Phường Chợ Quán, Hồ Chí Minh",Phường 4,,Quận 5,1040,Đất,,,,https://alonhadat.com.vn/giam-soc-1-ty-hem-an-duong-vuong-q5-5-lau-gia-13-ttr-950-tr--18757249.html,https://alonhadat.com.vn/giam-soc-1-ty-hem-an-duong-vuong-q5-5-lau-gia-13-ttr-950-tr--18757249.html,2026-06-07,2026-06-07 20:16:10.418495,,13950,332142857.14285713,0,0
alonhadat,sale_student_csv,alonhadat_duc_18755777,18755777,"Bán Hotel MT Nguyễn Chí Thanh, P.12, DT: 4.2 x 27m, 6 lầu, HĐ thuê 120tr/th",38000000000,38 tỷ,110,15,"Đường Nguyễn Chí Thanh, Phường Chợ Lớn, Hồ Chí Minh",Phường 12,,Quận 5,1040,Đất,,,,https://alonhadat.com.vn/ban-hotel-mt-nguyen-chi-thanh-p-12-dt-4-2-x-27m-6-lau-hd-thue-120tr-th-18755777.html,https://alonhadat.com.vn/ban-hotel-mt-nguyen-chi-thanh-p-12-dt-4-2-x-27m-6-lau-hd-thue-120tr-th-18755777.html,2026-06-07,2026-06-07 20:16:10.418495,,38000,345454545.45454544,0,0
alonhadat,sale_student_csv,alonhadat_duc_18755819,18755819,"- - Bán góc 2 mặt tiền Nguyễn Trãi , Q5- 5.5m x 13m- 3 lầu đúc.Chỉ 13.5 tỷ thương lượng.",13500000000,"13,5 tỷ",43,5,"Đường Nguyễn Trãi, Phường An Đông, Hồ Chí Minh",Phường 7,,Quận 5,1040,Đất,,,,https://alonhadat.com.vn/-ban-goc-2-mat-tien-nguyen-trai-q5-5-5m-x-13m-3-lau-duc-chi-13-5-ty-thuong-luong--18755819.html,https://alonhadat.com.vn/-ban-goc-2-mat-tien-nguyen-trai-q5-5-5m-x-13m-3-lau-duc-chi-13-5-ty-thuong-luong--18755819.html,2026-06-07,2026-06-07 20:16:10.418495,,13500,313953488.372093,0,0
alonhadat,sale_student_csv,alonhadat_duc_18757489,18757489,"🏡 Bán biệt thự Tân Cổ Điển Trần Văn Kiểu, Quận 6",300000000000,300 tỷ,1200,11,"Đường Trần Văn Kiểu, Phường Bình Phú, Hồ Chí Minh",Phường 10,,Quận 6,1020,Biệt thự,,,,https://alonhadat.com.vn/-ban-biet-thu-tan-co-dien-tran-van-kieu-quan-6-18757489.html,https://alonhadat.com.vn/-ban-biet-thu-tan-co-dien-tran-van-kieu-quan-6-18757489.html,2026-06-07,2026-06-07 20:16:10.418495,,300000,250000000,0,0
alonhadat,sale_student_csv,alonhadat_duc_18757358,18757358,Hẻm 10m Hậu Giang ( 10 * 13 ) Dưới 12.5 Tỷ,12500000000,"12,5 tỷ",130,2,"Đường Hậu Giang, Phường Bình Phú, Hồ Chí Minh",Phường Bình Phú,,Quận 6,1010,Căn hộ chung cư,,,,https://alonhadat.com.vn/hem-10m-hau-giang-10-13-duoi-12-5-ty-18757358.html,https://alonhadat.com.vn/hem-10m-hau-giang-10-13-duoi-12-5-ty-18757358.html,2026-06-07,2026-06-07 20:16:10.418495,,12500,96153846.15384616,0,0
alonhadat,sale_student_csv,alonhadat_duc_18757633,18757633,"🏢 Bán/Cho thuê tòa nhà mặt tiền Võ Văn Kiệt, P.1, Q.6",130000000000,130 tỷ,336,30,"Đường Võ Văn Kiệt, Phường Bình Tiên, Hồ Chí Minh",Phường 1,,Quận 6,1020,Nhà ở,,,,https://alonhadat.com.vn/-ban-cho-thue-toa-nha-mat-tien-vo-van-kiet-p-1-q-6-18757633.html,https://alonhadat.com.vn/-ban-cho-thue-toa-nha-mat-tien-vo-van-kiet-p-1-q-6-18757633.html,2026-06-07,2026-06-07 20:16:10.418495,,130000,386904761.9047619,0,0
alonhadat,sale_student_csv,alonhadat_duc_18757687,18757687,Hai Mặt Tiền Hậu Giang ( 5.7 * 33 ) 5 Lầu Thang máy 58 Tỷ,58000000000,58 tỷ,180,12,"Đường Minh Phụng, Phường Bình Tây, Hồ Chí Minh",Phường Bình Tây,,Quận 6,1020,Nhà ở,,,,https://alonhadat.com.vn/hai-mat-tien-hau-giang-5-7-33-5-lau-thang-may-58-ty-18757687.html,https://alonhadat.com.vn/hai-mat-tien-hau-giang-5-7-33-5-lau-thang-may-58-ty-18757687.html,2026-06-07,2026-06-07 20:16:10.418495,,58000,322222222.2222222,0,0
alonhadat,sale_student_csv,alonhadat_duc_18729030,18729030,"CHDV 40 PHÒNG THU NHẬP 120TR/THÁNG Bình Tây, P Bình Tiên Quận 6, 259m2",29000000000,29 tỷ,259,40,"Đường Bình Tây, Phường Bình Tiên, Hồ Chí Minh",Phường Bình Tiên,,Quận 6,1020,Nhà ở,,,,https://alonhadat.com.vn/chdv-40-phong-thu-nhap-120tr-thang-binh-tay-p-binh-tien-quan-6-259m2-18729030.html,https://alonhadat.com.vn/chdv-40-phong-thu-nhap-120tr-thang-binh-tay-p-binh-tien-quan-6-259m2-18729030.html,2026-06-07,2026-06-07 20:16:10.418495,,29000,111969111.96911196,0,0
alonhadat,sale_student_csv,alonhadat_duc_18729100,18729100,"CHDV 20 PHÒNG, THU NHẬP 12OTR/THÁNG Hậu Giang, Bình Phú Quận 6, 125m2",27800000000,"27,8 tỷ",125,20,"Đường Hậu Giang, Phường Bình Phú, Hồ Chí Minh",Phường Bình Phú,,Quận 6,1020,Nhà ở,,,,https://alonhadat.com.vn/chdv-20-phong-thu-nhap-12otr-thang-hau-giang-binh-phu-quan-6-125m2-18729100.html,https://alonhadat.com.vn/chdv-20-phong-thu-nhap-12otr-thang-hau-giang-binh-phu-quan-6-125m2-18729100.html,2026-06-07,2026-06-07 20:16:10.418495,,27800,222400000,0,0
alonhadat,sale_student_csv,alonhadat_duc_17824509,17824509,"Góc 2MT Khánh Hội và Đường 41 , Q6. DT: 5m6x14 , trệt 3 lầu , giá bán 33 tỷ TL",33000000000,33 tỷ,50,6,"Đường Khánh Hội, Phường Khánh Hội, Hồ Chí Minh",Phường 6,,Quận 6,1020,Nhà ở,,,,https://alonhadat.com.vn/goc-2mt-khanh-hoi-va-duong-41-q6-dt-5m6x14-tret-3-lau-gia-ban-33-ty-tl-17824509.html,https://alonhadat.com.vn/goc-2mt-khanh-hoi-va-duong-41-q6-dt-5m6x14-tret-3-lau-gia-ban-33-ty-tl-17824509.html,2026-06-07,2026-06-07 20:16:10.418495,,33000,660000000,0,0
alonhadat,sale_student_csv,alonhadat_duc_16178486,16178486,Bán Nhà MT kdc Bình Phú sát Metro Quận 6,10200000000,"10,2 tỷ",60,5,"Đường số 26A, Phường Bình Phú, Hồ Chí Minh",Phường 10,,Quận 6,1020,Nhà ở,,,,https://alonhadat.com.vn/ban-nha-mt-kdc-binh-phu-sat-metro-quan-6-16178486.html,https://alonhadat.com.vn/ban-nha-mt-kdc-binh-phu-sat-metro-quan-6-16178486.html,2026-06-07,2026-06-07 20:16:10.418495,,10200,170000000,0,0
alonhadat,sale_student_csv,alonhadat_duc_18757553,18757553,Mặt Tiền An Dương Vương ( 10.5 * 18 ) 4 Lầu Lề 10m 33 Tỷ,33000000000,33 tỷ,180,12,"Đường An Dương Vương, Phường Bình Phú, Hồ Chí Minh",Phường Bình Phú,,Quận 6,1020,Nhà ở,,,,https://alonhadat.com.vn/mat-tien-an-duong-vuong-10-5-18-4-lau-le-10m-33-ty-18757553.html,https://alonhadat.com.vn/mat-tien-an-duong-vuong-10-5-18-4-lau-le-10m-33-ty-18757553.html,2026-06-07,2026-06-07 20:16:10.418495,,33000,183333333.33333334,0,0
alonhadat,sale_student_csv,alonhadat_duc_18757586,18757586,Mặt Tiền Đường 25 Bình Phú ( 4.5 * 20 ) 4 Tầng 11.8 Tỷ,11800000000,"11,8 tỷ",90,5,"Đường Bình Phú, Phường Bình Phú, Hồ Chí Minh",Phường Bình Phú,,Quận 6,1020,Nhà ở,,,,https://alonhadat.com.vn/mat-tien-duong-25-binh-phu-4-5-20-4-tang-11-8-ty-18757586.html,https://alonhadat.com.vn/mat-tien-duong-25-binh-phu-4-5-20-4-tang-11-8-ty-18757586.html,2026-06-07,2026-06-07 20:16:10.418495,,11800,131111111.1111111,0,0
alonhadat,sale_student_csv,alonhadat_duc_18757595,18757595,Mặt Tiền Song Hành ( 4 * 19 ) 5 Tầng 14.5 Tỷ,14500000000,"14,5 tỷ",68,6,"Đường Song Hành, Phường Bình Phú, Hồ Chí Minh",Phường Bình Phú,,Quận 6,1020,Nhà ở,,,,https://alonhadat.com.vn/mat-tien-song-hanh-4-19-5-tang-14-5-ty-18757595.html,https://alonhadat.com.vn/mat-tien-song-hanh-4-19-5-tang-14-5-ty-18757595.html,2026-06-07,2026-06-07 20:16:10.418495,,14500,213235294.11764705,0,0
alonhadat,sale_student_csv,alonhadat_duc_18757616,18757616,Hai Mặt Hẻm Bình Phú ( 6.5 * 7 ) 2 Tầng 7.5 Tỷ,7500000000,"7,5 tỷ",45,3,"Đường Bình Phú, Phường Bình Phú, Hồ Chí Minh",Phường Bình Phú,,Quận 6,1020,Nhà ở,,,,https://alonhadat.com.vn/hai-mat-hem-binh-phu-6-5-7-2-tang-7-5-ty-18757616.html,https://alonhadat.com.vn/hai-mat-hem-binh-phu-6-5-7-2-tang-7-5-ty-18757616.html,2026-06-07,2026-06-07 20:16:10.418495,,7500,166666666.66666666,0,0
alonhadat,sale_student_csv,alonhadat_duc_18757634,18757634,Mặt Tiền Đường 74 Bình Phú ( 4 * 18 ) 9 Tỷ,9000000000,9 tỷ,72,2,"Đường Bình Phú, Phường Bình Phú, Hồ Chí Minh",Phường Bình Phú,,Quận 6,1020,Nhà ở,,,,https://alonhadat.com.vn/mat-tien-duong-74-binh-phu-4-18-9-ty-18757634.html,https://alonhadat.com.vn/mat-tien-duong-74-binh-phu-4-18-9-ty-18757634.html,2026-06-07,2026-06-07 20:16:10.418495,,9000,125000000,0,0
alonhadat,sale_student_csv,alonhadat_duc_18757644,18757644,Mặt Tiền Đường 78 View Công Viên ( 4 * 15 ) 3 Tầng 8.7 Tỷ,8700000000,"8,7 tỷ",60,4,"Đường Bình Phú, Phường Bình Phú, Hồ Chí Minh",Phường Bình Phú,,Quận 6,1020,Nhà ở,,,,https://alonhadat.com.vn/mat-tien-duong-78-view-cong-vien-4-15-3-tang-8-7-ty-18757644.html,https://alonhadat.com.vn/mat-tien-duong-78-view-cong-vien-4-15-3-tang-8-7-ty-18757644.html,2026-06-07,2026-06-07 20:16:10.418495,,8700,145000000,0,0
alonhadat,sale_student_csv,alonhadat_duc_18757391,18757391,Hẻm 8m Khu Chợ Bình Tây ( 4.4 * 9.5 ) 3 Lầu 8.9 Tỷ,8900000000,"8,9 tỷ",42,3,"Đường Mai Xuân Thưởng, Phường Bình Tây, Hồ Chí Minh",Phường Bình Tây,,Quận 6,1020,Nhà ở,,,,https://alonhadat.com.vn/hem-8m-khu-cho-binh-tay-4-4-9-5-3-lau-8-9-ty-18757391.html,https://alonhadat.com.vn/hem-8m-khu-cho-binh-tay-4-4-9-5-3-lau-8-9-ty-18757391.html,2026-06-07,2026-06-07 20:16:10.418495,,8900,211904761.9047619,0,0
alonhadat,sale_student_csv,alonhadat_duc_18757399,18757399,Hẻm xe hơi chợ cây gõ ( 4.5 * 10 ) 6 tầng 7.3 tỷ,7300000000,"7,3 tỷ",45,4,"Đường Bến Phú Lâm, Phường Bình Tây, Hồ Chí Minh",Phường Bình Tây,,Quận 6,1020,Nhà ở,,,,https://alonhadat.com.vn/hem-xe-hoi-cho-cay-go-4-5-10-6-tang-7-3-ty-18757399.html,https://alonhadat.com.vn/hem-xe-hoi-cho-cay-go-4-5-10-6-tang-7-3-ty-18757399.html,2026-06-07,2026-06-07 20:16:10.418495,,7300,162222222.2222222,0,0
alonhadat,sale_student_csv,alonhadat_duc_18757406,18757406,Góc hai mặt tiền Bình Phú ( 4 * 10 ) 3 lầu 7.5 Tỷ,7500000000,"7,5 tỷ",40,3,"Đường Bình Phú, Phường Bình Phú, Hồ Chí Minh",Phường Bình Phú,,Quận 6,1020,Nhà ở,,,,https://alonhadat.com.vn/goc-hai-mat-tien-binh-phu-4-10-3-lau-7-5-ty-18757406.html,https://alonhadat.com.vn/goc-hai-mat-tien-binh-phu-4-10-3-lau-7-5-ty-18757406.html,2026-06-07,2026-06-07 20:16:10.418495,,7500,187500000,0,0
alonhadat,sale_student_csv,alonhadat_duc_18757421,18757421,Hai Mặt Hẻm Chợ Lớn ( 4 * 16 ) 2 Lầu 8.3 Tỷ,8300000000.000001,"8,3 tỷ",64,3,"Đường Chợ Lớn, Phường Bình Phú, Hồ Chí Minh",Phường Bình Phú,,Quận 6,1020,Nhà ở,,,,https://alonhadat.com.vn/hai-mat-hem-cho-lon-4-16-2-lau-8-3-ty-18757421.html,https://alonhadat.com.vn/hai-mat-hem-cho-lon-4-16-2-lau-8-3-ty-18757421.html,2026-06-07,2026-06-07 20:16:10.418495,,8300.000000000002,129687500.00000001,0,0
alonhadat,sale_student_csv,alonhadat_duc_18757430,18757430,Mặt Tiền Nội Khu Cư Xá Phú Lâm B ( 4 * 19.5 ) 8 Tỷ,8000000000,8 tỷ,72,2,"Đường Cư Xá Phú Lâm B, Phường Phú Lâm, Hồ Chí Minh",Phường Phú Lâm,,Quận 6,1020,Nhà ở,,,,https://alonhadat.com.vn/mat-tien-noi-khu-cu-xa-phu-lam-b-4-19-5-8-ty-18757430.html,https://alonhadat.com.vn/mat-tien-noi-khu-cu-xa-phu-lam-b-4-19-5-8-ty-18757430.html,2026-06-07,2026-06-07 20:16:10.418495,,8000,111111111.1111111,0,0
alonhadat,sale_student_csv,alonhadat_duc_18257298,18257298,Tân Hoà Đông -Phường 14 Quận 6 Dt 2m x4.5m -3 tầng- giá 1️⃣ty25,1250000000,"1,25 tỷ",8,2,"Đường Tân Hòa Đông, Phường Phú Lâm, Hồ Chí Minh",Phường 14,,Quận 6,1020,Nhà ở,,,,https://alonhadat.com.vn/tan-hoa-dong-phuong-14-quan-6-dt-2m-x4-5m-3-tang-gia-1-ty25-18257298.html,https://alonhadat.com.vn/tan-hoa-dong-phuong-14-quan-6-dt-2m-x4-5m-3-tang-gia-1-ty25-18257298.html,2026-06-07,2026-06-07 20:16:10.418495,,1250,156250000,0,0
alonhadat,sale_student_csv,alonhadat_duc_17651847,17651847,"Góc 2 MTKD đường Minh Phụng - Nguyễn Đình Chi (4*15m, 4 lầu), đối diện chợ Minh Phụng, Quậ",22000000000,22 tỷ,65,5,"Đường Minh Phụng, Phường Bình Tây, Hồ Chí Minh",Phường 9,,Quận 6,1020,Nhà ở,,,,https://alonhadat.com.vn/goc-2-mtkd-duong-minh-phung-nguyen-dinh-chi-4-15m-4-lau-doi-dien-cho-minh-phung-qua-17651847.html,https://alonhadat.com.vn/goc-2-mtkd-duong-minh-phung-nguyen-dinh-chi-4-15m-4-lau-doi-dien-cho-minh-phung-qua-17651847.html,2026-06-07,2026-06-07 20:16:10.418495,,22000,338461538.46153843,0,0
alonhadat,sale_student_csv,alonhadat_duc_18624207,18624207,"BÁN NHÀ KHU BÌNH PHÚ, MT ĐƯỜNG SỐ 25, DT 4.5 X 20M, 3.5 TẤM, 12.3 TỶ",12300000000,"12,3 tỷ",90,4,"Đường Bình Phú, Phường Bình Phú, Hồ Chí Minh",Phường 11,,Quận 6,1020,Nhà ở,,,,https://alonhadat.com.vn/ban-nha-khu-binh-phu-mt-duong-so-25-dt-4-5-x-20m-3-5-tam-12-3-ty-18624207.html,https://alonhadat.com.vn/ban-nha-khu-binh-phu-mt-duong-so-25-dt-4-5-x-20m-3-5-tam-12-3-ty-18624207.html,2026-06-07,2026-06-07 20:16:10.418495,,12300,136666666.66666666,0,0
alonhadat,sale_student_csv,alonhadat_duc_18623454,18623454,"BÁN NHÀ ĐƯỜNG NỘI BỘ KHU BÌNH PHÚ, 4.2 X 15M, 3.5 TẤM, 9.1 TỶ. GẦN ST MEGA",9100000000,"9,1 tỷ",60,4,"Đường Bình Phú, Phường Bình Phú, Hồ Chí Minh",Phường 11,,Quận 6,1020,Nhà ở,,,,https://alonhadat.com.vn/ban-nha-duong-noi-bo-khu-binh-phu-4-2-x-15m-3-5-tam-9-1-ty-gan-st-mega-18623454.html,https://alonhadat.com.vn/ban-nha-duong-noi-bo-khu-binh-phu-4-2-x-15m-3-5-tam-9-1-ty-gan-st-mega-18623454.html,2026-06-07,2026-06-07 20:16:10.418495,,9100,151666666.66666666,0,0
alonhadat,sale_student_csv,alonhadat_duc_18621235,18621235,"BÁN NHÀ KHU BÌNH PHÚ, MT ĐƯỜNG SỐ 22, DT 4 X 19M, 3.5 TẤM, 12.5 TỶ.",12500000000,"12,5 tỷ",76,5,"Đường Bình Phú, Phường Bình Phú, Hồ Chí Minh",Phường 11,,Quận 6,1020,Nhà ở,,,,https://alonhadat.com.vn/ban-nha-khu-binh-phu-mt-duong-so-22-dt-4-x-19m-3-5-tam-12-5-ty--18621235.html,https://alonhadat.com.vn/ban-nha-khu-binh-phu-mt-duong-so-22-dt-4-x-19m-3-5-tam-12-5-ty--18621235.html,2026-06-07,2026-06-07 20:16:10.418495,,12500,164473684.21052632,0,0
alonhadat,sale_student_csv,alonhadat_duc_18663987,18663987,"💥 BÁN NHÀ ĐƯỜNG 12M NỘI BỘ, P. BÌNH PHÚ, 4 X 20M, 3.5 TẤM, 10.6 TỶ.",10600000000,"10,6 tỷ",80,4,"Đường Bình Phú, Phường Bình Phú, Hồ Chí Minh",Phường Bình Phú,,Quận 6,1020,Nhà ở,,,,https://alonhadat.com.vn/-ban-nha-duong-12m-noi-bo-p-binh-phu-4-x-20m-3-5-tam-10-6-ty--18663987.html,https://alonhadat.com.vn/-ban-nha-duong-12m-noi-bo-p-binh-phu-4-x-20m-3-5-tam-10-6-ty--18663987.html,2026-06-07,2026-06-07 20:16:10.418495,,10600,132500000,0,0
alonhadat,sale_student_csv,alonhadat_duc_18758858,18758858,ĐƯỜNG XE TẢI HẬU GIANG NGAY BÌNH PHÚ Q6 - DT KHỦNG 10x13M - NỞ HẬU - TÁCH ĐƯỢC 2 SỔ - KO L,11600000000,"11,6 tỷ",130,2,"Đường Hậu Giang, Phường Bình Phú, Hồ Chí Minh",Phường Bình Phú,,Quận 6,1040,Đất,,,,https://alonhadat.com.vn/duong-xe-tai-hau-giang-ngay-binh-phu-q6-dt-khung-10x13m-no-hau-tach-duoc-2-so-ko-l-18758858.html,https://alonhadat.com.vn/duong-xe-tai-hau-giang-ngay-binh-phu-q6-dt-khung-10x13m-no-hau-tach-duoc-2-so-ko-l-18758858.html,2026-06-07,2026-06-07 20:16:10.418495,,11600,89230769.23076923,0,0
alonhadat,sale_student_csv,alonhadat_duc_18757669,18757669,Mặt Tiền Chợ Bình Tây ( 4.5 * 20 ) 6 Lầu Thang Máy 30.5 Tỷ,30500000000,"30,5 tỷ",100,8,"Đường Lê Tấn Kế, Phường Bình Tây, Hồ Chí Minh",Phường Bình Tây,,Quận 6,1040,Đất,,,,https://alonhadat.com.vn/mat-tien-cho-binh-tay-4-5-20-6-lau-thang-may-30-5-ty-18757669.html,https://alonhadat.com.vn/mat-tien-cho-binh-tay-4-5-20-6-lau-thang-may-30-5-ty-18757669.html,2026-06-07,2026-06-07 20:16:10.418495,,30500,305000000,0,0
alonhadat,sale_student_csv,alonhadat_duc_13838837,13838837,"Hot! 133m2 mt ngay khu Ẩm thực q6, 4.5x25 nh 10, 2 tầng",10000000000,10 tỷ,133,6,"Đường Cư Xá Ra Đa, Phường Phú Lâm, Hồ Chí Minh",Phường 13,,Quận 6,1040,Đất,,,,https://alonhadat.com.vn/hot-133m2-mt-ngay-khu-am-thuc-q6-4-5x25-nh-10-2-tang-nhinh-10-xxx-ty-13838837.html,https://alonhadat.com.vn/hot-133m2-mt-ngay-khu-am-thuc-q6-4-5x25-nh-10-2-tang-nhinh-10-xxx-ty-13838837.html,2026-06-07,2026-06-07 20:16:10.418495,,10000,75187969.92481203,0,0
alonhadat,sale_student_csv,alonhadat_duc_18436011,18436011,"Bán biệt thự 3 tầng p. TÂN QUY, QUẬN 7, (12 x 20m), 58 tỷ",58000000000,58 tỷ,240,5,"Đường Số 45, Phường Tân Hưng, Hồ Chí Minh",Phường Tân Quy,,Quận 7,1020,Biệt thự,,,,https://alonhadat.com.vn/ban-biet-thu-3-tang-p-tan-quy-quan-7-12-x-20m-58-ty-18436011.html,https://alonhadat.com.vn/ban-biet-thu-3-tang-p-tan-quy-quan-7-12-x-20m-58-ty-18436011.html,2026-06-07,2026-06-07 20:16:10.418495,,58000,241666666.66666666,0,0
alonhadat,sale_student_csv,alonhadat_duc_18420369,18420369,"Nhà mặt tiền Gò Ô Môi 271m2 - ngang 6,7m - thích hợp làm văn phòng, CHDV 27,9 Tỷ",27900000000,"27,9 tỷ",271,5,"Đường Gò Ô Môi, Phường Phú Thuận, Hồ Chí Minh",Phường Phú Thuận,,Quận 7,1010,Căn hộ chung cư,,,,https://alonhadat.com.vn/nha-mat-tien-go-o-moi-271m2-ngang-6-7m-thich-hop-lam-van-phong-chdv-27-9-ty-18420369.html,https://alonhadat.com.vn/nha-mat-tien-go-o-moi-271m2-ngang-6-7m-thich-hop-lam-van-phong-chdv-27-9-ty-18420369.html,2026-06-07,2026-06-07 20:16:10.418495,,27900,102952029.5202952,0,0
alonhadat,sale_student_csv,alonhadat_duc_18670746,18670746,7 phòng cho thuê; thu nhập 240tr/năm; ngang 5m; tương lai thành mặt tiền 12m,5990000000,"5,99 tỷ",110,7,"Đường Huỳnh Tấn Phát, Phường Phú Thuận, Hồ Chí Minh",Phường Phú Thuận,,Quận 7,1050,Nhà trọ,,,,https://alonhadat.com.vn/7-phong-cho-thue-thu-nhap-240tr-nam-ngang-5m-tuong-lai-thanh-mat-tien-12m-18670746.html,https://alonhadat.com.vn/7-phong-cho-thue-thu-nhap-240tr-nam-ngang-5m-tuong-lai-thanh-mat-tien-12m-18670746.html,2026-06-07,2026-06-07 20:16:10.418495,,5990,54454545.45454545,0,0
alonhadat,sale_student_csv,alonhadat_duc_17455553,17455553,Nhà hẻm thông 6 m Lâm Văn Bền Quận 7. 5*27. Hơn 11 tỷ. QUÁ RẺ.,11500000000,"11,5 tỷ",133,7,"Đường Số 14A, Phường Tân Thuận, Hồ Chí Minh",Phường Tân Thuận Tây,,Quận 7,1050,Nhà trọ,,,,https://alonhadat.com.vn/nha-hem-thong-6-m-cu-xa-ngan-hang-tan-thuan-tay-quan-7-5-26-133-m2-tho-cu-hon-11-ty--17455553.html,https://alonhadat.com.vn/nha-hem-thong-6-m-cu-xa-ngan-hang-tan-thuan-tay-quan-7-5-26-133-m2-tho-cu-hon-11-ty--17455553.html,2026-06-07,2026-06-07 20:16:10.418495,,11500,86466165.41353384,0,0
alonhadat,sale_student_csv,alonhadat_duc_18756833,18756833,Các con đã ra riêng Nhà ở ko hết nên bán nhà 3 tầng 5x18m,10990000000,"10,99 tỷ",90,5,"Đường Nguyễn Lương Bằng, Phường Tân Mỹ, Hồ Chí Minh",Phường Phú Mỹ,,Quận 7,1020,Nhà ở,,,,https://alonhadat.com.vn/cac-con-da-ra-rieng-nha-o-ko-het-nen-ban-nha-3-tang-5x18m-18756833.html,https://alonhadat.com.vn/cac-con-da-ra-rieng-nha-o-ko-het-nen-ban-nha-3-tang-5x18m-18756833.html,2026-06-07,2026-06-07 20:16:10.418495,,10990,122111111.1111111,0,0
alonhadat,sale_student_csv,alonhadat_duc_18756649,18756649,Cô 2 nhờ bán 4 tầng 6.6x21 Oto Sổ sẵn sang tên ngay 12 tỷ,12000000000,12 tỷ,138,5,"Đường Nguyễn Văn Linh, Phường Tân Thuận, Hồ Chí Minh",Phường Bình Thuận,,Quận 7,1020,Nhà ở,,,,https://alonhadat.com.vn/co-2-nho-ban-4-tang-6-6x21-oto-so-san-sang-ten-ngay-12-ty-18756649.html,https://alonhadat.com.vn/co-2-nho-ban-4-tang-6-6x21-oto-so-san-sang-ten-ngay-12-ty-18756649.html,2026-06-07,2026-06-07 20:16:10.418495,,12000,86956521.73913044,0,0
alonhadat,sale_student_csv,alonhadat_duc_18756534,18756534,Nhà gần Lotte 4 tầng 6.6x21 Oto Sổ sẵn sang tên ngay 12 tỷ,12000000000,12 tỷ,138,5,"Đường Nguyễn Thị Thập, Phường Tân Thuận, Hồ Chí Minh",Phường Tân Thuận,,Quận 7,1020,Nhà ở,,,,https://alonhadat.com.vn/nha-gan-lotte-4-tang-6-6x21-oto-so-san-sang-ten-ngay-12-ty-18756534.html,https://alonhadat.com.vn/nha-gan-lotte-4-tang-6-6x21-oto-so-san-sang-ten-ngay-12-ty-18756534.html,2026-06-07,2026-06-07 20:16:10.418495,,12000,86956521.73913044,0,0
alonhadat,sale_student_csv,alonhadat_duc_18758305,18758305,"BÁN NHÀ 4 TẦNG,XE HƠI ĐỖ CỬA,DIỆN TÍCH 74 MÉT,ĐƯỜNG LÂM VĂN BỀN,FULL NỘI THẤT,GIÁ 9 TỶ x",9500000000,"9,5 tỷ",74,4,"Đường Lâm Văn Bền, Phường Tân Hưng, Hồ Chí Minh",Phường Tân Kiểng,,Quận 7,1020,Nhà ở,,,,https://alonhadat.com.vn/ban-nha-4-tang-xe-hoi-do-cua-dien-tich-74-met-duong-lam-van-ben-full-noi-that-gia-9-ty-x-18758305.html,https://alonhadat.com.vn/ban-nha-4-tang-xe-hoi-do-cua-dien-tich-74-met-duong-lam-van-ben-full-noi-that-gia-9-ty-x-18758305.html,2026-06-07,2026-06-07 20:16:10.418495,,9500,128378378.37837838,0,0
alonhadat,sale_student_csv,alonhadat_duc_18442074,18442074,💥HÀNG VIP KIỀU ĐÀM - NHỈNH 4TỶ - 2TẦNG - NGANG 3.5M - SỔ HỒNG RIÊNG HOÀN CÔNG FULL 🥰,4790000000,"4,79 tỷ",31,2,"Đường Trần Xuân Soạn, Phường Tân Hưng, Hồ Chí Minh",Phường Tân Hưng,,Quận 7,1020,Nhà ở,,,,https://alonhadat.com.vn/-hang-vip-kieu-dam-nhinh-4ty-2tang-ngang-3-5m-so-hong-rieng-hoan-cong-full--18442074.html,https://alonhadat.com.vn/-hang-vip-kieu-dam-nhinh-4ty-2tang-ngang-3-5m-so-hong-rieng-hoan-cong-full--18442074.html,2026-06-07,2026-06-07 20:16:10.418495,,4790,154516129.03225806,0,0
alonhadat,sale_student_csv,alonhadat_duc_18442005,18442005,🔥 NHÀ 3 TẦNG SÁT NGUYỄN THỊ THẬP - HẺM 4M - SHR HC - CHỈ 4.65 TỶ 🔥,4650000000,"4,65 tỷ",30,4,"Đường Huỳnh Tấn Phát, Phường Phú Thuận, Hồ Chí Minh",Phường Phú Thuận,,Quận 7,1020,Nhà ở,,,,https://alonhadat.com.vn/-nha-3-tang-sat-nguyen-thi-thap-hem-4m-shr-hc-chi-4-65-ty--18442005.html,https://alonhadat.com.vn/-nha-3-tang-sat-nguyen-thi-thap-hem-4m-shr-hc-chi-4-65-ty--18442005.html,2026-06-07,2026-06-07 20:16:10.418495,,4650,155000000,0,0
alonhadat,sale_student_csv,alonhadat_duc_18757346,18757346,"GIẢM 300TRIỆU BÁN NHÀ LÊ VĂN LƯƠNG,QUẬN 7-GIÁ:3.95TỶ/58M2 (5x11.6M) CÓ SỔ",3950000000,"3,95 tỷ",58,4,"Đường Lê Văn Lương, Phường Tân Hưng, Hồ Chí Minh",Phường Tân Phong,,Quận 7,1020,Nhà ở,,,,https://alonhadat.com.vn/giam-300trieu-ban-nha-le-van-luong-quan-7-gia-3-95ty-58m2-5x11-6m-co-so-18757346.html,https://alonhadat.com.vn/giam-300trieu-ban-nha-le-van-luong-quan-7-gia-3-95ty-58m2-5x11-6m-co-so-18757346.html,2026-06-07,2026-06-07 20:16:10.418495,,3950,68103448.27586207,0,0
alonhadat,sale_student_csv,alonhadat_duc_18443206,18443206,"(QUẬN 7) XE HƠI ĐỖ CỬA LÂM VĂN BỀN, 80M2, KHU CAO TẦNG, VUÔNG VỨC, SHR, NHỈNH 8T",8800000000,"8,8 tỷ",80,2,"Đường Lâm Văn Bền, Phường Tân Hưng, Hồ Chí Minh",Phường Tân Hưng,,Quận 7,1020,Nhà ở,,,,https://alonhadat.com.vn/-quan-7-xe-hoi-do-cua-lam-van-ben-80m2-khu-cao-tang-vuong-vuc-shr-nhinh-8t-18443206.html,https://alonhadat.com.vn/-quan-7-xe-hoi-do-cua-lam-van-ben-80m2-khu-cao-tang-vuong-vuc-shr-nhinh-8t-18443206.html,2026-06-07,2026-06-07 20:16:10.418495,,8800,110000000,0,0
alonhadat,sale_student_csv,alonhadat_duc_18756207,18756207,🔥Q7- NHÀ HẺM MT 4M PHÙ HỢP KH CẦN VỊ TRÍ KD - 54M2 -HXH- NHỈNH 7T(TL),7800000000,"7,8 tỷ",54,4,"Đường Huỳnh Tấn Phát, Phường Tân Mỹ, Hồ Chí Minh",Phường Tân Mỹ,,Quận 7,1020,Nhà ở,,,,https://alonhadat.com.vn/-q7-nha-hem-mt-4m-phu-hop-kh-can-vi-tri-kd-54m2-hxh-nhinh-7t-tl--18756207.html,https://alonhadat.com.vn/-q7-nha-hem-mt-4m-phu-hop-kh-can-vi-tri-kd-54m2-hxh-nhinh-7t-tl--18756207.html,2026-06-07,2026-06-07 20:16:10.418495,,7800,144444444.44444445,0,0
alonhadat,sale_student_csv,alonhadat_duc_15959656,15959656,"Nhà 2 tầng, Huỳnh Tấn Phát, Quận 7. DT 65m2, ngang 4m, HXH. Nhỉnh 6 tỷ",6800000000,"6,8 tỷ",65,3,"Đường Huỳnh Tấn Phát, Phường Phú Thuận, Hồ Chí Minh",Phường Phú Thuận,,Quận 7,1020,Nhà ở,,,,https://alonhadat.com.vn/nha-moi-phuong-phu-thuan-quan-7-52m2-3-tang-full-noi-that-6-x5-ty-15959656.html,https://alonhadat.com.vn/nha-moi-phuong-phu-thuan-quan-7-52m2-3-tang-full-noi-that-6-x5-ty-15959656.html,2026-06-07,2026-06-07 20:16:10.418495,,6800,104615384.61538461,0,0
alonhadat,sale_student_csv,alonhadat_duc_17060942,17060942,"Bán nhà 4 tầng , Nguyễn Thị Thập, 60m2, ngang 5m, mặt tiền nhựa 8m. Nhỉnh 7 tỷ",7600000000,"7,6 tỷ",60,4,"Đường Nguyễn Thị Thập, Phường Tân Thuận, Hồ Chí Minh",Phường Bình Thuận,,Quận 7,1020,Nhà ở,,,,https://alonhadat.com.vn/ban-nha-3-tang-le-van-luong-quan-7-60m2-hoan-cong-chi-3-xx-ty-17060942.html,https://alonhadat.com.vn/ban-nha-3-tang-le-van-luong-quan-7-60m2-hoan-cong-chi-3-xx-ty-17060942.html,2026-06-07,2026-06-07 20:16:10.418495,,7600,126666666.66666667,0,0
alonhadat,sale_student_csv,alonhadat_duc_18445249,18445249,"Bán nhà mặt tiền Phú Thuận Quận 7, 5 tầng, 76m2, phù hợp CHDV, giá 16 tỷ",16899999999.999998,"16,9 tỷ",76,5,"Đường Phú Thuận, Phường Phú Thuận, Hồ Chí Minh",Phường Phú Thuận,,Quận 7,1020,Nhà ở,,,,https://alonhadat.com.vn/ban-nha-mat-tien-phu-thuan-quan-7-5-tang-76m2-phu-hop-chdv-gia-16-ty-18445249.html,https://alonhadat.com.vn/ban-nha-mat-tien-phu-thuan-quan-7-5-tang-76m2-phu-hop-chdv-gia-16-ty-18445249.html,2026-06-07,2026-06-07 20:16:10.418495,,16899.999999999996,222368421.05263156,0,0
alonhadat,sale_student_csv,alonhadat_duc_17658627,17658627,"Nhà MT Lê Thị Chợ Q7, được hầm và cao tầng. 160 m2 giảm mạnh 15 tỷ . QUÁ RẺ!",15000000000,15 tỷ,160,5,"Đường Lê Thị Chợ, Phường Phú Thuận, Hồ Chí Minh",Phường Phú Thuận,,Quận 7,1020,Nhà ở,,,,https://alonhadat.com.vn/nha-mt-le-thi-cho-q7-duoc-ham-va-cao-tang-160-m2-giam-manh-15-ty-qua-re--17658627.html,https://alonhadat.com.vn/nha-mt-le-thi-cho-q7-duoc-ham-va-cao-tang-160-m2-giam-manh-15-ty-qua-re--17658627.html,2026-06-07,2026-06-07 20:16:10.418495,,15000,93750000,0,0
alonhadat,sale_student_csv,alonhadat_duc_17476179,17476179,"Nhà 2 tầng hẻm xe hơi 44 Bùi Văn Ba quận 7. 5,5*23 chỉ 10,3 tỷ.",10300000000,"10,3 tỷ",130,10,"Đường Bùi Văn Ba, Phường Tân Thuận, Hồ Chí Minh",Phường Tân Thuận Đông,,Quận 7,1020,Nhà ở,,,,https://alonhadat.com.vn/nha-2-tang-hem-xe-hoi-44-bui-van-ba-quan-7-5-5-23-chi-10-3-ty--17476179.html,https://alonhadat.com.vn/nha-2-tang-hem-xe-hoi-44-bui-van-ba-quan-7-5-5-23-chi-10-3-ty--17476179.html,2026-06-07,2026-06-07 20:16:10.418495,,10300,79230769.23076923,0,0
alonhadat,sale_student_csv,alonhadat_duc_17300355,17300355,Nhà mặt tiền đường Nguyễn Văn Linh TT Tây Quận 7. 7*17 chỉ 16 tỷ,16000000000,16 tỷ,140,2,"Đường Nguyễn Văn Linh, Phường Tân Thuận, Hồ Chí Minh",Phường Tân Thuận Tây,,Quận 7,1020,Nhà ở,,,,https://alonhadat.com.vn/nha-mat-tien-duong-nguyen-van-linh-tt-tay-quan-7-7-17-chi-15-ty-via-he-10-m--17300355.html,https://alonhadat.com.vn/nha-mat-tien-duong-nguyen-van-linh-tt-tay-quan-7-7-17-chi-15-ty-via-he-10-m--17300355.html,2026-06-07,2026-06-07 20:16:10.418495,,16000,114285714.28571428,0,0
alonhadat,sale_student_csv,alonhadat_duc_18758003,18758003,"NHÀ CHÍNH CHỦ LÂU NĂM - HXH THÔNG - 75M2 NGANG 4,3M - LẠC LONG QUÂN - 7,99 TỶ",7990000000,"7,99 tỷ",75,3,"Đường Lạc Long Quân, Phường Bảy Hiền, Hồ Chí Minh",Phường 11,,Quận 7,1020,Nhà ở,,,,https://alonhadat.com.vn/nha-chinh-chu-lau-nam-hxh-thong-75m2-ngang-4-3m-lac-long-quan-7-99-ty-18758003.html,https://alonhadat.com.vn/nha-chinh-chu-lau-nam-hxh-thong-75m2-ngang-4-3m-lac-long-quan-7-99-ty-18758003.html,2026-06-07,2026-06-07 20:16:10.418495,,7990,106533333.33333333,0,0
alonhadat,sale_student_csv,alonhadat_duc_18755935,18755935,"Nhà góc 2 Mt Khu Cư Xá Ngân Hàng Quận 7. Dt 4,15x20,5m 3 Tầng giá 18,5 tỷ TL",18500000000,"18,5 tỷ",84,4,"Đường Số 3, Phường Tân Thuận, Hồ Chí Minh",Phường Tân Thuận Đông,,Quận 7,1020,Nhà ở,,,,https://alonhadat.com.vn/nha-goc-2-mt-khu-cu-xa-ngan-hang-quan-7-dt-4-15x20-5m-3-tang-gia-18-5-ty-tl-18755935.html,https://alonhadat.com.vn/nha-goc-2-mt-khu-cu-xa-ngan-hang-quan-7-dt-4-15x20-5m-3-tang-gia-18-5-ty-tl-18755935.html,2026-06-07,2026-06-07 20:16:10.418495,,18500,220238095.23809522,0,0
alonhadat,sale_student_csv,alonhadat_duc_18755341,18755341,"Hàng hiếm,lô góc hxh ngủ nhà,Huỳnh Tấn Phát q7,kế bẻn kdc Nam Long,70m²,4 tầng,chỉ hơn 6 t",6600000000,"6,6 tỷ",70,8,"Đường Huỳnh Tấn Phát, Phường Phú Thuận, Hồ Chí Minh",Phường Phú Thuận,,Quận 7,1020,Nhà ở,,,,https://alonhadat.com.vn/hang-hiem-lo-goc-hxh-ngu-nha-huynh-tan-phat-q7-ke-ben-kdc-nam-long-70m-4-tang-chi-hon-6-t-18755341.html,https://alonhadat.com.vn/hang-hiem-lo-goc-hxh-ngu-nha-huynh-tan-phat-q7-ke-ben-kdc-nam-long-70m-4-tang-chi-hon-6-t-18755341.html,2026-06-07,2026-06-07 20:16:10.418495,,6600,94285714.28571428,0,0
alonhadat,sale_student_csv,alonhadat_duc_18435945,18435945,"Bán nhà 3 tầng HXT cạnh Phú Mỹ Hưng, quận 7, full nội thất, 10.6 tỷ",10600000000,"10,6 tỷ",60,4,"Đường Gò Ô Môi, Phường Phú Thuận, Hồ Chí Minh",Phường Phú Thuận,,Quận 7,1020,Nhà ở,,,,https://alonhadat.com.vn/ban-nha-3-tang-hxt-canh-phu-my-hung-quan-7-full-noi-that-10-6-ty-18435945.html,https://alonhadat.com.vn/ban-nha-3-tang-hxt-canh-phu-my-hung-quan-7-full-noi-that-10-6-ty-18435945.html,2026-06-07,2026-06-07 20:16:10.418495,,10600,176666666.66666666,0,0
alonhadat,sale_student_csv,alonhadat_duc_18756349,18756349,"Bán nhà 4 tầng Lâm Văn Bền, quận 7, ngang hơn 4m, NỞ HẬU, dòng tiền 36tr/ tháng, 13.6 tỷ",13600000000,"13,6 tỷ",34,3,"Đường Lâm Văn Bền, Phường Tân Thuận, Hồ Chí Minh",Phường Bình Thuận,,Quận 7,1020,Nhà ở,,,,https://alonhadat.com.vn/ban-nha-4-tang-lam-van-ben-quan-7-ngang-hon-4m-no-hau-dong-tien-36tr-thang-13-6-ty-18756349.html,https://alonhadat.com.vn/ban-nha-4-tang-lam-van-ben-quan-7-ngang-hon-4m-no-hau-dong-tien-36tr-thang-13-6-ty-18756349.html,2026-06-07,2026-06-07 20:16:10.418495,,13600,400000000,0,0
alonhadat,sale_student_csv,alonhadat_duc_18443330,18443330,"Bán nhà MT chợ Tân Quy, quận 7, có THANG MÁY, 31 tỷ",31000000000,31 tỷ,78,4,"Đường Số 15, Phường Tân Hưng, Hồ Chí Minh",Phường Tân Quy,,Quận 7,1020,Nhà ở,,,,https://alonhadat.com.vn/ban-nha-mt-cho-tan-quy-quan-7-co-thang-may-31-ty-18443330.html,https://alonhadat.com.vn/ban-nha-mt-cho-tan-quy-quan-7-co-thang-may-31-ty-18443330.html,2026-06-07,2026-06-07 20:16:10.418495,,31000,397435897.4358974,0,0
alonhadat,sale_student_csv,alonhadat_duc_18758213,18758213,"Chdv 6 tầng, Lý Phục Man. 110m2, ngang 7m, 21 phòng, dòng tiền 1.5 tỷ/năm - Hơn 18 tỷ",19100000000,"19,1 tỷ",110,21,"Đường Lý Phục Man, Phường Tân Thuận, Hồ Chí Minh",Phường Bình Thuận,,Quận 7,1040,Đất,,,,https://alonhadat.com.vn/chdv-6-tang-ly-phuc-man-110m2-ngang-7m-21-phong-dong-tien-1-5-ty-nam-hon-18-ty-18758213.html,https://alonhadat.com.vn/chdv-6-tang-ly-phuc-man-110m2-ngang-7m-21-phong-dong-tien-1-5-ty-nam-hon-18-ty-18758213.html,2026-06-07,2026-06-07 20:16:10.418495,,19100,173636363.63636363,0,0
alonhadat,sale_student_csv,alonhadat_duc_17732045,17732045,"Nhà 3 tầng Lý Phục Man Quận 7. 10*27, chỉ 82 tr/ m2 đất vuông đẹp.",22000000000,22 tỷ,270,6,"Đường Lý Phục Man, Phường Tân Thuận, Hồ Chí Minh",Phường Bình Thuận,,Quận 7,1040,Đất,,,,https://alonhadat.com.vn/nha-3-tang-ly-phuc-man-quan-7-10-27-chi-82-tr-m2-dat-vuong-dep--17732045.html,https://alonhadat.com.vn/nha-3-tang-ly-phuc-man-quan-7-10-27-chi-82-tr-m2-dat-vuong-dep--17732045.html,2026-06-07,2026-06-07 20:16:10.418495,,22000,81481481.48148148,0,0
alonhadat,sale_student_csv,alonhadat_duc_18342645,18342645,"Bán CHCC SUNRISE CITY, 3PN, 163m2, 23 Nguyễn hữu thọ, quận 7,tầng cao 17.9 tỷ",17900000000,"17,9 tỷ",163,3,"Đường Nguyễn Hữu Thọ, Phường Tân Hưng, Hồ Chí Minh",Phường Tân Hưng,,Quận 7,1040,Đất,,,,https://alonhadat.com.vn/ban-chcc-sunrise-city-3pn-163m2-23-nguyen-huu-tho-quan-7-tang-cao-17-9-ty-18342645.html,https://alonhadat.com.vn/ban-chcc-sunrise-city-3pn-163m2-23-nguyen-huu-tho-quan-7-tang-cao-17-9-ty-18342645.html,2026-06-07,2026-06-07 20:16:10.418495,,17900,109815950.9202454,0,0
alonhadat,sale_student_csv,alonhadat_duc_18155947,18155947,Bán Lô Đất Mặt Tiền đường Hoàng Trọng Mậu (D1) DT:5x20 - giá ; 32 tỷ TL khu himlam quận 7,32000000000,32 tỷ,100,1,"Đường Hoàng Trọng Mậu, Phường Tân Hưng, Hồ Chí Minh",Phường Tân Hưng,,Quận 7,1040,Đất nền,,,,https://alonhadat.com.vn/ban-lo-dat-mat-tien-duong-hoang-trong-mau-d1-dt-5x20-khu-himlam-quan-7-18155947.html,https://alonhadat.com.vn/ban-lo-dat-mat-tien-duong-hoang-trong-mau-d1-dt-5x20-khu-himlam-quan-7-18155947.html,2026-06-07,2026-06-07 20:16:10.418495,,32000,320000000,0,0
alonhadat,sale_student_csv,alonhadat_duc_18435886,18435886,BÁN CĂN HỘ DỊCH VỤ CAO CẤP 17 PHÒNG – DÒNG TIỀN HƠN 120 TRIỆU/THÁNG – QUẬN 8.,25800000000,"25,8 tỷ",130,17,"Đường Âu Dương Lân, Phường Chánh Hưng, Hồ Chí Minh",Phường Chánh Hưng,,Quận 8,1010,Căn hộ chung cư,,,,https://alonhadat.com.vn/ban-can-ho-dich-vu-cao-cap-17-phong-dong-tien-hon-120-trieu-thang-quan-8--18435886.html,https://alonhadat.com.vn/ban-can-ho-dich-vu-cao-cap-17-phong-dong-tien-hon-120-trieu-thang-quan-8--18435886.html,2026-06-07,2026-06-07 20:16:10.418495,,25800,198461538.46153846,0,0
alonhadat,sale_student_csv,alonhadat_duc_16461064,16461064,"Nhà hẻm xe hơi Tạ Quang Bửu ngang 9m, 35tr/ tháng chỉ 11 tỷ 5",11500000000,"11,5 tỷ",117,7,"Đường Tạ Quang Bửu, Phường Chánh Hưng, Hồ Chí Minh",Phường 3,,Quận 8,1020,Nhà ở,,,,https://alonhadat.com.vn/nha-hem-xe-hoi-ta-quang-buu-ngang-9m-35tr-thang-chi-11-ty-5-16461064.html,https://alonhadat.com.vn/nha-hem-xe-hoi-ta-quang-buu-ngang-9m-35tr-thang-chi-11-ty-5-16461064.html,2026-06-07,2026-06-07 20:16:10.418495,,11500,98290598.29059829,0,0
alonhadat,sale_student_csv,alonhadat_duc_14796264,14796264,Mặt tiền hẻm 109 Dương Bá Trạc 5.3x10 Nở hậu chỉ 12 tỷ,12000000000,12 tỷ,61,4,"Đường Dương Bá Trạc, Phường Chánh Hưng, Hồ Chí Minh",Phường 1,,Quận 8,1020,Nhà ở,,,,https://alonhadat.com.vn/mat-tien-hem-duong-ba-trac-5-2x10-4-tang-chu-xay-o-4-phong-chi-14-ty-14796264.html,https://alonhadat.com.vn/mat-tien-hem-duong-ba-trac-5-2x10-4-tang-chu-xay-o-4-phong-chi-14-ty-14796264.html,2026-06-07,2026-06-07 20:16:10.418495,,12000,196721311.47540984,0,0
alonhadat,sale_student_csv,alonhadat_duc_18757367,18757367,"NHÀ MỚI DƯƠNG BÁ TRẠC HẺM THÔNG, 4.1x14m , CHỈ 6T hơn",6200000000,"6,2 tỷ",62,3,"Đường Dương Bá Trạc, Phường Chánh Hưng, Hồ Chí Minh",Phường Chánh Hưng,,Quận 8,1020,Nhà ở,,,,https://alonhadat.com.vn/nha-moi-duong-ba-trac-hem-thong-4-1x14m-chi-6t-hon-18757367.html,https://alonhadat.com.vn/nha-moi-duong-ba-trac-hem-thong-4-1x14m-chi-6t-hon-18757367.html,2026-06-07,2026-06-07 20:16:10.418495,,6200,100000000,0,0
alonhadat,sale_student_csv,alonhadat_duc_18435955,18435955,Hiếm! Nhà mặt tiền gần Chợ Nhị Thiên Đường- chỉ hơn 10 tỷ,10800000000,"10,8 tỷ",72,3,"Đường Hoàng Minh Đạo, Phường Chánh Hưng, Hồ Chí Minh",Phường Chánh Hưng,,Quận 8,1020,Nhà ở,,,,https://alonhadat.com.vn/hiem-nha-mat-tien-gan-cho-nhi-thien-duong-chi-hon-10-ty-18435955.html,https://alonhadat.com.vn/hiem-nha-mat-tien-gan-cho-nhi-thien-duong-chi-hon-10-ty-18435955.html,2026-06-07,2026-06-07 20:16:10.418495,,10800,150000000,0,0
alonhadat,sale_student_csv,alonhadat_duc_18756705,18756705,"Bán mặt tiền kd Dương Bá Trạc, 160m2, 4 tầng, giảm sốc nhỉnh 16 tỏi, hẻm xe tải",16000000000,16 tỷ,110,5,"Đường Dương Bá Trạc, Phường Chánh Hưng, Hồ Chí Minh",Phường 1,,Quận 8,1020,Nhà ở,,,,https://alonhadat.com.vn/ban-mat-tien-kd-duong-ba-trac-160m2-4-tang-giam-soc-nhinh-16-toi-hem-xe-tai-18756705.html,https://alonhadat.com.vn/ban-mat-tien-kd-duong-ba-trac-160m2-4-tang-giam-soc-nhinh-16-toi-hem-xe-tai-18756705.html,2026-06-07,2026-06-07 20:16:10.418495,,16000,145454545.45454547,0,0
alonhadat,sale_student_csv,alonhadat_duc_18756497,18756497,"Cần bán nhà 4 tầng sát hẻm ô tô Tạ Quang Bửu, Quận 8 - 51m2 - sổ riêng - nhỉnh 6 tỷ",6600000000,"6,6 tỷ",51,5,"Đường Tạ Quang Bửu, Phường Chánh Hưng, Hồ Chí Minh",Phường Chánh Hưng,,Quận 8,1020,Nhà ở,,,,https://alonhadat.com.vn/can-ban-nha-4-tang-sat-hem-o-to-ta-quang-buu-quan-8-51m2-so-rieng-nhinh-6-ty-18756497.html,https://alonhadat.com.vn/can-ban-nha-4-tang-sat-hem-o-to-ta-quang-buu-quan-8-51m2-so-rieng-nhinh-6-ty-18756497.html,2026-06-07,2026-06-07 20:16:10.418495,,6600,129411764.70588236,0,0
alonhadat,sale_student_csv,alonhadat_duc_18585388,18585388,"🔥Cần bán Gấp căn nhà 1 Tỷ 370 Triệu đang cho thuê 18Triệu/tháng - Phạm Thế Hiển, Quận 8🔥",1370000000,"1,37 tỷ",72,3,"Đường Phạm Thế Hiển, Phường Bình Đông, Hồ Chí Minh",Phường 7,,Quận 8,1020,Nhà ở,,,,https://alonhadat.com.vn/-can-ban-gap-can-nha-1-ty-370-trieu-dang-cho-thue-18trieu-thang-pham-the-hien-quan-8--18585388.html,https://alonhadat.com.vn/-can-ban-gap-can-nha-1-ty-370-trieu-dang-cho-thue-18trieu-thang-pham-the-hien-quan-8--18585388.html,2026-06-07,2026-06-07 20:16:10.418495,,1370,19027777.777777776,0,0
alonhadat,sale_student_csv,alonhadat_duc_18143589,18143589,"Nhà Ưu Long , Ngang 4,2m, 3 tầng BTCT, sổ hồng riêng- Chỉ nhỉnh 12 tỷ",12200000000,"12,2 tỷ",88,4,"Đường Ưu Long, Phường Phú Định, Hồ Chí Minh",Phường 13,,Quận 8,1020,Nhà ở,,,,https://alonhadat.com.vn/ban-nha-mat-tien-quan-8-ngang-4-2m-3-tang-btct-so-hong-rieng-chi-nhinh-12-ty-18143589.html,https://alonhadat.com.vn/ban-nha-mat-tien-quan-8-ngang-4-2m-3-tang-btct-so-hong-rieng-chi-nhinh-12-ty-18143589.html,2026-06-07,2026-06-07 20:16:10.418495,,12200,138636363.63636363,0,0
alonhadat,sale_student_csv,alonhadat_duc_18758771,18758771,Bán nhà gần quận 8 - KDC Bình Hưng - 4 Tầng - Đường nhựa 12m - 6 x 20m - Chỉ 13 Tỷ,13000000000,13 tỷ,120,4,"Đường số 12, Xã Bình Hưng, Hồ Chí Minh",Xã Bình Hưng,,Quận 8,1020,Nhà ở,,,,https://alonhadat.com.vn/ban-nha-gan-quan-8-kdc-binh-hung-4-tang-duong-nhua-12m-6-x-20m-chi-13-ty-18758771.html,https://alonhadat.com.vn/ban-nha-gan-quan-8-kdc-binh-hung-4-tang-duong-nhua-12m-6-x-20m-chi-13-ty-18758771.html,2026-06-07,2026-06-07 20:16:10.418495,,13000,108333333.33333333,0,0
alonhadat,sale_student_csv,alonhadat_duc_18178233,18178233,🏡Nhà Mới Đón Tết Bình Đông Quận 8 - Chỉ 4 tỷ nhỉnh 1 xíu - Tặng Full Nội Thất,4700000000,"4,7 tỷ",50,2,"Đường Bình Đông, Phường Phú Định, Hồ Chí Minh",Phường 14,,Quận 8,1020,Nhà ở,,,,https://alonhadat.com.vn/-nha-moi-don-tet-binh-dong-quan-8-chi-5-ty-nhinh-1-xiu-tang-full-noi-that-18178233.html,https://alonhadat.com.vn/-nha-moi-don-tet-binh-dong-quan-8-chi-5-ty-nhinh-1-xiu-tang-full-noi-that-18178233.html,2026-06-07,2026-06-07 20:16:10.418495,,4700,94000000,0,0
alonhadat,sale_student_csv,alonhadat_duc_18758215,18758215,"Bán nhà mặt tiền đường Trần Văn Thành, Quận 8, 28M2, 2 tầng.",4350000000,"4,35 tỷ",28,2,"Đường Trần Văn Thành, Phường Chánh Hưng, Hồ Chí Minh",Phường 10,,Quận 8,1020,Nhà ở,,,,https://alonhadat.com.vn/ban-nha-mat-tien-duong-tran-van-thanh-quan-8-28m2-2-tang--18758215.html,https://alonhadat.com.vn/ban-nha-mat-tien-duong-tran-van-thanh-quan-8-28m2-2-tang--18758215.html,2026-06-07,2026-06-07 20:16:10.418495,,4350,155357142.85714287,0,0
alonhadat,sale_student_csv,alonhadat_duc_18440116,18440116,"MẶT TIỀN DƯƠNG BÁ TRẠC QUẬN 8 , CÁCH Q1 CHỈ 200M, DT 121M2 NGANG 5M, GIÁ RẺ NHẤT KHU",16899999999.999998,"16,9 tỷ",121,2,"Đường Dương Bá Trạc, Phường Chánh Hưng, Hồ Chí Minh",Phường 1,,Quận 8,1020,Nhà ở,,,,https://alonhadat.com.vn/mat-tien-duong-ba-trac-quan-8-cach-q1-chi-200m-dt-121m2-ngang-5m-gia-re-nhat-khu-18440116.html,https://alonhadat.com.vn/mat-tien-duong-ba-trac-quan-8-cach-q1-chi-200m-dt-121m2-ngang-5m-gia-re-nhat-khu-18440116.html,2026-06-07,2026-06-07 20:16:10.418495,,16899.999999999996,139669421.48760328,0,0
alonhadat,sale_student_csv,alonhadat_duc_18757357,18757357,"BÁN NHÀ MẶT TIỀN KDC BÙI MINH TRỰC - QUẬN 8 - 4 TẦNG -NGANG 4,5M- NHỈNH 9 TỶ -",9400000000,"9,4 tỷ",52,5,"Đường Bùi Minh Trực, Phường Bình Đông, Hồ Chí Minh",Phường 6,,Quận 8,1020,Nhà ở,,,,https://alonhadat.com.vn/ban-nha-mat-tien-kdc-bui-minh-truc-quan-8-4-tang-ngang-4-5m-nhinh-9-ty--18757357.html,https://alonhadat.com.vn/ban-nha-mat-tien-kdc-bui-minh-truc-quan-8-4-tang-ngang-4-5m-nhinh-9-ty--18757357.html,2026-06-07,2026-06-07 20:16:10.418495,,9400,180769230.76923078,0,0
alonhadat,sale_student_csv,alonhadat_duc_18757052,18757052,BÁN NHÀ HẺM XE HƠI - 3 TẦNG- BÙI MINH TRỰC - QUẬN 8 - 63M2 - NHỈNH 5 TỶ,5980000000,"5,98 tỷ",63,4,"Đường Bùi Minh Trực, Phường Bình Đông, Hồ Chí Minh",Phường 6,,Quận 8,1020,Nhà ở,,,,https://alonhadat.com.vn/ban-nha-hem-xe-hoi-3-tang-bui-minh-truc-quan-8-63m2-nhinh-5-ty-18757052.html,https://alonhadat.com.vn/ban-nha-hem-xe-hoi-3-tang-bui-minh-truc-quan-8-63m2-nhinh-5-ty-18757052.html,2026-06-07,2026-06-07 20:16:10.418495,,5980,94920634.92063493,0,0
alonhadat,sale_student_csv,alonhadat_duc_18757017,18757017,"Bán nhà đẹp 3 tầng, tặng full Nội thất. 184/.âu Dương Lân Q.8 chỉ 6.4 tỷ.",275200000000,"6,4 tỷ / m²",43,3,"Đường Âu Dương Lân, Phường Chánh Hưng, Hồ Chí Minh",Phường 3,,Quận 8,1020,Nhà ở,,,,https://alonhadat.com.vn/ban-nha-dep-3-tang-tang-full-noi-that-184-au-duong-lan-q-8-chi-6-4-ty--18757017.html,https://alonhadat.com.vn/ban-nha-dep-3-tang-tang-full-noi-that-184-au-duong-lan-q-8-chi-6-4-ty--18757017.html,2026-06-07,2026-06-07 20:16:10.418495,,275200,6400000000,0,0
alonhadat,sale_student_csv,alonhadat_duc_16004583,16004583,"Mặt tiền hẻm Dương Bá Trạc 4.6x17, tặng nội thất, 60tr/ tháng chỉ 11 tỷ 9",11900000000,"11,9 tỷ",73,11,"Đường Dương Bá Trạc, Phường Chánh Hưng, Hồ Chí Minh",Phường 2,,Quận 8,1040,Đất,,,,https://alonhadat.com.vn/mat-tien-hem-duong-ba-trac-4-6x17-tang-noi-that-60tr-thang-chi-11-ty-9-16004583.html,https://alonhadat.com.vn/mat-tien-hem-duong-ba-trac-4-6x17-tang-noi-that-60tr-thang-chi-11-ty-9-16004583.html,2026-06-07,2026-06-07 20:16:10.418495,,11900,163013698.630137,0,0
alonhadat,sale_student_csv,alonhadat_duc_18756164,18756164,"Mặt Tiền Đường Số 22 - KDC Bình Hưng - Đối Diện Bến Xe Quận 8 - 7x19 - Chỉ 13,5 Tỷ TL",13500000000,"13,5 tỷ",136,3,"Đường số 22, Xã Bình Hưng, Hồ Chí Minh",Xã Bình Hưng,,Quận 8,1040,Đất,,,,https://alonhadat.com.vn/mat-tien-duong-so-22-kdc-binh-hung-doi-dien-ben-xe-quan-8-7x19-chi-13-5-ty-tl-18756164.html,https://alonhadat.com.vn/mat-tien-duong-so-22-kdc-binh-hung-doi-dien-ben-xe-quan-8-7x19-chi-13-5-ty-tl-18756164.html,2026-06-07,2026-06-07 20:16:10.418495,,13500,99264705.88235295,0,0
alonhadat,sale_student_csv,alonhadat_duc_18755487,18755487,Bán Nhà Dương Bá Trạc Quận 8 - Hẻm Xe Hơi - Chủ Ngộp Giảm Gấp Còn 6.2 Tỷ Sổ Hồng Riêng,6200000000,"6,2 tỷ",54,3,"Đường Dương Bá Trạc, Phường Chánh Hưng, Hồ Chí Minh",Phường 2,,Quận 8,1040,Đất,,,,https://alonhadat.com.vn/ban-nha-duong-ba-trac-quan-8-hem-xe-hoi-chu-ngop-giam-gap-con-6-2-ty-so-hong-rieng-18755487.html,https://alonhadat.com.vn/ban-nha-duong-ba-trac-quan-8-hem-xe-hoi-chu-ngop-giam-gap-con-6-2-ty-so-hong-rieng-18755487.html,2026-06-07,2026-06-07 20:16:10.418495,,6200,114814814.81481482,0,0
alonhadat,sale_student_csv,alonhadat_duc_18758893,18758893,SIÊU PHẨM MẶT TIỀN KINH DOANH - 4 TẦNG - SÁT BẾN XE Q8- ĐƯỜNG 20M - 7 x20M - NHỈNH 12TỶ,12900000000,"12,9 tỷ",140,4,"Đường số 22, Xã Bình Hưng, Hồ Chí Minh",Xã Bình Hưng,,Quận 8,1040,Đất,,,,https://alonhadat.com.vn/sieu-pham-mat-tien-kinh-doanh-4-tang-sat-ben-xe-q8-duong-20m-7-x20m-nhinh-12ty-18758893.html,https://alonhadat.com.vn/sieu-pham-mat-tien-kinh-doanh-4-tang-sat-ben-xe-q8-duong-20m-7-x20m-nhinh-12ty-18758893.html,2026-06-07,2026-06-07 20:16:10.418495,,12900,92142857.14285715,0,0
alonhadat,sale_student_csv,alonhadat_duc_18758800,18758800,CỰC HIẾM GẦN BẾN XE Q8 - 5 TẦNG - KDC BÌNH HƯNG - ĐƯỜNG NHỰA 12 M - 5x20M- NHỈNH 12 TỶ,12500000000,"12,5 tỷ",100,6,"Đường số 9, Xã Bình Hưng, Hồ Chí Minh",Xã Bình Hưng,,Quận 8,1040,Đất,,,,https://alonhadat.com.vn/cuc-hiem-gan-ben-xe-q8-5-tang-kdc-binh-hung-duong-nhua-12-m-5x20m-nhinh-12-ty-18758800.html,https://alonhadat.com.vn/cuc-hiem-gan-ben-xe-q8-5-tang-kdc-binh-hung-duong-nhua-12-m-5x20m-nhinh-12-ty-18758800.html,2026-06-07,2026-06-07 20:16:10.418495,,12500,125000000,0,0
alonhadat,sale_student_csv,alonhadat_duc_18442249,18442249,"MẶT TIỀN KD CAO LỖ, GẦN TTTM PARC MALL QUẬN 8, VỪA Ở VỪA KINH DOANH, GIÁ TỐT",10880000000,"10,88 tỷ",65,4,"Đường Cao Lỗ, Phường Chánh Hưng, Hồ Chí Minh",Phường 4,,Quận 8,1040,Đất,,,,https://alonhadat.com.vn/mat-tien-kd-cao-lo-gan-tttm-parc-mall-quan-8-vua-o-vua-kinh-doanh-gia-tot-18442249.html,https://alonhadat.com.vn/mat-tien-kd-cao-lo-gan-tttm-parc-mall-quan-8-vua-o-vua-kinh-doanh-gia-tot-18442249.html,2026-06-07,2026-06-07 20:16:10.418495,,10880,167384615.3846154,0,0
alonhadat,sale_student_csv,alonhadat_duc_18590891,18590891,"MẶT TIỀN KD QUỐC LỘ 50, GẦN BẾN XE QUẬN 8, 110M2, NGANG 5M, KHU MUA BÁN SẦM UẤT, SHR",7500000000,"7,5 tỷ",110,2,"Đường Quốc Lộ 50, Xã Bình Hưng, Hồ Chí Minh",Xã Bình Hưng,,Quận 8,1040,Đất,,,,https://alonhadat.com.vn/mat-tien-kd-quoc-lo-50-gan-ben-xe-quan-8-110m2-ngang-5m-khu-mua-ban-sam-uat-shr-18590891.html,https://alonhadat.com.vn/mat-tien-kd-quoc-lo-50-gan-ben-xe-quan-8-110m2-ngang-5m-khu-mua-ban-sam-uat-shr-18590891.html,2026-06-07,2026-06-07 20:16:10.418495,,7500,68181818.18181819,0,0
alonhadat,sale_student_csv,alonhadat_duc_18748877,18748877,"Biệt thự VIP Sài Gòn Pearl, DT 357 m (17x21), dành cho giới thượng lưu",300000000000,300 tỷ,357,5,"Đường Nguyễn Hữu Cảnh, Phường Thạnh Mỹ Tây, Hồ Chí Minh",Phường Thạnh Mỹ Tây,,Quận Bình Thạnh,1020,Biệt thự,,,,https://alonhadat.com.vn/biet-thu-vip-sai-gon-pearl-dt-357-m-17x21-danh-cho-gioi-thuong-luu-18748877.html,https://alonhadat.com.vn/biet-thu-vip-sai-gon-pearl-dt-357-m-17x21-danh-cho-gioi-thuong-luu-18748877.html,2026-06-07,2026-06-07 20:16:10.418495,,300000,840336134.4537815,0,0
alonhadat,sale_student_csv,alonhadat_duc_18758876,18758876,"🌟Tài Nhà Đất🌟Biệt Thự Phố Bùi Đình Tuý Bình Thạnh HXH 110m chỉ 15,99 tỷ",15990000000,"15,99 tỷ",110,3,"Đường Bùi Đình Túy, Phường Bình Thạnh, Hồ Chí Minh",Phường 12,,Quận Bình Thạnh,1020,Biệt thự,,,,https://alonhadat.com.vn/-tai-nha-dat-biet-thu-pho-bui-dinh-tuy-binh-thanh-hxh-110m-chi-15-99-ty-18758876.html,https://alonhadat.com.vn/-tai-nha-dat-biet-thu-pho-bui-dinh-tuy-binh-thanh-hxh-110m-chi-15-99-ty-18758876.html,2026-06-07,2026-06-07 20:16:10.418495,,15990,145363636.36363637,0,0
alonhadat,sale_student_csv,alonhadat_duc_18756940,18756940,"Bán nhà hạ chào 2 tỷ, 2 mặt HXH Bùi Đình Tuý, P. Bình Thạnh, TPHCM, 110m2, 4 tầng. gía rẻ",15500000000,"15,5 tỷ",110,4,"Đường Bùi Đình Túy, Phường Bình Thạnh, Hồ Chí Minh",Phường 12,,Quận Bình Thạnh,1020,Biệt thự,,,,https://alonhadat.com.vn/ban-nha-ha-chao-2-ty-2-mat-hxh-bui-dinh-tuy-p-binh-thanh-tphcm-110m2-4-tang-gia-re-18756940.html,https://alonhadat.com.vn/ban-nha-ha-chao-2-ty-2-mat-hxh-bui-dinh-tuy-p-binh-thanh-tphcm-110m2-4-tang-gia-re-18756940.html,2026-06-07,2026-06-07 20:16:10.418495,,15500,140909090.9090909,0,0
alonhadat,sale_student_csv,alonhadat_duc_18756982,18756982,SIÊU PHẨM DÒNG TIỀN BÌNH THẠNH - TÒA CHDV 2 MẶT TIỀN TRƯỚC SAU CỰC HIẾM - THU 100 TRIỆU/TH,20000000000,20 tỷ,146,20,"Đường Nơ Trang Long, Phường Gia Định, Hồ Chí Minh",Phường 7,,Quận Bình Thạnh,1010,Căn hộ chung cư,,,,https://alonhadat.com.vn/sieu-pham-dong-tien-binh-thanh-toa-chdv-2-mat-tien-truoc-sau-cuc-hiem-thu-100-trieu-th-18756982.html,https://alonhadat.com.vn/sieu-pham-dong-tien-binh-thanh-toa-chdv-2-mat-tien-truoc-sau-cuc-hiem-thu-100-trieu-th-18756982.html,2026-06-07,2026-06-07 20:16:10.418495,,20000,136986301.369863,0,0
alonhadat,sale_student_csv,alonhadat_duc_18757793,18757793,BÁN NHÀ ĐẶNG THÙY TRÂM P13 BÌNH THẠNH - 4 TẦNG - DT 5 X 14 - GIÁ 11.8 TỶ,11800000000,"11,8 tỷ",70,7,"Đường Bạch Đằng, Phường Bình Lợi Trung, Hồ Chí Minh",Phường 13,,Quận Bình Thạnh,1010,Căn hộ chung cư,,,,https://alonhadat.com.vn/ban-nha-dang-thuy-tram-p13-binh-thanh-4-tang-dt-5-x-14-gia-11-8-ty-18757793.html,https://alonhadat.com.vn/ban-nha-dang-thuy-tram-p13-binh-thanh-4-tang-dt-5-x-14-gia-11-8-ty-18757793.html,2026-06-07,2026-06-07 20:16:10.418495,,11800,168571428.57142857,0,0
alonhadat,sale_student_csv,alonhadat_duc_18757917,18757917,"BÁN CĂN GÓC 2MT ĐINH BỘ LĨNH, BÌNH THẠNH - DT 4,5X21M- 6 TẦNG+ TM, HĐT- 80TR/TH- GIÁ 26 TY",26800000000,"26,8 tỷ",20,15,"Đường Đinh Bộ Lĩnh, Phường Bình Thạnh, Hồ Chí Minh",Phường 26,,Quận Bình Thạnh,1010,Căn hộ chung cư,,,,https://alonhadat.com.vn/ban-can-goc-2mt-dinh-bo-linh-binh-thanh-dt-4-5x21m-6-tang-tm-hdt-80tr-th-gia-26-ty-18757917.html,https://alonhadat.com.vn/ban-can-goc-2mt-dinh-bo-linh-binh-thanh-dt-4-5x21m-6-tang-tm-hdt-80tr-th-gia-26-ty-18757917.html,2026-06-07,2026-06-07 20:16:10.418495,,26800,1340000000,0,0
alonhadat,sale_student_csv,alonhadat_duc_18398421,18398421,"Bán nhà đường Hoàng Hoa Thám, P7 Bình Thạnh – ô tô đỗ cửa – 3 tầng – 11.5 tỷ",11500000000,"11,5 tỷ",87,5,"Đường Hoàng Hoa Thám, Phường Gia Định, Hồ Chí Minh",Phường 7,,Quận Bình Thạnh,1010,Căn hộ chung cư,,,,https://alonhadat.com.vn/ban-nha-duong-hoang-hoa-tham-p7-binh-thanh-o-to-do-cua-3-tang-11-5-ty-18398421.html,https://alonhadat.com.vn/ban-nha-duong-hoang-hoa-tham-p7-binh-thanh-o-to-do-cua-3-tang-11-5-ty-18398421.html,2026-06-07,2026-06-07 20:16:10.418495,,11500,132183908.04597701,0,0
alonhadat,sale_student_csv,alonhadat_duc_18398329,18398329,"Bán nhà đường Phan Đăng Lưu, P6 Bình Thạnh – CHDV - ngang 8.2m – 5 tầng – 79m² - 17 tỷ",17000000000,17 tỷ,79,12,"Đường Phan Đăng Lưu, Phường Bình Lợi Trung, Hồ Chí Minh",Phường 6,,Quận Bình Thạnh,1010,Căn hộ chung cư,,,,https://alonhadat.com.vn/ban-nha-duong-phan-dang-luu-p6-binh-thanh-ngang-8-2m-5-tang-17-ty-18398329.html,https://alonhadat.com.vn/ban-nha-duong-phan-dang-luu-p6-binh-thanh-ngang-8-2m-5-tang-17-ty-18398329.html,2026-06-07,2026-06-07 20:16:10.418495,,17000,215189873.4177215,0,0
alonhadat,sale_student_csv,alonhadat_duc_18730304,18730304,"HóT 45m² x 3T chỉ 5,7tỷ, mở Spa, DV làm đẹp, chăm sóc SK rất tốt. HXH ra đg Phan Văn Trị",5700000000,"5,7 tỷ",45,3,"Đường Phan Văn Trị, Phường Bình Lợi Trung, Hồ Chí Minh",Phường 11,,Quận Bình Thạnh,1020,Nhà ở,,,,https://alonhadat.com.vn/hot-45m-x-3t-chi-5-7ty-mo-spa-dv-lam-dep-cham-soc-sk-rat-tot-hxh-ra-dg-phan-van-tri-18730304.html,https://alonhadat.com.vn/hot-45m-x-3t-chi-5-7ty-mo-spa-dv-lam-dep-cham-soc-sk-rat-tot-hxh-ra-dg-phan-van-tri-18730304.html,2026-06-07,2026-06-07 20:16:10.418495,,5700,126666666.66666667,0,0
alonhadat,sale_student_csv,alonhadat_duc_18758970,18758970,NHÀ 4 TẦNG - 4PN - GẦN NGÃ TƯ PHẠM VĂN ĐỒNG - CHỈ 6.X TỶ,6800000000,"6,8 tỷ",44,4,"Đường Nguyễn Xí, Phường Bình Lợi Trung, Hồ Chí Minh",Phường 13,,Quận Bình Thạnh,1020,Nhà ở,,,,https://alonhadat.com.vn/nha-4-tang-4pn-gan-nga-tu-pham-van-dong-chi-6-x-ty-18758970.html,https://alonhadat.com.vn/nha-4-tang-4pn-gan-nga-tu-pham-van-dong-chi-6-x-ty-18758970.html,2026-06-07,2026-06-07 20:16:10.418495,,6800,154545454.54545453,0,0
alonhadat,sale_student_csv,alonhadat_duc_18758920,18758920,🔥 CHDV 7 TẦNG THANG MÁY – NGANG 5.3M – DÒNG TIỀN 70TR/THÁNG – BÙI HỮU NGHĨA,21000000000,21 tỷ,72,10,"Đường Bùi Hữu Nghĩa, Phường Gia Định, Hồ Chí Minh",Phường 2,,Quận Bình Thạnh,1020,Nhà ở,,,,https://alonhadat.com.vn/-chdv-7-tang-thang-may-ngang-5-3m-dong-tien-70tr-thang-bui-huu-nghia-18758920.html,https://alonhadat.com.vn/-chdv-7-tang-thang-may-ngang-5-3m-dong-tien-70tr-thang-bui-huu-nghia-18758920.html,2026-06-07,2026-06-07 20:16:10.418495,,21000,291666666.6666667,0,0
alonhadat,sale_student_csv,alonhadat_duc_18757987,18757987,"Chỉ 2 tỷ 780 sở hữu ngay nhà Trần Bình Trọng, 52 m2. 2l 4 pn, Shr, hẻm oto",2780000000,"2,78 tỷ",52,4,"Đường Trần Bình Trọng, Phường Bình Lợi Trung, Hồ Chí Minh",Phường Bình Lợi Trung,,Quận Bình Thạnh,1020,Nhà ở,,,,https://alonhadat.com.vn/chi-2-ty-780-so-huu-ngay-nha-tran-binh-trong-52-m2-2l-4-pn-shr-hem-oto-18757987.html,https://alonhadat.com.vn/chi-2-ty-780-so-huu-ngay-nha-tran-binh-trong-52-m2-2l-4-pn-shr-hem-oto-18757987.html,2026-06-07,2026-06-07 20:16:10.418495,,2780,53461538.461538464,0,0
alonhadat,sale_student_csv,alonhadat_duc_16987113,16987113,Bán Tòa Nhà CHDV 7 Tầng 16 Phòng Thu Nhập 110 Triệu/Tháng Phường 25 Khu Nguyễn Gia Trí,24000000000,24 tỷ,100,16,"Đường Nguyễn Gia Trí, Phường Thạnh Mỹ Tây, Hồ Chí Minh",Phường 25,,Quận Bình Thạnh,1020,Nhà ở,,,,https://alonhadat.com.vn/ban-toa-nha-chdv-7-tang-16-phong-thu-nhap-110-trieu-thang-phuong-25-khu-nguyen-gia-tri-16987113.html,https://alonhadat.com.vn/ban-toa-nha-chdv-7-tang-16-phong-thu-nhap-110-trieu-thang-phuong-25-khu-nguyen-gia-tri-16987113.html,2026-06-07,2026-06-07 20:16:10.418495,,24000,240000000,0,0
alonhadat,sale_student_csv,alonhadat_duc_18755674,18755674,"GẤP BÁN HƠN 10tỷ - Nhà 2T Kinh Doanh VIP gần khúc giao Phạm Văn Đồng, Đặng Thùy Trâm",10950000000,"10,95 tỷ",58,4,"Đường Phạm Văn Đồng, Phường Bình Lợi Trung, Hồ Chí Minh",Phường 11,,Quận Bình Thạnh,1020,Nhà ở,,,,https://alonhadat.com.vn/gap-ban-hon-10ty-nha-2t-kinh-doanh-vip-gan-khuc-giao-pham-van-dong-dang-thuy-tram-18755674.html,https://alonhadat.com.vn/gap-ban-hon-10ty-nha-2t-kinh-doanh-vip-gan-khuc-giao-pham-van-dong-dang-thuy-tram-18755674.html,2026-06-07,2026-06-07 20:16:10.418495,,10950,188793103.44827586,0,0
alonhadat,sale_student_csv,alonhadat_duc_18755532,18755532,SIÊU PHẨM DÒNG TIỀN - MT VẠN KIẾP - Ngang7m - HDT: 90tr/th - GIÁ chỉ 36 TỶ.,36000000000,36 tỷ,188,4,"Đường Vạn Kiếp, Phường Gia Định, Hồ Chí Minh",Phường 3,,Quận Bình Thạnh,1020,Nhà ở,,,,https://alonhadat.com.vn/sieu-pham-dong-tien-mt-van-kiep-ngang7m-hdt-90tr-th-gia-chi-36-ty--18755532.html,https://alonhadat.com.vn/sieu-pham-dong-tien-mt-van-kiep-ngang7m-hdt-90tr-th-gia-chi-36-ty--18755532.html,2026-06-07,2026-06-07 20:16:10.418495,,36000,191489361.70212767,0,0
alonhadat,sale_student_csv,alonhadat_duc_17667713,17667713,Bán nhà góc không lộ giới HXH Lê Quang Định 5 tầng - 4PN5WC. Gía 7tỷ8,7800000000,"7,8 tỷ",40,4,"Đường Lê Quang Định, Phường Bình Lợi Trung, Hồ Chí Minh",Phường 11,,Quận Bình Thạnh,1020,Nhà ở,,,,https://alonhadat.com.vn/ban-nha-goc-khong-lo-gioi-hxh-le-quang-dinh-5-tang-4pn5wc-gia-7ty8-17667713.html,https://alonhadat.com.vn/ban-nha-goc-khong-lo-gioi-hxh-le-quang-dinh-5-tang-4pn5wc-gia-7ty8-17667713.html,2026-06-07,2026-06-07 20:16:10.418495,,7800,195000000,0,0
alonhadat,sale_student_csv,alonhadat_duc_17580377,17580377,"Duy nhất 1 căn nhà ngang 6m, 80m2. Hẻm nhựa. Có gara xe hơi. Chủ xây ở rất kiên cố-4PN5WC",12500000000,"12,5 tỷ",80,4,"Đường Tăng Bạt Hổ, Phường Bình Lợi Trung, Hồ Chí Minh",Phường 11,,Quận Bình Thạnh,1020,Nhà ở,,,,https://alonhadat.com.vn/duy-nhat-1-can-nha-ngang-6m-80m2-hem-nhua-co-gara-xe-hoi-chu-xay-o-rat-kien-co-4pn5wc-17580377.html,https://alonhadat.com.vn/duy-nhat-1-can-nha-ngang-6m-80m2-hem-nhua-co-gara-xe-hoi-chu-xay-o-rat-kien-co-4pn5wc-17580377.html,2026-06-07,2026-06-07 20:16:10.418495,,12500,156250000,0,0
alonhadat,sale_student_csv,alonhadat_duc_18758259,18758259,"Bán nhà MT Xô Viết Nghệ Tĩnh P19 7,5mx25m giá 23,5 tỷ 5tầng Q BT ngay Thị Nghè",23500000000,"23,5 tỷ",121,8,"Đường Xô Viết Nghệ Tĩnh, Phường Thạnh Mỹ Tây, Hồ Chí Minh",Phường 19,,Quận Bình Thạnh,1020,Nhà ở,,,,https://alonhadat.com.vn/ban-nha-mt-xo-viet-nghe-tinh-p19-7-5mx25m-gia-23-5-ty-5tang-q-bt-ngay-thi-nghe-18758259.html,https://alonhadat.com.vn/ban-nha-mt-xo-viet-nghe-tinh-p19-7-5mx25m-gia-23-5-ty-5tang-q-bt-ngay-thi-nghe-18758259.html,2026-06-07,2026-06-07 20:16:10.418495,,23500,194214876.03305784,0,0
alonhadat,sale_student_csv,alonhadat_duc_17018752,17018752,Bán tòa nhà Hầm 4 lầu Nguyễn Huy Tưởng – 1136m2 xd giá 46.6 tỷ,46500000000,"46,5 tỷ",281,6,"Đường Nguyễn Huy Tưởng, Phường Bình Lợi Trung, Hồ Chí Minh",Phường 6,,Quận Bình Thạnh,1020,Nhà ở,,,,https://alonhadat.com.vn/ban-toa-nha-ham-4-lau-nguyen-huy-tuong-1136m2-xd-gia-52-ty-17018752.html,https://alonhadat.com.vn/ban-toa-nha-ham-4-lau-nguyen-huy-tuong-1136m2-xd-gia-52-ty-17018752.html,2026-06-07,2026-06-07 20:16:10.418495,,46500,165480427.04626334,0,0
alonhadat,sale_student_csv,alonhadat_duc_15047172,15047172,"Bán nhà Mặt Tiền Lê Quang Định Q.BT, DT:7x20m, 7Tầng, HĐT:150tr, Giá:35Tỷ",35000000000,35 tỷ,126,8,"Đường Lê Quang Định, Phường Gia Định, Hồ Chí Minh",Phường 7,,Quận Bình Thạnh,1020,Nhà ở,,,,https://alonhadat.com.vn/ban-nha-mat-tien-le-quang-dinh-q-bt-dt-7x20m-7tang-hdt-150tr-gia-35ty-15047172.html,https://alonhadat.com.vn/ban-nha-mat-tien-le-quang-dinh-q-bt-dt-7x20m-7tang-hdt-150tr-gia-35ty-15047172.html,2026-06-07,2026-06-07 20:16:10.418495,,35000,277777777.7777778,0,0
alonhadat,sale_student_csv,alonhadat_duc_18107746,18107746,Toà nhà MT Lê Văn Duyệt | 8x30m | Hầm 9 Tầng | Ngân hàng Thuê: 400 triệu / tháng |,100000000000,100 tỷ,240,10,"Đường Lê Văn Duyệt, Phường Gia Định, Hồ Chí Minh",Phường 1,,Quận Bình Thạnh,1020,Nhà ở,,,,https://alonhadat.com.vn/toa-nha-mt-le-van-duyet-8x30m-ham-9-tang-thue-400-trieu-thang-gia-100-ty--18107746.html,https://alonhadat.com.vn/toa-nha-mt-le-van-duyet-8x30m-ham-9-tang-thue-400-trieu-thang-gia-100-ty--18107746.html,2026-06-07,2026-06-07 20:16:10.418495,,100000,416666666.6666667,0,0
alonhadat,sale_student_csv,alonhadat_duc_17796451,17796451,"Siêu phẩm Tòa Nhà 7 Tầng Hầm 8mx24m Ung Văn Khiêm,45ty Dòng Tiền khai thác rất cao",42000000000,42 tỷ,192,15,"Đường Ung Văn Khiêm, Phường Thạnh Mỹ Tây, Hồ Chí Minh",Phường 25,,Quận Bình Thạnh,1020,Nhà ở,,,,https://alonhadat.com.vn/sieu-pham-toa-nha-7-tang-ham-ung-van-khiem-42-ty-tl-dong-tien-on-dinh-100tr-thang-17796451.html,https://alonhadat.com.vn/sieu-pham-toa-nha-7-tang-ham-ung-van-khiem-42-ty-tl-dong-tien-on-dinh-100tr-thang-17796451.html,2026-06-07,2026-06-07 20:16:10.418495,,42000,218750000,0,0
alonhadat,sale_student_csv,alonhadat_duc_17718746,17718746,"Siêu Phẩm GIÁ TỐT Nhất đường Ung Văn Khiêm, Q.BThạnh - 8x22m - 3 Tầng - Gía bán 32 tỷ",32000000000,32 tỷ,180,3,"Đường Ung Văn Khiêm, Phường Thạnh Mỹ Tây, Hồ Chí Minh",Phường 25,,Quận Bình Thạnh,1020,Nhà ở,,,,https://alonhadat.com.vn/sieu-pham-gia-tot-nhat-duong-ung-van-khiem-q-bthanh-8x22m-3-tang-gia-ban-32-ty-17718746.html,https://alonhadat.com.vn/sieu-pham-gia-tot-nhat-duong-ung-van-khiem-q-bthanh-8x22m-3-tang-gia-ban-32-ty-17718746.html,2026-06-07,2026-06-07 20:16:10.418495,,32000,177777777.7777778,0,0
alonhadat,sale_student_csv,alonhadat_duc_18421493,18421493,Bán Nhà tiện xây mới trệt lửng 2 lầu sân thượng ngay Đặng Thùy Trâm-Bình Lợi Trung(4x18m),8700000000,"8,7 tỷ",72,2,"Đường Bình Lợi, Phường Bình Lợi Trung, Hồ Chí Minh",Phường 13,,Quận Bình Thạnh,1020,Nhà ở,,,,https://alonhadat.com.vn/ban-nha-tien-xay-moi-tret-lung-2-lau-san-thuong-ngay-dang-thuy-tram-binh-loi-trung-4x18m--18421493.html,https://alonhadat.com.vn/ban-nha-tien-xay-moi-tret-lung-2-lau-san-thuong-ngay-dang-thuy-tram-binh-loi-trung-4x18m--18421493.html,2026-06-07,2026-06-07 20:16:10.418495,,8700,120833333.33333333,0,0
alonhadat,sale_student_csv,alonhadat_duc_12807758,12807758,"BÁN GẤP NHÀ RIÊNG: 1 TRỆT + 1 LẦU ĐÚC, 02PN + 02 WC, QUẬN BÌNH THẠNH.",3050000000,"3,05 tỷ",55,2,"Đường Bình Quới, Phường Bình Quới, Hồ Chí Minh",Phường 28,,Quận Bình Thạnh,1020,Nhà ở,,,,https://alonhadat.com.vn/chinh-chu-ban-gap-nha-rieng-1-tret-1-lau-duc-02pn-02-wc-quan-binh-thanh--12807758.html,https://alonhadat.com.vn/chinh-chu-ban-gap-nha-rieng-1-tret-1-lau-duc-02pn-02-wc-quan-binh-thanh--12807758.html,2026-06-07,2026-06-07 20:16:10.418495,,3050,55454545.45454545,0,0
alonhadat,sale_student_csv,alonhadat_duc_18716614,18716614,NHÀ PHỐ BÌNH THẠNH - CHỈ 100 TRIỆU/M2 - 5 PHÚT TỚI LANDMARK 81,12600000000,"12,6 tỷ",109,3,"Đường Xô Viết Nghệ Tĩnh, Phường Bình Thạnh, Hồ Chí Minh",Phường 26,,Quận Bình Thạnh,1020,Nhà ở,,,,https://alonhadat.com.vn/nha-pho-binh-thanh-chi-100-trieu-m2-5-phut-toi-landmark-81-18716614.html,https://alonhadat.com.vn/nha-pho-binh-thanh-chi-100-trieu-m2-5-phut-toi-landmark-81-18716614.html,2026-06-07,2026-06-07 20:16:10.418495,,12600,115596330.27522936,0,0
alonhadat,sale_student_csv,alonhadat_duc_18742289,18742289,"Nhà MỚI 4Tx50m2 THIẾT KẾ ĐẸP cần BÁN GẤP 10,8 tỷ ra đường Nguyễn Xí, Q. Bình Thạnh",10800000000,"10,8 tỷ",50,6,"Đường Nguyễn Xí, Phường Bình Lợi Trung, Hồ Chí Minh",Phường 13,,Quận Bình Thạnh,1020,Nhà ở,,,,https://alonhadat.com.vn/nha-moi-4tx50m2-thiet-ke-dep-can-ban-gap-10-8-ty-ra-duong-nguyen-xi-q-binh-thanh-18742289.html,https://alonhadat.com.vn/nha-moi-4tx50m2-thiet-ke-dep-can-ban-gap-10-8-ty-ra-duong-nguyen-xi-q-binh-thanh-18742289.html,2026-06-07,2026-06-07 20:16:10.418495,,10800,216000000,0,0
alonhadat,sale_student_csv,alonhadat_duc_17892939,17892939,"Bán Nhà 3 Lầu HXH NGUYỄN GIA TRÍ (D2), Bình Thạnh, 6x20m, HĐT 30 triệu, Chỉ 19.5 Tỷ",19500000000,"19,5 tỷ",120,8,"Đường Nguyễn Gia Trí, Phường Thạnh Mỹ Tây, Hồ Chí Minh",Phường 25,,Quận Bình Thạnh,1020,Nhà ở,,,,https://alonhadat.com.vn/ban-nha-3-lau-hxh-nguyen-gia-tri-d2-binh-thanh-6x20m-hdt-30-trieu-chi-24-ty-17892939.html,https://alonhadat.com.vn/ban-nha-3-lau-hxh-nguyen-gia-tri-d2-binh-thanh-6x20m-hdt-30-trieu-chi-24-ty-17892939.html,2026-06-07,2026-06-07 20:16:10.418495,,19500,162500000,0,0
alonhadat,sale_student_csv,alonhadat_duc_17928666,17928666,"BÁN NHÀ 5 TẦNG, HXH, NGUYỄN VĂN THƯƠNG, P25, BÌNH THẠNH. DT:4X15, GIÁ:13 TỶ",13000000000,13 tỷ,55,6,"Đường Nguyễn Văn Thương, Phường Thạnh Mỹ Tây, Hồ Chí Minh",Phường 25,,Quận Bình Thạnh,1020,Nhà ở,,,,https://alonhadat.com.vn/ban-nha-5-tang-hxh-nguyen-van-thuong-p25-binh-thanh-dt-4x15-gia-13-5-ty-17928666.html,https://alonhadat.com.vn/ban-nha-5-tang-hxh-nguyen-van-thuong-p25-binh-thanh-dt-4x15-gia-13-5-ty-17928666.html,2026-06-07,2026-06-07 20:16:10.418495,,13000,236363636.36363637,0,0
alonhadat,sale_student_csv,alonhadat_duc_18608823,18608823,"BÁN NHÀ ĐẶNG THÙY TRÂM, P13, BÌNH THẠNH – NGANG 5m X 11m, 3 tầng, Giá 10.4 tỷ bớt lộc",10400000000,"10,4 tỷ",55,4,"Đường Đặng Thuỳ Trâm, Phường Bình Lợi Trung, Hồ Chí Minh",Phường 13,,Quận Bình Thạnh,1020,Nhà ở,,,,https://alonhadat.com.vn/ban-nha-dang-thuy-tram-p13-binh-thanh-ngang-5m-cuc-hiem-18608823.html,https://alonhadat.com.vn/ban-nha-dang-thuy-tram-p13-binh-thanh-ngang-5m-cuc-hiem-18608823.html,2026-06-07,2026-06-07 20:16:10.418495,,10400,189090909.0909091,0,0
alonhadat,sale_student_csv,alonhadat_duc_18698451,18698451,"🍀Nhà đẹp linh linh, hẻm an ninh, nằm ngay Bình Thạnh - 5 tầng - nhỉnh 6₫ Lê Quang Định",6250000000,"6,25 tỷ",45,5,"Đường Lê Quang Định, Phường Bình Lợi Trung, Hồ Chí Minh",Phường 5,,Quận Bình Thạnh,1020,Nhà ở,,,,https://alonhadat.com.vn/-nha-dep-linh-linh-hem-an-ninh-nam-ngay-binh-thanh-5-tang-nhinh-6-le-quang-dinh-18698451.html,https://alonhadat.com.vn/-nha-dep-linh-linh-hem-an-ninh-nam-ngay-binh-thanh-5-tang-nhinh-6-le-quang-dinh-18698451.html,2026-06-07,2026-06-07 20:16:10.418495,,6250,138888888.8888889,0,0
alonhadat,sale_student_csv,alonhadat_duc_17435735,17435735,BÁN NHÀ LIỀN LIÊN KHU 4-5 - PHƯỜNG BÌNH TÂN - THANG MÁ.Y - ĐƯỜNG XE TẢI - ( 8X21M,15900000000,"15,9 tỷ",168,6,"Đường Bình Thành, Phường Bình Tân, Hồ Chí Minh",Phường Bình Tân,,Quận Bình Thạnh,1020,Nhà ở,,,,https://alonhadat.com.vn/ban-nha-lien-lien-khu-4-5-phuong-binh-tan-thang-ma-y-duong-xe-tai-8x21m-17435735.html,https://alonhadat.com.vn/ban-nha-lien-lien-khu-4-5-phuong-binh-tan-thang-ma-y-duong-xe-tai-8x21m-17435735.html,2026-06-07,2026-06-07 20:16:10.418495,,15900,94642857.14285715,0,0
alonhadat,sale_student_csv,alonhadat_duc_18758677,18758677,CHDV BÌNH THẠNH CÓ SẴN DÒNG TIỀN 264 TRIỆU/NĂM - HẺM XE TẢI THÔNG - CHỈ 8TỶ5,8500000000,"8,5 tỷ",48,8,"Đường Chu Văn An, Phường Bình Thạnh, Hồ Chí Minh",Phường Bình Thạnh,,Quận Bình Thạnh,1020,Nhà ở,,,,https://alonhadat.com.vn/chdv-binh-thanh-co-san-dong-tien-264-trieu-nam-hem-xe-tai-thong-chi-8-ty-5-18758677.html,https://alonhadat.com.vn/chdv-binh-thanh-co-san-dong-tien-264-trieu-nam-hem-xe-tai-thong-chi-8-ty-5-18758677.html,2026-06-07,2026-06-07 20:16:10.418495,,8500,177083333.33333334,0,0
alonhadat,sale_student_csv,alonhadat_duc_18757931,18757931,"Cô Dung bán nhà Nguyễn Văn Đậu, Bình Thạnh, 3 tỷ 450, 58m2, 2l 3 pn, Shr, hẻm oto",3450000000,"3,45 tỷ",58,3,"Đường Nguyễn Văn Đậu, Phường Bình Lợi Trung, Hồ Chí Minh",Phường Bình Lợi Trung,,Quận Bình Thạnh,1020,Nhà ở,,,,https://alonhadat.com.vn/co-dung-ban-nha-nguyen-van-dau-binh-thanh-58m2-2l-3-pn-shr-hem-oto-18757931.html,https://alonhadat.com.vn/co-dung-ban-nha-nguyen-van-dau-binh-thanh-58m2-2l-3-pn-shr-hem-oto-18757931.html,2026-06-07,2026-06-07 20:16:10.418495,,3450,59482758.62068965,0,0
alonhadat,sale_student_csv,alonhadat_duc_18757862,18757862,"Chú Hải bán gấp nhà Lê Quang Định, Bình Thạnh, 55m2, 2 tỷ 910, 1l 2PN, shr, hẻm oto",2910000000,"2,91 tỷ",55,2,"Đường Lê Quang Định, Phường Bình Lợi Trung, Hồ Chí Minh",Phường Bình Lợi Trung,,Quận Bình Thạnh,1020,Nhà ở,,,,https://alonhadat.com.vn/chu-hai-ban-gap-nha-le-quang-dinh-binh-thanh-55m2-2-ty-910-1l-2pn-shr-hem-oto-18757862.html,https://alonhadat.com.vn/chu-hai-ban-gap-nha-le-quang-dinh-binh-thanh-55m2-2-ty-910-1l-2pn-shr-hem-oto-18757862.html,2026-06-07,2026-06-07 20:16:10.418495,,2910,52909090.90909091,0,0
alonhadat,sale_student_csv,alonhadat_duc_18752778,18752778,"THIẾT KẾ ĐẸP, MỚI - 4Tầng Full NỘI THẤT VIP - 7,9tỷ - HẺM XE HƠI kề Khúc giao Bạch Đằng",7900000000,"7,9 tỷ",47,4,"Đường Bùi Đình Túy, Phường Bình Thạnh, Hồ Chí Minh",Phường 12,,Quận Bình Thạnh,1020,Nhà ở,,,,https://alonhadat.com.vn/thiet-ke-dep-moi-4tang-full-noi-that-vip-7-9ty-hem-xe-hoi-ke-khuc-giao-bach-dang-18752778.html,https://alonhadat.com.vn/thiet-ke-dep-moi-4tang-full-noi-that-vip-7-9ty-hem-xe-hoi-ke-khuc-giao-bach-dang-18752778.html,2026-06-07,2026-06-07 20:16:10.418495,,7900,168085106.38297874,0,0
alonhadat,sale_student_csv,alonhadat_duc_18754992,18754992,"bán nhà HXH Phan Văn Hân, Bình Thạnh - 44M2 - 2 Tầng - chỉ 7.5 Tỷ TL",7500000000,"7,5 tỷ",44,3,"Đường Phan Văn Hân, Phường Gia Định, Hồ Chí Minh",Phường 17,,Quận Bình Thạnh,1020,Nhà ở,,,,https://alonhadat.com.vn/ban-nha-hxh-phan-van-han-binh-thanh-44m2-2-tang-chi-7-5-ty-tl-18754992.html,https://alonhadat.com.vn/ban-nha-hxh-phan-van-han-binh-thanh-44m2-2-tang-chi-7-5-ty-tl-18754992.html,2026-06-07,2026-06-07 20:16:10.418495,,7500,170454545.45454547,0,0
alonhadat,sale_student_csv,alonhadat_duc_18757408,18757408,"HXH Phan Văn Trị, Bình Thạnh - 45m2 - 2 Tầng - Chỉ 6.6 Tỷ",6600000000,"6,6 tỷ",45,3,"Đường Phan Văn Trị, Phường Bình Lợi Trung, Hồ Chí Minh",Phường 11,,Quận Bình Thạnh,1020,Nhà ở,,,,https://alonhadat.com.vn/hxh-phan-van-tri-binh-thanh-45m2-2-tang-chi-6-6-ty-18757408.html,https://alonhadat.com.vn/hxh-phan-van-tri-binh-thanh-45m2-2-tang-chi-6-6-ty-18757408.html,2026-06-07,2026-06-07 20:16:10.418495,,6600,146666666.66666666,0,0
alonhadat,sale_student_csv,alonhadat_duc_18489840,18489840,"chính chủ bán nhà 5 tầng – căn góc 2 mặt tiền – có thang máy – giá chỉ 7,5 tỷ bớt lộc",7500000000,"7,5 tỷ",79,4,"Đường Bình Thành, Phường Bình Tân, Hồ Chí Minh",Phường Bình Hưng Hòa B,,Quận Bình Thạnh,1020,Nhà ở,,,,https://alonhadat.com.vn/chinh-chu-ban-nha-5-tang-can-goc-2-mat-tien-co-thang-may-gia-chi-7-9-ty-bot-loc-18489840.html,https://alonhadat.com.vn/chinh-chu-ban-nha-5-tang-can-goc-2-mat-tien-co-thang-may-gia-chi-7-9-ty-bot-loc-18489840.html,2026-06-07,2026-06-07 20:16:10.418495,,7500,94936708.8607595,0,0
alonhadat,sale_student_csv,alonhadat_duc_18758179,18758179,"XOAY VỐN CẮT LỖ BÁN GẤP NHÀ PHAN VĂN HÂN,BÌNH THẠNH-GIÁ:4TỶ220/81m2(5x16,2m).ĐANG CHO THUÊ",4219999999.9999995,"4,22 tỷ",81,4,"Đường Phan Văn Hân, Phường Gia Định, Hồ Chí Minh",Phường 17,,Quận Bình Thạnh,1020,Nhà ở,,,,https://alonhadat.com.vn/xoay-von-cat-lo-ban-gap-nha-phan-van-han-binh-thanh-gia-4ty220-81m2-5x16-2m-dang-cho-thue-18758179.html,https://alonhadat.com.vn/xoay-von-cat-lo-ban-gap-nha-phan-van-han-binh-thanh-gia-4ty220-81m2-5x16-2m-dang-cho-thue-18758179.html,2026-06-07,2026-06-07 20:16:10.418495,,4219.999999999999,52098765.43209876,0,0
alonhadat,sale_student_csv,alonhadat_duc_18749691,18749691,NHÀ 4 Tầng 60m2 HẺM XE TẢI 5PN gần Chợ Bà Chiểu chỉ 7 tỷ hơn,7880000000,"7,88 tỷ",60,5,"Đường Bùi Đình Túy, Phường Bình Thạnh, Hồ Chí Minh",Phường 24,,Quận Bình Thạnh,1020,Nhà ở,,,,https://alonhadat.com.vn/nha-4-tang-60m2-hem-xe-tai-5pn-gan-cho-ba-chieu-chi-7-ty-hon-18749691.html,https://alonhadat.com.vn/nha-4-tang-60m2-hem-xe-tai-5pn-gan-cho-ba-chieu-chi-7-ty-hon-18749691.html,2026-06-07,2026-06-07 20:16:10.418495,,7880,131333333.33333333,0,0
alonhadat,sale_student_csv,alonhadat_duc_18706239,18706239,"Bán nhà Mặt tiền Phan Đăng Lưu, Q.Bình Thạnh - 16m x 42m - 1 Hầm 10 Tầng - Giá 210 Tỷ",210000000000,210 tỷ,652,50,"Đường Phan Đăng Lưu, Phường Bình Thạnh, Hồ Chí Minh",Phường Bình Thạnh,,Quận Bình Thạnh,1020,Nhà ở,,,,https://alonhadat.com.vn/ban-nha-mat-tien-phan-dang-luu-q-binh-thanh-16m-x-42m-1-ham-10-tang-gia-210-ty-18706239.html,https://alonhadat.com.vn/ban-nha-mat-tien-phan-dang-luu-q-binh-thanh-16m-x-42m-1-ham-10-tang-gia-210-ty-18706239.html,2026-06-07,2026-06-07 20:16:10.418495,,210000,322085889.5705522,0,0
alonhadat,sale_student_csv,alonhadat_duc_14333383,14333383,MT Xô Viết Nghệ Tĩnh P.26 Bình Thạnh - DT: 8m x 30m. CN: 253m2 - CTXD: Hầm 8 lầu - 50 tỷ,50000000000,50 tỷ,253,1,"Đường Xô Viết Nghệ Tĩnh, Phường Bình Thạnh, Hồ Chí Minh",Phường 26,,Quận Bình Thạnh,1020,Nhà ở,,,,https://alonhadat.com.vn/mt-xo-viet-nghe-tinh-p-26-binh-thanh-dt-8m-x-30m-cn-253m2-ctxd-ham-8-lau-50-ty-14333383.html,https://alonhadat.com.vn/mt-xo-viet-nghe-tinh-p-26-binh-thanh-dt-8m-x-30m-cn-253m2-ctxd-ham-8-lau-50-ty-14333383.html,2026-06-07,2026-06-07 20:16:10.418495,,50000,197628458.49802372,0,0
alonhadat,sale_student_csv,alonhadat_duc_18756831,18756831,"Chính Chủ Cần Bán Nhà Đường Diên Hồng, Bình Thạnh - Giá Chốt 4Tỷ010/60m2. Sổ Sẵn",4010000000,"4,01 tỷ",60,4,"Đường Diên Hồng, Phường Gia Định, Hồ Chí Minh",Phường Gia Định,,Quận Bình Thạnh,1020,Nhà ở,,,,https://alonhadat.com.vn/chinh-chu-can-ban-nha-duong-dien-hong-binh-thanh-gia-chot-4ty010-60m2-so-san-18756831.html,https://alonhadat.com.vn/chinh-chu-can-ban-nha-duong-dien-hong-binh-thanh-gia-chot-4ty010-60m2-so-san-18756831.html,2026-06-07,2026-06-07 20:16:10.418495,,4010,66833333.333333336,0,0
alonhadat,sale_student_csv,alonhadat_duc_18755827,18755827,"Nợ Bank Giảm Sốc 8 Tỷ Bán Gấp Nhà mặt tiền Bình Quới, Bình Thạnh, 6x34m, Chỉ 29 Tỷ",29000000000,29 tỷ,200,2,"Đường Bình Quới, Phường Bình Quới, Hồ Chí Minh",Phường 27,,Quận Bình Thạnh,1020,Nhà ở,,,,https://alonhadat.com.vn/no-bank-giam-soc-8-ty-ban-gap-nha-mat-tien-binh-quoi-binh-thanh-6x34m-chi-29-ty-18755827.html,https://alonhadat.com.vn/no-bank-giam-soc-8-ty-ban-gap-nha-mat-tien-binh-quoi-binh-thanh-6x34m-chi-29-ty-18755827.html,2026-06-07,2026-06-07 20:16:10.418495,,29000,145000000,0,0
alonhadat,sale_student_csv,alonhadat_duc_18101543,18101543,"BÁN NHÀ 4 TẦNG, HẺM XE HƠI, NGUYỄN GIA TRÍ, P25, BÌNH THẠNH.DT:6X18, GIÁ: 20 TỶ",20000000000,20 tỷ,108,6,"Đường Nguyễn Gia Trí, Phường Thạnh Mỹ Tây, Hồ Chí Minh",Phường 25,,Quận Bình Thạnh,1020,Nhà ở,,,,https://alonhadat.com.vn/ban-nha-4-tang-hem-xe-hoi-nguyen-gia-tri-p25-binh-thanh-dt-6x18-gia-23-5-ty-18101543.html,https://alonhadat.com.vn/ban-nha-4-tang-hem-xe-hoi-nguyen-gia-tri-p25-binh-thanh-dt-6x18-gia-23-5-ty-18101543.html,2026-06-07,2026-06-07 20:16:10.418495,,20000,185185185.1851852,0,0
alonhadat,sale_student_csv,alonhadat_duc_18619431,18619431,BÁN NHÀ GÓC 2 MẶT TIỀN THOÁNG CHU VĂN AN - 4X18M - 6 TẦNG -HẠ 5 TỶ VỀ GIÁ : 25 TỶ TL,25000000000,25 tỷ,72,8,"Đường Chu Văn An, Phường Bình Thạnh, Hồ Chí Minh",Phường 26,,Quận Bình Thạnh,1020,Nhà ở,,,,https://alonhadat.com.vn/ban-nha-goc-2-mat-tien-thoang-chu-van-an-4x18m-6-tang-ha-3-ty-ve-gia-27-ty-tl-18619431.html,https://alonhadat.com.vn/ban-nha-goc-2-mat-tien-thoang-chu-van-an-4x18m-6-tang-ha-3-ty-ve-gia-27-ty-tl-18619431.html,2026-06-07,2026-06-07 20:16:10.418495,,25000,347222222.2222222,0,0
alonhadat,sale_student_csv,alonhadat_duc_18674427,18674427,"BÁN NHÀ NGANG LỚN BÌNH THẠNH HXH NGUYỄN XÍ - 10X17M - 3 TẦNG - GIÁ : 24,5 TỶ",24500000000,"24,5 tỷ",163,6,"Đường Nguyễn Xí, Phường Bình Thạnh, Hồ Chí Minh",Phường 26,,Quận Bình Thạnh,1020,Nhà ở,,,,https://alonhadat.com.vn/ban-nha-ngang-lon-binh-thanh-hxh-nguyen-xi-10x17m-3-tang-gia-25-ty-18674427.html,https://alonhadat.com.vn/ban-nha-ngang-lon-binh-thanh-hxh-nguyen-xi-10x17m-3-tang-gia-25-ty-18674427.html,2026-06-07,2026-06-07 20:16:10.418495,,24500,150306748.46625766,0,0
alonhadat,sale_student_csv,alonhadat_duc_18758475,18758475,"Bán nhà 5 tầng HXH Bình Thành P.Bình Hưng Hòa B Q.Bình Tân Căn góc 2 MT chỉ 7,5 tỷ",7500000000,"7,5 tỷ",78,4,"Đường Bình Thành, Phường Bình Tân, Hồ Chí Minh",Phường Bình Hưng Hòa B,,Quận Bình Thạnh,1020,Nhà ở,,,,https://alonhadat.com.vn/ban-nha-5-tang-hxh-binh-thanh-p-binh-hung-hoa-b-q-binh-tan-can-goc-2-mt-chi-7-5-ty-18758475.html,https://alonhadat.com.vn/ban-nha-5-tang-hxh-binh-thanh-p-binh-hung-hoa-b-q-binh-tan-can-goc-2-mt-chi-7-5-ty-18758475.html,2026-06-07,2026-06-07 20:16:10.418495,,7500,96153846.15384616,0,0
alonhadat,sale_student_csv,alonhadat_duc_17698084,17698084,BÁN NHÀ HXH XÔ VIẾT NGHỆ TĨNH - UNG VĂN KHIÊM NGAY ĐẠI HỌC HUTECH (4X16) 4 TẦNG MỚI CỨNG,14000000000,14 tỷ,64,5,"Đường Xô Viết Nghệ Tĩnh, Phường Bình Thạnh, Hồ Chí Minh",Phường 26,,Quận Bình Thạnh,1020,Nhà ở,,,,https://alonhadat.com.vn/ban-nha-hxh-xo-viet-nghe-tinh-ung-van-khiem-ngay-dai-hoc-hutech-4x17-4-tang-moi-cung-17698084.html,https://alonhadat.com.vn/ban-nha-hxh-xo-viet-nghe-tinh-ung-van-khiem-ngay-dai-hoc-hutech-4x17-4-tang-moi-cung-17698084.html,2026-06-07,2026-06-07 20:16:10.418495,,14000,218750000,0,0
alonhadat,sale_student_csv,alonhadat_duc_17365406,17365406,"Bán nhà đẹp Vạn Kiếp Bình Thạnh, 5 tầng, mặt tiền khủng, nở hậu tài lộc, nhích 8 tỷ",8199999999.999999,"8,2 tỷ",44,4,"Đường Vạn Kiếp, Phường Gia Định, Hồ Chí Minh",Phường 3,,Quận Bình Thạnh,1020,Nhà ở,,,,https://alonhadat.com.vn/ban-nha-dep-van-kiep-binh-thanh-5-tang-mat-tien-khung-no-hau-tai-loc-nhich-8-ty-17365406.html,https://alonhadat.com.vn/ban-nha-dep-van-kiep-binh-thanh-5-tang-mat-tien-khung-no-hau-tai-loc-nhich-8-ty-17365406.html,2026-06-07,2026-06-07 20:16:10.418495,,8199.999999999998,186363636.36363634,0,0
alonhadat,sale_student_csv,alonhadat_duc_18758256,18758256,"Bán nhà Nguyễn Văn Thương P.25 Q.Bình Thạnh. DT 5mx 18m, 3 tầng, giá 15ty7",15700000000,"15,7 tỷ",90,5,"Đường Nguyễn Văn Thương, Phường Thạnh Mỹ Tây, Hồ Chí Minh",Phường 25,,Quận Bình Thạnh,1020,Nhà ở,,,,https://alonhadat.com.vn/ban-nha-nguyen-van-thuong-p-25-q-binh-thanh-dt-5mx-18m-3-tang-gia-15ty7-18758256.html,https://alonhadat.com.vn/ban-nha-nguyen-van-thuong-p-25-q-binh-thanh-dt-5mx-18m-3-tang-gia-15ty7-18758256.html,2026-06-07,2026-06-07 20:16:10.418495,,15700,174444444.44444445,0,0
alonhadat,sale_student_csv,alonhadat_duc_16511421,16511421,"Bán Tòa CHDV ngay MT Phan Văn Trị, BT - 10 x 20m - Hầm 5 Tầng - T.Nhập 150 Triệu - 38 Tỷ",38000000000,38 tỷ,200,20,"Đường Phan Văn Trị, Phường Bình Thạnh, Hồ Chí Minh",Phường 12,,Quận Bình Thạnh,1020,Nhà ở,,,,https://alonhadat.com.vn/ban-toa-chdv-ngay-mt-phan-van-tri-bt-10-x-20m-ham-5-tang-t-nhap-150-trieu-38-ty-16511421.html,https://alonhadat.com.vn/ban-toa-chdv-ngay-mt-phan-van-tri-bt-10-x-20m-ham-5-tang-t-nhap-150-trieu-38-ty-16511421.html,2026-06-07,2026-06-07 20:16:10.418495,,38000,190000000,0,0
alonhadat,sale_student_csv,alonhadat_duc_16885835,16885835,"Bán gấp tòa nhà mặt tiền Nguyễn Gia Trí, Bình Thạnh, tổng 7 tầng, HDT 350 triệu /th. 75 tỷ",75000000000,75 tỷ,160,15,"Đường Nguyễn Gia Trí, Phường Thạnh Mỹ Tây, Hồ Chí Minh",Phường 25,,Quận Bình Thạnh,1020,Nhà ở,,,,https://alonhadat.com.vn/ban-gap-toa-nha-mat-tien-nguyen-gia-tri-binh-thanh-tong-7-tang-hdt-350-trieu-th-75-ty-16885835.html,https://alonhadat.com.vn/ban-gap-toa-nha-mat-tien-nguyen-gia-tri-binh-thanh-tong-7-tang-hdt-350-trieu-th-75-ty-16885835.html,2026-06-07,2026-06-07 20:16:10.418495,,75000,468750000,0,0
alonhadat,sale_student_csv,alonhadat_duc_16885876,16885876,"Bán nhà 2 mặt tiền Đinh Bộ Lĩnh Bình Thạnh 8x26m hầm 8 tầng hoàn công đủ, 75 tỷ",75000000000,75 tỷ,208,15,"Đường Đinh Bộ Lĩnh, Phường Bình Thạnh, Hồ Chí Minh",Phường 26,,Quận Bình Thạnh,1020,Nhà ở,,,,https://alonhadat.com.vn/ban-nha-2-mat-tien-dinh-bo-linh-binh-thanh-8x26m-ham-8-tang-hoan-cong-du-75-ty-16885876.html,https://alonhadat.com.vn/ban-nha-2-mat-tien-dinh-bo-linh-binh-thanh-8x26m-ham-8-tang-hoan-cong-du-75-ty-16885876.html,2026-06-07,2026-06-07 20:16:10.418495,,75000,360576923.0769231,0,0
alonhadat,sale_student_csv,alonhadat_duc_17075886,17075886,"Bán Nhà Góc 3 Mặt Tiền Nguyễn Cửu Vân Bình Thạnh ( 10,5 x 22m) 3 Tầng- HĐT: 180 tr/tháng",50000000000,50 tỷ,210,6,"Đường Nguyễn Cửu Vân, Phường Gia Định, Hồ Chí Minh",Phường 17,,Quận Bình Thạnh,1020,Nhà ở,,,,https://alonhadat.com.vn/ban-nha-goc-3-mat-tien-nguyen-cuu-van-binh-thanh-10-5-x-22m-3-tang-hdt-180-tr-thang-17075886.html,https://alonhadat.com.vn/ban-nha-goc-3-mat-tien-nguyen-cuu-van-binh-thanh-10-5-x-22m-3-tang-hdt-180-tr-thang-17075886.html,2026-06-07,2026-06-07 20:16:10.418495,,50000,238095238.0952381,0,0
alonhadat,sale_student_csv,alonhadat_duc_16923853,16923853,Bán nhà mặt tiền Hoàng Hoa Thám - Quận Bình Thạnh - DT 9mx25m nhà 5 tầng - HĐT 200tr/th,62000000000,62 tỷ,225,10,"Đường Hoàng Hoa Thám, Phường Bình Lợi Trung, Hồ Chí Minh",Phường 6,,Quận Bình Thạnh,1020,Nhà ở,,,,https://alonhadat.com.vn/ban-nha-mat-tien-hoang-hoa-tham-quan-binh-thanh-dt-9mx25m-nha-5-tang-hdt-200tr-th-16923853.html,https://alonhadat.com.vn/ban-nha-mat-tien-hoang-hoa-tham-quan-binh-thanh-dt-9mx25m-nha-5-tang-hdt-200tr-th-16923853.html,2026-06-07,2026-06-07 20:16:10.418495,,62000,275555555.5555556,0,0
alonhadat,sale_student_csv,alonhadat_duc_16103181,16103181,"Bán nhà giá cực sốc Nguyễn Văn Thương, P.25, Bình Thạnh",30000000000,30 tỷ,98,5,"Đường Nguyễn Văn Thương, Phường Thạnh Mỹ Tây, Hồ Chí Minh",Phường 25,,Quận Bình Thạnh,1020,Nhà ở,,,,https://alonhadat.com.vn/ban-nha-gia-cuc-soc-178-11-nguyen-van-thuong-p-25-binh-thanh-16103181.html,https://alonhadat.com.vn/ban-nha-gia-cuc-soc-178-11-nguyen-van-thuong-p-25-binh-thanh-16103181.html,2026-06-07,2026-06-07 20:16:10.418495,,30000,306122448.97959185,0,0
alonhadat,sale_student_csv,alonhadat_duc_18246444,18246444,"Bán nhà MT Đinh Bộ Lĩnh, P 24, Bình Thạnh: DT: 4,2mx25m, CN: 101m2, C4 – Giá: 18,2 tỷ",18200000000,"18,2 tỷ",101,1,"Đường Đinh Bộ Lĩnh, Phường Bình Thạnh, Hồ Chí Minh",Phường 24,,Quận Bình Thạnh,1020,Nhà ở,,,,https://alonhadat.com.vn/ban-nha-mt-dinh-bo-linh-p-24-binh-thanh-dt-4-2mx25m-cn-101m2-c4-gia-18-2-ty-18246444.html,https://alonhadat.com.vn/ban-nha-mt-dinh-bo-linh-p-24-binh-thanh-dt-4-2mx25m-cn-101m2-c4-gia-18-2-ty-18246444.html,2026-06-07,2026-06-07 20:16:10.418495,,18200,180198019.8019802,0,0
alonhadat,sale_student_csv,alonhadat_duc_18757546,18757546,"Bán nhà góc 2 mặt tiền Chu Văn An, P.26, Q. Bình Thạnh",25000000000,25 tỷ,72,12,"Đường Chu Văn An, Phường Bình Thạnh, Hồ Chí Minh",Phường 26,,Quận Bình Thạnh,1020,Nhà ở,,,,https://alonhadat.com.vn/ban-nha-goc-2-mat-tien-chu-van-an-p-26-q-binh-thanh-18757546.html,https://alonhadat.com.vn/ban-nha-goc-2-mat-tien-chu-van-an-p-26-q-binh-thanh-18757546.html,2026-06-07,2026-06-07 20:16:10.418495,,25000,347222222.2222222,0,0
alonhadat,sale_student_csv,alonhadat_duc_17823974,17823974,BÁN TÒA NHÀ MT NGUYỄN CỬU VÂN–Q.BÌNH THẠNH H7T DT 8x25m HDT 110TR/THÁNG Giá 70 Tỷ,70000000000,70 tỷ,200,10,"Đường Nguyễn Cửu Vân, Phường Gia Định, Hồ Chí Minh",Phường 17,,Quận Bình Thạnh,1020,Nhà ở,,,,https://alonhadat.com.vn/ban-toa-nha-mt-nguyen-cuu-van-q-binh-thanh-h7t-dt-8x25m-hdt-110tr-thang-gia-80-ty-17823974.html,https://alonhadat.com.vn/ban-toa-nha-mt-nguyen-cuu-van-q-binh-thanh-h7t-dt-8x25m-hdt-110tr-thang-gia-80-ty-17823974.html,2026-06-07,2026-06-07 20:16:10.418495,,70000,350000000,0,0
alonhadat,sale_student_csv,alonhadat_duc_17790302,17790302,Tòa nhà Ung Văn Khiêm P25 Bình Thạnh - DT 16x20m - hầm 8 tầng - HĐT 350 tr/th - giá 180ty,180000000000,180 tỷ,322,10,"Đường Ung Văn Khiêm, Phường Thạnh Mỹ Tây, Hồ Chí Minh",Phường 25,,Quận Bình Thạnh,1020,Nhà ở,,,,https://alonhadat.com.vn/toa-nha-ung-van-khiem-p25-binh-thanh-dt-16x20m-ham-8-tang-hdt-350-tr-th-gia-180ty-17790302.html,https://alonhadat.com.vn/toa-nha-ung-van-khiem-p25-binh-thanh-dt-16x20m-ham-8-tang-hdt-350-tr-th-gia-180ty-17790302.html,2026-06-07,2026-06-07 20:16:10.418495,,180000,559006211.1801243,0,0
alonhadat,sale_student_csv,alonhadat_duc_18757370,18757370,"Bán nhà HẺM XE TẢI 6M - NGAY ĐH HỒNG BÀNG - 80M2 - NGANG 5,2M - XD MỚI HẦM + 6 TẦNG",14300000000,"14,3 tỷ",80,6,"Đường Điện Biên Phủ, Phường Bình Thạnh, Hồ Chí Minh",Phường Bình Thạnh,,Quận Bình Thạnh,1020,Nhà ở,,,,https://alonhadat.com.vn/ban-nha-hem-xe-tai-6m-ngay-dh-hong-bang-80m2-ngang-5-2m-xd-moi-ham-6-tang-18757370.html,https://alonhadat.com.vn/ban-nha-hem-xe-tai-6m-ngay-dh-hong-bang-80m2-ngang-5-2m-xd-moi-ham-6-tang-18757370.html,2026-06-07,2026-06-07 20:16:10.418495,,14300,178750000,0,0
alonhadat,sale_student_csv,alonhadat_duc_18757363,18757363,BÁN GẤP NHÀ MT TRẦN QUÝ CÁP PHƯỜNG 11 QUẬN BÌNH THẠNH GIÁ 110 TỶ,110000000000,110 tỷ,500,4,"Đường Trần Quý Cáp, Phường Bình Lợi Trung, Hồ Chí Minh",Phường 11,,Quận Bình Thạnh,1020,Nhà ở,,,,https://alonhadat.com.vn/ban-gap-nha-mt-tran-quy-cap-phuong-11-quan-binh-thanh-gia-110-ty-18757363.html,https://alonhadat.com.vn/ban-gap-nha-mt-tran-quy-cap-phuong-11-quan-binh-thanh-gia-110-ty-18757363.html,2026-06-07,2026-06-07 20:16:10.418495,,110000,220000000,0,0
alonhadat,sale_student_csv,alonhadat_duc_18156339,18156339,"Bán nhà mặt tiền Xô Viết Nghệ Tĩnh, P. 26, Q.Bình Thạnh 12mx35m 7 tầng - giá: 45ty",45000000000,45 tỷ,279,2,"Đường Xô Viết Nghệ Tĩnh, Phường Bình Thạnh, Hồ Chí Minh",Phường 26,,Quận Bình Thạnh,1020,Nhà ở,,,,https://alonhadat.com.vn/ban-nha-mat-tien-xo-viet-nghe-tinh-p-26-q-binh-thanh-8x35m-ctxd-7-tang-gia-50-18156339.html,https://alonhadat.com.vn/ban-nha-mat-tien-xo-viet-nghe-tinh-p-26-q-binh-thanh-8x35m-ctxd-7-tang-gia-50-18156339.html,2026-06-07,2026-06-07 20:16:10.418495,,45000,161290322.58064517,0,0
alonhadat,sale_student_csv,alonhadat_duc_18757277,18757277,"Bán nhà mặt tiền Nguyễn Hữu Cảnh, P.22 Bình Thạnh (phường Thạnh Mỹ Tây)",33000000000,33 tỷ,84,19,"Đường Nguyễn Hữu Cảnh, Phường Thạnh Mỹ Tây, Hồ Chí Minh",Phường 22,,Quận Bình Thạnh,1020,Nhà ở,,,,https://alonhadat.com.vn/ban-nha-mat-tien-nguyen-huu-canh-p-22-binh-thanh-phuong-thanh-my-tay--18757277.html,https://alonhadat.com.vn/ban-nha-mat-tien-nguyen-huu-canh-p-22-binh-thanh-phuong-thanh-my-tay--18757277.html,2026-06-07,2026-06-07 20:16:10.418495,,33000,392857142.85714287,0,0
alonhadat,sale_student_csv,alonhadat_duc_18611087,18611087,"Mặt Tiền đường lớn Phan Văn Trị, Q, Bình Thạnh, 4 lầu, nhà mới 100% bán chỉ 11.6 tỷ",11600000000,"11,6 tỷ",63,4,"Đường Phan Văn Trị, Phường Bình Lợi Trung, Hồ Chí Minh",Phường 11,,Quận Bình Thạnh,1020,Nhà ở,,,,https://alonhadat.com.vn/mat-tien-duong-lon-phan-van-tri-q-binh-thanh-4-lau-nha-moi-100-ban-chi-hon-12-ty-xiu-18611087.html,https://alonhadat.com.vn/mat-tien-duong-lon-phan-van-tri-q-binh-thanh-4-lau-nha-moi-100-ban-chi-hon-12-ty-xiu-18611087.html,2026-06-07,2026-06-07 20:16:10.418495,,11600,184126984.12698412,0,0
alonhadat,sale_student_csv,alonhadat_duc_18756869,18756869,"Bán toà nhà 21 Nguyễn Thiện Thuật, Phường Bình Thạnh- hơn 3800m2 sàn- 300 Tỷ TL",300000000000,300 tỷ,725,7,"Đường Nguyễn Thiện Thuật, Phường Bình Thạnh, Hồ Chí Minh",Phường Bình Thạnh,,Quận Bình Thạnh,1020,Nhà ở,,,,https://alonhadat.com.vn/ban-toa-nha-21-nguyen-thien-thuat-phuong-binh-thanh-hon-3800m2-san-300-ty-tl-18756869.html,https://alonhadat.com.vn/ban-toa-nha-21-nguyen-thien-thuat-phuong-binh-thanh-hon-3800m2-san-300-ty-tl-18756869.html,2026-06-07,2026-06-07 20:16:10.418495,,300000,413793103.44827586,0,0
alonhadat,sale_student_csv,alonhadat_duc_18398436,18398436,"Bán nhà đường Hoàng Hoa Thám, P7 Bình Thạnh – nhà mới đẹp – 2 tầng – 45m² - 6 tỷ",6000000000,6 tỷ,45,3,"Đường Hoàng Hoa Thám, Phường Gia Định, Hồ Chí Minh",Phường 7,,Quận Bình Thạnh,1020,Nhà ở,,,,https://alonhadat.com.vn/ban-nha-duong-hoang-hoa-tham-p7-binh-thanh-gan-mat-tien-3-tang-6-ty-18398436.html,https://alonhadat.com.vn/ban-nha-duong-hoang-hoa-tham-p7-binh-thanh-gan-mat-tien-3-tang-6-ty-18398436.html,2026-06-07,2026-06-07 20:16:10.418495,,6000,133333333.33333333,0,0
alonhadat,sale_student_csv,alonhadat_duc_18398298,18398298,"Bán nhà MT đường Phan Đăng Lưu, P3 Bình Thạnh – MTKD – 2 tầng – 18m² - 7.6 tỷ",7600000000,"7,6 tỷ",18,2,"Đường Phan Đăng Lưu, Phường Gia Định, Hồ Chí Minh",Phường 3,,Quận Bình Thạnh,1020,Nhà ở,,,,https://alonhadat.com.vn/ban-nha-duong-phan-dang-luu-p3-binh-thanh-mat-tien-kd-2-tang-7-6-ty-18398298.html,https://alonhadat.com.vn/ban-nha-duong-phan-dang-luu-p3-binh-thanh-mat-tien-kd-2-tang-7-6-ty-18398298.html,2026-06-07,2026-06-07 20:16:10.418495,,7600,422222222.2222222,0,0
alonhadat,sale_student_csv,alonhadat_duc_18398308,18398308,"Bán nhà đường Phan Đăng Lưu, P3 Bình Thạnh – 2 hẻm trước sau – 2 tầng – 36m² - 5.9 tỷ",5900000000,"5,9 tỷ",36,3,"Đường Phan Đăng Lưu, Phường Gia Định, Hồ Chí Minh",Phường 3,,Quận Bình Thạnh,1020,Nhà ở,,,,https://alonhadat.com.vn/ban-nha-duong-phan-dang-luu-p3-binh-thanh-2-hem-truoc-sau-2-tang-5-9-ty-18398308.html,https://alonhadat.com.vn/ban-nha-duong-phan-dang-luu-p3-binh-thanh-2-hem-truoc-sau-2-tang-5-9-ty-18398308.html,2026-06-07,2026-06-07 20:16:10.418495,,5900,163888888.8888889,0,0
alonhadat,sale_student_csv,alonhadat_duc_18398469,18398469,"Bán nhà đường Hoàng Hoa Thám, P7 Bình Thạnh–lô góc-ô tô 4m-ngang 8.5m–4tầng– 92m² - 15 tỷ",15400000000,"15,4 tỷ",92,6,"Đường Hoàng Hoa Thám, Phường Gia Định, Hồ Chí Minh",Phường 7,,Quận Bình Thạnh,1020,Nhà ở,,,,https://alonhadat.com.vn/ban-nha-duong-hoang-hoa-tham-p7-binh-thanh-ngang-9m-4-tang-15-4-ty-18398469.html,https://alonhadat.com.vn/ban-nha-duong-hoang-hoa-tham-p7-binh-thanh-ngang-9m-4-tang-15-4-ty-18398469.html,2026-06-07,2026-06-07 20:16:10.418495,,15400,167391304.3478261,0,0
alonhadat,sale_student_csv,alonhadat_duc_18398539,18398539,"Bán nhà đường Hoàng Hoa Thám, P7 Bình Thạnh – nở hậu – 2 tầng – 59m² - 7.3 tỷ",7300000000,"7,3 tỷ",59,2,"Đường Hoàng Hoa Thám, Phường Gia Định, Hồ Chí Minh",Phường 7,,Quận Bình Thạnh,1020,Nhà ở,,,,https://alonhadat.com.vn/ban-nha-duong-hoang-hoa-tham-p7-binh-thanh-no-hau-2-tang-7-3-ty-18398539.html,https://alonhadat.com.vn/ban-nha-duong-hoang-hoa-tham-p7-binh-thanh-no-hau-2-tang-7-3-ty-18398539.html,2026-06-07,2026-06-07 20:16:10.418495,,7300,123728813.55932203,0,0
alonhadat,sale_student_csv,alonhadat_duc_18398548,18398548,"Bán nhà Hoàng Hoa Thám, P7 Bình Thạnh– sát MT-ngang 8.1m–ô tô 4m–3 tầng - 59m² - 10.6 tỷ",10600000000,"10,6 tỷ",59,4,"Đường Hoàng Hoa Thám, Phường Gia Định, Hồ Chí Minh",Phường 7,,Quận Bình Thạnh,1020,Nhà ở,,,,https://alonhadat.com.vn/ban-nha-duong-hoang-hoa-tham-p7-binh-thanh-gan-mat-tien-o-to-10-6-ty-18398548.html,https://alonhadat.com.vn/ban-nha-duong-hoang-hoa-tham-p7-binh-thanh-gan-mat-tien-o-to-10-6-ty-18398548.html,2026-06-07,2026-06-07 20:16:10.418495,,10600,179661016.94915253,0,0
alonhadat,sale_student_csv,alonhadat_duc_18398498,18398498,"Bán nhà đường Hoàng Hoa Thám, P7 Bình Thạnh – chia 2 căn - 3 tầng – 41m² - 6.8 tỷ",6800000000,"6,8 tỷ",41,3,"Đường Hoàng Hoa Thám, Phường Gia Định, Hồ Chí Minh",Phường 7,,Quận Bình Thạnh,1020,Nhà ở,,,,https://alonhadat.com.vn/ban-nha-duong-hoang-hoa-tham-p7-binh-thanh-2-can-ngang-14m-6-8-ty-18398498.html,https://alonhadat.com.vn/ban-nha-duong-hoang-hoa-tham-p7-binh-thanh-2-can-ngang-14m-6-8-ty-18398498.html,2026-06-07,2026-06-07 20:16:10.418495,,6800,165853658.53658536,0,0
alonhadat,sale_student_csv,alonhadat_duc_18398508,18398508,"Bán nhà đường Hoàng Hoa Thám, P7 Bình Thạnh – ô tô 5m – nở hậu - 4 tầng – 57m² - 11.2 tỷ",11200000000,"11,2 tỷ",57,4,"Đường Hoàng Hoa Thám, Phường Gia Định, Hồ Chí Minh",Phường 7,,Quận Bình Thạnh,1020,Nhà ở,,,,https://alonhadat.com.vn/ban-nha-duong-hoang-hoa-tham-p7-binh-thanh-o-to-do-cua-4-tang-12-9-ty-18398508.html,https://alonhadat.com.vn/ban-nha-duong-hoang-hoa-tham-p7-binh-thanh-o-to-do-cua-4-tang-12-9-ty-18398508.html,2026-06-07,2026-06-07 20:16:10.418495,,11200,196491228.07017544,0,0
alonhadat,sale_student_csv,alonhadat_duc_18398576,18398576,"Bán nhà đường Phan Đăng Lưu, P3 Bình Thạnh – ô tô 4m – 2 tầng – 59m² - 7.5 tỷ",7500000000,"7,5 tỷ",59,2,"Đường Phan Đăng Lưu, Phường Gia Định, Hồ Chí Minh",Phường 3,,Quận Bình Thạnh,1020,Nhà ở,,,,https://alonhadat.com.vn/ban-nha-duong-phan-dang-luu-p3-binh-thanh-o-to-4m-2-tang-7-5-ty-18398576.html,https://alonhadat.com.vn/ban-nha-duong-phan-dang-luu-p3-binh-thanh-o-to-4m-2-tang-7-5-ty-18398576.html,2026-06-07,2026-06-07 20:16:10.418495,,7500,127118644.0677966,0,0
alonhadat,sale_student_csv,alonhadat_duc_18398640,18398640,"Bán nhà đường Lê Văn Duyệt, P1 Bình Thạnh – lô góc 3 mặt - ô tô 4m – cấp 4 – 58m² - 6 tỷ",6000000000,6 tỷ,58,1,"Đường Lê Văn Duyệt, Phường Gia Định, Hồ Chí Minh",Phường 1,,Quận Bình Thạnh,1020,Nhà ở,,,,https://alonhadat.com.vn/ban-nha-duong-le-van-duyet-p1-binh-thanh-2-mat-hem-cap-4-6-8-ty-18398640.html,https://alonhadat.com.vn/ban-nha-duong-le-van-duyet-p1-binh-thanh-2-mat-hem-cap-4-6-8-ty-18398640.html,2026-06-07,2026-06-07 20:16:10.418495,,6000,103448275.86206897,0,0
alonhadat,sale_student_csv,alonhadat_duc_18756827,18756827,"Bán nhà riêng 202/11 Nguyễn Xí, p.26 Bình Thạnh- 10x17m- 163m2- 25 Tỷ TL",25000000000,25 tỷ,163,4,"Đường Nguyễn Xí, Phường Bình Thạnh, Hồ Chí Minh",Phường 26,,Quận Bình Thạnh,1020,Nhà ở,,,,https://alonhadat.com.vn/ban-nha-rieng-202-11-nguyen-xi-p-26-binh-thanh-10x17m-163m2-25-ty-tl-18756827.html,https://alonhadat.com.vn/ban-nha-rieng-202-11-nguyen-xi-p-26-binh-thanh-10x17m-163m2-25-ty-tl-18756827.html,2026-06-07,2026-06-07 20:16:10.418495,,25000,153374233.12883437,0,0
alonhadat,sale_student_csv,alonhadat_duc_17611148,17611148,"Bán Nhà Ngang ~13m mặt tiền XÔ VIẾT NGHỆ TĨNH (đoạn 2 chiều), 13x68m, Chỉ 165 triệu/m2",141900000000,165 triệu / m²,860,3,"Đường Xô Viết Nghệ Tĩnh, Phường Bình Thạnh, Hồ Chí Minh",Phường Bình Thạnh,,Quận Bình Thạnh,1020,Nhà ở,,,,https://alonhadat.com.vn/ban-nha-ngang-13m-mat-tien-xo-viet-nghe-tinh-doan-2-chieu-13x68m-chi-165-trieu-m2-17611148.html,https://alonhadat.com.vn/ban-nha-ngang-13m-mat-tien-xo-viet-nghe-tinh-doan-2-chieu-13x68m-chi-165-trieu-m2-17611148.html,2026-06-07,2026-06-07 20:16:10.418495,,141900,165000000,0,0
alonhadat,sale_student_csv,alonhadat_duc_18081145,18081145,"Bán Nhà mặt tiền NGÔ TẤT TỐ, P.22, Bình Thạnh, 5x42m, QHXD: Hầm 7 Tầng, Chỉ 35.5 Tỷ",35500000000,"35,5 tỷ",220,5,"Đường Ngô Tất Tố, Phường Thạnh Mỹ Tây, Hồ Chí Minh",Phường 22,,Quận Bình Thạnh,1020,Nhà ở,,,,https://alonhadat.com.vn/ban-nha-mat-tien-ngo-tat-to-p-22-binh-thanh-4-5x45m-qhxd-ham-7-tang-chi-35-5-ty-18081145.html,https://alonhadat.com.vn/ban-nha-mat-tien-ngo-tat-to-p-22-binh-thanh-4-5x45m-qhxd-ham-7-tang-chi-35-5-ty-18081145.html,2026-06-07,2026-06-07 20:16:10.418495,,35500,161363636.36363637,0,0
alonhadat,sale_student_csv,alonhadat_duc_17595099,17595099,"Bán Nhà Góc 2MT Lê Quang Định, Bình Thạnh, Cạnh MB Bank, 13.5x30m, HĐT 100 triệu,Chỉ 85 Tỷ",85000000000,85 tỷ,299,2,"Đường Lê Quang Định, Phường Bình Lợi Trung, Hồ Chí Minh",Phường 11,,Quận Bình Thạnh,1020,Nhà ở,,,,https://alonhadat.com.vn/ban-nha-goc-2mt-le-quang-dinh-binh-thanh-canh-mb-bank-13-5x30m-hdt-100-trieu-chi-85-ty-17595099.html,https://alonhadat.com.vn/ban-nha-goc-2mt-le-quang-dinh-binh-thanh-canh-mb-bank-13-5x30m-hdt-100-trieu-chi-85-ty-17595099.html,2026-06-07,2026-06-07 20:16:10.418495,,85000,284280936.4548495,0,0
alonhadat,sale_student_csv,alonhadat_duc_15729134,15729134,"Nhà Góc 3MT Bùi Hữu Nghĩa - Diên Hồng, P.1, Bình Thạnh, 8x25m(NH: 9m), Chỉ 41 Tỷ",41000000000,41 tỷ,200,1,"Đường Bùi Hữu Nghĩa, Phường Gia Định, Hồ Chí Minh",Phường 1,,Quận Bình Thạnh,1020,Nhà ở,,,,https://alonhadat.com.vn/hang-hiem-goc-3mt-bui-huu-nghia-rach-xuyen-tam-binh-thanh-7x25m-no-hau-9m-gia-41-ty-15729134.html,https://alonhadat.com.vn/hang-hiem-goc-3mt-bui-huu-nghia-rach-xuyen-tam-binh-thanh-7x25m-no-hau-9m-gia-41-ty-15729134.html,2026-06-07,2026-06-07 20:16:10.418495,,41000,205000000,0,0
alonhadat,sale_student_csv,alonhadat_duc_18418540,18418540,BÁN NHÀ 2 TẦNG 50M2 XÂY MỚI 6TẦNG HXH VẠN KIẾP PHƯỜNG 3 BÌNH THẠNH GIÁ 7TỶ4,7400000000,"7,4 tỷ",50,2,"Đường Vạn Kiếp, Phường Gia Định, Hồ Chí Minh",Phường 3,,Quận Bình Thạnh,1020,Nhà ở,,,,https://alonhadat.com.vn/ban-nha-2-tang-50m2-xay-moi-6tang-hxh-van-kiep-phuong-3-binh-thanh-gia-7ty4-18418540.html,https://alonhadat.com.vn/ban-nha-2-tang-50m2-xay-moi-6tang-hxh-van-kiep-phuong-3-binh-thanh-gia-7ty4-18418540.html,2026-06-07,2026-06-07 20:16:10.418495,,7400,148000000,0,0
alonhadat,sale_student_csv,alonhadat_duc_18756354,18756354,"GIẢM SỐC 4 TỶ – BÁN GẤP NHÀ HXH 8M BÙI ĐÌNH TÚY, P24 BÌNH THẠNH – 160M² – CHỈ 17,2 TỶ",17200000000,"17,2 tỷ",160,9,"Đường Bùi Đình Túy, Phường Bình Thạnh, Hồ Chí Minh",Phường 24,,Quận Bình Thạnh,1020,Nhà ở,,,,https://alonhadat.com.vn/giam-soc-4-ty-ban-gap-nha-hxh-8m-bui-dinh-tuy-p24-binh-thanh-160m-chi-17-2-ty-18756354.html,https://alonhadat.com.vn/giam-soc-4-ty-ban-gap-nha-hxh-8m-bui-dinh-tuy-p24-binh-thanh-160m-chi-17-2-ty-18756354.html,2026-06-07,2026-06-07 20:16:10.418495,,17200,107500000,0,0
alonhadat,sale_student_csv,alonhadat_duc_18756139,18756139,BÁN NHÀ VIEW CÔNG VIÊN CƯ XÁ NGUYÊN HỒNG – P11 BÌNH THẠNH – ĐƯỜNG 12M CÓ VỈA HÈ – 72M²,15800000000,"15,8 tỷ",72,4,"Đường Nguyên Hồng, Phường Bình Lợi Trung, Hồ Chí Minh",Phường 11,,Quận Bình Thạnh,1020,Nhà ở,,,,https://alonhadat.com.vn/ban-nha-view-cong-vien-cu-xa-nguyen-hong-p11-binh-thanh-duong-12m-co-via-he-72m--18756139.html,https://alonhadat.com.vn/ban-nha-view-cong-vien-cu-xa-nguyen-hong-p11-binh-thanh-duong-12m-co-via-he-72m--18756139.html,2026-06-07,2026-06-07 20:16:10.418495,,15800,219444444.44444445,0,0
alonhadat,sale_student_csv,alonhadat_duc_18757751,18757751,"Bán Gấp - Siêu Phẩm Căn Góc 2MT Hoàng Hoa Thám, Giá Đầu Tư",50000000000,50 tỷ,220,14,"Đường Hoàng Hoa Thám, Phường Gia Định, Hồ Chí Minh",Phường 7,,Quận Bình Thạnh,1040,Đất,,,,https://alonhadat.com.vn/ban-gap-sieu-pham-can-goc-2mt-hoang-hoa-tham-gia-dau-tu-18757751.html,https://alonhadat.com.vn/ban-gap-sieu-pham-can-goc-2mt-hoang-hoa-tham-gia-dau-tu-18757751.html,2026-06-07,2026-06-07 20:16:10.418495,,50000,227272727.27272728,0,0
alonhadat,sale_student_csv,alonhadat_duc_18747948,18747948,"Hẻm 10m thông ngay Đặng Thùy Trâm, Bình Lợi Trung, 550m đất ngang 14 nhỉnh 50 tỷ",52900000000,"52,9 tỷ",550,5,"Đường Đặng Thuỳ Trâm, Phường Bình Lợi Trung, Hồ Chí Minh",Phường Bình Lợi Trung,,Quận Bình Thạnh,1040,Đất,,,,https://alonhadat.com.vn/hem-10m-thong-ngay-dang-thuy-tram-binh-loi-trung-550m-dat-ngang-14-nhinh-50-ty-18747948.html,https://alonhadat.com.vn/hem-10m-thong-ngay-dang-thuy-tram-binh-loi-trung-550m-dat-ngang-14-nhinh-50-ty-18747948.html,2026-06-07,2026-06-07 20:16:10.418495,,52900,96181818.18181819,0,0
alonhadat,sale_student_csv,alonhadat_duc_18754316,18754316,Độc bản mặt tiền Nguyễn Hữu Cảnh trực diện Landmark 81,168000000000,168 tỷ,376,5,"Đường Nguyễn Hữu Cảnh, Phường Thạnh Mỹ Tây, Hồ Chí Minh",Phường 22,,Quận Bình Thạnh,1040,Đất,,,,https://alonhadat.com.vn/doc-ban-mat-tien-nguyen-huu-canh-truc-dien-landmark-81-18754316.html,https://alonhadat.com.vn/doc-ban-mat-tien-nguyen-huu-canh-truc-dien-landmark-81-18754316.html,2026-06-07,2026-06-07 20:16:10.418495,,168000,446808510.63829786,0,0
alonhadat,sale_student_csv,alonhadat_duc_17695115,17695115,ĐẤT + GPXD HẦM 8 TẦNG – DT 7.8x19M – VIEW LANDMARK 81 – TIỀM NĂNG XÂY BUILDING CHO THUÊ!,53500000000,"53,5 tỷ",131,8,"Đường Nguyễn Hữu Cảnh, Phường Thạnh Mỹ Tây, Hồ Chí Minh",Phường 22,,Quận Bình Thạnh,1040,Đất,,,,https://alonhadat.com.vn/dat-gpxd-ham-8-tang-dt-7-8x19m-view-landmark-81-tiem-nang-xay-building-cho-thue--17695115.html,https://alonhadat.com.vn/dat-gpxd-ham-8-tang-dt-7-8x19m-view-landmark-81-tiem-nang-xay-building-cho-thue--17695115.html,2026-06-07,2026-06-07 20:16:10.418495,,53500,408396946.5648855,0,0
alonhadat,sale_student_csv,alonhadat_duc_18758093,18758093,ĐÓN ĐẦU MẶT TIỀN UNG VĂN KHIÊM – QUỸ ĐẤT 133M² GIÁ CHỈ 30 TỶ,34000000000,34 tỷ,132,1,"Đường Ung Văn Khiêm, Phường Thạnh Mỹ Tây, Hồ Chí Minh",Phường 25,,Quận Bình Thạnh,1040,Đất,,,,https://alonhadat.com.vn/don-dau-mat-tien-ung-van-khiem-quy-dat-133m-gia-chi-30-ty-18758093.html,https://alonhadat.com.vn/don-dau-mat-tien-ung-van-khiem-quy-dat-133m-gia-chi-30-ty-18758093.html,2026-06-07,2026-06-07 20:16:10.418495,,34000,257575757.57575756,0,0
alonhadat,sale_student_csv,alonhadat_duc_17815863,17815863,"BÁN SIÊU PHẨM HẺM XE HƠI 6M NƠ TRANG LONG 6TẦNG NGAY PHAN ĐĂNG LƯU-UBND B.THẠNH CHỈ 12,5TỶ",12500000000,"12,5 tỷ",45,4,"Đường Nơ Trang Long, Phường Gia Định, Hồ Chí Minh",Phường 7,,Quận Bình Thạnh,1040,Đất,,,,https://alonhadat.com.vn/ban-sieu-pham-hem-xe-hoi-6m-no-trang-long-6tang-ngay-phan-dang-luu-ubnd-b-thanh-chi-13-8ty-17815863.html,https://alonhadat.com.vn/ban-sieu-pham-hem-xe-hoi-6m-no-trang-long-6tang-ngay-phan-dang-luu-ubnd-b-thanh-chi-13-8ty-17815863.html,2026-06-07,2026-06-07 20:16:10.418495,,12500,277777777.7777778,0,0
alonhadat,sale_student_csv,alonhadat_duc_18723397,18723397,SIÊU PHẨM GÓC 2 MẶT TIỀN PHAN ĐĂNG LƯU - BÌNH THẠNH,19600000000,"19,6 tỷ",84,6,"Đường Phan Đăng Lưu, Phường Bình Thạnh, Hồ Chí Minh",Phường 24,,Quận Bình Thạnh,1040,Đất,,,,https://alonhadat.com.vn/sieu-pham-goc-2-mat-tien-phan-dang-luu-binh-thanh-18723397.html,https://alonhadat.com.vn/sieu-pham-goc-2-mat-tien-phan-dang-luu-binh-thanh-18723397.html,2026-06-07,2026-06-07 20:16:10.418495,,19600,233333333.33333334,0,0
alonhadat,sale_student_csv,alonhadat_duc_18758946,18758946,MẶT TIỀN NGUYỄN KHUYẾN - 92m2 NỞ HẬU - 4 TẦNG BTCT - CHỈ NHỈNH 20 TỶ,20600000000,"20,6 tỷ",92,4,"Đường Nguyễn Khuyến, Phường Bình Thạnh, Hồ Chí Minh",Phường 12,,Quận Bình Thạnh,1040,Đất,,,,https://alonhadat.com.vn/mat-tien-nguyen-khuyen-92m2-no-hau-4-tang-btct-chi-nhinh-20-ty-18758946.html,https://alonhadat.com.vn/mat-tien-nguyen-khuyen-92m2-no-hau-4-tang-btct-chi-nhinh-20-ty-18758946.html,2026-06-07,2026-06-07 20:16:10.418495,,20600,223913043.47826087,0,0
alonhadat,sale_student_csv,alonhadat_duc_18701758,18701758,"🌟 Bán đất xây CHDV Phan Văn Trị, Bình Thạnh - Cách mặt tiền 30m - GPXD 4 tầng",8289999999.999999,"8,29 tỷ",83,7,"Đường Phan Văn Trị, Phường Bình Thạnh, Hồ Chí Minh",Phường Bình Thạnh,,Quận Bình Thạnh,1040,Đất,,,,https://alonhadat.com.vn/-ban-dat-xay-chdv-phan-van-tri-binh-thanh-cach-mat-tien-30m-gpxd-4-tang-18701758.html,https://alonhadat.com.vn/-ban-dat-xay-chdv-phan-van-tri-binh-thanh-cach-mat-tien-30m-gpxd-4-tang-18701758.html,2026-06-07,2026-06-07 20:16:10.418495,,8289.999999999998,99879518.07228914,0,0
alonhadat,sale_student_csv,alonhadat_duc_18757300,18757300,"CẦN BÁN NHÀ TÂN CẢNG,BÌNH THẠNH-GIÁ:4.88TỶ/60M2 (4x15M) SỔ CHUẨN",4880000000,"4,88 tỷ",60,6,"Đường Tân Cảng, Phường Thạnh Mỹ Tây, Hồ Chí Minh",Phường 25,,Quận Bình Thạnh,1040,Đất,,,,https://alonhadat.com.vn/can-ban-nha-tan-cang-binh-thanh-gia-4-88ty-60m2-4x15m-so-chuan-18757300.html,https://alonhadat.com.vn/can-ban-nha-tan-cang-binh-thanh-gia-4-88ty-60m2-4x15m-so-chuan-18757300.html,2026-06-07,2026-06-07 20:16:10.418495,,4880,81333333.33333333,0,0
alonhadat,sale_student_csv,alonhadat_duc_14153370,14153370,"MT Nguyễn Gia Trí, P.25, Bình Thạnh - CN: 172m2(8.5mx20m) - Trệt 3 lầu. HĐT: 180tr - 69 Tỷ",69000000000,69 tỷ,172,8,"Đường Nguyễn Gia Trí, Phường Thạnh Mỹ Tây, Hồ Chí Minh",Phường 25,,Quận Bình Thạnh,1040,Đất,,,,https://alonhadat.com.vn/mt-nguyen-gia-tri-p-25-binh-thanh-cn-172m2-8-5mx20m-tret-3-lau-hdt-180tr-69-ty-14153370.html,https://alonhadat.com.vn/mt-nguyen-gia-tri-p-25-binh-thanh-cn-172m2-8-5mx20m-tret-3-lau-hdt-180tr-69-ty-14153370.html,2026-06-07,2026-06-07 20:16:10.418495,,69000,401162790.6976744,0,0
alonhadat,sale_student_csv,alonhadat_duc_18682443,18682443,"Đại siêu phẩm góc 3 MT Phạm Văn Đồng - Quận Bình Thạnh DT 40x50m, XD: 3 Hầm 15 tầng",290000000000,290 tỷ,2000,10,"Đường Phạm Văn Đồng, Phường Bình Lợi Trung, Hồ Chí Minh",Phường Bình Lợi Trung,,Quận Bình Thạnh,1040,Đất,,,,https://alonhadat.com.vn/dai-sieu-pham-goc-3-mt-pham-van-dong-quan-binh-thanh-dt-40x50m-xd-3-ham-15-tang-18682443.html,https://alonhadat.com.vn/dai-sieu-pham-goc-3-mt-pham-van-dong-quan-binh-thanh-dt-40x50m-xd-3-ham-15-tang-18682443.html,2026-06-07,2026-06-07 20:16:10.418495,,290000,145000000,0,0
alonhadat,sale_student_csv,alonhadat_duc_18756415,18756415,"🌟Tài Nhà Đất🌟 Khu Vip Nguyêm Hồng Bình Thạnh 7 4Tầng chỉ 15,88 tỷ",15880000000,"15,88 tỷ",72,4,"Đường Nguyên Hồng, Phường Bình Lợi Trung, Hồ Chí Minh",Phường 11,,Quận Bình Thạnh,1040,Đất,,,,https://alonhadat.com.vn/-tai-nha-dat-khu-vip-nguyem-hong-binh-thanh-7-4tang-chi-15-88-ty-18756415.html,https://alonhadat.com.vn/-tai-nha-dat-khu-vip-nguyem-hong-binh-thanh-7-4tang-chi-15-88-ty-18756415.html,2026-06-07,2026-06-07 20:16:10.418495,,15880,220555555.55555555,0,0
alonhadat,sale_student_csv,alonhadat_duc_18535966,18535966,🏠 CHỦ NGỘP – CHDV MẶT TIỀN BÌNH THẠNH – 7 TẦNG- 145m² - NGÔ ĐỨC KẾ,36800000000,"36,8 tỷ",145,24,"Đường Ngô Đức Kế, Phường Bình Thạnh, Hồ Chí Minh",Phường 12,,Quận Bình Thạnh,1040,Đất,,,,https://alonhadat.com.vn/-chu-ngop-chdv-mat-tien-binh-thanh-7-tang-145m-ngo-duc-ke-18535966.html,https://alonhadat.com.vn/-chu-ngop-chdv-mat-tien-binh-thanh-7-tang-145m-ngo-duc-ke-18535966.html,2026-06-07,2026-06-07 20:16:10.418495,,36800,253793103.44827586,0,0
alonhadat,sale_student_csv,alonhadat_duc_18364403,18364403,Giảm 1 tỷ bán gấp 294 Phan Văn Trị Quận Bình Thạnh 63m2 3 lầu st 6 phòng,11600000000,"11,6 tỷ",63,6,"Đường Phan Văn Trị, Phường Bình Lợi Trung, Hồ Chí Minh",Phường 11,,Quận Bình Thạnh,1040,Đất,,,,https://alonhadat.com.vn/hoa-hong-200tr-chinh-chu-ban-nha-mat-tien-294-phan-van-tri-quan-binh-thanh-cu-18364403.html,https://alonhadat.com.vn/hoa-hong-200tr-chinh-chu-ban-nha-mat-tien-294-phan-van-tri-quan-binh-thanh-cu-18364403.html,2026-06-07,2026-06-07 20:16:10.418495,,11600,184126984.12698412,0,0
alonhadat,sale_student_csv,alonhadat_duc_17904268,17904268,"Khách sạn ngay Nguyễn Gia Trí - Q. Bình Thạnh. DT: 9x25m, kết cấu 7 tầng. HĐT: 200tr/th. G",51000000000,51 tỷ,225,24,"Đường Nguyễn Gia Trí, Phường Thạnh Mỹ Tây, Hồ Chí Minh",Phường 25,,Quận Bình Thạnh,1040,Đất,,,,https://alonhadat.com.vn/khach-san-ngay-nguyen-gia-tri-q-binh-thanh-dt-9x25m-ket-cau-7-tang-hdt-200tr-th-g-17904268.html,https://alonhadat.com.vn/khach-san-ngay-nguyen-gia-tri-q-binh-thanh-dt-9x25m-ket-cau-7-tang-hdt-200tr-th-g-17904268.html,2026-06-07,2026-06-07 20:16:10.418495,,51000,226666666.66666666,0,0
alonhadat,sale_student_csv,alonhadat_duc_14806130,14806130,"Bán siêu phẩm MT THƯƠNG HIỆU NƠ TRANG LONG P.14 Q.Bình Thạnh, DT 4mx20m, 4 tầng, 15ty5",15500000000,"15,5 tỷ",100,8,"Đường Nơ Trang Long, Phường Bình Thạnh, Hồ Chí Minh",Phường 14,,Quận Bình Thạnh,1040,Đất,,,,https://alonhadat.com.vn/ban-sieu-pham-mt-thuong-hieu-no-trang-long-p-14-q-binh-thanh-dt-5x20m-4-tang-29ty5-14806130.html,https://alonhadat.com.vn/ban-sieu-pham-mt-thuong-hieu-no-trang-long-p-14-q-binh-thanh-dt-5x20m-4-tang-29ty5-14806130.html,2026-06-07,2026-06-07 20:16:10.418495,,15500,155000000,0,0
alonhadat,sale_student_csv,alonhadat_duc_15150464,15150464,"Bán nhà GÓC 2MT LAM SƠN P6 Q.Bình Thạnh, DT 10mx22m ,4 tầng, Giá 39 tỷ",39000000000,39 tỷ,280,9,"Đường Lam Sơn, Phường Bình Lợi Trung, Hồ Chí Minh",Phường 6,,Quận Bình Thạnh,1040,Đất,,,,https://alonhadat.com.vn/ban-nha-goc-2mt-lam-son-p6-q-binh-thanh-dt-14mx20m-3-tang-gia-45-ty-15150464.html,https://alonhadat.com.vn/ban-nha-goc-2mt-lam-son-p6-q-binh-thanh-dt-14mx20m-3-tang-gia-45-ty-15150464.html,2026-06-07,2026-06-07 20:16:10.418495,,39000,139285714.2857143,0,0
alonhadat,sale_student_csv,alonhadat_duc_18156327,18156327,Xây Dựng: Hầm 8 Tầng - Mặt tiền Nguyễn Hữu Cảnh P22 Bình Thạnh DT: 10mx20m - Giá 57 Tỷ,57000000000,57 tỷ,200,4,"Đường Nguyễn Hữu Cảnh, Phường Thạnh Mỹ Tây, Hồ Chí Minh",Phường 22,,Quận Bình Thạnh,1040,Đất,,,,https://alonhadat.com.vn/xay-dung-ham-8-tang-mat-tien-nguyen-huu-canh-p22-binh-thanh-dt-8x18m-gia-60-ty-18156327.html,https://alonhadat.com.vn/xay-dung-ham-8-tang-mat-tien-nguyen-huu-canh-p22-binh-thanh-dt-8x18m-gia-60-ty-18156327.html,2026-06-07,2026-06-07 20:16:10.418495,,57000,285000000,0,0
alonhadat,sale_student_csv,alonhadat_duc_18757176,18757176,🔥 SIÊU PHẨM DÒNG TIỀN - HẺM XE TẢI THÔNG - 2 MẶT TIỀN - P25 BÌNH THẠNH 🔥,16899999999.999998,"16,9 tỷ",80,7,"Đường Điện Biên Phủ, Phường Thạnh Mỹ Tây, Hồ Chí Minh",Phường 25,,Quận Bình Thạnh,1040,Đất,,,,https://alonhadat.com.vn/-sieu-pham-dong-tien-hem-xe-tai-thong-2-mat-tien-p25-binh-thanh--18757176.html,https://alonhadat.com.vn/-sieu-pham-dong-tien-hem-xe-tai-thong-2-mat-tien-p25-binh-thanh--18757176.html,2026-06-07,2026-06-07 20:16:10.418495,,16899.999999999996,211249999.99999997,0,0
alonhadat,sale_student_csv,alonhadat_duc_18757157,18757157,Siêu phẩm dòng tiền| MT Ngô Đức Kế P. Bình Thạnh| DT: 5.2x28| Hầm+7 tầng| HĐT cao| 33.5 tỷ,33500000000,"33,5 tỷ",145,26,"Đường Ngô Đức Kế, Phường Bình Thạnh, Hồ Chí Minh",Phường 12,,Quận Bình Thạnh,1040,Đất,,,,https://alonhadat.com.vn/sieu-pham-dong-tien-mt-ngo-duc-ke-p-binh-thanh-dt-5-2x28-ham-7-tang-hdt-cao-33-5-ty-18757157.html,https://alonhadat.com.vn/sieu-pham-dong-tien-mt-ngo-duc-ke-p-binh-thanh-dt-5-2x28-ham-7-tang-hdt-cao-33-5-ty-18757157.html,2026-06-07,2026-06-07 20:16:10.418495,,33500,231034482.75862068,0,0
alonhadat,sale_student_csv,alonhadat_duc_18756885,18756885,"🔥 CƠ HỘI ĐẦU TƯ/KINH DOANH - MẶT TIỀN LÊ VĂN DUYỆT, P3, BÌNH THẠNH 🔥",9500000000,"9,5 tỷ",45,2,"Đường Lê Văn Duyệt, Phường Gia Định, Hồ Chí Minh",Phường 3,,Quận Bình Thạnh,1040,Đất,,,,https://alonhadat.com.vn/-co-hoi-dau-tu-kinh-doanh-mat-tien-le-van-duyet-p3-binh-thanh--18756885.html,https://alonhadat.com.vn/-co-hoi-dau-tu-kinh-doanh-mat-tien-le-van-duyet-p3-binh-thanh--18756885.html,2026-06-07,2026-06-07 20:16:10.418495,,9500,211111111.1111111,0,0
alonhadat,sale_student_csv,alonhadat_duc_18755902,18755902,"Giảm 3 Tỷ Bán Đất Tặng GPXD Hầm 7 Tầng HXH Bùi Đình Tuý, Bình Thạnh, 7.4x22m, Chỉ 19.9 Tỷ",19900000000,"19,9 tỷ",162,1,"Đường Bùi Đình Túy, Phường Bình Thạnh, Hồ Chí Minh",Phường 24,,Quận Bình Thạnh,1040,Đất,,,,https://alonhadat.com.vn/giam-3-ty-ban-dat-tang-gpxd-ham-7-tang-hxh-bui-dinh-tuy-binh-thanh-7-4x22m-chi-19-9-ty-18755902.html,https://alonhadat.com.vn/giam-3-ty-ban-dat-tang-gpxd-ham-7-tang-hxh-bui-dinh-tuy-binh-thanh-7-4x22m-chi-19-9-ty-18755902.html,2026-06-07,2026-06-07 20:16:10.418495,,19900,122839506.17283951,0,0
alonhadat,sale_student_csv,alonhadat_duc_18756535,18756535,SIÊU PHẨM BÌNH THẠNH – HẺM XE HƠI TẦM VU – VIEW SÔNG CỰC CHILL,12600000000,"12,6 tỷ",75,8,"Đường Quốc Lộ 13, Phường Bình Thạnh, Hồ Chí Minh",Phường 26,,Quận Bình Thạnh,1040,Đất,,,,https://alonhadat.com.vn/sieu-pham-binh-thanh-hem-xe-hoi-tam-vu-view-song-cuc-chill-18756535.html,https://alonhadat.com.vn/sieu-pham-binh-thanh-hem-xe-hoi-tam-vu-view-song-cuc-chill-18756535.html,2026-06-07,2026-06-07 20:16:10.418495,,12600,168000000,0,0
alonhadat,sale_student_csv,alonhadat_duc_18592225,18592225,"BIỆT THỰ MỚI ĐẸP KHU TÊN LỬA | 20 X 20M, 3 TẤM, 55 TỶ | GẦN AEON MALL",55000000000,55 tỷ,400,6,"Đường Tên Lửa, Phường An Lạc, Hồ Chí Minh",Phường Bình Trị Đông B,,Quận Bình Tân,1020,Biệt thự,,,,https://alonhadat.com.vn/biet-thu-moi-dep-khu-ten-lua-20-x-20m-3-tam-55-ty-gan-aeon-mall-18592225.html,https://alonhadat.com.vn/biet-thu-moi-dep-khu-ten-lua-20-x-20m-3-tam-55-ty-gan-aeon-mall-18592225.html,2026-06-07,2026-06-07 20:16:10.418495,,55000,137500000,0,0
alonhadat,sale_student_csv,alonhadat_duc_18757070,18757070,SIÊU BIỆT THỰ - MẶT TIỀN - 4 TẦNG KHU TÊN LỬA - DT 200M - NGANG 10 - SÁT AEON MALL - ĐƯỜNG,25000000000,25 tỷ,200,6,"Đường Trần Văn Giàu, Phường Tân Tạo, Hồ Chí Minh",Phường Tân Tạo,,Quận Bình Tân,1020,Biệt thự,,,,https://alonhadat.com.vn/sieu-biet-thu-mat-tien-4-tang-khu-ten-lua-dt-200m-ngang-10-sat-aeon-mall-duong-18757070.html,https://alonhadat.com.vn/sieu-biet-thu-mat-tien-4-tang-khu-ten-lua-dt-200m-ngang-10-sat-aeon-mall-duong-18757070.html,2026-06-07,2026-06-07 20:16:10.418495,,25000,125000000,0,0
alonhadat,sale_student_csv,alonhadat_duc_18745643,18745643,"Biệt 330m2 đường Tân Kỳ Tân Quý chỉ 60tr/m2, 4 Tầng hiện đại chuẩn công năng nghĩ dưỡng",19800000000,"19,8 tỷ",330,5,"Đường Tân Kỳ Tân Quý, Phường Bình Hưng Hòa, Hồ Chí Minh",Phường Bình Hưng Hòa A,,Quận Bình Tân,1020,Biệt thự,,,,https://alonhadat.com.vn/biet-330m2-duong-tan-ky-tan-quy-chi-60tr-m2-4-tang-hien-dai-chuan-cong-nang-nghi-duong-18745643.html,https://alonhadat.com.vn/biet-330m2-duong-tan-ky-tan-quy-chi-60tr-m2-4-tang-hien-dai-chuan-cong-nang-nghi-duong-18745643.html,2026-06-07,2026-06-07 20:16:10.418495,,19800,60000000,0,0
alonhadat,sale_student_csv,alonhadat_duc_18437921,18437921,"SIÊU PHẨM BIỆT THỰ NGANG LỚN 10.5M,4 TẦNG,ĐƯỜNG XE TẢI 7M,CHỈ 6.8 TỶ",6800000000,"6,8 tỷ",82,7,"Đường Hồ Văn Long, Phường Tân Tạo, Hồ Chí Minh",Phường Tân Tạo,,Quận Bình Tân,1020,Biệt thự,,,,https://alonhadat.com.vn/sieu-pham-biet-thu-ngang-lon-10-5m-4-tang-duong-xe-tai-7m-chi-6-8-ty-18437921.html,https://alonhadat.com.vn/sieu-pham-biet-thu-ngang-lon-10-5m-4-tang-duong-xe-tai-7m-chi-6-8-ty-18437921.html,2026-06-07,2026-06-07 20:16:10.418495,,6800,82926829.26829268,0,0
alonhadat,sale_student_csv,alonhadat_duc_18758493,18758493,TỈNH LỘ 10 - BÌNH TÂN - 80M2 - 4X20M - 9 TỶ - CHDV 12 PHÒNG DÒNG TIỀN 40 TRIỆU,9000000000,9 tỷ,80,12,"Tỉnh lộ 10, Phường An Lạc, Hồ Chí Minh",Phường Bình Trị Đông B,,Quận Bình Tân,1010,Căn hộ chung cư,,,,https://alonhadat.com.vn/tinh-lo-10-binh-tan-80m2-4x20m-9-ty-chdv-12-phong-dong-tien-40-trieu-18758493.html,https://alonhadat.com.vn/tinh-lo-10-binh-tan-80m2-4x20m-9-ty-chdv-12-phong-dong-tien-40-trieu-18758493.html,2026-06-07,2026-06-07 20:16:10.418495,,9000,112500000,0,0
alonhadat,sale_student_csv,alonhadat_duc_15547484,15547484,BÁN CĂN HỘ CHUNG CƯ EHOME 3 BÌNH TÂN - 50M² 2PN - SỔ RIÊNG - GIÁ 2.25 TỶ,2250000000,"2,25 tỷ",50,2,"Đường Hồ Học Lãm, Phường An Lạc, Hồ Chí Minh",Phường An Lạc,,Quận Bình Tân,1010,Căn hộ chung cư,,,,https://alonhadat.com.vn/ban-nha-binh-tan-duong-phan-anh-52m2-2-lau-hem-xe-hoi-chi-4-x-ty-khong-lo-gioi-qh-15547484.html,https://alonhadat.com.vn/ban-nha-binh-tan-duong-phan-anh-52m2-2-lau-hem-xe-hoi-chi-4-x-ty-khong-lo-gioi-qh-15547484.html,2026-06-07,2026-06-07 20:16:10.418495,,2250,45000000,0,0
alonhadat,sale_student_csv,alonhadat_duc_18758571,18758571,TỈNH LỘ 10 - BÌNH TÂN - 111M2 - 7X22M - 7.X TỶ - 7 PHÒNG TRỌ DÒNG TIỀN,7200000000,"7,2 tỷ",111,8,"Tỉnh lộ 10, Phường Tân Tạo, Hồ Chí Minh",Phường Tân Tạo,,Quận Bình Tân,1050,Nhà trọ,,,,https://alonhadat.com.vn/tinh-lo-10-binh-tan-111m2-7x22m-7-x-ty-7-phong-tro-dong-tien-18758571.html,https://alonhadat.com.vn/tinh-lo-10-binh-tan-111m2-7x22m-7-x-ty-7-phong-tro-dong-tien-18758571.html,2026-06-07,2026-06-07 20:16:10.418495,,7200,64864864.86486486,0,0
alonhadat,sale_student_csv,alonhadat_duc_18529600,18529600,"Bán nhà khu Tên Lửa, MT đường Số 12, DT 5 x 20m, 3.5 tấm, 12.6 tỷ. cạnh Aeon Mall",12600000000,"12,6 tỷ",100,5,"Đường Tên Lửa, Phường An Lạc, Hồ Chí Minh",Phường Bình Trị Đông B,,Quận Bình Tân,1020,Nhà ở,,,,https://alonhadat.com.vn/ban-nha-khu-ten-lua-mt-duong-so-12-dt-5-x-20m-3-5-tam-12-6-ty-canh-aeon-mall-18529600.html,https://alonhadat.com.vn/ban-nha-khu-ten-lua-mt-duong-so-12-dt-5-x-20m-3-5-tam-12-6-ty-canh-aeon-mall-18529600.html,2026-06-07,2026-06-07 20:16:10.418495,,12600,126000000,0,0
alonhadat,sale_student_csv,alonhadat_duc_17317286,17317286,"CHDV SHR 6X20 MTKD ĐSO 5 KDC TÂN TẠO BT THU NHẬP 40TR/1TH CHỈ 12, TỈ TL",12000000000,12 tỷ,120,19,"Đường Số 5, Phường Tân Tạo, Hồ Chí Minh",Phường Tân Tạo A,,Quận Bình Tân,1020,Nhà ở,,,,https://alonhadat.com.vn/ban-nha-shr-6x20-mtkd-dso-5-khu-dan-cu-bac-luong-beo-bt-chi-12-5-ti-tl-17317286.html,https://alonhadat.com.vn/ban-nha-shr-6x20-mtkd-dso-5-khu-dan-cu-bac-luong-beo-bt-chi-12-5-ti-tl-17317286.html,2026-06-07,2026-06-07 20:16:10.418495,,12000,100000000,0,0
alonhadat,sale_student_csv,alonhadat_duc_18718805,18718805,"MẶT TIỀN KDC TÊN LỬA - ĐƯỜNG SỐ 53, 80m², 4 Tầng, VỪA Ở, VỪA Làm Cty",10500000000,"10,5 tỷ",80,5,"Đường số 53, Phường Tân Tạo, Hồ Chí Minh",Phường Tân Tạo,,Quận Bình Tân,1020,Nhà ở,,,,https://alonhadat.com.vn/mat-tien-kdc-ten-lua-duong-so-53-80m-4-tang-vua-o-vua-lam-cty-18718805.html,https://alonhadat.com.vn/mat-tien-kdc-ten-lua-duong-so-53-80m-4-tang-vua-o-vua-lam-cty-18718805.html,2026-06-07,2026-06-07 20:16:10.418495,,10500,131250000,0,0
alonhadat,sale_student_csv,alonhadat_duc_18064637,18064637,BÁN NHÀ ĐẸP SÁT KINH DƯƠNG VƯƠN.G - KHU TÊN LỬ.A - HẺM XE HƠI - g ( 6X17M ),7700000000,"7,7 tỷ",98,4,"Đường Bùi Tư Toàn, Phường An Lạc, Hồ Chí Minh",Phường An Lạc,,Quận Bình Tân,1020,Nhà ở,,,,https://alonhadat.com.vn/ban-nha-dep-sat-kinh-duong-vuon-g-khu-ten-lu-a-hem-xe-hoi-g-6x17m--18064637.html,https://alonhadat.com.vn/ban-nha-dep-sat-kinh-duong-vuon-g-khu-ten-lu-a-hem-xe-hoi-g-6x17m--18064637.html,2026-06-07,2026-06-07 20:16:10.418495,,7700,78571428.57142857,0,0
alonhadat,sale_student_csv,alonhadat_duc_18632877,18632877,"‼️Nhà đang cho thuê 18triệu/tháng sắp hết hợp đồng, cần bán Gấp 1 Tỷ 450 Triệu‼️",1450000000,"1,45 tỷ",96,3,"Đường Hồ Học Lãm, Phường An Lạc, Hồ Chí Minh",Phường An Lạc,,Quận Bình Tân,1020,Nhà ở,,,,https://alonhadat.com.vn/-nha-dang-cho-thue-18trieu-thang-sap-het-hop-dong-can-ban-gap-820-trieu--18632877.html,https://alonhadat.com.vn/-nha-dang-cho-thue-18trieu-thang-sap-het-hop-dong-can-ban-gap-820-trieu--18632877.html,2026-06-07,2026-06-07 20:16:10.418495,,1450,15104166.666666666,0,0
alonhadat,sale_student_csv,alonhadat_duc_18575549,18575549,"Bán nhà MT Trương Phước Phan, 5 x 16m, cấp 4, giá 8.2 tỷ. (KD sầm uất)",8199999999.999999,"8,2 tỷ",82,1,"Đường Trương Phước Phan, Phường Bình Trị Đông, Hồ Chí Minh",Phường Bình Trị Đông,,Quận Bình Tân,1020,Nhà ở,,,,https://alonhadat.com.vn/ban-nha-mt-truong-phuoc-phan-5-x-16m-cap-4-gia-8-2-ty-kd-sam-uat--18575549.html,https://alonhadat.com.vn/ban-nha-mt-truong-phuoc-phan-5-x-16m-cap-4-gia-8-2-ty-kd-sam-uat--18575549.html,2026-06-07,2026-06-07 20:16:10.418495,,8199.999999999998,99999999.99999999,0,0
alonhadat,sale_student_csv,alonhadat_duc_18721910,18721910,"BÁN NHÀ KHU TÊN LỬA, MT ĐƯỜNG SỐ 26, DT 6 X 20M, 3.5 TẤM, 15.3 TỶ. GẦN AEON MALL",15300000000,"15,3 tỷ",120,5,"Đường Tên Lửa, Phường An Lạc, Hồ Chí Minh",Phường Bình Trị Đông B,,Quận Bình Tân,1020,Nhà ở,,,,https://alonhadat.com.vn/ban-nha-khu-ten-lua-mt-duong-so-26-dt-6-x-20m-3-5-tam-15-3-ty-gan-aeon-mall-18721910.html,https://alonhadat.com.vn/ban-nha-khu-ten-lua-mt-duong-so-26-dt-6-x-20m-3-5-tam-15-3-ty-gan-aeon-mall-18721910.html,2026-06-07,2026-06-07 20:16:10.418495,,15300,127500000,0,0
alonhadat,sale_student_csv,alonhadat_duc_18588139,18588139,📢 LÊ TRỌNG TẤN- AEON CHỦ HẠ GIÁ VỀ NỬA DƯỚI 6X. Đ. NHÀ XÂY MỚI 4 TẦNG HẺM NHỰA 7M,6500000000,"6,5 tỷ",50,4,"Đường Số 3, Phường Bình Hưng Hòa, Hồ Chí Minh",Phường Bình Hưng Hòa,,Quận Bình Tân,1020,Nhà ở,,,,https://alonhadat.com.vn/-chi-6-6d-nha-xay-moi-nguyen-seal-ngay-aeon-binh-hung-hoa-4-tang-4-2-x12-m-hem-6-m--18588139.html,https://alonhadat.com.vn/-chi-6-6d-nha-xay-moi-nguyen-seal-ngay-aeon-binh-hung-hoa-4-tang-4-2-x12-m-hem-6-m--18588139.html,2026-06-07,2026-06-07 20:16:10.418495,,6500,130000000,0,0
alonhadat,sale_student_csv,alonhadat_duc_16584394,16584394,Bàn Nhà Lê Văn Quới Gò Xoài 68m2 4Tầng NT Cao Cấp Chỉ 7.35 Tỷ Tl,7350000000,"7,35 tỷ",64,4,"Đường Gò Xoài, Phường Bình Hưng Hòa, Hồ Chí Minh",Phường Bình Hưng Hòa A,,Quận Bình Tân,1020,Nhà ở,,,,https://alonhadat.com.vn/ban-nha-canh-mt-go-xoai-64m2-4-tang-nt-cao-cap-chi-7-7-ty-tl-16584394.html,https://alonhadat.com.vn/ban-nha-canh-mt-go-xoai-64m2-4-tang-nt-cao-cap-chi-7-7-ty-tl-16584394.html,2026-06-07,2026-06-07 20:16:10.418495,,7350,114843750,0,0
alonhadat,sale_student_csv,alonhadat_duc_18756699,18756699,BÁN NHÀ MẶT TIỀN KHU VIP TÊN LỬA ( DT 90m2 - 5 tầng ) MẶT TIỀN SẦM UẤT- Dòng tiền 60 triệu,12600000000,"12,6 tỷ",90,15,"Đường Trần Văn Giàu, Phường Bình Trị Đông, Hồ Chí Minh",Phường Bình Trị Đông,,Quận Bình Tân,1020,Nhà ở,,,,https://alonhadat.com.vn/ban-nha-mat-tien-khu-vip-ten-lua-dt-90m2-5-tang-mat-tien-sam-uat-dong-tien-60-trieu-18756699.html,https://alonhadat.com.vn/ban-nha-mat-tien-khu-vip-ten-lua-dt-90m2-5-tang-mat-tien-sam-uat-dong-tien-60-trieu-18756699.html,2026-06-07,2026-06-07 20:16:10.418495,,12600,140000000,0,0
alonhadat,sale_student_csv,alonhadat_duc_18758580,18758580,"Nhà đẹp An Lạc, khu Sinco 4PN,DT 60 M2, Nhỉnh 8 Tỏi",8500000000,"8,5 tỷ",60,4,"Đường Kinh Dương Vương, Phường An Lạc, Hồ Chí Minh",Phường An Lạc,,Quận Bình Tân,1020,Nhà ở,,,,https://alonhadat.com.vn/nha-dep-an-lac-khu-sinco-4pn-dt-60-m2-nhinh-8-toi-18758580.html,https://alonhadat.com.vn/nha-dep-an-lac-khu-sinco-4pn-dt-60-m2-nhinh-8-toi-18758580.html,2026-06-07,2026-06-07 20:16:10.418495,,8500,141666666.66666666,0,0
alonhadat,sale_student_csv,alonhadat_duc_18440956,18440956,GIÁP TÊN LỬA CHƯA QUA QUỐC LỘ - HẺM NHỰA XE TẢI 8M - TỈNH LỘ 10 -DT: 4*16M – 7 TỶ 690,7690000000,"7,69 tỷ",64,5,"Tỉnh lộ 10, Phường Tân Tạo, Hồ Chí Minh",Phường Tân Tạo,,Quận Bình Tân,1020,Nhà ở,,,,https://alonhadat.com.vn/giap-ten-lua-chua-qua-quoc-lo-hem-nhua-xe-tai-8m-tinh-lo-10-dt-4-16m-7-ty-18440956.html,https://alonhadat.com.vn/giap-ten-lua-chua-qua-quoc-lo-hem-nhua-xe-tai-8m-tinh-lo-10-dt-4-16m-7-ty-18440956.html,2026-06-07,2026-06-07 20:16:10.418495,,7690,120156250,0,0
alonhadat,sale_student_csv,alonhadat_duc_18757658,18757658,Mặt Tiền Khu Tên Lửa ( 6 * 16.5 ) 4 Lầu Thang Máy 13.8 Tỷ,13800000000,"13,8 tỷ",99,5,"Đường Tên Lửa, Phường An Lạc, Hồ Chí Minh",Phường An Lạc,,Quận Bình Tân,1020,Nhà ở,,,,https://alonhadat.com.vn/mat-tien-khu-ten-lua-6-16-5-4-lau-thang-may-13-8-ty-18757658.html,https://alonhadat.com.vn/mat-tien-khu-ten-lua-6-16-5-4-lau-thang-may-13-8-ty-18757658.html,2026-06-07,2026-06-07 20:16:10.418495,,13800,139393939.3939394,0,0
alonhadat,sale_student_csv,alonhadat_duc_18757126,18757126,"Nhà Hẻm Xe Hơi 1 sẹc gần Mặt Tiền Khu Lê Văn Quới, 80m2 ( 4 x 20 ) 5 Tầng 5PN 6WC",6800000000,"6,8 tỷ",80,5,"Đường Mã Lò, Phường Bình Trị Đông, Hồ Chí Minh",Phường Bình Trị Đông,,Quận Bình Tân,1020,Nhà ở,,,,https://alonhadat.com.vn/nha-hem-xe-hoi-1-sec-gan-mat-tien-khu-le-van-quoi-80m2-4-x-20-5-tang-5pn-5wc-18757126.html,https://alonhadat.com.vn/nha-hem-xe-hoi-1-sec-gan-mat-tien-khu-le-van-quoi-80m2-4-x-20-5-tang-5pn-5wc-18757126.html,2026-06-07,2026-06-07 20:16:10.418495,,6800,85000000,0,0
alonhadat,sale_student_csv,alonhadat_duc_18757383,18757383,BÁN NHÀ KDC TÊN LỬA CẬP KINH DƯƠNG VƯƠNG HXH 8M DTSD 120M2 CHỈ HƠN 5TỶ,5500000000,"5,5 tỷ",60,4,"Đường Tên Lửa, Phường An Lạc, Hồ Chí Minh",Phường An Lạc,,Quận Bình Tân,1020,Nhà ở,,,,https://alonhadat.com.vn/ban-nha-kdc-ten-lua-cap-kinh-duong-vuong-hxh-8m-dtsd-120m2-chi-hon-5ty-18757383.html,https://alonhadat.com.vn/ban-nha-kdc-ten-lua-cap-kinh-duong-vuong-hxh-8m-dtsd-120m2-chi-hon-5ty-18757383.html,2026-06-07,2026-06-07 20:16:10.418495,,5500,91666666.66666667,0,0
alonhadat,sale_student_csv,alonhadat_duc_18614772,18614772,"4x11, nhà có 2 lầu mới đường số 3, giáp Thạch LAM",4600000000,"4,6 tỷ",44,3,"Đường Số 3, Phường Bình Hưng Hòa, Hồ Chí Minh",Phường Bình Hưng Hòa A,,Quận Bình Tân,1020,Nhà ở,,,,https://alonhadat.com.vn/4x11-nha-co-2-lau-moi-duong-so-3-giap-thach-lam-18614772.html,https://alonhadat.com.vn/4x11-nha-co-2-lau-moi-duong-so-3-giap-thach-lam-18614772.html,2026-06-07,2026-06-07 20:16:10.418495,,4600,104545454.54545455,0,0
alonhadat,sale_student_csv,alonhadat_duc_18619397,18619397,"NHÀ BÁN MT KINH DOANH, ĐƯỜNG LÊ ĐÌNH CẨN, 4 X 20M, CẤP 4, GIÁ 8.1 TỶ",8100000000,"8,1 tỷ",80,1,"Tỉnh lộ 10, Phường Tân Tạo, Hồ Chí Minh",Phường Tân Tạo,,Quận Bình Tân,1020,Nhà ở,,,,https://alonhadat.com.vn/nha-ban-mt-kinh-doanh-duong-le-dinh-can-4-x-20m-cap-4-gia-8-1-ty-18619397.html,https://alonhadat.com.vn/nha-ban-mt-kinh-doanh-duong-le-dinh-can-4-x-20m-cap-4-gia-8-1-ty-18619397.html,2026-06-07,2026-06-07 20:16:10.418495,,8100,101250000,0,0
alonhadat,sale_student_csv,alonhadat_duc_18090693,18090693,LÔ GỐC 2 MẶT TIỀN KINH DOANH KHÔNG LỘ GIỚI NGAY TÊN LỬA 60M2 4 TẦNG DÒNG TIỀN 20TR,7980000000,"7,98 tỷ",60,4,"Đường Số 12, Phường An Lạc, Hồ Chí Minh",Phường An Lạc A,,Quận Bình Tân,1020,Nhà ở,,,,https://alonhadat.com.vn/lo-goc-2-mat-tien-kinh-doanh-khong-lo-gioi-ngay-ten-lua-60m2-4-tang-dong-tien-20tr-18090693.html,https://alonhadat.com.vn/lo-goc-2-mat-tien-kinh-doanh-khong-lo-gioi-ngay-ten-lua-60m2-4-tang-dong-tien-20tr-18090693.html,2026-06-07,2026-06-07 20:16:10.418495,,7980,133000000,0,0
alonhadat,sale_student_csv,alonhadat_duc_18167767,18167767,"NHÀ MẶT TIỀN ĐƯỜNG 20M KINH DOANH CỰC VIP KDC NAM HÙNG VƯƠNG,VÕ VĂN KIỆT 4 TẦNG,80M2,",12400000000,"12,4 tỷ",80,4,"Đường Số 2D, Phường An Lạc, Hồ Chí Minh",Phường An Lạc,,Quận Bình Tân,1020,Nhà ở,,,,https://alonhadat.com.vn/nha-mat-tien-duong-20m-kinh-doanh-cuc-vip-kdc-nam-hung-vuong-vo-van-kiet-4-tang-80m2--18167767.html,https://alonhadat.com.vn/nha-mat-tien-duong-20m-kinh-doanh-cuc-vip-kdc-nam-hung-vuong-vo-van-kiet-4-tang-80m2--18167767.html,2026-06-07,2026-06-07 20:16:10.418495,,12400,155000000,0,0
alonhadat,sale_student_csv,alonhadat_duc_18170239,18170239,"Nhà MẶT TIỀN KINH DOANH KDC NAM HÙNG VƯƠNG,VÕ VĂN KIỆT 3 TẦNG,80M2(4×20)GẦN TÊN LỬA,",8199999999.999999,"8,2 tỷ",80,4,"Đường Số 6, Phường An Lạc, Hồ Chí Minh",Phường An Lạc,,Quận Bình Tân,1020,Nhà ở,,,,https://alonhadat.com.vn/nha-mat-tien-kinh-doanh-kdc-nam-hung-vuong-vo-van-kiet-3-tang-80m2-4-20-gan-ten-lua--18170239.html,https://alonhadat.com.vn/nha-mat-tien-kinh-doanh-kdc-nam-hung-vuong-vo-van-kiet-3-tang-80m2-4-20-gan-ten-lua--18170239.html,2026-06-07,2026-06-07 20:16:10.418495,,8199.999999999998,102499999.99999999,0,0
alonhadat,sale_student_csv,alonhadat_duc_18707179,18707179,"Bán nhà MT 4 tầng, đường số 2 sát khu dân cư Tên Lửa Bình Tân giá 9 tỷ",9000000000,9 tỷ,120,13,"Đường Số 2, Phường Tân Tạo, Hồ Chí Minh",Phường Tân Tạo A,,Quận Bình Tân,1020,Nhà ở,,,,https://alonhadat.com.vn/ban-nha-mt-4-tang-duong-so-2-sat-khu-dan-cu-ten-lua-binh-tan-gia-9-ty-18707179.html,https://alonhadat.com.vn/ban-nha-mt-4-tang-duong-so-2-sat-khu-dan-cu-ten-lua-binh-tan-gia-9-ty-18707179.html,2026-06-07,2026-06-07 20:16:10.418495,,9000,75000000,0,0
alonhadat,sale_student_csv,alonhadat_duc_18759029,18759029,BÁN NHÀ ĐẸP CẠNH LÊ TRỌNG TẤ.N - NGÃ TƯ GÒ MÂ.Y - ĐƯỜNG XE TẢI - ( 4X20M ),4500000000,"4,5 tỷ",80,3,"Đường Hồ Văn Long, Phường Bình Tân, Hồ Chí Minh",Phường Bình Tân,,Quận Bình Tân,1020,Nhà ở,,,,https://alonhadat.com.vn/ban-nha-dep-canh-le-trong-ta-n-nga-tu-go-ma-y-duong-xe-tai-4x20m--18759029.html,https://alonhadat.com.vn/ban-nha-dep-canh-le-trong-ta-n-nga-tu-go-ma-y-duong-xe-tai-4x20m--18759029.html,2026-06-07,2026-06-07 20:16:10.418495,,4500,56250000,0,0
alonhadat,sale_student_csv,alonhadat_duc_18752490,18752490,Giáp Liên Khu 5-6 - 5 Tầng – Đường Số 6 -BHHB - Bình Tân – Dt: 4*22.5m - 7 Tỷ 7,7700000000,"7,7 tỷ",90,4,"Đường Số 6, Phường Bình Tân, Hồ Chí Minh",Phường Bình Hưng Hòa B,,Quận Bình Tân,1020,Nhà ở,,,,https://alonhadat.com.vn/giap-lien-khu-5-6-5-tang-duong-so-6-bhhb-binh-tan-dt-4-22-5m-7-ty-7-18752490.html,https://alonhadat.com.vn/giap-lien-khu-5-6-5-tang-duong-so-6-bhhb-binh-tan-dt-4-22-5m-7-ty-7-18752490.html,2026-06-07,2026-06-07 20:16:10.418495,,7700,85555555.55555555,0,0
alonhadat,sale_student_csv,alonhadat_duc_18736456,18736456,NHÀ ĐÚC 4 TẦNG - HẺM NHỰA 5M - DIỆN TÍCH 4 X 14 MÉT- BÌNH HƯNG HÒA - BÌNH TÂN,7000000000,7 tỷ,56,4,"Đường 26 tháng 3, Phường Bình Hưng Hòa, Hồ Chí Minh",Phường Bình Hưng Hòa,,Quận Bình Tân,1020,Nhà ở,,,,https://alonhadat.com.vn/nha-duc-4-tang-hem-nhua-5m-dien-tich-4-x-14-met-binh-hung-hoa-binh-tan-18736456.html,https://alonhadat.com.vn/nha-duc-4-tang-hem-nhua-5m-dien-tich-4-x-14-met-binh-hung-hoa-binh-tan-18736456.html,2026-06-07,2026-06-07 20:16:10.418495,,7000,125000000,0,0
alonhadat,sale_student_csv,alonhadat_duc_18731736,18731736,"NHÀ ĐẸP HƯƠNG LỘ 2, 4X20 80M2, HẺM XE TẢI",7000000000,7 tỷ,80,4,"Đường Hương lộ 2, Phường Bình Tân, Hồ Chí Minh",Phường Bình Trị Đông A,,Quận Bình Tân,1020,Nhà ở,,,,https://alonhadat.com.vn/nha-dep-huong-lo-2-4x20-80m2-hem-xe-tai-18731736.html,https://alonhadat.com.vn/nha-dep-huong-lo-2-4x20-80m2-hem-xe-tai-18731736.html,2026-06-07,2026-06-07 20:16:10.418495,,7000,87500000,0,0
alonhadat,sale_student_csv,alonhadat_duc_18741801,18741801,NHÀ 3 TẦNG NGAY PHAN ANH - GIÁP TÂN PHÚ - 130M2 - NGANG 6 NỞ HẬU 9- BÌNH TÂN,10000000000,10 tỷ,130,4,"Đường Phan Anh, Phường Bình Trị Đông, Hồ Chí Minh",Phường Bình Trị Đông,,Quận Bình Tân,1020,Nhà ở,,,,https://alonhadat.com.vn/nha-3-tang-ngay-phan-anh-giap-tan-phu-130m2-ngang-6-no-hau-9-binh-tan-18741801.html,https://alonhadat.com.vn/nha-3-tang-ngay-phan-anh-giap-tan-phu-130m2-ngang-6-no-hau-9-binh-tan-18741801.html,2026-06-07,2026-06-07 20:16:10.418495,,10000,76923076.92307693,0,0
alonhadat,sale_student_csv,alonhadat_duc_18758534,18758534,TỈNH LỘ 10 - BÌNH TÂN - 70M2 - 4X22M - 6.X TỶ - DÒNG TIỀN 13.5 TRIỆU/THÁNG,6650000000,"6,65 tỷ",70,4,"Tỉnh lộ 10, Phường An Lạc, Hồ Chí Minh",Phường Bình Trị Đông B,,Quận Bình Tân,1020,Nhà ở,,,,https://alonhadat.com.vn/tinh-lo-10-binh-tan-70m2-4x22m-6-x-ty-dong-tien-13-5-trieu-thang-18758534.html,https://alonhadat.com.vn/tinh-lo-10-binh-tan-70m2-4x22m-6-x-ty-dong-tien-13-5-trieu-thang-18758534.html,2026-06-07,2026-06-07 20:16:10.418495,,6650,95000000,0,0
alonhadat,sale_student_csv,alonhadat_duc_18756387,18756387,♨️ - NGAY VÒNG XOAY AN LẠC BÌNH TÂN - 3 TÂNG BTCT - 86M2 - NGANG 5M NỞ HẬU - 4.65 TỶ.,4650000000,"4,65 tỷ",86,5,"Đường Lê Tấn Bê, Phường An Lạc, Hồ Chí Minh",Phường An Lạc,,Quận Bình Tân,1020,Nhà ở,,,,https://alonhadat.com.vn/-ngay-vong-xoay-an-lac-binh-tan-3-tang-btct-86m2-ngang-5m-no-hau-4-65-ty--18756387.html,https://alonhadat.com.vn/-ngay-vong-xoay-an-lac-binh-tan-3-tang-btct-86m2-ngang-5m-no-hau-4-65-ty--18756387.html,2026-06-07,2026-06-07 20:16:10.418495,,4650,54069767.44186047,0,0
alonhadat,sale_student_csv,alonhadat_duc_18758440,18758440,TỈNH LỘ 10 - BÌNH TÂN - 88M2 - 5X20M - 8.X TỶ - HẺM 12M KINH DOANH,8750000000,"8,75 tỷ",100,2,"Tỉnh lộ 10, Phường An Lạc, Hồ Chí Minh",Phường Bình Trị Đông B,,Quận Bình Tân,1020,Nhà ở,,,,https://alonhadat.com.vn/tinh-lo-10-binh-tan-88m2-5x20m-8-x-ty-hem-12m-kinh-doanh-18758440.html,https://alonhadat.com.vn/tinh-lo-10-binh-tan-88m2-5x20m-8-x-ty-hem-12m-kinh-doanh-18758440.html,2026-06-07,2026-06-07 20:16:10.418495,,8750,87500000,0,0
alonhadat,sale_student_csv,alonhadat_duc_18324271,18324271,"🔥HXH5m Bến Lội -Bình Trị Đông A, Q Bình Tân Dt 4x14m giá 3️⃣ty8",3800000000,"3,8 tỷ",56,2,"Đường Tây Lân, Phường Bình Tân, Hồ Chí Minh",Phường Bình Trị Đông A,,Quận Bình Tân,1020,Nhà ở,,,,https://alonhadat.com.vn/-hxh5m-ben-loi-binh-tri-dong-a-q-binh-tan-dt-4x14m-gia-3-ty8-18324271.html,https://alonhadat.com.vn/-hxh5m-ben-loi-binh-tri-dong-a-q-binh-tan-dt-4x14m-gia-3-ty8-18324271.html,2026-06-07,2026-06-07 20:16:10.418495,,3800,67857142.85714285,0,0
alonhadat,sale_student_csv,alonhadat_duc_18264471,18264471,"🏡 NHÀ ĐẸP GẦN TÊN LỬA –Tỉnh Lộ 10, Bình Tân Dt 4x12m giá 3️⃣ty9",3900000000,"3,9 tỷ",48,2,"Tỉnh lộ 10, Phường Tân Tạo, Hồ Chí Minh",Phường Tân Tạo,,Quận Bình Tân,1020,Nhà ở,,,,https://alonhadat.com.vn/-nha-dep-gan-ten-lua-tinh-lo-10-binh-tan-dt-4x12m-gia-3-ty9-18264471.html,https://alonhadat.com.vn/-nha-dep-gan-ten-lua-tinh-lo-10-binh-tan-dt-4x12m-gia-3-ty9-18264471.html,2026-06-07,2026-06-07 20:16:10.418495,,3900,81250000,0,0
alonhadat,sale_student_csv,alonhadat_duc_18757214,18757214,"BÁN NHÀ GIÁ RẺ ĐƯỜNG CÂY CÁM–MỚI 3 TẦNG - HẺM XE TẢI – DT 88M² – GIÁ 5,4 TỶ TL",5400000000,"5,4 tỷ",88,4,"Đường Cây Cám, Phường Bình Tân, Hồ Chí Minh",Phường Bình Hưng Hòa B,,Quận Bình Tân,1020,Nhà ở,,,,https://alonhadat.com.vn/ban-nha-gia-re-duong-cay-cam-moi-3-tang-hem-xe-tai-dt-88m-gia-5-4-ty-tl-18757214.html,https://alonhadat.com.vn/ban-nha-gia-re-duong-cay-cam-moi-3-tang-hem-xe-tai-dt-88m-gia-5-4-ty-tl-18757214.html,2026-06-07,2026-06-07 20:16:10.418495,,5400,61363636.36363637,0,0
alonhadat,sale_student_csv,alonhadat_duc_18659611,18659611,"GÓC 2 MẶT ĐƯỜNG – HẺM XE HƠI 574 KINH DƯƠNG VƯƠNG – 7.5 x 10M, 5.9 TỶ.",5900000000,"5,9 tỷ",73,2,"Đường Kinh Dương Vương, Phường An Lạc, Hồ Chí Minh",Phường Bình Trị Đông B,,Quận Bình Tân,1040,Đất,,,,https://alonhadat.com.vn/goc-2-mat-duong-hem-xe-hoi-574-kinh-duong-vuong-7-5-x-10m-5-9-ty--18659611.html,https://alonhadat.com.vn/goc-2-mat-duong-hem-xe-hoi-574-kinh-duong-vuong-7-5-x-10m-5-9-ty--18659611.html,2026-06-07,2026-06-07 20:16:10.418495,,5900,80821917.80821918,0,0
alonhadat,sale_student_csv,alonhadat_duc_18664288,18664288,"Nhà mới 100% hương lộ 2 giá 7,85tỷ 3tầng 80m2",7850000000,"7,85 tỷ",80,4,"Đường Hương lộ 2, Phường Bình Trị Đông, Hồ Chí Minh",Phường Bình Trị Đông,,Quận Bình Tân,1040,Đất,,,,https://alonhadat.com.vn/nha-moi-100-huong-lo-2-gia-7-85ty-3tang-80m2-18664288.html,https://alonhadat.com.vn/nha-moi-100-huong-lo-2-gia-7-85ty-3tang-80m2-18664288.html,2026-06-07,2026-06-07 20:16:10.418495,,7850,98125000,0,0
alonhadat,sale_student_csv,alonhadat_duc_18752809,18752809,"🔥Bán nhà Lê Văn Quới gần ngã tư 4 xã , ngang bề thế",7500000000,"7,5 tỷ",103,10,"Đường Lê Văn Quới, Phường Bình Hưng Hòa, Hồ Chí Minh",Phường Bình Hưng Hòa,,Quận Bình Tân,1040,Đất,,,,https://alonhadat.com.vn/-ban-nha-le-van-quoi-gan-nga-tu-4-xa-ngang-be-the-18752809.html,https://alonhadat.com.vn/-ban-nha-le-van-quoi-gan-nga-tu-4-xa-ngang-be-the-18752809.html,2026-06-07,2026-06-07 20:16:10.418495,,7500,72815533.98058252,0,0
alonhadat,sale_student_csv,alonhadat_duc_18728825,18728825,Bán 5×20 đất tặng nhà cấp 4 khu tân tạo kế tên lửa,5500000000,"5,5 tỷ",100,2,"Đường Số 6, Phường Tân Tạo, Hồ Chí Minh",Phường Tân Tạo A,,Quận Bình Tân,1040,Đất,,,,https://alonhadat.com.vn/nha-moi-2-tang-53m2-hem-8m-duong-tinh-lo-10-18728825.html,https://alonhadat.com.vn/nha-moi-2-tang-53m2-hem-8m-duong-tinh-lo-10-18728825.html,2026-06-07,2026-06-07 20:16:10.418495,,5500,55000000,0,0
alonhadat,sale_student_csv,alonhadat_duc_18756011,18756011,MẶT TIỀN KHU CHỢ GÒ XOÀI Q BÌNH TÂN 4X22 86M² TIỆN XÂY MỚI GẤP BÁN GIÁ QUANH 5TỎI,5450000000,"5,45 tỷ",86,4,"Đường Gò Xoài, Phường Bình Hưng Hòa, Hồ Chí Minh",Phường Bình Hưng Hòa A,,Quận Bình Tân,1040,Đất,,,,https://alonhadat.com.vn/mat-tien-khu-cho-go-xoai-q-binh-tan-4x22-86m-tien-xay-moi-gap-ban-gia-quanh-5toi-18756011.html,https://alonhadat.com.vn/mat-tien-khu-cho-go-xoai-q-binh-tan-4x22-86m-tien-xay-moi-gap-ban-gia-quanh-5toi-18756011.html,2026-06-07,2026-06-07 20:16:10.418495,,5450,63372093.02325582,0,0
alonhadat,sale_student_csv,alonhadat_duc_18755324,18755324,MẶT TIỀN TÂN PHÚ - 5 TẦNG - NGANG LỚN 5M - DT (120m2 )- ĐANG KINH DOANH SPA - SÁT AEON MA,16000000000,16 tỷ,120,7,"Đường Lê Trọng Tấn, Phường Bình Tân, Hồ Chí Minh",Phường Bình Tân,,Quận Bình Tân,1040,Đất,,,,https://alonhadat.com.vn/mat-tien-tan-phu-5-tang-ngang-lon-5m-dt-120m2-dang-kinh-doanh-spa-sat-aeon-ma-18755324.html,https://alonhadat.com.vn/mat-tien-tan-phu-5-tang-ngang-lon-5m-dt-120m2-dang-kinh-doanh-spa-sat-aeon-ma-18755324.html,2026-06-07,2026-06-07 20:16:10.418495,,16000,133333333.33333333,0,0
alonhadat,sale_student_csv,alonhadat_duc_18758472,18758472,TỈNH LỘ 10 - BÌNH TÂN - 86M2 - 4X21.5M - 7.X TỶ - ĐƯỜNG 8M THÔNG,7600000000,"7,6 tỷ",86,2,"Tỉnh lộ 10, Phường An Lạc, Hồ Chí Minh",Phường Bình Trị Đông B,,Quận Bình Tân,1040,Đất,,,,https://alonhadat.com.vn/tinh-lo-10-binh-tan-86m2-4x21-5m-7-x-ty-duong-8m-thong-18758472.html,https://alonhadat.com.vn/tinh-lo-10-binh-tan-86m2-4x21-5m-7-x-ty-duong-8m-thong-18758472.html,2026-06-07,2026-06-07 20:16:10.418495,,7600,88372093.02325581,0,0
alonhadat,sale_student_csv,alonhadat_duc_18757351,18757351,"🔥 BÁN ĐẤT TẶNG NHÀ – KHU DÂN CƯ TÊN LỬA, BÌNH TÂN 🔥",7950000000,"7,95 tỷ",64,3,"Đường Số 48, Phường Tân Tạo, Hồ Chí Minh",Phường Tân Tạo,,Quận Bình Tân,1040,Đất,,,,https://alonhadat.com.vn/-ban-dat-tang-nha-khu-dan-cu-ten-lua-binh-tan--18757351.html,https://alonhadat.com.vn/-ban-dat-tang-nha-khu-dan-cu-ten-lua-binh-tan--18757351.html,2026-06-07,2026-06-07 20:16:10.418495,,7950,124218750,0,0
alonhadat,sale_student_csv,alonhadat_duc_18695880,18695880,"📢 🔥BÁN ĐẤT TẶNG NHÀ 50M² - 4 X12,5M. GIÁ 4,2 TỶ. NGAY QL1A - BÌNH HƯNG HÒA, BÌNH TÂN",4200000000,"4,2 tỷ",50,2,"Đường Số 6, Phường Bình Hưng Hòa, Hồ Chí Minh",Phường Bình Hưng Hòa,,Quận Bình Tân,1040,Đất nền,,,,https://alonhadat.com.vn/-ban-dat-tang-nha-50m-4-x12-5m-gia-4-2-ty-ngay-ql1a-binh-hung-hoa-binh-tan-18695880.html,https://alonhadat.com.vn/-ban-dat-tang-nha-50m-4-x12-5m-gia-4-2-ty-ngay-ql1a-binh-hung-hoa-binh-tan-18695880.html,2026-06-07,2026-06-07 20:16:10.418495,,4200,84000000,0,0
alonhadat,sale_student_csv,alonhadat_duc_18435385,18435385,"Bán biệt thự Lê Đức Thọ , 10x21m , hẻm 10m",21790000000,"21,79 tỷ",210,5,"Đường Lê Đức Thọ, Phường Gò Vấp, Hồ Chí Minh",Phường 17,,Quận Gò Vấp,1020,Biệt thự,,,,https://alonhadat.com.vn/ban-biet-thu-le-duc-tho-10x21m-hem-10m-hon-20-ty-18435385.html,https://alonhadat.com.vn/ban-biet-thu-le-duc-tho-10x21m-hem-10m-hon-20-ty-18435385.html,2026-06-07,2026-06-07 20:16:10.418495,,21790,103761904.76190476,0,0
alonhadat,sale_student_csv,alonhadat_duc_16872708,16872708,"Biệt thự 2 mặt tiền đường Số 8, khu dân cư Cityland, 15x20m, hầm 4 tầng TM, giá 75 tỷ",75000000000,75 tỷ,300,5,"Đường Số 8, Phường An Nhơn, Hồ Chí Minh",Phường 5,,Quận Gò Vấp,1020,Biệt thự,,,,https://alonhadat.com.vn/biet-thu-2-mat-tien-duong-so-8-khu-dan-cu-cityland-15x20m-ham-4-tang-tm-gia-80-ty-16872708.html,https://alonhadat.com.vn/biet-thu-2-mat-tien-duong-so-8-khu-dan-cu-cityland-15x20m-ham-4-tang-tm-gia-80-ty-16872708.html,2026-06-07,2026-06-07 20:16:10.418495,,75000,250000000,0,0
alonhadat,sale_student_csv,alonhadat_duc_16380933,16380933,"Nhanh tay biệt thự Nguyễn Oanh P17 gv, 12.5x18m cn 215m2 giá chỉ 19 tỷ Hàng hiếm có 102",19000000000,19 tỷ,215,5,"Đường Nguyễn Oanh, Phường Gò Vấp, Hồ Chí Minh",Phường 17,,Quận Gò Vấp,1020,Biệt thự,,,,https://alonhadat.com.vn/khuon-dat-dep-xay-biet-thu-nguyen-oanh-p17-gv-12-5x18m-cn-215m2-gia-chi-24-ty-tl-16380933.html,https://alonhadat.com.vn/khuon-dat-dep-xay-biet-thu-nguyen-oanh-p17-gv-12-5x18m-cn-215m2-gia-chi-24-ty-tl-16380933.html,2026-06-07,2026-06-07 20:16:10.418495,,19000,88372093.02325581,0,0
alonhadat,sale_student_csv,alonhadat_duc_18750127,18750127,"Bán nhà HXH Đường Số 59, An Hội Tây, khu DreamHome sầm uất 151m nhỉnh 9 tỷ",9500000000,"9,5 tỷ",151,3,"Đường Số 59, Phường An Hội Tây, Hồ Chí Minh",Phường 14,,Quận Gò Vấp,1010,Căn hộ chung cư,,,,https://alonhadat.com.vn/ban-nha-hxh-duong-so-59-an-hoi-tay-khu-dreamhome-sam-uat-151m-nhinh-9-ty-18750127.html,https://alonhadat.com.vn/ban-nha-hxh-duong-so-59-an-hoi-tay-khu-dreamhome-sam-uat-151m-nhinh-9-ty-18750127.html,2026-06-07,2026-06-07 20:16:10.418495,,9500,62913907.28476821,0,0
alonhadat,sale_student_csv,alonhadat_duc_18410582,18410582,"BÁN NHÀ 4x16M KHU ĐỒNG BỘ CAO TẦNG VỊ TRÍ VÍP, NGAY CHUNG CƯ DREAM HOME, P14, GÒ VẤP",7950000000,"7,95 tỷ",63,7,"Đường Số 59, Phường An Hội Tây, Hồ Chí Minh",Phường 14,,Quận Gò Vấp,1010,Căn hộ chung cư,,,,https://alonhadat.com.vn/ban-nha-4x16m-khu-dong-bo-cao-tang-vi-tri-vip-ngay-chung-cu-dream-home-p14-go-vap-18410582.html,https://alonhadat.com.vn/ban-nha-4x16m-khu-dong-bo-cao-tang-vi-tri-vip-ngay-chung-cu-dream-home-p14-go-vap-18410582.html,2026-06-07,2026-06-07 20:16:10.418495,,7950,126190476.1904762,0,0
alonhadat,sale_student_csv,alonhadat_duc_18757456,18757456,"Bán căn hộ dịch vụ Thống Nhất, P.16, Gò Vấp, 31 phòng có thang máy",36500000000,"36,5 tỷ",219,31,"Đường Thống Nhất, Phường An Hội Đông, Hồ Chí Minh",Phường 16,,Quận Gò Vấp,1010,Căn hộ chung cư,,,,https://alonhadat.com.vn/ban-can-ho-dich-vu-thong-nhat-p-16-go-vap-31-phong-co-thang-may-18757456.html,https://alonhadat.com.vn/ban-can-ho-dich-vu-thong-nhat-p-16-go-vap-31-phong-co-thang-may-18757456.html,2026-06-07,2026-06-07 20:16:10.418495,,36500,166666666.66666666,0,0
alonhadat,sale_student_csv,alonhadat_duc_18262391,18262391,"Bán nhà HXH 6m Dương Quảng Hàm,p5,Gò Vấp 4x27m cấp 4 giá 10.8 tỷ",10800000000,"10,8 tỷ",108,3,"Đường Dương Quảng Hàm, Phường An Nhơn, Hồ Chí Minh",Phường An Nhơn,,Quận Gò Vấp,1010,Căn hộ chung cư,,,,https://alonhadat.com.vn/ban-nha-hxh-6m-duong-quang-ham-p5-go-vap-4x27m-cap-4-gia-10-8-ty-18262391.html,https://alonhadat.com.vn/ban-nha-hxh-6m-duong-quang-ham-p5-go-vap-4x27m-cap-4-gia-10-8-ty-18262391.html,2026-06-07,2026-06-07 20:16:10.418495,,10800,100000000,0,0
alonhadat,sale_student_csv,alonhadat_duc_18757641,18757641,"Bán Nhà 4 Tầng, 4 x 16m, Đường Số 59, Dòng Tiền 40tr/ Tháng, 7.x Tỷ",7850000000,"7,85 tỷ",64,8,"Đường Số 59, Phường An Hội Tây, Hồ Chí Minh",Phường An Hội Tây,,Quận Gò Vấp,1010,Căn hộ chung cư,,,,https://alonhadat.com.vn/ban-nha-4-tang-4-x-16m-duong-so-59-dong-tien-40tr-thang-7-x-ty-18757641.html,https://alonhadat.com.vn/ban-nha-4-tang-4-x-16m-duong-so-59-dong-tien-40tr-thang-7-x-ty-18757641.html,2026-06-07,2026-06-07 20:16:10.418495,,7850,122656250,0,0
alonhadat,sale_student_csv,alonhadat_duc_18757158,18757158,HXH Lê văn thọ 4x14m 1T2L. giá có 6.8 tỷ,6800000000,"6,8 tỷ",56,4,"Đường Lê Văn Thọ, Phường An Hội Đông, Hồ Chí Minh",Phường An Hội Đông,,Quận Gò Vấp,1010,Căn hộ chung cư,,,,https://alonhadat.com.vn/hxh-le-van-tho-4x14m-1t2l-gia-co-6-8-ty-18757158.html,https://alonhadat.com.vn/hxh-le-van-tho-4x14m-1t2l-gia-co-6-8-ty-18757158.html,2026-06-07,2026-06-07 20:16:10.418495,,6800,121428571.42857143,0,0
alonhadat,sale_student_csv,alonhadat_duc_18709924,18709924,CHDV Gò Vấp- 9x30 m2 cực hiếm- 7 tầng+ thang máy- 200tr/th- 55 Tỷ TL,55000000000,55 tỷ,330,26,"Đường Nguyễn Du, Phường Hạnh Thông, Hồ Chí Minh",Phường 7,,Quận Gò Vấp,1010,Căn hộ chung cư,,,,https://alonhadat.com.vn/ban-chdv-mat-tien-94-nguyen-du-go-vap-200tr-thang-55-ty-18709924.html,https://alonhadat.com.vn/ban-chdv-mat-tien-94-nguyen-du-go-vap-200tr-thang-55-ty-18709924.html,2026-06-07,2026-06-07 20:16:10.418495,,55000,166666666.66666666,0,0
alonhadat,sale_student_csv,alonhadat_duc_18441111,18441111,GÓC 2 MẶT TIỀN - 120M2 - NGANG 7.8M - NGAY BỜ KÊNH THAM LƯƠNG - GIÁ 11.X TỶ,11900000000,"11,9 tỷ",120,4,"Đường Lê Đức Thọ, Phường An Hội Tây, Hồ Chí Minh",Phường An Hội Tây,,Quận Gò Vấp,1050,Nhà trọ,,,,https://alonhadat.com.vn/goc-2-mat-tien-120m2-ngang-7-8m-ngay-bo-kenh-tham-luong-gia-11-x-ty-18441111.html,https://alonhadat.com.vn/goc-2-mat-tien-120m2-ngang-7-8m-ngay-bo-kenh-tham-luong-gia-11-x-ty-18441111.html,2026-06-07,2026-06-07 20:16:10.418495,,11900,99166666.66666667,0,0
alonhadat,sale_student_csv,alonhadat_duc_18266005,18266005,"Cc Bán nhà mới Mặt tiền KD Lê Quang Định, P1, Gò Vấp, DT 4x15m, 4 tầng, giá 16,8 Tỷ",17500000000,"17,5 tỷ",57,4,"Đường Lê Quang Định, Phường Hạnh Thông, Hồ Chí Minh",Phường 1,,Quận Gò Vấp,1020,Nhà ở,,,,https://alonhadat.com.vn/chinh-chu-ban-nha-moi-mat-tien-kd-le-quang-dinh-p1-go-vap-dt-4x15m-4-tang-gia-17-5-ty-18266005.html,https://alonhadat.com.vn/chinh-chu-ban-nha-moi-mat-tien-kd-le-quang-dinh-p1-go-vap-dt-4x15m-4-tang-gia-17-5-ty-18266005.html,2026-06-07,2026-06-07 20:16:10.418495,,17500,307017543.8596491,0,0
alonhadat,sale_student_csv,alonhadat_duc_18743876,18743876,🔥 🔥8m MT HXH Phan Huy Ích - Giá siêu tốt - 5 lầu xây mới Full nội thất - Ngang gần 6m,7190000000,"7,19 tỷ",80,6,"Đường Phan Huy Ích, Phường An Hội Tây, Hồ Chí Minh",Phường An Hội Tây,,Quận Gò Vấp,1020,Nhà ở,,,,https://alonhadat.com.vn/-cach-mt-phan-huy-ich-30m-gia-hap-dan-5-lau-xay-moi-full-noi-that-ngang-gan-6m-18743876.html,https://alonhadat.com.vn/-cach-mt-phan-huy-ich-30m-gia-hap-dan-5-lau-xay-moi-full-noi-that-ngang-gan-6m-18743876.html,2026-06-07,2026-06-07 20:16:10.418495,,7190,89875000,0,0
alonhadat,sale_student_csv,alonhadat_duc_18755794,18755794,"Gảm 8 Tỷ Bán Gấp Nhà 4 Lầu mặt tiền đường 40m DƯƠNG QUẢNG HÀM, Gò Vấp, 7.2x22m, Chỉ 28 Tỷ",27900000000,"27,9 tỷ",158,6,"Đường Dương Quảng Hàm, Phường An Nhơn, Hồ Chí Minh",Phường 6,,Quận Gò Vấp,1020,Nhà ở,,,,https://alonhadat.com.vn/gam-8-ty-ban-gap-nha-4-lau-mat-tien-duong-40m-duong-quang-ham-go-vap-7-2x22m-chi-28-ty-18755794.html,https://alonhadat.com.vn/gam-8-ty-ban-gap-nha-4-lau-mat-tien-duong-40m-duong-quang-ham-go-vap-7-2x22m-chi-28-ty-18755794.html,2026-06-07,2026-06-07 20:16:10.418495,,27900,176582278.48101267,0,0
alonhadat,sale_student_csv,alonhadat_duc_18751373,18751373,"*HÀNG HIẾM* 9,4 Tỷ - Kinh doanh tốt - Nhà còn mới 4 Tầng x 60m² gần Ngã 6 Gò Vấp.",9400000000,"9,4 tỷ",60,6,"Đường Nguyễn Văn Công, Phường Hạnh Thông, Hồ Chí Minh",Phường 3,,Quận Gò Vấp,1020,Nhà ở,,,,https://alonhadat.com.vn/-hang-hiem-9-4-ty-kinh-doanh-tot-nha-con-moi-4-tang-x-60m-gan-nga-6-go-vap--18751373.html,https://alonhadat.com.vn/-hang-hiem-9-4-ty-kinh-doanh-tot-nha-con-moi-4-tang-x-60m-gan-nga-6-go-vap--18751373.html,2026-06-07,2026-06-07 20:16:10.418495,,9400,156666666.66666666,0,0
alonhadat,sale_student_csv,alonhadat_duc_18750177,18750177,"SIÊU PHẨM 5 Tầng - Mới - Đẹp - NỘI THẤT SANG - 7,9 tỷ - Hẻm 2 XE HƠI ra Nguyễn Thái Sơn",7900000000,"7,9 tỷ",44,4,"Đường Nguyễn Thái Sơn, Phường An Nhơn, Hồ Chí Minh",Phường 5,,Quận Gò Vấp,1020,Nhà ở,,,,https://alonhadat.com.vn/sieu-pham-5-tang-moi-dep-noi-that-sang-7-9-ty-hem-2-xe-hoi-ra-nguyen-thai-son-18750177.html,https://alonhadat.com.vn/sieu-pham-5-tang-moi-dep-noi-that-sang-7-9-ty-hem-2-xe-hoi-ra-nguyen-thai-son-18750177.html,2026-06-07,2026-06-07 20:16:10.418495,,7900,179545454.54545453,0,0
alonhadat,sale_student_csv,alonhadat_duc_18758957,18758957,"MT KINH DOANH ĐỈNH BÙI QUANG LÀ - GÒ VẤP DT 75M GIÁ CHÀO 7,5 TỶ",7500000000,"7,5 tỷ",75,3,"Đường Bùi Quang Là, Phường An Hội Tây, Hồ Chí Minh",Phường 12,,Quận Gò Vấp,1020,Nhà ở,,,,https://alonhadat.com.vn/mt-kinh-doanh-dinh-bui-quang-la-go-vap-dt-75m-gia-chao-7-5-ty-18758957.html,https://alonhadat.com.vn/mt-kinh-doanh-dinh-bui-quang-la-go-vap-dt-75m-gia-chao-7-5-ty-18758957.html,2026-06-07,2026-06-07 20:16:10.418495,,7500,100000000,0,0
alonhadat,sale_student_csv,alonhadat_duc_18743441,18743441,"Siêu Phẩm Nhà Phố Trên Đường Lê Thị Hồng,P17,Gò Vấp.Giá 3Tỷ660 sở hữu ngay.",3660000000,"3,66 tỷ",64,3,"Đường Lê Thị Hồng, Phường Gò Vấp, Hồ Chí Minh",Phường 17,,Quận Gò Vấp,1020,Nhà ở,,,,https://alonhadat.com.vn/sieu-pham-nha-pho-tren-duong-le-thi-hong-p17-go-vap-gia-3ty660-so-huu-ngay--18743441.html,https://alonhadat.com.vn/sieu-pham-nha-pho-tren-duong-le-thi-hong-p17-go-vap-gia-3ty660-so-huu-ngay--18743441.html,2026-06-07,2026-06-07 20:16:10.418495,,3660,57187500,0,0
alonhadat,sale_student_csv,alonhadat_duc_18758402,18758402,"**HẺM XE HƠI thông - Hơn 4 tỷ - Nhà 3Tầng x 47m² ra đường Quang Trung, Q. Gò Vấp",4200000000,"4,2 tỷ",47,4,"Đường Quang Trung, Phường Thông Tây Hội, Hồ Chí Minh",Phường 11,,Quận Gò Vấp,1020,Nhà ở,,,,https://alonhadat.com.vn/-hem-xe-hoi-thong-hon-4-ty-nha-3tang-x-47m-ra-duong-quang-trung-q-go-vap-18758402.html,https://alonhadat.com.vn/-hem-xe-hoi-thong-hon-4-ty-nha-3tang-x-47m-ra-duong-quang-trung-q-go-vap-18758402.html,2026-06-07,2026-06-07 20:16:10.418495,,4200,89361702.12765957,0,0
alonhadat,sale_student_csv,alonhadat_duc_18756826,18756826,"NHÀ PHỐ LUXURY 2 MẶT TIỀN GIÁP SÂN BAY,OTO VÀO NHÀ, 60m2,5 TẦNG SHR,CÓ THANG MÁY,CHỈ 9.99",9990000000,"9,99 tỷ",60,4,"Đường Nguyễn Thái Sơn, Phường An Nhơn, Hồ Chí Minh",Phường An Nhơn,,Quận Gò Vấp,1020,Nhà ở,,,,https://alonhadat.com.vn/nha-pho-luxury-2-mat-tien-giap-san-bay-oto-vao-nha-60m2-5-tang-shr-co-thang-may-chi-9-99-18756826.html,https://alonhadat.com.vn/nha-pho-luxury-2-mat-tien-giap-san-bay-oto-vao-nha-60m2-5-tang-shr-co-thang-may-chi-9-99-18756826.html,2026-06-07,2026-06-07 20:16:10.418495,,9990,166500000,0,0
alonhadat,sale_student_csv,alonhadat_duc_18718577,18718577,"BÁN NHÀ CHÍNH CHỦ 4 LẦU KHU ĐỒNG BỘ CAO TẦNG VIP, HẺM OTO LÊ ĐỨC THỌ, GÒ VẤP HOA HỒNG 1%",6950000000,"6,95 tỷ",52,5,"Đường Lê Đức Thọ, Phường An Hội Tây, Hồ Chí Minh",Phường 13,,Quận Gò Vấp,1020,Nhà ở,,,,https://alonhadat.com.vn/ban-nha-chinh-chu-4-lau-khu-dong-bo-cao-tang-vip-hem-oto-le-duc-tho-go-vap-hoa-hong-1--18718577.html,https://alonhadat.com.vn/ban-nha-chinh-chu-4-lau-khu-dong-bo-cao-tang-vip-hem-oto-le-duc-tho-go-vap-hoa-hong-1--18718577.html,2026-06-07,2026-06-07 20:16:10.418495,,6950,133653846.15384616,0,0
alonhadat,sale_student_csv,alonhadat_duc_18756133,18756133,BÁN NHÀ HUỲNH VĂN NGHỆ GÒ VẤP – 5 TẦNG – NGANG 4.5M – GIẢM 1 TỶ – CHỈ 8 TỶ NHỈNH Cần bán,8000000000,8 tỷ,68,5,"Đường Huỳnh Văn Nghệ, Phường An Hội Tây, Hồ Chí Minh",Phường 12,,Quận Gò Vấp,1020,Nhà ở,,,,https://alonhadat.com.vn/ban-nha-huynh-van-nghe-go-vap-5-tang-ngang-4-5m-giam-1-ty-chi-8-ty-nhinh-can-ban-18756133.html,https://alonhadat.com.vn/ban-nha-huynh-van-nghe-go-vap-5-tang-ngang-4-5m-giam-1-ty-chi-8-ty-nhinh-can-ban-18756133.html,2026-06-07,2026-06-07 20:16:10.418495,,8000,117647058.8235294,0,0
alonhadat,sale_student_csv,alonhadat_duc_17193180,17193180,"MẶT TIỀN KDC VIP LÊ THỊ HỒNG, 105M², 5.1X20, 4T, ĐƯỜNG 8M KINH DOANH, GARA OTO, THANG MÁY",18999000000,"18,999 tỷ",105,4,"Đường Lê Thị Hồng, Phường Gò Vấp, Hồ Chí Minh",Phường 17,,Quận Gò Vấp,1020,Nhà ở,,,,https://alonhadat.com.vn/mat-tien-kdc-vip-le-thi-hong-105m-5-1x20-4t-duong-8m-kinh-doanh-gara-oto-thang-may-17193180.html,https://alonhadat.com.vn/mat-tien-kdc-vip-le-thi-hong-105m-5-1x20-4t-duong-8m-kinh-doanh-gara-oto-thang-may-17193180.html,2026-06-07,2026-06-07 20:16:10.418495,,18999,180942857.14285713,0,0
alonhadat,sale_student_csv,alonhadat_duc_18757534,18757534,"Hẻm xe hơi 558 Lê Quang Định, 60m2, 2 lầu, 3 phòng ngủ, chỉ 5.9 tỷ",5900000000,"5,9 tỷ",60,3,"Đường Lê Quang Định, Phường Hạnh Thông, Hồ Chí Minh",Phường 1,,Quận Gò Vấp,1020,Nhà ở,,,,https://alonhadat.com.vn/hem-xe-hoi-558-le-quang-dinh-60m2-2-lau-3-phong-ngu-chi-5-9-ty-18757534.html,https://alonhadat.com.vn/hem-xe-hoi-558-le-quang-dinh-60m2-2-lau-3-phong-ngu-chi-5-9-ty-18757534.html,2026-06-07,2026-06-07 20:16:10.418495,,5900,98333333.33333333,0,0
alonhadat,sale_student_csv,alonhadat_duc_18757086,18757086,Bán nhà Bùi Quang Là - 4x15m - 3 tầng - chỉ 6.3 tỷ,6290000000,"6,29 tỷ",60,4,"Đường Bùi Quang Là, Phường An Hội Tây, Hồ Chí Minh",Phường 12,,Quận Gò Vấp,1020,Nhà ở,,,,https://alonhadat.com.vn/ban-nha-bui-quang-la-4x15m-3-tang-chi-6-3-ty-18757086.html,https://alonhadat.com.vn/ban-nha-bui-quang-la-4x15m-3-tang-chi-6-3-ty-18757086.html,2026-06-07,2026-06-07 20:16:10.418495,,6290,104833333.33333333,0,0
alonhadat,sale_student_csv,alonhadat_duc_18734814,18734814,GÒ VẤP - CHỦ NHIỆT BÁN - BÙI QUANG LÀ - 33M2 - 2 TẦNG - NHỈNH 4 TỶ,4530000000,"4,53 tỷ",33,2,"Đường Bùi Quang Là, Phường An Hội Tây, Hồ Chí Minh",Phường An Hội Tây,,Quận Gò Vấp,1020,Nhà ở,,,,https://alonhadat.com.vn/go-vap-chu-nhiet-ban-bui-quang-la-33m2-2-tang-nhinh-4-ty-18734814.html,https://alonhadat.com.vn/go-vap-chu-nhiet-ban-bui-quang-la-33m2-2-tang-nhinh-4-ty-18734814.html,2026-06-07,2026-06-07 20:16:10.418495,,4530,137272727.27272728,0,0
alonhadat,sale_student_csv,alonhadat_duc_16999627,16999627,NGỘP BANK - BÁN GẤP MẶT TIỀN LÊ ĐỨC THỌ - 81M2 - NỞ HẬU - GIÁ 12.X TỶ,12300000000,"12,3 tỷ",81,1,"Đường Lê Đức Thọ, Phường An Hội Đông, Hồ Chí Minh",Phường 15,,Quận Gò Vấp,1020,Nhà ở,,,,https://alonhadat.com.vn/ngop-bank-ban-gap-mat-tien-le-duc-tho-81m2-no-hau-gia-12-x-ty-16999627.html,https://alonhadat.com.vn/ngop-bank-ban-gap-mat-tien-le-duc-tho-81m2-no-hau-gia-12-x-ty-16999627.html,2026-06-07,2026-06-07 20:16:10.418495,,12300,151851851.85185185,0,0
alonhadat,sale_student_csv,alonhadat_duc_16999526,16999526,"MẶT TIỀN GẦN QUANG TRUNG - 4 TẦNG - 4,3X17 - 4PN - 70M2 - GIÁ 11.X TỶ",11990000000,"11,99 tỷ",70,4,"Đường số 18, Phường Thông Tây Hội, Hồ Chí Minh",Phường 8,,Quận Gò Vấp,1020,Nhà ở,,,,https://alonhadat.com.vn/mat-tien-gan-quang-trung-4-tang-4-3x17-4pn-70m2-gia-11-x-ty-16999526.html,https://alonhadat.com.vn/mat-tien-gan-quang-trung-4-tang-4-3x17-4pn-70m2-gia-11-x-ty-16999526.html,2026-06-07,2026-06-07 20:16:10.418495,,11990,171285714.2857143,0,0
alonhadat,sale_student_csv,alonhadat_duc_17072488,17072488,MẶT TIỀN NGUYỄN TƯ GIẢN - 120M2 - 3 TẦNG BTCT 6PN - GIÁ 12.X TỶ,12500000000,"12,5 tỷ",120,6,"Đường Nguyễn Tư Giản, Phường An Hội Tây, Hồ Chí Minh",Phường 12,,Quận Gò Vấp,1020,Nhà ở,,,,https://alonhadat.com.vn/mat-tien-nguyen-tu-gian-120m2-3-tang-btct-6pn-gia-12-x-ty-17072488.html,https://alonhadat.com.vn/mat-tien-nguyen-tu-gian-120m2-3-tang-btct-6pn-gia-12-x-ty-17072488.html,2026-06-07,2026-06-07 20:16:10.418495,,12500,104166666.66666667,0,0
alonhadat,sale_student_csv,alonhadat_duc_17981250,17981250,"Nhà Hẻm Xe Hơi Quang Trung, P14 💎Cạnh Siêu Thị EMAX 2.💎4x16m 3 Lầu 4PN 5WC💎8 Tỷ",800000000,800 triệu,64,4,"Đường Quang Trung, Phường An Hội Tây, Hồ Chí Minh",Phường 14,,Quận Gò Vấp,1020,Nhà ở,,,,https://alonhadat.com.vn/nha-hem-xe-hoi-quang-trung-p14-canh-sieu-thi-emax-2-4x16m-3-lau-4pn-5wc-8-9-ty-17981250.html,https://alonhadat.com.vn/nha-hem-xe-hoi-quang-trung-p14-canh-sieu-thi-emax-2-4x16m-3-lau-4pn-5wc-8-9-ty-17981250.html,2026-06-07,2026-06-07 20:16:10.418495,,800,12500000,0,0
alonhadat,sale_student_csv,alonhadat_duc_18758066,18758066,Mặt tiền lê đức thọ gả căn nhà 92m cho người hữu duyên.,9000000000,9 tỷ,92,2,"Đường Lê Đức Thọ, Phường An Hội Tây, Hồ Chí Minh",Phường 13,,Quận Gò Vấp,1020,Nhà ở,,,,https://alonhadat.com.vn/mat-tien-le-duc-tho-ga-can-nha-92m-cho-nguoi-huu-duyen--18758066.html,https://alonhadat.com.vn/mat-tien-le-duc-tho-ga-can-nha-92m-cho-nguoi-huu-duyen--18758066.html,2026-06-07,2026-06-07 20:16:10.418495,,9000,97826086.95652173,0,0
alonhadat,sale_student_csv,alonhadat_duc_18436495,18436495,💥 Bán nhà 2 tầng HXH thông Nguyễn Tư Giản- 44m2- giá nhỉnh 4 tỷ,4300000000,"4,3 tỷ",44,2,"Đường Nguyễn Tư Giản, Phường An Hội Tây, Hồ Chí Minh",Phường 12,,Quận Gò Vấp,1020,Nhà ở,,,,https://alonhadat.com.vn/-ban-nha-2-tang-hxh-thong-nguyen-tu-gian-44m2-gia-nhinh-4-ty-18436495.html,https://alonhadat.com.vn/-ban-nha-2-tang-hxh-thong-nguyen-tu-gian-44m2-gia-nhinh-4-ty-18436495.html,2026-06-07,2026-06-07 20:16:10.418495,,4300,97727272.72727273,0,0
alonhadat,sale_student_csv,alonhadat_duc_18757920,18757920,"Nhà Mặt Tiền Đường Số 51, 4x16, 3 Tầng, Full Nội Thất, Dòng Tiền 18tr/ Tháng, 7.X Tỷ",7950000000,"7,95 tỷ",64,4,"Đường số 51, Phường An Hội Tây, Hồ Chí Minh",Phường An Hội Tây,,Quận Gò Vấp,1020,Nhà ở,,,,https://alonhadat.com.vn/nha-mat-tien-duong-so-51-4x16-3-tang-full-noi-that-dong-tien-18tr-thang-7-x-ty-18757920.html,https://alonhadat.com.vn/nha-mat-tien-duong-so-51-4x16-3-tang-full-noi-that-dong-tien-18tr-thang-7-x-ty-18757920.html,2026-06-07,2026-06-07 20:16:10.418495,,7950,124218750,0,0
alonhadat,sale_student_csv,alonhadat_duc_18757610,18757610,5x15m 4 lầu Căn Góc 2MT Phạm Văn Chiêu - rẻ,7250000000,"7,25 tỷ",75,6,"Đường Phạm Văn Đồng, Phường Thông Tây Hội, Hồ Chí Minh",Phường Thông Tây Hội,,Quận Gò Vấp,1020,Nhà ở,,,,https://alonhadat.com.vn/5x15m-4-lau-can-goc-2mt-pham-van-chieu-re-18757610.html,https://alonhadat.com.vn/5x15m-4-lau-can-goc-2mt-pham-van-chieu-re-18757610.html,2026-06-07,2026-06-07 20:16:10.418495,,7250,96666666.66666667,0,0
alonhadat,sale_student_csv,alonhadat_duc_18724841,18724841,"nhà 1 trục nguyễn văn khối, 5.1 x 11, NH 6.2m. giá nhỉnh 5.xx tỷ",5350000000,"5,35 tỷ",57,1,"Đường Nguyễn Văn Khối, Phường Thông Tây Hội, Hồ Chí Minh",Phường 8,,Quận Gò Vấp,1020,Nhà ở,,,,https://alonhadat.com.vn/nha-1-truc-nguyen-van-khoi-5-1-x-11-nh-6-2m-gia-nhinh-5-xx-ty-18724841.html,https://alonhadat.com.vn/nha-1-truc-nguyen-van-khoi-5-1-x-11-nh-6-2m-gia-nhinh-5-xx-ty-18724841.html,2026-06-07,2026-06-07 20:16:10.418495,,5350,93859649.12280701,0,0
alonhadat,sale_student_csv,alonhadat_duc_18222917,18222917,"HHMG 1%. Siêu Phẩm Mặt tiền Thụt đs30, P6, tiện kd mua bán.",6970000000,"6,97 tỷ",55,3,"Đường số 30, Phường An Nhơn, Hồ Chí Minh",Phường 6,,Quận Gò Vấp,1020,Nhà ở,,,,https://alonhadat.com.vn/hhmg-1-sieu-pham-mat-tien-thut-ds30-p6-tien-kd-mua-ban--18222917.html,https://alonhadat.com.vn/hhmg-1-sieu-pham-mat-tien-thut-ds30-p6-tien-kd-mua-ban--18222917.html,2026-06-07,2026-06-07 20:16:10.418495,,6970,126727272.72727273,0,0
alonhadat,sale_student_csv,alonhadat_duc_15660962,15660962,"Bán căn hẻm kinh doanh rộng 16m Lê đức thọ khu căn cứ P17, 5x20m 5 lầu, hầm giá 17.5 ty tl",17500000000,"17,5 tỷ",130,16,"Đường Lê Đức Thọ, Phường Gò Vấp, Hồ Chí Minh",Phường 17,,Quận Gò Vấp,1020,Nhà ở,,,,https://alonhadat.com.vn/ban-can-goc-hem-kinh-doanh-rong-16m-le-duc-tho-khu-can-cu-p17-6x21m-5-lau-ham-gia-25ty-15660962.html,https://alonhadat.com.vn/ban-can-goc-hem-kinh-doanh-rong-16m-le-duc-tho-khu-can-cu-p17-6x21m-5-lau-ham-gia-25ty-15660962.html,2026-06-07,2026-06-07 20:16:10.418495,,17500,134615384.6153846,0,0
alonhadat,sale_student_csv,alonhadat_duc_16644696,16644696,"Bán chia tài sản Nguyễn Oanh khu cx lam sơn, chợ căn cứ12*19m trệt lầu giá 33 tỷ đct 120tr",33000000000,33 tỷ,220,12,"Đường Nguyễn Oanh, Phường Gò Vấp, Hồ Chí Minh",Phường 17,,Quận Gò Vấp,1020,Nhà ở,,,,https://alonhadat.com.vn/ban-chia-tai-san-nha-nguyen-oanh-khu-cu-xa-lam-son-cho-can-cu12-19m-tret-lau-gia-33-ty-16644696.html,https://alonhadat.com.vn/ban-chia-tai-san-nha-nguyen-oanh-khu-cu-xa-lam-son-cho-can-cu12-19m-tret-lau-gia-33-ty-16644696.html,2026-06-07,2026-06-07 20:16:10.418495,,33000,150000000,0,0
alonhadat,sale_student_csv,alonhadat_duc_18599876,18599876,"Nhà đẹp căn góc quang trung p10, dt 5x18m 6 tầng thang máy giá 20.5 tỷ tặng nôi thất",20500000000,"20,5 tỷ",80,6,"Đường Quang Trung, Phường Gò Vấp, Hồ Chí Minh",Phường 10,,Quận Gò Vấp,1020,Nhà ở,,,,https://alonhadat.com.vn/nha-dep-quang-trung-p10-dt-5x18m-6-tang-thang-may-gia-20-5-ty-tang-noi-that-18599876.html,https://alonhadat.com.vn/nha-dep-quang-trung-p10-dt-5x18m-6-tang-thang-may-gia-20-5-ty-tang-noi-that-18599876.html,2026-06-07,2026-06-07 20:16:10.418495,,20500,256250000,0,0
alonhadat,sale_student_csv,alonhadat_duc_18166920,18166920,"Căn góc Nguyễn Văn lượng P17 GV 8x11m 5 lẩu thang máy 7pn, 8WC Hẻm 1 trục xe tải lớn 14",14000000000,14 tỷ,85,7,"Đường Nguyễn Văn Lượng, Phường Gò Vấp, Hồ Chí Minh",Phường 17,,Quận Gò Vấp,1020,Nhà ở,,,,https://alonhadat.com.vn/can-goc-nguyen-van-luong-p17-gv-8x11m-5-lau-thang-may-7pn-8wc-hem-1-truc-xe-tai-lon-14-18166920.html,https://alonhadat.com.vn/can-goc-nguyen-van-luong-p17-gv-8x11m-5-lau-thang-may-7pn-8wc-hem-1-truc-xe-tai-lon-14-18166920.html,2026-06-07,2026-06-07 20:16:10.418495,,14000,164705882.3529412,0,0
alonhadat,sale_student_csv,alonhadat_duc_18134444,18134444,Nhà đẹp Đường 1 trục Lê Thị hồng chợ cc p17 GV 5x20m hầm 5 tầng giá 16 tỷ tl thang máy,16000000000,16 tỷ,90,8,"Đường Lê Thị Hồng, Phường Gò Vấp, Hồ Chí Minh",Phường 17,,Quận Gò Vấp,1020,Nhà ở,,,,https://alonhadat.com.vn/nha-dep-duong-1-truc-le-thi-hong-cho-cc-p17-gv-5x20m-ham-5-tang-gia-17-5-ty-tl-thang-may-18134444.html,https://alonhadat.com.vn/nha-dep-duong-1-truc-le-thi-hong-cho-cc-p17-gv-5x20m-ham-5-tang-gia-17-5-ty-tl-thang-may-18134444.html,2026-06-07,2026-06-07 20:16:10.418495,,16000,177777777.7777778,0,0
alonhadat,sale_student_csv,alonhadat_duc_18757405,18757405,BÁN GẤP NHÀ HXH LÊ LAI PHƯỜNG 1 QUẬN GÒ VẤP GIÁ 19TỶ,19000000000,19 tỷ,107,4,"Đường Lê Lai, Phường Hạnh Thông, Hồ Chí Minh",Phường 1,,Quận Gò Vấp,1020,Nhà ở,,,,https://alonhadat.com.vn/ban-gap-nha-hxh-le-lai-phuong-1-quan-go-vap-gia-19ty-18757405.html,https://alonhadat.com.vn/ban-gap-nha-hxh-le-lai-phuong-1-quan-go-vap-gia-19ty-18757405.html,2026-06-07,2026-06-07 20:16:10.418495,,19000,177570093.45794392,0,0
alonhadat,sale_student_csv,alonhadat_duc_17674896,17674896,Nhà đẹp 6 tầng lung linh hẻm 317 Thống Nhất ngang 4.2m 67m2 KM T.Máy gần Lotte 13 tỷ hơn,13300000000,"13,3 tỷ",67,7,"Đường Thống Nhất, Phường Thông Tây Hội, Hồ Chí Minh",Phường 11,,Quận Gò Vấp,1020,Nhà ở,,,,https://alonhadat.com.vn/nha-dep-6-tang-lung-linh-hem-317-thong-nhat-ngang-4-2m-67m2-km-t-may-gan-lotte-13-ty-hon-17674896.html,https://alonhadat.com.vn/nha-dep-6-tang-lung-linh-hem-317-thong-nhat-ngang-4-2m-67m2-km-t-may-gan-lotte-13-ty-hon-17674896.html,2026-06-07,2026-06-07 20:16:10.418495,,13300,198507462.68656716,0,0
alonhadat,sale_student_csv,alonhadat_duc_18756988,18756988,"Bán nhà đẹp 4 tầng, căn góc 45m2, Nội thất xịn, Quang Trung,Thông Tây, Gò Vấp, 6.6tỷ",6600000000,"6,6 tỷ",45,4,"Đường Quang Trung, Phường Thông Tây Hội, Hồ Chí Minh",Phường Thông Tây Hội,,Quận Gò Vấp,1020,Nhà ở,,,,https://alonhadat.com.vn/ban-nha-dep-4-tang-can-goc-45m2-noi-that-xin-quang-trung-thong-tay-go-vap-6-6ty-18756988.html,https://alonhadat.com.vn/ban-nha-dep-4-tang-can-goc-45m2-noi-that-xin-quang-trung-thong-tay-go-vap-6-6ty-18756988.html,2026-06-07,2026-06-07 20:16:10.418495,,6600,146666666.66666666,0,0
alonhadat,sale_student_csv,alonhadat_duc_18419265,18419265,NHÀ BÁN HẺM XE HƠI THÔNG - GARA Ô TÔ - 4m x 22m - 5 TẦNG - MỚI Ở NGAY - 12.x TỶ,12000000000,12 tỷ,88,5,"Đường Quang Trung, Phường An Hội Tây, Hồ Chí Minh",Phường 12,,Quận Gò Vấp,1020,Nhà ở,,,,https://alonhadat.com.vn/nha-ban-hem-xe-hoi-thong-gara-o-to-4m-x-22m-5-tang-moi-o-ngay-12-x-ty-18419265.html,https://alonhadat.com.vn/nha-ban-hem-xe-hoi-thong-gara-o-to-4m-x-22m-5-tang-moi-o-ngay-12-x-ty-18419265.html,2026-06-07,2026-06-07 20:16:10.418495,,12000,136363636.36363637,0,0
alonhadat,sale_student_csv,alonhadat_duc_18435343,18435343,"BÁN NHÀ GẦN CÔNG VIÊN LÀNG HOA, NGUYỄN VĂN KHỐI, 4m x 12m, NHÀ MỚI, 5 TỶ 980",5980000000,"5,98 tỷ",48,3,"Đường Nguyễn Văn Khối, Phường Thông Tây Hội, Hồ Chí Minh",Phường 11,,Quận Gò Vấp,1020,Nhà ở,,,,https://alonhadat.com.vn/ban-nha-gan-cong-vien-lang-hoa-nguyen-van-khoi-4m-x-12m-nha-moi-5-ty-980-18435343.html,https://alonhadat.com.vn/ban-nha-gan-cong-vien-lang-hoa-nguyen-van-khoi-4m-x-12m-nha-moi-5-ty-980-18435343.html,2026-06-07,2026-06-07 20:16:10.418495,,5980,124583333.33333333,0,0
alonhadat,sale_student_csv,alonhadat_duc_17570932,17570932,"Hẻm ô Tô Phạm Văn Bạch, Trường Chinh,5x26m, Tiện xây CHDV, 10.x tỷ",10690000000,"10,69 tỷ",130,2,"Đường Phạm Văn Bạch, Phường Tân Sơn, Hồ Chí Minh",Phường 15,,Quận Gò Vấp,1040,Đất,,,,https://alonhadat.com.vn/hem-o-to-pham-van-bach-tan-son-phuong-12-cu-go-vap-5x22m-tien-xay-chdv-11-ty-hon-17570932.html,https://alonhadat.com.vn/hem-o-to-pham-van-bach-tan-son-phuong-12-cu-go-vap-5x22m-tien-xay-chdv-11-ty-hon-17570932.html,2026-06-07,2026-06-07 20:16:10.418495,,10690,82230769.23076923,0,0
alonhadat,sale_student_csv,alonhadat_duc_14295055,14295055,"Siêu giảm từ 250 tỷ còn 140 tỷ - Mặt tiền Lê Đức Thọ, P13, Gò Vấp. 3000m2 - 30x100m vuông",140000000000,140 tỷ,3000,5,"Đường Lê Đức Thọ, Phường An Hội Tây, Hồ Chí Minh",Phường 13,,Quận Gò Vấp,1040,Đất,,,,https://alonhadat.com.vn/sieu-giam-tu-250-ty-con-140-ty-mat-tien-le-duc-tho-p13-go-vap-3000m2-30x100m-vuong-14295055.html,https://alonhadat.com.vn/sieu-giam-tu-250-ty-con-140-ty-mat-tien-le-duc-tho-p13-go-vap-3000m2-30x100m-vuong-14295055.html,2026-06-07,2026-06-07 20:16:10.418495,,140000,46666666.666666664,0,0
alonhadat,sale_student_csv,alonhadat_duc_18631436,18631436,Đón sóng hạ tầng - sát bờ kè Tham lương- Mặt tiền đường số 1 rộng 12m,9900000000,"9,9 tỷ",100,2,"Đường Số 1, Phường An Hội Đông, Hồ Chí Minh",Phường An Hội Đông,,Quận Gò Vấp,1040,Đất,,,,https://alonhadat.com.vn/don-song-ha-tang-sat-bo-ke-tham-luong-mat-tien-duong-so-1-rong-12m-18631436.html,https://alonhadat.com.vn/don-song-ha-tang-sat-bo-ke-tham-luong-mat-tien-duong-so-1-rong-12m-18631436.html,2026-06-07,2026-06-07 20:16:10.418495,,9900,99000000,0,0
alonhadat,sale_student_csv,alonhadat_duc_18706456,18706456,"💥 GIÁ TỐT HIẾM CÓ TẠI QUANG TRUNG, GÒ VẤP – NHÀ ĐẸP VÀO Ở NGAY, NỞ HẬU",7900000000,"7,9 tỷ",78,4,"Đường Quang Trung, Phường Gò Vấp, Hồ Chí Minh",Phường 10,,Quận Gò Vấp,1040,Đất,,,,https://alonhadat.com.vn/-gia-tot-hiem-co-tai-quang-trung-go-vap-nha-dep-vao-o-ngay-no-hau-18706456.html,https://alonhadat.com.vn/-gia-tot-hiem-co-tai-quang-trung-go-vap-nha-dep-vao-o-ngay-no-hau-18706456.html,2026-06-07,2026-06-07 20:16:10.418495,,7900,101282051.28205128,0,0
alonhadat,sale_student_csv,alonhadat_duc_18682487,18682487,"Đại siêu phẩm góc 3 MT Phạm Văn Đồng - Quận Gò Vấp, DT 40x50m, XD: 3 Hầm 15 tầng",290000000000,290 tỷ,2000,10,"Đường Phạm Văn Đồng, Phường Hạnh Thông, Hồ Chí Minh",Phường Hạnh Thông,,Quận Gò Vấp,1040,Đất,,,,https://alonhadat.com.vn/dai-sieu-pham-goc-3-mt-pham-van-dong-quan-go-vap-dt-40x50m-xd-3-ham-15-tang-18682487.html,https://alonhadat.com.vn/dai-sieu-pham-goc-3-mt-pham-van-dong-quan-go-vap-dt-40x50m-xd-3-ham-15-tang-18682487.html,2026-06-07,2026-06-07 20:16:10.418495,,290000,145000000,0,0
alonhadat,sale_student_csv,alonhadat_duc_18555676,18555676,🏠 HẺM ÔTÔ- 1 CĂN RA MT NGUYỄN THÁI SƠN – 2 TẦNG- 52m² (3.8x13) – PHƯỜNG AN NHƠN,6400000000,"6,4 tỷ",52,2,"Đường Nguyễn Thái Sơn, Phường An Nhơn, Hồ Chí Minh",Phường An Nhơn,,Quận Gò Vấp,1040,Đất,,,,https://alonhadat.com.vn/-hem-oto-1-can-ra-mt-nguyen-thai-son-2-tang-52m-3-8x13-phuong-an-nhon-18555676.html,https://alonhadat.com.vn/-hem-oto-1-can-ra-mt-nguyen-thai-son-2-tang-52m-3-8x13-phuong-an-nhon-18555676.html,2026-06-07,2026-06-07 20:16:10.418495,,6400,123076923.07692307,0,0
alonhadat,sale_student_csv,alonhadat_duc_17828413,17828413,"Siêu rẻ , Bán đất tặng nhà Quang Trung , 70m2 (5x14m) , chỉ 5.2 đồng",5200000000,"5,2 tỷ",70,4,"Đường Quang Trung, Phường Thông Tây Hội, Hồ Chí Minh",Phường 8,,Quận Gò Vấp,1040,Đất,,,,https://alonhadat.com.vn/sieu-re-ban-dat-tang-nha-quang-trung-70m2-5x14m-chi-5-2-dong-17828413.html,https://alonhadat.com.vn/sieu-re-ban-dat-tang-nha-quang-trung-70m2-5x14m-chi-5-2-dong-17828413.html,2026-06-07,2026-06-07 20:16:10.418495,,5200,74285714.28571428,0,0
alonhadat,sale_student_csv,alonhadat_duc_18438108,18438108,MẶT TIỀN QUANG TRUNG - 70M2 - 4 TẦNG - 4x17 - NGAY CHỢ HẠNH THÔNG TÂY - GIÁ 12.X TỶ,12990000000,"12,99 tỷ",70,4,"Đường Quang Trung, Phường Thông Tây Hội, Hồ Chí Minh",Phường Thông Tây Hội,,Quận Gò Vấp,1040,Đất,,,,https://alonhadat.com.vn/mat-tien-quang-trung-70m2-4-tang-4x17-ngay-cho-hanh-thong-tay-gia-12-x-ty-18438108.html,https://alonhadat.com.vn/mat-tien-quang-trung-70m2-4-tang-4x17-ngay-cho-hanh-thong-tay-gia-12-x-ty-18438108.html,2026-06-07,2026-06-07 20:16:10.418495,,12990,185571428.57142857,0,0
alonhadat,sale_student_csv,alonhadat_duc_16999704,16999704,SIÊU MẶT TIỀN GẦN PHẠM VĂN CHIÊU - 5 TẦNG BTCT THANG MÁY - GIÁ CHỈ 13.X TỶ,13980000000,"13,98 tỷ",60,3,"Đường Phạm Văn Chiêu, Phường An Hội Tây, Hồ Chí Minh",Phường 14,,Quận Gò Vấp,1040,Đất,,,,https://alonhadat.com.vn/sieu-mat-tien-gan-pham-van-chieu-5-tang-btct-thang-may-gia-chi-13-x-ty-16999704.html,https://alonhadat.com.vn/sieu-mat-tien-gan-pham-van-chieu-5-tang-btct-thang-may-gia-chi-13-x-ty-16999704.html,2026-06-07,2026-06-07 20:16:10.418495,,13980,233000000,0,0
alonhadat,sale_student_csv,alonhadat_duc_16591429,16591429,KHÁCH SẠN MẶT TIỀN NGAY NGUYỄN OANH - 8x20m - 7 TẦNG THANG MÁY - DÒNG TIỀN 250TR/TH,27500000000,"27,5 tỷ",160,30,"Đường Nguyễn Oanh, Phường An Nhơn, Hồ Chí Minh",Phường 6,,Quận Gò Vấp,1040,Đất,,,,https://alonhadat.com.vn/khach-san-mat-tien-ngay-nguyen-oanh-8x20m-7-tang-thang-may-dong-tien-250tr-th-16591429.html,https://alonhadat.com.vn/khach-san-mat-tien-ngay-nguyen-oanh-8x20m-7-tang-thang-may-dong-tien-250tr-th-16591429.html,2026-06-07,2026-06-07 20:16:10.418495,,27500,171875000,0,0
alonhadat,sale_student_csv,alonhadat_duc_18751331,18751331,"Bán nhà cũ tặng khuôn đất cực đẹp, DT 5.5x20m, 1 lầu, trục 6m Lê Văn Thọ P8, giá 12.7 tỷTL",12700000000,"12,7 tỷ",110,3,"Đường Lê Văn Thọ, Phường Thông Tây Hội, Hồ Chí Minh",Phường 8,,Quận Gò Vấp,1040,Đất,,,,https://alonhadat.com.vn/ban-nha-cu-tang-khuon-dat-cuc-dep-dt-5-5x20m-1-lau-truc-6m-le-van-tho-p8-gia-12-7-tytl-18751331.html,https://alonhadat.com.vn/ban-nha-cu-tang-khuon-dat-cuc-dep-dt-5-5x20m-1-lau-truc-6m-le-van-tho-p8-gia-12-7-tytl-18751331.html,2026-06-07,2026-06-07 20:16:10.418495,,12700,115454545.45454545,0,0
alonhadat,sale_student_csv,alonhadat_duc_18753919,18753919,"Bán 2 mặt tiền Lê Đức Thọ, P13, Gò vấp, 1414m2 đất công nhận. (27mx58m), giá chỉ 60tr/m2",85000000000,85 tỷ,1414,1,"Đường Lê Đức Thọ, Phường An Hội Tây, Hồ Chí Minh",Phường 13,,Quận Gò Vấp,1040,Đất,,,,https://alonhadat.com.vn/ban-2-mat-tien-le-duc-tho-p13-go-vap-1414m2-dat-cong-nhan-27mx58m-gia-chi-60tr-m2-18753919.html,https://alonhadat.com.vn/ban-2-mat-tien-le-duc-tho-p13-go-vap-1414m2-dat-cong-nhan-27mx58m-gia-chi-60tr-m2-18753919.html,2026-06-07,2026-06-07 20:16:10.418495,,85000,60113154.17256011,0,0
alonhadat,sale_student_csv,alonhadat_duc_18755916,18755916,"Mặt Tiền Kinh Doanh, Bùi Quang Là, 4x20, 3 Tầng, Chỉ 7. x Tỷ",7499000000,"7,499 tỷ",80,3,"Đường Bùi Quang Là, Phường An Hội Tây, Hồ Chí Minh",Phường An Hội Tây,,Quận Gò Vấp,1040,Đất,,,,https://alonhadat.com.vn/math-tien-kinh-doanh-bui-quang-la-4x20-3-tang-chi-7-x-ty-18755916.html,https://alonhadat.com.vn/math-tien-kinh-doanh-bui-quang-la-4x20-3-tang-chi-7-x-ty-18755916.html,2026-06-07,2026-06-07 20:16:10.418495,,7499,93737500,0,0
alonhadat,sale_student_csv,alonhadat_duc_18720466,18720466,Hàng cực Hiếm MT lê lai P4 GV 5.5x20m cn 99m2 trệt 1 lầu giá 13.9 tỷ,13900000000,"13,9 tỷ",99,5,"Đường Lê Lai, Phường Hạnh Thông, Hồ Chí Minh",Phường 4,,Quận Gò Vấp,1040,Đất,,,,https://alonhadat.com.vn/hang-cuc-hiem-mt-le-lai-p4-gv-5-5x20m-cn-99m2-tret-1-lau-gia-13-9-ty-18720466.html,https://alonhadat.com.vn/hang-cuc-hiem-mt-le-lai-p4-gv-5-5x20m-cn-99m2-tret-1-lau-gia-13-9-ty-18720466.html,2026-06-07,2026-06-07 20:16:10.418495,,13900,140404040.4040404,0,0
alonhadat,sale_student_csv,alonhadat_duc_18682393,18682393,"Đại siêu phẩm góc 3 MT Phạm Văn Đồng - Trần Quốc Tuấn - DT 40x50m, XD: 3 Hầm 15 tầng",290000000000,290 tỷ,2000,10,"Đường Phạm Văn Bạch, Phường Hạnh Thông, Hồ Chí Minh",Phường 1,,Quận Gò Vấp,1040,Đất,,,,https://alonhadat.com.vn/dai-sieu-pham-goc-3-mt-pham-van-dong-tran-quoc-tuan-dt-40x50m-xd-3-ham-15-tang-18682393.html,https://alonhadat.com.vn/dai-sieu-pham-goc-3-mt-pham-van-dong-tran-quoc-tuan-dt-40x50m-xd-3-ham-15-tang-18682393.html,2026-06-07,2026-06-07 20:16:10.418495,,290000,145000000,0,0
alonhadat,sale_student_csv,alonhadat_duc_18741658,18741658,"Bán Nhà 2 Mặt Tiền Lê Quang Định, Ngang 9 x 28m, đất 250m2, Xây dựng hầm 7 lầu, giá 3x tỷ",39999000000,"39,999 tỷ",260,1,"Đường Lê Quang Định, Phường Hạnh Thông, Hồ Chí Minh",Phường Hạnh Thông,,Quận Gò Vấp,1040,Đất,,,,https://alonhadat.com.vn/ban-nha-2-mat-tien-le-quang-dinh-ngang-9-x-28m-dat-250m2-xay-dung-ham-7-lau-gia-3x-ty-18741658.html,https://alonhadat.com.vn/ban-nha-2-mat-tien-le-quang-dinh-ngang-9-x-28m-dat-250m2-xay-dung-ham-7-lau-gia-3x-ty-18741658.html,2026-06-07,2026-06-07 20:16:10.418495,,39999,153842307.69230768,0,0
alonhadat,sale_student_csv,alonhadat_duc_18756803,18756803,"BÁN NHÀ 48M² – GẦN VINCOM – HẺM 5M THÔNG – GIÁ CHỈ 4,75 TỶ",4750000000,"4,75 tỷ",48,3,"Đường Quang Trung, Phường Hạnh Thông, Hồ Chí Minh",Phường Hạnh Thông,,Quận Gò Vấp,1040,Đất,,,,https://alonhadat.com.vn/ban-nha-48m-gan-vincom-hem-5m-thong-gia-chi-4-75-ty-18756803.html,https://alonhadat.com.vn/ban-nha-48m-gan-vincom-hem-5m-thong-gia-chi-4-75-ty-18756803.html,2026-06-07,2026-06-07 20:16:10.418495,,4750,98958333.33333333,0,0
alonhadat,sale_student_csv,alonhadat_duc_18756763,18756763,HẺM XE HƠI THÔNG QUANG TRUNG - 43M2 - 2 MẶT THOÁNG - NHỈNH 4 TỶ Ở NGAY,4890000000,"4,89 tỷ",43,2,"Đường Quang Trung, Phường Thông Tây Hội, Hồ Chí Minh",Phường 8,,Quận Gò Vấp,1040,Đất,,,,https://alonhadat.com.vn/hem-xe-hoi-thong-quang-trung-43m2-2-mat-thoang-nhinh-4-ty-o-ngay-18756763.html,https://alonhadat.com.vn/hem-xe-hoi-thong-quang-trung-43m2-2-mat-thoang-nhinh-4-ty-o-ngay-18756763.html,2026-06-07,2026-06-07 20:16:10.418495,,4890,113720930.23255815,0,0
alonhadat,sale_student_csv,alonhadat_duc_18756642,18756642,"Biệt Thự Góc 2 Mặt Tiền Phan Xích Long – 207m² Đất Đẹp – Chỉ 36,5 Tỷ",36500000000,"36,5 tỷ",207,6,"Đường Phan Xích Long, Phường Đức Nhuận, Hồ Chí Minh",Phường 3,,Quận Phú Nhuận,1020,Biệt thự,,,,https://alonhadat.com.vn/biet-thu-goc-2-mat-tien-phan-xich-long-207m-dat-dep-chi-36-5-ty-18756642.html,https://alonhadat.com.vn/biet-thu-goc-2-mat-tien-phan-xich-long-207m-dat-dep-chi-36-5-ty-18756642.html,2026-06-07,2026-06-07 20:16:10.418495,,36500,176328502.41545895,0,0
alonhadat,sale_student_csv,alonhadat_duc_18757122,18757122,MẶT TIỀN PHÚ NHUẬN NGUYỄN ĐÌNH CHIỂU 61M2 NGANG 3.6M ĐOẠN VIP TOÀN BIỆT THỰ CHỈ 10.8 TỶ/TL,10800000000,"10,8 tỷ",61,3,"Đường Nguyễn Đình Chiểu, Phường Đức Nhuận, Hồ Chí Minh",Phường 3,,Quận Phú Nhuận,1020,Biệt thự,,,,https://alonhadat.com.vn/mat-tien-phu-nhuan-nguyen-dinh-chieu-61m2-ngang-3-6m-doan-vip-toan-biet-thu-chi-10-8-ty-tl-18757122.html,https://alonhadat.com.vn/mat-tien-phu-nhuan-nguyen-dinh-chieu-61m2-ngang-3-6m-doan-vip-toan-biet-thu-chi-10-8-ty-tl-18757122.html,2026-06-07,2026-06-07 20:16:10.418495,,10800,177049180.32786885,0,0
alonhadat,sale_student_csv,alonhadat_duc_18717261,18717261,"BÁN BIỆT THỰ ĐẶNG VĂN NGỮ, P10, PHÚ NHUẬN – KHU VIP – DIỆN TÍCH KHỦNG 174,8M²",36000000000,36 tỷ,174,5,"Đường Đặng Văn Ngữ, Phường Phú Nhuận, Hồ Chí Minh",Phường 10,,Quận Phú Nhuận,1020,Biệt thự,,,,https://alonhadat.com.vn/ban-biet-thu-dang-van-ngu-p10-phu-nhuan-khu-vip-dien-tich-khung-174-8m--18717261.html,https://alonhadat.com.vn/ban-biet-thu-dang-van-ngu-p10-phu-nhuan-khu-vip-dien-tich-khung-174-8m--18717261.html,2026-06-07,2026-06-07 20:16:10.418495,,36000,206896551.72413793,0,0
alonhadat,sale_student_csv,alonhadat_duc_16167063,16167063,"Biệt thự Đặng Văn Ngữ, DT 8x21.5, 3 tầng, giá 36 tỷ TL",36000000000,36 tỷ,174,4,"Đường Đặng Văn Ngữ, Phường Phú Nhuận, Hồ Chí Minh",Phường 10,,Quận Phú Nhuận,1020,Biệt thự,,,,https://alonhadat.com.vn/biet-thu-dang-van-ngu-dt-8x21-5-3-tang-gia-36-ty-tl-16167063.html,https://alonhadat.com.vn/biet-thu-dang-van-ngu-dt-8x21-5-3-tang-gia-36-ty-tl-16167063.html,2026-06-07,2026-06-07 20:16:10.418495,,36000,206896551.72413793,0,0
alonhadat,sale_student_csv,alonhadat_duc_18757396,18757396,"Bán biệt thự góc 2 mặt tiền Hoàng Hoa Thám, P.5, Q. Phú Nhuận",45000000000,45 tỷ,216,4,"Đường Hoàng Hoa Thám, Phường Bình Lợi Trung, Hồ Chí Minh",Phường 6,,Quận Phú Nhuận,1020,Biệt thự,,,,https://alonhadat.com.vn/ban-biet-thu-goc-2-mat-tien-hoang-hoa-tham-p-5-q-phu-nhuan-18757396.html,https://alonhadat.com.vn/ban-biet-thu-goc-2-mat-tien-hoang-hoa-tham-p-5-q-phu-nhuan-18757396.html,2026-06-07,2026-06-07 20:16:10.418495,,45000,208333333.33333334,0,0
alonhadat,sale_student_csv,alonhadat_duc_18076124,18076124,"Building Căn Hộ Dịch Vụ ở 29 Hoàng Diệu, P10, Phú Nhuận Dt(15x20) - hầm 9 tầng - 149 tỷ",149000000000,149 tỷ,300,23,"Đường Hoàng Diệu, Phường Phú Nhuận, Hồ Chí Minh",Phường 10,,Quận Phú Nhuận,1010,Căn hộ chung cư,,,,https://alonhadat.com.vn/building-can-ho-dich-vu-o-29-hoang-dieu-p10-phu-nhuan-dt-15x20-ham-9-tang-149-ty-18076124.html,https://alonhadat.com.vn/building-can-ho-dich-vu-o-29-hoang-dieu-p10-phu-nhuan-dt-15x20-ham-9-tang-149-ty-18076124.html,2026-06-07,2026-06-07 20:16:10.418495,,149000,496666666.6666667,0,0
alonhadat,sale_student_csv,alonhadat_duc_18417697,18417697,"BÁN NHÀ 110 CX NGUYỄN VĂN TRỖI ,Q.PHÚ NHUẬN ,DT:8X20M , 8 TẦNG GIÁ 78 TỶ",78000000000,78 tỷ,220,15,"Đường Nguyễn Văn Trỗi, Phường Cầu Kiệu, Hồ Chí Minh",Phường 17,,Quận Phú Nhuận,1010,Căn hộ chung cư,,,,https://alonhadat.com.vn/ban-nha-110-cx-nguyen-van-troi-q-phu-nhuan-dt-8x20m-8-tang-gia-78-ty-18417697.html,https://alonhadat.com.vn/ban-nha-110-cx-nguyen-van-troi-q-phu-nhuan-dt-8x20m-8-tang-gia-78-ty-18417697.html,2026-06-07,2026-06-07 20:16:10.418495,,78000,354545454.54545456,0,0
alonhadat,sale_student_csv,alonhadat_duc_18414320,18414320,"Bán gấp 110 Cư Xá Nguyễn Văn Trỗi, khu Vip nhất tuyến đường,dt: 8x20 nở hậu 15m hầm 7 tầng",78000000000,78 tỷ,220,20,"Đường Nguyễn Văn Trỗi, Phường Phú Nhuận, Hồ Chí Minh",Phường Phú Nhuận,,Quận Phú Nhuận,1010,Căn hộ chung cư,,,,https://alonhadat.com.vn/ban-gap-110-cu-xa-nguyen-van-troi-khu-vip-nhat-tuyen-duong-dt-8x20-no-hau-15m-ham-7-tang-18414320.html,https://alonhadat.com.vn/ban-gap-110-cu-xa-nguyen-van-troi-khu-vip-nhat-tuyen-duong-dt-8x20-no-hau-15m-ham-7-tang-18414320.html,2026-06-07,2026-06-07 20:16:10.418495,,78000,354545454.54545456,0,0
alonhadat,sale_student_csv,alonhadat_duc_18758038,18758038,"HẺM NHỰA Ô TÔ 6M HUỲNH VĂN BÁNH PHÚ NHUẬN, 46M2, 3 TẦNG, 3PN GIÁP ĐẶNG VĂN NGỮ 8.9 TỶ",8990000000,"8,99 tỷ",46,3,"Đường Huỳnh Văn Bánh, Phường Phú Nhuận, Hồ Chí Minh",Phường 13,,Quận Phú Nhuận,1030,Mặt bằng,,,,https://alonhadat.com.vn/hem-nhua-o-to-6m-huynh-van-banh-phu-nhuan-46m2-3-tang-3pn-giap-dang-van-ngu-8-9-ty-18758038.html,https://alonhadat.com.vn/hem-nhua-o-to-6m-huynh-van-banh-phu-nhuan-46m2-3-tang-3pn-giap-dang-van-ngu-8-9-ty-18758038.html,2026-06-07,2026-06-07 20:16:10.418495,,8990,195434782.60869566,0,0
alonhadat,sale_student_csv,alonhadat_duc_18740269,18740269,**GẤP BÁN 14 tỷ** MT KINH DOANH ĐẸP gần khúc giao Nguyễn Đình Chính - Nguyễn Trọng Tuyển,14000000000,14 tỷ,60,5,"Đường Nguyễn Đình Chính, Phường Cầu Kiệu, Hồ Chí Minh",Phường 15,,Quận Phú Nhuận,1020,Nhà ở,,,,https://alonhadat.com.vn/-gap-ban-14-ty-mt-kinh-doanh-dep-gan-khuc-giao-nguyen-dinh-chinh-nguyen-trong-tuyen-18740269.html,https://alonhadat.com.vn/-gap-ban-14-ty-mt-kinh-doanh-dep-gan-khuc-giao-nguyen-dinh-chinh-nguyen-trong-tuyen-18740269.html,2026-06-07,2026-06-07 20:16:10.418495,,14000,233333333.33333334,0,0
alonhadat,sale_student_csv,alonhadat_duc_18747655,18747655,HOT-PHAN TÂY HỒ 87m2-9 TỶ-NHỈNH 100tr/m2,9000000000,9 tỷ,87,3,"Đường Phan Tây Hồ, Phường Cầu Kiệu, Hồ Chí Minh",Phường 7,,Quận Phú Nhuận,1020,Nhà ở,,,,https://alonhadat.com.vn/hot-phan-tay-ho-87m2-9-ty-nhinh-100tr-m2-18747655.html,https://alonhadat.com.vn/hot-phan-tay-ho-87m2-9-ty-nhinh-100tr-m2-18747655.html,2026-06-07,2026-06-07 20:16:10.418495,,9000,103448275.86206897,0,0
alonhadat,sale_student_csv,alonhadat_duc_18434050,18434050,"NHÀ HẺM XE HƠI ĐOÀN THỊ ĐIỂM 40M2, 4 TẦNG, 5PN, DÒNG TIỀN 40 TRIỆU/ THÁNG, CHỈ NHỈNH 8 TỶ",8990000000,"8,99 tỷ",40,5,"Đường Đoàn Thị Điểm, Phường Cầu Kiệu, Hồ Chí Minh",Phường 1,,Quận Phú Nhuận,1020,Nhà ở,,,,https://alonhadat.com.vn/nha-hem-xe-hoi-doan-thi-diem-40m2-4-tang-5pn-dong-tien-40-trieu-thang-chi-nhinh-10-ty-18434050.html,https://alonhadat.com.vn/nha-hem-xe-hoi-doan-thi-diem-40m2-4-tang-5pn-dong-tien-40-trieu-thang-chi-nhinh-10-ty-18434050.html,2026-06-07,2026-06-07 20:16:10.418495,,8990,224750000,0,0
alonhadat,sale_student_csv,alonhadat_duc_18168066,18168066,GÓC 3MT 191C Phan Đăng Lưu | 18x30m | CTXD: Hầm 12 Tầng | Gía: 300 tỷ |,300000000000,300 tỷ,510,14,"Đường Phan Đăng Lưu, Phường Cầu Kiệu, Hồ Chí Minh",Phường 7,,Quận Phú Nhuận,1020,Nhà ở,,,,https://alonhadat.com.vn/goc-3mt-191c-phan-dang-luu-18x30m-ctxd-ham-12-tang-gia-300-ty--18168066.html,https://alonhadat.com.vn/goc-3mt-191c-phan-dang-luu-18x30m-ctxd-ham-12-tang-gia-300-ty--18168066.html,2026-06-07,2026-06-07 20:16:10.418495,,300000,588235294.117647,0,0
alonhadat,sale_student_csv,alonhadat_duc_18743954,18743954,"Bán nhà mặt tièn Phan xích long, Pn, Ngang 6 x 11m, 5 lầu, HĐ thuê 80tr/th - chỉ 3x tỷ",39999000000,"39,999 tỷ",61,6,"Đường Phan Xích Long, Phường Cầu Kiệu, Hồ Chí Minh",Phường Cầu Kiệu,,Quận Phú Nhuận,1020,Nhà ở,,,,https://alonhadat.com.vn/ban-nha-mat-tien-phan-xich-long-pn-ngang-6-x-11m-5-lau-hd-thue-80tr-th-chi-3x-ty-18743954.html,https://alonhadat.com.vn/ban-nha-mat-tien-phan-xich-long-pn-ngang-6-x-11m-5-lau-hd-thue-80tr-th-chi-3x-ty-18743954.html,2026-06-07,2026-06-07 20:16:10.418495,,39999,655721311.4754099,0,0
alonhadat,sale_student_csv,alonhadat_duc_18076559,18076559,"Bán nhà mặt tiền Nguyễn Văn Trỗi, dt 4 x 14m, trệt 4 lầu st, giá 15 tỷ",15000000000,15 tỷ,64,6,"Đường Nguyễn Văn Trỗi, Phường Cầu Kiệu, Hồ Chí Minh",Phường 17,,Quận Phú Nhuận,1020,Nhà ở,,,,https://alonhadat.com.vn/ban-nha-mat-tien-nguyen-van-troi-dt-4-x-14m-tret-4-lau-st-gia-16-ty-tt-that-18076559.html,https://alonhadat.com.vn/ban-nha-mat-tien-nguyen-van-troi-dt-4-x-14m-tret-4-lau-st-gia-16-ty-tt-that-18076559.html,2026-06-07,2026-06-07 20:16:10.418495,,15000,234375000,0,0
alonhadat,sale_student_csv,alonhadat_duc_18756555,18756555,Bán toà nhà 22A Nguyễn Văn Trỗi- 7.700m2 sàn- 2 hầm + 15 tầng - 1.800 TỶ,179859000000,501 triệu / m²,359,30,"Đường Nguyễn Văn Trỗi, Phường Cầu Kiệu, Hồ Chí Minh",Phường Cầu Kiệu,,Quận Phú Nhuận,1020,Nhà ở,,,,https://alonhadat.com.vn/ban-toa-nha-22a-nguyen-van-troi-7-700m2-san-2-ham-15-tang-1-800-ty-18756555.html,https://alonhadat.com.vn/ban-toa-nha-22a-nguyen-van-troi-7-700m2-san-2-ham-15-tang-1-800-ty-18756555.html,2026-06-07,2026-06-07 20:16:10.418495,,179859,501000000,0,0
alonhadat,sale_student_csv,alonhadat_duc_18698216,18698216,"Mặt tiền VIP Phan Xích Long, Phú Nhuận. Bán giá 6,13 Tỷ/ 4,1x15m (61,5m2) phố kinh doanh",6130000000,"6,13 tỷ",61,4,"Đường Phan Xích Long, Phường Cầu Kiệu, Hồ Chí Minh",Phường 1,,Quận Phú Nhuận,1020,Nhà ở,,,,https://alonhadat.com.vn/mat-tien-vip-phan-xich-long-phu-nhuan-ban-gia-7-13-ty-4-1x15m-61-5m2-pho-kinh-doanh-18698216.html,https://alonhadat.com.vn/mat-tien-vip-phan-xich-long-phu-nhuan-ban-gia-7-13-ty-4-1x15m-61-5m2-pho-kinh-doanh-18698216.html,2026-06-07,2026-06-07 20:16:10.418495,,6130,100491803.27868852,0,0
alonhadat,sale_student_csv,alonhadat_duc_18707424,18707424,Hẻm xe hơi 6m đường Đặng Văn Ngữ Phú Nhuận - CN 70m2 (5 x 14m) - Nhà cũ 3 lầu - 12.9,12900000000,"12,9 tỷ",70,4,"Đường Đặng Văn Ngữ, Phường Phú Nhuận, Hồ Chí Minh",Phường 10,,Quận Phú Nhuận,1020,Nhà ở,,,,https://alonhadat.com.vn/hem-xe-hoi-6m-duong-dang-van-ngu-phu-nhuan-cn-70m2-5-x-14m-nha-cu-3-lau-12-9-18707424.html,https://alonhadat.com.vn/hem-xe-hoi-6m-duong-dang-van-ngu-phu-nhuan-cn-70m2-5-x-14m-nha-cu-3-lau-12-9-18707424.html,2026-06-07,2026-06-07 20:16:10.418495,,12900,184285714.2857143,0,0
alonhadat,sale_student_csv,alonhadat_duc_17444628,17444628,"MẶT TIỀN HOA HỒNG VIP PHÚ NHUẬN 64M2, 5 TẦNG, NGANG 4M CÓ HẦM GIÁ BÁN CHỈ 25.2 TỶ/TL",25200000000,"25,2 tỷ",64,7,"Đường Hoa Hồng, Phường Cầu Kiệu, Hồ Chí Minh",Phường Cầu Kiệu,,Quận Phú Nhuận,1020,Nhà ở,,,,https://alonhadat.com.vn/mat-tien-hoa-hong-vip-phu-nhuan-64m2-5-tang-ngang-4m-co-ham-gia-ban-chi-25-2-ty-tl-17444628.html,https://alonhadat.com.vn/mat-tien-hoa-hong-vip-phu-nhuan-64m2-5-tang-ngang-4m-co-ham-gia-ban-chi-25-2-ty-tl-17444628.html,2026-06-07,2026-06-07 20:16:10.418495,,25200,393750000,0,0
alonhadat,sale_student_csv,alonhadat_duc_15968125,15968125,Chuẩn 100% - Rẻ nhất MT đường Hoa P2 Phú Nhuận (8x16m) Hầm 4 Tầng - chỉ 42 tỷ,42000000000,42 tỷ,128,6,"Đường Hoa Lan, Phường Cầu Kiệu, Hồ Chí Minh",Phường 2,,Quận Phú Nhuận,1020,Nhà ở,,,,https://alonhadat.com.vn/chuan-100-re-nhat-mt-duong-hoa-p2-phu-nhuan-8x16m-ham-4-tang-chi-42-ty-15968125.html,https://alonhadat.com.vn/chuan-100-re-nhat-mt-duong-hoa-p2-phu-nhuan-8x16m-ham-4-tang-chi-42-ty-15968125.html,2026-06-07,2026-06-07 20:16:10.418495,,42000,328125000,0,0
alonhadat,sale_student_csv,alonhadat_duc_18756552,18756552,"Nhà Hẻm Xe Hơi 178/4 Phan Đăng Lưu, Phú Nhuận- 4x10.5m, 2 tầng 2 phòng ngủ, Giá 8,5 tỷ",8500000000,"8,5 tỷ",42,2,"Đường Phan Đăng Lưu, Phường Đức Nhuận, Hồ Chí Minh",Phường 3,,Quận Phú Nhuận,1020,Nhà ở,,,,https://alonhadat.com.vn/nha-hem-xe-hoi-178-4-phan-dang-luu-phu-nhuan-4x10-5m-2-tang-2-phong-ngu-gia-8-5-ty-18756552.html,https://alonhadat.com.vn/nha-hem-xe-hoi-178-4-phan-dang-luu-phu-nhuan-4x10-5m-2-tang-2-phong-ngu-gia-8-5-ty-18756552.html,2026-06-07,2026-06-07 20:16:10.418495,,8500,202380952.3809524,0,0
alonhadat,sale_student_csv,alonhadat_duc_18493157,18493157,"giảm 1 tỷ Bán gấp nhà mặt tiền Hoàng Văn Thụ, Phú Nhuận. DTCN: 48,4m2. 3 tầng BTCT",12400000000,"12,4 tỷ",48,4,"Đường Hoàng Văn Thụ, Phường Cầu Kiệu, Hồ Chí Minh",Phường 15,,Quận Phú Nhuận,1020,Nhà ở,,,,https://alonhadat.com.vn/giam-1-ty-ban-gap-nha-mat-tien-hoang-van-thu-phu-nhuan-dtcn-48-4m2-3-tang-btct-18493157.html,https://alonhadat.com.vn/giam-1-ty-ban-gap-nha-mat-tien-hoang-van-thu-phu-nhuan-dtcn-48-4m2-3-tang-btct-18493157.html,2026-06-07,2026-06-07 20:16:10.418495,,12400,258333333.33333334,0,0
alonhadat,sale_student_csv,alonhadat_duc_18748515,18748515,"CHÍNH CHỦ BÁN NHÀ MẶT TIỀN HUỲNH VĂN BÁNH-13,2X25M-4 TẦNG-HĐT:150 TRIỆU/THÁNG-GIÁ: 83 TỶ.",83000000000,83 tỷ,636,6,"Đường Huỳnh Văn Bánh, Phường Phú Nhuận, Hồ Chí Minh",Phường Phú Nhuận,,Quận Phú Nhuận,1020,Nhà ở,,,,https://alonhadat.com.vn/chinh-chu-ban-nha-mat-tien-huynh-van-banh-13-2x25m-4-tang-hdt-150-trieu-thang-gia-83-ty--18748515.html,https://alonhadat.com.vn/chinh-chu-ban-nha-mat-tien-huynh-van-banh-13-2x25m-4-tang-hdt-150-trieu-thang-gia-83-ty--18748515.html,2026-06-07,2026-06-07 20:16:10.418495,,83000,130503144.65408805,0,0
alonhadat,sale_student_csv,alonhadat_duc_18758001,18758001,"Hàng mới. Hẻm 6m, ô tô Đoàn Thị Điểm Phú Nhuận 110m2( 5 x 21 ) giá tốt Chỉ 13ty95 tl",13950000000,"13,95 tỷ",110,3,"Đường Đoàn Thị Điểm, Phường Cầu Kiệu, Hồ Chí Minh",Phường 2,,Quận Phú Nhuận,1020,Nhà ở,,,,https://alonhadat.com.vn/hang-moi-hem-6m-o-to-doan-thi-diem-phu-nhuan-110m2-5-x-21-gia-tot-chi-13ty95-tl-18758001.html,https://alonhadat.com.vn/hang-moi-hem-6m-o-to-doan-thi-diem-phu-nhuan-110m2-5-x-21-gia-tot-chi-13ty95-tl-18758001.html,2026-06-07,2026-06-07 20:16:10.418495,,13950,126818181.81818181,0,0
alonhadat,sale_student_csv,alonhadat_duc_18430726,18430726,"HOT!CẦN BÁN NHÀ MT HUỲNH VĂN BÁNH,PHÚ NHUẬN-GIÁ:5.18TỶ/66M2 (6.3 x 10.5m)",5180000000,"5,18 tỷ",66,8,"Đường Huỳnh Văn Bánh, Phường Cầu Kiệu, Hồ Chí Minh",Phường 15,,Quận Phú Nhuận,1020,Nhà ở,,,,https://alonhadat.com.vn/hot-can-ban-nha-mt-huynh-van-banh-phu-nhuan-gia-7-18ty-66m2-6-3-x-10-5m--18430726.html,https://alonhadat.com.vn/hot-can-ban-nha-mt-huynh-van-banh-phu-nhuan-gia-7-18ty-66m2-6-3-x-10-5m--18430726.html,2026-06-07,2026-06-07 20:16:10.418495,,5180,78484848.48484848,0,0
alonhadat,sale_student_csv,alonhadat_duc_18742722,18742722,Bán Nhà Phan Xích Long Q.Phú Nhuận - Giá 3Tỷ790 - Sổ hồng chính chủ,3790000000,"3,79 tỷ",60,4,"Đường Phan Xích Long, Phường Cầu Kiệu, Hồ Chí Minh",Phường 1,,Quận Phú Nhuận,1020,Nhà ở,,,,https://alonhadat.com.vn/ban-nha-phan-xich-long-q-phu-nhuan-gia-3ty790-so-hong-chinh-chu-18742722.html,https://alonhadat.com.vn/ban-nha-phan-xich-long-q-phu-nhuan-gia-3ty790-so-hong-chinh-chu-18742722.html,2026-06-07,2026-06-07 20:16:10.418495,,3790,63166666.666666664,0,0
alonhadat,sale_student_csv,alonhadat_duc_14152786,14152786,"Bán nhà MT Hoa Phượng, P. 2, Phú Nhuận - DT: 8mx16m - 4 tầng - 43 tỷ",43000000000,43 tỷ,128,6,"Đường Phan Xích Long, Phường Cầu Kiệu, Hồ Chí Minh",Phường 2,,Quận Phú Nhuận,1020,Nhà ở,,,,https://alonhadat.com.vn/ban-nha-mt-hoa-phuong-p-2-phu-nhuan-dt-8mx16m-4-tang-43-ty-14152786.html,https://alonhadat.com.vn/ban-nha-mt-hoa-phuong-p-2-phu-nhuan-dt-8mx16m-4-tang-43-ty-14152786.html,2026-06-07,2026-06-07 20:16:10.418495,,43000,335937500,0,0
alonhadat,sale_student_csv,alonhadat_duc_14152893,14152893,"MT Huỳnh Văn Bánh, P17, Phú Nhuận - DT: 9mx14m - 4 lầu. HĐT:140 triệu - Giá 41 tỷ",41000000000,41 tỷ,126,8,"Đường Huỳnh Văn Bánh, Phường Cầu Kiệu, Hồ Chí Minh",Phường 17,,Quận Phú Nhuận,1020,Nhà ở,,,,https://alonhadat.com.vn/mt-huynh-van-banh-p17-phu-nhuan-dt-9mx14m-4-lau-hdt-140-trieu-gia-41-ty-14152893.html,https://alonhadat.com.vn/mt-huynh-van-banh-p17-phu-nhuan-dt-9mx14m-4-lau-hdt-140-trieu-gia-41-ty-14152893.html,2026-06-07,2026-06-07 20:16:10.418495,,41000,325396825.3968254,0,0
alonhadat,sale_student_csv,alonhadat_duc_14153048,14153048,"MT Lê Văn Sỹ, P.10, Q.Phú Nhuận - DT 8mx44m - 2 tầng - giá bán 78 tỷ",78000000000,78 tỷ,352,5,"Đường Lê Văn Sỹ, Phường Phú Nhuận, Hồ Chí Minh",Phường 10,,Quận Phú Nhuận,1020,Nhà ở,,,,https://alonhadat.com.vn/mt-le-van-sy-p-10-q-phu-nhuan-dt-8mx44m-2-tang-gia-ban-78-ty-14153048.html,https://alonhadat.com.vn/mt-le-van-sy-p-10-q-phu-nhuan-dt-8mx44m-2-tang-gia-ban-78-ty-14153048.html,2026-06-07,2026-06-07 20:16:10.418495,,78000,221590909.0909091,0,0
alonhadat,sale_student_csv,alonhadat_duc_18756756,18756756,"Nhà Đẹp Dọn Ở Liền Ngay Đường Hoàng Văn Thụ, Phú Nhuận - Giá Chốt 5Tỷ370/70m2. Hẻm 6m",5370000000,"5,37 tỷ",70,5,"Đường Hoàng Văn Thụ, Phường Đức Nhuận, Hồ Chí Minh",Phường 9,,Quận Phú Nhuận,1020,Nhà ở,,,,https://alonhadat.com.vn/nha-dep-don-o-lien-ngay-duong-hoang-van-thu-phu-nhuan-gia-chot-5ty370-70m2-hem-6m-18756756.html,https://alonhadat.com.vn/nha-dep-don-o-lien-ngay-duong-hoang-van-thu-phu-nhuan-gia-chot-5ty370-70m2-hem-6m-18756756.html,2026-06-07,2026-06-07 20:16:10.418495,,5370,76714285.71428572,0,0
alonhadat,sale_student_csv,alonhadat_duc_18272826,18272826,Mặt tiền Phú Nhuận- 4.4 x14 3 tấng thang máy HĐT 55tr/tháng chỉ 23 tỉ,23000000000,23 tỷ,46,3,"Đường Trương Quốc Dung, Phường Phú Nhuận, Hồ Chí Minh",Phường 10,,Quận Phú Nhuận,1020,Nhà ở,,,,https://alonhadat.com.vn/mat-tien-phu-nhuan-4-4-x14-3-tang-thang-may-hdt-55tr-thang-chi-23-ti-18272826.html,https://alonhadat.com.vn/mat-tien-phu-nhuan-4-4-x14-3-tang-thang-may-hdt-55tr-thang-chi-23-ti-18272826.html,2026-06-07,2026-06-07 20:16:10.418495,,23000,500000000,0,0
alonhadat,sale_student_csv,alonhadat_duc_18711339,18711339,"NHÀ GÓC 2 MẶT TIỀN – GẦN CHỢ TRẦN HỮU TRANG, KHAI THÁC CỰC TỐT",14200000000,"14,2 tỷ",60,4,"Đường Huỳnh Văn Bánh, Phường Phú Nhuận, Hồ Chí Minh",Phường 14,,Quận Phú Nhuận,1020,Nhà ở,,,,https://alonhadat.com.vn/nha-goc-2-mat-tien-gan-cho-tran-huu-trang-khai-thac-cuc-tot-18711339.html,https://alonhadat.com.vn/nha-goc-2-mat-tien-gan-cho-tran-huu-trang-khai-thac-cuc-tot-18711339.html,2026-06-07,2026-06-07 20:16:10.418495,,14200,236666666.66666666,0,0
alonhadat,sale_student_csv,alonhadat_duc_13440258,13440258,"Bán Nhà Hẻm 12/ Đào Duy Anh, P.9,Phú Nhuận.Dt: 7m4x16,5m2,Kc; 2 Tầng,Giá Bán,19,5 Tỷ",19500000000,"19,5 tỷ",115,6,"Đường Đào Duy Anh, Phường Đức Nhuận, Hồ Chí Minh",Phường 9,,Quận Phú Nhuận,1020,Nhà ở,,,,https://alonhadat.com.vn/ban-nha-hem-6m-ho-van-hue-p-9-phu-nhuan-dt-6x15m2-3-lau-16-8-ty-13440258.html,https://alonhadat.com.vn/ban-nha-hem-6m-ho-van-hue-p-9-phu-nhuan-dt-6x15m2-3-lau-16-8-ty-13440258.html,2026-06-07,2026-06-07 20:16:10.418495,,19500,169565217.39130434,0,0
alonhadat,sale_student_csv,alonhadat_duc_18162394,18162394,"Bán nhà HẺM XE TẢI THÔNG Nguyễn Trọng Tuyển PN, 5 tầng, có thang máy, sổ A4, chỉ 21.x tỷ",21500000000,"21,5 tỷ",80,6,"Đường Nguyễn Trọng Tuyển, Phường Phú Nhuận, Hồ Chí Minh",Phường Phú Nhuận,,Quận Phú Nhuận,1020,Nhà ở,,,,https://alonhadat.com.vn/ban-nha-hem-xe-tai-thong-nguyen-trong-tuyen-pn-5-tang-co-thang-may-so-a4-chi-21-x-ty-18162394.html,https://alonhadat.com.vn/ban-nha-hem-xe-tai-thong-nguyen-trong-tuyen-pn-5-tang-co-thang-may-so-a4-chi-21-x-ty-18162394.html,2026-06-07,2026-06-07 20:16:10.418495,,21500,268750000,0,0
alonhadat,sale_student_csv,alonhadat_duc_18757997,18757997,"BÁn tòa Buillding mặt tiền Đào Duy Anh, Phú Nhuận - 5x20m- Hầm+8 tầng-HĐT: 70tr/th- 38 tỷ",38000000000,38 tỷ,100,16,"Đường Đào Duy Anh, Phường Đức Nhuận, Hồ Chí Minh",Phường 9,,Quận Phú Nhuận,1020,Nhà ở,,,,https://alonhadat.com.vn/ban-toa-buillding-mat-tien-dao-duy-anh-phu-nhuan-5x20m-ham-8-tang-hdt-70tr-th-38-ty-18757997.html,https://alonhadat.com.vn/ban-toa-buillding-mat-tien-dao-duy-anh-phu-nhuan-5x20m-ham-8-tang-hdt-70tr-th-38-ty-18757997.html,2026-06-07,2026-06-07 20:16:10.418495,,38000,380000000,0,0
alonhadat,sale_student_csv,alonhadat_duc_18757236,18757236,"Bán tòa nhà văn phòng mặt tiền Đào Duy Anh, p.9, Q.Phú Nhuận",39000000000,39 tỷ,90,18,"Đường Đào Duy Anh, Phường Đức Nhuận, Hồ Chí Minh",Phường 9,,Quận Phú Nhuận,1020,Nhà ở,,,,https://alonhadat.com.vn/ban-toa-nha-van-phong-mat-tien-dao-duy-anh-p-9-q-phu-nhuan-18757236.html,https://alonhadat.com.vn/ban-toa-nha-van-phong-mat-tien-dao-duy-anh-p-9-q-phu-nhuan-18757236.html,2026-06-07,2026-06-07 20:16:10.418495,,39000,433333333.3333333,0,0
alonhadat,sale_student_csv,alonhadat_duc_18751827,18751827,"Toà Nhà Mặt Tiền Trương Quốc Dung, Ngang 6 x 20m, Hầm 6 lầu, HĐ thuê 130tr - chỉ 3x tỷ",38000000000,38 tỷ,113,12,"Đường Trương Quốc Dung, Phường Phú Nhuận, Hồ Chí Minh",Phường Phú Nhuận,,Quận Phú Nhuận,1020,Nhà ở,,,,https://alonhadat.com.vn/toa-nha-mat-tien-truong-quoc-dung-ngang-6-x-20m-ham-6-lau-hd-thue-130tr-chi-3x-ty-18751827.html,https://alonhadat.com.vn/toa-nha-mat-tien-truong-quoc-dung-ngang-6-x-20m-ham-6-lau-hd-thue-130tr-chi-3x-ty-18751827.html,2026-06-07,2026-06-07 20:16:10.418495,,38000,336283185.84070796,0,0
alonhadat,sale_student_csv,alonhadat_duc_18757136,18757136,"TÒA NHÀ TRƯƠNG QUỐC DUNG PHÚ NHUẬN – HẦM, 7 TẦNG – HĐ THUÊ 130TR/THÁNG- 38 Tỷ",38000000000,38 tỷ,113,6,"Đường Trương Quốc Dung, Phường Phú Nhuận, Hồ Chí Minh",Phường Phú Nhuận,,Quận Phú Nhuận,1020,Nhà ở,,,,https://alonhadat.com.vn/toa-nha-truong-quoc-dung-phu-nhuan-ham-7-tang-hd-thue-130tr-thang-38-ty-18757136.html,https://alonhadat.com.vn/toa-nha-truong-quoc-dung-phu-nhuan-ham-7-tang-hd-thue-130tr-thang-38-ty-18757136.html,2026-06-07,2026-06-07 20:16:10.418495,,38000,336283185.84070796,0,0
alonhadat,sale_student_csv,alonhadat_duc_17864342,17864342,"Hiếm !Bán nhà Mặt Tiền Nguyễn Văn Trỗi , P.8 ,Phú Nhuận 6,2x20 -HĐT 90tr/tháng chỉ 34,9 tỷ",34900000000,"34,9 tỷ",124,9,"Đường Nguyễn Văn Trỗi, Phường Phú Nhuận, Hồ Chí Minh",Phường 8,,Quận Phú Nhuận,1020,Nhà ở,,,,https://alonhadat.com.vn/hiem-ban-nha-mat-tien-nguyen-van-troi-p-8-phu-nhuan-6-2x20-hdt-90tr-thang-chi-34-9-ty-17864342.html,https://alonhadat.com.vn/hiem-ban-nha-mat-tien-nguyen-van-troi-p-8-phu-nhuan-6-2x20-hdt-90tr-thang-chi-34-9-ty-17864342.html,2026-06-07,2026-06-07 20:16:10.418495,,34900,281451612.9032258,0,0
alonhadat,sale_student_csv,alonhadat_duc_17864536,17864536,"Bán Tòa nhà MT Hoàng Văn Thụ , Phú Nhuận 7x22 - 8 tầng - HĐT 160Tr chỉ 49 Tỷ",49000000000,49 tỷ,154,8,"Đường Hoàng Văn Thụ, Phường Phú Nhuận, Hồ Chí Minh",Phường 8,,Quận Phú Nhuận,1020,Nhà ở,,,,https://alonhadat.com.vn/ban-toa-nha-mt-hoang-van-thu-phu-nhuan-7x22-8-tang-hdt-160tr-chi-49-ty-17864536.html,https://alonhadat.com.vn/ban-toa-nha-mt-hoang-van-thu-phu-nhuan-7x22-8-tang-hdt-160tr-chi-49-ty-17864536.html,2026-06-07,2026-06-07 20:16:10.418495,,49000,318181818.1818182,0,0
alonhadat,sale_student_csv,alonhadat_duc_17638209,17638209,"Hạ 14 Tỷ Bán Gấp nhà Ngang 10m mặt tiền PHAN ĐÌNH PHÙNG, Phú Nhuận, 10x30m, Chỉ 85 Tỷ",85000000000,85 tỷ,300,5,"Đường Phan Đình Phùng, Phường Cầu Kiệu, Hồ Chí Minh",Phường 17,,Quận Phú Nhuận,1020,Nhà ở,,,,https://alonhadat.com.vn/ban-gap-nha-ngang-10m-mat-tien-phan-dinh-phung-phu-nhuan-10x30m-chi-88-ty-17638209.html,https://alonhadat.com.vn/ban-gap-nha-ngang-10m-mat-tien-phan-dinh-phung-phu-nhuan-10x30m-chi-88-ty-17638209.html,2026-06-07,2026-06-07 20:16:10.418495,,85000,283333333.3333333,0,0
alonhadat,sale_student_csv,alonhadat_duc_17815444,17815444,"Hạ 10 tỷ Bán MT Kinh Doanh Lê Văn Sỹ, Phú Nhuận- 7x20m- Hầm 6 Tầng- HDT 180triệu-Giá 36ty",36000000000,36 tỷ,140,24,"Đường Lê Văn Sỹ, Phường Phú Nhuận, Hồ Chí Minh",Phường 13,,Quận Phú Nhuận,1020,Nhà ở,,,,https://alonhadat.com.vn/ha-10-ty-ban-mt-kinh-doanh-le-van-sy-phu-nhuan-7x20m-ham-6-tang-hdt-180trieu-gia-36ty-17815444.html,https://alonhadat.com.vn/ha-10-ty-ban-mt-kinh-doanh-le-van-sy-phu-nhuan-7x20m-ham-6-tang-hdt-180trieu-gia-36ty-17815444.html,2026-06-07,2026-06-07 20:16:10.418495,,36000,257142857.14285713,0,0
alonhadat,sale_student_csv,alonhadat_duc_18741898,18741898,BÁN BUILDING MẶT TIỀN NGUYỄN VĂN TRỖI – VỊ TRÍ ĐẮC ĐỊA,126000000000,126 tỷ,168,19,"Đường Nguyễn Văn Trỗi, Phường Cầu Kiệu, Hồ Chí Minh",Phường 1,,Quận Phú Nhuận,1040,Đất,,,,https://alonhadat.com.vn/ban-building-mat-tien-nguyen-van-troi-vi-tri-dac-dia-18741898.html,https://alonhadat.com.vn/ban-building-mat-tien-nguyen-van-troi-vi-tri-dac-dia-18741898.html,2026-06-07,2026-06-07 20:16:10.418495,,126000,750000000,0,0
alonhadat,sale_student_csv,alonhadat_duc_18746859,18746859,[MẶT TIỀN HOA HỒNG - TRUNG TÂM PHAN XÍCH LONG],25200000000,"25,2 tỷ",64,6,"Đường Hoa Hồng, Phường Cầu Kiệu, Hồ Chí Minh",Phường 2,,Quận Phú Nhuận,1040,Đất,,,,https://alonhadat.com.vn/-mat-tien-hoa-hong-trung-tam-phan-xich-long--18746859.html,https://alonhadat.com.vn/-mat-tien-hoa-hong-trung-tam-phan-xich-long--18746859.html,2026-06-07,2026-06-07 20:16:10.418495,,25200,393750000,0,0
alonhadat,sale_student_csv,alonhadat_duc_12552103,12552103,"Khuôn đất lớn duy nhất ngay Phan Xích Long, 13 x 26m - CN 333m2 , Hđt 250 tr, Giá 250tr/m2",83000000000,83 tỷ,335,5,"Đường Phan Xích Long, Phường Cầu Kiệu, Hồ Chí Minh",Phường 2,,Quận Phú Nhuận,1040,Đất,,,,https://alonhadat.com.vn/khuon-dat-lon-duy-nhat-ngay-phan-xich-long-13-x-26m-cn-333m2-hdt-250-tr-gia-250tr-m2-12552103.html,https://alonhadat.com.vn/khuon-dat-lon-duy-nhat-ngay-phan-xich-long-13-x-26m-cn-333m2-hdt-250-tr-gia-250tr-m2-12552103.html,2026-06-07,2026-06-07 20:16:10.418495,,83000,247761194.02985075,0,0
alonhadat,sale_student_csv,alonhadat_duc_10180535,10180535,"Bán building, Nguyễn Văn Trỗi PN DT 10x30m Hầm 7 Lầu HĐ thuê 600tr/th giá 290tỷ TL",290000000000,290 tỷ,300,8,"Đường Nguyễn Văn Trỗi, Phường Cầu Kiệu, Hồ Chí Minh",Phường 15,,Quận Phú Nhuận,1040,Đất,,,,https://alonhadat.com.vn/ban-building-nguyen-van-troi-pn-dt-10x30m-ham-7-lau-hd-thue-600tr-th-gia-290ty-tl-10180535.html,https://alonhadat.com.vn/ban-building-nguyen-van-troi-pn-dt-10x30m-ham-7-lau-hd-thue-600tr-th-gia-290ty-tl-10180535.html,2026-06-07,2026-06-07 20:16:10.418495,,290000,966666666.6666666,0,0
alonhadat,sale_student_csv,alonhadat_duc_15230203,15230203,"Bán khách sạn 15 phòng – MT đường Phan Xích Long, giá 37,5 tỷ",37500000000,"37,5 tỷ",64,15,"Đường Phan Xích Long, Phường Cầu Kiệu, Hồ Chí Minh",Phường 2,,Quận Phú Nhuận,1040,Đất,,,,https://alonhadat.com.vn/ban-khach-san-15-phong-mt-duong-phan-xich-long-gia-38-5-ty-15230203.html,https://alonhadat.com.vn/ban-khach-san-15-phong-mt-duong-phan-xich-long-gia-38-5-ty-15230203.html,2026-06-07,2026-06-07 20:16:10.418495,,37500,585937500,0,0
alonhadat,sale_student_csv,alonhadat_duc_18676870,18676870,"BÁN MẶT TIỀN 49 HUỲNH VĂN BÁNH - 4 LẦU - 12,5 TỶ TL",12500000000,"12,5 tỷ",41,6,"Đường Huỳnh Văn Bánh, Phường Cầu Kiệu, Hồ Chí Minh",Phường 17,,Quận Phú Nhuận,1040,Đất,,,,https://alonhadat.com.vn/ban-mat-tien-49-huynh-van-banh-4-lau-12-5-ty-tl-18676870.html,https://alonhadat.com.vn/ban-mat-tien-49-huynh-van-banh-4-lau-12-5-ty-tl-18676870.html,2026-06-07,2026-06-07 20:16:10.418495,,12500,304878048.7804878,0,0
alonhadat,sale_student_csv,alonhadat_duc_18758715,18758715,"🌟Tài Nhà Đất🌟HXH Thích Quảng Đức 33m 4Tầng 3pn chỉ 7,8tỷ",7800000000,"7,8 tỷ",33,3,"Đường Thích Quảng Đức, Phường Đức Nhuận, Hồ Chí Minh",Phường Đức Nhuận,,Quận Phú Nhuận,1040,Đất,,,,https://alonhadat.com.vn/-tai-nha-dat-hxh-thich-quang-duc-33m-4tang-3pn-chi-7-8ty-18758715.html,https://alonhadat.com.vn/-tai-nha-dat-hxh-thich-quang-duc-33m-4tang-3pn-chi-7-8ty-18758715.html,2026-06-07,2026-06-07 20:16:10.418495,,7800,236363636.36363637,0,0
alonhadat,sale_student_csv,alonhadat_duc_18075315,18075315,(A115)PHÚ NHUẬN – 80M² LAM SƠN – NGANG 14M HIẾM CÓ – GIÁ 8.5 TỶ,8500000000,"8,5 tỷ",70,5,"Đường Phan Đăng Lưu, Phường Phú Nhuận, Hồ Chí Minh",Phường Phú Nhuận,,Quận Phú Nhuận,1040,Đất,,,,https://alonhadat.com.vn/-a115-phu-nhuan-chdv-5-phong-full-noi-that-80m-chi-hon-8-ty-18075315.html,https://alonhadat.com.vn/-a115-phu-nhuan-chdv-5-phong-full-noi-that-80m-chi-hon-8-ty-18075315.html,2026-06-07,2026-06-07 20:16:10.418495,,8500,121428571.42857143,0,0
alonhadat,sale_student_csv,alonhadat_duc_18706193,18706193,"CHÍNH CHỦ BÁN GẤP CĂN GÓC 137 PHAN ĐĂNG LƯU, PHÚ NHUẬN, DT: 12X60M XD 2H12T",250000000000,250 tỷ,842,1,"Đường Phan Đăng Lưu, Phường Đức Nhuận, Hồ Chí Minh",Phường Đức Nhuận,,Quận Phú Nhuận,1040,Đất,,,,https://alonhadat.com.vn/chinh-chu-ban-gap-can-goc-137-phan-dang-luu-phu-nhuan-dt-12x60m-xd-2h12t-18706193.html,https://alonhadat.com.vn/chinh-chu-ban-gap-can-goc-137-phan-dang-luu-phu-nhuan-dt-12x60m-xd-2h12t-18706193.html,2026-06-07,2026-06-07 20:16:10.418495,,250000,296912114.01425177,0,0
alonhadat,sale_student_csv,alonhadat_duc_18756703,18756703,"MẶT TIỀN TRẦN HUY LIỆU – NGANG HƠN 10M, QUỸ ĐẤT HIẾM GIỮA TRUNG TÂM",30000000000,30 tỷ,147,4,"Đường Trần Huy Liệu, Phường Phú Nhuận, Hồ Chí Minh",Phường 8,,Quận Phú Nhuận,1040,Đất,,,,https://alonhadat.com.vn/mat-tien-tran-huy-lieu-ngang-hon-10m-quy-dat-hiem-giua-trung-tam-18756703.html,https://alonhadat.com.vn/mat-tien-tran-huy-lieu-ngang-hon-10m-quy-dat-hiem-giua-trung-tam-18756703.html,2026-06-07,2026-06-07 20:16:10.418495,,30000,204081632.6530612,0,0
alonhadat,sale_student_csv,alonhadat_duc_18757121,18757121,HÀNG HIẾM PHÚ NHUẬN – MẶT TIỀN CÔNG VIÊN – GIÁ CHỈ 21 TỶ!,21000000000,21 tỷ,98,5,"Đường Trần Quý Đức, Phường Cầu Kiệu, Hồ Chí Minh",Phường 7,,Quận Phú Nhuận,1040,Đất,,,,https://alonhadat.com.vn/hang-hiem-phu-nhuan-mat-tien-cong-vien-gia-chi-21-ty--18757121.html,https://alonhadat.com.vn/hang-hiem-phu-nhuan-mat-tien-cong-vien-gia-chi-21-ty--18757121.html,2026-06-07,2026-06-07 20:16:10.418495,,21000,214285714.2857143,0,0
alonhadat,sale_student_csv,alonhadat_duc_14152835,14152835,"MT Hoàng Diệu P.10 Phú Nhuận - DT: 9mx40m, NH: 20m. CN: 465m2 - 115 Tỷ",115000000000,115 tỷ,465,1,"Đường Hoàng Diệu, Phường Phú Nhuận, Hồ Chí Minh",Phường 10,,Quận Phú Nhuận,1040,Đất,,,,https://alonhadat.com.vn/mt-hoang-dieu-p-10-phu-nhuan-dt-9mx40m-nh-20m-cn-465m2-115-ty-14152835.html,https://alonhadat.com.vn/mt-hoang-dieu-p-10-phu-nhuan-dt-9mx40m-nh-20m-cn-465m2-115-ty-14152835.html,2026-06-07,2026-06-07 20:16:10.418495,,115000,247311827.95698926,0,0
alonhadat,sale_student_csv,alonhadat_duc_18758937,18758937,"🌟Tài Nhà Đất🌟 HXH Thích Quảng Đức Phú Nhuận 55m 3pn 4wc chỉ 9,2tỷ",9200000000,"9,2 tỷ",55,3,"Đường Thích Quảng Đức, Phường Đức Nhuận, Hồ Chí Minh",Phường 5,,Quận Phú Nhuận,1040,Đất,,,,https://alonhadat.com.vn/-tai-nha-dat-hxh-thich-quang-duc-phu-nhuan-55m-3pn-4wc-chi-9-2ty-18758937.html,https://alonhadat.com.vn/-tai-nha-dat-hxh-thich-quang-duc-phu-nhuan-55m-3pn-4wc-chi-9-2ty-18758937.html,2026-06-07,2026-06-07 20:16:10.418495,,9200,167272727.27272728,0,0
alonhadat,sale_student_csv,alonhadat_duc_17375549,17375549,"Mặt tiền Phố Áo Cưới HỒ VĂN HUÊ, Phú Nhuận, 10x26m(NH: 20m), CTXD: 2 Hầm 10 Lầu, Chỉ 60 Tỷ",60000000000,60 tỷ,315,2,"Đường Hồ Văn Huê, Phường Đức Nhuận, Hồ Chí Minh",Phường 9,,Quận Phú Nhuận,1040,Đất,,,,https://alonhadat.com.vn/mat-tien-pho-ao-cuoi-ho-van-hue-phu-nhuan-10x25m-nh-21m-duoc-xay-2-ham-10-lau-chi-67-t6-17375549.html,https://alonhadat.com.vn/mat-tien-pho-ao-cuoi-ho-van-hue-phu-nhuan-10x25m-nh-21m-duoc-xay-2-ham-10-lau-chi-67-t6-17375549.html,2026-06-07,2026-06-07 20:16:10.418495,,60000,190476190.47619048,0,0
alonhadat,sale_student_csv,alonhadat_duc_18756613,18756613,Biệt thự cực sang - khu cư xá Tự Do- 1102m2 sàn- gần Metro 7 Hiền- 120 Tỷ TL,120000000000,120 tỷ,1102,8,"Đường Cách Mạng Tháng Tám, Phường Tân Sơn Nhất, Hồ Chí Minh",Phường 7,,Quận Tân Bình,1020,Biệt thự,,,,https://alonhadat.com.vn/biet-thu-cuc-sang-khu-cu-xa-tu-do-1102m2-san-gan-metro-7-hien-120-ty-tl-18756613.html,https://alonhadat.com.vn/biet-thu-cuc-sang-khu-cu-xa-tu-do-1102m2-san-gan-metro-7-hien-120-ty-tl-18756613.html,2026-06-07,2026-06-07 20:16:10.418495,,120000,108892921.96007259,0,0
alonhadat,sale_student_csv,alonhadat_duc_18751556,18751556,"nhà riêng khu compound Huỳnh Lan Khanh (Tân Bình), 5x21m, 4 lầu, giá 25 tỷ",25000000000,25 tỷ,101,7,"Đường Huỳnh Lan Khanh, Phường Tân Sơn Hòa, Hồ Chí Minh",Phường 2,,Quận Tân Bình,1020,Biệt thự,,,,https://alonhadat.com.vn/nha-rieng-khu-compound-huynh-lan-khanh-tan-binh-5x21m-4-lau-gia-25-ty-18751556.html,https://alonhadat.com.vn/nha-rieng-khu-compound-huynh-lan-khanh-tan-binh-5x21m-4-lau-gia-25-ty-18751556.html,2026-06-07,2026-06-07 20:16:10.418495,,25000,247524752.47524753,0,0
alonhadat,sale_student_csv,alonhadat_duc_17816817,17816817,"Biệt thự đẹp ngay nhà ga T3 Hoàng Hoa Thám- P.13 Tân Bình-7,5x20-- 4 tầng- 26 tỷ về 23 tỷ",23000000000,23 tỷ,150,5,"Đường Hoàng Hoa Thám, Phường Tân Bình, Hồ Chí Minh",Phường 13,,Quận Tân Bình,1020,Biệt thự,,,,https://alonhadat.com.vn/biet-thu-dep-ngay-nha-ga-t3-hoang-hoa-tham-p-13-tan-binh-7-5x20-4-tang-26-ty-ve-23-ty-17816817.html,https://alonhadat.com.vn/biet-thu-dep-ngay-nha-ga-t3-hoang-hoa-tham-p-13-tan-binh-7-5x20-4-tang-26-ty-ve-23-ty-17816817.html,2026-06-07,2026-06-07 20:16:10.418495,,23000,153333333.33333334,0,0
alonhadat,sale_student_csv,alonhadat_duc_18700892,18700892,"Biệt thự góc 2 MT HXH Hoàng Hoa Thám, P.13, Q.Tân Bình,nội thất cao cấp,5 tầng, 18.5 tỷ",18500000000,"18,5 tỷ",70,8,"Đường Hoàng Hoa Thám, Phường Tân Bình, Hồ Chí Minh",Phường 13,,Quận Tân Bình,1020,Biệt thự,,,,https://alonhadat.com.vn/biet-thu-goc-2-mt-hxh-hoang-hoa-tham-p-13-q-tan-binh-noi-that-cao-cap-5-tang-18-5-ty-18700892.html,https://alonhadat.com.vn/biet-thu-goc-2-mt-hxh-hoang-hoa-tham-p-13-q-tan-binh-noi-that-cao-cap-5-tang-18-5-ty-18700892.html,2026-06-07,2026-06-07 20:16:10.418495,,18500,264285714.2857143,0,0
alonhadat,sale_student_csv,alonhadat_duc_18275941,18275941,"BÁN GẤP ! NHÀ 5 TẦNG,KHU QUÂN ĐỘI,CỘNG HÒA,90M2(NGANG 6M), 2 MẶT HXH.SỔ VUÔNG",21500000000,"21,5 tỷ",90,5,"Đường C1, Phường Tân Bình, Hồ Chí Minh",Phường 13,,Quận Tân Bình,1020,Biệt thự,,,,https://alonhadat.com.vn/ban-gap-biet-thu-ngay-ga-t3-5-tang-ngang-6m-2-mat-hem-so-vuong-18275941.html,https://alonhadat.com.vn/ban-gap-biet-thu-ngay-ga-t3-5-tang-ngang-6m-2-mat-hem-so-vuong-18275941.html,2026-06-07,2026-06-07 20:16:10.418495,,21500,238888888.8888889,0,0
alonhadat,sale_student_csv,alonhadat_duc_9845027,9845027,"Bán tòa nhà 2MT hẻm đường Nguyễn Trọng Tuyển, P1, TB, DT: 10mx34m, 5 lầu, thuê: 200tr/th",47000000000,47 tỷ,340,8,"Đường Nguyễn Trọng Tuyển, Phường Tân Sơn Hòa, Hồ Chí Minh",Phường 1,,Quận Tân Bình,1020,Biệt thự,,,,https://alonhadat.com.vn/ban-toa-nha-2mt-hem-duong-nguyen-trong-tuyen-p1-tb-dt-10mx34m-5-lau-thue-200tr-th-9845027.html,https://alonhadat.com.vn/ban-toa-nha-2mt-hem-duong-nguyen-trong-tuyen-p1-tb-dt-10mx34m-5-lau-thue-200tr-th-9845027.html,2026-06-07,2026-06-07 20:16:10.418495,,47000,138235294.11764705,0,0
alonhadat,sale_student_csv,alonhadat_duc_15228867,15228867,Biệt thự Nguyễn Trọng Tuyển P.2 Q.Tân Bình - DT: 9Mx15M - Hầm 4 tầng - 23 tỷ,23000000000,23 tỷ,128,5,"Đường Nguyễn Trọng Tuyển, Phường Tân Sơn Hòa, Hồ Chí Minh",Phường 2,,Quận Tân Bình,1020,Biệt thự,,,,https://alonhadat.com.vn/biet-thu-nguyen-trong-tuyen-p-2-q-tan-binh-dt-9mx15m-ham-4-tang-23-ty-15228867.html,https://alonhadat.com.vn/biet-thu-nguyen-trong-tuyen-p-2-q-tan-binh-dt-9mx15m-ham-4-tang-23-ty-15228867.html,2026-06-07,2026-06-07 20:16:10.418495,,23000,179687500,0,0
alonhadat,sale_student_csv,alonhadat_duc_18737088,18737088,"Biệt Thự Khu 1073 CMT8 (Cư Xá Tự Do), Q.Tân Bình.(20mx25m2).Kết cấu; 6 Tầng,Giá chỉ;130 TỶ",130000000000,130 tỷ,480,15,"Đường Cách Mạng Tháng Tám, Phường Tân Sơn Nhất, Hồ Chí Minh",Phường 7,,Quận Tân Bình,1020,Biệt thự,,,,https://alonhadat.com.vn/biet-thu-khu-1073-cmt8-cu-xa-tu-do-q-tan-binh-20x23-ket-cau-6-tang-gia-chi-130-ty-18737088.html,https://alonhadat.com.vn/biet-thu-khu-1073-cmt8-cu-xa-tu-do-q-tan-binh-20x23-ket-cau-6-tang-gia-chi-130-ty-18737088.html,2026-06-07,2026-06-07 20:16:10.418495,,130000,270833333.3333333,0,0
alonhadat,sale_student_csv,alonhadat_duc_17193028,17193028,"Biệt thự Hồng Hà (Tân Bình), 6x17m, 4 tầng, giá 21 tỷ",21000000000,21 tỷ,96,4,"Đường Hồng Hà, Phường Tân Sơn Hòa, Hồ Chí Minh",Phường 2,,Quận Tân Bình,1020,Biệt thự,,,,https://alonhadat.com.vn/biet-thu-hong-ha-tan-binh-6x17m-4-tang-gia-21-ty-17193028.html,https://alonhadat.com.vn/biet-thu-hong-ha-tan-binh-6x17m-4-tang-gia-21-ty-17193028.html,2026-06-07,2026-06-07 20:16:10.418495,,21000,218750000,0,0
alonhadat,sale_student_csv,alonhadat_duc_17009844,17009844,BIỆT THỰ PHỔ QUANG P2 TÂN BÌNH - 416M2 - 3 TẦNG - 14X30 - GIÁ 83.X TỶ,83500000000,"83,5 tỷ",416,6,"Đường Phổ Quang, Phường Tân Sơn Hòa, Hồ Chí Minh",Phường 2,,Quận Tân Bình,1020,Biệt thự,,,,https://alonhadat.com.vn/biet-thu-pho-quang-p2-tan-binh-416m2-3-tang-14x30-gia-83-x-ty-17009844.html,https://alonhadat.com.vn/biet-thu-pho-quang-p2-tan-binh-416m2-3-tang-14x30-gia-83-x-ty-17009844.html,2026-06-07,2026-06-07 20:16:10.418495,,83500,200721153.84615386,0,0
alonhadat,sale_student_csv,alonhadat_duc_16584022,16584022,"Siêu biệt thự luxury Nguyễn Minh Hoàng, Tân Bình. (9x20m) 5 tầng thang máy. Giá 52,9 tỷ",52900000000,"52,9 tỷ",182,5,"Đường Nguyễn Minh Hoàng, Phường Bảy Hiền, Hồ Chí Minh",Phường 12,,Quận Tân Bình,1020,Biệt thự,,,,https://alonhadat.com.vn/sieu-biet-thu-luxury-nguyen-miinh-hoang-tan-binh-9x20m-5-tang-thang-may-gia-52-9-ty-16584022.html,https://alonhadat.com.vn/sieu-biet-thu-luxury-nguyen-miinh-hoang-tan-binh-9x20m-5-tang-thang-may-gia-52-9-ty-16584022.html,2026-06-07,2026-06-07 20:16:10.418495,,52900,290659340.6593407,0,0
alonhadat,sale_student_csv,alonhadat_duc_18684881,18684881,Bán biệt thự Siêu Đẹp CMT8- Bành Văn Trân- Tân Bình (ngang 11x30m). Hầm-5 Tầng,62000000000,62 tỷ,325,7,"Đường Bành Văn Trân, Phường Tân Sơn Nhất, Hồ Chí Minh",Phường 7,,Quận Tân Bình,1020,Biệt thự,,,,https://alonhadat.com.vn/ban-biet-thu-sieu-dep-cmt8-banh-van-tran-tan-binh-ngang-11x30m-ham-5-tang-18684881.html,https://alonhadat.com.vn/ban-biet-thu-sieu-dep-cmt8-banh-van-tran-tan-binh-ngang-11x30m-ham-5-tang-18684881.html,2026-06-07,2026-06-07 20:16:10.418495,,62000,190769230.76923078,0,0
alonhadat,sale_student_csv,alonhadat_duc_18757769,18757769,Bán biệt thự Him Lam Phổ Quang. Tân Bình. 8mx22m. 5 tầng - HĐT: 150triệu. Giá 45tỷ,45000000000,45 tỷ,176,5,"Đường Phổ Quang, Phường Tân Sơn Hòa, Hồ Chí Minh",Phường 2,,Quận Tân Bình,1020,Biệt thự,,,,https://alonhadat.com.vn/ban-biet-thu-him-lam-pho-quang-tan-binh-8mx22m-5-tang-hdt-150trieu-gia-45ty-18757769.html,https://alonhadat.com.vn/ban-biet-thu-him-lam-pho-quang-tan-binh-8mx22m-5-tang-hdt-150trieu-gia-45ty-18757769.html,2026-06-07,2026-06-07 20:16:10.418495,,45000,255681818.1818182,0,0
alonhadat,sale_student_csv,alonhadat_duc_15062238,15062238,"Cần bán nhà hẻm 8m khu biệt thự, dân cư yên tĩnh, trình độ dân trí cao giá 9.5 tỷ TL",9500000000,"9,5 tỷ",55,3,"Đường Bàu Bàng, Phường Tân Bình, Hồ Chí Minh",Phường 13,,Quận Tân Bình,1020,Biệt thự,,,,https://alonhadat.com.vn/can-ban-nha-hem-8m-khu-biet-thu-dan-cu-yen-tinh-trinh-do-dan-tri-cao-gia-9-5-ty-tl-15062238.html,https://alonhadat.com.vn/can-ban-nha-hem-8m-khu-biet-thu-dan-cu-yen-tinh-trinh-do-dan-tri-cao-gia-9-5-ty-tl-15062238.html,2026-06-07,2026-06-07 20:16:10.418495,,9500,172727272.72727272,0,0
alonhadat,sale_student_csv,alonhadat_duc_18171425,18171425,"Bán Villa Góc 2 Mặt TIền khu K300, Tân Bình - 10 x 15m, 2 lầu - chỉ hơn 20 tỷ xíu",22000000000,22 tỷ,135,6,"Đường Nguyễn Minh Hoàng, Phường Tân Bình, Hồ Chí Minh",Phường Tân Bình,,Quận Tân Bình,1020,Biệt thự,,,,https://alonhadat.com.vn/ban-villa-goc-2-mat-tien-khu-k300-tan-binh-10-x-15m-2-lau-chi-hon-20-ty-xiu-18171425.html,https://alonhadat.com.vn/ban-villa-goc-2-mat-tien-khu-k300-tan-binh-10-x-15m-2-lau-chi-hon-20-ty-xiu-18171425.html,2026-06-07,2026-06-07 20:16:10.418495,,22000,162962962.96296296,0,0
alonhadat,sale_student_csv,alonhadat_duc_18165751,18165751,"Bán biệt thự góc 2 MT hẻm 8m Nguyễn Minh Hoàng – dt 9.5 x 16m, 1 trệt 2 lầu ST",22000000000,22 tỷ,152,5,"Đường Nguyễn Minh Hoàng, Phường Bảy Hiền, Hồ Chí Minh",Phường 12,,Quận Tân Bình,1020,Biệt thự,,,,https://alonhadat.com.vn/ban-biet-thu-goc-2-mt-hem-8m-nguyen-minh-hoang-dt-9-5-x-16m-1-tret-2-lau-st-18165751.html,https://alonhadat.com.vn/ban-biet-thu-goc-2-mt-hem-8m-nguyen-minh-hoang-dt-9-5-x-16m-1-tret-2-lau-st-18165751.html,2026-06-07,2026-06-07 20:16:10.418495,,22000,144736842.10526314,0,0
alonhadat,sale_student_csv,alonhadat_duc_18306888,18306888,"HXH Ngay ETOWN Cộng Hoà, P Tân Bình DT 4X18 nhà 4 lầu thu nhập 36Tr/tháng 11.8 tỷ TL",11800000000,"11,8 tỷ",73,4,"Đường Cộng Hòa, Phường Tân Bình, Hồ Chí Minh",Phường 13,,Quận Tân Bình,1010,Căn hộ chung cư,,,,https://alonhadat.com.vn/hxh-6m-cong-hoa-p-tan-binh-gan-etown-dt-4-3x17-nha-4-tang-moi-gia-13-5-ty-18306888.html,https://alonhadat.com.vn/hxh-6m-cong-hoa-p-tan-binh-gan-etown-dt-4-3x17-nha-4-tang-moi-gia-13-5-ty-18306888.html,2026-06-07,2026-06-07 20:16:10.418495,,11800,161643835.61643836,0,0
alonhadat,sale_student_csv,alonhadat_duc_16546672,16546672,"Căn hộ dịch vụ Phường Tân Sơn, Phạm Văn Bạch, Hẻm ô tô, 5.2x20m, 5 tầng, 11 tỷ xíu",11400000000,"11,4 tỷ",110,13,"Đường Phạm Văn Bạch, Phường Tân Sơn, Hồ Chí Minh",Phường 15,,Quận Tân Bình,1010,Căn hộ chung cư,,,,https://alonhadat.com.vn/ban-can-ho-dich-vu-phuong-15-tan-binh-pham-van-bach-hem-o-to-5-2x20m-13-phong-16546672.html,https://alonhadat.com.vn/ban-can-ho-dich-vu-phuong-15-tan-binh-pham-van-bach-hem-o-to-5-2x20m-13-phong-16546672.html,2026-06-07,2026-06-07 20:16:10.418495,,11400,103636363.63636364,0,0
alonhadat,sale_student_csv,alonhadat_duc_18753690,18753690,"Bán CHDV HXh, Phạm Văn Bạch, ngang 8m, 5 tầng, 37 phòng, 200tr, phường 15, Tân Bình",29500000000,"29,5 tỷ",201,37,"Đường Phạm Văn Bạch, Phường Tân Sơn, Hồ Chí Minh",Phường 15,,Quận Tân Bình,1010,Căn hộ chung cư,,,,https://alonhadat.com.vn/ban-chdv-hxh-pham-van-bach-ngang-8m-5-tang-37-phong-200tr-phuong-15-tan-binh-18753690.html,https://alonhadat.com.vn/ban-chdv-hxh-pham-van-bach-ngang-8m-5-tang-37-phong-200tr-phuong-15-tan-binh-18753690.html,2026-06-07,2026-06-07 20:16:10.418495,,29500,146766169.15422887,0,0
alonhadat,sale_student_csv,alonhadat_duc_18753088,18753088,"Đất Xây Biệt Thự Hẻm 45 Tân Trụ , Phường 15 , Tân Bình.DT 6.6 x 33 nở hậu cn 285 m2",16000000000,16 tỷ,285,3,"Đường Tân Trụ, Phường Tân Sơn, Hồ Chí Minh",Phường Tân Sơn,,Quận Tân Bình,1010,Căn hộ chung cư,,,,https://alonhadat.com.vn/dat-xay-biet-thu-hem-45-tan-tru-phuong-15-tan-binh-dt-6-6-x-33-no-hau-cn-285-m2-18753088.html,https://alonhadat.com.vn/dat-xay-biet-thu-hem-45-tan-tru-phuong-15-tan-binh-dt-6-6-x-33-no-hau-cn-285-m2-18753088.html,2026-06-07,2026-06-07 20:16:10.418495,,16000,56140350.87719298,0,0
alonhadat,sale_student_csv,alonhadat_duc_18757284,18757284,"Nhà hẻm xe hơi đường Hồng Hà P2 Tân Bình, ngang 8m gần sân bay",28000000000,28 tỷ,122,6,"Đường Hồng Hà, Phường Tân Sơn Hòa, Hồ Chí Minh",Phường 2,,Quận Tân Bình,1010,Căn hộ chung cư,,,,https://alonhadat.com.vn/nha-hem-xe-hoi-duong-hong-ha-p2-tan-binh-ngang-8m-gan-san-bay-18757284.html,https://alonhadat.com.vn/nha-hem-xe-hoi-duong-hong-ha-p2-tan-binh-ngang-8m-gan-san-bay-18757284.html,2026-06-07,2026-06-07 20:16:10.418495,,28000,229508196.72131148,0,0
alonhadat,sale_student_csv,alonhadat_duc_16954201,16954201,"Toà CHDV 7 Tầng mặt tiền đường 16m,Tân Bình, Gần Sân Bay, 7.6x33m,HĐT 220 triệu, Chỉ 51 Tỷ",52000000000,52 tỷ,252,26,"Đường Thăng Long, Phường Tân Sơn Nhất, Hồ Chí Minh",Phường 4,,Quận Tân Bình,1010,Căn hộ chung cư,,,,https://alonhadat.com.vn/toa-can-ho-dich-vu-7-tang-mat-tien-duong-16m-tan-binh-gan-san-bay-7-8x33m-hdt-230-trieu-16954201.html,https://alonhadat.com.vn/toa-can-ho-dich-vu-7-tang-mat-tien-duong-16m-tan-binh-gan-san-bay-7-8x33m-hdt-230-trieu-16954201.html,2026-06-07,2026-06-07 20:16:10.418495,,52000,206349206.34920636,0,0
alonhadat,sale_student_csv,alonhadat_duc_18757248,18757248,"Bán building mới xây - Mặt tiền K300 - Phường 12 - Tân Bình, 6.8x32m, có thang máy",50000000000,50 tỷ,217,10,"Đường K300, Phường Bảy Hiền, Hồ Chí Minh",Phường 12,,Quận Tân Bình,1010,Căn hộ chung cư,,,,https://alonhadat.com.vn/ban-building-moi-xay-mat-tien-k300-phuong-12-tan-binh-6-8x32m-co-thang-may-18757248.html,https://alonhadat.com.vn/ban-building-moi-xay-mat-tien-k300-phuong-12-tan-binh-6-8x32m-co-thang-may-18757248.html,2026-06-07,2026-06-07 20:16:10.418495,,50000,230414746.5437788,0,0
alonhadat,sale_student_csv,alonhadat_duc_18757216,18757216,"Bán tòa nhà mặt tiền Hoàng Việt, p.4 Tân Bình (phường Tân Sơn Nhất)",33000000000,33 tỷ,124,18,"Đường Hoàng Việt, Phường Tân Sơn Nhất, Hồ Chí Minh",Phường 4,,Quận Tân Bình,1010,Căn hộ chung cư,,,,https://alonhadat.com.vn/ban-toa-nha-mat-tien-hoang-viet-p-4-tan-binh-phuong-tan-son-nhat--18757216.html,https://alonhadat.com.vn/ban-toa-nha-mat-tien-hoang-viet-p-4-tan-binh-phuong-tan-son-nhat--18757216.html,2026-06-07,2026-06-07 20:16:10.418495,,33000,266129032.2580645,0,0
alonhadat,sale_student_csv,alonhadat_duc_18053814,18053814,"Góc 2MT Hoàng Việt + Út Tịch, Tân Bình - 15x15m - 5 tầng - HĐT 150 triệu - giá 54 tỷ",54000000000,54 tỷ,260,8,"Đường Hoàng Việt, Phường Tân Sơn Nhất, Hồ Chí Minh",Phường 4,,Quận Tân Bình,1010,Căn hộ chung cư,,,,https://alonhadat.com.vn/goc-2mt-hoang-viet-ut-tich-tan-binh-15x15m-5-tang-hdt-150-trieu-gia-56-ty-18053814.html,https://alonhadat.com.vn/goc-2mt-hoang-viet-ut-tich-tan-binh-15x15m-5-tang-hdt-150-trieu-gia-56-ty-18053814.html,2026-06-07,2026-06-07 20:16:10.418495,,54000,207692307.69230768,0,0
alonhadat,sale_student_csv,alonhadat_duc_17596923,17596923,"Bán tòa nhà Hẻm 8m Trường Sơn, dt 8 x 26m, trệt 5 lầu, 25 CHDV cao cấp, thu nhập 180tr/ t",39500000000,"39,5 tỷ",210,25,"Đường Trường Sơn, Phường Tân Sơn Hòa, Hồ Chí Minh",Phường 2,,Quận Tân Bình,1010,Căn hộ chung cư,,,,https://alonhadat.com.vn/ban-toa-nha-hem-8m-truong-son-dt-8-x-26m-tret-5-lau-25-chdv-cao-cap-thu-nhap-180tr-t-17596923.html,https://alonhadat.com.vn/ban-toa-nha-hem-8m-truong-son-dt-8-x-26m-tret-5-lau-25-chdv-cao-cap-thu-nhap-180tr-t-17596923.html,2026-06-07,2026-06-07 20:16:10.418495,,39500,188095238.0952381,0,0
alonhadat,sale_student_csv,alonhadat_duc_18438967,18438967,KẸT BANK 5 TỶ - MẶT TIỀN NGUYỄN SỸ SÁCH - CHỢ TÂN TRỤ - 45M2 - 2 TẦNG - KHÔNG LỘ GIỚI,11500000000,"11,5 tỷ",45,2,"Đường Nguyễn Sỹ Sách, Phường Tân Sơn, Hồ Chí Minh",Phường Tân Sơn,,Quận Tân Bình,1030,Mặt bằng,,,,https://alonhadat.com.vn/ket-bank-5-ty-mat-tien-nguyen-sy-sach-cho-tan-tru-45m2-2-tang-khong-lo-gioi-18438967.html,https://alonhadat.com.vn/ket-bank-5-ty-mat-tien-nguyen-sy-sach-cho-tan-tru-45m2-2-tang-khong-lo-gioi-18438967.html,2026-06-07,2026-06-07 20:16:10.418495,,11500,255555555.55555555,0,0
alonhadat,sale_student_csv,alonhadat_duc_15927198,15927198,"Bán nhà mặt tiền Nguyễn Hồng Đào, dt 4 x 16m, trệt 3 lầu st, sầm uất",16000000000,16 tỷ,64,4,"Đường Nguyễn Hồng Đào, Phường Tân Bình, Hồ Chí Minh",Phường 14,,Quận Tân Bình,1030,Mặt bằng,,,,https://alonhadat.com.vn/ban-nha-mat-tien-nguyen-hong-dao-dt-4-x-16m-tret-3-lau-st-sam-uat-15927198.html,https://alonhadat.com.vn/ban-nha-mat-tien-nguyen-hong-dao-dt-4-x-16m-tret-3-lau-st-sam-uat-15927198.html,2026-06-07,2026-06-07 20:16:10.418495,,16000,250000000,0,0
alonhadat,sale_student_csv,alonhadat_duc_18575816,18575816,🏘️ BÁN DÃY NHÀ TRỌ - 98M2 | 8.2 TỶ (TL) - HXH PHAN HUY ÍCH - P. TÂN SƠN,8199999999.999999,"8,2 tỷ",98,5,"Đường Phan Huy Ích, Phường Tân Sơn, Hồ Chí Minh",Phường 15,,Quận Tân Bình,1050,Nhà trọ,,,,https://alonhadat.com.vn/-ban-day-nha-tro-dong-tien-20tr-th-hxh-phan-huy-ich-p-tan-son-gia-8-5-ty-tl--18575816.html,https://alonhadat.com.vn/-ban-day-nha-tro-dong-tien-20tr-th-hxh-phan-huy-ich-p-tan-son-gia-8-5-ty-tl--18575816.html,2026-06-07,2026-06-07 20:16:10.418495,,8199.999999999998,83673469.3877551,0,0
alonhadat,sale_student_csv,alonhadat_duc_18490310,18490310,"HIẾM! HXH 10M HOÀNG VĂN THỤ – 5x27M – dtcn: 133 m2-- 4 TẦNG – CHỈ 21,9 TỶ",21900000000,"21,9 tỷ",133,5,"Đường Hoàng Văn Thụ, Phường Tân Sơn Nhất, Hồ Chí Minh",Phường 4,,Quận Tân Bình,1020,Nhà ở,,,,https://alonhadat.com.vn/hiem-hxh-10m-hoang-van-thu-5x27m-dtcn-133-m2-4-tang-chi-21-9-ty-18490310.html,https://alonhadat.com.vn/hiem-hxh-10m-hoang-van-thu-5x27m-dtcn-133-m2-4-tang-chi-21-9-ty-18490310.html,2026-06-07,2026-06-07 20:16:10.418495,,21900,164661654.13533834,0,0
alonhadat,sale_student_csv,alonhadat_duc_18478368,18478368,"HIẾM! HXH 10M HOÀNG VĂN THỤ – 5,2x29M – dtcn: 133 m2-- 4 TẦNG – CHỈ 21,5 TỶ",21500000000,"21,5 tỷ",133,5,"Đường Hoàng Văn Thụ, Phường Tân Sơn Nhất, Hồ Chí Minh",Phường 4,,Quận Tân Bình,1020,Nhà ở,,,,https://alonhadat.com.vn/hiem-hxh-10m-hoang-van-thu-5x27m-dtcn-133-m2-4-tang-chi-21-9-ty-18478368.html,https://alonhadat.com.vn/hiem-hxh-10m-hoang-van-thu-5x27m-dtcn-133-m2-4-tang-chi-21-9-ty-18478368.html,2026-06-07,2026-06-07 20:16:10.418495,,21500,161654135.33834586,0,0
alonhadat,sale_student_csv,alonhadat_duc_17843787,17843787,"Duy nhất, nhà đường 7m Cách Mạng Tháng Tám gần Bắc Hải, DT: 4x14m nhà 2 tầng, chỉ 8.5 tỷ",8500000000,"8,5 tỷ",56,2,"Đường Cách Mạng Tháng Tám, Phường Tân Sơn Nhất, Hồ Chí Minh",Phường 5,,Quận Tân Bình,1020,Nhà ở,,,,https://alonhadat.com.vn/duy-nhat-nha-duong-7m-cach-mang-thang-tam-gan-bac-hai-dt-4x14m-nha-2-tang-chi-8-ty-17843787.html,https://alonhadat.com.vn/duy-nhat-nha-duong-7m-cach-mang-thang-tam-gan-bac-hai-dt-4x14m-nha-2-tang-chi-8-ty-17843787.html,2026-06-07,2026-06-07 20:16:10.418495,,8500,151785714.2857143,0,0
alonhadat,sale_student_csv,alonhadat_duc_18677355,18677355,"Bán gấp nhà mặt tiền 15 Hậu Giang (8,2*32m) 3 tầng giá chỉ 58 tỷ",59000000000,59 tỷ,262,8,"Đường Hậu Giang, Phường Tân Sơn Nhất, Hồ Chí Minh",Phường Tân Sơn Nhất,,Quận Tân Bình,1020,Nhà ở,,,,https://alonhadat.com.vn/ban-gap-nha-mat-tien-15-hau-giang-8-2-32m-3-tang-gia-chi-58-ty-18677355.html,https://alonhadat.com.vn/ban-gap-nha-mat-tien-15-hau-giang-8-2-32m-3-tang-gia-chi-58-ty-18677355.html,2026-06-07,2026-06-07 20:16:10.418495,,59000,225190839.6946565,0,0
alonhadat,sale_student_csv,alonhadat_duc_16608739,16608739,NHÀ CHDV GẦN SÂN BAY - GẦN 100M2 - NGANG HƠN 5M - 5 TẦNG - 13PN - CHỈ 19.XX TỶ,19900000000,"19,9 tỷ",97,13,"Đường Giải Phóng, Phường Tân Sơn Nhất, Hồ Chí Minh",Phường 4,,Quận Tân Bình,1020,Nhà ở,,,,https://alonhadat.com.vn/nha-duong-giai-phong-chinh-chu-30-nam-gan-100m2-ngang-hon-5m-5-tang-chi-19-xx-ty-16608739.html,https://alonhadat.com.vn/nha-duong-giai-phong-chinh-chu-30-nam-gan-100m2-ngang-hon-5m-5-tang-chi-19-xx-ty-16608739.html,2026-06-07,2026-06-07 20:16:10.418495,,19900,205154639.17525774,0,0
alonhadat,sale_student_csv,alonhadat_duc_18553891,18553891,260M2 NGANG HƠN 9M NỞ HẬU HẺM 6M SÁT MT PHAN HUY ÍCH CHỈ 80TR/M2,22000000000,22 tỷ,260,1,"Đường Phan Huy Ích, Phường Tân Sơn, Hồ Chí Minh",Phường 15,,Quận Tân Bình,1020,Nhà ở,,,,https://alonhadat.com.vn/260m2-ngang-hon-9m-no-hau-hem-6m-sat-mt-phan-huy-ich-chi-80tr-m2-18553891.html,https://alonhadat.com.vn/260m2-ngang-hon-9m-no-hau-hem-6m-sat-mt-phan-huy-ich-chi-80tr-m2-18553891.html,2026-06-07,2026-06-07 20:16:10.418495,,22000,84615384.61538461,0,0
alonhadat,sale_student_csv,alonhadat_duc_15115335,15115335,"Qúa rẻ! Cần bán gấp nhà ngay ngã tư Bảy Hiền giá chỉ 7,5 tỷ dt 4x17m, nhà 2 lầu",7500000000,"7,5 tỷ",68,2,"Đường Trường Chinh, Phường Tân Sơn Nhất, Hồ Chí Minh",Phường 4,,Quận Tân Bình,1020,Nhà ở,,,,https://alonhadat.com.vn/qua-re-can-ban-gap-nha-ngay-nga-tu-bay-hien-gia-chi-7-5-ty-dt-4x17m-nha-2-lau-15115335.html,https://alonhadat.com.vn/qua-re-can-ban-gap-nha-ngay-nga-tu-bay-hien-gia-chi-7-5-ty-dt-4x17m-nha-2-lau-15115335.html,2026-06-07,2026-06-07 20:16:10.418495,,7500,110294117.64705883,0,0
alonhadat,sale_student_csv,alonhadat_duc_18214698,18214698,HHMG 1% ACE chạy phụ ạ. nhà nhỉnh 6ty. thu nhập 30tr/tháng,6350000000,"6,35 tỷ",48,8,"Đường Hoàng Bật Đạt, Phường Tân Sơn, Hồ Chí Minh",Phường 15,,Quận Tân Bình,1020,Nhà ở,,,,https://alonhadat.com.vn/hhmg-1-ace-chay-phu-a-nha-nhinh-6ty-thu-nhap-30tr-thang-18214698.html,https://alonhadat.com.vn/hhmg-1-ace-chay-phu-a-nha-nhinh-6ty-thu-nhap-30tr-thang-18214698.html,2026-06-07,2026-06-07 20:16:10.418495,,6350,132291666.66666667,0,0
alonhadat,sale_student_csv,alonhadat_duc_18756999,18756999,bán nhà mặt tiền đường đông sơn,60000000000,60 tỷ,272,2,"Đường Đông Sơn, Phường Tân Sơn Nhất, Hồ Chí Minh",Phường Tân Sơn Nhất,,Quận Tân Bình,1020,Nhà ở,,,,https://alonhadat.com.vn/ban-nha-mat-tien-duong-dong-son-18756999.html,https://alonhadat.com.vn/ban-nha-mat-tien-duong-dong-son-18756999.html,2026-06-07,2026-06-07 20:16:10.418495,,60000,220588235.29411766,0,0
alonhadat,sale_student_csv,alonhadat_duc_18756771,18756771,bán nhà hẻm xe oto 7 chỗ đường bành văn trân,11500000000,"11,5 tỷ",80,3,"Đường Bành Văn Trân, Phường Tân Sơn Nhất, Hồ Chí Minh",Phường Tân Sơn Nhất,,Quận Tân Bình,1020,Nhà ở,,,,https://alonhadat.com.vn/ban-nha-hem-xe-oto-7-cho-duong-banh-van-tran-18756771.html,https://alonhadat.com.vn/ban-nha-hem-xe-oto-7-cho-duong-banh-van-tran-18756771.html,2026-06-07,2026-06-07 20:16:10.418495,,11500,143750000,0,0
alonhadat,sale_student_csv,alonhadat_duc_18749583,18749583,"Nhà HXT Út Tịch, vị trí trung tâm, kết nối nhanh sân bay TSN, HVT 4.2x24m giá 16.8 tỷ",16800000000,"16,8 tỷ",99,3,"Đường Út Tịch, Phường Tân Sơn Nhất, Hồ Chí Minh",Phường 4,,Quận Tân Bình,1020,Nhà ở,,,,https://alonhadat.com.vn/nha-hxt-ut-tich-vi-tri-trung-tam-ket-noi-nhanh-san-bay-tsn-hvt-4-2x24m-gia-16-8-ty-18749583.html,https://alonhadat.com.vn/nha-hxt-ut-tich-vi-tri-trung-tam-ket-noi-nhanh-san-bay-tsn-hvt-4-2x24m-gia-16-8-ty-18749583.html,2026-06-07,2026-06-07 20:16:10.418495,,16800,169696969.6969697,0,0
alonhadat,sale_student_csv,alonhadat_duc_18756516,18756516,"🔥 MT THỤT CMT8 – NGÃ TƯ BẢY HIỀN – TÒA NHÀ VP – 24.5 TỶ 🔥 · 📍 Tự Cường, sát CMT8",24500000000,"24,5 tỷ",91,5,"Đường Cách Mạng Tháng Tám, Phường Tân Sơn Nhất, Hồ Chí Minh",Phường 4,,Quận Tân Bình,1020,Nhà ở,,,,https://alonhadat.com.vn/-mt-thut-cmt8-nga-tu-bay-hien-toa-nha-vp-24-5-ty-tu-cuong-sat-cmt8-18756516.html,https://alonhadat.com.vn/-mt-thut-cmt8-nga-tu-bay-hien-toa-nha-vp-24-5-ty-tu-cuong-sat-cmt8-18756516.html,2026-06-07,2026-06-07 20:16:10.418495,,24500,269230769.2307692,0,0
alonhadat,sale_student_csv,alonhadat_duc_18719292,18719292,"NHÀ ĐẸP P.10, Q.Tân Bình – Bùi Thế Mỹ – HẺM TRƯỚC NHÀ 4M - NGANG 5.6M- 5.47 TỶ BL",5470000000,"5,47 tỷ",30,2,"Đường Bùi Thế Mỹ, Phường Bảy Hiền, Hồ Chí Minh",Phường 10,,Quận Tân Bình,1020,Nhà ở,,,,https://alonhadat.com.vn/nha-dep-p-10-q-tan-binh-bui-the-my-noi-thatcao-cap-ngang-5-6m-5-68-ty-con-tl-18719292.html,https://alonhadat.com.vn/nha-dep-p-10-q-tan-binh-bui-the-my-noi-thatcao-cap-ngang-5-6m-5-68-ty-con-tl-18719292.html,2026-06-07,2026-06-07 20:16:10.418495,,5470,182333333.33333334,0,0
alonhadat,sale_student_csv,alonhadat_duc_18600388,18600388,CĂN CHDV 6 TẦNG - TÂN BÌNH - FULL BAN CÔNG CÁC PHÒNG - TRƯỜNG CHINH - DT160M - GIÁ 24.9 TỶ,24900000000,"24,9 tỷ",160,14,"Đường Trường Chinh, Phường Tân Sơn, Hồ Chí Minh",Phường Tân Sơn,,Quận Tân Bình,1020,Nhà ở,,,,https://alonhadat.com.vn/can-chdv-6-tang-tan-binh-full-ban-cong-cac-phong-truong-chinh-dt160m-gia-24-9-ty-18600388.html,https://alonhadat.com.vn/can-chdv-6-tang-tan-binh-full-ban-cong-cac-phong-truong-chinh-dt160m-gia-24-9-ty-18600388.html,2026-06-07,2026-06-07 20:16:10.418495,,24900,155625000,0,0
alonhadat,sale_student_csv,alonhadat_duc_18485999,18485999,"Bán tòa nhà văn phòng MT Giải Phóng, P4, Tân Bình – DT 8x17m, Hầm 5 lầu ST, thang máy",28500000000,"28,5 tỷ",136,1,"Đường Giải Phóng, Phường Tân Sơn Nhất, Hồ Chí Minh",Phường 4,,Quận Tân Bình,1020,Nhà ở,,,,https://alonhadat.com.vn/ban-toa-nha-van-phong-mt-giai-phong-p4-tan-binh-dt-8x17m-ham-5-lau-st-thang-may-18485999.html,https://alonhadat.com.vn/ban-toa-nha-van-phong-mt-giai-phong-p4-tan-binh-dt-8x17m-ham-5-lau-st-thang-may-18485999.html,2026-06-07,2026-06-07 20:16:10.418495,,28500,209558823.52941176,0,0
alonhadat,sale_student_csv,alonhadat_duc_17900813,17900813,"Bán nhà mặt tiền Nguyễn Văn Trỗi, dt 4 x 14m, trệt 4 lầu st, vị trí đẹp, giá 15 tỷ",15000000000,15 tỷ,56,5,"Đường Nguyễn Văn Trỗi, Phường Bảy Hiền, Hồ Chí Minh",Phường 11,,Quận Tân Bình,1020,Nhà ở,,,,https://alonhadat.com.vn/ban-nha-mat-tien-nguyen-van-troi-dt-4-x-13-5m-tret-4-lau-st-gia-22-ty-thong-tin-thuc-17900813.html,https://alonhadat.com.vn/ban-nha-mat-tien-nguyen-van-troi-dt-4-x-13-5m-tret-4-lau-st-gia-22-ty-thong-tin-thuc-17900813.html,2026-06-07,2026-06-07 20:16:10.418495,,15000,267857142.85714287,0,0
alonhadat,sale_student_csv,alonhadat_duc_18066105,18066105,Khu nhà Số 9 Phạm Văn Hai DT 5.2x21m Cn 108.3m2 Nhà trệt 3 lầu ST hoàn công 23.9 tỷ,23900000000,"23,9 tỷ",108,6,"Đường Phạm Văn Hai, Phường Tân Sơn Hòa, Hồ Chí Minh",Phường 1,,Quận Tân Bình,1020,Nhà ở,,,,https://alonhadat.com.vn/ban-nha-khu-nha-so-9-pham-van-hai-dt-5-2x21m-cn-108-3m2-nha-tret-3-lau-st-hoan-cong-25-ty-18066105.html,https://alonhadat.com.vn/ban-nha-khu-nha-so-9-pham-van-hai-dt-5-2x21m-cn-108-3m2-nha-tret-3-lau-st-hoan-cong-25-ty-18066105.html,2026-06-07,2026-06-07 20:16:10.418495,,23900,221296296.2962963,0,0
alonhadat,sale_student_csv,alonhadat_duc_18677491,18677491,"Tòa nhà MT ngay Trường Sơn, Quận Tân Bình; Hầm 7 tầng. HĐT 135tr/th; Giá bán: 78 tỷ",78000000000,78 tỷ,160,40,"Đường Trường Sơn, Phường Tân Sơn Nhất, Hồ Chí Minh",Phường Tân Sơn Nhất,,Quận Tân Bình,1020,Nhà ở,,,,https://alonhadat.com.vn/toa-nha-mt-ngay-truong-son-quan-tan-binh-ham-7-tang-hdt-135tr-th-gia-ban-78-ty-18677491.html,https://alonhadat.com.vn/toa-nha-mt-ngay-truong-son-quan-tan-binh-ham-7-tang-hdt-135tr-th-gia-ban-78-ty-18677491.html,2026-06-07,2026-06-07 20:16:10.418495,,78000,487500000,0,0
alonhadat,sale_student_csv,alonhadat_duc_15690700,15690700,"Bán nhà mặt tiền Trường Sơn P.2 Tân Bình, chỉ 1 căn duy nhất 13x25m giá 80 tỷ TL",80000000000,80 tỷ,370,5,"Đường Trường Sơn, Phường Tân Sơn Hòa, Hồ Chí Minh",Phường 2,,Quận Tân Bình,1020,Nhà ở,,,,https://alonhadat.com.vn/ban-nha-mat-tien-truong-son-p-2-tan-binh-chi-1-can-duy-nhat-13x25m-gia-80-ty-tl-15690700.html,https://alonhadat.com.vn/ban-nha-mat-tien-truong-son-p-2-tan-binh-chi-1-can-duy-nhat-13x25m-gia-80-ty-tl-15690700.html,2026-06-07,2026-06-07 20:16:10.418495,,80000,216216216.2162162,0,0
alonhadat,sale_student_csv,alonhadat_duc_12963102,12963102,"BÁN GẤP MẶT TIỀN NGAY GÒ DẦU- TÂN SƠN NHÌ , 6X19M , 2 LẦU MỚI, 9,9 TỲ",9900000000,"9,9 tỷ",107,4,"Đường Gò Dầu, Phường Tân Sơn Nhì, Hồ Chí Minh",Phường Tân Sơn Nhì,,Quận Tân Bình,1020,Nhà ở,,,,https://alonhadat.com.vn/cho-thue-nha-2mt-nguyen-son-gap-tan-binh-8x20m-5-lau-70tr-tl-12963102.html,https://alonhadat.com.vn/cho-thue-nha-2mt-nguyen-son-gap-tan-binh-8x20m-5-lau-70tr-tl-12963102.html,2026-06-07,2026-06-07 20:16:10.418495,,9900,92523364.48598132,0,0
alonhadat,sale_student_csv,alonhadat_duc_18237552,18237552,"**Bán nhà mặt tiền Hoàng Hoa Thám, phường 13, Tân Bình; 4x15m - cổng nhà ga T3",16500000000,"16,5 tỷ",59,1,"Đường Hoàng Hoa Thám, Phường Tân Bình, Hồ Chí Minh",Phường 13,,Quận Tân Bình,1020,Nhà ở,,,,https://alonhadat.com.vn/-ban-nha-mt-hoang-hoa-tham-phuong-13-tan-binh-4x15m-nha-ga-t3-18237552.html,https://alonhadat.com.vn/-ban-nha-mt-hoang-hoa-tham-phuong-13-tan-binh-4x15m-nha-ga-t3-18237552.html,2026-06-07,2026-06-07 20:16:10.418495,,16500,279661016.9491525,0,0
alonhadat,sale_student_csv,alonhadat_duc_18056195,18056195,"Bán gấp toà Nhà hxh Trường Chinh, P14, Tân bình, 6x16, 4 lầu, thang máy",18000000000,18 tỷ,96,5,"Đường Trường Chinh, Phường Tân Bình, Hồ Chí Minh",Phường 14,,Quận Tân Bình,1020,Nhà ở,,,,https://alonhadat.com.vn/ban-gap-toa-nha-hxh-truong-chinh-6x16-4-lau-18056195.html,https://alonhadat.com.vn/ban-gap-toa-nha-hxh-truong-chinh-6x16-4-lau-18056195.html,2026-06-07,2026-06-07 20:16:10.418495,,18000,187500000,0,0
alonhadat,sale_student_csv,alonhadat_duc_18440571,18440571,"Bán nhà MT khu Đệ Nhất khách sạn- Tân Bình- Ngang khủng 11mx12m- 4 tầng- 28,5 tỷ về 24 tỷ",24000000000,24 tỷ,110,5,"Đường Út Tịch, Phường Tân Sơn Nhất, Hồ Chí Minh",Phường 4,,Quận Tân Bình,1020,Nhà ở,,,,https://alonhadat.com.vn/ban-nha-mt-khu-de-nhat-khach-san-tan-binh-ngang-khung-11mx12m-4-tang-28-5-ty-ve-24-ty-18440571.html,https://alonhadat.com.vn/ban-nha-mt-khu-de-nhat-khach-san-tan-binh-ngang-khung-11mx12m-4-tang-28-5-ty-ve-24-ty-18440571.html,2026-06-07,2026-06-07 20:16:10.418495,,24000,218181818.1818182,0,0
alonhadat,sale_student_csv,alonhadat_duc_18668267,18668267,"Bán gấp nhà đẹp 4 tầng đường Cộng Hoà -Hoàng Hoa thám, 6X16, 4 tầng nhà đẹp ở Liền",20500000000,"20,5 tỷ",96,5,"Đường Cộng Hòa, Phường Tân Bình, Hồ Chí Minh",Phường 13,,Quận Tân Bình,1020,Nhà ở,,,,https://alonhadat.com.vn/ban-gap-nha-dep-4-tang-duong-cong-hoa-hoang-hoa-tham-6x16-4-tang-nha-dep-o-lien-18668267.html,https://alonhadat.com.vn/ban-gap-nha-dep-4-tang-duong-cong-hoa-hoang-hoa-tham-6x16-4-tang-nha-dep-o-lien-18668267.html,2026-06-07,2026-06-07 20:16:10.418495,,20500,213541666.66666666,0,0
alonhadat,sale_student_csv,alonhadat_duc_18405030,18405030,"BÁn gấp nhà mặt tiền Bàu cát 4X18, 2 Tầng đang cho thuê kinh doanh ổn định, 13.8 tỷ",13800000000,"13,8 tỷ",71,2,"Đường Bàu Cát, Phường Bảy Hiền, Hồ Chí Minh",Phường 11,,Quận Tân Bình,1020,Nhà ở,,,,https://alonhadat.com.vn/ban-gap-nha-mat-tien-bau-cat-4x18-2-tang-dang-cho-thue-kinh-doanh-on-dinh-13-9-ty-18405030.html,https://alonhadat.com.vn/ban-gap-nha-mat-tien-bau-cat-4x18-2-tang-dang-cho-thue-kinh-doanh-on-dinh-13-9-ty-18405030.html,2026-06-07,2026-06-07 20:16:10.418495,,13800,194366197.18309858,0,0
alonhadat,sale_student_csv,alonhadat_duc_18694282,18694282,🏡 BÁN NHÀ ĐẸP HẺM 4M ÂU CƠ – TÂN BÌNH,8300000000.000001,"8,3 tỷ",55,4,"Đường Âu Cơ, Phường Tân Hòa, Hồ Chí Minh",Phường 9,,Quận Tân Bình,1020,Nhà ở,,,,https://alonhadat.com.vn/-ban-nha-dep-hem-4m-au-co-tan-binh-khu-dan-cu-yen-tinh-nha-moi-dep-don-vao-o-nga-18694282.html,https://alonhadat.com.vn/-ban-nha-dep-hem-4m-au-co-tan-binh-khu-dan-cu-yen-tinh-nha-moi-dep-don-vao-o-nga-18694282.html,2026-06-07,2026-06-07 20:16:10.418495,,8300.000000000002,150909090.90909094,0,0
alonhadat,sale_student_csv,alonhadat_duc_17796771,17796771,"Bán nhà HXH 108 rộng 6m,đường Cộng Hòa Phường 4,Tân Bình,dt 4x17,5 + 4 tầng",14000000000,14 tỷ,68,9,"Đường Cộng Hòa, Phường Tân Sơn Nhất, Hồ Chí Minh",Phường 4,,Quận Tân Bình,1020,Nhà ở,,,,https://alonhadat.com.vn/ban-nha-hxh-108-rong-6m-duong-cong-hoa-phuong-4-tan-binh-dt-4x17-5-4-tang-17796771.html,https://alonhadat.com.vn/ban-nha-hxh-108-rong-6m-duong-cong-hoa-phuong-4-tan-binh-dt-4x17-5-4-tang-17796771.html,2026-06-07,2026-06-07 20:16:10.418495,,14000,205882352.94117647,0,0
alonhadat,sale_student_csv,alonhadat_duc_17492026,17492026,"Bán nhà MT Ấp Bắc, dt 5 x 22m. Hầm 5 lầu st, thang máy ngay etown",25500000000,"25,5 tỷ",110,1,"Đường Ấp Bắc, Phường Tân Bình, Hồ Chí Minh",Phường 13,,Quận Tân Bình,1020,Nhà ở,,,,https://alonhadat.com.vn/ban-nha-mt-ap-bac-dt-5-x-22m-ham-5-lau-st-thang-may-ngay-etown-17492026.html,https://alonhadat.com.vn/ban-nha-mt-ap-bac-dt-5-x-22m-ham-5-lau-st-thang-may-ngay-etown-17492026.html,2026-06-07,2026-06-07 20:16:10.418495,,25500,231818181.8181818,0,0
alonhadat,sale_student_csv,alonhadat_duc_18752604,18752604,Chỉ 13.6 Tỷ Mặt tiền Lý Thường Kiệt 112m2( 4 x 28 ) ngay chợ Tân Bình,13600000000,"13,6 tỷ",112,3,"Đường Lý Thường Kiệt, Phường Tân Sơn Nhất, Hồ Chí Minh",Phường 7,,Quận Tân Bình,1020,Nhà ở,,,,https://alonhadat.com.vn/chi-13-6-ty-mat-tien-ly-thuong-kiet-112m2-4-x-28-ngay-cho-tan-binh-18752604.html,https://alonhadat.com.vn/chi-13-6-ty-mat-tien-ly-thuong-kiet-112m2-4-x-28-ngay-cho-tan-binh-18752604.html,2026-06-07,2026-06-07 20:16:10.418495,,13600,121428571.42857143,0,0
alonhadat,sale_student_csv,alonhadat_duc_18731886,18731886,Mặt tiền đường lớn sát ngay Âu Cơ. DT lớn 22x60m 1200m² Giá tốt 129 tỷ,129000000000,129 tỷ,1200,6,"Đường Âu Cơ, Phường Bảy Hiền, Hồ Chí Minh",Phường 10,,Quận Tân Bình,1020,Nhà ở,,,,https://alonhadat.com.vn/mat-tien-duong-lon-sat-ngay-au-co-dt-lon-22x60m-1200m-gia-tot-129-ty-18731886.html,https://alonhadat.com.vn/mat-tien-duong-lon-sat-ngay-au-co-dt-lon-22x60m-1200m-gia-tot-129-ty-18731886.html,2026-06-07,2026-06-07 20:16:10.418495,,129000,107500000,0,0
alonhadat,sale_student_csv,alonhadat_duc_18643556,18643556,"Bán gấp nhà 2 mặt tiền đường Hoàng Văn Thụ , Tân Bình , Dt 4,5X24m , 5 tầng đẹp",29500000000,"29,5 tỷ",110,6,"Đường Hoàng Văn Thụ, Phường Tân Sơn Nhất, Hồ Chí Minh",Phường 4,,Quận Tân Bình,1020,Nhà ở,,,,https://alonhadat.com.vn/ban-gap-nha-2-mat-tien-duong-hoang-van-thu-tan-binh-dt-4-5x24m-5-tang-dep-18643556.html,https://alonhadat.com.vn/ban-gap-nha-2-mat-tien-duong-hoang-van-thu-tan-binh-dt-4-5x24m-5-tang-dep-18643556.html,2026-06-07,2026-06-07 20:16:10.418495,,29500,268181818.1818182,0,0
alonhadat,sale_student_csv,alonhadat_duc_16217789,16217789,"HXH Yên Thế - Lam Sơn, P2, Tân Bình- 4.2X16, trệt 2 lầu",13400000000,"13,4 tỷ",66,5,"Đường Yên Thế, Phường Tân Sơn Hòa, Hồ Chí Minh",Phường 2,,Quận Tân Bình,1020,Nhà ở,,,,https://alonhadat.com.vn/nha-dep-noi-that-xin-o-ngay-ngay-lam-son-yen-the-khu-san-bay-66m2-4-tang-hem-6m-16217789.html,https://alonhadat.com.vn/nha-dep-noi-that-xin-o-ngay-ngay-lam-son-yen-the-khu-san-bay-66m2-4-tang-hem-6m-16217789.html,2026-06-07,2026-06-07 20:16:10.418495,,13400,203030303.03030303,0,0
alonhadat,sale_student_csv,alonhadat_duc_18755791,18755791,"[BÁN HOẶC CHO THUÊ] TÒA NHÀ MẶT TIỀN ĐƯỜNG NỘI BỘ HOÀNG VIỆT,P4,TÂN BÌNH",23000000000,23 tỷ,96,15,"Đường Út Tịch, Phường Tân Sơn Nhất, Hồ Chí Minh",Phường 4,,Quận Tân Bình,1020,Nhà ở,,,,https://alonhadat.com.vn/-ban-hoac-cho-thue-toa-nha-mat-tien-duong-noi-bo-hoang-viet-p4-tan-binh-18755791.html,https://alonhadat.com.vn/-ban-hoac-cho-thue-toa-nha-mat-tien-duong-noi-bo-hoang-viet-p4-tan-binh-18755791.html,2026-06-07,2026-06-07 20:16:10.418495,,23000,239583333.33333334,0,0
alonhadat,sale_student_csv,alonhadat_duc_17012821,17012821,"Bán Nhà Hẻm Xe Tải Kinh Doanh Khu Vip Bàu Cát Tân Bình ,44m2, 3 tầng mới đẹp, chỉ Hơn 7tỷ",7768000000,"7,768 tỷ",44,4,"Đường Phan Sào Nam, Phường Bảy Hiền, Hồ Chí Minh",Phường 11,,Quận Tân Bình,1020,Nhà ở,,,,https://alonhadat.com.vn/ban-nha-hem-xe-tai-kinh-doanh-khu-vip-bau-cat-tan-binh-44m2-3-tang-moi-dep-chi-hon-7ty-17012821.html,https://alonhadat.com.vn/ban-nha-hem-xe-tai-kinh-doanh-khu-vip-bau-cat-tan-binh-44m2-3-tang-moi-dep-chi-hon-7ty-17012821.html,2026-06-07,2026-06-07 20:16:10.418495,,7768,176545454.54545453,0,0
alonhadat,sale_student_csv,alonhadat_duc_13275586,13275586,Bán Nhà 3 Mặt Tiền KinhDoanh Đỉnh ThuNhập 60tr/tháng P.7 Tân Bình Giáp,5200000000,"5,2 tỷ",65,2,"Đường Bắc Hải, Phường Tân Sơn Nhất, Hồ Chí Minh",Phường 7,,Quận Tân Bình,1020,Nhà ở,,,,https://alonhadat.com.vn/ban-nha-3-mat-tien-kinhdoanh-dinh-thunhap-60tr-thang-p-7-tan-binh-giap-13275586.html,https://alonhadat.com.vn/ban-nha-3-mat-tien-kinhdoanh-dinh-thunhap-60tr-thang-p-7-tan-binh-giap-13275586.html,2026-06-07,2026-06-07 20:16:10.418495,,5200,80000000,0,0
alonhadat,sale_student_csv,alonhadat_duc_18756024,18756024,"BÁN NHÀ 8 TẦNG MẶT TIỀN XUÂN HỒNG, TÂN BÌNH - 4X19M, CN 76M2 - 26.5 TỶ TL",26500000000,"26,5 tỷ",76,16,"Đường Xuân Hồng, Phường Tân Sơn Nhất, Hồ Chí Minh",Phường 4,,Quận Tân Bình,1020,Nhà ở,,,,https://alonhadat.com.vn/ban-nha-8-tang-mat-tien-xuan-hong-tan-binh-4x19m-cn-76m2-26-5-ty-tl-18756024.html,https://alonhadat.com.vn/ban-nha-8-tang-mat-tien-xuan-hong-tan-binh-4x19m-cn-76m2-26-5-ty-tl-18756024.html,2026-06-07,2026-06-07 20:16:10.418495,,26500,348684210.5263158,0,0
alonhadat,sale_student_csv,alonhadat_duc_18711314,18711314,"NHÀ GẦN TRUNG TÂM TRIỂN LÃM HOÀNG VĂN THỤ – VỊ TRÍ ĐẸP, GIÁ TỐT",14000000000,14 tỷ,82,2,"Đường Nguyễn Thái Bình, Phường Bảy Hiền, Hồ Chí Minh",Phường 12,,Quận Tân Bình,1020,Nhà ở,,,,https://alonhadat.com.vn/nha-gan-trung-tam-trien-lam-hoang-van-thu-vi-tri-dep-gia-tot-18711314.html,https://alonhadat.com.vn/nha-gan-trung-tam-trien-lam-hoang-van-thu-vi-tri-dep-gia-tot-18711314.html,2026-06-07,2026-06-07 20:16:10.418495,,14000,170731707.31707317,0,0
alonhadat,sale_student_csv,alonhadat_duc_18756471,18756471,Bán nhà Cửu Long khu sân bay Tân Bình - Tòa CHDV Hầm 5 tầng - HDT 135tr/tháng,40000000000,40 tỷ,144,24,"Đường Cửu Long, Phường Tân Sơn Hòa, Hồ Chí Minh",Phường 2,,Quận Tân Bình,1020,Nhà ở,,,,https://alonhadat.com.vn/ban-nha-cuu-long-khu-san-bay-tan-binh-toa-chdv-ham-5-tang-hdt-135tr-thang-18756471.html,https://alonhadat.com.vn/ban-nha-cuu-long-khu-san-bay-tan-binh-toa-chdv-ham-5-tang-hdt-135tr-thang-18756471.html,2026-06-07,2026-06-07 20:16:10.418495,,40000,277777777.7777778,0,0
alonhadat,sale_student_csv,alonhadat_duc_18649973,18649973,"BÁN NHÀ HXH, LÊ VĂN SỸ. DT:5X16, 5 TẦNG. GIÁ: 14,5 TỶ",14500000000,"14,5 tỷ",63,4,"Đường Lê Văn Sỹ, Phường Tân Sơn Hòa, Hồ Chí Minh",Phường 1,,Quận Tân Bình,1020,Nhà ở,,,,https://alonhadat.com.vn/ban-nha-goc-2-mat-hem-hxh-le-van-sy-dt-5x16-5-tang-gia-14-8-ty-18649973.html,https://alonhadat.com.vn/ban-nha-goc-2-mat-hem-hxh-le-van-sy-dt-5x16-5-tang-gia-14-8-ty-18649973.html,2026-06-07,2026-06-07 20:16:10.418495,,14500,230158730.15873015,0,0
alonhadat,sale_student_csv,alonhadat_duc_18757528,18757528,🔥 NHÀ HXH 5 TẦNG KHU BÀU CÁT - 80m2 - SHR,19500000000,"19,5 tỷ",80,6,"Đường Lạc Long Quân, Phường Bảy Hiền, Hồ Chí Minh",Phường Bảy Hiền,,Quận Tân Bình,1020,Nhà ở,,,,https://alonhadat.com.vn/-nha-hxh-5-tang-khu-bau-cat-80m2-shr-18757528.html,https://alonhadat.com.vn/-nha-hxh-5-tang-khu-bau-cat-80m2-shr-18757528.html,2026-06-07,2026-06-07 20:16:10.418495,,19500,243750000,0,0
alonhadat,sale_student_csv,alonhadat_duc_18757393,18757393,🔥 NHÀ HXT CMT8 - 85m2 - NGANG 6.7M - HĐT SẴN,24300000000,"24,3 tỷ",85,6,"Đường Cách Mạng Tháng Tám, Phường Bảy Hiền, Hồ Chí Minh",Phường Bảy Hiền,,Quận Tân Bình,1020,Nhà ở,,,,https://alonhadat.com.vn/-nha-hxt-cmt8-85m2-ngang-6-7m-hdt-san-18757393.html,https://alonhadat.com.vn/-nha-hxt-cmt8-85m2-ngang-6-7m-hdt-san-18757393.html,2026-06-07,2026-06-07 20:16:10.418495,,24300,285882352.9411765,0,0
alonhadat,sale_student_csv,alonhadat_duc_16276430,16276430,"mặt tiền Tân Hải (Tân Bình), 10x12m, 1 lửng, giá 21 tỷ",21000000000,21 tỷ,120,3,"Đường Tân Hải, Phường Tân Bình, Hồ Chí Minh",Phường 13,,Quận Tân Bình,1020,Nhà ở,,,,https://alonhadat.com.vn/mat-tien-tan-hai-tan-binh-10x12m-1-lung-gia-20-ty-16276430.html,https://alonhadat.com.vn/mat-tien-tan-hai-tan-binh-10x12m-1-lung-gia-20-ty-16276430.html,2026-06-07,2026-06-07 20:16:10.418495,,21000,175000000,0,0
alonhadat,sale_student_csv,alonhadat_duc_17417415,17417415,"BÁN NHÀ MẶT TIỀN LÝ THƯỜNG KIỆT , TÂN BÌNH. DT: 8x17M VUÔNG - TRỆT 4 LẦU - GIÁ CHỈ 28 TỶ",28000000000,28 tỷ,140,10,"Đường Lý Thường Kiệt, Phường Tân Hòa, Hồ Chí Minh",Phường 9,,Quận Tân Bình,1020,Nhà ở,,,,https://alonhadat.com.vn/ban-nha-mat-tien-ly-thuong-kiet-tan-binh-dt-8x17m-vuong-tret-4-lau-gia-chi-28-ty-17417415.html,https://alonhadat.com.vn/ban-nha-mat-tien-ly-thuong-kiet-tan-binh-dt-8x17m-vuong-tret-4-lau-gia-chi-28-ty-17417415.html,2026-06-07,2026-06-07 20:16:10.418495,,28000,200000000,0,0
alonhadat,sale_student_csv,alonhadat_duc_17430321,17430321,MẶT TIỀN KHU HIẾM NHÀ BÁN - GẦN CHỢ BÀU CÁT - NGANG CHUẨN 5M - 3 TẦNG BTCT - 13.X TỶ,13900000000,"13,9 tỷ",37,2,"Đường Nguyễn Hồng Đào, Phường Tân Bình, Hồ Chí Minh",Phường 14,,Quận Tân Bình,1020,Nhà ở,,,,https://alonhadat.com.vn/mat-tien-khu-hiem-nha-ban-gan-cho-bau-cat-ngang-chuan-5m-3-tang-btct-13-x-ty-17430321.html,https://alonhadat.com.vn/mat-tien-khu-hiem-nha-ban-gan-cho-bau-cat-ngang-chuan-5m-3-tang-btct-13-x-ty-17430321.html,2026-06-07,2026-06-07 20:16:10.418495,,13900,375675675.6756757,0,0
alonhadat,sale_student_csv,alonhadat_duc_16615716,16615716,MTKD LẠC LONG QUÂN - NGAY CHỢ VẢI TÂN BÌNH - 73M2 - 5 TẦNG - GIÁ 16.2 TỶ TL,16200000000,"16,2 tỷ",73,4,"Đường Lạc Long Quân, Phường Bảy Hiền, Hồ Chí Minh",Phường 11,,Quận Tân Bình,1020,Nhà ở,,,,https://alonhadat.com.vn/mtkd-lac-long-quan-ngay-cho-vai-tan-binh-73m2-5-tang-gia-16-2-ty-tl-16615716.html,https://alonhadat.com.vn/mtkd-lac-long-quan-ngay-cho-vai-tan-binh-73m2-5-tang-gia-16-2-ty-tl-16615716.html,2026-06-07,2026-06-07 20:16:10.418495,,16200,221917808.21917808,0,0
alonhadat,sale_student_csv,alonhadat_duc_16999464,16999464,GÓC 2 MẶT TIỀN KHU BÀU CÁT - 6 TẦNG SUỐT - THANG MÁY - KHÔNG LỘ GIỚI - GIÁ 17.X TỶ,17600000000,"17,6 tỷ",57,6,"Đường Ni Sư Huỳnh Liên, Phường Bảy Hiền, Hồ Chí Minh",Phường 10,,Quận Tân Bình,1020,Nhà ở,,,,https://alonhadat.com.vn/goc-2-mat-tien-khu-bau-cat-6-tang-suot-thang-may-khong-lo-gioi-gia-15-x-ty-16999464.html,https://alonhadat.com.vn/goc-2-mat-tien-khu-bau-cat-6-tang-suot-thang-may-khong-lo-gioi-gia-15-x-ty-16999464.html,2026-06-07,2026-06-07 20:16:10.418495,,17600,308771929.8245614,0,0
alonhadat,sale_student_csv,alonhadat_duc_16599213,16599213,MTKD ĐƯỜNG BÀU CÁT - CHƯA QUA ĐẦU TƯ - 5 TẦNG - 110M2 - GIÁ 18.X TỶ,18900000000,"18,9 tỷ",110,4,"Đường Bàu Cát, Phường Bảy Hiền, Hồ Chí Minh",Phường 11,,Quận Tân Bình,1020,Nhà ở,,,,https://alonhadat.com.vn/mtkd-duong-bau-cat-chua-qua-dau-tu-5-tang-110m2-gia-18-x-ty-16599213.html,https://alonhadat.com.vn/mtkd-duong-bau-cat-chua-qua-dau-tu-5-tang-110m2-gia-18-x-ty-16599213.html,2026-06-07,2026-06-07 20:16:10.418495,,18900,171818181.8181818,0,0
alonhadat,sale_student_csv,alonhadat_duc_16601456,16601456,MẶT TIỀN BÀU CÁT 5 TẦNG - KHU VIP BÀU CÁT 68M2 - GIÁ 16.X TỶ,16899999999.999998,"16,9 tỷ",68,4,"Đường Bàu Cát 2, Phường Bảy Hiền, Hồ Chí Minh",Phường 12,,Quận Tân Bình,1020,Nhà ở,,,,https://alonhadat.com.vn/mat-tien-bau-cat-5-tang-khu-vip-bau-cat-gia-18-x-ty-16601456.html,https://alonhadat.com.vn/mat-tien-bau-cat-5-tang-khu-vip-bau-cat-gia-18-x-ty-16601456.html,2026-06-07,2026-06-07 20:16:10.418495,,16899.999999999996,248529411.76470587,0,0
alonhadat,sale_student_csv,alonhadat_duc_17009897,17009897,"MẶT TIỀN HỒNG HÀ - BẠCH ĐẰNG - 197M2 - NGANG KHỦNG 9,5x27 - GIÁ 54.X TỶ",54900000000,"54,9 tỷ",197,3,"Đường Hồng Hà, Phường Tân Sơn Hòa, Hồ Chí Minh",Phường 2,,Quận Tân Bình,1020,Nhà ở,,,,https://alonhadat.com.vn/mat-tien-hong-ha-bach-dang-197m2-ngang-khung-9-5x27-gia-54-x-ty-17009897.html,https://alonhadat.com.vn/mat-tien-hong-ha-bach-dang-197m2-ngang-khung-9-5x27-gia-54-x-ty-17009897.html,2026-06-07,2026-06-07 20:16:10.418495,,54900,278680203.0456853,0,0
alonhadat,sale_student_csv,alonhadat_duc_17428749,17428749,"Bán nhà mặt tiền, đường Nguyễn Văn Vĩnh, P4, Tân Bình, 186,1m2, ngang 7.3m, 6 tầng BTCT",31000000000,31 tỷ,186,10,"Đường Nguyễn Văn Vĩnh, Phường Tân Sơn Nhất, Hồ Chí Minh",Phường Tân Sơn Nhất,,Quận Tân Bình,1020,Nhà ở,,,,https://alonhadat.com.vn/ban-nha-mat-tien-duong-nguyen-van-vinh-p4-tan-binh-186-1m2-ngang-7-3m-6-tang-btct-17428749.html,https://alonhadat.com.vn/ban-nha-mat-tien-duong-nguyen-van-vinh-p4-tan-binh-186-1m2-ngang-7-3m-6-tang-btct-17428749.html,2026-06-07,2026-06-07 20:16:10.418495,,31000,166666666.66666666,0,0
alonhadat,sale_student_csv,alonhadat_duc_17420049,17420049,"Bán gấp nhà 4 tầng ngang 7m, HXH trải nhựa 7m gần Hoàng Hoa Thám P 13 Tân Bình, 7x20m - gi",22500000000,"22,5 tỷ",140,20,"Đường Hoàng Hoa Thám, Phường Tân Bình, Hồ Chí Minh",Phường 13,,Quận Tân Bình,1020,Nhà ở,,,,https://alonhadat.com.vn/ban-gap-nha-4-tang-ngang-7m-hxh-trai-nhua-7m-gan-hoang-hoa-tham-p-13-tan-binh-7x20m-gi-17420049.html,https://alonhadat.com.vn/ban-gap-nha-4-tang-ngang-7m-hxh-trai-nhua-7m-gan-hoang-hoa-tham-p-13-tan-binh-7x20m-gi-17420049.html,2026-06-07,2026-06-07 20:16:10.418495,,22500,160714285.7142857,0,0
alonhadat,sale_student_csv,alonhadat_duc_17837264,17837264,"Chỉ 28 tỷ - HĐT 130tr/th, Tòa nhà CHDV 28P, 7mx23m, hầm 6 tầng, PCCC, Phổ Quang, sân bay",28000000000,28 tỷ,150,30,"Đường Phổ Quang, Phường Tân Sơn Hòa, Hồ Chí Minh",Phường 2,,Quận Tân Bình,1020,Nhà ở,,,,https://alonhadat.com.vn/chi-28-ty-hdt-130tr-th-toa-nha-chdv-28p-7mx23m-ham-6-tang-pccc-pho-quang-san-bay-17837264.html,https://alonhadat.com.vn/chi-28-ty-hdt-130tr-th-toa-nha-chdv-28p-7mx23m-ham-6-tang-pccc-pho-quang-san-bay-17837264.html,2026-06-07,2026-06-07 20:16:10.418495,,28000,186666666.66666666,0,0
alonhadat,sale_student_csv,alonhadat_duc_17730857,17730857,SIÊU NGON MTKD TÂN BÌNH NGAY CC BÀU CÁT 354m - CHỈ 3x TỶ,39800000000,"39,8 tỷ",354,8,"Đường Ni Sư Huỳnh Liên, Phường Bảy Hiền, Hồ Chí Minh",Phường 10,,Quận Tân Bình,1020,Nhà ở,,,,https://alonhadat.com.vn/sieu-ngon-mtkd-tan-binh-ngay-cc-bau-cat-354m-chi-3x-ty-17730857.html,https://alonhadat.com.vn/sieu-ngon-mtkd-tan-binh-ngay-cc-bau-cat-354m-chi-3x-ty-17730857.html,2026-06-07,2026-06-07 20:16:10.418495,,39800,112429378.53107345,0,0
alonhadat,sale_student_csv,alonhadat_duc_17824643,17824643,GIẢM GẤP 77 TỶ TÒA NHÀ MẶT TIỀN ÂU CƠ 77 TỶ HẦM - 9 TẦNG – HĐ THUÊ 9TỶ/2NĂM LN,77000000000,77 tỷ,293,4,"Đường Âu Cơ, Phường Tân Bình, Hồ Chí Minh",Phường 13,,Quận Tân Bình,1020,Nhà ở,,,,https://alonhadat.com.vn/giam-gap-77-ty-toa-nha-mat-tien-au-co-77-ty-ham-9-tang-hd-thue-9ty-2nam-ln-17824643.html,https://alonhadat.com.vn/giam-gap-77-ty-toa-nha-mat-tien-au-co-77-ty-ham-9-tang-hd-thue-9ty-2nam-ln-17824643.html,2026-06-07,2026-06-07 20:16:10.418495,,77000,262798634.81228667,0,0
alonhadat,sale_student_csv,alonhadat_duc_17740154,17740154,Tòa Nhà 2MT Gần Sân Bay – Dòng Tiền 500 Triệu/Tháng – Giá Tốt Nhất Cộng Hòa HẦM 5 TẦNG,118000000000,118 tỷ,240,5,"Đường Cộng Hòa, Phường Tân Sơn Hòa, Hồ Chí Minh",Phường 2,,Quận Tân Bình,1020,Nhà ở,,,,https://alonhadat.com.vn/toa-nha-2mt-gan-san-bay-dong-tien-500-trieu-thang-gia-tot-nhat-cong-hoa-ham-5-tang-17740154.html,https://alonhadat.com.vn/toa-nha-2mt-gan-san-bay-dong-tien-500-trieu-thang-gia-tot-nhat-cong-hoa-ham-5-tang-17740154.html,2026-06-07,2026-06-07 20:16:10.418495,,118000,491666666.6666667,0,0
alonhadat,sale_student_csv,alonhadat_duc_18758117,18758117,✈️ CƠ HỘI SỞ HỮU TÒA NHÀ QUY MÔ LỚN NGAY TRUNG TÂM TÂN BÌNH – 135 Tỷ TL,135000000000,135 tỷ,382,12,"Đường Nguyễn Quang Bích, Phường Tân Bình, Hồ Chí Minh",Phường 13,,Quận Tân Bình,1020,Nhà ở,,,,https://alonhadat.com.vn/-co-hoi-so-huu-toa-nha-quy-mo-lon-ngay-trung-tam-tan-binh-135-ty-tl-18758117.html,https://alonhadat.com.vn/-co-hoi-so-huu-toa-nha-quy-mo-lon-ngay-trung-tam-tan-binh-135-ty-tl-18758117.html,2026-06-07,2026-06-07 20:16:10.418495,,135000,353403141.36125654,0,0
alonhadat,sale_student_csv,alonhadat_duc_17328533,17328533,"Bán Nhà Mặt Tiền Ngay Bàu Cát 8 - Tân Bình - 5x27m - 5 Tầng Thang Máy - Giá 24,5 Tỷ TL",24500000000,"24,5 tỷ",133,5,"Đường Bàu Cát 8, Phường Bảy Hiền, Hồ Chí Minh",Phường 11,,Quận Tân Bình,1020,Nhà ở,,,,https://alonhadat.com.vn/ban-nha-mat-tien-ngay-bau-cat-8-tan-binh-5x27m-5-tang-thang-may-gia-24-5-ty-tl-17328533.html,https://alonhadat.com.vn/ban-nha-mat-tien-ngay-bau-cat-8-tan-binh-5x27m-5-tang-thang-may-gia-24-5-ty-tl-17328533.html,2026-06-07,2026-06-07 20:16:10.418495,,24500,184210526.31578946,0,0
alonhadat,sale_student_csv,alonhadat_duc_18758028,18758028,"NHÀ 5 TẦNG CỨNG CÁP - 4x13 - 52m2 NGAY CHỢ VẢI TÂN BÌNH - HẺM THÔNG KINH DOANH - 7,9 TỶ",7900000000,"7,9 tỷ",52,5,"Đường Lạc Long Quân, Phường Bảy Hiền, Hồ Chí Minh",Phường 12,,Quận Tân Bình,1020,Nhà ở,,,,https://alonhadat.com.vn/nha-5-tang-cung-cap-4x13-52m2-ngay-cho-vai-tan-binh-hem-thong-kinh-doanh-7-9-ty-18758028.html,https://alonhadat.com.vn/nha-5-tang-cung-cap-4x13-52m2-ngay-cho-vai-tan-binh-hem-thong-kinh-doanh-7-9-ty-18758028.html,2026-06-07,2026-06-07 20:16:10.418495,,7900,151923076.92307693,0,0
alonhadat,sale_student_csv,alonhadat_duc_18422495,18422495,"56 tỷ - HĐT: 140tr/th! Bán toà nhà mặt tiền Trường Sơn, Tân Bình - 5.15x29m - Hầm 8 Tầng",56000000000,56 tỷ,128,8,"Đường Trần Quốc Hoàn, Phường Tân Sơn Nhất, Hồ Chí Minh",Phường 4,,Quận Tân Bình,1020,Nhà ở,,,,https://alonhadat.com.vn/56-ty-hdt-140tr-th-ban-toa-nha-mat-tien-truong-son-tan-binh-5-15x29m-ham-8-tang-18422495.html,https://alonhadat.com.vn/56-ty-hdt-140tr-th-ban-toa-nha-mat-tien-truong-son-tan-binh-5-15x29m-ham-8-tang-18422495.html,2026-06-07,2026-06-07 20:16:10.418495,,56000,437500000,0,0
alonhadat,sale_student_csv,alonhadat_duc_18757925,18757925,"NHÀ 3 TẦNG 45M2 - NGANG 4,5M - HẺM XE HƠI TRUNG LANG - BẢY HIỀN TÂN BÌNH - 7,35 TỶ CÒN BỚT",7350000000,"7,35 tỷ",45,3,"Đường Trung Lang, Phường Bảy Hiền, Hồ Chí Minh",Phường 12,,Quận Tân Bình,1020,Nhà ở,,,,https://alonhadat.com.vn/nha-3-tang-45m2-ngang-4-5m-hem-xe-hoi-trung-lang-bay-hien-tan-binh-7-35-ty-con-bot-18757925.html,https://alonhadat.com.vn/nha-3-tang-45m2-ngang-4-5m-hem-xe-hoi-trung-lang-bay-hien-tan-binh-7-35-ty-con-bot-18757925.html,2026-06-07,2026-06-07 20:16:10.418495,,7350,163333333.33333334,0,0
alonhadat,sale_student_csv,alonhadat_duc_18752936,18752936,"Bán nhà Mặt Tiền Chợ Phạm Văn Hai,Phường 2,Tân Bình.DT 3,8 X 15m 4 Tầng.",13500000000,"13,5 tỷ",56,5,"Đường Tân Sơn Hòa, Phường Tân Sơn Hòa, Hồ Chí Minh",Phường 2,,Quận Tân Bình,1020,Nhà ở,,,,https://alonhadat.com.vn/ban-nha-mat-tien-cho-pham-van-hai-phuong-2-tan-binh-dt-3-8-x-15m-4-tang--18752936.html,https://alonhadat.com.vn/ban-nha-mat-tien-cho-pham-van-hai-phuong-2-tan-binh-dt-3-8-x-15m-4-tang--18752936.html,2026-06-07,2026-06-07 20:16:10.418495,,13500,241071428.57142857,0,0
alonhadat,sale_student_csv,alonhadat_duc_15103642,15103642,"HOT HOT HOT! Cần bán nhà HXH đường Trường Chinh, p14, tân bình 7X22m giá chỉ 10 tỷ hơn thư",10500000000,"10,5 tỷ",111,3,"Đường Trường Chinh, Phường Tân Bình, Hồ Chí Minh",Phường 14,,Quận Tân Bình,1020,Nhà ở,,,,https://alonhadat.com.vn/hot-hot-hot-can-ban-nha-hxh-duong-truong-chinh-p14-tan-binh-7x22m-gia-chi-10-ty-hon-thu-15103642.html,https://alonhadat.com.vn/hot-hot-hot-can-ban-nha-hxh-duong-truong-chinh-p14-tan-binh-7x22m-gia-chi-10-ty-hon-thu-15103642.html,2026-06-07,2026-06-07 20:16:10.418495,,10500,94594594.5945946,0,0
alonhadat,sale_student_csv,alonhadat_duc_16458899,16458899,Siêu phẩm chỉ 122tr/m2 ngay Đồng Đen- Bàu cát dt 5x37m2 - trệt lửng 3 lầu - chỉ 22 tỷ,22000000000,22 tỷ,180,6,"Đường Đồng Đen, Phường Bảy Hiền, Hồ Chí Minh",Phường 11,,Quận Tân Bình,1020,Nhà ở,,,,https://alonhadat.com.vn/sieu-pham-chi-122tr-m2-ngay-dong-den-bau-cat-dt-5x37m2-tret-lung-3-lau-chi-22-ty-16458899.html,https://alonhadat.com.vn/sieu-pham-chi-122tr-m2-ngay-dong-den-bau-cat-dt-5x37m2-tret-lung-3-lau-chi-22-ty-16458899.html,2026-06-07,2026-06-07 20:16:10.418495,,22000,122222222.22222222,0,0
alonhadat,sale_student_csv,alonhadat_duc_15158023,15158023,"HOT! Cần bán nhà MT Bàu cát - Nguyễn Hồng Đào, DT sàn 241m2, vị trí sáng giá chỉ 15 tỷ hơn",15500000000,"15,5 tỷ",72,4,"Đường Nguyễn Hồng Đào, Phường Tân Bình, Hồ Chí Minh",Phường 14,,Quận Tân Bình,1020,Nhà ở,,,,https://alonhadat.com.vn/hot-can-ban-nha-mt-bau-cat-nguyen-hong-dao-dt-san-241m2-vi-tri-sang-gia-chi-15-ty-hon-15158023.html,https://alonhadat.com.vn/hot-can-ban-nha-mt-bau-cat-nguyen-hong-dao-dt-san-241m2-vi-tri-sang-gia-chi-15-ty-hon-15158023.html,2026-06-07,2026-06-07 20:16:10.418495,,15500,215277777.7777778,0,0
alonhadat,sale_student_csv,alonhadat_duc_15114549,15114549,"Qúa rẻ! Chỉ 10 tỷ nhỉnh sở hữu nhà đẹp ngay Trường Chinh 3 lầu, dt 4.35x17m",10500000000,"10,5 tỷ",74,3,"Đường Nguyễn Hồng Đào, Phường Tân Bình, Hồ Chí Minh",Phường 14,,Quận Tân Bình,1020,Nhà ở,,,,https://alonhadat.com.vn/qua-re-chi-10-ty-nhinh-so-huu-nha-dep-ngay-truong-chinh-3-lau-dt-4-35x17m-15114549.html,https://alonhadat.com.vn/qua-re-chi-10-ty-nhinh-so-huu-nha-dep-ngay-truong-chinh-3-lau-dt-4-35x17m-15114549.html,2026-06-07,2026-06-07 20:16:10.418495,,10500,141891891.8918919,0,0
alonhadat,sale_student_csv,alonhadat_duc_15178744,15178744,"Bán hẻm VIP K300, p12, Tân Bình 5 lầu nhà xinh, HĐT 32t/tháng giá chỉ 17 tỷ thương lượng",17000000000,17 tỷ,80,4,"Đường Nguyễn Minh Hoàng, Phường Bảy Hiền, Hồ Chí Minh",Phường 12,,Quận Tân Bình,1020,Nhà ở,,,,https://alonhadat.com.vn/ban-hem-vip-k300-p12-tan-binh-5-lau-nha-xinh-hdt-32t-thang-gia-chi-17-ty-thuong-luong-15178744.html,https://alonhadat.com.vn/ban-hem-vip-k300-p12-tan-binh-5-lau-nha-xinh-hdt-32t-thang-gia-chi-17-ty-thuong-luong-15178744.html,2026-06-07,2026-06-07 20:16:10.418495,,17000,212500000,0,0
alonhadat,sale_student_csv,alonhadat_duc_15187011,15187011,"Cần bán nhà MT ngay ngã tư Bảy hiền, p4, tân bình, 6 tầng, HĐT 50tr/th giá chỉ 26 tỷ",26000000000,26 tỷ,80,4,"Đường Xuân Hồng, Phường Tân Sơn Nhất, Hồ Chí Minh",Phường 4,,Quận Tân Bình,1020,Nhà ở,,,,https://alonhadat.com.vn/can-ban-nha-mt-ngay-nga-tu-bay-hien-p4-tan-binh-6-tang-hdt-50tr-th-gia-chi-26-ty-15187011.html,https://alonhadat.com.vn/can-ban-nha-mt-ngay-nga-tu-bay-hien-p4-tan-binh-6-tang-hdt-50tr-th-gia-chi-26-ty-15187011.html,2026-06-07,2026-06-07 20:16:10.418495,,26000,325000000,0,0
alonhadat,sale_student_csv,alonhadat_duc_15091617,15091617,Bán nhà mặt tiền ngay ngã tư Bảy hiền quận Tân Bình ngang 5m giá chỉ 13 tỷ hơn,13500000000,"13,5 tỷ",60,2,"Đường Năm Châu, Phường Bảy Hiền, Hồ Chí Minh",Phường 11,,Quận Tân Bình,1020,Nhà ở,,,,https://alonhadat.com.vn/ban-nha-mat-tien-ngay-nga-tu-bay-hien-quan-tan-binh-ngang-5m-gia-chi-13-ty-hon-15091617.html,https://alonhadat.com.vn/ban-nha-mat-tien-ngay-nga-tu-bay-hien-quan-tan-binh-ngang-5m-gia-chi-13-ty-hon-15091617.html,2026-06-07,2026-06-07 20:16:10.418495,,13500,225000000,0,0
alonhadat,sale_student_csv,alonhadat_duc_15088568,15088568,HOT! Cần bán nhà ngã tư Bảy Hiền giá chỉ 10 tỷ nhỉnh diện tích 5.5x20m,10500000000,"10,5 tỷ",110,3,"Đường Châu Vĩnh Tế, Phường Bảy Hiền, Hồ Chí Minh",Phường 12,,Quận Tân Bình,1020,Nhà ở,,,,https://alonhadat.com.vn/hot-can-ban-nha-nga-tu-bay-hien-gia-chi-10-ty-nhinh-dien-tich-5-5x20m-15088568.html,https://alonhadat.com.vn/hot-can-ban-nha-nga-tu-bay-hien-gia-chi-10-ty-nhinh-dien-tich-5-5x20m-15088568.html,2026-06-07,2026-06-07 20:16:10.418495,,10500,95454545.45454545,0,0
alonhadat,sale_student_csv,alonhadat_duc_15084260,15084260,"Định cư nước ngoài cần bán nhà Nguyễn Hồng Đào, p14, tân bình, 4x18m giá 14 tỷ hơn",14500000000,"14,5 tỷ",72,4,"Đường Nguyễn Hồng Đào, Phường Tân Bình, Hồ Chí Minh",Phường 14,,Quận Tân Bình,1020,Nhà ở,,,,https://alonhadat.com.vn/dinh-cu-nuoc-ngoai-can-ban-nha-nguyen-hong-dao-p14-tan-binh-4x18m-gia-14-ty-hon-15084260.html,https://alonhadat.com.vn/dinh-cu-nuoc-ngoai-can-ban-nha-nguyen-hong-dao-p14-tan-binh-4x18m-gia-14-ty-hon-15084260.html,2026-06-07,2026-06-07 20:16:10.418495,,14500,201388888.8888889,0,0
alonhadat,sale_student_csv,alonhadat_duc_15074435,15074435,"HOT! Cần bán nhà mặt tiền đường Ba Vân, p14, Q.tân bình, 4x18m, 4 lầu giá chỉ 14 tỷ hơn.",14500000000,"14,5 tỷ",56,4,"Đường Ba Vân, Phường Tân Bình, Hồ Chí Minh",Phường 14,,Quận Tân Bình,1020,Nhà ở,,,,https://alonhadat.com.vn/hot-can-ban-nha-mat-tien-duong-ba-van-p14-q-tan-binh-4x18m-4-lau-gia-chi-14-ty-hon--15074435.html,https://alonhadat.com.vn/hot-can-ban-nha-mat-tien-duong-ba-van-p14-q-tan-binh-4x18m-4-lau-gia-chi-14-ty-hon--15074435.html,2026-06-07,2026-06-07 20:16:10.418495,,14500,258928571.42857143,0,0
alonhadat,sale_student_csv,alonhadat_duc_15054547,15054547,"Cần bán nhà MT đường Ba Vân, phường 14, tân bình DT 4x13.5m, nhà 3 lầu giá bán 13.2 tỷ",13200000000,"13,2 tỷ",54,4,"Đường Ba Vân, Phường Tân Bình, Hồ Chí Minh",Phường 14,,Quận Tân Bình,1020,Nhà ở,,,,https://alonhadat.com.vn/can-ban-nha-mt-duong-ba-van-phuong-14-tan-binh-dt-4x13-5m-nha-3-lau-gia-ban-13-2-ty-15054547.html,https://alonhadat.com.vn/can-ban-nha-mt-duong-ba-van-phuong-14-tan-binh-dt-4x13-5m-nha-3-lau-gia-ban-13-2-ty-15054547.html,2026-06-07,2026-06-07 20:16:10.418495,,13200,244444444.44444445,0,0
alonhadat,sale_student_csv,alonhadat_duc_15066048,15066048,"Chỉ 9 tỷ sở hữu nhà dt 4.65x12m, nhà mới đẹp 3 lầu gần chợ Hoàng Hoa Thám, khu VIP 300",9000000000,9 tỷ,56,3,"Đường Đồng Xoài, Phường Tân Bình, Hồ Chí Minh",Phường 13,,Quận Tân Bình,1020,Nhà ở,,,,https://alonhadat.com.vn/chi-9-ty-so-huu-nha-dt-4-65x12m-nha-moi-dep-3-lau-gan-cho-hoang-hoa-tham-khu-vip-300-15066048.html,https://alonhadat.com.vn/chi-9-ty-so-huu-nha-dt-4-65x12m-nha-moi-dep-3-lau-gan-cho-hoang-hoa-tham-khu-vip-300-15066048.html,2026-06-07,2026-06-07 20:16:10.418495,,9000,160714285.7142857,0,0
alonhadat,sale_student_csv,alonhadat_duc_17978601,17978601,"Bán Nhà MT Lê Văn Sỹ P.2 TB, DT 7x24m CN 128m2, KC 3 tầng HĐT 70tr, Giá 42 tỷ",42000000000,42 tỷ,128,6,"Đường Lê Văn Sỹ, Phường Tân Sơn Hòa, Hồ Chí Minh",Phường 2,,Quận Tân Bình,1020,Nhà ở,,,,https://alonhadat.com.vn/ban-nha-mt-le-van-sy-p-2-tb-dt-7x24m-cn-128m2-kc-3-tang-hdt-70tr-gia-42-ty-17978601.html,https://alonhadat.com.vn/ban-nha-mt-le-van-sy-p-2-tb-dt-7x24m-cn-128m2-kc-3-tang-hdt-70tr-gia-42-ty-17978601.html,2026-06-07,2026-06-07 20:16:10.418495,,42000,328125000,0,0
alonhadat,sale_student_csv,alonhadat_duc_18757630,18757630,"Bán nhà mặt tiền Thân Nhân Trung, P 13, Tân Bình - 6x20m - CTXD: Hầm + 7 tầng - Giá 28 tỷ",28000000000,28 tỷ,120,6,"Đường Thân Nhân Trung, Phường Tân Bình, Hồ Chí Minh",Phường 13,,Quận Tân Bình,1020,Nhà ở,,,,https://alonhadat.com.vn/ban-nha-mat-tien-than-nhan-trung-p-13-tan-binh-6x20m-ctxd-ham-7-tang-gia-28-ty-18757630.html,https://alonhadat.com.vn/ban-nha-mat-tien-than-nhan-trung-p-13-tan-binh-6x20m-ctxd-ham-7-tang-gia-28-ty-18757630.html,2026-06-07,2026-06-07 20:16:10.418495,,28000,233333333.33333334,0,0
alonhadat,sale_student_csv,alonhadat_duc_18757594,18757594,"Siêu Phẩm Chỉ 26,5 Tỷ!! Góc 2MT Khu Sân Bay Đường Bạch Đằng - Ngang 10,2m - 5 Tầng - 100Tr",26500000000,"26,5 tỷ",99,10,"Đường Bạch Đằng, Phường Tân Sơn Hòa, Hồ Chí Minh",Phường Tân Sơn Hòa,,Quận Tân Bình,1020,Nhà ở,,,,https://alonhadat.com.vn/sieu-pham-chi-26-5-ty-goc-2mt-khu-san-bay-duong-bach-dang-ngang-10-2m-5-tang-100tr-18757594.html,https://alonhadat.com.vn/sieu-pham-chi-26-5-ty-goc-2mt-khu-san-bay-duong-bach-dang-ngang-10-2m-5-tang-100tr-18757594.html,2026-06-07,2026-06-07 20:16:10.418495,,26500,267676767.67676768,0,0
alonhadat,sale_student_csv,alonhadat_duc_18151401,18151401,"Toà nhà 541 Lạc Long Quân, P10, Tân Bình, 8m x 22m, Hầm 6 Tầng, HĐT 160",56000000000,56 tỷ,167,6,"Đường Lạc Long Quân, Phường Bảy Hiền, Hồ Chí Minh",Phường 10,,Quận Tân Bình,1020,Nhà ở,,,,https://alonhadat.com.vn/toa-nha-541-lac-long-quan-p10-tan-binh-8m-x-22m-ham-6-tang-hdt-160-18151401.html,https://alonhadat.com.vn/toa-nha-541-lac-long-quan-p10-tan-binh-8m-x-22m-ham-6-tang-hdt-160-18151401.html,2026-06-07,2026-06-07 20:16:10.418495,,56000,335329341.3173653,0,0
alonhadat,sale_student_csv,alonhadat_duc_18757177,18757177,"Nhà bán hẻm 25 đường Thành Mỹ P8 Tân Bình. Ngang hơn 5m hiếm có, giá chỉ 10.5 tỷ",10500000000,"10,5 tỷ",76,2,"Đường Thành Mỹ, Phường Tân Hòa, Hồ Chí Minh",Phường 8,,Quận Tân Bình,1020,Nhà ở,,,,https://alonhadat.com.vn/nha-ban-hem-25-duong-thanh-my-p8-tan-binh-ngang-hon-5m-hiem-co-gia-chi-10-5-ty-18757177.html,https://alonhadat.com.vn/nha-ban-hem-25-duong-thanh-my-p8-tan-binh-ngang-hon-5m-hiem-co-gia-chi-10-5-ty-18757177.html,2026-06-07,2026-06-07 20:16:10.418495,,10500,138157894.7368421,0,0
alonhadat,sale_student_csv,alonhadat_duc_18397375,18397375,"Tòa nhà mặt tiền đường Nguyễn Quang Bích, ngay nhà ga T3, DT: 10.5 x 26m, hầm 7 tầng",75000000000,75 tỷ,256,50,"Đường Nguyễn Quang Bích, Phường Tân Bình, Hồ Chí Minh",Phường 13,,Quận Tân Bình,1020,Nhà ở,,,,https://alonhadat.com.vn/toa-nha-mat-tien-duong-nguyen-quang-bich-ngay-nha-ga-t3-dt-10-5-x-26m-ham-7-tang-18397375.html,https://alonhadat.com.vn/toa-nha-mat-tien-duong-nguyen-quang-bich-ngay-nha-ga-t3-dt-10-5-x-26m-ham-7-tang-18397375.html,2026-06-07,2026-06-07 20:16:10.418495,,75000,292968750,0,0
alonhadat,sale_student_csv,alonhadat_duc_18756970,18756970,bán nhà mặt tiền đường ngay lý thường kiệt,22000000000,22 tỷ,152,2,"Đường Thành Mỹ, Phường Tân Hòa, Hồ Chí Minh",Phường 8,,Quận Tân Bình,1020,Nhà ở,,,,https://alonhadat.com.vn/ban-nha-mat-tien-duong-ngay-ly-thuong-kiet-18756970.html,https://alonhadat.com.vn/ban-nha-mat-tien-duong-ngay-ly-thuong-kiet-18756970.html,2026-06-07,2026-06-07 20:16:10.418495,,22000,144736842.10526314,0,0
alonhadat,sale_student_csv,alonhadat_duc_16954872,16954872,"Toà Nhà Hầm 7 Lầu mặt tiền ngay Nhà Ga T3 Sân Bay,Tân Bình,7.8x33m, TN 250 triệu,Chỉ 55 Tỷ",55000000000,55 tỷ,264,7,"Đường Nguyễn Quang Bích, Phường Tân Bình, Hồ Chí Minh",Phường 13,,Quận Tân Bình,1020,Nhà ở,,,,https://alonhadat.com.vn/toa-nha-ham-7-lau-mat-tien-gan-nha-ga-t3-tsn-tan-binh-7-8x33m-tn-250-trieu-chi-56-ty-16954872.html,https://alonhadat.com.vn/toa-nha-ham-7-lau-mat-tien-gan-nha-ga-t3-tsn-tan-binh-7-8x33m-tn-250-trieu-chi-56-ty-16954872.html,2026-06-07,2026-06-07 20:16:10.418495,,55000,208333333.33333334,0,0
alonhadat,sale_student_csv,alonhadat_duc_18757266,18757266,"Bán Nhà Mặt Tiền k300 - Nguyễn Bá Tuyển - P12 - Tân Bình, 7x32m, Giá 32 Tỷ",32000000000,32 tỷ,224,3,"Đường K300, Phường Bảy Hiền, Hồ Chí Minh",Phường 12,,Quận Tân Bình,1020,Nhà ở,,,,https://alonhadat.com.vn/ban-nha-mat-tien-k300-nguyen-ba-tuyen-p12-tan-binh-7x32m-gia-32-ty-18757266.html,https://alonhadat.com.vn/ban-nha-mat-tien-k300-nguyen-ba-tuyen-p12-tan-binh-7x32m-gia-32-ty-18757266.html,2026-06-07,2026-06-07 20:16:10.418495,,32000,142857142.85714287,0,0
alonhadat,sale_student_csv,alonhadat_duc_18755497,18755497,"Bán Nhà 196/15 Đường Cộng Hòa - Khu k200 - Phường 4 - Tân Bình 8x23m, Hầm 3 Lầu",40000000000,40 tỷ,184,5,"Đường Cộng Hòa, Phường Tân Sơn Nhất, Hồ Chí Minh",Phường 4,,Quận Tân Bình,1020,Nhà ở,,,,https://alonhadat.com.vn/ban-nha-196-15-duong-cong-hoa-khu-k200-phuong-4-tan-binh-8x23m-ham-3-lau-18755497.html,https://alonhadat.com.vn/ban-nha-196-15-duong-cong-hoa-khu-k200-phuong-4-tan-binh-8x23m-ham-3-lau-18755497.html,2026-06-07,2026-06-07 20:16:10.418495,,40000,217391304.3478261,0,0
alonhadat,sale_student_csv,alonhadat_duc_18749541,18749541,"Siêu phẩm tốt ngang rộng hiếm MT đường Trường Chinh, P. Bảy Hiền 8.1x29m 4 tầng chỉ 51x tỷ",51999000000,"51,999 tỷ",230,5,"Đường Trường Chinh, Phường Bảy Hiền, Hồ Chí Minh",Phường 12,,Quận Tân Bình,1020,Nhà ở,,,,https://alonhadat.com.vn/sieu-pham-tot-ngang-rong-hiem-mt-duong-truong-chinh-p-bay-hien-8-1x29m-4-tang-chi-51x-ty-18749541.html,https://alonhadat.com.vn/sieu-pham-tot-ngang-rong-hiem-mt-duong-truong-chinh-p-bay-hien-8-1x29m-4-tang-chi-51x-ty-18749541.html,2026-06-07,2026-06-07 20:16:10.418495,,51999,226082608.6956522,0,0
alonhadat,sale_student_csv,alonhadat_duc_18757144,18757144,Siêu phẩm| MT đường C27 P.12 Quận Tân Bình| DT: 8x20| CTXD: Hầm +6 tầng| 34 tỷ,34000000000,34 tỷ,160,1,"Đường C27, Phường Bảy Hiền, Hồ Chí Minh",Phường 12,,Quận Tân Bình,1020,Nhà ở,,,,https://alonhadat.com.vn/sieu-pham-mt-duong-c27-p-12-quan-tan-binh-dt-8x20-ctxd-ham-6-tang-34-ty-18757144.html,https://alonhadat.com.vn/sieu-pham-mt-duong-c27-p-12-quan-tan-binh-dt-8x20-ctxd-ham-6-tang-34-ty-18757144.html,2026-06-07,2026-06-07 20:16:10.418495,,34000,212500000,0,0
alonhadat,sale_student_csv,alonhadat_duc_18438000,18438000,"BÁN TOÀ NHÀ VP KHU K300, GẦN GA T3 - 145M2, NGANG SÁT 6M - 8 TẦNG, HẦM, TM - HƠN 34Tỷ",34700000000,"34,7 tỷ",145,6,"Đường Trần Văn Dư, Phường Tân Bình, Hồ Chí Minh",Phường 13,,Quận Tân Bình,1020,Nhà ở,,,,https://alonhadat.com.vn/ban-toa-nha-vp-khu-k300-gan-ga-t3-145m2-ngang-sat-6m-8-tang-ham-tm-hon-34ty-18438000.html,https://alonhadat.com.vn/ban-toa-nha-vp-khu-k300-gan-ga-t3-145m2-ngang-sat-6m-8-tang-ham-tm-hon-34ty-18438000.html,2026-06-07,2026-06-07 20:16:10.418495,,34700,239310344.8275862,0,0
alonhadat,sale_student_csv,alonhadat_duc_17352970,17352970,"Bán nhà góc 2 MT 12m Nhất Chi Mai, dt 7 x 11m, CN 25m2, trệt 4 lầu 9 PN",13500000000,"13,5 tỷ",75,9,"Đường Nhất Chi Mai, Phường Tân Bình, Hồ Chí Minh",Phường 13,,Quận Tân Bình,1020,Nhà ở,,,,https://alonhadat.com.vn/ban-nha-goc-2-mt-12m-nhat-chi-mai-dt-7-x-11m-cn-25m2-tret-4-lau-9-pn-17352970.html,https://alonhadat.com.vn/ban-nha-goc-2-mt-12m-nhat-chi-mai-dt-7-x-11m-cn-25m2-tret-4-lau-9-pn-17352970.html,2026-06-07,2026-06-07 20:16:10.418495,,13500,180000000,0,0
alonhadat,sale_student_csv,alonhadat_duc_17699381,17699381,"Bán tòa nhà văn phòng Mặt Tiền Cộng Hòa, DT 9 x 30m, hầm 8 tầng, sàn 2000m2",85000000000,85 tỷ,270,1,"Đường Cộng Hòa, Phường Tân Bình, Hồ Chí Minh",Phường 13,,Quận Tân Bình,1020,Nhà ở,,,,https://alonhadat.com.vn/ban-toa-nha-van-phong-mat-tien-cong-hoa-dt-9-x-30m-ham-8-tang-san-2000m2-17699381.html,https://alonhadat.com.vn/ban-toa-nha-van-phong-mat-tien-cong-hoa-dt-9-x-30m-ham-8-tang-san-2000m2-17699381.html,2026-06-07,2026-06-07 20:16:10.418495,,85000,314814814.8148148,0,0
alonhadat,sale_student_csv,alonhadat_duc_18312733,18312733,"Bán gấp nhà 2 MT chợ Hoàng Hoa Thám Tân Bình – DT 4x16m, trệt 2 lầu ST",13200000000,"13,2 tỷ",64,4,"Đường Hoàng Hoa Thám, Phường Tân Bình, Hồ Chí Minh",Phường 13,,Quận Tân Bình,1020,Nhà ở,,,,https://alonhadat.com.vn/ban-gap-nha-2-mt-cho-hoang-hoa-tham-tan-binh-dt-4x16m-tret-2-lau-st-18312733.html,https://alonhadat.com.vn/ban-gap-nha-2-mt-cho-hoang-hoa-tham-tan-binh-dt-4x16m-tret-2-lau-st-18312733.html,2026-06-07,2026-06-07 20:16:10.418495,,13200,206250000,0,0
alonhadat,sale_student_csv,alonhadat_duc_18322915,18322915,"Bán nhà mặt tiền Ấp Bắc 5 x 16m, trệt 3 lầu ST, đối diện tòa văn phòng ETOWN sầm uất",17500000000,"17,5 tỷ",80,5,"Đường Ấp Bắc, Phường Tân Bình, Hồ Chí Minh",Phường 13,,Quận Tân Bình,1020,Nhà ở,,,,https://alonhadat.com.vn/ban-nha-mat-tien-ap-bac-5-x-16m-tret-3-lau-st-doi-dien-toa-van-phong-etown-sam-uat-18322915.html,https://alonhadat.com.vn/ban-nha-mat-tien-ap-bac-5-x-16m-tret-3-lau-st-doi-dien-toa-van-phong-etown-sam-uat-18322915.html,2026-06-07,2026-06-07 20:16:10.418495,,17500,218750000,0,0
alonhadat,sale_student_csv,alonhadat_duc_18663732,18663732,"Bán nhà HXH 8m Út Tịch – p4, Tân Bình. DT 7x12m, trệt 3 lầu ST, giá 14 tỷ TL",14000000000,14 tỷ,84,6,"Đường Út Tịch, Phường Tân Sơn Nhất, Hồ Chí Minh",Phường 4,,Quận Tân Bình,1020,Nhà ở,,,,https://alonhadat.com.vn/ban-nha-hxh-8m-ut-tich-p4-tan-binh-dt-7x12m-tret-3-lau-st-gia-14-ty-tl-18663732.html,https://alonhadat.com.vn/ban-nha-hxh-8m-ut-tich-p4-tan-binh-dt-7x12m-tret-3-lau-st-gia-14-ty-tl-18663732.html,2026-06-07,2026-06-07 20:16:10.418495,,14000,166666666.66666666,0,0
alonhadat,sale_student_csv,alonhadat_duc_18412054,18412054,Bán nhà Hẻm thông đúng 6m Nguyễn Đức Thuận .Dt 4 x 10m. 40m2. 1 trệt 1 lầu. Ngay nhà ga T3,7200000000,"7,2 tỷ",40,2,"Đường Nguyễn Đức Thuận, Phường Tân Bình, Hồ Chí Minh",Phường 13,,Quận Tân Bình,1020,Nhà ở,,,,https://alonhadat.com.vn/ban-nha-hem-thong-dung-6m-nguyen-duc-thuan-dt-4-x-10m-40m2-1-tret-1-lau-ngay-nha-ga-t3-18412054.html,https://alonhadat.com.vn/ban-nha-hem-thong-dung-6m-nguyen-duc-thuan-dt-4-x-10m-40m2-1-tret-1-lau-ngay-nha-ga-t3-18412054.html,2026-06-07,2026-06-07 20:16:10.418495,,7200,180000000,0,0
alonhadat,sale_student_csv,alonhadat_duc_18360290,18360290,"Bán nhà MTNB Bàu Cát 1, P.14 Tân Bình – 4x14m, trệt 4 lầu ST, đường 12m, vỉa hèm 2m",12700000000,"12,7 tỷ",56,6,"Đường Bàu Cát 1, Phường Tân Bình, Hồ Chí Minh",Phường 14,,Quận Tân Bình,1020,Nhà ở,,,,https://alonhadat.com.vn/ban-nha-mtnb-bau-cat-1-p-14-tan-binh-4x14m-tret-4-lau-st-gia-13-5-ty-tl-18360290.html,https://alonhadat.com.vn/ban-nha-mtnb-bau-cat-1-p-14-tan-binh-4x14m-tret-4-lau-st-gia-13-5-ty-tl-18360290.html,2026-06-07,2026-06-07 20:16:10.418495,,12700,226785714.2857143,0,0
alonhadat,sale_student_csv,alonhadat_duc_17381264,17381264,"Bán nhà MT Lê Trung Nghĩa, k300. dt 4 x 18, trệt 4 lầu, nhà đẹp ở ngay",13800000000,"13,8 tỷ",72,5,"Đường Lê Trung Nghĩa, Phường Bảy Hiền, Hồ Chí Minh",Phường 12,,Quận Tân Bình,1020,Nhà ở,,,,https://alonhadat.com.vn/ban-nha-mt-le-trung-nghia-k300-dt-4-x-18-tret-4-lau-nha-dep-o-ngay-17381264.html,https://alonhadat.com.vn/ban-nha-mt-le-trung-nghia-k300-dt-4-x-18-tret-4-lau-nha-dep-o-ngay-17381264.html,2026-06-07,2026-06-07 20:16:10.418495,,13800,191666666.66666666,0,0
alonhadat,sale_student_csv,alonhadat_duc_17373957,17373957,"Bán nhà mặt tiền Nguyễn Thái Bình, dt dt 5.5 x 16m, 2 lầu, vị trí đẹp sầm uất",19900000000,"19,9 tỷ",88,4,"Đường Nguyễn Thái Bình, Phường Bảy Hiền, Hồ Chí Minh",Phường 12,,Quận Tân Bình,1020,Nhà ở,,,,https://alonhadat.com.vn/ban-nha-mat-tien-nguyen-thai-binh-dt-dt-5-5-x-16m-1-lau-vi-tri-dep-sam-uat-17373957.html,https://alonhadat.com.vn/ban-nha-mat-tien-nguyen-thai-binh-dt-dt-5-5-x-16m-1-lau-vi-tri-dep-sam-uat-17373957.html,2026-06-07,2026-06-07 20:16:10.418495,,19900,226136363.63636363,0,0
alonhadat,sale_student_csv,alonhadat_duc_17366853,17366853,"Bán nhà mặt tiền Cộng Hoà, DT 7 x 25m. trệt 2 lầu, giá 45 tỷTL, vị trí đẹp, không cầu vượt",43000000000,43 tỷ,175,2,"Đường Cộng Hòa, Phường Tân Bình, Hồ Chí Minh",Phường 13,,Quận Tân Bình,1020,Nhà ở,,,,https://alonhadat.com.vn/ban-nha-mat-tien-cong-hoa-dt-7-x-25m-tret-2-lau-gia-45-tytl-vi-tri-dep-khong-cau-vuot-17366853.html,https://alonhadat.com.vn/ban-nha-mat-tien-cong-hoa-dt-7-x-25m-tret-2-lau-gia-45-tytl-vi-tri-dep-khong-cau-vuot-17366853.html,2026-06-07,2026-06-07 20:16:10.418495,,43000,245714285.7142857,0,0
alonhadat,sale_student_csv,alonhadat_duc_17308446,17308446,"Bán nhà mặt tiền Cộng Hoà, dt 9 x 30m. Hầm 5 lầu st, giá 68 tỷ Tl",68000000000,68 tỷ,270,1,"Đường Cộng Hòa, Phường Tân Bình, Hồ Chí Minh",Phường 13,,Quận Tân Bình,1020,Nhà ở,,,,https://alonhadat.com.vn/ban-nha-mat-tien-cong-hoa-dt-9-x-30m-ham-5-lau-st-gia-68-ty-tl-17308446.html,https://alonhadat.com.vn/ban-nha-mat-tien-cong-hoa-dt-9-x-30m-ham-5-lau-st-gia-68-ty-tl-17308446.html,2026-06-07,2026-06-07 20:16:10.418495,,68000,251851851.85185185,0,0
alonhadat,sale_student_csv,alonhadat_duc_16919479,16919479,"Bán nhà MT Bảy Hiền, dt 5 x 12m, trệt 3 lầu st, nhà mới ở ngay",12900000000,"12,9 tỷ",60,5,"Đường Năm Châu, Phường Bảy Hiền, Hồ Chí Minh",Phường 11,,Quận Tân Bình,1020,Nhà ở,,,,https://alonhadat.com.vn/ban-nha-mt-bay-hien-dt-5-x-12m-tret-3-lau-st-nha-moi-o-ngay-16919479.html,https://alonhadat.com.vn/ban-nha-mt-bay-hien-dt-5-x-12m-tret-3-lau-st-nha-moi-o-ngay-16919479.html,2026-06-07,2026-06-07 20:16:10.418495,,12900,215000000,0,0
alonhadat,sale_student_csv,alonhadat_duc_16297166,16297166,"Bán nhà mặt tiền Cộng Hoà, dt 5 x 16m, 3 tầng, ngay nhà ga T3",18500000000,"18,5 tỷ",80,5,"Đường Cộng Hòa, Phường Tân Bình, Hồ Chí Minh",Phường 13,,Quận Tân Bình,1020,Nhà ở,,,,https://alonhadat.com.vn/ban-nha-mat-tien-cong-hoa-dt-5-x-16m-3-tang-ngay-nha-ga-t3-16297166.html,https://alonhadat.com.vn/ban-nha-mat-tien-cong-hoa-dt-5-x-16m-3-tang-ngay-nha-ga-t3-16297166.html,2026-06-07,2026-06-07 20:16:10.418495,,18500,231250000,0,0
alonhadat,sale_student_csv,alonhadat_duc_16264965,16264965,"Bán nhà MT Đồng Đen, dt 8 x 16m, trệt 4 lầu, đoạn đẹp rộng sầm uất",40000000000,40 tỷ,130,2,"Đường Đồng Đen, Phường Tân Bình, Hồ Chí Minh",Phường 14,,Quận Tân Bình,1020,Nhà ở,,,,https://alonhadat.com.vn/ban-nha-mt-dong-den-dt-8-x-16m-tret-4-lau-doan-dep-rong-sam-uat-16264965.html,https://alonhadat.com.vn/ban-nha-mt-dong-den-dt-8-x-16m-tret-4-lau-doan-dep-rong-sam-uat-16264965.html,2026-06-07,2026-06-07 20:16:10.418495,,40000,307692307.6923077,0,0
alonhadat,sale_student_csv,alonhadat_duc_16215556,16215556,"Bán nhà H.8m Cộng Hòa, dt 40m2, 1 lầu, 2 PN, Hẻm sung Kinh Doanh được nhiều ngành nghề",2950000000,"2,95 tỷ",40,2,"Đường Cộng Hòa, Phường Tân Bình, Hồ Chí Minh",Phường 13,,Quận Tân Bình,1020,Nhà ở,,,,https://alonhadat.com.vn/ban-nha-h-8m-cong-hoa-dt-40m2-1-lau-2-pn-hem-sung-kinh-doanh-duoc-nhieu-nganh-nghe-16215556.html,https://alonhadat.com.vn/ban-nha-h-8m-cong-hoa-dt-40m2-1-lau-2-pn-hem-sung-kinh-doanh-duoc-nhieu-nganh-nghe-16215556.html,2026-06-07,2026-06-07 20:16:10.418495,,2950,73750000,0,0
alonhadat,sale_student_csv,alonhadat_duc_18360595,18360595,"Bán nhà MT Thân Nhân Trung, P.13 Tân Bình – 6x25m, trệt 2 lầu ST, giá 25 tỷ TL",25000000000,25 tỷ,150,4,"Đường Thân Nhân Trung, Phường Tân Bình, Hồ Chí Minh",Phường Tân Bình,,Quận Tân Bình,1020,Nhà ở,,,,https://alonhadat.com.vn/ban-nha-mt-than-nhan-trung-p-13-tan-binh-6x25m-tret-2-lau-st-gia-25-ty-tl-18360595.html,https://alonhadat.com.vn/ban-nha-mt-than-nhan-trung-p-13-tan-binh-6x25m-tret-2-lau-st-gia-25-ty-tl-18360595.html,2026-06-07,2026-06-07 20:16:10.418495,,25000,166666666.66666666,0,0
alonhadat,sale_student_csv,alonhadat_duc_17729766,17729766,"Bán Gấp nhà Ngang 10m mặt tiền đường Cộng Hoà, Tân Bình, 10x35m, CTXD Hầm 10 Lầu,Chỉ 81 Tỷ",81000000000,81 tỷ,350,4,"Đường Cộng Hòa, Phường Tân Bình, Hồ Chí Minh",Phường 13,,Quận Tân Bình,1020,Nhà ở,,,,https://alonhadat.com.vn/ban-gap-nha-ngang-10m-mat-tien-duong-cong-hoa-tan-binh-10x35m-ctxd-ham-10-lau-chi-81-ty-17729766.html,https://alonhadat.com.vn/ban-gap-nha-ngang-10m-mat-tien-duong-cong-hoa-tan-binh-10x35m-ctxd-ham-10-lau-chi-81-ty-17729766.html,2026-06-07,2026-06-07 20:16:10.418495,,81000,231428571.42857143,0,0
alonhadat,sale_student_csv,alonhadat_duc_17815695,17815695,Bán Toà Nhà Mới Xây Khu K300- Tân Bình- 9x20m- Hầm 6 Tầng- HDT 180 triệu/ tháng- Giá 42ty,42000000000,42 tỷ,180,6,"Đường K300, Phường Bảy Hiền, Hồ Chí Minh",Phường 12,,Quận Tân Bình,1020,Nhà ở,,,,https://alonhadat.com.vn/ban-toa-nha-moi-xay-khu-k300-tan-binh-9x20m-ham-6-tang-hdt-180-trieu-thang-gia-42ty-17815695.html,https://alonhadat.com.vn/ban-toa-nha-moi-xay-khu-k300-tan-binh-9x20m-ham-6-tang-hdt-180-trieu-thang-gia-42ty-17815695.html,2026-06-07,2026-06-07 20:16:10.418495,,42000,233333333.33333334,0,0
alonhadat,sale_student_csv,alonhadat_duc_17815387,17815387,"Bán Gấp Toà Nhà MT Trường Sơn,Tân Bình - 5 x 21m - 6 Tầng - HDT130 triệu/tháng-Gía 28 tỷ",28000000000,28 tỷ,105,6,"Đường Trường Sơn, Phường Tân Sơn Hòa, Hồ Chí Minh",Phường 2,,Quận Tân Bình,1020,Nhà ở,,,,https://alonhadat.com.vn/ban-gap-toa-nha-mt-truong-son-tan-binh-5-x-21m-6-tang-hdt130-trieu-thang-gia-28-ty-17815387.html,https://alonhadat.com.vn/ban-gap-toa-nha-mt-truong-son-tan-binh-5-x-21m-6-tang-hdt130-trieu-thang-gia-28-ty-17815387.html,2026-06-07,2026-06-07 20:16:10.418495,,28000,266666666.66666666,0,0
alonhadat,sale_student_csv,alonhadat_duc_17808175,17808175,"Càn Tiền Bán Tòa Nhà 2MT Khu K300-Nguyễn Minh Hoàng-Hầm 6Tầng,HĐT160triệu(6.5x20m)Giá 38ty",38000000000,38 tỷ,128,6,"Đường K300, Phường Bảy Hiền, Hồ Chí Minh",Phường 12,,Quận Tân Bình,1020,Nhà ở,,,,https://alonhadat.com.vn/can-tien-ban-toa-nha-2mt-khu-k300-nguyen-minh-hoang-ham-6tang-hdt160trieu-6-5x20m-gia-38ty-17808175.html,https://alonhadat.com.vn/can-tien-ban-toa-nha-2mt-khu-k300-nguyen-minh-hoang-ham-6tang-hdt160trieu-6-5x20m-gia-38ty-17808175.html,2026-06-07,2026-06-07 20:16:10.418495,,38000,296875000,0,0
alonhadat,sale_student_csv,alonhadat_duc_17570955,17570955,"Siêu phẩm tiện xây mới, hẻm ô tô Phạm Văn Bạch, Gần metro,5x26m, 10.x tỷ",10599000000,"10,599 tỷ",130,2,"Đường Tân Sơn, Phường Tân Sơn, Hồ Chí Minh",Phường Tân Sơn,,Quận Tân Bình,1040,Đất,,,,https://alonhadat.com.vn/sieu-pham-tien-xay-moi-hem-o-to-pham-van-bach-5x22m-11-ty-hon-17570955.html,https://alonhadat.com.vn/sieu-pham-tien-xay-moi-hem-o-to-pham-van-bach-5x22m-11-ty-hon-17570955.html,2026-06-07,2026-06-07 20:16:10.418495,,10599,81530769.23076923,0,0
alonhadat,sale_student_csv,alonhadat_duc_16246231,16246231,"KHU VIP K3OO, ĐƯỜNG CỘNG HÒA ĐƯỜNG 10M THÔNG - NGANG 5.2M - 82M2, CHỈ 18.X TỶ",18999000000,"18,999 tỷ",82,12,"Đường Cộng Hòa, Phường Tân Sơn Nhất, Hồ Chí Minh",Phường 4,,Quận Tân Bình,1040,Đất,,,,https://alonhadat.com.vn/khu-vip-k3oo-duong-cong-hoa-duong-10m-thong-ngang-5-2m-82m2-chi-18-x-ty-16246231.html,https://alonhadat.com.vn/khu-vip-k3oo-duong-cong-hoa-duong-10m-thong-ngang-5-2m-82m2-chi-18-x-ty-16246231.html,2026-06-07,2026-06-07 20:16:10.418495,,18999,231695121.9512195,0,0
alonhadat,sale_student_csv,alonhadat_duc_17009789,17009789,"MẶT TIỀN CỐNG LỠ - 5 TẦNG BTCT - 107M2 - 6PN - 4,5X25 - GIÁ NHỈNH 14 TỶ",14100000000,"14,1 tỷ",107,6,"Đường Cống Lở, Phường Tân Sơn, Hồ Chí Minh",Phường 15,,Quận Tân Bình,1040,Đất,,,,https://alonhadat.com.vn/mat-tien-cong-lo-5-tang-btct-107m2-6pn-4-5x25-gia-nhinh-14-ty-17009789.html,https://alonhadat.com.vn/mat-tien-cong-lo-5-tang-btct-107m2-6pn-4-5x25-gia-nhinh-14-ty-17009789.html,2026-06-07,2026-06-07 20:16:10.418495,,14100,131775700.93457943,0,0
alonhadat,sale_student_csv,alonhadat_duc_18756904,18756904,"BÁN MT HOÀNG VĂN THỤ- TÂN SƠN NHẤT- 4,2X30M- 38 TỶ",38000000000,38 tỷ,125,5,"Đường Hoàng Văn Thụ, Phường Tân Sơn Nhất, Hồ Chí Minh",Phường 4,,Quận Tân Bình,1040,Đất,,,,https://alonhadat.com.vn/ban-mt-hoang-van-thu-tan-son-nhat-4-2x30m-38-ty-18756904.html,https://alonhadat.com.vn/ban-mt-hoang-van-thu-tan-son-nhat-4-2x30m-38-ty-18756904.html,2026-06-07,2026-06-07 20:16:10.418495,,38000,304000000,0,0
alonhadat,sale_student_csv,alonhadat_duc_18750171,18750171,Siêu phẩm Huỳnh Văn Nghệ 44m2 full nội thất,5880000000,"5,88 tỷ",44,4,"Đường Huỳnh Văn Nghệ, Phường Tân Sơn, Hồ Chí Minh",Phường Tân Sơn,,Quận Tân Bình,1040,Đất,,,,https://alonhadat.com.vn/sieu-pham-huynh-van-nghe-44m2-full-noi-that-18750171.html,https://alonhadat.com.vn/sieu-pham-huynh-van-nghe-44m2-full-noi-that-18750171.html,2026-06-07,2026-06-07 20:16:10.418495,,5880,133636363.63636364,0,0
alonhadat,sale_student_csv,alonhadat_duc_17014276,17014276,"Bán toà CHDV Ngay Sân Bay MT Nguyễn Trọng Lội, TB(7x30m- Hầm, 5 Tầng) HĐT 120tr/th- 45 tỷ",45000000000,45 tỷ,192,15,"Đường Nguyễn Trọng Lội, Phường Tân Sơn Nhất, Hồ Chí Minh",Phường 4,,Quận Tân Bình,1040,Đất,,,,https://alonhadat.com.vn/ban-toa-chdv-ngay-san-bay-mt-nguyen-trong-loi-tb-7x30m-ham-5-tang-hdt-120tr-th-45-ty-17014276.html,https://alonhadat.com.vn/ban-toa-chdv-ngay-san-bay-mt-nguyen-trong-loi-tb-7x30m-ham-5-tang-hdt-120tr-th-45-ty-17014276.html,2026-06-07,2026-06-07 20:16:10.418495,,45000,234375000,0,0
alonhadat,sale_student_csv,alonhadat_duc_18756332,18756332,"BÁN GẤP NHÀ 2 MẶT TIỀN LĂNG CHA CẢ - 6 TẦNG THANG MÁY, 21.6 TỶ",21600000000,"21,6 tỷ",94,5,"Đường Út Tịch, Phường Tân Sơn Nhất, Hồ Chí Minh",Phường 5,,Quận Tân Bình,1040,Đất,,,,https://alonhadat.com.vn/ban-gap-nha-2-mat-tien-lang-cha-ca-6-tang-thang-may-21-6-ty-18756332.html,https://alonhadat.com.vn/ban-gap-nha-2-mat-tien-lang-cha-ca-6-tang-thang-may-21-6-ty-18756332.html,2026-06-07,2026-06-07 20:16:10.418495,,21600,229787234.0425532,0,0
alonhadat,sale_student_csv,alonhadat_duc_18757867,18757867,"BÁN NHÀ MT HỒNG LẠC, TÂN BÌNH DT 20x59m²-CN 1.055m², 2 MT-TN 200TR/TH- GIÁ 180 TỶ",180000000000,180 tỷ,1100,10,"Đường Hồng Hạc, Phường Bảy Hiền, Hồ Chí Minh",Phường 10,,Quận Tân Bình,1040,Đất,,,,https://alonhadat.com.vn/ban-nha-mt-hong-lac-tan-binh-dt-20x59m-cn-1-055m-2-mt-tn-200tr-th-gia-180-ty-18757867.html,https://alonhadat.com.vn/ban-nha-mt-hong-lac-tan-binh-dt-20x59m-cn-1-055m-2-mt-tn-200tr-th-gia-180-ty-18757867.html,2026-06-07,2026-06-07 20:16:10.418495,,180000,163636363.63636363,0,0
alonhadat,sale_student_csv,alonhadat_duc_18449158,18449158,(Khu K300) Bán nhà MTKD đường A4 - Ng Minh Hoàng 6X19(105m2) 4 tầng. Giá Tốt nhất k300,23000000000,23 tỷ,105,5,"Đường A4, Phường Bảy Hiền, Hồ Chí Minh",Phường 12,,Quận Tân Bình,1040,Đất,,,,https://alonhadat.com.vn/-khu-k300-ban-nha-mtkd-duong-a4-ng-minh-hoang-5-6x19-105m2-4-tang-gia-tot-nhat-k300-18449158.html,https://alonhadat.com.vn/-khu-k300-ban-nha-mtkd-duong-a4-ng-minh-hoang-5-6x19-105m2-4-tang-gia-tot-nhat-k300-18449158.html,2026-06-07,2026-06-07 20:16:10.418495,,23000,219047619.04761904,0,0
alonhadat,sale_student_csv,alonhadat_duc_18754184,18754184,SIÊU PHẨM MẶT TIỀN CỘNG HÒA - TÂN BÌNH CHỈ 112 TỶ 💎CÓ HĐ THÊU GẦN 400 TRIỆU/THÁNG,112000000000,112 tỷ,386,50,"Đường Cộng Hòa, Phường Tân Sơn Nhất, Hồ Chí Minh",Phường 4,,Quận Tân Bình,1040,Đất,,,,https://alonhadat.com.vn/sieu-pham-mat-tien-cong-hoa-tan-binh-chi-112-ty-co-hd-theu-gan-400-trieu-thang-18754184.html,https://alonhadat.com.vn/sieu-pham-mat-tien-cong-hoa-tan-binh-chi-112-ty-co-hd-theu-gan-400-trieu-thang-18754184.html,2026-06-07,2026-06-07 20:16:10.418495,,112000,290155440.41450775,0,0
alonhadat,sale_student_csv,alonhadat_duc_18731842,18731842,"Siêu Phẩm Quỹ Đất Vàng Mặt Tiền Thái Thị Nhạn, DT: 22x55m Ctxd Hầm 8 Tầng",129000000000,129 tỷ,1200,6,"Đường Thái Thị Nhạn, Phường Bảy Hiền, Hồ Chí Minh",Phường 10,,Quận Tân Bình,1040,Đất,,,,https://alonhadat.com.vn/sieu-pham-quy-dat-vang-mat-tien-thai-thi-nhan-dt-22x55m-ctxd-ham-8-tang-18731842.html,https://alonhadat.com.vn/sieu-pham-quy-dat-vang-mat-tien-thai-thi-nhan-dt-22x55m-ctxd-ham-8-tang-18731842.html,2026-06-07,2026-06-07 20:16:10.418495,,129000,107500000,0,0
alonhadat,sale_student_csv,alonhadat_duc_14333280,14333280,"Building MT Bàu Cát Đôi P14 Tân Bình - DT: 8mx16m = 136m2 - Hầm 7 lầu, HDT 250tr - 50 tỷ",50000000000,50 tỷ,132,20,"Đường Bàu Cát Đôi, Phường Tân Bình, Hồ Chí Minh",Phường 14,,Quận Tân Bình,1040,Đất,,,,https://alonhadat.com.vn/building-mt-bau-cat-doi-p14-tan-binh-dt-8mx16m-136m2-ham-7-lau-hdt-250tr-50-ty-14333280.html,https://alonhadat.com.vn/building-mt-bau-cat-doi-p14-tan-binh-dt-8mx16m-136m2-ham-7-lau-hdt-250tr-50-ty-14333280.html,2026-06-07,2026-06-07 20:16:10.418495,,50000,378787878.7878788,0,0
alonhadat,sale_student_csv,alonhadat_duc_14333489,14333489,Bán nhà MT thương mại Âu Cơ P.13 Tân Bình - DT: 10x32m. CN: 288m2 - 2 tầng - giá 51 tỷ TL,51000000000,51 tỷ,288,2,"Đường Âu Cơ, Phường Tân Bình, Hồ Chí Minh",Phường 13,,Quận Tân Bình,1040,Đất,,,,https://alonhadat.com.vn/ban-nha-mt-thuong-mai-au-co-p-13-tan-binh-dt-10x32m-cn-288m2-2-tang-gia-51-ty-tl-14333489.html,https://alonhadat.com.vn/ban-nha-mt-thuong-mai-au-co-p-13-tan-binh-dt-10x32m-cn-288m2-2-tang-gia-51-ty-tl-14333489.html,2026-06-07,2026-06-07 20:16:10.418495,,51000,177083333.33333334,0,0
alonhadat,sale_student_csv,alonhadat_duc_18437114,18437114,"Giảm Sâu 1 Tỷ, Bán Rẻ Mặt Tiền Kd Đỉnh Âu cơ Tân Bình,64m2,3 tầng mới đẹp Nhỉnh 9 tỷ",9500000000,"9,5 tỷ",64,4,"Đường Âu Cơ, Phường Tân Hòa, Hồ Chí Minh",Phường 9,,Quận Tân Bình,1040,Đất,,,,https://alonhadat.com.vn/giam-sau-nua-ty-ban-re-mat-tien-kd-dinh-au-co-tan-binh-64m2-3-tang-moi-dep-nhinh-9-ty-18437114.html,https://alonhadat.com.vn/giam-sau-nua-ty-ban-re-mat-tien-kd-dinh-au-co-tan-binh-64m2-3-tang-moi-dep-nhinh-9-ty-18437114.html,2026-06-07,2026-06-07 20:16:10.418495,,9500,148437500,0,0
alonhadat,sale_student_csv,alonhadat_duc_18758978,18758978,ĐƯỜNG ô tô 8m Tân Kỳ Tân Quý THÔNG 4m x 18m gần Đại Học Công Thương 2 phút giáp Tân Bình,7350000000,"7,35 tỷ",72,4,"Đường Tân Kỳ Tân Quý, Phường Tân Sơn Nhì, Hồ Chí Minh",Phường Tân Sơn Nhì,,Quận Tân Bình,1040,Đất,,,,https://alonhadat.com.vn/duong-o-to-8m-tan-ky-tan-quy-thong-4m-x-18m-gan-dai-hoc-cong-thuong-2-phut-giap-tan-binh-18758978.html,https://alonhadat.com.vn/duong-o-to-8m-tan-ky-tan-quy-thong-4m-x-18m-gan-dai-hoc-cong-thuong-2-phut-giap-tan-binh-18758978.html,2026-06-07,2026-06-07 20:16:10.418495,,7350,102083333.33333333,0,0
alonhadat,sale_student_csv,alonhadat_duc_18669510,18669510,"MTKD Tân Bình P15 , 5x16m , 6 tầng khu vip , chỉ 17.x tỷ",17390000000,"17,39 tỷ",77,7,"Đường Hoàng Bật Đạt, Phường Tân Sơn, Hồ Chí Minh",Phường 15,,Quận Tân Bình,1040,Đất,,,,https://alonhadat.com.vn/mtkd-tan-binh-p15-5x16m-6-tang-khu-vip-chi-17-x-ty-18669510.html,https://alonhadat.com.vn/mtkd-tan-binh-p15-5x16m-6-tang-khu-vip-chi-17-x-ty-18669510.html,2026-06-07,2026-06-07 20:16:10.418495,,17390,225844155.84415585,0,0
alonhadat,sale_student_csv,alonhadat_duc_18304510,18304510,Hẻm 8m Phan Huy Ích Tân Bình - 5x21m - 3 tầng - 12.8 tỷ TL,12790000000,"12,79 tỷ",105,4,"Đường Phan Huy Ích, Phường Tân Sơn, Hồ Chí Minh",Phường Tân Sơn,,Quận Tân Bình,1040,Đất,,,,https://alonhadat.com.vn/hem-8m-phan-huy-ich-p15-tan-binh-5x21m-3-tang-12-8-ty-tl-18304510.html,https://alonhadat.com.vn/hem-8m-phan-huy-ich-p15-tan-binh-5x21m-3-tang-12-8-ty-tl-18304510.html,2026-06-07,2026-06-07 20:16:10.418495,,12790,121809523.8095238,0,0
alonhadat,sale_student_csv,alonhadat_duc_16241985,16241985,"mặt tiền CMT8 (Tân Bình), 4.5x17m, 5 tầng, giá 23.5 tỷ.",23500000000,"23,5 tỷ",79,5,"Đường Cách Mạng Tháng Tám, Phường Tân Sơn Nhất, Hồ Chí Minh",Phường 5,,Quận Tân Bình,1040,Đất,,,,https://alonhadat.com.vn/mat-tien-cmt8-tan-binh-4-5x17m-5-tang-gia-26-ty--16241985.html,https://alonhadat.com.vn/mat-tien-cmt8-tan-binh-4-5x17m-5-tang-gia-26-ty--16241985.html,2026-06-07,2026-06-07 20:16:10.418495,,23500,297468354.43037975,0,0
alonhadat,sale_student_csv,alonhadat_duc_17691468,17691468,"Góc 2 mặt tiền Trường Chinh - Bình Giã, 9x13m, HĐ 125 triệu, giá 45 tỷ",45000000000,45 tỷ,71,2,"Đường Trường Chinh, Phường Tân Bình, Hồ Chí Minh",Phường 13,,Quận Tân Bình,1040,Đất,,,,https://alonhadat.com.vn/goc-2-mat-tien-truong-chinh-binh-gia-9x13m-hd-125-trieu-gia-45-ty-17691468.html,https://alonhadat.com.vn/goc-2-mat-tien-truong-chinh-binh-gia-9x13m-hd-125-trieu-gia-45-ty-17691468.html,2026-06-07,2026-06-07 20:16:10.418495,,45000,633802816.9014084,0,0
alonhadat,sale_student_csv,alonhadat_duc_17761332,17761332,"Góc 2 mặt tiền Phổ Quang (Tân Bình), 5x21m, 5 tầng, HĐ 45 triệu, giá 34 tỷ",34000000000,34 tỷ,94,5,"Đường Phổ Quang, Phường Tân Sơn Hòa, Hồ Chí Minh",Phường 2,,Quận Tân Bình,1040,Đất,,,,https://alonhadat.com.vn/goc-2-mat-tien-pho-quang-tan-binh-5x21m-5-tang-hd-45-trieu-gia-34-ty-17761332.html,https://alonhadat.com.vn/goc-2-mat-tien-pho-quang-tan-binh-5x21m-5-tang-hd-45-trieu-gia-34-ty-17761332.html,2026-06-07,2026-06-07 20:16:10.418495,,34000,361702127.65957445,0,0
alonhadat,sale_student_csv,alonhadat_duc_16608494,16608494,CHDV 4 Sao -Mặt tiền Lê Tấn Quốc - 6 Tầng 130m2 - Thu nhập 90/th - giá nhỉnh 27.x tỷ,27500000000,"27,5 tỷ",130,13,"Đường Lê Tấn Quốc, Phường Tân Bình, Hồ Chí Minh",Phường 13,,Quận Tân Bình,1040,Đất,,,,https://alonhadat.com.vn/chdv-4-sao-mat-tien-le-tan-quoc-6-tang-130m2-thu-nhap-90-th-gia-nhinh-27-x-ty-16608494.html,https://alonhadat.com.vn/chdv-4-sao-mat-tien-le-tan-quoc-6-tang-130m2-thu-nhap-90-th-gia-nhinh-27-x-ty-16608494.html,2026-06-07,2026-06-07 20:16:10.418495,,27500,211538461.53846154,0,0
alonhadat,sale_student_csv,alonhadat_duc_18434924,18434924,MẶT TIỀN NGAY CỔNG KCN TÂN BÌNH - GA METRO - 80M2 - 4.6X17 - 2 TẦNG - GIÁ 9.X TỶ,9500000000,"9,5 tỷ",80,2,"Đường Tống Văn Hên, Phường Tân Sơn, Hồ Chí Minh",Phường Tân Sơn,,Quận Tân Bình,1040,Đất,,,,https://alonhadat.com.vn/mat-tien-ngay-cong-kcn-tan-binh-ga-metro-80m2-4-3x17-2-tang-gia-nhinh-10-ty-18434924.html,https://alonhadat.com.vn/mat-tien-ngay-cong-kcn-tan-binh-ga-metro-80m2-4-3x17-2-tang-gia-nhinh-10-ty-18434924.html,2026-06-07,2026-06-07 20:16:10.418495,,9500,118750000,0,0
alonhadat,sale_student_csv,alonhadat_duc_18757924,18757924,"Bán khách sạn Mặt Tiền Nguyễn Thái Bình, Q. Tân Bình - Ngang 7 x 27m, Hầm 6 lầu, chỉ 5x tỷ",59999000000,"59,999 tỷ",180,30,"Đường Nguyễn Thái Bình, Phường Tân Hòa, Hồ Chí Minh",Phường Tân Hòa,,Quận Tân Bình,1040,Đất,,,,https://alonhadat.com.vn/ban-khach-san-mat-tien-nguyen-thai-binh-q-tan-binh-ngang-7-x-27m-ham-6-lau-chi-5x-ty-18757924.html,https://alonhadat.com.vn/ban-khach-san-mat-tien-nguyen-thai-binh-q-tan-binh-ngang-7-x-27m-ham-6-lau-chi-5x-ty-18757924.html,2026-06-07,2026-06-07 20:16:10.418495,,59999,333327777.7777778,0,0
alonhadat,sale_student_csv,alonhadat_duc_17724055,17724055,"Hạ 90 Tỷ Bán Gấp Nhà mặt tiền đường CỘNG HOÀ, Tân Bình, 27x45m, HĐT 300 triệu, Chỉ 230 Tỷ",230000000000,200 triệu / m²,1150,2,"Đường Cộng Hòa, Phường Tân Bình, Hồ Chí Minh",Phường 13,,Quận Tân Bình,1040,Đất,,,,https://alonhadat.com.vn/ha-75-ty-ban-showroom-mat-tien-truc-thuong-mai-cong-hoa-tan-binh-27x43m-hdt-300-trieu-17724055.html,https://alonhadat.com.vn/ha-75-ty-ban-showroom-mat-tien-truc-thuong-mai-cong-hoa-tan-binh-27x43m-hdt-300-trieu-17724055.html,2026-06-07,2026-06-07 20:16:10.418495,,230000,200000000,0,0
alonhadat,sale_student_csv,alonhadat_duc_18755836,18755836,"Mặt Tiền View công viên Gia Định, Tận Bình, Ngang 6 x 8m, chỉ hơn 10 tỷ xíu",11600000000,"11,6 tỷ",50,1,"Đường Đặng Văn Sâm, Phường Tân Sơn Nhất, Hồ Chí Minh",Phường Tân Sơn Nhất,,Quận Tân Bình,1040,Đất,,,,https://alonhadat.com.vn/mat-tien-view-cong-vien-gia-dinh-tan-binh-ngang-6-x-8m-chi-hon-10-ty-xiu-18755836.html,https://alonhadat.com.vn/mat-tien-view-cong-vien-gia-dinh-tan-binh-ngang-6-x-8m-chi-hon-10-ty-xiu-18755836.html,2026-06-07,2026-06-07 20:16:10.418495,,11600,232000000,0,0
alonhadat,sale_student_csv,alonhadat_duc_13392874,13392874,"Bán khách sạn 23 Phòng Nguyễn Thái Bình, P12, Q. Tân Bình - doanh thu 150tr/th",17500000000,"17,5 tỷ",80,23,"Đường Nguyễn Thái Bình, Phường Bảy Hiền, Hồ Chí Minh",Phường 12,,Quận Tân Bình,1040,Đất,,,,https://alonhadat.com.vn/ban-khach-san-23-phong-nguyen-thai-binh-p12-q-tan-binh-doanh-thu-150tr-th-13392874.html,https://alonhadat.com.vn/ban-khach-san-23-phong-nguyen-thai-binh-p12-q-tan-binh-doanh-thu-150tr-th-13392874.html,2026-06-07,2026-06-07 20:16:10.418495,,17500,218750000,0,0
alonhadat,sale_student_csv,alonhadat_duc_18478152,18478152,"Mặt Tiền Nguyễn Hồng Đào, Khu Bàu Cát, Tân Bình - 4 x 16m, 3 lầu - chỉ 18 tỷ",18000000000,18 tỷ,72,5,"Đường Nguyễn Hồng Đào, Phường Tân Bình, Hồ Chí Minh",Phường Tân Bình,,Quận Tân Bình,1040,Đất,,,,https://alonhadat.com.vn/mat-tien-nguyen-hong-dao-khu-bau-cat-tan-binh-4-x-16m-3-lau-chua-toi-20-ty-18478152.html,https://alonhadat.com.vn/mat-tien-nguyen-hong-dao-khu-bau-cat-tan-binh-4-x-16m-3-lau-chua-toi-20-ty-18478152.html,2026-06-07,2026-06-07 20:16:10.418495,,18000,250000000,0,0
alonhadat,sale_student_csv,alonhadat_duc_18756770,18756770,"MT 128-130 Cộng Hoà P4 Tân Bình - 9,3x19m - HĐT 90 triệu- 70 Tỷ TL",70000000000,70 tỷ,177,1,"Đường Cộng Hòa, Phường Tân Bình, Hồ Chí Minh",Phường Tân Bình,,Quận Tân Bình,1040,Đất,,,,https://alonhadat.com.vn/mt-128-130-cong-hoa-p4-tan-binh-9-3x19m-hdt-90-trieu-70-ty-tl-18756770.html,https://alonhadat.com.vn/mt-128-130-cong-hoa-p4-tan-binh-9-3x19m-hdt-90-trieu-70-ty-tl-18756770.html,2026-06-07,2026-06-07 20:16:10.418495,,70000,395480225.98870057,0,0
alonhadat,sale_student_csv,alonhadat_duc_18756630,18756630,"𝐂𝐚𝐨 𝐨̂́𝐜 𝐯𝐚̆𝐧 𝐩𝐡𝐨̀𝐧𝐠 𝟏𝟎 𝐓𝐚̂̀𝐧𝐠 - Bạch Đằng- p2, Tân Bình- 160 Tỷ TL",160000000000,160 tỷ,328,10,"Đường Bạch Đằng, Phường Tân Sơn Hòa, Hồ Chí Minh",Phường 2,,Quận Tân Bình,1040,Đất,,,,https://alonhadat.com.vn/-bach-dang-p2-tan-binh-160-ty-tl-18756630.html,https://alonhadat.com.vn/-bach-dang-p2-tan-binh-160-ty-tl-18756630.html,2026-06-07,2026-06-07 20:16:10.418495,,160000,487804878.0487805,0,0
alonhadat,sale_student_csv,alonhadat_duc_17815763,17815763,Bán Gấp Toà Building Ngay Sân Bay Tân Sơn Nhất- Hầm 8 Tầng(12x30m)HĐT 350 triệu-Gía 95 tỷ,95000000000,95 tỷ,360,45,"Đường Yên Thế, Phường Tân Sơn Hòa, Hồ Chí Minh",Phường 2,,Quận Tân Bình,1040,Đất,,,,https://alonhadat.com.vn/ban-gap-toa-building-ngay-san-bay-tan-son-nhat-ham-8-tang-12x30m-hdt-350-trieu-gia-95-ty-17815763.html,https://alonhadat.com.vn/ban-gap-toa-building-ngay-san-bay-tan-son-nhat-ham-8-tang-12x30m-hdt-350-trieu-gia-95-ty-17815763.html,2026-06-07,2026-06-07 20:16:10.418495,,95000,263888888.8888889,0,0
alonhadat,sale_student_csv,alonhadat_duc_18757218,18757218,"Bán nhà mặt tiền đường Ca Văn Thỉnh P11 Tân Bình, giá chỉ 13 tỷ",13000000000,13 tỷ,74,2,"Đường Ca Văn Thỉnh, Phường Bảy Hiền, Hồ Chí Minh",Phường 11,,Quận Tân Bình,1040,Đất nền,,,,https://alonhadat.com.vn/ban-nha-mat-tien-duong-ca-van-thinh-p11-tan-binh-gia-chi-13-ty-18757218.html,https://alonhadat.com.vn/ban-nha-mat-tien-duong-ca-van-thinh-p11-tan-binh-gia-chi-13-ty-18757218.html,2026-06-07,2026-06-07 20:16:10.418495,,13000,175675675.6756757,0,0
alonhadat,sale_student_csv,alonhadat_duc_18756215,18756215,"BÁN ĐẤT VÀNG GÓC 2 MẶT TIỀN PHAN HUY ÍCH, TÂN BÌNH - 1.436M² THỔ CƯ, GẦN 189 TỶ",189000000000,189 tỷ,1436,1,"Đường Phan Huy Ích, Phường Tân Sơn, Hồ Chí Minh",Phường 15,,Quận Tân Bình,1040,Đất nền,,,,https://alonhadat.com.vn/ban-dat-vang-goc-2-mat-tien-phan-huy-ich-tan-binh-1-436m-tho-cu-gan-189-ty-18756215.html,https://alonhadat.com.vn/ban-dat-vang-goc-2-mat-tien-phan-huy-ich-tan-binh-1-436m-tho-cu-gan-189-ty-18756215.html,2026-06-07,2026-06-07 20:16:10.418495,,189000,131615598.88579386,0,0
alonhadat,sale_student_csv,alonhadat_duc_18169042,18169042,"Hẻm nhựa 10m Gò Dầu ngay ngã 4 Tân Sơn Nhì 6x18m, vuông đẹp, nhà 4 tầng khu biệt thự",16500000000,"16,5 tỷ",108,6,"Đường Gò Dầu, Phường Phú Thọ Hòa, Hồ Chí Minh",Phường Tân Quý,,Quận Tân Phú,1020,Biệt thự,,,,https://alonhadat.com.vn/hem-nhua-10m-go-dau-ngay-nga-4-tan-son-nhi-6x18m-vuong-dep-nha-4-tang-khu-biet-thu-18169042.html,https://alonhadat.com.vn/hem-nhua-10m-go-dau-ngay-nga-4-tan-son-nhi-6x18m-vuong-dep-nha-4-tang-khu-biet-thu-18169042.html,2026-06-07,2026-06-07 20:16:10.418495,,16500,152777777.7777778,0,0
alonhadat,sale_student_csv,alonhadat_duc_18753891,18753891,"Giãm 6 Tỷ, Bán Gấp 16x20m Mặt Tiền Kinh Doanh Đường Lê Lâm - Đoạn Đẹp Nhất Tân Phú",36000000000,36 tỷ,320,3,"Đường Lê Lâm, Phường Phú Thạnh, Hồ Chí Minh",Phường Phú Thạnh,,Quận Tân Phú,1010,Căn hộ chung cư,,,,https://alonhadat.com.vn/giam-6-ty-ban-gap-16x20m-mat-tien-kinh-doanh-duong-le-lam-doan-dep-nhat-tan-phu-18753891.html,https://alonhadat.com.vn/giam-6-ty-ban-gap-16x20m-mat-tien-kinh-doanh-duong-le-lam-doan-dep-nhat-tan-phu-18753891.html,2026-06-07,2026-06-07 20:16:10.418495,,36000,112500000,0,0
alonhadat,sale_student_csv,alonhadat_duc_18745527,18745527,MẶT TIỀN 12M - GẦN CHUNG CƯ KHUÔNG VIỆT - ĐẦM SEN - 80M2 - NHÀ CẤP 4 - 4x20 - NHỈNH 9 TỶ,9600000000,"9,6 tỷ",80,2,"Đường Khuông Việt, Phường Tân Phú, Hồ Chí Minh",Phường Tân Phú,,Quận Tân Phú,1010,Căn hộ chung cư,,,,https://alonhadat.com.vn/mat-tien-12m-ngay-chung-cu-khuong-viet-dam-sen-80m2-nha-cap-4-4x20-nhinh-9-ty-18745527.html,https://alonhadat.com.vn/mat-tien-12m-ngay-chung-cu-khuong-viet-dam-sen-80m2-nha-cap-4-4x20-nhinh-9-ty-18745527.html,2026-06-07,2026-06-07 20:16:10.418495,,9600,120000000,0,0
alonhadat,sale_student_csv,alonhadat_duc_14335013,14335013,MTKD TÂN PHÚ 136M2 NGANG 15M CHO THUÊ 40TR NHỈNH 8 TỶ,8300000000.000001,"8,3 tỷ",136,8,"Đường Âu Cơ, Phường Tân Phú, Hồ Chí Minh",Phường Phú Trung,,Quận Tân Phú,1010,Căn hộ chung cư,,,,https://alonhadat.com.vn/mtkd-tan-phu-ngang-15m-cho-thue-40tr-nhinh-8-ty-14335013.html,https://alonhadat.com.vn/mtkd-tan-phu-ngang-15m-cho-thue-40tr-nhinh-8-ty-14335013.html,2026-06-07,2026-06-07 20:16:10.418495,,8300.000000000002,61029411.76470589,0,0
alonhadat,sale_student_csv,alonhadat_duc_18756253,18756253,"Bán nhà Hẻm Cách Mạng, Tân Phú, DT 4.3x23m, 2 tầng, 8Phòng trọ, 6.6 tỷ",6600000000,"6,6 tỷ",98,8,"Đường Cách Mạng, Phường Tân Sơn Nhì, Hồ Chí Minh",Phường Tân Thành,,Quận Tân Phú,1050,Nhà trọ,,,,https://alonhadat.com.vn/ban-nha-hem-cach-mang-tan-phu-dt-4-3x23m-2-tang-8phong-tro-6-6-ty-18756253.html,https://alonhadat.com.vn/ban-nha-hem-cach-mang-tan-phu-dt-4-3x23m-2-tang-8phong-tro-6-6-ty-18756253.html,2026-06-07,2026-06-07 20:16:10.418495,,6600,67346938.7755102,0,0
alonhadat,sale_student_csv,alonhadat_duc_18756412,18756412,❌Bán nhà ngay Aeon Tân Phú hẻm 2 xe hơi tránh nhau cực đẹp,4050000000,"4,05 tỷ",32,3,"Đường Số 5, Phường Bình Hưng Hòa, Hồ Chí Minh",Phường Bình Hưng Hòa,,Quận Tân Phú,1020,Nhà ở,,,,https://alonhadat.com.vn/-ban-nha-ngay-aeon-tan-phu-hem-2-xe-hoi-tranh-nhau-cuc-dep-18756412.html,https://alonhadat.com.vn/-ban-nha-ngay-aeon-tan-phu-hem-2-xe-hoi-tranh-nhau-cuc-dep-18756412.html,2026-06-07,2026-06-07 20:16:10.418495,,4050,126562500,0,0
alonhadat,sale_student_csv,alonhadat_duc_18169084,18169084,"Mặt tiền Tân Sơn Nhì 5x18m, trệt lửng đang có sẵn HĐ thuê. Vị trí đẹp, sầm uất, cạnh bank",18500000000,"18,5 tỷ",90,2,"Đường Tân Sơn Nhì, Phường Tân Sơn Nhì, Hồ Chí Minh",Phường Tân Sơn Nhì,,Quận Tân Phú,1020,Nhà ở,,,,https://alonhadat.com.vn/mat-tien-tan-son-nhi-5x18m-tret-lung-dang-co-san-hd-thue-vi-tri-dep-sam-uat-canh-bank-18169084.html,https://alonhadat.com.vn/mat-tien-tan-son-nhi-5x18m-tret-lung-dang-co-san-hd-thue-vi-tri-dep-sam-uat-canh-bank-18169084.html,2026-06-07,2026-06-07 20:16:10.418495,,18500,205555555.55555555,0,0
alonhadat,sale_student_csv,alonhadat_duc_18755821,18755821,THOẠI NGỌC HẦU 4M X 20M VUÔNG VỨC - ĐƯỜNG NHỰA 9M Ô TÔ NGỦ TRONG NHÀ KHU XD 5 TẦNG 8.X TỶ,8000000000,8 tỷ,80,3,"Đường Thoại Ngọc Hầu, Phường Tân Phú, Hồ Chí Minh",Phường Phú Trung,,Quận Tân Phú,1020,Nhà ở,,,,https://alonhadat.com.vn/thoai-ngoc-hau-4m-x-20m-vuong-vuc-duong-nhua-9m-o-to-ngu-trong-nha-khu-xd-5-tang-8-x-ty-18755821.html,https://alonhadat.com.vn/thoai-ngoc-hau-4m-x-20m-vuong-vuc-duong-nhua-9m-o-to-ngu-trong-nha-khu-xd-5-tang-8-x-ty-18755821.html,2026-06-07,2026-06-07 20:16:10.418495,,8000,100000000,0,0
alonhadat,sale_student_csv,alonhadat_duc_18734768,18734768,MT 3 TẦNG NGAY LŨY BÁN BÍCH 63M2 NGANG 4M2 SỔ HỒNG Â4,9298000000,"9,298 tỷ",63,3,"Đường Yên Đổ, Phường Phú Thọ Hòa, Hồ Chí Minh",Phường Phú Thọ Hòa,,Quận Tân Phú,1020,Nhà ở,,,,https://alonhadat.com.vn/mt-3-tang-ngay-luy-ban-bich-63m2-ngang-4m2-so-hong-a4-18734768.html,https://alonhadat.com.vn/mt-3-tang-ngay-luy-ban-bich-63m2-ngang-4m2-so-hong-a4-18734768.html,2026-06-07,2026-06-07 20:16:10.418495,,9298,147587301.58730158,0,0
alonhadat,sale_student_csv,alonhadat_duc_18757726,18757726,"BÁN NHÀ MT TÂN HƯƠNG, TÂN PHÚ -1 H. 8 TẦNG-DT 8X24m² -1.200m² SÀN, TN 200 TR/TH-GÍA 50 TỶ",50000000000,50 tỷ,180,30,"Đường Tân Hương, Phường Phú Thọ Hòa, Hồ Chí Minh",Phường Tân Quý,,Quận Tân Phú,1020,Nhà ở,,,,https://alonhadat.com.vn/ban-nha-mt-tan-huong-tan-phu-1-h-8-tang-dt-8x24m-1-200m-san-tn-200-tr-th-gia-50-ty-18757726.html,https://alonhadat.com.vn/ban-nha-mt-tan-huong-tan-phu-1-h-8-tang-dt-8x24m-1-200m-san-tn-200-tr-th-gia-50-ty-18757726.html,2026-06-07,2026-06-07 20:16:10.418495,,50000,277777777.7777778,0,0
alonhadat,sale_student_csv,alonhadat_duc_18747988,18747988,"Bán khách sạn mặt tiền đường Bờ Bao Tân Thắng gần AeOnMall, 7 tầng thang máy nhỉnh 20 tỷ",23900000000,"23,9 tỷ",90,20,"Đường Bờ Bao Tân Thắng, Phường Tây Thạnh, Hồ Chí Minh",Phường Tây Thạnh,,Quận Tân Phú,1020,Nhà ở,,,,https://alonhadat.com.vn/ban-khach-san-mat-tien-duong-bo-bao-tan-thang-gan-aeonmall-7-tang-thang-may-nhinh-20-ty-18747988.html,https://alonhadat.com.vn/ban-khach-san-mat-tien-duong-bo-bao-tan-thang-gan-aeonmall-7-tang-thang-may-nhinh-20-ty-18747988.html,2026-06-07,2026-06-07 20:16:10.418495,,23900,265555555.55555555,0,0
alonhadat,sale_student_csv,alonhadat_duc_18374072,18374072,"Cần bán gấp MT Võ Văn Tần , ngang 13m cực hiếm, đơn giá rẻ nhất thị trường",275000000000,275 tỷ,464,1,"Đường Võ Văn Tần, Phường Xuân Hòa, Hồ Chí Minh",Phường Xuân Hòa,,Quận Tân Phú,1020,Nhà ở,,,,https://alonhadat.com.vn/can-ban-gap-mt-vo-van-tan-ngang-13m-cuc-hiem-don-gia-re-nhat-thi-truong-18374072.html,https://alonhadat.com.vn/can-ban-gap-mt-vo-van-tan-ngang-13m-cuc-hiem-don-gia-re-nhat-thi-truong-18374072.html,2026-06-07,2026-06-07 20:16:10.418495,,275000,592672413.7931035,0,0
alonhadat,sale_student_csv,alonhadat_duc_18421396,18421396,(130.99) TÂN PHÚ – HXH Phú Thọ Hoà – 55.5m² – nở hậu - 2 Lầu – 2 PN – 7.2 tỷ – hẻm thông,7200000000,"7,2 tỷ",55,2,"Đường Gò Dầu, Phường Phú Thọ Hòa, Hồ Chí Minh",Phường Phú Thọ Hòa,,Quận Tân Phú,1020,Nhà ở,,,,https://alonhadat.com.vn/-154-99-tan-phu-hxh-phu-tho-hoa-55-5m-no-hau-2-lau-2-pn-7-5-ty-hem-thong-18421396.html,https://alonhadat.com.vn/-154-99-tan-phu-hxh-phu-tho-hoa-55-5m-no-hau-2-lau-2-pn-7-5-ty-hem-thong-18421396.html,2026-06-07,2026-06-07 20:16:10.418495,,7200,130909090.9090909,0,0
alonhadat,sale_student_csv,alonhadat_duc_18421593,18421593,(152.97) TÂN PHÚ – Thoại Ngọc Hầu – MT - vuông vức - 70m² – 2 Tầng – 2 PN –6.8 tỷ,6800000000,"6,8 tỷ",70,2,"Đường Thoại Ngọc Hầu, Phường Phú Thọ Hòa, Hồ Chí Minh",Phường Phú Thọ Hòa,,Quận Tân Phú,1020,Nhà ở,,,,https://alonhadat.com.vn/-152-97-tan-phu-thoai-ngoc-hau-mt-vuong-vuc-70m-2-tang-2-pn-7-2-ty-18421593.html,https://alonhadat.com.vn/-152-97-tan-phu-thoai-ngoc-hau-mt-vuong-vuc-70m-2-tang-2-pn-7-2-ty-18421593.html,2026-06-07,2026-06-07 20:16:10.418495,,6800,97142857.14285715,0,0
alonhadat,sale_student_csv,alonhadat_duc_17778063,17778063,MẶT TIỀN KINH DOANH – KHU VIP TÂY THẠNH,13200000000,"13,2 tỷ",100,4,"Đường Nguyễn Hữu Tiến, Phường Tây Thạnh, Hồ Chí Minh",Phường Tây Thạnh,,Quận Tân Phú,1020,Nhà ở,,,,https://alonhadat.com.vn/mat-tien-kinh-doanh-khu-vip-tay-thanh-17778063.html,https://alonhadat.com.vn/mat-tien-kinh-doanh-khu-vip-tay-thanh-17778063.html,2026-06-07,2026-06-07 20:16:10.418495,,13200,132000000,0,0
alonhadat,sale_student_csv,alonhadat_duc_17294689,17294689,"Tòa nhà mặt tiền Tân Sơn Nhì 9.2x22m, CTXD hầm 7 tầng HĐ thuê 220tr/th. Khu đắc địa, sung",35600000000,"35,6 tỷ",200,4,"Đường Tân Sơn Nhì, Phường Tân Sơn Nhì, Hồ Chí Minh",Phường Tân Sơn Nhì,,Quận Tân Phú,1020,Nhà ở,,,,https://alonhadat.com.vn/toa-nha-mat-tien-tan-son-nhi-9-2x22m-ctxd-ham-7-tang-hd-thue-220tr-th-khu-dac-dia-sung-17294689.html,https://alonhadat.com.vn/toa-nha-mat-tien-tan-son-nhi-9-2x22m-ctxd-ham-7-tang-hd-thue-220tr-th-khu-dac-dia-sung-17294689.html,2026-06-07,2026-06-07 20:16:10.418495,,35600,178000000,0,0
alonhadat,sale_student_csv,alonhadat_duc_17417916,17417916,"Gò Dầu: Hẻm nhựa 8m có lề rộng, đối diện công viên nội bộ. DT: 4.5x17m, vuông, nhà 4 tầng",10900000000,"10,9 tỷ",77,6,"Đường Gò Dầu, Phường Tân Sơn Nhì, Hồ Chí Minh",Phường Tân Sơn Nhì,,Quận Tân Phú,1020,Nhà ở,,,,https://alonhadat.com.vn/go-dau-hem-nhua-8m-co-le-rong-doi-dien-cong-vien-noi-bo-dt-4-5x17m-vuong-nha-4-tang-17417916.html,https://alonhadat.com.vn/go-dau-hem-nhua-8m-co-le-rong-doi-dien-cong-vien-noi-bo-dt-4-5x17m-vuong-nha-4-tang-17417916.html,2026-06-07,2026-06-07 20:16:10.418495,,10900,141558441.55844155,0,0
alonhadat,sale_student_csv,alonhadat_duc_18747967,18747967,HẺM 8M THÔNG -TÂN HƯƠNG - TÂN QUÝ TÂN PHÚ -DT: 4*14M – 4 TẦNG - 9 TỶ 9,9900000000,"9,9 tỷ",54,4,"Đường Tân Hương, Phường Phú Thọ Hòa, Hồ Chí Minh",Phường Phú Thọ Hòa,,Quận Tân Phú,1020,Nhà ở,,,,https://alonhadat.com.vn/hem-8m-thong-tan-huong-tan-quy-tan-phu-dt-4-14m-4-tang-9-ty-9-18747967.html,https://alonhadat.com.vn/hem-8m-thong-tan-huong-tan-quy-tan-phu-dt-4-14m-4-tang-9-ty-9-18747967.html,2026-06-07,2026-06-07 20:16:10.418495,,9900,183333333.33333334,0,0
alonhadat,sale_student_csv,alonhadat_duc_18758274,18758274,Chính Chủ Gửi Bán Nhà Đường Hương Lộ 3 - Ngay Aeon Tân Phú-4 Tầng Đường 6m Thông- 4x16- Gi,6200000000,"6,2 tỷ",65,4,"Đường Hương Lộ 3, Phường Bình Hưng Hòa, Hồ Chí Minh",Phường Bình Hưng Hòa,,Quận Tân Phú,1020,Nhà ở,,,,https://alonhadat.com.vn/chinh-chu-gui-ban-nha-duong-huong-lo-3-ngay-aeon-tan-phu-4-tang-duong-6m-thong-4x16-gi-18758274.html,https://alonhadat.com.vn/chinh-chu-gui-ban-nha-duong-huong-lo-3-ngay-aeon-tan-phu-4-tang-duong-6m-thong-4x16-gi-18758274.html,2026-06-07,2026-06-07 20:16:10.418495,,6200,95384615.38461539,0,0
alonhadat,sale_student_csv,alonhadat_duc_18758114,18758114,"Bán Nhà Mặt Tiền Kinh Doanh Phú Thọ Hòa, Quận Tân Phú – Ngang 6m Hiếm, Diện Tích 150m²",23500000000,"23,5 tỷ",150,6,"Đường Phú Thọ Hòa, Phường Phú Thọ Hòa, Hồ Chí Minh",Phường Phú Thọ Hòa,,Quận Tân Phú,1020,Nhà ở,,,,https://alonhadat.com.vn/ban-nha-mat-tien-kinh-doanh-phu-tho-hoa-quan-tan-phu-ngang-6m-hiem-dien-tich-150m--18758114.html,https://alonhadat.com.vn/ban-nha-mat-tien-kinh-doanh-phu-tho-hoa-quan-tan-phu-ngang-6m-hiem-dien-tich-150m--18758114.html,2026-06-07,2026-06-07 20:16:10.418495,,23500,156666666.66666666,0,0
alonhadat,sale_student_csv,alonhadat_duc_18758950,18758950,"Nhà 2 tầng liền kề Phú Mỹ Hưng; 104m2 ngang 4,6m; hẻm 1 sẹc; cạnh chợ Phú Thuận",5500000000,"5,5 tỷ",104,4,"Đường Huỳnh Tấn Phát, Phường Tân Mỹ, Hồ Chí Minh",Phường Tân Phú,,Quận Tân Phú,1020,Nhà ở,,,,https://alonhadat.com.vn/nha-2-tang-lien-ke-phu-my-hung-104m2-ngang-4-6m-hem-1-sec-canh-cho-phu-thuan-18758950.html,https://alonhadat.com.vn/nha-2-tang-lien-ke-phu-my-hung-104m2-ngang-4-6m-hem-1-sec-canh-cho-phu-thuan-18758950.html,2026-06-07,2026-06-07 20:16:10.418495,,5500,52884615.384615384,0,0
alonhadat,sale_student_csv,alonhadat_duc_18759043,18759043,"Bán nhà 1 tầng gần Aeon Tân Phú 100m, 45m2, ngang 5m, 2PN, chỉ 4.x tỷ",4500000000,"4,5 tỷ",45,2,"Đường Bình Long, Phường Tân Sơn Nhì, Hồ Chí Minh",Phường Tân Sơn Nhì,,Quận Tân Phú,1020,Nhà ở,,,,https://alonhadat.com.vn/ban-nha-1-tang-gan-aeon-tan-phu-100m-45m2-ngang-5m-2pn-chi-4-x-ty-18759043.html,https://alonhadat.com.vn/ban-nha-1-tang-gan-aeon-tan-phu-100m-45m2-ngang-5m-2pn-chi-4-x-ty-18759043.html,2026-06-07,2026-06-07 20:16:10.418495,,4500,100000000,0,0
alonhadat,sale_student_csv,alonhadat_duc_17577873,17577873,Bán nhà MT Hoàng Xuân Nhị Tân Phú 6x27m nở hậu 8m cấp 4 giá 17.5 tỷ TL (cách Âu Cơ 100m),17500000000,"17,5 tỷ",188,1,"Đường Hoàng Xuân Nhị, Phường Tân Phú, Hồ Chí Minh",Phường Tân Phú,,Quận Tân Phú,1020,Nhà ở,,,,https://alonhadat.com.vn/ban-nha-mt-hoang-xuan-nhi-tan-phu-6x27m-no-hau-8m-cap-4-gia-19-ty-tl-cach-au-co-100m--17577873.html,https://alonhadat.com.vn/ban-nha-mt-hoang-xuan-nhi-tan-phu-6x27m-no-hau-8m-cap-4-gia-19-ty-tl-cach-au-co-100m--17577873.html,2026-06-07,2026-06-07 20:16:10.418495,,17500,93085106.38297872,0,0
alonhadat,sale_student_csv,alonhadat_duc_18757984,18757984,"Bán Nhà Mặt Tiền Kinh Doanh Gần Tân Sơn Nhì – Gò Dầu, Quận Tân Phú",20000000000,20 tỷ,80,5,"Đường Gò Dầu, Phường Tân Sơn Nhì, Hồ Chí Minh",Phường Tân Sơn Nhì,,Quận Tân Phú,1020,Nhà ở,,,,https://alonhadat.com.vn/ban-nha-mat-tien-kinh-doanh-gan-tan-son-nhi-go-dau-quan-tan-phu-18757984.html,https://alonhadat.com.vn/ban-nha-mat-tien-kinh-doanh-gan-tan-son-nhi-go-dau-quan-tan-phu-18757984.html,2026-06-07,2026-06-07 20:16:10.418495,,20000,250000000,0,0
alonhadat,sale_student_csv,alonhadat_duc_17392233,17392233,HẺM TO NHƯ MẶT TIỀN-RÔNG ĐẸP GIÁ TÔT-BÁN NHÀ 5X23-4 TẦNG-HẺM TO RỘNG-KHUÔNG VIỆT TÂN PHÚ-,12700000000,"12,7 tỷ",115,5,"Đường Khuông Việt, Phường Tân Phú, Hồ Chí Minh",Phường Phú Trung,,Quận Tân Phú,1020,Nhà ở,,,,https://alonhadat.com.vn/hem-to-nhu-mat-tien-rong-dep-gia-tot-ban-nha-5x23-4-tang-hem-to-rong-khuong-viet-tan-phu--17392233.html,https://alonhadat.com.vn/hem-to-nhu-mat-tien-rong-dep-gia-tot-ban-nha-5x23-4-tang-hem-to-rong-khuong-viet-tan-phu--17392233.html,2026-06-07,2026-06-07 20:16:10.418495,,12700,110434782.60869566,0,0
alonhadat,sale_student_csv,alonhadat_duc_16999439,16999439,MẶT TIỀN LŨY BÁN BÍCH - 433M2 - NGANG GẦN 7M - NỞ HẬU GẦN 10M - DÀI 57M2 - GIÁ 49.X TỶ,49900000000,"49,9 tỷ",433,1,"Đường Lũy Bán Bích, Phường Phú Thạnh, Hồ Chí Minh",Phường Tân Thới Hòa,,Quận Tân Phú,1020,Nhà ở,,,,https://alonhadat.com.vn/mat-tien-luy-ban-bich-433m2-ngang-gan-7m-no-hau-gan-10m-dai-57m2-gia-49-x-ty-16999439.html,https://alonhadat.com.vn/mat-tien-luy-ban-bich-433m2-ngang-gan-7m-no-hau-gan-10m-dai-57m2-gia-49-x-ty-16999439.html,2026-06-07,2026-06-07 20:16:10.418495,,49900,115242494.22632794,0,0
alonhadat,sale_student_csv,alonhadat_duc_16640415,16640415,MẶT TIỀN 25M KÊNH TÂN HOÁ - NGANG HƠN 8M - GẦN DU LỊCH ĐẦM SEN - GIÁ 23.X TỶ,23900000000,"23,9 tỷ",133,2,"Đường Kênh Tân Hóa, Phường Tân Phú, Hồ Chí Minh",Phường Phú Trung,,Quận Tân Phú,1020,Nhà ở,,,,https://alonhadat.com.vn/mat-tien-25m-kenh-tan-hoa-ngang-hon-8m-gan-du-lich-dam-sen-gia-23-x-ty-16640415.html,https://alonhadat.com.vn/mat-tien-25m-kenh-tan-hoa-ngang-hon-8m-gan-du-lich-dam-sen-gia-23-x-ty-16640415.html,2026-06-07,2026-06-07 20:16:10.418495,,23900,179699248.12030074,0,0
alonhadat,sale_student_csv,alonhadat_duc_16654840,16654840,MẶT TIỀN KHUÔNG VIỆT - NGANG KHỦNG 7X24 - THÍCH HỢP XÂY TÒA NHÀ VP - CHDV -19.X TỶ,19900000000,"19,9 tỷ",152,3,"Đường Khuông Việt, Phường Tân Phú, Hồ Chí Minh",Phường Phú Trung,,Quận Tân Phú,1020,Nhà ở,,,,https://alonhadat.com.vn/mat-tien-khuong-viet-ngang-khung-7x24-thich-hop-xay-toa-nha-vp-chdv-19-x-ty-16654840.html,https://alonhadat.com.vn/mat-tien-khuong-viet-ngang-khung-7x24-thich-hop-xay-toa-nha-vp-chdv-19-x-ty-16654840.html,2026-06-07,2026-06-07 20:16:10.418495,,19900,130921052.63157895,0,0
alonhadat,sale_student_csv,alonhadat_duc_16593600,16593600,MẶT TIỀN GÒ DẦU - 101M2 - 4X26.5 PHÙ HỢP XÂY CHDV CHO THUÊ - GIÁ CHỈ 14 TỶ XXX,14900000000,"14,9 tỷ",101,2,"Đường Gò Dầu, Phường Phú Thọ Hòa, Hồ Chí Minh",Phường Tân Quý,,Quận Tân Phú,1020,Nhà ở,,,,https://alonhadat.com.vn/mat-tien-go-dau-101m2-4x26-5-phu-hop-xay-chdv-cho-thue-gia-chi-14-ty-xxx-16593600.html,https://alonhadat.com.vn/mat-tien-go-dau-101m2-4x26-5-phu-hop-xay-chdv-cho-thue-gia-chi-14-ty-xxx-16593600.html,2026-06-07,2026-06-07 20:16:10.418495,,14900,147524752.47524753,0,0
alonhadat,sale_student_csv,alonhadat_duc_16593898,16593898,Bán nhà mặt tiền NGUYỄN SÚY 73m2 - khu hiếm nhà bán - giá chỉ 13 tỷ xxx,13200000000,"13,2 tỷ",73,2,"Đường Nguyễn Súy, Phường Phú Thọ Hòa, Hồ Chí Minh",Phường Tân Quý,,Quận Tân Phú,1020,Nhà ở,,,,https://alonhadat.com.vn/ban-nha-mat-tien-nguyen-suy-73m2-khu-hiem-nha-ban-gia-chi-13-ty-xxx-16593898.html,https://alonhadat.com.vn/ban-nha-mat-tien-nguyen-suy-73m2-khu-hiem-nha-ban-gia-chi-13-ty-xxx-16593898.html,2026-06-07,2026-06-07 20:16:10.418495,,13200,180821917.80821916,0,0
alonhadat,sale_student_csv,alonhadat_duc_16595107,16595107,"MẶT TIỀN NGUYỄN CỬU ĐÀM -VIP NHẤT TÂN PHÚ - NGANG 4,5 - 76M2 - NHỈNH - 13 TỶ",13300000000,"13,3 tỷ",76,3,"Đường Nguyễn Cửu Đàm, Phường Tân Sơn Nhì, Hồ Chí Minh",Phường Tân Sơn Nhì,,Quận Tân Phú,1020,Nhà ở,,,,https://alonhadat.com.vn/mat-tien-nguyen-cuu-dam-vip-nhat-tan-phu-ngang-4-5-76m2-nhinh-13-ty-16595107.html,https://alonhadat.com.vn/mat-tien-nguyen-cuu-dam-vip-nhat-tan-phu-ngang-4-5-76m2-nhinh-13-ty-16595107.html,2026-06-07,2026-06-07 20:16:10.418495,,13300,175000000,0,0
alonhadat,sale_student_csv,alonhadat_duc_18707241,18707241,giảm gấp 5 tỷ Bán nhà 10 Phạm Vấn Quận Tân Phú 5x27m nhà 1 lầu giá bán 19 tỷ thương lượng,19000000000,19 tỷ,137,2,"Đường Phạm Vấn, Phường Phú Thọ Hòa, Hồ Chí Minh",Phường Phú Thọ Hòa,,Quận Tân Phú,1020,Nhà ở,,,,https://alonhadat.com.vn/giam-gap-5-ty-ban-nha-10-pham-van-quan-tan-phu-5x27m-nha-1-lau-gia-ban-19-ty-thuong-luong-18707241.html,https://alonhadat.com.vn/giam-gap-5-ty-ban-nha-10-pham-van-quan-tan-phu-5x27m-nha-1-lau-gia-ban-19-ty-thuong-luong-18707241.html,2026-06-07,2026-06-07 20:16:10.418495,,19000,138686131.38686132,0,0
alonhadat,sale_student_csv,alonhadat_duc_18260048,18260048,TOÀ NHÀ CHDV 256M2 4 TẦNG DTHU 150TR - NGAY ĐH CÔNG THƯƠNG TÂN PHÚ CHỈ 2x TỶ,29500000000,"29,5 tỷ",256,36,"Đường Lê Trọng Tấn, Phường Tây Thạnh, Hồ Chí Minh",Phường Tây Thạnh,,Quận Tân Phú,1020,Nhà ở,,,,https://alonhadat.com.vn/toa-nha-chdv-256m2-4-tang-dthu-150tr-ngay-dh-cong-thuong-tan-phu-chi-2x-ty-18260048.html,https://alonhadat.com.vn/toa-nha-chdv-256m2-4-tang-dthu-150tr-ngay-dh-cong-thuong-tan-phu-chi-2x-ty-18260048.html,2026-06-07,2026-06-07 20:16:10.418495,,29500,115234375,0,0
alonhadat,sale_student_csv,alonhadat_duc_18758316,18758316,"T2. Mặt tiền Quách Hữu Nghiêm - 88m2 - 2 tầng giá chỉ 10,3 tỷ thương lượng",10300000000,"10,3 tỷ",88,4,"Đường Quách Hữu Nghiêm, Phường Phú Thạnh, Hồ Chí Minh",Phường Phú Thạnh,,Quận Tân Phú,1020,Nhà ở,,,,https://alonhadat.com.vn/t2-mat-tien-quach-huu-nghiem-88m2-2-tang-gia-chi-10-3-ty-thuong-luong-18758316.html,https://alonhadat.com.vn/t2-mat-tien-quach-huu-nghiem-88m2-2-tang-gia-chi-10-3-ty-thuong-luong-18758316.html,2026-06-07,2026-06-07 20:16:10.418495,,10300,117045454.54545455,0,0
alonhadat,sale_student_csv,alonhadat_duc_18434909,18434909,TÂN PHÚ; NHÀ ĐẸP HẺM XE HƠI - NHÀ THỜ TÂN HƯƠNG - 70M2(4x17.5m) - KHU DÂN TRÍ - HƠN 6 TỶ,6700000000,"6,7 tỷ",70,3,"Đường Đô Đốc Long, Phường Phú Thọ Hòa, Hồ Chí Minh",Phường Tân Quý,,Quận Tân Phú,1020,Nhà ở,,,,https://alonhadat.com.vn/tan-phu-nha-dep-hem-xe-hoi-nha-tho-tan-huong-70m2-4x17-5m-khu-dan-tri-hon-6-ty-18434909.html,https://alonhadat.com.vn/tan-phu-nha-dep-hem-xe-hoi-nha-tho-tan-huong-70m2-4x17-5m-khu-dan-tri-hon-6-ty-18434909.html,2026-06-07,2026-06-07 20:16:10.418495,,6700,95714285.71428572,0,0
alonhadat,sale_student_csv,alonhadat_duc_18757415,18757415,Mặt Tiền Lê Thúc Hoạch ( 4 * 13 ) 4 Lầu 12.5 Tỷ,12500000000,"12,5 tỷ",51,4,"Đường Lê Thúc Hoạch, Phường Phú Thọ Hòa, Hồ Chí Minh",Phường Phú Thọ Hòa,,Quận Tân Phú,1020,Nhà ở,,,,https://alonhadat.com.vn/mat-tien-le-thuc-hoach-4-13-4-lau-12-5-ty-18757415.html,https://alonhadat.com.vn/mat-tien-le-thuc-hoach-4-13-4-lau-12-5-ty-18757415.html,2026-06-07,2026-06-07 20:16:10.418495,,12500,245098039.21568626,0,0
alonhadat,sale_student_csv,alonhadat_duc_18757440,18757440,Mặt Tiền Nội Bộ Tô Hiệu ( 4 * 12 ) 4 Lầu 7.5 Tỷ,7500000000,"7,5 tỷ",48,6,"Đường Tô Hiệu, Phường Phú Thạnh, Hồ Chí Minh",Phường Hiệp Tân,,Quận Tân Phú,1020,Nhà ở,,,,https://alonhadat.com.vn/mat-tien-noi-bo-to-hieu-4-12-4-lau-7-5-ty-18757440.html,https://alonhadat.com.vn/mat-tien-noi-bo-to-hieu-4-12-4-lau-7-5-ty-18757440.html,2026-06-07,2026-06-07 20:16:10.418495,,7500,156250000,0,0
alonhadat,sale_student_csv,alonhadat_duc_18758243,18758243,O5. Nhà 3 Tầng Kiên Cố - 81m2 Đường 6m Thông - Giáp Aeoll Tân Phú - 7.2 Tỷ TL,7200000000,"7,2 tỷ",81,4,"Đường Số 11, Phường Bình Hưng Hòa, Hồ Chí Minh",Phường Bình Hưng Hòa,,Quận Tân Phú,1020,Nhà ở,,,,https://alonhadat.com.vn/o5-nha-3-tang-kien-co-81m2-duong-6m-thong-giap-aeoll-tan-phu-7-2-ty-tl-18758243.html,https://alonhadat.com.vn/o5-nha-3-tang-kien-co-81m2-duong-6m-thong-giap-aeoll-tan-phu-7-2-ty-tl-18758243.html,2026-06-07,2026-06-07 20:16:10.418495,,7200,88888888.8888889,0,0
alonhadat,sale_student_csv,alonhadat_duc_16651825,16651825,Bán nhà MTKD Nguyễn Hữu Tiến Tân Phú 4x19m đúc lửng 3 lầu (cách Tây Thạnh 300m),13800000000,"13,8 tỷ",76,7,"Đường Nguyễn Hữu Tiến, Phường Tây Thạnh, Hồ Chí Minh",Phường Tây Thạnh,,Quận Tân Phú,1020,Nhà ở,,,,https://alonhadat.com.vn/ban-nha-mtkd-nguyen-huu-tien-tan-phu-4x19m-duc-lung-3-lau-cach-tay-thanh-300m--16651825.html,https://alonhadat.com.vn/ban-nha-mtkd-nguyen-huu-tien-tan-phu-4x19m-duc-lung-3-lau-cach-tay-thanh-300m--16651825.html,2026-06-07,2026-06-07 20:16:10.418495,,13800,181578947.36842105,0,0
alonhadat,sale_student_csv,alonhadat_duc_18252855,18252855,"🚇 **NHÀ SÁT VÁCH METRO SUỐI TIÊN – 121m² – XE HƠI NGỦ TRONG NHÀ – CHỈ 4,5 TỶ**",4500000000,"4,5 tỷ",121,2,"Đường số 138, Phường Tăng Nhơn Phú, Hồ Chí Minh",Phường Tân Phú,,Quận Tân Phú,1020,Nhà ở,,,,https://alonhadat.com.vn/-nha-sat-vach-metro-suoi-tien-121m-xe-hoi-ngu-trong-nha-chi-4-5-ty--18252855.html,https://alonhadat.com.vn/-nha-sat-vach-metro-suoi-tien-121m-xe-hoi-ngu-trong-nha-chi-4-5-ty--18252855.html,2026-06-07,2026-06-07 20:16:10.418495,,4500,37190082.6446281,0,0
alonhadat,sale_student_csv,alonhadat_duc_18757230,18757230,NHÀ BÁN NGAY KÊNH THAM LƯƠNG-SÁT AEON TÂN PHÚ-ĐƯỜNG 6M THÔNG TỨ TUNG-4M x 8M-HƠN 3 TỶ,4040000000,"4,04 tỷ",33,2,"Đường 26 tháng 3, Phường Bình Hưng Hòa, Hồ Chí Minh",Phường Bình Hưng Hòa,,Quận Tân Phú,1020,Nhà ở,,,,https://alonhadat.com.vn/nha-ban-ngay-kenh-tham-luong-sat-aeon-tan-phu-duong-6m-thong-tu-tung-4m-x-8m-hon-3-ty-18757230.html,https://alonhadat.com.vn/nha-ban-ngay-kenh-tham-luong-sat-aeon-tan-phu-duong-6m-thong-tu-tung-4m-x-8m-hon-3-ty-18757230.html,2026-06-07,2026-06-07 20:16:10.418495,,4040,122424242.42424242,0,0
alonhadat,sale_student_csv,alonhadat_duc_18746456,18746456,"Toà nhà Mặt Tiền Luỹ Bán Bích, Ngang 12 x 24m, Hầm 7 lầu, HĐ thuê 3.1 tỷ/năm - chỉ 9x tỷ",95000000000,95 tỷ,300,10,"Đường Lũy Bán Bích, Phường Phú Thọ Hòa, Hồ Chí Minh",Phường Phú Thọ Hòa,,Quận Tân Phú,1020,Nhà ở,,,,https://alonhadat.com.vn/toa-nha-mat-tien-luy-ban-bich-ngang-12-x-24m-ham-7-lau-hd-thue-3-1-ty-nam-chi-9x-ty-18746456.html,https://alonhadat.com.vn/toa-nha-mat-tien-luy-ban-bich-ngang-12-x-24m-ham-7-lau-hd-thue-3-1-ty-nam-chi-9x-ty-18746456.html,2026-06-07,2026-06-07 20:16:10.418495,,95000,316666666.6666667,0,0
alonhadat,sale_student_csv,alonhadat_duc_18755943,18755943,"Bán nhà Hẻm xe hơi Phú Thọ Hoà, Tân Phú, Dt 5.3x11m, 2 tầng, Mới, Giá 5.7 tỷ",5700000000,"5,7 tỷ",57,2,"Đường Phú Thọ Hòa, Phường Phú Thọ Hòa, Hồ Chí Minh",Phường Phú Thọ Hòa,,Quận Tân Phú,1020,Nhà ở,,,,https://alonhadat.com.vn/ban-nha-hem-xe-hoi-phu-tho-hoa-tan-phu-dt-5-3x11m-2-tang-moi-gia-5-7-ty-18755943.html,https://alonhadat.com.vn/ban-nha-hem-xe-hoi-phu-tho-hoa-tan-phu-dt-5-3x11m-2-tang-moi-gia-5-7-ty-18755943.html,2026-06-07,2026-06-07 20:16:10.418495,,5700,100000000,0,0
alonhadat,sale_student_csv,alonhadat_duc_18756209,18756209,"Bán nhà Hẻm Lương Thế Vinh, Tân Phú, DT 5x11m, 2Phòng ngủ, Gía 4.2 tỷ",4200000000,"4,2 tỷ",53,2,"Đường Lương Thế Vinh, Phường Phú Thạnh, Hồ Chí Minh",Phường Phú Thạnh,,Quận Tân Phú,1020,Nhà ở,,,,https://alonhadat.com.vn/ban-nha-hem-luong-the-vinh-tan-phu-dt-5x11m-2phong-ngu-gia-4-2-ty-18756209.html,https://alonhadat.com.vn/ban-nha-hem-luong-the-vinh-tan-phu-dt-5x11m-2phong-ngu-gia-4-2-ty-18756209.html,2026-06-07,2026-06-07 20:16:10.418495,,4200,79245283.01886792,0,0
alonhadat,sale_student_csv,alonhadat_duc_18756289,18756289,"Bán nhà Mặt tiền Đỗ Bí, Tân Phú, DT 4.6x10m, 2 tầng, Giá 5.9 tỷ",5900000000,"5,9 tỷ",44,2,"Đường Đỗ Bí, Phường Phú Thạnh, Hồ Chí Minh",Phường Phú Thạnh,,Quận Tân Phú,1020,Nhà ở,,,,https://alonhadat.com.vn/ban-nha-mat-tien-do-bi-tan-phu-dt-4-6x10m-2-tang-gia-5-9-ty-18756289.html,https://alonhadat.com.vn/ban-nha-mat-tien-do-bi-tan-phu-dt-4-6x10m-2-tang-gia-5-9-ty-18756289.html,2026-06-07,2026-06-07 20:16:10.418495,,5900,134090909.0909091,0,0
alonhadat,sale_student_csv,alonhadat_duc_18756135,18756135,"Bán nhà Hẻm xe hơi Sơn Kỳ, Tân Phú, DT 3.2x14m, 4 tầng, 6PN, Giá 5.2 tỷ",5200000000,"5,2 tỷ",35,6,"Đường Sơn Kỳ, Phường Tây Thạnh, Hồ Chí Minh",Phường Sơn Kỳ,,Quận Tân Phú,1020,Nhà ở,,,,https://alonhadat.com.vn/ban-nha-hem-xe-hoi-son-ky-tan-phu-dt-3-2x14m-4-tang-6pn-gia-5-2-ty-18756135.html,https://alonhadat.com.vn/ban-nha-hem-xe-hoi-son-ky-tan-phu-dt-3-2x14m-4-tang-6pn-gia-5-2-ty-18756135.html,2026-06-07,2026-06-07 20:16:10.418495,,5200,148571428.57142857,0,0
alonhadat,sale_student_csv,alonhadat_duc_18757161,18757161,"Bán nhà Hẻm xe hơi Nguyễn Văn Yến, Tân Phú, DT 4x15.5m, 2 tầng. Giá 5.99 tỷ",5990000000,"5,99 tỷ",62,2,"Đường Nguyễn Văn Yến, Phường Phú Thạnh, Hồ Chí Minh",Phường Tân Thới Hòa,,Quận Tân Phú,1020,Nhà ở,,,,https://alonhadat.com.vn/ban-nha-hem-xe-hoi-nguyen-van-yen-tan-phu-dt-4x15-5m-2-tang-gia-5-99-ty-18757161.html,https://alonhadat.com.vn/ban-nha-hem-xe-hoi-nguyen-van-yen-tan-phu-dt-4x15-5m-2-tang-gia-5-99-ty-18757161.html,2026-06-07,2026-06-07 20:16:10.418495,,5990,96612903.22580644,0,0
alonhadat,sale_student_csv,alonhadat_duc_18756595,18756595,"Bán nhà Mặt tiền Lê Cảnh Tuân, Tân Phú, DT 51m2, 2 tầng, 3 Phòng ngủ, Giá 5.2 tỷ",5100000000,"5,1 tỷ",51,3,"Đường Lê Cảnh Tuân, Phường Phú Thọ Hòa, Hồ Chí Minh",Phường Phú Thọ Hòa,,Quận Tân Phú,1020,Nhà ở,,,,https://alonhadat.com.vn/ban-nha-mat-tien-le-canh-tuan-tan-phu-dt-51m2-2-tang-3-phong-ngu-gia-5-2-ty-18756595.html,https://alonhadat.com.vn/ban-nha-mat-tien-le-canh-tuan-tan-phu-dt-51m2-2-tang-3-phong-ngu-gia-5-2-ty-18756595.html,2026-06-07,2026-06-07 20:16:10.418495,,5100,100000000,0,0
alonhadat,sale_student_csv,alonhadat_duc_18756334,18756334,"Bán nhà Hẻm xe hơi Hoàng Xuân Hoành, Tân Phú, DT 3.2x14m, 3 tầng, Giá 3.99 tỷ",3990000000,"3,99 tỷ",41,3,"Đường Hoàng Xuân Hoành, Phường Phú Thạnh, Hồ Chí Minh",Phường Hiệp Tân,,Quận Tân Phú,1020,Nhà ở,,,,https://alonhadat.com.vn/ban-nha-hem-xe-hoi-hoang-xuan-hoanh-tan-phu-dt-3-2x14m-3-tang-gia-3-99-ty-18756334.html,https://alonhadat.com.vn/ban-nha-hem-xe-hoi-hoang-xuan-hoanh-tan-phu-dt-3-2x14m-3-tang-gia-3-99-ty-18756334.html,2026-06-07,2026-06-07 20:16:10.418495,,3990,97317073.17073171,0,0
alonhadat,sale_student_csv,alonhadat_duc_18756378,18756378,"Bán nhà Hẻm Đô Đốc Long, Tân Phú, DT 4x10m, 3 tầng, Giá 4.2 tỷ",4200000000,"4,2 tỷ",38,3,"Đường Đô Đốc Long, Phường Phú Thọ Hòa, Hồ Chí Minh",Phường Tân Quý,,Quận Tân Phú,1020,Nhà ở,,,,https://alonhadat.com.vn/ban-nha-hem-do-doc-long-tan-phu-dt-4x10m-3-tang-gia-5-2-ty-18756378.html,https://alonhadat.com.vn/ban-nha-hem-do-doc-long-tan-phu-dt-4x10m-3-tang-gia-5-2-ty-18756378.html,2026-06-07,2026-06-07 20:16:10.418495,,4200,110526315.78947368,0,0
alonhadat,sale_student_csv,alonhadat_duc_18756488,18756488,"Bán nhà Hẻm xe hơi Đỗ Công Tường, Tân Phú, DT 11x5.2m, 2 tầng, Giá 4.7 tỷ",4700000000,"4,7 tỷ",45,2,"Đường Đỗ Công Tường, Phường Phú Thọ Hòa, Hồ Chí Minh",Phường Tân Quý,,Quận Tân Phú,1020,Nhà ở,,,,https://alonhadat.com.vn/ban-nha-hem-xe-hoi-do-cong-tuong-tan-phu-dt-11x5-2m-2-tang-gia-4-7-ty-18756488.html,https://alonhadat.com.vn/ban-nha-hem-xe-hoi-do-cong-tuong-tan-phu-dt-11x5-2m-2-tang-gia-4-7-ty-18756488.html,2026-06-07,2026-06-07 20:16:10.418495,,4700,104444444.44444445,0,0
alonhadat,sale_student_csv,alonhadat_duc_18757068,18757068,"Bán nhà Mặt tiền Lê Khôi, P.Phú Thạnh, Tân Phú, DT 4.1x6.2m, 3 tầng, Gía 4.2 tỷ",4200000000,"4,2 tỷ",25,2,"Đường Lê Khôi, Phường Phú Thạnh, Hồ Chí Minh",Phường Phú Thạnh,,Quận Tân Phú,1020,Nhà ở,,,,https://alonhadat.com.vn/ban-nha-mat-tien-le-khoi-p-phu-thanh-tan-phu-dt-4-1x6-2m-3-tang-gia-4-2-ty-18757068.html,https://alonhadat.com.vn/ban-nha-mat-tien-le-khoi-p-phu-thanh-tan-phu-dt-4-1x6-2m-3-tang-gia-4-2-ty-18757068.html,2026-06-07,2026-06-07 20:16:10.418495,,4200,168000000,0,0
alonhadat,sale_student_csv,alonhadat_duc_18757147,18757147,"Bán nhà Hẻm xe hơi Tô Hiệu, Tân Phú, DT 4x13.3m, cấp 4, Giá 4.8 tỷ",4800000000,"4,8 tỷ",52,1,"Đường Tô Hiệu, Phường Phú Thạnh, Hồ Chí Minh",Phường Tân Thới Hòa,,Quận Tân Phú,1020,Nhà ở,,,,https://alonhadat.com.vn/ban-nha-hem-xe-hoi-to-hieu-tan-phu-dt-4x13-3m-cap-4-gia-4-8-ty-18757147.html,https://alonhadat.com.vn/ban-nha-hem-xe-hoi-to-hieu-tan-phu-dt-4x13-3m-cap-4-gia-4-8-ty-18757147.html,2026-06-07,2026-06-07 20:16:10.418495,,4800,92307692.3076923,0,0
alonhadat,sale_student_csv,alonhadat_duc_18151383,18151383,"Bán nhanh nhà xưởng mặt tiền đường NB Tô Hiệu, Tân Phú, 20x52m (CN đủ), Giá 90 TỶ TL",90000000000,90 tỷ,950,1,"Đường Tô Hiệu, Phường Phú Thạnh, Hồ Chí Minh",Phường Hiệp Tân,,Quận Tân Phú,1020,Nhà ở,,,,https://alonhadat.com.vn/ban-nhanh-nha-xuong-mat-tien-duong-nb-to-hieu-tan-phu-20x52m-cn-du-gia-85-ty-tl-18151383.html,https://alonhadat.com.vn/ban-nhanh-nha-xuong-mat-tien-duong-nb-to-hieu-tan-phu-20x52m-cn-du-gia-85-ty-tl-18151383.html,2026-06-07,2026-06-07 20:16:10.418495,,90000,94736842.10526316,0,0
alonhadat,sale_student_csv,alonhadat_duc_17813563,17813563,Siêu Mặt Tiền Đẹp Tân Hương Quận Tân Phú. 8m x 19m. 3 Tầng HĐT 120tr/th. Giá 40 tỷ,40000000000,40 tỷ,150,3,"Đường Tân Hương, Phường Phú Thọ Hòa, Hồ Chí Minh",Phường Tân Quý,,Quận Tân Phú,1020,Nhà ở,,,,https://alonhadat.com.vn/sieu-mat-tien-dep-tan-huong-quan-tan-phu-8m-x-19m-3-tang-hdt-120tr-th-gia-40-ty-17813563.html,https://alonhadat.com.vn/sieu-mat-tien-dep-tan-huong-quan-tan-phu-8m-x-19m-3-tang-hdt-120tr-th-gia-40-ty-17813563.html,2026-06-07,2026-06-07 20:16:10.418495,,40000,266666666.66666666,0,0
alonhadat,sale_student_csv,alonhadat_duc_17780127,17780127,"NHÀ TÂN PHÚ KHUÔNG VIỆT,NGAY ĐẦM SEN,ĐƯỜNG NHỰA KINH DOANH,82M2(4.5×20)4 TẦNG,KO LỘ GIỚI",11000000000,11 tỷ,82,6,"Đường Khuông Việt, Phường Tân Phú, Hồ Chí Minh",Phường Phú Trung,,Quận Tân Phú,1020,Nhà ở,,,,https://alonhadat.com.vn/nha-tan-phu-khuong-viet-ngay-dam-sen-duong-nhua-kinh-doanh-82m2-4-5-20-4-tang-ko-lo-gioi-17780127.html,https://alonhadat.com.vn/nha-tan-phu-khuong-viet-ngay-dam-sen-duong-nhua-kinh-doanh-82m2-4-5-20-4-tang-ko-lo-gioi-17780127.html,2026-06-07,2026-06-07 20:16:10.418495,,11000,134146341.46341464,0,0
alonhadat,sale_student_csv,alonhadat_duc_14661935,14661935,Bán nhà hẻm 8m Phạm Quý Thích Tân Phú 12x22m đúc 1 lầu giá 29 tỷ TL (gần Tân Hương),29000000000,29 tỷ,264,3,"Đường Phạm Quý Thích, Phường Phú Thọ Hòa, Hồ Chí Minh",Phường Phú Thọ Hòa,,Quận Tân Phú,1020,Nhà ở,,,,https://alonhadat.com.vn/ban-nha-hem-8m-pham-quy-thich-tan-phu-12x22m-duc-1-lau-gia-23-ty-tl-gan-tan-huong--14661935.html,https://alonhadat.com.vn/ban-nha-hem-8m-pham-quy-thich-tan-phu-12x22m-duc-1-lau-gia-23-ty-tl-gan-tan-huong--14661935.html,2026-06-07,2026-06-07 20:16:10.418495,,29000,109848484.84848484,0,0
alonhadat,sale_student_csv,alonhadat_duc_18756728,18756728,"Bán nhà 46ter Võ Văn Tần, P. Xuân Hòa, Tp HCM- 150 tỷ TL",150000000000,150 tỷ,270,1,"Đường Võ Văn Tần, Phường Xuân Hòa, Hồ Chí Minh",Phường Xuân Hòa,,Quận Tân Phú,1020,Nhà ở,,,,https://alonhadat.com.vn/ban-nha-46ter-vo-van-tan-p-xuan-hoa-tp-hcm-150-ty-tl-18756728.html,https://alonhadat.com.vn/ban-nha-46ter-vo-van-tan-p-xuan-hoa-tp-hcm-150-ty-tl-18756728.html,2026-06-07,2026-06-07 20:16:10.418495,,150000,555555555.5555556,0,0
alonhadat,sale_student_csv,alonhadat_duc_18759064,18759064,"NHỈN 7 TỶ HẺM NHỰA 8M XE HƠI, HÒA BÌNH DT: 4X17M2 68M2 3 TẦNG 4PN 4WC",7000000000,7 tỷ,68,4,"Đường Hòa Bình, Phường Phú Thạnh, Hồ Chí Minh",Phường Hiệp Tân,,Quận Tân Phú,1040,Đất,,,,https://alonhadat.com.vn/nhin-7-ty-hem-nhua-8m-xe-hoi-hoa-binh-dt-4x17m2-68m2-3-tang-4pn-4wc-18759064.html,https://alonhadat.com.vn/nhin-7-ty-hem-nhua-8m-xe-hoi-hoa-binh-dt-4x17m2-68m2-3-tang-4pn-4wc-18759064.html,2026-06-07,2026-06-07 20:16:10.418495,,7000,102941176.47058824,0,0
alonhadat,sale_student_csv,alonhadat_duc_18758921,18758921,Đường Ô Tô 8m - Tân Hương - Tân Phú gần Chợ Tân Hương 2 phút chỉ 100 triệu/m2 sổ hồng riên,16000000000,16 tỷ,160,20,"Đường Tân Hương, Phường Phú Thọ Hòa, Hồ Chí Minh",Phường Phú Thọ Hòa,,Quận Tân Phú,1040,Đất,,,,https://alonhadat.com.vn/duong-o-to-8m-tan-huong-tan-phu-gan-cho-tan-huong-2-phut-chi-100-trieu-m2-so-hong-rien-18758921.html,https://alonhadat.com.vn/duong-o-to-8m-tan-huong-tan-phu-gan-cho-tan-huong-2-phut-chi-100-trieu-m2-so-hong-rien-18758921.html,2026-06-07,2026-06-07 20:16:10.418495,,16000,100000000,0,0
alonhadat,sale_student_csv,alonhadat_duc_18660269,18660269,963M2 ĐẤT HẺM XE TẢI LUỸ BÁN BÍCH CHỈ 66TR/M2 NGANG 22M,63000000000,63 tỷ,963,1,"Đường Lũy Bán Bích, Phường Phú Thạnh, Hồ Chí Minh",Phường Tân Thới Hòa,,Quận Tân Phú,1040,Đất,,,,https://alonhadat.com.vn/963m2-dat-hem-xe-tai-luy-ban-bich-chi-66tr-m2-ngang-22m-18660269.html,https://alonhadat.com.vn/963m2-dat-hem-xe-tai-luy-ban-bich-chi-66tr-m2-ngang-22m-18660269.html,2026-06-07,2026-06-07 20:16:10.418495,,63000,65420560.74766355,0,0
alonhadat,sale_student_csv,alonhadat_duc_18439363,18439363,SIÊU PHẨM NHÀ CẤP 4 MTKD TÂY THẠNH - TÂN PHÚ - dt: 3000M2 - Giá : 209 tỷ TL,2089999999.9999998,"2,09 tỷ",3000,5,"Đường Tây Thạnh, Phường Tây Thạnh, Hồ Chí Minh",Phường Tây Thạnh,,Quận Tân Phú,1040,Đất,,,,https://alonhadat.com.vn/sieu-pham-nha-cap-4-mtkd-tay-thanh-tan-phu-dt-3000m2-gia-209-ty-tl-18439363.html,https://alonhadat.com.vn/sieu-pham-nha-cap-4-mtkd-tay-thanh-tan-phu-dt-3000m2-gia-209-ty-tl-18439363.html,2026-06-07,2026-06-07 20:16:10.418495,,2089.9999999999995,696666.6666666666,0,0
alonhadat,sale_student_csv,alonhadat_duc_16639410,16639410,CHDV 20 PHÒNG THANG MÁY - MẶT TIỀN NGUYỄN THÁI HỌC - THU NHẬP 85TR/TH - GIÁ 19.X TỶ,19900000000,"19,9 tỷ",102,20,"Đường Nguyễn Thái Học, Phường Tân Sơn Nhì, Hồ Chí Minh",Phường Tân Thành,,Quận Tân Phú,1040,Đất,,,,https://alonhadat.com.vn/chdv-20-phong-thang-may-mat-tien-nguyen-thai-hoc-thu-nhap-85tr-th-gia-20-x-ty-16639410.html,https://alonhadat.com.vn/chdv-20-phong-thang-may-mat-tien-nguyen-thai-hoc-thu-nhap-85tr-th-gia-20-x-ty-16639410.html,2026-06-07,2026-06-07 20:16:10.418495,,19900,195098039.21568626,0,0
alonhadat,sale_student_csv,alonhadat_duc_16644385,16644385,CĂN GÓC 2 MẶT TIỀN LŨY BÁN BÍCH - PHƯỜNG HÒA THẠNH - 3 TẦNG 106M2 4.8X22 - GIÁ 20.X TỶ,20500000000,"20,5 tỷ",106,3,"Đường Lũy Bán Bích, Phường Tân Phú, Hồ Chí Minh",Phường Hòa Thạnh,,Quận Tân Phú,1040,Đất,,,,https://alonhadat.com.vn/can-goc-2-mat-tien-luy-ban-bich-phuong-hoa-thanh-3-tang-106m2-4-8x22-gia-20-x-ty-16644385.html,https://alonhadat.com.vn/can-goc-2-mat-tien-luy-ban-bich-phuong-hoa-thanh-3-tang-106m2-4-8x22-gia-20-x-ty-16644385.html,2026-06-07,2026-06-07 20:16:10.418495,,20500,193396226.41509435,0,0
alonhadat,sale_student_csv,alonhadat_duc_16586706,16586706,MẶT TIỀN THÀNH CÔNG - 168m2 - NGANG LỚN 12m - PHÙ HỢP XÂY CHDV - CHỈ 71TR/M2,11999000000,"11,999 tỷ",168,3,"Đường Thành Công, Phường Tân Sơn Nhì, Hồ Chí Minh",Phường Tân Thành,,Quận Tân Phú,1040,Đất,,,,https://alonhadat.com.vn/mat-tien-thanh-cong-168m2-ngang-lon-12m-cho-thue-20tr-th-chi-11-x-ty-16586706.html,https://alonhadat.com.vn/mat-tien-thanh-cong-168m2-ngang-lon-12m-cho-thue-20tr-th-chi-11-x-ty-16586706.html,2026-06-07,2026-06-07 20:16:10.418495,,11999,71422619.04761904,0,0
alonhadat,sale_student_csv,alonhadat_duc_16620220,16620220,MẶT TIỀN TÂY SƠN - GẦN CHỢ TÂN HƯƠNG - 2P RA AEON MALL - 113M2 - CHỈ 8.X TỶ,8900000000,"8,9 tỷ",113,2,"Đường Tây Sơn, Phường Phú Thọ Hòa, Hồ Chí Minh",Phường Tân Quý,,Quận Tân Phú,1040,Đất,,,,https://alonhadat.com.vn/mat-tien-tay-son-gan-cho-tan-huong-2p-ra-aeon-mall-113m2-chi-8-x-ty-16620220.html,https://alonhadat.com.vn/mat-tien-tay-son-gan-cho-tan-huong-2p-ra-aeon-mall-113m2-chi-8-x-ty-16620220.html,2026-06-07,2026-06-07 20:16:10.418495,,8900,78761061.94690265,0,0
alonhadat,sale_student_csv,alonhadat_duc_16591545,16591545,"MẶT TIỀN NGUYỄN SƠN - NGANG KHỦNG 6,3X26 - ĐẤT TRỐNG THÍCH HỢP XÂY CHDV - GIÁ CHỈ 26.X TỶ",26500000000,"26,5 tỷ",140,1,"Đường Nguyễn Sơn, Phường Phú Thạnh, Hồ Chí Minh",Phường Phú Thạnh,,Quận Tân Phú,1040,Đất,,,,https://alonhadat.com.vn/mat-tien-nguyen-son-ngang-khung-6-3x26-dat-trong-thich-hop-xay-chdv-gia-chi-26-x-ty-16591545.html,https://alonhadat.com.vn/mat-tien-nguyen-son-ngang-khung-6-3x26-dat-trong-thich-hop-xay-chdv-gia-chi-26-x-ty-16591545.html,2026-06-07,2026-06-07 20:16:10.418495,,26500,189285714.2857143,0,0
alonhadat,sale_student_csv,alonhadat_duc_17009211,17009211,"NGỘP BANK - MẶT TIỀN KHUÔNG VIỆT - 4 TẦNG BTCT - 4x17,2 - 5PN - GIÁ 11.X TỶ",11500000000,"11,5 tỷ",69,5,"Đường Khuông Việt, Phường Tân Phú, Hồ Chí Minh",Phường Phú Trung,,Quận Tân Phú,1040,Đất,,,,https://alonhadat.com.vn/ngop-bank-mat-tien-khuong-viet-4-tang-btct-4x17-2-5pn-gia-11-x-ty-17009211.html,https://alonhadat.com.vn/ngop-bank-mat-tien-khuong-viet-4-tang-btct-4x17-2-5pn-gia-11-x-ty-17009211.html,2026-06-07,2026-06-07 20:16:10.418495,,11500,166666666.66666666,0,0
alonhadat,sale_student_csv,alonhadat_duc_17319463,17319463,430M2 ĐẤT HẺM 5M LÊ TRỌNG TẤN TÂN PHÚ CHỈ 2x TỶ,26000000000,26 tỷ,430,1,"Đường Lê Trọng Tấn, Phường Tây Thạnh, Hồ Chí Minh",Phường Sơn Kỳ,,Quận Tân Phú,1040,Đất,,,,https://alonhadat.com.vn/430m2-dat-hem-5m-le-trong-tan-tan-phu-chi-2x-ty-17319463.html,https://alonhadat.com.vn/430m2-dat-hem-5m-le-trong-tan-tan-phu-chi-2x-ty-17319463.html,2026-06-07,2026-06-07 20:16:10.418495,,26000,60465116.27906977,0,0
alonhadat,sale_student_csv,alonhadat_duc_18758297,18758297,"T1. Mặt tiền VIP Cao Văn Ngọc - 154m2 - 2 tầng - giá chỉ 17,9 tỷ thương lượng",17900000000,"17,9 tỷ",154,4,"Đường Cao Văn Ngọc, Phường Tân Phú, Hồ Chí Minh",Phường Phú Trung,,Quận Tân Phú,1040,Đất,,,,https://alonhadat.com.vn/t1-mat-tien-vip-cao-van-ngoc-154m2-2-tang-gia-chi-17-9-ty-thuong-luong-18758297.html,https://alonhadat.com.vn/t1-mat-tien-vip-cao-van-ngoc-154m2-2-tang-gia-chi-17-9-ty-thuong-luong-18758297.html,2026-06-07,2026-06-07 20:16:10.418495,,17900,116233766.23376623,0,0
alonhadat,sale_student_csv,alonhadat_duc_18757375,18757375,"án nhà mặt tiền 8–10 Nguyễn Sơn, Q. Tân Phú",52000000000,52 tỷ,333,2,"Đường Nguyễn Sơn, Phường Tây Thạnh, Hồ Chí Minh",Phường Sơn Kỳ,,Quận Tân Phú,1040,Đất,,,,https://alonhadat.com.vn/an-nha-mat-tien-8-10-nguyen-son-q-tan-phu-18757375.html,https://alonhadat.com.vn/an-nha-mat-tien-8-10-nguyen-son-q-tan-phu-18757375.html,2026-06-07,2026-06-07 20:16:10.418495,,52000,156156156.15615615,0,0
alonhadat,sale_student_csv,alonhadat_duc_18371404,18371404,"🔥 TÒA NHÀ 7 TẦNG MẶT TIỀN LÊ VĂN VIỆT – VỊ TRÍ VÀNG THỦ ĐỨC 377M2 NGANG 7,6M CHỈ 66 TỶ",66000000000,66 tỷ,377,8,"Đường Lê Văn Việt, Phường Tăng Nhơn Phú, Hồ Chí Minh",Phường Tân Phú,,Quận Tân Phú,1040,Đất,,,,https://alonhadat.com.vn/-toa-nha-7-tang-mat-tien-le-van-viet-vi-tri-vang-thu-duc-377m2-ngang-7-6m-chi-66-ty-18371404.html,https://alonhadat.com.vn/-toa-nha-7-tang-mat-tien-le-van-viet-vi-tri-vang-thu-duc-377m2-ngang-7-6m-chi-66-ty-18371404.html,2026-06-07,2026-06-07 20:16:10.418495,,66000,175066312.99734747,0,0
alonhadat,sale_student_csv,alonhadat_duc_18755474,18755474,"Bán BuilDing 1 Hầm 8 Lầu, MTKD Lũy Bán Bích - Tân Phú - 12x24m - HĐT 300 Triệu",95000000000,95 tỷ,288,30,"Đường Lũy Bán Bích, Phường Tân Sơn Nhì, Hồ Chí Minh",Phường Tân Sơn Nhì,,Quận Tân Phú,1040,Đất,,,,https://alonhadat.com.vn/ban-building-1-ham-8-lau-mtkd-luy-ban-bich-tan-phu-12x24m-hdt-300-trieu-18755474.html,https://alonhadat.com.vn/ban-building-1-ham-8-lau-mtkd-luy-ban-bich-tan-phu-12x24m-hdt-300-trieu-18755474.html,2026-06-07,2026-06-07 20:16:10.418495,,95000,329861111.1111111,0,0
alonhadat,sale_student_csv,alonhadat_duc_18655244,18655244,763M2 MẶT TIỀN THOẠI NGỌC HẦU NGANG 16M GIÁ 120TR/M2,91999000000,"91,999 tỷ",763,1,"Đường Thoại Ngọc Hầu, Phường Tân Phú, Hồ Chí Minh",Phường Hòa Thạnh,,Quận Tân Phú,1040,Đất nền,,,,https://alonhadat.com.vn/763m2-mat-tien-thoai-ngoc-hau-ngang-16m-gia-120tr-m2-18655244.html,https://alonhadat.com.vn/763m2-mat-tien-thoai-ngoc-hau-ngang-16m-gia-120tr-m2-18655244.html,2026-06-07,2026-06-07 20:16:10.418495,,91999,120575360.41939712,0,0
alonhadat,sale_student_csv,alonhadat_duc_18215236,18215236,LÔ ĐẤT GÓC 2MT HẺM 8M TÔ HIỆU 255m2 - 12m x 20m - CHỈ 1x TỶ,15999000000,"15,999 tỷ",255,1,"Đường Tô Hiệu, Phường Phú Thạnh, Hồ Chí Minh",Phường Tân Thới Hòa,,Quận Tân Phú,1040,Đất nền,,,,https://alonhadat.com.vn/lo-dat-goc-2mt-hem-8m-to-hieu-255m2-12m-x-20m-chi-1x-ty-18215236.html,https://alonhadat.com.vn/lo-dat-goc-2mt-hem-8m-to-hieu-255m2-12m-x-20m-chi-1x-ty-18215236.html,2026-06-07,2026-06-07 20:16:10.418495,,15999,62741176.47058824,0,0
alonhadat,sale_student_csv,alonhadat_duc_18390962,18390962,"BIỆT THỰ SIÊU ĐẸP ĐƯỜNG LÀNG TĂNG PHÚ, TNPA, DT 102M2, NGANG KHỦNG 6M SÁT KCN CAO CHỈ 8,2Đ",8199999999.999999,"8,2 tỷ",102,3,"Đường Làng Tăng Phú, Phường Tăng Nhơn Phú, Hồ Chí Minh",Phường Tăng Nhơn Phú A,,Thành phố Thủ Đức,1020,Biệt thự,,,,https://alonhadat.com.vn/biet-thu-sieu-dep-duong-lang-tang-phu-tnpa-dt-102m2-ngang-khung-6m-sat-kcn-cao-chi-8-2d-18390962.html,https://alonhadat.com.vn/biet-thu-sieu-dep-duong-lang-tang-phu-tnpa-dt-102m2-ngang-khung-6m-sat-kcn-cao-chi-8-2d-18390962.html,2026-06-07,2026-06-07 20:16:10.418495,,8199.999999999998,80392156.86274509,0,0
alonhadat,sale_student_csv,alonhadat_duc_18758196,18758196,"Bán nhà Mặt tiền Nguyễn Văn Hưởng và mặt sông Sài Gòn, 20x50m, có bến du thuyền riêng",325000000000,325 tỷ,1000,2,"Đường Nguyễn Văn Hưởng, Phường An Khánh, Hồ Chí Minh",Phường Thảo Điền,,Thành phố Thủ Đức,1020,Biệt thự,,,,https://alonhadat.com.vn/ban-nha-mat-tien-nguyen-van-huong-va-mat-song-sai-gon-20x50m-co-ben-du-thuyen-rieng-18758196.html,https://alonhadat.com.vn/ban-nha-mat-tien-nguyen-van-huong-va-mat-song-sai-gon-20x50m-co-ben-du-thuyen-rieng-18758196.html,2026-06-07,2026-06-07 20:16:10.418495,,325000,325000000,0,0
alonhadat,sale_student_csv,alonhadat_duc_16315297,16315297,Chỉ 130tr triệu/m² biệt thự đường 20m Nguyễn Văn Hưởng gần sông Thảo Điền Q. 2.,46000000000,46 tỷ,350,6,"Đường Nguyễn Văn Hưởng, Phường An Khánh, Hồ Chí Minh",Phường Thảo Điền,,Thành phố Thủ Đức,1020,Biệt thự,,,,https://alonhadat.com.vn/chi-130tr-trieu-m-biet-thu-duong-20m-nguyen-van-huong-gan-song-thao-dien-q-2--16315297.html,https://alonhadat.com.vn/chi-130tr-trieu-m-biet-thu-duong-20m-nguyen-van-huong-gan-song-thao-dien-q-2--16315297.html,2026-06-07,2026-06-07 20:16:10.418495,,46000,131428571.42857143,0,0
alonhadat,sale_student_csv,alonhadat_duc_17234028,17234028,"Bán biệt thự Ngô Quang Huy- Thảo Điền 16x38m , CN 650m2 giá bán 95 tỷ",95000000000,95 tỷ,650,5,"Đường Ngô Quang Huy, Phường An Khánh, Hồ Chí Minh",Phường Thảo Điền,,Thành phố Thủ Đức,1020,Biệt thự,,,,https://alonhadat.com.vn/ban-biet-thu-ngo-quang-huy-thao-dien-16x38m-cn-650m2-gia-ban-95-ty-17234028.html,https://alonhadat.com.vn/ban-biet-thu-ngo-quang-huy-thao-dien-16x38m-cn-650m2-gia-ban-95-ty-17234028.html,2026-06-07,2026-06-07 20:16:10.418495,,95000,146153846.15384614,0,0
alonhadat,sale_student_csv,alonhadat_duc_18756913,18756913,Bán biệt thự view sông khu Villa Thủ Thiêm P. Thạnh mỹ Lợi Quận 2 giá 55 tỷ,55000000000,55 tỷ,351,6,"Đường số 87A, Phường Cát Lái, Hồ Chí Minh",Phường Thạnh Mỹ Lợi,,Thành phố Thủ Đức,1020,Biệt thự,,,,https://alonhadat.com.vn/ban-biet-thu-view-song-khu-villa-thu-thiem-p-thanh-my-loi-quan-2-gia-55-ty-18756913.html,https://alonhadat.com.vn/ban-biet-thu-view-song-khu-villa-thu-thiem-p-thanh-my-loi-quan-2-gia-55-ty-18756913.html,2026-06-07,2026-06-07 20:16:10.418495,,55000,156695156.6951567,0,0
alonhadat,sale_student_csv,alonhadat_duc_18741195,18741195,"Bán Biệt Thự sân vườn đường Trường lưu, Long Trường, Q9, Thủ Đức, TP HCM. DT 624m2, SHR.",15400000000,"15,4 tỷ",624,3,"Đường Trường Thạnh, Phường Long Trường, Hồ Chí Minh",Phường Long Trường,,Thành phố Thủ Đức,1020,Biệt thự,,,,https://alonhadat.com.vn/ban-biet-thu-san-vuon-duong-truong-luu-long-truong-q9-thu-duc-tp-hcm-dt-624m2-shr--18741195.html,https://alonhadat.com.vn/ban-biet-thu-san-vuon-duong-truong-luu-long-truong-q9-thu-duc-tp-hcm-dt-624m2-shr--18741195.html,2026-06-07,2026-06-07 20:16:10.418495,,15400,24679487.17948718,0,0
alonhadat,sale_student_csv,alonhadat_duc_18758275,18758275,"BÁN BIỆT THỰ VIP KHU THẢO ĐIỀN VILLA 500M2 , QUẬN 2, CHỈ 99 TỶ",99000000000,99 tỷ,500,8,"Đường Thảo Điền, Phường An Khánh, Hồ Chí Minh",Phường Thảo Điền,,Thành phố Thủ Đức,1020,Biệt thự,,,,https://alonhadat.com.vn/ban-biet-thu-vip-khu-thao-dien-villa-500m2-quan-2-chi-99-ty-18758275.html,https://alonhadat.com.vn/ban-biet-thu-vip-khu-thao-dien-villa-500m2-quan-2-chi-99-ty-18758275.html,2026-06-07,2026-06-07 20:16:10.418495,,99000,198000000,0,0
alonhadat,sale_student_csv,alonhadat_duc_18758272,18758272,BIỆT THỰ HỒ BƠI NGUYỄN VĂN HƯỞNG 651M² NỞ HẬU 30M 108 TỶ,108000000000,108 tỷ,651,5,"Đường Nguyễn Văn Hưởng, Phường An Khánh, Hồ Chí Minh",Phường Thảo Điền,,Thành phố Thủ Đức,1020,Biệt thự,,,,https://alonhadat.com.vn/biet-thu-ho-boi-nguyen-van-huong-651m-no-hau-30m-108-ty-18758272.html,https://alonhadat.com.vn/biet-thu-ho-boi-nguyen-van-huong-651m-no-hau-30m-108-ty-18758272.html,2026-06-07,2026-06-07 20:16:10.418495,,108000,165898617.51152074,0,0
alonhadat,sale_student_csv,alonhadat_duc_18758269,18758269,"NGỘP BANK! BÁN GẤP BIỆT THỰ GÓC 2MT NGUYỄN VĂN HƯỞNG, THUỘC DỰ ÁN KINGCROWN",100000000000,100 tỷ,299,5,"Đường Nguyễn Văn Hưởng, Phường An Khánh, Hồ Chí Minh",Phường Thảo Điền,,Thành phố Thủ Đức,1020,Biệt thự,,,,https://alonhadat.com.vn/ngop-bank-ban-gap-biet-thu-goc-2mt-nguyen-van-huong-thuoc-du-an-kingcrown-18758269.html,https://alonhadat.com.vn/ngop-bank-ban-gap-biet-thu-goc-2mt-nguyen-van-huong-thuoc-du-an-kingcrown-18758269.html,2026-06-07,2026-06-07 20:16:10.418495,,100000,334448160.53511703,0,0
alonhadat,sale_student_csv,alonhadat_duc_18758266,18758266,KHAN HIẾM ! SIÊU HOT! CHỈ 200TR/M2 TRỤC ĐƯỜNG LƯƠNG ĐỊNH CỦA QUẬN 2,90000000000,90 tỷ,442,4,"Đường Lương Định Của, Phường An Khánh, Hồ Chí Minh",Phường An Phú,,Thành phố Thủ Đức,1020,Biệt thự,,,,https://alonhadat.com.vn/khan-hiem-sieu-hot-chi-200tr-m2-truc-duong-luong-dinh-cua-quan-2-18758266.html,https://alonhadat.com.vn/khan-hiem-sieu-hot-chi-200tr-m2-truc-duong-luong-dinh-cua-quan-2-18758266.html,2026-06-07,2026-06-07 20:16:10.418495,,90000,203619909.50226244,0,0
alonhadat,sale_student_csv,alonhadat_duc_18758249,18758249,"BÁN BIỆT THỰ MINI SÂN VƯỜN TẠI LINH ĐÔNG THỦ ĐỨC, GIÁP PHẠM VĂN ĐỒNG,GIÁ 12.5 TỈ",12500000000,"12,5 tỷ",140,2,"Đường Tô Ngọc Vân, Phường Hiệp Bình, Hồ Chí Minh",Phường Linh Đông,,Thành phố Thủ Đức,1020,Biệt thự,,,,https://alonhadat.com.vn/ban-biet-thu-mini-san-vuon-tai-linh-dong-thu-duc-giap-pham-van-dong-gia-12-5-ti-18758249.html,https://alonhadat.com.vn/ban-biet-thu-mini-san-vuon-tai-linh-dong-thu-duc-giap-pham-van-dong-gia-12-5-ti-18758249.html,2026-06-07,2026-06-07 20:16:10.418495,,12500,89285714.28571428,0,0
alonhadat,sale_student_csv,alonhadat_duc_18758077,18758077,"DINH THỰ KHUÔN VIÊN GẦN 1.000M² GIỮA THẢO ĐIỀN – MẶT TIỀN 51M HIẾM CÓ, HỒ BƠI & SÂN VƯỜN",250000000000,250 tỷ,970,6,"Đường Số 6, Phường An Khánh, Hồ Chí Minh",Phường Thảo Điền,,Thành phố Thủ Đức,1020,Biệt thự,,,,https://alonhadat.com.vn/dinh-thu-khuon-vien-gan-1-000m-giua-thao-dien-mat-tien-51m-hiem-co-ho-boi-san-vuon-18758077.html,https://alonhadat.com.vn/dinh-thu-khuon-vien-gan-1-000m-giua-thao-dien-mat-tien-51m-hiem-co-ho-boi-san-vuon-18758077.html,2026-06-07,2026-06-07 20:16:10.418495,,250000,257731958.76288658,0,0
alonhadat,sale_student_csv,alonhadat_duc_16829660,16829660,"ĐẸP TUYỆT - BIỆT THỰ THẢO ĐIỀN QUẬN 2, THIẾT KẾ PHONG CÁCH CHÂU ÂU, DT 200M2, GIÁ 65 TỶ",65000000000,65 tỷ,200,4,"Đường Nguyễn Văn Hưởng, Phường An Khánh, Hồ Chí Minh",Phường Thảo Điền,,Thành phố Thủ Đức,1020,Biệt thự,,,,https://alonhadat.com.vn/dep-tuyet-biet-thu-thao-dien-quan-2-thiet-ke-phong-cach-chau-au-dt-200m2-gia-65-ty-16829660.html,https://alonhadat.com.vn/dep-tuyet-biet-thu-thao-dien-quan-2-thiet-ke-phong-cach-chau-au-dt-200m2-gia-65-ty-16829660.html,2026-06-07,2026-06-07 20:16:10.418495,,65000,325000000,0,0
alonhadat,sale_student_csv,alonhadat_duc_16829997,16829997,"BIỆT THỰ ĐƯỜNG VÕ TRƯỜNG TOẢN - KHU MASTERI LUMIER QUẬN 2, DIỆN TÍCH 10 X 15M, GIÁ 46 TỶ",46000000000,46 tỷ,150,5,"Đường Võ Trường Toản, Phường An Khánh, Hồ Chí Minh",Phường An Phú,,Thành phố Thủ Đức,1020,Biệt thự,,,,https://alonhadat.com.vn/biet-thu-duong-vo-truong-toan-khu-masteri-lumier-quan-2-dien-tich-10-x-15m-gia-46-ty-16829997.html,https://alonhadat.com.vn/biet-thu-duong-vo-truong-toan-khu-masteri-lumier-quan-2-dien-tich-10-x-15m-gia-46-ty-16829997.html,2026-06-07,2026-06-07 20:16:10.418495,,46000,306666666.6666667,0,0
alonhadat,sale_student_csv,alonhadat_duc_16923896,16923896,"Bán Biệt Thự đường số 21 Trần Não, phường An Khánh, Quận 2, Diện tích 24x15m Giá 63 Tỷ",63000000000,63 tỷ,360,4,"Đường số 21, Phường An Khánh, Hồ Chí Minh",Phường An Khánh,,Thành phố Thủ Đức,1020,Biệt thự,,,,https://alonhadat.com.vn/ban-biet-thu-duong-so-21-tran-nao-phuong-an-khanh-quan-2-dien-tich-24x15m-gia-63-ty-16923896.html,https://alonhadat.com.vn/ban-biet-thu-duong-so-21-tran-nao-phuong-an-khanh-quan-2-dien-tich-24x15m-gia-63-ty-16923896.html,2026-06-07,2026-06-07 20:16:10.418495,,63000,175000000,0,0
alonhadat,sale_student_csv,alonhadat_duc_18602767,18602767,"🏡 VILLA SIÊU HIẾM KHU AN PHÚ – THE VISTA, QUẬN 2 🏡DT:9x17CN:122m2HĐT:50trieu/tháng",33000000000,33 tỷ,122,3,"Đường Số 6, Phường An Khánh, Hồ Chí Minh",Phường An Phú,,Thành phố Thủ Đức,1020,Biệt thự,,,,https://alonhadat.com.vn/-villa-sieu-hiem-khu-an-phu-the-vista-quan-2-dt-9x17cn-122m2hdt-50trieu-thang-18602767.html,https://alonhadat.com.vn/-villa-sieu-hiem-khu-an-phu-the-vista-quan-2-dt-9x17cn-122m2hdt-50trieu-thang-18602767.html,2026-06-07,2026-06-07 20:16:10.418495,,33000,270491803.27868855,0,0
alonhadat,sale_student_csv,alonhadat_duc_18550600,18550600,🔥 GIẢM GIÁ MẠNH – BIỆT THỰ ĐẲNG CẤP TRUNG TÂM HÀNH CHÍNH THỦ ĐỨC 🔥DT:10x23CN:233m2,65000000000,65 tỷ,233,8,"Đường Vũ Phương Đế, Phường Cát Lái, Hồ Chí Minh",Phường Thạnh Mỹ Lợi,,Thành phố Thủ Đức,1020,Biệt thự,,,,https://alonhadat.com.vn/-giam-gia-manh-biet-thu-dang-cap-trung-tam-hanh-chinh-thu-duc-dt-10x23cn-233m2-18550600.html,https://alonhadat.com.vn/-giam-gia-manh-biet-thu-dang-cap-trung-tam-hanh-chinh-thu-duc-dt-10x23cn-233m2-18550600.html,2026-06-07,2026-06-07 20:16:10.418495,,65000,278969957.08154505,0,0
alonhadat,sale_student_csv,alonhadat_duc_18757708,18757708,"Chỉ hơn 55,3 Tỷ!! Bán Biệt Thự Đường Nguyễn Văn Hưởng, Thảo Điền - DT 14x30m - 2 Tầng",55300000000,"55,3 tỷ",370,9,"Đường Nguyễn Văn Hưởng, Phường An Khánh, Hồ Chí Minh",Phường An Khánh,,Thành phố Thủ Đức,1020,Biệt thự,,,,https://alonhadat.com.vn/chi-hon-55-3-ty-ban-biet-thu-duong-nguyen-van-huong-thao-dien-dt-14x30m-2-tang-18757708.html,https://alonhadat.com.vn/chi-hon-55-3-ty-ban-biet-thu-duong-nguyen-van-huong-thao-dien-dt-14x30m-2-tang-18757708.html,2026-06-07,2026-06-07 20:16:10.418495,,55300,149459459.45945945,0,0
alonhadat,sale_student_csv,alonhadat_duc_18757679,18757679,"Bán Biệt Thự Khu VIP Thảo Điền, 15m x 17m, 3 Tầng sân vườn, thiết kế đẹp, full nội thất.",85000000000,85 tỷ,225,5,"Đường Nguyễn Văn Hưởng, Phường An Khánh, Hồ Chí Minh",Phường Thảo Điền,,Thành phố Thủ Đức,1020,Biệt thự,,,,https://alonhadat.com.vn/ban-biet-thu-khu-vip-thao-dien-15m-x-17m-3-tang-san-vuon-thiet-ke-dep-full-noi-that--18757679.html,https://alonhadat.com.vn/ban-biet-thu-khu-vip-thao-dien-15m-x-17m-3-tang-san-vuon-thiet-ke-dep-full-noi-that--18757679.html,2026-06-07,2026-06-07 20:16:10.418495,,85000,377777777.7777778,0,0
alonhadat,sale_student_csv,alonhadat_duc_18757673,18757673,"🏡 Bán biệt thự sân vườn Đường số 61, Thảo Điền (nay thuộc p. An Khánh, TP.HCM)",16500000000,"16,5 tỷ",95,5,"Đường Số 61, Phường An Khánh, Hồ Chí Minh",Phường Thảo Điền,,Thành phố Thủ Đức,1020,Biệt thự,,,,https://alonhadat.com.vn/-ban-biet-thu-san-vuon-duong-so-61-thao-dien-nay-thuoc-p-an-khanh-tp-hcm--18757673.html,https://alonhadat.com.vn/-ban-biet-thu-san-vuon-duong-so-61-thao-dien-nay-thuoc-p-an-khanh-tp-hcm--18757673.html,2026-06-07,2026-06-07 20:16:10.418495,,16500,173684210.52631578,0,0
alonhadat,sale_student_csv,alonhadat_duc_18684893,18684893,"Bán biệt thự Châu Âu MT Lê Quý Đôn, P. Thủ Đức - DT 25x35m - 2 tầng - khai thác tốt - Giá",70000000000,70 tỷ,720,6,"Đường Lê Quý Đôn, Phường Thủ Đức, Hồ Chí Minh",Phường Bình Thọ,,Thành phố Thủ Đức,1020,Biệt thự,,,,https://alonhadat.com.vn/ban-biet-thu-chau-au-mt-le-quy-don-p-thu-duc-dt-25x35m-2-tang-khai-thac-tot-gia-18684893.html,https://alonhadat.com.vn/ban-biet-thu-chau-au-mt-le-quy-don-p-thu-duc-dt-25x35m-2-tang-khai-thac-tot-gia-18684893.html,2026-06-07,2026-06-07 20:16:10.418495,,70000,97222222.22222222,0,0
alonhadat,sale_student_csv,alonhadat_duc_18390911,18390911,BIỆT THỰ 2 MẶT TIỀN - GARA Ô TÔ – 7PN 220M2(9.5x23) - HIỆP PHÚ THỦ ĐỨC - CHỈ 2️⃣1️⃣.5️⃣ Tỷ,21500000000,"21,5 tỷ",220,7,"Đường Lê Văn Việt, Phường Tăng Nhơn Phú, Hồ Chí Minh",Phường Hiệp Phú,,Thành phố Thủ Đức,1020,Biệt thự,,,,https://alonhadat.com.vn/biet-thu-2-mat-tien-gara-o-to-7pn-220m2-9-5x23-hiep-phu-thu-duc-chi-2-1-5-ty-18390911.html,https://alonhadat.com.vn/biet-thu-2-mat-tien-gara-o-to-7pn-220m2-9-5x23-hiep-phu-thu-duc-chi-2-1-5-ty-18390911.html,2026-06-07,2026-06-07 20:16:10.418495,,21500,97727272.72727273,0,0
alonhadat,sale_student_csv,alonhadat_duc_18757325,18757325,"Bán biệt thự Đường 17, An Phú, Quận 2, 10mx20m, hàm 3 tầng",75000000000,75 tỷ,200,6,"Đường D17, Phường An Khánh, Hồ Chí Minh",Phường An Phú,,Thành phố Thủ Đức,1020,Biệt thự,,,,https://alonhadat.com.vn/ban-biet-thu-duong-17-an-phu-quan-2-10mx20m-ham-3-tang-18757325.html,https://alonhadat.com.vn/ban-biet-thu-duong-17-an-phu-quan-2-10mx20m-ham-3-tang-18757325.html,2026-06-07,2026-06-07 20:16:10.418495,,75000,375000000,0,0
alonhadat,sale_student_csv,alonhadat_duc_18757180,18757180,"Villa 2 mặt tiền sông An Phú, Quận 2 – 120 tỷ",120000000000,120 tỷ,250,7,"Đường Thân Vân Nhiếp, Phường An Khánh, Hồ Chí Minh",Phường An Phú,,Thành phố Thủ Đức,1020,Biệt thự,,,,https://alonhadat.com.vn/villa-2-mat-tien-song-an-phu-quan-2-120-ty-18757180.html,https://alonhadat.com.vn/villa-2-mat-tien-song-an-phu-quan-2-120-ty-18757180.html,2026-06-07,2026-06-07 20:16:10.418495,,120000,480000000,0,0
alonhadat,sale_student_csv,alonhadat_duc_18750134,18750134,"Bán Biệt Thự 3 tầng, khu Compound Thảo Nguyên Sài Gòn - P. Long Bình, Quận 9.",36000000000,36 tỷ,415,6,"Đường Hoàng Hữu Nam, Phường Long Bình, Hồ Chí Minh",Phường Long Bình,,Thành phố Thủ Đức,1020,Biệt thự,,,,https://alonhadat.com.vn/ban-biet-thu-3-tang-khu-compound-thao-nguyen-sai-gon-p-long-binh-quan-9--18750134.html,https://alonhadat.com.vn/ban-biet-thu-3-tang-khu-compound-thao-nguyen-sai-gon-p-long-binh-quan-9--18750134.html,2026-06-07,2026-06-07 20:16:10.418495,,36000,86746987.95180723,0,0
alonhadat,sale_student_csv,alonhadat_duc_16615808,16615808,Bán Biệt Thự Vườn 1030m2 Ngang 28x38m Vuông Đẹp-Gần Khu Thảo Điền-Cầu Rạch Chiếc-Khu Vip,75000000000,75 tỷ,1030,6,"Đường Hồ Bá Phấn, Phường Phước Long, Hồ Chí Minh",Phường Phước Long A,,Thành phố Thủ Đức,1020,Biệt thự,,,,https://alonhadat.com.vn/ban-biet-thu-vuon-1030m2-ngang-28x38m-vuong-dep-gan-khu-thao-dien-cau-rach-chiec-khu-vip-16615808.html,https://alonhadat.com.vn/ban-biet-thu-vuon-1030m2-ngang-28x38m-vuong-dep-gan-khu-thao-dien-cau-rach-chiec-khu-vip-16615808.html,2026-06-07,2026-06-07 20:16:10.418495,,75000,72815533.98058252,0,0
alonhadat,sale_student_csv,alonhadat_duc_18593014,18593014,"Bán Gấp Căn Hộ 2PN 1wc Chung Cư Fresca Riverside 54m2 Có sổ, Hỗ trợ vay Bank",2390000000,"2,39 tỷ",54,2,"Đường Số 6, Phường Tam Bình, Hồ Chí Minh",Phường Bình Chiểu,,Thành phố Thủ Đức,1010,Căn hộ chung cư,,,,https://alonhadat.com.vn/ban-gap-can-ho-2pn-1wc-chung-cu-fresca-riverside-54m2-co-so-ho-tro-vay-bank-18593014.html,https://alonhadat.com.vn/ban-gap-can-ho-2pn-1wc-chung-cu-fresca-riverside-54m2-co-so-ho-tro-vay-bank-18593014.html,2026-06-07,2026-06-07 20:16:10.418495,,2390,44259259.25925926,0,0
alonhadat,sale_student_csv,alonhadat_duc_17732848,17732848,"Tòa Căn Hộ Thảo Điền, MT ngay Quốc Hương. Hầm + 7 Tầng, 180tr/Tháng. Hiếm, Giảm 10 Tỷ",65000000000,65 tỷ,208,18,"Đường Quốc Hương, Phường An Khánh, Hồ Chí Minh",Phường Thảo Điền,,Thành phố Thủ Đức,1010,Căn hộ chung cư,,,,https://alonhadat.com.vn/toa-can-ho-thao-dien-mt-ngay-quoc-huong-ham-7-tang-180tr-thang-hiem-giam-10-ty-17732848.html,https://alonhadat.com.vn/toa-can-ho-thao-dien-mt-ngay-quoc-huong-ham-7-tang-180tr-thang-hiem-giam-10-ty-17732848.html,2026-06-07,2026-06-07 20:16:10.418495,,65000,312500000,0,0
alonhadat,sale_student_csv,alonhadat_duc_18739242,18739242,"BÁN TÒA CĂN HỘ DỊCH VỤ – KHU BÌNH AN, QUẬN 2 - 9X13M- 4 TẦNG- HĐT: 75 TRIỆU- GIÁ: 38 TỶ",38000000000,38 tỷ,115,12,"Đường số 1, Phường An Khánh, Hồ Chí Minh",Phường Bình An,,Thành phố Thủ Đức,1010,Căn hộ chung cư,,,,https://alonhadat.com.vn/ban-toa-can-ho-dich-vu-khu-binh-an-quan-2-9x13m-4-tang-hdt-75-trieu-gia-38-ty-18739242.html,https://alonhadat.com.vn/ban-toa-can-ho-dich-vu-khu-binh-an-quan-2-9x13m-4-tang-hdt-75-trieu-gia-38-ty-18739242.html,2026-06-07,2026-06-07 20:16:10.418495,,38000,330434782.6086956,0,0
alonhadat,sale_student_csv,alonhadat_duc_18756727,18756727,Bán Căn hộ chung cư TDH Riverview Bình Chiểu Chợ đầu mối Thủ Đức 61m2 2PN 2wc có sổ,2390000000,"2,39 tỷ",61,2,"Đường Ngô Chí Quốc, Phường Tam Bình, Hồ Chí Minh",Phường Bình Chiểu,,Thành phố Thủ Đức,1010,Căn hộ chung cư,,,,https://alonhadat.com.vn/ban-can-ho-chung-cu-tdh-riverview-binh-chieu-cho-dau-moi-thu-duc-61m2-2pn-2wc-co-so-18756727.html,https://alonhadat.com.vn/ban-can-ho-chung-cu-tdh-riverview-binh-chieu-cho-dau-moi-thu-duc-61m2-2pn-2wc-co-so-18756727.html,2026-06-07,2026-06-07 20:16:10.418495,,2390,39180327.86885246,0,0
alonhadat,sale_student_csv,alonhadat_duc_14333418,14333418,"MT Khổng Tử, Bình Thọ, Bình Thọ, Thủ Đức - DT: 33mx50m. CN: 1593m2 - Hầm 6 lầu - 210 Tỷ",210000000000,210 tỷ,1593,30,"Đường Khổng Tử, Phường Thủ Đức, Hồ Chí Minh",Phường Bình Thọ,,Thành phố Thủ Đức,1030,Mặt bằng,,,,https://alonhadat.com.vn/mt-khong-tu-binh-tho-binh-tho-thu-duc-dt-33mx50m-cn-1593m2-ham-6-lau-210-ty-14333418.html,https://alonhadat.com.vn/mt-khong-tu-binh-tho-binh-tho-thu-duc-dt-33mx50m-cn-1593m2-ham-6-lau-210-ty-14333418.html,2026-06-07,2026-06-07 20:16:10.418495,,210000,131826741.99623352,0,0
alonhadat,sale_student_csv,alonhadat_duc_18608506,18608506,"Bán Xưởng Gần 400m2 - QL1K Cách Thủ Đức 15p, Đường Xe Tải",12000000000,12 tỷ,360,6,"Đường Quốc Lộ 1k, Phường Linh Xuân, Hồ Chí Minh",Phường Linh Xuân,,Thành phố Thủ Đức,1030,Mặt bằng,,,,https://alonhadat.com.vn/ban-xuong-gan-400m2-ql1k-cach-thu-duc-15p-duong-xe-tai-18608506.html,https://alonhadat.com.vn/ban-xuong-gan-400m2-ql1k-cach-thu-duc-15p-duong-xe-tai-18608506.html,2026-06-07,2026-06-07 20:16:10.418495,,12000,33333333.333333332,0,0
alonhadat,sale_student_csv,alonhadat_duc_18160271,18160271,XE TẢI THÔNG - GẦN 100M2 - NGANG 5M - SẴN DÒNG TIỀN - CHỈ 7.2 TỶ TL,7200000000,"7,2 tỷ",97,8,"Đường Lã Xuân Oai, Phường Tăng Nhơn Phú, Hồ Chí Minh",Phường Tăng Nhơn Phú A,,Thành phố Thủ Đức,1050,Nhà trọ,,,,https://alonhadat.com.vn/xe-tai-thong-gan-100m2-ngang-5m-san-dong-tien-chi-7-2-ty-tl-18160271.html,https://alonhadat.com.vn/xe-tai-thong-gan-100m2-ngang-5m-san-dong-tien-chi-7-2-ty-tl-18160271.html,2026-06-07,2026-06-07 20:16:10.418495,,7200,74226804.12371135,0,0
alonhadat,sale_student_csv,alonhadat_duc_18245883,18245883,"💥 **MẶT TIỀN TRẦN THỊ ĐIỆU – PHƯỚC LONG B – 285M² – GIÁ CHỈ 29,5 TỶ (TL)**",29500000000,"29,5 tỷ",285,10,"Đường Trần Thị Điệu, Phường Phước Long, Hồ Chí Minh",Phường Phước Long B,,Thành phố Thủ Đức,1050,Nhà trọ,,,,https://alonhadat.com.vn/-mat-tien-tran-thi-dieu-phuoc-long-b-285m-gia-chi-29-5-ty-tl--18245883.html,https://alonhadat.com.vn/-mat-tien-tran-thi-dieu-phuoc-long-b-285m-gia-chi-29-5-ty-tl--18245883.html,2026-06-07,2026-06-07 20:16:10.418495,,29500,103508771.92982456,0,0
alonhadat,sale_student_csv,alonhadat_duc_18758979,18758979,NHÀ 3 TẦNG BÌNH CHIỂU – HXH – CHỈ 4.9 TỶ TL,4900000000,"4,9 tỷ",51,3,"Đường Ngô Chí Quốc, Phường Tam Bình, Hồ Chí Minh",Phường Bình Chiểu,,Thành phố Thủ Đức,1020,Nhà ở,,,,https://alonhadat.com.vn/nha-3-tang-binh-chieu-hxh-chi-4-9-ty-tl-18758979.html,https://alonhadat.com.vn/nha-3-tang-binh-chieu-hxh-chi-4-9-ty-tl-18758979.html,2026-06-07,2026-06-07 20:16:10.418495,,4900,96078431.37254901,0,0
alonhadat,sale_student_csv,alonhadat_duc_18758056,18758056,NHÀ 1 TRỆT 1 LẨU NGANG 5M 104M2 ĐƯỜNG LÊ THỊ HOA,105000000000,105 tỷ,104,4,"Đường Lê Thị Hoa, Phường Tam Bình, Hồ Chí Minh",Phường Tam Bình,,Thành phố Thủ Đức,1020,Nhà ở,,,,https://alonhadat.com.vn/nha-1-tret-1-lau-ngang-5m-104m2-duong-le-thi-hoa-18758056.html,https://alonhadat.com.vn/nha-1-tret-1-lau-ngang-5m-104m2-duong-le-thi-hoa-18758056.html,2026-06-07,2026-06-07 20:16:10.418495,,105000,1009615384.6153846,0,0
alonhadat,sale_student_csv,alonhadat_duc_18068122,18068122,Bán Nhà 3 Tầng Kiên Cố Sổ Hoàn Công - Giá 4ty7 tổng 152m2 sử dụng - Đường 6m Oto qua lại,4700000000,"4,7 tỷ",57,3,"Đường Tỉnh Lộ 43, Phường Tam Bình, Hồ Chí Minh",Phường Bình Chiểu,,Thành phố Thủ Đức,1020,Nhà ở,,,,https://alonhadat.com.vn/ban-nha-3-tang-kien-co-so-hoan-cong-gia-3ty7-tong-152m2-su-dung-duong-6m-oto-qua-lai-18068122.html,https://alonhadat.com.vn/ban-nha-3-tang-kien-co-so-hoan-cong-gia-3ty7-tong-152m2-su-dung-duong-6m-oto-qua-lai-18068122.html,2026-06-07,2026-06-07 20:16:10.418495,,4700,82456140.3508772,0,0
alonhadat,sale_student_csv,alonhadat_duc_18757566,18757566,NHÀ 3 TẦNG MỚI TINH XE HƠI NGỦ TRONG NHÀ TẶNG NỘI THẤT XỊN SÒ 95M2 ĐƯỜNG THÔNG 10M,9800000000,"9,8 tỷ",90,4,"Đường Nguyễn Duy Trinh, Phường Long Trường, Hồ Chí Minh",Phường Phú Hữu,,Thành phố Thủ Đức,1020,Nhà ở,,,,https://alonhadat.com.vn/nha-3-tang-moi-tinh-xe-hoi-ngu-trong-nha-tang-noi-that-xin-so-95m2-duong-thong-10m-18757566.html,https://alonhadat.com.vn/nha-3-tang-moi-tinh-xe-hoi-ngu-trong-nha-tang-noi-that-xin-so-95m2-duong-thong-10m-18757566.html,2026-06-07,2026-06-07 20:16:10.418495,,9800,108888888.8888889,0,0
alonhadat,sale_student_csv,alonhadat_duc_17954182,17954182,"NHÀ CẤP 4 DIỆN TÍCH 82M2 SIÊU RẺ GẦN VINCOM LÊ VĂN VIỆT CHỈ 3,7 TỶ",3700000000,"3,7 tỷ",82,2,"Đường Lê Văn Việt, Phường Tăng Nhơn Phú, Hồ Chí Minh",Phường Tăng Nhơn Phú B,,Thành phố Thủ Đức,1020,Nhà ở,,,,https://alonhadat.com.vn/nha-cap-4-dien-tich-82m2-sieu-re-gan-vincom-le-van-viet-chi-3-7-ty-17954182.html,https://alonhadat.com.vn/nha-cap-4-dien-tich-82m2-sieu-re-gan-vincom-le-van-viet-chi-3-7-ty-17954182.html,2026-06-07,2026-06-07 20:16:10.418495,,3700,45121951.219512194,0,0
alonhadat,sale_student_csv,alonhadat_duc_18002485,18002485,"BÁN NHÀ GÓC 2 MẶT TIỀN 60M² – 1 TRỆT 1 LẦU – TĂNG NHƠN PHÚ B – 6,5 TỶ",6500000000,"6,5 tỷ",60,2,"Đường Số 2, Phường Tăng Nhơn Phú, Hồ Chí Minh",Phường Tăng Nhơn Phú B,,Thành phố Thủ Đức,1020,Nhà ở,,,,https://alonhadat.com.vn/ban-nha-goc-2-mat-tien-60m-1-tret-1-lau-tang-nhon-phu-b-6-5-ty-18002485.html,https://alonhadat.com.vn/ban-nha-goc-2-mat-tien-60m-1-tret-1-lau-tang-nhon-phu-b-6-5-ty-18002485.html,2026-06-07,2026-06-07 20:16:10.418495,,6500,108333333.33333333,0,0
alonhadat,sale_student_csv,alonhadat_duc_17877178,17877178,"NHÀ NGỘP BANK TRUNG TÂM HIỆP PHÚ 1T1L MẶT TIỀN GẦN XA LỘ HÀ NỘI, NGAY SÁT METRO CHỈ 8,5 TỶ",8500000000,"8,5 tỷ",93,4,"Đường Tân Hòa 2, Phường Tăng Nhơn Phú, Hồ Chí Minh",Phường Hiệp Phú,,Thành phố Thủ Đức,1020,Nhà ở,,,,https://alonhadat.com.vn/nha-ngop-bank-trung-tam-hiep-phu-1t1l-mat-tien-gan-xa-lo-ha-noi-ngay-sat-metro-chi-8-5-ty-17877178.html,https://alonhadat.com.vn/nha-ngop-bank-trung-tam-hiep-phu-1t1l-mat-tien-gan-xa-lo-ha-noi-ngay-sat-metro-chi-8-5-ty-17877178.html,2026-06-07,2026-06-07 20:16:10.418495,,8500,91397849.4623656,0,0
alonhadat,sale_student_csv,alonhadat_duc_18365163,18365163,"💥 **NHÀ 2 MT HXH – NGANG 6M HIẾM – 89M² – GIÁ CHỈ 8.5 TỶ | GẦN CHỢ TNPB, Ở NGAY** 💥",8500000000,"8,5 tỷ",89,3,"Đường Đình Phong Phú, Phường Tăng Nhơn Phú, Hồ Chí Minh",Phường Tăng Nhơn Phú B,,Thành phố Thủ Đức,1020,Nhà ở,,,,https://alonhadat.com.vn/-nha-2-mt-hxh-ngang-6m-hiem-89m-gia-chi-8-5-ty-gan-cho-tnpb-o-ngay--18365163.html,https://alonhadat.com.vn/-nha-2-mt-hxh-ngang-6m-hiem-89m-gia-chi-8-5-ty-gan-cho-tnpb-o-ngay--18365163.html,2026-06-07,2026-06-07 20:16:10.418495,,8500,95505617.9775281,0,0
alonhadat,sale_student_csv,alonhadat_duc_18115608,18115608,🍀🌺🍀CHỈ 7 TỶ HƠN♦️86M2 x 3 TẦNG - HẺM XE HƠI 6M - ĐÌNH PHONG PHÚ,7100000000,"7,1 tỷ",86,3,"Đường Đình Phong Phú, Phường Tăng Nhơn Phú, Hồ Chí Minh",Phường Tăng Nhơn Phú B,,Thành phố Thủ Đức,1020,Nhà ở,,,,https://alonhadat.com.vn/-chi-7-ty-hon-86m2-x-3-tang-hem-xe-hoi-6m-dinh-phong-phu-18115608.html,https://alonhadat.com.vn/-chi-7-ty-hon-86m2-x-3-tang-hem-xe-hoi-6m-dinh-phong-phu-18115608.html,2026-06-07,2026-06-07 20:16:10.418495,,7100,82558139.53488372,0,0
alonhadat,sale_student_csv,alonhadat_duc_17882092,17882092,"Bán nhà đường Man Thiện, Tăng Nhơn Phú A, Q9, Thủ Đức, TP HCM , DT 72m2, 4 tầng . Giá 9.85",9850000000,"9,85 tỷ",72,4,"Đường Man Thiện, Phường Tăng Nhơn Phú, Hồ Chí Minh",Phường Tăng Nhơn Phú A,,Thành phố Thủ Đức,1020,Nhà ở,,,,https://alonhadat.com.vn/ban-nha-duong-man-thien-tang-nhon-phu-a-q9-thu-duc-tp-hcm-dt-72m2-4-tang-gia-9-8-17882092.html,https://alonhadat.com.vn/ban-nha-duong-man-thien-tang-nhon-phu-a-q9-thu-duc-tp-hcm-dt-72m2-4-tang-gia-9-8-17882092.html,2026-06-07,2026-06-07 20:16:10.418495,,9850,136805555.55555555,0,0
alonhadat,sale_student_csv,alonhadat_duc_16195256,16195256,"Bán nhà hầm 3 tầng khu phía sông đường Trần Não, P Bình An, Quận 2 DT: 8.4x20m. Giá 35 tỷ",35000000000,35 tỷ,168,4,"Đường Trần Não, Phường An Khánh, Hồ Chí Minh",Phường An Khánh,,Thành phố Thủ Đức,1020,Nhà ở,,,,https://alonhadat.com.vn/ban-nha-ham-3-tang-khu-phia-song-duong-tran-nao-p-binh-an-quan-2-dt-8-4x20m-gia-35-ty-16195256.html,https://alonhadat.com.vn/ban-nha-ham-3-tang-khu-phia-song-duong-tran-nao-p-binh-an-quan-2-dt-8-4x20m-gia-35-ty-16195256.html,2026-06-07,2026-06-07 20:16:10.418495,,35000,208333333.33333334,0,0
alonhadat,sale_student_csv,alonhadat_duc_18755775,18755775,"CHDV- HOÀN CÔNG CHUẨN TỪNG MILIMET 💞💞🥑 MẶT TIỀN VỊ TRÍ ĐẸP, NGAY KV LINH CHIỂU. DÒNG TI",26000000000,26 tỷ,193,28,"Đường số 9, Phường Linh Xuân, Hồ Chí Minh",Phường Linh Trung,,Thành phố Thủ Đức,1020,Nhà ở,,,,https://alonhadat.com.vn/chdv-hoan-cong-chuan-tung-milimet-mat-tien-vi-tri-dep-ngay-kv-linh-chieu-dong-ti-18755775.html,https://alonhadat.com.vn/chdv-hoan-cong-chuan-tung-milimet-mat-tien-vi-tri-dep-ngay-kv-linh-chieu-dong-ti-18755775.html,2026-06-07,2026-06-07 20:16:10.418495,,26000,134715025.90673575,0,0
alonhadat,sale_student_csv,alonhadat_duc_18727106,18727106,🔑 NHÀ MẶT TIỀN — VỊ TRÍ VÀNG THỦ ĐỨC — CẦN BÁN GẤP Căn nhà mặt tiền đường số 13 Bình Thọ,15000000000,15 tỷ,180,2,"Đường Số 13, Phường Thủ Đức, Hồ Chí Minh",Phường Bình Thọ,,Thành phố Thủ Đức,1020,Nhà ở,,,,https://alonhadat.com.vn/-nha-mat-tien-vi-tri-vang-thu-duc-can-ban-gap-can-nha-mat-tien-duong-so-13-binh-tho-18727106.html,https://alonhadat.com.vn/-nha-mat-tien-vi-tri-vang-thu-duc-can-ban-gap-can-nha-mat-tien-duong-so-13-binh-tho-18727106.html,2026-06-07,2026-06-07 20:16:10.418495,,15000,83333333.33333333,0,0
alonhadat,sale_student_csv,alonhadat_duc_18751053,18751053,"Bán nhà đường 160, Tăng Nhơn Phú A, Q9. Thủ Đức, TP HCM. DT 52m2, 2 tầng. Giá 5,18 tỷ.",5180000000,"5,18 tỷ",52,2,"Phường Tăng Nhơn Phú, Hồ Chí Minh",Phường Tăng Nhơn Phú A,,Thành phố Thủ Đức,1020,Nhà ở,,,,https://alonhadat.com.vn/ban-nha-duong-160-tang-nhon-phu-a-q9-thu-duc-tp-hcm-dt-52m2-2-tang-gia-5-18-ty--18751053.html,https://alonhadat.com.vn/ban-nha-duong-160-tang-nhon-phu-a-q9-thu-duc-tp-hcm-dt-52m2-2-tang-gia-5-18-ty--18751053.html,2026-06-07,2026-06-07 20:16:10.418495,,5180,99615384.61538461,0,0
alonhadat,sale_student_csv,alonhadat_duc_18622810,18622810,Nhà 2 lầu Trường Lưu Q9 71m² đường 8m chỉ 3.8 tỷ (TL),3800000000,"3,8 tỷ",71,3,"Đường Trường Lưu, Phường Long Trường, Hồ Chí Minh",Phường Long Trường,,Thành phố Thủ Đức,1020,Nhà ở,,,,https://alonhadat.com.vn/nha-2-lau-truong-luu-q9-71m-duong-8m-chi-3-8-ty-tl--18622810.html,https://alonhadat.com.vn/nha-2-lau-truong-luu-q9-71m-duong-8m-chi-3-8-ty-tl--18622810.html,2026-06-07,2026-06-07 20:16:10.418495,,3800,53521126.76056338,0,0
alonhadat,sale_student_csv,alonhadat_duc_18620135,18620135,"BÁN NHÀ PHƯỜNG BÌNH AN, QUẬN 2 – GIÁ GIẢM MẠNH 5 TỶ- 7X18M -4 TẦNG - GIÁ : 18.9 TỶ",18900000000,"18,9 tỷ",125,10,"Đường số 27, Phường An Khánh, Hồ Chí Minh",Phường Bình An,,Thành phố Thủ Đức,1020,Nhà ở,,,,https://alonhadat.com.vn/mua-dat-tang-nha-q2-ha-5-ty-duong-so-27-7x18m-4-tang-hdt-40-trieu-gia-18-9-ty-18620135.html,https://alonhadat.com.vn/mua-dat-tang-nha-q2-ha-5-ty-duong-so-27-7x18m-4-tang-hdt-40-trieu-gia-18-9-ty-18620135.html,2026-06-07,2026-06-07 20:16:10.418495,,18900,151200000,0,0
alonhadat,sale_student_csv,alonhadat_duc_16315342,16315342,"Bán nhà siêu vị trí mặt tiền Song Hành Q.2, 10x20m, CN 200m² giá 75 tỷ.",75000000000,75 tỷ,200,10,"Đường Song Hành, Phường An Khánh, Hồ Chí Minh",Phường An Phú,,Thành phố Thủ Đức,1020,Nhà ở,,,,https://alonhadat.com.vn/ban-nha-mat-tien-song-hanh-sieu-vi-tri-q-2-15x20m-cn-300m-hdt-250-th-gia-120-ty--16315342.html,https://alonhadat.com.vn/ban-nha-mat-tien-song-hanh-sieu-vi-tri-q-2-15x20m-cn-300m-hdt-250-th-gia-120-ty--16315342.html,2026-06-07,2026-06-07 20:16:10.418495,,75000,375000000,0,0
alonhadat,sale_student_csv,alonhadat_duc_18756837,18756837,"CHÍNH CHỦ CẦN BÁN NHÀ VŨ TÔNG PHAN, AN PHÚ, QUẬN 2 - GIÁ: 6,82TỶ/63M3 - THUÊ 24TR/THÁNG",6820000000,"6,82 tỷ",63,3,"Đường Vũ Tông Phan, Phường An Khánh, Hồ Chí Minh",Phường An Phú,,Thành phố Thủ Đức,1020,Nhà ở,,,,https://alonhadat.com.vn/chinh-chu-can-ban-nha-vu-tong-phan-an-phu-quan-2-gia-6-82ty-63m3-thue-24tr-thang-18756837.html,https://alonhadat.com.vn/chinh-chu-can-ban-nha-vu-tong-phan-an-phu-quan-2-gia-6-82ty-63m3-thue-24tr-thang-18756837.html,2026-06-07,2026-06-07 20:16:10.418495,,6820,108253968.25396825,0,0
alonhadat,sale_student_csv,alonhadat_duc_18453965,18453965,"Bán nhà Lã Xuân Oai, Long Trường, Q9, Thủ Đức, TP HCM. DT 54m2, 4 tầng, SHR - Giá 6.7 tỷ",6700000000,"6,7 tỷ",54,3,"Đường Lã Xuân Oai, Phường Long Trường, Hồ Chí Minh",Phường Long Trường,,Thành phố Thủ Đức,1020,Nhà ở,,,,https://alonhadat.com.vn/ban-nha-la-xuan-oai-long-truong-q9-thu-duc-tp-hcm-dt-54m2-4-tang-shr-gia-6-7-ty-18453965.html,https://alonhadat.com.vn/ban-nha-la-xuan-oai-long-truong-q9-thu-duc-tp-hcm-dt-54m2-4-tang-shr-gia-6-7-ty-18453965.html,2026-06-07,2026-06-07 20:16:10.418495,,6700,124074074.07407407,0,0
alonhadat,sale_student_csv,alonhadat_duc_18454050,18454050,"Bán nhà 4 tầng đường Số 6, Long Trường, Q9, Thủ Đức, TP HCM. DT - 56m2, 4PN, SH, 6.65 tỷ",6650000000,"6,65 tỷ",56,4,"Đường Số 6, Phường Long Trường, Hồ Chí Minh",Phường Long Trường,,Thành phố Thủ Đức,1020,Nhà ở,,,,https://alonhadat.com.vn/ban-nha-4-tang-duong-so-6-long-truong-q9-thu-duc-tp-hcm-dt-56m2-4pn-sh-6-65-ty-18454050.html,https://alonhadat.com.vn/ban-nha-4-tang-duong-so-6-long-truong-q9-thu-duc-tp-hcm-dt-56m2-4pn-sh-6-65-ty-18454050.html,2026-06-07,2026-06-07 20:16:10.418495,,6650,118750000,0,0
alonhadat,sale_student_csv,alonhadat_duc_18204728,18204728,"Bán nhà mặt phố đường số 4, Phường Linh Xuân, TP HCM. DT 140m2, 3 tầng, giá 8.35 tỷ.",8350000000,"8,35 tỷ",140,4,"Đường Số 4, Phường Linh Xuân, Hồ Chí Minh",Phường Linh Xuân,,Thành phố Thủ Đức,1020,Nhà ở,,,,https://alonhadat.com.vn/ban-nha-mat-pho-duong-so-4-phuong-linh-xuan-tp-hcm-dt-140m2-3-tang-gia-8-85-ty--18204728.html,https://alonhadat.com.vn/ban-nha-mat-pho-duong-so-4-phuong-linh-xuan-tp-hcm-dt-140m2-3-tang-gia-8-85-ty--18204728.html,2026-06-07,2026-06-07 20:16:10.418495,,8350,59642857.14285714,0,0
alonhadat,sale_student_csv,alonhadat_duc_18331549,18331549,"Bán nhà đường Đặng Văn Bi, Trường Thọ, Thủ Đức, TP HCM. DT 80m2, 2 tầng SHR. Giá - 5,8 tỷ",5800000000,"5,8 tỷ",80,3,"Đường Đặng Văn Bi, Phường Thủ Đức, Hồ Chí Minh",Phường Trường Thọ,,Thành phố Thủ Đức,1020,Nhà ở,,,,https://alonhadat.com.vn/ban-nha-duong-dang-van-bi-truong-tho-thu-duc-tp-hcm-dt-80m2-2-tang-shr-gia-6-28-18331549.html,https://alonhadat.com.vn/ban-nha-duong-dang-van-bi-truong-tho-thu-duc-tp-hcm-dt-80m2-2-tang-shr-gia-6-28-18331549.html,2026-06-07,2026-06-07 20:16:10.418495,,5800,72500000,0,0
alonhadat,sale_student_csv,alonhadat_duc_18755367,18755367,"Bán nhà 3 tầng đường Số 8, Linh Trung, Thủ Đức, TP HCM. DT 106m2, sổ hồng riêng, giá 7.5",7500000000,"7,5 tỷ",106,4,"Đường Số 8, Phường Linh Xuân, Hồ Chí Minh",Phường Linh Trung,,Thành phố Thủ Đức,1020,Nhà ở,,,,https://alonhadat.com.vn/ban-nha-3-tang-duong-so-8-linh-trung-thu-duc-tp-hcm-dt-106m2-so-hong-rieng-gia-7-5-18755367.html,https://alonhadat.com.vn/ban-nha-3-tang-duong-so-8-linh-trung-thu-duc-tp-hcm-dt-106m2-so-hong-rieng-gia-7-5-18755367.html,2026-06-07,2026-06-07 20:16:10.418495,,7500,70754716.98113208,0,0
alonhadat,sale_student_csv,alonhadat_duc_18661288,18661288,"Bán nhà đường số 22, Phường Bình Trưng, Q2, TP HCM. DT 116m2, 4 tầng, 6PN, sổ hồng, 6,8 tỷ",6800000000,"6,8 tỷ",116,6,"Đường Số 22, Phường Bình Trưng, Hồ Chí Minh",Phường Bình Trưng Tây,,Thành phố Thủ Đức,1020,Nhà ở,,,,https://alonhadat.com.vn/ban-nha-duong-so-22-phuong-binh-trung-q2-tp-hcm-dt-132m2-4-tang-6pn-so-hong-7-5-ty-18661288.html,https://alonhadat.com.vn/ban-nha-duong-so-22-phuong-binh-trung-q2-tp-hcm-dt-132m2-4-tang-6pn-so-hong-7-5-ty-18661288.html,2026-06-07,2026-06-07 20:16:10.418495,,6800,58620689.655172415,0,0
alonhadat,sale_student_csv,alonhadat_duc_18745979,18745979,"Bán nhà, đường số 8, Linh Xuân, Thủ Đức. TP HCM. DT 112m2, 3 tầng, Sổ hồng riêng, giá 8.5",8500000000,"8,5 tỷ",112,4,"Đường Số 8, Phường Linh Xuân, Hồ Chí Minh",Phường Linh Xuân,,Thành phố Thủ Đức,1020,Nhà ở,,,,https://alonhadat.com.vn/ban-nha-duong-so-8-linh-xuan-thu-duc-tp-hcm-dt-112m2-3-tang-so-hong-rieng-gia-8-5-18745979.html,https://alonhadat.com.vn/ban-nha-duong-so-8-linh-xuan-thu-duc-tp-hcm-dt-112m2-3-tang-so-hong-rieng-gia-8-5-18745979.html,2026-06-07,2026-06-07 20:16:10.418495,,8500,75892857.14285715,0,0
alonhadat,sale_student_csv,alonhadat_duc_18751318,18751318,"Bán nhà mặt tiền đường 494, Tăng Nhơn Phú A, Q9, Thủ Đức, TP HCM. DT 105m2 , 4 tầng, giá",14900000000,"14,9 tỷ",105,4,"Phường Tăng Nhơn Phú, Hồ Chí Minh",Phường Tăng Nhơn Phú A,,Thành phố Thủ Đức,1020,Nhà ở,,,,https://alonhadat.com.vn/ban-nha-mat-tien-duong-494-tang-nhon-phu-a-q9-thu-duc-tp-hcm-dt-105m2-4-tang-gia-18751318.html,https://alonhadat.com.vn/ban-nha-mat-tien-duong-494-tang-nhon-phu-a-q9-thu-duc-tp-hcm-dt-105m2-4-tang-gia-18751318.html,2026-06-07,2026-06-07 20:16:10.418495,,14900,141904761.9047619,0,0
alonhadat,sale_student_csv,alonhadat_duc_18369895,18369895,"Bán nhà đường Bưng Ông Thoàn, Phú Hữu, Q9, TP HCM. DT 81m2, 4 tầng. Giá 8.9 tỷ, SH -",8900000000,"8,9 tỷ",81,6,"Đường Bưng Ông Thoàn, Phường Long Trường, Hồ Chí Minh",Phường Phú Hữu,,Thành phố Thủ Đức,1020,Nhà ở,,,,https://alonhadat.com.vn/ban-nha-duong-bung-ong-thoan-phu-huu-q9-tp-hcm-dt-81m2-4-tang-gia-8-9-ty-sh--18369895.html,https://alonhadat.com.vn/ban-nha-duong-bung-ong-thoan-phu-huu-q9-tp-hcm-dt-81m2-4-tang-gia-8-9-ty-sh--18369895.html,2026-06-07,2026-06-07 20:16:10.418495,,8900,109876543.20987654,0,0
alonhadat,sale_student_csv,alonhadat_duc_18750030,18750030,"Nhà mặt tiền đường khu Phước Bình - Q9 ngang 5m cực hiếm, đường 12m có vỉa hè",9500000000,"9,5 tỷ",106,2,"Đường số 12, Phường Phước Long, Hồ Chí Minh",Phường Phước Bình,,Thành phố Thủ Đức,1020,Nhà ở,,,,https://alonhadat.com.vn/nha-mat-tien-duong-khu-phuoc-binh-q9-ngang-5m-cuc-hiem-duong-12m-co-via-he-18750030.html,https://alonhadat.com.vn/nha-mat-tien-duong-khu-phuoc-binh-q9-ngang-5m-cuc-hiem-duong-12m-co-via-he-18750030.html,2026-06-07,2026-06-07 20:16:10.418495,,9500,89622641.50943395,0,0
alonhadat,sale_student_csv,alonhadat_duc_15214297,15214297,"150tr/m2- CẦN BÁN NHÀ CẤP 4 ( 15 X45m) 672m2 MẶT TIỀN xa lộ hà nội ,p. hiệp phú ,thủ đức.",100800000000,"100,8 tỷ",672,2,"Đường Xa Lộ Hà Nội, Phường Tăng Nhơn Phú, Hồ Chí Minh",Phường Hiệp Phú,,Thành phố Thủ Đức,1020,Nhà ở,,,,https://alonhadat.com.vn/150tr-m2-can-ban-nha-cap-4-15-x45m-672m2-mat-tien-xa-lo-ha-noi-p-hiep-phu-thu-duc--15214297.html,https://alonhadat.com.vn/150tr-m2-can-ban-nha-cap-4-15-x45m-672m2-mat-tien-xa-lo-ha-noi-p-hiep-phu-thu-duc--15214297.html,2026-06-07,2026-06-07 20:16:10.418495,,100800,150000000,0,0
alonhadat,sale_student_csv,alonhadat_duc_15204884,15204884,"45 tỷ 990 . CỰC RẺ ,BÁN NHÀ MẶT TIỀN (7.8X36m)251M2 - đường hoàng diệu 2, tp. thủ đức.",45990000000,"45,99 tỷ",252,6,"Đường Hoàng Diệu 2, Phường Linh Xuân, Hồ Chí Minh",Phường Linh Trung,,Thành phố Thủ Đức,1020,Nhà ở,,,,https://alonhadat.com.vn/34-ty-990-cuc-re-ban-nha-mat-tien-7-8x36m-251m2-duong-hoang-dieu-2-tp-thu-duc--15204884.html,https://alonhadat.com.vn/34-ty-990-cuc-re-ban-nha-mat-tien-7-8x36m-251m2-duong-hoang-dieu-2-tp-thu-duc--15204884.html,2026-06-07,2026-06-07 20:16:10.418495,,45990,182500000,0,0
alonhadat,sale_student_csv,alonhadat_duc_17147744,17147744,"TỐT NHẤT THỊ TRƯỜNG! BÁN NHÀ 2MT CAO ĐỨC LÂN, QUẬN 2 (14X20M, HẦM+ 4 TẦNG, HĐT 170 TR)",70000000000,70 tỷ,250,8,"Đường Cao Đức Lân, Phường An Khánh, Hồ Chí Minh",Phường An Phú,,Thành phố Thủ Đức,1020,Nhà ở,,,,https://alonhadat.com.vn/tot-nhat-thi-truong-ban-nha-2mt-cao-duc-lan-quan-2-14x20m-ham-4-tang-hdt-170-tr--17147744.html,https://alonhadat.com.vn/tot-nhat-thi-truong-ban-nha-2mt-cao-duc-lan-quan-2-14x20m-ham-4-tang-hdt-170-tr--17147744.html,2026-06-07,2026-06-07 20:16:10.418495,,70000,280000000,0,0
alonhadat,sale_student_csv,alonhadat_duc_16830128,16830128,BÁN NHÀ HÀNG SUSHI NHẬT - VỊ TRÍ MẶT TIỀN PHƯỜNG THẢO ĐIỀN QUẬN 2 (DIỆN TÍCH 13 X 15M),33000000000,33 tỷ,196,5,"Đường Thảo Điền, Phường An Khánh, Hồ Chí Minh",Phường Thảo Điền,,Thành phố Thủ Đức,1020,Nhà ở,,,,https://alonhadat.com.vn/ban-nha-hang-sushi-nhat-vi-tri-mat-tien-phuong-thao-dien-quan-2-dien-tich-13-x-15m--16830128.html,https://alonhadat.com.vn/ban-nha-hang-sushi-nhat-vi-tri-mat-tien-phuong-thao-dien-quan-2-dien-tich-13-x-15m--16830128.html,2026-06-07,2026-06-07 20:16:10.418495,,33000,168367346.9387755,0,0
alonhadat,sale_student_csv,alonhadat_duc_18757688,18757688,💥NHÀ PHƯỚC LONG A - 4ty hơn💰- 📐(6.2 x 9) 🍀2 Lầu mới vào ở ngay - ngay Metro Bình Thái,4300000000,"4,3 tỷ",50,2,"Đường số 198, Phường Phước Long, Hồ Chí Minh",Phường Phước Long A,,Thành phố Thủ Đức,1020,Nhà ở,,,,https://alonhadat.com.vn/-nha-phuoc-long-a-4ty-hon-6-2-x-9-2-lau-moi-vao-o-ngay-ngay-metro-binh-thai-18757688.html,https://alonhadat.com.vn/-nha-phuoc-long-a-4ty-hon-6-2-x-9-2-lau-moi-vao-o-ngay-ngay-metro-binh-thai-18757688.html,2026-06-07,2026-06-07 20:16:10.418495,,4300,86000000,0,0
alonhadat,sale_student_csv,alonhadat_duc_16984396,16984396,Bán Nhà Đường Số 7 Khu A Đô Thị An Phú An Khánh 10x17m Vuông Vức Giá 34 Tỷ,34000000000,34 tỷ,170,1,"Đường số 7, Phường An Khánh, Hồ Chí Minh",Phường An Phú,,Thành phố Thủ Đức,1020,Nhà ở,,,,https://alonhadat.com.vn/ban-nha-duong-so-7-khu-a-do-thi-an-phu-an-khanh-10x17m-vuong-vuc-gia-34-ty-16984396.html,https://alonhadat.com.vn/ban-nha-duong-so-7-khu-a-do-thi-an-phu-an-khanh-10x17m-vuong-vuc-gia-34-ty-16984396.html,2026-06-07,2026-06-07 20:16:10.418495,,34000,200000000,0,0
alonhadat,sale_student_csv,alonhadat_duc_18435100,18435100,"Bán nhà Hàng hiếm Tăng Nhơn Phú , Q9 , 68m2 - Đường 6M - giá 5 tỷ 700",5700000000,"5,7 tỷ",68,2,"Đường số 9, Phường Tăng Nhơn Phú, Hồ Chí Minh",Phường Tăng Nhơn Phú,,Thành phố Thủ Đức,1020,Nhà ở,,,,https://alonhadat.com.vn/ban-nha-hang-hiem-tang-nhon-phu-q9-68m2-duong-6m-gia-5-ty-700-18435100.html,https://alonhadat.com.vn/ban-nha-hang-hiem-tang-nhon-phu-q9-68m2-duong-6m-gia-5-ty-700-18435100.html,2026-06-07,2026-06-07 20:16:10.418495,,5700,83823529.41176471,0,0
alonhadat,sale_student_csv,alonhadat_duc_18378849,18378849,"🏡 **NHÀ PHỐ 3 TẦNG – KDC HƯNG PHÚ, PHƯỚC LONG B 90M2 CHỈ 15 TỶ 🔥",15000000000,15 tỷ,90,4,"Đường Liên Phường, Phường Phước Long, Hồ Chí Minh",Phường Phước Long B,,Thành phố Thủ Đức,1020,Nhà ở,,,,https://alonhadat.com.vn/-nha-pho-3-tang-kdc-hung-phu-phuoc-long-b-90m2-chi-15-ty--18378849.html,https://alonhadat.com.vn/-nha-pho-3-tang-kdc-hung-phu-phuoc-long-b-90m2-chi-15-ty--18378849.html,2026-06-07,2026-06-07 20:16:10.418495,,15000,166666666.66666666,0,0
alonhadat,sale_student_csv,alonhadat_duc_18177607,18177607,"🔥 NHÀ PHƯỚC LONG A – GẦN GA METRO – HẺM Ô TÔ 52M2 CHỈ 5,1 TỶ",5100000000,"5,1 tỷ",52,2,"Đường Xa Lộ Hà Nội, Phường Phước Long, Hồ Chí Minh",Phường Phước Long A,,Thành phố Thủ Đức,1020,Nhà ở,,,,https://alonhadat.com.vn/-nha-phuoc-long-a-gan-ga-metro-hem-o-to-52m2-chi-5-1-ty-18177607.html,https://alonhadat.com.vn/-nha-phuoc-long-a-gan-ga-metro-hem-o-to-52m2-chi-5-1-ty-18177607.html,2026-06-07,2026-06-07 20:16:10.418495,,5100,98076923.07692307,0,0
alonhadat,sale_student_csv,alonhadat_duc_18242275,18242275,"NHÀ HXH NGAY TRƯỜNG CAO ĐẲNG CÔNG THƯƠNG, DT 52M2, SHR HOÀN CÔNG CHỈ 5,4 TỶ",5400000000,"5,4 tỷ",52,1,"Đường Đỗ Xuân Hợp, Phường Phước Long, Hồ Chí Minh",Phường Phước Long B,,Thành phố Thủ Đức,1020,Nhà ở,,,,https://alonhadat.com.vn/nha-hxh-ngay-truong-cao-dang-cong-thuong-dt-52m2-shr-hoan-cong-chi-5-4-ty-18242275.html,https://alonhadat.com.vn/nha-hxh-ngay-truong-cao-dang-cong-thuong-dt-52m2-shr-hoan-cong-chi-5-4-ty-18242275.html,2026-06-07,2026-06-07 20:16:10.418495,,5400,103846153.84615384,0,0
alonhadat,sale_student_csv,alonhadat_duc_18320150,18320150,"Bán nhà mặt tiền 343 Đỗ Xuân Hợp, Quận 9, dt: 8x36m 2 tầng cho thuê 150tr/tháng.",48000000000,48 tỷ,240,8,"Đường Đỗ Xuân Hợp, Phường Phước Long, Hồ Chí Minh",Phường Phước Long,,Thành phố Thủ Đức,1020,Nhà ở,,,,https://alonhadat.com.vn/ban-nha-mat-tien-343-do-xuan-hop-quan-9-dt-8x36m-2-tang-cho-thue-150tr-thang--18320150.html,https://alonhadat.com.vn/ban-nha-mat-tien-343-do-xuan-hop-quan-9-dt-8x36m-2-tang-cho-thue-150tr-thang--18320150.html,2026-06-07,2026-06-07 20:16:10.418495,,48000,200000000,0,0
alonhadat,sale_student_csv,alonhadat_duc_13879107,13879107,Bán nhà góc 2MT Trần Não - DT khủng 20x50m - XD: Hầm 8 lầu - HĐT: 350tr/th - có GPXD H8L,285000000000,285 tỷ,1000,30,"Đường Trần Não, Phường An Khánh, Hồ Chí Minh",Phường Bình An,,Thành phố Thủ Đức,1020,Nhà ở,,,,https://alonhadat.com.vn/ban-nha-goc-2mt-tran-nao-dt-khung-20x50m-xd-ham-8-lau-hdt-350tr-th-co-gpxd-h8l-13879107.html,https://alonhadat.com.vn/ban-nha-goc-2mt-tran-nao-dt-khung-20x50m-xd-ham-8-lau-hdt-350tr-th-co-gpxd-h8l-13879107.html,2026-06-07,2026-06-07 20:16:10.418495,,285000,285000000,0,0
alonhadat,sale_student_csv,alonhadat_duc_18259894,18259894,"❌❌ NHÀ ĐẸP CHỢ 339 – NGANG 5M – HẺM XE TẢI THÔNG – GIÁ 5,6 TỶ",5600000000,"5,6 tỷ",55,3,"Đường số 339, Phường Phước Long, Hồ Chí Minh",Phường Phước Long B,,Thành phố Thủ Đức,1020,Nhà ở,,,,https://alonhadat.com.vn/-nha-dep-cho-339-ngang-5m-hem-xe-tai-thong-gia-5-6-ty-18259894.html,https://alonhadat.com.vn/-nha-dep-cho-339-ngang-5m-hem-xe-tai-thong-gia-5-6-ty-18259894.html,2026-06-07,2026-06-07 20:16:10.418495,,5600,101818181.81818181,0,0
alonhadat,sale_student_csv,alonhadat_duc_18279293,18279293,SIÊU PHẨM MT ĐINH CỦNG VIÊN CÁCH GA METRO 500M- PLA - TP THỦ ĐỨC - 71M2 -2 TẦNG CHỈ 7 TỶ,7000000000,7 tỷ,71,3,"Đường Đinh Củng Viên, Phường Phước Long, Hồ Chí Minh",Phường Phước Long A,,Thành phố Thủ Đức,1020,Nhà ở,,,,https://alonhadat.com.vn/sieu-pham-mt-dinh-cung-vien-cach-ga-metro-500m-pla-tp-thu-duc-71m2-2-tang-chi-7-ty-18279293.html,https://alonhadat.com.vn/sieu-pham-mt-dinh-cung-vien-cach-ga-metro-500m-pla-tp-thu-duc-71m2-2-tang-chi-7-ty-18279293.html,2026-06-07,2026-06-07 20:16:10.418495,,7000,98591549.29577465,0,0
alonhadat,sale_student_csv,alonhadat_duc_18009636,18009636,"BÁN NHÀ 2 TẦNG KHU CHỢ ĐÊM MAN THIỆN - HẺM XE HƠI 1 TRỤC - TĂNG NHƠN PHÚ A, TP. THÚ ĐỨC",3200000000,"3,2 tỷ",40,2,"Đường Man Thiện, Phường Tăng Nhơn Phú, Hồ Chí Minh",Phường Tăng Nhơn Phú A,,Thành phố Thủ Đức,1020,Nhà ở,,,,https://alonhadat.com.vn/ban-nha-2-tang-khu-cho-dem-man-thien-hem-xe-hoi-1-truc-tang-nhon-phu-a-tp-thu-duc-18009636.html,https://alonhadat.com.vn/ban-nha-2-tang-khu-cho-dem-man-thien-hem-xe-hoi-1-truc-tang-nhon-phu-a-tp-thu-duc-18009636.html,2026-06-07,2026-06-07 20:16:10.418495,,3200,80000000,0,0
alonhadat,sale_student_csv,alonhadat_duc_18054804,18054804,"MT HIỆP PHÚ 4 TẦNG 105M2, GIÁ 14,5 TỶ, NGAY NGÃ 4 THỦ ĐỨC, Ở NGAY",14500000000,"14,5 tỷ",105,6,"Đường Tân Lập 1, Phường Tăng Nhơn Phú, Hồ Chí Minh",Phường Hiệp Phú,,Thành phố Thủ Đức,1020,Nhà ở,,,,https://alonhadat.com.vn/mt-hiep-phu-4-tang-105m2-gia-14-5-ty-ngay-nga-4-thu-duc-o-ngay-18054804.html,https://alonhadat.com.vn/mt-hiep-phu-4-tang-105m2-gia-14-5-ty-ngay-nga-4-thu-duc-o-ngay-18054804.html,2026-06-07,2026-06-07 20:16:10.418495,,14500,138095238.0952381,0,0
alonhadat,sale_student_csv,alonhadat_duc_18095936,18095936,🔥 HXH DƯƠNG ĐÌNH HỘI – 100m² NGANG 5M – 2 TẦNG – CHỈ 8 TỶ,8000000000,8 tỷ,100,4,"Đường Dương Đình Hội, Phường Phước Long, Hồ Chí Minh",Phường Phước Long B,,Thành phố Thủ Đức,1020,Nhà ở,,,,https://alonhadat.com.vn/-hxh-duong-dinh-hoi-100m-ngang-5m-2-tang-chi-8-ty-18095936.html,https://alonhadat.com.vn/-hxh-duong-dinh-hoi-100m-ngang-5m-2-tang-chi-8-ty-18095936.html,2026-06-07,2026-06-07 20:16:10.418495,,8000,80000000,0,0
alonhadat,sale_student_csv,alonhadat_duc_18364266,18364266,"NHÀ HIỆP PHÚ HXH ĐỐI DIỆN VINCOM Q9, SÁT NGÃ TƯ THỦ ĐỨC- DIỆN TÍCH 70M2 GIÁ CHỈ 5,2 TỶ",5200000000,"5,2 tỷ",70,2,"Đường Lê Văn Việt, Phường Tăng Nhơn Phú, Hồ Chí Minh",Phường Hiệp Phú,,Thành phố Thủ Đức,1020,Nhà ở,,,,https://alonhadat.com.vn/nha-hiep-phu-hxh-doi-dien-vincom-q9-sat-nga-tu-thu-duc-dien-tich-70m2-gia-chi-4-7-ty-18364266.html,https://alonhadat.com.vn/nha-hiep-phu-hxh-doi-dien-vincom-q9-sat-nga-tu-thu-duc-dien-tich-70m2-gia-chi-4-7-ty-18364266.html,2026-06-07,2026-06-07 20:16:10.418495,,5200,74285714.28571428,0,0
alonhadat,sale_student_csv,alonhadat_duc_18361598,18361598,"🏡 NHÀ GẦN TRƯỜNG HOA LƯ – TĂNG NHƠN PHÚ B, Q9 – 71m² – GIÁ 5 TỶ",5000000000,5 tỷ,71,4,"Đường số 11, Phường Tăng Nhơn Phú, Hồ Chí Minh",Phường Tăng Nhơn Phú B,,Thành phố Thủ Đức,1020,Nhà ở,,,,https://alonhadat.com.vn/-nha-gan-truong-hoa-lu-tang-nhon-phu-b-q9-71m-gia-5-ty-18361598.html,https://alonhadat.com.vn/-nha-gan-truong-hoa-lu-tang-nhon-phu-b-q9-71m-gia-5-ty-18361598.html,2026-06-07,2026-06-07 20:16:10.418495,,5000,70422535.2112676,0,0
alonhadat,sale_student_csv,alonhadat_duc_18390944,18390944,"NHÀ HXH TÂN HOÀ 2 CÁCH VINCOM QUẬN 9 VÀI PHÚT, 124M2 NGANG 4M CHỈ CÓ 8,2 TỶ TL",8199999999.999999,"8,2 tỷ",124,3,"Đường Tân Hòa 2, Phường Tăng Nhơn Phú, Hồ Chí Minh",Phường Hiệp Phú,,Thành phố Thủ Đức,1020,Nhà ở,,,,https://alonhadat.com.vn/nha-hxh-tan-hoa-2-cach-vincom-quan-9-vai-phut-124m2-ngang-4m-chi-co-8-2-ty-tl-18390944.html,https://alonhadat.com.vn/nha-hxh-tan-hoa-2-cach-vincom-quan-9-vai-phut-124m2-ngang-4m-chi-co-8-2-ty-tl-18390944.html,2026-06-07,2026-06-07 20:16:10.418495,,8199.999999999998,66129032.25806451,0,0
alonhadat,sale_student_csv,alonhadat_duc_18390875,18390875,VIP VIP 🏡🏡 NHÀ 3 TẦNG ĐẸP – TRUNG TÂM PHƯỚC LONG B - TP THỦ ĐỨC – 95M2 NGANG 5M,7400000000,"7,4 tỷ",95,3,"Đường Trần Thị Điệu, Phường Phước Long, Hồ Chí Minh",Phường Phước Long B,,Thành phố Thủ Đức,1020,Nhà ở,,,,https://alonhadat.com.vn/vip-vip-nha-3-tang-dep-trung-tam-phuoc-long-b-tp-thu-duc-95m2-ngang-5m-18390875.html,https://alonhadat.com.vn/vip-vip-nha-3-tang-dep-trung-tam-phuoc-long-b-tp-thu-duc-95m2-ngang-5m-18390875.html,2026-06-07,2026-06-07 20:16:10.418495,,7400,77894736.84210527,0,0
alonhadat,sale_student_csv,alonhadat_duc_18382747,18382747,"🏡 VIP‼️NHÀ HXH TRƯƠNG VĂN THÀNH – HIỆP PHÚ, THỦ ĐỨC, CÁCH NGÃ TƯ THỦ ĐỨC 200M",6900000000,"6,9 tỷ",80,3,"Đường Trương Văn Thành, Phường Tăng Nhơn Phú, Hồ Chí Minh",Phường Hiệp Phú,,Thành phố Thủ Đức,1020,Nhà ở,,,,https://alonhadat.com.vn/-vip-nha-hxh-truong-van-thanh-hiep-phu-thu-duc-cach-nga-tu-thu-duc-200m-18382747.html,https://alonhadat.com.vn/-vip-nha-hxh-truong-van-thanh-hiep-phu-thu-duc-cach-nga-tu-thu-duc-200m-18382747.html,2026-06-07,2026-06-07 20:16:10.418495,,6900,86250000,0,0
alonhadat,sale_student_csv,alonhadat_duc_18757329,18757329,"Bán nhà đẹp đường số 18, P. Bình Trưng - ngay Nguyễn Duy Trinh - DT 55m2 - 4 tầng - 8.9 tỷ",8900000000,"8,9 tỷ",56,4,"Đường số 18, Phường Bình Trưng, Hồ Chí Minh",Phường Bình Trưng,,Thành phố Thủ Đức,1020,Nhà ở,,,,https://alonhadat.com.vn/ban-nha-dep-duong-so-18-p-binh-trung-ngay-nguyen-duy-trinh-dt-55m2-4-tang-8-9-ty-18757329.html,https://alonhadat.com.vn/ban-nha-dep-duong-so-18-p-binh-trung-ngay-nguyen-duy-trinh-dt-55m2-4-tang-8-9-ty-18757329.html,2026-06-07,2026-06-07 20:16:10.418495,,8900,158928571.42857143,0,0
alonhadat,sale_student_csv,alonhadat_duc_17746741,17746741,"Bán nhà MT Làng Báo Chí, Thảo Điền - DT 7x20 - 3 tầng - HĐT 60tr/tháng - Giá 23 tỷ TL",23000000000,23 tỷ,140,4,"Đường số 1, Phường An Khánh, Hồ Chí Minh",Phường Thảo Điền,,Thành phố Thủ Đức,1020,Nhà ở,,,,https://alonhadat.com.vn/ban-nha-mt-lang-bao-chi-thao-dien-dt-7x20-3-tang-hdt-60tr-thang-gia-23-ty-tl-17746741.html,https://alonhadat.com.vn/ban-nha-mt-lang-bao-chi-thao-dien-dt-7x20-3-tang-hdt-60tr-thang-gia-23-ty-tl-17746741.html,2026-06-07,2026-06-07 20:16:10.418495,,23000,164285714.2857143,0,0
alonhadat,sale_student_csv,alonhadat_duc_18439685,18439685,"Hot Hot ! Bán Toà Nhà Mặt Tiền Kha Vạn Cân .DT 13,6mx40m. 5 Tầng. HĐT 150tr. Giá 70 Tỷ",70000000000,70 tỷ,511,6,"Đường Kha Vạn Cân, Phường Hiệp Bình, Hồ Chí Minh",Phường Linh Đông,,Thành phố Thủ Đức,1020,Nhà ở,,,,https://alonhadat.com.vn/dung-chan-ban-toa-nha-mat-tien-kha-van-can-dt-13-6mx40m-5-tang-hdt-150tr-gia-70-ty-18439685.html,https://alonhadat.com.vn/dung-chan-ban-toa-nha-mat-tien-kha-van-can-dt-13-6mx40m-5-tang-hdt-150tr-gia-70-ty-18439685.html,2026-06-07,2026-06-07 20:16:10.418495,,70000,136986301.369863,0,0
alonhadat,sale_student_csv,alonhadat_duc_18755431,18755431,"🔥 TÒA NHÀ 5 TẦNG MẶT TIỀN – VỪA Ở VỪA LÀM VĂN PHÒNG – ĐẲNG CẤP DOANH NHÂN - AN KHÁNH, Q2",26000000000,26 tỷ,101,4,"Đường số 11A, Phường An Khánh, Hồ Chí Minh",Phường An Khánh,,Thành phố Thủ Đức,1020,Nhà ở,,,,https://alonhadat.com.vn/-toa-nha-5-tang-mat-tien-vua-o-vua-lam-van-phong-dang-cap-doanh-nhan-an-khanh-q2-18755431.html,https://alonhadat.com.vn/-toa-nha-5-tang-mat-tien-vua-o-vua-lam-van-phong-dang-cap-doanh-nhan-an-khanh-q2-18755431.html,2026-06-07,2026-06-07 20:16:10.418495,,26000,257425742.57425743,0,0
alonhadat,sale_student_csv,alonhadat_duc_17422742,17422742,"Nhà Ngang 13m mặt tiền Đỗ Xuân Hợp,Gần Ga Metro Bình Thái,13x60m (NH 20m),HĐT 200tr/tháng",150000000000,150 tỷ,1250,4,"Đường Đỗ Xuân Hợp, Phường Phước Long, Hồ Chí Minh",Phường Phước Long B,,Thành phố Thủ Đức,1020,Nhà ở,,,,https://alonhadat.com.vn/nha-ngang-13m-mat-tien-do-xuan-hop-gan-ga-metro-binh-thai-13x60m-nh-20m-hdt-200tr-thang-17422742.html,https://alonhadat.com.vn/nha-ngang-13m-mat-tien-do-xuan-hop-gan-ga-metro-binh-thai-13x60m-nh-20m-hdt-200tr-thang-17422742.html,2026-06-07,2026-06-07 20:16:10.418495,,150000,120000000,0,0
alonhadat,sale_student_csv,alonhadat_duc_18756692,18756692,"Nhà 2 Tầng Linh Xuân, 67m2 Sổ hồng riêng hoàn công, 3PN, 2wc, có sân để xe, hẻm xe hơi",4500000000,"4,5 tỷ",67,3,"Đường Số 8, Phường Linh Xuân, Hồ Chí Minh",Phường Linh Xuân,,Thành phố Thủ Đức,1020,Nhà ở,,,,https://alonhadat.com.vn/nha-2-tang-linh-xuan-67m2-so-hong-rieng-hoan-cong-3pn-2wc-co-san-de-xe-hem-xe-hoi-18756692.html,https://alonhadat.com.vn/nha-2-tang-linh-xuan-67m2-so-hong-rieng-hoan-cong-3pn-2wc-co-san-de-xe-hem-xe-hoi-18756692.html,2026-06-07,2026-06-07 20:16:10.418495,,4500,67164179.10447761,0,0
alonhadat,sale_student_csv,alonhadat_duc_18756668,18756668,"Bán nhà 1-3 Giang Văn Minh, An Phú, Tp. Thủ Đức 25x20m- HĐT 5.000$-150 Tỷ TL",150000000000,150 tỷ,496,2,"Đường Giang Văn Minh, Phường An Khánh, Hồ Chí Minh",Phường An Phú,,Thành phố Thủ Đức,1020,Nhà ở,,,,https://alonhadat.com.vn/ban-nha-1-3-giang-van-minh-an-phu-tp-thu-duc-25x20m-hdt-5-000-150-ty-tl-18756668.html,https://alonhadat.com.vn/ban-nha-1-3-giang-van-minh-an-phu-tp-thu-duc-25x20m-hdt-5-000-150-ty-tl-18756668.html,2026-06-07,2026-06-07 20:16:10.418495,,150000,302419354.83870965,0,0
alonhadat,sale_student_csv,alonhadat_duc_17815848,17815848,Bán tòa nhà khu compound Trần Não - Quận 2 - DT 14x28m - CN 354m2 - Hầm 6 tầng - Giá 55 tỷ,55000000000,55 tỷ,392,6,"Đường Trần Não, Phường An Khánh, Hồ Chí Minh",Phường An Khánh,,Thành phố Thủ Đức,1020,Nhà ở,,,,https://alonhadat.com.vn/ban-toa-nha-khu-compound-tran-nao-quan-2-dt-14x28m-cn-354m2-ham-6-tang-gia-55-ty-17815848.html,https://alonhadat.com.vn/ban-toa-nha-khu-compound-tran-nao-quan-2-dt-14x28m-cn-354m2-ham-6-tang-gia-55-ty-17815848.html,2026-06-07,2026-06-07 20:16:10.418495,,55000,140306122.4489796,0,0
alonhadat,sale_student_csv,alonhadat_duc_17808211,17808211,"Bán nhà view Landmark 81, hầm 4 tầng-DT 6x25m,HDT 120triệu, đường Trần Não,Quận 2,Giá 37ty",37000000000,37 tỷ,135,6,"Đường Trần Não, Phường An Khánh, Hồ Chí Minh",Phường An Khánh,,Thành phố Thủ Đức,1020,Nhà ở,,,,https://alonhadat.com.vn/ban-nha-view-landmark-81-ham-4-tang-dt-6x25m-hdt-120trieu-duong-tran-nao-quan-2-gia-37ty-17808211.html,https://alonhadat.com.vn/ban-nha-view-landmark-81-ham-4-tang-dt-6x25m-hdt-120trieu-duong-tran-nao-quan-2-gia-37ty-17808211.html,2026-06-07,2026-06-07 20:16:10.418495,,37000,274074074.0740741,0,0
alonhadat,sale_student_csv,alonhadat_duc_18379820,18379820,🔥 XE HƠI NGỦ TRONG NHÀ MỚI 4 TẦNG Ở NGAY HẺM XE TẢI THÔNG - KHU PHÂN LÔ SÁT MẶT TIỀN,6500000000,"6,5 tỷ",50,3,"Đường Lã Xuân Oai, Phường Long Trường, Hồ Chí Minh",Phường Long Trường,,Thành phố Thủ Đức,1040,Đất,,,,https://alonhadat.com.vn/-nha-moi-4-tang-hem-xe-tai-thong-sat-mt-la-xuan-oai-o-ngay-cuc-dep-vi-tri-dinh-18379820.html,https://alonhadat.com.vn/-nha-moi-4-tang-hem-xe-tai-thong-sat-mt-la-xuan-oai-o-ngay-cuc-dep-vi-tri-dinh-18379820.html,2026-06-07,2026-06-07 20:16:10.418495,,6500,130000000,0,0
alonhadat,sale_student_csv,alonhadat_duc_18160250,18160250,"CHDV 4 TẦNG, 8 PHÒNG DÒNG TIỀN 20TR/THÁNG DT 86M2 CHỈ 8,7 TỶ",8700000000,"8,7 tỷ",86,8,"Đường Man Thiện, Phường Tăng Nhơn Phú, Hồ Chí Minh",Phường Tăng Nhơn Phú A,,Thành phố Thủ Đức,1040,Đất,,,,https://alonhadat.com.vn/chdv-4-tang-8-phong-dong-tien-20tr-thang-dt-86m2-chi-9-1-ty-18160250.html,https://alonhadat.com.vn/chdv-4-tang-8-phong-dong-tien-20tr-thang-dt-86m2-chi-9-1-ty-18160250.html,2026-06-07,2026-06-07 20:16:10.418495,,8700,101162790.69767442,0,0
alonhadat,sale_student_csv,alonhadat_duc_18177788,18177788,"GIẢM 250TR – CÒN 4.2 TỶ 🔥 NHÀ MẶT TIỀN – TĂNG NHƠN PHÚ B – 4,2 TỶ LỆ",4200000000,"4,2 tỷ",63,2,"Đường Số 3, Phường Tăng Nhơn Phú, Hồ Chí Minh",Phường Tăng Nhơn Phú B,,Thành phố Thủ Đức,1040,Đất,,,,https://alonhadat.com.vn/giam-250tr-con-4-2-ty-nha-mat-tien-tang-nhon-phu-b-4-2-ty-le-18177788.html,https://alonhadat.com.vn/giam-250tr-con-4-2-ty-nha-mat-tien-tang-nhon-phu-b-4-2-ty-le-18177788.html,2026-06-07,2026-06-07 20:16:10.418495,,4200,66666666.666666664,0,0
alonhadat,sale_student_csv,alonhadat_duc_18373904,18373904,🔥MẶT TIỀN LÊ VĂN VIỆT NGANG 8M HIẾM TỔNG DT 344M2 – DÒNG TIỀN 100TR/THÁNG🔥,63000000000,63 tỷ,344,2,"Đường Lê Văn Việt, Phường Tăng Nhơn Phú, Hồ Chí Minh",Phường Tăng Nhơn Phú B,,Thành phố Thủ Đức,1040,Đất,,,,https://alonhadat.com.vn/-mat-tien-le-van-viet-ngang-8m-hiem-tong-dt-344m2-dong-tien-100tr-thang--18373904.html,https://alonhadat.com.vn/-mat-tien-le-van-viet-ngang-8m-hiem-tong-dt-344m2-dong-tien-100tr-thang--18373904.html,2026-06-07,2026-06-07 20:16:10.418495,,63000,183139534.88372093,0,0
alonhadat,sale_student_csv,alonhadat_duc_18372267,18372267,🔥 GIẢM SỐC 1.5 TỶ – MẶT TIỀN LÊ VĂN VIỆT NGANG 5M DÀI 21M – CHỈ 22.5 TỶ,22500000000,"22,5 tỷ",105,2,"Đường Lê Văn Việt, Phường Tăng Nhơn Phú, Hồ Chí Minh",Phường Tăng Nhơn Phú A,,Thành phố Thủ Đức,1040,Đất,,,,https://alonhadat.com.vn/-giam-soc-1-5-ty-mat-tien-le-van-viet-ngang-5m-dai-21m-chi-22-5-ty-18372267.html,https://alonhadat.com.vn/-giam-soc-1-5-ty-mat-tien-le-van-viet-ngang-5m-dai-21m-chi-22-5-ty-18372267.html,2026-06-07,2026-06-07 20:16:10.418495,,22500,214285714.2857143,0,0
alonhadat,sale_student_csv,alonhadat_duc_18356170,18356170,"Bán nhà mặt tiền Tỉnh Lộ 43, DT 232m2 full thổ cư, sầm uất, gần chợ đầu mối, chợ bình chiể",19900000000,"19,9 tỷ",232,8,"Đường Tỉnh Lộ 43, Phường Tam Bình, Hồ Chí Minh",Phường Bình Chiểu,,Thành phố Thủ Đức,1040,Đất,,,,https://alonhadat.com.vn/ban-nha-mat-tien-tinh-lo-43-dt-232m2-full-tho-cu-sam-uat-gan-cho-dau-moi-cho-binh-chie-18356170.html,https://alonhadat.com.vn/ban-nha-mat-tien-tinh-lo-43-dt-232m2-full-tho-cu-sam-uat-gan-cho-dau-moi-cho-binh-chie-18356170.html,2026-06-07,2026-06-07 20:16:10.418495,,19900,85775862.06896552,0,0
alonhadat,sale_student_csv,alonhadat_duc_18755396,18755396,"Bán nhà mặt phố đường số 13, Long Bình, Thủ Đức, TP HCM. DT 105m2, 4 tầng. Giá 7,5 tỷ",7500000000,"7,5 tỷ",105,6,"Đường Số 13, Phường Long Bình, Hồ Chí Minh",Phường Long Bình,,Thành phố Thủ Đức,1040,Đất,,,,https://alonhadat.com.vn/ban-nha-mat-pho-duong-so-13-long-binh-thu-duc-tp-hcm-dt-105m2-4-tang-gia-7-5-ty-18755396.html,https://alonhadat.com.vn/ban-nha-mat-pho-duong-so-13-long-binh-thu-duc-tp-hcm-dt-105m2-4-tang-gia-7-5-ty-18755396.html,2026-06-07,2026-06-07 20:16:10.418495,,7500,71428571.42857143,0,0
alonhadat,sale_student_csv,alonhadat_duc_18758102,18758102,"Cần tìm chủ mới cho siêu phẩm Đường số 47, Thảo Điền, Q2. Giá 3Tỷ680 còn TL",3680000000,"3,68 tỷ",70,5,"Đường số 47, Phường An Khánh, Hồ Chí Minh",Phường Thảo Điền,,Thành phố Thủ Đức,1040,Đất,,,,https://alonhadat.com.vn/can-tim-chu-moi-cho-sieu-pham-duong-so-47-thao-dien-q2-gia-3ty680-con-tl-18758102.html,https://alonhadat.com.vn/can-tim-chu-moi-cho-sieu-pham-duong-so-47-thao-dien-q2-gia-3ty680-con-tl-18758102.html,2026-06-07,2026-06-07 20:16:10.418495,,3680,52571428.571428575,0,0
alonhadat,sale_student_csv,alonhadat_duc_18622683,18622683,"Nhà 2 tầng 136m2 ngay chợ đêm Linh Trung, Thủ Đức mà chỉ 3tỷ4",3400000000,"3,4 tỷ",136,3,"Đường Tỉnh Lộ 43, Phường Tam Bình, Hồ Chí Minh",Phường Tam Bình,,Thành phố Thủ Đức,1040,Đất,,,,https://alonhadat.com.vn/nha-2-tang-136m2-ngay-cho-dem-linh-trung-thu-duc-ma-chi-3ty4-18622683.html,https://alonhadat.com.vn/nha-2-tang-136m2-ngay-cho-dem-linh-trung-thu-duc-ma-chi-3ty4-18622683.html,2026-06-07,2026-06-07 20:16:10.418495,,3400,25000000,0,0
alonhadat,sale_student_csv,alonhadat_duc_18661529,18661529,"DT 743m2 - 26x29m, khuôn đất xây cao hiếm tại Trần Não, An Khánh, liền kề Thủ Thiêm",145000000000,145 tỷ,742,1,"Đường Trần Não, Phường An Khánh, Hồ Chí Minh",Phường An Khánh,,Thành phố Thủ Đức,1040,Đất,,,,https://alonhadat.com.vn/dt-743m2-26x29m-khuon-dat-xay-cao-hiem-tai-tran-nao-an-khanh-lien-ke-thu-thiem-18661529.html,https://alonhadat.com.vn/dt-743m2-26x29m-khuon-dat-xay-cao-hiem-tai-tran-nao-an-khanh-lien-ke-thu-thiem-18661529.html,2026-06-07,2026-06-07 20:16:10.418495,,145000,195417789.7574124,0,0
alonhadat,sale_student_csv,alonhadat_duc_18646474,18646474,"Tốt nhất tại Thảo Điền, MT Quốc Hương, DT 502m2 - 15.2x30m, xây cao tầng Hầm 7 Tầng",125000000000,125 tỷ,502,6,"Đường Quốc Hương, Phường An Khánh, Hồ Chí Minh",Phường Thảo Điền,,Thành phố Thủ Đức,1040,Đất,,,,https://alonhadat.com.vn/tot-nhat-tai-thao-dien-mt-quoc-huong-dt-502m2-15-2x30m-xay-cao-tang-ham-7-tang-18646474.html,https://alonhadat.com.vn/tot-nhat-tai-thao-dien-mt-quoc-huong-dt-502m2-15-2x30m-xay-cao-tang-ham-7-tang-18646474.html,2026-06-07,2026-06-07 20:16:10.418495,,125000,249003984.06374502,0,0
alonhadat,sale_student_csv,alonhadat_duc_18660163,18660163,Bán đất xây biệt view sông đường Nguyễn Văn Hưởng Quận 2 giá 115 tỷ,115000000000,115 tỷ,700,2,"Đường Nguyễn Văn Hưởng, Phường An Khánh, Hồ Chí Minh",Phường Thảo Điền,,Thành phố Thủ Đức,1040,Đất,,,,https://alonhadat.com.vn/ban-dat-xay-biet-view-song-duong-nguyen-van-huong-quan-2-gia-115-ty-18660163.html,https://alonhadat.com.vn/ban-dat-xay-biet-view-song-duong-nguyen-van-huong-quan-2-gia-115-ty-18660163.html,2026-06-07,2026-06-07 20:16:10.418495,,115000,164285714.2857143,0,0
alonhadat,sale_student_csv,alonhadat_duc_18758590,18758590,CHỦ NGỘP CẦN RA GẤP SIÊU PHẨM 3 TẦNG – ĐƯỜNG 9M TRUNG TÂM PHƯỚC LONG B 96M2,8600000000,"8,6 tỷ",96,3,"Phường Phước Long, Hồ Chí Minh",Phường Phước Long B,,Thành phố Thủ Đức,1040,Đất,,,,https://alonhadat.com.vn/chu-ngop-can-ra-gap-sieu-pham-3-tang-duong-9m-trung-tam-phuoc-long-b-96m2-18758590.html,https://alonhadat.com.vn/chu-ngop-can-ra-gap-sieu-pham-3-tang-duong-9m-trung-tam-phuoc-long-b-96m2-18758590.html,2026-06-07,2026-06-07 20:16:10.418495,,8600,89583333.33333333,0,0
alonhadat,sale_student_csv,alonhadat_duc_18758281,18758281,"BÁN MẶT TIỀN ĐƯỜNG 9 LINH TÂY THỦ ĐỨC, DT 150M2 ,HAI LÔ LIỀN NHAU,CHO THUÊ 45TR",12900000000,"12,9 tỷ",150,2,"Đường Số 9, Phường Linh Xuân, Hồ Chí Minh",Phường Linh Tây,,Thành phố Thủ Đức,1040,Đất,,,,https://alonhadat.com.vn/ban-mat-tien-duong-9-linh-tay-thu-duc-dt-150m2-hai-lo-lien-nhau-cho-thue-45tr-18758281.html,https://alonhadat.com.vn/ban-mat-tien-duong-9-linh-tay-thu-duc-dt-150m2-hai-lo-lien-nhau-cho-thue-45tr-18758281.html,2026-06-07,2026-06-07 20:16:10.418495,,12900,86000000,0,0
alonhadat,sale_student_csv,alonhadat_duc_15204693,15204693,"47TY 990- THU NHẬP 120TR/TH, BÁN nhà 3 lầu mặt tiền hoàng diệu 2, linh chiểu ,tp. thủ đức.",47990000000,"47,99 tỷ",337,36,"Đường Hoàng Diệu 2, Phường Thủ Đức, Hồ Chí Minh",Phường Linh Chiểu,,Thành phố Thủ Đức,1040,Đất,,,,https://alonhadat.com.vn/47ty-990-thu-nhap-120tr-th-ban-nha-3-lau-mat-tien-hoang-dieu-2-linh-chieu-tp-thu-duc--15204693.html,https://alonhadat.com.vn/47ty-990-thu-nhap-120tr-th-ban-nha-3-lau-mat-tien-hoang-dieu-2-linh-chieu-tp-thu-duc--15204693.html,2026-06-07,2026-06-07 20:16:10.418495,,47990,142403560.83086053,0,0
alonhadat,sale_student_csv,alonhadat_duc_18441919,18441919,Siêu Phẩm MT Nguyễn Văn Kỉnh đối diện UBND Thủ Đức DT:8x20m Hầm 7Tầng HĐT:150Tr Giá:73Tỷ,73000000000,73 tỷ,160,8,"Đường Nguyễn Văn Kỉnh, Phường Cát Lái, Hồ Chí Minh",Phường Thạnh Mỹ Lợi,,Thành phố Thủ Đức,1040,Đất,,,,https://alonhadat.com.vn/sieu-pham-mt-nguyen-van-kinh-doi-dien-ubnd-thu-duc-dt-8x20m-ham-7tang-hdt-150tr-gia-73ty-18441919.html,https://alonhadat.com.vn/sieu-pham-mt-nguyen-van-kinh-doi-dien-ubnd-thu-duc-dt-8x20m-ham-7tang-hdt-150tr-gia-73ty-18441919.html,2026-06-07,2026-06-07 20:16:10.418495,,73000,456250000,0,0
alonhadat,sale_student_csv,alonhadat_duc_13868707,13868707,Bán Nhà 2 Tầng và Tum Mái - Đất 6x21 Full Thổ Cư - Đường 12m - Sau Chợ Thủ Đức - 5ty85,5850000000,"5,85 tỷ",123,2,"Đường Ngô Chí Quốc, Phường Tam Bình, Hồ Chí Minh",Phường Bình Chiểu,,Thành phố Thủ Đức,1040,Đất,,,,https://alonhadat.com.vn/toi-ban-nha-2-tang-va-tum-mai-dat-6x21-full-tho-cu-duong-12m-sau-cho-thu-duc-4ty35-13868707.html,https://alonhadat.com.vn/toi-ban-nha-2-tang-va-tum-mai-dat-6x21-full-tho-cu-duong-12m-sau-cho-thu-duc-4ty35-13868707.html,2026-06-07,2026-06-07 20:16:10.418495,,5850,47560975.6097561,0,0
alonhadat,sale_student_csv,alonhadat_duc_18757629,18757629,"Chủ chào bán gấp 162m2 Lê Văn Việt, Q9. Cách nhà ra phố 8.xtỷ đàm phán.",8910000000,55 triệu / m²,162,3,"Đường Lê Văn Việt, Phường Long Bình, Hồ Chí Minh",Phường Long Bình,,Thành phố Thủ Đức,1040,Đất,,,,https://alonhadat.com.vn/chu-chao-ban-gap-162m2-le-van-viet-q9-cach-nha-ra-pho-8-xty-dam-phan--18757629.html,https://alonhadat.com.vn/chu-chao-ban-gap-162m2-le-van-viet-q9-cach-nha-ra-pho-8-xty-dam-phan--18757629.html,2026-06-07,2026-06-07 20:16:10.418495,,8910,55000000,0,0
alonhadat,sale_student_csv,alonhadat_duc_18757602,18757602,"GẤP BÁN GIẢM TỪ 10 TỶ CÒN 7,5 TỶ. NGÃ TƯ THỦ ĐỨC 106M² 3 TẦNG.",7500000000,"7,5 tỷ",106,3,"Đường Số 10, Phường Linh Xuân, Hồ Chí Minh",Phường Linh Trung,,Thành phố Thủ Đức,1040,Đất,,,,https://alonhadat.com.vn/gap-ban-giam-tu-10-ty-con-7-5-ty-nga-tu-thu-duc-106m-3-tang--18757602.html,https://alonhadat.com.vn/gap-ban-giam-tu-10-ty-con-7-5-ty-nga-tu-thu-duc-106m-3-tang--18757602.html,2026-06-07,2026-06-07 20:16:10.418495,,7500,70754716.98113208,0,0
alonhadat,sale_student_csv,alonhadat_duc_18253337,18253337,"💥 HXH TRÁNH – TRƯƠNG VĂN HẢI, TNPB SÁT NGAY GA METRO NGÃ 4 THỦ ĐỨC – 95M² – TIỆN XÂY CHDV",8600000000,"8,6 tỷ",95,3,"Đường Trương Văn Hải, Phường Tăng Nhơn Phú, Hồ Chí Minh",Phường Tăng Nhơn Phú B,,Thành phố Thủ Đức,1040,Đất,,,,https://alonhadat.com.vn/-hxh-tranh-truong-van-hai-tnpb-sat-ngay-ga-metro-nga-4-thu-duc-95m-tien-xay-chdv-18253337.html,https://alonhadat.com.vn/-hxh-tranh-truong-van-hai-tnpb-sat-ngay-ga-metro-nga-4-thu-duc-95m-tien-xay-chdv-18253337.html,2026-06-07,2026-06-07 20:16:10.418495,,8600,90526315.78947368,0,0
alonhadat,sale_student_csv,alonhadat_duc_18378919,18378919,"NHÀ MT ĐƯỜNG 185 - TRUNG TÂM PHƯỚC LONG B Q9, TRỆT LẦU 53M2 CHỈ 6,8 TỶ",6800000000,"6,8 tỷ",53,2,"Đường số 185, Phường Phước Long, Hồ Chí Minh",Phường Phước Long B,,Thành phố Thủ Đức,1040,Đất,,,,https://alonhadat.com.vn/nha-mt-duong-185-trung-tam-phuoc-long-b-q9-tret-lau-53m2-chi-6-8-ty-18378919.html,https://alonhadat.com.vn/nha-mt-duong-185-trung-tam-phuoc-long-b-q9-tret-lau-53m2-chi-6-8-ty-18378919.html,2026-06-07,2026-06-07 20:16:10.418495,,6800,128301886.79245283,0,0
alonhadat,sale_student_csv,alonhadat_duc_18660196,18660196,Bán lô đất góc 2 mặt tiền view sông đường Nguyễn Văn Hưởng Q.2 giá 80 tỷ,80000000000,80 tỷ,310,2,"Đường Nguyễn Văn Hưởng, Phường An Khánh, Hồ Chí Minh",Phường Thảo Điền,,Thành phố Thủ Đức,1040,Đất nền,,,,https://alonhadat.com.vn/ban-lo-dat-goc-2-mat-tien-view-song-duong-nguyen-van-huong-q-2-gia-80-ty-18660196.html,https://alonhadat.com.vn/ban-lo-dat-goc-2-mat-tien-view-song-duong-nguyen-van-huong-q-2-gia-80-ty-18660196.html,2026-06-07,2026-06-07 20:16:10.418495,,80000,258064516.12903225,0,0
alonhadat,sale_student_csv,alonhadat_duc_18756942,18756942,"Bán lô đất đẹp 15x20m KDC Huy Hoàng ngay Trần Quý Kiên, P.Thạnh Mỹ Lợi giá chỉ 155tr/m2",46000000000,46 tỷ,300,6,"Đường Trần Quý Kiên, Phường Cát Lái, Hồ Chí Minh",Phường Thạnh Mỹ Lợi,,Thành phố Thủ Đức,1040,Đất nền,,,,https://alonhadat.com.vn/ban-lo-dat-dep-15x20m-kdc-huy-hoang-ngay-tran-quy-kien-p-thanh-my-loi-gia-chi-155tr-m2-18756942.html,https://alonhadat.com.vn/ban-lo-dat-dep-15x20m-kdc-huy-hoang-ngay-tran-quy-kien-p-thanh-my-loi-gia-chi-155tr-m2-18756942.html,2026-06-07,2026-06-07 20:16:10.418495,,46000,153333333.33333334,0,0
alonhadat,sale_student_csv,alonhadat_duc_18756880,18756880,Bán lô đất gần sông KDC Thủ Thiêm P. Thạnh Mỹ Lợi 8x20m giá 130tr/m2,20800000000,"20,8 tỷ",160,1,"Đường Vũ Phương Đế, Phường Cát Lái, Hồ Chí Minh",Phường Thạnh Mỹ Lợi,,Thành phố Thủ Đức,1040,Đất nền,,,,https://alonhadat.com.vn/ban-lo-dat-gan-song-kdc-thu-thiem-p-thanh-my-loi-8x20m-gia-130tr-m2-18756880.html,https://alonhadat.com.vn/ban-lo-dat-gan-song-kdc-thu-thiem-p-thanh-my-loi-8x20m-gia-130tr-m2-18756880.html,2026-06-07,2026-06-07 20:16:10.418495,,20800,130000000,0,0
alonhadat,sale_student_csv,alonhadat_duc_18756865,18756865,Bán lô đất góc 2 mặt tiền Vũ Phương Đề KDC Thủ Thiêm P.Thạnh Mỹ Lợi 15x30m giá 150tr/m2,45750000000,"45,75 tỷ",305,1,"Đường Vũ Phương Đế, Phường Cát Lái, Hồ Chí Minh",Phường Thạnh Mỹ Lợi,,Thành phố Thủ Đức,1040,Đất nền,,,,https://alonhadat.com.vn/ban-lo-dat-goc-2-mat-tien-vu-phuong-de-kdc-thu-thiem-p-thanh-my-loi-15x30m-gia-150tr-m2-18756865.html,https://alonhadat.com.vn/ban-lo-dat-goc-2-mat-tien-vu-phuong-de-kdc-thu-thiem-p-thanh-my-loi-15x30m-gia-150tr-m2-18756865.html,2026-06-07,2026-06-07 20:16:10.418495,,45750,150000000,0,0
alonhadat,sale_student_csv,alonhadat_duc_15144464,15144464,"45.5 TỶ - cho thuê 60tr/ th , cần gấp bán nhà mặt tiền ,đường cây keo , thủ đức -DT:10X60m",45500000000,"45,5 tỷ",592,3,"Đường Cây Keo, Phường Tam Bình, Hồ Chí Minh",Phường Tam Bình,,Thành phố Thủ Đức,1040,Đất nền,,,,https://alonhadat.com.vn/42-8-ty-cho-thue-60tr-th-can-gap-ban-nha-mat-tien-duong-cay-keo-thu-duc-dt-10x60m-15144464.html,https://alonhadat.com.vn/42-8-ty-cho-thue-60tr-th-can-gap-ban-nha-mat-tien-duong-cay-keo-thu-duc-dt-10x60m-15144464.html,2026-06-07,2026-06-07 20:16:10.418495,,45500,76858108.1081081,0,0
alonhadat,sale_student_csv,alonhadat_duc_18757169,18757169,Duy nhất lô đất MT Đường số 63 KDC Văn Minh Q.2| DT: 10x18| CTXD: Hầm+ 5 tầng| 41.5 tỷ,41500000000,"41,5 tỷ",180,1,"Đường số 63, Phường An Khánh, Hồ Chí Minh",Phường An Phú,,Thành phố Thủ Đức,1040,Đất nền,,,,https://alonhadat.com.vn/duy-nhat-lo-dat-mt-duong-so-63-kdc-van-minh-q-2-dt-10x18-ctxd-ham-5-tang-41-5-ty-18757169.html,https://alonhadat.com.vn/duy-nhat-lo-dat-mt-duong-so-63-kdc-van-minh-q-2-dt-10x18-ctxd-ham-5-tang-41-5-ty-18757169.html,2026-06-07,2026-06-07 20:16:10.418495,,41500,230555555.55555555,0,0
alonhadat,sale_student_csv,alonhadat_duc_17815812,17815812,Bán Lô Đất Mặt Tiền Đặng Như Mai- Thành Mỹ Lợi- DT 10x20m- CTXD Hầm 6 Tầng - Giá 42 tỷ,42000000000,42 tỷ,200,6,"Đường Đặng Như Mai, Phường Cát Lái, Hồ Chí Minh",Phường Thạnh Mỹ Lợi,,Thành phố Thủ Đức,1040,Đất nền,,,,https://alonhadat.com.vn/ban-lo-dat-mat-tien-dang-nhu-mai-thanh-my-loi-dt-10x20m-ctxd-ham-6-tang-gia-42-ty-17815812.html,https://alonhadat.com.vn/ban-lo-dat-mat-tien-dang-nhu-mai-thanh-my-loi-dt-10x20m-ctxd-ham-6-tang-gia-42-ty-17815812.html,2026-06-07,2026-06-07 20:16:10.418495,,42000,210000000,0,0
alonhadat,sale_student_csv,alonhadat_duc_18752938,18752938,"Bán nhà mặt tiền Trịnh Quang Nghị, H. Bình Chánh, 333,5m2, ngang 9,39m, sát Khang Điền",13800000000,"13,8 tỷ",333,1,"Đường Trịnh Quang Nghị, Xã Bình Hưng, Hồ Chí Minh",Xã Phong Phú,,Huyện Bình Chánh,1020,Nhà ở,,,,https://alonhadat.com.vn/ban-nha-mat-tien-trinh-quang-nghi-h-binh-chanh-333-5m2-ngang-9-39m-sat-khang-dien-18752938.html,https://alonhadat.com.vn/ban-nha-mat-tien-trinh-quang-nghi-h-binh-chanh-333-5m2-ngang-9-39m-sat-khang-dien-18752938.html,2026-06-06,2026-06-07 20:16:10.418495,,13800,41441441.44144144,0,0
alonhadat,sale_student_csv,alonhadat_duc_18744030,18744030,Nhà Phố Vinhomes Hóc Môn Mở Bán 06/06/2026 - Trả Trước Từ 1 tỷ 4,4800000000,"4,8 tỷ",50,6,"Quốc Lộ 22, Xã Xuân Thới Sơn, Hồ Chí Minh",Xã Xuân Thới Sơn,,Huyện Hóc Môn,1020,Nhà ở,,,,https://alonhadat.com.vn/nhan-booking-nha-pho-vinhomes-hoc-mon-mo-ban-06-06-2026-gia-dat-khong-tu-4-ty-8-18744030.html,https://alonhadat.com.vn/nhan-booking-nha-pho-vinhomes-hoc-mon-mo-ban-06-06-2026-gia-dat-khong-tu-4-ty-8-18744030.html,2026-06-06,2026-06-07 20:16:10.418495,,4800,96000000,0,0
alonhadat,sale_student_csv,alonhadat_duc_18178529,18178529,"Bán Nhà khu Bán Đảo Gia Long Riverside 5 Tầng, Thang Máy, Full Nội Thất 6.9 x 12 Sổ Riêng",11030000000,"11,03 tỷ",84,5,"Đường Lê Văn Lương, Xã Nhà Bè, Hồ Chí Minh",Xã Phước Kiển,,Huyện Nhà Bè,1020,Nhà ở,,,,https://alonhadat.com.vn/ban-nha-khu-ban-dao-gia-long-riverside-5-tang-thang-may-full-noi-that-6-9-x-12-so-rieng-18178529.html,https://alonhadat.com.vn/ban-nha-khu-ban-dao-gia-long-riverside-5-tang-thang-may-full-noi-that-6-9-x-12-so-rieng-18178529.html,2026-06-06,2026-06-07 20:16:10.418495,,11030,131309523.8095238,0,0
alonhadat,sale_student_csv,alonhadat_duc_18754261,18754261,"Bán tòa nhà mặt tiền Nguyễn Trường Tộ - DT 16,5x23m_Hầm 12 tầng - HĐT 1 tỷ/ th_Giá 240 tỷ",240000000000,240 tỷ,380,12,"Đường Nguyễn Trường Tộ, Phường Xóm Chiếu, Hồ Chí Minh",Phường 12,,Không rõ,1020,Nhà ở,,,,https://alonhadat.com.vn/ban-toa-nha-mat-tien-nguyen-truong-to-dt-16-5x23m-ham-12-tang-hdt-1-ty-th-gia-240-ty-18754261.html,https://alonhadat.com.vn/ban-toa-nha-mat-tien-nguyen-truong-to-dt-16-5x23m-ham-12-tang-hdt-1-ty-th-gia-240-ty-18754261.html,2026-06-06,2026-06-07 20:16:10.418495,,240000,631578947.3684211,0,0
alonhadat,sale_student_csv,alonhadat_duc_18753672,18753672,"Bán MT Trần Hưng Đạo Phường Cầu Kho Quận 1 , 4 x 18m , 6 Tầng 45 tỷ",45000000000,45 tỷ,70,6,"Đường Trần Hưng Đạo, Phường Cầu Ông Lãnh, Hồ Chí Minh",Phường Cầu Kho,,Quận 1,1030,Mặt bằng,,,,https://alonhadat.com.vn/ban-mt-tran-hung-dao-phuong-cau-kho-quan-1-4-x-18m-6-tang-45-ty-18753672.html,https://alonhadat.com.vn/ban-mt-tran-hung-dao-phuong-cau-kho-quan-1-4-x-18m-6-tang-45-ty-18753672.html,2026-06-06,2026-06-07 20:16:10.418495,,45000,642857142.8571428,0,0
alonhadat,sale_student_csv,alonhadat_duc_18751787,18751787,"HIẾM CÓ Nhà Bán MT 369 Trần Hưng Đạo, P.Cầu Ông Lãnh Quận 1 DT 4x18m, 6 tầng giá 48 tỷ TL",48000000000,48 tỷ,70,10,"Đường Trần Hưng Đạo, Phường Cầu Ông Lãnh, Hồ Chí Minh",Phường Cầu Ông Lãnh,,Quận 1,1020,Nhà ở,,,,https://alonhadat.com.vn/hiem-co-nha-ban-mt-369-tran-hung-dao-p-cau-ong-lanh-quan-1-dt-4x18m-6-tang-gia-48-ty-tl-18751787.html,https://alonhadat.com.vn/hiem-co-nha-ban-mt-369-tran-hung-dao-p-cau-ong-lanh-quan-1-dt-4x18m-6-tang-gia-48-ty-tl-18751787.html,2026-06-06,2026-06-07 20:16:10.418495,,48000,685714285.7142857,0,0
alonhadat,sale_student_csv,alonhadat_duc_18754134,18754134,Mặt tiền Trần Hưng Đạo - Cách chợ Bến Thành 500m - DT: 16x22m - CN: 335m2 - 230 tỷ TL,230000000000,230 tỷ,335,5,"Đường Trần Hưng Đạo, Phường Bến Thành, Hồ Chí Minh",Phường Phạm Ngũ Lão,,Quận 1,1020,Nhà ở,,,,https://alonhadat.com.vn/mat-tien-tran-hung-dao-cach-cho-ben-thanh-500m-dt-16x22m-cn-335m2-230-ty-tl-18754134.html,https://alonhadat.com.vn/mat-tien-tran-hung-dao-cach-cho-ben-thanh-500m-dt-16x22m-cn-335m2-230-ty-tl-18754134.html,2026-06-06,2026-06-07 20:16:10.418495,,230000,686567164.1791044,0,0
alonhadat,sale_student_csv,alonhadat_duc_18215271,18215271,Nợ Bank Cần Bán Gấp MT Khu Phan Xích Long Cách Quận 1 50m DT 4x18 5 Lầu Mới Chỉ 24 Tỷ TL,24000000000,24 tỷ,72,6,"Đường số 1, Phường Gia Định, Hồ Chí Minh",Phường 3,,Quận 1,1040,Đất,,,,https://alonhadat.com.vn/no-bank-can-ban-gap-mt-khu-phan-xich-long-cach-quan-1-50m-dt-4x18-5-lau-moi-chi-24-ty-tl-18215271.html,https://alonhadat.com.vn/no-bank-can-ban-gap-mt-khu-phan-xich-long-cach-quan-1-50m-dt-4x18-5-lau-moi-chi-24-ty-tl-18215271.html,2026-06-06,2026-06-07 20:16:10.418495,,24000,333333333.3333333,0,0
alonhadat,sale_student_csv,alonhadat_duc_18713885,18713885,🔥Siêu VIP - Khuôn Đất Đẹp MT Ký Con Q1 20x20m 4 Lầu HĐ 270 Triệu/Th Chỉ 270 Tỷ,270000000000,270 tỷ,400,4,"Đường Ký Con, Phường Sài Gòn, Hồ Chí Minh",Phường Nguyễn Thái Bình,,Quận 1,1040,Đất,,,,https://alonhadat.com.vn/-sieu-vip-khuon-dat-dep-mt-ky-con-q1-20x20m-4-lau-hd-270-trieu-th-chi-270-ty-18713885.html,https://alonhadat.com.vn/-sieu-vip-khuon-dat-dep-mt-ky-con-q1-20x20m-4-lau-hd-270-trieu-th-chi-270-ty-18713885.html,2026-06-06,2026-06-07 20:16:10.418495,,270000,675000000,0,0
alonhadat,sale_student_csv,alonhadat_duc_18713793,18713793,🔥 SIÊU VIP - MT HỒ HẢO HỚN Q1 20x22m 420m2 3 Lầu HĐ 240 Triệu/Th Chỉ 280 Tỷ,280000000000,280 tỷ,420,3,"Đường Hồ Hảo Hớn, Phường Cầu Ông Lãnh, Hồ Chí Minh",Phường Cô Giang,,Quận 1,1040,Đất,,,,https://alonhadat.com.vn/-sieu-vip-mt-ho-hao-hon-q1-20x22m-420m2-3-lau-hd-240-trieu-th-chi-280-ty-18713793.html,https://alonhadat.com.vn/-sieu-vip-mt-ho-hao-hon-q1-20x22m-420m2-3-lau-hd-240-trieu-th-chi-280-ty-18713793.html,2026-06-06,2026-06-07 20:16:10.418495,,280000,666666666.6666666,0,0
alonhadat,sale_student_csv,alonhadat_duc_18727236,18727236,🔥Siêu Vị Trí Ngay Chợ Bến Thành - MT Calmette Q1 8x20m 4 lầu HĐ 180 Tr/th Chỉ 115 Tỷ,115000000000,115 tỷ,160,4,"Đường Calmette, Phường Bến Thành, Hồ Chí Minh",Phường Bến Thành,,Quận 1,1040,Đất,,,,https://alonhadat.com.vn/-sieu-vi-tri-ngay-cho-ben-thanh-mt-calmette-q1-8x20m-4-lau-hd-180-tr-th-chi-115-ty-18727236.html,https://alonhadat.com.vn/-sieu-vi-tri-ngay-cho-ben-thanh-mt-calmette-q1-8x20m-4-lau-hd-180-tr-th-chi-115-ty-18727236.html,2026-06-06,2026-06-07 20:16:10.418495,,115000,718750000,0,0
alonhadat,sale_student_csv,alonhadat_duc_18660559,18660559,🔥Duy Nhất Ngay Bến Thành Khuôn Đất MT Khu Nguyễn Thái Bình Q.1 20x22m 3L Chi 290 Tỷ,290000000000,290 tỷ,440,4,"Đường Nguyễn Thái Bình, Phường Bến Thành, Hồ Chí Minh",Phường Bến Thành,,Quận 1,1040,Đất,,,,https://alonhadat.com.vn/-duy-nhat-ngay-ben-thanh-khuon-dat-mt-khu-nguyen-thai-binh-q-1-20x22m-3l-chi-290-ty-18660559.html,https://alonhadat.com.vn/-duy-nhat-ngay-ben-thanh-khuon-dat-mt-khu-nguyen-thai-binh-q-1-20x22m-3l-chi-290-ty-18660559.html,2026-06-06,2026-06-07 20:16:10.418495,,290000,659090909.0909091,0,0
alonhadat,sale_student_csv,alonhadat_duc_18752799,18752799,"Bán nhà 2MT CMT8 Hòa Hưng Quận 10- DT 7,84 x 25m - HĐT 140 Triệu/Tháng - Giá bán: 43,8 TỶ",43800000000,"43,8 tỷ",195,5,"Đường Cách Mạng Tháng 8, Phường Hòa Hưng, Hồ Chí Minh",Phường 13,,Quận 10,1020,Nhà ở,,,,https://alonhadat.com.vn/ban-nha-2mt-cmt8-hoa-hung-quan-10-dt-7-84-x-25m-hdt-140-trieu-thang-gia-ban-43-8-ty-18752799.html,https://alonhadat.com.vn/ban-nha-2mt-cmt8-hoa-hung-quan-10-dt-7-84-x-25m-hdt-140-trieu-thang-gia-ban-43-8-ty-18752799.html,2026-06-06,2026-06-07 20:16:10.418495,,43800,224615384.6153846,0,0
alonhadat,sale_student_csv,alonhadat_duc_18741308,18741308,SIÊU PHẨM GÓC 2MT ĐƯỜNG SỐ 2 CƯ XÁ LỮ GIA (Q.11) - 329M² KHUÔN ĐẤT VÀNG 14M x 22M,88000000000,88 tỷ,329,6,"Đường Cư Xá Lữ Gia, Phường Phú Thọ, Hồ Chí Minh",Phường 15,,Quận 11,1020,Biệt thự,,,,https://alonhadat.com.vn/sieu-pham-goc-2mt-duong-so-2-cu-xa-lu-gia-q-11-329m-khuon-dat-vang-14m-x-22m-18741308.html,https://alonhadat.com.vn/sieu-pham-goc-2mt-duong-so-2-cu-xa-lu-gia-q-11-329m-khuon-dat-vang-14m-x-22m-18741308.html,2026-06-06,2026-06-07 20:16:10.418495,,88000,267477203.6474164,0,0
alonhadat,sale_student_csv,alonhadat_duc_18316023,18316023,BÁN TÒA NHÀ CĂN HỘ DỊCH VỤ QUẬN 11 – 343M² THỔ CƯ – THU NHẬP 150TR/THÁNG,45000000000,45 tỷ,390,31,"Đường Đội Cung, Phường Bình Thới, Hồ Chí Minh",Phường Bình Thới,,Quận 11,1010,Căn hộ chung cư,,,,https://alonhadat.com.vn/ban-toa-nha-can-ho-dich-vu-quan-11-343m-tho-cu-thu-nhap-150tr-thang-18316023.html,https://alonhadat.com.vn/ban-toa-nha-can-ho-dich-vu-quan-11-343m-tho-cu-thu-nhap-150tr-thang-18316023.html,2026-06-06,2026-06-07 20:16:10.418495,,45000,115384615.38461539,0,0
alonhadat,sale_student_csv,alonhadat_duc_18752956,18752956,BÁN BIỆT THỰ SÂN VƯỜN. DT- 25x50M CN 1.250m² 5 TẦNG-CÓ THANG MÁY GIÁ 78 TỶ,78000000000,78 tỷ,1250,10,"Đường An Phú Đông 1, Phường Trung Mỹ Tây, Hồ Chí Minh",Phường Tân Chánh Hiệp,,Quận 12,1020,Biệt thự,,,,https://alonhadat.com.vn/ban-biet-thu-san-vuon-dt-25x50m-cn-1-250m-5-tang-co-thang-may-gia-78-ty-18752956.html,https://alonhadat.com.vn/ban-biet-thu-san-vuon-dt-25x50m-cn-1-250m-5-tang-co-thang-may-gia-78-ty-18752956.html,2026-06-06,2026-06-07 20:16:10.418495,,78000,62400000,0,0
alonhadat,sale_student_csv,alonhadat_duc_18749083,18749083,"1. Nhà Tân Thới Hiệp 21, sát Dương Thị 10. Tk 2tầng nhỉnh 1 tỷ",1000000000,1 tỷ,32,2,"Đường Tân Thới Hiệp 21, Phường Tân Thới Hiệp, Hồ Chí Minh",Phường Tân Thới Hiệp,,Quận 12,1020,Nhà ở,,,,https://alonhadat.com.vn/1-nha-tan-thoi-hiep-21-sat-duong-thi-10-tk-2tang-nhinh-1-ty-18749083.html,https://alonhadat.com.vn/1-nha-tan-thoi-hiep-21-sat-duong-thi-10-tk-2tang-nhinh-1-ty-18749083.html,2026-06-06,2026-06-07 20:16:10.418495,,1000,31250000,0,0
alonhadat,sale_student_csv,alonhadat_duc_17002869,17002869,"168M² – NGANG 13M – DÒNG TIỀN 20TR/TH –2 MẶT TIỀN T15– AN PHÚ ĐÔNG –Q12 💸CHỈ 5,45 TỶ",5450000000,"5,45 tỷ",168,4,"Đường T15, Phường An Phú Đông, Hồ Chí Minh",Phường An Phú Đông,,Quận 12,1040,Đất,,,,https://alonhadat.com.vn/ban-nha-cap-4-hai-mat-tien-duong-t15-phuong-an-phu-dong-q12-dt168-5m-dongtien-20tr-th-17002869.html,https://alonhadat.com.vn/ban-nha-cap-4-hai-mat-tien-duong-t15-phuong-an-phu-dong-q12-dt168-5m-dongtien-20tr-th-17002869.html,2026-06-06,2026-06-07 20:16:10.418495,,5450,32440476.19047619,0,0
alonhadat,sale_student_csv,alonhadat_duc_18727329,18727329,🔥Chia TS Cần Bán Gấp Góc 2MT Võ Văn Tần - Cao Thắng Q3 8x12m 95m2 5L Mới Chỉ 60 Tỷ,60000000000,60 tỷ,95,5,"Đường Võ Văn Tần, Phường Bàn Cờ, Hồ Chí Minh",Phường 5,,Quận 3,1040,Đất,,,,https://alonhadat.com.vn/-chia-ts-can-ban-gap-goc-2mt-vo-van-tan-cao-thang-q3-8x12m-95m2-5l-moi-chi-60-ty-18727329.html,https://alonhadat.com.vn/-chia-ts-can-ban-gap-goc-2mt-vo-van-tan-cao-thang-q3-8x12m-95m2-5l-moi-chi-60-ty-18727329.html,2026-06-06,2026-06-07 20:16:10.418495,,60000,631578947.3684211,0,0
alonhadat,sale_student_csv,alonhadat_duc_18754083,18754083,"Nợ ngân hàng bán tòa nhà mặt tiền Trần Quang Diệu, Quận 3 DT 15x20m, KC 1 H+8 lầù_70 tỷ",70000000000,70 tỷ,296,7,"Đường Trần Quang Diệu, Phường Nhiêu Lộc, Hồ Chí Minh",Phường 14,,Quận 3,1040,Đất,,,,https://alonhadat.com.vn/no-ngan-hang-ban-toa-nha-mat-tien-tran-quang-dieu-quan-3-dt-15x20m-kc-1-h-8-lau-70-ty-18754083.html,https://alonhadat.com.vn/no-ngan-hang-ban-toa-nha-mat-tien-tran-quang-dieu-quan-3-dt-15x20m-kc-1-h-8-lau-70-ty-18754083.html,2026-06-06,2026-06-07 20:16:10.418495,,70000,236486486.4864865,0,0
alonhadat,sale_student_csv,alonhadat_duc_18752693,18752693,VỊ TRÍ CỰC ĐẸP MẶT TIỀN NGUYỂN CHÍ THANH P9 QUẬN 5 NGAY VÒNG XOAY NGUYỄN TRI PHƯƠNG 25 TỶ,25000000000,25 tỷ,54,8,"Đường Nguyễn Chí Thanh, Phường An Đông, Hồ Chí Minh",Phường 9,,Quận 5,1020,Nhà ở,,,,https://alonhadat.com.vn/vi-tri-cuc-dep-mat-tien-nguyen-chi-thanh-p9-quan-5-ngay-vong-xoay-nguyen-tri-phuong-25-ty-18752693.html,https://alonhadat.com.vn/vi-tri-cuc-dep-mat-tien-nguyen-chi-thanh-p9-quan-5-ngay-vong-xoay-nguyen-tri-phuong-25-ty-18752693.html,2026-06-06,2026-06-07 20:16:10.418495,,25000,462962962.962963,0,0
alonhadat,sale_student_csv,alonhadat_duc_18752022,18752022,"MẶT TIỀN TRUNG TÂM – GẦN CÔNG VIÊN TƯỞNG NIỆM COVID, GIÁ 17 TỶ",17000000000,17 tỷ,85,4,"Đường Trần Phú, Phường Chợ Quán, Hồ Chí Minh",Phường 4,,Quận 5,1020,Nhà ở,,,,https://alonhadat.com.vn/mat-tien-trung-tam-gan-cong-vien-tuong-niem-covid-gia-17-ty-18752022.html,https://alonhadat.com.vn/mat-tien-trung-tam-gan-cong-vien-tuong-niem-covid-gia-17-ty-18752022.html,2026-06-06,2026-06-07 20:16:10.418495,,17000,200000000,0,0
alonhadat,sale_student_csv,alonhadat_duc_18753219,18753219,Mặt tiền khu Bình Phú P.10 Quận 6 cũ (4.5x20m) 3 lầu chỉ 11.8 tỷ tl,11800000000,"11,8 tỷ",90,5,"Đường Số 25, Phường Bình Phú, Hồ Chí Minh",Phường 10,,Quận 6,1020,Nhà ở,,,,https://alonhadat.com.vn/mat-tien-khu-binh-phu-p-10-quan-6-cu-4-5x20m-3-lau-chi-11-8-ty-tl-18753219.html,https://alonhadat.com.vn/mat-tien-khu-binh-phu-p-10-quan-6-cu-4-5x20m-3-lau-chi-11-8-ty-tl-18753219.html,2026-06-06,2026-06-07 20:16:10.418495,,11800,131111111.1111111,0,0
alonhadat,sale_student_csv,alonhadat_duc_18753448,18753448,Siêu Phẩm Giáp Quận 7..Nhà Mới 4 Tầng..Sổ Hồng Riêng..Hoàn Công Chuẩn,9700000000,"9,7 tỷ",62,4,"Đường Huỳnh Tấn Phát, Xã Nhà Bè, Hồ Chí Minh",Xã Phú Xuân,,Quận 7,1020,Nhà ở,,,,https://alonhadat.com.vn/sieu-pham-giap-quan-7-nha-moi-4-tang-so-hong-rieng-hoan-cong-chuan-18753448.html,https://alonhadat.com.vn/sieu-pham-giap-quan-7-nha-moi-4-tang-so-hong-rieng-hoan-cong-chuan-18753448.html,2026-06-06,2026-06-07 20:16:10.418495,,9700,156451612.9032258,0,0
alonhadat,sale_student_csv,alonhadat_duc_18755048,18755048,"Bán Nhà Hẻm Xe Hơi Bùi Văn Ba, Q7 - 65m2 - 1 Trệt 2 Lầu Sân Thượng - Giá 7.9 Tỷ (TL) ​Cầ",7900000000,"7,9 tỷ",65,4,"Đường Bùi Văn Ba, Phường Tân Thuận, Hồ Chí Minh",Phường Tân Thuận Đông,,Quận 7,1020,Nhà ở,,,,https://alonhadat.com.vn/ban-nha-hem-xe-hoi-bui-van-ba-q7-65m2-1-tret-2-lau-san-thuong-gia-7-9-ty-tl-ca-18755048.html,https://alonhadat.com.vn/ban-nha-hem-xe-hoi-bui-van-ba-q7-65m2-1-tret-2-lau-san-thuong-gia-7-9-ty-tl-ca-18755048.html,2026-06-06,2026-06-07 20:16:10.418495,,7900,121538461.53846154,0,0
alonhadat,sale_student_csv,alonhadat_duc_18752703,18752703,HẠ CHÀO CHẤN ĐỘNG 5 TỶ - SIÊU BIỆT THỰ SÂN VƯỜN TÂN CỔ ĐIỂN BÌNH THẠNH -NGANG 9.2M,30000000000,30 tỷ,270,8,"Đường Lê Quang Định, Phường Bình Lợi Trung, Hồ Chí Minh",Phường 11,,Quận Bình Thạnh,1020,Biệt thự,,,,https://alonhadat.com.vn/ha-chao-chan-dong-5-ty-sieu-biet-thu-san-vuon-tan-co-dien-binh-thanh-ngang-9-2m-18752703.html,https://alonhadat.com.vn/ha-chao-chan-dong-5-ty-sieu-biet-thu-san-vuon-tan-co-dien-binh-thanh-ngang-9-2m-18752703.html,2026-06-06,2026-06-07 20:16:10.418495,,30000,111111111.1111111,0,0
alonhadat,sale_student_csv,alonhadat_duc_18721305,18721305,Nhà Mới Xây Vuông Vức Hẻm Rộng Thoáng Mát Khu Dân Trí Cao,6500000000,"6,5 tỷ",46,3,"Đường Nơ Trang Long, Phường Bình Lợi Trung, Hồ Chí Minh",Phường 13,,Quận Bình Thạnh,1020,Nhà ở,,,,https://alonhadat.com.vn/nha-moi-xay-vuong-vuc-hem-rong-thoang-mat-khu-dan-tri-cao-18721305.html,https://alonhadat.com.vn/nha-moi-xay-vuong-vuc-hem-rong-thoang-mat-khu-dan-tri-cao-18721305.html,2026-06-06,2026-06-07 20:16:10.418495,,6500,141304347.82608697,0,0
alonhadat,sale_student_csv,alonhadat_duc_18711102,18711102,🔥Siêu Phẩm Hàng Kín - Tòa Nhà Góc 2 MT Nguyễn Văn Đậu 10x19m Hầm 7L HĐ 135Tr Chỉ 50 Tỷ,50000000000,50 tỷ,185,8,"Đường Nguyễn Văn Đậu, Phường Gia Định, Hồ Chí Minh",Phường 7,,Quận Bình Thạnh,1020,Nhà ở,,,,https://alonhadat.com.vn/-sieu-pham-hang-kin-toa-nha-goc-2-mt-nguyen-van-dau-10x19m-ham-7l-hd-135-tr-chi-55-ty-18711102.html,https://alonhadat.com.vn/-sieu-pham-hang-kin-toa-nha-goc-2-mt-nguyen-van-dau-10x19m-ham-7l-hd-135-tr-chi-55-ty-18711102.html,2026-06-06,2026-06-07 20:16:10.418495,,50000,270270270.2702703,0,0
alonhadat,sale_student_csv,alonhadat_duc_18149273,18149273,"HOt! Bán nhà MT Xô Viết Nghệ Tĩnh, Phường 25, Bình Thạnh, DT 12x75m, CN: 820m2. Giá 155 tỷ",155000000000,155 tỷ,820,2,"Đường Xô Viết Nghệ Tĩnh, Phường Thạnh Mỹ Tây, Hồ Chí Minh",Phường 25,,Quận Bình Thạnh,1020,Nhà ở,,,,https://alonhadat.com.vn/hot-ban-nha-mt-xo-viet-nghe-tinh-phuong-25-binh-thanh-dt-12x75m-cn-820m2-gia-155-ty-18149273.html,https://alonhadat.com.vn/hot-ban-nha-mt-xo-viet-nghe-tinh-phuong-25-binh-thanh-dt-12x75m-cn-820m2-gia-155-ty-18149273.html,2026-06-06,2026-06-07 20:16:10.418495,,155000,189024390.24390244,0,0
alonhadat,sale_student_csv,alonhadat_duc_18620278,18620278,"Nhà ĐẸP 1 trệt 1 lầu Lê Văn Quới ngay BỐN XÃ - Giá 5,2 tỉ",5200000000,"5,2 tỷ",44,2,"Đường Lê Văn Quới, Phường Bình Hưng Hòa, Hồ Chí Minh",Phường Bình Hưng Hòa A,,Quận Bình Tân,1020,Nhà ở,,,,https://alonhadat.com.vn/nha-moi-dep-4x10-le-van-quoi-gia-4-83-ti-18620278.html,https://alonhadat.com.vn/nha-moi-dep-4x10-le-van-quoi-gia-4-83-ti-18620278.html,2026-06-06,2026-06-07 20:16:10.418495,,5200,118181818.18181819,0,0
alonhadat,sale_student_csv,alonhadat_duc_18702414,18702414,Bán nhà hẻm xe tải đường Hương Lộ 2 thông Lê Văn Quới,6890000000,"6,89 tỷ",86,4,"Đường Hương lộ 2, Phường Bình Trị Đông, Hồ Chí Minh",Phường Bình Trị Đông,,Quận Bình Tân,1020,Nhà ở,,,,https://alonhadat.com.vn/ban-nha-hem-xe-tai-duong-huong-lo-2-thong-le-van-quoi-18702414.html,https://alonhadat.com.vn/ban-nha-hem-xe-tai-duong-huong-lo-2-thong-le-van-quoi-18702414.html,2026-06-06,2026-06-07 20:16:10.418495,,6890,80116279.06976745,0,0
alonhadat,sale_student_csv,alonhadat_duc_18752084,18752084,BÁN NHÀ LÊ ĐÌNH CẨN – NHÀ ĐẸP Ở NGAY – DT 63m² – GIÁ CHỈ 4.9 TỶ,4900000000,"4,9 tỷ",63,4,"Đường Lê Đình Cẩn, Phường Tân Tạo, Hồ Chí Minh",Phường Tân Tạo,,Quận Bình Tân,1020,Nhà ở,,,,https://alonhadat.com.vn/ban-nha-le-dinh-can-nha-dep-o-ngay-dt-63m-gia-chi-4-9-ty-18752084.html,https://alonhadat.com.vn/ban-nha-le-dinh-can-nha-dep-o-ngay-dt-63m-gia-chi-4-9-ty-18752084.html,2026-06-06,2026-06-07 20:16:10.418495,,4900,77777777.77777778,0,0
alonhadat,sale_student_csv,alonhadat_duc_18747114,18747114,GẦN AEON TÂN PHÚ - NGÃ 4 GÒ MÂY - 60M2 - ĐƯỜNG NHỰA 6M 5TẦNG THANG MÁY FULL NỘI THẤT 7.XTỶ,7000000000,7 tỷ,60,4,"Đường Hồ Văn Long, Phường Bình Tân, Hồ Chí Minh",Phường Bình Hưng Hòa B,,Quận Bình Tân,1020,Nhà ở,,,,https://alonhadat.com.vn/gan-aeon-tan-phu-nga-4-go-may-60m2-duong-nhua-6m-5tang-thang-may-full-noi-that-7-xty-18747114.html,https://alonhadat.com.vn/gan-aeon-tan-phu-nga-4-go-may-60m2-duong-nhua-6m-5tang-thang-may-full-noi-that-7-xty-18747114.html,2026-06-06,2026-06-07 20:16:10.418495,,7000,116666666.66666667,0,0
alonhadat,sale_student_csv,alonhadat_duc_18754453,18754453,"🏡 BÁN NHÀ MỚI 100% – 5 TẦNG THANG MÁY – HXH THÔNG NGUYỄN THỊ TÚ, KDC VĨNH LỘC – NHỈNH 8 T",8000000000,8 tỷ,70,5,"Đường Nguyễn Thị Tú, Phường Bình Tân, Hồ Chí Minh",Phường Bình Hưng Hòa B,,Quận Bình Tân,1020,Nhà ở,,,,https://alonhadat.com.vn/-ban-nha-moi-100-5-tang-thang-may-hxh-thong-nguyen-thi-tu-kdc-vinh-loc-nhinh-8-t-18754453.html,https://alonhadat.com.vn/-ban-nha-moi-100-5-tang-thang-may-hxh-thong-nguyen-thi-tu-kdc-vinh-loc-nhinh-8-t-18754453.html,2026-06-06,2026-06-07 20:16:10.418495,,8000,114285714.28571428,0,0
alonhadat,sale_student_csv,alonhadat_duc_18747853,18747853,NHÀ TRỌ 3 TẦNG 84 M2 – 14 PHÒNG – THU NHẬP 49 TRIỆU/THÁNG – CHỈ 6.5 TỶ - THỐNG NHẤT GÒ VẤP,6500000000,"6,5 tỷ",84,14,"Đường Thống Nhất, Phường An Hội Đông, Hồ Chí Minh",Phường An Hội Đông,,Quận Gò Vấp,1050,Nhà trọ,,,,https://alonhadat.com.vn/nha-tro-3-tang-84-m2-14-phong-thu-nhap-49-trieu-thang-chi-6-7-ty-thong-nhat-go-vap-18747853.html,https://alonhadat.com.vn/nha-tro-3-tang-84-m2-14-phong-thu-nhap-49-trieu-thang-chi-6-7-ty-thong-nhat-go-vap-18747853.html,2026-06-06,2026-06-07 20:16:10.418495,,6500,77380952.38095239,0,0
alonhadat,sale_student_csv,alonhadat_duc_18740086,18740086,"GẤP BÁN 10 tỷ tiện KINH DOANH, 2 mặt tiền, HXH 5m, vài căn ra đg Phan Văn Trị, Q. Gò Vấp",10000000000,10 tỷ,78,3,"Đường Phan Văn Trị, Phường Hạnh Thông, Hồ Chí Minh",Phường 1,,Quận Gò Vấp,1020,Nhà ở,,,,https://alonhadat.com.vn/gap-ban-10-ty-tien-kinh-doanh-2-mat-tien-hxh-5m-vai-can-ra-dg-phan-van-tri-q-go-vap-18740086.html,https://alonhadat.com.vn/gap-ban-10-ty-tien-kinh-doanh-2-mat-tien-hxh-5m-vai-can-ra-dg-phan-van-tri-q-go-vap-18740086.html,2026-06-06,2026-06-07 20:16:10.418495,,10000,128205128.20512821,0,0
alonhadat,sale_student_csv,alonhadat_duc_18745688,18745688,"NHÀ NÁT (5.8 x 17) hẻm OTO thông, QH hẻm 10m được xây cao tầng, 70m ra Rạch Xuyên Tâm",9900000000,"9,9 tỷ",95,2,"Đường Dương Quảng Hàm, Phường An Nhơn, Hồ Chí Minh",Phường 5,,Quận Gò Vấp,1040,Đất,,,,https://alonhadat.com.vn/nha-nat-5-8-x-17-hem-oto-thong-qh-hem-10m-duoc-xay-cao-tang-70m-ra-rach-xuyen-tam-18745688.html,https://alonhadat.com.vn/nha-nat-5-8-x-17-hem-oto-thong-qh-hem-10m-duoc-xay-cao-tang-70m-ra-rach-xuyen-tam-18745688.html,2026-06-06,2026-06-07 20:16:10.418495,,9900,104210526.31578948,0,0
alonhadat,sale_student_csv,alonhadat_duc_18754122,18754122,"🏡 BÁN NHÀ MỚI XÂY 4 TẦNG – KHU DÂN TRÍ CAO – GẦN SÂN BAY TÂN SƠN NHẤT ✨ Giá bán: 13,5 tỷ",13500000000,"13,5 tỷ",71,5,"Đường Nguyễn Kiệm, Phường Đức Nhuận, Hồ Chí Minh",Phường 4,,Quận Phú Nhuận,1020,Nhà ở,,,,https://alonhadat.com.vn/-ban-nha-moi-xay-4-tang-khu-dan-tri-cao-gan-san-bay-tan-son-nhat-gia-ban-13-5-ty-18754122.html,https://alonhadat.com.vn/-ban-nha-moi-xay-4-tang-khu-dan-tri-cao-gan-san-bay-tan-son-nhat-gia-ban-13-5-ty-18754122.html,2026-06-06,2026-06-07 20:16:10.418495,,13500,190140845.07042253,0,0
alonhadat,sale_student_csv,alonhadat_duc_18727244,18727244,"Hàng Hiếm 1000m2 đất mặt tiền Trung Tâm Phú Nhuận – Khuôn Đất 28x50m, Giá 190 Tỷ TL",190000000000,190 tỷ,1000,6,"Đường Trần Huy Liệu, Phường Phú Nhuận, Hồ Chí Minh",Phường 11,,Quận Phú Nhuận,1040,Đất,,,,https://alonhadat.com.vn/hang-hiem-1000m2-dat-trung-tam-phu-nhuan-khuon-dat-28x50m-gia-195-ty-tl-18727244.html,https://alonhadat.com.vn/hang-hiem-1000m2-dat-trung-tam-phu-nhuan-khuon-dat-28x50m-gia-195-ty-tl-18727244.html,2026-06-06,2026-06-07 20:16:10.418495,,190000,190000000,0,0
alonhadat,sale_student_csv,alonhadat_duc_18672252,18672252,"Biệt Thự Góc 2 Mặt Tiền Cư Xá Tự Do. DT: 20x25m, Hầm 4 Tầng Giá Bán 85 Tỷ",85000000000,85 tỷ,430,8,"Đường Cách Mạng Tháng Tám, Phường Tân Sơn Nhất, Hồ Chí Minh",Phường 7,,Quận Tân Bình,1020,Biệt thự,,,,https://alonhadat.com.vn/biet-thu-goc-2-mat-tien-cu-xa-tu-do-dt-20x25m-ham-4-tang-gia-ban-85-ty-18672252.html,https://alonhadat.com.vn/biet-thu-goc-2-mat-tien-cu-xa-tu-do-dt-20x25m-ham-4-tang-gia-ban-85-ty-18672252.html,2026-06-06,2026-06-07 20:16:10.418495,,85000,197674418.60465115,0,0
alonhadat,sale_student_csv,alonhadat_duc_18690641,18690641,"Tòa nhà 5 tầng 12 phòng (5x20m) có thang máy. Dòng tiền 1,2 tỷ/năm. Cách sân bay 600m 21tỷ",21000000000,21 tỷ,96,12,"Đường Hồng Hà, Phường Tân Sơn Hòa, Hồ Chí Minh",Phường 2,,Quận Tân Bình,1010,Căn hộ chung cư,,,,https://alonhadat.com.vn/toa-nha-4-tang-12-phong-5x20m-co-thang-may-dong-tien-1-2-ty-nam-cach-san-bay-600m-21ty-18690641.html,https://alonhadat.com.vn/toa-nha-4-tang-12-phong-5x20m-co-thang-may-dong-tien-1-2-ty-nam-cach-san-bay-600m-21ty-18690641.html,2026-06-06,2026-06-07 20:16:10.418495,,21000,218750000,0,0
alonhadat,sale_student_csv,alonhadat_duc_18690686,18690686,"Hiếm ! Bán nhà Hồng HÀ, Phường 2 , Tân Bình. DT Ngang 8x16m - 4 tầng. HĐT: 50tr/th.",27500000000,"27,5 tỷ",135,12,"Đường Hồng Hà, Phường Tân Sơn Hòa, Hồ Chí Minh",Phường 2,,Quận Tân Bình,1010,Căn hộ chung cư,,,,https://alonhadat.com.vn/hiem-ban-nha-hong-ha-phuong-2-tan-binh-dt-ngang-8x16m-4-tang-hdt-50tr-th--18690686.html,https://alonhadat.com.vn/hiem-ban-nha-hong-ha-phuong-2-tan-binh-dt-ngang-8x16m-4-tang-hdt-50tr-th--18690686.html,2026-06-06,2026-06-07 20:16:10.418495,,27500,203703703.7037037,0,0
alonhadat,sale_student_csv,alonhadat_duc_17838087,17838087,Hàng hiếm giá tốt - Chỉ 180tr/m2 - Mặt tiền Đồng Đen - DT 6.5x27m nở hậu 9.4m - GPXD hầm 7,41900000000,"41,9 tỷ",232,5,"Đường Đồng Đen, Phường Tân Bình, Hồ Chí Minh",Phường 14,,Quận Tân Bình,1020,Nhà ở,,,,https://alonhadat.com.vn/hang-hiem-gia-tot-chi-180tr-m2-mat-tien-dong-den-dt-6-5x27m-no-hau-9-4m-gpxd-ham-7-17838087.html,https://alonhadat.com.vn/hang-hiem-gia-tot-chi-180tr-m2-mat-tien-dong-den-dt-6-5x27m-no-hau-9-4m-gpxd-ham-7-17838087.html,2026-06-06,2026-06-07 20:16:10.418495,,41900,180603448.27586207,0,0
alonhadat,sale_student_csv,alonhadat_duc_15859383,15859383,"Căn góc 2 MT kinh doanh đường bàu cát 1, p14, tân bình 6x13 giá 15.5 tỷ",15500000000,"15,5 tỷ",78,3,"Đường Bàu Cát 1, Phường Tân Bình, Hồ Chí Minh",Phường 14,,Quận Tân Bình,1020,Nhà ở,,,,https://alonhadat.com.vn/can-goc-2-mt-kinh-doanh-duong-bau-cat-1-p14-tan-binh-6x13-gia-15-5-ty-15859383.html,https://alonhadat.com.vn/can-goc-2-mt-kinh-doanh-duong-bau-cat-1-p14-tan-binh-6x13-gia-15-5-ty-15859383.html,2026-06-06,2026-06-07 20:16:10.418495,,15500,198717948.7179487,0,0
alonhadat,sale_student_csv,alonhadat_duc_18291009,18291009,Xem ngay! 7.5x18 trệt 2 lầu góc 2MT Lạc Long Quân 17 tỷ chốt 14.8 tỷ,14800000000,"14,8 tỷ",105,4,"Đường Lạc Long Quân, Phường Tân Hòa, Hồ Chí Minh",Phường 9,,Quận Tân Bình,1020,Nhà ở,,,,https://alonhadat.com.vn/xem-ngay-7-5x18-tret-2-lau-goc-2mt-lac-long-quan-17-ty-chot-14-8-ty-18291009.html,https://alonhadat.com.vn/xem-ngay-7-5x18-tret-2-lau-goc-2mt-lac-long-quan-17-ty-chot-14-8-ty-18291009.html,2026-06-06,2026-06-07 20:16:10.418495,,14800,140952380.95238096,0,0
alonhadat,sale_student_csv,alonhadat_duc_18446758,18446758,A TRAI E CẦN BÁN MT NGUYỄN MINH HOÀNG TÂN BÌNH 3TẦNG GIÁ 23 TỶ,23000000000,23 tỷ,84,6,"Đường Nguyễn Minh Hoàng, Phường Tân Bình, Hồ Chí Minh",Phường Tân Bình,,Quận Tân Bình,1020,Nhà ở,,,,https://alonhadat.com.vn/a-trai-e-can-ban-mt-nguyen-minh-hoang-tan-binh-3tang-gia-23-ty-18446758.html,https://alonhadat.com.vn/a-trai-e-can-ban-mt-nguyen-minh-hoang-tan-binh-3tang-gia-23-ty-18446758.html,2026-06-06,2026-06-07 20:16:10.418495,,23000,273809523.8095238,0,0
alonhadat,sale_student_csv,alonhadat_duc_18752979,18752979,"🔥 BÁN NHÀ ĐƯỜNG NGUYỄN THÁI BÌNH, P.4, TÂN BÌNH – VỊ TRÍ VÀNG, DIỆN TÍCH ĐẸP 🔥",10500000000,"10,5 tỷ",61,4,"Đường Nguyễn Thái Bình, Phường Tân Sơn Nhất, Hồ Chí Minh",Phường 4,,Quận Tân Bình,1020,Nhà ở,,,,https://alonhadat.com.vn/-ban-nha-duong-nguyen-thai-binh-p-4-tan-binh-vi-tri-vang-dien-tich-dep--18752979.html,https://alonhadat.com.vn/-ban-nha-duong-nguyen-thai-binh-p-4-tan-binh-vi-tri-vang-dien-tich-dep--18752979.html,2026-06-06,2026-06-07 20:16:10.418495,,10500,172131147.54098362,0,0
alonhadat,sale_student_csv,alonhadat_duc_18751238,18751238,"BÁN TÒA NHÀ MẶT TIỀN BA VÌ, PHƯỜNG 4, QUẬN TÂN BÌNH .5,3m x 15,7m .Hầm + 5 tầng",20900000000,"20,9 tỷ",78,6,"Đường Ba Vì, Phường Tân Sơn Nhất, Hồ Chí Minh",Phường 4,,Quận Tân Bình,1020,Nhà ở,,,,https://alonhadat.com.vn/ban-toa-nha-mat-tien-ba-vi-phuong-4-quan-tan-binh-5-3m-x-15-7m-ham-5-tang-18751238.html,https://alonhadat.com.vn/ban-toa-nha-mat-tien-ba-vi-phuong-4-quan-tan-binh-5-3m-x-15-7m-ham-5-tang-18751238.html,2026-06-06,2026-06-07 20:16:10.418495,,20900,267948717.94871795,0,0
alonhadat,sale_student_csv,alonhadat_duc_18752476,18752476,GÀ ĐẺ TRỨNG VÀNG CỬA NGÕ SÂN BAY - CHDV 4 LẦU TRƯỜNG SƠN - 147M² NỞ HẬU KHỦNG - GIÁ 26 TỶ,26000000000,26 tỷ,147,8,"Đường Trường Sơn, Phường Tân Sơn Nhất, Hồ Chí Minh",Phường 4,,Quận Tân Bình,1040,Đất,,,,https://alonhadat.com.vn/ga-de-trung-vang-cua-ngo-san-bay-chdv-4-lau-truong-son-147m-no-hau-khung-gia-26-ty-18752476.html,https://alonhadat.com.vn/ga-de-trung-vang-cua-ngo-san-bay-chdv-4-lau-truong-son-147m-no-hau-khung-gia-26-ty-18752476.html,2026-06-06,2026-06-07 20:16:10.418495,,26000,176870748.2993197,0,0
alonhadat,sale_student_csv,alonhadat_duc_18655860,18655860,"Dòng Tiền 1 tỷ/ năm HXH 12m Bạch Đằng 5.3 x 19m - 6 tầng, thang máy, PCCC đầy đủ - HĐT 80t",23000000000,23 tỷ,102,13,"Đường Bạch Đằng, Phường Tân Sơn Hòa, Hồ Chí Minh",Phường 2,,Quận Tân Bình,1040,Đất,,,,https://alonhadat.com.vn/dong-tien-1-ty-nam-hxh-12m-bach-dang-5-3-x-19m-6-tang-thang-may-pccc-day-du-hdt-80t-18655860.html,https://alonhadat.com.vn/dong-tien-1-ty-nam-hxh-12m-bach-dang-5-3-x-19m-6-tang-thang-may-pccc-day-du-hdt-80t-18655860.html,2026-06-06,2026-06-07 20:16:10.418495,,23000,225490196.07843137,0,0
alonhadat,sale_student_csv,alonhadat_duc_18754148,18754148,"Mặt Tiên Bàu Cát, DT: 8x20m - 160m2 - 5 Tầng - HD thuê 315tr/tháng - Bán 55 Tỷ",55000000000,55 tỷ,160,5,"Đường Bàu Cát, Phường Bảy Hiền, Hồ Chí Minh",Phường 10,,Quận Tân Bình,1040,Đất,,,,https://alonhadat.com.vn/mat-tien-bau-cat-dt-8x20m-160m2-5-tang-hd-thue-315tr-thang-ban-55-ty-18754148.html,https://alonhadat.com.vn/mat-tien-bau-cat-dt-8x20m-160m2-5-tang-hd-thue-315tr-thang-ban-55-ty-18754148.html,2026-06-06,2026-06-07 20:16:10.418495,,55000,343750000,0,0
alonhadat,sale_student_csv,alonhadat_duc_18753471,18753471,"Bán nhà chính chủ khu VIP sân bay – Sân đậu ô tô, 5.1x21m, 3 tầng giá giảm còn 23.9 tỷ",23900000000,"23,9 tỷ",111,4,"Đường Yên Thế, Phường Tân Sơn Hòa, Hồ Chí Minh",Phường 2,,Quận Tân Bình,1040,Đất,,,,https://alonhadat.com.vn/ban-nha-chinh-chu-khu-vip-san-bay-san-dau-o-to-5-1x21m-3-tang-gia-giam-con-23-9-ty-18753471.html,https://alonhadat.com.vn/ban-nha-chinh-chu-khu-vip-san-bay-san-dau-o-to-5-1x21m-3-tang-gia-giam-con-23-9-ty-18753471.html,2026-06-06,2026-06-07 20:16:10.418495,,23900,215315315.3153153,0,0
alonhadat,sale_student_csv,alonhadat_duc_18660913,18660913,🔥Siêu VIP Building Góc 2 MT Trường Sơn - Cửu Long TB 20x27m VV H7L 600 Tr/Th Chỉ 228 Tỷ,228000000000,228 tỷ,540,8,"Đường Trường Sơn, Phường Tân Sơn Hòa, Hồ Chí Minh",Phường 2,,Quận Tân Bình,1040,Đất,,,,https://alonhadat.com.vn/-sieu-vip-building-goc-2-mt-truong-son-cuu-long-tb-20x27m-vv-h7l-600-tr-th-chi-228-ty-18660913.html,https://alonhadat.com.vn/-sieu-vip-building-goc-2-mt-truong-son-cuu-long-tb-20x27m-vv-h7l-600-tr-th-chi-228-ty-18660913.html,2026-06-06,2026-06-07 20:16:10.418495,,228000,422222222.2222222,0,0
alonhadat,sale_student_csv,alonhadat_duc_18149262,18149262,"Bán nhà MT đường Tân Sơn Nhì, Quận Tân Phú DT(10x30m) Kết cấu: 5 tầng. HĐT: 195tr/tháng Gi",56000000000,56 tỷ,300,5,"Đường Tân Sơn Nhì, Phường Tân Sơn Nhì, Hồ Chí Minh",Phường Tân Sơn Nhì,,Quận Tân Phú,1020,Nhà ở,,,,https://alonhadat.com.vn/ban-nha-mt-duong-tan-son-nhi-quan-tan-phu-dt-10x30m-ket-cau-5-tang-hdt-195tr-thang-gi-18149262.html,https://alonhadat.com.vn/ban-nha-mt-duong-tan-son-nhi-quan-tan-phu-dt-10x30m-ket-cau-5-tang-hdt-195tr-thang-gi-18149262.html,2026-06-06,2026-06-07 20:16:10.418495,,56000,186666666.66666666,0,0
alonhadat,sale_student_csv,alonhadat_duc_18752819,18752819,"BÁN ĐẤT LỚN 12 X 22M TÂN PHÚ TÂN HƯƠNG, HẺM Ô TÔ, FUL THỔ CƯ GIÁ 24 TỶ.",24000000000,24 tỷ,264,1,"Đường Tân Hương, Phường Tân Phú, Hồ Chí Minh",Phường Phú Trung,,Quận Tân Phú,1040,Đất,,,,https://alonhadat.com.vn/ban-dat-lon-12-x-22m-tan-phu-tan-huong-hem-o-to-ful-tho-cu-gia-24-ty--18752819.html,https://alonhadat.com.vn/ban-dat-lon-12-x-22m-tan-phu-tan-huong-hem-o-to-ful-tho-cu-gia-24-ty--18752819.html,2026-06-06,2026-06-07 20:16:10.418495,,24000,90909090.9090909,0,0
alonhadat,sale_student_csv,alonhadat_duc_18146922,18146922,Villa sân vườn mặt tiền ngay Quốc Hương 12x29m kết cấu 3 tầng giá tốt đầu tư,50000000000,50 tỷ,295,3,"Đường Thảo Điền, Phường An Khánh, Hồ Chí Minh",Phường Thảo Điền,,Thành phố Thủ Đức,1020,Biệt thự,,,,https://alonhadat.com.vn/villa-san-vuon-mat-tien-ngay-quoc-huong-12x29m-ket-cau-3-tang-gia-tot-dau-tu-18146922.html,https://alonhadat.com.vn/villa-san-vuon-mat-tien-ngay-quoc-huong-12x29m-ket-cau-3-tang-gia-tot-dau-tu-18146922.html,2026-06-06,2026-06-07 20:16:10.418495,,50000,169491525.42372882,0,0
alonhadat,sale_student_csv,alonhadat_duc_18146933,18146933,"Giảm sâu bán gấp toà nhà MT Cao Đức Lân, P. An Phú, 8x20m H+3 tầng HĐT 120tr giá 52,5Tỷ",52500000000,"52,5 tỷ",160,1,"Đường Cao Đức Lân, Phường An Khánh, Hồ Chí Minh",Phường An Phú,,Thành phố Thủ Đức,1020,Nhà ở,,,,https://alonhadat.com.vn/giam-sau-ban-gap-toa-nha-mt-cao-duc-lan-p-an-phu-8x20m-h-3-tang-hdt-120tr-gia-52-5ty-18146933.html,https://alonhadat.com.vn/giam-sau-ban-gap-toa-nha-mt-cao-duc-lan-p-an-phu-8x20m-h-3-tang-hdt-120tr-gia-52-5ty-18146933.html,2026-06-06,2026-06-07 20:16:10.418495,,52500,328125000,0,0
alonhadat,sale_student_csv,alonhadat_duc_18146856,18146856,giảm sâu 58 tỷ còn 43 tỷ mặt tiền Vũ Tông Phan(7x19) Nhà Sẵn 5 tầng phù hợp ở hoặc làm CTy,43000000000,43 tỷ,131,5,"Đường An Phú, Phường An Khánh, Hồ Chí Minh",Phường An Phú,,Thành phố Thủ Đức,1020,Nhà ở,,,,https://alonhadat.com.vn/giam-sau-58-ty-con-43-ty-mat-tien-vu-tong-phan-7x19-nha-san-5-tang-phu-hop-o-hoac-lam-cty-18146856.html,https://alonhadat.com.vn/giam-sau-58-ty-con-43-ty-mat-tien-vu-tong-phan-7x19-nha-san-5-tang-phu-hop-o-hoac-lam-cty-18146856.html,2026-06-06,2026-06-07 20:16:10.418495,,43000,328244274.8091603,0,0
alonhadat,sale_student_csv,alonhadat_duc_18752369,18752369,NHÀ 2 TẦNG ĐÚC BTCT- HXT- NGAY TRUNG TÂM HIỆP PHÚ - THỦ ĐỨC,5470000000,"5,47 tỷ",54,2,"Đường Tân Hòa 2, Phường Tăng Nhơn Phú, Hồ Chí Minh",Phường Hiệp Phú,,Thành phố Thủ Đức,1020,Nhà ở,,,,https://alonhadat.com.vn/nha-2-tang-duc-btct-hxt-ngay-trung-tam-hiep-phu-thu-duc-18752369.html,https://alonhadat.com.vn/nha-2-tang-duc-btct-hxt-ngay-trung-tam-hiep-phu-thu-duc-18752369.html,2026-06-06,2026-06-07 20:16:10.418495,,5470,101296296.2962963,0,0
alonhadat,sale_student_csv,alonhadat_duc_18747782,18747782,SIÊU HOT Vinhomes sắp ra mắt SIÊU ĐÔ THỊ ĐẠI HỌC 1080ha tại Hóc Môn,5500000000,"5,5 tỷ",50,4,"Đường Xuân Thới Sơn, Xã Xuân Thới Sơn, Hồ Chí Minh",Xã Xuân Thới Sơn,,Huyện Hóc Môn,1040,Đất,,,,https://alonhadat.com.vn/sieu-hot-vinhomes-sap-ra-mat-sieu-do-thi-dai-hoc-1080ha-tai-hoc-mon-18747782.html,https://alonhadat.com.vn/sieu-hot-vinhomes-sap-ra-mat-sieu-do-thi-dai-hoc-1080ha-tai-hoc-mon-18747782.html,2026-06-04,2026-06-07 20:16:10.418495,,5500,110000000,0,0
alonhadat,sale_student_csv,alonhadat_duc_18749808,18749808,BÁN NHANH -CHDV CAO CẤP-18P FULL-NGUYỄN T.MINH KHAI - Q.1-108M² - 7TẦNG-GI.Á 67.450 T.Ỷ,67450000000,"67,45 tỷ",108,18,"Đường Nguyễn Thị Minh Khai, Phường Tân Định, Hồ Chí Minh",Phường Đa Kao,,Quận 1,1040,Đất,,,,https://alonhadat.com.vn/ban-nhanh-chdv-cao-cap-18p-full-nguyen-t-minh-khai-q-1-108m-7tang-gi-a-67-450-t-y-18749808.html,https://alonhadat.com.vn/ban-nhanh-chdv-cao-cap-18p-full-nguyen-t-minh-khai-q-1-108m-7tang-gi-a-67-450-t-y-18749808.html,2026-06-04,2026-06-07 20:16:10.418495,,67450,624537037.037037,0,0
alonhadat,sale_student_csv,alonhadat_duc_18748182,18748182,"Giá rẻ bất ngờ bán nhà mặt tiền 694 Đường 3/2, P10 Quận 10 DT 6x6m 2 tầng giá 16 tỷ TL",16000000000,16 tỷ,35,1,"Đường 3/2, Phường Diên Hồng, Hồ Chí Minh",Phường Diên Hồng,,Quận 10,1020,Nhà ở,,,,https://alonhadat.com.vn/gia-re-bat-ngo-ban-nha-mat-tien-694-duong-3-2-p10-quan-10-dt-6x6m-2-tang-gia-16-ty-tl-18748182.html,https://alonhadat.com.vn/gia-re-bat-ngo-ban-nha-mat-tien-694-duong-3-2-p10-quan-10-dt-6x6m-2-tang-gia-16-ty-tl-18748182.html,2026-06-04,2026-06-07 20:16:10.418495,,16000,457142857.14285713,0,0
alonhadat,sale_student_csv,alonhadat_duc_18746085,18746085,"Bán Nhà MT 694 Đường 3/2, Q10. DT: 6x6m. CN: 34m2. Giá bán: 16 Tỷ",16000000000,16 tỷ,34,2,"Đường 3/2, Phường Diên Hồng, Hồ Chí Minh",Phường 14,,Quận 10,1020,Nhà ở,,,,https://alonhadat.com.vn/ban-nha-mt-694-duong-3-2-q10-dt-6x6m-cn-34m2-gia-ban-16-ty-18746085.html,https://alonhadat.com.vn/ban-nha-mt-694-duong-3-2-q10-dt-6x6m-cn-34m2-gia-ban-16-ty-18746085.html,2026-06-04,2026-06-07 20:16:10.418495,,16000,470588235.2941176,0,0
alonhadat,sale_student_csv,alonhadat_duc_18707666,18707666,"BÁN NHÀ MẶT TIỀN HAI BÀ TRƯNG, ĐỐI DIỆN CÔNG VIÊN LÊ VĂN TÁM, P6 Q3 DT 8,5X28M GIÁ 176 TỶ",176000000000,176 tỷ,230,10,"Đường Hai Bà Trưng, Phường Xuân Hòa, Hồ Chí Minh",Phường Võ Thị Sáu,,Quận 3,1020,Nhà ở,,,,https://alonhadat.com.vn/ban-nha-mat-tien-hai-ba-trung-doi-dien-cong-vien-le-van-tam-p6-q3-dt-8-5x28m-gia-176-ty-18707666.html,https://alonhadat.com.vn/ban-nha-mat-tien-hai-ba-trung-doi-dien-cong-vien-le-van-tam-p6-q3-dt-8-5x28m-gia-176-ty-18707666.html,2026-06-04,2026-06-07 20:16:10.418495,,176000,765217391.3043479,0,0
alonhadat,sale_student_csv,alonhadat_duc_18747561,18747561,Căn duy nhất sót lại MT Lê Văn Sỹ Q3 - 4 tầng - chỉ 18.5 tỷ- giá hiếm khu vực,18500000000,"18,5 tỷ",46,6,"Đường Lê Văn Sỹ, Phường Nhiêu Lộc, Hồ Chí Minh",Phường 14,,Quận 3,1020,Nhà ở,,,,https://alonhadat.com.vn/can-duy-nhat-sot-lai-mt-le-van-sy-q3-4-tang-chi-18-5-ty-gia-hiem-khu-vuc-18747561.html,https://alonhadat.com.vn/can-duy-nhat-sot-lai-mt-le-van-sy-q3-4-tang-chi-18-5-ty-gia-hiem-khu-vuc-18747561.html,2026-06-04,2026-06-07 20:16:10.418495,,18500,402173913.04347825,0,0
alonhadat,sale_student_csv,alonhadat_duc_18748216,18748216,Giá rẻ nhật tuyến đường mặt tiền 25 Trần Hưng Đạo P6 Quận 5 DT 4x18m 5 tầng giá 29 tỷ TL,29000000000,29 tỷ,66,6,"Đường Trần Hưng Đạo, Phường An Đông, Hồ Chí Minh",Phường 6,,Quận 5,1020,Nhà ở,,,,https://alonhadat.com.vn/gia-re-nhat-tuyen-duong-mat-tien-25-tran-hung-dao-p6-quan-5-dt-4x18m-5-tang-gia-29-ty-tl-18748216.html,https://alonhadat.com.vn/gia-re-nhat-tuyen-duong-mat-tien-25-tran-hung-dao-p6-quan-5-dt-4x18m-5-tang-gia-29-ty-tl-18748216.html,2026-06-04,2026-06-07 20:16:10.418495,,29000,439393939.3939394,0,0
alonhadat,sale_student_csv,alonhadat_duc_17887178,17887178,"BÁN NHÀ MẶT TIỀN PHÓ CƠ ĐIỀU NGANG 5M, QUẬN 5 - GIÁ TỐT NHẤT!",25000000000,25 tỷ,104,1,"Đường Phó Cơ Điều, Phường Chợ Lớn, Hồ Chí Minh",Phường 12,,Quận 5,1020,Nhà ở,,,,https://alonhadat.com.vn/ban-nha-mat-tien-pho-co-dieu-ngang-5m-quan-5-gia-tot-nhat--17887178.html,https://alonhadat.com.vn/ban-nha-mat-tien-pho-co-dieu-ngang-5m-quan-5-gia-tot-nhat--17887178.html,2026-06-04,2026-06-07 20:16:10.418495,,25000,240384615.3846154,0,0
alonhadat,sale_student_csv,alonhadat_duc_18616887,18616887,BÁN GẤP MẶT TIỀN 492 XÔ VIẾT NGHỆ TĨNH - NGANG KHỦNG 10M DÀI 20M (178M2) – GIÁ CHỈ 40 TỶ,40000000000,40 tỷ,180,3,"Đường Xô Viết Nghệ Tĩnh, Phường Thạnh Mỹ Tây, Hồ Chí Minh",Phường 25,,Quận Bình Thạnh,1020,Nhà ở,,,,https://alonhadat.com.vn/ban-gap-mat-tien-492-xo-viet-nghe-tinh-ngang-khung-10m-dai-20m-178m2-gia-chi-40-ty-18616887.html,https://alonhadat.com.vn/ban-gap-mat-tien-492-xo-viet-nghe-tinh-ngang-khung-10m-dai-20m-178m2-gia-chi-40-ty-18616887.html,2026-06-04,2026-06-07 20:16:10.418495,,40000,222222222.2222222,0,0
alonhadat,sale_student_csv,alonhadat_duc_18365153,18365153,SIÊU PHẨM MẶT TIỀN UNG VĂN KHIÊM BÌNH THẠNH | CƠ HỘI XÂY TOÀ NHÀ DÒNG TIỀN,13000000000,13 tỷ,400,1,"Đường Ung Văn Khiêm, Phường Thạnh Mỹ Tây, Hồ Chí Minh",Phường 25,,Quận Bình Thạnh,1040,Đất,,,,https://alonhadat.com.vn/sieu-pham-mat-tien-ung-van-khiem-binh-thanh-co-hoi-xay-toa-nha-dong-tien-18365153.html,https://alonhadat.com.vn/sieu-pham-mat-tien-ung-van-khiem-binh-thanh-co-hoi-xay-toa-nha-dong-tien-18365153.html,2026-06-04,2026-06-07 20:16:10.418495,,13000,32500000,0,0
alonhadat,sale_student_csv,alonhadat_duc_18747666,18747666,Giảm chào 70 tỷ - Khuôn đất gần 1000m2 mặt tiền XVNT Q.BT - Diện tích 12x70 Giá 150 Tỷ,150000000000,150 tỷ,820,5,"Đường Xô Viết Nghệ Tĩnh, Phường Bình Thạnh, Hồ Chí Minh",Phường 24,,Quận Bình Thạnh,1040,Đất,,,,https://alonhadat.com.vn/giam-chao-70-ty-khuon-dat-gan-1000m2-mat-tien-xvnt-q-bt-dien-tich-12x70-gia-150-ty-18747666.html,https://alonhadat.com.vn/giam-chao-70-ty-khuon-dat-gan-1000m2-mat-tien-xvnt-q-bt-dien-tich-12x70-gia-150-ty-18747666.html,2026-06-04,2026-06-07 20:16:10.418495,,150000,182926829.2682927,0,0
alonhadat,sale_student_csv,alonhadat_duc_18649726,18649726,BÁ.N GẤP KHO XƯỞNG - ĐẤT 1000M² – MÃ LÒ BÌNH TÂN – NGANG 12.5M–XƯỞNG SẴN - GI.Á 49.450 T.Ỷ,49450000000,"49,45 tỷ",993,5,"Đường Mã Lò, Phường Phú Thạnh, Hồ Chí Minh",Phường Tân Thới Hòa,,Quận Bình Tân,1040,Đất,,,,https://alonhadat.com.vn/ban-gap-kho-xuong-dat-lon-gan-1000m-hiem-ma-lo-binh-tan-ngang-12-5m-kho-xuong-san-18649726.html,https://alonhadat.com.vn/ban-gap-kho-xuong-dat-lon-gan-1000m-hiem-ma-lo-binh-tan-ngang-12-5m-kho-xuong-san-18649726.html,2026-06-04,2026-06-07 20:16:10.418495,,49450,49798590.13091642,0,0
alonhadat,sale_student_csv,alonhadat_duc_18722742,18722742,"CH,GẦN CÔNG VIÊN GIA ĐỊNH,2PN,Sổ Sẳn,Nhận Nhà Liền,Fun nội thất , HĐ thuê 13/tháng",2168000000,"2,168 tỷ",53,2,"Đường Nguyễn Thượng Hiền, Phường Hạnh Thông, Hồ Chí Minh",Phường 1,,Quận Gò Vấp,1020,Nhà ở,,,,https://alonhadat.com.vn/ch-gan-cong-vien-gia-dinh-2pn-so-san-nhan-nha-lien-fun-noi-that-hd-thue-13-thang-18722742.html,https://alonhadat.com.vn/ch-gan-cong-vien-gia-dinh-2pn-so-san-nhan-nha-lien-fun-noi-that-hd-thue-13-thang-18722742.html,2026-06-04,2026-06-07 20:16:10.418495,,2168,40905660.37735849,0,0
alonhadat,sale_student_csv,alonhadat_duc_18724481,18724481,8.7 Tỷ - 70m2 - 5 Tầng - Thang Máy - Xây Mới - Hẻm 4m - Sát Mặt Tiền - Quang Trung - P8,8700000000,"8,7 tỷ",70,4,"Đường Quang Trung, Phường Thông Tây Hội, Hồ Chí Minh",Phường 8,,Quận Gò Vấp,1040,Đất,,,,https://alonhadat.com.vn/8-7-ty-70m2-5-tang-thang-may-xay-moi-hem-4m-sat-mat-tien-quang-trung-p8-18724481.html,https://alonhadat.com.vn/8-7-ty-70m2-5-tang-thang-may-xay-moi-hem-4m-sat-mat-tien-quang-trung-p8-18724481.html,2026-06-04,2026-06-07 20:16:10.418495,,8700,124285714.28571428,0,0
alonhadat,sale_student_csv,alonhadat_duc_18741656,18741656,"Nhà chính chủ bán nhanh trong tháng mặt tiền 19 huỳnh văn bánh nhà 4 tầng 30m2 chỉ 7,8 tỷ",7800000000,"7,8 tỷ",30,5,"Đường Huỳnh Văn Bánh, Phường Cầu Kiệu, Hồ Chí Minh",Phường 15,,Quận Phú Nhuận,1020,Nhà ở,,,,https://alonhadat.com.vn/nha-chinh-chu-ban-nhanh-trong-thang-mat-tien-huynh-van-banh-nha-4-tang-30m2-chi-7-8-ty-18741656.html,https://alonhadat.com.vn/nha-chinh-chu-ban-nhanh-trong-thang-mat-tien-huynh-van-banh-nha-4-tang-30m2-chi-7-8-ty-18741656.html,2026-06-04,2026-06-07 20:16:10.418495,,7800,260000000,0,0
alonhadat,sale_student_csv,alonhadat_duc_18717446,18717446,Bán Nhà Tốt Mong Gặp Người Tốt,23000000000,23 tỷ,87,3,"Đường Phổ Quang, Phường Tân Sơn Hòa, Hồ Chí Minh",Phường 2,,Quận Tân Bình,1020,Nhà ở,,,,https://alonhadat.com.vn/ban-nha-tot-mong-gap-nguoi-tot-18717446.html,https://alonhadat.com.vn/ban-nha-tot-mong-gap-nguoi-tot-18717446.html,2026-06-04,2026-06-07 20:16:10.418495,,23000,264367816.09195402,0,0
alonhadat,sale_student_csv,alonhadat_duc_18747765,18747765,"🏡 BÁN NHÀ MẶT TIỀN LÊ LƯ – NHÀ MỚI ĐẸP, KINH DOANH ĐỈNH CAO 💥.đ",10200000000,"10,2 tỷ",62,3,"Đường Lê Lư, Phường Phú Thọ Hòa, Hồ Chí Minh",Phường Phú Thọ Hòa,,Quận Tân Phú,1020,Nhà ở,,,,https://alonhadat.com.vn/-ban-nha-mat-tien-le-lu-nha-moi-dep-kinh-doanh-dinh-cao-d-18747765.html,https://alonhadat.com.vn/-ban-nha-mat-tien-le-lu-nha-moi-dep-kinh-doanh-dinh-cao-d-18747765.html,2026-06-04,2026-06-07 20:16:10.418495,,10200,164516129.03225806,0,0
alonhadat,sale_student_csv,alonhadat_duc_18750213,18750213,"Nhà góc 2 mặt tiền đường 8m & 20m, P.Linh Xuân (Tp. Thủ Đức cũ), kinh doanh đa ngành nghề",17500000000,"17,5 tỷ",132,5,"Đường Số 8, Phường Linh Xuân, Hồ Chí Minh",Phường Linh Xuân,,Thành phố Thủ Đức,1020,Nhà ở,,,,https://alonhadat.com.vn/nha-goc-2-mat-tien-duong-8m-20m-p-linh-xuan-tp-thu-duc-cu-kinh-doanh-da-nganh-nghe-18750213.html,https://alonhadat.com.vn/nha-goc-2-mat-tien-duong-8m-20m-p-linh-xuan-tp-thu-duc-cu-kinh-doanh-da-nganh-nghe-18750213.html,2026-06-04,2026-06-07 20:16:10.418495,,17500,132575757.57575758,0,0
alonhadat,sale_student_csv,alonhadat_duc_17500753,17500753,Khu đồng bộ chuẩn sống - giá trị đầu tư cao ven sông Sài Gòn - Giá ưu đãi trong tháng,7900000000,"7,9 tỷ",52,4,"Quốc Lộ 13, Phường Hiệp Bình, Hồ Chí Minh",Phường Hiệp Bình Phước,,Thành phố Thủ Đức,1040,Đất,,,,https://alonhadat.com.vn/nha-moi-4-tang-o-to-dau-trong-nha-gan-song-sai-gon-van-phuc-city-khu-dan-cu-vip-17500753.html,https://alonhadat.com.vn/nha-moi-4-tang-o-to-dau-trong-nha-gan-song-sai-gon-van-phuc-city-khu-dan-cu-vip-17500753.html,2026-06-04,2026-06-07 20:16:10.418495,,7900,151923076.92307693,0,0
alonhadat,sale_student_csv,alonhadat_duc_18743456,18743456,Tôi kẹt tiền bán gấp căn nhà 100m2 giá 950triệu đường Tỉnh Lộ 8 Thị Trấn Củ Chi sổ riêng,950000000,950 triệu,100,2,"Tỉnh Lộ 8, Xã Tân An Hội, Hồ Chí Minh",Thị Trấn Củ Chi,,Huyện Củ Chi,1020,Nhà ở,,,,https://alonhadat.com.vn/toi-ket-tien-ban-gap-can-nha-100m2-gia-950trieu-duong-tinh-lo-8-thi-tran-cu-chi-so-rieng-18743456.html,https://alonhadat.com.vn/toi-ket-tien-ban-gap-can-nha-100m2-gia-950trieu-duong-tinh-lo-8-thi-tran-cu-chi-so-rieng-18743456.html,2026-06-03,2026-06-07 20:16:10.418495,,950,9500000,0,0
alonhadat,sale_student_csv,alonhadat_duc_18721229,18721229,"Bán Nhà Mặt Tiền số: 1917 Huỳnh Tấn Phát, Tt Nhà Bè. DT: 611m2. Giá: 75 Tỷ",75000000000,75 tỷ,611,6,"Đường Huỳnh Tấn Phát, Xã Nhà Bè, Hồ Chí Minh",Xã Nhà Bè,,Huyện Nhà Bè,1040,Đất nền,,,,https://alonhadat.com.vn/ban-nha-mat-tien-so-1917-huynh-tan-phat-tt-nha-be-dt-611m2-gia-75-ty-18721229.html,https://alonhadat.com.vn/ban-nha-mat-tien-so-1917-huynh-tan-phat-tt-nha-be-dt-611m2-gia-75-ty-18721229.html,2026-06-03,2026-06-07 20:16:10.418495,,75000,122749590.83469722,0,0
alonhadat,sale_student_csv,alonhadat_duc_18717571,18717571,"CĂN GÓC 3 MẶT TIỀN HẺM 88 NGÔ GIA TỰ Q10, DT: 7 X 5,6 GIÁ 7,5 TỶ",7500000000,"7,5 tỷ",40,4,"Đường Ngô Gia Tự, Phường Vườn Lài, Hồ Chí Minh",Phường Vườn Lài,,Quận 10,1040,Đất,,,,https://alonhadat.com.vn/can-goc-3-mat-tien-hem-88-ngo-gia-tu-q10-dt-7-x-5-6-gia-7-5-ty-18717571.html,https://alonhadat.com.vn/can-goc-3-mat-tien-hem-88-ngo-gia-tu-q10-dt-7-x-5-6-gia-7-5-ty-18717571.html,2026-06-03,2026-06-07 20:16:10.418495,,7500,187500000,0,0
alonhadat,sale_student_csv,alonhadat_duc_18718223,18718223,GÓC 2 MẶT TIỀN CMT8 QUẬN 10 – HỢP ĐỒNG THUÊ BÁCH HÓA XANH 140TR/THÁNG – GIÁ 41 TỶ,41000000000,41 tỷ,193,4,"Đường Cách Mạng Tháng 8, Phường Hòa Hưng, Hồ Chí Minh",Phường Hòa Hưng,,Quận 10,1040,Đất,,,,https://alonhadat.com.vn/goc-2-mat-tien-cmt8-quan-10-hop-dong-thue-bach-hoa-xanh-140tr-thang-gia-41-ty-18718223.html,https://alonhadat.com.vn/goc-2-mat-tien-cmt8-quan-10-hop-dong-thue-bach-hoa-xanh-140tr-thang-gia-41-ty-18718223.html,2026-06-03,2026-06-07 20:16:10.418495,,41000,212435233.16062176,0,0
alonhadat,sale_student_csv,alonhadat_duc_18338289,18338289,"Biệt thự Mini Xô Viết Nghệ Tĩnh, Phường 25, Bình Thạnh 16 x 12 góc 2 mặt tiền thoáng mát.",33000000000,33 tỷ,196,2,"Đường Xô Viết Nghệ Tĩnh, Phường Thạnh Mỹ Tây, Hồ Chí Minh",Phường 25,,Quận Bình Thạnh,1020,Biệt thự,,,,https://alonhadat.com.vn/biet-thu-mini-xo-viet-nghe-tinh-phuong-25-binh-thanh-16-x-12-goc-2-mat-tien-thoang-mat--18338289.html,https://alonhadat.com.vn/biet-thu-mini-xo-viet-nghe-tinh-phuong-25-binh-thanh-16-x-12-goc-2-mat-tien-thoang-mat--18338289.html,2026-06-03,2026-06-07 20:16:10.418495,,33000,168367346.9387755,0,0
alonhadat,sale_student_csv,alonhadat_duc_18717705,18717705,Siêu Phẩm Hàng Kín - Tòa Nhà Góc 2 MT Hoàng Hoa Thám 10x19m Hầm 7L HĐ 135 Tr Chỉ 49 Tỷ,50000000000,50 tỷ,185,15,"Đường Nguyễn Văn Đậu, Phường Gia Định, Hồ Chí Minh",Phường 7,,Quận Bình Thạnh,1020,Nhà ở,,,,https://alonhadat.com.vn/sieu-pham-hang-kin-toa-nha-goc-2-mt-nguyen-van-dau-10x19m-ham-7l-hd-135-tr-chi-55-ty-18717705.html,https://alonhadat.com.vn/sieu-pham-hang-kin-toa-nha-goc-2-mt-nguyen-van-dau-10x19m-ham-7l-hd-135-tr-chi-55-ty-18717705.html,2026-06-03,2026-06-07 20:16:10.418495,,50000,270270270.2702703,0,0
alonhadat,sale_student_csv,alonhadat_duc_18718674,18718674,"230tr/m2 Rẻ nhất, Bán Nhà mặt tiền Nguyễn Xí, Bình Thạnh, 17,4m x 50m, 6 tầng",230000000000,230 tỷ,980,6,"Đường Nguyễn Xí, Phường Bình Thạnh, Hồ Chí Minh",Phường 26,,Quận Bình Thạnh,1020,Nhà ở,,,,https://alonhadat.com.vn/ban-toa-nha-mat-tien-nguyen-xi-binh-thanh-17-4m-x-50m-6-tang-dong-tien-240tr-thang--18718674.html,https://alonhadat.com.vn/ban-toa-nha-mat-tien-nguyen-xi-binh-thanh-17-4m-x-50m-6-tang-dong-tien-240tr-thang--18718674.html,2026-06-03,2026-06-07 20:16:10.418495,,230000,234693877.5510204,0,0
alonhadat,sale_student_csv,alonhadat_duc_18745360,18745360,Mặt Tiền Thụt - 9.25 Tỷ - 67m2 - 4 Tầng Sân Thượng Mới - Lê Quang Định - P14 - Bình Thạnh,9250000000,"9,25 tỷ",67,4,"Đường Lê Quang Định, Phường Bình Thạnh, Hồ Chí Minh",Phường 14,,Quận Bình Thạnh,1040,Đất,,,,https://alonhadat.com.vn/mat-tien-thut-9-25-ty-67m2-4-tang-san-thuong-moi-le-quang-dinh-p14-binh-thanh-18745360.html,https://alonhadat.com.vn/mat-tien-thut-9-25-ty-67m2-4-tang-san-thuong-moi-le-quang-dinh-p14-binh-thanh-18745360.html,2026-06-03,2026-06-07 20:16:10.418495,,9250,138059701.49253732,0,0
alonhadat,sale_student_csv,alonhadat_duc_18744602,18744602,"Bán nhà 4x15m, đường 7m nhựa, Liên Khu 4-5, giá 6,2 tỷ. Quận Bình Tân",6200000000,"6,2 tỷ",60,4,"Đường Liên khu 4 - 5, Phường Bình Tân, Hồ Chí Minh",Phường Bình Hưng Hòa B,,Quận Bình Tân,1020,Nhà ở,,,,https://alonhadat.com.vn/ban-nha-4x15m-duong-7m-nhua-lien-khu-4-5-gia-6-2-ty-quan-binh-tan-18744602.html,https://alonhadat.com.vn/ban-nha-4x15m-duong-7m-nhua-lien-khu-4-5-gia-6-2-ty-quan-binh-tan-18744602.html,2026-06-03,2026-06-07 20:16:10.418495,,6200,103333333.33333333,0,0
alonhadat,sale_student_csv,alonhadat_duc_18741363,18741363,"Bán nhà mặt tiền đường An hội, P13, Q Gò Vấp",17500000000,"17,5 tỷ",165,8,"Đường An Hội, Phường An Hội Tây, Hồ Chí Minh",Phường 13,,Quận Gò Vấp,1010,Căn hộ chung cư,,,,https://alonhadat.com.vn/ban-nha-mat-tien-duong-an-hoi-p13-q-go-vap-18741363.html,https://alonhadat.com.vn/ban-nha-mat-tien-duong-an-hoi-p13-q-go-vap-18741363.html,2026-06-03,2026-06-07 20:16:10.418495,,17500,106060606.06060606,0,0
alonhadat,sale_student_csv,alonhadat_duc_18742967,18742967,CHDV Gò Vấp - 140m² - 6 Tầng - 17 Phòng Cho Thuê 70 Triệu/Tháng - Chỉ 18 Tỷ,18000000000,18 tỷ,140,17,"Đường số 21, Phường Thông Tây Hội, Hồ Chí Minh",Phường Thông Tây Hội,,Quận Gò Vấp,1040,Đất,,,,https://alonhadat.com.vn/chdv-go-vap-140m-6-tang-17-phong-cho-thue-70-trieu-thang-chi-18-ty-18742967.html,https://alonhadat.com.vn/chdv-go-vap-140m-6-tang-17-phong-cho-thue-70-trieu-thang-chi-18-ty-18742967.html,2026-06-03,2026-06-07 20:16:10.418495,,18000,128571428.57142857,0,0
alonhadat,sale_student_csv,alonhadat_duc_18731177,18731177,"Chỉ 195 triệu/m2 rẻ nhất đường Trần Huy Liệu,1000m2 đất đường Trần Huy Liệu, Phú Nhuận",190000000000,190 tỷ,972,5,"Đường Trần Huy Liệu, Phường Phú Nhuận, Hồ Chí Minh",Phường 11,,Quận Phú Nhuận,1040,Đất,,,,https://alonhadat.com.vn/chi-198-trieu-m2-re-nhat-duong-tran-huy-lieu-1000m2-dat-duong-tran-huy-lieu-phu-nhuan-18731177.html,https://alonhadat.com.vn/chi-198-trieu-m2-re-nhat-duong-tran-huy-lieu-1000m2-dat-duong-tran-huy-lieu-phu-nhuan-18731177.html,2026-06-03,2026-06-07 20:16:10.418495,,190000,195473251.0288066,0,0
alonhadat,sale_student_csv,alonhadat_duc_17725431,17725431,"Bán nhà mặt tiền Ngô Bệ, P13, Q.Tân Bình Cách Nhà Ga T3 khoảng 2,2km. DT: 12.5x25m, NH:21m",65000000000,65 tỷ,347,5,"Đường Ngô Bệ, Phường Tân Bình, Hồ Chí Minh",Phường 13,,Quận Tân Bình,1020,Nhà ở,,,,https://alonhadat.com.vn/ban-nha-mat-tien-ngo-be-p13-q-tan-binh-cach-nha-ga-t3-khoang-2-2km-dt-12-5x25m-nh-21m-17725431.html,https://alonhadat.com.vn/ban-nha-mat-tien-ngo-be-p13-q-tan-binh-cach-nha-ga-t3-khoang-2-2km-dt-12-5x25m-nh-21m-17725431.html,2026-06-03,2026-06-07 20:16:10.418495,,65000,187319884.72622478,0,0
alonhadat,sale_student_csv,alonhadat_duc_18458422,18458422,"Mua đất có sẵn biệt thự sân vườn, tiêu chuẩn cao cấp",14000000000,14 tỷ,2553,5,"Tỉnh Lộ 7, Xã Thái Mỹ, Hồ Chí Minh",Xã Thái Mỹ,,Huyện Củ Chi,1020,Biệt thự,,,,https://alonhadat.com.vn/mua-dat-co-san-biet-thu-san-vuon-tieu-chuan-cao-cap-18458422.html,https://alonhadat.com.vn/mua-dat-co-san-biet-thu-san-vuon-tieu-chuan-cao-cap-18458422.html,2026-06-02,2026-06-07 20:16:10.418495,,14000,5483744.614179397,0,0
alonhadat,sale_student_csv,alonhadat_duc_18736756,18736756,"🔥 SIÊU PHẨM KHÁCH SẠN – CĂN HỘ DỊCH VỤ NGAY LÕI BẾN THÀNH, QUẬN 1 🔥 💎 HẦM + 8 TẦNG – DÒ",110000000000,110 tỷ,130,32,"Đường Nguyễn Trãi, Phường Bến Thành, Hồ Chí Minh",Phường Bến Thành,,Quận 1,1010,Căn hộ chung cư,,,,https://alonhadat.com.vn/-sieu-pham-khach-san-can-ho-dich-vu-ngay-loi-ben-thanh-quan-1-ham-8-tang-do-18736756.html,https://alonhadat.com.vn/-sieu-pham-khach-san-can-ho-dich-vu-ngay-loi-ben-thanh-quan-1-ham-8-tang-do-18736756.html,2026-06-02,2026-06-07 20:16:10.418495,,110000,846153846.1538461,0,0
alonhadat,sale_student_csv,alonhadat_duc_17415851,17415851,GIẢM MẠNH CHDV 4 TẦNG MẶT TIỀN AN PHÚ ĐÔNG 9 QUẬN 12,25000000000,25 tỷ,440,25,"Đường An Phú Đông 9, Phường An Phú Đông, Hồ Chí Minh",Phường An Phú Đông,,Quận 12,1010,Căn hộ chung cư,,,,https://alonhadat.com.vn/ban-gap-ch-dich-vu-4-tang-mat-tien-an-phu-dong-9-quan-12-17415851.html,https://alonhadat.com.vn/ban-gap-ch-dich-vu-4-tang-mat-tien-an-phu-dong-9-quan-12-17415851.html,2026-06-02,2026-06-07 20:16:10.418495,,25000,56818181.81818182,0,0
alonhadat,sale_student_csv,alonhadat_duc_18738106,18738106,"Bán nhà Trần Quang Diệu Quận 3, 60m2, 3 tầng, hẻm xe hơi, khu dân trí cao, nhỉnh 10 tỷ",10800000000,"10,8 tỷ",60,4,"Đường Trần Quang Diệu, Phường Nhiêu Lộc, Hồ Chí Minh",Phường Nhiêu Lộc,,Quận 3,1020,Nhà ở,,,,https://alonhadat.com.vn/ban-nha-tran-quang-dieu-quan-3-60m2-3-tang-hem-xe-hoi-khu-dan-tri-cao-nhinh-10-ty-18738106.html,https://alonhadat.com.vn/ban-nha-tran-quang-dieu-quan-3-60m2-3-tang-hem-xe-hoi-khu-dan-tri-cao-nhinh-10-ty-18738106.html,2026-06-02,2026-06-07 20:16:10.418495,,10800,180000000,0,0
alonhadat,sale_student_csv,alonhadat_duc_18739864,18739864,Bán nhà mặt tiền KDC Bình Đăng P6 Q8 ngay TTTM Sài Gòn Skyview trạm tuyến Metro số 5,13000000000,13 tỷ,65,8,"Đường Tạ Quang Bửu, Phường Bình Đông, Hồ Chí Minh",Phường 6,,Quận 8,1040,Đất,,,,https://alonhadat.com.vn/ban-nha-mat-tien-kdc-binh-dang-p6-q8-ngay-tttm-sai-gon-skyview-tram-tuyen-metro-so-5-18739864.html,https://alonhadat.com.vn/ban-nha-mat-tien-kdc-binh-dang-p6-q8-ngay-tttm-sai-gon-skyview-tram-tuyen-metro-so-5-18739864.html,2026-06-02,2026-06-07 20:16:10.418495,,13000,200000000,0,0
alonhadat,sale_student_csv,alonhadat_duc_18626217,18626217,⭐️ BIỆT THỰ VEN SÔNG SÀI GÒN - KHU VIP ĐẲNG CẤP BẬC NHẤT BÌNH THẠNH - NGANG 10M HIẾM CÓ,29999000000,"29,999 tỷ",200,5,"Đường Bình Lợi, Phường Bình Lợi Trung, Hồ Chí Minh",Phường 13,,Quận Bình Thạnh,1020,Biệt thự,,,,https://alonhadat.com.vn/-biet-thu-ven-song-sai-gon-khu-vip-dang-cap-bac-nhat-binh-thanh-ngang-10m-hiem-co-18626217.html,https://alonhadat.com.vn/-biet-thu-ven-song-sai-gon-khu-vip-dang-cap-bac-nhat-binh-thanh-ngang-10m-hiem-co-18626217.html,2026-06-02,2026-06-07 20:16:10.418495,,29999,149995000,0,0
alonhadat,sale_student_csv,alonhadat_duc_18197381,18197381,4 TẦNG BÌNH THÀNH BHHB BÌNH TÂN (DÒNG TIỀN CỰC ĐỈNH),11750000000,"11,75 tỷ",143,18,"Đường Bình Thành, Phường Bình Tân, Hồ Chí Minh",Phường Bình Hưng Hòa B,,Quận Bình Thạnh,1010,Căn hộ chung cư,,,,https://alonhadat.com.vn/4-tang-binh-thanh-bhhb-binh-tan-dong-tien-cuc-dinh--18197381.html,https://alonhadat.com.vn/4-tang-binh-thanh-bhhb-binh-tan-dong-tien-cuc-dinh--18197381.html,2026-06-02,2026-06-07 20:16:10.418495,,11750,82167832.16783217,0,0
alonhadat,sale_student_csv,alonhadat_duc_18738896,18738896,"Giảm Sốc Từ 43 Tỷ Còn 36 Tỷ – Mặt tiền Lê Quang Định, 6.6x27m, Xây Hầm 7 Tầng",36000000000,36 tỷ,192,4,"Đường Lê Quang Định, Phường Gia Định, Hồ Chí Minh",Phường 7,,Quận Bình Thạnh,1040,Đất,,,,https://alonhadat.com.vn/giam-soc-tu-43-ty-con-36-ty-mat-tien-le-quang-dinh-6-6x27m-xay-ham-7-tang-18738896.html,https://alonhadat.com.vn/giam-soc-tu-43-ty-con-36-ty-mat-tien-le-quang-dinh-6-6x27m-xay-ham-7-tang-18738896.html,2026-06-02,2026-06-07 20:16:10.418495,,36000,187500000,0,0
alonhadat,sale_student_csv,alonhadat_duc_18738980,18738980,"Bán nhà cấp 4 Mt đường số 7A Bình Tân DT:8x19, đường 10m gần Kênh Nước Đen giá 15.5 tỷ",15500000000,"15,5 tỷ",152,1,"Đường 7B, Phường Bình Hưng Hòa, Hồ Chí Minh",Phường Bình Hưng Hòa A,,Quận Bình Tân,1020,Nhà ở,,,,https://alonhadat.com.vn/ban-nha-cap-4-mt-duong-so-7a-binh-tan-dt-8x19-duong-10m-gan-kenh-nuoc-den-gia-15-5-ty-18738980.html,https://alonhadat.com.vn/ban-nha-cap-4-mt-duong-so-7a-binh-tan-dt-8x19-duong-10m-gan-kenh-nuoc-den-gia-15-5-ty-18738980.html,2026-06-02,2026-06-07 20:16:10.418495,,15500,101973684.21052632,0,0
alonhadat,sale_student_csv,alonhadat_duc_18736587,18736587,"Nhà lầu còn mới giá rẻ 69m² giá nhỉnh 5 tỷ Hẻm ÔTÔ Ngay Tỉnh Lộ 10, Bình Tân.",5300000000,"5,3 tỷ",69,4,"Tỉnh lộ 10, Phường Tân Tạo, Hồ Chí Minh",Phường Tân Tạo,,Quận Bình Tân,1020,Nhà ở,,,,https://alonhadat.com.vn/nha-lau-con-moi-gia-re-69m-gia-nhinh-5-ty-hem-oto-ngay-tinh-lo-10-binh-tan--18736587.html,https://alonhadat.com.vn/nha-lau-con-moi-gia-re-69m-gia-nhinh-5-ty-hem-oto-ngay-tinh-lo-10-binh-tan--18736587.html,2026-06-02,2026-06-07 20:16:10.418495,,5300,76811594.20289855,0,0
alonhadat,sale_student_csv,alonhadat_duc_18736003,18736003,Bán gấp biệt thự mini 4 tầng đường 10m Phạm Văn Chiêu,13500000000,"13,5 tỷ",120,5,"Đường Phạm Văn Chiêu, Phường An Hội Tây, Hồ Chí Minh",Phường 14,,Quận Gò Vấp,1020,Biệt thự,,,,https://alonhadat.com.vn/ban-gap-biet-thu-mini-4-tang-duong-10m-pham-van-chieu-18736003.html,https://alonhadat.com.vn/ban-gap-biet-thu-mini-4-tang-duong-10m-pham-van-chieu-18736003.html,2026-06-02,2026-06-07 20:16:10.418495,,13500,112500000,0,0
alonhadat,sale_student_csv,alonhadat_duc_18739265,18739265,Chính Chủ Bán Nhà Gò Vấp - 99m² - 2 Tầng - Ngang 5.5m - Nhỉnh 8 Tỷ,8600000000,"8,6 tỷ",99,3,"Đường Nguyễn Tư Giản, Phường An Hội Tây, Hồ Chí Minh",Phường 12,,Quận Gò Vấp,1020,Nhà ở,,,,https://alonhadat.com.vn/chinh-chu-ban-nha-go-vap-99m-2-tang-ngang-5-5m-nhinh-8-ty-18739265.html,https://alonhadat.com.vn/chinh-chu-ban-nha-go-vap-99m-2-tang-ngang-5-5m-nhinh-8-ty-18739265.html,2026-06-02,2026-06-07 20:16:10.418495,,8600,86868686.86868687,0,0
alonhadat,sale_student_csv,alonhadat_duc_18703457,18703457,"SIÊU PHẨM 6 TẦNG THOẠI NGỌC HẦU, TÂN PHÚ DT: 5.4 x 16.5m giá 14.3tỷ",14300000000,"14,3 tỷ",89,8,"Đường Thoại Ngọc Hầu, Phường Phú Thạnh, Hồ Chí Minh",Phường Phú Thạnh,,Quận Tân Phú,1040,Đất,,,,https://alonhadat.com.vn/sieu-pham-6-tang-thoai-ngoc-hau-tan-phu-dt-5-4-x-16-5m-gia-14-3ty-18703457.html,https://alonhadat.com.vn/sieu-pham-6-tang-thoai-ngoc-hau-tan-phu-dt-5-4-x-16-5m-gia-14-3ty-18703457.html,2026-06-02,2026-06-07 20:16:10.418495,,14300,160674157.30337077,0,0
alonhadat,sale_student_csv,alonhadat_duc_18734952,18734952,"Nhà 1246 Lê Văn Lương, Xã Phước kiển, 184m2, Hướng Đông",11700000000,"11,7 tỷ",184,5,"Đường Lê Văn Lương, Xã Nhà Bè, Hồ Chí Minh",Xã Phước Kiển,,Huyện Nhà Bè,1020,Nhà ở,,,,https://alonhadat.com.vn/nha-1246-le-van-luong-xa-phuoc-kien-184m2-huong-dong-18734952.html,https://alonhadat.com.vn/nha-1246-le-van-luong-xa-phuoc-kien-184m2-huong-dong-18734952.html,2026-06-01,2026-06-07 20:16:10.418495,,11700,63586956.52173913,0,0
alonhadat,sale_student_csv,alonhadat_duc_18671478,18671478,VILLA VEN SÔNG SÀI GÒN SÁT BA SON & PHỐ ĐI BỘ NGUYỄN HUỆ COMPOUND HIẾM GIỮA NỘI ĐÔ,88000000000,88 tỷ,147,5,"Đường Tôn Đức Thắng, Phường Sài Gòn, Hồ Chí Minh",Phường Bến Nghé,,Quận 1,1010,Căn hộ chung cư,,,,https://alonhadat.com.vn/villa-ven-song-sai-gon-sat-ba-son-pho-di-bo-nguyen-hue-compound-hiem-giua-noi-do-18671478.html,https://alonhadat.com.vn/villa-ven-song-sai-gon-sat-ba-son-pho-di-bo-nguyen-hue-compound-hiem-giua-noi-do-18671478.html,2026-06-01,2026-06-07 20:16:10.418495,,88000,598639455.7823129,0,0
alonhadat,sale_student_csv,alonhadat_duc_18726560,18726560,"NGÃ 5 TÂN ĐỊNH – NHÀ MỚI NGANG 7M, DÒNG TIỀN 160 TRIỆU/THÁNG, GIÁ QUANH 80 TỶ",82000000000,82 tỷ,105,11,"Đường Trần Quang Khải, Phường Tân Định, Hồ Chí Minh",Phường Tân Định,,Quận 1,1020,Nhà ở,,,,https://alonhadat.com.vn/nga-5-tan-dinh-nha-moi-ngang-7m-dong-tien-160-trieu-thang-gia-quanh-80-ty-18726560.html,https://alonhadat.com.vn/nga-5-tan-dinh-nha-moi-ngang-7m-dong-tien-160-trieu-thang-gia-quanh-80-ty-18726560.html,2026-06-01,2026-06-07 20:16:10.418495,,82000,780952380.9523809,0,0
alonhadat,sale_student_csv,alonhadat_duc_18731969,18731969,TÒA NHÀ 2 MẶT TIỀN ĐỐI DIỆN GRAND MANHATTAN – DÒNG TIỀN 320 TRIỆU/THÁNG GIỮA TRUNG TÂM Q1,108000000000,108 tỷ,220,16,"Đường Cô Bắc, Phường Cầu Ông Lãnh, Hồ Chí Minh",Phường Cầu Ông Lãnh,,Quận 1,1020,Nhà ở,,,,https://alonhadat.com.vn/toa-nha-2-mat-tien-doi-dien-grand-manhattan-dong-tien-320-trieu-thang-giua-trung-tam-q1-18731969.html,https://alonhadat.com.vn/toa-nha-2-mat-tien-doi-dien-grand-manhattan-dong-tien-320-trieu-thang-giua-trung-tam-q1-18731969.html,2026-06-01,2026-06-07 20:16:10.418495,,108000,490909090.90909094,0,0
alonhadat,sale_student_csv,alonhadat_duc_18726800,18726800,"NHÀ MẶT TIỀN ĐỐI DIỆN CÔNG VIÊN 23/9 – LÕI BẾN THÀNH, NGANG 8M HIẾM GẶP",175000000000,175 tỷ,160,5,"Đường Lê Lai, Phường Bến Thành, Hồ Chí Minh",Phường Bến Thành,,Quận 1,1020,Nhà ở,,,,https://alonhadat.com.vn/nha-mat-tien-doi-dien-cong-vien-23-9-loi-ben-thanh-ngang-8m-hiem-gap-18726800.html,https://alonhadat.com.vn/nha-mat-tien-doi-dien-cong-vien-23-9-loi-ben-thanh-ngang-8m-hiem-gap-18726800.html,2026-06-01,2026-06-07 20:16:10.418495,,175000,1093750000,0,0
alonhadat,sale_student_csv,alonhadat_duc_18727082,18727082,BUILDING GÓC 2 MẶT TIỀN NGUYỄN TRÃI – HỆ THỐNG XÂY DỰNG CHO MÔ HÌNH BỆNH VIỆN THẨM MỸ QT,450000000000,450 tỷ,400,10,"Đường Nguyễn Trãi, Phường Bến Thành, Hồ Chí Minh",Phường Bến Thành,,Quận 1,1040,Đất,,,,https://alonhadat.com.vn/building-goc-2-mat-tien-nguyen-trai-he-thong-xay-dung-cho-mo-hinh-benh-vien-tham-my-qt-18727082.html,https://alonhadat.com.vn/building-goc-2-mat-tien-nguyen-trai-he-thong-xay-dung-cho-mo-hinh-benh-vien-tham-my-qt-18727082.html,2026-06-01,2026-06-07 20:16:10.418495,,450000,1125000000,0,0
alonhadat,sale_student_csv,alonhadat_duc_18726891,18726891,KHÁCH SẠN 38 PHÒNG GIỮA TÂM ĐIỂM BÙI VIỆN – ĐƠN GIÁ CHƯA TỚI 900 TRIỆU/M²,137000000000,137 tỷ,155,38,"Đường Bùi Viện, Phường Bến Thành, Hồ Chí Minh",Phường Bến Thành,,Quận 1,1040,Đất,,,,https://alonhadat.com.vn/khach-san-38-phong-giua-tam-diem-bui-vien-don-gia-chua-toi-900-trieu-m--18726891.html,https://alonhadat.com.vn/khach-san-38-phong-giua-tam-diem-bui-vien-don-gia-chua-toi-900-trieu-m--18726891.html,2026-06-01,2026-06-07 20:16:10.418495,,137000,883870967.7419355,0,0
alonhadat,sale_student_csv,alonhadat_duc_18671344,18671344,"Giá cực tốt, nhà mặt tiền Lê Văn Sỹ, 6 x 16, 4 tầng, giá chỉ 35 tỷ",35000000000,35 tỷ,100,5,"Đường Lê Văn Sỹ, Phường Nhiêu Lộc, Hồ Chí Minh",Phường 12,,Quận 3,1030,Mặt bằng,,,,https://alonhadat.com.vn/gia-cuc-tot-nha-mat-tien-le-van-sy-6-x-16-4-tang-gia-chi-35-ty-18671344.html,https://alonhadat.com.vn/gia-cuc-tot-nha-mat-tien-le-van-sy-6-x-16-4-tang-gia-chi-35-ty-18671344.html,2026-06-01,2026-06-07 20:16:10.418495,,35000,350000000,0,0
alonhadat,sale_student_csv,alonhadat_duc_18726680,18726680,"MẶT TIỀN GẦN 15M TẠI NÚT GIAO LÊ VĂN SỸ – TRẦN QUANG DIỆU, VIB BANK ĐANG THUÊ 350 TRIỆU/TH",173000000000,173 tỷ,325,5,"Đường Lê Văn Sỹ, Phường Nhiêu Lộc, Hồ Chí Minh",Phường 14,,Quận 3,1040,Đất,,,,https://alonhadat.com.vn/mat-tien-gan-15m-tai-nut-giao-le-van-sy-tran-quang-dieu-vib-bank-dang-thue-350-trieu-th-18726680.html,https://alonhadat.com.vn/mat-tien-gan-15m-tai-nut-giao-le-van-sy-tran-quang-dieu-vib-bank-dang-thue-350-trieu-th-18726680.html,2026-06-01,2026-06-07 20:16:10.418495,,173000,532307692.3076923,0,0
alonhadat,sale_student_csv,alonhadat_duc_18726735,18726735,"NHÀ MẶT TIỀN GIỮA KHU BÀ HUYỆN THANH QUAN – TAO ĐÀN, QUỸ ĐẤT 222m² HIẾM GẶP",200000000000,200 tỷ,222,5,"Đường Bà Huyện Thanh Quan, Phường Xuân Hòa, Hồ Chí Minh",Phường Võ Thị Sáu,,Quận 3,1040,Đất,,,,https://alonhadat.com.vn/nha-mat-tien-giua-khu-ba-huyen-thanh-quan-tao-dan-quy-dat-222m-hiem-gap-18726735.html,https://alonhadat.com.vn/nha-mat-tien-giua-khu-ba-huyen-thanh-quan-tao-dan-quy-dat-222m-hiem-gap-18726735.html,2026-06-01,2026-06-07 20:16:10.418495,,200000,900900900.900901,0,0
alonhadat,sale_student_csv,alonhadat_duc_18731932,18731932,BÁN TÒA NHÀ MẶT TIỀN HAI BÀ TRƯNG VỊ TRÍ ĐỐI DIỆN CÔNG VIÊN LÊ VĂN TÁM – QUẬN 3,180000000000,180 tỷ,224,10,"Đường Hai Bà Trưng, Phường Xuân Hòa, Hồ Chí Minh",Phường Xuân Hòa,,Quận 3,1040,Đất,,,,https://alonhadat.com.vn/ban-toa-nha-mat-tien-hai-ba-trung-vi-tri-doi-dien-cong-vien-le-van-tam-quan-3-18731932.html,https://alonhadat.com.vn/ban-toa-nha-mat-tien-hai-ba-trung-vi-tri-doi-dien-cong-vien-le-van-tam-quan-3-18731932.html,2026-06-01,2026-06-07 20:16:10.418495,,180000,803571428.5714285,0,0
alonhadat,sale_student_csv,alonhadat_duc_18726972,18726972,"BUILDING HƠN 1.200m² SÀN, ĐƠN GIÁ QUANH 650 TRIỆU/M² GIỮA TRUNG TÂM TP.HCM",135000000000,135 tỷ,205,8,"Đường Trần Bình Trọng, Phường Chợ Quán, Hồ Chí Minh",Phường 4,,Quận 5,1040,Đất,,,,https://alonhadat.com.vn/building-hon-1-200m-san-don-gia-quanh-650-trieu-m-giua-trung-tam-tp-hcm-18726972.html,https://alonhadat.com.vn/building-hon-1-200m-san-don-gia-quanh-650-trieu-m-giua-trung-tam-tp-hcm-18726972.html,2026-06-01,2026-06-07 20:16:10.418495,,135000,658536585.3658537,0,0
alonhadat,sale_student_csv,alonhadat_duc_18467441,18467441,"CẦN BÁN GẤP NHÀ MT TRẦN HUY LIỆU NGUYỄN VĂN TRỖI, PHÚ NHUẬN - SẴN DÒNG TIỀN 85TR/THÁNG",26500000000,"26,5 tỷ",72,14,"Đường Trần Huy Liệu, Phường Cầu Kiệu, Hồ Chí Minh",Phường Cầu Kiệu,,Quận Phú Nhuận,1030,Mặt bằng,,,,https://alonhadat.com.vn/can-ban-gap-nha-mt-tran-huy-lieu-nguyen-van-troi-phu-nhuan-san-dong-tien-85tr-thang-18467441.html,https://alonhadat.com.vn/can-ban-gap-nha-mt-tran-huy-lieu-nguyen-van-troi-phu-nhuan-san-dong-tien-85tr-thang-18467441.html,2026-06-01,2026-06-07 20:16:10.418495,,26500,368055555.5555556,0,0
alonhadat,sale_student_csv,alonhadat_duc_18733107,18733107,253m² ĐẤT GÓC 2 MẶT TIỀN ĐÀO DUY ANH – CHỈ QUANH 225 TRIỆU/M²,57000000000,57 tỷ,253,5,"Đường Đào Duy Anh, Phường Đức Nhuận, Hồ Chí Minh",Phường Đức Nhuận,,Quận Phú Nhuận,1040,Đất,,,,https://alonhadat.com.vn/253m-dat-goc-2-mat-tien-dao-duy-anh-chi-quanh-225-trieu-m--18733107.html,https://alonhadat.com.vn/253m-dat-goc-2-mat-tien-dao-duy-anh-chi-quanh-225-trieu-m--18733107.html,2026-06-01,2026-06-07 20:16:10.418495,,57000,225296442.68774703,0,0
alonhadat,sale_student_csv,alonhadat_duc_18633226,18633226,"Giá cực tốt, nhà mặt tiền Cộng Hòa, 4,5 x 28, 5 tầng, giá chỉ 29 tỷ",29000000000,29 tỷ,126,6,"Đường Cộng Hòa, Phường Tân Sơn Nhất, Hồ Chí Minh",Phường 4,,Quận Tân Bình,1030,Mặt bằng,,,,https://alonhadat.com.vn/gia-cuc-tot-nha-mat-tien-cong-hoa-4-5-x-28-5-tang-gia-chi-29-ty-18633226.html,https://alonhadat.com.vn/gia-cuc-tot-nha-mat-tien-cong-hoa-4-5-x-28-5-tang-gia-chi-29-ty-18633226.html,2026-06-01,2026-06-07 20:16:10.418495,,29000,230158730.15873015,0,0
alonhadat,sale_student_csv,alonhadat_duc_18642092,18642092,"Giá cực tốt. Nhà mặt tiền nội bộ đường Cách Mạng Tháng Tám, 5,5 x 20, 2 tầng, giá 18 tỷ",18000000000,18 tỷ,110,3,"Đường Cách Mạng Tháng Tám, Phường Tân Sơn Nhất, Hồ Chí Minh",Phường 4,,Quận Tân Bình,1030,Mặt bằng,,,,https://alonhadat.com.vn/gia-cuc-tot-nha-mat-tien-noi-bo-duong-cach-mang-thang-tam-5-5-x-20-2-tang-gia-18-ty-18642092.html,https://alonhadat.com.vn/gia-cuc-tot-nha-mat-tien-noi-bo-duong-cach-mang-thang-tam-5-5-x-20-2-tang-gia-18-ty-18642092.html,2026-06-01,2026-06-07 20:16:10.418495,,18000,163636363.63636363,0,0
alonhadat,sale_student_csv,alonhadat_duc_18633210,18633210,"Giá cực tốt, nhà mặt tiền Trường Chinh, 4,5 x 23, 4 tầng, giá chỉ 19,5 tỷ",19000000000,19 tỷ,100,6,"Đường Trường Chinh, Phường Tân Bình, Hồ Chí Minh",Phường 13,,Quận Tân Bình,1030,Mặt bằng,,,,https://alonhadat.com.vn/gia-cuc-tot-nha-mat-tien-truong-chinh-4-5-x-23-4-tang-gia-chi-19-5-ty-18633210.html,https://alonhadat.com.vn/gia-cuc-tot-nha-mat-tien-truong-chinh-4-5-x-23-4-tang-gia-chi-19-5-ty-18633210.html,2026-06-01,2026-06-07 20:16:10.418495,,19000,190000000,0,0
alonhadat,sale_student_csv,alonhadat_duc_18638462,18638462,"Giá cực tốt, nhà mặt tiền Nguyễn Hồng Đào, 4 x 16, 3 tầng, giá chỉ 17 tỷ",17000000000,17 tỷ,64,4,"Đường Nguyễn Hồng Đào, Phường Tân Bình, Hồ Chí Minh",Phường 14,,Quận Tân Bình,1030,Mặt bằng,,,,https://alonhadat.com.vn/gia-cuc-tot-nha-mat-tien-nguyen-hong-dao-4-x-16-3-tang-gia-chi-17-ty-18638462.html,https://alonhadat.com.vn/gia-cuc-tot-nha-mat-tien-nguyen-hong-dao-4-x-16-3-tang-gia-chi-17-ty-18638462.html,2026-06-01,2026-06-07 20:16:10.418495,,17000,265625000,0,0
alonhadat,sale_student_csv,alonhadat_duc_18702495,18702495,"Bán nhà mặt tiền Trương Công Định, 4 x 28, 4 tầng, giá chỉ 23 tỷ",23000000000,23 tỷ,111,5,"Đường Trương Công Định, Phường Tân Bình, Hồ Chí Minh",Phường 14,,Quận Tân Bình,1030,Mặt bằng,,,,https://alonhadat.com.vn/ban-nha-mat-tien-truong-cong-dinh-4-x-28-4-tang-gia-chi-23-ty-18702495.html,https://alonhadat.com.vn/ban-nha-mat-tien-truong-cong-dinh-4-x-28-4-tang-gia-chi-23-ty-18702495.html,2026-06-01,2026-06-07 20:16:10.418495,,23000,207207207.2072072,0,0
alonhadat,sale_student_csv,alonhadat_duc_18683257,18683257,"Giá cực tốt, nhà hẻm xe hơi khu Bàu Cát, 8,5 x 16, 4 tầng, giá chỉ 15 tỷ",15000000000,15 tỷ,120,5,"Đường Bàu Cát, Phường Tân Bình, Hồ Chí Minh",Phường 14,,Quận Tân Bình,1030,Mặt bằng,,,,https://alonhadat.com.vn/gia-cuc-tot-nha-hem-xe-hoi-khu-bau-cat-8-5-x-16-4-tang-gia-chi-15-ty-18683257.html,https://alonhadat.com.vn/gia-cuc-tot-nha-hem-xe-hoi-khu-bau-cat-8-5-x-16-4-tang-gia-chi-15-ty-18683257.html,2026-06-01,2026-06-07 20:16:10.418495,,15000,125000000,0,0
alonhadat,sale_student_csv,alonhadat_duc_18653544,18653544,"Giá cực tốt, nhà mặt tiền Nguyễn Trọng Tuyển, 4 x 15, 4 tầng, giá chỉ 13,5 tỷ",13500000000,"13,5 tỷ",64,4,"Đường Nguyễn Trọng Tuyển, Phường Tân Sơn Hòa, Hồ Chí Minh",Phường 2,,Quận Tân Bình,1030,Mặt bằng,,,,https://alonhadat.com.vn/gia-cuc-tot-nha-mat-tien-nguyen-trong-tuyen-4-x-15-4-tang-gia-chi-13-5-ty-18653544.html,https://alonhadat.com.vn/gia-cuc-tot-nha-mat-tien-nguyen-trong-tuyen-4-x-15-4-tang-gia-chi-13-5-ty-18653544.html,2026-06-01,2026-06-07 20:16:10.418495,,13500,210937500,0,0
alonhadat,sale_student_csv,alonhadat_duc_18702293,18702293,"Giá cực tốt, nhà hẻm xe hơi Nguyễn Thái Bình - K300, 4,2 x 20, 2 tầng, giá chỉ 14 tỷ",14000000000,14 tỷ,85,3,"Đường Nguyễn Thái Bình, Phường Bảy Hiền, Hồ Chí Minh",Phường 12,,Quận Tân Bình,1030,Mặt bằng,,,,https://alonhadat.com.vn/gia-cuc-tot-nha-hem-xe-hoi-nguyen-thai-binh-k300-4-2-x-20-2-tang-gia-chi-14-ty-18702293.html,https://alonhadat.com.vn/gia-cuc-tot-nha-hem-xe-hoi-nguyen-thai-binh-k300-4-2-x-20-2-tang-gia-chi-14-ty-18702293.html,2026-06-01,2026-06-07 20:16:10.418495,,14000,164705882.3529412,0,0
alonhadat,sale_student_csv,alonhadat_duc_18633194,18633194,"Giá cực tốt. Nhà khu nhà ga T3 - Hoàng Hoa Thám, 6,5 x 22, 3 tầng, giá 21 tỷ",21000000000,21 tỷ,150,5,"Đường Hoàng Hoa Thám, Phường Tân Bình, Hồ Chí Minh",Phường 13,,Quận Tân Bình,1030,Mặt bằng,,,,https://alonhadat.com.vn/gia-cuc-tot-nha-khu-nha-ga-t3-hoang-hoa-tham-6-5-x-22-3-tang-gia-21-ty-18633194.html,https://alonhadat.com.vn/gia-cuc-tot-nha-khu-nha-ga-t3-hoang-hoa-tham-6-5-x-22-3-tang-gia-21-ty-18633194.html,2026-06-01,2026-06-07 20:16:10.418495,,21000,140000000,0,0
alonhadat,sale_student_csv,alonhadat_duc_18731620,18731620,Bán nhà MT Bạch Đằng Q Tân Bình,26460000000,"26,46 tỷ",83,1,"Đường Bạch Đằng, Phường Tân Sơn Hòa, Hồ Chí Minh",Phường 2,,Quận Tân Bình,1020,Nhà ở,,,,https://alonhadat.com.vn/ban-nha-mt-bach-dang-q-tan-binh-18731620.html,https://alonhadat.com.vn/ban-nha-mt-bach-dang-q-tan-binh-18731620.html,2026-06-01,2026-06-07 20:16:10.418495,,26460,318795180.72289157,0,0
alonhadat,sale_student_csv,alonhadat_duc_18633333,18633333,"Giá cực tốt, nhà mặt tiền Trương Vĩnh Ký, 10 x 20, 3 tầng, giá chỉ 32 tỷ",32000000000,32 tỷ,200,5,"Đường Trương Vĩnh Ký, Phường Tân Sơn Nhì, Hồ Chí Minh",Phường Tân Sơn Nhì,,Quận Tân Phú,1030,Mặt bằng,,,,https://alonhadat.com.vn/gia-cuc-tot-nha-mat-tien-truong-vinh-ky-10-x-20-3-tang-gia-chi-32-ty-18633333.html,https://alonhadat.com.vn/gia-cuc-tot-nha-mat-tien-truong-vinh-ky-10-x-20-3-tang-gia-chi-32-ty-18633333.html,2026-06-01,2026-06-07 20:16:10.418495,,32000,160000000,0,0
alonhadat,sale_student_csv,alonhadat_duc_18633435,18633435,"Bán nhà mặt tiền Tân Sơn Nhì, 4 x 17, 4 tầng, giá chỉ 17,5 tỷ",17500000000,"17,5 tỷ",70,5,"Đường Tân Sơn Nhì, Phường Tân Sơn Nhì, Hồ Chí Minh",Phường Tân Sơn Nhì,,Quận Tân Phú,1030,Mặt bằng,,,,https://alonhadat.com.vn/ban-nha-mat-tien-tan-son-nhi-4-x-17-4-tang-gia-chi-17-5-ty-18633435.html,https://alonhadat.com.vn/ban-nha-mat-tien-tan-son-nhi-4-x-17-4-tang-gia-chi-17-5-ty-18633435.html,2026-06-01,2026-06-07 20:16:10.418495,,17500,250000000,0,0
alonhadat,sale_student_csv,alonhadat_duc_18726219,18726219,"💝 CHDV 5 tầng MẶT TIỀN LÔ GÓC đường Thạnh Xuân 38 phường Thạnh Xuân Q12, Dt 310m²",23000000000,23 tỷ,310,5,"Đường Thạnh Xuân 38, Phường Thới An, Hồ Chí Minh",Phường Thạnh Xuân,,Quận 12,1010,Căn hộ chung cư,,,,https://alonhadat.com.vn/-chdv-5-tang-mat-tien-lo-goc-duong-thanh-xuan-38-phuong-thanh-xuan-q12-dt-310m--18726219.html,https://alonhadat.com.vn/-chdv-5-tang-mat-tien-lo-goc-duong-thanh-xuan-38-phuong-thanh-xuan-q12-dt-310m--18726219.html,2026-05-31,2026-06-07 20:16:10.418495,,23000,74193548.38709678,0,0
alonhadat,sale_student_csv,alonhadat_duc_18723343,18723343,"Bán mặt tiền 160 Nguyễn Tiểu La, Q10. DT: 3.1 x 11m. 4 Tầng. Giá bán: 10.4 Tỷ",10400000000,"10,4 tỷ",25,4,"Đường Nguyễn Tiểu La, Phường Diên Hồng, Hồ Chí Minh",Phường 5,,Quận 10,1020,Nhà ở,,,,https://alonhadat.com.vn/ban-mat-tien-160-nguyen-tieu-la-q10-dt-3-1-x-11m-4-tang-gia-ban-10-4-ty-18723343.html,https://alonhadat.com.vn/ban-mat-tien-160-nguyen-tieu-la-q10-dt-3-1-x-11m-4-tang-gia-ban-10-4-ty-18723343.html,2026-05-29,2026-06-07 20:16:10.418495,,10400,416000000,0,0
alonhadat,sale_student_csv,alonhadat_duc_18722676,18722676,"Bán nhà 7 tỷ Quận 3, hẻm nhựa xe hơi tránh nhau đường Nguyễn Thiện Thuật, 40m2 nở hậu",7000000000,7 tỷ,40,2,"Đường Nguyễn Thiện Thuật, Phường Bàn Cờ, Hồ Chí Minh",Phường 1,,Quận 3,1010,Căn hộ chung cư,,,,https://alonhadat.com.vn/ban-nha-7-ty-quan-3-hem-nhua-xe-hoi-tranh-nhau-duong-nguyen-thien-thuat-40m2-no-hau-18722676.html,https://alonhadat.com.vn/ban-nha-7-ty-quan-3-hem-nhua-xe-hoi-tranh-nhau-duong-nguyen-thien-thuat-40m2-no-hau-18722676.html,2026-05-29,2026-06-07 20:16:10.418495,,7000,175000000,0,0
alonhadat,sale_student_csv,alonhadat_duc_18600210,18600210,"Bán nhà chính chủ mặt phố Thiên Phước, 15,8 tỷ, 199m2, view đẹp, Tân Bình, HCM",15800000000,"15,8 tỷ",60,3,"Đường Thiên Phước, Phường Tân Hòa, Hồ Chí Minh",Phường Tân Hòa,,Quận Tân Bình,1020,Nhà ở,,,,https://alonhadat.com.vn/ban-nha-chinh-chu-mat-pho-thien-phuoc-15-8-ty-199m2-view-dep-tan-binh-hcm-18600210.html,https://alonhadat.com.vn/ban-nha-chinh-chu-mat-pho-thien-phuoc-15-8-ty-199m2-view-dep-tan-binh-hcm-18600210.html,2026-05-29,2026-06-07 20:16:10.418495,,15800,263333333.33333334,0,0
alonhadat,sale_student_csv,alonhadat_duc_18616616,18616616,"Giảm giá cực sốc- Bán nhanh trong tháng. Linh Đông, Thủ Đức. Giá chỉ 6,99 tỷ.",6990000000,"6,99 tỷ",114,2,"Đường Lý Tế Xuyên, Phường Hiệp Bình, Hồ Chí Minh",Phường Hiệp Bình,,Thành phố Thủ Đức,1020,Nhà ở,,,,https://alonhadat.com.vn/giam-gia-cuc-soc-ban-nhanh-trong-thang-linh-dong-thu-duc-gia-chi-6-99-ty--18616616.html,https://alonhadat.com.vn/giam-gia-cuc-soc-ban-nhanh-trong-thang-linh-dong-thu-duc-gia-chi-6-99-ty--18616616.html,2026-05-29,2026-06-07 20:16:10.418495,,6990,61315789.473684214,0,0
alonhadat,sale_student_csv,alonhadat_duc_18708749,18708749,"Gấp bán 1 trệt + 1 lầu, 48m2 chỉ 3,65 tỷ Trương Phước Phan, hẻm ô tô tránh, Bình Tân",3650000000,"3,65 tỷ",48,3,"Đường Trương Phước Phan, Phường Bình Trị Đông, Hồ Chí Minh",Phường Bình Trị Đông,,Quận Bình Tân,1020,Nhà ở,,,,https://alonhadat.com.vn/gap-ban-1-tret-1-lau-48m2-chi-3-65-ty-truong-phuoc-phan-hem-o-to-tranh-binh-tan-18708749.html,https://alonhadat.com.vn/gap-ban-1-tret-1-lau-48m2-chi-3-65-ty-truong-phuoc-phan-hem-o-to-tranh-binh-tan-18708749.html,2026-05-26,2026-06-07 20:16:10.418495,,3650,76041666.66666667,0,0
alonhadat,sale_student_csv,alonhadat_duc_18020464,18020464,"6,45tỷ SÁT QUẬN1- KHU THỊ NGHÈ, PHAN VĂN HÂN",6450000000,"6,45 tỷ",59,3,"Đường Xô Viết Nghệ Tĩnh, Phường Gia Định, Hồ Chí Minh",Phường 17,,Quận 1,1020,Nhà ở,,,,https://alonhadat.com.vn/ban-nha-giap-quan-1-ngay-khu-thi-nghe-trung-tam-binh-thanh--18020464.html,https://alonhadat.com.vn/ban-nha-giap-quan-1-ngay-khu-thi-nghe-trung-tam-binh-thanh--18020464.html,2026-05-22,2026-06-07 20:16:10.418495,,6450,109322033.89830509,0,0
alonhadat,sale_student_csv,alonhadat_duc_18332329,18332329,Biệt thự hiện đại 2MT Lê Văn Sỹ Phường 13 Quận 3 ngang 12m giá 130 tỷ,130000000000,130 tỷ,271,6,"Đường Lê Văn Sỹ, Phường Nhiêu Lộc, Hồ Chí Minh",Phường 13,,Quận 3,1020,Biệt thự,,,,https://alonhadat.com.vn/biet-thu-hien-dai-2mt-le-van-sy-phuong-13-quan-3-ngang-12m-gia-130-ty-18332329.html,https://alonhadat.com.vn/biet-thu-hien-dai-2mt-le-van-sy-phuong-13-quan-3-ngang-12m-gia-130-ty-18332329.html,2026-05-18,2026-06-07 20:16:10.418495,,130000,479704797.0479705,0,0
alonhadat,sale_student_csv,alonhadat_duc_18638443,18638443,NHÀ MẶT TIỀN HẺM XE TẢI - KHU BUÔN BÁN SẦM UẤT GẦN Q1 - 4.1 x12 - NHỈNH 7 T Ỷ,7800000000,"7,8 tỷ",52,3,"Đường Dương Bá Trạc, Phường Chánh Hưng, Hồ Chí Minh",Phường 1,,Quận 1,1020,Nhà ở,,,,https://alonhadat.com.vn/nha-mat-tien-hem-xe-tai-khu-buon-ban-sam-uat-gan-q1-4-1-x12-nhinh-7-t-y-18638443.html,https://alonhadat.com.vn/nha-mat-tien-hem-xe-tai-khu-buon-ban-sam-uat-gan-q1-4-1-x12-nhinh-7-t-y-18638443.html,2026-05-17,2026-06-07 20:16:10.418495,,7800,150000000,0,0
alonhadat,sale_student_csv,alonhadat_duc_18436617,18436617,NHÀ BÁN DƯƠNG VĂN DƯƠNG TÂN PHÚ 52M2 4X13 5 TẦNG 5PN 5WC HẼM 8M GIÁ 7.6 TỶ,7600000000,"7,6 tỷ",250,5,"Đường Dương Văn Dương, Phường Tân Sơn Nhì, Hồ Chí Minh",Phường Tân Sơn Nhì,,Quận Tân Phú,1020,Nhà ở,,,,https://alonhadat.com.vn/nha-ban-duong-van-duong-tan-phu-52m2-4x13-5-tang-5pn-5wc-hem-8m-gia-7-9-ty-18436617.html,https://alonhadat.com.vn/nha-ban-duong-van-duong-tan-phu-52m2-4x13-5-tang-5pn-5wc-hem-8m-gia-7-9-ty-18436617.html,2026-05-16,2026-06-07 20:16:10.418495,,7600,30400000,0,0
alonhadat,sale_student_csv,alonhadat_duc_18641245,18641245,HẺM XE TẢI THÔNG - GẦN 100M2 - 5 TẦNG BTCT - QUANG TRUNG - GIÁ CHỈ 10.5 TỶ,10500000000,"10,5 tỷ",100,3,"Đường Quang Trung, Phường Thông Tây Hội, Hồ Chí Minh",Phường 11,,Quận Gò Vấp,1020,Biệt thự,,,,https://alonhadat.com.vn/hem-xe-tai-thong-gan-100m2-5-tang-btct-nha-cu-tien-sua-chua-gia-chi-10-5-ty-18641245.html,https://alonhadat.com.vn/hem-xe-tai-thong-gan-100m2-5-tang-btct-nha-cu-tien-sua-chua-gia-chi-10-5-ty-18641245.html,2026-05-13,2026-06-07 20:16:10.418495,,10500,105000000,0,0
alonhadat,sale_student_csv,alonhadat_duc_18625545,18625545,BÁN NHÀ MẶT TIỀN AN DƯƠNG VƯƠNG vị trí đẹp,41800000000,"41,8 tỷ",500,2,"Đường An Dương Vương, Phường Chợ Quán, Hồ Chí Minh",Phường 3,,Quận 5,1020,Nhà ở,,,,https://alonhadat.com.vn/ban-nha-mat-tien-an-duong-vuong-vi-tri-dep-18625545.html,https://alonhadat.com.vn/ban-nha-mat-tien-an-duong-vuong-vi-tri-dep-18625545.html,2026-05-09,2026-06-07 20:16:10.418495,,41800,83600000,0,0
alonhadat,sale_student_csv,alonhadat_duc_18610395,18610395,"CHÍNH CHỦ CẦN BÁN NHÀ MẶT TIỀN ĐƯỜNG HỒNG LẠC, P.BẢY HIỀN",9900000000,"9,9 tỷ",40,4,"Đường Hồng Lạc, Phường Bảy Hiền, Hồ Chí Minh",Phường 10,,Quận Tân Bình,1020,Nhà ở,,,,https://alonhadat.com.vn/chinh-chu-can-ban-nha-mat-tien-duong-hong-lac-p-bay-hien-18610395.html,https://alonhadat.com.vn/chinh-chu-can-ban-nha-mat-tien-duong-hong-lac-p-bay-hien-18610395.html,2026-05-08,2026-06-07 20:16:10.418495,,9900,247500000,0,0
alonhadat,sale_student_csv,alonhadat_duc_5761815,5761815,"CHÍNH CHỦ CẦN NHÀ MẶT TIỀN ĐƯỜNG HẬU GIANG, PHƯỜNG 12, QUẬN 6, TP HCM",20000000000,20 tỷ,108,4,"Đường Hậu Giang, Phường Phú Lâm, Hồ Chí Minh",Phường 12,,Quận 6,1020,Nhà ở,,,,https://alonhadat.com.vn/chinh-chu-can-nha-mat-tien-duong-hau-giang-phuong-12-quan-6-tp-hcm-5761815.html,https://alonhadat.com.vn/chinh-chu-can-nha-mat-tien-duong-hau-giang-phuong-12-quan-6-tp-hcm-5761815.html,2025-05-17,2026-06-07 20:16:10.418495,,20000,185185185.1851852,0,0
