tieu_de,gia_raw,dien_tich_raw,dia_chi,quan_huyen,phuong_xa,loai_bds,loai_gd,url,nguon,so_phong_ngu,gia_vnd,dien_tich_m2,ngay_dang,phap_ly,id_nguon,lat,lon
"LÔ ĐẤT BIỆT THỰ ĐƯỜNG SỐ 22- KDC BÌNH HƯNG -ĐỐI DIỆN QUỐC TẾ ANH NGỮ - 175.5M2 - 15,5 TỶ","15,5 tỷ",176 m²,"Đường số 22, Xã Bình Hưng, Hồ Chí Minh",Huyện Bình Chánh,Xã Bình Hưng,Biệt thự,ban,https://alonhadat.com.vn/lo-dat-biet-thu-duong-so-22-kdc-binh-hung-doi-dien-quoc-te-anh-ngu-175-5m2-15-5-ty-18758443.html,alonhadat,1,15500000000,176,2026-06-07,,18758443,,
CĂN HỘ CHUNG CƯ HOÀNG QUÂN BÌNH CHÁNH -SỔ RIÊNG - SÁT CHỢ BÌNH ĐIỀN -NHỈNH 1 TỶ,"1,6 tỷ",51 m²,"Đường Nguyễn Văn Linh, Xã Bình Chánh, Hồ Chí Minh",Huyện Bình Chánh,Xã An Phú Tây,Căn hộ chung cư,ban,https://alonhadat.com.vn/can-ho-chung-cu-hoang-quan-binh-chanh-so-rieng-sat-cho-binh-dien-nhinh-1-ty-18566745.html,alonhadat,2,1600000000,51,2026-06-07,,18566745,,
🔥🔥🔥Bán gấp căn nhà NGAY CHỢ BÌNH CHÁNH đang cho thuê 8triệu/th - 930Triệu - 120m2,930 triệu,120 m²,"Đường Trịnh Như Khuê, Xã Bình Chánh, Hồ Chí Minh",Huyện Bình Chánh,Xã Bình Chánh,Nhà ở,ban,https://alonhadat.com.vn/-ban-gap-can-nha-ngay-cho-binh-chanh-dang-cho-thue-8trieu-th-630trieu-120m2-18261891.html,alonhadat,3,930000000,120,2026-06-07,,18261891,,
"Chính chủ gửi căn nhà 4 tầng, 5x19 – Cơ hội sở hữu không gian sống yên tĩnh nhất khu vực..","8,99 tỷ",95 m²,"Đường số 5, Xã Bình Hưng, Hồ Chí Minh",Huyện Bình Chánh,Xã Phong Phú,Nhà ở,ban,https://alonhadat.com.vn/ban-gap-nha-dep-4-tang-phong-phu-binh-chanh-5x19m-duong-20m-nhinh-9-ty-18406372.html,alonhadat,5,8990000000,95,2026-06-07,,18406372,,
"115m2( 6,8x17) Bán nhà 3 lầu Mặt tiền đường số 8 gần chợ Hiệp Bình Chánh. 17,55 tỷ","17,55 tỷ",115 m²,"Đường Số 8, Phường Hiệp Bình, Hồ Chí Minh",Huyện Bình Chánh,Phường Hiệp Bình Chánh,Nhà ở,ban,https://alonhadat.com.vn/115m2-6-8x17-ban-nha-3-lau-mat-tien-duong-so-8-gan-cho-hiep-binh-chanh-17-55-ty-18442252.html,alonhadat,4,17550000000,115,2026-06-07,,18442252,,
Mặt Tiền 137 Quốc Lộ 13 | 17x46m | HĐT: 150 triệu/tháng | Gía bán: 120 tỷ |,120 tỷ,800 m²,"Quốc Lộ 13, Phường Hiệp Bình, Hồ Chí Minh",Huyện Bình Chánh,Phường Hiệp Bình Chánh,Nhà ở,ban,https://alonhadat.com.vn/mat-tien-137-quoc-lo-13-17x46m-hdt-150-trieu-thang-gia-ban-120-ty--18164392.html,alonhadat,3,120000000000,800,2026-06-07,,18164392,,
Cần bán gấp nhà ở Huỳnh Hữu Trí Bình Chánh 99m2 đang có hợp đồng cho thuê,"1,12 tỷ",99 m²,"Đường Huỳnh Hữu Trí, Xã Tân Nhựt, Hồ Chí Minh",Huyện Bình Chánh,Xã Tân Nhựt,Nhà ở,ban,https://alonhadat.com.vn/can-ban-gap-nha-o-huynh-huu-tri-binh-chanh-99m2-dang-co-hop-dong-cho-thue-18757418.html,alonhadat,3,1120000000,99,2026-06-07,,18757418,,
🔥 NGANG 6M – HXH – 180M² SỬ DỤNG – GẦN GIGAMALL – CHỈ 8.3 TỶ 🔥,"8,3 tỷ",66 m²,"Đường Hiệp Bình, Phường Hiệp Bình, Hồ Chí Minh",Huyện Bình Chánh,Phường Hiệp Bình Chánh,Nhà ở,ban,https://alonhadat.com.vn/-ngang-6m-hxh-180m-su-dung-gan-gigamall-chi-8-3-ty--18757171.html,alonhadat,4,8300000000.000001,66,2026-06-07,,18757171,,
"Bán nhà nở hậu, ngang 3.8m, nở hậu 4m, dài 20m, Đoàn Nguyễn Tuấn, gần chợ Bình Chánh","3,5 tỷ",81 m²,"Đường Đoàn Nguyễn Tuấn, Xã Bình Chánh, Hồ Chí Minh",Huyện Bình Chánh,Xã Tân Quý Tây,Nhà ở,ban,https://alonhadat.com.vn/nha-mt-dep-no-hau-o-ngay-ngang-3-8m-no-hau-4m-dai-20m-doan-nguyen-tuan-gan-cho-binh-18105244.html,alonhadat,3,3500000000,81,2026-06-07,,18105244,,
Bán Gấp Nhà Lầu Mặt Tiền Kinh Doanh Chợ Bờ Ngựa- Đang cho thuê 12tr/tháng - Đường 10M,920 triệu,150 m²,"Đường Hưng Nhơn, Xã Tân Nhựt, Hồ Chí Minh",Huyện Bình Chánh,Xã Tân Kiên,Nhà ở,ban,https://alonhadat.com.vn/ban-gap-nha-lau-mat-tien-kinh-doanh-cho-bo-ngua-dang-cho-thue-12tr-thang-duong-10m-18736005.html,alonhadat,3,920000000,150,2026-06-07,,18736005,,
"Nhà đẹp cạnh bên ĐH RMIT, cầu Ông Lớn, hẻm xe hơi, 100m.2, 5x20m, 4 tầng, chỉ 8 t.ỷ",8 tỷ,100 m²,"Đường Nguyễn Văn Linh, Xã Bình Hưng, Hồ Chí Minh",Huyện Bình Chánh,Xã Bình Hưng,Nhà ở,ban,https://alonhadat.com.vn/nha-dep-canh-ben-dh-rmit-cau-ong-lon-hem-xe-hoi-100m-2-5x20m-4-tang-chi-8-t-y-18756858.html,alonhadat,4,8000000000,100,2026-06-07,,18756858,,
Hẻm C2 Phạm Hùng - Bình Hưng - Bình Chánh -DT: 3*11m – 2 tỷ 6,"2,6 tỷ",33 m²,"Đường Phạm Hùng, Xã Bình Hưng, Hồ Chí Minh",Huyện Bình Chánh,Xã Bình Hưng,Đất,ban,https://alonhadat.com.vn/hem-c2-pham-hung-binh-hung-binh-chanh-dt-3-11m-2-ty-6-18748007.html,alonhadat,2,2600000000,33,2026-06-07,,18748007,,
"Dì Tư Chính Chủ Gửi Bán Gấp Đất Sát MT Phạm Hùng - HXT Tránh - 200m2 - Giá 4,45 tỷ","4,45 tỷ",200 m²,"Đường Phạm Hùng, Xã Bình Hưng, Hồ Chí Minh",Huyện Bình Chánh,Xã Bình Hưng,Đất,ban,https://alonhadat.com.vn/di-tu-chinh-chu-gui-ban-gap-dat-sat-mt-pham-hung-hxt-tranh-200m2-gia-4-9-ty-18435025.html,alonhadat,1,4450000000,200,2026-06-07,,18435025,,
Bán gấp dãy trọ 6p + 1kiot KCN Tây Bắc Củ Chi 144m2 giá 1 tỷ 2 Sổ Hồng Riêng,"1,2 tỷ",144 m²,"Đường Quốc lộ 22, Xã Tân An Hội, Hồ Chí Minh",Huyện Củ Chi,Xã Tân An Hội,Mặt bằng,ban,https://alonhadat.com.vn/ban-gap-day-tro-6p-1kiot-kcn-tay-bac-cu-chi-144m2-gia-1-ty-2-so-hong-rieng-18555241.html,alonhadat,7,1200000000,144,2026-06-07,,18555241,,
Bán gấp dãy trọ 8p có gác KCN Tân Phú Trung Củ Chi 152m2 giá 930 triệu SHR,930 triệu,152 m²,"Đường số 95, Xã Củ Chi, Hồ Chí Minh",Huyện Củ Chi,Xã Tân Phú Trung,Nhà trọ,ban,https://alonhadat.com.vn/ban-gap-day-tro-8p-co-gac-kcn-tan-phu-trung-cu-chi-152m2-gia-930-trieu-shr-18499436.html,alonhadat,8,930000000,152,2026-06-07,,18499436,,
"Chủ gửi bán gấp dãy nhà trọ 10 phòng 1 kiot ,Tân Phú Trung, huyện Củ Chi giá 830 triệu",830 triệu,240 m²,"Xã Củ Chi, Hồ Chí Minh",Huyện Củ Chi,Xã Tân Phú Trung,Nhà trọ,ban,https://alonhadat.com.vn/chu-gui-ban-gap-day-nha-tro-10-phong-1-kiot-tan-phu-trung-huyen-cu-chi-gia-830-trieu-18006733.html,alonhadat,10,830000000,240,2026-06-07,,18006733,,
Bán dãy trọ 9p+1kiot bên KCN Tây Bắc Tân An Hội Củ Chi 240m2 sổ hồng riêng 850 triệu,850 triệu,240 m²,"Đường Nguyễn Thị Rành, Xã Tân An Hội, Hồ Chí Minh",Huyện Củ Chi,Xã Tân An Hội,Nhà trọ,ban,https://alonhadat.com.vn/ban-day-tro-9p-1kiot-ben-kcn-tay-bac-tan-an-hoi-cu-chi-240m2-so-hong-rieng-850-trieu-18569090.html,alonhadat,10,850000000,240,2026-06-07,,18569090,,
Nhà trong KDC Tân Phú Trung 1 sẹc đường Cây Da Củ Chi 102m2 chỉ 900trieu bán gấp SHR,900 triệu,102 m²,"Đường Cây Da, Xã Củ Chi, Hồ Chí Minh",Huyện Củ Chi,Xã Tân Phú Trung,Nhà ở,ban,https://alonhadat.com.vn/nha-trong-kdc-tan-phu-trung-1-sec-duong-cay-da-cu-chi-102m2-chi-900trieu-ban-gap-shr-18757720.html,alonhadat,2,900000000,102,2026-06-07,,18757720,,
"Bán nhà tại Cây Da 150m2 5x30, sổ hồng riêng, giá 1,1 tỷ","1,1 tỷ",150 m²,"Đường Cây Da, Xã Củ Chi, Hồ Chí Minh",Huyện Củ Chi,Xã Tân Phú Trung,Nhà ở,ban,https://alonhadat.com.vn/ban-nha-tai-cay-da-150m2-5x30-so-hong-rieng-gia-1-1-ty-18756042.html,alonhadat,2,1100000000,150,2026-06-07,,18756042,,
"Nhà riêng 3PN, 3WC, 136m2, 1,18 tỷ tại đường 12A, thị trấn Củ Chi, huyện Củ Chi, view đẹp","1,18 tỷ",136 m²,"Đường 12A, Xã Tân An Hội, Hồ Chí Minh",Huyện Củ Chi,Xã Tân An Hội,Nhà ở,ban,https://alonhadat.com.vn/nha-rieng-3pn-3wc-136m2-1-18-ty-tai-duong-12a-thi-tran-cu-chi-huyen-cu-chi-view-dep-18752892.html,alonhadat,3,1180000000,136,2026-06-07,,18752892,,
"Bán nhà cấp 4 cũ 1 sẹc đường 28, xã Tân Thông Hội Củ CHi - SỔ HỒNG RIÊNG",760 triệu,154 m²,"Đường số 28, Xã Củ Chi, Hồ Chí Minh",Huyện Củ Chi,Xã Tân Thông Hội,Nhà ở,ban,https://alonhadat.com.vn/ban-nha-cap-4-cu-1-sec-duong-28-xa-tan-thong-hoi-cu-chi-so-hong-rieng-18753370.html,alonhadat,2,760000000,154,2026-06-07,,18753370,,
970tr bán gấp nhà hẻm Tỉnh lộ 2 dt 5mx20m - sổ hồng riêng,970 triệu,100 m²,"Tỉnh Lộ 2, Xã Củ Chi, Hồ Chí Minh",Huyện Củ Chi,Xã Tân Phú Trung,Nhà ở,ban,https://alonhadat.com.vn/970tr-ban-gap-nha-hem-tinh-lo-2-dt-5mx20m-so-hong-rieng-18757361.html,alonhadat,2,970000000,100,2026-06-07,,18757361,,
Gấp! Bán nhà C4 đường Nguyễn Thị Bi 103m2 sổ hồng riêng giá 890 triệu,890 triệu,103 m²,"Xã Củ Chi, Hồ Chí Minh",Huyện Củ Chi,Xã Tân Phú Trung,Nhà ở,ban,https://alonhadat.com.vn/gap-ban-nha-c4-duong-nguyen-thi-bi-103m2-so-hong-rieng-gia-890-trieu-18712665.html,alonhadat,2,890000000,103,2026-06-07,,18712665,,
"BÁN CĂN NHÀ CẤP 4 TÂN THÔNG HỘI, CỦ CHI 980TRIEU 108m2 SỔ HỒNG RIÊNG",980 triệu,108 m²,"Đường Liêu Bình Hương, Xã Củ Chi, Hồ Chí Minh",Huyện Củ Chi,Xã Tân Thông Hội,Nhà ở,ban,https://alonhadat.com.vn/ban-can-nha-cap-4-tan-thong-hoi-cu-chi-980trieu-108m2-so-hong-rieng-18753292.html,alonhadat,2,980000000,108,2026-06-07,,18753292,,
"Cắt lỗ sâu căn nhà C4 rộng rãi ở ngay Tân Phú Trung, Củ Chi, 116m2 giá chỉ 1ty050trieu SHR","1,05 tỷ",116 m²,"Đường Bờ Kênh, Xã Củ Chi, Hồ Chí Minh",Huyện Củ Chi,Xã Tân Phú Trung,Nhà ở,ban,https://alonhadat.com.vn/cat-lo-sau-can-nha-c4-rong-rai-o-ngay-tan-phu-trung-cu-chi-116m2-gia-chi-1ty050trieu-shr-18753360.html,alonhadat,2,1050000000,116,2026-06-07,,18753360,,
Bán gấp nhà cấp 4 1 trệt 1 lửng xã Tân An Hội Củ Chi dt 170m2 giá rẻ chỉ 850tr,850 triệu,170 m²,"Đường Nguyễn Thị Chiên, Xã Tân An Hội, Hồ Chí Minh",Huyện Củ Chi,Xã Tân An Hội,Nhà ở,ban,https://alonhadat.com.vn/ban-gap-nha-cap-4-1-tret-1-lung-xa-tan-an-hoi-cu-chi-dt-170m2-gia-re-chi-850tr-18747370.html,alonhadat,3,850000000,170,2026-06-07,,18747370,,
"Nhà cấp 4 mới keng, SHR, 162,5m2, Xã Tân An Hội, Giá 865 triệu.",865 triệu,163 m²,"Đường Trần Thị Hải, Xã Tân An Hội, Hồ Chí Minh",Huyện Củ Chi,Xã Tân An Hội,Nhà ở,ban,https://alonhadat.com.vn/nha-cap-4-moi-keng-shr-162-5m2-xa-tan-an-hoi-gia-865-trieu--18757146.html,alonhadat,2,865000000,163,2026-06-07,,18757146,,
Bán Nhà Mặt Tiền Đường Tỉnh Lộ 7 Thích Hợp Kinh Doanh Giá 900TR,900 triệu,126 m²,"Tỉnh Lộ 7, Xã Thái Mỹ, Hồ Chí Minh",Huyện Củ Chi,Xã Thái Mỹ,Nhà ở,ban,https://alonhadat.com.vn/ban-nha-mat-tien-duong-tinh-lo-7-thich-hop-kinh-doanh-gia-900tr-18743673.html,alonhadat,2,900000000,126,2026-06-07,,18743673,,
Nhà cấp 4 mới dt 102m2 sổ hồng riêng 1 sẹc Nguyễn Thị Rành giá 830 triệu,830 triệu,102 m²,"Đường Nguyễn Thị Rành, Xã Tân An Hội, Hồ Chí Minh",Huyện Củ Chi,Xã Tân An Hội,Nhà ở,ban,https://alonhadat.com.vn/nha-cap-4-moi-dt-102m2-so-hong-rieng-1-sec-nguyen-thi-ranh-gia-830-trieu-18506656.html,alonhadat,2,830000000,102,2026-06-07,,18506656,,
Bán gấp nhà mặt tiền đường tỉnh lộ 7 dt126m2 chủ ngộp bán gấp giá 750tr,750 triệu,126 m²,"Tỉnh Lộ 7, Xã Thái Mỹ, Hồ Chí Minh",Huyện Củ Chi,Xã Thái Mỹ,Nhà ở,ban,https://alonhadat.com.vn/ban-gap-nha-mat-tien-duong-tinh-lo-7-dt126m2-chu-ngop-ban-gap-gia-750tr-18746523.html,alonhadat,2,750000000,126,2026-06-07,,18746523,,
"Bán đất tặng nhà nát đường Nguyễn Thị Triệu, TT Củ Chi, sổ riêng giá 750tr",750 triệu,173 m²,"Đường Nguyễn Thị Triệu, Xã Tân An Hội, Hồ Chí Minh",Huyện Củ Chi,Thị Trấn Củ Chi,Đất nền,ban,https://alonhadat.com.vn/ban-dat-tang-nha-nat-duong-nguyen-thi-trieu-tt-cu-chi-so-rieng-gia-750tr-18743439.html,alonhadat,1,750000000,173,2026-06-07,,18743439,,
"NGỘP BANK GIẢM 2,tỷ5 CHO NHÀĐẦU TƯ.GẤP BÁN BT Ven Sông gần Vinhomes Hóc Môn 600m2","13,5 tỷ",600 m²,"Đường Nguyễn Văn Bứa, Xã Vĩnh Lộc, Hồ Chí Minh",Huyện Hóc Môn,Xã Phạm Văn Hai,Biệt thự,ban,https://alonhadat.com.vn/ngop-bank-giam-2-ty5-cho-nhadau-tu-gap-ban-bt-ven-song-gan-vinhomes-hoc-mon-600m2-18721654.html,alonhadat,5,13500000000,600,2026-06-07,,18721654,,
"Gấp trước Tết. Mặt tiền kinh doanh Tân Hiệp, Hóc Môn. Căn góc 140m2 (9*16). Chỉ hơn 5 tỷ.","5,7 tỷ",140 m²,"Đường Tân Thới 2, Xã Hóc Môn, Hồ Chí Minh",Huyện Hóc Môn,Xã Tân Hiệp,Mặt bằng,ban,https://alonhadat.com.vn/gap-truoc-tet-mat-tien-kinh-doanh-tan-hiep-hoc-mon-can-goc-140m2-9-16-chi-hon-5-ty--18115159.html,alonhadat,5,5700000000,140,2026-06-07,,18115159,,
"📢📢📢 CHÍNH CHỦ CẦN BÁN GẤP NHÀ NGAY MẶT TIỀN ĐƯỜNG NGUYỄN THỊ BẢY, HÓC MÔN","13,6 tỷ",290 m²,"Xã Xuân Thới Sơn, Hồ Chí Minh",Huyện Hóc Môn,Xã Xuân Thới Đông,Nhà ở,ban,https://alonhadat.com.vn/chinh-chu-can-ban-gap-nha-ngay-mat-tien-duong-xuan-thoi-3-hoc-mon-14592565.html,alonhadat,5,13600000000,290,2026-06-07,,14592565,,
GIẢM HƠN 1 TỶ-NHÀ MẶT TIỀN KINH DOANH CỰC TỐT PHẠM THỊ GIÂY-120M2-TẢI TRÁNH THÔNG-HÓC MÔN,"8,9 tỷ",120 m²,"Đường Phạm Thị Giây, Xã Đông Thạnh, Hồ Chí Minh",Huyện Hóc Môn,Xã Đông Thạnh,Nhà ở,ban,https://alonhadat.com.vn/giam-hon-1-ty-nha-mat-tien-kinh-doanh-cuc-tot-pham-thi-giay-120m2-tai-tranh-thong-hoc-mon-18758966.html,alonhadat,3,8900000000,120,2026-06-07,,18758966,,
Nhà hẻm một sẹc BÀ TRIỆU HÓC MÔN 60m2 - 970tr sổ hồng riêng,970 triệu,60 m²,"Đường Bà Triệu, Xã Hóc Môn, Hồ Chí Minh",Huyện Hóc Môn,Xã Tân Xuân,Nhà ở,ban,https://alonhadat.com.vn/nha-hem-mot-sec-ba-trieu-hoc-mon-60m2-970tr-so-hong-rieng-18757178.html,alonhadat,1,970000000,60,2026-06-07,,18757178,,
"Nhà hẻm một sẹc Song hành 6mx10m - 1,1tỷ sổ hồng riêng","1,1 tỷ",60 m²,"Đường Song Hành, Xã Hóc Môn, Hồ Chí Minh",Huyện Hóc Môn,Xã Tân Hiệp,Nhà ở,ban,https://alonhadat.com.vn/nha-hem-mot-sec-song-hanh-6mx10m-1-1ty-so-hong-rieng-18757133.html,alonhadat,2,1100000000,60,2026-06-07,,18757133,,
🔥 TOẠ ĐỘ VÀNG TRUNG TÂM HÓC MÔN - SÁT MẶT TIỀN QUANG TRUNG - NGANG KHỦNG 12M HIẾM CÓ 🔥,14 tỷ,230 m²,"Đường Quang Trung, Xã Hóc Môn, Hồ Chí Minh",Huyện Hóc Môn,Xã Hóc Môn,Nhà ở,ban,https://alonhadat.com.vn/-toa-do-vang-trung-tam-hoc-mon-sat-mat-tien-quang-trung-ngang-khung-12m-hiem-co--18673105.html,alonhadat,1,14000000000,230,2026-06-07,,18673105,,
"Bán nhà gần 500m, đường nhựa ngã 3 Giòng, Hóc Môn, chỉ 9.x tỷ","9,98 tỷ",480 m²,"Đường Xuân Thới Thượng 1-2, Xã Bà Điểm, Hồ Chí Minh",Huyện Hóc Môn,Xã Xuân Thới Thượng,Nhà ở,ban,https://alonhadat.com.vn/ban-nha-gan-500m-duong-nhua-nga-3-giong-hoc-mon-chi-9-x-ty-18724793.html,alonhadat,2,9980000000,480,2026-06-07,,18724793,,
"Cần bán nhà Tô Ký, Hóc Môn 1 tỷ 9, 75m² sổ riêng.","1,9 tỷ",75 m²,"Đường Nguyễn Thị Sóc, Xã Bà Điểm, Hồ Chí Minh",Huyện Hóc Môn,Xã Bà Điểm,Nhà ở,ban,https://alonhadat.com.vn/can-ban-nha-to-ky-hoc-mon-1-ty-9-75m-so-rieng--18756150.html,alonhadat,4,1900000000,75,2026-06-07,,18756150,,
"Bán nhà Bà Triệu Hóc Môn 1tỷ980 68m², Sổ Riêng","1,98 tỷ",68 m²,"Đường Bà Triệu, Xã Hóc Môn, Hồ Chí Minh",Huyện Hóc Môn,Xã Hóc Môn,Nhà ở,ban,https://alonhadat.com.vn/ban-nha-ba-trieu-hoc-mon-1ty980-68m-so-rieng-18756216.html,alonhadat,2,1980000000,68,2026-06-07,,18756216,,
Cần tiền gấp bán nhanh nhà Nguyễn Thị Sóc Hóc Môn 2tỷ2 79m2 Sổ Riêng,"2,2 tỷ",79 m²,"Đường Nguyễn Thị Sóc, Xã Hóc Môn, Hồ Chí Minh",Huyện Hóc Môn,Xã Hóc Môn,Nhà ở,ban,https://alonhadat.com.vn/can-tien-gap-ban-nhanh-nha-nguyen-thi-soc-hoc-mon-2ty2-79m2-so-rieng-18756205.html,alonhadat,4,2200000000,79,2026-06-07,,18756205,,
"BÁN NHÀ MTKD NGUYỄN THỊ SÓC 122m2 CHỈ 8.9 TỶ, BÀ ĐIỂM, HÓC MÔN","8,9 tỷ",122 m²,"Đường Nguyễn Thị Sóc, Xã Bà Điểm, Hồ Chí Minh",Huyện Hóc Môn,Xã Bà Điểm,Nhà ở,ban,https://alonhadat.com.vn/ban-nha-mtkd-nguyen-thi-soc-122m2-chi-8-9-ty-ba-diem-hoc-mon-18438840.html,alonhadat,3,8900000000,122,2026-06-07,,18438840,,
"BÁN GẤP NHÀ 84m2 Ở SẸC THÁI THỊ GIỮ BÀ ĐIỂM HÓC MÔN, GIÁ 1TY120 TRIỆU, SỔ HỒNG RIÊNG ĐẦY Đ","1,12 tỷ",84 m²,"Đường Thái Thị Giữ, Xã Bà Điểm, Hồ Chí Minh",Huyện Hóc Môn,Xã Bà Điểm,Nhà ở,ban,https://alonhadat.com.vn/ban-gap-nha-84m2-o-sec-thai-thi-giu-ba-diem-hoc-mon-gia-1ty120-trieu-so-hong-rieng-day-d-18757731.html,alonhadat,2,1120000000,84,2026-06-07,,18757731,,
Sang nhượng nhà xưởng lê văn khương đông thạnh. Hóc Môn,"8,2 tỷ",305 m²,"Đường Lê Văn Khương, Xã Đông Thạnh, Hồ Chí Minh",Huyện Hóc Môn,Xã Đông Thạnh,Nhà ở,ban,https://alonhadat.com.vn/sang-nhuong-nha-xuong-le-van-khuong-hoc-mon-305m-18757034.html,alonhadat,3,8199999999.999999,305,2026-06-07,,18757034,,
"Bán gấp nhà Trung Chánh, HÓc Môn. 190m2. Chỉ 4,1 tỷ. Sổ đang vay Bank.","4,1 tỷ",190 m²,"Đường ấp Mỹ Hòa 1, Xã Bà Điểm, Hồ Chí Minh",Huyện Hóc Môn,Xã Trung Chánh,Nhà ở,ban,https://alonhadat.com.vn/ban-gap-nha-trung-chanh-hoc-mon-190m2-chi-4-1-ty-so-dang-vay-bank--18097234.html,alonhadat,3,4099999999.9999995,190,2026-06-07,,18097234,,
"NGANG HIẾM HƠN 6M-MẶT TIỀN KINH DOANH TỐT ĐẶNG THÚC VỊNH-NỞ HẬU TÀI LỘC-CHỈ 13,9 TỶ","13,999 tỷ",265 m²,"Đường Đặng Thúc Vịnh, Xã Đông Thạnh, Hồ Chí Minh",Huyện Hóc Môn,Xã Đông Thạnh,Nhà ở,ban,https://alonhadat.com.vn/ngang-hiem-hon-6m-mat-tien-kinh-doanh-tot-dang-thuc-vinh-no-hau-tai-loc-chi-13-9-ty-18578574.html,alonhadat,4,13999000000,265,2026-06-07,,18578574,,
"Nhà đang cho thuê cần bán 2tỷ1 Trần Văn Mười, Xuân Thới Sơn 77m2 Sổ riêng","2,1 tỷ",77 m²,"Đường Trần Văn Mười, Xã Xuân Thới Sơn, Hồ Chí Minh",Huyện Hóc Môn,Xã Xuân Thới Sơn,Nhà ở,ban,https://alonhadat.com.vn/nha-dang-cho-thue-can-ban-2ty1-tran-van-muoi-xuan-thoi-son-77m2-so-rieng-18756260.html,alonhadat,3,2100000000,77,2026-06-07,,18756260,,
SIÊU PHẨM NHÀ PHỐ FULL NỘI THẤT CAO CẤP BÀ ĐIỂM-CHỈ 3.5 tỏi,"3,5 tỷ",70 m²,"Đường Xuân Thới Thượng 7, Xã Bà Điểm, Hồ Chí Minh",Huyện Hóc Môn,Xã Bà Điểm,Nhà ở,ban,https://alonhadat.com.vn/sieu-pham-nha-pho-full-noi-that-cao-cap-ba-diem-chi-3-8-18449580.html,alonhadat,2,3500000000,70,2026-06-07,,18449580,,
"Nhà Song Hành, Hóc Môn, sổ hồng riêng, hoàn công, 4x10=40m2, trệt lửng 1.3 tỷ","1,3 tỷ",52 m²,"Đường Song Hành, Xã Hóc Môn, Hồ Chí Minh",Huyện Hóc Môn,Xã Tân Hiệp,Đất,ban,https://alonhadat.com.vn/nha-song-hanh-hoc-mon-so-hong-rieng-hoan-cong-4x10-40m2-tret-lung-1-3-ty-18756026.html,alonhadat,2,1300000000,52,2026-06-07,,18756026,,
"Nhà mặt tiền Đặng Thúc Vịnh-Thới Tam Thôn-Hóc Môn.Dt 16x20~330m2~20,5ty","20,5 tỷ",330 m²,"Đường Đặng Thúc Vịnh, Xã Đông Thạnh, Hồ Chí Minh",Huyện Hóc Môn,Xã Thới Tam Thôn,Đất,ban,https://alonhadat.com.vn/nha-mat-tien-dang-thuc-vinh-thoi-tam-thon-hoc-mon-dt-16x20-330m2-20-5ty-18753267.html,alonhadat,2,20500000000,330,2026-06-07,,18753267,,
Bán đất (5x20) tặng dãy trọ ngay 1 xẹc Nguyễn Thị Ngâu Hóc Môn giá 900 triệu,900 triệu,169 m²,"Đường Nguyễn Thị Ngâu, Xã Đông Thạnh, Hồ Chí Minh",Huyện Hóc Môn,Xã Thới Tam Thôn,Đất,ban,https://alonhadat.com.vn/ban-dat-5x20-tang-day-tro-ngay-1-xec-nguyen-thi-ngau-hoc-mon-gia-900-trieu-16498439.html,alonhadat,6,900000000,169,2026-06-07,,16498439,,
Nhà Trệt Lửng 4 P.Ngủ _ DT 5m x 13m _ Sổ Hồng Riêng _ Vị Trí Ngay Chợ,"2,95 tỷ",65 m²,"Đường Huỳnh Tấn Phát, Xã Nhà Bè, Hồ Chí Minh",Huyện Nhà Bè,Xã Phú Xuân,Nhà ở,ban,https://alonhadat.com.vn/nha-tret-lung-4-p-ngu-dt-5m-x-13m-so-hong-rieng-vi-tri-ngay-cho-18757452.html,alonhadat,4,2950000000,65,2026-06-07,,18757452,,
Bán Nhà Chính Chủ 3 Tầng 4 P.Ngủ - Sổ Riêng - Chưa Qua Người Kinh Doanh,"3,95 tỷ",50 m²,"Đường Huỳnh Tấn Phát, Xã Nhà Bè, Hồ Chí Minh",Huyện Nhà Bè,Xã Nhà Bè,Nhà ở,ban,https://alonhadat.com.vn/ban-nha-chinh-chu-3-tang-4-p-ngu-so-rieng-chua-qua-nguoi-kinh-doanh-18514365.html,alonhadat,3,3950000000,50,2026-06-07,,18514365,,
Nhà Xây Mới Đẹp _ 1 Trệt 1 Lầu _ Tại Trung Tâm Thị Trấn Nhà Bè,"1,5 tỷ",35 m²,"Đường Huỳnh Tấn Phát, Xã Nhà Bè, Hồ Chí Minh",Huyện Nhà Bè,Xã Nhà Bè,Nhà ở,ban,https://alonhadat.com.vn/nha-xay-moi-dep-1-tret-1-lau-tai-trung-tam-thi-tran-nha-be-18757492.html,alonhadat,2,1500000000,35,2026-06-07,,18757492,,
"Nhà Trệt Lầu 3 P.Ngủ, Xây Mới Đẹp _ DT 62m2 _ Sổ Hồng Riêng, Hoàn Công Đủ","4,59 tỷ",62 m²,"Đường Huỳnh Tấn Phát, Xã Nhà Bè, Hồ Chí Minh",Huyện Nhà Bè,Xã Nhà Bè,Nhà ở,ban,https://alonhadat.com.vn/nha-tret-lau-3-p-ngu-xay-moi-dep-dt-62m2-so-hong-rieng-hoan-cong-du-18757508.html,alonhadat,3,4590000000,62,2026-06-07,,18757508,,
Cần Bán Nhà Trệt Mới - Sổ Hồng Riêng - Hẻm 2806 Huỳnh Tấn Phát,"1,86 tỷ",56 m²,"Đường Huỳnh Tấn Phát, Xã Nhà Bè, Hồ Chí Minh",Huyện Nhà Bè,Xã Nhà Bè,Nhà ở,ban,https://alonhadat.com.vn/-toi-chinh-chu-can-ban-nha-tret-moi-so-hong-rieng-hem-2806-huynh-tan-phat-16718437.html,alonhadat,2,1860000000,56,2026-06-07,,16718437,,
"– MẶT TIỀN HẺM, GẦN CHỢ _ FULL NỘI THẤT, CHỈ 5,68 T. Ỷ_ 54 m²","6,58 tỷ",54 m²,"Đường Đào Tông Nguyên, Xã Nhà Bè, Hồ Chí Minh",Huyện Nhà Bè,Xã Nhà Bè,Nhà ở,ban,https://alonhadat.com.vn/-mat-tien-hem-gan-cho-full-noi-that-chi-5-68-t-y-54-m--18755576.html,alonhadat,3,6580000000,54,2026-06-07,,18755576,,
"Bán Nhà mặt phố 180m2, 9,7 tỷ, 5PN, 5WC tại Lê Văn Lương, Nhơn Đức, Nhà Bè, HCM","9,7 tỷ",180 m²,"Đường Lê Văn Lương, Xã Hiệp Phước, Hồ Chí Minh",Huyện Nhà Bè,Xã Nhơn Đức,Nhà ở,ban,https://alonhadat.com.vn/ban-nha-mat-pho-180m2-9-7-ty-5pn-5wc-tai-le-van-luong-nhon-duc-nha-be-hcm-18662433.html,alonhadat,3,9700000000,180,2026-06-07,,18662433,,
"Nhà 4 Tầng Sân Thượng _ DT 5M x 20M, Đường 10M _ Ngay Trường Đại Học Mở","6,8 tỷ",100 m²,"Đường Nguyễn Bình, Xã Hiệp Phước, Hồ Chí Minh",Huyện Nhà Bè,Xã Nhơn Đức,Nhà ở,ban,https://alonhadat.com.vn/nha-4-tang-san-thuong-dt-5m-x-20m-duong-10m-ngay-truong-dai-hoc-mo-18757433.html,alonhadat,6,6800000000,100,2026-06-07,,18757433,,
"🏡 BÁN NHÀ MẶT TIỀN ĐƯỜNG NGUYỄN BÌNH, GIÁ 10.8 TỶ 💥 - NHÀ 2 TẦNG - DTSD : 230m2 ( Cách L","10,8 tỷ",232 m²,"Đường Nguyễn Bình, Xã Hiệp Phước, Hồ Chí Minh",Huyện Nhà Bè,Xã Nhơn Đức,Nhà ở,ban,https://alonhadat.com.vn/-ban-nha-mat-tien-duong-nguyen-binh-gia-10-9-ty-nha-2-tang-dtsd-230m2-cach-l-16783385.html,alonhadat,5,10800000000,232,2026-06-07,,16783385,,
"Rẻ 2 tỷ, Bán nhà mặt tiền Phạm Thế Hiển, DT 276m2, ngay chợ Lò Than chỉ 15 tỷ",15 tỷ,276 m²,"Đường Phạm Thế Hiển, Phường Bình Đông, Hồ Chí Minh",Không rõ,Phường 6,Nhà ở,ban,https://alonhadat.com.vn/cho-thue-nha-mat-tien-cao-lo-4x20-5-tang-thiet-ke-hien-dai-chi-40tr-thang-con-tl-16146564.html,alonhadat,6,15000000000,276,2026-06-07,,16146564,,
Nhà Đẹp 4 Tầng BTCT Nguyễn Chế Nghĩa 4x16 - 5PN - Chỉ 7 Tỷ,7 tỷ,64 m²,"Đường Nguyễn Chế Nghĩa, Phường Phú Định, Hồ Chí Minh",Không rõ,Phường 13,Nhà ở,ban,https://alonhadat.com.vn/nha-dep-4-tang-btct-nguyen-che-nghia-4x16-5pn-chi-7-ty-18758984.html,alonhadat,5,7000000000,64,2026-06-07,,18758984,,
"Bán nhà hẻm 4.5m cách mặt tiền 1 căn, cách Nguyễn Tri Phương 50m, 4m x 8m nhà 4 tầng, 7 tỷ",7 tỷ,33 m²,"Đường Vĩnh Viễn, Phường Diên Hồng, Hồ Chí Minh",Không rõ,Phường 8,Nhà ở,ban,https://alonhadat.com.vn/ban-nha-hem-4-5m-cach-mat-tien-1-can-cach-nguyen-tri-phuong-50m-4m-x-8m-nha-4-tang-7-ty-18751098.html,alonhadat,6,7000000000,33,2026-06-07,,18751098,,
"Mặt tiền đường 10m, khu cư xá Lữ Gia, 4m X 28m (công nhận 112m2) nhà 3 tầng, giá 19.5 tỷ","19,5 tỷ",112 m²,"Đường Cư Xá Lữ Gia, Phường Phú Thọ, Hồ Chí Minh",Không rõ,Phường 15,Nhà ở,ban,https://alonhadat.com.vn/mat-tien-duong-10m-khu-cu-xa-lu-gia-4m-x-28m-cong-nhan-112m2-nha-3-tang-gia-19-5-ty-18742399.html,alonhadat,6,19500000000,112,2026-06-07,,18742399,,
BÁN SIÊU PHẨM SANG XỊN MỊN HẼM TO KHU ĐẸP GẦN BẾN CẢNG NHÀ RỒNG🛳️ DỰ SẼ QUY HOẠCH LẠI TRỤ,"8,75 tỷ",55 m²,"Đường Tôn Đản, Phường Khánh Hội, Hồ Chí Minh",Không rõ,Phường 10,Nhà ở,ban,https://alonhadat.com.vn/ban-sieu-pham-sang-xin-min-hem-to-khu-dep-gan-ben-cang-nha-rong-du-se-quy-hoach-lai-tru-18171282.html,alonhadat,3,8750000000,55,2026-06-07,,18171282,,
Bán nhà MT Võ Văn Vân Xã Tân Vĩnh Lộc TPHCM 500m² giá 34 tỷ,34 tỷ,500 m²,"Đường Võ Văn Vân, Xã Tân Vĩnh Lộc, Hồ Chí Minh",Không rõ,Xã Tân Vĩnh Lộc,Nhà ở,ban,https://alonhadat.com.vn/ban-nha-mt-vo-van-van-xa-tan-vinh-loc-tphcm-500m-gia-34-ty-18756911.html,alonhadat,3,34000000000,500,2026-06-07,,18756911,,
"nhà góc 2 mặt tiền gần Nguyễn Tri Phương 65m2, 4.1x17m, 3 tầng, 26.5 tỷ","26,5 tỷ",65 m²,"Đường Nguyễn Tri Phương, Phường Diên Hồng, Hồ Chí Minh",Không rõ,Phường 5,Nhà ở,ban,https://alonhadat.com.vn/nha-goc-2-mat-tien-gan-nguyen-tri-phuong-65m2-4-1x17m-3-tang-26-5-ty-16640591.html,alonhadat,4,26500000000,65,2026-06-07,,16640591,,
✨ SÁT TRỤC NGUYỄN TẤT THÀNH - GẦN BẾN NHÀ RỒNG | NHÀ 4 TẦNG ĐOÀN VĂN BƠ,12 tỷ,66 m²,"Đường Đoàn Văn Bơ, Phường Xóm Chiếu, Hồ Chí Minh",Không rõ,Phường 14,Nhà ở,ban,https://alonhadat.com.vn/-sat-truc-nguyen-tat-thanh-gan-ben-nha-rong-nha-4-tang-doan-van-bo-18756293.html,alonhadat,6,12000000000,66,2026-06-07,,18756293,,
"Bán nhà C4 đường Bãi Sậy,gần chợ Bình Tiên,Phạm Phú Thứ","13,8 tỷ",200 m²,"Đường Bãi Sậy, Phường Bình Tiên, Hồ Chí Minh",Không rõ,Phường 8,Nhà ở,ban,https://alonhadat.com.vn/ban-nha-c4-duong-bai-say-gan-cho-binh-tien-pham-phu-thu-18433276.html,alonhadat,2,13800000000,200,2026-06-07,,18433276,,
"🏰 Bán biệt thự cổ điển Ý Nguyễn Đình Chiểu, p. Đa Kao, Q.1",320 tỷ,318 m²,"Đường Nguyễn Đình Chiểu, Phường Tân Định, Hồ Chí Minh",Quận 1,Phường Tân Định,Biệt thự,ban,https://alonhadat.com.vn/-ban-biet-thu-co-dien-y-nguyen-dinh-chieu-p-da-kao-q-1-18757684.html,alonhadat,7,320000000000,318,2026-06-07,,18757684,,
Bán biệt thự duy nhất tại Quận 1 có hồ bơi cực đẹp DT 13x20m hầm 5 tầng nội thất siêu đẹp,85 tỷ,263 m²,"Đường Trần Khắc Chân, Phường Tân Định, Hồ Chí Minh",Quận 1,Phường Tân Định,Biệt thự,ban,https://alonhadat.com.vn/ban-biet-thu-duy-nhat-tai-quan-1-co-ho-boi-cuc-dep-dt-13x20m-ham-5-tang-noi-that-sieu-dep-18685956.html,alonhadat,20,85000000000,263,2026-06-07,,18685956,,
"Biệt thự phố, 4 tầng, DT 113 m2, ngang 6.4 m, dòng tiền mạnh, giá cực tốt","28,5 tỷ",113 m²,"Đường Võ Thị Sáu, Phường Tân Định, Hồ Chí Minh",Quận 1,Phường Tân Định,Biệt thự,ban,https://alonhadat.com.vn/biet-thu-pho-4-tang-dt-113-m2-ngang-6-4-m-dong-tien-manh-gia-cuc-tot-18758955.html,alonhadat,5,28500000000,113,2026-06-07,,18758955,,
🔥 BIỆT THỰ 5 TẦNG NGUYỄN VĂN THỦ – QUẬN 1 | SIÊU PHẨM KHAN HIẾM PHÂN KHÚC 83 TỶ. 🔥,84 tỷ,123 m²,"Đường Nguyễn Văn Thủ, Phường Sài Gòn, Hồ Chí Minh",Quận 1,Phường Sài Gòn,Biệt thự,ban,https://alonhadat.com.vn/-biet-thu-5-tang-nguyen-van-thu-quan-1-sieu-pham-khan-hiem-phan-khuc-83-ty--18757563.html,alonhadat,6,84000000000,123,2026-06-07,,18757563,,
"Bán gấp căn góc biệt thự đường Hai Bà Trưng, Quận 1, dt: 18x20m 2 lầu mới đẹp",150 tỷ,360 m²,"Đường Hai Bà Trưng, Phường Sài Gòn, Hồ Chí Minh",Quận 1,Phường Sài Gòn,Biệt thự,ban,https://alonhadat.com.vn/ban-gap-can-goc-biet-thu-duong-hai-ba-trung-quan-1-dt-18x20m-2-lau-moi-dep-18315042.html,alonhadat,6,150000000000,360,2026-06-07,,18315042,,
"Bán gấp căn góc biệt thự đường Hai Bà Trưng, Quận 1, dt: 15x28m 3 lầu mới đẹp đường 16m",168 tỷ,400 m²,"Đường Hai Bà Trưng, Phường Sài Gòn, Hồ Chí Minh",Quận 1,Phường Sài Gòn,Biệt thự,ban,https://alonhadat.com.vn/ban-gap-can-goc-biet-thu-duong-hai-ba-trung-quan-1-dt-15x28m-3-lau-moi-dep-duong-16m-18315162.html,alonhadat,10,168000000000,400,2026-06-07,,18315162,,
"Biệt Thự 3 tầng hẻm ô tô Mê Linh, P.19, Bình Thạnh, Giáp Q.1, 11x19m, Chỉ 28.9 Tỷ","28,9 tỷ",185 m²,"Đường Mê Linh, Phường Thạnh Mỹ Tây, Hồ Chí Minh",Quận 1,Phường 19,Biệt thự,ban,https://alonhadat.com.vn/ban-nha-3-tang-hem-o-to-duong-me-linh-p-19-binh-thanh-11x18m-gia-29-9-ty-16158571.html,alonhadat,5,28900000000,185,2026-06-07,,16158571,,
"Bán nhà góc 3 mặt tiền đường Tôn Thất Tùng, Quận 1, dt: 4,2x24m trệt 2 lầu thang máy.","26,5 tỷ",99 m²,"Đường Tôn Thất Tùng, Phường Bến Thành, Hồ Chí Minh",Quận 1,Phường Bến Thành,Căn hộ chung cư,ban,https://alonhadat.com.vn/ban-nha-goc-3-mat-tien-duong-ton-that-tung-quan-1-dt-4-2x24m-tret-2-lau-thang-may--18690204.html,alonhadat,4,26500000000,99,2026-06-07,,18690204,,
"NHÀ MỚI ĐẸP 4 TẦNG, HXH TRẦN ĐÌNH XU, GẦN CHỢ BẾN THÀNH, PHỐ TÂY BÙI VIỆN, SHR","14,7 tỷ",50 m²,"Đường Trần Đình Xu, Phường Cầu Ông Lãnh, Hồ Chí Minh",Quận 1,Phường Cầu Ông Lãnh,Căn hộ chung cư,ban,https://alonhadat.com.vn/nha-moi-dep-4-tang-hxh-tran-dinh-xu-gan-cho-ben-thanh-pho-tay-bui-vien-shr-18759059.html,alonhadat,4,14700000000,50,2026-06-07,,18759059,,
BÁN TÒA NHÀ CHDV DÒNG TIỀN TRUNG TÂM QUẬN 1,180 triệu / m²,160 m²,"Đường Nguyễn Trãi, Phường Cầu Ông Lãnh, Hồ Chí Minh",Quận 1,Phường Nguyễn Cư Trinh,Căn hộ chung cư,ban,https://alonhadat.com.vn/ban-toa-nha-chdv-dong-tien-trung-tam-quan-1-18740419.html,alonhadat,23,28800000000,160,2026-06-07,,18740419,,
"Bán căn hộ Trệt - Chung cư số 89 - 91 Nguyễn Du P. Bến Nghé Q1. DT: 52,06m2 - Giá: 8 tỷ",8 tỷ,52 m²,"Đường Nguyễn Du, Phường Sài Gòn, Hồ Chí Minh",Quận 1,Phường Bến Nghé,Căn hộ chung cư,ban,https://alonhadat.com.vn/ban-can-ho-tret-chung-cu-so-89-91-nguyen-du-p-ben-nghe-q1-dt-52-06m2-gia-8-ty-18332225.html,alonhadat,3,8000000000,52,2026-06-07,,18332225,,
"🏡 Bán nhà hẻm xe hơi Nguyễn Bỉnh Khiêm, p. Đa Kao, Q.1",31 tỷ,112 m²,"Đường Nguyễn Bỉnh Khiêm, Phường Tân Định, Hồ Chí Minh",Quận 1,Phường Đa Kao,Căn hộ chung cư,ban,https://alonhadat.com.vn/-ban-nha-hem-xe-hoi-nguyen-binh-khiem-p-da-kao-q-1-18757501.html,alonhadat,4,31000000000,112,2026-06-07,,18757501,,
"bán nhà mặt tiền đường trường sa sát trung tâm q1,3","20,5 tỷ",55 m²,"Đường Trường Sa, Phường Phú Nhuận, Hồ Chí Minh",Quận 1,Phường Phú Nhuận,Căn hộ chung cư,ban,https://alonhadat.com.vn/ban-nha-mat-tien-duong-truong-sa-sat-trung-tam-q1-3-18757010.html,alonhadat,3,20500000000,55,2026-06-07,,18757010,,
Toà Nhà 32 CHDV Quận 1. ngay Hai Bà Trưng -12 x 17m. 6 lầu- HĐ thuê 150tr - chỉ 3x tỷ,39 tỷ,190 m²,"Đường Hai Bà Trưng, Phường Tân Định, Hồ Chí Minh",Quận 1,Phường Tân Định,Căn hộ chung cư,ban,https://alonhadat.com.vn/toa-nha-32-chdv-quan-1-ngay-hai-ba-trung-12-x-17m-6-lau-hd-thue-150tr-chi-3x-ty-16969261.html,alonhadat,32,39000000000,190,2026-06-07,,16969261,,
"Giảm 17 Tỷ Bán CHDV mặt tiền khu Phố Nhật Phạm Vết Chánh, Giáp Q.1, 10x45m,TN 270tr/tháng",93 tỷ,450 m²,"Đường Huỳnh Mẫn Đạt, Phường Thạnh Mỹ Tây, Hồ Chí Minh",Quận 1,Phường 19,Căn hộ chung cư,ban,https://alonhadat.com.vn/toa-chdv-5-tang-mat-tien-pho-nhat-phuong-19-binh-thanh-9-5x41m-hdt-160-trieu-99-ty-15929157.html,alonhadat,26,93000000000,450,2026-06-07,,15929157,,
"Bán Toà CHDV 7 Tầng NGANG 12M đường TRẦN HƯNG ĐẠO, Q1, 12x25m, HĐT 200 triệu, Chỉ 90 Tỷ",90 tỷ,300 m²,"Đường Trần Hưng Đạo, Phường Cầu Ông Lãnh, Hồ Chí Minh",Quận 1,Phường Cầu Kho,Căn hộ chung cư,ban,https://alonhadat.com.vn/ban-toa-chdv-7-tang-ngang-12m-duong-tran-hung-dao-q1-12x25m-hdt-200-trieu-chi-92-ty-18351132.html,alonhadat,18,90000000000,300,2026-06-07,,18351132,,
"Toà Căn Hộ Dịch Vụ 6 Tầng HXH THẠCH THỊ THANH, Q.1, 12x19m, HĐT 200 triệu, Chỉ 38.9 Tỷ","38,9 tỷ",228 m²,"Đường Thạch Thị Thanh, Phường Tân Định, Hồ Chí Minh",Quận 1,Phường Tân Định,Căn hộ chung cư,ban,https://alonhadat.com.vn/toa-can-ho-dich-vu-6-tang-hxh-thach-thi-thanh-q-1-12x19m-hdt-200-trieu-chi-38-9-ty-16972292.html,alonhadat,33,38900000000,228,2026-06-07,,16972292,,
"Nhà mặt tiền VIP, 4 tầng, thang máy, dòng tiền mạnh, giá cực tốt",19 tỷ,41 m²,"Đường Đinh Tiên Hoàng, Phường Tân Định, Hồ Chí Minh",Quận 1,Phường Tân Định,Mặt bằng,ban,https://alonhadat.com.vn/nha-mat-tien-vip-4-tang-thang-may-dong-tien-manh-gia-cuc-tot-18759002.html,alonhadat,8,19000000000,41,2026-06-07,,18759002,,
"MT Nguyễn Thị Minh Khai, Quận 1 - Nở hậu 5.6m x 16m, 3 lầu, HĐ thuê cực tốt giá chỉ 27 tỷ",27 tỷ,76 m²,"Đường Nguyễn Thị Minh Khai, Phường Bến Thành, Hồ Chí Minh",Quận 1,Phường Bến Thành,Mặt bằng,ban,https://alonhadat.com.vn/mt-nguyen-thi-minh-khai-quan-1-no-hau-5-6m-x-16m-3-lau-hd-thue-cuc-tot-gia-chi-27-ty-18733032.html,alonhadat,6,27000000000,76,2026-06-07,,18733032,,
"🍀Một không hai tại phường Bến Thành, quận 1- 5 TẦNG CÓ THANG MÁY- 34 TỶ TL",34 tỷ,42 m²,"Đường Lê Thị Hồng Gấm, Phường Bến Thành, Hồ Chí Minh",Quận 1,Phường Bến Thành,Mặt bằng,ban,https://alonhadat.com.vn/-chu-can-ban-vien-kim-cuong-trung-tam-quan-1-5-tang-co-thang-may-34-ty-tl-18722854.html,alonhadat,5,34000000000,42,2026-06-07,,18722854,,
"Toà CHDV HXH Hầm 7 Lầu Nguyễn Thị Minh Khai, Q.1, 5.2x24m, HĐT 110tr/tháng, Chỉ 35 Tỷ",35 tỷ,124 m²,"Đường Nguyễn Thị Minh Khai, Phường Tân Định, Hồ Chí Minh",Quận 1,Phường Đa Kao,Mặt bằng,ban,https://alonhadat.com.vn/ban-building-mini-ham-7-lau-hem-7m-nguyen-thi-minh-khai-q-1-5-2x22m-hdt-96-trieu-38-ty-16088627.html,alonhadat,14,35000000000,124,2026-06-07,,16088627,,
"Hiếm! Chỉ 8,5 Tỷ - Hẻm nhựa 8m - Sát MT. Bán nhà Nguyễn Văn Thương (D1) - (4x8m) 4 Tầng.","8,5 tỷ",32 m²,"Đường Nguyễn Văn Thương, Phường Thạnh Mỹ Tây, Hồ Chí Minh",Quận 1,Phường 25,Nhà ở,ban,https://alonhadat.com.vn/hiem-chi-8-5-ty-hem-nhua-8m-sat-mt-ban-nha-nguyen-van-thuong-d1-32m2-4-tang--18706931.html,alonhadat,4,8500000000,32,2026-06-07,,18706931,,
"Bán nhà Mặt tiền Đinh Tiên Hoàng, Quận 1, Dt 41m2, 3 lầu, HDT 90tr/th, Giá 17.8 tỷ","17,9 tỷ",41 m²,"Đường Đinh Tiên Hoàng, Phường Tân Định, Hồ Chí Minh",Quận 1,Phường Đa Kao,Nhà ở,ban,https://alonhadat.com.vn/ban-nha-mat-tien-dinh-tien-hoang-quan-1-4-tang-thang-may-dang-cho-thue-90tr-thang-18371897.html,alonhadat,3,17900000000,41,2026-06-07,,18371897,,
"Thu nhập 100tr/tháng! Giá chỉ 18,5 tỷ. Mặt tiền Đinh Tiên Hoàng Quận 1, 4 tầng, thang máy","18,5 tỷ",41 m²,"Đường Đinh Tiên Hoàng, Phường Tân Định, Hồ Chí Minh",Quận 1,Phường Đa Kao,Nhà ở,ban,https://alonhadat.com.vn/ket-tien-ban-nha-mt-dinh-tien-hoang-q1-dang-cho-thue-gan-100tr-thang-4-tang-thang-may-18500170.html,alonhadat,4,18500000000,41,2026-06-07,,18500170,,
Siêu phẩm khan hiếm !!! Bán nhà MT Đồng Khởi - Quận 1(4.5x27m) 2 lầu giá: 110 tỷ,110 tỷ,121 m²,"Đường Đồng Khởi, Phường Sài Gòn, Hồ Chí Minh",Quận 1,Phường Bến Nghé,Nhà ở,ban,https://alonhadat.com.vn/sieu-pham-khan-hiem-ban-nha-mt-dong-khoi-quan-1-4-5x27m-2-lau-gia-110-ty-18737117.html,alonhadat,5,110000000000,121,2026-06-07,,18737117,,
Toà nhà MT Nguyễn Trung Trực - Quận 1(9x24m) 5 lầu 120 tỷ,120 tỷ,222 m²,"Đường Nguyễn Trung Trực, Phường Bến Thành, Hồ Chí Minh",Quận 1,Phường Bến Thành,Nhà ở,ban,https://alonhadat.com.vn/toa-nha-mt-nguyen-trung-truc-quan-1-9x24m-5-lau-120-ty-18739650.html,alonhadat,30,120000000000,222,2026-06-07,,18739650,,
"Bán nhà đường Mạc Đĩnh Chi - Nguyễn thị Minh Khai, Quận 1. 10,7x19m hầm 8 tầng 7 tỷ 5/ năm",260 tỷ,200 m²,"Đường Nguyễn Thị Minh Khai, Phường Tân Định, Hồ Chí Minh",Quận 1,Phường Đa Kao,Nhà ở,ban,https://alonhadat.com.vn/ban-nha-duong-mac-dinh-chi-nguyen-thi-minh-khai-quan-1-10-7x19m-ham-8-tang-7-ty-5-nam-16307572.html,alonhadat,20,260000000000,200,2026-06-07,,16307572,,
"Toà nhà Hầm + 7 Tầng - Mặt tiền ngay Hai Bà Trưng, Quận 1 - DT: 14 x 25m - HĐT: 400 Triệu",175 tỷ,350 m²,"Đường Hai Bà Trưng, Phường Tân Định, Hồ Chí Minh",Quận 1,Phường Tân Định,Nhà ở,ban,https://alonhadat.com.vn/toa-nha-ham-7-tang-mat-tien-ngay-hai-ba-trung-quan-1-dt-14-x-25m-hdt-400-trieu-18759031.html,alonhadat,16,175000000000,350,2026-06-07,,18759031,,
"Bán Tòa nhà mặt tiền ngay Hai Bà Trưng, Quận 1 - DT: 7 x 20m - 7 Tầng TM - HĐT: 220 Triệu",50 tỷ,140 m²,"Đường Hai Bà Trưng, Phường Tân Định, Hồ Chí Minh",Quận 1,Phường Tân Định,Nhà ở,ban,https://alonhadat.com.vn/ban-toa-nha-mat-tien-ngay-hai-ba-trung-quan-1-dt-7-x-20m-7-tang-tm-hdt-220-trieu-18759037.html,alonhadat,16,50000000000,140,2026-06-07,,18759037,,
"Tòa nhà góc 2 mặt tiền ngay Trần Quang Khải, Quận 1 - Hầm 7Tầng - 13 x 18m - HĐ: 400 Triệu",100 tỷ,234 m²,"Đường Trần Quang Khải, Phường Tân Định, Hồ Chí Minh",Quận 1,Phường Tân Định,Nhà ở,ban,https://alonhadat.com.vn/toa-nha-goc-2-mat-tien-ngay-tran-quang-khai-quan-1-ham-7tang-13-x-18m-hd-400-trieu-18759023.html,alonhadat,16,100000000000,234,2026-06-07,,18759023,,
"Siêu hót, MT thương hiệu góc Hai Bà Trưng, TĐ, Q. 1 - 20x18m - 5 tầng - HĐ: 400Tr/th",120 tỷ,368 m²,"Đường Hai Bà Trưng, Phường Tân Định, Hồ Chí Minh",Quận 1,Phường Tân Định,Nhà ở,ban,https://alonhadat.com.vn/sieu-hot-mt-thuong-hieu-goc-hai-ba-trung-td-q-1-20x18m-5-tang-hd-400tr-th-13273040.html,alonhadat,4,120000000000,368,2026-06-07,,13273040,,
"Bán căn góc 2 MT Bùi Thị Xuân, P.Bến Thành Q1 - 40m² (4,5x13) - 2 lầu HĐT 100 tr Gía 42 tỷ",42 tỷ,40 m²,"Đường Bùi Thị Xuân, Phường Bến Thành, Hồ Chí Minh",Quận 1,Phường Bến Thành,Nhà ở,ban,https://alonhadat.com.vn/ban-can-goc-2-mt-bui-thi-xuan-p-ben-thanh-q1-40m-4-5x13-2-lau-hdt-100-tr-gia-42-ty-18756784.html,alonhadat,2,42000000000,40,2026-06-07,,18756784,,
"Bán nhà Góc 2 mặt tiền Bùi Thị Xuân, Quận 1 - 68 m² 4 tầng CTXD Hầm 7 tầng Gía 68 tỷ",68 tỷ,68 m²,"Đường Bùi Thị Xuân, Phường Bến Thành, Hồ Chí Minh",Quận 1,Phường Phạm Ngũ Lão,Nhà ở,ban,https://alonhadat.com.vn/ban-nha-goc-2-mat-tien-bui-thi-xuan-quan-1-68-m-4-tang-ctxd-ham-7-tang-gia-70-ty-tl-18756170.html,alonhadat,4,68000000000,68,2026-06-07,,18756170,,
"VỊ TRÍ ĐẸP NHẤT TUYẾN ĐƯỜNG-MẶT TIỀN TRẦN HƯNG ĐẠO- 4,6X21m-4 TẦNG- HĐT CAO- GIÁ: 45 TỶ.",45 tỷ,300 m²,"Đường Trần Hưng Đạo, Phường Bến Thành, Hồ Chí Minh",Quận 1,Phường Phạm Ngũ Lão,Nhà ở,ban,https://alonhadat.com.vn/vi-tri-dep-nhat-tuyen-duong-mat-tien-tran-hung-dao-4-6x21m-4-tang-hdt-cao-gia-45-ty--18749098.html,alonhadat,6,45000000000,300,2026-06-07,,18749098,,
Tòa nhà mới xây 100% góc 2 mặt tiền 369 Nguyễn Trãi Quận 1 - DT: 14x30m - 2hầm - 10tầng,450 tỷ,460 m²,"Đường Nguyễn Trãi, Phường Bến Thành, Hồ Chí Minh",Quận 1,Phường Bến Thành,Nhà ở,ban,https://alonhadat.com.vn/toa-nha-moi-xay-100-goc-2-mat-tien-nguyen-trai-quan-1-dt-14-29-5m-2ham-10tang-15546991.html,alonhadat,50,450000000000,460,2026-06-07,,15546991,,
"Bán tòa nhà MT Lê Thánh Tôn, Quận 1 - DT 8x20m - hầm - 9 tầng - HĐT 600 triệu",210 tỷ,160 m²,"Đường Lê Thánh Tôn, Phường Sài Gòn, Hồ Chí Minh",Quận 1,Phường Sài Gòn,Nhà ở,ban,https://alonhadat.com.vn/ban-toa-nha-mt-le-thanh-ton-quan-1-dt-8x20m-ham-9-tang-hdt-600-trieu-18672880.html,alonhadat,50,210000000000,160,2026-06-07,,18672880,,
🕌NHÀ MẶT TIỀN NGUYỄN THỊ MINH KHAI QUẬN 1 _ MỆNH DANH LÀ NAM VƯƠNG TRONG THẾ GIỚI CHDV CA,68 tỷ,108 m²,"Đường Nguyễn Thị Minh Khai, Phường Tân Định, Hồ Chí Minh",Quận 1,Phường Đa Kao,Nhà ở,ban,https://alonhadat.com.vn/-nha-mat-tien-nguyen-thi-minh-khai-quan-1-menh-danh-la-nam-vuong-trong-the-gioi-chdv-ca-18757100.html,alonhadat,18,68000000000,108,2026-06-07,,18757100,,
"SÁT CHỢ BẾN THÀNH-ĐƯỜNG LÊ THỊ HỒNG GẤM VỚI DT GẦN 68M2 MÀ GIÁ CHỈ 6 TỶ 240, SHC!!!","6,24 tỷ",68 m²,"Đường Lê Thị Hồng Gấm, Phường Bến Thành, Hồ Chí Minh",Quận 1,Phường Phạm Ngũ Lão,Nhà ở,ban,https://alonhadat.com.vn/sat-cho-ben-thanh-duong-le-thi-hong-gam-voi-dt-gan-68m2-ma-gia-chi-6-ty-240-shc--18758314.html,alonhadat,4,6240000000,68,2026-06-07,,18758314,,
"CHỦ ĐI ĐỊNH CƯ BÁN GẤP NHÀ HẺM NHỰA 5M - PHÓ ĐỨC CHÍNH, QUẬN 1. GIÁ 4.89TỶ/56M2 - 4LẦU 4PN","4,89 tỷ",56 m²,"Đường Phó Đức Chính, Phường Bến Thành, Hồ Chí Minh",Quận 1,Phường Bến Thành,Nhà ở,ban,https://alonhadat.com.vn/chu-di-dinh-cu-ban-gap-nha-hem-nhua-5m-pho-duc-chinh-quan-1-gia-4-89ty-56m2-4lau-4pn-18731875.html,alonhadat,4,4890000000,56,2026-06-07,,18731875,,
"Bán Nhà Ngay Vị Trí Sầm Uất Trên Đường Phan Ngữ,P.Tân Định,Quận 1 chỉ với 6tỷ630.Sổ Sẵn.","6,63 tỷ",80 m²,"Đường Phan Ngữ, Phường Tân Định, Hồ Chí Minh",Quận 1,Phường Tân Định,Nhà ở,ban,https://alonhadat.com.vn/ban-nha-ngay-vi-tri-sam-uat-tren-duong-phan-ngu-p-tan-dinh-quan-1-chi-voi-6ty630-so-san--18758035.html,alonhadat,4,6630000000,80,2026-06-07,,18758035,,
"mặt tiền đường Calmette, Phường Nguyễn Thái Bình, Quận 1 8.1x18.4 6 tầng 140 tỷ",140 tỷ,721 m²,"Đường Calmette, Phường Sài Gòn, Hồ Chí Minh",Quận 1,Phường Nguyễn Thái Bình,Nhà ở,ban,https://alonhadat.com.vn/mat-tien-duong-calmette-phuong-nguyen-thai-binh-quan-1-8-1x18-4-6-tang-140-ty-16964727.html,alonhadat,20,140000000000,721,2026-06-07,,16964727,,
"BÁN NHÀ RẺ NHẤT P BẾN THÀNH (3 MẶT THOÁNG) - HXH 150 NGUYỄN TRÃI Q1, DT 100M2 3 TẦNG, TMAY","26,2 tỷ",100 m²,"Đường Nguyễn Trãi, Phường Bến Thành, Hồ Chí Minh",Quận 1,Phường Bến Thành,Nhà ở,ban,https://alonhadat.com.vn/ban-nha-re-nhat-p-ben-thanh-3-mat-thoang-hxh-150-nguyen-trai-q1-dt-100m2-3-tang-tmay-18422095.html,alonhadat,3,26200000000,100,2026-06-07,,18422095,,
"DUY NHẤT! LÔ GÓC 5 TẦNG KHU PHỐ NHẬT THÁI VĂN LUNG-GIÁ:20,5 TỶ-NGAY NHÀ HÁT THÀNH PHỐ!","20,5 tỷ",80 m²,"Đường Cao Bá Quát, Phường Sài Gòn, Hồ Chí Minh",Quận 1,Phường Bến Nghé,Nhà ở,ban,https://alonhadat.com.vn/can-ban-nha-goc-2mt-pho-nhat-thai-van-lung-p-ben-nghe-quan-1-7-2x12m-5-tang-gia-20-5-ty-18756926.html,alonhadat,15,20500000000,80,2026-06-07,,18756926,,
NHÀ MẶT TIỀN KẾT CẤU 6 TẦNG TRẦN HƯNG ĐẠO QUẬN 1-SẴN THANG MÁY-GIÁ CHỈ 49 TỶ CÒN BỚT,49 tỷ,70 m²,"Đường Trần Hưng Đạo, Phường Cầu Ông Lãnh, Hồ Chí Minh",Quận 1,Phường Cầu Kho,Nhà ở,ban,https://alonhadat.com.vn/nha-mat-tien-ket-cau-6-tang-tran-hung-dao-quan-1-san-thang-may-gia-chi-49-ty-con-bot-18756115.html,alonhadat,10,49000000000,70,2026-06-07,,18756115,,
Bán MT Bùi Viện P.PHL Q.1 - DT:12Mx17M - 5 lầu - HĐT 460tr/th - 105 tỷ,105 tỷ,204 m²,"Đường Bùi Viện, Phường Bến Thành, Hồ Chí Minh",Quận 1,Phường Phạm Ngũ Lão,Nhà ở,ban,https://alonhadat.com.vn/ban-mt-bui-vien-p-phl-q-1-dt-12mx17m-5-lau-hdt-460tr-th-105-ty-15228890.html,alonhadat,4,105000000000,204,2026-06-07,,15228890,,
Bán MT Nguyễn Thái Bình P.PNL Q.1-DT: 12Mx19M. Cn 208m2-Hầm 12 tầng - HĐT 960tr/th - 185tỷ,185 tỷ,228 m²,"Đường Nguyễn Thái Bình, Phường Bến Thành, Hồ Chí Minh",Quận 1,Phường Phạm Ngũ Lão,Nhà ở,ban,https://alonhadat.com.vn/ban-mt-nguyen-thai-binh-p-pnl-q-1-dt-12mx19m-cn-208m2-ham-12-tang-hdt-960tr-th-185ty-15228972.html,alonhadat,12,185000000000,228,2026-06-07,,15228972,,
"Bán nhà MT Lý Tự Trọng, P. Bến Thành, Quận 1 - DT: 14mx33m - Giá bán 270 tỷ",270 tỷ,462 m²,"Đường Lý Tự Trọng, Phường Bến Thành, Hồ Chí Minh",Quận 1,Phường Bến Thành,Nhà ở,ban,https://alonhadat.com.vn/ban-nha-mt-ly-tu-trong-p-ben-thanh-quan-1-dt-14mx33m-gia-ban-270-ty-14153086.html,alonhadat,1,270000000000,462,2026-06-07,,14153086,,
"Bán MT Mạc Đỉnh Chi P.Đakao Q.1-12,4Mx20M. CN 237,8M2 - Trệt, lửng, 3 lầu - HĐT 330t-98 tỷ",98 tỷ,238 m²,"Đường Mạc Đĩnh Chi, Phường Tân Định, Hồ Chí Minh",Quận 1,Phường Đa Kao,Nhà ở,ban,https://alonhadat.com.vn/ban-mt-mac-dinh-chi-p-dakao-q-1-12-4mx20m-cn-237-8m2-tret-lung-3-lau-hdt-330t-98-ty-15228811.html,alonhadat,5,98000000000,238,2026-06-07,,15228811,,
BÁN NHÀ MẶT TIỀN QUẬN 1 TRẦN HƯNG ĐẠO –4X18M - 6 TẦNG - GIÁ : 49 TỶ,49 tỷ,70 m²,"Đường Trần Hưng Đạo, Phường Cầu Ông Lãnh, Hồ Chí Minh",Quận 1,Phường Cầu Kho,Nhà ở,ban,https://alonhadat.com.vn/ban-nha-mat-tien-quan-1-tran-hung-dao-4x18m-6-tang-gia-49-ty-18753938.html,alonhadat,10,49000000000,70,2026-06-07,,18753938,,
"Góc 2 Mặt Tiền Trần Hưng Đạo Quận 1, DT: 4,2x20m-DTCN: 78m2-3 Tầng-HĐT: 80tr/th Giá 59 tỷ",59 tỷ,78 m²,"Đường Trần Hưng Đạo, Phường Bến Thành, Hồ Chí Minh",Quận 1,Phường Phạm Ngũ Lão,Nhà ở,ban,https://alonhadat.com.vn/goc-2-mat-tien-tran-hung-dao-quan-1-dt-4-2x20m-dtcn-78m2-3-tang-hdt-80tr-th-gia-59-ty-18755495.html,alonhadat,3,59000000000,78,2026-06-07,,18755495,,
"Nhà 2 Mặt Tiền Trương Định P.Bến Thành Quận 1, DT: 4x15m-4 tầng-HĐT 100tr/th Giá 39 tỷ",39 tỷ,50 m²,"Đường Trương Định, Phường Bến Thành, Hồ Chí Minh",Quận 1,Phường Bến Thành,Nhà ở,ban,https://alonhadat.com.vn/nha-2-mat-tien-truong-dinh-p-ben-thanh-quan-1-dt-4x15m-4-tang-hdt-100tr-th-gia-39-ty-18755483.html,alonhadat,4,39000000000,50,2026-06-07,,18755483,,
Bán Nhà Bình Thạnh - Phan Văn Hân - Ngay Thị Nghè - Giáp Quận 1 - 2 tầng - 42m2 - ở ngay,"7,5 tỷ",42 m²,"Đường Phan Văn Hân, Phường Gia Định, Hồ Chí Minh",Quận 1,Phường 17,Nhà ở,ban,https://alonhadat.com.vn/ban-nha-binh-thanh-phan-van-han-ngay-thi-nghe-giap-quan-1-2-tang-42m2-o-ngay-18756989.html,alonhadat,3,7500000000,42,2026-06-07,,18756989,,
"Chỉ 4.4 tỷ, hiếm nhà Q1, Nguyễn Bỉnh Khiêm 2 tầng, 30m2, ở hoặc cho thuê dòng tiền cao","4,4 tỷ",28 m²,"Đường Nguyễn Bỉnh Khiêm, Phường Tân Định, Hồ Chí Minh",Quận 1,Phường Đa Kao,Nhà ở,ban,https://alonhadat.com.vn/chi-4-4-ty-hiem-nha-q1-nguyen-binh-khiem-2-tang-30m2-o-hoac-cho-thue-dong-tien-cao-18442253.html,alonhadat,2,4400000000,28,2026-06-07,,18442253,,
"🔥 BÁN GẤP NHÀ TRUNG TÂM Q1. NGAY SAU BỘ CA. 4TẦNG 46M². 11,4 TỶ. TL.","11,4 tỷ",46 m²,"Đường Nguyễn Cảnh Chân, Phường Cầu Ông Lãnh, Hồ Chí Minh",Quận 1,Phường Nguyễn Cư Trinh,Nhà ở,ban,https://alonhadat.com.vn/-ban-gap-nha-trung-tam-q1-ngay-sau-bo-ca-4tang-46m-11-4-ty-tl--18709483.html,alonhadat,4,11400000000,46,2026-06-07,,18709483,,
"BÁN NHÀ MẶT TIỀN GIẢM MẠNH 5 TỶ ĐINH TIÊN HOÀNG, QUẬN 1- 4x18M - 2 TẦNG - GIÁ : 25 TỶ",25 tỷ,60 m²,"Đường Đinh Tiên Hoàng, Phường Tân Định, Hồ Chí Minh",Quận 1,Phường Đa Kao,Nhà ở,ban,https://alonhadat.com.vn/ban-nha-mat-tien-giam-manh-5-ty-dinh-tien-hoang-quan-1-4x18m-2-tang-gia-25-ty-18743898.html,alonhadat,3,25000000000,60,2026-06-07,,18743898,,
"Nhà 2 mặt tiền Tôn Thất Tùng (Q1), 4x24m, hầm 9 tầng, giá 55 tỷ",55 tỷ,93 m²,"Đường Tôn Thất Tùng, Phường Bến Thành, Hồ Chí Minh",Quận 1,Phường Bến Thành,Nhà ở,ban,https://alonhadat.com.vn/nha-2-mat-tien-ton-that-tung-q1-4x24m-ham-9-lau-gia-68-ty-16329323.html,alonhadat,12,55000000000,93,2026-06-07,,16329323,,
"Mặt tiền khu Trần Quang Khải (Q1), 4x37m, giá 42 tỷ",42 tỷ,146 m²,"Đường Trần Quang Khải, Phường Tân Định, Hồ Chí Minh",Quận 1,Phường Đa Kao,Nhà ở,ban,https://alonhadat.com.vn/mat-tien-khu-tran-quang-khai-q1-4x37m-gia-42-ty-18385212.html,alonhadat,1,42000000000,146,2026-06-07,,18385212,,
Bình Thạnh - giáp Quận 1 - 60m2 - 2 Tầng - 4PN - full nội thất - Chỉ 6.55 Tỷ,"6,55 tỷ",60 m²,"Đường Phan Văn Hân, Phường Gia Định, Hồ Chí Minh",Quận 1,Phường 17,Nhà ở,ban,https://alonhadat.com.vn/binh-thanh-giap-quan-1-60m2-2-tang-4pn-full-noi-that-chi-6-55-ty-18758185.html,alonhadat,4,6550000000,60,2026-06-07,,18758185,,
"TT QUẬN 1 – NHÀ 4 TẦNG BTCT – NGANG 6M HIẾM – HẺM XE HƠI – GẦN CHỢ BẾN THÀNH, GIÁ TỐT","13,8 tỷ",50 m²,"Đường Nguyễn Cảnh Chân, Phường Cầu Ông Lãnh, Hồ Chí Minh",Quận 1,Phường Cầu Ông Lãnh,Nhà ở,ban,https://alonhadat.com.vn/tt-quan-1-nha-4-tang-btct-ngang-6m-hiem-hem-xe-hoi-gan-cho-ben-thanh-gia-tot-18758110.html,alonhadat,3,13800000000,50,2026-06-07,,18758110,,
"👉 Bán nhà cực hiếm, đường Trần Đình Xu Quận 1 . 4 tầng, không bị quy hoạch. chỉ 6.68 tỷ","6,68 tỷ / m²",33 m²,"Đường Trần Bình Trọng, Phường Cầu Ông Lãnh, Hồ Chí Minh",Quận 1,Phường Cầu Kho,Nhà ở,ban,https://alonhadat.com.vn/-ban-nha-cuc-hiem-duong-tran-dinh-xu-quan-1-4-tang-khong-bi-quy-hoach-chi-6-68-ty-18758298.html,alonhadat,2,220440000000,33,2026-06-07,,18758298,,
toà nhà 87B BÙI THỊ XUÂN- Q1 - 7 tầng lầu,78 tỷ,188 m²,"Đường Bùi Thị Xuân, Phường Bến Thành, Hồ Chí Minh",Quận 1,Phường Bến Thành,Nhà ở,ban,https://alonhadat.com.vn/toa-nha-87b-bui-thi-xuan-q1-7-tang-lau-18414709.html,alonhadat,12,78000000000,188,2026-06-07,,18414709,,
"Khan hiếm bán nhà Mặt tiền Nguyễn Thái Học, Q.1 - DT:4x20m - 2 Tầng - HĐT: 80trđ- Giá 30tỷ",30 tỷ,80 m²,"Đường Nguyễn Thái Học, Phường Bến Thành, Hồ Chí Minh",Quận 1,Phường Bến Thành,Nhà ở,ban,https://alonhadat.com.vn/khan-hiem-ban-nha-mat-tien-nguyen-thai-hoc-q-1-dt-4x20m-2-tang-hdt-80trd-gia-30ty-18758207.html,alonhadat,5,30000000000,80,2026-06-07,,18758207,,
"Bán Toà CHDV Góc 2 Mặt tiền Mạc Đĩnh Chi, Quận 1 - 8,2x15m - TN 2,4 tỷ/năm - 36 Tỷ",36 tỷ,123 m²,"Đường Mạc Đĩnh Chi, Phường Tân Định, Hồ Chí Minh",Quận 1,Phường Đa Kao,Nhà ở,ban,https://alonhadat.com.vn/ban-toa-chdv-goc-2-mat-tien-mac-dinh-chi-quan-1-8-2x15m-tn-2-4-ty-nam-36-ty-18758158.html,alonhadat,36,36000000000,123,2026-06-07,,18758158,,
"SIÊU HIẾM! GIẢM 53 TỶ NHÀ MẶT TIỀN BÙI THỊ XUÂN NGANG 6,2M HẦM + 7 TẦNG GẦN 1000M2 SXD","71,5 tỷ",127 m²,"Đường Bùi Thị Xuân, Phường Bến Thành, Hồ Chí Minh",Quận 1,Phường Phạm Ngũ Lão,Nhà ở,ban,https://alonhadat.com.vn/sieu-hiem-giam-53-ty-nha-mat-tien-bui-thi-xuan-ngang-6-2m-ham-7-tang-gan-1000m2-sxd-17824550.html,alonhadat,7,71500000000,127,2026-06-07,,17824550,,
Phố Đi Bộ Nguyễn Huệ - Đường Hồ Tùng Mậu - Quận 1 - HĐT 150 tr/th - 65 Tỷ,65 tỷ,68 m²,"Đường Hồ Tùng Mậu, Phường Sài Gòn, Hồ Chí Minh",Quận 1,Phường Bến Nghé,Nhà ở,ban,https://alonhadat.com.vn/pho-di-bo-nguyen-hue-duong-ho-tung-mau-quan-1-hdt-150-tr-th-65-ty-18758149.html,alonhadat,4,65000000000,68,2026-06-07,,18758149,,
"Siêu phẩm góc 2 mặt tiền Lê Thánh Tôn, Quận 1 (8 x 15M) - HĐ thuê 180 tr/th - 60 Tỷ",60 tỷ,120 m²,"Đường Lê Thánh Tôn, Phường Sài Gòn, Hồ Chí Minh",Quận 1,Phường Bến Nghé,Nhà ở,ban,https://alonhadat.com.vn/sieu-pham-goc-2-mat-tien-le-thanh-ton-quan-1-8-x-15m-hd-thue-180-tr-th-60-ty-18758138.html,alonhadat,8,60000000000,120,2026-06-07,,18758138,,
Bán toà nhà góc 2 mặt tiền Nguyễn Trãi - 20x35m - hầm 14 lầu TN 32.4 tỷ/năm - giá bán: 380,350 tỷ,700 m²,"Đường Nguyễn Trãi, Phường Bến Thành, Hồ Chí Minh",Quận 1,Phường Phạm Ngũ Lão,Nhà ở,ban,https://alonhadat.com.vn/ban-toa-nha-goc-2-mat-tien-nguyen-trai-20x35m-ham-14-lau-tn-32-4-ty-nam-gia-ban-380-18297332.html,alonhadat,14,350000000000,700,2026-06-07,,18297332,,
"HOT Nhà Mặt Tiền Nguyễn Công Trứ P.NTB Q1, DT: 4x25m, 6 Tầng, HĐT:150tr, Giá:60Tỷ",60 tỷ,100 m²,"Đường Nguyễn Công Trứ, Phường Sài Gòn, Hồ Chí Minh",Quận 1,Phường Nguyễn Thái Bình,Nhà ở,ban,https://alonhadat.com.vn/hot-nha-mat-tien-nguyen-cong-tru-p-ntb-q1-dt-4x25m-6-tang-hdt-150tr-gia-68ty-15592544.html,alonhadat,8,60000000000,100,2026-06-07,,15592544,,
Tòa nhà góc 3MT - Phố Tài Chính | Số 3-5 Pasteur | 8x19m | Hầm 10 Tầng | HĐT: 18.000$/th |,250 tỷ,154 m²,"Đường Pasteur, Phường Sài Gòn, Hồ Chí Minh",Quận 1,Phường Nguyễn Thái Bình,Nhà ở,ban,https://alonhadat.com.vn/toa-nha-goc-3mt-pho-tai-chinh-so-3-5-pasteur-8x19m-ham-10-tang-hdt-18-000-th--18171733.html,alonhadat,11,250000000000,154,2026-06-07,,18171733,,
Bán nhà góc 2 mặt tiền ngay Trần Hưng Đạo | DT: 13x60m | CN: 705m2 | Giá bán: 350 tỷ |,350 tỷ,705 m²,"Đường Trần Hưng Đạo, Phường Cầu Ông Lãnh, Hồ Chí Minh",Quận 1,Phường Cô Giang,Nhà ở,ban,https://alonhadat.com.vn/ban-nha-goc-2-mat-tien-ngay-tran-hung-dao-dt-13x60m-cn-705m2-gia-ban-320-ty-tl--18142252.html,alonhadat,12,350000000000,705,2026-06-07,,18142252,,
TRẦN ĐÌNH XU QUẬN 1 - GẦN BỘ CÔNG AN - DT 56M2 4 TẦNG - HẺM Ô TÔ 5M CÁCH MT 30M - THUÊ TR,"14,7 tỷ",56 m²,"Đường Trần Đình Xu, Phường Cầu Ông Lãnh, Hồ Chí Minh",Quận 1,Phường Nguyễn Cư Trinh,Nhà ở,ban,https://alonhadat.com.vn/tran-dinh-xu-quan-1-gan-bo-cong-an-dt-56m2-4-tang-hem-o-to-5m-cach-mt-30m-thue-tr-18669025.html,alonhadat,4,14700000000,56,2026-06-07,,18669025,,
"Bán khách Sạn - 20 Phòng - Bùi Viện, P. Phạm Ngũ Lão, Quận 1 - Dt(8mx13 - 5 tầng ) 40 Tỷ",40 tỷ,85 m²,"Đường Bùi Viện, Phường Bến Thành, Hồ Chí Minh",Quận 1,Phường Phạm Ngũ Lão,Nhà ở,ban,https://alonhadat.com.vn/ban-khach-san-20-phong-bui-vien-p-pham-ngu-lao-quan-1-dt-8mx13-5-tang-40-ty-18753808.html,alonhadat,20,40000000000,85,2026-06-07,,18753808,,
"🏢 Bán nhà góc 2 mặt tiền Trần Đình Xu, p. Cầu Ông Lãnh, Q.1, 12mx18m",125 tỷ,182 m²,"Đường Trần Đình Xu, Phường Cầu Ông Lãnh, Hồ Chí Minh",Quận 1,Phường Cầu Kho,Nhà ở,ban,https://alonhadat.com.vn/-ban-nha-goc-2-mat-tien-tran-dinh-xu-p-cau-ong-lanh-q-1-12mx18m-18757523.html,alonhadat,5,125000000000,182,2026-06-07,,18757523,,
[SIÊU PHẨM BUILDING Q1 - NGANG 10M] Trần Đình Xu - 220m2 - Hầm 5 Tầng - 1.100m2 Sàn - 62TỶ,62 tỷ,220 m²,"Đường Trần Đình Xu, Phường Cầu Ông Lãnh, Hồ Chí Minh",Quận 1,Phường Cầu Kho,Nhà ở,ban,https://alonhadat.com.vn/-sieu-pham-building-q1-ngang-10m-tran-dinh-xu-220m2-ham-5-tang-1-100m2-san-62ty-18402600.html,alonhadat,15,62000000000,220,2026-06-07,,18402600,,
"[MẶT TIỀN NGÔ TẤT TỐ - GIÁ HẠ SỐC 4.5 TỶ] 64m² - HĐT 21Tr/Tháng - Sát Quận 1 - Giá 16,5 TỶ","16,5 tỷ",64 m²,"Đường Ngô Tất Tố, Phường Thạnh Mỹ Tây, Hồ Chí Minh",Quận 1,Phường 19,Nhà ở,ban,https://alonhadat.com.vn/-mat-tien-ngo-tat-to-gia-ha-soc-4-5-ty-64m-hdt-21tr-thang-sat-quan-1-gia-16-5-ty-18449380.html,alonhadat,2,16500000000,64,2026-06-07,,18449380,,
"🏢 Bán nhà mặt tiền Đặng Dung, p. Tân Định, Q.1",37 tỷ,94 m²,"Đường Đặng Dung, Phường Tân Định, Hồ Chí Minh",Quận 1,Phường Tân Định,Nhà ở,ban,https://alonhadat.com.vn/-ban-nha-mat-tien-dang-dung-p-tan-dinh-q-1-18757509.html,alonhadat,3,37000000000,94,2026-06-07,,18757509,,
"Bán tòa nhà 8 tầng HXH tránh gần chợ Bến Thành, Quận 1 (12x20m), 67 tỷ",67 tỷ,240 m²,"Đường Trần Hưng Đạo, Phường Cầu Ông Lãnh, Hồ Chí Minh",Quận 1,Phường Cầu Ông Lãnh,Nhà ở,ban,https://alonhadat.com.vn/ban-toa-nha-8-tang-hxh-tranh-gan-cho-ben-thanh-quan-1-12x20m-67-ty-18446742.html,alonhadat,8,67000000000,240,2026-06-07,,18446742,,
BÁN GẤP NHÀ MT TRẦN KHẮC CHÂN PHƯỜNGTÂN ĐỊNH QUẬN 1 GIÁ 73TỶ,73 tỷ,188 m²,"Đường Trần Khắc Chân, Phường Tân Định, Hồ Chí Minh",Quận 1,Phường Tân Định,Nhà ở,ban,https://alonhadat.com.vn/ban-gap-nha-mt-tran-khac-chan-phuongtan-dinh-quan-1-gia-73ty-18757431.html,alonhadat,3,73000000000,188,2026-06-07,,18757431,,
"Bán tòa nhà MT Tôn Đức Thắng, Quận 1 - DT 8x20m - hầm - 9 tầng - HĐT 600 triệu",190 tỷ,160 m²,"Đường Tôn Đức Thắng, Phường Sài Gòn, Hồ Chí Minh",Quận 1,Phường Bến Nghé,Nhà ở,ban,https://alonhadat.com.vn/ban-toa-nha-mt-ton-duc-thang-quan-1-dt-8x20m-ham-9-tang-hdt-600-trieu-16201968.html,alonhadat,20,190000000000,160,2026-06-07,,16201968,,
"Bán nhà đường Nguyễn Du, Quận 1, dt: 9x25m 5 tầng thang máy giá 135 tỷ thương lượng",135 tỷ,220 m²,"Đường Nguyễn Du, Phường Bến Thành, Hồ Chí Minh",Quận 1,Phường Bến Thành,Nhà ở,ban,https://alonhadat.com.vn/ban-nha-duong-nguyen-du-quan-1-dt-9x25m-5-tang-thang-may-gia-135-ty-thuong-luong-18492657.html,alonhadat,20,135000000000,220,2026-06-07,,18492657,,
"Bán nhà mặt tiền 75 Trương Định, p. Bến Thành, Quận 1 - CN 113,5m2. Cách chợ Bến Thành 100",75 tỷ,114 m²,"Đường Trương Định, Phường Bến Thành, Hồ Chí Minh",Quận 1,Phường Bến Thành,Nhà ở,ban,https://alonhadat.com.vn/ban-nha-mat-tien-75-truong-dinh-p-ben-thanh-quan-1-cn-113-5m2-cach-cho-ben-thanh-100-18733569.html,alonhadat,12,75000000000,114,2026-06-07,,18733569,,
"khu bán đồ cổ Lê Công Kiều, phường Bến Thành",84 tỷ,63 m²,"Đường Lê Công Kiều, Phường Bến Thành, Hồ Chí Minh",Quận 1,Phường Bến Thành,Nhà ở,ban,https://alonhadat.com.vn/khu-ban-do-co-le-cong-kieu-phuong-ben-thanh-18757410.html,alonhadat,5,84000000000,63,2026-06-07,,18757410,,
bán nhà góc 2 mặt hẻm xe 7 chỗ trần đình xu,28 tỷ,100 m²,"Đường Trần Đình Xu, Phường Cầu Ông Lãnh, Hồ Chí Minh",Quận 1,Phường Cầu Ông Lãnh,Nhà ở,ban,https://alonhadat.com.vn/ban-nha-goc-2-mat-hem-xe-7-cho-tran-dinh-xu-18756992.html,alonhadat,4,28000000000,100,2026-06-07,,18756992,,
"Bán nhà hẻm xe hơi Trần Đình Xu, P. Cầu Kho, Q.1",48 tỷ,166 m²,"Đường Trần Đình Xu, Phường Cầu Ông Lãnh, Hồ Chí Minh",Quận 1,Phường Cầu Kho,Nhà ở,ban,https://alonhadat.com.vn/ban-nha-hem-xe-hoi-tran-dinh-xu-p-cau-kho-q-1-18757366.html,alonhadat,8,48000000000,166,2026-06-07,,18757366,,
"Bán Gấp Nhà 2 mặt tiền Hẻm 8m Phố Nhật PHẠM VIẾT CHÁNH - Giáp Quận 1, 13x39m, Chỉ 62 Tỷ",62 tỷ,480 m²,"Đường Phạm Viết Chánh, Phường Thạnh Mỹ Tây, Hồ Chí Minh",Quận 1,Phường 19,Nhà ở,ban,https://alonhadat.com.vn/ban-nha-2-mat-tien-hem-8m-pho-nhat-pham-viet-chanh-14-5x20m-no-hau-30m-gia-62-ty-16112839.html,alonhadat,4,62000000000,480,2026-06-07,,16112839,,
"Bán Nhà Ngang 15M mặt tiền PHAN ĐÌNH PHÙNG,PHÚ NHUẬN, Cách Q1 chỉ 150m, 15x29m, Chỉ 115 Tỷ",115 tỷ,425 m²,"Đường Phan Đình Phùng, Phường Cầu Kiệu, Hồ Chí Minh",Quận 1,Phường Cầu Kiệu,Nhà ở,ban,https://alonhadat.com.vn/ban-nha-ngang-15m-mat-tien-duong-phan-dinh-phung-phu-nhuan-cach-q1-chi-150m-chi-116-ty-18332575.html,alonhadat,6,115000000000,425,2026-06-07,,18332575,,
"Nhà 5 Lầu Góc 2MT Điện Biên Phủ - Huỳnh Khương Ninh, Q1, 6.3x25m, HĐT 100 triệu,Chỉ 65 Tỷ",65 tỷ,157 m²,"Đường Điện Biên Phủ, Phường Tân Định, Hồ Chí Minh",Quận 1,Phường Đa Kao,Nhà ở,ban,https://alonhadat.com.vn/nha-5-lau-goc-2mt-dien-bien-phu-huynh-khuong-ninh-q1-6-3x25m-hdt-100-trieu-chi-65-ty-17749022.html,alonhadat,6,65000000000,157,2026-06-07,,17749022,,
"🏢 Bán nhà mặt tiền Trương Định, p. Bến Thành, Q.1 * DT công nhận: 113,5m² (4,2x27m)",75 tỷ,114 m²,"Đường Trương Định, Phường Bến Thành, Hồ Chí Minh",Quận 1,Phường Bến Thành,Nhà ở,ban,https://alonhadat.com.vn/-ban-nha-mat-tien-truong-dinh-p-ben-thanh-q-1-dt-cong-nhan-113-5m-4-2x27m--18757308.html,alonhadat,6,75000000000,114,2026-06-07,,18757308,,
"Mặt Tiền Phố Bùi Thị Xuân,Phường Bến Thành, Ngang 4 x 24m, 4 lầu, bán nhanh chỉ 6x tỷ",68 tỷ,95 m²,"Đường Bùi Thị Xuân, Phường Bến Thành, Hồ Chí Minh",Quận 1,Phường Bến Thành,Nhà ở,ban,https://alonhadat.com.vn/mat-tien-pho-bui-thi-xuan-phuong-ben-thanh-ngang-4-x-24m-4-lau-ban-nhanh-chi-6x-ty-18744543.html,alonhadat,5,68000000000,95,2026-06-07,,18744543,,
"Mặt Tiền Trần Quang Khải, Tân Định, Ngang 5 x 20m, 3 Lầu, HĐ thuê 92tr/th - chỉ 4x tỷ",49 tỷ,101 m²,"Đường Trần Quang Khải, Phường Tân Định, Hồ Chí Minh",Quận 1,Phường Tân Định,Nhà ở,ban,https://alonhadat.com.vn/mat-tien-tran-quang-khai-tan-dinh-ngang-5-x-20m-3-lau-hd-thue-92tr-th-chi-4x-ty-18751564.html,alonhadat,6,49000000000,101,2026-06-07,,18751564,,
Mặt tiền Bùi Thị Xuân P. Bến Thành Q1 6x25 1 hầm 7 lầu HĐ thuê 230tr/tháng giá 70 tỷ,70 tỷ,850 m²,"Đường Bùi Thị Xuân, Phường Bến Thành, Hồ Chí Minh",Quận 1,Phường Bến Thành,Nhà ở,ban,https://alonhadat.com.vn/mat-tien-bui-thi-xuan-p-ben-thanh-q1-6x25-1-ham-7-lau-hd-thue-230tr-thang-gia-70-ty-16157023.html,alonhadat,20,70000000000,850,2026-06-07,,16157023,,
"Siêu phẩm hiếm nhà bán MT đường ngay Nguyễn Huệ, P.Bến Nghé, Q.1 (8.3x23m) 270 tỷ",270 tỷ,186 m²,"Đường Nguyễn Huệ, Phường Sài Gòn, Hồ Chí Minh",Quận 1,Phường Bến Nghé,Nhà ở,ban,https://alonhadat.com.vn/sieu-pham-hiem-nha-ban-mt-duong-ngay-nguyen-hue-p-ben-nghe-q-1-8-3x23m-270-ty-14630994.html,alonhadat,3,270000000000,186,2026-06-07,,14630994,,
"Bán nhà 4 tầng CMT8,p.Bến Thành, Quận 1- 8x15m- sẵn dòng tiền 200 triệu/tháng- 110 Tỷ TL",110 tỷ,103 m²,"Đường Cách Mạng Tháng Tám, Phường Bến Thành, Hồ Chí Minh",Quận 1,Phường Bến Thành,Nhà ở,ban,https://alonhadat.com.vn/ban-nha-4-tang-cmt8-p-ben-thanh-quan-1-8x15m-san-dong-tien-200-trieu-thang-110-ty-tl-18757175.html,alonhadat,3,110000000000,103,2026-06-07,,18757175,,
"BÁN NHÀ HẺM 24 NGUYỄN VĂN CỪ 3X13 CÁCH MẶT TIỀN CHỈ 30M NGAY VÕ VĂN KIỆT 5,3TỶ HH1%","5,3 tỷ",36 m²,"Đường Nguyễn Văn Cừ, Phường Cầu Ông Lãnh, Hồ Chí Minh",Quận 1,Phường Cầu Kho,Nhà ở,ban,https://alonhadat.com.vn/ban-nha-hem-24-nguyen-van-cu-3x13-cach-mat-tien-chi-30m-ngay-vo-van-kiet-chi-5-9ty-18441842.html,alonhadat,2,5300000000,36,2026-06-07,,18441842,,
NHANH MỚI KỊP - 4.3 TỶ GIẢM CHÀO 100TR CÒN 4.2 TỶ - DT5×18 NHÀ MỚI 2 TẦNG - NGAY TÔ KÝ Q1,"4,2 tỷ",91 m²,"Đường Tô Ký, Phường Trung Mỹ Tây, Hồ Chí Minh",Quận 1,Phường Tân Chánh Hiệp,Nhà ở,ban,https://alonhadat.com.vn/nhanh-moi-kip-4-3-ty-giam-chao-100tr-con-4-2-ty-dt5-18-nha-moi-2-tang-ngay-to-ky-q1-18756968.html,alonhadat,5,4200000000,91,2026-06-07,,18756968,,
Bán toà nhà MT Nguyễn Hữu Cầu- 12x19m- Hầm 8 Tầng + Thang máy- HĐT 500tr- 340 Tỷ Tl,340 tỷ,265 m²,"Đường Nguyễn Hữu Cầu, Phường Tân Định, Hồ Chí Minh",Quận 1,Phường Tân Định,Nhà ở,ban,https://alonhadat.com.vn/ban-toa-nha-mt-nguyen-huu-cau-12x19m-ham-8-tang-thang-may-hdt-500tr-340-ty-tl-18756802.html,alonhadat,9,340000000000,265,2026-06-07,,18756802,,
"RẺ NHẤT KHU VỰC! CHỦ CẦN BÁN NHÀ NGUYỄN CƯ TRINH P.BẾN THÀNH QUẬN 1.DT:5,3x12m GÍA 37 TỶ",37 tỷ,56 m²,"Đường Nguyễn Cư Trinh, Phường Bến Thành, Hồ Chí Minh",Quận 1,Phường Bến Thành,Nhà ở,ban,https://alonhadat.com.vn/re-nhat-khu-vuc-chu-can-ban-nha-nguyen-cu-trinh-p-ben-thanh-quan-1-dt-5-3x12m-gia-37-ty-18756799.html,alonhadat,1,37000000000,56,2026-06-07,,18756799,,
"Bán Toà Nhà 2 Hầm 9 Lầu mặt tiền Nguyễn Bỉnh Khiêm, Q1, 13x30m,Thuê 700tr/tháng,Chỉ 400 Tỷ",400 tỷ,390 m²,"Đường Nguyễn Bỉnh Khiêm, Phường Tân Định, Hồ Chí Minh",Quận 1,Phường Đa Kao,Nhà ở,ban,https://alonhadat.com.vn/ban-toa-nha-2-ham-9-lau-mat-tien-nguyen-binh-khiem-q1-13x30m-thue-700tr-thang-chi-400-ty-18031344.html,alonhadat,9,400000000000,390,2026-06-07,,18031344,,
Cần bán nhanh nhà trung tâm đường Võ Thị Sáu-Quận1-DT 6.5x18m-4tầng- KT 120tr/thg-Chỉ 28ty,28 tỷ,117 m²,"Đường Võ Thị Sáu, Phường Bến Thành, Hồ Chí Minh",Quận 1,Phường Phạm Ngũ Lão,Nhà ở,ban,https://alonhadat.com.vn/can-ban-nhanh-nha-trung-tam-duong-vo-thi-sau-quan1-dt-6-5x18m-4tang-kt-120tr-thg-chi-28ty-18412480.html,alonhadat,6,28000000000,117,2026-06-07,,18412480,,
"Siêu vị trí cực kỳ đắc địa . Mặt tiền ngay vòng xoay Phù Đổng Phường Bến Thành, Quận 1","36,5 tỷ",80 m²,"Đường Cách Mạng Tháng Tám, Phường Bến Thành, Hồ Chí Minh",Quận 1,Phường Bến Thành,Đất,ban,https://alonhadat.com.vn/sieu-vi-tri-cuc-ky-dac-dia-mat-tien-ngay-vong-xoay-phu-dong-phuong-ben-thanh-quan-1-18268213.html,alonhadat,12,36500000000,80,2026-06-07,,18268213,,
"Bán căn góc 2 mặt tiền Nguyễn Thị Minh Khai, Quận 1, dt: 20x35m 2 tầng 399 tỷ",399 tỷ,700 m²,"Đường Nguyễn Thị Minh Khai, Phường Sài Gòn, Hồ Chí Minh",Quận 1,Phường Sài Gòn,Đất,ban,https://alonhadat.com.vn/ban-can-goc-2-mat-tien-nguyen-thi-minh-khai-quan-1-dt-20x35m-2-tang-399-ty-18462469.html,alonhadat,20,399000000000,700,2026-06-07,,18462469,,
"Bán khách sạn A25 ngay MT Bùi Thị Xuân, Q1. DT: 6 x 28m, hầm 9 tầng 25 phòng, Chỉ 65 tỷ",65 tỷ,120 m²,"Đường Bùi Thị Xuân, Phường Bến Thành, Hồ Chí Minh",Quận 1,Phường Phạm Ngũ Lão,Đất,ban,https://alonhadat.com.vn/ban-khach-san-a25-ngay-mt-bui-thi-xuan-q1-dt-6-x-28m-ham-9-tang-25-phong-chi-65-ty-16213032.html,alonhadat,25,65000000000,120,2026-06-07,,16213032,,
"Mặt tiền Nguyễn Hữu Cầu, Quận 1 - NH 9 x 25m - CTXD: Hầm 8 Tầng - 105 Tỷ hạ về 90 Tỷ",90 tỷ,225 m²,"Đường Nguyễn Hữu Cầu, Phường Tân Định, Hồ Chí Minh",Quận 1,Phường Tân Định,Đất,ban,https://alonhadat.com.vn/mat-tien-nguyen-huu-cau-quan-1-nh-9-x-25m-ctxd-ham-8-tang-105-ty-ha-ve-90-ty-18759019.html,alonhadat,18,90000000000,225,2026-06-07,,18759019,,
"*Siêu phẩm góc vàng Lê Duẩn – Nguyễn Du, phường Bến Nghé, Quận 1",399 tỷ,329 m²,"Đường Lê Duẩn, Phường Sài Gòn, Hồ Chí Minh",Quận 1,Phường Sài Gòn,Đất,ban,https://alonhadat.com.vn/-sieu-pham-goc-vang-le-duan-nguyen-du-phuong-ben-nghe-quan-1-18755857.html,alonhadat,1,399000000000,329,2026-06-07,,18755857,,
"KS LÝ TỰ TRỌNG Q1 (6,9 X 21M) HẦM 5 LẦU 26P THU NHẬP 600TR GIÁ BÁN 55 TỶ",55 tỷ,117 m²,"Đường Lý Tự Trọng, Phường Bến Thành, Hồ Chí Minh",Quận 1,Phường Bến Thành,Đất,ban,https://alonhadat.com.vn/ks-ly-tu-trong-q1-6-9-x-21m-ham-5-lau-26p-thu-nhap-600tr-gia-ban-55-ty-17425254.html,alonhadat,26,55000000000,117,2026-06-07,,17425254,,
"Bán Khách sạn quận 1 mặt tiền Lê Thánh Tôn, hầm 10 tầng, 500 triệu/tháng, 150 tỷ",150 tỷ,147 m²,"Đường Lê Thánh Tôn, Phường Bến Thành, Hồ Chí Minh",Quận 1,Phường Bến Thành,Đất,ban,https://alonhadat.com.vn/ban-khach-san-quan-1-mat-tien-le-thanh-ton-ham-10-tang-500-trieu-thang-150-ty-18758222.html,alonhadat,30,150000000000,147,2026-06-07,,18758222,,
"Siêu vị trí ngay vòng xoay Phù Đổng - Bán khách sạn 10 tầng, dòng tiền cao.",110 tỷ,125 m²,"Đường Nguyễn Trãi, Phường Bến Thành, Hồ Chí Minh",Quận 1,Phường Bến Thành,Đất,ban,https://alonhadat.com.vn/sieu-vi-tri-ngay-vong-xoay-phu-dong-ban-khach-san-10-tang-dong-tien-cao--18682585.html,alonhadat,32,110000000000,125,2026-06-07,,18682585,,
BÁN TÒA NHÀ MẶT TIỀN BÙI VIỆN-ĐANG CHO THUÊ 145 TRIỆU/THÁNG-GIÁ:52 TỶ-VỊ TRÍ ĐẸP NHẤT!,52 tỷ,350 m²,"Đường Bùi Viện, Phường Bến Thành, Hồ Chí Minh",Quận 1,Phường Bến Thành,Đất,ban,https://alonhadat.com.vn/ban-toa-nha-mat-tien-bui-vien-dang-cho-thue-145-trieu-thang-gia-52-ty-vi-tri-dep-nhat--18749777.html,alonhadat,12,52000000000,350,2026-06-07,,18749777,,
"***NHÀ 2 MẶT TIỀN P.N.LÃO-ĐỀ THÁM-4,1X24M-4 TẦNG-HỢP ĐỒNG THUÊ 5.000USA/THÁNG-GIÁ: 74 TỶ!",74 tỷ,300 m²,"Đường Đề Thám, Phường Bến Thành, Hồ Chí Minh",Quận 1,Phường Bến Thành,Đất,ban,https://alonhadat.com.vn/-nha-2-mat-tien-p-n-lao-de-tham-4-1x24m-4-tang-hop-dong-thue-5-000usa-thang-gia-74-ty--18749809.html,alonhadat,6,74000000000,300,2026-06-07,,18749809,,
"Bán nhà MT Trần Hưng Đạo ngay Pullman, vị trí vàng làm trụ sở VP",285 tỷ,431 m²,"Đường Trần Hưng Đạo, Phường Cầu Ông Lãnh, Hồ Chí Minh",Quận 1,Phường Cầu Ông Lãnh,Đất,ban,https://alonhadat.com.vn/ban-nha-mt-tran-hung-dao-ngay-pullman-vi-tri-vang-lam-tru-so-vp-18693415.html,alonhadat,4,285000000000,431,2026-06-07,,18693415,,
BÁN NHÀ MT.VIP NHẤT ĐƯỜNG.LÊ LAI.P.B THÀNH.Q1.DT: 8.2M X 21M NHÀ 4 LẦU GIÁ: 172 TỶ,172 tỷ,176 m²,"Đường Lê Lai, Phường Bến Thành, Hồ Chí Minh",Quận 1,Phường Bến Thành,Đất,ban,https://alonhadat.com.vn/ban-nha-mt-vip-nhat-duong-le-lai-p-b-thanh-q1-dt-8-2m-x-21m-nha-4-lau-gia-140-ty-14149675.html,alonhadat,8,172000000000,176,2026-06-07,,14149675,,
🔥 HÀNG HIẾM - CĂN GÓC HẺM XE HƠI THÔNG LÊ VĂN DUYỆT - CẦU BÔNG QUẬN 1 - Chỉ Hơn 5 tỷ,"5,65 tỷ",52 m²,"Đường Lê Văn Duyệt, Phường Gia Định, Hồ Chí Minh",Quận 1,Phường Gia Định,Đất,ban,https://alonhadat.com.vn/-hang-hiem-phan-xich-long-nha-4-tang-hem-xe-hoi-gan-60m-chi-nhinh-8-ty--18752408.html,alonhadat,3,5650000000,52,2026-06-07,,18752408,,
"Mặt Tiền Huỳnh Thúc Kháng P.Bến Nghé Quận 1, DT: 4,5x20m-6 tầng-HĐT 150tr/th Giá 79 tỷ",79 tỷ,81 m²,"Đường Huỳnh Thúc Kháng, Phường Sài Gòn, Hồ Chí Minh",Quận 1,Phường Bến Nghé,Đất,ban,https://alonhadat.com.vn/mat-tien-huynh-thuc-khang-p-ben-nghe-quan-1-dt-4-5x20m-6-tang-hdt-150tr-th-gia-79-ty-18755513.html,alonhadat,6,79000000000,81,2026-06-07,,18755513,,
"Siêu Phẩm Mặt Tiền 80 Lý Tự Trọng Quận 1, DT: 4x25m - 3 tầng - HĐT 100tr/th Giá 79 tỷ",79 tỷ,94 m²,"Đường Lý Tự Trọng, Phường Bến Thành, Hồ Chí Minh",Quận 1,Phường Bến Thành,Đất,ban,https://alonhadat.com.vn/sieu-pham-mat-tien-80-ly-tu-trong-quan-1-dt-4x25m-3-tang-hdt-100tr-th-gia-79-ty-18755470.html,alonhadat,3,79000000000,94,2026-06-07,,18755470,,
Bán Khách Sạn Khu Phố Tây Đường Phạm Ngũ Lão Quận 1.DT:8x12m.Giá 38 tỷ,38 tỷ,77 m²,"Đường Phạm Ngũ Lão, Phường Bến Thành, Hồ Chí Minh",Quận 1,Phường Phạm Ngũ Lão,Đất,ban,https://alonhadat.com.vn/ban-khach-san-khu-pho-tay-duong-pham-ngu-lao-quan-1-dt-8x12m-gia-38-ty-18758426.html,alonhadat,20,38000000000,77,2026-06-07,,18758426,,
"🔥 CƠ HỘI SỞ HỮU BẤT ĐỘNG SẢN HIẾM HÓT TRÊN TUYẾN ĐƯỜNG LÊ LAI – PHƯỜNG BẾN THÀNH, QUẬN 1",175 tỷ,167 m²,"Đường Lê Lai, Phường Bến Thành, Hồ Chí Minh",Quận 1,Phường Bến Thành,Đất,ban,https://alonhadat.com.vn/-co-hoi-so-huu-bat-dong-san-hiem-hot-tren-tuyen-duong-le-lai-phuong-ben-thanh-quan-1-18758277.html,alonhadat,1,175000000000,167,2026-06-07,,18758277,,
"Mặt tiền Đặng Thị Nhu, Phường Nguyễn Thái Bình - Bến Thành, Quận",40 tỷ,50 m²,"Đường Đặng Thị Nhu, Phường Sài Gòn, Hồ Chí Minh",Quận 1,Phường Nguyễn Thái Bình,Đất,ban,https://alonhadat.com.vn/mat-tien-dang-thi-nhu-phuong-nguyen-thai-binh-ben-thanh-quan-18758248.html,alonhadat,10,40000000000,50,2026-06-07,,18758248,,
Siêu phẩm MT Chợ Kim Hoàn - Nguyễn Hữu Cầu | 9 x 24m | CTXD: Hầm 8 Tầng |,95 tỷ,200 m²,"Đường Nguyễn Hữu Cầu, Phường Tân Định, Hồ Chí Minh",Quận 1,Phường Tân Định,Đất,ban,https://alonhadat.com.vn/sieu-pham-mt-cho-kim-hoan-nguyen-huu-cau-9-x-24m-ctxd-ham-8-tang--18171757.html,alonhadat,9,95000000000,200,2026-06-07,,18171757,,
Góc 2MT 24 Bùi Thị Xuân Q1 | 9x20m | Hầm 10 Tầng ( 40 phòng ) | HĐT: 480 triệu / tháng |,250 tỷ,180 m²,"Đường Bùi Thị Xuân, Phường Bến Thành, Hồ Chí Minh",Quận 1,Phường Bến Thành,Đất,ban,https://alonhadat.com.vn/goc-2mt-24-bui-thi-xuan-q1-9x20m-ham-10-tang-40-phong-hdt-480-trieu-thang--18169749.html,alonhadat,40,250000000000,180,2026-06-07,,18169749,,
SIÊU PHẨM 9 TẦNG THANG MÁY II MT NGUYỄN CÔNG TRỨ II DỰ KIẾN HDT 160 TRIỆU/THÁNG II 31 TỶ,31 tỷ,55 m²,"Đường Nguyễn Công Trứ, Phường Sài Gòn, Hồ Chí Minh",Quận 1,Phường Nguyễn Thái Bình,Đất,ban,https://alonhadat.com.vn/sieu-pham-9-tang-thang-may-ii-mt-nguyen-cong-tru-ii-du-kien-hdt-160-trieu-thang-ii-31-ty-18758105.html,alonhadat,18,31000000000,55,2026-06-07,,18758105,,
"🔥 SIÊU PHẨM ĐẤT VÀNG ĐAKAO – 17M MẶT TIỀN NGUYỄN ĐÌNH CHIỂU | 432,5M² | HĐ THUÊ 350 TRIỆU",400 tỷ,432 m²,"Đường Nguyễn Đình Chiểu, Phường Tân Định, Hồ Chí Minh",Quận 1,Phường Đa Kao,Đất,ban,https://alonhadat.com.vn/-sieu-pham-dat-vang-dakao-17m-mat-tien-nguyen-dinh-chieu-432-5m-hd-thue-350-trieu-18758065.html,alonhadat,2,400000000000,432,2026-06-07,,18758065,,
SIÊU PHẨM CAO ỐC PHỨC HỢP MẶT TIỀN CÔ BẮC - HĐT 235TR/THÁNG - GIẢM 29 TỶ,99 tỷ,215 m²,"Đường Cô Bắc, Phường Cầu Ông Lãnh, Hồ Chí Minh",Quận 1,Phường Cô Giang,Đất,ban,https://alonhadat.com.vn/sieu-pham-cao-oc-phuc-hop-mat-tien-co-bac-hdt-235tr-thang-giam-29-ty-18757568.html,alonhadat,36,99000000000,215,2026-06-07,,18757568,,
"Bán nhà 122/4 Trần Đình Xu, p. Nguyễn Cư Trinh, Q.1",54 tỷ,262 m²,"Đường Trần Đình Xu, Phường Cầu Ông Lãnh, Hồ Chí Minh",Quận 1,Phường Cầu Ông Lãnh,Đất,ban,https://alonhadat.com.vn/ban-nha-122-4-tran-dinh-xu-p-nguyen-cu-trinh-q-1-18757535.html,alonhadat,5,54000000000,262,2026-06-07,,18757535,,
"GÓC 2 MẶT TIỀN NGUYỄN VĂN THỦ - PHAN KẾ BÍNH, QUẬN 1- 9X15M- 5 TẦNG ĐẸP-GIÁ: 90 TỶ",90 tỷ,128 m²,"Đường Nguyễn Văn Thủ, Phường Tân Định, Hồ Chí Minh",Quận 1,Phường Tân Định,Đất,ban,https://alonhadat.com.vn/goc-2-mat-tien-nguyen-van-thu-phan-ke-binh-quan-1-9x15m-5-tang-dep-gia-90-ty-18715513.html,alonhadat,10,90000000000,128,2026-06-07,,18715513,,
"BÁN NHÀ Tặng Đất HXH 37/6 - 8 Trần Đình Xu, P.Cầu Kho, Quận 1- 48 TỶ TL",48 tỷ,165 m²,"Đường Trần Đình Xu, Phường Cầu Ông Lãnh, Hồ Chí Minh",Quận 1,Phường Cầu Kho,Đất,ban,https://alonhadat.com.vn/ban-nha-tang-dat-hxh-37-6-8-tran-dinh-xu-p-cau-kho-quan-1-48-ty-tl-18757253.html,alonhadat,2,48000000000,165,2026-06-07,,18757253,,
"Bán Góc 2 Mặt Tiền phố vàng Tân Định, Ngang 7 x 20m đất 118m2, 4 lầu - giá chỉ 6x tỷ",65 tỷ,118 m²,"Đường Nguyễn Hữu Cầu, Phường Tân Định, Hồ Chí Minh",Quận 1,Phường Tân Định,Đất,ban,https://alonhadat.com.vn/ban-goc-2-mat-tien-pho-vang-tan-dinh-ngang-7-x-20m-dat-118m2-4-lau-gia-chi-6x-ty-18744164.html,alonhadat,6,65000000000,118,2026-06-07,,18744164,,
"Mặt Tiền Bùi Thị Xuân, Phường Bến Thành, Quận 1 8 x 15m, 6 lầu, HĐ 140tr/th - chỉ 7x tỷ",75 tỷ,94 m²,"Đường Bùi Thị Xuân, Phường Bến Thành, Hồ Chí Minh",Quận 1,Phường Bến Thành,Đất,ban,https://alonhadat.com.vn/mat-tien-bui-thi-xuan-phuong-ben-thanh-quan-1-8-x-15m-6-lau-hd-140tr-th-chi-7x-ty-18751670.html,alonhadat,12,75000000000,94,2026-06-07,,18751670,,
"Bán gấp siêu phẩm Góc 3MT Trinh Văn Cấn ,P.Bến Thành Q1- 52 m2 (14x4) 5 lầu TM HĐT 150 tr",34 tỷ,52 m²,"Đường Trịnh Văn Cấn, Phường Bến Thành, Hồ Chí Minh",Quận 1,Phường Bến Thành,Đất,ban,https://alonhadat.com.vn/ban-gap-sieu-pham-goc-3mt-trinh-van-can-p-ben-thanh-q1-52-m2-14x4-5-lau-tm-hdt-150-tr-18744978.html,alonhadat,6,34000000000,52,2026-06-07,,18744978,,
"Định cư cần bán mặt tiền Trần Quang Khải, Quận 1, 5.2x27m (NH: 7m), HĐT 75 Triệu, 54 Tỷ",54 tỷ,150 m²,"Đường Trần Quang Khải, Phường Tân Định, Hồ Chí Minh",Quận 1,Phường Tân Định,Đất,ban,https://alonhadat.com.vn/dinh-cu-can-ban-mat-tien-tran-quang-khai-quan-1-5-2x27m-nh-7m-hdt-75-trieu-55-ty-15132132.html,alonhadat,2,54000000000,150,2026-06-07,,15132132,,
"Khách Sạn 6 Lầu mặt tiền ngay PHAN XÍCH LONG,Cách Q1 150m,10x19m,TN 300tr/tháng,Chỉ 53 Tỷ",53 tỷ,190 m²,"Đường Phan Xích Long, Phường Gia Định, Hồ Chí Minh",Quận 1,Phường 3,Đất,ban,https://alonhadat.com.vn/ban-khach-san-6-lau-mat-tienangay-phan-xich-long-cach-q1-chi-150m-10x19m-tn-300-trieu-17600317.html,alonhadat,39,53000000000,190,2026-06-07,,17600317,,
"HÀNG HIẾM KẾ BÊN QUẬN 1 – HXH TRÁNH NHAU NGUYỄN CỬU VÂN, P.17 BÌNH THẠNH","13,5 tỷ",56 m²,"Đường Nguyễn Cửu Vân, Phường Gia Định, Hồ Chí Minh",Quận 1,Phường 17,Đất,ban,https://alonhadat.com.vn/hang-hiem-ke-ben-quan-1-hxh-tranh-nhau-nguyen-cuu-van-p-17-binh-thanh-18756225.html,alonhadat,5,13500000000,56,2026-06-07,,18756225,,
"Bán Biệt Thự,Điện Biên Phủ,Phường,11,Quận,10 Dt;16mx20m3.Kc; 3 Tầng,Giá bán chỉ; 54 Tỷ",54 tỷ,275 m²,"Đường Điện Biên Phủ, Phường Vườn Lài, Hồ Chí Minh",Quận 10,Phường 11,Biệt thự,ban,https://alonhadat.com.vn/ban-biet-thu-dien-bien-phu-phuong-11-quan-10-dt-16mx20m3-kc-3-tang-gia-ban-chi-55-ty-18736963.html,alonhadat,8,54000000000,275,2026-06-07,,18736963,,
"Bán biệt thự căn góc 31/10 Hoàng Dư Khương, Quận 10, dt: 8x23m 3 tầng mới.",45 tỷ,182 m²,"Đường Hoàng Dư Khương, Phường Hòa Hưng, Hồ Chí Minh",Quận 10,Phường Hòa Hưng,Biệt thự,ban,https://alonhadat.com.vn/ban-biet-thu-can-goc-31-10-hoang-du-khuong-quan-10-dt-8x23m-3-tang-moi--18468465.html,alonhadat,6,45000000000,182,2026-06-07,,18468465,,
"Đường 10m, có lề rộng, 7x17m, Sư Vạn Hạnh, gần Vạn Hạnh Mall, khu biệt thự... P12 Q10.","40,5 tỷ",118 m²,"Đường Sư Vạn Hạnh, Phường Hòa Hưng, Hồ Chí Minh",Quận 10,Phường 12,Biệt thự,ban,https://alonhadat.com.vn/duong-10m-co-le-rong-7x17m-su-van-hanh-gan-van-hanh-mall-khu-biet-thu-p12-q10--18757354.html,alonhadat,6,40500000000,118,2026-06-07,,18757354,,
"Đất hẻm 10m Tô Hiến Thành 365m2, 14x32m, CTXD: H-7 Tầng, 75 tỷ",75 tỷ,365 m²,"Đường Tô Hiến Thành, Phường Hòa Hưng, Hồ Chí Minh",Quận 10,Phường 12,Căn hộ chung cư,ban,https://alonhadat.com.vn/dat-hem-10m-to-hien-thanh-365m2-14x32m-ctxd-h-7-tang-75-ty-18756501.html,alonhadat,1,75000000000,365,2026-06-07,,18756501,,
"Giảm 10 tỷ, Mặt tiền 3 tháng 2, vòng xoay dân chủ, ngang 7x32, Quận 10, cực hiếm",55 tỷ,210 m²,"Đường 3/2, Phường Vườn Lài, Hồ Chí Minh",Quận 10,Phường 11,Căn hộ chung cư,ban,https://alonhadat.com.vn/giam-10-ty-mat-tien-3-thang-2-vong-xoay-dan-chu-ngang-7x32-quan-10-cuc-hiem-18751959.html,alonhadat,4,55000000000,210,2026-06-07,,18751959,,
Bán MT Thành Thái P.14 Q.10 - DT: 12Mx26M. NH 16m. CN 335m2 - 2 lầu - 110 tỷ,110 tỷ,335 m²,"Đường Thành Thái, Phường Diên Hồng, Hồ Chí Minh",Quận 10,Phường 14,Căn hộ chung cư,ban,https://alonhadat.com.vn/ban-mt-thanh-thai-p-14-q-10-dt-12mx26m-nh-16m-cn-335m2-2-lau-110-ty-15229005.html,alonhadat,2,110000000000,335,2026-06-07,,15229005,,
8.9 tỷ nhà 76m đất Nguyễn Tri Phương Quận 10 rộng 7.7m x 11m xây CHDV,"8,9 tỷ",76 m²,"Đường Nguyễn Tri Phương, Phường Vườn Lài, Hồ Chí Minh",Quận 10,Phường 4,Căn hộ chung cư,ban,https://alonhadat.com.vn/8-9-ty-nha-76m-dat-nguyen-tri-phuong-quan-10-rong-7-7m-x-11m-xay-chdv-18728287.html,alonhadat,3,8900000000,76,2026-06-07,,18728287,,
BÁN TOÀ NHÀ CHDV CMT8 - P12 - Q10 DT:4x18CN:72m2,24 tỷ,62 m²,"Đường Cách Mạng Tháng 8, Phường Hòa Hưng, Hồ Chí Minh",Quận 10,Phường 12,Mặt bằng,ban,https://alonhadat.com.vn/ban-toa-nha-chdv-285-31-cmt8-p12-q10-16139654.html,alonhadat,13,24000000000,62,2026-06-07,,16139654,,
"GẤP! DUY NHẤT 1 CĂN SƯ VẠN HẠNH, P. HOÀ HƯNG, GIÁ 4,58 TỶ - 70M2 (5x14) 1 TRỆT LỬNG 3 LẦU","4,58 tỷ",70 m²,"Đường Sư Vạn Hạnh, Phường Hòa Hưng, Hồ Chí Minh",Quận 10,Phường Hòa Hưng,Nhà ở,ban,https://alonhadat.com.vn/gap-duy-nhat-1-can-su-van-hanh-p-hoa-hung-gia-4-58-ty-70m2-5x14-1-tret-lung-3-lau-18460208.html,alonhadat,5,4580000000,70,2026-06-07,,18460208,,
"Bán nhà HXH 285 CMT8 65m2, 5x13m, 5 tầng, 8P CHDV HĐT 35 tr/th, 16.5 tỷ","16,5 tỷ",65 m²,"Đường Cách Mạng Tháng 8, Phường Hòa Hưng, Hồ Chí Minh",Quận 10,Phường 12,Nhà ở,ban,https://alonhadat.com.vn/ban-nha-hxh-285-cmt8-65m2-5x13m-5-tang-8p-chdv-hdt-35-tr-th-16-5-ty-18756679.html,alonhadat,8,16500000000,65,2026-06-07,,18756679,,
"Nhà HXH Tô Hiến Thành 70m2, 6x13m, 3 tầng, nhà mới, 18.5 tỷ","18,5 tỷ",70 m²,"Đường Tô Hiến Thành, Phường Hòa Hưng, Hồ Chí Minh",Quận 10,Phường 15,Nhà ở,ban,https://alonhadat.com.vn/nha-hxh-to-hien-thanh-70m2-6x13m-3-tang-nha-moi-18-5-ty-18756750.html,alonhadat,3,18500000000,70,2026-06-07,,18756750,,
"Nhà HXH Tô Hiến Thành 109m2, 6x19m, 3 tầng, 14.8 tỷ","14,8 tỷ",109 m²,"Đường Tô Hiến Thành, Phường Hòa Hưng, Hồ Chí Minh",Quận 10,Phường 13,Nhà ở,ban,https://alonhadat.com.vn/nha-hxh-to-hien-thanh-109m2-6x19m-3-tang-14-8-ty-18711910.html,alonhadat,3,14800000000,109,2026-06-07,,18711910,,
Bán Nhà 17-19 Trường Sơn- Ngang 15- Ngay Công Viên Lê Thị Riêng- Ga Metro 2- 85 Tỷ TL,85 tỷ,300 m²,"Đường Trường Sơn, Phường Hòa Hưng, Hồ Chí Minh",Quận 10,Phường 15,Nhà ở,ban,https://alonhadat.com.vn/ban-nha-17-19-truong-son-ngang-15-ngay-cong-vien-le-thi-rieng-ga-metro-2-85-ty-tl-18756509.html,alonhadat,4,85000000000,300,2026-06-07,,18756509,,
"BÁN NHÀ QUẬN 10 - 3/2 - NGÔ QUYỀN - HẺM XE TẢI - DTSD 40m2 - CHỈ 4,X TỶ.","4,6 tỷ",40 m²,"Đường Ngô Quyền, Phường Diên Hồng, Hồ Chí Minh",Quận 10,Phường Diên Hồng,Nhà ở,ban,https://alonhadat.com.vn/ban-nha-quan-10-3-2-ngo-quyen-hem-xe-tai-dtsd-40m2-chi-4-x-ty--18757548.html,alonhadat,2,4600000000,40,2026-06-07,,18757548,,
"Bán nhà riêng đường 3 tháng 2. P11. Q10 DT: 3,65x13m - CN: 45.6m2 - 3 lầu mới","13,8 tỷ",46 m²,"Đường 3/2, Phường Vườn Lài, Hồ Chí Minh",Quận 10,Phường 11,Nhà ở,ban,https://alonhadat.com.vn/ban-nha-rieng-duong-3-thang-2-p11-q10-dt-3-65x13m-cn-45-6m2-3-lau-moi-17110332.html,alonhadat,4,13800000000,46,2026-06-07,,17110332,,
Bán nhà hẻm xe hơi 297 Vĩnh Viễn. P5. Q10 DT: 3.75m x 14.7m - trệt 2 lầu ST,"13,5 tỷ",50 m²,"Đường Vĩnh Viễn, Phường Diên Hồng, Hồ Chí Minh",Quận 10,Phường 5,Nhà ở,ban,https://alonhadat.com.vn/ban-nha-hem-xe-hoi-297-vinh-vien-p5-q10-dt-3-75m-x-14-7m-tret-2-lau-st-18038142.html,alonhadat,4,13500000000,50,2026-06-07,,18038142,,
CẦN BÁN NHANH NHÀ MỚI ĐẸP 4 TẦNG NGÔ QUYỀN – QUẬN 10 – GIÁ CHỈ 6.9 TỶ.,"6,9 tỷ",29 m²,"Đường Ngô Quyền, Phường Diên Hồng, Hồ Chí Minh",Quận 10,Phường 8,Nhà ở,ban,https://alonhadat.com.vn/can-ban-nhanh-nha-moi-dep-4-tang-ngo-quyen-quan-10-gia-chi-6-9-ty--18754756.html,alonhadat,5,6900000000,29,2026-06-07,,18754756,,
"Bán nhà góc 2 mặt tiền đường Tô Hiến Thành, P13, Q10. DT: 6,8 x 19m, GPXD trệt, 5 lầu",45 tỷ,130 m²,"Đường Tô Hiến Thành, Phường Hòa Hưng, Hồ Chí Minh",Quận 10,Phường 13,Nhà ở,ban,https://alonhadat.com.vn/ban-nha-goc-2-mat-tien-duong-to-hien-thanh-p13-q10-dt-6-8-x-19m-gpxd-tret-5-lau-9844982.html,alonhadat,4,45000000000,130,2026-06-07,,9844982,,
"bán khách sạn Sư Vạn Hạnh, P. 12, Q. 10. 22 phòng (6x18m) 6 lầu thang máy",27 tỷ,125 m²,"Đường Sư Vạn Hạnh, Phường Hòa Hưng, Hồ Chí Minh",Quận 10,Phường 12,Nhà ở,ban,https://alonhadat.com.vn/ban-khach-san-su-van-hanh-p-12-q-10-22-phong-6x18m-6-lau-thang-may-9613740.html,alonhadat,9,27000000000,125,2026-06-07,,9613740,,
"Bán nhà mặt tiền đường khu Cư Xá Bắc Hải, P. 15, Q. 10, DT: 9 x 25m, nhà cấp 4 giá 38 tỷ",38 tỷ,225 m²,"Đường Bắc Hải, Phường Hòa Hưng, Hồ Chí Minh",Quận 10,Phường 15,Nhà ở,ban,https://alonhadat.com.vn/ban-nha-mat-tien-duong-khu-cu-xa-bac-hai-p-15-q-10-dt-9-x-25m-nha-cap-4-gia-38-ty-8269338.html,alonhadat,4,38000000000,225,2026-06-07,,8269338,,
Bán MT 3/2 P.14 Q.10 - DT: 7.5mx20m. CN: 135m2 - 2 Tầng. HĐT: 160 triệu/tháng - 42 tỷ,42 tỷ,135 m²,"Đường 3/2, Phường Diên Hồng, Hồ Chí Minh",Quận 10,Phường 14,Nhà ở,ban,https://alonhadat.com.vn/ban-mt-3-2-p-14-q-10-dt-7-5mx20m-cn-135m2-2-tang-hdt-160-trieu-thang-42-ty-14029365.html,alonhadat,5,42000000000,135,2026-06-07,,14029365,,
"Bán MT Tô Hiến Thành, P.15, Quận 10 - DT: 8mx18m - 4 lầu. HĐT: 195 triệu/tháng - Giá 50 tỷ",50 tỷ,144 m²,"Đường Tô Hiến Thành, Phường Hòa Hưng, Hồ Chí Minh",Quận 10,Phường 15,Nhà ở,ban,https://alonhadat.com.vn/ban-mt-to-hien-thanh-p-15-quan-10-dt-8mx18m-4-lau-hdt-195-trieu-thang-gia-50-ty-14029407.html,alonhadat,7,50000000000,144,2026-06-07,,14029407,,
Bán nhà Lý Thường Kiệt P.14 Q.10 - 12Mx16M - 4 lầu - HĐT 145tr/th - 57 tỷ,57 tỷ,192 m²,"Đường Lý Thường Kiệt, Phường Diên Hồng, Hồ Chí Minh",Quận 10,Phường 14,Nhà ở,ban,https://alonhadat.com.vn/ban-nha-ly-thuong-kiet-p-14-q-10-12mx16m-4-lau-hdt-145tr-th-57-ty-15229076.html,alonhadat,3,57000000000,192,2026-06-07,,15229076,,
"Hàng Ngộp Ngay Nguyễn Ngọc Lộc, Q10 - Giá Chốt 5Tỷ510/75m2. Sổ Riêng","5,51 tỷ",75 m²,"Đường Nguyễn Ngọc Lộc, Phường Diên Hồng, Hồ Chí Minh",Quận 10,Phường Diên Hồng,Nhà ở,ban,https://alonhadat.com.vn/hang-ngop-ngay-nguyen-ngoc-loc-q10-gia-chot-5ty510-75m2-so-rieng-18756795.html,alonhadat,4,5510000000,75,2026-06-07,,18756795,,
"Bán nhà mặt tiền Hồ Bá Kiện, P.15, Quận 10, DT:8.6x12m (CN 60m2), 2 Tầng","17,5 tỷ",60 m²,"Đường Hồ Bá Kiện, Phường Hòa Hưng, Hồ Chí Minh",Quận 10,Phường 15,Nhà ở,ban,https://alonhadat.com.vn/ban-nha-mat-tien-ho-ba-kien-p-15-quan-10-dt-8-6x-2m-cn-60m2-2-tang-18623358.html,alonhadat,3,17500000000,60,2026-06-07,,18623358,,
QUẬN 10 GẦN GIÁP Sư Vạn Hạnh-5 tag-7PN-tien CHDV-GIẢM Bán Gấp Giá Chỉ 7ty8 TL,"7,8 tỷ",54 m²,"Đường Sư Vạn Hạnh, Phường Vườn Lài, Hồ Chí Minh",Quận 10,Phường 9,Nhà ở,ban,https://alonhadat.com.vn/quan-10-gan-giap-su-van-hanh-5-tag-7pn-tien-chdv-giam-ban-gap-gia-chi-7ty8-tl-18757083.html,alonhadat,7,7800000000,54,2026-06-07,,18757083,,
"Hạ 6 Tỷ! Bán Gấp Tòa Nhà Đường Lý Thường Kiệt,Q10 - DT 7x23m - H7T - HĐT 170Tr, Giá 54 Tỷ",54 tỷ,161 m²,"Đường Lý Thường Kiệt, Phường Hòa Hưng, Hồ Chí Minh",Quận 10,Phường Hòa Hưng,Nhà ở,ban,https://alonhadat.com.vn/ha-6-ty-ban-gap-toa-nha-duong-ly-thuong-kiet-q10-dt-7x23m-h7t-hdt-170tr-gia-54-ty-18758129.html,alonhadat,20,54000000000,161,2026-06-07,,18758129,,
"Bán Nhà vị trí đẹp MT Nguyễn Tiểu La P5 Q10, 7 Tầng, DT:5x16m, HĐT:120tr, Giá:27Tỷ",27 tỷ,70 m²,"Đường Nguyễn Tiểu La, Phường Diên Hồng, Hồ Chí Minh",Quận 10,Phường 5,Nhà ở,ban,https://alonhadat.com.vn/ban-nha-vi-tri-dep-mt-nguyen-tieu-la-p5-q10-7-tang-dt-5x16m-hdt-120tr-gia-27ty-15384848.html,alonhadat,12,27000000000,70,2026-06-07,,15384848,,
"Bán Tòa Nhà 33-35 Đường 3/2, Q10, 18m x 28m, 4 Tầng, HĐT 600tr/tháng",290 tỷ,504 m²,"Đường 3/2, Phường Hòa Hưng, Hồ Chí Minh",Quận 10,Phường Hòa Hưng,Nhà ở,ban,https://alonhadat.com.vn/ban-toa-nha-33-35-duong-3-2-q10-18m-x-28m-4-tang-hdt-600tr-thang-18757645.html,alonhadat,5,290000000000,504,2026-06-07,,18757645,,
Nhà HXH khu ẩm thực Nguyễn Tri Phương Q10 - DT: 61m² giá chỉ hơn 9 tỷ,"9,5 tỷ",61 m²,"Đường Nguyễn Tri Phương, Phường Vườn Lài, Hồ Chí Minh",Quận 10,Phường 9,Nhà ở,ban,https://alonhadat.com.vn/nha-hxh-khu-am-thuc-nguyen-tri-phuong-q10-dt-61m-gia-chi-hon-9-ty-18757267.html,alonhadat,2,9500000000,61,2026-06-07,,18757267,,
Góc 2MT 10m khu VIP Sư Vạn Hạnh Q10 đối diện VanHanhMall - Nhà 6 tầng giá chỉ hơn 19 tỷ,"19,5 tỷ",65 m²,"Đường Sư Vạn Hạnh, Phường Hòa Hưng, Hồ Chí Minh",Quận 10,Phường 12,Nhà ở,ban,https://alonhadat.com.vn/goc-2mt-10m-khu-vip-su-van-hanh-q10-doi-dien-vanhanhmall-nha-6-tang-gia-chi-hon-18-ty-18396745.html,alonhadat,12,19500000000,65,2026-06-07,,18396745,,
"Mặt tiền Cao Thắng kinh doanh, đoạn cực đẹp gần 3 tháng 2, 4 tầng, 16.9 tỷ còn bớt, Q10.","16,9 tỷ",35 m²,"Đường 3/2, Phường Hòa Hưng, Hồ Chí Minh",Quận 10,Phường 12,Nhà ở,ban,https://alonhadat.com.vn/mat-tien-cao-thang-kinh-doanh-doan-cuc-dep-gan-3-thang-2-4-tang-16-9-ty-con-bot-q10--18755722.html,alonhadat,6,16899999999.999998,35,2026-06-07,,18755722,,
Nhà 4 tầng Cư xá Nguyễn Trung Trực đường 3/2 P12 Quận 10 cũ,25 tỷ,120 m²,"Đường 3/2, Phường Hòa Hưng, Hồ Chí Minh",Quận 10,Phường 12,Nhà ở,ban,https://alonhadat.com.vn/nha-4-tang-cu-xa-nguyen-trung-truc-duong-3-2-p12-quan-10-cu-18756829.html,alonhadat,6,25000000000,120,2026-06-07,,18756829,,
"Bán tổ hợp nhà phố và building Ba Tháng Hai, P.12, Q.10",99 tỷ,440 m²,"Đường 3/2, Phường Hòa Hưng, Hồ Chí Minh",Quận 10,Phường 12,Đất,ban,https://alonhadat.com.vn/ban-to-hop-nha-pho-va-building-ba-thang-hai-p-12-q-10-18757577.html,alonhadat,30,99000000000,440,2026-06-07,,18757577,,
"Hẻm 5m Nguyễn Chí Thanh, P7, Quận 10, DT: 4.6m X 25m, vuông vức, DTCN: 110m giá 21 tỷ TL",21 tỷ,110 m²,"Đường Nguyễn Chí Thanh, Phường Diên Hồng, Hồ Chí Minh",Quận 10,Phường 7,Đất,ban,https://alonhadat.com.vn/hem-5m-nguyen-chi-thanh-p7-quan-10-dt-4-6m-x-25m-vuong-vuc-dtcn-110m-gia-21-ty-tl-18742387.html,alonhadat,3,21000000000,110,2026-06-07,,18742387,,
"Mặt tiền Nguyễn Chí Thanh, Phường 7, Quận 10, 4.2m x 18m, DTCN 74m2 giá 29.9 tỷ TL","29,9 tỷ",74 m²,"Đường Nguyễn Chí Thanh, Phường Diên Hồng, Hồ Chí Minh",Quận 10,Phường 7,Đất,ban,https://alonhadat.com.vn/mat-tien-nguyen-chi-thanh-phuong-7-quan-10-4-2m-x-18m-dtcn-74m2-gia-29-9-ty-tl-18742552.html,alonhadat,3,29900000000,74,2026-06-07,,18742552,,
"MẶT TIỀN KINH DOANH QUẬN 10, 5 TẦNG, DT 50M2, NHÀ MỚI GIÁ 14T",14 tỷ,50 m²,"Đường Bà Hạt, Phường Vườn Lài, Hồ Chí Minh",Quận 10,Phường 9,Đất,ban,https://alonhadat.com.vn/mat-tien-kinh-doanh-quan-10-5-tang-dt-50m2-nha-moi-chi-nhinh-15t-18084412.html,alonhadat,5,14000000000,50,2026-06-07,,18084412,,
"BANK ĐG 24T, CHÀO CHỈ 20T MẶT TIỀN KHU LÝ THƯỜNG KIỆT GIÁP Q10, DT 62M2, THUÊ 50TR/TH","20,7 tỷ",68 m²,"Đường Thủ Khoa Huân, Phường Tân Hòa, Hồ Chí Minh",Quận 10,Phường 8,Đất,ban,https://alonhadat.com.vn/mat-tien-khu-cho-vai-ly-thuong-kiet-giap-quan-10-dt-68m2-3-tang-thue-50tr-th-18068496.html,alonhadat,4,20700000000,68,2026-06-07,,18068496,,
Building Góc 2MT Ngay Cao Thắng P.12 Q.10 - DT: 20mx15m - Hầm 6 lầu. HĐT: 280tr - 68 tỷ,68 tỷ,300 m²,"Đường Cao Thắng, Phường Hòa Hưng, Hồ Chí Minh",Quận 10,Phường 12,Đất,ban,https://alonhadat.com.vn/building-goc-2mt-ngay-cao-thang-p-12-q-10-dt-20mx15m-ham-6-lau-hdt-280tr-68-ty-14152857.html,alonhadat,15,68000000000,300,2026-06-07,,14152857,,
Bán lỗ 20%! Giữ Tiền và cho thuê - Mặt Tiền Lý Thái Tổ Q10 - 5.5x20m Hầm 6 tầng chỉ 47tỷ,47 tỷ,99 m²,"Đường Lý Thái Tổ, Phường Vườn Lài, Hồ Chí Minh",Quận 10,Phường 9,Đất,ban,https://alonhadat.com.vn/sieu-pham-ham-7-tang-cuc-vip-chi-1-can-mat-tien-ly-thai-to-quan-10-5-2x22m-no-hau-6m-18573480.html,alonhadat,10,47000000000,99,2026-06-07,,18573480,,
"Bán nhà góc 2 mặt tiền đường Số 2 Cư Xá Lữ Gia, P15.Q11, 14 x 23m, 328m, 2 lầu, 88 Tỷ",88 tỷ,328 m²,"Đường Lữ Gia, Phường Phú Thọ, Hồ Chí Minh",Quận 11,Phường 15,Biệt thự,ban,https://alonhadat.com.vn/ban-nha-goc-2-mat-tien-duong-so-2-cu-xa-lu-gia-p15-q11-14-x-23m-328m-2-lau-88-ty-18742533.html,alonhadat,6,88000000000,328,2026-06-07,,18742533,,
"Bán gấp nhà đường Hồng Bàng P1 Quận 11- DT:7,5x18m giá chỉ hơn 10 tỷ","10,9 tỷ",130 m²,"Đường Hồng Bàng, Phường Minh Phụng, Hồ Chí Minh",Quận 11,Phường 1,Căn hộ chung cư,ban,https://alonhadat.com.vn/ban-gap-nha-duong-hong-bang-p1-quan-11-dt-7-5x18m-gia-chi-hon-10-ty-14296882.html,alonhadat,3,10900000000,130,2026-06-07,,14296882,,
Mặt Tiền Đường 100 Bình Thới ( 4 * 16 ) 3 Lầu 14.8 Tỷ,"14,8 tỷ",64 m²,"Đường Bình Thới, Phường Bình Thới, Hồ Chí Minh",Quận 11,Phường Bình Thới,Nhà ở,ban,https://alonhadat.com.vn/mat-tien-duong-100-binh-thoi-4-16-3-lau-14-8-ty-18757609.html,alonhadat,5,14800000000,64,2026-06-07,,18757609,,
"BÁN NHÀ ĐƯỜNG MINH PHỤNG, NGAYTRUNG TÂM, HXH(4X 14 M x 2 TẦNG )GIÁ : NHỈNH 4 TỈ TL","4,999 tỷ",56 m²,"Đường Minh Phụng, Phường Minh Phụng, Hồ Chí Minh",Quận 11,Phường Minh Phụng,Nhà ở,ban,https://alonhadat.com.vn/ban-nha-duong-minh-phung-ngaytrung-tam-hxh-4x-14-m-x-2-tang-gia-nhinh-4-ti-tl-18757978.html,alonhadat,3,4999000000,56,2026-06-07,,18757978,,
"BÁN NHÀ ĐƯỜNG ÔNG ÍCH KHIÊM, SÁT ĐẦM SEN, HXH(4 x 14m x 2 TẦNG) GIÁ:NHỈNH 5 TY TL","4,99 tỷ",60 m²,"Đường Ông Ích Khiêm, Phường Bình Thới, Hồ Chí Minh",Quận 11,Phường Bình Thới,Nhà ở,ban,https://alonhadat.com.vn/ban-nha-duong-ong-ich-khiem-sat-dam-sen-hxh-4-x-14m-x-2-tang-gia-nhinh-5-ty-tl-18757691.html,alonhadat,3,4990000000,60,2026-06-07,,18757691,,
"Bán nhà mặt tiền đường Lữ Gia, P15, Q11, 7m x 16,5m, 3 tầng, 39,5 tỷ TL","39,5 tỷ",80 m²,"Đường Lữ Gia, Phường Phú Thọ, Hồ Chí Minh",Quận 11,Phường 15,Nhà ở,ban,https://alonhadat.com.vn/ban-nha-mat-tien-duong-lu-gia-p15-q11-7m-x-16-5m-3-tang-39-5-ty-tl-18742482.html,alonhadat,6,39500000000,80,2026-06-07,,18742482,,
"chỉ với 2tỷ200tr mua được nhà quận 11 hẻm 4m đường Đội Cung, ra Đường Âu Cơ, Bình Thới,3-2","2,2 tỷ",29 m²,"Đường Đội Cung, Phường Phú Thọ, Hồ Chí Minh",Quận 11,Phường 11,Nhà ở,ban,https://alonhadat.com.vn/chi-voi-2ty200tr-mua-duoc-nha-quan-11-hem-4m-duong-doi-cung-ra-duong-au-co-binh-thoi-3-2-18719464.html,alonhadat,2,2200000000,29,2026-06-07,,18719464,,
"KẸT TIỀN CẦN BÁN NHÀ TRẦN QUÝ,P7,QUẬN 11-GIÁ:4.36TỶ/71.5M2 (5.5x13M) SỔ CHUẨN,DC SẦM UẤT","4,36 tỷ",71 m²,"Đường Trần Quý, Phường Minh Phụng, Hồ Chí Minh",Quận 11,Phường 7,Nhà ở,ban,https://alonhadat.com.vn/ket-tien-can-ban-nha-tran-quy-p7-quan-11-gia-4-36ty-71-5m2-5-5x13m-so-chuan-dc-sam-uat-18428385.html,alonhadat,5,4360000000,71,2026-06-07,,18428385,,
"MT Lê Đại Hành, P.11, Q.11- DT: 8mx24m - 4 tầng. HĐT: 180tr/th - giá 51 tỷ",51 tỷ,192 m²,"Đường Lê Đại Hành, Phường Phú Thọ, Hồ Chí Minh",Quận 11,Phường 11,Nhà ở,ban,https://alonhadat.com.vn/mt-le-dai-hanh-p-11-q-11-dt-8mx24m-4-tang-hdt-180tr-th-gia-51-ty-14152957.html,alonhadat,10,51000000000,192,2026-06-07,,14152957,,
"Bán nhà 2MT Lữ Gia & mặt hậu đường Số 1, P15, Quận 11 giá 68 tỷ",68 tỷ,252 m²,"Đường Lữ Gia, Phường Phú Thọ, Hồ Chí Minh",Quận 11,Phường 15,Nhà ở,ban,https://alonhadat.com.vn/ban-nha-2mt-lu-gia-mat-hau-duong-so-1-p15-quan-11-gia-68-ty-9844964.html,alonhadat,5,68000000000,252,2026-06-07,,9844964,,
"Căn góc 2 mặt tiền đường 15m và 10m Cư Xá Lữ Gia, P. 15, Q11, 4m x 20m, trệt 3 lầu ST",23 tỷ,80 m²,"Đường Cư Xá Lữ Gia, Phường Phú Thọ, Hồ Chí Minh",Quận 11,Phường 15,Nhà ở,ban,https://alonhadat.com.vn/can-goc-2-mat-tien-duong-15m-va-10m-cu-xa-lu-gia-p-15-q11-4m-x-20m-tret-3-lau-st-18756491.html,alonhadat,6,23000000000,80,2026-06-07,,18756491,,
"Góc 2 mặt tiền đường 10m và 8m cư xá Lê Đại Hành Quận 11, DT: 4.35mx25m CN 104m2, 19.5 tỷ","19,5 tỷ",104 m²,"Đường Lê Đại Hành, Phường Phú Thọ, Hồ Chí Minh",Quận 11,Phường 11,Nhà ở,ban,https://alonhadat.com.vn/goc-2-mat-tien-duong-10m-va-8m-cu-xa-le-dai-hanh-quan-11-dt-4-35mx25m-cn-104m2-19-5-ty-18742420.html,alonhadat,6,19500000000,104,2026-06-07,,18742420,,
"Cần bán nhà 3 lầu (474m2) mặt tiền đường Hoà Bình phường 5, quận 11 (đối diện Đầm Sen)",75 tỷ,474 m²,"Đường Hòa Bình, Phường Hòa Bình, Hồ Chí Minh",Quận 11,Phường 5,Nhà ở,ban,https://alonhadat.com.vn/can-ban-nha-3-lau-474m2-mat-tien-duong-hoa-binh-phuong-5-quan-11-doi-dien-dam-sen--18742440.html,alonhadat,8,75000000000,474,2026-06-07,,18742440,,
"Bán nhà cư xá Lê Đại Hành, P13, Q11, DT: 7,6m x 15m, 1 lầu, giá 15.8 tỷ TL","15,8 tỷ",68 m²,"Đường Lê Đại Hành, Phường Phú Thọ, Hồ Chí Minh",Quận 11,Phường 13,Nhà ở,ban,https://alonhadat.com.vn/ban-nha-cu-xa-le-dai-hanh-p13-q11-dt-7-6m-x-15m-1-lau-gia-15-8-ty-tl-18742592.html,alonhadat,6,15800000000,68,2026-06-07,,18742592,,
"HẺM 6M LẠC LONG QUÂN QUẬN 11- 105M2- 4X24M, NỞ HẬU 4.9M- 4 TẦNG","12,5 tỷ",105 m²,"Đường Lạc Long Quân, Phường Minh Phụng, Hồ Chí Minh",Quận 11,Phường 1,Nhà ở,ban,https://alonhadat.com.vn/hem-6m-lac-long-quan-quan-11-105m2-4x24m-no-hau-4-9m-4-tang-18747524.html,alonhadat,5,12500000000,105,2026-06-07,,18747524,,
Hẻm 6m Q11 ( 6.8 * 13 ) 4 Lầu 12.9 Tỷ,"12,9 tỷ",88 m²,"Đường Lạc Long Quân, Phường Bình Thới, Hồ Chí Minh",Quận 11,Phường Bình Thới,Nhà ở,ban,https://alonhadat.com.vn/hem-6m-q11-6-8-13-4-lau-12-9-ty-18757352.html,alonhadat,5,12900000000,88,2026-06-07,,18757352,,
"BÁN NHÀ 3/2 QUẬN 11, GẦN ĐH Y DƯỢC, DT 48M2 HẺM Ô TÔ CÁCH MT 10M","6,9 tỷ",48 m²,"Đường Ba Tháng Hai, Phường Minh Phụng, Hồ Chí Minh",Quận 11,Phường 16,Nhà ở,ban,https://alonhadat.com.vn/ban-nha-3-2-quan-11-gan-dh-y-duoc-dt-48m2-hem-o-to-cach-mt-10m-18758123.html,alonhadat,5,6900000000,48,2026-06-07,,18758123,,
"GIẢM SÂU, HẺM XE HƠI, ÔNG ÍCH KHIÊM QUẬN 11, 40M2/25 4 TẦNG MỚI TINH.","5,999 tỷ",40 m²,"Đường Ông Ích Khiêm, Phường Hòa Bình, Hồ Chí Minh",Quận 11,Phường 14,Nhà ở,ban,https://alonhadat.com.vn/giam-sau-hem-xe-hoi-ong-ich-khiem-quan-11-40m2-25-4-tang-moi-tinh--18441637.html,alonhadat,3,5999000000,40,2026-06-07,,18441637,,
"Nhà mật tiền đường Số 2, cư xá Bình Thới, Quận 11, 4.5x17m, 5 tầng, 20.5 tỷ","20,5 tỷ",70 m²,"Đường Cư Xá Bình Thới, Phường Bình Thới, Hồ Chí Minh",Quận 11,Phường 8,Nhà ở,ban,https://alonhadat.com.vn/nha-mat-tien-duong-so-2-cu-xa-binh-thoi-quan-11-4-5x17m-5-tang-20-5-ty-18756627.html,alonhadat,6,20500000000,70,2026-06-07,,18756627,,
"Bán nhà chính chủ hẻm 1/ đường 3 tháng 2, quận 11","6,18 tỷ",26 m²,"Đường Ba Tháng Hai, Phường Minh Phụng, Hồ Chí Minh",Quận 11,Phường 6,Nhà ở,ban,https://alonhadat.com.vn/ban-nha-chinh-chu-hem-1-duong-3-thang-2-quan-11-18638183.html,alonhadat,3,6180000000,26,2026-06-07,,18638183,,
"Bán nhà mặt tiền 1529–1531 Đường 3 Tháng 2, P.16, Q.11",26 tỷ,78 m²,"Đường Ba Tháng Hai, Phường Minh Phụng, Hồ Chí Minh",Quận 11,Phường 16,Nhà ở,ban,https://alonhadat.com.vn/ban-nha-mat-tien-1529-1531-duong-3-thang-2-p-16-q-11-18757349.html,alonhadat,8,26000000000,78,2026-06-07,,18757349,,
Nhà 2MT Lê Đại Hành Q11- Đoạn đẹp đối diện Tòa Flemington Tower- DT: 91m2- Gía chỉ 25 tỷ,25 tỷ,91 m²,"Đường Lê Đại Hành, Phường Phú Thọ, Hồ Chí Minh",Quận 11,Phường 13,Nhà ở,ban,https://alonhadat.com.vn/nha-2mt-le-dai-hanh-q11-doan-dep-doi-dien-toa-flemington-tower-dt-91m2-gia-chi-25-ty-18396579.html,alonhadat,5,25000000000,91,2026-06-07,,18396579,,
"Bán gấp nhà 2MT Nguyễn Chí Thanh Quận 11- DT: 4.5m x 19m, 4 tầng lầu giá chỉ 18 tỷ",18 tỷ,88 m²,"Đường Nguyễn Chí Thanh, Phường Minh Phụng, Hồ Chí Minh",Quận 11,Phường 16,Nhà ở,ban,https://alonhadat.com.vn/ban-gap-nha-2mt-nguyen-chi-thanh-quan-11-dt-4-5m-x-19m-4-tang-lau-gia-chi-hon-16-ty-18044395.html,alonhadat,5,18000000000,88,2026-06-07,,18044395,,
"Bán nhà góc 2MT HXH Lạc Long Quân, Quận 11 - DT 4x12m - 4 tầng - 20tr/tháng - Giá 9 tỷ TL",9 tỷ,45 m²,"Đường Lạc Long Quân, Phường Bình Thới, Hồ Chí Minh",Quận 11,Phường 3,Nhà ở,ban,https://alonhadat.com.vn/ban-nha-goc-2mt-hxh-lac-long-quan-quan-11-dt-4x12m-4-tang-20tr-thang-gia-12-ty-tl-18668123.html,alonhadat,3,9000000000,45,2026-06-07,,18668123,,
"MẶT TIỀN HỒNG BÀNG QUẬN 11- 4X17M, NỞ HẬU 4.2M",16 tỷ,71 m²,"Đường Hồng Bàng, Phường Minh Phụng, Hồ Chí Minh",Quận 11,Phường 16,Đất,ban,https://alonhadat.com.vn/mat-tien-hong-bang-quan-11-4x17m-no-hau-4-2m-18711051.html,alonhadat,3,16000000000,71,2026-06-07,,18711051,,
Bán nhà mặt tiền đường Minh Phụng phường 2 quận 11. DT 8.4x27m - 4 tầng - giá chỉ 62 tỷ,62 tỷ,222 m²,"Đường Minh Phụng, Phường Minh Phụng, Hồ Chí Minh",Quận 11,Phường 2,Đất,ban,https://alonhadat.com.vn/ban-nha-mat-tien-duong-minh-phung-phuong-2-quan-11-dt-8-4x27m-4-tang-gia-chi-62-ty-17404191.html,alonhadat,3,62000000000,222,2026-06-07,,17404191,,
"GẤP! SIÊU PHẨM Mặt Tiền P11 Q11 (8 Tầng,12pn,Thang Máy,253m2) Chỉ Với 18 TỶ",18 tỷ,66 m²,"Đường Lãnh Bình Thăng, Phường Phú Thọ, Hồ Chí Minh",Quận 11,Phường 11,Đất,ban,https://alonhadat.com.vn/chinh-chu-ban-nha-mat-tien-p11-q11-8-tang-12pn-thang-may-253m2-chi-voi-18-ty-13854872.html,alonhadat,12,18000000000,66,2026-06-07,,13854872,,
GÓC 2 MẶT TIỀN THƯƠNG HIỆU LÃNH BINH THĂNG Q.11 - ĐANG CHO SACOMBANK THUÊ 160 TR/THÁNG,"63,5 tỷ",136 m²,"Đường Lãnh Bình Thăng, Phường Bình Thới, Hồ Chí Minh",Quận 11,Phường 8,Đất,ban,https://alonhadat.com.vn/goc-2-mat-tien-thuong-hieu-lanh-binh-thang-q-11-dang-cho-sacombank-thue-160-tr-thang-18734285.html,alonhadat,16,63500000000,136,2026-06-07,,18734285,,
"Góc 2 mặt tiền hẻm 10m, 7x18m, 15.5 tỷ còn bớt, Âu Cơ, Lạc Long Quân, Q11","15,5 tỷ",110 m²,"Đường Lạc Long Quân, Phường Bình Thới, Hồ Chí Minh",Quận 11,Phường Bình Thới,Đất,ban,https://alonhadat.com.vn/goc-2-mat-tien-hem-10m-7x18m-15-5-ty-con-bot-au-co-lac-long-quan-q11-18757332.html,alonhadat,6,15500000000,110,2026-06-07,,18757332,,
"Thạnh Lộc - 160m ngang 8m , đất xây biệt thự đẹp","6,5 tỷ",160 m²,"Đường Thạnh Lộc, Phường An Phú Đông, Hồ Chí Minh",Quận 12,Phường An Phú Đông,Biệt thự,ban,https://alonhadat.com.vn/thanh-loc-160m-ngang-8m-dat-xay-biet-thu-dep-18756715.html,alonhadat,3,6500000000,160,2026-06-07,,18756715,,
"BÁN NHANH NHÀ C4 - MẶT TIỀN KINH DOANH - NGANG 8M HIẾM - 170M² - VƯỜN LÀI, AN PHÚ ĐÔNG","13,5 tỷ",171 m²,"Đường Vườn Lài, Phường An Phú Đông, Hồ Chí Minh",Quận 12,Phường An Phú Đông,Biệt thự,ban,https://alonhadat.com.vn/ban-nhanh-nha-c4-mat-tien-kinh-doanh-ngang-8m-hiem-170m-vuon-lai-an-phu-dong-18736468.html,alonhadat,3,13500000000,171,2026-06-07,,18736468,,
CHỦ NHIỆT BÁN BIỆT THỰ 138M2. 4 TẦNG. HÀ HUY GIÁP. THỚI AN. QUẬN 12. CHỈ 10.9 TỶ.,"10,9 tỷ",138 m²,"Đường Hà Huy Giáp, Phường Thới An, Hồ Chí Minh",Quận 12,Phường Thới An,Biệt thự,ban,https://alonhadat.com.vn/chu-nhiet-ban-biet-thu-138m2-4-tang-ha-huy-giap-thoi-an-quan-12-chi-10-9-ty--18759036.html,alonhadat,5,10900000000,138,2026-06-07,,18759036,,
"Bán nhà mặt tiền Thới An 4, 5 lầu 21x30 chỉ 37 tỷ thới an quận 12",37 tỷ,488 m²,"Đường Thới An 4, Phường Thới An, Hồ Chí Minh",Quận 12,Phường Thới An,Biệt thự,ban,https://alonhadat.com.vn/ban-nha-mat-tien-thoi-an-4-5-lau-21x30-chi-37-ty-thoi-an-quan-12-18435405.html,alonhadat,5,37000000000,488,2026-06-07,,18435405,,
BÁN BIỆT THỰ LÔ GÓC- TÂN THỜI NHẤT 21 - Q12-10HATA - KỀ CÔNG VIÊN THUẬN KIỀU,"27,4 tỷ",234 m²,"Đường Tân Thới Nhất 21, Phường Đông Hưng Thuận, Hồ Chí Minh",Quận 12,Phường Đông Hưng Thuận,Biệt thự,ban,https://alonhadat.com.vn/ban-biet-thu-lo-goc-tan-thoi-nhat-21-q12-10hata-ke-cong-vien-thuan-kieu-18757053.html,alonhadat,6,27400000000,234,2026-06-07,,18757053,,
Bán biệt thự sân vườn Quận 12 DT 50x25m đất 1.234m² biệt thự 5 tầng hồ bơi thang máy,79 tỷ,1234 m²,"Đường Đông Bắc, Phường Trung Mỹ Tây, Hồ Chí Minh",Quận 12,Phường Tân Chánh Hiệp,Biệt thự,ban,https://alonhadat.com.vn/ban-biet-thu-san-vuon-quan-12-dt-50x25m-dat-1-234m-biet-thu-5-tang-ho-boi-thang-may-18755565.html,alonhadat,10,79000000000,1234,2026-06-07,,18755565,,
🥰 BIỆT THỰ NHÀ PHỐ VIP NHẤT QUẬN 12. 4 LẦU .137M2 CHỈ HƠN 10 TỶ,"10,9 tỷ",137 m²,"Đường Hà Huy Giáp, Phường Thới An, Hồ Chí Minh",Quận 12,Phường Thới An,Biệt thự,ban,https://alonhadat.com.vn/biet-thu-nha-pho-vip-nhat-quan-12-4-lau-137m2-chi-hon-10-ty-18756872.html,alonhadat,5,10900000000,137,2026-06-07,,18756872,,
CĂN SỔ HỒNGHỘ CAO CẤP - HIỆP THÀNH CITY - 102M2 - 2PN -NHỈNH 2 TỶ - SỔ HỒNG,"2,79 tỷ",103 m²,"Đường Nguyễn Thị Búp, Phường Tân Thới Hiệp, Hồ Chí Minh",Quận 12,Phường Hiệp Thành,Căn hộ chung cư,ban,https://alonhadat.com.vn/can-so-hongho-cao-cap-hiep-thanh-city-102m2-2pn-nhinh-2-ty-so-hong-18754577.html,alonhadat,2,2790000000,103,2026-06-07,,18754577,,
CĂN HỘ CAO CẤP THE PARKLAND - HIỆP THÀNH CITY - 9.3x11M - 2PN - 2.77 TỶ,"2,77 tỷ",102 m²,"Đường Nguyễn Thị Búp, Phường Tân Thới Hiệp, Hồ Chí Minh",Quận 12,Phường Hiệp Thành,Căn hộ chung cư,ban,https://alonhadat.com.vn/ban-can-ho-chung-cu-cao-cap-the-parkland-hiep-thanh-city-9-3x11m-2pn-2-77-ty-18754466.html,alonhadat,2,2770000000,102,2026-06-07,,18754466,,
NGỘP BÁN NHÀ 2 TẦNG - 4X31 - HẺM 5M - GẦN PHAN VĂN HỚN TÂN THỚI NHẤT - NHỈNH 7 TỶ,"7,299 tỷ",124 m²,"Đường Phan Văn Hớn, Phường Đông Hưng Thuận, Hồ Chí Minh",Quận 12,Phường Tân Thới Nhất,Căn hộ chung cư,ban,https://alonhadat.com.vn/ngop-ban-nha-2-tang-4x31-hem-5m-gan-phan-van-hon-tan-thoi-nhat-nhinh-7-ty-18756342.html,alonhadat,11,7299000000,124,2026-06-07,,18756342,,
Bán đất mặt tiền Chợ Thạnh xuân - Đường Tô Ngọc Vân - Quận 12,"8,6 tỷ",180 m²,"Đường Tô Ngọc Vân, Phường Thới An, Hồ Chí Minh",Quận 12,Phường Thạnh Xuân,Căn hộ chung cư,ban,https://alonhadat.com.vn/ban-dat-mat-tien-cho-thanh-xuan-quan-12-gan-truong-cao-dang-dien-luc-18631592.html,alonhadat,1,8600000000,180,2026-06-07,,18631592,,
"💥HIẾM CÓ KHÓ TÌM 🏡NGANG KHỦNG 5,5m- 2TẦNG - 99m2 -FULL NỘI THẤT- HXH- TÂN THỚI HIỆP -","6,6 tỷ",99 m²,"Đường Nguyễn Thị Kiểu, Phường Tân Thới Hiệp, Hồ Chí Minh",Quận 12,Phường Tân Thới Hiệp,Mặt bằng,ban,https://alonhadat.com.vn/-hiem-co-kho-tim-ngang-khung-5-5m-2tang-99m2-full-noi-that-hxh-tan-thoi-hiep--18704564.html,alonhadat,3,6600000000,99,2026-06-07,,18704564,,
"NHÀ CẤP 4 FULL THỔ 8M x 20,5M CHƯA TỚI 42TR/M²","6,7 tỷ",162 m²,"Đường Thạnh Lộc 41, Phường An Phú Đông, Hồ Chí Minh",Quận 12,Phường Thạnh Lộc,Nhà ở,ban,https://alonhadat.com.vn/nha-cap-4-full-tho-8m-x-20-5m-chua-toi-42tr-m--18759057.html,alonhadat,2,6700000000,162,2026-06-07,,18759057,,
"Nhà Tân Thới Hiệp 21, DT: 5.5x5m, nhà trệt lầu, nhà đẹp vào sẵn ở",868 triệu,27 m²,"Đường Tân Thới Hiệp 21, Phường Tân Thới Hiệp, Hồ Chí Minh",Quận 12,Phường Tân Thới Hiệp,Nhà ở,ban,https://alonhadat.com.vn/chinh-chu-can-ban-nha-duong-tan-thoi-hiep-21-phuong-tan-thoi-hiep-gan-cho-tan-thoi-hiep--18749428.html,alonhadat,2,868000000,27,2026-06-07,,18749428,,
"Nhà 1 trệt 1 lầu Tân Thới Hiệp 20 , 4x8m, nhà mới đẹp, 2PN, công chứng liền","1,168 tỷ",32 m²,"Đường Tân Thới Hiệp 20, Phường Tân Thới Hiệp, Hồ Chí Minh",Quận 12,Phường Tân Thới Hiệp,Nhà ở,ban,https://alonhadat.com.vn/nha-1-tret-1-lau-tan-thoi-hiep-20-4x8m-nha-moi-dep-2pn-cong-chung-lien-18749039.html,alonhadat,2,1168000000,32,2026-06-07,,18749039,,
"Nhà 3 lầu gần chợ Hạt Điều- Trung Mỹ Tây, 45m²- hẻm xe hơi quay đầu- chỉ 4.65 tỷ.","4,65 tỷ",45 m²,"Đường Lâm Thị Hố, Phường Trung Mỹ Tây, Hồ Chí Minh",Quận 12,Phường Trung Mỹ Tây,Nhà ở,ban,https://alonhadat.com.vn/nha-3-lau-gan-cho-hat-dieu-trung-my-tay-45m-hem-xe-hoi-quay-dau-chi-4-65-ty--18758238.html,alonhadat,4,4650000000,45,2026-06-07,,18758238,,
"👩‍❤️‍👩 CHÚNG TÔI HẠ 500tr. BÁN NHANH NHÀ 60M2 5,5tỷ HẺM OTO KHU AN NINh","5,5 tỷ",60 m²,"Đường Thạnh Xuân 25, Phường Thới An, Hồ Chí Minh",Quận 12,Phường Thới An,Nhà ở,ban,https://alonhadat.com.vn/-chung-toi-ha-500tr-ban-nhanh-nha-60m2-5-5ty-hem-oto-khu-an-ninh-18758177.html,alonhadat,4,5500000000,60,2026-06-07,,18758177,,
"HÀNG HIẾM GIẢM 1.5 TỶ - MẶT TIỀN TRẦN THỊ CỜ – DÒNG TIỀN , 5x24 – CÒN 9.5 TỶ","9,5 tỷ",100 m²,"Đường Trần Thị Cờ, Phường Thới An, Hồ Chí Minh",Quận 12,Phường Thới An,Nhà ở,ban,https://alonhadat.com.vn/hang-hiem-mat-tien-tran-thi-co-dong-tien-15tr-th-5x20-gia-11-5-ty-18366816.html,alonhadat,3,9500000000,100,2026-06-07,,18366816,,
NHÀ MẶT TIỀN XE OTO CHẠY VI VU - 4 TẦNG - CÓ THANG MÁY KHU VIP 38Ha GẦN DƯƠNG THỊ GIANG,"12,95 tỷ",92 m²,"Đường Dương Thị Giang, Phường Đông Hưng Thuận, Hồ Chí Minh",Quận 12,Phường Tân Thới Nhất,Nhà ở,ban,https://alonhadat.com.vn/nha-mat-tien-xe-oto-chay-vi-vu-4-tang-co-thang-may-khu-vip-38ha-gan-duong-thi-giang-18137539.html,alonhadat,4,12950000000,92,2026-06-07,,18137539,,
"Nhà mặt tiền đường Tân Thới Nhất 17, gần khu 38ha, vị trí đẹp, thuận tiện kinh doanh.","13,6 tỷ",84 m²,"Đường Tân Thới Nhất 17, Phường Đông Hưng Thuận, Hồ Chí Minh",Quận 12,Phường Tân Thới Nhất,Nhà ở,ban,https://alonhadat.com.vn/nha-mat-tien-duong-tan-thoi-nhat-17-gan-khu-38ha-vi-tri-dep-thuan-tien-kinh-doanh--18758104.html,alonhadat,5,13600000000,84,2026-06-07,,18758104,,
"Bán nhà mặt tiền kinh doanh đường Tân Thới Nhất 17, diện tích 73.4m2",13 tỷ,74 m²,"Đường Tân Thới Nhất 17, Phường Đông Hưng Thuận, Hồ Chí Minh",Quận 12,Phường Tân Thới Nhất,Nhà ở,ban,https://alonhadat.com.vn/ban-nha-mat-tien-kinh-doanh-duong-tan-thoi-nhat-17-dien-tich-73-4m2-18418185.html,alonhadat,4,13000000000,74,2026-06-07,,18418185,,
2MT trước sau Song Hành - Sầm uất kinh doanh 70m,"7,7 tỷ",70 m²,"Đường Song Hành, Phường Đông Hưng Thuận, Hồ Chí Minh",Quận 12,Phường Đông Hưng Thuận,Nhà ở,ban,https://alonhadat.com.vn/2mt-truoc-sau-song-hanh-sam-uat-kinh-doanh-70m-18757664.html,alonhadat,4,7700000000,70,2026-06-07,,18757664,,
"Bán nhà 2 MẶT TIỀN Thạnh Xuân 25,DT 5.5x16, DTSD 246m, 4Tầng, hẻm 7m, Giá 6ty65 có thương","6,55 tỷ",72 m²,"Đường Thạnh Xuân 25, Phường Thới An, Hồ Chí Minh",Quận 12,Phường Thới An,Nhà ở,ban,https://alonhadat.com.vn/ban-nha-2-mat-tien-thanh-xuan-25-dt-5-5x16-dtsd-246m-4tang-hem-7m-gia-6ty65-co-thuong-18757623.html,alonhadat,4,6550000000,72,2026-06-07,,18757623,,
"Hiếm, Nhà 2 Tầng hẻm 1/ đường TRƯƠNG THỊ HOA, Tân Thới Hiệp, DT 80m2 (4 x 20), hẻm 6m.","5,6 tỷ",80 m²,"Đường Trương Thị Hoa, Phường Tân Thới Hiệp, Hồ Chí Minh",Quận 12,Phường Tân Thới Hiệp,Nhà ở,ban,https://alonhadat.com.vn/hiem-nha-2-tang-hem-1-duong-truong-thi-hoa-tan-thoi-hiep-dt-80m2-4-x-20-hem-6m--17405318.html,alonhadat,3,5600000000,80,2026-06-07,,17405318,,
NHÀ 3PN - NGANG 4M NỞ HẬU 7M -HẺM 6M - VƯỜN LÀI - QUẬN 12 - 4.5 TỶ,"4,5 tỷ",63 m²,"Đường Vườn Lài, Phường An Phú Đông, Hồ Chí Minh",Quận 12,Phường An Phú Đông,Nhà ở,ban,https://alonhadat.com.vn/nha-3pn-ngang-4m-no-hau-7m-hem-6m-vuon-lai-quan-12-4-5-ty-18758477.html,alonhadat,3,4500000000,63,2026-06-07,,18758477,,
"MẶT TIỀN ĐƯỜNG TRƯỜNG CHINH Q.12, NGANG 7m5 CỰC HIẾM, 1 TRỆT 4 LẦU HOÀN CÔNG ĐẦY ĐỦ","13,5 tỷ",66 m²,"Đường Trường Chinh, Phường Đông Hưng Thuận, Hồ Chí Minh",Quận 12,Phường Đông Hưng Thuận,Nhà ở,ban,https://alonhadat.com.vn/mat-tien-duong-truong-chinh-q-12-ngang-7m5-cuc-hiem-1-tret-4-lau-hoan-cong-day-du-18756190.html,alonhadat,4,13500000000,66,2026-06-07,,18756190,,
BÁN NHÀ TRẦN THỊ HÈ Q12 - 2 TẦNG 52M2 ( 4M X 13M) - HẺM XE HƠI - 4.06 TỶ,"4,06 tỷ",52 m²,"Đường Trần Thị Hè, Phường Tân Thới Hiệp, Hồ Chí Minh",Quận 12,Phường Hiệp Thành,Nhà ở,ban,https://alonhadat.com.vn/ban-nha-tran-thi-he-q12-2-tang-52m2-4m-x-13m-hem-xe-hoi-4-06-ty-18758948.html,alonhadat,2,4059999999.9999995,52,2026-06-07,,18758948,,
"NHÀ CHÍNH CHỦ: GẦN COOPMART NGUYỄN ẢNH THỦ- 50m2- HXH- Chỉ 3,5 Tỷ ⚡ Nhà bán quận 12","3,5 tỷ",50 m²,"Đường Nguyễn Ánh Thủ, Xã Bà Điểm, Hồ Chí Minh",Quận 12,Xã Trung Chánh,Nhà ở,ban,https://alonhadat.com.vn/nha-chinh-chu-gan-coopmart-nguyen-anh-thu-50m2-hxh-chi-3-5-ty-nha-ban-quan-12-18758630.html,alonhadat,2,3500000000,50,2026-06-07,,18758630,,
"🏠 CHỈ 3,4 TỶ CÓ NHÀ 2 TẦNG - 52m2- HXH- ĐÔNG HƯNG THUẬN 5 ⚡ Nhà bán quận 12.","3,4 tỷ",52 m²,"Đường Đông Hưng Thuận 5, Phường Đông Hưng Thuận, Hồ Chí Minh",Quận 12,Phường Đông Hưng Thuận,Nhà ở,ban,https://alonhadat.com.vn/-chi-3-4-ty-co-nha-2-tang-52m2-hxh-dong-hung-thuan-5-nha-ban-quan-12--18726193.html,alonhadat,2,3400000000,52,2026-06-07,,18726193,,
"🏡 CHỦ GIẢM MẠNH- NHÀ 2 TẦNG - 72m2 - 3,6 TỶ - GẦN NGUYỄN ẢNH THỦ ⚡ Nhà bán quận 12.","3,57 tỷ",72 m²,"Đường Nguyễn Ảnh Thủ, Phường Tân Thới Hiệp, Hồ Chí Minh",Quận 12,Phường Hiệp Thành,Nhà ở,ban,https://alonhadat.com.vn/-2-tang-72m2-ngay-hiep-thanh-city-chi-3-6-ty-nha-ban-quan-12--18628581.html,alonhadat,4,3570000000,72,2026-06-07,,18628581,,
GIẢM 800 TRIỆU – DÃY TRỌ HẺM 6M ĐƯỜNG HÀ ĐẶC QUẬN 12 ( 8Mx 22M ) - 10.7 TỶ🔥,"10,7 tỷ",180 m²,"Đường Hà Đặc, Phường Trung Mỹ Tây, Hồ Chí Minh",Quận 12,Phường Trung Mỹ Tây,Nhà ở,ban,https://alonhadat.com.vn/giam-800-trieu-day-tro-hem-6m-duong-ha-dac-quan-12-8mx-22m-10-7-ty--18759025.html,alonhadat,10,10700000000,180,2026-06-07,,18759025,,
"🔥 GIẢM CÒN 3,95 TỶ – NHÀ 2 TẦNG SÁT HXH TCH35 – GẦN PHẦN MỀN QUANG TRUNG – TÔ KÝ Q12 🔥","3,95 tỷ",49 m²,"Đường Tân Chánh Hiệp 35, Phường Trung Mỹ Tây, Hồ Chí Minh",Quận 12,Phường Trung Mỹ Tây,Nhà ở,ban,https://alonhadat.com.vn/-giam-con-3-95-ty-nha-2-tang-sat-hxh-tch35-gan-phan-men-quang-trung-to-ky-q12--18758543.html,alonhadat,2,3950000000,49,2026-06-07,,18758543,,
BÁN NHÀ HXH - ĐỐI DIỆN HIỆP THÀNH CITY- Q12 - 2 TẦNG - 4.5X13 - 3PN - 4TY,"4,12 tỷ",55 m²,"Đường Trần Thị Năm, Phường Trung Mỹ Tây, Hồ Chí Minh",Quận 12,Phường Tân Chánh Hiệp,Nhà ở,ban,https://alonhadat.com.vn/ban-nha-hxh-doi-dien-hiep-thanh-city-q12-2-tang-4-5x13-3pn-4ty-18758484.html,alonhadat,3,4120000000,55,2026-06-07,,18758484,,
NHÀ NGUYỄN THỊ KIỂU - Q.12 - HẺM THÔNG XE HƠI - DT 6x16m - GIÁ 6.6 TỶ,"6,6 tỷ",88 m²,"Đường Tân Thới Hiệp 1, Phường Tân Thới Hiệp, Hồ Chí Minh",Quận 12,Phường Tân Thới Hiệp,Nhà ở,ban,https://alonhadat.com.vn/nha-nguyen-thi-kieu-q-12-hem-thong-xe-hoi-dt-6x16m-gia-6-6-ty-18731362.html,alonhadat,2,6600000000,88,2026-06-07,,18731362,,
"BÁN NHÀ MẶT TIỀN NGUYỄN THỊ KIỂU 140M2 CHỈ 13.5 TỶ HIỆP THÀNH, QUẬN 12","13,5 tỷ",140 m²,"Đường Nguyễn Thị Kiểu, Phường Tân Thới Hiệp, Hồ Chí Minh",Quận 12,Phường Hiệp Thành,Nhà ở,ban,https://alonhadat.com.vn/ban-nha-mat-tien-nguyen-thi-kieu-140m2-chi-13-5-ty-hiep-thanh-quan-12-18438522.html,alonhadat,2,13500000000,140,2026-06-07,,18438522,,
Bán nhà mặt tiền hiệp thành 06 10x25 chỉ 20 tỷ hiệp thành quận 12,20 tỷ,250 m²,"Đường Hiệp Thành 6, Phường Tân Thới Hiệp, Hồ Chí Minh",Quận 12,Phường Hiệp Thành,Nhà ở,ban,https://alonhadat.com.vn/ban-nha-mat-tien-hiep-thanh-06-10x25-chi-20-ty-hiep-thanh-quan-12-18435471.html,alonhadat,5,20000000000,250,2026-06-07,,18435471,,
🏡 4 TẦNG - SIÊU PHẨM MỚI 100% - PHAN VĂN HỚN- TÂN THỚI NHẤT Q12 - HẺM 5M XE HƠI NGỦ TRONG,7 tỷ,54 m²,"Đường Tân Thới Nhất 2, Phường Đông Hưng Thuận, Hồ Chí Minh",Quận 12,Phường Đông Hưng Thuận,Nhà ở,ban,https://alonhadat.com.vn/-4-tang-sieu-pham-moi-100-phan-van-hon-tan-thoi-nhat-q12-hem-5m-xe-hoi-ngu-trong-18755222.html,alonhadat,4,7000000000,54,2026-06-07,,18755222,,
"🏡MỘT CĂN RA MT-55M2-NỞ HẬU-KHÔNG QH, LỘ GIỚI-ĐÔNG HƯNG THUẬN-Q12-4.45 TỶ (TL)","4,45 tỷ",55 m²,"Đường Nguyễn Văn Quá, Phường Đông Hưng Thuận, Hồ Chí Minh",Quận 12,Phường Đông Hưng Thuận,Nhà ở,ban,https://alonhadat.com.vn/-mot-can-ra-mt-55m2-no-hau-khong-qh-lo-gioi-dong-hung-thuan-q12-4-45-ty-tl--18758276.html,alonhadat,2,4450000000,55,2026-06-07,,18758276,,
"🏡 BÁN NHÀ ĐẸP – THIẾT KẾ ĐA NĂNG – TÂN THỚI NHẤT, QUẬN 12 – 136M² NGANG 5M – CHỈ 8.1 TỶ","8,1 tỷ",136 m²,"Đường Tân Thới Nhất 2, Phường Đông Hưng Thuận, Hồ Chí Minh",Quận 12,Phường Tân Thới Nhất,Nhà ở,ban,https://alonhadat.com.vn/-ban-nha-dep-thiet-ke-da-nang-tan-thoi-nhat-quan-12-136m-ngang-5m-chi-9-2-ty-17357946.html,alonhadat,3,8100000000,136,2026-06-07,,17357946,,
🏡NHÀ SÁT HẺM XE TẢI TCH-TÔ KÝ-Q12-PHẦN MỀN QUANG TRUNG-4MX13M-2 TẦNG-GIÁ CHỈ 3.95 TỶ (TL),"3,95 tỷ",50 m²,"Đường Tân Chánh Hiệp 35, Phường Trung Mỹ Tây, Hồ Chí Minh",Quận 12,Phường Trung Mỹ Tây,Nhà ở,ban,https://alonhadat.com.vn/-nha-sat-hem-xe-tai-tch-to-ky-q12-phan-men-quang-trung-4mx13m-2-tang-gia-chi-3-95-ty-tl--18758197.html,alonhadat,2,3950000000,50,2026-06-07,,18758197,,
"Nhà 3 tấm mặt tiền Trần Thị Hè-Hiệp Thành-Q12.Dt 4,1x27~112m2~6,9ty","6,9 tỷ",112 m²,"Đường Trần Thị Hè, Phường Tân Thới Hiệp, Hồ Chí Minh",Quận 12,Phường Hiệp Thành,Nhà ở,ban,https://alonhadat.com.vn/nha-3-tam-mat-tien-tran-thi-he-hiep-thanh-q12-dt-4-1x27-112m2-7-5ty-18575368.html,alonhadat,5,6900000000,112,2026-06-07,,18575368,,
"Anh Tôi bán nhà MT Vườn Lài , P. An Phú Đông ,Q.12-150m2 (5x30) CTXD Hầm 7 lầu HĐT 35 tr",19 tỷ,150 m²,"Đường Vườn Lài, Phường An Phú Đông, Hồ Chí Minh",Quận 12,Phường An Phú Đông,Nhà ở,ban,https://alonhadat.com.vn/anh-toi-ban-nha-mt-vuon-lai-p-an-phu-dong-q-12-148m2-5x25-ctxd-ham-7-lau-hdt-35-tr-18727257.html,alonhadat,4,19000000000,150,2026-06-07,,18727257,,
ĐỪƠNG QUANG TRUNG - TÔ KÝ - ĐƯỜNG RỘNG 20M VỈA HÈ 13M - CHO NGÂN HÀNG SACOMBANK THUÊ ỔN,27 tỷ,105 m²,"Đường Tô Ký, Phường Đông Hưng Thuận, Hồ Chí Minh",Quận 12,Phường Đông Hưng Thuận,Đất,ban,https://alonhadat.com.vn/duong-quang-trung-to-ky-duong-rong-20m-via-he-13m-cho-ngan-hang-sacombank-thue-on-18757167.html,alonhadat,4,27000000000,105,2026-06-07,,18757167,,
"🏡 CĂN GÓC 2 MẶT TIỀN ĐÔNG HƯNG THUẬN 11 – KINH DOANH ĐỈNH 🧨❌CHỦ GIẢM CÒN ,15 ,TỶ",15 tỷ,200 m²,"Đường Nguyễn Văn Quá, Phường Đông Hưng Thuận, Hồ Chí Minh",Quận 12,Phường Đông Hưng Thuận,Đất,ban,https://alonhadat.com.vn/-can-goc-2-mat-tien-dong-hung-thuan-11-kinh-doanh-dinh-chu-giam-con-15-ty-18757029.html,alonhadat,4,15000000000,200,2026-06-07,,18757029,,
"🏆 CỰC VIP – ĐẤT LỚN 2 MẶT TIỀN - NGUYỄN VĂN QUÁ - ĐÔNG HƯNG THUẬN & KÊNH THAM LƯƠNG,","78,8 tỷ",890 m²,"Đường Nguyễn Văn Quá, Phường Đông Hưng Thuận, Hồ Chí Minh",Quận 12,Phường Đông Hưng Thuận,Đất,ban,https://alonhadat.com.vn/-cuc-vip-dat-lon-2-mat-tien-nguyen-van-qua-dong-hung-thuan-kenh-tham-luong--18756998.html,alonhadat,4,78800000000,890,2026-06-07,,18756998,,
🏡 MẶT TIỀN - TÂN THỚI NHẤT 08 - NGAY PHAN VĂN HỚN - DIỆN TÍCH LỚN 1345M2 VUÔNG VỨC -,114 tỷ,1345 m²,"Đường Tân Thới Nhất 8, Phường Đông Hưng Thuận, Hồ Chí Minh",Quận 12,Phường Đông Hưng Thuận,Đất,ban,https://alonhadat.com.vn/-mat-tien-tan-thoi-nhat-08-ngay-phan-van-hon-dien-tich-lon-1345m2-vuong-vuc--18755260.html,alonhadat,6,114000000000,1345,2026-06-07,,18755260,,
"ĐẤT TRỐNG HẺM 6M XE HƠI NGAY CHỢ CÂY SỘP - ĐÔNG HƯNG THUẬN 02- 74M - (5,3M x 14M)","4,7 tỷ",74 m²,"Đường Đông Hưng Thuận 2, Phường Đông Hưng Thuận, Hồ Chí Minh",Quận 12,Phường Đông Hưng Thuận,Đất,ban,https://alonhadat.com.vn/dat-trong-hem-6m-xe-hoi-ngay-cho-cay-sop-dong-hung-thuan-02-74m-5-3m-x-14m--18755231.html,alonhadat,1,4700000000,74,2026-06-07,,18755231,,
"45M - 3,9tỷ - Phan Văn Hớn - Tân Thới Nhất 08, Q12 - Hẻm 4m Xe Hơi - Hướng TB","3,9 tỷ",45 m²,"Đường Tân Thới Nhất 8, Phường Đông Hưng Thuận, Hồ Chí Minh",Quận 12,Phường Đông Hưng Thuận,Đất,ban,https://alonhadat.com.vn/45m-3-9ty-phan-van-hon-tan-thoi-nhat-08-q12-hem-4m-xe-hoi-huong-tb-18758399.html,alonhadat,3,3900000000,45,2026-06-07,,18758399,,
"SỞ HỮU BIỆT THỰ CỔ – DẤU ẤN SÀI GÒN THẬP NIÊN 60, DTCN 528m2, GIÁ 280 TỶ",280 tỷ,528 m²,"Đường Võ Thị Sáu, Phường Xuân Hòa, Hồ Chí Minh",Quận 3,Phường Võ Thị Sáu,Biệt thự,ban,https://alonhadat.com.vn/so-huu-biet-thu-co-dau-an-sai-gon-thap-nien-60-dtcn-528m2-gia-280-ty-18364110.html,alonhadat,3,280000000000,528,2026-06-07,,18364110,,
"BIỆT THỰ CAO THẮNG, DT 230M2 – GIÁ TRỊ ĐẦU TƯ HIẾM , GIÁ 76 TỶ",76 tỷ,230 m²,"Đường Cao Thắng, Phường Xuân Hòa, Hồ Chí Minh",Quận 3,Phường 4,Biệt thự,ban,https://alonhadat.com.vn/biet-thu-cao-thang-dt-230m2-gia-tri-dau-tu-hiem-gia-76-ty-18422132.html,alonhadat,1,76000000000,230,2026-06-07,,18422132,,
"Bán Biệt Thự - Hẻm Vip 8m Lê Văn Sỹ, Phường 13, Quận 3 - 8m x 20,5m - 3 Tầng chỉ 36 tỷ",36 tỷ,130 m²,"Đường Lê Văn Sỹ, Phường Nhiêu Lộc, Hồ Chí Minh",Quận 3,Phường 13,Biệt thự,ban,https://alonhadat.com.vn/ban-biet-thu-hem-vip-8m-le-van-sy-phuong-13-quan-3-8m-x-20-5m-3-tang-chi-36-ty-18425016.html,alonhadat,3,36000000000,130,2026-06-07,,18425016,,
"Bán Nhà 2MT, 50 Trương Định, Quận 3, DT:20x40 , 3 tầng ,CTXD cao tầng, Giá 500 tỷ Siêu Hot",500 tỷ,816 m²,"Đường Trương Định, Phường Xuân Hòa, Hồ Chí Minh",Quận 3,Phường Xuân Hòa,Biệt thự,ban,https://alonhadat.com.vn/ban-nha-2mt-50-truong-dinh-quan-3-dt-20x40-3-tang-ctxd-cao-tang-gia-500-ty-sieu-hot-18733684.html,alonhadat,8,500000000000,816,2026-06-07,,18733684,,
"Bán Biệt Thự,HXH,Lê Văn Sỹ,P,14,Quận,3 Dt;13mx24m2 (317m2),Kết cấu; 4 tầng,Giá bán 79 Tỷ",79 tỷ,317 m²,"Đường Lê Văn Sỹ, Phường Nhiêu Lộc, Hồ Chí Minh",Quận 3,Phường 14,Biệt thự,ban,https://alonhadat.com.vn/ban-biet-thu-vip-le-van-sy-phuong-13-quan-3-dt-14m2x18m2-ket-cau-3-tang-gia-50-ty-18125254.html,alonhadat,8,79000000000,317,2026-06-07,,18125254,,
"Bán gấp biệt thự đường Nam Kỳ Khởi Nghĩa, Quận 3, dt: 15x16m 2 tầng sân vườn.",72 tỷ,254 m²,"Đường Nam Kỳ Khởi Nghĩa, Phường Xuân Hòa, Hồ Chí Minh",Quận 3,Phường Võ Thị Sáu,Biệt thự,ban,https://alonhadat.com.vn/ban-gap-biet-thu-duong-nam-ky-khoi-nghia-quan-3-dt-15x16m-2-tang-san-vuon--18607760.html,alonhadat,6,72000000000,254,2026-06-07,,18607760,,
"Bán biệt thự cao cấp đường Cao Thắng Quận 3, dt: 13x18m 2 tầng mới đẹp",75 tỷ,230 m²,"Đường Cao Thắng, Phường Bàn Cờ, Hồ Chí Minh",Quận 3,Phường Bàn Cờ,Biệt thự,ban,https://alonhadat.com.vn/ban-biet-thu-cao-cap-duong-cao-thang-quan-3-dt-13x18m-2-tang-moi-dep-18401389.html,alonhadat,6,75000000000,230,2026-06-07,,18401389,,
"Bán BIỆT THỰ MINI Huỳnh Tịnh Của Q.3, hẻm xe tải, 4 tầng, mặt tiền khủng, nhích 29 tỷ","29,1 tỷ",150 m²,"Đường Huỳnh Tịnh Của, Phường Xuân Hòa, Hồ Chí Minh",Quận 3,Phường Xuân Hòa,Biệt thự,ban,https://alonhadat.com.vn/ban-biet-thu-mini-huynh-tinh-cua-q-3-hem-xe-tai-4-tang-mat-tien-khung-nhich-29-ty-18161150.html,alonhadat,5,29100000000,150,2026-06-07,,18161150,,
Bán VILLA Sân Vườn Quận 3- Pasteur -21x25m(280m2) - 3 tầng- HĐT: 7000usd/th- 160 tỷ,160 tỷ,258 m²,"Đường Pasteur, Phường Xuân Hòa, Hồ Chí Minh",Quận 3,Phường Võ Thị Sáu,Biệt thự,ban,https://alonhadat.com.vn/ban-villa-san-vuon-quan-3-pasteur-21x25m-280m2-3-tang-hdt-7000usd-th-160-ty-18757983.html,alonhadat,3,160000000000,258,2026-06-07,,18757983,,
"Cần bán gấp biệt thự đường Tú Xương, Quận 3, dt: 20x22m trệt 3 lầu thang máy",85 tỷ,400 m²,"Đường Tú Xương, Phường Xuân Hòa, Hồ Chí Minh",Quận 3,Phường Võ Thị Sáu,Biệt thự,ban,https://alonhadat.com.vn/can-ban-gap-biet-thu-duong-tu-xuong-quan-3-dt-20x22m-tret-3-lau-thang-may-8540188.html,alonhadat,6,85000000000,400,2026-06-07,,8540188,,
"Xuất cảnh bán gấp biệt thự đường Hai Bà Trưng, Quận 3, dt: 850m2 2 lầu mới",245 tỷ,850 m²,"Đường Hai Bà Trưng, Phường Xuân Hòa, Hồ Chí Minh",Quận 3,Phường Võ Thị Sáu,Biệt thự,ban,https://alonhadat.com.vn/xuat-canh-ban-gap-biet-thu-duong-hai-ba-trung-quan-3-dt-850m2-2-lau-moi-12994529.html,alonhadat,8,245000000000,850,2026-06-07,,12994529,,
"Bán nhà MT Hồ Xuân Hương, P.6, Quận 3 - DT: 14mx21m. CN: 284m2 - GPXD: Hầm 7 tầng - 94 tỷ",94 tỷ,284 m²,"Đường Hồ Xuân Hương, Phường Xuân Hòa, Hồ Chí Minh",Quận 3,Phường Võ Thị Sáu,Căn hộ chung cư,ban,https://alonhadat.com.vn/ban-nha-mt-ho-xuan-huong-p-6-quan-3-dt-14mx21m-cn-284m2-gpxd-ham-7-tang-94-ty-14152868.html,alonhadat,1,94000000000,284,2026-06-07,,14152868,,
Siêu vị trí xây 2 hầm 10 tầng | Mặt tiền khu Nam Kỳ Khởi Nghĩa - Trần Quốc Toản | 14x32m |,239 tỷ,450 m²,"Đường Nam Kỳ Khởi Nghĩa, Phường Xuân Hòa, Hồ Chí Minh",Quận 3,Phường 8,Mặt bằng,ban,https://alonhadat.com.vn/sieu-vi-tri-xay-2-ham-10-tang-mat-tien-khu-nam-ky-khoi-nghia-tran-quoc-toan-14x32m--18755501.html,alonhadat,12,239000000000,450,2026-06-07,,18755501,,
BÁN NHÀ MẶT TIỀN LỚN ĐƯỜNG NAM KỲ KHỞI NGHĨA - DT (8m x 25m),117 tỷ,150 m²,"Đường Nam Kỳ Khởi Nghĩa, Phường Xuân Hòa, Hồ Chí Minh",Quận 3,Phường Võ Thị Sáu,Nhà ở,ban,https://alonhadat.com.vn/chinh-chu-ban-nha-mat-tien-lon-duong-nam-ky-khoi-nghia-dt-8m-x-25m--18708064.html,alonhadat,7,117000000000,150,2026-06-07,,18708064,,
"💥 BÁN NHÀ HXT 11M ĐỐI DIỆN CV LÊ THỊ RIÊNG- GA METRO 2- GẦN 90M2- 24,9 TỶ TL","24,9 tỷ",70 m²,"Đường Cách Mạng Tháng 8, Phường Nhiêu Lộc, Hồ Chí Minh",Quận 3,Phường 11,Nhà ở,ban,https://alonhadat.com.vn/-ban-nha-hxt-11m-doi-dien-cv-le-thi-rieng-gan-90m2-24-9-ty-tl-18708567.html,alonhadat,5,24900000000,70,2026-06-07,,18708567,,
"Siêu phẩm MT Hai Bà Trưng 9x20, ngay chợ Tân Định",135 tỷ,180 m²,"Đường Hai Bà Trưng, Phường Xuân Hòa, Hồ Chí Minh",Quận 3,Phường Võ Thị Sáu,Nhà ở,ban,https://alonhadat.com.vn/sieu-pham-mt-hai-ba-trung-9x20-ngay-cho-tan-dinh-18118782.html,alonhadat,15,135000000000,180,2026-06-07,,18118782,,
"BÁN NHÀ HXH LÊ VĂN SỸ THÔNG TRƯỜNG SA - NGANG 8M 5 TẦNG, HĐT 30 TRIỆU/TH","16,8 tỷ",56 m²,"Đường Lê Văn Sỹ, Phường Nhiêu Lộc, Hồ Chí Minh",Quận 3,Phường 13,Nhà ở,ban,https://alonhadat.com.vn/ban-nha-hxh-le-van-sy-thong-truong-sa-ngang-8m-5-tang-hdt-30-trieu-th-18373444.html,alonhadat,5,16800000000,56,2026-06-07,,18373444,,
"Mặt Tiền Lê Ngô Cát, Phường Xuân Hoà, Ngang 7 x 24m, Hầm 5 lầu, HĐ thuê 200tr/th",100 tỷ,168 m²,"Đường Lê Ngô Cát, Phường Xuân Hòa, Hồ Chí Minh",Quận 3,Phường Xuân Hòa,Nhà ở,ban,https://alonhadat.com.vn/mat-tien-le-ngo-cat-phuong-xuan-hoa-ngang-7-x-24m-ham-5-lau-hd-thue-200tr-th-18744077.html,alonhadat,6,100000000000,168,2026-06-07,,18744077,,
"Bán nhà DT lớn (5x14,2m), Nguyễn Hiền, Q3, gần chợ Vườn Chuối. Sẳn dòng tiền 24tr/tháng","11,5 tỷ",55 m²,"Đường Nguyễn Hiền, Phường Xuân Hòa, Hồ Chí Minh",Quận 3,Phường 4,Nhà ở,ban,https://alonhadat.com.vn/ban-nha-dt-lon-5x14-2m-nguyen-hien-q3-gan-cho-vuon-chuoi-san-dong-tien-24tr-thang-18569041.html,alonhadat,6,11500000000,55,2026-06-07,,18569041,,
"Bán nhà Mặt tiền quận 3 Lê Văn Sỹ, ngang 6m khan hiếm sẵn kết cấu chỉ 34 tỷ",34 tỷ,80 m²,"Đường Lê Văn Sỹ, Phường Nhiêu Lộc, Hồ Chí Minh",Quận 3,Phường 12,Nhà ở,ban,https://alonhadat.com.vn/ban-nha-mat-tien-quan-3-le-van-sy-ngang-6m-khan-hiem-san-ket-cau-chi-34-ty-18758205.html,alonhadat,4,34000000000,80,2026-06-07,,18758205,,
BÁN NHÀ MT ĐẸP NHẤT ĐƯỜNG HAI BÀ TRƯNG.P6.Q.3. DT: 8.5M X 26M NHÀ 3 LẦU ST,176 tỷ,227 m²,"Đường Hai Bà Trưng, Phường Xuân Hòa, Hồ Chí Minh",Quận 3,Phường Võ Thị Sáu,Nhà ở,ban,https://alonhadat.com.vn/ban-nha-mt-hai-ba-trung-p6-q3-dt-8-5m-x-26m-nha-3-lau-st-18315869.html,alonhadat,8,176000000000,227,2026-06-07,,18315869,,
Tòa nhà góc 2 MT Võ Thị Sáu - Nguyễn Thông Q3 - 12x16m - 5 tầng - HĐT 250 tr/th giá 64 tỷ,64 tỷ,190 m²,"Đường Nguyễn Thông, Phường Xuân Hòa, Hồ Chí Minh",Quận 3,Phường Võ Thị Sáu,Nhà ở,ban,https://alonhadat.com.vn/toa-nha-goc-2-mt-vo-thi-sau-nguyen-thong-q3-12x16m-5-tang-hdt-250-tr-th-gia-64-ty-16111685.html,alonhadat,5,64000000000,190,2026-06-07,,16111685,,
"Building mặt tiền góc Nam Kỳ Khởi Nghĩa, Quận 3. (8x21m)- hầm+ 6 tầng- HĐT 200tr/th- 60 tỷ",60 tỷ,170 m²,"Đường Nam Kỳ Khởi Nghĩa, Phường Xuân Hòa, Hồ Chí Minh",Quận 3,Phường Võ Thị Sáu,Nhà ở,ban,https://alonhadat.com.vn/building-mat-tien-goc-nam-ky-khoi-nghia-quan-3-8x21m-ham-6-tang-hdt-200tr-th-60-ty-15956780.html,alonhadat,7,60000000000,170,2026-06-07,,15956780,,
VỊ TRÍ HẺM XE HƠI 10M CMT8 QUẬN 3-DT 4X10M 5 TẦNG GIÁ CHỈ 9 TỶ-NHANH TAY KHÁCH ƠIIIII,"9,5 tỷ",30 m²,"Đường Cách Mạng Tháng 8, Phường Nhiêu Lộc, Hồ Chí Minh",Quận 3,Phường 11,Nhà ở,ban,https://alonhadat.com.vn/vi-tri-hem-xe-hoi-10m-cmt8-quan-3-dt-4x10m-5-tang-gia-chi-9-ty-nhanh-tay-khach-oiiiii-18756136.html,alonhadat,10,9500000000,30,2026-06-07,,18756136,,
"VỀ HƯU CÔ LỆ CẦN BÁN GẤP NHÀ TÚ XƯƠNG, QUẬN 3, GIÁ 4,68 TỶ - 79M2 (5 X 15,8) ĐÃ HOÀN CÔNG","4,68 tỷ",79 m²,"Đường Tú Xương, Phường Xuân Hòa, Hồ Chí Minh",Quận 3,Phường Võ Thị Sáu,Nhà ở,ban,https://alonhadat.com.vn/ve-huu-co-le-can-ban-gap-nha-tu-xuong-quan-3-gia-4-68-ty-79m2-5-x-15-8-da-hoan-cong-18441493.html,alonhadat,6,4680000000,79,2026-06-07,,18441493,,
"CHÚ LÂM BÁN NHÀ LÝ CHÍNH THẮNG,QUẬN 3-GIÁ:6.32TỶ/80M2 (5x16M) CÓ SỔ","6,95 tỷ",80 m²,"Đường Lý Chính Thắng, Phường Xuân Hòa, Hồ Chí Minh",Quận 3,Phường Võ Thị Sáu,Nhà ở,ban,https://alonhadat.com.vn/nha-ngay-trung-tam-quan-3-ly-chinh-thang-ma-gia-chi-6-dong-hon-cho-dt-len-den-80m2--18431349.html,alonhadat,4,6950000000,80,2026-06-07,,18431349,,
"BÁN GẤP CĂN NHÀ NẰM NGAY TRÊN PHỐ THỜI TRANG TRẦN QUANG DIỆU, QUẬN 3. CHỈ 6 TỶ 490/60M2!!!","6,49 tỷ",60 m²,"Đường Trần Quang Diệu, Phường Nhiêu Lộc, Hồ Chí Minh",Quận 3,Phường 14,Nhà ở,ban,https://alonhadat.com.vn/ban-gap-can-nha-nam-ngay-tren-pho-thoi-trang-tran-quang-dieu-quan-3-chi-6-ty-490-60m2--18656029.html,alonhadat,6,6490000000,60,2026-06-07,,18656029,,
"NHÀ NGỘP HXH HUỲNH TỊNH CỦA, QUẬN 3.GIÁ:3,79Tỷ/68m2. 3 LẦU KIÊN CỐ. ĐANG CHO THUÊ 19TRIỆU","3,79 tỷ",68 m²,"Đường Huỳnh Tịnh Của, Phường Nhiêu Lộc, Hồ Chí Minh",Quận 3,Phường 9,Nhà ở,ban,https://alonhadat.com.vn/nha-ngop-hxh-huynh-tinh-cua-quan-3-gia-3-79ty-68m2-3-lau-kien-co-dang-cho-thue-19trieu-18697885.html,alonhadat,4,3790000000,68,2026-06-07,,18697885,,
Tòa building Hầm 11 tầng 2 MT Võ Văn Tần Q.3 - 6x20m - HĐT 300tr giá chốt bán 82 tỷ.,82 tỷ,106 m²,"Đường Võ Văn Tần, Phường Bàn Cờ, Hồ Chí Minh",Quận 3,Phường 5,Nhà ở,ban,https://alonhadat.com.vn/toa-building-ham-11-tang-2-mt-vo-van-tan-q-3-6x20m-hdt-300tr-gia-chot-ban-82-ty--18755802.html,alonhadat,12,82000000000,106,2026-06-07,,18755802,,
"Bán gấp MT Kỳ Đồng, P.9, Q.3 - DT: 5m x 25m - 3 lầu, HĐT: 130tr/th - giá 40 tỷ",40 tỷ,125 m²,"Đường Kỳ Đồng, Phường Nhiêu Lộc, Hồ Chí Minh",Quận 3,Phường 9,Nhà ở,ban,https://alonhadat.com.vn/ban-gap-mt-ky-dong-p-9-q-3-dt-5m-x-25m-3-lau-hdt-130tr-th-gia-40-ty-14152936.html,alonhadat,5,40000000000,125,2026-06-07,,14152936,,
"Góc 2MT Lý Thái Tổ, Q.3 - DT: 9mx20m - 2 tầng. HĐT 170 triệu/tháng - 70 tỷ TL",70 tỷ,180 m²,"Đường Lý Thái Tổ, Phường Nhiêu Lộc, Hồ Chí Minh",Quận 3,Phường 10,Nhà ở,ban,https://alonhadat.com.vn/goc-2mt-ly-thai-to-q-3-dt-9mx20m-2-tang-hdt-170-trieu-thang-70-ty-tl-14153067.html,alonhadat,6,70000000000,180,2026-06-07,,14153067,,
"Bán nhà mặt tiền Pasteur, Quận 3 – dt: 9x37m nở hậu 18m có hẻm hông 6m 2 tầng sân vườn",220 tỷ,400 m²,"Đường Pasteur, Phường Xuân Hòa, Hồ Chí Minh",Quận 3,Phường Võ Thị Sáu,Nhà ở,ban,https://alonhadat.com.vn/ban-nha-mat-tien-pasteur-quan-3-dt-9x37m-no-hau-18m-co-hem-hong-6m-2-tang-san-vuon-18622413.html,alonhadat,6,220000000000,400,2026-06-07,,18622413,,
Bán MT Võ Văn Tần P.5 Q.3 - DT: 12mx25m. CN 300m2 - Hầm 7 lầu - 135 tỷ,135 tỷ,300 m²,"Đường Võ Văn Tần, Phường Bàn Cờ, Hồ Chí Minh",Quận 3,Phường 5,Nhà ở,ban,https://alonhadat.com.vn/ban-mt-vo-van-tan-p-5-q-3-dt-12mx25m-cn-300m2-ham-7-lau-135-ty-15228777.html,alonhadat,10,135000000000,300,2026-06-07,,15228777,,
Bán MT Trương Định P.6 Q.3-DT: 13Mx26M- Trệt 4 lầu - HĐT 280tr/th - 109 tỷ,109 tỷ,338 m²,"Đường Trương Định, Phường Xuân Hòa, Hồ Chí Minh",Quận 3,Phường Võ Thị Sáu,Nhà ở,ban,https://alonhadat.com.vn/ban-mt-truong-dinh-p-6-q-3-dt-13mx26m-tret-4-lau-hdt-280tr-th-109-ty-15228844.html,alonhadat,4,109000000000,338,2026-06-07,,15228844,,
"Bán góc 2MT Pasteur - Võ Thị Sáu Q.3, CN: 477.6m2 (18mx25m,NH: 20.18m) . giá: 375 tỷ TL",375 tỷ,478 m²,"Đường Pasteur, Phường Xuân Hòa, Hồ Chí Minh",Quận 3,Phường Võ Thị Sáu,Nhà ở,ban,https://alonhadat.com.vn/ban-goc-2mt-pasteur-vo-thi-sau-q-3-cn-477-6m2-18mx25m-nh-20-18m-gia-375-ty-tl-14333242.html,alonhadat,2,375000000000,478,2026-06-07,,14333242,,
"Siêu Phẩm Nhà Mới Đường Biện Biên Phủ, Quận 3 - Giá Chốt 6Tỷ050/80m2. Sổ Sẵn","6,05 tỷ",80 m²,"Đường Điện Biên Phủ, Phường Xuân Hòa, Hồ Chí Minh",Quận 3,Phường 4,Nhà ở,ban,https://alonhadat.com.vn/sieu-pham-nha-moi-duong-bien-bien-phu-quan-3-gia-chot-6ty050-80m2-so-san-18756729.html,alonhadat,4,6050000000,80,2026-06-07,,18756729,,
"🔥NHÀ 4 TẦNG TRUNG TÂM Q3- SÁT MẶT ĐƯỜNG ĐIỆN BIÊN PHỦ 38M² .GIÁ 8,4 TL.","8,4 tỷ",38 m²,"Đường Điện Biên Phủ, Phường Bàn Cờ, Hồ Chí Minh",Quận 3,Phường 1,Nhà ở,ban,https://alonhadat.com.vn/-nha-4-tang-trung-tam-q3-sat-mat-duong-dien-bien-phu-38m-gia-8-4-tl--18714368.html,alonhadat,4,8400000000,38,2026-06-07,,18714368,,
"Nhà hẻm xe hơi Điện Biên Phủ (Q3), 8x18m, 4 tầng, HĐ 50 triệu, giá 36.5 tỷ","36,5 tỷ",144 m²,"Đường Điện Biên Phủ, Phường Bàn Cờ, Hồ Chí Minh",Quận 3,Phường 1,Nhà ở,ban,https://alonhadat.com.vn/nha-hem-xe-hoi-dien-bien-phu-q3-8x18m-4-tang-hd-50-trieu-gia-36-5-ty-18063550.html,alonhadat,6,36500000000,144,2026-06-07,,18063550,,
"Chỉ 36 Tỷ, Mặt tiền VÕ VĂN TẦN - Quận 3, có 1 hầm 7 lầu",36 tỷ,89 m²,"Đường Võ Văn Tần, Phường Xuân Hòa, Hồ Chí Minh",Quận 3,Phường Võ Thị Sáu,Nhà ở,ban,https://alonhadat.com.vn/chi-36-ty-mat-tien-vo-van-tan-quan-3-co-1-ham-7-lau-17612978.html,alonhadat,12,36000000000,89,2026-06-07,,17612978,,
"Tòa nhà MT Cao Thắng, Quận 3 - 6.5x20m - Hầm 7 tầng - HĐ thuê 200 triệu/th - Giá 60 tỷ",60 tỷ,136 m²,"Đường Cao Thắng, Phường Bàn Cờ, Hồ Chí Minh",Quận 3,Phường 3,Nhà ở,ban,https://alonhadat.com.vn/toa-nha-mt-cao-thang-quan-3-6-5x20m-ham-7-tang-hd-thue-200-trieu-th-gia-60-ty-18271409.html,alonhadat,12,60000000000,136,2026-06-07,,18271409,,
"Chủ cần bán nhanh nhà mặt tiền Nguyễn Thông, Quận 3. (4.4x15m) Giá giảm còn 23,5 tỷ TL","23,5 tỷ",65 m²,"Đường Nguyễn Thông, Phường Nhiêu Lộc, Hồ Chí Minh",Quận 3,Phường 9,Nhà ở,ban,https://alonhadat.com.vn/chu-can-ban-nhanh-nha-mat-tien-nguyen-thong-quan-3-4-4x15m-gia-giam-con-23-5-ty-tl-16236042.html,alonhadat,2,23500000000,65,2026-06-07,,16236042,,
BÁN NHÀ HẺM 8M NGUYỄN THIỆN THUẬT 6X10 NGAY PHỐ ẨM THỰC-NGUYỄN ĐÌNH CHIỂU Q3 CHỈ 19TỶ,19 tỷ,60 m²,"Đường Nguyễn Thiện Thuật, Phường Bàn Cờ, Hồ Chí Minh",Quận 3,Phường 1,Nhà ở,ban,https://alonhadat.com.vn/ban-nha-hem-8m-nguyen-thien-thuat-6x10-ngay-pho-am-thuc-nguyen-dinh-chieu-q3-chi-19ty-18758027.html,alonhadat,4,19000000000,60,2026-06-07,,18758027,,
"Bán nhà HXH Nguyễn Thiện Thuật, P1, Quận 3 - 4x12m - 7 tầng+thang máy. HĐT: 35tr/th- 16 tỷ",16 tỷ,48 m²,"Đường Nguyễn Thiện Thuật, Phường Bàn Cờ, Hồ Chí Minh",Quận 3,Phường 1,Nhà ở,ban,https://alonhadat.com.vn/ban-nha-hxh-nguyen-thien-thuat-p1-quan-3-4x12m-7-tang-thang-may-hdt-35tr-th-16-ty-18758025.html,alonhadat,13,16000000000,48,2026-06-07,,18758025,,
"Siêu Phẩm Góc 2MT Võ Văn Tần P.5 Q3, DT 8x17m CN 115.4m2, HĐT 170tr, Giá 115 tỷ",115 tỷ,116 m²,"Đường Võ Văn Tần, Phường Bàn Cờ, Hồ Chí Minh",Quận 3,Phường 5,Nhà ở,ban,https://alonhadat.com.vn/sieu-pham-goc-2mt-vo-van-tan-p-5-q3-dt-8x17m-cn-115-4m2-hdt-170tr-gia-115-ty-17971757.html,alonhadat,6,115000000000,116,2026-06-07,,17971757,,
"Bán nhà mặt tiền Nguyễn Thông, p. Võ Thị Sáu, Q.3",37 tỷ,112 m²,"Đường Nguyễn Thông, Phường Xuân Hòa, Hồ Chí Minh",Quận 3,Phường Võ Thị Sáu,Nhà ở,ban,https://alonhadat.com.vn/ban-nha-mat-tien-nguyen-thong-p-vo-thi-sau-q-3-18757432.html,alonhadat,4,37000000000,112,2026-06-07,,18757432,,
"Bán nhà mặt tiền đường Pasteur, Phường 6, Quận 3, dt: 16x32m 2 tầng giá 225 tỷ",225 tỷ,480 m²,"Đường Pasteur, Phường Xuân Hòa, Hồ Chí Minh",Quận 3,Phường Võ Thị Sáu,Nhà ở,ban,https://alonhadat.com.vn/ban-nha-mat-tien-duong-pasteur-phuong-6-quan-3-dt-16x32m-2-tang-gia-225-ty-16655434.html,alonhadat,6,225000000000,480,2026-06-07,,16655434,,
"Bán nhà 112 Trần Quốc Thảo, Quận 3, dt: 4,3x30m nở hậu đều 5,3m 4 tầng cho thuê 100tr/th",44 tỷ,150 m²,"Đường Trần Quốc Thảo, Phường Xuân Hòa, Hồ Chí Minh",Quận 3,Phường Xuân Hòa,Nhà ở,ban,https://alonhadat.com.vn/ban-nha-112-tran-quoc-thao-quan-3-dt-4-3x30m-no-hau-deu-5-3m-4-tang-cho-thue-100tr-th-18415033.html,alonhadat,10,44000000000,150,2026-06-07,,18415033,,
BÁN GẤP NHÀ MT VÕ THỊ SÁU PHƯỜNG 7 QUẬN 3 GIÁ 42 TỶ,42 tỷ,68 m²,"Đường Võ Thị Sáu, Phường Xuân Hòa, Hồ Chí Minh",Quận 3,Phường 7,Nhà ở,ban,https://alonhadat.com.vn/ban-gap-nha-mt-vo-thi-sau-phuong-7-quan-3-gia-42-ty-18757382.html,alonhadat,6,42000000000,68,2026-06-07,,18757382,,
"Nhà Mặt Tiền Trần Quốc Thảo, Q3 = 5 x 22m, - HĐ thuê 800tr - Bán chỉ hơn 20 tỷ xíu",26 tỷ,70 m²,"Đường Trần Quốc Thảo, Phường Xuân Hòa, Hồ Chí Minh",Quận 3,Phường Xuân Hòa,Nhà ở,ban,https://alonhadat.com.vn/ban-nha-mt-tran-quoc-thao-q3-5-x-22m-hd-thue-800tr-nam-ban-chi-hon-20-ty-xiu-17659460.html,alonhadat,4,26000000000,70,2026-06-07,,17659460,,
"Bán nhà mặt tiền đường Sư Thiện Chiếu, Q3, 8.6x30m, Giá 75 tỷ",75 tỷ,252 m²,"Đường Sư Thiện Chiếu, Phường Xuân Hòa, Hồ Chí Minh",Quận 3,Phường 7,Nhà ở,ban,https://alonhadat.com.vn/ban-nha-mat-tien-duong-su-thien-chieu-q3-8-6x30m-gia-75-ty-16142288.html,alonhadat,2,75000000000,252,2026-06-07,,16142288,,
"Bán Gấp Nhà 6 Lầu hẻm 10m đường Cách Mạng Tháng 8, Quận 3, 7x22m, HĐT 100 triệu, Chỉ 32 Tỷ",32 tỷ,154 m²,"Đường Cách Mạng Tháng 8, Phường Nhiêu Lộc, Hồ Chí Minh",Quận 3,Phường 11,Nhà ở,ban,https://alonhadat.com.vn/giam-gia-ban-nha-6-tang-2-mat-tien-hem-xe-tai-cach-mang-thang-tam-quan-3-7x20m-34-5-ty-16537518.html,alonhadat,10,32000000000,154,2026-06-07,,16537518,,
Siêu hiếm căn góc 2 MT Cách Mạng Tháng Tám-Quận 3-10x25m-XD Hầm 6 tầng-HDT 250triệu- 45ty,45 tỷ,250 m²,"Đường Cách Mạng Tháng 8, Phường Nhiêu Lộc, Hồ Chí Minh",Quận 3,Phường 11,Nhà ở,ban,https://alonhadat.com.vn/sieu-hiem-can-goc-2-mt-cach-mang-thang-tam-quan-3-10x25m-xd-ham-6-tang-hdt-250trieu-45ty-17815335.html,alonhadat,6,45000000000,250,2026-06-07,,17815335,,
Hẻm 1074 đường Trường Sa (3 tầng DT: 6mx11m). Giá 12 tỷ,12 tỷ,61 m²,"Đường Trường Sa, Phường Nhiêu Lộc, Hồ Chí Minh",Quận 3,Phường 12,Đất,ban,https://alonhadat.com.vn/hem-1076-truong-sa-3-tang-dt-6mx11m-gia-12-5-ty-17707719.html,alonhadat,4,12000000000,61,2026-06-07,,17707719,,
"SIÊU PHẨM CĂN GÓC 2 MẶT TIỀN CÁCH MẠNG THÁNG 8-7,5 X 25-HĐT: 154 TRIỆU/THÁNG-GIÁ:45 TỶ TL",45 tỷ,150 m²,"Đường Cách Mạng Tháng 8, Phường Nhiêu Lộc, Hồ Chí Minh",Quận 3,Phường 10,Đất,ban,https://alonhadat.com.vn/sieu-pham-can-goc-2-mat-tien-cach-mang-thang-8-7-5-x-25-hdt-154-trieu-thang-gia-45-ty-tl-18708745.html,alonhadat,4,45000000000,150,2026-06-07,,18708745,,
Mặt tiền thương hiệu 5 tầng-Thang máy-Mới 100%-DT: 7x14m-Giá bán: 32 tỷ -Vị trí đẹp !,32 tỷ,450 m²,"Đường Đỗ Thị Lời, Phường Nhiêu Lộc, Hồ Chí Minh",Quận 3,Phường 11,Đất,ban,https://alonhadat.com.vn/mat-tien-thuong-hieu-5-tang-thang-may-moi-100-dt-7x14m-gia-ban-32-ty-vi-tri-dep--18557442.html,alonhadat,8,32000000000,450,2026-06-07,,18557442,,
Góc 4MT - Trục liên quận Lê Văn Sỹ ! 17x26m | 3 Tầng | HĐT: 400tr/tháng | Gía 270 tỷ |,270 tỷ,450 m²,"Đường Lê Văn Sỹ, Phường Nhiêu Lộc, Hồ Chí Minh",Quận 3,Phường 14,Đất,ban,https://alonhadat.com.vn/goc-4mt-truc-lien-quan-le-van-sy-17x26m-3-tang-hdt-400tr-thang-gia-270-ty--18755490.html,alonhadat,3,270000000000,450,2026-06-07,,18755490,,
"GÓC 2 MẶT TIỀN CMT8 – ĐỐI DIỆN CHỢ HÒA HƯNG, DÒNG TIỀN 140 TRIỆU/THÁNG Cơ hội sở hữu cụm",100 tỷ,247 m²,"Đường Cách Mạng Tháng 8, Phường Nhiêu Lộc, Hồ Chí Minh",Quận 3,Phường 9,Đất,ban,https://alonhadat.com.vn/goc-2-mat-tien-cmt8-doi-dien-cho-hoa-hung-dong-tien-140-trieu-thang-co-hoi-so-huu-cum-18758087.html,alonhadat,2,100000000000,247,2026-06-07,,18758087,,
"SIÊU PHẨM Hầm 4 Lầu góc 2MT Lý Chính Thắng - Trần Quốc Thảo, 14x28m,HĐT 420 triệu, 329 Tỷ",329 tỷ,415 m²,"Đường Trần Quốc Thảo, Phường Xuân Hòa, Hồ Chí Minh",Quận 3,Phường Võ Thị Sáu,Đất,ban,https://alonhadat.com.vn/ban-nha-ham-4-lau-goc-2mt-ly-chinh-thang-tran-quoc-thao-14x28m-hdt-420-trieu-330-ty-16132250.html,alonhadat,6,329000000000,415,2026-06-07,,16132250,,
"Bán Building Trần Quốc Toản, P. Võ Thị Sáu, Quận 3, Dt(5x17 nở hậu 9) - Hầm 6 tầng - 57Tỷ",57 tỷ,126 m²,"Đường Trần Quốc Toản, Phường Xuân Hòa, Hồ Chí Minh",Quận 3,Phường Võ Thị Sáu,Đất,ban,https://alonhadat.com.vn/ban-building-tran-quoc-toan-p-vo-thi-sau-quan-3-dt-5x17-no-hau-9-ham-6-tang-57ty-17091216.html,alonhadat,6,57000000000,126,2026-06-07,,17091216,,
SIÊU PHẨM CHDV QUẬN 3 - THU NHẬP 110 TR/THÁNG - MẶT TIỀN NGANG 6.5M HIẾM CÓ,"31,9 tỷ",106 m²,"Đường Điện Biên Phủ, Phường Bàn Cờ, Hồ Chí Minh",Quận 3,Phường 1,Đất,ban,https://alonhadat.com.vn/sieu-pham-chdv-quan-3-thu-nhap-110-tr-thang-mat-tien-ngang-6-5m-hiem-co-18717243.html,alonhadat,19,31900000000,106,2026-06-07,,18717243,,
SIÊU PHẨM MẶT TIỀN NGÔ THỜI NHIỆM - QUẬN 3 - HÀNG CỰC KHAN HIẾM,75 tỷ,144 m²,"Đường Ngô Thời Nhiệm, Phường Xuân Hòa, Hồ Chí Minh",Quận 3,Phường Võ Thị Sáu,Đất,ban,https://alonhadat.com.vn/sieu-pham-mat-tien-ngo-thoi-nhiem-quan-3-hang-cuc-khan-hiem-18754162.html,alonhadat,5,75000000000,144,2026-06-07,,18754162,,
"MT Lê Quý Đôn, P.6, Quận 3 - 11mx23m - 3 tầng - HĐ thuê 250 triệu - giá bán 98 tỷ",98 tỷ,253 m²,"Đường Lê Quý Đôn, Phường Xuân Hòa, Hồ Chí Minh",Quận 3,Phường Võ Thị Sáu,Đất,ban,https://alonhadat.com.vn/mt-le-quy-don-p-6-quan-3-11mx23m-3-tang-hd-thue-250-trieu-gia-ban-98-ty-14153017.html,alonhadat,7,98000000000,253,2026-06-07,,14153017,,
"Mặt tiền ngay Nguyễn Đình Chiểu, Quận 3, DT 6x21m, KVXD hầm, 7L, chỉ 55.8 tỷ","55,8 tỷ",120 m²,"Đường Nguyễn Thiện Thuật, Phường Bàn Cờ, Hồ Chí Minh",Quận 3,Phường 1,Đất,ban,https://alonhadat.com.vn/mat-tien-ngay-nguyen-dinh-chieu-quan-3-dt-6x21m-kvxd-ham-7l-chi-55-8-ty-9144103.html,alonhadat,3,55800000000,120,2026-06-07,,9144103,,
"Bán Building Mini 7 Tầng HXH 10m CMT8, Quận 3, 5.5x22m, HĐT 90 triệu, Chỉ 31 Tỷ",31 tỷ,120 m²,"Đường Cách Mạng Tháng 8, Phường Nhiêu Lộc, Hồ Chí Minh",Quận 3,Phường 11,Đất,ban,https://alonhadat.com.vn/ban-building-mini-7-tang-hxh-10m-cmt8-quan-3-5-5x22m-hdt-90-trieu-chi-31-ty-18757340.html,alonhadat,6,31000000000,120,2026-06-07,,18757340,,
"🌟Tài Nhà Đất🌟Lê Văn Sỹ Giáp Q3 -45m -3Tầng -4pn chỉ 9,2tỷ","9,2 tỷ",45 m²,"Đường Lê Văn Sỹ, Phường Phú Nhuận, Hồ Chí Minh",Quận 3,Phường Phú Nhuận,Đất,ban,https://alonhadat.com.vn/-tai-nha-dat-le-van-sy-giap-q3-45m-3tang-4pn-chi-9-2ty-18756279.html,alonhadat,4,9200000000,45,2026-06-07,,18756279,,
🏡NHÀ TRUNG TÂM QUẬN 3 – LÝ CHÍNH THẮNG – 40M² ĐẤT – 3 TẦNG – NHỈNH 8 ĐỒNG.,8 tỷ,40 m²,"Đường Lý Chính Thắng, Phường Bàn Cờ, Hồ Chí Minh",Quận 3,Phường 1,Đất,ban,https://alonhadat.com.vn/-nha-trung-tam-quan-3-ly-chinh-thang-40m-dat-3-tang-nhinh-8-dong--18758559.html,alonhadat,4,8000000000,40,2026-06-07,,18758559,,
"Nhà mới xây Võ Văn Tần, QUẬN 3, full nội thất, 4 tầng, giá 4.95 tỷ","4,95 tỷ",27 m²,"Đường Võ Văn Tần, Phường Bàn Cờ, Hồ Chí Minh",Quận 3,Phường Bàn Cờ,Đất,ban,https://alonhadat.com.vn/nha-moi-xay-vo-van-tan-quan-3-full-noi-that-4-tang-gia-4-95-ty-18758465.html,alonhadat,3,4950000000,27,2026-06-07,,18758465,,
"Hẻm vip Phạm Ngọc Thạch, P. 6, Q. 3 - 11.5X18m - 4 lầu - HĐT 195 tr/th - 66 tỷ",66 tỷ,207 m²,"Đường Phạm Ngọc Thạch, Phường Xuân Hòa, Hồ Chí Minh",Quận 3,Phường Võ Thị Sáu,Đất,ban,https://alonhadat.com.vn/hem-vip-pham-ngoc-thach-p-6-q-3-11-5x18m-4-lau-hdt-195-tr-th-66-ty-18753965.html,alonhadat,27,66000000000,207,2026-06-07,,18753965,,
SIÊU KIỆT TÁC DI SẢN QUẬN 3! DINH THỰ CĂN GÓC 2 MẶT TIỀN TRƯƠNG ĐỊNH - KHU VIP TÚ XƯƠNG -,500 tỷ,816 m²,"Đường Trương Định, Phường Xuân Hòa, Hồ Chí Minh",Quận 3,Phường Võ Thị Sáu,Đất,ban,https://alonhadat.com.vn/sieu-kiet-tac-di-san-quan-3-dinh-thu-can-goc-2-mat-tien-truong-dinh-khu-vip-tu-xuong--18734393.html,alonhadat,9,500000000000,816,2026-06-07,,18734393,,
"Bán nhà 2/38A Cao Thắng, P.5, Q.3",45 tỷ,132 m²,"Đường Cao Thắng, Phường Bàn Cờ, Hồ Chí Minh",Quận 3,Phường 5,Đất,ban,https://alonhadat.com.vn/ban-nha-2-38a-cao-thang-p-5-q-3-18757336.html,alonhadat,5,45000000000,132,2026-06-07,,18757336,,
"Bán building văn phòng Q.3, DT 430m², ngang 13,5m, hầm 7 tầng, HĐ thuê 12.000 USD/tháng",170 tỷ,430 m²,"Đường Võ Thị Sáu, Phường Xuân Hòa, Hồ Chí Minh",Quận 3,Phường Võ Thị Sáu,Đất,ban,https://alonhadat.com.vn/ban-building-van-phong-q-3-dt-430m-ngang-13-5m-ham-7-tang-hd-thue-12-000-usd-thang-18757259.html,alonhadat,20,170000000000,430,2026-06-07,,18757259,,
"Bán Building MT đường Khánh Hội, P3, Q4 - DT: 5mx18m - 5 lầu, HĐT: 110tr - giá: 28 tỷ",28 tỷ,90 m²,"Đường Khánh Hội, Phường Vĩnh Hội, Hồ Chí Minh",Quận 4,Phường 3,Nhà ở,ban,https://alonhadat.com.vn/ban-building-mt-duong-khanh-hoi-p3-q4-dt-5mx18m-5-lau-hdt-110tr-gia-28-ty-14152909.html,alonhadat,7,28000000000,90,2026-06-07,,14152909,,
NHÀ MẶT TIỀN ĐOÀN NHƯ HÀI QUẬN 4-DT 4X25M-KẾT CẤU 8 TẦNG-GIÁ CHỈ 43 TỶ,43 tỷ,100 m²,"Đường Đoàn Như Hài, Phường Xóm Chiếu, Hồ Chí Minh",Quận 4,Phường 12,Nhà ở,ban,https://alonhadat.com.vn/nha-mat-tien-doan-nhu-hai-quan-4-dt-4x25m-ket-cau-8-tang-gia-chi-43-ty-18757140.html,alonhadat,10,43000000000,100,2026-06-07,,18757140,,
BIỆT THỰ MINI FULL NỘI THẤT -AN BÌNH- P.5- Q.5- 5 TẦNG THANG MÁY 83m2 GARA OTO- 18.9 TỶ,"18,9 tỷ",83 m²,"Đường An Bình, Phường An Đông, Hồ Chí Minh",Quận 5,Phường 5,Biệt thự,ban,https://alonhadat.com.vn/sieu-pham-5-tang-thang-may-83m2-gara-oto-biet-thu-mini-full-noi-that-an-binh-p-5-q-5-18018816.html,alonhadat,4,18900000000,83,2026-06-07,,18018816,,
"Bán tòa nhà CHDV Nguyễn Trãi, Quận 5, DT 7x20m, Hầm+8 tầng, HĐT 150tr, giá 40 tỷ",40 tỷ,107 m²,"Đường Nguyễn Trãi, Phường Chợ Quán, Hồ Chí Minh",Quận 5,Phường 3,Căn hộ chung cư,ban,https://alonhadat.com.vn/ban-toa-nha-chdv-nguyen-trai-quan-5-dt-7x20m-ham-8-tang-hdt-150tr-gia-40-ty-18758103.html,alonhadat,35,40000000000,107,2026-06-07,,18758103,,
"Bán nhà mặt tiền Nguyễn Trãi hơn 600m2, khuôn viên lớn duy nhất.",240 tỷ,650 m²,"Đường Nguyễn Trãi, Phường Chợ Quán, Hồ Chí Minh",Quận 5,Phường 3,Nhà ở,ban,https://alonhadat.com.vn/ban-nha-mat-tien-nguyen-trai-hon-600m2-khuon-vien-lon-duy-nhat--18696253.html,alonhadat,4,240000000000,650,2026-06-07,,18696253,,
Góc 2 mặt tiền Trần Hưng Đạo – Bùi Hữu Nghĩa Quận 5 HĐ thuê 170tr/th – 79 tỷ,79 tỷ,95 m²,"Đường Trần Hưng Đạo, Phường An Đông, Hồ Chí Minh",Quận 5,Phường An Đông,Nhà ở,ban,https://alonhadat.com.vn/goc-2-mat-tien-tran-hung-dao-bui-huu-nghia-quan-5-hd-thue-170tr-th-79-ty-18411499.html,alonhadat,15,79000000000,95,2026-06-07,,18411499,,
"Nhà gần Quận 5 – Sát KDC Trung Sơn, Him Lam, giá tốt","9,99 tỷ",74 m²,"Đường Dương Bá Trạc, Phường Chánh Hưng, Hồ Chí Minh",Quận 5,Phường 1,Nhà ở,ban,https://alonhadat.com.vn/nha-gan-quan-5-sat-kdc-trung-son-him-lam-gia-tot-17898568.html,alonhadat,5,9990000000,74,2026-06-07,,17898568,,
"Bán nhà MT An Dương Vương, P.4, Q.5 - DT: 5.8mx15m - 4 lầu, HĐT: 135 triệu - Giá 46 Tỷ",46 tỷ,85 m²,"Đường An Dương Vương, Phường Chợ Quán, Hồ Chí Minh",Quận 5,Phường 4,Nhà ở,ban,https://alonhadat.com.vn/ban-nha-mt-an-duong-vuong-p-4-q-5-dt-5-8mx15m-4-lau-hdt-135-trieu-gia-46-ty-14029393.html,alonhadat,5,46000000000,85,2026-06-07,,14029393,,
"Đinh Cư Nước Ngoài Bán Nhà Ngay Huỳnh Mẫn Đạt, Q5 - Giá Chốt 4Tỷ650/60m2","4,65 tỷ",60 m²,"Đường Huỳnh Mẫn Đạt, Phường An Đông, Hồ Chí Minh",Quận 5,Phường 7,Nhà ở,ban,https://alonhadat.com.vn/dinh-cu-nuoc-ngoai-ban-nha-ngay-huynh-man-dat-q5-gia-chot-4ty650-60m2-18756855.html,alonhadat,4,4650000000,60,2026-06-07,,18756855,,
"Mặt tiền Nguyễn Trãi, Q.5, 7.4x25m, 4 tầng, giá 80 tỷ",80 tỷ,187 m²,"Đường Nguyễn Trãi, Phường Chợ Quán, Hồ Chí Minh",Quận 5,Phường 3,Nhà ở,ban,https://alonhadat.com.vn/mat-tien-nguyen-trai-q-5-7-4x25m-4-tang-gia-80-ty-16342710.html,alonhadat,5,80000000000,187,2026-06-07,,16342710,,
Mặt tiền Trần Hưng Đạo Q5 ( 4 * 17 ) 4 Tầng 30 Tỷ,30 tỷ,68 m²,"Đường Trần Hưng Đạo, Phường An Đông, Hồ Chí Minh",Quận 5,Phường An Đông,Nhà ở,ban,https://alonhadat.com.vn/mat-tien-tran-hung-dao-q5-4-17-4-tang-30-ty-18757569.html,alonhadat,6,30000000000,68,2026-06-07,,18757569,,
"Siêu Phẩm Mặt Tiền Nguyễn Trãi P3 Quận 5, DT:5x21m, 5 Tầng, HĐT:120tr, Giá:32Tỷ",32 tỷ,105 m²,"Đường Nguyễn Trãi, Phường Chợ Quán, Hồ Chí Minh",Quận 5,Phường 3,Nhà ở,ban,https://alonhadat.com.vn/sieu-pham-mat-tien-nguyen-trai-p3-quan-5-dt-5x21m-5-tang-hdt-120tr-gia-56ty-15410302.html,alonhadat,8,32000000000,105,2026-06-07,,15410302,,
"Bán nhà mặt tiền Trần Hưng Đạo, Q 5 - 4,5x18m - 6 tầng - HĐT: 80tr/th - Giá 30 tỷ",30 tỷ,80 m²,"Đường Trần Hưng Đạo, Phường An Đông, Hồ Chí Minh",Quận 5,Phường 6,Nhà ở,ban,https://alonhadat.com.vn/ban-nha-mat-tien-tran-hung-dao-q-5-4-5x18m-6-tang-hdt-80tr-th-gia-30-ty-18757591.html,alonhadat,6,30000000000,80,2026-06-07,,18757591,,
"🏢 Bán tòa nhà mặt tiền Nguyễn Trãi, P.2, Q.5, 108m² (7,3x16m), hầm 7 tầng",88 tỷ,108 m²,"Đường Nguyễn Trãi, Phường Chợ Quán, Hồ Chí Minh",Quận 5,Phường 2,Nhà ở,ban,https://alonhadat.com.vn/-ban-toa-nha-mat-tien-nguyen-trai-p-2-q-5-108m-7-3x16m-ham-7-tang-18757559.html,alonhadat,12,88000000000,108,2026-06-07,,18757559,,
💥Bán nhà MT Nguyễn Chí Thanh- 142m2 -48 TỶ TL,48 tỷ,142 m²,"Đường Nguyễn Chí Thanh, Phường Chợ Lớn, Hồ Chí Minh",Quận 5,Phường 12,Nhà ở,ban,https://alonhadat.com.vn/-mt-225-nguyen-chi-thanh-142m2-48-ty-tl-18709566.html,alonhadat,2,48000000000,142,2026-06-07,,18709566,,
"Hạ 25 tỷ Bán Gấp Nhà 6 Tầng mặt tiền đường AN DƯƠNG VƯƠNG, Q.5, 8x25m, Chỉ 89 Tỷ",89 tỷ,192 m²,"Đường An Dương Vương, Phường An Đông, Hồ Chí Minh",Quận 5,Phường 8,Nhà ở,ban,https://alonhadat.com.vn/ha-18-ty-ban-nha-6-tang-mat-tien-thuong-mai-an-duong-vuong-q-5-8x24m-chi-97-ty-18096167.html,alonhadat,10,89000000000,192,2026-06-07,,18096167,,
"MT TRẦN PHÚ, CÁCH NGÃ 6 CỘNG HÒA 200m, DT 4X21.5, 3 TẦNG, GIÁ 17 TỶ",17 tỷ,85 m²,"Đường Trần Phú, Phường Chợ Quán, Hồ Chí Minh",Quận 5,Phường 4,Đất,ban,https://alonhadat.com.vn/mt-tran-phu-cach-nga-6-cong-hoa-200m-dt-4x21-5-3-tang-gia-18-ty-17971106.html,alonhadat,3,17000000000,85,2026-06-07,,17971106,,
"Bán MT Trần Hưng Đạo Q5 (2 chiều). Ngang 4m x 17m, CN 67m2, 4 tầng, vuông vức, giá đầu tư",29 tỷ,67 m²,"Đường Trần Hưng Đạo, Phường An Đông, Hồ Chí Minh",Quận 5,Phường 6,Đất,ban,https://alonhadat.com.vn/ban-nha-mt-tran-hung-dao-q5-ngang-4m-x-17m-cn-67m2-4-tang-vuong-vuc-gia-dau-tu-18748912.html,alonhadat,6,29000000000,67,2026-06-07,,18748912,,
Góc 2 MT Nguyễn Trãi Quận 5 – Ngang 8.2m – GPXD Hầm 7 Tầng – Giá Chỉ 68 Tỷ,68 tỷ,150 m²,"Đường Nguyễn Trãi, Phường An Đông, Hồ Chí Minh",Quận 5,Phường 7,Đất,ban,https://alonhadat.com.vn/goc-2-mt-nguyen-trai-quan-5-ngang-8-2m-gpxd-ham-7-tang-gia-chi-68-ty-18757723.html,alonhadat,10,68000000000,150,2026-06-07,,18757723,,
"Bán nhà mặt tiền Quận 5 - Đối diện Đồng Khánh - sát TT Tiệc Cưới Queen Plaza 4x18 chỉ 29,5","29,5 tỷ",66 m²,"Đường Trần Hưng Đạo, Phường An Đông, Hồ Chí Minh",Quận 5,Phường 7,Đất,ban,https://alonhadat.com.vn/ban-nha-mat-tien-quan-5-doi-dien-dong-khanh-sat-tt-tiec-cuoi-queen-plaza-4x18-chi-29-5-18746548.html,alonhadat,5,29500000000,66,2026-06-07,,18746548,,
"Cần bán gấp nhà mặt tiền Trần Hưng Đạo, P. 1, Q. 5 (8,3x22m) nhà 2 lầu giá 79 tỷ TL",79 tỷ,183 m²,"Đường Trần Hưng Đạo, Phường Chợ Quán, Hồ Chí Minh",Quận 5,Phường 1,Đất,ban,https://alonhadat.com.vn/can-ban-gap-nha-mat-tien-tran-hung-dao-p-1-q-5-8-3x22m-nha-2-lau-gia-79-ty-tl-9844951.html,alonhadat,5,79000000000,183,2026-06-07,,9844951,,
"Bán căn góc 2 mặt tiền hẻm xe hơi đường Nguyễn Trãi,P7,quận 5.Ngang 5,3x14m. Hẻm 6,5m2","13,9 tỷ",45 m²,"Đường Nguyễn Trãi, Phường An Đông, Hồ Chí Minh",Quận 5,Phường 7,Đất,ban,https://alonhadat.com.vn/ban-can-goc-2-mat-tien-hem-xe-hoi-duong-nguyen-trai-p7-quan-5-ngang-5-3x14m-hem-6-5m2-18756498.html,alonhadat,4,13900000000,45,2026-06-07,,18756498,,
138 tỷ! Bán mặt tiền 235-239 Lê Hồng Phong Quận 5 - 310m2 - XD Hầm 9 Tầng,138 tỷ,310 m²,"Đường Lê Hồng Phong, Phường Chợ Quán, Hồ Chí Minh",Quận 5,Phường 4,Đất,ban,https://alonhadat.com.vn/138-ty-ban-mat-tien-235-239-le-hong-phong-quan-5-310m2-xd-ham-9-tang-18423997.html,alonhadat,5,138000000000,310,2026-06-07,,18423997,,
"Giảm sốc 1 tỷ Hẻm An Dương Vương, Q5 . 5 lầu . Giá 13 ttr 950 tr .","13,95 tỷ",42 m²,"Đường An Dương Vương, Phường Chợ Quán, Hồ Chí Minh",Quận 5,Phường 4,Đất,ban,https://alonhadat.com.vn/giam-soc-1-ty-hem-an-duong-vuong-q5-5-lau-gia-13-ttr-950-tr--18757249.html,alonhadat,6,13950000000,42,2026-06-07,,18757249,,
"Bán Hotel MT Nguyễn Chí Thanh, P.12, DT: 4.2 x 27m, 6 lầu, HĐ thuê 120tr/th",38 tỷ,110 m²,"Đường Nguyễn Chí Thanh, Phường Chợ Lớn, Hồ Chí Minh",Quận 5,Phường 12,Đất,ban,https://alonhadat.com.vn/ban-hotel-mt-nguyen-chi-thanh-p-12-dt-4-2-x-27m-6-lau-hd-thue-120tr-th-18755777.html,alonhadat,15,38000000000,110,2026-06-07,,18755777,,
"- - Bán góc 2 mặt tiền Nguyễn Trãi , Q5- 5.5m x 13m- 3 lầu đúc.Chỉ 13.5 tỷ thương lượng.","13,5 tỷ",43 m²,"Đường Nguyễn Trãi, Phường An Đông, Hồ Chí Minh",Quận 5,Phường 7,Đất,ban,https://alonhadat.com.vn/-ban-goc-2-mat-tien-nguyen-trai-q5-5-5m-x-13m-3-lau-duc-chi-13-5-ty-thuong-luong--18755819.html,alonhadat,5,13500000000,43,2026-06-07,,18755819,,
"🏡 Bán biệt thự Tân Cổ Điển Trần Văn Kiểu, Quận 6",300 tỷ,1200 m²,"Đường Trần Văn Kiểu, Phường Bình Phú, Hồ Chí Minh",Quận 6,Phường 10,Biệt thự,ban,https://alonhadat.com.vn/-ban-biet-thu-tan-co-dien-tran-van-kieu-quan-6-18757489.html,alonhadat,11,300000000000,1200,2026-06-07,,18757489,,
Hẻm 10m Hậu Giang ( 10 * 13 ) Dưới 12.5 Tỷ,"12,5 tỷ",130 m²,"Đường Hậu Giang, Phường Bình Phú, Hồ Chí Minh",Quận 6,Phường Bình Phú,Căn hộ chung cư,ban,https://alonhadat.com.vn/hem-10m-hau-giang-10-13-duoi-12-5-ty-18757358.html,alonhadat,2,12500000000,130,2026-06-07,,18757358,,
"🏢 Bán/Cho thuê tòa nhà mặt tiền Võ Văn Kiệt, P.1, Q.6",130 tỷ,336 m²,"Đường Võ Văn Kiệt, Phường Bình Tiên, Hồ Chí Minh",Quận 6,Phường 1,Nhà ở,ban,https://alonhadat.com.vn/-ban-cho-thue-toa-nha-mat-tien-vo-van-kiet-p-1-q-6-18757633.html,alonhadat,30,130000000000,336,2026-06-07,,18757633,,
Hai Mặt Tiền Hậu Giang ( 5.7 * 33 ) 5 Lầu Thang máy 58 Tỷ,58 tỷ,180 m²,"Đường Minh Phụng, Phường Bình Tây, Hồ Chí Minh",Quận 6,Phường Bình Tây,Nhà ở,ban,https://alonhadat.com.vn/hai-mat-tien-hau-giang-5-7-33-5-lau-thang-may-58-ty-18757687.html,alonhadat,12,58000000000,180,2026-06-07,,18757687,,
"CHDV 40 PHÒNG THU NHẬP 120TR/THÁNG Bình Tây, P Bình Tiên Quận 6, 259m2",29 tỷ,259 m²,"Đường Bình Tây, Phường Bình Tiên, Hồ Chí Minh",Quận 6,Phường Bình Tiên,Nhà ở,ban,https://alonhadat.com.vn/chdv-40-phong-thu-nhap-120tr-thang-binh-tay-p-binh-tien-quan-6-259m2-18729030.html,alonhadat,40,29000000000,259,2026-06-07,,18729030,,
"CHDV 20 PHÒNG, THU NHẬP 12OTR/THÁNG Hậu Giang, Bình Phú Quận 6, 125m2","27,8 tỷ",125 m²,"Đường Hậu Giang, Phường Bình Phú, Hồ Chí Minh",Quận 6,Phường Bình Phú,Nhà ở,ban,https://alonhadat.com.vn/chdv-20-phong-thu-nhap-12otr-thang-hau-giang-binh-phu-quan-6-125m2-18729100.html,alonhadat,20,27800000000,125,2026-06-07,,18729100,,
"Góc 2MT Khánh Hội và Đường 41 , Q6. DT: 5m6x14 , trệt 3 lầu , giá bán 33 tỷ TL",33 tỷ,50 m²,"Đường Khánh Hội, Phường Khánh Hội, Hồ Chí Minh",Quận 6,Phường 6,Nhà ở,ban,https://alonhadat.com.vn/goc-2mt-khanh-hoi-va-duong-41-q6-dt-5m6x14-tret-3-lau-gia-ban-33-ty-tl-17824509.html,alonhadat,6,33000000000,50,2026-06-07,,17824509,,
Bán Nhà MT kdc Bình Phú sát Metro Quận 6,"10,2 tỷ",60 m²,"Đường số 26A, Phường Bình Phú, Hồ Chí Minh",Quận 6,Phường 10,Nhà ở,ban,https://alonhadat.com.vn/ban-nha-mt-kdc-binh-phu-sat-metro-quan-6-16178486.html,alonhadat,5,10200000000,60,2026-06-07,,16178486,,
Mặt Tiền An Dương Vương ( 10.5 * 18 ) 4 Lầu Lề 10m 33 Tỷ,33 tỷ,180 m²,"Đường An Dương Vương, Phường Bình Phú, Hồ Chí Minh",Quận 6,Phường Bình Phú,Nhà ở,ban,https://alonhadat.com.vn/mat-tien-an-duong-vuong-10-5-18-4-lau-le-10m-33-ty-18757553.html,alonhadat,12,33000000000,180,2026-06-07,,18757553,,
Mặt Tiền Đường 25 Bình Phú ( 4.5 * 20 ) 4 Tầng 11.8 Tỷ,"11,8 tỷ",90 m²,"Đường Bình Phú, Phường Bình Phú, Hồ Chí Minh",Quận 6,Phường Bình Phú,Nhà ở,ban,https://alonhadat.com.vn/mat-tien-duong-25-binh-phu-4-5-20-4-tang-11-8-ty-18757586.html,alonhadat,5,11800000000,90,2026-06-07,,18757586,,
Mặt Tiền Song Hành ( 4 * 19 ) 5 Tầng 14.5 Tỷ,"14,5 tỷ",68 m²,"Đường Song Hành, Phường Bình Phú, Hồ Chí Minh",Quận 6,Phường Bình Phú,Nhà ở,ban,https://alonhadat.com.vn/mat-tien-song-hanh-4-19-5-tang-14-5-ty-18757595.html,alonhadat,6,14500000000,68,2026-06-07,,18757595,,
Hai Mặt Hẻm Bình Phú ( 6.5 * 7 ) 2 Tầng 7.5 Tỷ,"7,5 tỷ",45 m²,"Đường Bình Phú, Phường Bình Phú, Hồ Chí Minh",Quận 6,Phường Bình Phú,Nhà ở,ban,https://alonhadat.com.vn/hai-mat-hem-binh-phu-6-5-7-2-tang-7-5-ty-18757616.html,alonhadat,3,7500000000,45,2026-06-07,,18757616,,
Mặt Tiền Đường 74 Bình Phú ( 4 * 18 ) 9 Tỷ,9 tỷ,72 m²,"Đường Bình Phú, Phường Bình Phú, Hồ Chí Minh",Quận 6,Phường Bình Phú,Nhà ở,ban,https://alonhadat.com.vn/mat-tien-duong-74-binh-phu-4-18-9-ty-18757634.html,alonhadat,2,9000000000,72,2026-06-07,,18757634,,
Mặt Tiền Đường 78 View Công Viên ( 4 * 15 ) 3 Tầng 8.7 Tỷ,"8,7 tỷ",60 m²,"Đường Bình Phú, Phường Bình Phú, Hồ Chí Minh",Quận 6,Phường Bình Phú,Nhà ở,ban,https://alonhadat.com.vn/mat-tien-duong-78-view-cong-vien-4-15-3-tang-8-7-ty-18757644.html,alonhadat,4,8700000000,60,2026-06-07,,18757644,,
Hẻm 8m Khu Chợ Bình Tây ( 4.4 * 9.5 ) 3 Lầu 8.9 Tỷ,"8,9 tỷ",42 m²,"Đường Mai Xuân Thưởng, Phường Bình Tây, Hồ Chí Minh",Quận 6,Phường Bình Tây,Nhà ở,ban,https://alonhadat.com.vn/hem-8m-khu-cho-binh-tay-4-4-9-5-3-lau-8-9-ty-18757391.html,alonhadat,3,8900000000,42,2026-06-07,,18757391,,
Hẻm xe hơi chợ cây gõ ( 4.5 * 10 ) 6 tầng 7.3 tỷ,"7,3 tỷ",45 m²,"Đường Bến Phú Lâm, Phường Bình Tây, Hồ Chí Minh",Quận 6,Phường Bình Tây,Nhà ở,ban,https://alonhadat.com.vn/hem-xe-hoi-cho-cay-go-4-5-10-6-tang-7-3-ty-18757399.html,alonhadat,4,7300000000,45,2026-06-07,,18757399,,
Góc hai mặt tiền Bình Phú ( 4 * 10 ) 3 lầu 7.5 Tỷ,"7,5 tỷ",40 m²,"Đường Bình Phú, Phường Bình Phú, Hồ Chí Minh",Quận 6,Phường Bình Phú,Nhà ở,ban,https://alonhadat.com.vn/goc-hai-mat-tien-binh-phu-4-10-3-lau-7-5-ty-18757406.html,alonhadat,3,7500000000,40,2026-06-07,,18757406,,
Hai Mặt Hẻm Chợ Lớn ( 4 * 16 ) 2 Lầu 8.3 Tỷ,"8,3 tỷ",64 m²,"Đường Chợ Lớn, Phường Bình Phú, Hồ Chí Minh",Quận 6,Phường Bình Phú,Nhà ở,ban,https://alonhadat.com.vn/hai-mat-hem-cho-lon-4-16-2-lau-8-3-ty-18757421.html,alonhadat,3,8300000000.000001,64,2026-06-07,,18757421,,
Mặt Tiền Nội Khu Cư Xá Phú Lâm B ( 4 * 19.5 ) 8 Tỷ,8 tỷ,72 m²,"Đường Cư Xá Phú Lâm B, Phường Phú Lâm, Hồ Chí Minh",Quận 6,Phường Phú Lâm,Nhà ở,ban,https://alonhadat.com.vn/mat-tien-noi-khu-cu-xa-phu-lam-b-4-19-5-8-ty-18757430.html,alonhadat,2,8000000000,72,2026-06-07,,18757430,,
Tân Hoà Đông -Phường 14 Quận 6 Dt 2m x4.5m -3 tầng- giá 1️⃣ty25,"1,25 tỷ",8 m²,"Đường Tân Hòa Đông, Phường Phú Lâm, Hồ Chí Minh",Quận 6,Phường 14,Nhà ở,ban,https://alonhadat.com.vn/tan-hoa-dong-phuong-14-quan-6-dt-2m-x4-5m-3-tang-gia-1-ty25-18257298.html,alonhadat,2,1250000000,8,2026-06-07,,18257298,,
"Góc 2 MTKD đường Minh Phụng - Nguyễn Đình Chi (4*15m, 4 lầu), đối diện chợ Minh Phụng, Quậ",22 tỷ,65 m²,"Đường Minh Phụng, Phường Bình Tây, Hồ Chí Minh",Quận 6,Phường 9,Nhà ở,ban,https://alonhadat.com.vn/goc-2-mtkd-duong-minh-phung-nguyen-dinh-chi-4-15m-4-lau-doi-dien-cho-minh-phung-qua-17651847.html,alonhadat,5,22000000000,65,2026-06-07,,17651847,,
"BÁN NHÀ KHU BÌNH PHÚ, MT ĐƯỜNG SỐ 25, DT 4.5 X 20M, 3.5 TẤM, 12.3 TỶ","12,3 tỷ",90 m²,"Đường Bình Phú, Phường Bình Phú, Hồ Chí Minh",Quận 6,Phường 11,Nhà ở,ban,https://alonhadat.com.vn/ban-nha-khu-binh-phu-mt-duong-so-25-dt-4-5-x-20m-3-5-tam-12-3-ty-18624207.html,alonhadat,4,12300000000,90,2026-06-07,,18624207,,
"BÁN NHÀ ĐƯỜNG NỘI BỘ KHU BÌNH PHÚ, 4.2 X 15M, 3.5 TẤM, 9.1 TỶ. GẦN ST MEGA","9,1 tỷ",60 m²,"Đường Bình Phú, Phường Bình Phú, Hồ Chí Minh",Quận 6,Phường 11,Nhà ở,ban,https://alonhadat.com.vn/ban-nha-duong-noi-bo-khu-binh-phu-4-2-x-15m-3-5-tam-9-1-ty-gan-st-mega-18623454.html,alonhadat,4,9100000000,60,2026-06-07,,18623454,,
"BÁN NHÀ KHU BÌNH PHÚ, MT ĐƯỜNG SỐ 22, DT 4 X 19M, 3.5 TẤM, 12.5 TỶ.","12,5 tỷ",76 m²,"Đường Bình Phú, Phường Bình Phú, Hồ Chí Minh",Quận 6,Phường 11,Nhà ở,ban,https://alonhadat.com.vn/ban-nha-khu-binh-phu-mt-duong-so-22-dt-4-x-19m-3-5-tam-12-5-ty--18621235.html,alonhadat,5,12500000000,76,2026-06-07,,18621235,,
"💥 BÁN NHÀ ĐƯỜNG 12M NỘI BỘ, P. BÌNH PHÚ, 4 X 20M, 3.5 TẤM, 10.6 TỶ.","10,6 tỷ",80 m²,"Đường Bình Phú, Phường Bình Phú, Hồ Chí Minh",Quận 6,Phường Bình Phú,Nhà ở,ban,https://alonhadat.com.vn/-ban-nha-duong-12m-noi-bo-p-binh-phu-4-x-20m-3-5-tam-10-6-ty--18663987.html,alonhadat,4,10600000000,80,2026-06-07,,18663987,,
ĐƯỜNG XE TẢI HẬU GIANG NGAY BÌNH PHÚ Q6 - DT KHỦNG 10x13M - NỞ HẬU - TÁCH ĐƯỢC 2 SỔ - KO L,"11,6 tỷ",130 m²,"Đường Hậu Giang, Phường Bình Phú, Hồ Chí Minh",Quận 6,Phường Bình Phú,Đất,ban,https://alonhadat.com.vn/duong-xe-tai-hau-giang-ngay-binh-phu-q6-dt-khung-10x13m-no-hau-tach-duoc-2-so-ko-l-18758858.html,alonhadat,2,11600000000,130,2026-06-07,,18758858,,
Mặt Tiền Chợ Bình Tây ( 4.5 * 20 ) 6 Lầu Thang Máy 30.5 Tỷ,"30,5 tỷ",100 m²,"Đường Lê Tấn Kế, Phường Bình Tây, Hồ Chí Minh",Quận 6,Phường Bình Tây,Đất,ban,https://alonhadat.com.vn/mat-tien-cho-binh-tay-4-5-20-6-lau-thang-may-30-5-ty-18757669.html,alonhadat,8,30500000000,100,2026-06-07,,18757669,,
"Hot! 133m2 mt ngay khu Ẩm thực q6, 4.5x25 nh 10, 2 tầng",10 tỷ,133 m²,"Đường Cư Xá Ra Đa, Phường Phú Lâm, Hồ Chí Minh",Quận 6,Phường 13,Đất,ban,https://alonhadat.com.vn/hot-133m2-mt-ngay-khu-am-thuc-q6-4-5x25-nh-10-2-tang-nhinh-10-xxx-ty-13838837.html,alonhadat,6,10000000000,133,2026-06-07,,13838837,,
"Bán biệt thự 3 tầng p. TÂN QUY, QUẬN 7, (12 x 20m), 58 tỷ",58 tỷ,240 m²,"Đường Số 45, Phường Tân Hưng, Hồ Chí Minh",Quận 7,Phường Tân Quy,Biệt thự,ban,https://alonhadat.com.vn/ban-biet-thu-3-tang-p-tan-quy-quan-7-12-x-20m-58-ty-18436011.html,alonhadat,5,58000000000,240,2026-06-07,,18436011,,
"Nhà mặt tiền Gò Ô Môi 271m2 - ngang 6,7m - thích hợp làm văn phòng, CHDV 27,9 Tỷ","27,9 tỷ",271 m²,"Đường Gò Ô Môi, Phường Phú Thuận, Hồ Chí Minh",Quận 7,Phường Phú Thuận,Căn hộ chung cư,ban,https://alonhadat.com.vn/nha-mat-tien-go-o-moi-271m2-ngang-6-7m-thich-hop-lam-van-phong-chdv-27-9-ty-18420369.html,alonhadat,5,27900000000,271,2026-06-07,,18420369,,
7 phòng cho thuê; thu nhập 240tr/năm; ngang 5m; tương lai thành mặt tiền 12m,"5,99 tỷ",110 m²,"Đường Huỳnh Tấn Phát, Phường Phú Thuận, Hồ Chí Minh",Quận 7,Phường Phú Thuận,Nhà trọ,ban,https://alonhadat.com.vn/7-phong-cho-thue-thu-nhap-240tr-nam-ngang-5m-tuong-lai-thanh-mat-tien-12m-18670746.html,alonhadat,7,5990000000,110,2026-06-07,,18670746,,
Nhà hẻm thông 6 m Lâm Văn Bền Quận 7. 5*27. Hơn 11 tỷ. QUÁ RẺ.,"11,5 tỷ",133 m²,"Đường Số 14A, Phường Tân Thuận, Hồ Chí Minh",Quận 7,Phường Tân Thuận Tây,Nhà trọ,ban,https://alonhadat.com.vn/nha-hem-thong-6-m-cu-xa-ngan-hang-tan-thuan-tay-quan-7-5-26-133-m2-tho-cu-hon-11-ty--17455553.html,alonhadat,7,11500000000,133,2026-06-07,,17455553,,
Các con đã ra riêng Nhà ở ko hết nên bán nhà 3 tầng 5x18m,"10,99 tỷ",90 m²,"Đường Nguyễn Lương Bằng, Phường Tân Mỹ, Hồ Chí Minh",Quận 7,Phường Phú Mỹ,Nhà ở,ban,https://alonhadat.com.vn/cac-con-da-ra-rieng-nha-o-ko-het-nen-ban-nha-3-tang-5x18m-18756833.html,alonhadat,5,10990000000,90,2026-06-07,,18756833,,
Cô 2 nhờ bán 4 tầng 6.6x21 Oto Sổ sẵn sang tên ngay 12 tỷ,12 tỷ,138 m²,"Đường Nguyễn Văn Linh, Phường Tân Thuận, Hồ Chí Minh",Quận 7,Phường Bình Thuận,Nhà ở,ban,https://alonhadat.com.vn/co-2-nho-ban-4-tang-6-6x21-oto-so-san-sang-ten-ngay-12-ty-18756649.html,alonhadat,5,12000000000,138,2026-06-07,,18756649,,
Nhà gần Lotte 4 tầng 6.6x21 Oto Sổ sẵn sang tên ngay 12 tỷ,12 tỷ,138 m²,"Đường Nguyễn Thị Thập, Phường Tân Thuận, Hồ Chí Minh",Quận 7,Phường Tân Thuận,Nhà ở,ban,https://alonhadat.com.vn/nha-gan-lotte-4-tang-6-6x21-oto-so-san-sang-ten-ngay-12-ty-18756534.html,alonhadat,5,12000000000,138,2026-06-07,,18756534,,
"BÁN NHÀ 4 TẦNG,XE HƠI ĐỖ CỬA,DIỆN TÍCH 74 MÉT,ĐƯỜNG LÂM VĂN BỀN,FULL NỘI THẤT,GIÁ 9 TỶ x","9,5 tỷ",74 m²,"Đường Lâm Văn Bền, Phường Tân Hưng, Hồ Chí Minh",Quận 7,Phường Tân Kiểng,Nhà ở,ban,https://alonhadat.com.vn/ban-nha-4-tang-xe-hoi-do-cua-dien-tich-74-met-duong-lam-van-ben-full-noi-that-gia-9-ty-x-18758305.html,alonhadat,4,9500000000,74,2026-06-07,,18758305,,
💥HÀNG VIP KIỀU ĐÀM - NHỈNH 4TỶ - 2TẦNG - NGANG 3.5M - SỔ HỒNG RIÊNG HOÀN CÔNG FULL 🥰,"4,79 tỷ",31 m²,"Đường Trần Xuân Soạn, Phường Tân Hưng, Hồ Chí Minh",Quận 7,Phường Tân Hưng,Nhà ở,ban,https://alonhadat.com.vn/-hang-vip-kieu-dam-nhinh-4ty-2tang-ngang-3-5m-so-hong-rieng-hoan-cong-full--18442074.html,alonhadat,2,4790000000,31,2026-06-07,,18442074,,
🔥 NHÀ 3 TẦNG SÁT NGUYỄN THỊ THẬP - HẺM 4M - SHR HC - CHỈ 4.65 TỶ 🔥,"4,65 tỷ",30 m²,"Đường Huỳnh Tấn Phát, Phường Phú Thuận, Hồ Chí Minh",Quận 7,Phường Phú Thuận,Nhà ở,ban,https://alonhadat.com.vn/-nha-3-tang-sat-nguyen-thi-thap-hem-4m-shr-hc-chi-4-65-ty--18442005.html,alonhadat,4,4650000000,30,2026-06-07,,18442005,,
"GIẢM 300TRIỆU BÁN NHÀ LÊ VĂN LƯƠNG,QUẬN 7-GIÁ:3.95TỶ/58M2 (5x11.6M) CÓ SỔ","3,95 tỷ",58 m²,"Đường Lê Văn Lương, Phường Tân Hưng, Hồ Chí Minh",Quận 7,Phường Tân Phong,Nhà ở,ban,https://alonhadat.com.vn/giam-300trieu-ban-nha-le-van-luong-quan-7-gia-3-95ty-58m2-5x11-6m-co-so-18757346.html,alonhadat,4,3950000000,58,2026-06-07,,18757346,,
"(QUẬN 7) XE HƠI ĐỖ CỬA LÂM VĂN BỀN, 80M2, KHU CAO TẦNG, VUÔNG VỨC, SHR, NHỈNH 8T","8,8 tỷ",80 m²,"Đường Lâm Văn Bền, Phường Tân Hưng, Hồ Chí Minh",Quận 7,Phường Tân Hưng,Nhà ở,ban,https://alonhadat.com.vn/-quan-7-xe-hoi-do-cua-lam-van-ben-80m2-khu-cao-tang-vuong-vuc-shr-nhinh-8t-18443206.html,alonhadat,2,8800000000,80,2026-06-07,,18443206,,
🔥Q7- NHÀ HẺM MT 4M PHÙ HỢP KH CẦN VỊ TRÍ KD - 54M2 -HXH- NHỈNH 7T(TL),"7,8 tỷ",54 m²,"Đường Huỳnh Tấn Phát, Phường Tân Mỹ, Hồ Chí Minh",Quận 7,Phường Tân Mỹ,Nhà ở,ban,https://alonhadat.com.vn/-q7-nha-hem-mt-4m-phu-hop-kh-can-vi-tri-kd-54m2-hxh-nhinh-7t-tl--18756207.html,alonhadat,4,7800000000,54,2026-06-07,,18756207,,
"Nhà 2 tầng, Huỳnh Tấn Phát, Quận 7. DT 65m2, ngang 4m, HXH. Nhỉnh 6 tỷ","6,8 tỷ",65 m²,"Đường Huỳnh Tấn Phát, Phường Phú Thuận, Hồ Chí Minh",Quận 7,Phường Phú Thuận,Nhà ở,ban,https://alonhadat.com.vn/nha-moi-phuong-phu-thuan-quan-7-52m2-3-tang-full-noi-that-6-x5-ty-15959656.html,alonhadat,3,6800000000,65,2026-06-07,,15959656,,
"Bán nhà 4 tầng , Nguyễn Thị Thập, 60m2, ngang 5m, mặt tiền nhựa 8m. Nhỉnh 7 tỷ","7,6 tỷ",60 m²,"Đường Nguyễn Thị Thập, Phường Tân Thuận, Hồ Chí Minh",Quận 7,Phường Bình Thuận,Nhà ở,ban,https://alonhadat.com.vn/ban-nha-3-tang-le-van-luong-quan-7-60m2-hoan-cong-chi-3-xx-ty-17060942.html,alonhadat,4,7600000000,60,2026-06-07,,17060942,,
"Bán nhà mặt tiền Phú Thuận Quận 7, 5 tầng, 76m2, phù hợp CHDV, giá 16 tỷ","16,9 tỷ",76 m²,"Đường Phú Thuận, Phường Phú Thuận, Hồ Chí Minh",Quận 7,Phường Phú Thuận,Nhà ở,ban,https://alonhadat.com.vn/ban-nha-mat-tien-phu-thuan-quan-7-5-tang-76m2-phu-hop-chdv-gia-16-ty-18445249.html,alonhadat,5,16899999999.999998,76,2026-06-07,,18445249,,
"Nhà MT Lê Thị Chợ Q7, được hầm và cao tầng. 160 m2 giảm mạnh 15 tỷ . QUÁ RẺ!",15 tỷ,160 m²,"Đường Lê Thị Chợ, Phường Phú Thuận, Hồ Chí Minh",Quận 7,Phường Phú Thuận,Nhà ở,ban,https://alonhadat.com.vn/nha-mt-le-thi-cho-q7-duoc-ham-va-cao-tang-160-m2-giam-manh-15-ty-qua-re--17658627.html,alonhadat,5,15000000000,160,2026-06-07,,17658627,,
"Nhà 2 tầng hẻm xe hơi 44 Bùi Văn Ba quận 7. 5,5*23 chỉ 10,3 tỷ.","10,3 tỷ",130 m²,"Đường Bùi Văn Ba, Phường Tân Thuận, Hồ Chí Minh",Quận 7,Phường Tân Thuận Đông,Nhà ở,ban,https://alonhadat.com.vn/nha-2-tang-hem-xe-hoi-44-bui-van-ba-quan-7-5-5-23-chi-10-3-ty--17476179.html,alonhadat,10,10300000000,130,2026-06-07,,17476179,,
Nhà mặt tiền đường Nguyễn Văn Linh TT Tây Quận 7. 7*17 chỉ 16 tỷ,16 tỷ,140 m²,"Đường Nguyễn Văn Linh, Phường Tân Thuận, Hồ Chí Minh",Quận 7,Phường Tân Thuận Tây,Nhà ở,ban,https://alonhadat.com.vn/nha-mat-tien-duong-nguyen-van-linh-tt-tay-quan-7-7-17-chi-15-ty-via-he-10-m--17300355.html,alonhadat,2,16000000000,140,2026-06-07,,17300355,,
"NHÀ CHÍNH CHỦ LÂU NĂM - HXH THÔNG - 75M2 NGANG 4,3M - LẠC LONG QUÂN - 7,99 TỶ","7,99 tỷ",75 m²,"Đường Lạc Long Quân, Phường Bảy Hiền, Hồ Chí Minh",Quận 7,Phường 11,Nhà ở,ban,https://alonhadat.com.vn/nha-chinh-chu-lau-nam-hxh-thong-75m2-ngang-4-3m-lac-long-quan-7-99-ty-18758003.html,alonhadat,3,7990000000,75,2026-06-07,,18758003,,
"Nhà góc 2 Mt Khu Cư Xá Ngân Hàng Quận 7. Dt 4,15x20,5m 3 Tầng giá 18,5 tỷ TL","18,5 tỷ",84 m²,"Đường Số 3, Phường Tân Thuận, Hồ Chí Minh",Quận 7,Phường Tân Thuận Đông,Nhà ở,ban,https://alonhadat.com.vn/nha-goc-2-mt-khu-cu-xa-ngan-hang-quan-7-dt-4-15x20-5m-3-tang-gia-18-5-ty-tl-18755935.html,alonhadat,4,18500000000,84,2026-06-07,,18755935,,
"Hàng hiếm,lô góc hxh ngủ nhà,Huỳnh Tấn Phát q7,kế bẻn kdc Nam Long,70m²,4 tầng,chỉ hơn 6 t","6,6 tỷ",70 m²,"Đường Huỳnh Tấn Phát, Phường Phú Thuận, Hồ Chí Minh",Quận 7,Phường Phú Thuận,Nhà ở,ban,https://alonhadat.com.vn/hang-hiem-lo-goc-hxh-ngu-nha-huynh-tan-phat-q7-ke-ben-kdc-nam-long-70m-4-tang-chi-hon-6-t-18755341.html,alonhadat,8,6600000000,70,2026-06-07,,18755341,,
"Bán nhà 3 tầng HXT cạnh Phú Mỹ Hưng, quận 7, full nội thất, 10.6 tỷ","10,6 tỷ",60 m²,"Đường Gò Ô Môi, Phường Phú Thuận, Hồ Chí Minh",Quận 7,Phường Phú Thuận,Nhà ở,ban,https://alonhadat.com.vn/ban-nha-3-tang-hxt-canh-phu-my-hung-quan-7-full-noi-that-10-6-ty-18435945.html,alonhadat,4,10600000000,60,2026-06-07,,18435945,,
"Bán nhà 4 tầng Lâm Văn Bền, quận 7, ngang hơn 4m, NỞ HẬU, dòng tiền 36tr/ tháng, 13.6 tỷ","13,6 tỷ",34 m²,"Đường Lâm Văn Bền, Phường Tân Thuận, Hồ Chí Minh",Quận 7,Phường Bình Thuận,Nhà ở,ban,https://alonhadat.com.vn/ban-nha-4-tang-lam-van-ben-quan-7-ngang-hon-4m-no-hau-dong-tien-36tr-thang-13-6-ty-18756349.html,alonhadat,3,13600000000,34,2026-06-07,,18756349,,
"Bán nhà MT chợ Tân Quy, quận 7, có THANG MÁY, 31 tỷ",31 tỷ,78 m²,"Đường Số 15, Phường Tân Hưng, Hồ Chí Minh",Quận 7,Phường Tân Quy,Nhà ở,ban,https://alonhadat.com.vn/ban-nha-mt-cho-tan-quy-quan-7-co-thang-may-31-ty-18443330.html,alonhadat,4,31000000000,78,2026-06-07,,18443330,,
"Chdv 6 tầng, Lý Phục Man. 110m2, ngang 7m, 21 phòng, dòng tiền 1.5 tỷ/năm - Hơn 18 tỷ","19,1 tỷ",110 m²,"Đường Lý Phục Man, Phường Tân Thuận, Hồ Chí Minh",Quận 7,Phường Bình Thuận,Đất,ban,https://alonhadat.com.vn/chdv-6-tang-ly-phuc-man-110m2-ngang-7m-21-phong-dong-tien-1-5-ty-nam-hon-18-ty-18758213.html,alonhadat,21,19100000000,110,2026-06-07,,18758213,,
"Nhà 3 tầng Lý Phục Man Quận 7. 10*27, chỉ 82 tr/ m2 đất vuông đẹp.",22 tỷ,270 m²,"Đường Lý Phục Man, Phường Tân Thuận, Hồ Chí Minh",Quận 7,Phường Bình Thuận,Đất,ban,https://alonhadat.com.vn/nha-3-tang-ly-phuc-man-quan-7-10-27-chi-82-tr-m2-dat-vuong-dep--17732045.html,alonhadat,6,22000000000,270,2026-06-07,,17732045,,
"Bán CHCC SUNRISE CITY, 3PN, 163m2, 23 Nguyễn hữu thọ, quận 7,tầng cao 17.9 tỷ","17,9 tỷ",163 m²,"Đường Nguyễn Hữu Thọ, Phường Tân Hưng, Hồ Chí Minh",Quận 7,Phường Tân Hưng,Đất,ban,https://alonhadat.com.vn/ban-chcc-sunrise-city-3pn-163m2-23-nguyen-huu-tho-quan-7-tang-cao-17-9-ty-18342645.html,alonhadat,3,17900000000,163,2026-06-07,,18342645,,
Bán Lô Đất Mặt Tiền đường Hoàng Trọng Mậu (D1) DT:5x20 - giá ; 32 tỷ TL khu himlam quận 7,32 tỷ,100 m²,"Đường Hoàng Trọng Mậu, Phường Tân Hưng, Hồ Chí Minh",Quận 7,Phường Tân Hưng,Đất nền,ban,https://alonhadat.com.vn/ban-lo-dat-mat-tien-duong-hoang-trong-mau-d1-dt-5x20-khu-himlam-quan-7-18155947.html,alonhadat,1,32000000000,100,2026-06-07,,18155947,,
BÁN CĂN HỘ DỊCH VỤ CAO CẤP 17 PHÒNG – DÒNG TIỀN HƠN 120 TRIỆU/THÁNG – QUẬN 8.,"25,8 tỷ",130 m²,"Đường Âu Dương Lân, Phường Chánh Hưng, Hồ Chí Minh",Quận 8,Phường Chánh Hưng,Căn hộ chung cư,ban,https://alonhadat.com.vn/ban-can-ho-dich-vu-cao-cap-17-phong-dong-tien-hon-120-trieu-thang-quan-8--18435886.html,alonhadat,17,25800000000,130,2026-06-07,,18435886,,
"Nhà hẻm xe hơi Tạ Quang Bửu ngang 9m, 35tr/ tháng chỉ 11 tỷ 5","11,5 tỷ",117 m²,"Đường Tạ Quang Bửu, Phường Chánh Hưng, Hồ Chí Minh",Quận 8,Phường 3,Nhà ở,ban,https://alonhadat.com.vn/nha-hem-xe-hoi-ta-quang-buu-ngang-9m-35tr-thang-chi-11-ty-5-16461064.html,alonhadat,7,11500000000,117,2026-06-07,,16461064,,
Mặt tiền hẻm 109 Dương Bá Trạc 5.3x10 Nở hậu chỉ 12 tỷ,12 tỷ,61 m²,"Đường Dương Bá Trạc, Phường Chánh Hưng, Hồ Chí Minh",Quận 8,Phường 1,Nhà ở,ban,https://alonhadat.com.vn/mat-tien-hem-duong-ba-trac-5-2x10-4-tang-chu-xay-o-4-phong-chi-14-ty-14796264.html,alonhadat,4,12000000000,61,2026-06-07,,14796264,,
"NHÀ MỚI DƯƠNG BÁ TRẠC HẺM THÔNG, 4.1x14m , CHỈ 6T hơn","6,2 tỷ",62 m²,"Đường Dương Bá Trạc, Phường Chánh Hưng, Hồ Chí Minh",Quận 8,Phường Chánh Hưng,Nhà ở,ban,https://alonhadat.com.vn/nha-moi-duong-ba-trac-hem-thong-4-1x14m-chi-6t-hon-18757367.html,alonhadat,3,6200000000,62,2026-06-07,,18757367,,
Hiếm! Nhà mặt tiền gần Chợ Nhị Thiên Đường- chỉ hơn 10 tỷ,"10,8 tỷ",72 m²,"Đường Hoàng Minh Đạo, Phường Chánh Hưng, Hồ Chí Minh",Quận 8,Phường Chánh Hưng,Nhà ở,ban,https://alonhadat.com.vn/hiem-nha-mat-tien-gan-cho-nhi-thien-duong-chi-hon-10-ty-18435955.html,alonhadat,3,10800000000,72,2026-06-07,,18435955,,
"Bán mặt tiền kd Dương Bá Trạc, 160m2, 4 tầng, giảm sốc nhỉnh 16 tỏi, hẻm xe tải",16 tỷ,110 m²,"Đường Dương Bá Trạc, Phường Chánh Hưng, Hồ Chí Minh",Quận 8,Phường 1,Nhà ở,ban,https://alonhadat.com.vn/ban-mat-tien-kd-duong-ba-trac-160m2-4-tang-giam-soc-nhinh-16-toi-hem-xe-tai-18756705.html,alonhadat,5,16000000000,110,2026-06-07,,18756705,,
"Cần bán nhà 4 tầng sát hẻm ô tô Tạ Quang Bửu, Quận 8 - 51m2 - sổ riêng - nhỉnh 6 tỷ","6,6 tỷ",51 m²,"Đường Tạ Quang Bửu, Phường Chánh Hưng, Hồ Chí Minh",Quận 8,Phường Chánh Hưng,Nhà ở,ban,https://alonhadat.com.vn/can-ban-nha-4-tang-sat-hem-o-to-ta-quang-buu-quan-8-51m2-so-rieng-nhinh-6-ty-18756497.html,alonhadat,5,6600000000,51,2026-06-07,,18756497,,
"🔥Cần bán Gấp căn nhà 1 Tỷ 370 Triệu đang cho thuê 18Triệu/tháng - Phạm Thế Hiển, Quận 8🔥","1,37 tỷ",72 m²,"Đường Phạm Thế Hiển, Phường Bình Đông, Hồ Chí Minh",Quận 8,Phường 7,Nhà ở,ban,https://alonhadat.com.vn/-can-ban-gap-can-nha-1-ty-370-trieu-dang-cho-thue-18trieu-thang-pham-the-hien-quan-8--18585388.html,alonhadat,3,1370000000,72,2026-06-07,,18585388,,
"Nhà Ưu Long , Ngang 4,2m, 3 tầng BTCT, sổ hồng riêng- Chỉ nhỉnh 12 tỷ","12,2 tỷ",88 m²,"Đường Ưu Long, Phường Phú Định, Hồ Chí Minh",Quận 8,Phường 13,Nhà ở,ban,https://alonhadat.com.vn/ban-nha-mat-tien-quan-8-ngang-4-2m-3-tang-btct-so-hong-rieng-chi-nhinh-12-ty-18143589.html,alonhadat,4,12200000000,88,2026-06-07,,18143589,,
Bán nhà gần quận 8 - KDC Bình Hưng - 4 Tầng - Đường nhựa 12m - 6 x 20m - Chỉ 13 Tỷ,13 tỷ,120 m²,"Đường số 12, Xã Bình Hưng, Hồ Chí Minh",Quận 8,Xã Bình Hưng,Nhà ở,ban,https://alonhadat.com.vn/ban-nha-gan-quan-8-kdc-binh-hung-4-tang-duong-nhua-12m-6-x-20m-chi-13-ty-18758771.html,alonhadat,4,13000000000,120,2026-06-07,,18758771,,
🏡Nhà Mới Đón Tết Bình Đông Quận 8 - Chỉ 4 tỷ nhỉnh 1 xíu - Tặng Full Nội Thất,"4,7 tỷ",50 m²,"Đường Bình Đông, Phường Phú Định, Hồ Chí Minh",Quận 8,Phường 14,Nhà ở,ban,https://alonhadat.com.vn/-nha-moi-don-tet-binh-dong-quan-8-chi-5-ty-nhinh-1-xiu-tang-full-noi-that-18178233.html,alonhadat,2,4700000000,50,2026-06-07,,18178233,,
"Bán nhà mặt tiền đường Trần Văn Thành, Quận 8, 28M2, 2 tầng.","4,35 tỷ",28 m²,"Đường Trần Văn Thành, Phường Chánh Hưng, Hồ Chí Minh",Quận 8,Phường 10,Nhà ở,ban,https://alonhadat.com.vn/ban-nha-mat-tien-duong-tran-van-thanh-quan-8-28m2-2-tang--18758215.html,alonhadat,2,4350000000,28,2026-06-07,,18758215,,
"MẶT TIỀN DƯƠNG BÁ TRẠC QUẬN 8 , CÁCH Q1 CHỈ 200M, DT 121M2 NGANG 5M, GIÁ RẺ NHẤT KHU","16,9 tỷ",121 m²,"Đường Dương Bá Trạc, Phường Chánh Hưng, Hồ Chí Minh",Quận 8,Phường 1,Nhà ở,ban,https://alonhadat.com.vn/mat-tien-duong-ba-trac-quan-8-cach-q1-chi-200m-dt-121m2-ngang-5m-gia-re-nhat-khu-18440116.html,alonhadat,2,16899999999.999998,121,2026-06-07,,18440116,,
"BÁN NHÀ MẶT TIỀN KDC BÙI MINH TRỰC - QUẬN 8 - 4 TẦNG -NGANG 4,5M- NHỈNH 9 TỶ -","9,4 tỷ",52 m²,"Đường Bùi Minh Trực, Phường Bình Đông, Hồ Chí Minh",Quận 8,Phường 6,Nhà ở,ban,https://alonhadat.com.vn/ban-nha-mat-tien-kdc-bui-minh-truc-quan-8-4-tang-ngang-4-5m-nhinh-9-ty--18757357.html,alonhadat,5,9400000000,52,2026-06-07,,18757357,,
BÁN NHÀ HẺM XE HƠI - 3 TẦNG- BÙI MINH TRỰC - QUẬN 8 - 63M2 - NHỈNH 5 TỶ,"5,98 tỷ",63 m²,"Đường Bùi Minh Trực, Phường Bình Đông, Hồ Chí Minh",Quận 8,Phường 6,Nhà ở,ban,https://alonhadat.com.vn/ban-nha-hem-xe-hoi-3-tang-bui-minh-truc-quan-8-63m2-nhinh-5-ty-18757052.html,alonhadat,4,5980000000,63,2026-06-07,,18757052,,
"Bán nhà đẹp 3 tầng, tặng full Nội thất. 184/.âu Dương Lân Q.8 chỉ 6.4 tỷ.","6,4 tỷ / m²",43 m²,"Đường Âu Dương Lân, Phường Chánh Hưng, Hồ Chí Minh",Quận 8,Phường 3,Nhà ở,ban,https://alonhadat.com.vn/ban-nha-dep-3-tang-tang-full-noi-that-184-au-duong-lan-q-8-chi-6-4-ty--18757017.html,alonhadat,3,275200000000,43,2026-06-07,,18757017,,
"Mặt tiền hẻm Dương Bá Trạc 4.6x17, tặng nội thất, 60tr/ tháng chỉ 11 tỷ 9","11,9 tỷ",73 m²,"Đường Dương Bá Trạc, Phường Chánh Hưng, Hồ Chí Minh",Quận 8,Phường 2,Đất,ban,https://alonhadat.com.vn/mat-tien-hem-duong-ba-trac-4-6x17-tang-noi-that-60tr-thang-chi-11-ty-9-16004583.html,alonhadat,11,11900000000,73,2026-06-07,,16004583,,
"Mặt Tiền Đường Số 22 - KDC Bình Hưng - Đối Diện Bến Xe Quận 8 - 7x19 - Chỉ 13,5 Tỷ TL","13,5 tỷ",136 m²,"Đường số 22, Xã Bình Hưng, Hồ Chí Minh",Quận 8,Xã Bình Hưng,Đất,ban,https://alonhadat.com.vn/mat-tien-duong-so-22-kdc-binh-hung-doi-dien-ben-xe-quan-8-7x19-chi-13-5-ty-tl-18756164.html,alonhadat,3,13500000000,136,2026-06-07,,18756164,,
Bán Nhà Dương Bá Trạc Quận 8 - Hẻm Xe Hơi - Chủ Ngộp Giảm Gấp Còn 6.2 Tỷ Sổ Hồng Riêng,"6,2 tỷ",54 m²,"Đường Dương Bá Trạc, Phường Chánh Hưng, Hồ Chí Minh",Quận 8,Phường 2,Đất,ban,https://alonhadat.com.vn/ban-nha-duong-ba-trac-quan-8-hem-xe-hoi-chu-ngop-giam-gap-con-6-2-ty-so-hong-rieng-18755487.html,alonhadat,3,6200000000,54,2026-06-07,,18755487,,
SIÊU PHẨM MẶT TIỀN KINH DOANH - 4 TẦNG - SÁT BẾN XE Q8- ĐƯỜNG 20M - 7 x20M - NHỈNH 12TỶ,"12,9 tỷ",140 m²,"Đường số 22, Xã Bình Hưng, Hồ Chí Minh",Quận 8,Xã Bình Hưng,Đất,ban,https://alonhadat.com.vn/sieu-pham-mat-tien-kinh-doanh-4-tang-sat-ben-xe-q8-duong-20m-7-x20m-nhinh-12ty-18758893.html,alonhadat,4,12900000000,140,2026-06-07,,18758893,,
CỰC HIẾM GẦN BẾN XE Q8 - 5 TẦNG - KDC BÌNH HƯNG - ĐƯỜNG NHỰA 12 M - 5x20M- NHỈNH 12 TỶ,"12,5 tỷ",100 m²,"Đường số 9, Xã Bình Hưng, Hồ Chí Minh",Quận 8,Xã Bình Hưng,Đất,ban,https://alonhadat.com.vn/cuc-hiem-gan-ben-xe-q8-5-tang-kdc-binh-hung-duong-nhua-12-m-5x20m-nhinh-12-ty-18758800.html,alonhadat,6,12500000000,100,2026-06-07,,18758800,,
"MẶT TIỀN KD CAO LỖ, GẦN TTTM PARC MALL QUẬN 8, VỪA Ở VỪA KINH DOANH, GIÁ TỐT","10,88 tỷ",65 m²,"Đường Cao Lỗ, Phường Chánh Hưng, Hồ Chí Minh",Quận 8,Phường 4,Đất,ban,https://alonhadat.com.vn/mat-tien-kd-cao-lo-gan-tttm-parc-mall-quan-8-vua-o-vua-kinh-doanh-gia-tot-18442249.html,alonhadat,4,10880000000,65,2026-06-07,,18442249,,
"MẶT TIỀN KD QUỐC LỘ 50, GẦN BẾN XE QUẬN 8, 110M2, NGANG 5M, KHU MUA BÁN SẦM UẤT, SHR","7,5 tỷ",110 m²,"Đường Quốc Lộ 50, Xã Bình Hưng, Hồ Chí Minh",Quận 8,Xã Bình Hưng,Đất,ban,https://alonhadat.com.vn/mat-tien-kd-quoc-lo-50-gan-ben-xe-quan-8-110m2-ngang-5m-khu-mua-ban-sam-uat-shr-18590891.html,alonhadat,2,7500000000,110,2026-06-07,,18590891,,
"Biệt thự VIP Sài Gòn Pearl, DT 357 m (17x21), dành cho giới thượng lưu",300 tỷ,357 m²,"Đường Nguyễn Hữu Cảnh, Phường Thạnh Mỹ Tây, Hồ Chí Minh",Quận Bình Thạnh,Phường Thạnh Mỹ Tây,Biệt thự,ban,https://alonhadat.com.vn/biet-thu-vip-sai-gon-pearl-dt-357-m-17x21-danh-cho-gioi-thuong-luu-18748877.html,alonhadat,5,300000000000,357,2026-06-07,,18748877,,
"🌟Tài Nhà Đất🌟Biệt Thự Phố Bùi Đình Tuý Bình Thạnh HXH 110m chỉ 15,99 tỷ","15,99 tỷ",110 m²,"Đường Bùi Đình Túy, Phường Bình Thạnh, Hồ Chí Minh",Quận Bình Thạnh,Phường 12,Biệt thự,ban,https://alonhadat.com.vn/-tai-nha-dat-biet-thu-pho-bui-dinh-tuy-binh-thanh-hxh-110m-chi-15-99-ty-18758876.html,alonhadat,3,15990000000,110,2026-06-07,,18758876,,
"Bán nhà hạ chào 2 tỷ, 2 mặt HXH Bùi Đình Tuý, P. Bình Thạnh, TPHCM, 110m2, 4 tầng. gía rẻ","15,5 tỷ",110 m²,"Đường Bùi Đình Túy, Phường Bình Thạnh, Hồ Chí Minh",Quận Bình Thạnh,Phường 12,Biệt thự,ban,https://alonhadat.com.vn/ban-nha-ha-chao-2-ty-2-mat-hxh-bui-dinh-tuy-p-binh-thanh-tphcm-110m2-4-tang-gia-re-18756940.html,alonhadat,4,15500000000,110,2026-06-07,,18756940,,
SIÊU PHẨM DÒNG TIỀN BÌNH THẠNH - TÒA CHDV 2 MẶT TIỀN TRƯỚC SAU CỰC HIẾM - THU 100 TRIỆU/TH,20 tỷ,146 m²,"Đường Nơ Trang Long, Phường Gia Định, Hồ Chí Minh",Quận Bình Thạnh,Phường 7,Căn hộ chung cư,ban,https://alonhadat.com.vn/sieu-pham-dong-tien-binh-thanh-toa-chdv-2-mat-tien-truoc-sau-cuc-hiem-thu-100-trieu-th-18756982.html,alonhadat,20,20000000000,146,2026-06-07,,18756982,,
BÁN NHÀ ĐẶNG THÙY TRÂM P13 BÌNH THẠNH - 4 TẦNG - DT 5 X 14 - GIÁ 11.8 TỶ,"11,8 tỷ",70 m²,"Đường Bạch Đằng, Phường Bình Lợi Trung, Hồ Chí Minh",Quận Bình Thạnh,Phường 13,Căn hộ chung cư,ban,https://alonhadat.com.vn/ban-nha-dang-thuy-tram-p13-binh-thanh-4-tang-dt-5-x-14-gia-11-8-ty-18757793.html,alonhadat,7,11800000000,70,2026-06-07,,18757793,,
"BÁN CĂN GÓC 2MT ĐINH BỘ LĨNH, BÌNH THẠNH - DT 4,5X21M- 6 TẦNG+ TM, HĐT- 80TR/TH- GIÁ 26 TY","26,8 tỷ",20 m²,"Đường Đinh Bộ Lĩnh, Phường Bình Thạnh, Hồ Chí Minh",Quận Bình Thạnh,Phường 26,Căn hộ chung cư,ban,https://alonhadat.com.vn/ban-can-goc-2mt-dinh-bo-linh-binh-thanh-dt-4-5x21m-6-tang-tm-hdt-80tr-th-gia-26-ty-18757917.html,alonhadat,15,26800000000,20,2026-06-07,,18757917,,
"Bán nhà đường Hoàng Hoa Thám, P7 Bình Thạnh – ô tô đỗ cửa – 3 tầng – 11.5 tỷ","11,5 tỷ",87 m²,"Đường Hoàng Hoa Thám, Phường Gia Định, Hồ Chí Minh",Quận Bình Thạnh,Phường 7,Căn hộ chung cư,ban,https://alonhadat.com.vn/ban-nha-duong-hoang-hoa-tham-p7-binh-thanh-o-to-do-cua-3-tang-11-5-ty-18398421.html,alonhadat,5,11500000000,87,2026-06-07,,18398421,,
"Bán nhà đường Phan Đăng Lưu, P6 Bình Thạnh – CHDV - ngang 8.2m – 5 tầng – 79m² - 17 tỷ",17 tỷ,79 m²,"Đường Phan Đăng Lưu, Phường Bình Lợi Trung, Hồ Chí Minh",Quận Bình Thạnh,Phường 6,Căn hộ chung cư,ban,https://alonhadat.com.vn/ban-nha-duong-phan-dang-luu-p6-binh-thanh-ngang-8-2m-5-tang-17-ty-18398329.html,alonhadat,12,17000000000,79,2026-06-07,,18398329,,
"HóT 45m² x 3T chỉ 5,7tỷ, mở Spa, DV làm đẹp, chăm sóc SK rất tốt. HXH ra đg Phan Văn Trị","5,7 tỷ",45 m²,"Đường Phan Văn Trị, Phường Bình Lợi Trung, Hồ Chí Minh",Quận Bình Thạnh,Phường 11,Nhà ở,ban,https://alonhadat.com.vn/hot-45m-x-3t-chi-5-7ty-mo-spa-dv-lam-dep-cham-soc-sk-rat-tot-hxh-ra-dg-phan-van-tri-18730304.html,alonhadat,3,5700000000,45,2026-06-07,,18730304,,
NHÀ 4 TẦNG - 4PN - GẦN NGÃ TƯ PHẠM VĂN ĐỒNG - CHỈ 6.X TỶ,"6,8 tỷ",44 m²,"Đường Nguyễn Xí, Phường Bình Lợi Trung, Hồ Chí Minh",Quận Bình Thạnh,Phường 13,Nhà ở,ban,https://alonhadat.com.vn/nha-4-tang-4pn-gan-nga-tu-pham-van-dong-chi-6-x-ty-18758970.html,alonhadat,4,6800000000,44,2026-06-07,,18758970,,
🔥 CHDV 7 TẦNG THANG MÁY – NGANG 5.3M – DÒNG TIỀN 70TR/THÁNG – BÙI HỮU NGHĨA,21 tỷ,72 m²,"Đường Bùi Hữu Nghĩa, Phường Gia Định, Hồ Chí Minh",Quận Bình Thạnh,Phường 2,Nhà ở,ban,https://alonhadat.com.vn/-chdv-7-tang-thang-may-ngang-5-3m-dong-tien-70tr-thang-bui-huu-nghia-18758920.html,alonhadat,10,21000000000,72,2026-06-07,,18758920,,
"Chỉ 2 tỷ 780 sở hữu ngay nhà Trần Bình Trọng, 52 m2. 2l 4 pn, Shr, hẻm oto","2,78 tỷ",52 m²,"Đường Trần Bình Trọng, Phường Bình Lợi Trung, Hồ Chí Minh",Quận Bình Thạnh,Phường Bình Lợi Trung,Nhà ở,ban,https://alonhadat.com.vn/chi-2-ty-780-so-huu-ngay-nha-tran-binh-trong-52-m2-2l-4-pn-shr-hem-oto-18757987.html,alonhadat,4,2780000000,52,2026-06-07,,18757987,,
Bán Tòa Nhà CHDV 7 Tầng 16 Phòng Thu Nhập 110 Triệu/Tháng Phường 25 Khu Nguyễn Gia Trí,24 tỷ,100 m²,"Đường Nguyễn Gia Trí, Phường Thạnh Mỹ Tây, Hồ Chí Minh",Quận Bình Thạnh,Phường 25,Nhà ở,ban,https://alonhadat.com.vn/ban-toa-nha-chdv-7-tang-16-phong-thu-nhap-110-trieu-thang-phuong-25-khu-nguyen-gia-tri-16987113.html,alonhadat,16,24000000000,100,2026-06-07,,16987113,,
"GẤP BÁN HƠN 10tỷ - Nhà 2T Kinh Doanh VIP gần khúc giao Phạm Văn Đồng, Đặng Thùy Trâm","10,95 tỷ",58 m²,"Đường Phạm Văn Đồng, Phường Bình Lợi Trung, Hồ Chí Minh",Quận Bình Thạnh,Phường 11,Nhà ở,ban,https://alonhadat.com.vn/gap-ban-hon-10ty-nha-2t-kinh-doanh-vip-gan-khuc-giao-pham-van-dong-dang-thuy-tram-18755674.html,alonhadat,4,10950000000,58,2026-06-07,,18755674,,
SIÊU PHẨM DÒNG TIỀN - MT VẠN KIẾP - Ngang7m - HDT: 90tr/th - GIÁ chỉ 36 TỶ.,36 tỷ,188 m²,"Đường Vạn Kiếp, Phường Gia Định, Hồ Chí Minh",Quận Bình Thạnh,Phường 3,Nhà ở,ban,https://alonhadat.com.vn/sieu-pham-dong-tien-mt-van-kiep-ngang7m-hdt-90tr-th-gia-chi-36-ty--18755532.html,alonhadat,4,36000000000,188,2026-06-07,,18755532,,
Bán nhà góc không lộ giới HXH Lê Quang Định 5 tầng - 4PN5WC. Gía 7tỷ8,"7,8 tỷ",40 m²,"Đường Lê Quang Định, Phường Bình Lợi Trung, Hồ Chí Minh",Quận Bình Thạnh,Phường 11,Nhà ở,ban,https://alonhadat.com.vn/ban-nha-goc-khong-lo-gioi-hxh-le-quang-dinh-5-tang-4pn5wc-gia-7ty8-17667713.html,alonhadat,4,7800000000,40,2026-06-07,,17667713,,
"Duy nhất 1 căn nhà ngang 6m, 80m2. Hẻm nhựa. Có gara xe hơi. Chủ xây ở rất kiên cố-4PN5WC","12,5 tỷ",80 m²,"Đường Tăng Bạt Hổ, Phường Bình Lợi Trung, Hồ Chí Minh",Quận Bình Thạnh,Phường 11,Nhà ở,ban,https://alonhadat.com.vn/duy-nhat-1-can-nha-ngang-6m-80m2-hem-nhua-co-gara-xe-hoi-chu-xay-o-rat-kien-co-4pn5wc-17580377.html,alonhadat,4,12500000000,80,2026-06-07,,17580377,,
"Bán nhà MT Xô Viết Nghệ Tĩnh P19 7,5mx25m giá 23,5 tỷ 5tầng Q BT ngay Thị Nghè","23,5 tỷ",121 m²,"Đường Xô Viết Nghệ Tĩnh, Phường Thạnh Mỹ Tây, Hồ Chí Minh",Quận Bình Thạnh,Phường 19,Nhà ở,ban,https://alonhadat.com.vn/ban-nha-mt-xo-viet-nghe-tinh-p19-7-5mx25m-gia-23-5-ty-5tang-q-bt-ngay-thi-nghe-18758259.html,alonhadat,8,23500000000,121,2026-06-07,,18758259,,
Bán tòa nhà Hầm 4 lầu Nguyễn Huy Tưởng – 1136m2 xd giá 46.6 tỷ,"46,5 tỷ",281 m²,"Đường Nguyễn Huy Tưởng, Phường Bình Lợi Trung, Hồ Chí Minh",Quận Bình Thạnh,Phường 6,Nhà ở,ban,https://alonhadat.com.vn/ban-toa-nha-ham-4-lau-nguyen-huy-tuong-1136m2-xd-gia-52-ty-17018752.html,alonhadat,6,46500000000,281,2026-06-07,,17018752,,
"Bán nhà Mặt Tiền Lê Quang Định Q.BT, DT:7x20m, 7Tầng, HĐT:150tr, Giá:35Tỷ",35 tỷ,126 m²,"Đường Lê Quang Định, Phường Gia Định, Hồ Chí Minh",Quận Bình Thạnh,Phường 7,Nhà ở,ban,https://alonhadat.com.vn/ban-nha-mat-tien-le-quang-dinh-q-bt-dt-7x20m-7tang-hdt-150tr-gia-35ty-15047172.html,alonhadat,8,35000000000,126,2026-06-07,,15047172,,
Toà nhà MT Lê Văn Duyệt | 8x30m | Hầm 9 Tầng | Ngân hàng Thuê: 400 triệu / tháng |,100 tỷ,240 m²,"Đường Lê Văn Duyệt, Phường Gia Định, Hồ Chí Minh",Quận Bình Thạnh,Phường 1,Nhà ở,ban,https://alonhadat.com.vn/toa-nha-mt-le-van-duyet-8x30m-ham-9-tang-thue-400-trieu-thang-gia-100-ty--18107746.html,alonhadat,10,100000000000,240,2026-06-07,,18107746,,
"Siêu phẩm Tòa Nhà 7 Tầng Hầm 8mx24m Ung Văn Khiêm,45ty Dòng Tiền khai thác rất cao",42 tỷ,192 m²,"Đường Ung Văn Khiêm, Phường Thạnh Mỹ Tây, Hồ Chí Minh",Quận Bình Thạnh,Phường 25,Nhà ở,ban,https://alonhadat.com.vn/sieu-pham-toa-nha-7-tang-ham-ung-van-khiem-42-ty-tl-dong-tien-on-dinh-100tr-thang-17796451.html,alonhadat,15,42000000000,192,2026-06-07,,17796451,,
"Siêu Phẩm GIÁ TỐT Nhất đường Ung Văn Khiêm, Q.BThạnh - 8x22m - 3 Tầng - Gía bán 32 tỷ",32 tỷ,180 m²,"Đường Ung Văn Khiêm, Phường Thạnh Mỹ Tây, Hồ Chí Minh",Quận Bình Thạnh,Phường 25,Nhà ở,ban,https://alonhadat.com.vn/sieu-pham-gia-tot-nhat-duong-ung-van-khiem-q-bthanh-8x22m-3-tang-gia-ban-32-ty-17718746.html,alonhadat,3,32000000000,180,2026-06-07,,17718746,,
Bán Nhà tiện xây mới trệt lửng 2 lầu sân thượng ngay Đặng Thùy Trâm-Bình Lợi Trung(4x18m),"8,7 tỷ",72 m²,"Đường Bình Lợi, Phường Bình Lợi Trung, Hồ Chí Minh",Quận Bình Thạnh,Phường 13,Nhà ở,ban,https://alonhadat.com.vn/ban-nha-tien-xay-moi-tret-lung-2-lau-san-thuong-ngay-dang-thuy-tram-binh-loi-trung-4x18m--18421493.html,alonhadat,2,8700000000,72,2026-06-07,,18421493,,
"BÁN GẤP NHÀ RIÊNG: 1 TRỆT + 1 LẦU ĐÚC, 02PN + 02 WC, QUẬN BÌNH THẠNH.","3,05 tỷ",55 m²,"Đường Bình Quới, Phường Bình Quới, Hồ Chí Minh",Quận Bình Thạnh,Phường 28,Nhà ở,ban,https://alonhadat.com.vn/chinh-chu-ban-gap-nha-rieng-1-tret-1-lau-duc-02pn-02-wc-quan-binh-thanh--12807758.html,alonhadat,2,3050000000,55,2026-06-07,,12807758,,
NHÀ PHỐ BÌNH THẠNH - CHỈ 100 TRIỆU/M2 - 5 PHÚT TỚI LANDMARK 81,"12,6 tỷ",109 m²,"Đường Xô Viết Nghệ Tĩnh, Phường Bình Thạnh, Hồ Chí Minh",Quận Bình Thạnh,Phường 26,Nhà ở,ban,https://alonhadat.com.vn/nha-pho-binh-thanh-chi-100-trieu-m2-5-phut-toi-landmark-81-18716614.html,alonhadat,3,12600000000,109,2026-06-07,,18716614,,
"Nhà MỚI 4Tx50m2 THIẾT KẾ ĐẸP cần BÁN GẤP 10,8 tỷ ra đường Nguyễn Xí, Q. Bình Thạnh","10,8 tỷ",50 m²,"Đường Nguyễn Xí, Phường Bình Lợi Trung, Hồ Chí Minh",Quận Bình Thạnh,Phường 13,Nhà ở,ban,https://alonhadat.com.vn/nha-moi-4tx50m2-thiet-ke-dep-can-ban-gap-10-8-ty-ra-duong-nguyen-xi-q-binh-thanh-18742289.html,alonhadat,6,10800000000,50,2026-06-07,,18742289,,
"Bán Nhà 3 Lầu HXH NGUYỄN GIA TRÍ (D2), Bình Thạnh, 6x20m, HĐT 30 triệu, Chỉ 19.5 Tỷ","19,5 tỷ",120 m²,"Đường Nguyễn Gia Trí, Phường Thạnh Mỹ Tây, Hồ Chí Minh",Quận Bình Thạnh,Phường 25,Nhà ở,ban,https://alonhadat.com.vn/ban-nha-3-lau-hxh-nguyen-gia-tri-d2-binh-thanh-6x20m-hdt-30-trieu-chi-24-ty-17892939.html,alonhadat,8,19500000000,120,2026-06-07,,17892939,,
"BÁN NHÀ 5 TẦNG, HXH, NGUYỄN VĂN THƯƠNG, P25, BÌNH THẠNH. DT:4X15, GIÁ:13 TỶ",13 tỷ,55 m²,"Đường Nguyễn Văn Thương, Phường Thạnh Mỹ Tây, Hồ Chí Minh",Quận Bình Thạnh,Phường 25,Nhà ở,ban,https://alonhadat.com.vn/ban-nha-5-tang-hxh-nguyen-van-thuong-p25-binh-thanh-dt-4x15-gia-13-5-ty-17928666.html,alonhadat,6,13000000000,55,2026-06-07,,17928666,,
"BÁN NHÀ ĐẶNG THÙY TRÂM, P13, BÌNH THẠNH – NGANG 5m X 11m, 3 tầng, Giá 10.4 tỷ bớt lộc","10,4 tỷ",55 m²,"Đường Đặng Thuỳ Trâm, Phường Bình Lợi Trung, Hồ Chí Minh",Quận Bình Thạnh,Phường 13,Nhà ở,ban,https://alonhadat.com.vn/ban-nha-dang-thuy-tram-p13-binh-thanh-ngang-5m-cuc-hiem-18608823.html,alonhadat,4,10400000000,55,2026-06-07,,18608823,,
"🍀Nhà đẹp linh linh, hẻm an ninh, nằm ngay Bình Thạnh - 5 tầng - nhỉnh 6₫ Lê Quang Định","6,25 tỷ",45 m²,"Đường Lê Quang Định, Phường Bình Lợi Trung, Hồ Chí Minh",Quận Bình Thạnh,Phường 5,Nhà ở,ban,https://alonhadat.com.vn/-nha-dep-linh-linh-hem-an-ninh-nam-ngay-binh-thanh-5-tang-nhinh-6-le-quang-dinh-18698451.html,alonhadat,5,6250000000,45,2026-06-07,,18698451,,
BÁN NHÀ LIỀN LIÊN KHU 4-5 - PHƯỜNG BÌNH TÂN - THANG MÁ.Y - ĐƯỜNG XE TẢI - ( 8X21M,"15,9 tỷ",168 m²,"Đường Bình Thành, Phường Bình Tân, Hồ Chí Minh",Quận Bình Thạnh,Phường Bình Tân,Nhà ở,ban,https://alonhadat.com.vn/ban-nha-lien-lien-khu-4-5-phuong-binh-tan-thang-ma-y-duong-xe-tai-8x21m-17435735.html,alonhadat,6,15900000000,168,2026-06-07,,17435735,,
CHDV BÌNH THẠNH CÓ SẴN DÒNG TIỀN 264 TRIỆU/NĂM - HẺM XE TẢI THÔNG - CHỈ 8TỶ5,"8,5 tỷ",48 m²,"Đường Chu Văn An, Phường Bình Thạnh, Hồ Chí Minh",Quận Bình Thạnh,Phường Bình Thạnh,Nhà ở,ban,https://alonhadat.com.vn/chdv-binh-thanh-co-san-dong-tien-264-trieu-nam-hem-xe-tai-thong-chi-8-ty-5-18758677.html,alonhadat,8,8500000000,48,2026-06-07,,18758677,,
"Cô Dung bán nhà Nguyễn Văn Đậu, Bình Thạnh, 3 tỷ 450, 58m2, 2l 3 pn, Shr, hẻm oto","3,45 tỷ",58 m²,"Đường Nguyễn Văn Đậu, Phường Bình Lợi Trung, Hồ Chí Minh",Quận Bình Thạnh,Phường Bình Lợi Trung,Nhà ở,ban,https://alonhadat.com.vn/co-dung-ban-nha-nguyen-van-dau-binh-thanh-58m2-2l-3-pn-shr-hem-oto-18757931.html,alonhadat,3,3450000000,58,2026-06-07,,18757931,,
"Chú Hải bán gấp nhà Lê Quang Định, Bình Thạnh, 55m2, 2 tỷ 910, 1l 2PN, shr, hẻm oto","2,91 tỷ",55 m²,"Đường Lê Quang Định, Phường Bình Lợi Trung, Hồ Chí Minh",Quận Bình Thạnh,Phường Bình Lợi Trung,Nhà ở,ban,https://alonhadat.com.vn/chu-hai-ban-gap-nha-le-quang-dinh-binh-thanh-55m2-2-ty-910-1l-2pn-shr-hem-oto-18757862.html,alonhadat,2,2910000000,55,2026-06-07,,18757862,,
"THIẾT KẾ ĐẸP, MỚI - 4Tầng Full NỘI THẤT VIP - 7,9tỷ - HẺM XE HƠI kề Khúc giao Bạch Đằng","7,9 tỷ",47 m²,"Đường Bùi Đình Túy, Phường Bình Thạnh, Hồ Chí Minh",Quận Bình Thạnh,Phường 12,Nhà ở,ban,https://alonhadat.com.vn/thiet-ke-dep-moi-4tang-full-noi-that-vip-7-9ty-hem-xe-hoi-ke-khuc-giao-bach-dang-18752778.html,alonhadat,4,7900000000,47,2026-06-07,,18752778,,
"bán nhà HXH Phan Văn Hân, Bình Thạnh - 44M2 - 2 Tầng - chỉ 7.5 Tỷ TL","7,5 tỷ",44 m²,"Đường Phan Văn Hân, Phường Gia Định, Hồ Chí Minh",Quận Bình Thạnh,Phường 17,Nhà ở,ban,https://alonhadat.com.vn/ban-nha-hxh-phan-van-han-binh-thanh-44m2-2-tang-chi-7-5-ty-tl-18754992.html,alonhadat,3,7500000000,44,2026-06-07,,18754992,,
"HXH Phan Văn Trị, Bình Thạnh - 45m2 - 2 Tầng - Chỉ 6.6 Tỷ","6,6 tỷ",45 m²,"Đường Phan Văn Trị, Phường Bình Lợi Trung, Hồ Chí Minh",Quận Bình Thạnh,Phường 11,Nhà ở,ban,https://alonhadat.com.vn/hxh-phan-van-tri-binh-thanh-45m2-2-tang-chi-6-6-ty-18757408.html,alonhadat,3,6600000000,45,2026-06-07,,18757408,,
"chính chủ bán nhà 5 tầng – căn góc 2 mặt tiền – có thang máy – giá chỉ 7,5 tỷ bớt lộc","7,5 tỷ",79 m²,"Đường Bình Thành, Phường Bình Tân, Hồ Chí Minh",Quận Bình Thạnh,Phường Bình Hưng Hòa B,Nhà ở,ban,https://alonhadat.com.vn/chinh-chu-ban-nha-5-tang-can-goc-2-mat-tien-co-thang-may-gia-chi-7-9-ty-bot-loc-18489840.html,alonhadat,4,7500000000,79,2026-06-07,,18489840,,
"XOAY VỐN CẮT LỖ BÁN GẤP NHÀ PHAN VĂN HÂN,BÌNH THẠNH-GIÁ:4TỶ220/81m2(5x16,2m).ĐANG CHO THUÊ","4,22 tỷ",81 m²,"Đường Phan Văn Hân, Phường Gia Định, Hồ Chí Minh",Quận Bình Thạnh,Phường 17,Nhà ở,ban,https://alonhadat.com.vn/xoay-von-cat-lo-ban-gap-nha-phan-van-han-binh-thanh-gia-4ty220-81m2-5x16-2m-dang-cho-thue-18758179.html,alonhadat,4,4219999999.9999995,81,2026-06-07,,18758179,,
NHÀ 4 Tầng 60m2 HẺM XE TẢI 5PN gần Chợ Bà Chiểu chỉ 7 tỷ hơn,"7,88 tỷ",60 m²,"Đường Bùi Đình Túy, Phường Bình Thạnh, Hồ Chí Minh",Quận Bình Thạnh,Phường 24,Nhà ở,ban,https://alonhadat.com.vn/nha-4-tang-60m2-hem-xe-tai-5pn-gan-cho-ba-chieu-chi-7-ty-hon-18749691.html,alonhadat,5,7880000000,60,2026-06-07,,18749691,,
"Bán nhà Mặt tiền Phan Đăng Lưu, Q.Bình Thạnh - 16m x 42m - 1 Hầm 10 Tầng - Giá 210 Tỷ",210 tỷ,652 m²,"Đường Phan Đăng Lưu, Phường Bình Thạnh, Hồ Chí Minh",Quận Bình Thạnh,Phường Bình Thạnh,Nhà ở,ban,https://alonhadat.com.vn/ban-nha-mat-tien-phan-dang-luu-q-binh-thanh-16m-x-42m-1-ham-10-tang-gia-210-ty-18706239.html,alonhadat,50,210000000000,652,2026-06-07,,18706239,,
MT Xô Viết Nghệ Tĩnh P.26 Bình Thạnh - DT: 8m x 30m. CN: 253m2 - CTXD: Hầm 8 lầu - 50 tỷ,50 tỷ,253 m²,"Đường Xô Viết Nghệ Tĩnh, Phường Bình Thạnh, Hồ Chí Minh",Quận Bình Thạnh,Phường 26,Nhà ở,ban,https://alonhadat.com.vn/mt-xo-viet-nghe-tinh-p-26-binh-thanh-dt-8m-x-30m-cn-253m2-ctxd-ham-8-lau-50-ty-14333383.html,alonhadat,1,50000000000,253,2026-06-07,,14333383,,
"Chính Chủ Cần Bán Nhà Đường Diên Hồng, Bình Thạnh - Giá Chốt 4Tỷ010/60m2. Sổ Sẵn","4,01 tỷ",60 m²,"Đường Diên Hồng, Phường Gia Định, Hồ Chí Minh",Quận Bình Thạnh,Phường Gia Định,Nhà ở,ban,https://alonhadat.com.vn/chinh-chu-can-ban-nha-duong-dien-hong-binh-thanh-gia-chot-4ty010-60m2-so-san-18756831.html,alonhadat,4,4010000000,60,2026-06-07,,18756831,,
"Nợ Bank Giảm Sốc 8 Tỷ Bán Gấp Nhà mặt tiền Bình Quới, Bình Thạnh, 6x34m, Chỉ 29 Tỷ",29 tỷ,200 m²,"Đường Bình Quới, Phường Bình Quới, Hồ Chí Minh",Quận Bình Thạnh,Phường 27,Nhà ở,ban,https://alonhadat.com.vn/no-bank-giam-soc-8-ty-ban-gap-nha-mat-tien-binh-quoi-binh-thanh-6x34m-chi-29-ty-18755827.html,alonhadat,2,29000000000,200,2026-06-07,,18755827,,
"BÁN NHÀ 4 TẦNG, HẺM XE HƠI, NGUYỄN GIA TRÍ, P25, BÌNH THẠNH.DT:6X18, GIÁ: 20 TỶ",20 tỷ,108 m²,"Đường Nguyễn Gia Trí, Phường Thạnh Mỹ Tây, Hồ Chí Minh",Quận Bình Thạnh,Phường 25,Nhà ở,ban,https://alonhadat.com.vn/ban-nha-4-tang-hem-xe-hoi-nguyen-gia-tri-p25-binh-thanh-dt-6x18-gia-23-5-ty-18101543.html,alonhadat,6,20000000000,108,2026-06-07,,18101543,,
BÁN NHÀ GÓC 2 MẶT TIỀN THOÁNG CHU VĂN AN - 4X18M - 6 TẦNG -HẠ 5 TỶ VỀ GIÁ : 25 TỶ TL,25 tỷ,72 m²,"Đường Chu Văn An, Phường Bình Thạnh, Hồ Chí Minh",Quận Bình Thạnh,Phường 26,Nhà ở,ban,https://alonhadat.com.vn/ban-nha-goc-2-mat-tien-thoang-chu-van-an-4x18m-6-tang-ha-3-ty-ve-gia-27-ty-tl-18619431.html,alonhadat,8,25000000000,72,2026-06-07,,18619431,,
"BÁN NHÀ NGANG LỚN BÌNH THẠNH HXH NGUYỄN XÍ - 10X17M - 3 TẦNG - GIÁ : 24,5 TỶ","24,5 tỷ",163 m²,"Đường Nguyễn Xí, Phường Bình Thạnh, Hồ Chí Minh",Quận Bình Thạnh,Phường 26,Nhà ở,ban,https://alonhadat.com.vn/ban-nha-ngang-lon-binh-thanh-hxh-nguyen-xi-10x17m-3-tang-gia-25-ty-18674427.html,alonhadat,6,24500000000,163,2026-06-07,,18674427,,
"Bán nhà 5 tầng HXH Bình Thành P.Bình Hưng Hòa B Q.Bình Tân Căn góc 2 MT chỉ 7,5 tỷ","7,5 tỷ",78 m²,"Đường Bình Thành, Phường Bình Tân, Hồ Chí Minh",Quận Bình Thạnh,Phường Bình Hưng Hòa B,Nhà ở,ban,https://alonhadat.com.vn/ban-nha-5-tang-hxh-binh-thanh-p-binh-hung-hoa-b-q-binh-tan-can-goc-2-mt-chi-7-5-ty-18758475.html,alonhadat,4,7500000000,78,2026-06-07,,18758475,,
BÁN NHÀ HXH XÔ VIẾT NGHỆ TĨNH - UNG VĂN KHIÊM NGAY ĐẠI HỌC HUTECH (4X16) 4 TẦNG MỚI CỨNG,14 tỷ,64 m²,"Đường Xô Viết Nghệ Tĩnh, Phường Bình Thạnh, Hồ Chí Minh",Quận Bình Thạnh,Phường 26,Nhà ở,ban,https://alonhadat.com.vn/ban-nha-hxh-xo-viet-nghe-tinh-ung-van-khiem-ngay-dai-hoc-hutech-4x17-4-tang-moi-cung-17698084.html,alonhadat,5,14000000000,64,2026-06-07,,17698084,,
"Bán nhà đẹp Vạn Kiếp Bình Thạnh, 5 tầng, mặt tiền khủng, nở hậu tài lộc, nhích 8 tỷ","8,2 tỷ",44 m²,"Đường Vạn Kiếp, Phường Gia Định, Hồ Chí Minh",Quận Bình Thạnh,Phường 3,Nhà ở,ban,https://alonhadat.com.vn/ban-nha-dep-van-kiep-binh-thanh-5-tang-mat-tien-khung-no-hau-tai-loc-nhich-8-ty-17365406.html,alonhadat,4,8199999999.999999,44,2026-06-07,,17365406,,
"Bán nhà Nguyễn Văn Thương P.25 Q.Bình Thạnh. DT 5mx 18m, 3 tầng, giá 15ty7","15,7 tỷ",90 m²,"Đường Nguyễn Văn Thương, Phường Thạnh Mỹ Tây, Hồ Chí Minh",Quận Bình Thạnh,Phường 25,Nhà ở,ban,https://alonhadat.com.vn/ban-nha-nguyen-van-thuong-p-25-q-binh-thanh-dt-5mx-18m-3-tang-gia-15ty7-18758256.html,alonhadat,5,15700000000,90,2026-06-07,,18758256,,
"Bán Tòa CHDV ngay MT Phan Văn Trị, BT - 10 x 20m - Hầm 5 Tầng - T.Nhập 150 Triệu - 38 Tỷ",38 tỷ,200 m²,"Đường Phan Văn Trị, Phường Bình Thạnh, Hồ Chí Minh",Quận Bình Thạnh,Phường 12,Nhà ở,ban,https://alonhadat.com.vn/ban-toa-chdv-ngay-mt-phan-van-tri-bt-10-x-20m-ham-5-tang-t-nhap-150-trieu-38-ty-16511421.html,alonhadat,20,38000000000,200,2026-06-07,,16511421,,
"Bán gấp tòa nhà mặt tiền Nguyễn Gia Trí, Bình Thạnh, tổng 7 tầng, HDT 350 triệu /th. 75 tỷ",75 tỷ,160 m²,"Đường Nguyễn Gia Trí, Phường Thạnh Mỹ Tây, Hồ Chí Minh",Quận Bình Thạnh,Phường 25,Nhà ở,ban,https://alonhadat.com.vn/ban-gap-toa-nha-mat-tien-nguyen-gia-tri-binh-thanh-tong-7-tang-hdt-350-trieu-th-75-ty-16885835.html,alonhadat,15,75000000000,160,2026-06-07,,16885835,,
"Bán nhà 2 mặt tiền Đinh Bộ Lĩnh Bình Thạnh 8x26m hầm 8 tầng hoàn công đủ, 75 tỷ",75 tỷ,208 m²,"Đường Đinh Bộ Lĩnh, Phường Bình Thạnh, Hồ Chí Minh",Quận Bình Thạnh,Phường 26,Nhà ở,ban,https://alonhadat.com.vn/ban-nha-2-mat-tien-dinh-bo-linh-binh-thanh-8x26m-ham-8-tang-hoan-cong-du-75-ty-16885876.html,alonhadat,15,75000000000,208,2026-06-07,,16885876,,
"Bán Nhà Góc 3 Mặt Tiền Nguyễn Cửu Vân Bình Thạnh ( 10,5 x 22m) 3 Tầng- HĐT: 180 tr/tháng",50 tỷ,210 m²,"Đường Nguyễn Cửu Vân, Phường Gia Định, Hồ Chí Minh",Quận Bình Thạnh,Phường 17,Nhà ở,ban,https://alonhadat.com.vn/ban-nha-goc-3-mat-tien-nguyen-cuu-van-binh-thanh-10-5-x-22m-3-tang-hdt-180-tr-thang-17075886.html,alonhadat,6,50000000000,210,2026-06-07,,17075886,,
Bán nhà mặt tiền Hoàng Hoa Thám - Quận Bình Thạnh - DT 9mx25m nhà 5 tầng - HĐT 200tr/th,62 tỷ,225 m²,"Đường Hoàng Hoa Thám, Phường Bình Lợi Trung, Hồ Chí Minh",Quận Bình Thạnh,Phường 6,Nhà ở,ban,https://alonhadat.com.vn/ban-nha-mat-tien-hoang-hoa-tham-quan-binh-thanh-dt-9mx25m-nha-5-tang-hdt-200tr-th-16923853.html,alonhadat,10,62000000000,225,2026-06-07,,16923853,,
"Bán nhà giá cực sốc Nguyễn Văn Thương, P.25, Bình Thạnh",30 tỷ,98 m²,"Đường Nguyễn Văn Thương, Phường Thạnh Mỹ Tây, Hồ Chí Minh",Quận Bình Thạnh,Phường 25,Nhà ở,ban,https://alonhadat.com.vn/ban-nha-gia-cuc-soc-178-11-nguyen-van-thuong-p-25-binh-thanh-16103181.html,alonhadat,5,30000000000,98,2026-06-07,,16103181,,
"Bán nhà MT Đinh Bộ Lĩnh, P 24, Bình Thạnh: DT: 4,2mx25m, CN: 101m2, C4 – Giá: 18,2 tỷ","18,2 tỷ",101 m²,"Đường Đinh Bộ Lĩnh, Phường Bình Thạnh, Hồ Chí Minh",Quận Bình Thạnh,Phường 24,Nhà ở,ban,https://alonhadat.com.vn/ban-nha-mt-dinh-bo-linh-p-24-binh-thanh-dt-4-2mx25m-cn-101m2-c4-gia-18-2-ty-18246444.html,alonhadat,1,18200000000,101,2026-06-07,,18246444,,
"Bán nhà góc 2 mặt tiền Chu Văn An, P.26, Q. Bình Thạnh",25 tỷ,72 m²,"Đường Chu Văn An, Phường Bình Thạnh, Hồ Chí Minh",Quận Bình Thạnh,Phường 26,Nhà ở,ban,https://alonhadat.com.vn/ban-nha-goc-2-mat-tien-chu-van-an-p-26-q-binh-thanh-18757546.html,alonhadat,12,25000000000,72,2026-06-07,,18757546,,
BÁN TÒA NHÀ MT NGUYỄN CỬU VÂN–Q.BÌNH THẠNH H7T DT 8x25m HDT 110TR/THÁNG Giá 70 Tỷ,70 tỷ,200 m²,"Đường Nguyễn Cửu Vân, Phường Gia Định, Hồ Chí Minh",Quận Bình Thạnh,Phường 17,Nhà ở,ban,https://alonhadat.com.vn/ban-toa-nha-mt-nguyen-cuu-van-q-binh-thanh-h7t-dt-8x25m-hdt-110tr-thang-gia-80-ty-17823974.html,alonhadat,10,70000000000,200,2026-06-07,,17823974,,
Tòa nhà Ung Văn Khiêm P25 Bình Thạnh - DT 16x20m - hầm 8 tầng - HĐT 350 tr/th - giá 180ty,180 tỷ,322 m²,"Đường Ung Văn Khiêm, Phường Thạnh Mỹ Tây, Hồ Chí Minh",Quận Bình Thạnh,Phường 25,Nhà ở,ban,https://alonhadat.com.vn/toa-nha-ung-van-khiem-p25-binh-thanh-dt-16x20m-ham-8-tang-hdt-350-tr-th-gia-180ty-17790302.html,alonhadat,10,180000000000,322,2026-06-07,,17790302,,
"Bán nhà HẺM XE TẢI 6M - NGAY ĐH HỒNG BÀNG - 80M2 - NGANG 5,2M - XD MỚI HẦM + 6 TẦNG","14,3 tỷ",80 m²,"Đường Điện Biên Phủ, Phường Bình Thạnh, Hồ Chí Minh",Quận Bình Thạnh,Phường Bình Thạnh,Nhà ở,ban,https://alonhadat.com.vn/ban-nha-hem-xe-tai-6m-ngay-dh-hong-bang-80m2-ngang-5-2m-xd-moi-ham-6-tang-18757370.html,alonhadat,6,14300000000,80,2026-06-07,,18757370,,
BÁN GẤP NHÀ MT TRẦN QUÝ CÁP PHƯỜNG 11 QUẬN BÌNH THẠNH GIÁ 110 TỶ,110 tỷ,500 m²,"Đường Trần Quý Cáp, Phường Bình Lợi Trung, Hồ Chí Minh",Quận Bình Thạnh,Phường 11,Nhà ở,ban,https://alonhadat.com.vn/ban-gap-nha-mt-tran-quy-cap-phuong-11-quan-binh-thanh-gia-110-ty-18757363.html,alonhadat,4,110000000000,500,2026-06-07,,18757363,,
"Bán nhà mặt tiền Xô Viết Nghệ Tĩnh, P. 26, Q.Bình Thạnh 12mx35m 7 tầng - giá: 45ty",45 tỷ,279 m²,"Đường Xô Viết Nghệ Tĩnh, Phường Bình Thạnh, Hồ Chí Minh",Quận Bình Thạnh,Phường 26,Nhà ở,ban,https://alonhadat.com.vn/ban-nha-mat-tien-xo-viet-nghe-tinh-p-26-q-binh-thanh-8x35m-ctxd-7-tang-gia-50-18156339.html,alonhadat,2,45000000000,279,2026-06-07,,18156339,,
"Bán nhà mặt tiền Nguyễn Hữu Cảnh, P.22 Bình Thạnh (phường Thạnh Mỹ Tây)",33 tỷ,84 m²,"Đường Nguyễn Hữu Cảnh, Phường Thạnh Mỹ Tây, Hồ Chí Minh",Quận Bình Thạnh,Phường 22,Nhà ở,ban,https://alonhadat.com.vn/ban-nha-mat-tien-nguyen-huu-canh-p-22-binh-thanh-phuong-thanh-my-tay--18757277.html,alonhadat,19,33000000000,84,2026-06-07,,18757277,,
"Mặt Tiền đường lớn Phan Văn Trị, Q, Bình Thạnh, 4 lầu, nhà mới 100% bán chỉ 11.6 tỷ","11,6 tỷ",63 m²,"Đường Phan Văn Trị, Phường Bình Lợi Trung, Hồ Chí Minh",Quận Bình Thạnh,Phường 11,Nhà ở,ban,https://alonhadat.com.vn/mat-tien-duong-lon-phan-van-tri-q-binh-thanh-4-lau-nha-moi-100-ban-chi-hon-12-ty-xiu-18611087.html,alonhadat,4,11600000000,63,2026-06-07,,18611087,,
"Bán toà nhà 21 Nguyễn Thiện Thuật, Phường Bình Thạnh- hơn 3800m2 sàn- 300 Tỷ TL",300 tỷ,725 m²,"Đường Nguyễn Thiện Thuật, Phường Bình Thạnh, Hồ Chí Minh",Quận Bình Thạnh,Phường Bình Thạnh,Nhà ở,ban,https://alonhadat.com.vn/ban-toa-nha-21-nguyen-thien-thuat-phuong-binh-thanh-hon-3800m2-san-300-ty-tl-18756869.html,alonhadat,7,300000000000,725,2026-06-07,,18756869,,
"Bán nhà đường Hoàng Hoa Thám, P7 Bình Thạnh – nhà mới đẹp – 2 tầng – 45m² - 6 tỷ",6 tỷ,45 m²,"Đường Hoàng Hoa Thám, Phường Gia Định, Hồ Chí Minh",Quận Bình Thạnh,Phường 7,Nhà ở,ban,https://alonhadat.com.vn/ban-nha-duong-hoang-hoa-tham-p7-binh-thanh-gan-mat-tien-3-tang-6-ty-18398436.html,alonhadat,3,6000000000,45,2026-06-07,,18398436,,
"Bán nhà MT đường Phan Đăng Lưu, P3 Bình Thạnh – MTKD – 2 tầng – 18m² - 7.6 tỷ","7,6 tỷ",18 m²,"Đường Phan Đăng Lưu, Phường Gia Định, Hồ Chí Minh",Quận Bình Thạnh,Phường 3,Nhà ở,ban,https://alonhadat.com.vn/ban-nha-duong-phan-dang-luu-p3-binh-thanh-mat-tien-kd-2-tang-7-6-ty-18398298.html,alonhadat,2,7600000000,18,2026-06-07,,18398298,,
"Bán nhà đường Phan Đăng Lưu, P3 Bình Thạnh – 2 hẻm trước sau – 2 tầng – 36m² - 5.9 tỷ","5,9 tỷ",36 m²,"Đường Phan Đăng Lưu, Phường Gia Định, Hồ Chí Minh",Quận Bình Thạnh,Phường 3,Nhà ở,ban,https://alonhadat.com.vn/ban-nha-duong-phan-dang-luu-p3-binh-thanh-2-hem-truoc-sau-2-tang-5-9-ty-18398308.html,alonhadat,3,5900000000,36,2026-06-07,,18398308,,
"Bán nhà đường Hoàng Hoa Thám, P7 Bình Thạnh–lô góc-ô tô 4m-ngang 8.5m–4tầng– 92m² - 15 tỷ","15,4 tỷ",92 m²,"Đường Hoàng Hoa Thám, Phường Gia Định, Hồ Chí Minh",Quận Bình Thạnh,Phường 7,Nhà ở,ban,https://alonhadat.com.vn/ban-nha-duong-hoang-hoa-tham-p7-binh-thanh-ngang-9m-4-tang-15-4-ty-18398469.html,alonhadat,6,15400000000,92,2026-06-07,,18398469,,
"Bán nhà đường Hoàng Hoa Thám, P7 Bình Thạnh – nở hậu – 2 tầng – 59m² - 7.3 tỷ","7,3 tỷ",59 m²,"Đường Hoàng Hoa Thám, Phường Gia Định, Hồ Chí Minh",Quận Bình Thạnh,Phường 7,Nhà ở,ban,https://alonhadat.com.vn/ban-nha-duong-hoang-hoa-tham-p7-binh-thanh-no-hau-2-tang-7-3-ty-18398539.html,alonhadat,2,7300000000,59,2026-06-07,,18398539,,
"Bán nhà Hoàng Hoa Thám, P7 Bình Thạnh– sát MT-ngang 8.1m–ô tô 4m–3 tầng - 59m² - 10.6 tỷ","10,6 tỷ",59 m²,"Đường Hoàng Hoa Thám, Phường Gia Định, Hồ Chí Minh",Quận Bình Thạnh,Phường 7,Nhà ở,ban,https://alonhadat.com.vn/ban-nha-duong-hoang-hoa-tham-p7-binh-thanh-gan-mat-tien-o-to-10-6-ty-18398548.html,alonhadat,4,10600000000,59,2026-06-07,,18398548,,
"Bán nhà đường Hoàng Hoa Thám, P7 Bình Thạnh – chia 2 căn - 3 tầng – 41m² - 6.8 tỷ","6,8 tỷ",41 m²,"Đường Hoàng Hoa Thám, Phường Gia Định, Hồ Chí Minh",Quận Bình Thạnh,Phường 7,Nhà ở,ban,https://alonhadat.com.vn/ban-nha-duong-hoang-hoa-tham-p7-binh-thanh-2-can-ngang-14m-6-8-ty-18398498.html,alonhadat,3,6800000000,41,2026-06-07,,18398498,,
"Bán nhà đường Hoàng Hoa Thám, P7 Bình Thạnh – ô tô 5m – nở hậu - 4 tầng – 57m² - 11.2 tỷ","11,2 tỷ",57 m²,"Đường Hoàng Hoa Thám, Phường Gia Định, Hồ Chí Minh",Quận Bình Thạnh,Phường 7,Nhà ở,ban,https://alonhadat.com.vn/ban-nha-duong-hoang-hoa-tham-p7-binh-thanh-o-to-do-cua-4-tang-12-9-ty-18398508.html,alonhadat,4,11200000000,57,2026-06-07,,18398508,,
"Bán nhà đường Phan Đăng Lưu, P3 Bình Thạnh – ô tô 4m – 2 tầng – 59m² - 7.5 tỷ","7,5 tỷ",59 m²,"Đường Phan Đăng Lưu, Phường Gia Định, Hồ Chí Minh",Quận Bình Thạnh,Phường 3,Nhà ở,ban,https://alonhadat.com.vn/ban-nha-duong-phan-dang-luu-p3-binh-thanh-o-to-4m-2-tang-7-5-ty-18398576.html,alonhadat,2,7500000000,59,2026-06-07,,18398576,,
"Bán nhà đường Lê Văn Duyệt, P1 Bình Thạnh – lô góc 3 mặt - ô tô 4m – cấp 4 – 58m² - 6 tỷ",6 tỷ,58 m²,"Đường Lê Văn Duyệt, Phường Gia Định, Hồ Chí Minh",Quận Bình Thạnh,Phường 1,Nhà ở,ban,https://alonhadat.com.vn/ban-nha-duong-le-van-duyet-p1-binh-thanh-2-mat-hem-cap-4-6-8-ty-18398640.html,alonhadat,1,6000000000,58,2026-06-07,,18398640,,
"Bán nhà riêng 202/11 Nguyễn Xí, p.26 Bình Thạnh- 10x17m- 163m2- 25 Tỷ TL",25 tỷ,163 m²,"Đường Nguyễn Xí, Phường Bình Thạnh, Hồ Chí Minh",Quận Bình Thạnh,Phường 26,Nhà ở,ban,https://alonhadat.com.vn/ban-nha-rieng-202-11-nguyen-xi-p-26-binh-thanh-10x17m-163m2-25-ty-tl-18756827.html,alonhadat,4,25000000000,163,2026-06-07,,18756827,,
"Bán Nhà Ngang ~13m mặt tiền XÔ VIẾT NGHỆ TĨNH (đoạn 2 chiều), 13x68m, Chỉ 165 triệu/m2",165 triệu / m²,860 m²,"Đường Xô Viết Nghệ Tĩnh, Phường Bình Thạnh, Hồ Chí Minh",Quận Bình Thạnh,Phường Bình Thạnh,Nhà ở,ban,https://alonhadat.com.vn/ban-nha-ngang-13m-mat-tien-xo-viet-nghe-tinh-doan-2-chieu-13x68m-chi-165-trieu-m2-17611148.html,alonhadat,3,141900000000,860,2026-06-07,,17611148,,
"Bán Nhà mặt tiền NGÔ TẤT TỐ, P.22, Bình Thạnh, 5x42m, QHXD: Hầm 7 Tầng, Chỉ 35.5 Tỷ","35,5 tỷ",220 m²,"Đường Ngô Tất Tố, Phường Thạnh Mỹ Tây, Hồ Chí Minh",Quận Bình Thạnh,Phường 22,Nhà ở,ban,https://alonhadat.com.vn/ban-nha-mat-tien-ngo-tat-to-p-22-binh-thanh-4-5x45m-qhxd-ham-7-tang-chi-35-5-ty-18081145.html,alonhadat,5,35500000000,220,2026-06-07,,18081145,,
"Bán Nhà Góc 2MT Lê Quang Định, Bình Thạnh, Cạnh MB Bank, 13.5x30m, HĐT 100 triệu,Chỉ 85 Tỷ",85 tỷ,299 m²,"Đường Lê Quang Định, Phường Bình Lợi Trung, Hồ Chí Minh",Quận Bình Thạnh,Phường 11,Nhà ở,ban,https://alonhadat.com.vn/ban-nha-goc-2mt-le-quang-dinh-binh-thanh-canh-mb-bank-13-5x30m-hdt-100-trieu-chi-85-ty-17595099.html,alonhadat,2,85000000000,299,2026-06-07,,17595099,,
"Nhà Góc 3MT Bùi Hữu Nghĩa - Diên Hồng, P.1, Bình Thạnh, 8x25m(NH: 9m), Chỉ 41 Tỷ",41 tỷ,200 m²,"Đường Bùi Hữu Nghĩa, Phường Gia Định, Hồ Chí Minh",Quận Bình Thạnh,Phường 1,Nhà ở,ban,https://alonhadat.com.vn/hang-hiem-goc-3mt-bui-huu-nghia-rach-xuyen-tam-binh-thanh-7x25m-no-hau-9m-gia-41-ty-15729134.html,alonhadat,1,41000000000,200,2026-06-07,,15729134,,
BÁN NHÀ 2 TẦNG 50M2 XÂY MỚI 6TẦNG HXH VẠN KIẾP PHƯỜNG 3 BÌNH THẠNH GIÁ 7TỶ4,"7,4 tỷ",50 m²,"Đường Vạn Kiếp, Phường Gia Định, Hồ Chí Minh",Quận Bình Thạnh,Phường 3,Nhà ở,ban,https://alonhadat.com.vn/ban-nha-2-tang-50m2-xay-moi-6tang-hxh-van-kiep-phuong-3-binh-thanh-gia-7ty4-18418540.html,alonhadat,2,7400000000,50,2026-06-07,,18418540,,
"GIẢM SỐC 4 TỶ – BÁN GẤP NHÀ HXH 8M BÙI ĐÌNH TÚY, P24 BÌNH THẠNH – 160M² – CHỈ 17,2 TỶ","17,2 tỷ",160 m²,"Đường Bùi Đình Túy, Phường Bình Thạnh, Hồ Chí Minh",Quận Bình Thạnh,Phường 24,Nhà ở,ban,https://alonhadat.com.vn/giam-soc-4-ty-ban-gap-nha-hxh-8m-bui-dinh-tuy-p24-binh-thanh-160m-chi-17-2-ty-18756354.html,alonhadat,9,17200000000,160,2026-06-07,,18756354,,
BÁN NHÀ VIEW CÔNG VIÊN CƯ XÁ NGUYÊN HỒNG – P11 BÌNH THẠNH – ĐƯỜNG 12M CÓ VỈA HÈ – 72M²,"15,8 tỷ",72 m²,"Đường Nguyên Hồng, Phường Bình Lợi Trung, Hồ Chí Minh",Quận Bình Thạnh,Phường 11,Nhà ở,ban,https://alonhadat.com.vn/ban-nha-view-cong-vien-cu-xa-nguyen-hong-p11-binh-thanh-duong-12m-co-via-he-72m--18756139.html,alonhadat,4,15800000000,72,2026-06-07,,18756139,,
"Bán Gấp - Siêu Phẩm Căn Góc 2MT Hoàng Hoa Thám, Giá Đầu Tư",50 tỷ,220 m²,"Đường Hoàng Hoa Thám, Phường Gia Định, Hồ Chí Minh",Quận Bình Thạnh,Phường 7,Đất,ban,https://alonhadat.com.vn/ban-gap-sieu-pham-can-goc-2mt-hoang-hoa-tham-gia-dau-tu-18757751.html,alonhadat,14,50000000000,220,2026-06-07,,18757751,,
"Hẻm 10m thông ngay Đặng Thùy Trâm, Bình Lợi Trung, 550m đất ngang 14 nhỉnh 50 tỷ","52,9 tỷ",550 m²,"Đường Đặng Thuỳ Trâm, Phường Bình Lợi Trung, Hồ Chí Minh",Quận Bình Thạnh,Phường Bình Lợi Trung,Đất,ban,https://alonhadat.com.vn/hem-10m-thong-ngay-dang-thuy-tram-binh-loi-trung-550m-dat-ngang-14-nhinh-50-ty-18747948.html,alonhadat,5,52900000000,550,2026-06-07,,18747948,,
Độc bản mặt tiền Nguyễn Hữu Cảnh trực diện Landmark 81,168 tỷ,376 m²,"Đường Nguyễn Hữu Cảnh, Phường Thạnh Mỹ Tây, Hồ Chí Minh",Quận Bình Thạnh,Phường 22,Đất,ban,https://alonhadat.com.vn/doc-ban-mat-tien-nguyen-huu-canh-truc-dien-landmark-81-18754316.html,alonhadat,5,168000000000,376,2026-06-07,,18754316,,
ĐẤT + GPXD HẦM 8 TẦNG – DT 7.8x19M – VIEW LANDMARK 81 – TIỀM NĂNG XÂY BUILDING CHO THUÊ!,"53,5 tỷ",131 m²,"Đường Nguyễn Hữu Cảnh, Phường Thạnh Mỹ Tây, Hồ Chí Minh",Quận Bình Thạnh,Phường 22,Đất,ban,https://alonhadat.com.vn/dat-gpxd-ham-8-tang-dt-7-8x19m-view-landmark-81-tiem-nang-xay-building-cho-thue--17695115.html,alonhadat,8,53500000000,131,2026-06-07,,17695115,,
ĐÓN ĐẦU MẶT TIỀN UNG VĂN KHIÊM – QUỸ ĐẤT 133M² GIÁ CHỈ 30 TỶ,34 tỷ,132 m²,"Đường Ung Văn Khiêm, Phường Thạnh Mỹ Tây, Hồ Chí Minh",Quận Bình Thạnh,Phường 25,Đất,ban,https://alonhadat.com.vn/don-dau-mat-tien-ung-van-khiem-quy-dat-133m-gia-chi-30-ty-18758093.html,alonhadat,1,34000000000,132,2026-06-07,,18758093,,
"BÁN SIÊU PHẨM HẺM XE HƠI 6M NƠ TRANG LONG 6TẦNG NGAY PHAN ĐĂNG LƯU-UBND B.THẠNH CHỈ 12,5TỶ","12,5 tỷ",45 m²,"Đường Nơ Trang Long, Phường Gia Định, Hồ Chí Minh",Quận Bình Thạnh,Phường 7,Đất,ban,https://alonhadat.com.vn/ban-sieu-pham-hem-xe-hoi-6m-no-trang-long-6tang-ngay-phan-dang-luu-ubnd-b-thanh-chi-13-8ty-17815863.html,alonhadat,4,12500000000,45,2026-06-07,,17815863,,
SIÊU PHẨM GÓC 2 MẶT TIỀN PHAN ĐĂNG LƯU - BÌNH THẠNH,"19,6 tỷ",84 m²,"Đường Phan Đăng Lưu, Phường Bình Thạnh, Hồ Chí Minh",Quận Bình Thạnh,Phường 24,Đất,ban,https://alonhadat.com.vn/sieu-pham-goc-2-mat-tien-phan-dang-luu-binh-thanh-18723397.html,alonhadat,6,19600000000,84,2026-06-07,,18723397,,
MẶT TIỀN NGUYỄN KHUYẾN - 92m2 NỞ HẬU - 4 TẦNG BTCT - CHỈ NHỈNH 20 TỶ,"20,6 tỷ",92 m²,"Đường Nguyễn Khuyến, Phường Bình Thạnh, Hồ Chí Minh",Quận Bình Thạnh,Phường 12,Đất,ban,https://alonhadat.com.vn/mat-tien-nguyen-khuyen-92m2-no-hau-4-tang-btct-chi-nhinh-20-ty-18758946.html,alonhadat,4,20600000000,92,2026-06-07,,18758946,,
"🌟 Bán đất xây CHDV Phan Văn Trị, Bình Thạnh - Cách mặt tiền 30m - GPXD 4 tầng","8,29 tỷ",83 m²,"Đường Phan Văn Trị, Phường Bình Thạnh, Hồ Chí Minh",Quận Bình Thạnh,Phường Bình Thạnh,Đất,ban,https://alonhadat.com.vn/-ban-dat-xay-chdv-phan-van-tri-binh-thanh-cach-mat-tien-30m-gpxd-4-tang-18701758.html,alonhadat,7,8289999999.999999,83,2026-06-07,,18701758,,
"CẦN BÁN NHÀ TÂN CẢNG,BÌNH THẠNH-GIÁ:4.88TỶ/60M2 (4x15M) SỔ CHUẨN","4,88 tỷ",60 m²,"Đường Tân Cảng, Phường Thạnh Mỹ Tây, Hồ Chí Minh",Quận Bình Thạnh,Phường 25,Đất,ban,https://alonhadat.com.vn/can-ban-nha-tan-cang-binh-thanh-gia-4-88ty-60m2-4x15m-so-chuan-18757300.html,alonhadat,6,4880000000,60,2026-06-07,,18757300,,
"MT Nguyễn Gia Trí, P.25, Bình Thạnh - CN: 172m2(8.5mx20m) - Trệt 3 lầu. HĐT: 180tr - 69 Tỷ",69 tỷ,172 m²,"Đường Nguyễn Gia Trí, Phường Thạnh Mỹ Tây, Hồ Chí Minh",Quận Bình Thạnh,Phường 25,Đất,ban,https://alonhadat.com.vn/mt-nguyen-gia-tri-p-25-binh-thanh-cn-172m2-8-5mx20m-tret-3-lau-hdt-180tr-69-ty-14153370.html,alonhadat,8,69000000000,172,2026-06-07,,14153370,,
"Đại siêu phẩm góc 3 MT Phạm Văn Đồng - Quận Bình Thạnh DT 40x50m, XD: 3 Hầm 15 tầng",290 tỷ,2000 m²,"Đường Phạm Văn Đồng, Phường Bình Lợi Trung, Hồ Chí Minh",Quận Bình Thạnh,Phường Bình Lợi Trung,Đất,ban,https://alonhadat.com.vn/dai-sieu-pham-goc-3-mt-pham-van-dong-quan-binh-thanh-dt-40x50m-xd-3-ham-15-tang-18682443.html,alonhadat,10,290000000000,2000,2026-06-07,,18682443,,
"🌟Tài Nhà Đất🌟 Khu Vip Nguyêm Hồng Bình Thạnh 7 4Tầng chỉ 15,88 tỷ","15,88 tỷ",72 m²,"Đường Nguyên Hồng, Phường Bình Lợi Trung, Hồ Chí Minh",Quận Bình Thạnh,Phường 11,Đất,ban,https://alonhadat.com.vn/-tai-nha-dat-khu-vip-nguyem-hong-binh-thanh-7-4tang-chi-15-88-ty-18756415.html,alonhadat,4,15880000000,72,2026-06-07,,18756415,,
🏠 CHỦ NGỘP – CHDV MẶT TIỀN BÌNH THẠNH – 7 TẦNG- 145m² - NGÔ ĐỨC KẾ,"36,8 tỷ",145 m²,"Đường Ngô Đức Kế, Phường Bình Thạnh, Hồ Chí Minh",Quận Bình Thạnh,Phường 12,Đất,ban,https://alonhadat.com.vn/-chu-ngop-chdv-mat-tien-binh-thanh-7-tang-145m-ngo-duc-ke-18535966.html,alonhadat,24,36800000000,145,2026-06-07,,18535966,,
Giảm 1 tỷ bán gấp 294 Phan Văn Trị Quận Bình Thạnh 63m2 3 lầu st 6 phòng,"11,6 tỷ",63 m²,"Đường Phan Văn Trị, Phường Bình Lợi Trung, Hồ Chí Minh",Quận Bình Thạnh,Phường 11,Đất,ban,https://alonhadat.com.vn/hoa-hong-200tr-chinh-chu-ban-nha-mat-tien-294-phan-van-tri-quan-binh-thanh-cu-18364403.html,alonhadat,6,11600000000,63,2026-06-07,,18364403,,
"Khách sạn ngay Nguyễn Gia Trí - Q. Bình Thạnh. DT: 9x25m, kết cấu 7 tầng. HĐT: 200tr/th. G",51 tỷ,225 m²,"Đường Nguyễn Gia Trí, Phường Thạnh Mỹ Tây, Hồ Chí Minh",Quận Bình Thạnh,Phường 25,Đất,ban,https://alonhadat.com.vn/khach-san-ngay-nguyen-gia-tri-q-binh-thanh-dt-9x25m-ket-cau-7-tang-hdt-200tr-th-g-17904268.html,alonhadat,24,51000000000,225,2026-06-07,,17904268,,
"Bán siêu phẩm MT THƯƠNG HIỆU NƠ TRANG LONG P.14 Q.Bình Thạnh, DT 4mx20m, 4 tầng, 15ty5","15,5 tỷ",100 m²,"Đường Nơ Trang Long, Phường Bình Thạnh, Hồ Chí Minh",Quận Bình Thạnh,Phường 14,Đất,ban,https://alonhadat.com.vn/ban-sieu-pham-mt-thuong-hieu-no-trang-long-p-14-q-binh-thanh-dt-5x20m-4-tang-29ty5-14806130.html,alonhadat,8,15500000000,100,2026-06-07,,14806130,,
"Bán nhà GÓC 2MT LAM SƠN P6 Q.Bình Thạnh, DT 10mx22m ,4 tầng, Giá 39 tỷ",39 tỷ,280 m²,"Đường Lam Sơn, Phường Bình Lợi Trung, Hồ Chí Minh",Quận Bình Thạnh,Phường 6,Đất,ban,https://alonhadat.com.vn/ban-nha-goc-2mt-lam-son-p6-q-binh-thanh-dt-14mx20m-3-tang-gia-45-ty-15150464.html,alonhadat,9,39000000000,280,2026-06-07,,15150464,,
Xây Dựng: Hầm 8 Tầng - Mặt tiền Nguyễn Hữu Cảnh P22 Bình Thạnh DT: 10mx20m - Giá 57 Tỷ,57 tỷ,200 m²,"Đường Nguyễn Hữu Cảnh, Phường Thạnh Mỹ Tây, Hồ Chí Minh",Quận Bình Thạnh,Phường 22,Đất,ban,https://alonhadat.com.vn/xay-dung-ham-8-tang-mat-tien-nguyen-huu-canh-p22-binh-thanh-dt-8x18m-gia-60-ty-18156327.html,alonhadat,4,57000000000,200,2026-06-07,,18156327,,
🔥 SIÊU PHẨM DÒNG TIỀN - HẺM XE TẢI THÔNG - 2 MẶT TIỀN - P25 BÌNH THẠNH 🔥,"16,9 tỷ",80 m²,"Đường Điện Biên Phủ, Phường Thạnh Mỹ Tây, Hồ Chí Minh",Quận Bình Thạnh,Phường 25,Đất,ban,https://alonhadat.com.vn/-sieu-pham-dong-tien-hem-xe-tai-thong-2-mat-tien-p25-binh-thanh--18757176.html,alonhadat,7,16899999999.999998,80,2026-06-07,,18757176,,
Siêu phẩm dòng tiền| MT Ngô Đức Kế P. Bình Thạnh| DT: 5.2x28| Hầm+7 tầng| HĐT cao| 33.5 tỷ,"33,5 tỷ",145 m²,"Đường Ngô Đức Kế, Phường Bình Thạnh, Hồ Chí Minh",Quận Bình Thạnh,Phường 12,Đất,ban,https://alonhadat.com.vn/sieu-pham-dong-tien-mt-ngo-duc-ke-p-binh-thanh-dt-5-2x28-ham-7-tang-hdt-cao-33-5-ty-18757157.html,alonhadat,26,33500000000,145,2026-06-07,,18757157,,
"🔥 CƠ HỘI ĐẦU TƯ/KINH DOANH - MẶT TIỀN LÊ VĂN DUYỆT, P3, BÌNH THẠNH 🔥","9,5 tỷ",45 m²,"Đường Lê Văn Duyệt, Phường Gia Định, Hồ Chí Minh",Quận Bình Thạnh,Phường 3,Đất,ban,https://alonhadat.com.vn/-co-hoi-dau-tu-kinh-doanh-mat-tien-le-van-duyet-p3-binh-thanh--18756885.html,alonhadat,2,9500000000,45,2026-06-07,,18756885,,
"Giảm 3 Tỷ Bán Đất Tặng GPXD Hầm 7 Tầng HXH Bùi Đình Tuý, Bình Thạnh, 7.4x22m, Chỉ 19.9 Tỷ","19,9 tỷ",162 m²,"Đường Bùi Đình Túy, Phường Bình Thạnh, Hồ Chí Minh",Quận Bình Thạnh,Phường 24,Đất,ban,https://alonhadat.com.vn/giam-3-ty-ban-dat-tang-gpxd-ham-7-tang-hxh-bui-dinh-tuy-binh-thanh-7-4x22m-chi-19-9-ty-18755902.html,alonhadat,1,19900000000,162,2026-06-07,,18755902,,
SIÊU PHẨM BÌNH THẠNH – HẺM XE HƠI TẦM VU – VIEW SÔNG CỰC CHILL,"12,6 tỷ",75 m²,"Đường Quốc Lộ 13, Phường Bình Thạnh, Hồ Chí Minh",Quận Bình Thạnh,Phường 26,Đất,ban,https://alonhadat.com.vn/sieu-pham-binh-thanh-hem-xe-hoi-tam-vu-view-song-cuc-chill-18756535.html,alonhadat,8,12600000000,75,2026-06-07,,18756535,,
"BIỆT THỰ MỚI ĐẸP KHU TÊN LỬA | 20 X 20M, 3 TẤM, 55 TỶ | GẦN AEON MALL",55 tỷ,400 m²,"Đường Tên Lửa, Phường An Lạc, Hồ Chí Minh",Quận Bình Tân,Phường Bình Trị Đông B,Biệt thự,ban,https://alonhadat.com.vn/biet-thu-moi-dep-khu-ten-lua-20-x-20m-3-tam-55-ty-gan-aeon-mall-18592225.html,alonhadat,6,55000000000,400,2026-06-07,,18592225,,
SIÊU BIỆT THỰ - MẶT TIỀN - 4 TẦNG KHU TÊN LỬA - DT 200M - NGANG 10 - SÁT AEON MALL - ĐƯỜNG,25 tỷ,200 m²,"Đường Trần Văn Giàu, Phường Tân Tạo, Hồ Chí Minh",Quận Bình Tân,Phường Tân Tạo,Biệt thự,ban,https://alonhadat.com.vn/sieu-biet-thu-mat-tien-4-tang-khu-ten-lua-dt-200m-ngang-10-sat-aeon-mall-duong-18757070.html,alonhadat,6,25000000000,200,2026-06-07,,18757070,,
"Biệt 330m2 đường Tân Kỳ Tân Quý chỉ 60tr/m2, 4 Tầng hiện đại chuẩn công năng nghĩ dưỡng","19,8 tỷ",330 m²,"Đường Tân Kỳ Tân Quý, Phường Bình Hưng Hòa, Hồ Chí Minh",Quận Bình Tân,Phường Bình Hưng Hòa A,Biệt thự,ban,https://alonhadat.com.vn/biet-330m2-duong-tan-ky-tan-quy-chi-60tr-m2-4-tang-hien-dai-chuan-cong-nang-nghi-duong-18745643.html,alonhadat,5,19800000000,330,2026-06-07,,18745643,,
"SIÊU PHẨM BIỆT THỰ NGANG LỚN 10.5M,4 TẦNG,ĐƯỜNG XE TẢI 7M,CHỈ 6.8 TỶ","6,8 tỷ",82 m²,"Đường Hồ Văn Long, Phường Tân Tạo, Hồ Chí Minh",Quận Bình Tân,Phường Tân Tạo,Biệt thự,ban,https://alonhadat.com.vn/sieu-pham-biet-thu-ngang-lon-10-5m-4-tang-duong-xe-tai-7m-chi-6-8-ty-18437921.html,alonhadat,7,6800000000,82,2026-06-07,,18437921,,
TỈNH LỘ 10 - BÌNH TÂN - 80M2 - 4X20M - 9 TỶ - CHDV 12 PHÒNG DÒNG TIỀN 40 TRIỆU,9 tỷ,80 m²,"Tỉnh lộ 10, Phường An Lạc, Hồ Chí Minh",Quận Bình Tân,Phường Bình Trị Đông B,Căn hộ chung cư,ban,https://alonhadat.com.vn/tinh-lo-10-binh-tan-80m2-4x20m-9-ty-chdv-12-phong-dong-tien-40-trieu-18758493.html,alonhadat,12,9000000000,80,2026-06-07,,18758493,,
BÁN CĂN HỘ CHUNG CƯ EHOME 3 BÌNH TÂN - 50M² 2PN - SỔ RIÊNG - GIÁ 2.25 TỶ,"2,25 tỷ",50 m²,"Đường Hồ Học Lãm, Phường An Lạc, Hồ Chí Minh",Quận Bình Tân,Phường An Lạc,Căn hộ chung cư,ban,https://alonhadat.com.vn/ban-nha-binh-tan-duong-phan-anh-52m2-2-lau-hem-xe-hoi-chi-4-x-ty-khong-lo-gioi-qh-15547484.html,alonhadat,2,2250000000,50,2026-06-07,,15547484,,
TỈNH LỘ 10 - BÌNH TÂN - 111M2 - 7X22M - 7.X TỶ - 7 PHÒNG TRỌ DÒNG TIỀN,"7,2 tỷ",111 m²,"Tỉnh lộ 10, Phường Tân Tạo, Hồ Chí Minh",Quận Bình Tân,Phường Tân Tạo,Nhà trọ,ban,https://alonhadat.com.vn/tinh-lo-10-binh-tan-111m2-7x22m-7-x-ty-7-phong-tro-dong-tien-18758571.html,alonhadat,8,7200000000,111,2026-06-07,,18758571,,
"Bán nhà khu Tên Lửa, MT đường Số 12, DT 5 x 20m, 3.5 tấm, 12.6 tỷ. cạnh Aeon Mall","12,6 tỷ",100 m²,"Đường Tên Lửa, Phường An Lạc, Hồ Chí Minh",Quận Bình Tân,Phường Bình Trị Đông B,Nhà ở,ban,https://alonhadat.com.vn/ban-nha-khu-ten-lua-mt-duong-so-12-dt-5-x-20m-3-5-tam-12-6-ty-canh-aeon-mall-18529600.html,alonhadat,5,12600000000,100,2026-06-07,,18529600,,
"CHDV SHR 6X20 MTKD ĐSO 5 KDC TÂN TẠO BT THU NHẬP 40TR/1TH CHỈ 12, TỈ TL",12 tỷ,120 m²,"Đường Số 5, Phường Tân Tạo, Hồ Chí Minh",Quận Bình Tân,Phường Tân Tạo A,Nhà ở,ban,https://alonhadat.com.vn/ban-nha-shr-6x20-mtkd-dso-5-khu-dan-cu-bac-luong-beo-bt-chi-12-5-ti-tl-17317286.html,alonhadat,19,12000000000,120,2026-06-07,,17317286,,
"MẶT TIỀN KDC TÊN LỬA - ĐƯỜNG SỐ 53, 80m², 4 Tầng, VỪA Ở, VỪA Làm Cty","10,5 tỷ",80 m²,"Đường số 53, Phường Tân Tạo, Hồ Chí Minh",Quận Bình Tân,Phường Tân Tạo,Nhà ở,ban,https://alonhadat.com.vn/mat-tien-kdc-ten-lua-duong-so-53-80m-4-tang-vua-o-vua-lam-cty-18718805.html,alonhadat,5,10500000000,80,2026-06-07,,18718805,,
BÁN NHÀ ĐẸP SÁT KINH DƯƠNG VƯƠN.G - KHU TÊN LỬ.A - HẺM XE HƠI - g ( 6X17M ),"7,7 tỷ",98 m²,"Đường Bùi Tư Toàn, Phường An Lạc, Hồ Chí Minh",Quận Bình Tân,Phường An Lạc,Nhà ở,ban,https://alonhadat.com.vn/ban-nha-dep-sat-kinh-duong-vuon-g-khu-ten-lu-a-hem-xe-hoi-g-6x17m--18064637.html,alonhadat,4,7700000000,98,2026-06-07,,18064637,,
"‼️Nhà đang cho thuê 18triệu/tháng sắp hết hợp đồng, cần bán Gấp 1 Tỷ 450 Triệu‼️","1,45 tỷ",96 m²,"Đường Hồ Học Lãm, Phường An Lạc, Hồ Chí Minh",Quận Bình Tân,Phường An Lạc,Nhà ở,ban,https://alonhadat.com.vn/-nha-dang-cho-thue-18trieu-thang-sap-het-hop-dong-can-ban-gap-820-trieu--18632877.html,alonhadat,3,1450000000,96,2026-06-07,,18632877,,
"Bán nhà MT Trương Phước Phan, 5 x 16m, cấp 4, giá 8.2 tỷ. (KD sầm uất)","8,2 tỷ",82 m²,"Đường Trương Phước Phan, Phường Bình Trị Đông, Hồ Chí Minh",Quận Bình Tân,Phường Bình Trị Đông,Nhà ở,ban,https://alonhadat.com.vn/ban-nha-mt-truong-phuoc-phan-5-x-16m-cap-4-gia-8-2-ty-kd-sam-uat--18575549.html,alonhadat,1,8199999999.999999,82,2026-06-07,,18575549,,
"BÁN NHÀ KHU TÊN LỬA, MT ĐƯỜNG SỐ 26, DT 6 X 20M, 3.5 TẤM, 15.3 TỶ. GẦN AEON MALL","15,3 tỷ",120 m²,"Đường Tên Lửa, Phường An Lạc, Hồ Chí Minh",Quận Bình Tân,Phường Bình Trị Đông B,Nhà ở,ban,https://alonhadat.com.vn/ban-nha-khu-ten-lua-mt-duong-so-26-dt-6-x-20m-3-5-tam-15-3-ty-gan-aeon-mall-18721910.html,alonhadat,5,15300000000,120,2026-06-07,,18721910,,
📢 LÊ TRỌNG TẤN- AEON CHỦ HẠ GIÁ VỀ NỬA DƯỚI 6X. Đ. NHÀ XÂY MỚI 4 TẦNG HẺM NHỰA 7M,"6,5 tỷ",50 m²,"Đường Số 3, Phường Bình Hưng Hòa, Hồ Chí Minh",Quận Bình Tân,Phường Bình Hưng Hòa,Nhà ở,ban,https://alonhadat.com.vn/-chi-6-6d-nha-xay-moi-nguyen-seal-ngay-aeon-binh-hung-hoa-4-tang-4-2-x12-m-hem-6-m--18588139.html,alonhadat,4,6500000000,50,2026-06-07,,18588139,,
Bàn Nhà Lê Văn Quới Gò Xoài 68m2 4Tầng NT Cao Cấp Chỉ 7.35 Tỷ Tl,"7,35 tỷ",64 m²,"Đường Gò Xoài, Phường Bình Hưng Hòa, Hồ Chí Minh",Quận Bình Tân,Phường Bình Hưng Hòa A,Nhà ở,ban,https://alonhadat.com.vn/ban-nha-canh-mt-go-xoai-64m2-4-tang-nt-cao-cap-chi-7-7-ty-tl-16584394.html,alonhadat,4,7350000000,64,2026-06-07,,16584394,,
BÁN NHÀ MẶT TIỀN KHU VIP TÊN LỬA ( DT 90m2 - 5 tầng ) MẶT TIỀN SẦM UẤT- Dòng tiền 60 triệu,"12,6 tỷ",90 m²,"Đường Trần Văn Giàu, Phường Bình Trị Đông, Hồ Chí Minh",Quận Bình Tân,Phường Bình Trị Đông,Nhà ở,ban,https://alonhadat.com.vn/ban-nha-mat-tien-khu-vip-ten-lua-dt-90m2-5-tang-mat-tien-sam-uat-dong-tien-60-trieu-18756699.html,alonhadat,15,12600000000,90,2026-06-07,,18756699,,
"Nhà đẹp An Lạc, khu Sinco 4PN,DT 60 M2, Nhỉnh 8 Tỏi","8,5 tỷ",60 m²,"Đường Kinh Dương Vương, Phường An Lạc, Hồ Chí Minh",Quận Bình Tân,Phường An Lạc,Nhà ở,ban,https://alonhadat.com.vn/nha-dep-an-lac-khu-sinco-4pn-dt-60-m2-nhinh-8-toi-18758580.html,alonhadat,4,8500000000,60,2026-06-07,,18758580,,
GIÁP TÊN LỬA CHƯA QUA QUỐC LỘ - HẺM NHỰA XE TẢI 8M - TỈNH LỘ 10 -DT: 4*16M – 7 TỶ 690,"7,69 tỷ",64 m²,"Tỉnh lộ 10, Phường Tân Tạo, Hồ Chí Minh",Quận Bình Tân,Phường Tân Tạo,Nhà ở,ban,https://alonhadat.com.vn/giap-ten-lua-chua-qua-quoc-lo-hem-nhua-xe-tai-8m-tinh-lo-10-dt-4-16m-7-ty-18440956.html,alonhadat,5,7690000000,64,2026-06-07,,18440956,,
Mặt Tiền Khu Tên Lửa ( 6 * 16.5 ) 4 Lầu Thang Máy 13.8 Tỷ,"13,8 tỷ",99 m²,"Đường Tên Lửa, Phường An Lạc, Hồ Chí Minh",Quận Bình Tân,Phường An Lạc,Nhà ở,ban,https://alonhadat.com.vn/mat-tien-khu-ten-lua-6-16-5-4-lau-thang-may-13-8-ty-18757658.html,alonhadat,5,13800000000,99,2026-06-07,,18757658,,
"Nhà Hẻm Xe Hơi 1 sẹc gần Mặt Tiền Khu Lê Văn Quới, 80m2 ( 4 x 20 ) 5 Tầng 5PN 6WC","6,8 tỷ",80 m²,"Đường Mã Lò, Phường Bình Trị Đông, Hồ Chí Minh",Quận Bình Tân,Phường Bình Trị Đông,Nhà ở,ban,https://alonhadat.com.vn/nha-hem-xe-hoi-1-sec-gan-mat-tien-khu-le-van-quoi-80m2-4-x-20-5-tang-5pn-5wc-18757126.html,alonhadat,5,6800000000,80,2026-06-07,,18757126,,
BÁN NHÀ KDC TÊN LỬA CẬP KINH DƯƠNG VƯƠNG HXH 8M DTSD 120M2 CHỈ HƠN 5TỶ,"5,5 tỷ",60 m²,"Đường Tên Lửa, Phường An Lạc, Hồ Chí Minh",Quận Bình Tân,Phường An Lạc,Nhà ở,ban,https://alonhadat.com.vn/ban-nha-kdc-ten-lua-cap-kinh-duong-vuong-hxh-8m-dtsd-120m2-chi-hon-5ty-18757383.html,alonhadat,4,5500000000,60,2026-06-07,,18757383,,
"4x11, nhà có 2 lầu mới đường số 3, giáp Thạch LAM","4,6 tỷ",44 m²,"Đường Số 3, Phường Bình Hưng Hòa, Hồ Chí Minh",Quận Bình Tân,Phường Bình Hưng Hòa A,Nhà ở,ban,https://alonhadat.com.vn/4x11-nha-co-2-lau-moi-duong-so-3-giap-thach-lam-18614772.html,alonhadat,3,4600000000,44,2026-06-07,,18614772,,
"NHÀ BÁN MT KINH DOANH, ĐƯỜNG LÊ ĐÌNH CẨN, 4 X 20M, CẤP 4, GIÁ 8.1 TỶ","8,1 tỷ",80 m²,"Tỉnh lộ 10, Phường Tân Tạo, Hồ Chí Minh",Quận Bình Tân,Phường Tân Tạo,Nhà ở,ban,https://alonhadat.com.vn/nha-ban-mt-kinh-doanh-duong-le-dinh-can-4-x-20m-cap-4-gia-8-1-ty-18619397.html,alonhadat,1,8100000000,80,2026-06-07,,18619397,,
LÔ GỐC 2 MẶT TIỀN KINH DOANH KHÔNG LỘ GIỚI NGAY TÊN LỬA 60M2 4 TẦNG DÒNG TIỀN 20TR,"7,98 tỷ",60 m²,"Đường Số 12, Phường An Lạc, Hồ Chí Minh",Quận Bình Tân,Phường An Lạc A,Nhà ở,ban,https://alonhadat.com.vn/lo-goc-2-mat-tien-kinh-doanh-khong-lo-gioi-ngay-ten-lua-60m2-4-tang-dong-tien-20tr-18090693.html,alonhadat,4,7980000000,60,2026-06-07,,18090693,,
"NHÀ MẶT TIỀN ĐƯỜNG 20M KINH DOANH CỰC VIP KDC NAM HÙNG VƯƠNG,VÕ VĂN KIỆT 4 TẦNG,80M2,","12,4 tỷ",80 m²,"Đường Số 2D, Phường An Lạc, Hồ Chí Minh",Quận Bình Tân,Phường An Lạc,Nhà ở,ban,https://alonhadat.com.vn/nha-mat-tien-duong-20m-kinh-doanh-cuc-vip-kdc-nam-hung-vuong-vo-van-kiet-4-tang-80m2--18167767.html,alonhadat,4,12400000000,80,2026-06-07,,18167767,,
"Nhà MẶT TIỀN KINH DOANH KDC NAM HÙNG VƯƠNG,VÕ VĂN KIỆT 3 TẦNG,80M2(4×20)GẦN TÊN LỬA,","8,2 tỷ",80 m²,"Đường Số 6, Phường An Lạc, Hồ Chí Minh",Quận Bình Tân,Phường An Lạc,Nhà ở,ban,https://alonhadat.com.vn/nha-mat-tien-kinh-doanh-kdc-nam-hung-vuong-vo-van-kiet-3-tang-80m2-4-20-gan-ten-lua--18170239.html,alonhadat,4,8199999999.999999,80,2026-06-07,,18170239,,
"Bán nhà MT 4 tầng, đường số 2 sát khu dân cư Tên Lửa Bình Tân giá 9 tỷ",9 tỷ,120 m²,"Đường Số 2, Phường Tân Tạo, Hồ Chí Minh",Quận Bình Tân,Phường Tân Tạo A,Nhà ở,ban,https://alonhadat.com.vn/ban-nha-mt-4-tang-duong-so-2-sat-khu-dan-cu-ten-lua-binh-tan-gia-9-ty-18707179.html,alonhadat,13,9000000000,120,2026-06-07,,18707179,,
BÁN NHÀ ĐẸP CẠNH LÊ TRỌNG TẤ.N - NGÃ TƯ GÒ MÂ.Y - ĐƯỜNG XE TẢI - ( 4X20M ),"4,5 tỷ",80 m²,"Đường Hồ Văn Long, Phường Bình Tân, Hồ Chí Minh",Quận Bình Tân,Phường Bình Tân,Nhà ở,ban,https://alonhadat.com.vn/ban-nha-dep-canh-le-trong-ta-n-nga-tu-go-ma-y-duong-xe-tai-4x20m--18759029.html,alonhadat,3,4500000000,80,2026-06-07,,18759029,,
Giáp Liên Khu 5-6 - 5 Tầng – Đường Số 6 -BHHB - Bình Tân – Dt: 4*22.5m - 7 Tỷ 7,"7,7 tỷ",90 m²,"Đường Số 6, Phường Bình Tân, Hồ Chí Minh",Quận Bình Tân,Phường Bình Hưng Hòa B,Nhà ở,ban,https://alonhadat.com.vn/giap-lien-khu-5-6-5-tang-duong-so-6-bhhb-binh-tan-dt-4-22-5m-7-ty-7-18752490.html,alonhadat,4,7700000000,90,2026-06-07,,18752490,,
NHÀ ĐÚC 4 TẦNG - HẺM NHỰA 5M - DIỆN TÍCH 4 X 14 MÉT- BÌNH HƯNG HÒA - BÌNH TÂN,7 tỷ,56 m²,"Đường 26 tháng 3, Phường Bình Hưng Hòa, Hồ Chí Minh",Quận Bình Tân,Phường Bình Hưng Hòa,Nhà ở,ban,https://alonhadat.com.vn/nha-duc-4-tang-hem-nhua-5m-dien-tich-4-x-14-met-binh-hung-hoa-binh-tan-18736456.html,alonhadat,4,7000000000,56,2026-06-07,,18736456,,
"NHÀ ĐẸP HƯƠNG LỘ 2, 4X20 80M2, HẺM XE TẢI",7 tỷ,80 m²,"Đường Hương lộ 2, Phường Bình Tân, Hồ Chí Minh",Quận Bình Tân,Phường Bình Trị Đông A,Nhà ở,ban,https://alonhadat.com.vn/nha-dep-huong-lo-2-4x20-80m2-hem-xe-tai-18731736.html,alonhadat,4,7000000000,80,2026-06-07,,18731736,,
NHÀ 3 TẦNG NGAY PHAN ANH - GIÁP TÂN PHÚ - 130M2 - NGANG 6 NỞ HẬU 9- BÌNH TÂN,10 tỷ,130 m²,"Đường Phan Anh, Phường Bình Trị Đông, Hồ Chí Minh",Quận Bình Tân,Phường Bình Trị Đông,Nhà ở,ban,https://alonhadat.com.vn/nha-3-tang-ngay-phan-anh-giap-tan-phu-130m2-ngang-6-no-hau-9-binh-tan-18741801.html,alonhadat,4,10000000000,130,2026-06-07,,18741801,,
TỈNH LỘ 10 - BÌNH TÂN - 70M2 - 4X22M - 6.X TỶ - DÒNG TIỀN 13.5 TRIỆU/THÁNG,"6,65 tỷ",70 m²,"Tỉnh lộ 10, Phường An Lạc, Hồ Chí Minh",Quận Bình Tân,Phường Bình Trị Đông B,Nhà ở,ban,https://alonhadat.com.vn/tinh-lo-10-binh-tan-70m2-4x22m-6-x-ty-dong-tien-13-5-trieu-thang-18758534.html,alonhadat,4,6650000000,70,2026-06-07,,18758534,,
♨️ - NGAY VÒNG XOAY AN LẠC BÌNH TÂN - 3 TÂNG BTCT - 86M2 - NGANG 5M NỞ HẬU - 4.65 TỶ.,"4,65 tỷ",86 m²,"Đường Lê Tấn Bê, Phường An Lạc, Hồ Chí Minh",Quận Bình Tân,Phường An Lạc,Nhà ở,ban,https://alonhadat.com.vn/-ngay-vong-xoay-an-lac-binh-tan-3-tang-btct-86m2-ngang-5m-no-hau-4-65-ty--18756387.html,alonhadat,5,4650000000,86,2026-06-07,,18756387,,
TỈNH LỘ 10 - BÌNH TÂN - 88M2 - 5X20M - 8.X TỶ - HẺM 12M KINH DOANH,"8,75 tỷ",100 m²,"Tỉnh lộ 10, Phường An Lạc, Hồ Chí Minh",Quận Bình Tân,Phường Bình Trị Đông B,Nhà ở,ban,https://alonhadat.com.vn/tinh-lo-10-binh-tan-88m2-5x20m-8-x-ty-hem-12m-kinh-doanh-18758440.html,alonhadat,2,8750000000,100,2026-06-07,,18758440,,
"🔥HXH5m Bến Lội -Bình Trị Đông A, Q Bình Tân Dt 4x14m giá 3️⃣ty8","3,8 tỷ",56 m²,"Đường Tây Lân, Phường Bình Tân, Hồ Chí Minh",Quận Bình Tân,Phường Bình Trị Đông A,Nhà ở,ban,https://alonhadat.com.vn/-hxh5m-ben-loi-binh-tri-dong-a-q-binh-tan-dt-4x14m-gia-3-ty8-18324271.html,alonhadat,2,3800000000,56,2026-06-07,,18324271,,
"🏡 NHÀ ĐẸP GẦN TÊN LỬA –Tỉnh Lộ 10, Bình Tân Dt 4x12m giá 3️⃣ty9","3,9 tỷ",48 m²,"Tỉnh lộ 10, Phường Tân Tạo, Hồ Chí Minh",Quận Bình Tân,Phường Tân Tạo,Nhà ở,ban,https://alonhadat.com.vn/-nha-dep-gan-ten-lua-tinh-lo-10-binh-tan-dt-4x12m-gia-3-ty9-18264471.html,alonhadat,2,3900000000,48,2026-06-07,,18264471,,
"BÁN NHÀ GIÁ RẺ ĐƯỜNG CÂY CÁM–MỚI 3 TẦNG - HẺM XE TẢI – DT 88M² – GIÁ 5,4 TỶ TL","5,4 tỷ",88 m²,"Đường Cây Cám, Phường Bình Tân, Hồ Chí Minh",Quận Bình Tân,Phường Bình Hưng Hòa B,Nhà ở,ban,https://alonhadat.com.vn/ban-nha-gia-re-duong-cay-cam-moi-3-tang-hem-xe-tai-dt-88m-gia-5-4-ty-tl-18757214.html,alonhadat,4,5400000000,88,2026-06-07,,18757214,,
"GÓC 2 MẶT ĐƯỜNG – HẺM XE HƠI 574 KINH DƯƠNG VƯƠNG – 7.5 x 10M, 5.9 TỶ.","5,9 tỷ",73 m²,"Đường Kinh Dương Vương, Phường An Lạc, Hồ Chí Minh",Quận Bình Tân,Phường Bình Trị Đông B,Đất,ban,https://alonhadat.com.vn/goc-2-mat-duong-hem-xe-hoi-574-kinh-duong-vuong-7-5-x-10m-5-9-ty--18659611.html,alonhadat,2,5900000000,73,2026-06-07,,18659611,,
"Nhà mới 100% hương lộ 2 giá 7,85tỷ 3tầng 80m2","7,85 tỷ",80 m²,"Đường Hương lộ 2, Phường Bình Trị Đông, Hồ Chí Minh",Quận Bình Tân,Phường Bình Trị Đông,Đất,ban,https://alonhadat.com.vn/nha-moi-100-huong-lo-2-gia-7-85ty-3tang-80m2-18664288.html,alonhadat,4,7850000000,80,2026-06-07,,18664288,,
"🔥Bán nhà Lê Văn Quới gần ngã tư 4 xã , ngang bề thế","7,5 tỷ",103 m²,"Đường Lê Văn Quới, Phường Bình Hưng Hòa, Hồ Chí Minh",Quận Bình Tân,Phường Bình Hưng Hòa,Đất,ban,https://alonhadat.com.vn/-ban-nha-le-van-quoi-gan-nga-tu-4-xa-ngang-be-the-18752809.html,alonhadat,10,7500000000,103,2026-06-07,,18752809,,
Bán 5×20 đất tặng nhà cấp 4 khu tân tạo kế tên lửa,"5,5 tỷ",100 m²,"Đường Số 6, Phường Tân Tạo, Hồ Chí Minh",Quận Bình Tân,Phường Tân Tạo A,Đất,ban,https://alonhadat.com.vn/nha-moi-2-tang-53m2-hem-8m-duong-tinh-lo-10-18728825.html,alonhadat,2,5500000000,100,2026-06-07,,18728825,,
MẶT TIỀN KHU CHỢ GÒ XOÀI Q BÌNH TÂN 4X22 86M² TIỆN XÂY MỚI GẤP BÁN GIÁ QUANH 5TỎI,"5,45 tỷ",86 m²,"Đường Gò Xoài, Phường Bình Hưng Hòa, Hồ Chí Minh",Quận Bình Tân,Phường Bình Hưng Hòa A,Đất,ban,https://alonhadat.com.vn/mat-tien-khu-cho-go-xoai-q-binh-tan-4x22-86m-tien-xay-moi-gap-ban-gia-quanh-5toi-18756011.html,alonhadat,4,5450000000,86,2026-06-07,,18756011,,
MẶT TIỀN TÂN PHÚ - 5 TẦNG - NGANG LỚN 5M - DT (120m2 )- ĐANG KINH DOANH SPA - SÁT AEON MA,16 tỷ,120 m²,"Đường Lê Trọng Tấn, Phường Bình Tân, Hồ Chí Minh",Quận Bình Tân,Phường Bình Tân,Đất,ban,https://alonhadat.com.vn/mat-tien-tan-phu-5-tang-ngang-lon-5m-dt-120m2-dang-kinh-doanh-spa-sat-aeon-ma-18755324.html,alonhadat,7,16000000000,120,2026-06-07,,18755324,,
TỈNH LỘ 10 - BÌNH TÂN - 86M2 - 4X21.5M - 7.X TỶ - ĐƯỜNG 8M THÔNG,"7,6 tỷ",86 m²,"Tỉnh lộ 10, Phường An Lạc, Hồ Chí Minh",Quận Bình Tân,Phường Bình Trị Đông B,Đất,ban,https://alonhadat.com.vn/tinh-lo-10-binh-tan-86m2-4x21-5m-7-x-ty-duong-8m-thong-18758472.html,alonhadat,2,7600000000,86,2026-06-07,,18758472,,
"🔥 BÁN ĐẤT TẶNG NHÀ – KHU DÂN CƯ TÊN LỬA, BÌNH TÂN 🔥","7,95 tỷ",64 m²,"Đường Số 48, Phường Tân Tạo, Hồ Chí Minh",Quận Bình Tân,Phường Tân Tạo,Đất,ban,https://alonhadat.com.vn/-ban-dat-tang-nha-khu-dan-cu-ten-lua-binh-tan--18757351.html,alonhadat,3,7950000000,64,2026-06-07,,18757351,,
"📢 🔥BÁN ĐẤT TẶNG NHÀ 50M² - 4 X12,5M. GIÁ 4,2 TỶ. NGAY QL1A - BÌNH HƯNG HÒA, BÌNH TÂN","4,2 tỷ",50 m²,"Đường Số 6, Phường Bình Hưng Hòa, Hồ Chí Minh",Quận Bình Tân,Phường Bình Hưng Hòa,Đất nền,ban,https://alonhadat.com.vn/-ban-dat-tang-nha-50m-4-x12-5m-gia-4-2-ty-ngay-ql1a-binh-hung-hoa-binh-tan-18695880.html,alonhadat,2,4200000000,50,2026-06-07,,18695880,,
"Bán biệt thự Lê Đức Thọ , 10x21m , hẻm 10m","21,79 tỷ",210 m²,"Đường Lê Đức Thọ, Phường Gò Vấp, Hồ Chí Minh",Quận Gò Vấp,Phường 17,Biệt thự,ban,https://alonhadat.com.vn/ban-biet-thu-le-duc-tho-10x21m-hem-10m-hon-20-ty-18435385.html,alonhadat,5,21790000000,210,2026-06-07,,18435385,,
"Biệt thự 2 mặt tiền đường Số 8, khu dân cư Cityland, 15x20m, hầm 4 tầng TM, giá 75 tỷ",75 tỷ,300 m²,"Đường Số 8, Phường An Nhơn, Hồ Chí Minh",Quận Gò Vấp,Phường 5,Biệt thự,ban,https://alonhadat.com.vn/biet-thu-2-mat-tien-duong-so-8-khu-dan-cu-cityland-15x20m-ham-4-tang-tm-gia-80-ty-16872708.html,alonhadat,5,75000000000,300,2026-06-07,,16872708,,
"Nhanh tay biệt thự Nguyễn Oanh P17 gv, 12.5x18m cn 215m2 giá chỉ 19 tỷ Hàng hiếm có 102",19 tỷ,215 m²,"Đường Nguyễn Oanh, Phường Gò Vấp, Hồ Chí Minh",Quận Gò Vấp,Phường 17,Biệt thự,ban,https://alonhadat.com.vn/khuon-dat-dep-xay-biet-thu-nguyen-oanh-p17-gv-12-5x18m-cn-215m2-gia-chi-24-ty-tl-16380933.html,alonhadat,5,19000000000,215,2026-06-07,,16380933,,
"Bán nhà HXH Đường Số 59, An Hội Tây, khu DreamHome sầm uất 151m nhỉnh 9 tỷ","9,5 tỷ",151 m²,"Đường Số 59, Phường An Hội Tây, Hồ Chí Minh",Quận Gò Vấp,Phường 14,Căn hộ chung cư,ban,https://alonhadat.com.vn/ban-nha-hxh-duong-so-59-an-hoi-tay-khu-dreamhome-sam-uat-151m-nhinh-9-ty-18750127.html,alonhadat,3,9500000000,151,2026-06-07,,18750127,,
"BÁN NHÀ 4x16M KHU ĐỒNG BỘ CAO TẦNG VỊ TRÍ VÍP, NGAY CHUNG CƯ DREAM HOME, P14, GÒ VẤP","7,95 tỷ",63 m²,"Đường Số 59, Phường An Hội Tây, Hồ Chí Minh",Quận Gò Vấp,Phường 14,Căn hộ chung cư,ban,https://alonhadat.com.vn/ban-nha-4x16m-khu-dong-bo-cao-tang-vi-tri-vip-ngay-chung-cu-dream-home-p14-go-vap-18410582.html,alonhadat,7,7950000000,63,2026-06-07,,18410582,,
"Bán căn hộ dịch vụ Thống Nhất, P.16, Gò Vấp, 31 phòng có thang máy","36,5 tỷ",219 m²,"Đường Thống Nhất, Phường An Hội Đông, Hồ Chí Minh",Quận Gò Vấp,Phường 16,Căn hộ chung cư,ban,https://alonhadat.com.vn/ban-can-ho-dich-vu-thong-nhat-p-16-go-vap-31-phong-co-thang-may-18757456.html,alonhadat,31,36500000000,219,2026-06-07,,18757456,,
"Bán nhà HXH 6m Dương Quảng Hàm,p5,Gò Vấp 4x27m cấp 4 giá 10.8 tỷ","10,8 tỷ",108 m²,"Đường Dương Quảng Hàm, Phường An Nhơn, Hồ Chí Minh",Quận Gò Vấp,Phường An Nhơn,Căn hộ chung cư,ban,https://alonhadat.com.vn/ban-nha-hxh-6m-duong-quang-ham-p5-go-vap-4x27m-cap-4-gia-10-8-ty-18262391.html,alonhadat,3,10800000000,108,2026-06-07,,18262391,,
"Bán Nhà 4 Tầng, 4 x 16m, Đường Số 59, Dòng Tiền 40tr/ Tháng, 7.x Tỷ","7,85 tỷ",64 m²,"Đường Số 59, Phường An Hội Tây, Hồ Chí Minh",Quận Gò Vấp,Phường An Hội Tây,Căn hộ chung cư,ban,https://alonhadat.com.vn/ban-nha-4-tang-4-x-16m-duong-so-59-dong-tien-40tr-thang-7-x-ty-18757641.html,alonhadat,8,7850000000,64,2026-06-07,,18757641,,
HXH Lê văn thọ 4x14m 1T2L. giá có 6.8 tỷ,"6,8 tỷ",56 m²,"Đường Lê Văn Thọ, Phường An Hội Đông, Hồ Chí Minh",Quận Gò Vấp,Phường An Hội Đông,Căn hộ chung cư,ban,https://alonhadat.com.vn/hxh-le-van-tho-4x14m-1t2l-gia-co-6-8-ty-18757158.html,alonhadat,4,6800000000,56,2026-06-07,,18757158,,
CHDV Gò Vấp- 9x30 m2 cực hiếm- 7 tầng+ thang máy- 200tr/th- 55 Tỷ TL,55 tỷ,330 m²,"Đường Nguyễn Du, Phường Hạnh Thông, Hồ Chí Minh",Quận Gò Vấp,Phường 7,Căn hộ chung cư,ban,https://alonhadat.com.vn/ban-chdv-mat-tien-94-nguyen-du-go-vap-200tr-thang-55-ty-18709924.html,alonhadat,26,55000000000,330,2026-06-07,,18709924,,
GÓC 2 MẶT TIỀN - 120M2 - NGANG 7.8M - NGAY BỜ KÊNH THAM LƯƠNG - GIÁ 11.X TỶ,"11,9 tỷ",120 m²,"Đường Lê Đức Thọ, Phường An Hội Tây, Hồ Chí Minh",Quận Gò Vấp,Phường An Hội Tây,Nhà trọ,ban,https://alonhadat.com.vn/goc-2-mat-tien-120m2-ngang-7-8m-ngay-bo-kenh-tham-luong-gia-11-x-ty-18441111.html,alonhadat,4,11900000000,120,2026-06-07,,18441111,,
"Cc Bán nhà mới Mặt tiền KD Lê Quang Định, P1, Gò Vấp, DT 4x15m, 4 tầng, giá 16,8 Tỷ","17,5 tỷ",57 m²,"Đường Lê Quang Định, Phường Hạnh Thông, Hồ Chí Minh",Quận Gò Vấp,Phường 1,Nhà ở,ban,https://alonhadat.com.vn/chinh-chu-ban-nha-moi-mat-tien-kd-le-quang-dinh-p1-go-vap-dt-4x15m-4-tang-gia-17-5-ty-18266005.html,alonhadat,4,17500000000,57,2026-06-07,,18266005,,
🔥 🔥8m MT HXH Phan Huy Ích - Giá siêu tốt - 5 lầu xây mới Full nội thất - Ngang gần 6m,"7,19 tỷ",80 m²,"Đường Phan Huy Ích, Phường An Hội Tây, Hồ Chí Minh",Quận Gò Vấp,Phường An Hội Tây,Nhà ở,ban,https://alonhadat.com.vn/-cach-mt-phan-huy-ich-30m-gia-hap-dan-5-lau-xay-moi-full-noi-that-ngang-gan-6m-18743876.html,alonhadat,6,7190000000,80,2026-06-07,,18743876,,
"Gảm 8 Tỷ Bán Gấp Nhà 4 Lầu mặt tiền đường 40m DƯƠNG QUẢNG HÀM, Gò Vấp, 7.2x22m, Chỉ 28 Tỷ","27,9 tỷ",158 m²,"Đường Dương Quảng Hàm, Phường An Nhơn, Hồ Chí Minh",Quận Gò Vấp,Phường 6,Nhà ở,ban,https://alonhadat.com.vn/gam-8-ty-ban-gap-nha-4-lau-mat-tien-duong-40m-duong-quang-ham-go-vap-7-2x22m-chi-28-ty-18755794.html,alonhadat,6,27900000000,158,2026-06-07,,18755794,,
"*HÀNG HIẾM* 9,4 Tỷ - Kinh doanh tốt - Nhà còn mới 4 Tầng x 60m² gần Ngã 6 Gò Vấp.","9,4 tỷ",60 m²,"Đường Nguyễn Văn Công, Phường Hạnh Thông, Hồ Chí Minh",Quận Gò Vấp,Phường 3,Nhà ở,ban,https://alonhadat.com.vn/-hang-hiem-9-4-ty-kinh-doanh-tot-nha-con-moi-4-tang-x-60m-gan-nga-6-go-vap--18751373.html,alonhadat,6,9400000000,60,2026-06-07,,18751373,,
"SIÊU PHẨM 5 Tầng - Mới - Đẹp - NỘI THẤT SANG - 7,9 tỷ - Hẻm 2 XE HƠI ra Nguyễn Thái Sơn","7,9 tỷ",44 m²,"Đường Nguyễn Thái Sơn, Phường An Nhơn, Hồ Chí Minh",Quận Gò Vấp,Phường 5,Nhà ở,ban,https://alonhadat.com.vn/sieu-pham-5-tang-moi-dep-noi-that-sang-7-9-ty-hem-2-xe-hoi-ra-nguyen-thai-son-18750177.html,alonhadat,4,7900000000,44,2026-06-07,,18750177,,
"MT KINH DOANH ĐỈNH BÙI QUANG LÀ - GÒ VẤP DT 75M GIÁ CHÀO 7,5 TỶ","7,5 tỷ",75 m²,"Đường Bùi Quang Là, Phường An Hội Tây, Hồ Chí Minh",Quận Gò Vấp,Phường 12,Nhà ở,ban,https://alonhadat.com.vn/mt-kinh-doanh-dinh-bui-quang-la-go-vap-dt-75m-gia-chao-7-5-ty-18758957.html,alonhadat,3,7500000000,75,2026-06-07,,18758957,,
"Siêu Phẩm Nhà Phố Trên Đường Lê Thị Hồng,P17,Gò Vấp.Giá 3Tỷ660 sở hữu ngay.","3,66 tỷ",64 m²,"Đường Lê Thị Hồng, Phường Gò Vấp, Hồ Chí Minh",Quận Gò Vấp,Phường 17,Nhà ở,ban,https://alonhadat.com.vn/sieu-pham-nha-pho-tren-duong-le-thi-hong-p17-go-vap-gia-3ty660-so-huu-ngay--18743441.html,alonhadat,3,3660000000,64,2026-06-07,,18743441,,
"**HẺM XE HƠI thông - Hơn 4 tỷ - Nhà 3Tầng x 47m² ra đường Quang Trung, Q. Gò Vấp","4,2 tỷ",47 m²,"Đường Quang Trung, Phường Thông Tây Hội, Hồ Chí Minh",Quận Gò Vấp,Phường 11,Nhà ở,ban,https://alonhadat.com.vn/-hem-xe-hoi-thong-hon-4-ty-nha-3tang-x-47m-ra-duong-quang-trung-q-go-vap-18758402.html,alonhadat,4,4200000000,47,2026-06-07,,18758402,,
"NHÀ PHỐ LUXURY 2 MẶT TIỀN GIÁP SÂN BAY,OTO VÀO NHÀ, 60m2,5 TẦNG SHR,CÓ THANG MÁY,CHỈ 9.99","9,99 tỷ",60 m²,"Đường Nguyễn Thái Sơn, Phường An Nhơn, Hồ Chí Minh",Quận Gò Vấp,Phường An Nhơn,Nhà ở,ban,https://alonhadat.com.vn/nha-pho-luxury-2-mat-tien-giap-san-bay-oto-vao-nha-60m2-5-tang-shr-co-thang-may-chi-9-99-18756826.html,alonhadat,4,9990000000,60,2026-06-07,,18756826,,
"BÁN NHÀ CHÍNH CHỦ 4 LẦU KHU ĐỒNG BỘ CAO TẦNG VIP, HẺM OTO LÊ ĐỨC THỌ, GÒ VẤP HOA HỒNG 1%","6,95 tỷ",52 m²,"Đường Lê Đức Thọ, Phường An Hội Tây, Hồ Chí Minh",Quận Gò Vấp,Phường 13,Nhà ở,ban,https://alonhadat.com.vn/ban-nha-chinh-chu-4-lau-khu-dong-bo-cao-tang-vip-hem-oto-le-duc-tho-go-vap-hoa-hong-1--18718577.html,alonhadat,5,6950000000,52,2026-06-07,,18718577,,
BÁN NHÀ HUỲNH VĂN NGHỆ GÒ VẤP – 5 TẦNG – NGANG 4.5M – GIẢM 1 TỶ – CHỈ 8 TỶ NHỈNH Cần bán,8 tỷ,68 m²,"Đường Huỳnh Văn Nghệ, Phường An Hội Tây, Hồ Chí Minh",Quận Gò Vấp,Phường 12,Nhà ở,ban,https://alonhadat.com.vn/ban-nha-huynh-van-nghe-go-vap-5-tang-ngang-4-5m-giam-1-ty-chi-8-ty-nhinh-can-ban-18756133.html,alonhadat,5,8000000000,68,2026-06-07,,18756133,,
"MẶT TIỀN KDC VIP LÊ THỊ HỒNG, 105M², 5.1X20, 4T, ĐƯỜNG 8M KINH DOANH, GARA OTO, THANG MÁY","18,999 tỷ",105 m²,"Đường Lê Thị Hồng, Phường Gò Vấp, Hồ Chí Minh",Quận Gò Vấp,Phường 17,Nhà ở,ban,https://alonhadat.com.vn/mat-tien-kdc-vip-le-thi-hong-105m-5-1x20-4t-duong-8m-kinh-doanh-gara-oto-thang-may-17193180.html,alonhadat,4,18999000000,105,2026-06-07,,17193180,,
"Hẻm xe hơi 558 Lê Quang Định, 60m2, 2 lầu, 3 phòng ngủ, chỉ 5.9 tỷ","5,9 tỷ",60 m²,"Đường Lê Quang Định, Phường Hạnh Thông, Hồ Chí Minh",Quận Gò Vấp,Phường 1,Nhà ở,ban,https://alonhadat.com.vn/hem-xe-hoi-558-le-quang-dinh-60m2-2-lau-3-phong-ngu-chi-5-9-ty-18757534.html,alonhadat,3,5900000000,60,2026-06-07,,18757534,,
Bán nhà Bùi Quang Là - 4x15m - 3 tầng - chỉ 6.3 tỷ,"6,29 tỷ",60 m²,"Đường Bùi Quang Là, Phường An Hội Tây, Hồ Chí Minh",Quận Gò Vấp,Phường 12,Nhà ở,ban,https://alonhadat.com.vn/ban-nha-bui-quang-la-4x15m-3-tang-chi-6-3-ty-18757086.html,alonhadat,4,6290000000,60,2026-06-07,,18757086,,
GÒ VẤP - CHỦ NHIỆT BÁN - BÙI QUANG LÀ - 33M2 - 2 TẦNG - NHỈNH 4 TỶ,"4,53 tỷ",33 m²,"Đường Bùi Quang Là, Phường An Hội Tây, Hồ Chí Minh",Quận Gò Vấp,Phường An Hội Tây,Nhà ở,ban,https://alonhadat.com.vn/go-vap-chu-nhiet-ban-bui-quang-la-33m2-2-tang-nhinh-4-ty-18734814.html,alonhadat,2,4530000000,33,2026-06-07,,18734814,,
NGỘP BANK - BÁN GẤP MẶT TIỀN LÊ ĐỨC THỌ - 81M2 - NỞ HẬU - GIÁ 12.X TỶ,"12,3 tỷ",81 m²,"Đường Lê Đức Thọ, Phường An Hội Đông, Hồ Chí Minh",Quận Gò Vấp,Phường 15,Nhà ở,ban,https://alonhadat.com.vn/ngop-bank-ban-gap-mat-tien-le-duc-tho-81m2-no-hau-gia-12-x-ty-16999627.html,alonhadat,1,12300000000,81,2026-06-07,,16999627,,
"MẶT TIỀN GẦN QUANG TRUNG - 4 TẦNG - 4,3X17 - 4PN - 70M2 - GIÁ 11.X TỶ","11,99 tỷ",70 m²,"Đường số 18, Phường Thông Tây Hội, Hồ Chí Minh",Quận Gò Vấp,Phường 8,Nhà ở,ban,https://alonhadat.com.vn/mat-tien-gan-quang-trung-4-tang-4-3x17-4pn-70m2-gia-11-x-ty-16999526.html,alonhadat,4,11990000000,70,2026-06-07,,16999526,,
MẶT TIỀN NGUYỄN TƯ GIẢN - 120M2 - 3 TẦNG BTCT 6PN - GIÁ 12.X TỶ,"12,5 tỷ",120 m²,"Đường Nguyễn Tư Giản, Phường An Hội Tây, Hồ Chí Minh",Quận Gò Vấp,Phường 12,Nhà ở,ban,https://alonhadat.com.vn/mat-tien-nguyen-tu-gian-120m2-3-tang-btct-6pn-gia-12-x-ty-17072488.html,alonhadat,6,12500000000,120,2026-06-07,,17072488,,
"Nhà Hẻm Xe Hơi Quang Trung, P14 💎Cạnh Siêu Thị EMAX 2.💎4x16m 3 Lầu 4PN 5WC💎8 Tỷ",800 triệu,64 m²,"Đường Quang Trung, Phường An Hội Tây, Hồ Chí Minh",Quận Gò Vấp,Phường 14,Nhà ở,ban,https://alonhadat.com.vn/nha-hem-xe-hoi-quang-trung-p14-canh-sieu-thi-emax-2-4x16m-3-lau-4pn-5wc-8-9-ty-17981250.html,alonhadat,4,800000000,64,2026-06-07,,17981250,,
Mặt tiền lê đức thọ gả căn nhà 92m cho người hữu duyên.,9 tỷ,92 m²,"Đường Lê Đức Thọ, Phường An Hội Tây, Hồ Chí Minh",Quận Gò Vấp,Phường 13,Nhà ở,ban,https://alonhadat.com.vn/mat-tien-le-duc-tho-ga-can-nha-92m-cho-nguoi-huu-duyen--18758066.html,alonhadat,2,9000000000,92,2026-06-07,,18758066,,
💥 Bán nhà 2 tầng HXH thông Nguyễn Tư Giản- 44m2- giá nhỉnh 4 tỷ,"4,3 tỷ",44 m²,"Đường Nguyễn Tư Giản, Phường An Hội Tây, Hồ Chí Minh",Quận Gò Vấp,Phường 12,Nhà ở,ban,https://alonhadat.com.vn/-ban-nha-2-tang-hxh-thong-nguyen-tu-gian-44m2-gia-nhinh-4-ty-18436495.html,alonhadat,2,4300000000,44,2026-06-07,,18436495,,
"Nhà Mặt Tiền Đường Số 51, 4x16, 3 Tầng, Full Nội Thất, Dòng Tiền 18tr/ Tháng, 7.X Tỷ","7,95 tỷ",64 m²,"Đường số 51, Phường An Hội Tây, Hồ Chí Minh",Quận Gò Vấp,Phường An Hội Tây,Nhà ở,ban,https://alonhadat.com.vn/nha-mat-tien-duong-so-51-4x16-3-tang-full-noi-that-dong-tien-18tr-thang-7-x-ty-18757920.html,alonhadat,4,7950000000,64,2026-06-07,,18757920,,
5x15m 4 lầu Căn Góc 2MT Phạm Văn Chiêu - rẻ,"7,25 tỷ",75 m²,"Đường Phạm Văn Đồng, Phường Thông Tây Hội, Hồ Chí Minh",Quận Gò Vấp,Phường Thông Tây Hội,Nhà ở,ban,https://alonhadat.com.vn/5x15m-4-lau-can-goc-2mt-pham-van-chieu-re-18757610.html,alonhadat,6,7250000000,75,2026-06-07,,18757610,,
"nhà 1 trục nguyễn văn khối, 5.1 x 11, NH 6.2m. giá nhỉnh 5.xx tỷ","5,35 tỷ",57 m²,"Đường Nguyễn Văn Khối, Phường Thông Tây Hội, Hồ Chí Minh",Quận Gò Vấp,Phường 8,Nhà ở,ban,https://alonhadat.com.vn/nha-1-truc-nguyen-van-khoi-5-1-x-11-nh-6-2m-gia-nhinh-5-xx-ty-18724841.html,alonhadat,1,5350000000,57,2026-06-07,,18724841,,
"HHMG 1%. Siêu Phẩm Mặt tiền Thụt đs30, P6, tiện kd mua bán.","6,97 tỷ",55 m²,"Đường số 30, Phường An Nhơn, Hồ Chí Minh",Quận Gò Vấp,Phường 6,Nhà ở,ban,https://alonhadat.com.vn/hhmg-1-sieu-pham-mat-tien-thut-ds30-p6-tien-kd-mua-ban--18222917.html,alonhadat,3,6970000000,55,2026-06-07,,18222917,,
"Bán căn hẻm kinh doanh rộng 16m Lê đức thọ khu căn cứ P17, 5x20m 5 lầu, hầm giá 17.5 ty tl","17,5 tỷ",130 m²,"Đường Lê Đức Thọ, Phường Gò Vấp, Hồ Chí Minh",Quận Gò Vấp,Phường 17,Nhà ở,ban,https://alonhadat.com.vn/ban-can-goc-hem-kinh-doanh-rong-16m-le-duc-tho-khu-can-cu-p17-6x21m-5-lau-ham-gia-25ty-15660962.html,alonhadat,16,17500000000,130,2026-06-07,,15660962,,
"Bán chia tài sản Nguyễn Oanh khu cx lam sơn, chợ căn cứ12*19m trệt lầu giá 33 tỷ đct 120tr",33 tỷ,220 m²,"Đường Nguyễn Oanh, Phường Gò Vấp, Hồ Chí Minh",Quận Gò Vấp,Phường 17,Nhà ở,ban,https://alonhadat.com.vn/ban-chia-tai-san-nha-nguyen-oanh-khu-cu-xa-lam-son-cho-can-cu12-19m-tret-lau-gia-33-ty-16644696.html,alonhadat,12,33000000000,220,2026-06-07,,16644696,,
"Nhà đẹp căn góc quang trung p10, dt 5x18m 6 tầng thang máy giá 20.5 tỷ tặng nôi thất","20,5 tỷ",80 m²,"Đường Quang Trung, Phường Gò Vấp, Hồ Chí Minh",Quận Gò Vấp,Phường 10,Nhà ở,ban,https://alonhadat.com.vn/nha-dep-quang-trung-p10-dt-5x18m-6-tang-thang-may-gia-20-5-ty-tang-noi-that-18599876.html,alonhadat,6,20500000000,80,2026-06-07,,18599876,,
"Căn góc Nguyễn Văn lượng P17 GV 8x11m 5 lẩu thang máy 7pn, 8WC Hẻm 1 trục xe tải lớn 14",14 tỷ,85 m²,"Đường Nguyễn Văn Lượng, Phường Gò Vấp, Hồ Chí Minh",Quận Gò Vấp,Phường 17,Nhà ở,ban,https://alonhadat.com.vn/can-goc-nguyen-van-luong-p17-gv-8x11m-5-lau-thang-may-7pn-8wc-hem-1-truc-xe-tai-lon-14-18166920.html,alonhadat,7,14000000000,85,2026-06-07,,18166920,,
Nhà đẹp Đường 1 trục Lê Thị hồng chợ cc p17 GV 5x20m hầm 5 tầng giá 16 tỷ tl thang máy,16 tỷ,90 m²,"Đường Lê Thị Hồng, Phường Gò Vấp, Hồ Chí Minh",Quận Gò Vấp,Phường 17,Nhà ở,ban,https://alonhadat.com.vn/nha-dep-duong-1-truc-le-thi-hong-cho-cc-p17-gv-5x20m-ham-5-tang-gia-17-5-ty-tl-thang-may-18134444.html,alonhadat,8,16000000000,90,2026-06-07,,18134444,,
BÁN GẤP NHÀ HXH LÊ LAI PHƯỜNG 1 QUẬN GÒ VẤP GIÁ 19TỶ,19 tỷ,107 m²,"Đường Lê Lai, Phường Hạnh Thông, Hồ Chí Minh",Quận Gò Vấp,Phường 1,Nhà ở,ban,https://alonhadat.com.vn/ban-gap-nha-hxh-le-lai-phuong-1-quan-go-vap-gia-19ty-18757405.html,alonhadat,4,19000000000,107,2026-06-07,,18757405,,
Nhà đẹp 6 tầng lung linh hẻm 317 Thống Nhất ngang 4.2m 67m2 KM T.Máy gần Lotte 13 tỷ hơn,"13,3 tỷ",67 m²,"Đường Thống Nhất, Phường Thông Tây Hội, Hồ Chí Minh",Quận Gò Vấp,Phường 11,Nhà ở,ban,https://alonhadat.com.vn/nha-dep-6-tang-lung-linh-hem-317-thong-nhat-ngang-4-2m-67m2-km-t-may-gan-lotte-13-ty-hon-17674896.html,alonhadat,7,13300000000,67,2026-06-07,,17674896,,
"Bán nhà đẹp 4 tầng, căn góc 45m2, Nội thất xịn, Quang Trung,Thông Tây, Gò Vấp, 6.6tỷ","6,6 tỷ",45 m²,"Đường Quang Trung, Phường Thông Tây Hội, Hồ Chí Minh",Quận Gò Vấp,Phường Thông Tây Hội,Nhà ở,ban,https://alonhadat.com.vn/ban-nha-dep-4-tang-can-goc-45m2-noi-that-xin-quang-trung-thong-tay-go-vap-6-6ty-18756988.html,alonhadat,4,6600000000,45,2026-06-07,,18756988,,
NHÀ BÁN HẺM XE HƠI THÔNG - GARA Ô TÔ - 4m x 22m - 5 TẦNG - MỚI Ở NGAY - 12.x TỶ,12 tỷ,88 m²,"Đường Quang Trung, Phường An Hội Tây, Hồ Chí Minh",Quận Gò Vấp,Phường 12,Nhà ở,ban,https://alonhadat.com.vn/nha-ban-hem-xe-hoi-thong-gara-o-to-4m-x-22m-5-tang-moi-o-ngay-12-x-ty-18419265.html,alonhadat,5,12000000000,88,2026-06-07,,18419265,,
"BÁN NHÀ GẦN CÔNG VIÊN LÀNG HOA, NGUYỄN VĂN KHỐI, 4m x 12m, NHÀ MỚI, 5 TỶ 980","5,98 tỷ",48 m²,"Đường Nguyễn Văn Khối, Phường Thông Tây Hội, Hồ Chí Minh",Quận Gò Vấp,Phường 11,Nhà ở,ban,https://alonhadat.com.vn/ban-nha-gan-cong-vien-lang-hoa-nguyen-van-khoi-4m-x-12m-nha-moi-5-ty-980-18435343.html,alonhadat,3,5980000000,48,2026-06-07,,18435343,,
"Hẻm ô Tô Phạm Văn Bạch, Trường Chinh,5x26m, Tiện xây CHDV, 10.x tỷ","10,69 tỷ",130 m²,"Đường Phạm Văn Bạch, Phường Tân Sơn, Hồ Chí Minh",Quận Gò Vấp,Phường 15,Đất,ban,https://alonhadat.com.vn/hem-o-to-pham-van-bach-tan-son-phuong-12-cu-go-vap-5x22m-tien-xay-chdv-11-ty-hon-17570932.html,alonhadat,2,10690000000,130,2026-06-07,,17570932,,
"Siêu giảm từ 250 tỷ còn 140 tỷ - Mặt tiền Lê Đức Thọ, P13, Gò Vấp. 3000m2 - 30x100m vuông",140 tỷ,3000 m²,"Đường Lê Đức Thọ, Phường An Hội Tây, Hồ Chí Minh",Quận Gò Vấp,Phường 13,Đất,ban,https://alonhadat.com.vn/sieu-giam-tu-250-ty-con-140-ty-mat-tien-le-duc-tho-p13-go-vap-3000m2-30x100m-vuong-14295055.html,alonhadat,5,140000000000,3000,2026-06-07,,14295055,,
Đón sóng hạ tầng - sát bờ kè Tham lương- Mặt tiền đường số 1 rộng 12m,"9,9 tỷ",100 m²,"Đường Số 1, Phường An Hội Đông, Hồ Chí Minh",Quận Gò Vấp,Phường An Hội Đông,Đất,ban,https://alonhadat.com.vn/don-song-ha-tang-sat-bo-ke-tham-luong-mat-tien-duong-so-1-rong-12m-18631436.html,alonhadat,2,9900000000,100,2026-06-07,,18631436,,
"💥 GIÁ TỐT HIẾM CÓ TẠI QUANG TRUNG, GÒ VẤP – NHÀ ĐẸP VÀO Ở NGAY, NỞ HẬU","7,9 tỷ",78 m²,"Đường Quang Trung, Phường Gò Vấp, Hồ Chí Minh",Quận Gò Vấp,Phường 10,Đất,ban,https://alonhadat.com.vn/-gia-tot-hiem-co-tai-quang-trung-go-vap-nha-dep-vao-o-ngay-no-hau-18706456.html,alonhadat,4,7900000000,78,2026-06-07,,18706456,,
"Đại siêu phẩm góc 3 MT Phạm Văn Đồng - Quận Gò Vấp, DT 40x50m, XD: 3 Hầm 15 tầng",290 tỷ,2000 m²,"Đường Phạm Văn Đồng, Phường Hạnh Thông, Hồ Chí Minh",Quận Gò Vấp,Phường Hạnh Thông,Đất,ban,https://alonhadat.com.vn/dai-sieu-pham-goc-3-mt-pham-van-dong-quan-go-vap-dt-40x50m-xd-3-ham-15-tang-18682487.html,alonhadat,10,290000000000,2000,2026-06-07,,18682487,,
🏠 HẺM ÔTÔ- 1 CĂN RA MT NGUYỄN THÁI SƠN – 2 TẦNG- 52m² (3.8x13) – PHƯỜNG AN NHƠN,"6,4 tỷ",52 m²,"Đường Nguyễn Thái Sơn, Phường An Nhơn, Hồ Chí Minh",Quận Gò Vấp,Phường An Nhơn,Đất,ban,https://alonhadat.com.vn/-hem-oto-1-can-ra-mt-nguyen-thai-son-2-tang-52m-3-8x13-phuong-an-nhon-18555676.html,alonhadat,2,6400000000,52,2026-06-07,,18555676,,
"Siêu rẻ , Bán đất tặng nhà Quang Trung , 70m2 (5x14m) , chỉ 5.2 đồng","5,2 tỷ",70 m²,"Đường Quang Trung, Phường Thông Tây Hội, Hồ Chí Minh",Quận Gò Vấp,Phường 8,Đất,ban,https://alonhadat.com.vn/sieu-re-ban-dat-tang-nha-quang-trung-70m2-5x14m-chi-5-2-dong-17828413.html,alonhadat,4,5200000000,70,2026-06-07,,17828413,,
MẶT TIỀN QUANG TRUNG - 70M2 - 4 TẦNG - 4x17 - NGAY CHỢ HẠNH THÔNG TÂY - GIÁ 12.X TỶ,"12,99 tỷ",70 m²,"Đường Quang Trung, Phường Thông Tây Hội, Hồ Chí Minh",Quận Gò Vấp,Phường Thông Tây Hội,Đất,ban,https://alonhadat.com.vn/mat-tien-quang-trung-70m2-4-tang-4x17-ngay-cho-hanh-thong-tay-gia-12-x-ty-18438108.html,alonhadat,4,12990000000,70,2026-06-07,,18438108,,
SIÊU MẶT TIỀN GẦN PHẠM VĂN CHIÊU - 5 TẦNG BTCT THANG MÁY - GIÁ CHỈ 13.X TỶ,"13,98 tỷ",60 m²,"Đường Phạm Văn Chiêu, Phường An Hội Tây, Hồ Chí Minh",Quận Gò Vấp,Phường 14,Đất,ban,https://alonhadat.com.vn/sieu-mat-tien-gan-pham-van-chieu-5-tang-btct-thang-may-gia-chi-13-x-ty-16999704.html,alonhadat,3,13980000000,60,2026-06-07,,16999704,,
KHÁCH SẠN MẶT TIỀN NGAY NGUYỄN OANH - 8x20m - 7 TẦNG THANG MÁY - DÒNG TIỀN 250TR/TH,"27,5 tỷ",160 m²,"Đường Nguyễn Oanh, Phường An Nhơn, Hồ Chí Minh",Quận Gò Vấp,Phường 6,Đất,ban,https://alonhadat.com.vn/khach-san-mat-tien-ngay-nguyen-oanh-8x20m-7-tang-thang-may-dong-tien-250tr-th-16591429.html,alonhadat,30,27500000000,160,2026-06-07,,16591429,,
"Bán nhà cũ tặng khuôn đất cực đẹp, DT 5.5x20m, 1 lầu, trục 6m Lê Văn Thọ P8, giá 12.7 tỷTL","12,7 tỷ",110 m²,"Đường Lê Văn Thọ, Phường Thông Tây Hội, Hồ Chí Minh",Quận Gò Vấp,Phường 8,Đất,ban,https://alonhadat.com.vn/ban-nha-cu-tang-khuon-dat-cuc-dep-dt-5-5x20m-1-lau-truc-6m-le-van-tho-p8-gia-12-7-tytl-18751331.html,alonhadat,3,12700000000,110,2026-06-07,,18751331,,
"Bán 2 mặt tiền Lê Đức Thọ, P13, Gò vấp, 1414m2 đất công nhận. (27mx58m), giá chỉ 60tr/m2",85 tỷ,1414 m²,"Đường Lê Đức Thọ, Phường An Hội Tây, Hồ Chí Minh",Quận Gò Vấp,Phường 13,Đất,ban,https://alonhadat.com.vn/ban-2-mat-tien-le-duc-tho-p13-go-vap-1414m2-dat-cong-nhan-27mx58m-gia-chi-60tr-m2-18753919.html,alonhadat,1,85000000000,1414,2026-06-07,,18753919,,
"Mặt Tiền Kinh Doanh, Bùi Quang Là, 4x20, 3 Tầng, Chỉ 7. x Tỷ","7,499 tỷ",80 m²,"Đường Bùi Quang Là, Phường An Hội Tây, Hồ Chí Minh",Quận Gò Vấp,Phường An Hội Tây,Đất,ban,https://alonhadat.com.vn/math-tien-kinh-doanh-bui-quang-la-4x20-3-tang-chi-7-x-ty-18755916.html,alonhadat,3,7499000000,80,2026-06-07,,18755916,,
Hàng cực Hiếm MT lê lai P4 GV 5.5x20m cn 99m2 trệt 1 lầu giá 13.9 tỷ,"13,9 tỷ",99 m²,"Đường Lê Lai, Phường Hạnh Thông, Hồ Chí Minh",Quận Gò Vấp,Phường 4,Đất,ban,https://alonhadat.com.vn/hang-cuc-hiem-mt-le-lai-p4-gv-5-5x20m-cn-99m2-tret-1-lau-gia-13-9-ty-18720466.html,alonhadat,5,13900000000,99,2026-06-07,,18720466,,
"Đại siêu phẩm góc 3 MT Phạm Văn Đồng - Trần Quốc Tuấn - DT 40x50m, XD: 3 Hầm 15 tầng",290 tỷ,2000 m²,"Đường Phạm Văn Bạch, Phường Hạnh Thông, Hồ Chí Minh",Quận Gò Vấp,Phường 1,Đất,ban,https://alonhadat.com.vn/dai-sieu-pham-goc-3-mt-pham-van-dong-tran-quoc-tuan-dt-40x50m-xd-3-ham-15-tang-18682393.html,alonhadat,10,290000000000,2000,2026-06-07,,18682393,,
"Bán Nhà 2 Mặt Tiền Lê Quang Định, Ngang 9 x 28m, đất 250m2, Xây dựng hầm 7 lầu, giá 3x tỷ","39,999 tỷ",260 m²,"Đường Lê Quang Định, Phường Hạnh Thông, Hồ Chí Minh",Quận Gò Vấp,Phường Hạnh Thông,Đất,ban,https://alonhadat.com.vn/ban-nha-2-mat-tien-le-quang-dinh-ngang-9-x-28m-dat-250m2-xay-dung-ham-7-lau-gia-3x-ty-18741658.html,alonhadat,1,39999000000,260,2026-06-07,,18741658,,
"BÁN NHÀ 48M² – GẦN VINCOM – HẺM 5M THÔNG – GIÁ CHỈ 4,75 TỶ","4,75 tỷ",48 m²,"Đường Quang Trung, Phường Hạnh Thông, Hồ Chí Minh",Quận Gò Vấp,Phường Hạnh Thông,Đất,ban,https://alonhadat.com.vn/ban-nha-48m-gan-vincom-hem-5m-thong-gia-chi-4-75-ty-18756803.html,alonhadat,3,4750000000,48,2026-06-07,,18756803,,
HẺM XE HƠI THÔNG QUANG TRUNG - 43M2 - 2 MẶT THOÁNG - NHỈNH 4 TỶ Ở NGAY,"4,89 tỷ",43 m²,"Đường Quang Trung, Phường Thông Tây Hội, Hồ Chí Minh",Quận Gò Vấp,Phường 8,Đất,ban,https://alonhadat.com.vn/hem-xe-hoi-thong-quang-trung-43m2-2-mat-thoang-nhinh-4-ty-o-ngay-18756763.html,alonhadat,2,4890000000,43,2026-06-07,,18756763,,
"Biệt Thự Góc 2 Mặt Tiền Phan Xích Long – 207m² Đất Đẹp – Chỉ 36,5 Tỷ","36,5 tỷ",207 m²,"Đường Phan Xích Long, Phường Đức Nhuận, Hồ Chí Minh",Quận Phú Nhuận,Phường 3,Biệt thự,ban,https://alonhadat.com.vn/biet-thu-goc-2-mat-tien-phan-xich-long-207m-dat-dep-chi-36-5-ty-18756642.html,alonhadat,6,36500000000,207,2026-06-07,,18756642,,
MẶT TIỀN PHÚ NHUẬN NGUYỄN ĐÌNH CHIỂU 61M2 NGANG 3.6M ĐOẠN VIP TOÀN BIỆT THỰ CHỈ 10.8 TỶ/TL,"10,8 tỷ",61 m²,"Đường Nguyễn Đình Chiểu, Phường Đức Nhuận, Hồ Chí Minh",Quận Phú Nhuận,Phường 3,Biệt thự,ban,https://alonhadat.com.vn/mat-tien-phu-nhuan-nguyen-dinh-chieu-61m2-ngang-3-6m-doan-vip-toan-biet-thu-chi-10-8-ty-tl-18757122.html,alonhadat,3,10800000000,61,2026-06-07,,18757122,,
"BÁN BIỆT THỰ ĐẶNG VĂN NGỮ, P10, PHÚ NHUẬN – KHU VIP – DIỆN TÍCH KHỦNG 174,8M²",36 tỷ,174 m²,"Đường Đặng Văn Ngữ, Phường Phú Nhuận, Hồ Chí Minh",Quận Phú Nhuận,Phường 10,Biệt thự,ban,https://alonhadat.com.vn/ban-biet-thu-dang-van-ngu-p10-phu-nhuan-khu-vip-dien-tich-khung-174-8m--18717261.html,alonhadat,5,36000000000,174,2026-06-07,,18717261,,
"Biệt thự Đặng Văn Ngữ, DT 8x21.5, 3 tầng, giá 36 tỷ TL",36 tỷ,174 m²,"Đường Đặng Văn Ngữ, Phường Phú Nhuận, Hồ Chí Minh",Quận Phú Nhuận,Phường 10,Biệt thự,ban,https://alonhadat.com.vn/biet-thu-dang-van-ngu-dt-8x21-5-3-tang-gia-36-ty-tl-16167063.html,alonhadat,4,36000000000,174,2026-06-07,,16167063,,
"Bán biệt thự góc 2 mặt tiền Hoàng Hoa Thám, P.5, Q. Phú Nhuận",45 tỷ,216 m²,"Đường Hoàng Hoa Thám, Phường Bình Lợi Trung, Hồ Chí Minh",Quận Phú Nhuận,Phường 6,Biệt thự,ban,https://alonhadat.com.vn/ban-biet-thu-goc-2-mat-tien-hoang-hoa-tham-p-5-q-phu-nhuan-18757396.html,alonhadat,4,45000000000,216,2026-06-07,,18757396,,
"Building Căn Hộ Dịch Vụ ở 29 Hoàng Diệu, P10, Phú Nhuận Dt(15x20) - hầm 9 tầng - 149 tỷ",149 tỷ,300 m²,"Đường Hoàng Diệu, Phường Phú Nhuận, Hồ Chí Minh",Quận Phú Nhuận,Phường 10,Căn hộ chung cư,ban,https://alonhadat.com.vn/building-can-ho-dich-vu-o-29-hoang-dieu-p10-phu-nhuan-dt-15x20-ham-9-tang-149-ty-18076124.html,alonhadat,23,149000000000,300,2026-06-07,,18076124,,
"BÁN NHÀ 110 CX NGUYỄN VĂN TRỖI ,Q.PHÚ NHUẬN ,DT:8X20M , 8 TẦNG GIÁ 78 TỶ",78 tỷ,220 m²,"Đường Nguyễn Văn Trỗi, Phường Cầu Kiệu, Hồ Chí Minh",Quận Phú Nhuận,Phường 17,Căn hộ chung cư,ban,https://alonhadat.com.vn/ban-nha-110-cx-nguyen-van-troi-q-phu-nhuan-dt-8x20m-8-tang-gia-78-ty-18417697.html,alonhadat,15,78000000000,220,2026-06-07,,18417697,,
"Bán gấp 110 Cư Xá Nguyễn Văn Trỗi, khu Vip nhất tuyến đường,dt: 8x20 nở hậu 15m hầm 7 tầng",78 tỷ,220 m²,"Đường Nguyễn Văn Trỗi, Phường Phú Nhuận, Hồ Chí Minh",Quận Phú Nhuận,Phường Phú Nhuận,Căn hộ chung cư,ban,https://alonhadat.com.vn/ban-gap-110-cu-xa-nguyen-van-troi-khu-vip-nhat-tuyen-duong-dt-8x20-no-hau-15m-ham-7-tang-18414320.html,alonhadat,20,78000000000,220,2026-06-07,,18414320,,
"HẺM NHỰA Ô TÔ 6M HUỲNH VĂN BÁNH PHÚ NHUẬN, 46M2, 3 TẦNG, 3PN GIÁP ĐẶNG VĂN NGỮ 8.9 TỶ","8,99 tỷ",46 m²,"Đường Huỳnh Văn Bánh, Phường Phú Nhuận, Hồ Chí Minh",Quận Phú Nhuận,Phường 13,Mặt bằng,ban,https://alonhadat.com.vn/hem-nhua-o-to-6m-huynh-van-banh-phu-nhuan-46m2-3-tang-3pn-giap-dang-van-ngu-8-9-ty-18758038.html,alonhadat,3,8990000000,46,2026-06-07,,18758038,,
**GẤP BÁN 14 tỷ** MT KINH DOANH ĐẸP gần khúc giao Nguyễn Đình Chính - Nguyễn Trọng Tuyển,14 tỷ,60 m²,"Đường Nguyễn Đình Chính, Phường Cầu Kiệu, Hồ Chí Minh",Quận Phú Nhuận,Phường 15,Nhà ở,ban,https://alonhadat.com.vn/-gap-ban-14-ty-mt-kinh-doanh-dep-gan-khuc-giao-nguyen-dinh-chinh-nguyen-trong-tuyen-18740269.html,alonhadat,5,14000000000,60,2026-06-07,,18740269,,
HOT-PHAN TÂY HỒ 87m2-9 TỶ-NHỈNH 100tr/m2,9 tỷ,87 m²,"Đường Phan Tây Hồ, Phường Cầu Kiệu, Hồ Chí Minh",Quận Phú Nhuận,Phường 7,Nhà ở,ban,https://alonhadat.com.vn/hot-phan-tay-ho-87m2-9-ty-nhinh-100tr-m2-18747655.html,alonhadat,3,9000000000,87,2026-06-07,,18747655,,
"NHÀ HẺM XE HƠI ĐOÀN THỊ ĐIỂM 40M2, 4 TẦNG, 5PN, DÒNG TIỀN 40 TRIỆU/ THÁNG, CHỈ NHỈNH 8 TỶ","8,99 tỷ",40 m²,"Đường Đoàn Thị Điểm, Phường Cầu Kiệu, Hồ Chí Minh",Quận Phú Nhuận,Phường 1,Nhà ở,ban,https://alonhadat.com.vn/nha-hem-xe-hoi-doan-thi-diem-40m2-4-tang-5pn-dong-tien-40-trieu-thang-chi-nhinh-10-ty-18434050.html,alonhadat,5,8990000000,40,2026-06-07,,18434050,,
GÓC 3MT 191C Phan Đăng Lưu | 18x30m | CTXD: Hầm 12 Tầng | Gía: 300 tỷ |,300 tỷ,510 m²,"Đường Phan Đăng Lưu, Phường Cầu Kiệu, Hồ Chí Minh",Quận Phú Nhuận,Phường 7,Nhà ở,ban,https://alonhadat.com.vn/goc-3mt-191c-phan-dang-luu-18x30m-ctxd-ham-12-tang-gia-300-ty--18168066.html,alonhadat,14,300000000000,510,2026-06-07,,18168066,,
"Bán nhà mặt tièn Phan xích long, Pn, Ngang 6 x 11m, 5 lầu, HĐ thuê 80tr/th - chỉ 3x tỷ","39,999 tỷ",61 m²,"Đường Phan Xích Long, Phường Cầu Kiệu, Hồ Chí Minh",Quận Phú Nhuận,Phường Cầu Kiệu,Nhà ở,ban,https://alonhadat.com.vn/ban-nha-mat-tien-phan-xich-long-pn-ngang-6-x-11m-5-lau-hd-thue-80tr-th-chi-3x-ty-18743954.html,alonhadat,6,39999000000,61,2026-06-07,,18743954,,
"Bán nhà mặt tiền Nguyễn Văn Trỗi, dt 4 x 14m, trệt 4 lầu st, giá 15 tỷ",15 tỷ,64 m²,"Đường Nguyễn Văn Trỗi, Phường Cầu Kiệu, Hồ Chí Minh",Quận Phú Nhuận,Phường 17,Nhà ở,ban,https://alonhadat.com.vn/ban-nha-mat-tien-nguyen-van-troi-dt-4-x-14m-tret-4-lau-st-gia-16-ty-tt-that-18076559.html,alonhadat,6,15000000000,64,2026-06-07,,18076559,,
Bán toà nhà 22A Nguyễn Văn Trỗi- 7.700m2 sàn- 2 hầm + 15 tầng - 1.800 TỶ,501 triệu / m²,359 m²,"Đường Nguyễn Văn Trỗi, Phường Cầu Kiệu, Hồ Chí Minh",Quận Phú Nhuận,Phường Cầu Kiệu,Nhà ở,ban,https://alonhadat.com.vn/ban-toa-nha-22a-nguyen-van-troi-7-700m2-san-2-ham-15-tang-1-800-ty-18756555.html,alonhadat,30,179859000000,359,2026-06-07,,18756555,,
"Mặt tiền VIP Phan Xích Long, Phú Nhuận. Bán giá 6,13 Tỷ/ 4,1x15m (61,5m2) phố kinh doanh","6,13 tỷ",61 m²,"Đường Phan Xích Long, Phường Cầu Kiệu, Hồ Chí Minh",Quận Phú Nhuận,Phường 1,Nhà ở,ban,https://alonhadat.com.vn/mat-tien-vip-phan-xich-long-phu-nhuan-ban-gia-7-13-ty-4-1x15m-61-5m2-pho-kinh-doanh-18698216.html,alonhadat,4,6130000000,61,2026-06-07,,18698216,,
Hẻm xe hơi 6m đường Đặng Văn Ngữ Phú Nhuận - CN 70m2 (5 x 14m) - Nhà cũ 3 lầu - 12.9,"12,9 tỷ",70 m²,"Đường Đặng Văn Ngữ, Phường Phú Nhuận, Hồ Chí Minh",Quận Phú Nhuận,Phường 10,Nhà ở,ban,https://alonhadat.com.vn/hem-xe-hoi-6m-duong-dang-van-ngu-phu-nhuan-cn-70m2-5-x-14m-nha-cu-3-lau-12-9-18707424.html,alonhadat,4,12900000000,70,2026-06-07,,18707424,,
"MẶT TIỀN HOA HỒNG VIP PHÚ NHUẬN 64M2, 5 TẦNG, NGANG 4M CÓ HẦM GIÁ BÁN CHỈ 25.2 TỶ/TL","25,2 tỷ",64 m²,"Đường Hoa Hồng, Phường Cầu Kiệu, Hồ Chí Minh",Quận Phú Nhuận,Phường Cầu Kiệu,Nhà ở,ban,https://alonhadat.com.vn/mat-tien-hoa-hong-vip-phu-nhuan-64m2-5-tang-ngang-4m-co-ham-gia-ban-chi-25-2-ty-tl-17444628.html,alonhadat,7,25200000000,64,2026-06-07,,17444628,,
Chuẩn 100% - Rẻ nhất MT đường Hoa P2 Phú Nhuận (8x16m) Hầm 4 Tầng - chỉ 42 tỷ,42 tỷ,128 m²,"Đường Hoa Lan, Phường Cầu Kiệu, Hồ Chí Minh",Quận Phú Nhuận,Phường 2,Nhà ở,ban,https://alonhadat.com.vn/chuan-100-re-nhat-mt-duong-hoa-p2-phu-nhuan-8x16m-ham-4-tang-chi-42-ty-15968125.html,alonhadat,6,42000000000,128,2026-06-07,,15968125,,
"Nhà Hẻm Xe Hơi 178/4 Phan Đăng Lưu, Phú Nhuận- 4x10.5m, 2 tầng 2 phòng ngủ, Giá 8,5 tỷ","8,5 tỷ",42 m²,"Đường Phan Đăng Lưu, Phường Đức Nhuận, Hồ Chí Minh",Quận Phú Nhuận,Phường 3,Nhà ở,ban,https://alonhadat.com.vn/nha-hem-xe-hoi-178-4-phan-dang-luu-phu-nhuan-4x10-5m-2-tang-2-phong-ngu-gia-8-5-ty-18756552.html,alonhadat,2,8500000000,42,2026-06-07,,18756552,,
"giảm 1 tỷ Bán gấp nhà mặt tiền Hoàng Văn Thụ, Phú Nhuận. DTCN: 48,4m2. 3 tầng BTCT","12,4 tỷ",48 m²,"Đường Hoàng Văn Thụ, Phường Cầu Kiệu, Hồ Chí Minh",Quận Phú Nhuận,Phường 15,Nhà ở,ban,https://alonhadat.com.vn/giam-1-ty-ban-gap-nha-mat-tien-hoang-van-thu-phu-nhuan-dtcn-48-4m2-3-tang-btct-18493157.html,alonhadat,4,12400000000,48,2026-06-07,,18493157,,
"CHÍNH CHỦ BÁN NHÀ MẶT TIỀN HUỲNH VĂN BÁNH-13,2X25M-4 TẦNG-HĐT:150 TRIỆU/THÁNG-GIÁ: 83 TỶ.",83 tỷ,636 m²,"Đường Huỳnh Văn Bánh, Phường Phú Nhuận, Hồ Chí Minh",Quận Phú Nhuận,Phường Phú Nhuận,Nhà ở,ban,https://alonhadat.com.vn/chinh-chu-ban-nha-mat-tien-huynh-van-banh-13-2x25m-4-tang-hdt-150-trieu-thang-gia-83-ty--18748515.html,alonhadat,6,83000000000,636,2026-06-07,,18748515,,
"Hàng mới. Hẻm 6m, ô tô Đoàn Thị Điểm Phú Nhuận 110m2( 5 x 21 ) giá tốt Chỉ 13ty95 tl","13,95 tỷ",110 m²,"Đường Đoàn Thị Điểm, Phường Cầu Kiệu, Hồ Chí Minh",Quận Phú Nhuận,Phường 2,Nhà ở,ban,https://alonhadat.com.vn/hang-moi-hem-6m-o-to-doan-thi-diem-phu-nhuan-110m2-5-x-21-gia-tot-chi-13ty95-tl-18758001.html,alonhadat,3,13950000000,110,2026-06-07,,18758001,,
"HOT!CẦN BÁN NHÀ MT HUỲNH VĂN BÁNH,PHÚ NHUẬN-GIÁ:5.18TỶ/66M2 (6.3 x 10.5m)","5,18 tỷ",66 m²,"Đường Huỳnh Văn Bánh, Phường Cầu Kiệu, Hồ Chí Minh",Quận Phú Nhuận,Phường 15,Nhà ở,ban,https://alonhadat.com.vn/hot-can-ban-nha-mt-huynh-van-banh-phu-nhuan-gia-7-18ty-66m2-6-3-x-10-5m--18430726.html,alonhadat,8,5180000000,66,2026-06-07,,18430726,,
Bán Nhà Phan Xích Long Q.Phú Nhuận - Giá 3Tỷ790 - Sổ hồng chính chủ,"3,79 tỷ",60 m²,"Đường Phan Xích Long, Phường Cầu Kiệu, Hồ Chí Minh",Quận Phú Nhuận,Phường 1,Nhà ở,ban,https://alonhadat.com.vn/ban-nha-phan-xich-long-q-phu-nhuan-gia-3ty790-so-hong-chinh-chu-18742722.html,alonhadat,4,3790000000,60,2026-06-07,,18742722,,
"Bán nhà MT Hoa Phượng, P. 2, Phú Nhuận - DT: 8mx16m - 4 tầng - 43 tỷ",43 tỷ,128 m²,"Đường Phan Xích Long, Phường Cầu Kiệu, Hồ Chí Minh",Quận Phú Nhuận,Phường 2,Nhà ở,ban,https://alonhadat.com.vn/ban-nha-mt-hoa-phuong-p-2-phu-nhuan-dt-8mx16m-4-tang-43-ty-14152786.html,alonhadat,6,43000000000,128,2026-06-07,,14152786,,
"MT Huỳnh Văn Bánh, P17, Phú Nhuận - DT: 9mx14m - 4 lầu. HĐT:140 triệu - Giá 41 tỷ",41 tỷ,126 m²,"Đường Huỳnh Văn Bánh, Phường Cầu Kiệu, Hồ Chí Minh",Quận Phú Nhuận,Phường 17,Nhà ở,ban,https://alonhadat.com.vn/mt-huynh-van-banh-p17-phu-nhuan-dt-9mx14m-4-lau-hdt-140-trieu-gia-41-ty-14152893.html,alonhadat,8,41000000000,126,2026-06-07,,14152893,,
"MT Lê Văn Sỹ, P.10, Q.Phú Nhuận - DT 8mx44m - 2 tầng - giá bán 78 tỷ",78 tỷ,352 m²,"Đường Lê Văn Sỹ, Phường Phú Nhuận, Hồ Chí Minh",Quận Phú Nhuận,Phường 10,Nhà ở,ban,https://alonhadat.com.vn/mt-le-van-sy-p-10-q-phu-nhuan-dt-8mx44m-2-tang-gia-ban-78-ty-14153048.html,alonhadat,5,78000000000,352,2026-06-07,,14153048,,
"Nhà Đẹp Dọn Ở Liền Ngay Đường Hoàng Văn Thụ, Phú Nhuận - Giá Chốt 5Tỷ370/70m2. Hẻm 6m","5,37 tỷ",70 m²,"Đường Hoàng Văn Thụ, Phường Đức Nhuận, Hồ Chí Minh",Quận Phú Nhuận,Phường 9,Nhà ở,ban,https://alonhadat.com.vn/nha-dep-don-o-lien-ngay-duong-hoang-van-thu-phu-nhuan-gia-chot-5ty370-70m2-hem-6m-18756756.html,alonhadat,5,5370000000,70,2026-06-07,,18756756,,
Mặt tiền Phú Nhuận- 4.4 x14 3 tấng thang máy HĐT 55tr/tháng chỉ 23 tỉ,23 tỷ,46 m²,"Đường Trương Quốc Dung, Phường Phú Nhuận, Hồ Chí Minh",Quận Phú Nhuận,Phường 10,Nhà ở,ban,https://alonhadat.com.vn/mat-tien-phu-nhuan-4-4-x14-3-tang-thang-may-hdt-55tr-thang-chi-23-ti-18272826.html,alonhadat,3,23000000000,46,2026-06-07,,18272826,,
"NHÀ GÓC 2 MẶT TIỀN – GẦN CHỢ TRẦN HỮU TRANG, KHAI THÁC CỰC TỐT","14,2 tỷ",60 m²,"Đường Huỳnh Văn Bánh, Phường Phú Nhuận, Hồ Chí Minh",Quận Phú Nhuận,Phường 14,Nhà ở,ban,https://alonhadat.com.vn/nha-goc-2-mat-tien-gan-cho-tran-huu-trang-khai-thac-cuc-tot-18711339.html,alonhadat,4,14200000000,60,2026-06-07,,18711339,,
"Bán Nhà Hẻm 12/ Đào Duy Anh, P.9,Phú Nhuận.Dt: 7m4x16,5m2,Kc; 2 Tầng,Giá Bán,19,5 Tỷ","19,5 tỷ",115 m²,"Đường Đào Duy Anh, Phường Đức Nhuận, Hồ Chí Minh",Quận Phú Nhuận,Phường 9,Nhà ở,ban,https://alonhadat.com.vn/ban-nha-hem-6m-ho-van-hue-p-9-phu-nhuan-dt-6x15m2-3-lau-16-8-ty-13440258.html,alonhadat,6,19500000000,115,2026-06-07,,13440258,,
"Bán nhà HẺM XE TẢI THÔNG Nguyễn Trọng Tuyển PN, 5 tầng, có thang máy, sổ A4, chỉ 21.x tỷ","21,5 tỷ",80 m²,"Đường Nguyễn Trọng Tuyển, Phường Phú Nhuận, Hồ Chí Minh",Quận Phú Nhuận,Phường Phú Nhuận,Nhà ở,ban,https://alonhadat.com.vn/ban-nha-hem-xe-tai-thong-nguyen-trong-tuyen-pn-5-tang-co-thang-may-so-a4-chi-21-x-ty-18162394.html,alonhadat,6,21500000000,80,2026-06-07,,18162394,,
"BÁn tòa Buillding mặt tiền Đào Duy Anh, Phú Nhuận - 5x20m- Hầm+8 tầng-HĐT: 70tr/th- 38 tỷ",38 tỷ,100 m²,"Đường Đào Duy Anh, Phường Đức Nhuận, Hồ Chí Minh",Quận Phú Nhuận,Phường 9,Nhà ở,ban,https://alonhadat.com.vn/ban-toa-buillding-mat-tien-dao-duy-anh-phu-nhuan-5x20m-ham-8-tang-hdt-70tr-th-38-ty-18757997.html,alonhadat,16,38000000000,100,2026-06-07,,18757997,,
"Bán tòa nhà văn phòng mặt tiền Đào Duy Anh, p.9, Q.Phú Nhuận",39 tỷ,90 m²,"Đường Đào Duy Anh, Phường Đức Nhuận, Hồ Chí Minh",Quận Phú Nhuận,Phường 9,Nhà ở,ban,https://alonhadat.com.vn/ban-toa-nha-van-phong-mat-tien-dao-duy-anh-p-9-q-phu-nhuan-18757236.html,alonhadat,18,39000000000,90,2026-06-07,,18757236,,
"Toà Nhà Mặt Tiền Trương Quốc Dung, Ngang 6 x 20m, Hầm 6 lầu, HĐ thuê 130tr - chỉ 3x tỷ",38 tỷ,113 m²,"Đường Trương Quốc Dung, Phường Phú Nhuận, Hồ Chí Minh",Quận Phú Nhuận,Phường Phú Nhuận,Nhà ở,ban,https://alonhadat.com.vn/toa-nha-mat-tien-truong-quoc-dung-ngang-6-x-20m-ham-6-lau-hd-thue-130tr-chi-3x-ty-18751827.html,alonhadat,12,38000000000,113,2026-06-07,,18751827,,
"TÒA NHÀ TRƯƠNG QUỐC DUNG PHÚ NHUẬN – HẦM, 7 TẦNG – HĐ THUÊ 130TR/THÁNG- 38 Tỷ",38 tỷ,113 m²,"Đường Trương Quốc Dung, Phường Phú Nhuận, Hồ Chí Minh",Quận Phú Nhuận,Phường Phú Nhuận,Nhà ở,ban,https://alonhadat.com.vn/toa-nha-truong-quoc-dung-phu-nhuan-ham-7-tang-hd-thue-130tr-thang-38-ty-18757136.html,alonhadat,6,38000000000,113,2026-06-07,,18757136,,
"Hiếm !Bán nhà Mặt Tiền Nguyễn Văn Trỗi , P.8 ,Phú Nhuận 6,2x20 -HĐT 90tr/tháng chỉ 34,9 tỷ","34,9 tỷ",124 m²,"Đường Nguyễn Văn Trỗi, Phường Phú Nhuận, Hồ Chí Minh",Quận Phú Nhuận,Phường 8,Nhà ở,ban,https://alonhadat.com.vn/hiem-ban-nha-mat-tien-nguyen-van-troi-p-8-phu-nhuan-6-2x20-hdt-90tr-thang-chi-34-9-ty-17864342.html,alonhadat,9,34900000000,124,2026-06-07,,17864342,,
"Bán Tòa nhà MT Hoàng Văn Thụ , Phú Nhuận 7x22 - 8 tầng - HĐT 160Tr chỉ 49 Tỷ",49 tỷ,154 m²,"Đường Hoàng Văn Thụ, Phường Phú Nhuận, Hồ Chí Minh",Quận Phú Nhuận,Phường 8,Nhà ở,ban,https://alonhadat.com.vn/ban-toa-nha-mt-hoang-van-thu-phu-nhuan-7x22-8-tang-hdt-160tr-chi-49-ty-17864536.html,alonhadat,8,49000000000,154,2026-06-07,,17864536,,
"Hạ 14 Tỷ Bán Gấp nhà Ngang 10m mặt tiền PHAN ĐÌNH PHÙNG, Phú Nhuận, 10x30m, Chỉ 85 Tỷ",85 tỷ,300 m²,"Đường Phan Đình Phùng, Phường Cầu Kiệu, Hồ Chí Minh",Quận Phú Nhuận,Phường 17,Nhà ở,ban,https://alonhadat.com.vn/ban-gap-nha-ngang-10m-mat-tien-phan-dinh-phung-phu-nhuan-10x30m-chi-88-ty-17638209.html,alonhadat,5,85000000000,300,2026-06-07,,17638209,,
"Hạ 10 tỷ Bán MT Kinh Doanh Lê Văn Sỹ, Phú Nhuận- 7x20m- Hầm 6 Tầng- HDT 180triệu-Giá 36ty",36 tỷ,140 m²,"Đường Lê Văn Sỹ, Phường Phú Nhuận, Hồ Chí Minh",Quận Phú Nhuận,Phường 13,Nhà ở,ban,https://alonhadat.com.vn/ha-10-ty-ban-mt-kinh-doanh-le-van-sy-phu-nhuan-7x20m-ham-6-tang-hdt-180trieu-gia-36ty-17815444.html,alonhadat,24,36000000000,140,2026-06-07,,17815444,,
BÁN BUILDING MẶT TIỀN NGUYỄN VĂN TRỖI – VỊ TRÍ ĐẮC ĐỊA,126 tỷ,168 m²,"Đường Nguyễn Văn Trỗi, Phường Cầu Kiệu, Hồ Chí Minh",Quận Phú Nhuận,Phường 1,Đất,ban,https://alonhadat.com.vn/ban-building-mat-tien-nguyen-van-troi-vi-tri-dac-dia-18741898.html,alonhadat,19,126000000000,168,2026-06-07,,18741898,,
[MẶT TIỀN HOA HỒNG - TRUNG TÂM PHAN XÍCH LONG],"25,2 tỷ",64 m²,"Đường Hoa Hồng, Phường Cầu Kiệu, Hồ Chí Minh",Quận Phú Nhuận,Phường 2,Đất,ban,https://alonhadat.com.vn/-mat-tien-hoa-hong-trung-tam-phan-xich-long--18746859.html,alonhadat,6,25200000000,64,2026-06-07,,18746859,,
"Khuôn đất lớn duy nhất ngay Phan Xích Long, 13 x 26m - CN 333m2 , Hđt 250 tr, Giá 250tr/m2",83 tỷ,335 m²,"Đường Phan Xích Long, Phường Cầu Kiệu, Hồ Chí Minh",Quận Phú Nhuận,Phường 2,Đất,ban,https://alonhadat.com.vn/khuon-dat-lon-duy-nhat-ngay-phan-xich-long-13-x-26m-cn-333m2-hdt-250-tr-gia-250tr-m2-12552103.html,alonhadat,5,83000000000,335,2026-06-07,,12552103,,
"Bán building, Nguyễn Văn Trỗi PN DT 10x30m Hầm 7 Lầu HĐ thuê 600tr/th giá 290tỷ TL",290 tỷ,300 m²,"Đường Nguyễn Văn Trỗi, Phường Cầu Kiệu, Hồ Chí Minh",Quận Phú Nhuận,Phường 15,Đất,ban,https://alonhadat.com.vn/ban-building-nguyen-van-troi-pn-dt-10x30m-ham-7-lau-hd-thue-600tr-th-gia-290ty-tl-10180535.html,alonhadat,8,290000000000,300,2026-06-07,,10180535,,
"Bán khách sạn 15 phòng – MT đường Phan Xích Long, giá 37,5 tỷ","37,5 tỷ",64 m²,"Đường Phan Xích Long, Phường Cầu Kiệu, Hồ Chí Minh",Quận Phú Nhuận,Phường 2,Đất,ban,https://alonhadat.com.vn/ban-khach-san-15-phong-mt-duong-phan-xich-long-gia-38-5-ty-15230203.html,alonhadat,15,37500000000,64,2026-06-07,,15230203,,
"BÁN MẶT TIỀN 49 HUỲNH VĂN BÁNH - 4 LẦU - 12,5 TỶ TL","12,5 tỷ",41 m²,"Đường Huỳnh Văn Bánh, Phường Cầu Kiệu, Hồ Chí Minh",Quận Phú Nhuận,Phường 17,Đất,ban,https://alonhadat.com.vn/ban-mat-tien-49-huynh-van-banh-4-lau-12-5-ty-tl-18676870.html,alonhadat,6,12500000000,41,2026-06-07,,18676870,,
"🌟Tài Nhà Đất🌟HXH Thích Quảng Đức 33m 4Tầng 3pn chỉ 7,8tỷ","7,8 tỷ",33 m²,"Đường Thích Quảng Đức, Phường Đức Nhuận, Hồ Chí Minh",Quận Phú Nhuận,Phường Đức Nhuận,Đất,ban,https://alonhadat.com.vn/-tai-nha-dat-hxh-thich-quang-duc-33m-4tang-3pn-chi-7-8ty-18758715.html,alonhadat,3,7800000000,33,2026-06-07,,18758715,,
(A115)PHÚ NHUẬN – 80M² LAM SƠN – NGANG 14M HIẾM CÓ – GIÁ 8.5 TỶ,"8,5 tỷ",70 m²,"Đường Phan Đăng Lưu, Phường Phú Nhuận, Hồ Chí Minh",Quận Phú Nhuận,Phường Phú Nhuận,Đất,ban,https://alonhadat.com.vn/-a115-phu-nhuan-chdv-5-phong-full-noi-that-80m-chi-hon-8-ty-18075315.html,alonhadat,5,8500000000,70,2026-06-07,,18075315,,
"CHÍNH CHỦ BÁN GẤP CĂN GÓC 137 PHAN ĐĂNG LƯU, PHÚ NHUẬN, DT: 12X60M XD 2H12T",250 tỷ,842 m²,"Đường Phan Đăng Lưu, Phường Đức Nhuận, Hồ Chí Minh",Quận Phú Nhuận,Phường Đức Nhuận,Đất,ban,https://alonhadat.com.vn/chinh-chu-ban-gap-can-goc-137-phan-dang-luu-phu-nhuan-dt-12x60m-xd-2h12t-18706193.html,alonhadat,1,250000000000,842,2026-06-07,,18706193,,
"MẶT TIỀN TRẦN HUY LIỆU – NGANG HƠN 10M, QUỸ ĐẤT HIẾM GIỮA TRUNG TÂM",30 tỷ,147 m²,"Đường Trần Huy Liệu, Phường Phú Nhuận, Hồ Chí Minh",Quận Phú Nhuận,Phường 8,Đất,ban,https://alonhadat.com.vn/mat-tien-tran-huy-lieu-ngang-hon-10m-quy-dat-hiem-giua-trung-tam-18756703.html,alonhadat,4,30000000000,147,2026-06-07,,18756703,,
HÀNG HIẾM PHÚ NHUẬN – MẶT TIỀN CÔNG VIÊN – GIÁ CHỈ 21 TỶ!,21 tỷ,98 m²,"Đường Trần Quý Đức, Phường Cầu Kiệu, Hồ Chí Minh",Quận Phú Nhuận,Phường 7,Đất,ban,https://alonhadat.com.vn/hang-hiem-phu-nhuan-mat-tien-cong-vien-gia-chi-21-ty--18757121.html,alonhadat,5,21000000000,98,2026-06-07,,18757121,,
"MT Hoàng Diệu P.10 Phú Nhuận - DT: 9mx40m, NH: 20m. CN: 465m2 - 115 Tỷ",115 tỷ,465 m²,"Đường Hoàng Diệu, Phường Phú Nhuận, Hồ Chí Minh",Quận Phú Nhuận,Phường 10,Đất,ban,https://alonhadat.com.vn/mt-hoang-dieu-p-10-phu-nhuan-dt-9mx40m-nh-20m-cn-465m2-115-ty-14152835.html,alonhadat,1,115000000000,465,2026-06-07,,14152835,,
"🌟Tài Nhà Đất🌟 HXH Thích Quảng Đức Phú Nhuận 55m 3pn 4wc chỉ 9,2tỷ","9,2 tỷ",55 m²,"Đường Thích Quảng Đức, Phường Đức Nhuận, Hồ Chí Minh",Quận Phú Nhuận,Phường 5,Đất,ban,https://alonhadat.com.vn/-tai-nha-dat-hxh-thich-quang-duc-phu-nhuan-55m-3pn-4wc-chi-9-2ty-18758937.html,alonhadat,3,9200000000,55,2026-06-07,,18758937,,
"Mặt tiền Phố Áo Cưới HỒ VĂN HUÊ, Phú Nhuận, 10x26m(NH: 20m), CTXD: 2 Hầm 10 Lầu, Chỉ 60 Tỷ",60 tỷ,315 m²,"Đường Hồ Văn Huê, Phường Đức Nhuận, Hồ Chí Minh",Quận Phú Nhuận,Phường 9,Đất,ban,https://alonhadat.com.vn/mat-tien-pho-ao-cuoi-ho-van-hue-phu-nhuan-10x25m-nh-21m-duoc-xay-2-ham-10-lau-chi-67-t6-17375549.html,alonhadat,2,60000000000,315,2026-06-07,,17375549,,
Biệt thự cực sang - khu cư xá Tự Do- 1102m2 sàn- gần Metro 7 Hiền- 120 Tỷ TL,120 tỷ,1102 m²,"Đường Cách Mạng Tháng Tám, Phường Tân Sơn Nhất, Hồ Chí Minh",Quận Tân Bình,Phường 7,Biệt thự,ban,https://alonhadat.com.vn/biet-thu-cuc-sang-khu-cu-xa-tu-do-1102m2-san-gan-metro-7-hien-120-ty-tl-18756613.html,alonhadat,8,120000000000,1102,2026-06-07,,18756613,,
"nhà riêng khu compound Huỳnh Lan Khanh (Tân Bình), 5x21m, 4 lầu, giá 25 tỷ",25 tỷ,101 m²,"Đường Huỳnh Lan Khanh, Phường Tân Sơn Hòa, Hồ Chí Minh",Quận Tân Bình,Phường 2,Biệt thự,ban,https://alonhadat.com.vn/nha-rieng-khu-compound-huynh-lan-khanh-tan-binh-5x21m-4-lau-gia-25-ty-18751556.html,alonhadat,7,25000000000,101,2026-06-07,,18751556,,
"Biệt thự đẹp ngay nhà ga T3 Hoàng Hoa Thám- P.13 Tân Bình-7,5x20-- 4 tầng- 26 tỷ về 23 tỷ",23 tỷ,150 m²,"Đường Hoàng Hoa Thám, Phường Tân Bình, Hồ Chí Minh",Quận Tân Bình,Phường 13,Biệt thự,ban,https://alonhadat.com.vn/biet-thu-dep-ngay-nha-ga-t3-hoang-hoa-tham-p-13-tan-binh-7-5x20-4-tang-26-ty-ve-23-ty-17816817.html,alonhadat,5,23000000000,150,2026-06-07,,17816817,,
"Biệt thự góc 2 MT HXH Hoàng Hoa Thám, P.13, Q.Tân Bình,nội thất cao cấp,5 tầng, 18.5 tỷ","18,5 tỷ",70 m²,"Đường Hoàng Hoa Thám, Phường Tân Bình, Hồ Chí Minh",Quận Tân Bình,Phường 13,Biệt thự,ban,https://alonhadat.com.vn/biet-thu-goc-2-mt-hxh-hoang-hoa-tham-p-13-q-tan-binh-noi-that-cao-cap-5-tang-18-5-ty-18700892.html,alonhadat,8,18500000000,70,2026-06-07,,18700892,,
"BÁN GẤP ! NHÀ 5 TẦNG,KHU QUÂN ĐỘI,CỘNG HÒA,90M2(NGANG 6M), 2 MẶT HXH.SỔ VUÔNG","21,5 tỷ",90 m²,"Đường C1, Phường Tân Bình, Hồ Chí Minh",Quận Tân Bình,Phường 13,Biệt thự,ban,https://alonhadat.com.vn/ban-gap-biet-thu-ngay-ga-t3-5-tang-ngang-6m-2-mat-hem-so-vuong-18275941.html,alonhadat,5,21500000000,90,2026-06-07,,18275941,,
"Bán tòa nhà 2MT hẻm đường Nguyễn Trọng Tuyển, P1, TB, DT: 10mx34m, 5 lầu, thuê: 200tr/th",47 tỷ,340 m²,"Đường Nguyễn Trọng Tuyển, Phường Tân Sơn Hòa, Hồ Chí Minh",Quận Tân Bình,Phường 1,Biệt thự,ban,https://alonhadat.com.vn/ban-toa-nha-2mt-hem-duong-nguyen-trong-tuyen-p1-tb-dt-10mx34m-5-lau-thue-200tr-th-9845027.html,alonhadat,8,47000000000,340,2026-06-07,,9845027,,
Biệt thự Nguyễn Trọng Tuyển P.2 Q.Tân Bình - DT: 9Mx15M - Hầm 4 tầng - 23 tỷ,23 tỷ,128 m²,"Đường Nguyễn Trọng Tuyển, Phường Tân Sơn Hòa, Hồ Chí Minh",Quận Tân Bình,Phường 2,Biệt thự,ban,https://alonhadat.com.vn/biet-thu-nguyen-trong-tuyen-p-2-q-tan-binh-dt-9mx15m-ham-4-tang-23-ty-15228867.html,alonhadat,5,23000000000,128,2026-06-07,,15228867,,
"Biệt Thự Khu 1073 CMT8 (Cư Xá Tự Do), Q.Tân Bình.(20mx25m2).Kết cấu; 6 Tầng,Giá chỉ;130 TỶ",130 tỷ,480 m²,"Đường Cách Mạng Tháng Tám, Phường Tân Sơn Nhất, Hồ Chí Minh",Quận Tân Bình,Phường 7,Biệt thự,ban,https://alonhadat.com.vn/biet-thu-khu-1073-cmt8-cu-xa-tu-do-q-tan-binh-20x23-ket-cau-6-tang-gia-chi-130-ty-18737088.html,alonhadat,15,130000000000,480,2026-06-07,,18737088,,
"Biệt thự Hồng Hà (Tân Bình), 6x17m, 4 tầng, giá 21 tỷ",21 tỷ,96 m²,"Đường Hồng Hà, Phường Tân Sơn Hòa, Hồ Chí Minh",Quận Tân Bình,Phường 2,Biệt thự,ban,https://alonhadat.com.vn/biet-thu-hong-ha-tan-binh-6x17m-4-tang-gia-21-ty-17193028.html,alonhadat,4,21000000000,96,2026-06-07,,17193028,,
BIỆT THỰ PHỔ QUANG P2 TÂN BÌNH - 416M2 - 3 TẦNG - 14X30 - GIÁ 83.X TỶ,"83,5 tỷ",416 m²,"Đường Phổ Quang, Phường Tân Sơn Hòa, Hồ Chí Minh",Quận Tân Bình,Phường 2,Biệt thự,ban,https://alonhadat.com.vn/biet-thu-pho-quang-p2-tan-binh-416m2-3-tang-14x30-gia-83-x-ty-17009844.html,alonhadat,6,83500000000,416,2026-06-07,,17009844,,
"Siêu biệt thự luxury Nguyễn Minh Hoàng, Tân Bình. (9x20m) 5 tầng thang máy. Giá 52,9 tỷ","52,9 tỷ",182 m²,"Đường Nguyễn Minh Hoàng, Phường Bảy Hiền, Hồ Chí Minh",Quận Tân Bình,Phường 12,Biệt thự,ban,https://alonhadat.com.vn/sieu-biet-thu-luxury-nguyen-miinh-hoang-tan-binh-9x20m-5-tang-thang-may-gia-52-9-ty-16584022.html,alonhadat,5,52900000000,182,2026-06-07,,16584022,,
Bán biệt thự Siêu Đẹp CMT8- Bành Văn Trân- Tân Bình (ngang 11x30m). Hầm-5 Tầng,62 tỷ,325 m²,"Đường Bành Văn Trân, Phường Tân Sơn Nhất, Hồ Chí Minh",Quận Tân Bình,Phường 7,Biệt thự,ban,https://alonhadat.com.vn/ban-biet-thu-sieu-dep-cmt8-banh-van-tran-tan-binh-ngang-11x30m-ham-5-tang-18684881.html,alonhadat,7,62000000000,325,2026-06-07,,18684881,,
Bán biệt thự Him Lam Phổ Quang. Tân Bình. 8mx22m. 5 tầng - HĐT: 150triệu. Giá 45tỷ,45 tỷ,176 m²,"Đường Phổ Quang, Phường Tân Sơn Hòa, Hồ Chí Minh",Quận Tân Bình,Phường 2,Biệt thự,ban,https://alonhadat.com.vn/ban-biet-thu-him-lam-pho-quang-tan-binh-8mx22m-5-tang-hdt-150trieu-gia-45ty-18757769.html,alonhadat,5,45000000000,176,2026-06-07,,18757769,,
"Cần bán nhà hẻm 8m khu biệt thự, dân cư yên tĩnh, trình độ dân trí cao giá 9.5 tỷ TL","9,5 tỷ",55 m²,"Đường Bàu Bàng, Phường Tân Bình, Hồ Chí Minh",Quận Tân Bình,Phường 13,Biệt thự,ban,https://alonhadat.com.vn/can-ban-nha-hem-8m-khu-biet-thu-dan-cu-yen-tinh-trinh-do-dan-tri-cao-gia-9-5-ty-tl-15062238.html,alonhadat,3,9500000000,55,2026-06-07,,15062238,,
"Bán Villa Góc 2 Mặt TIền khu K300, Tân Bình - 10 x 15m, 2 lầu - chỉ hơn 20 tỷ xíu",22 tỷ,135 m²,"Đường Nguyễn Minh Hoàng, Phường Tân Bình, Hồ Chí Minh",Quận Tân Bình,Phường Tân Bình,Biệt thự,ban,https://alonhadat.com.vn/ban-villa-goc-2-mat-tien-khu-k300-tan-binh-10-x-15m-2-lau-chi-hon-20-ty-xiu-18171425.html,alonhadat,6,22000000000,135,2026-06-07,,18171425,,
"Bán biệt thự góc 2 MT hẻm 8m Nguyễn Minh Hoàng – dt 9.5 x 16m, 1 trệt 2 lầu ST",22 tỷ,152 m²,"Đường Nguyễn Minh Hoàng, Phường Bảy Hiền, Hồ Chí Minh",Quận Tân Bình,Phường 12,Biệt thự,ban,https://alonhadat.com.vn/ban-biet-thu-goc-2-mt-hem-8m-nguyen-minh-hoang-dt-9-5-x-16m-1-tret-2-lau-st-18165751.html,alonhadat,5,22000000000,152,2026-06-07,,18165751,,
"HXH Ngay ETOWN Cộng Hoà, P Tân Bình DT 4X18 nhà 4 lầu thu nhập 36Tr/tháng 11.8 tỷ TL","11,8 tỷ",73 m²,"Đường Cộng Hòa, Phường Tân Bình, Hồ Chí Minh",Quận Tân Bình,Phường 13,Căn hộ chung cư,ban,https://alonhadat.com.vn/hxh-6m-cong-hoa-p-tan-binh-gan-etown-dt-4-3x17-nha-4-tang-moi-gia-13-5-ty-18306888.html,alonhadat,4,11800000000,73,2026-06-07,,18306888,,
"Căn hộ dịch vụ Phường Tân Sơn, Phạm Văn Bạch, Hẻm ô tô, 5.2x20m, 5 tầng, 11 tỷ xíu","11,4 tỷ",110 m²,"Đường Phạm Văn Bạch, Phường Tân Sơn, Hồ Chí Minh",Quận Tân Bình,Phường 15,Căn hộ chung cư,ban,https://alonhadat.com.vn/ban-can-ho-dich-vu-phuong-15-tan-binh-pham-van-bach-hem-o-to-5-2x20m-13-phong-16546672.html,alonhadat,13,11400000000,110,2026-06-07,,16546672,,
"Bán CHDV HXh, Phạm Văn Bạch, ngang 8m, 5 tầng, 37 phòng, 200tr, phường 15, Tân Bình","29,5 tỷ",201 m²,"Đường Phạm Văn Bạch, Phường Tân Sơn, Hồ Chí Minh",Quận Tân Bình,Phường 15,Căn hộ chung cư,ban,https://alonhadat.com.vn/ban-chdv-hxh-pham-van-bach-ngang-8m-5-tang-37-phong-200tr-phuong-15-tan-binh-18753690.html,alonhadat,37,29500000000,201,2026-06-07,,18753690,,
"Đất Xây Biệt Thự Hẻm 45 Tân Trụ , Phường 15 , Tân Bình.DT 6.6 x 33 nở hậu cn 285 m2",16 tỷ,285 m²,"Đường Tân Trụ, Phường Tân Sơn, Hồ Chí Minh",Quận Tân Bình,Phường Tân Sơn,Căn hộ chung cư,ban,https://alonhadat.com.vn/dat-xay-biet-thu-hem-45-tan-tru-phuong-15-tan-binh-dt-6-6-x-33-no-hau-cn-285-m2-18753088.html,alonhadat,3,16000000000,285,2026-06-07,,18753088,,
"Nhà hẻm xe hơi đường Hồng Hà P2 Tân Bình, ngang 8m gần sân bay",28 tỷ,122 m²,"Đường Hồng Hà, Phường Tân Sơn Hòa, Hồ Chí Minh",Quận Tân Bình,Phường 2,Căn hộ chung cư,ban,https://alonhadat.com.vn/nha-hem-xe-hoi-duong-hong-ha-p2-tan-binh-ngang-8m-gan-san-bay-18757284.html,alonhadat,6,28000000000,122,2026-06-07,,18757284,,
"Toà CHDV 7 Tầng mặt tiền đường 16m,Tân Bình, Gần Sân Bay, 7.6x33m,HĐT 220 triệu, Chỉ 51 Tỷ",52 tỷ,252 m²,"Đường Thăng Long, Phường Tân Sơn Nhất, Hồ Chí Minh",Quận Tân Bình,Phường 4,Căn hộ chung cư,ban,https://alonhadat.com.vn/toa-can-ho-dich-vu-7-tang-mat-tien-duong-16m-tan-binh-gan-san-bay-7-8x33m-hdt-230-trieu-16954201.html,alonhadat,26,52000000000,252,2026-06-07,,16954201,,
"Bán building mới xây - Mặt tiền K300 - Phường 12 - Tân Bình, 6.8x32m, có thang máy",50 tỷ,217 m²,"Đường K300, Phường Bảy Hiền, Hồ Chí Minh",Quận Tân Bình,Phường 12,Căn hộ chung cư,ban,https://alonhadat.com.vn/ban-building-moi-xay-mat-tien-k300-phuong-12-tan-binh-6-8x32m-co-thang-may-18757248.html,alonhadat,10,50000000000,217,2026-06-07,,18757248,,
"Bán tòa nhà mặt tiền Hoàng Việt, p.4 Tân Bình (phường Tân Sơn Nhất)",33 tỷ,124 m²,"Đường Hoàng Việt, Phường Tân Sơn Nhất, Hồ Chí Minh",Quận Tân Bình,Phường 4,Căn hộ chung cư,ban,https://alonhadat.com.vn/ban-toa-nha-mat-tien-hoang-viet-p-4-tan-binh-phuong-tan-son-nhat--18757216.html,alonhadat,18,33000000000,124,2026-06-07,,18757216,,
"Góc 2MT Hoàng Việt + Út Tịch, Tân Bình - 15x15m - 5 tầng - HĐT 150 triệu - giá 54 tỷ",54 tỷ,260 m²,"Đường Hoàng Việt, Phường Tân Sơn Nhất, Hồ Chí Minh",Quận Tân Bình,Phường 4,Căn hộ chung cư,ban,https://alonhadat.com.vn/goc-2mt-hoang-viet-ut-tich-tan-binh-15x15m-5-tang-hdt-150-trieu-gia-56-ty-18053814.html,alonhadat,8,54000000000,260,2026-06-07,,18053814,,
"Bán tòa nhà Hẻm 8m Trường Sơn, dt 8 x 26m, trệt 5 lầu, 25 CHDV cao cấp, thu nhập 180tr/ t","39,5 tỷ",210 m²,"Đường Trường Sơn, Phường Tân Sơn Hòa, Hồ Chí Minh",Quận Tân Bình,Phường 2,Căn hộ chung cư,ban,https://alonhadat.com.vn/ban-toa-nha-hem-8m-truong-son-dt-8-x-26m-tret-5-lau-25-chdv-cao-cap-thu-nhap-180tr-t-17596923.html,alonhadat,25,39500000000,210,2026-06-07,,17596923,,
KẸT BANK 5 TỶ - MẶT TIỀN NGUYỄN SỸ SÁCH - CHỢ TÂN TRỤ - 45M2 - 2 TẦNG - KHÔNG LỘ GIỚI,"11,5 tỷ",45 m²,"Đường Nguyễn Sỹ Sách, Phường Tân Sơn, Hồ Chí Minh",Quận Tân Bình,Phường Tân Sơn,Mặt bằng,ban,https://alonhadat.com.vn/ket-bank-5-ty-mat-tien-nguyen-sy-sach-cho-tan-tru-45m2-2-tang-khong-lo-gioi-18438967.html,alonhadat,2,11500000000,45,2026-06-07,,18438967,,
"Bán nhà mặt tiền Nguyễn Hồng Đào, dt 4 x 16m, trệt 3 lầu st, sầm uất",16 tỷ,64 m²,"Đường Nguyễn Hồng Đào, Phường Tân Bình, Hồ Chí Minh",Quận Tân Bình,Phường 14,Mặt bằng,ban,https://alonhadat.com.vn/ban-nha-mat-tien-nguyen-hong-dao-dt-4-x-16m-tret-3-lau-st-sam-uat-15927198.html,alonhadat,4,16000000000,64,2026-06-07,,15927198,,
🏘️ BÁN DÃY NHÀ TRỌ - 98M2 | 8.2 TỶ (TL) - HXH PHAN HUY ÍCH - P. TÂN SƠN,"8,2 tỷ",98 m²,"Đường Phan Huy Ích, Phường Tân Sơn, Hồ Chí Minh",Quận Tân Bình,Phường 15,Nhà trọ,ban,https://alonhadat.com.vn/-ban-day-nha-tro-dong-tien-20tr-th-hxh-phan-huy-ich-p-tan-son-gia-8-5-ty-tl--18575816.html,alonhadat,5,8199999999.999999,98,2026-06-07,,18575816,,
"HIẾM! HXH 10M HOÀNG VĂN THỤ – 5x27M – dtcn: 133 m2-- 4 TẦNG – CHỈ 21,9 TỶ","21,9 tỷ",133 m²,"Đường Hoàng Văn Thụ, Phường Tân Sơn Nhất, Hồ Chí Minh",Quận Tân Bình,Phường 4,Nhà ở,ban,https://alonhadat.com.vn/hiem-hxh-10m-hoang-van-thu-5x27m-dtcn-133-m2-4-tang-chi-21-9-ty-18490310.html,alonhadat,5,21900000000,133,2026-06-07,,18490310,,
"HIẾM! HXH 10M HOÀNG VĂN THỤ – 5,2x29M – dtcn: 133 m2-- 4 TẦNG – CHỈ 21,5 TỶ","21,5 tỷ",133 m²,"Đường Hoàng Văn Thụ, Phường Tân Sơn Nhất, Hồ Chí Minh",Quận Tân Bình,Phường 4,Nhà ở,ban,https://alonhadat.com.vn/hiem-hxh-10m-hoang-van-thu-5x27m-dtcn-133-m2-4-tang-chi-21-9-ty-18478368.html,alonhadat,5,21500000000,133,2026-06-07,,18478368,,
"Duy nhất, nhà đường 7m Cách Mạng Tháng Tám gần Bắc Hải, DT: 4x14m nhà 2 tầng, chỉ 8.5 tỷ","8,5 tỷ",56 m²,"Đường Cách Mạng Tháng Tám, Phường Tân Sơn Nhất, Hồ Chí Minh",Quận Tân Bình,Phường 5,Nhà ở,ban,https://alonhadat.com.vn/duy-nhat-nha-duong-7m-cach-mang-thang-tam-gan-bac-hai-dt-4x14m-nha-2-tang-chi-8-ty-17843787.html,alonhadat,2,8500000000,56,2026-06-07,,17843787,,
"Bán gấp nhà mặt tiền 15 Hậu Giang (8,2*32m) 3 tầng giá chỉ 58 tỷ",59 tỷ,262 m²,"Đường Hậu Giang, Phường Tân Sơn Nhất, Hồ Chí Minh",Quận Tân Bình,Phường Tân Sơn Nhất,Nhà ở,ban,https://alonhadat.com.vn/ban-gap-nha-mat-tien-15-hau-giang-8-2-32m-3-tang-gia-chi-58-ty-18677355.html,alonhadat,8,59000000000,262,2026-06-07,,18677355,,
NHÀ CHDV GẦN SÂN BAY - GẦN 100M2 - NGANG HƠN 5M - 5 TẦNG - 13PN - CHỈ 19.XX TỶ,"19,9 tỷ",97 m²,"Đường Giải Phóng, Phường Tân Sơn Nhất, Hồ Chí Minh",Quận Tân Bình,Phường 4,Nhà ở,ban,https://alonhadat.com.vn/nha-duong-giai-phong-chinh-chu-30-nam-gan-100m2-ngang-hon-5m-5-tang-chi-19-xx-ty-16608739.html,alonhadat,13,19900000000,97,2026-06-07,,16608739,,
260M2 NGANG HƠN 9M NỞ HẬU HẺM 6M SÁT MT PHAN HUY ÍCH CHỈ 80TR/M2,22 tỷ,260 m²,"Đường Phan Huy Ích, Phường Tân Sơn, Hồ Chí Minh",Quận Tân Bình,Phường 15,Nhà ở,ban,https://alonhadat.com.vn/260m2-ngang-hon-9m-no-hau-hem-6m-sat-mt-phan-huy-ich-chi-80tr-m2-18553891.html,alonhadat,1,22000000000,260,2026-06-07,,18553891,,
"Qúa rẻ! Cần bán gấp nhà ngay ngã tư Bảy Hiền giá chỉ 7,5 tỷ dt 4x17m, nhà 2 lầu","7,5 tỷ",68 m²,"Đường Trường Chinh, Phường Tân Sơn Nhất, Hồ Chí Minh",Quận Tân Bình,Phường 4,Nhà ở,ban,https://alonhadat.com.vn/qua-re-can-ban-gap-nha-ngay-nga-tu-bay-hien-gia-chi-7-5-ty-dt-4x17m-nha-2-lau-15115335.html,alonhadat,2,7500000000,68,2026-06-07,,15115335,,
HHMG 1% ACE chạy phụ ạ. nhà nhỉnh 6ty. thu nhập 30tr/tháng,"6,35 tỷ",48 m²,"Đường Hoàng Bật Đạt, Phường Tân Sơn, Hồ Chí Minh",Quận Tân Bình,Phường 15,Nhà ở,ban,https://alonhadat.com.vn/hhmg-1-ace-chay-phu-a-nha-nhinh-6ty-thu-nhap-30tr-thang-18214698.html,alonhadat,8,6350000000,48,2026-06-07,,18214698,,
bán nhà mặt tiền đường đông sơn,60 tỷ,272 m²,"Đường Đông Sơn, Phường Tân Sơn Nhất, Hồ Chí Minh",Quận Tân Bình,Phường Tân Sơn Nhất,Nhà ở,ban,https://alonhadat.com.vn/ban-nha-mat-tien-duong-dong-son-18756999.html,alonhadat,2,60000000000,272,2026-06-07,,18756999,,
bán nhà hẻm xe oto 7 chỗ đường bành văn trân,"11,5 tỷ",80 m²,"Đường Bành Văn Trân, Phường Tân Sơn Nhất, Hồ Chí Minh",Quận Tân Bình,Phường Tân Sơn Nhất,Nhà ở,ban,https://alonhadat.com.vn/ban-nha-hem-xe-oto-7-cho-duong-banh-van-tran-18756771.html,alonhadat,3,11500000000,80,2026-06-07,,18756771,,
"Nhà HXT Út Tịch, vị trí trung tâm, kết nối nhanh sân bay TSN, HVT 4.2x24m giá 16.8 tỷ","16,8 tỷ",99 m²,"Đường Út Tịch, Phường Tân Sơn Nhất, Hồ Chí Minh",Quận Tân Bình,Phường 4,Nhà ở,ban,https://alonhadat.com.vn/nha-hxt-ut-tich-vi-tri-trung-tam-ket-noi-nhanh-san-bay-tsn-hvt-4-2x24m-gia-16-8-ty-18749583.html,alonhadat,3,16800000000,99,2026-06-07,,18749583,,
"🔥 MT THỤT CMT8 – NGÃ TƯ BẢY HIỀN – TÒA NHÀ VP – 24.5 TỶ 🔥 · 📍 Tự Cường, sát CMT8","24,5 tỷ",91 m²,"Đường Cách Mạng Tháng Tám, Phường Tân Sơn Nhất, Hồ Chí Minh",Quận Tân Bình,Phường 4,Nhà ở,ban,https://alonhadat.com.vn/-mt-thut-cmt8-nga-tu-bay-hien-toa-nha-vp-24-5-ty-tu-cuong-sat-cmt8-18756516.html,alonhadat,5,24500000000,91,2026-06-07,,18756516,,
"NHÀ ĐẸP P.10, Q.Tân Bình – Bùi Thế Mỹ – HẺM TRƯỚC NHÀ 4M - NGANG 5.6M- 5.47 TỶ BL","5,47 tỷ",30 m²,"Đường Bùi Thế Mỹ, Phường Bảy Hiền, Hồ Chí Minh",Quận Tân Bình,Phường 10,Nhà ở,ban,https://alonhadat.com.vn/nha-dep-p-10-q-tan-binh-bui-the-my-noi-thatcao-cap-ngang-5-6m-5-68-ty-con-tl-18719292.html,alonhadat,2,5470000000,30,2026-06-07,,18719292,,
CĂN CHDV 6 TẦNG - TÂN BÌNH - FULL BAN CÔNG CÁC PHÒNG - TRƯỜNG CHINH - DT160M - GIÁ 24.9 TỶ,"24,9 tỷ",160 m²,"Đường Trường Chinh, Phường Tân Sơn, Hồ Chí Minh",Quận Tân Bình,Phường Tân Sơn,Nhà ở,ban,https://alonhadat.com.vn/can-chdv-6-tang-tan-binh-full-ban-cong-cac-phong-truong-chinh-dt160m-gia-24-9-ty-18600388.html,alonhadat,14,24900000000,160,2026-06-07,,18600388,,
"Bán tòa nhà văn phòng MT Giải Phóng, P4, Tân Bình – DT 8x17m, Hầm 5 lầu ST, thang máy","28,5 tỷ",136 m²,"Đường Giải Phóng, Phường Tân Sơn Nhất, Hồ Chí Minh",Quận Tân Bình,Phường 4,Nhà ở,ban,https://alonhadat.com.vn/ban-toa-nha-van-phong-mt-giai-phong-p4-tan-binh-dt-8x17m-ham-5-lau-st-thang-may-18485999.html,alonhadat,1,28500000000,136,2026-06-07,,18485999,,
"Bán nhà mặt tiền Nguyễn Văn Trỗi, dt 4 x 14m, trệt 4 lầu st, vị trí đẹp, giá 15 tỷ",15 tỷ,56 m²,"Đường Nguyễn Văn Trỗi, Phường Bảy Hiền, Hồ Chí Minh",Quận Tân Bình,Phường 11,Nhà ở,ban,https://alonhadat.com.vn/ban-nha-mat-tien-nguyen-van-troi-dt-4-x-13-5m-tret-4-lau-st-gia-22-ty-thong-tin-thuc-17900813.html,alonhadat,5,15000000000,56,2026-06-07,,17900813,,
Khu nhà Số 9 Phạm Văn Hai DT 5.2x21m Cn 108.3m2 Nhà trệt 3 lầu ST hoàn công 23.9 tỷ,"23,9 tỷ",108 m²,"Đường Phạm Văn Hai, Phường Tân Sơn Hòa, Hồ Chí Minh",Quận Tân Bình,Phường 1,Nhà ở,ban,https://alonhadat.com.vn/ban-nha-khu-nha-so-9-pham-van-hai-dt-5-2x21m-cn-108-3m2-nha-tret-3-lau-st-hoan-cong-25-ty-18066105.html,alonhadat,6,23900000000,108,2026-06-07,,18066105,,
"Tòa nhà MT ngay Trường Sơn, Quận Tân Bình; Hầm 7 tầng. HĐT 135tr/th; Giá bán: 78 tỷ",78 tỷ,160 m²,"Đường Trường Sơn, Phường Tân Sơn Nhất, Hồ Chí Minh",Quận Tân Bình,Phường Tân Sơn Nhất,Nhà ở,ban,https://alonhadat.com.vn/toa-nha-mt-ngay-truong-son-quan-tan-binh-ham-7-tang-hdt-135tr-th-gia-ban-78-ty-18677491.html,alonhadat,40,78000000000,160,2026-06-07,,18677491,,
"Bán nhà mặt tiền Trường Sơn P.2 Tân Bình, chỉ 1 căn duy nhất 13x25m giá 80 tỷ TL",80 tỷ,370 m²,"Đường Trường Sơn, Phường Tân Sơn Hòa, Hồ Chí Minh",Quận Tân Bình,Phường 2,Nhà ở,ban,https://alonhadat.com.vn/ban-nha-mat-tien-truong-son-p-2-tan-binh-chi-1-can-duy-nhat-13x25m-gia-80-ty-tl-15690700.html,alonhadat,5,80000000000,370,2026-06-07,,15690700,,
"BÁN GẤP MẶT TIỀN NGAY GÒ DẦU- TÂN SƠN NHÌ , 6X19M , 2 LẦU MỚI, 9,9 TỲ","9,9 tỷ",107 m²,"Đường Gò Dầu, Phường Tân Sơn Nhì, Hồ Chí Minh",Quận Tân Bình,Phường Tân Sơn Nhì,Nhà ở,ban,https://alonhadat.com.vn/cho-thue-nha-2mt-nguyen-son-gap-tan-binh-8x20m-5-lau-70tr-tl-12963102.html,alonhadat,4,9900000000,107,2026-06-07,,12963102,,
"**Bán nhà mặt tiền Hoàng Hoa Thám, phường 13, Tân Bình; 4x15m - cổng nhà ga T3","16,5 tỷ",59 m²,"Đường Hoàng Hoa Thám, Phường Tân Bình, Hồ Chí Minh",Quận Tân Bình,Phường 13,Nhà ở,ban,https://alonhadat.com.vn/-ban-nha-mt-hoang-hoa-tham-phuong-13-tan-binh-4x15m-nha-ga-t3-18237552.html,alonhadat,1,16500000000,59,2026-06-07,,18237552,,
"Bán gấp toà Nhà hxh Trường Chinh, P14, Tân bình, 6x16, 4 lầu, thang máy",18 tỷ,96 m²,"Đường Trường Chinh, Phường Tân Bình, Hồ Chí Minh",Quận Tân Bình,Phường 14,Nhà ở,ban,https://alonhadat.com.vn/ban-gap-toa-nha-hxh-truong-chinh-6x16-4-lau-18056195.html,alonhadat,5,18000000000,96,2026-06-07,,18056195,,
"Bán nhà MT khu Đệ Nhất khách sạn- Tân Bình- Ngang khủng 11mx12m- 4 tầng- 28,5 tỷ về 24 tỷ",24 tỷ,110 m²,"Đường Út Tịch, Phường Tân Sơn Nhất, Hồ Chí Minh",Quận Tân Bình,Phường 4,Nhà ở,ban,https://alonhadat.com.vn/ban-nha-mt-khu-de-nhat-khach-san-tan-binh-ngang-khung-11mx12m-4-tang-28-5-ty-ve-24-ty-18440571.html,alonhadat,5,24000000000,110,2026-06-07,,18440571,,
"Bán gấp nhà đẹp 4 tầng đường Cộng Hoà -Hoàng Hoa thám, 6X16, 4 tầng nhà đẹp ở Liền","20,5 tỷ",96 m²,"Đường Cộng Hòa, Phường Tân Bình, Hồ Chí Minh",Quận Tân Bình,Phường 13,Nhà ở,ban,https://alonhadat.com.vn/ban-gap-nha-dep-4-tang-duong-cong-hoa-hoang-hoa-tham-6x16-4-tang-nha-dep-o-lien-18668267.html,alonhadat,5,20500000000,96,2026-06-07,,18668267,,
"BÁn gấp nhà mặt tiền Bàu cát 4X18, 2 Tầng đang cho thuê kinh doanh ổn định, 13.8 tỷ","13,8 tỷ",71 m²,"Đường Bàu Cát, Phường Bảy Hiền, Hồ Chí Minh",Quận Tân Bình,Phường 11,Nhà ở,ban,https://alonhadat.com.vn/ban-gap-nha-mat-tien-bau-cat-4x18-2-tang-dang-cho-thue-kinh-doanh-on-dinh-13-9-ty-18405030.html,alonhadat,2,13800000000,71,2026-06-07,,18405030,,
🏡 BÁN NHÀ ĐẸP HẺM 4M ÂU CƠ – TÂN BÌNH,"8,3 tỷ",55 m²,"Đường Âu Cơ, Phường Tân Hòa, Hồ Chí Minh",Quận Tân Bình,Phường 9,Nhà ở,ban,https://alonhadat.com.vn/-ban-nha-dep-hem-4m-au-co-tan-binh-khu-dan-cu-yen-tinh-nha-moi-dep-don-vao-o-nga-18694282.html,alonhadat,4,8300000000.000001,55,2026-06-07,,18694282,,
"Bán nhà HXH 108 rộng 6m,đường Cộng Hòa Phường 4,Tân Bình,dt 4x17,5 + 4 tầng",14 tỷ,68 m²,"Đường Cộng Hòa, Phường Tân Sơn Nhất, Hồ Chí Minh",Quận Tân Bình,Phường 4,Nhà ở,ban,https://alonhadat.com.vn/ban-nha-hxh-108-rong-6m-duong-cong-hoa-phuong-4-tan-binh-dt-4x17-5-4-tang-17796771.html,alonhadat,9,14000000000,68,2026-06-07,,17796771,,
"Bán nhà MT Ấp Bắc, dt 5 x 22m. Hầm 5 lầu st, thang máy ngay etown","25,5 tỷ",110 m²,"Đường Ấp Bắc, Phường Tân Bình, Hồ Chí Minh",Quận Tân Bình,Phường 13,Nhà ở,ban,https://alonhadat.com.vn/ban-nha-mt-ap-bac-dt-5-x-22m-ham-5-lau-st-thang-may-ngay-etown-17492026.html,alonhadat,1,25500000000,110,2026-06-07,,17492026,,
Chỉ 13.6 Tỷ Mặt tiền Lý Thường Kiệt 112m2( 4 x 28 ) ngay chợ Tân Bình,"13,6 tỷ",112 m²,"Đường Lý Thường Kiệt, Phường Tân Sơn Nhất, Hồ Chí Minh",Quận Tân Bình,Phường 7,Nhà ở,ban,https://alonhadat.com.vn/chi-13-6-ty-mat-tien-ly-thuong-kiet-112m2-4-x-28-ngay-cho-tan-binh-18752604.html,alonhadat,3,13600000000,112,2026-06-07,,18752604,,
Mặt tiền đường lớn sát ngay Âu Cơ. DT lớn 22x60m 1200m² Giá tốt 129 tỷ,129 tỷ,1200 m²,"Đường Âu Cơ, Phường Bảy Hiền, Hồ Chí Minh",Quận Tân Bình,Phường 10,Nhà ở,ban,https://alonhadat.com.vn/mat-tien-duong-lon-sat-ngay-au-co-dt-lon-22x60m-1200m-gia-tot-129-ty-18731886.html,alonhadat,6,129000000000,1200,2026-06-07,,18731886,,
"Bán gấp nhà 2 mặt tiền đường Hoàng Văn Thụ , Tân Bình , Dt 4,5X24m , 5 tầng đẹp","29,5 tỷ",110 m²,"Đường Hoàng Văn Thụ, Phường Tân Sơn Nhất, Hồ Chí Minh",Quận Tân Bình,Phường 4,Nhà ở,ban,https://alonhadat.com.vn/ban-gap-nha-2-mat-tien-duong-hoang-van-thu-tan-binh-dt-4-5x24m-5-tang-dep-18643556.html,alonhadat,6,29500000000,110,2026-06-07,,18643556,,
"HXH Yên Thế - Lam Sơn, P2, Tân Bình- 4.2X16, trệt 2 lầu","13,4 tỷ",66 m²,"Đường Yên Thế, Phường Tân Sơn Hòa, Hồ Chí Minh",Quận Tân Bình,Phường 2,Nhà ở,ban,https://alonhadat.com.vn/nha-dep-noi-that-xin-o-ngay-ngay-lam-son-yen-the-khu-san-bay-66m2-4-tang-hem-6m-16217789.html,alonhadat,5,13400000000,66,2026-06-07,,16217789,,
"[BÁN HOẶC CHO THUÊ] TÒA NHÀ MẶT TIỀN ĐƯỜNG NỘI BỘ HOÀNG VIỆT,P4,TÂN BÌNH",23 tỷ,96 m²,"Đường Út Tịch, Phường Tân Sơn Nhất, Hồ Chí Minh",Quận Tân Bình,Phường 4,Nhà ở,ban,https://alonhadat.com.vn/-ban-hoac-cho-thue-toa-nha-mat-tien-duong-noi-bo-hoang-viet-p4-tan-binh-18755791.html,alonhadat,15,23000000000,96,2026-06-07,,18755791,,
"Bán Nhà Hẻm Xe Tải Kinh Doanh Khu Vip Bàu Cát Tân Bình ,44m2, 3 tầng mới đẹp, chỉ Hơn 7tỷ","7,768 tỷ",44 m²,"Đường Phan Sào Nam, Phường Bảy Hiền, Hồ Chí Minh",Quận Tân Bình,Phường 11,Nhà ở,ban,https://alonhadat.com.vn/ban-nha-hem-xe-tai-kinh-doanh-khu-vip-bau-cat-tan-binh-44m2-3-tang-moi-dep-chi-hon-7ty-17012821.html,alonhadat,4,7768000000,44,2026-06-07,,17012821,,
Bán Nhà 3 Mặt Tiền KinhDoanh Đỉnh ThuNhập 60tr/tháng P.7 Tân Bình Giáp,"5,2 tỷ",65 m²,"Đường Bắc Hải, Phường Tân Sơn Nhất, Hồ Chí Minh",Quận Tân Bình,Phường 7,Nhà ở,ban,https://alonhadat.com.vn/ban-nha-3-mat-tien-kinhdoanh-dinh-thunhap-60tr-thang-p-7-tan-binh-giap-13275586.html,alonhadat,2,5200000000,65,2026-06-07,,13275586,,
"BÁN NHÀ 8 TẦNG MẶT TIỀN XUÂN HỒNG, TÂN BÌNH - 4X19M, CN 76M2 - 26.5 TỶ TL","26,5 tỷ",76 m²,"Đường Xuân Hồng, Phường Tân Sơn Nhất, Hồ Chí Minh",Quận Tân Bình,Phường 4,Nhà ở,ban,https://alonhadat.com.vn/ban-nha-8-tang-mat-tien-xuan-hong-tan-binh-4x19m-cn-76m2-26-5-ty-tl-18756024.html,alonhadat,16,26500000000,76,2026-06-07,,18756024,,
"NHÀ GẦN TRUNG TÂM TRIỂN LÃM HOÀNG VĂN THỤ – VỊ TRÍ ĐẸP, GIÁ TỐT",14 tỷ,82 m²,"Đường Nguyễn Thái Bình, Phường Bảy Hiền, Hồ Chí Minh",Quận Tân Bình,Phường 12,Nhà ở,ban,https://alonhadat.com.vn/nha-gan-trung-tam-trien-lam-hoang-van-thu-vi-tri-dep-gia-tot-18711314.html,alonhadat,2,14000000000,82,2026-06-07,,18711314,,
Bán nhà Cửu Long khu sân bay Tân Bình - Tòa CHDV Hầm 5 tầng - HDT 135tr/tháng,40 tỷ,144 m²,"Đường Cửu Long, Phường Tân Sơn Hòa, Hồ Chí Minh",Quận Tân Bình,Phường 2,Nhà ở,ban,https://alonhadat.com.vn/ban-nha-cuu-long-khu-san-bay-tan-binh-toa-chdv-ham-5-tang-hdt-135tr-thang-18756471.html,alonhadat,24,40000000000,144,2026-06-07,,18756471,,
"BÁN NHÀ HXH, LÊ VĂN SỸ. DT:5X16, 5 TẦNG. GIÁ: 14,5 TỶ","14,5 tỷ",63 m²,"Đường Lê Văn Sỹ, Phường Tân Sơn Hòa, Hồ Chí Minh",Quận Tân Bình,Phường 1,Nhà ở,ban,https://alonhadat.com.vn/ban-nha-goc-2-mat-hem-hxh-le-van-sy-dt-5x16-5-tang-gia-14-8-ty-18649973.html,alonhadat,4,14500000000,63,2026-06-07,,18649973,,
🔥 NHÀ HXH 5 TẦNG KHU BÀU CÁT - 80m2 - SHR,"19,5 tỷ",80 m²,"Đường Lạc Long Quân, Phường Bảy Hiền, Hồ Chí Minh",Quận Tân Bình,Phường Bảy Hiền,Nhà ở,ban,https://alonhadat.com.vn/-nha-hxh-5-tang-khu-bau-cat-80m2-shr-18757528.html,alonhadat,6,19500000000,80,2026-06-07,,18757528,,
🔥 NHÀ HXT CMT8 - 85m2 - NGANG 6.7M - HĐT SẴN,"24,3 tỷ",85 m²,"Đường Cách Mạng Tháng Tám, Phường Bảy Hiền, Hồ Chí Minh",Quận Tân Bình,Phường Bảy Hiền,Nhà ở,ban,https://alonhadat.com.vn/-nha-hxt-cmt8-85m2-ngang-6-7m-hdt-san-18757393.html,alonhadat,6,24300000000,85,2026-06-07,,18757393,,
"mặt tiền Tân Hải (Tân Bình), 10x12m, 1 lửng, giá 21 tỷ",21 tỷ,120 m²,"Đường Tân Hải, Phường Tân Bình, Hồ Chí Minh",Quận Tân Bình,Phường 13,Nhà ở,ban,https://alonhadat.com.vn/mat-tien-tan-hai-tan-binh-10x12m-1-lung-gia-20-ty-16276430.html,alonhadat,3,21000000000,120,2026-06-07,,16276430,,
"BÁN NHÀ MẶT TIỀN LÝ THƯỜNG KIỆT , TÂN BÌNH. DT: 8x17M VUÔNG - TRỆT 4 LẦU - GIÁ CHỈ 28 TỶ",28 tỷ,140 m²,"Đường Lý Thường Kiệt, Phường Tân Hòa, Hồ Chí Minh",Quận Tân Bình,Phường 9,Nhà ở,ban,https://alonhadat.com.vn/ban-nha-mat-tien-ly-thuong-kiet-tan-binh-dt-8x17m-vuong-tret-4-lau-gia-chi-28-ty-17417415.html,alonhadat,10,28000000000,140,2026-06-07,,17417415,,
MẶT TIỀN KHU HIẾM NHÀ BÁN - GẦN CHỢ BÀU CÁT - NGANG CHUẨN 5M - 3 TẦNG BTCT - 13.X TỶ,"13,9 tỷ",37 m²,"Đường Nguyễn Hồng Đào, Phường Tân Bình, Hồ Chí Minh",Quận Tân Bình,Phường 14,Nhà ở,ban,https://alonhadat.com.vn/mat-tien-khu-hiem-nha-ban-gan-cho-bau-cat-ngang-chuan-5m-3-tang-btct-13-x-ty-17430321.html,alonhadat,2,13900000000,37,2026-06-07,,17430321,,
MTKD LẠC LONG QUÂN - NGAY CHỢ VẢI TÂN BÌNH - 73M2 - 5 TẦNG - GIÁ 16.2 TỶ TL,"16,2 tỷ",73 m²,"Đường Lạc Long Quân, Phường Bảy Hiền, Hồ Chí Minh",Quận Tân Bình,Phường 11,Nhà ở,ban,https://alonhadat.com.vn/mtkd-lac-long-quan-ngay-cho-vai-tan-binh-73m2-5-tang-gia-16-2-ty-tl-16615716.html,alonhadat,4,16200000000,73,2026-06-07,,16615716,,
GÓC 2 MẶT TIỀN KHU BÀU CÁT - 6 TẦNG SUỐT - THANG MÁY - KHÔNG LỘ GIỚI - GIÁ 17.X TỶ,"17,6 tỷ",57 m²,"Đường Ni Sư Huỳnh Liên, Phường Bảy Hiền, Hồ Chí Minh",Quận Tân Bình,Phường 10,Nhà ở,ban,https://alonhadat.com.vn/goc-2-mat-tien-khu-bau-cat-6-tang-suot-thang-may-khong-lo-gioi-gia-15-x-ty-16999464.html,alonhadat,6,17600000000,57,2026-06-07,,16999464,,
MTKD ĐƯỜNG BÀU CÁT - CHƯA QUA ĐẦU TƯ - 5 TẦNG - 110M2 - GIÁ 18.X TỶ,"18,9 tỷ",110 m²,"Đường Bàu Cát, Phường Bảy Hiền, Hồ Chí Minh",Quận Tân Bình,Phường 11,Nhà ở,ban,https://alonhadat.com.vn/mtkd-duong-bau-cat-chua-qua-dau-tu-5-tang-110m2-gia-18-x-ty-16599213.html,alonhadat,4,18900000000,110,2026-06-07,,16599213,,
MẶT TIỀN BÀU CÁT 5 TẦNG - KHU VIP BÀU CÁT 68M2 - GIÁ 16.X TỶ,"16,9 tỷ",68 m²,"Đường Bàu Cát 2, Phường Bảy Hiền, Hồ Chí Minh",Quận Tân Bình,Phường 12,Nhà ở,ban,https://alonhadat.com.vn/mat-tien-bau-cat-5-tang-khu-vip-bau-cat-gia-18-x-ty-16601456.html,alonhadat,4,16899999999.999998,68,2026-06-07,,16601456,,
"MẶT TIỀN HỒNG HÀ - BẠCH ĐẰNG - 197M2 - NGANG KHỦNG 9,5x27 - GIÁ 54.X TỶ","54,9 tỷ",197 m²,"Đường Hồng Hà, Phường Tân Sơn Hòa, Hồ Chí Minh",Quận Tân Bình,Phường 2,Nhà ở,ban,https://alonhadat.com.vn/mat-tien-hong-ha-bach-dang-197m2-ngang-khung-9-5x27-gia-54-x-ty-17009897.html,alonhadat,3,54900000000,197,2026-06-07,,17009897,,
"Bán nhà mặt tiền, đường Nguyễn Văn Vĩnh, P4, Tân Bình, 186,1m2, ngang 7.3m, 6 tầng BTCT",31 tỷ,186 m²,"Đường Nguyễn Văn Vĩnh, Phường Tân Sơn Nhất, Hồ Chí Minh",Quận Tân Bình,Phường Tân Sơn Nhất,Nhà ở,ban,https://alonhadat.com.vn/ban-nha-mat-tien-duong-nguyen-van-vinh-p4-tan-binh-186-1m2-ngang-7-3m-6-tang-btct-17428749.html,alonhadat,10,31000000000,186,2026-06-07,,17428749,,
"Bán gấp nhà 4 tầng ngang 7m, HXH trải nhựa 7m gần Hoàng Hoa Thám P 13 Tân Bình, 7x20m - gi","22,5 tỷ",140 m²,"Đường Hoàng Hoa Thám, Phường Tân Bình, Hồ Chí Minh",Quận Tân Bình,Phường 13,Nhà ở,ban,https://alonhadat.com.vn/ban-gap-nha-4-tang-ngang-7m-hxh-trai-nhua-7m-gan-hoang-hoa-tham-p-13-tan-binh-7x20m-gi-17420049.html,alonhadat,20,22500000000,140,2026-06-07,,17420049,,
"Chỉ 28 tỷ - HĐT 130tr/th, Tòa nhà CHDV 28P, 7mx23m, hầm 6 tầng, PCCC, Phổ Quang, sân bay",28 tỷ,150 m²,"Đường Phổ Quang, Phường Tân Sơn Hòa, Hồ Chí Minh",Quận Tân Bình,Phường 2,Nhà ở,ban,https://alonhadat.com.vn/chi-28-ty-hdt-130tr-th-toa-nha-chdv-28p-7mx23m-ham-6-tang-pccc-pho-quang-san-bay-17837264.html,alonhadat,30,28000000000,150,2026-06-07,,17837264,,
SIÊU NGON MTKD TÂN BÌNH NGAY CC BÀU CÁT 354m - CHỈ 3x TỶ,"39,8 tỷ",354 m²,"Đường Ni Sư Huỳnh Liên, Phường Bảy Hiền, Hồ Chí Minh",Quận Tân Bình,Phường 10,Nhà ở,ban,https://alonhadat.com.vn/sieu-ngon-mtkd-tan-binh-ngay-cc-bau-cat-354m-chi-3x-ty-17730857.html,alonhadat,8,39800000000,354,2026-06-07,,17730857,,
GIẢM GẤP 77 TỶ TÒA NHÀ MẶT TIỀN ÂU CƠ 77 TỶ HẦM - 9 TẦNG – HĐ THUÊ 9TỶ/2NĂM LN,77 tỷ,293 m²,"Đường Âu Cơ, Phường Tân Bình, Hồ Chí Minh",Quận Tân Bình,Phường 13,Nhà ở,ban,https://alonhadat.com.vn/giam-gap-77-ty-toa-nha-mat-tien-au-co-77-ty-ham-9-tang-hd-thue-9ty-2nam-ln-17824643.html,alonhadat,4,77000000000,293,2026-06-07,,17824643,,
Tòa Nhà 2MT Gần Sân Bay – Dòng Tiền 500 Triệu/Tháng – Giá Tốt Nhất Cộng Hòa HẦM 5 TẦNG,118 tỷ,240 m²,"Đường Cộng Hòa, Phường Tân Sơn Hòa, Hồ Chí Minh",Quận Tân Bình,Phường 2,Nhà ở,ban,https://alonhadat.com.vn/toa-nha-2mt-gan-san-bay-dong-tien-500-trieu-thang-gia-tot-nhat-cong-hoa-ham-5-tang-17740154.html,alonhadat,5,118000000000,240,2026-06-07,,17740154,,
✈️ CƠ HỘI SỞ HỮU TÒA NHÀ QUY MÔ LỚN NGAY TRUNG TÂM TÂN BÌNH – 135 Tỷ TL,135 tỷ,382 m²,"Đường Nguyễn Quang Bích, Phường Tân Bình, Hồ Chí Minh",Quận Tân Bình,Phường 13,Nhà ở,ban,https://alonhadat.com.vn/-co-hoi-so-huu-toa-nha-quy-mo-lon-ngay-trung-tam-tan-binh-135-ty-tl-18758117.html,alonhadat,12,135000000000,382,2026-06-07,,18758117,,
"Bán Nhà Mặt Tiền Ngay Bàu Cát 8 - Tân Bình - 5x27m - 5 Tầng Thang Máy - Giá 24,5 Tỷ TL","24,5 tỷ",133 m²,"Đường Bàu Cát 8, Phường Bảy Hiền, Hồ Chí Minh",Quận Tân Bình,Phường 11,Nhà ở,ban,https://alonhadat.com.vn/ban-nha-mat-tien-ngay-bau-cat-8-tan-binh-5x27m-5-tang-thang-may-gia-24-5-ty-tl-17328533.html,alonhadat,5,24500000000,133,2026-06-07,,17328533,,
"NHÀ 5 TẦNG CỨNG CÁP - 4x13 - 52m2 NGAY CHỢ VẢI TÂN BÌNH - HẺM THÔNG KINH DOANH - 7,9 TỶ","7,9 tỷ",52 m²,"Đường Lạc Long Quân, Phường Bảy Hiền, Hồ Chí Minh",Quận Tân Bình,Phường 12,Nhà ở,ban,https://alonhadat.com.vn/nha-5-tang-cung-cap-4x13-52m2-ngay-cho-vai-tan-binh-hem-thong-kinh-doanh-7-9-ty-18758028.html,alonhadat,5,7900000000,52,2026-06-07,,18758028,,
"56 tỷ - HĐT: 140tr/th! Bán toà nhà mặt tiền Trường Sơn, Tân Bình - 5.15x29m - Hầm 8 Tầng",56 tỷ,128 m²,"Đường Trần Quốc Hoàn, Phường Tân Sơn Nhất, Hồ Chí Minh",Quận Tân Bình,Phường 4,Nhà ở,ban,https://alonhadat.com.vn/56-ty-hdt-140tr-th-ban-toa-nha-mat-tien-truong-son-tan-binh-5-15x29m-ham-8-tang-18422495.html,alonhadat,8,56000000000,128,2026-06-07,,18422495,,
"NHÀ 3 TẦNG 45M2 - NGANG 4,5M - HẺM XE HƠI TRUNG LANG - BẢY HIỀN TÂN BÌNH - 7,35 TỶ CÒN BỚT","7,35 tỷ",45 m²,"Đường Trung Lang, Phường Bảy Hiền, Hồ Chí Minh",Quận Tân Bình,Phường 12,Nhà ở,ban,https://alonhadat.com.vn/nha-3-tang-45m2-ngang-4-5m-hem-xe-hoi-trung-lang-bay-hien-tan-binh-7-35-ty-con-bot-18757925.html,alonhadat,3,7350000000,45,2026-06-07,,18757925,,
"Bán nhà Mặt Tiền Chợ Phạm Văn Hai,Phường 2,Tân Bình.DT 3,8 X 15m 4 Tầng.","13,5 tỷ",56 m²,"Đường Tân Sơn Hòa, Phường Tân Sơn Hòa, Hồ Chí Minh",Quận Tân Bình,Phường 2,Nhà ở,ban,https://alonhadat.com.vn/ban-nha-mat-tien-cho-pham-van-hai-phuong-2-tan-binh-dt-3-8-x-15m-4-tang--18752936.html,alonhadat,5,13500000000,56,2026-06-07,,18752936,,
"HOT HOT HOT! Cần bán nhà HXH đường Trường Chinh, p14, tân bình 7X22m giá chỉ 10 tỷ hơn thư","10,5 tỷ",111 m²,"Đường Trường Chinh, Phường Tân Bình, Hồ Chí Minh",Quận Tân Bình,Phường 14,Nhà ở,ban,https://alonhadat.com.vn/hot-hot-hot-can-ban-nha-hxh-duong-truong-chinh-p14-tan-binh-7x22m-gia-chi-10-ty-hon-thu-15103642.html,alonhadat,3,10500000000,111,2026-06-07,,15103642,,
Siêu phẩm chỉ 122tr/m2 ngay Đồng Đen- Bàu cát dt 5x37m2 - trệt lửng 3 lầu - chỉ 22 tỷ,22 tỷ,180 m²,"Đường Đồng Đen, Phường Bảy Hiền, Hồ Chí Minh",Quận Tân Bình,Phường 11,Nhà ở,ban,https://alonhadat.com.vn/sieu-pham-chi-122tr-m2-ngay-dong-den-bau-cat-dt-5x37m2-tret-lung-3-lau-chi-22-ty-16458899.html,alonhadat,6,22000000000,180,2026-06-07,,16458899,,
"HOT! Cần bán nhà MT Bàu cát - Nguyễn Hồng Đào, DT sàn 241m2, vị trí sáng giá chỉ 15 tỷ hơn","15,5 tỷ",72 m²,"Đường Nguyễn Hồng Đào, Phường Tân Bình, Hồ Chí Minh",Quận Tân Bình,Phường 14,Nhà ở,ban,https://alonhadat.com.vn/hot-can-ban-nha-mt-bau-cat-nguyen-hong-dao-dt-san-241m2-vi-tri-sang-gia-chi-15-ty-hon-15158023.html,alonhadat,4,15500000000,72,2026-06-07,,15158023,,
"Qúa rẻ! Chỉ 10 tỷ nhỉnh sở hữu nhà đẹp ngay Trường Chinh 3 lầu, dt 4.35x17m","10,5 tỷ",74 m²,"Đường Nguyễn Hồng Đào, Phường Tân Bình, Hồ Chí Minh",Quận Tân Bình,Phường 14,Nhà ở,ban,https://alonhadat.com.vn/qua-re-chi-10-ty-nhinh-so-huu-nha-dep-ngay-truong-chinh-3-lau-dt-4-35x17m-15114549.html,alonhadat,3,10500000000,74,2026-06-07,,15114549,,
"Bán hẻm VIP K300, p12, Tân Bình 5 lầu nhà xinh, HĐT 32t/tháng giá chỉ 17 tỷ thương lượng",17 tỷ,80 m²,"Đường Nguyễn Minh Hoàng, Phường Bảy Hiền, Hồ Chí Minh",Quận Tân Bình,Phường 12,Nhà ở,ban,https://alonhadat.com.vn/ban-hem-vip-k300-p12-tan-binh-5-lau-nha-xinh-hdt-32t-thang-gia-chi-17-ty-thuong-luong-15178744.html,alonhadat,4,17000000000,80,2026-06-07,,15178744,,
"Cần bán nhà MT ngay ngã tư Bảy hiền, p4, tân bình, 6 tầng, HĐT 50tr/th giá chỉ 26 tỷ",26 tỷ,80 m²,"Đường Xuân Hồng, Phường Tân Sơn Nhất, Hồ Chí Minh",Quận Tân Bình,Phường 4,Nhà ở,ban,https://alonhadat.com.vn/can-ban-nha-mt-ngay-nga-tu-bay-hien-p4-tan-binh-6-tang-hdt-50tr-th-gia-chi-26-ty-15187011.html,alonhadat,4,26000000000,80,2026-06-07,,15187011,,
Bán nhà mặt tiền ngay ngã tư Bảy hiền quận Tân Bình ngang 5m giá chỉ 13 tỷ hơn,"13,5 tỷ",60 m²,"Đường Năm Châu, Phường Bảy Hiền, Hồ Chí Minh",Quận Tân Bình,Phường 11,Nhà ở,ban,https://alonhadat.com.vn/ban-nha-mat-tien-ngay-nga-tu-bay-hien-quan-tan-binh-ngang-5m-gia-chi-13-ty-hon-15091617.html,alonhadat,2,13500000000,60,2026-06-07,,15091617,,
HOT! Cần bán nhà ngã tư Bảy Hiền giá chỉ 10 tỷ nhỉnh diện tích 5.5x20m,"10,5 tỷ",110 m²,"Đường Châu Vĩnh Tế, Phường Bảy Hiền, Hồ Chí Minh",Quận Tân Bình,Phường 12,Nhà ở,ban,https://alonhadat.com.vn/hot-can-ban-nha-nga-tu-bay-hien-gia-chi-10-ty-nhinh-dien-tich-5-5x20m-15088568.html,alonhadat,3,10500000000,110,2026-06-07,,15088568,,
"Định cư nước ngoài cần bán nhà Nguyễn Hồng Đào, p14, tân bình, 4x18m giá 14 tỷ hơn","14,5 tỷ",72 m²,"Đường Nguyễn Hồng Đào, Phường Tân Bình, Hồ Chí Minh",Quận Tân Bình,Phường 14,Nhà ở,ban,https://alonhadat.com.vn/dinh-cu-nuoc-ngoai-can-ban-nha-nguyen-hong-dao-p14-tan-binh-4x18m-gia-14-ty-hon-15084260.html,alonhadat,4,14500000000,72,2026-06-07,,15084260,,
"HOT! Cần bán nhà mặt tiền đường Ba Vân, p14, Q.tân bình, 4x18m, 4 lầu giá chỉ 14 tỷ hơn.","14,5 tỷ",56 m²,"Đường Ba Vân, Phường Tân Bình, Hồ Chí Minh",Quận Tân Bình,Phường 14,Nhà ở,ban,https://alonhadat.com.vn/hot-can-ban-nha-mat-tien-duong-ba-van-p14-q-tan-binh-4x18m-4-lau-gia-chi-14-ty-hon--15074435.html,alonhadat,4,14500000000,56,2026-06-07,,15074435,,
"Cần bán nhà MT đường Ba Vân, phường 14, tân bình DT 4x13.5m, nhà 3 lầu giá bán 13.2 tỷ","13,2 tỷ",54 m²,"Đường Ba Vân, Phường Tân Bình, Hồ Chí Minh",Quận Tân Bình,Phường 14,Nhà ở,ban,https://alonhadat.com.vn/can-ban-nha-mt-duong-ba-van-phuong-14-tan-binh-dt-4x13-5m-nha-3-lau-gia-ban-13-2-ty-15054547.html,alonhadat,4,13200000000,54,2026-06-07,,15054547,,
"Chỉ 9 tỷ sở hữu nhà dt 4.65x12m, nhà mới đẹp 3 lầu gần chợ Hoàng Hoa Thám, khu VIP 300",9 tỷ,56 m²,"Đường Đồng Xoài, Phường Tân Bình, Hồ Chí Minh",Quận Tân Bình,Phường 13,Nhà ở,ban,https://alonhadat.com.vn/chi-9-ty-so-huu-nha-dt-4-65x12m-nha-moi-dep-3-lau-gan-cho-hoang-hoa-tham-khu-vip-300-15066048.html,alonhadat,3,9000000000,56,2026-06-07,,15066048,,
"Bán Nhà MT Lê Văn Sỹ P.2 TB, DT 7x24m CN 128m2, KC 3 tầng HĐT 70tr, Giá 42 tỷ",42 tỷ,128 m²,"Đường Lê Văn Sỹ, Phường Tân Sơn Hòa, Hồ Chí Minh",Quận Tân Bình,Phường 2,Nhà ở,ban,https://alonhadat.com.vn/ban-nha-mt-le-van-sy-p-2-tb-dt-7x24m-cn-128m2-kc-3-tang-hdt-70tr-gia-42-ty-17978601.html,alonhadat,6,42000000000,128,2026-06-07,,17978601,,
"Bán nhà mặt tiền Thân Nhân Trung, P 13, Tân Bình - 6x20m - CTXD: Hầm + 7 tầng - Giá 28 tỷ",28 tỷ,120 m²,"Đường Thân Nhân Trung, Phường Tân Bình, Hồ Chí Minh",Quận Tân Bình,Phường 13,Nhà ở,ban,https://alonhadat.com.vn/ban-nha-mat-tien-than-nhan-trung-p-13-tan-binh-6x20m-ctxd-ham-7-tang-gia-28-ty-18757630.html,alonhadat,6,28000000000,120,2026-06-07,,18757630,,
"Siêu Phẩm Chỉ 26,5 Tỷ!! Góc 2MT Khu Sân Bay Đường Bạch Đằng - Ngang 10,2m - 5 Tầng - 100Tr","26,5 tỷ",99 m²,"Đường Bạch Đằng, Phường Tân Sơn Hòa, Hồ Chí Minh",Quận Tân Bình,Phường Tân Sơn Hòa,Nhà ở,ban,https://alonhadat.com.vn/sieu-pham-chi-26-5-ty-goc-2mt-khu-san-bay-duong-bach-dang-ngang-10-2m-5-tang-100tr-18757594.html,alonhadat,10,26500000000,99,2026-06-07,,18757594,,
"Toà nhà 541 Lạc Long Quân, P10, Tân Bình, 8m x 22m, Hầm 6 Tầng, HĐT 160",56 tỷ,167 m²,"Đường Lạc Long Quân, Phường Bảy Hiền, Hồ Chí Minh",Quận Tân Bình,Phường 10,Nhà ở,ban,https://alonhadat.com.vn/toa-nha-541-lac-long-quan-p10-tan-binh-8m-x-22m-ham-6-tang-hdt-160-18151401.html,alonhadat,6,56000000000,167,2026-06-07,,18151401,,
"Nhà bán hẻm 25 đường Thành Mỹ P8 Tân Bình. Ngang hơn 5m hiếm có, giá chỉ 10.5 tỷ","10,5 tỷ",76 m²,"Đường Thành Mỹ, Phường Tân Hòa, Hồ Chí Minh",Quận Tân Bình,Phường 8,Nhà ở,ban,https://alonhadat.com.vn/nha-ban-hem-25-duong-thanh-my-p8-tan-binh-ngang-hon-5m-hiem-co-gia-chi-10-5-ty-18757177.html,alonhadat,2,10500000000,76,2026-06-07,,18757177,,
"Tòa nhà mặt tiền đường Nguyễn Quang Bích, ngay nhà ga T3, DT: 10.5 x 26m, hầm 7 tầng",75 tỷ,256 m²,"Đường Nguyễn Quang Bích, Phường Tân Bình, Hồ Chí Minh",Quận Tân Bình,Phường 13,Nhà ở,ban,https://alonhadat.com.vn/toa-nha-mat-tien-duong-nguyen-quang-bich-ngay-nha-ga-t3-dt-10-5-x-26m-ham-7-tang-18397375.html,alonhadat,50,75000000000,256,2026-06-07,,18397375,,
bán nhà mặt tiền đường ngay lý thường kiệt,22 tỷ,152 m²,"Đường Thành Mỹ, Phường Tân Hòa, Hồ Chí Minh",Quận Tân Bình,Phường 8,Nhà ở,ban,https://alonhadat.com.vn/ban-nha-mat-tien-duong-ngay-ly-thuong-kiet-18756970.html,alonhadat,2,22000000000,152,2026-06-07,,18756970,,
"Toà Nhà Hầm 7 Lầu mặt tiền ngay Nhà Ga T3 Sân Bay,Tân Bình,7.8x33m, TN 250 triệu,Chỉ 55 Tỷ",55 tỷ,264 m²,"Đường Nguyễn Quang Bích, Phường Tân Bình, Hồ Chí Minh",Quận Tân Bình,Phường 13,Nhà ở,ban,https://alonhadat.com.vn/toa-nha-ham-7-lau-mat-tien-gan-nha-ga-t3-tsn-tan-binh-7-8x33m-tn-250-trieu-chi-56-ty-16954872.html,alonhadat,7,55000000000,264,2026-06-07,,16954872,,
"Bán Nhà Mặt Tiền k300 - Nguyễn Bá Tuyển - P12 - Tân Bình, 7x32m, Giá 32 Tỷ",32 tỷ,224 m²,"Đường K300, Phường Bảy Hiền, Hồ Chí Minh",Quận Tân Bình,Phường 12,Nhà ở,ban,https://alonhadat.com.vn/ban-nha-mat-tien-k300-nguyen-ba-tuyen-p12-tan-binh-7x32m-gia-32-ty-18757266.html,alonhadat,3,32000000000,224,2026-06-07,,18757266,,
"Bán Nhà 196/15 Đường Cộng Hòa - Khu k200 - Phường 4 - Tân Bình 8x23m, Hầm 3 Lầu",40 tỷ,184 m²,"Đường Cộng Hòa, Phường Tân Sơn Nhất, Hồ Chí Minh",Quận Tân Bình,Phường 4,Nhà ở,ban,https://alonhadat.com.vn/ban-nha-196-15-duong-cong-hoa-khu-k200-phuong-4-tan-binh-8x23m-ham-3-lau-18755497.html,alonhadat,5,40000000000,184,2026-06-07,,18755497,,
"Siêu phẩm tốt ngang rộng hiếm MT đường Trường Chinh, P. Bảy Hiền 8.1x29m 4 tầng chỉ 51x tỷ","51,999 tỷ",230 m²,"Đường Trường Chinh, Phường Bảy Hiền, Hồ Chí Minh",Quận Tân Bình,Phường 12,Nhà ở,ban,https://alonhadat.com.vn/sieu-pham-tot-ngang-rong-hiem-mt-duong-truong-chinh-p-bay-hien-8-1x29m-4-tang-chi-51x-ty-18749541.html,alonhadat,5,51999000000,230,2026-06-07,,18749541,,
Siêu phẩm| MT đường C27 P.12 Quận Tân Bình| DT: 8x20| CTXD: Hầm +6 tầng| 34 tỷ,34 tỷ,160 m²,"Đường C27, Phường Bảy Hiền, Hồ Chí Minh",Quận Tân Bình,Phường 12,Nhà ở,ban,https://alonhadat.com.vn/sieu-pham-mt-duong-c27-p-12-quan-tan-binh-dt-8x20-ctxd-ham-6-tang-34-ty-18757144.html,alonhadat,1,34000000000,160,2026-06-07,,18757144,,
"BÁN TOÀ NHÀ VP KHU K300, GẦN GA T3 - 145M2, NGANG SÁT 6M - 8 TẦNG, HẦM, TM - HƠN 34Tỷ","34,7 tỷ",145 m²,"Đường Trần Văn Dư, Phường Tân Bình, Hồ Chí Minh",Quận Tân Bình,Phường 13,Nhà ở,ban,https://alonhadat.com.vn/ban-toa-nha-vp-khu-k300-gan-ga-t3-145m2-ngang-sat-6m-8-tang-ham-tm-hon-34ty-18438000.html,alonhadat,6,34700000000,145,2026-06-07,,18438000,,
"Bán nhà góc 2 MT 12m Nhất Chi Mai, dt 7 x 11m, CN 25m2, trệt 4 lầu 9 PN","13,5 tỷ",75 m²,"Đường Nhất Chi Mai, Phường Tân Bình, Hồ Chí Minh",Quận Tân Bình,Phường 13,Nhà ở,ban,https://alonhadat.com.vn/ban-nha-goc-2-mt-12m-nhat-chi-mai-dt-7-x-11m-cn-25m2-tret-4-lau-9-pn-17352970.html,alonhadat,9,13500000000,75,2026-06-07,,17352970,,
"Bán tòa nhà văn phòng Mặt Tiền Cộng Hòa, DT 9 x 30m, hầm 8 tầng, sàn 2000m2",85 tỷ,270 m²,"Đường Cộng Hòa, Phường Tân Bình, Hồ Chí Minh",Quận Tân Bình,Phường 13,Nhà ở,ban,https://alonhadat.com.vn/ban-toa-nha-van-phong-mat-tien-cong-hoa-dt-9-x-30m-ham-8-tang-san-2000m2-17699381.html,alonhadat,1,85000000000,270,2026-06-07,,17699381,,
"Bán gấp nhà 2 MT chợ Hoàng Hoa Thám Tân Bình – DT 4x16m, trệt 2 lầu ST","13,2 tỷ",64 m²,"Đường Hoàng Hoa Thám, Phường Tân Bình, Hồ Chí Minh",Quận Tân Bình,Phường 13,Nhà ở,ban,https://alonhadat.com.vn/ban-gap-nha-2-mt-cho-hoang-hoa-tham-tan-binh-dt-4x16m-tret-2-lau-st-18312733.html,alonhadat,4,13200000000,64,2026-06-07,,18312733,,
"Bán nhà mặt tiền Ấp Bắc 5 x 16m, trệt 3 lầu ST, đối diện tòa văn phòng ETOWN sầm uất","17,5 tỷ",80 m²,"Đường Ấp Bắc, Phường Tân Bình, Hồ Chí Minh",Quận Tân Bình,Phường 13,Nhà ở,ban,https://alonhadat.com.vn/ban-nha-mat-tien-ap-bac-5-x-16m-tret-3-lau-st-doi-dien-toa-van-phong-etown-sam-uat-18322915.html,alonhadat,5,17500000000,80,2026-06-07,,18322915,,
"Bán nhà HXH 8m Út Tịch – p4, Tân Bình. DT 7x12m, trệt 3 lầu ST, giá 14 tỷ TL",14 tỷ,84 m²,"Đường Út Tịch, Phường Tân Sơn Nhất, Hồ Chí Minh",Quận Tân Bình,Phường 4,Nhà ở,ban,https://alonhadat.com.vn/ban-nha-hxh-8m-ut-tich-p4-tan-binh-dt-7x12m-tret-3-lau-st-gia-14-ty-tl-18663732.html,alonhadat,6,14000000000,84,2026-06-07,,18663732,,
Bán nhà Hẻm thông đúng 6m Nguyễn Đức Thuận .Dt 4 x 10m. 40m2. 1 trệt 1 lầu. Ngay nhà ga T3,"7,2 tỷ",40 m²,"Đường Nguyễn Đức Thuận, Phường Tân Bình, Hồ Chí Minh",Quận Tân Bình,Phường 13,Nhà ở,ban,https://alonhadat.com.vn/ban-nha-hem-thong-dung-6m-nguyen-duc-thuan-dt-4-x-10m-40m2-1-tret-1-lau-ngay-nha-ga-t3-18412054.html,alonhadat,2,7200000000,40,2026-06-07,,18412054,,
"Bán nhà MTNB Bàu Cát 1, P.14 Tân Bình – 4x14m, trệt 4 lầu ST, đường 12m, vỉa hèm 2m","12,7 tỷ",56 m²,"Đường Bàu Cát 1, Phường Tân Bình, Hồ Chí Minh",Quận Tân Bình,Phường 14,Nhà ở,ban,https://alonhadat.com.vn/ban-nha-mtnb-bau-cat-1-p-14-tan-binh-4x14m-tret-4-lau-st-gia-13-5-ty-tl-18360290.html,alonhadat,6,12700000000,56,2026-06-07,,18360290,,
"Bán nhà MT Lê Trung Nghĩa, k300. dt 4 x 18, trệt 4 lầu, nhà đẹp ở ngay","13,8 tỷ",72 m²,"Đường Lê Trung Nghĩa, Phường Bảy Hiền, Hồ Chí Minh",Quận Tân Bình,Phường 12,Nhà ở,ban,https://alonhadat.com.vn/ban-nha-mt-le-trung-nghia-k300-dt-4-x-18-tret-4-lau-nha-dep-o-ngay-17381264.html,alonhadat,5,13800000000,72,2026-06-07,,17381264,,
"Bán nhà mặt tiền Nguyễn Thái Bình, dt dt 5.5 x 16m, 2 lầu, vị trí đẹp sầm uất","19,9 tỷ",88 m²,"Đường Nguyễn Thái Bình, Phường Bảy Hiền, Hồ Chí Minh",Quận Tân Bình,Phường 12,Nhà ở,ban,https://alonhadat.com.vn/ban-nha-mat-tien-nguyen-thai-binh-dt-dt-5-5-x-16m-1-lau-vi-tri-dep-sam-uat-17373957.html,alonhadat,4,19900000000,88,2026-06-07,,17373957,,
"Bán nhà mặt tiền Cộng Hoà, DT 7 x 25m. trệt 2 lầu, giá 45 tỷTL, vị trí đẹp, không cầu vượt",43 tỷ,175 m²,"Đường Cộng Hòa, Phường Tân Bình, Hồ Chí Minh",Quận Tân Bình,Phường 13,Nhà ở,ban,https://alonhadat.com.vn/ban-nha-mat-tien-cong-hoa-dt-7-x-25m-tret-2-lau-gia-45-tytl-vi-tri-dep-khong-cau-vuot-17366853.html,alonhadat,2,43000000000,175,2026-06-07,,17366853,,
"Bán nhà mặt tiền Cộng Hoà, dt 9 x 30m. Hầm 5 lầu st, giá 68 tỷ Tl",68 tỷ,270 m²,"Đường Cộng Hòa, Phường Tân Bình, Hồ Chí Minh",Quận Tân Bình,Phường 13,Nhà ở,ban,https://alonhadat.com.vn/ban-nha-mat-tien-cong-hoa-dt-9-x-30m-ham-5-lau-st-gia-68-ty-tl-17308446.html,alonhadat,1,68000000000,270,2026-06-07,,17308446,,
"Bán nhà MT Bảy Hiền, dt 5 x 12m, trệt 3 lầu st, nhà mới ở ngay","12,9 tỷ",60 m²,"Đường Năm Châu, Phường Bảy Hiền, Hồ Chí Minh",Quận Tân Bình,Phường 11,Nhà ở,ban,https://alonhadat.com.vn/ban-nha-mt-bay-hien-dt-5-x-12m-tret-3-lau-st-nha-moi-o-ngay-16919479.html,alonhadat,5,12900000000,60,2026-06-07,,16919479,,
"Bán nhà mặt tiền Cộng Hoà, dt 5 x 16m, 3 tầng, ngay nhà ga T3","18,5 tỷ",80 m²,"Đường Cộng Hòa, Phường Tân Bình, Hồ Chí Minh",Quận Tân Bình,Phường 13,Nhà ở,ban,https://alonhadat.com.vn/ban-nha-mat-tien-cong-hoa-dt-5-x-16m-3-tang-ngay-nha-ga-t3-16297166.html,alonhadat,5,18500000000,80,2026-06-07,,16297166,,
"Bán nhà MT Đồng Đen, dt 8 x 16m, trệt 4 lầu, đoạn đẹp rộng sầm uất",40 tỷ,130 m²,"Đường Đồng Đen, Phường Tân Bình, Hồ Chí Minh",Quận Tân Bình,Phường 14,Nhà ở,ban,https://alonhadat.com.vn/ban-nha-mt-dong-den-dt-8-x-16m-tret-4-lau-doan-dep-rong-sam-uat-16264965.html,alonhadat,2,40000000000,130,2026-06-07,,16264965,,
"Bán nhà H.8m Cộng Hòa, dt 40m2, 1 lầu, 2 PN, Hẻm sung Kinh Doanh được nhiều ngành nghề","2,95 tỷ",40 m²,"Đường Cộng Hòa, Phường Tân Bình, Hồ Chí Minh",Quận Tân Bình,Phường 13,Nhà ở,ban,https://alonhadat.com.vn/ban-nha-h-8m-cong-hoa-dt-40m2-1-lau-2-pn-hem-sung-kinh-doanh-duoc-nhieu-nganh-nghe-16215556.html,alonhadat,2,2950000000,40,2026-06-07,,16215556,,
"Bán nhà MT Thân Nhân Trung, P.13 Tân Bình – 6x25m, trệt 2 lầu ST, giá 25 tỷ TL",25 tỷ,150 m²,"Đường Thân Nhân Trung, Phường Tân Bình, Hồ Chí Minh",Quận Tân Bình,Phường Tân Bình,Nhà ở,ban,https://alonhadat.com.vn/ban-nha-mt-than-nhan-trung-p-13-tan-binh-6x25m-tret-2-lau-st-gia-25-ty-tl-18360595.html,alonhadat,4,25000000000,150,2026-06-07,,18360595,,
"Bán Gấp nhà Ngang 10m mặt tiền đường Cộng Hoà, Tân Bình, 10x35m, CTXD Hầm 10 Lầu,Chỉ 81 Tỷ",81 tỷ,350 m²,"Đường Cộng Hòa, Phường Tân Bình, Hồ Chí Minh",Quận Tân Bình,Phường 13,Nhà ở,ban,https://alonhadat.com.vn/ban-gap-nha-ngang-10m-mat-tien-duong-cong-hoa-tan-binh-10x35m-ctxd-ham-10-lau-chi-81-ty-17729766.html,alonhadat,4,81000000000,350,2026-06-07,,17729766,,
Bán Toà Nhà Mới Xây Khu K300- Tân Bình- 9x20m- Hầm 6 Tầng- HDT 180 triệu/ tháng- Giá 42ty,42 tỷ,180 m²,"Đường K300, Phường Bảy Hiền, Hồ Chí Minh",Quận Tân Bình,Phường 12,Nhà ở,ban,https://alonhadat.com.vn/ban-toa-nha-moi-xay-khu-k300-tan-binh-9x20m-ham-6-tang-hdt-180-trieu-thang-gia-42ty-17815695.html,alonhadat,6,42000000000,180,2026-06-07,,17815695,,
"Bán Gấp Toà Nhà MT Trường Sơn,Tân Bình - 5 x 21m - 6 Tầng - HDT130 triệu/tháng-Gía 28 tỷ",28 tỷ,105 m²,"Đường Trường Sơn, Phường Tân Sơn Hòa, Hồ Chí Minh",Quận Tân Bình,Phường 2,Nhà ở,ban,https://alonhadat.com.vn/ban-gap-toa-nha-mt-truong-son-tan-binh-5-x-21m-6-tang-hdt130-trieu-thang-gia-28-ty-17815387.html,alonhadat,6,28000000000,105,2026-06-07,,17815387,,
"Càn Tiền Bán Tòa Nhà 2MT Khu K300-Nguyễn Minh Hoàng-Hầm 6Tầng,HĐT160triệu(6.5x20m)Giá 38ty",38 tỷ,128 m²,"Đường K300, Phường Bảy Hiền, Hồ Chí Minh",Quận Tân Bình,Phường 12,Nhà ở,ban,https://alonhadat.com.vn/can-tien-ban-toa-nha-2mt-khu-k300-nguyen-minh-hoang-ham-6tang-hdt160trieu-6-5x20m-gia-38ty-17808175.html,alonhadat,6,38000000000,128,2026-06-07,,17808175,,
"Siêu phẩm tiện xây mới, hẻm ô tô Phạm Văn Bạch, Gần metro,5x26m, 10.x tỷ","10,599 tỷ",130 m²,"Đường Tân Sơn, Phường Tân Sơn, Hồ Chí Minh",Quận Tân Bình,Phường Tân Sơn,Đất,ban,https://alonhadat.com.vn/sieu-pham-tien-xay-moi-hem-o-to-pham-van-bach-5x22m-11-ty-hon-17570955.html,alonhadat,2,10599000000,130,2026-06-07,,17570955,,
"KHU VIP K3OO, ĐƯỜNG CỘNG HÒA ĐƯỜNG 10M THÔNG - NGANG 5.2M - 82M2, CHỈ 18.X TỶ","18,999 tỷ",82 m²,"Đường Cộng Hòa, Phường Tân Sơn Nhất, Hồ Chí Minh",Quận Tân Bình,Phường 4,Đất,ban,https://alonhadat.com.vn/khu-vip-k3oo-duong-cong-hoa-duong-10m-thong-ngang-5-2m-82m2-chi-18-x-ty-16246231.html,alonhadat,12,18999000000,82,2026-06-07,,16246231,,
"MẶT TIỀN CỐNG LỠ - 5 TẦNG BTCT - 107M2 - 6PN - 4,5X25 - GIÁ NHỈNH 14 TỶ","14,1 tỷ",107 m²,"Đường Cống Lở, Phường Tân Sơn, Hồ Chí Minh",Quận Tân Bình,Phường 15,Đất,ban,https://alonhadat.com.vn/mat-tien-cong-lo-5-tang-btct-107m2-6pn-4-5x25-gia-nhinh-14-ty-17009789.html,alonhadat,6,14100000000,107,2026-06-07,,17009789,,
"BÁN MT HOÀNG VĂN THỤ- TÂN SƠN NHẤT- 4,2X30M- 38 TỶ",38 tỷ,125 m²,"Đường Hoàng Văn Thụ, Phường Tân Sơn Nhất, Hồ Chí Minh",Quận Tân Bình,Phường 4,Đất,ban,https://alonhadat.com.vn/ban-mt-hoang-van-thu-tan-son-nhat-4-2x30m-38-ty-18756904.html,alonhadat,5,38000000000,125,2026-06-07,,18756904,,
Siêu phẩm Huỳnh Văn Nghệ 44m2 full nội thất,"5,88 tỷ",44 m²,"Đường Huỳnh Văn Nghệ, Phường Tân Sơn, Hồ Chí Minh",Quận Tân Bình,Phường Tân Sơn,Đất,ban,https://alonhadat.com.vn/sieu-pham-huynh-van-nghe-44m2-full-noi-that-18750171.html,alonhadat,4,5880000000,44,2026-06-07,,18750171,,
"Bán toà CHDV Ngay Sân Bay MT Nguyễn Trọng Lội, TB(7x30m- Hầm, 5 Tầng) HĐT 120tr/th- 45 tỷ",45 tỷ,192 m²,"Đường Nguyễn Trọng Lội, Phường Tân Sơn Nhất, Hồ Chí Minh",Quận Tân Bình,Phường 4,Đất,ban,https://alonhadat.com.vn/ban-toa-chdv-ngay-san-bay-mt-nguyen-trong-loi-tb-7x30m-ham-5-tang-hdt-120tr-th-45-ty-17014276.html,alonhadat,15,45000000000,192,2026-06-07,,17014276,,
"BÁN GẤP NHÀ 2 MẶT TIỀN LĂNG CHA CẢ - 6 TẦNG THANG MÁY, 21.6 TỶ","21,6 tỷ",94 m²,"Đường Út Tịch, Phường Tân Sơn Nhất, Hồ Chí Minh",Quận Tân Bình,Phường 5,Đất,ban,https://alonhadat.com.vn/ban-gap-nha-2-mat-tien-lang-cha-ca-6-tang-thang-may-21-6-ty-18756332.html,alonhadat,5,21600000000,94,2026-06-07,,18756332,,
"BÁN NHÀ MT HỒNG LẠC, TÂN BÌNH DT 20x59m²-CN 1.055m², 2 MT-TN 200TR/TH- GIÁ 180 TỶ",180 tỷ,1100 m²,"Đường Hồng Hạc, Phường Bảy Hiền, Hồ Chí Minh",Quận Tân Bình,Phường 10,Đất,ban,https://alonhadat.com.vn/ban-nha-mt-hong-lac-tan-binh-dt-20x59m-cn-1-055m-2-mt-tn-200tr-th-gia-180-ty-18757867.html,alonhadat,10,180000000000,1100,2026-06-07,,18757867,,
(Khu K300) Bán nhà MTKD đường A4 - Ng Minh Hoàng 6X19(105m2) 4 tầng. Giá Tốt nhất k300,23 tỷ,105 m²,"Đường A4, Phường Bảy Hiền, Hồ Chí Minh",Quận Tân Bình,Phường 12,Đất,ban,https://alonhadat.com.vn/-khu-k300-ban-nha-mtkd-duong-a4-ng-minh-hoang-5-6x19-105m2-4-tang-gia-tot-nhat-k300-18449158.html,alonhadat,5,23000000000,105,2026-06-07,,18449158,,
SIÊU PHẨM MẶT TIỀN CỘNG HÒA - TÂN BÌNH CHỈ 112 TỶ 💎CÓ HĐ THÊU GẦN 400 TRIỆU/THÁNG,112 tỷ,386 m²,"Đường Cộng Hòa, Phường Tân Sơn Nhất, Hồ Chí Minh",Quận Tân Bình,Phường 4,Đất,ban,https://alonhadat.com.vn/sieu-pham-mat-tien-cong-hoa-tan-binh-chi-112-ty-co-hd-theu-gan-400-trieu-thang-18754184.html,alonhadat,50,112000000000,386,2026-06-07,,18754184,,
"Siêu Phẩm Quỹ Đất Vàng Mặt Tiền Thái Thị Nhạn, DT: 22x55m Ctxd Hầm 8 Tầng",129 tỷ,1200 m²,"Đường Thái Thị Nhạn, Phường Bảy Hiền, Hồ Chí Minh",Quận Tân Bình,Phường 10,Đất,ban,https://alonhadat.com.vn/sieu-pham-quy-dat-vang-mat-tien-thai-thi-nhan-dt-22x55m-ctxd-ham-8-tang-18731842.html,alonhadat,6,129000000000,1200,2026-06-07,,18731842,,
"Building MT Bàu Cát Đôi P14 Tân Bình - DT: 8mx16m = 136m2 - Hầm 7 lầu, HDT 250tr - 50 tỷ",50 tỷ,132 m²,"Đường Bàu Cát Đôi, Phường Tân Bình, Hồ Chí Minh",Quận Tân Bình,Phường 14,Đất,ban,https://alonhadat.com.vn/building-mt-bau-cat-doi-p14-tan-binh-dt-8mx16m-136m2-ham-7-lau-hdt-250tr-50-ty-14333280.html,alonhadat,20,50000000000,132,2026-06-07,,14333280,,
Bán nhà MT thương mại Âu Cơ P.13 Tân Bình - DT: 10x32m. CN: 288m2 - 2 tầng - giá 51 tỷ TL,51 tỷ,288 m²,"Đường Âu Cơ, Phường Tân Bình, Hồ Chí Minh",Quận Tân Bình,Phường 13,Đất,ban,https://alonhadat.com.vn/ban-nha-mt-thuong-mai-au-co-p-13-tan-binh-dt-10x32m-cn-288m2-2-tang-gia-51-ty-tl-14333489.html,alonhadat,2,51000000000,288,2026-06-07,,14333489,,
"Giảm Sâu 1 Tỷ, Bán Rẻ Mặt Tiền Kd Đỉnh Âu cơ Tân Bình,64m2,3 tầng mới đẹp Nhỉnh 9 tỷ","9,5 tỷ",64 m²,"Đường Âu Cơ, Phường Tân Hòa, Hồ Chí Minh",Quận Tân Bình,Phường 9,Đất,ban,https://alonhadat.com.vn/giam-sau-nua-ty-ban-re-mat-tien-kd-dinh-au-co-tan-binh-64m2-3-tang-moi-dep-nhinh-9-ty-18437114.html,alonhadat,4,9500000000,64,2026-06-07,,18437114,,
ĐƯỜNG ô tô 8m Tân Kỳ Tân Quý THÔNG 4m x 18m gần Đại Học Công Thương 2 phút giáp Tân Bình,"7,35 tỷ",72 m²,"Đường Tân Kỳ Tân Quý, Phường Tân Sơn Nhì, Hồ Chí Minh",Quận Tân Bình,Phường Tân Sơn Nhì,Đất,ban,https://alonhadat.com.vn/duong-o-to-8m-tan-ky-tan-quy-thong-4m-x-18m-gan-dai-hoc-cong-thuong-2-phut-giap-tan-binh-18758978.html,alonhadat,4,7350000000,72,2026-06-07,,18758978,,
"MTKD Tân Bình P15 , 5x16m , 6 tầng khu vip , chỉ 17.x tỷ","17,39 tỷ",77 m²,"Đường Hoàng Bật Đạt, Phường Tân Sơn, Hồ Chí Minh",Quận Tân Bình,Phường 15,Đất,ban,https://alonhadat.com.vn/mtkd-tan-binh-p15-5x16m-6-tang-khu-vip-chi-17-x-ty-18669510.html,alonhadat,7,17390000000,77,2026-06-07,,18669510,,
Hẻm 8m Phan Huy Ích Tân Bình - 5x21m - 3 tầng - 12.8 tỷ TL,"12,79 tỷ",105 m²,"Đường Phan Huy Ích, Phường Tân Sơn, Hồ Chí Minh",Quận Tân Bình,Phường Tân Sơn,Đất,ban,https://alonhadat.com.vn/hem-8m-phan-huy-ich-p15-tan-binh-5x21m-3-tang-12-8-ty-tl-18304510.html,alonhadat,4,12790000000,105,2026-06-07,,18304510,,
"mặt tiền CMT8 (Tân Bình), 4.5x17m, 5 tầng, giá 23.5 tỷ.","23,5 tỷ",79 m²,"Đường Cách Mạng Tháng Tám, Phường Tân Sơn Nhất, Hồ Chí Minh",Quận Tân Bình,Phường 5,Đất,ban,https://alonhadat.com.vn/mat-tien-cmt8-tan-binh-4-5x17m-5-tang-gia-26-ty--16241985.html,alonhadat,5,23500000000,79,2026-06-07,,16241985,,
"Góc 2 mặt tiền Trường Chinh - Bình Giã, 9x13m, HĐ 125 triệu, giá 45 tỷ",45 tỷ,71 m²,"Đường Trường Chinh, Phường Tân Bình, Hồ Chí Minh",Quận Tân Bình,Phường 13,Đất,ban,https://alonhadat.com.vn/goc-2-mat-tien-truong-chinh-binh-gia-9x13m-hd-125-trieu-gia-45-ty-17691468.html,alonhadat,2,45000000000,71,2026-06-07,,17691468,,
"Góc 2 mặt tiền Phổ Quang (Tân Bình), 5x21m, 5 tầng, HĐ 45 triệu, giá 34 tỷ",34 tỷ,94 m²,"Đường Phổ Quang, Phường Tân Sơn Hòa, Hồ Chí Minh",Quận Tân Bình,Phường 2,Đất,ban,https://alonhadat.com.vn/goc-2-mat-tien-pho-quang-tan-binh-5x21m-5-tang-hd-45-trieu-gia-34-ty-17761332.html,alonhadat,5,34000000000,94,2026-06-07,,17761332,,
CHDV 4 Sao -Mặt tiền Lê Tấn Quốc - 6 Tầng 130m2 - Thu nhập 90/th - giá nhỉnh 27.x tỷ,"27,5 tỷ",130 m²,"Đường Lê Tấn Quốc, Phường Tân Bình, Hồ Chí Minh",Quận Tân Bình,Phường 13,Đất,ban,https://alonhadat.com.vn/chdv-4-sao-mat-tien-le-tan-quoc-6-tang-130m2-thu-nhap-90-th-gia-nhinh-27-x-ty-16608494.html,alonhadat,13,27500000000,130,2026-06-07,,16608494,,
MẶT TIỀN NGAY CỔNG KCN TÂN BÌNH - GA METRO - 80M2 - 4.6X17 - 2 TẦNG - GIÁ 9.X TỶ,"9,5 tỷ",80 m²,"Đường Tống Văn Hên, Phường Tân Sơn, Hồ Chí Minh",Quận Tân Bình,Phường Tân Sơn,Đất,ban,https://alonhadat.com.vn/mat-tien-ngay-cong-kcn-tan-binh-ga-metro-80m2-4-3x17-2-tang-gia-nhinh-10-ty-18434924.html,alonhadat,2,9500000000,80,2026-06-07,,18434924,,
"Bán khách sạn Mặt Tiền Nguyễn Thái Bình, Q. Tân Bình - Ngang 7 x 27m, Hầm 6 lầu, chỉ 5x tỷ","59,999 tỷ",180 m²,"Đường Nguyễn Thái Bình, Phường Tân Hòa, Hồ Chí Minh",Quận Tân Bình,Phường Tân Hòa,Đất,ban,https://alonhadat.com.vn/ban-khach-san-mat-tien-nguyen-thai-binh-q-tan-binh-ngang-7-x-27m-ham-6-lau-chi-5x-ty-18757924.html,alonhadat,30,59999000000,180,2026-06-07,,18757924,,
"Hạ 90 Tỷ Bán Gấp Nhà mặt tiền đường CỘNG HOÀ, Tân Bình, 27x45m, HĐT 300 triệu, Chỉ 230 Tỷ",200 triệu / m²,1150 m²,"Đường Cộng Hòa, Phường Tân Bình, Hồ Chí Minh",Quận Tân Bình,Phường 13,Đất,ban,https://alonhadat.com.vn/ha-75-ty-ban-showroom-mat-tien-truc-thuong-mai-cong-hoa-tan-binh-27x43m-hdt-300-trieu-17724055.html,alonhadat,2,230000000000,1150,2026-06-07,,17724055,,
"Mặt Tiền View công viên Gia Định, Tận Bình, Ngang 6 x 8m, chỉ hơn 10 tỷ xíu","11,6 tỷ",50 m²,"Đường Đặng Văn Sâm, Phường Tân Sơn Nhất, Hồ Chí Minh",Quận Tân Bình,Phường Tân Sơn Nhất,Đất,ban,https://alonhadat.com.vn/mat-tien-view-cong-vien-gia-dinh-tan-binh-ngang-6-x-8m-chi-hon-10-ty-xiu-18755836.html,alonhadat,1,11600000000,50,2026-06-07,,18755836,,
"Bán khách sạn 23 Phòng Nguyễn Thái Bình, P12, Q. Tân Bình - doanh thu 150tr/th","17,5 tỷ",80 m²,"Đường Nguyễn Thái Bình, Phường Bảy Hiền, Hồ Chí Minh",Quận Tân Bình,Phường 12,Đất,ban,https://alonhadat.com.vn/ban-khach-san-23-phong-nguyen-thai-binh-p12-q-tan-binh-doanh-thu-150tr-th-13392874.html,alonhadat,23,17500000000,80,2026-06-07,,13392874,,
"Mặt Tiền Nguyễn Hồng Đào, Khu Bàu Cát, Tân Bình - 4 x 16m, 3 lầu - chỉ 18 tỷ",18 tỷ,72 m²,"Đường Nguyễn Hồng Đào, Phường Tân Bình, Hồ Chí Minh",Quận Tân Bình,Phường Tân Bình,Đất,ban,https://alonhadat.com.vn/mat-tien-nguyen-hong-dao-khu-bau-cat-tan-binh-4-x-16m-3-lau-chua-toi-20-ty-18478152.html,alonhadat,5,18000000000,72,2026-06-07,,18478152,,
"MT 128-130 Cộng Hoà P4 Tân Bình - 9,3x19m - HĐT 90 triệu- 70 Tỷ TL",70 tỷ,177 m²,"Đường Cộng Hòa, Phường Tân Bình, Hồ Chí Minh",Quận Tân Bình,Phường Tân Bình,Đất,ban,https://alonhadat.com.vn/mt-128-130-cong-hoa-p4-tan-binh-9-3x19m-hdt-90-trieu-70-ty-tl-18756770.html,alonhadat,1,70000000000,177,2026-06-07,,18756770,,
"𝐂𝐚𝐨 𝐨̂́𝐜 𝐯𝐚̆𝐧 𝐩𝐡𝐨̀𝐧𝐠 𝟏𝟎 𝐓𝐚̂̀𝐧𝐠 - Bạch Đằng- p2, Tân Bình- 160 Tỷ TL",160 tỷ,328 m²,"Đường Bạch Đằng, Phường Tân Sơn Hòa, Hồ Chí Minh",Quận Tân Bình,Phường 2,Đất,ban,https://alonhadat.com.vn/-bach-dang-p2-tan-binh-160-ty-tl-18756630.html,alonhadat,10,160000000000,328,2026-06-07,,18756630,,
Bán Gấp Toà Building Ngay Sân Bay Tân Sơn Nhất- Hầm 8 Tầng(12x30m)HĐT 350 triệu-Gía 95 tỷ,95 tỷ,360 m²,"Đường Yên Thế, Phường Tân Sơn Hòa, Hồ Chí Minh",Quận Tân Bình,Phường 2,Đất,ban,https://alonhadat.com.vn/ban-gap-toa-building-ngay-san-bay-tan-son-nhat-ham-8-tang-12x30m-hdt-350-trieu-gia-95-ty-17815763.html,alonhadat,45,95000000000,360,2026-06-07,,17815763,,
"Bán nhà mặt tiền đường Ca Văn Thỉnh P11 Tân Bình, giá chỉ 13 tỷ",13 tỷ,74 m²,"Đường Ca Văn Thỉnh, Phường Bảy Hiền, Hồ Chí Minh",Quận Tân Bình,Phường 11,Đất nền,ban,https://alonhadat.com.vn/ban-nha-mat-tien-duong-ca-van-thinh-p11-tan-binh-gia-chi-13-ty-18757218.html,alonhadat,2,13000000000,74,2026-06-07,,18757218,,
"BÁN ĐẤT VÀNG GÓC 2 MẶT TIỀN PHAN HUY ÍCH, TÂN BÌNH - 1.436M² THỔ CƯ, GẦN 189 TỶ",189 tỷ,1436 m²,"Đường Phan Huy Ích, Phường Tân Sơn, Hồ Chí Minh",Quận Tân Bình,Phường 15,Đất nền,ban,https://alonhadat.com.vn/ban-dat-vang-goc-2-mat-tien-phan-huy-ich-tan-binh-1-436m-tho-cu-gan-189-ty-18756215.html,alonhadat,1,189000000000,1436,2026-06-07,,18756215,,
"Hẻm nhựa 10m Gò Dầu ngay ngã 4 Tân Sơn Nhì 6x18m, vuông đẹp, nhà 4 tầng khu biệt thự","16,5 tỷ",108 m²,"Đường Gò Dầu, Phường Phú Thọ Hòa, Hồ Chí Minh",Quận Tân Phú,Phường Tân Quý,Biệt thự,ban,https://alonhadat.com.vn/hem-nhua-10m-go-dau-ngay-nga-4-tan-son-nhi-6x18m-vuong-dep-nha-4-tang-khu-biet-thu-18169042.html,alonhadat,6,16500000000,108,2026-06-07,,18169042,,
"Giãm 6 Tỷ, Bán Gấp 16x20m Mặt Tiền Kinh Doanh Đường Lê Lâm - Đoạn Đẹp Nhất Tân Phú",36 tỷ,320 m²,"Đường Lê Lâm, Phường Phú Thạnh, Hồ Chí Minh",Quận Tân Phú,Phường Phú Thạnh,Căn hộ chung cư,ban,https://alonhadat.com.vn/giam-6-ty-ban-gap-16x20m-mat-tien-kinh-doanh-duong-le-lam-doan-dep-nhat-tan-phu-18753891.html,alonhadat,3,36000000000,320,2026-06-07,,18753891,,
MẶT TIỀN 12M - GẦN CHUNG CƯ KHUÔNG VIỆT - ĐẦM SEN - 80M2 - NHÀ CẤP 4 - 4x20 - NHỈNH 9 TỶ,"9,6 tỷ",80 m²,"Đường Khuông Việt, Phường Tân Phú, Hồ Chí Minh",Quận Tân Phú,Phường Tân Phú,Căn hộ chung cư,ban,https://alonhadat.com.vn/mat-tien-12m-ngay-chung-cu-khuong-viet-dam-sen-80m2-nha-cap-4-4x20-nhinh-9-ty-18745527.html,alonhadat,2,9600000000,80,2026-06-07,,18745527,,
MTKD TÂN PHÚ 136M2 NGANG 15M CHO THUÊ 40TR NHỈNH 8 TỶ,"8,3 tỷ",136 m²,"Đường Âu Cơ, Phường Tân Phú, Hồ Chí Minh",Quận Tân Phú,Phường Phú Trung,Căn hộ chung cư,ban,https://alonhadat.com.vn/mtkd-tan-phu-ngang-15m-cho-thue-40tr-nhinh-8-ty-14335013.html,alonhadat,8,8300000000.000001,136,2026-06-07,,14335013,,
"Bán nhà Hẻm Cách Mạng, Tân Phú, DT 4.3x23m, 2 tầng, 8Phòng trọ, 6.6 tỷ","6,6 tỷ",98 m²,"Đường Cách Mạng, Phường Tân Sơn Nhì, Hồ Chí Minh",Quận Tân Phú,Phường Tân Thành,Nhà trọ,ban,https://alonhadat.com.vn/ban-nha-hem-cach-mang-tan-phu-dt-4-3x23m-2-tang-8phong-tro-6-6-ty-18756253.html,alonhadat,8,6600000000,98,2026-06-07,,18756253,,
❌Bán nhà ngay Aeon Tân Phú hẻm 2 xe hơi tránh nhau cực đẹp,"4,05 tỷ",32 m²,"Đường Số 5, Phường Bình Hưng Hòa, Hồ Chí Minh",Quận Tân Phú,Phường Bình Hưng Hòa,Nhà ở,ban,https://alonhadat.com.vn/-ban-nha-ngay-aeon-tan-phu-hem-2-xe-hoi-tranh-nhau-cuc-dep-18756412.html,alonhadat,3,4050000000,32,2026-06-07,,18756412,,
"Mặt tiền Tân Sơn Nhì 5x18m, trệt lửng đang có sẵn HĐ thuê. Vị trí đẹp, sầm uất, cạnh bank","18,5 tỷ",90 m²,"Đường Tân Sơn Nhì, Phường Tân Sơn Nhì, Hồ Chí Minh",Quận Tân Phú,Phường Tân Sơn Nhì,Nhà ở,ban,https://alonhadat.com.vn/mat-tien-tan-son-nhi-5x18m-tret-lung-dang-co-san-hd-thue-vi-tri-dep-sam-uat-canh-bank-18169084.html,alonhadat,2,18500000000,90,2026-06-07,,18169084,,
THOẠI NGỌC HẦU 4M X 20M VUÔNG VỨC - ĐƯỜNG NHỰA 9M Ô TÔ NGỦ TRONG NHÀ KHU XD 5 TẦNG 8.X TỶ,8 tỷ,80 m²,"Đường Thoại Ngọc Hầu, Phường Tân Phú, Hồ Chí Minh",Quận Tân Phú,Phường Phú Trung,Nhà ở,ban,https://alonhadat.com.vn/thoai-ngoc-hau-4m-x-20m-vuong-vuc-duong-nhua-9m-o-to-ngu-trong-nha-khu-xd-5-tang-8-x-ty-18755821.html,alonhadat,3,8000000000,80,2026-06-07,,18755821,,
MT 3 TẦNG NGAY LŨY BÁN BÍCH 63M2 NGANG 4M2 SỔ HỒNG Â4,"9,298 tỷ",63 m²,"Đường Yên Đổ, Phường Phú Thọ Hòa, Hồ Chí Minh",Quận Tân Phú,Phường Phú Thọ Hòa,Nhà ở,ban,https://alonhadat.com.vn/mt-3-tang-ngay-luy-ban-bich-63m2-ngang-4m2-so-hong-a4-18734768.html,alonhadat,3,9298000000,63,2026-06-07,,18734768,,
"BÁN NHÀ MT TÂN HƯƠNG, TÂN PHÚ -1 H. 8 TẦNG-DT 8X24m² -1.200m² SÀN, TN 200 TR/TH-GÍA 50 TỶ",50 tỷ,180 m²,"Đường Tân Hương, Phường Phú Thọ Hòa, Hồ Chí Minh",Quận Tân Phú,Phường Tân Quý,Nhà ở,ban,https://alonhadat.com.vn/ban-nha-mt-tan-huong-tan-phu-1-h-8-tang-dt-8x24m-1-200m-san-tn-200-tr-th-gia-50-ty-18757726.html,alonhadat,30,50000000000,180,2026-06-07,,18757726,,
"Bán khách sạn mặt tiền đường Bờ Bao Tân Thắng gần AeOnMall, 7 tầng thang máy nhỉnh 20 tỷ","23,9 tỷ",90 m²,"Đường Bờ Bao Tân Thắng, Phường Tây Thạnh, Hồ Chí Minh",Quận Tân Phú,Phường Tây Thạnh,Nhà ở,ban,https://alonhadat.com.vn/ban-khach-san-mat-tien-duong-bo-bao-tan-thang-gan-aeonmall-7-tang-thang-may-nhinh-20-ty-18747988.html,alonhadat,20,23900000000,90,2026-06-07,,18747988,,
"Cần bán gấp MT Võ Văn Tần , ngang 13m cực hiếm, đơn giá rẻ nhất thị trường",275 tỷ,464 m²,"Đường Võ Văn Tần, Phường Xuân Hòa, Hồ Chí Minh",Quận Tân Phú,Phường Xuân Hòa,Nhà ở,ban,https://alonhadat.com.vn/can-ban-gap-mt-vo-van-tan-ngang-13m-cuc-hiem-don-gia-re-nhat-thi-truong-18374072.html,alonhadat,1,275000000000,464,2026-06-07,,18374072,,
(130.99) TÂN PHÚ – HXH Phú Thọ Hoà – 55.5m² – nở hậu - 2 Lầu – 2 PN – 7.2 tỷ – hẻm thông,"7,2 tỷ",55 m²,"Đường Gò Dầu, Phường Phú Thọ Hòa, Hồ Chí Minh",Quận Tân Phú,Phường Phú Thọ Hòa,Nhà ở,ban,https://alonhadat.com.vn/-154-99-tan-phu-hxh-phu-tho-hoa-55-5m-no-hau-2-lau-2-pn-7-5-ty-hem-thong-18421396.html,alonhadat,2,7200000000,55,2026-06-07,,18421396,,
(152.97) TÂN PHÚ – Thoại Ngọc Hầu – MT - vuông vức - 70m² – 2 Tầng – 2 PN –6.8 tỷ,"6,8 tỷ",70 m²,"Đường Thoại Ngọc Hầu, Phường Phú Thọ Hòa, Hồ Chí Minh",Quận Tân Phú,Phường Phú Thọ Hòa,Nhà ở,ban,https://alonhadat.com.vn/-152-97-tan-phu-thoai-ngoc-hau-mt-vuong-vuc-70m-2-tang-2-pn-7-2-ty-18421593.html,alonhadat,2,6800000000,70,2026-06-07,,18421593,,
MẶT TIỀN KINH DOANH – KHU VIP TÂY THẠNH,"13,2 tỷ",100 m²,"Đường Nguyễn Hữu Tiến, Phường Tây Thạnh, Hồ Chí Minh",Quận Tân Phú,Phường Tây Thạnh,Nhà ở,ban,https://alonhadat.com.vn/mat-tien-kinh-doanh-khu-vip-tay-thanh-17778063.html,alonhadat,4,13200000000,100,2026-06-07,,17778063,,
"Tòa nhà mặt tiền Tân Sơn Nhì 9.2x22m, CTXD hầm 7 tầng HĐ thuê 220tr/th. Khu đắc địa, sung","35,6 tỷ",200 m²,"Đường Tân Sơn Nhì, Phường Tân Sơn Nhì, Hồ Chí Minh",Quận Tân Phú,Phường Tân Sơn Nhì,Nhà ở,ban,https://alonhadat.com.vn/toa-nha-mat-tien-tan-son-nhi-9-2x22m-ctxd-ham-7-tang-hd-thue-220tr-th-khu-dac-dia-sung-17294689.html,alonhadat,4,35600000000,200,2026-06-07,,17294689,,
"Gò Dầu: Hẻm nhựa 8m có lề rộng, đối diện công viên nội bộ. DT: 4.5x17m, vuông, nhà 4 tầng","10,9 tỷ",77 m²,"Đường Gò Dầu, Phường Tân Sơn Nhì, Hồ Chí Minh",Quận Tân Phú,Phường Tân Sơn Nhì,Nhà ở,ban,https://alonhadat.com.vn/go-dau-hem-nhua-8m-co-le-rong-doi-dien-cong-vien-noi-bo-dt-4-5x17m-vuong-nha-4-tang-17417916.html,alonhadat,6,10900000000,77,2026-06-07,,17417916,,
HẺM 8M THÔNG -TÂN HƯƠNG - TÂN QUÝ TÂN PHÚ -DT: 4*14M – 4 TẦNG - 9 TỶ 9,"9,9 tỷ",54 m²,"Đường Tân Hương, Phường Phú Thọ Hòa, Hồ Chí Minh",Quận Tân Phú,Phường Phú Thọ Hòa,Nhà ở,ban,https://alonhadat.com.vn/hem-8m-thong-tan-huong-tan-quy-tan-phu-dt-4-14m-4-tang-9-ty-9-18747967.html,alonhadat,4,9900000000,54,2026-06-07,,18747967,,
Chính Chủ Gửi Bán Nhà Đường Hương Lộ 3 - Ngay Aeon Tân Phú-4 Tầng Đường 6m Thông- 4x16- Gi,"6,2 tỷ",65 m²,"Đường Hương Lộ 3, Phường Bình Hưng Hòa, Hồ Chí Minh",Quận Tân Phú,Phường Bình Hưng Hòa,Nhà ở,ban,https://alonhadat.com.vn/chinh-chu-gui-ban-nha-duong-huong-lo-3-ngay-aeon-tan-phu-4-tang-duong-6m-thong-4x16-gi-18758274.html,alonhadat,4,6200000000,65,2026-06-07,,18758274,,
"Bán Nhà Mặt Tiền Kinh Doanh Phú Thọ Hòa, Quận Tân Phú – Ngang 6m Hiếm, Diện Tích 150m²","23,5 tỷ",150 m²,"Đường Phú Thọ Hòa, Phường Phú Thọ Hòa, Hồ Chí Minh",Quận Tân Phú,Phường Phú Thọ Hòa,Nhà ở,ban,https://alonhadat.com.vn/ban-nha-mat-tien-kinh-doanh-phu-tho-hoa-quan-tan-phu-ngang-6m-hiem-dien-tich-150m--18758114.html,alonhadat,6,23500000000,150,2026-06-07,,18758114,,
"Nhà 2 tầng liền kề Phú Mỹ Hưng; 104m2 ngang 4,6m; hẻm 1 sẹc; cạnh chợ Phú Thuận","5,5 tỷ",104 m²,"Đường Huỳnh Tấn Phát, Phường Tân Mỹ, Hồ Chí Minh",Quận Tân Phú,Phường Tân Phú,Nhà ở,ban,https://alonhadat.com.vn/nha-2-tang-lien-ke-phu-my-hung-104m2-ngang-4-6m-hem-1-sec-canh-cho-phu-thuan-18758950.html,alonhadat,4,5500000000,104,2026-06-07,,18758950,,
"Bán nhà 1 tầng gần Aeon Tân Phú 100m, 45m2, ngang 5m, 2PN, chỉ 4.x tỷ","4,5 tỷ",45 m²,"Đường Bình Long, Phường Tân Sơn Nhì, Hồ Chí Minh",Quận Tân Phú,Phường Tân Sơn Nhì,Nhà ở,ban,https://alonhadat.com.vn/ban-nha-1-tang-gan-aeon-tan-phu-100m-45m2-ngang-5m-2pn-chi-4-x-ty-18759043.html,alonhadat,2,4500000000,45,2026-06-07,,18759043,,
Bán nhà MT Hoàng Xuân Nhị Tân Phú 6x27m nở hậu 8m cấp 4 giá 17.5 tỷ TL (cách Âu Cơ 100m),"17,5 tỷ",188 m²,"Đường Hoàng Xuân Nhị, Phường Tân Phú, Hồ Chí Minh",Quận Tân Phú,Phường Tân Phú,Nhà ở,ban,https://alonhadat.com.vn/ban-nha-mt-hoang-xuan-nhi-tan-phu-6x27m-no-hau-8m-cap-4-gia-19-ty-tl-cach-au-co-100m--17577873.html,alonhadat,1,17500000000,188,2026-06-07,,17577873,,
"Bán Nhà Mặt Tiền Kinh Doanh Gần Tân Sơn Nhì – Gò Dầu, Quận Tân Phú",20 tỷ,80 m²,"Đường Gò Dầu, Phường Tân Sơn Nhì, Hồ Chí Minh",Quận Tân Phú,Phường Tân Sơn Nhì,Nhà ở,ban,https://alonhadat.com.vn/ban-nha-mat-tien-kinh-doanh-gan-tan-son-nhi-go-dau-quan-tan-phu-18757984.html,alonhadat,5,20000000000,80,2026-06-07,,18757984,,
HẺM TO NHƯ MẶT TIỀN-RÔNG ĐẸP GIÁ TÔT-BÁN NHÀ 5X23-4 TẦNG-HẺM TO RỘNG-KHUÔNG VIỆT TÂN PHÚ-,"12,7 tỷ",115 m²,"Đường Khuông Việt, Phường Tân Phú, Hồ Chí Minh",Quận Tân Phú,Phường Phú Trung,Nhà ở,ban,https://alonhadat.com.vn/hem-to-nhu-mat-tien-rong-dep-gia-tot-ban-nha-5x23-4-tang-hem-to-rong-khuong-viet-tan-phu--17392233.html,alonhadat,5,12700000000,115,2026-06-07,,17392233,,
MẶT TIỀN LŨY BÁN BÍCH - 433M2 - NGANG GẦN 7M - NỞ HẬU GẦN 10M - DÀI 57M2 - GIÁ 49.X TỶ,"49,9 tỷ",433 m²,"Đường Lũy Bán Bích, Phường Phú Thạnh, Hồ Chí Minh",Quận Tân Phú,Phường Tân Thới Hòa,Nhà ở,ban,https://alonhadat.com.vn/mat-tien-luy-ban-bich-433m2-ngang-gan-7m-no-hau-gan-10m-dai-57m2-gia-49-x-ty-16999439.html,alonhadat,1,49900000000,433,2026-06-07,,16999439,,
MẶT TIỀN 25M KÊNH TÂN HOÁ - NGANG HƠN 8M - GẦN DU LỊCH ĐẦM SEN - GIÁ 23.X TỶ,"23,9 tỷ",133 m²,"Đường Kênh Tân Hóa, Phường Tân Phú, Hồ Chí Minh",Quận Tân Phú,Phường Phú Trung,Nhà ở,ban,https://alonhadat.com.vn/mat-tien-25m-kenh-tan-hoa-ngang-hon-8m-gan-du-lich-dam-sen-gia-23-x-ty-16640415.html,alonhadat,2,23900000000,133,2026-06-07,,16640415,,
MẶT TIỀN KHUÔNG VIỆT - NGANG KHỦNG 7X24 - THÍCH HỢP XÂY TÒA NHÀ VP - CHDV -19.X TỶ,"19,9 tỷ",152 m²,"Đường Khuông Việt, Phường Tân Phú, Hồ Chí Minh",Quận Tân Phú,Phường Phú Trung,Nhà ở,ban,https://alonhadat.com.vn/mat-tien-khuong-viet-ngang-khung-7x24-thich-hop-xay-toa-nha-vp-chdv-19-x-ty-16654840.html,alonhadat,3,19900000000,152,2026-06-07,,16654840,,
MẶT TIỀN GÒ DẦU - 101M2 - 4X26.5 PHÙ HỢP XÂY CHDV CHO THUÊ - GIÁ CHỈ 14 TỶ XXX,"14,9 tỷ",101 m²,"Đường Gò Dầu, Phường Phú Thọ Hòa, Hồ Chí Minh",Quận Tân Phú,Phường Tân Quý,Nhà ở,ban,https://alonhadat.com.vn/mat-tien-go-dau-101m2-4x26-5-phu-hop-xay-chdv-cho-thue-gia-chi-14-ty-xxx-16593600.html,alonhadat,2,14900000000,101,2026-06-07,,16593600,,
Bán nhà mặt tiền NGUYỄN SÚY 73m2 - khu hiếm nhà bán - giá chỉ 13 tỷ xxx,"13,2 tỷ",73 m²,"Đường Nguyễn Súy, Phường Phú Thọ Hòa, Hồ Chí Minh",Quận Tân Phú,Phường Tân Quý,Nhà ở,ban,https://alonhadat.com.vn/ban-nha-mat-tien-nguyen-suy-73m2-khu-hiem-nha-ban-gia-chi-13-ty-xxx-16593898.html,alonhadat,2,13200000000,73,2026-06-07,,16593898,,
"MẶT TIỀN NGUYỄN CỬU ĐÀM -VIP NHẤT TÂN PHÚ - NGANG 4,5 - 76M2 - NHỈNH - 13 TỶ","13,3 tỷ",76 m²,"Đường Nguyễn Cửu Đàm, Phường Tân Sơn Nhì, Hồ Chí Minh",Quận Tân Phú,Phường Tân Sơn Nhì,Nhà ở,ban,https://alonhadat.com.vn/mat-tien-nguyen-cuu-dam-vip-nhat-tan-phu-ngang-4-5-76m2-nhinh-13-ty-16595107.html,alonhadat,3,13300000000,76,2026-06-07,,16595107,,
giảm gấp 5 tỷ Bán nhà 10 Phạm Vấn Quận Tân Phú 5x27m nhà 1 lầu giá bán 19 tỷ thương lượng,19 tỷ,137 m²,"Đường Phạm Vấn, Phường Phú Thọ Hòa, Hồ Chí Minh",Quận Tân Phú,Phường Phú Thọ Hòa,Nhà ở,ban,https://alonhadat.com.vn/giam-gap-5-ty-ban-nha-10-pham-van-quan-tan-phu-5x27m-nha-1-lau-gia-ban-19-ty-thuong-luong-18707241.html,alonhadat,2,19000000000,137,2026-06-07,,18707241,,
TOÀ NHÀ CHDV 256M2 4 TẦNG DTHU 150TR - NGAY ĐH CÔNG THƯƠNG TÂN PHÚ CHỈ 2x TỶ,"29,5 tỷ",256 m²,"Đường Lê Trọng Tấn, Phường Tây Thạnh, Hồ Chí Minh",Quận Tân Phú,Phường Tây Thạnh,Nhà ở,ban,https://alonhadat.com.vn/toa-nha-chdv-256m2-4-tang-dthu-150tr-ngay-dh-cong-thuong-tan-phu-chi-2x-ty-18260048.html,alonhadat,36,29500000000,256,2026-06-07,,18260048,,
"T2. Mặt tiền Quách Hữu Nghiêm - 88m2 - 2 tầng giá chỉ 10,3 tỷ thương lượng","10,3 tỷ",88 m²,"Đường Quách Hữu Nghiêm, Phường Phú Thạnh, Hồ Chí Minh",Quận Tân Phú,Phường Phú Thạnh,Nhà ở,ban,https://alonhadat.com.vn/t2-mat-tien-quach-huu-nghiem-88m2-2-tang-gia-chi-10-3-ty-thuong-luong-18758316.html,alonhadat,4,10300000000,88,2026-06-07,,18758316,,
TÂN PHÚ; NHÀ ĐẸP HẺM XE HƠI - NHÀ THỜ TÂN HƯƠNG - 70M2(4x17.5m) - KHU DÂN TRÍ - HƠN 6 TỶ,"6,7 tỷ",70 m²,"Đường Đô Đốc Long, Phường Phú Thọ Hòa, Hồ Chí Minh",Quận Tân Phú,Phường Tân Quý,Nhà ở,ban,https://alonhadat.com.vn/tan-phu-nha-dep-hem-xe-hoi-nha-tho-tan-huong-70m2-4x17-5m-khu-dan-tri-hon-6-ty-18434909.html,alonhadat,3,6700000000,70,2026-06-07,,18434909,,
Mặt Tiền Lê Thúc Hoạch ( 4 * 13 ) 4 Lầu 12.5 Tỷ,"12,5 tỷ",51 m²,"Đường Lê Thúc Hoạch, Phường Phú Thọ Hòa, Hồ Chí Minh",Quận Tân Phú,Phường Phú Thọ Hòa,Nhà ở,ban,https://alonhadat.com.vn/mat-tien-le-thuc-hoach-4-13-4-lau-12-5-ty-18757415.html,alonhadat,4,12500000000,51,2026-06-07,,18757415,,
Mặt Tiền Nội Bộ Tô Hiệu ( 4 * 12 ) 4 Lầu 7.5 Tỷ,"7,5 tỷ",48 m²,"Đường Tô Hiệu, Phường Phú Thạnh, Hồ Chí Minh",Quận Tân Phú,Phường Hiệp Tân,Nhà ở,ban,https://alonhadat.com.vn/mat-tien-noi-bo-to-hieu-4-12-4-lau-7-5-ty-18757440.html,alonhadat,6,7500000000,48,2026-06-07,,18757440,,
O5. Nhà 3 Tầng Kiên Cố - 81m2 Đường 6m Thông - Giáp Aeoll Tân Phú - 7.2 Tỷ TL,"7,2 tỷ",81 m²,"Đường Số 11, Phường Bình Hưng Hòa, Hồ Chí Minh",Quận Tân Phú,Phường Bình Hưng Hòa,Nhà ở,ban,https://alonhadat.com.vn/o5-nha-3-tang-kien-co-81m2-duong-6m-thong-giap-aeoll-tan-phu-7-2-ty-tl-18758243.html,alonhadat,4,7200000000,81,2026-06-07,,18758243,,
Bán nhà MTKD Nguyễn Hữu Tiến Tân Phú 4x19m đúc lửng 3 lầu (cách Tây Thạnh 300m),"13,8 tỷ",76 m²,"Đường Nguyễn Hữu Tiến, Phường Tây Thạnh, Hồ Chí Minh",Quận Tân Phú,Phường Tây Thạnh,Nhà ở,ban,https://alonhadat.com.vn/ban-nha-mtkd-nguyen-huu-tien-tan-phu-4x19m-duc-lung-3-lau-cach-tay-thanh-300m--16651825.html,alonhadat,7,13800000000,76,2026-06-07,,16651825,,
"🚇 **NHÀ SÁT VÁCH METRO SUỐI TIÊN – 121m² – XE HƠI NGỦ TRONG NHÀ – CHỈ 4,5 TỶ**","4,5 tỷ",121 m²,"Đường số 138, Phường Tăng Nhơn Phú, Hồ Chí Minh",Quận Tân Phú,Phường Tân Phú,Nhà ở,ban,https://alonhadat.com.vn/-nha-sat-vach-metro-suoi-tien-121m-xe-hoi-ngu-trong-nha-chi-4-5-ty--18252855.html,alonhadat,2,4500000000,121,2026-06-07,,18252855,,
NHÀ BÁN NGAY KÊNH THAM LƯƠNG-SÁT AEON TÂN PHÚ-ĐƯỜNG 6M THÔNG TỨ TUNG-4M x 8M-HƠN 3 TỶ,"4,04 tỷ",33 m²,"Đường 26 tháng 3, Phường Bình Hưng Hòa, Hồ Chí Minh",Quận Tân Phú,Phường Bình Hưng Hòa,Nhà ở,ban,https://alonhadat.com.vn/nha-ban-ngay-kenh-tham-luong-sat-aeon-tan-phu-duong-6m-thong-tu-tung-4m-x-8m-hon-3-ty-18757230.html,alonhadat,2,4040000000,33,2026-06-07,,18757230,,
"Toà nhà Mặt Tiền Luỹ Bán Bích, Ngang 12 x 24m, Hầm 7 lầu, HĐ thuê 3.1 tỷ/năm - chỉ 9x tỷ",95 tỷ,300 m²,"Đường Lũy Bán Bích, Phường Phú Thọ Hòa, Hồ Chí Minh",Quận Tân Phú,Phường Phú Thọ Hòa,Nhà ở,ban,https://alonhadat.com.vn/toa-nha-mat-tien-luy-ban-bich-ngang-12-x-24m-ham-7-lau-hd-thue-3-1-ty-nam-chi-9x-ty-18746456.html,alonhadat,10,95000000000,300,2026-06-07,,18746456,,
"Bán nhà Hẻm xe hơi Phú Thọ Hoà, Tân Phú, Dt 5.3x11m, 2 tầng, Mới, Giá 5.7 tỷ","5,7 tỷ",57 m²,"Đường Phú Thọ Hòa, Phường Phú Thọ Hòa, Hồ Chí Minh",Quận Tân Phú,Phường Phú Thọ Hòa,Nhà ở,ban,https://alonhadat.com.vn/ban-nha-hem-xe-hoi-phu-tho-hoa-tan-phu-dt-5-3x11m-2-tang-moi-gia-5-7-ty-18755943.html,alonhadat,2,5700000000,57,2026-06-07,,18755943,,
"Bán nhà Hẻm Lương Thế Vinh, Tân Phú, DT 5x11m, 2Phòng ngủ, Gía 4.2 tỷ","4,2 tỷ",53 m²,"Đường Lương Thế Vinh, Phường Phú Thạnh, Hồ Chí Minh",Quận Tân Phú,Phường Phú Thạnh,Nhà ở,ban,https://alonhadat.com.vn/ban-nha-hem-luong-the-vinh-tan-phu-dt-5x11m-2phong-ngu-gia-4-2-ty-18756209.html,alonhadat,2,4200000000,53,2026-06-07,,18756209,,
"Bán nhà Mặt tiền Đỗ Bí, Tân Phú, DT 4.6x10m, 2 tầng, Giá 5.9 tỷ","5,9 tỷ",44 m²,"Đường Đỗ Bí, Phường Phú Thạnh, Hồ Chí Minh",Quận Tân Phú,Phường Phú Thạnh,Nhà ở,ban,https://alonhadat.com.vn/ban-nha-mat-tien-do-bi-tan-phu-dt-4-6x10m-2-tang-gia-5-9-ty-18756289.html,alonhadat,2,5900000000,44,2026-06-07,,18756289,,
"Bán nhà Hẻm xe hơi Sơn Kỳ, Tân Phú, DT 3.2x14m, 4 tầng, 6PN, Giá 5.2 tỷ","5,2 tỷ",35 m²,"Đường Sơn Kỳ, Phường Tây Thạnh, Hồ Chí Minh",Quận Tân Phú,Phường Sơn Kỳ,Nhà ở,ban,https://alonhadat.com.vn/ban-nha-hem-xe-hoi-son-ky-tan-phu-dt-3-2x14m-4-tang-6pn-gia-5-2-ty-18756135.html,alonhadat,6,5200000000,35,2026-06-07,,18756135,,
"Bán nhà Hẻm xe hơi Nguyễn Văn Yến, Tân Phú, DT 4x15.5m, 2 tầng. Giá 5.99 tỷ","5,99 tỷ",62 m²,"Đường Nguyễn Văn Yến, Phường Phú Thạnh, Hồ Chí Minh",Quận Tân Phú,Phường Tân Thới Hòa,Nhà ở,ban,https://alonhadat.com.vn/ban-nha-hem-xe-hoi-nguyen-van-yen-tan-phu-dt-4x15-5m-2-tang-gia-5-99-ty-18757161.html,alonhadat,2,5990000000,62,2026-06-07,,18757161,,
"Bán nhà Mặt tiền Lê Cảnh Tuân, Tân Phú, DT 51m2, 2 tầng, 3 Phòng ngủ, Giá 5.2 tỷ","5,1 tỷ",51 m²,"Đường Lê Cảnh Tuân, Phường Phú Thọ Hòa, Hồ Chí Minh",Quận Tân Phú,Phường Phú Thọ Hòa,Nhà ở,ban,https://alonhadat.com.vn/ban-nha-mat-tien-le-canh-tuan-tan-phu-dt-51m2-2-tang-3-phong-ngu-gia-5-2-ty-18756595.html,alonhadat,3,5100000000,51,2026-06-07,,18756595,,
"Bán nhà Hẻm xe hơi Hoàng Xuân Hoành, Tân Phú, DT 3.2x14m, 3 tầng, Giá 3.99 tỷ","3,99 tỷ",41 m²,"Đường Hoàng Xuân Hoành, Phường Phú Thạnh, Hồ Chí Minh",Quận Tân Phú,Phường Hiệp Tân,Nhà ở,ban,https://alonhadat.com.vn/ban-nha-hem-xe-hoi-hoang-xuan-hoanh-tan-phu-dt-3-2x14m-3-tang-gia-3-99-ty-18756334.html,alonhadat,3,3990000000,41,2026-06-07,,18756334,,
"Bán nhà Hẻm Đô Đốc Long, Tân Phú, DT 4x10m, 3 tầng, Giá 4.2 tỷ","4,2 tỷ",38 m²,"Đường Đô Đốc Long, Phường Phú Thọ Hòa, Hồ Chí Minh",Quận Tân Phú,Phường Tân Quý,Nhà ở,ban,https://alonhadat.com.vn/ban-nha-hem-do-doc-long-tan-phu-dt-4x10m-3-tang-gia-5-2-ty-18756378.html,alonhadat,3,4200000000,38,2026-06-07,,18756378,,
"Bán nhà Hẻm xe hơi Đỗ Công Tường, Tân Phú, DT 11x5.2m, 2 tầng, Giá 4.7 tỷ","4,7 tỷ",45 m²,"Đường Đỗ Công Tường, Phường Phú Thọ Hòa, Hồ Chí Minh",Quận Tân Phú,Phường Tân Quý,Nhà ở,ban,https://alonhadat.com.vn/ban-nha-hem-xe-hoi-do-cong-tuong-tan-phu-dt-11x5-2m-2-tang-gia-4-7-ty-18756488.html,alonhadat,2,4700000000,45,2026-06-07,,18756488,,
"Bán nhà Mặt tiền Lê Khôi, P.Phú Thạnh, Tân Phú, DT 4.1x6.2m, 3 tầng, Gía 4.2 tỷ","4,2 tỷ",25 m²,"Đường Lê Khôi, Phường Phú Thạnh, Hồ Chí Minh",Quận Tân Phú,Phường Phú Thạnh,Nhà ở,ban,https://alonhadat.com.vn/ban-nha-mat-tien-le-khoi-p-phu-thanh-tan-phu-dt-4-1x6-2m-3-tang-gia-4-2-ty-18757068.html,alonhadat,2,4200000000,25,2026-06-07,,18757068,,
"Bán nhà Hẻm xe hơi Tô Hiệu, Tân Phú, DT 4x13.3m, cấp 4, Giá 4.8 tỷ","4,8 tỷ",52 m²,"Đường Tô Hiệu, Phường Phú Thạnh, Hồ Chí Minh",Quận Tân Phú,Phường Tân Thới Hòa,Nhà ở,ban,https://alonhadat.com.vn/ban-nha-hem-xe-hoi-to-hieu-tan-phu-dt-4x13-3m-cap-4-gia-4-8-ty-18757147.html,alonhadat,1,4800000000,52,2026-06-07,,18757147,,
"Bán nhanh nhà xưởng mặt tiền đường NB Tô Hiệu, Tân Phú, 20x52m (CN đủ), Giá 90 TỶ TL",90 tỷ,950 m²,"Đường Tô Hiệu, Phường Phú Thạnh, Hồ Chí Minh",Quận Tân Phú,Phường Hiệp Tân,Nhà ở,ban,https://alonhadat.com.vn/ban-nhanh-nha-xuong-mat-tien-duong-nb-to-hieu-tan-phu-20x52m-cn-du-gia-85-ty-tl-18151383.html,alonhadat,1,90000000000,950,2026-06-07,,18151383,,
Siêu Mặt Tiền Đẹp Tân Hương Quận Tân Phú. 8m x 19m. 3 Tầng HĐT 120tr/th. Giá 40 tỷ,40 tỷ,150 m²,"Đường Tân Hương, Phường Phú Thọ Hòa, Hồ Chí Minh",Quận Tân Phú,Phường Tân Quý,Nhà ở,ban,https://alonhadat.com.vn/sieu-mat-tien-dep-tan-huong-quan-tan-phu-8m-x-19m-3-tang-hdt-120tr-th-gia-40-ty-17813563.html,alonhadat,3,40000000000,150,2026-06-07,,17813563,,
"NHÀ TÂN PHÚ KHUÔNG VIỆT,NGAY ĐẦM SEN,ĐƯỜNG NHỰA KINH DOANH,82M2(4.5×20)4 TẦNG,KO LỘ GIỚI",11 tỷ,82 m²,"Đường Khuông Việt, Phường Tân Phú, Hồ Chí Minh",Quận Tân Phú,Phường Phú Trung,Nhà ở,ban,https://alonhadat.com.vn/nha-tan-phu-khuong-viet-ngay-dam-sen-duong-nhua-kinh-doanh-82m2-4-5-20-4-tang-ko-lo-gioi-17780127.html,alonhadat,6,11000000000,82,2026-06-07,,17780127,,
Bán nhà hẻm 8m Phạm Quý Thích Tân Phú 12x22m đúc 1 lầu giá 29 tỷ TL (gần Tân Hương),29 tỷ,264 m²,"Đường Phạm Quý Thích, Phường Phú Thọ Hòa, Hồ Chí Minh",Quận Tân Phú,Phường Phú Thọ Hòa,Nhà ở,ban,https://alonhadat.com.vn/ban-nha-hem-8m-pham-quy-thich-tan-phu-12x22m-duc-1-lau-gia-23-ty-tl-gan-tan-huong--14661935.html,alonhadat,3,29000000000,264,2026-06-07,,14661935,,
"Bán nhà 46ter Võ Văn Tần, P. Xuân Hòa, Tp HCM- 150 tỷ TL",150 tỷ,270 m²,"Đường Võ Văn Tần, Phường Xuân Hòa, Hồ Chí Minh",Quận Tân Phú,Phường Xuân Hòa,Nhà ở,ban,https://alonhadat.com.vn/ban-nha-46ter-vo-van-tan-p-xuan-hoa-tp-hcm-150-ty-tl-18756728.html,alonhadat,1,150000000000,270,2026-06-07,,18756728,,
"NHỈN 7 TỶ HẺM NHỰA 8M XE HƠI, HÒA BÌNH DT: 4X17M2 68M2 3 TẦNG 4PN 4WC",7 tỷ,68 m²,"Đường Hòa Bình, Phường Phú Thạnh, Hồ Chí Minh",Quận Tân Phú,Phường Hiệp Tân,Đất,ban,https://alonhadat.com.vn/nhin-7-ty-hem-nhua-8m-xe-hoi-hoa-binh-dt-4x17m2-68m2-3-tang-4pn-4wc-18759064.html,alonhadat,4,7000000000,68,2026-06-07,,18759064,,
Đường Ô Tô 8m - Tân Hương - Tân Phú gần Chợ Tân Hương 2 phút chỉ 100 triệu/m2 sổ hồng riên,16 tỷ,160 m²,"Đường Tân Hương, Phường Phú Thọ Hòa, Hồ Chí Minh",Quận Tân Phú,Phường Phú Thọ Hòa,Đất,ban,https://alonhadat.com.vn/duong-o-to-8m-tan-huong-tan-phu-gan-cho-tan-huong-2-phut-chi-100-trieu-m2-so-hong-rien-18758921.html,alonhadat,20,16000000000,160,2026-06-07,,18758921,,
963M2 ĐẤT HẺM XE TẢI LUỸ BÁN BÍCH CHỈ 66TR/M2 NGANG 22M,63 tỷ,963 m²,"Đường Lũy Bán Bích, Phường Phú Thạnh, Hồ Chí Minh",Quận Tân Phú,Phường Tân Thới Hòa,Đất,ban,https://alonhadat.com.vn/963m2-dat-hem-xe-tai-luy-ban-bich-chi-66tr-m2-ngang-22m-18660269.html,alonhadat,1,63000000000,963,2026-06-07,,18660269,,
SIÊU PHẨM NHÀ CẤP 4 MTKD TÂY THẠNH - TÂN PHÚ - dt: 3000M2 - Giá : 209 tỷ TL,"2,09 tỷ",3000 m²,"Đường Tây Thạnh, Phường Tây Thạnh, Hồ Chí Minh",Quận Tân Phú,Phường Tây Thạnh,Đất,ban,https://alonhadat.com.vn/sieu-pham-nha-cap-4-mtkd-tay-thanh-tan-phu-dt-3000m2-gia-209-ty-tl-18439363.html,alonhadat,5,2089999999.9999998,3000,2026-06-07,,18439363,,
CHDV 20 PHÒNG THANG MÁY - MẶT TIỀN NGUYỄN THÁI HỌC - THU NHẬP 85TR/TH - GIÁ 19.X TỶ,"19,9 tỷ",102 m²,"Đường Nguyễn Thái Học, Phường Tân Sơn Nhì, Hồ Chí Minh",Quận Tân Phú,Phường Tân Thành,Đất,ban,https://alonhadat.com.vn/chdv-20-phong-thang-may-mat-tien-nguyen-thai-hoc-thu-nhap-85tr-th-gia-20-x-ty-16639410.html,alonhadat,20,19900000000,102,2026-06-07,,16639410,,
CĂN GÓC 2 MẶT TIỀN LŨY BÁN BÍCH - PHƯỜNG HÒA THẠNH - 3 TẦNG 106M2 4.8X22 - GIÁ 20.X TỶ,"20,5 tỷ",106 m²,"Đường Lũy Bán Bích, Phường Tân Phú, Hồ Chí Minh",Quận Tân Phú,Phường Hòa Thạnh,Đất,ban,https://alonhadat.com.vn/can-goc-2-mat-tien-luy-ban-bich-phuong-hoa-thanh-3-tang-106m2-4-8x22-gia-20-x-ty-16644385.html,alonhadat,3,20500000000,106,2026-06-07,,16644385,,
MẶT TIỀN THÀNH CÔNG - 168m2 - NGANG LỚN 12m - PHÙ HỢP XÂY CHDV - CHỈ 71TR/M2,"11,999 tỷ",168 m²,"Đường Thành Công, Phường Tân Sơn Nhì, Hồ Chí Minh",Quận Tân Phú,Phường Tân Thành,Đất,ban,https://alonhadat.com.vn/mat-tien-thanh-cong-168m2-ngang-lon-12m-cho-thue-20tr-th-chi-11-x-ty-16586706.html,alonhadat,3,11999000000,168,2026-06-07,,16586706,,
MẶT TIỀN TÂY SƠN - GẦN CHỢ TÂN HƯƠNG - 2P RA AEON MALL - 113M2 - CHỈ 8.X TỶ,"8,9 tỷ",113 m²,"Đường Tây Sơn, Phường Phú Thọ Hòa, Hồ Chí Minh",Quận Tân Phú,Phường Tân Quý,Đất,ban,https://alonhadat.com.vn/mat-tien-tay-son-gan-cho-tan-huong-2p-ra-aeon-mall-113m2-chi-8-x-ty-16620220.html,alonhadat,2,8900000000,113,2026-06-07,,16620220,,
"MẶT TIỀN NGUYỄN SƠN - NGANG KHỦNG 6,3X26 - ĐẤT TRỐNG THÍCH HỢP XÂY CHDV - GIÁ CHỈ 26.X TỶ","26,5 tỷ",140 m²,"Đường Nguyễn Sơn, Phường Phú Thạnh, Hồ Chí Minh",Quận Tân Phú,Phường Phú Thạnh,Đất,ban,https://alonhadat.com.vn/mat-tien-nguyen-son-ngang-khung-6-3x26-dat-trong-thich-hop-xay-chdv-gia-chi-26-x-ty-16591545.html,alonhadat,1,26500000000,140,2026-06-07,,16591545,,
"NGỘP BANK - MẶT TIỀN KHUÔNG VIỆT - 4 TẦNG BTCT - 4x17,2 - 5PN - GIÁ 11.X TỶ","11,5 tỷ",69 m²,"Đường Khuông Việt, Phường Tân Phú, Hồ Chí Minh",Quận Tân Phú,Phường Phú Trung,Đất,ban,https://alonhadat.com.vn/ngop-bank-mat-tien-khuong-viet-4-tang-btct-4x17-2-5pn-gia-11-x-ty-17009211.html,alonhadat,5,11500000000,69,2026-06-07,,17009211,,
430M2 ĐẤT HẺM 5M LÊ TRỌNG TẤN TÂN PHÚ CHỈ 2x TỶ,26 tỷ,430 m²,"Đường Lê Trọng Tấn, Phường Tây Thạnh, Hồ Chí Minh",Quận Tân Phú,Phường Sơn Kỳ,Đất,ban,https://alonhadat.com.vn/430m2-dat-hem-5m-le-trong-tan-tan-phu-chi-2x-ty-17319463.html,alonhadat,1,26000000000,430,2026-06-07,,17319463,,
"T1. Mặt tiền VIP Cao Văn Ngọc - 154m2 - 2 tầng - giá chỉ 17,9 tỷ thương lượng","17,9 tỷ",154 m²,"Đường Cao Văn Ngọc, Phường Tân Phú, Hồ Chí Minh",Quận Tân Phú,Phường Phú Trung,Đất,ban,https://alonhadat.com.vn/t1-mat-tien-vip-cao-van-ngoc-154m2-2-tang-gia-chi-17-9-ty-thuong-luong-18758297.html,alonhadat,4,17900000000,154,2026-06-07,,18758297,,
"án nhà mặt tiền 8–10 Nguyễn Sơn, Q. Tân Phú",52 tỷ,333 m²,"Đường Nguyễn Sơn, Phường Tây Thạnh, Hồ Chí Minh",Quận Tân Phú,Phường Sơn Kỳ,Đất,ban,https://alonhadat.com.vn/an-nha-mat-tien-8-10-nguyen-son-q-tan-phu-18757375.html,alonhadat,2,52000000000,333,2026-06-07,,18757375,,
"🔥 TÒA NHÀ 7 TẦNG MẶT TIỀN LÊ VĂN VIỆT – VỊ TRÍ VÀNG THỦ ĐỨC 377M2 NGANG 7,6M CHỈ 66 TỶ",66 tỷ,377 m²,"Đường Lê Văn Việt, Phường Tăng Nhơn Phú, Hồ Chí Minh",Quận Tân Phú,Phường Tân Phú,Đất,ban,https://alonhadat.com.vn/-toa-nha-7-tang-mat-tien-le-van-viet-vi-tri-vang-thu-duc-377m2-ngang-7-6m-chi-66-ty-18371404.html,alonhadat,8,66000000000,377,2026-06-07,,18371404,,
"Bán BuilDing 1 Hầm 8 Lầu, MTKD Lũy Bán Bích - Tân Phú - 12x24m - HĐT 300 Triệu",95 tỷ,288 m²,"Đường Lũy Bán Bích, Phường Tân Sơn Nhì, Hồ Chí Minh",Quận Tân Phú,Phường Tân Sơn Nhì,Đất,ban,https://alonhadat.com.vn/ban-building-1-ham-8-lau-mtkd-luy-ban-bich-tan-phu-12x24m-hdt-300-trieu-18755474.html,alonhadat,30,95000000000,288,2026-06-07,,18755474,,
763M2 MẶT TIỀN THOẠI NGỌC HẦU NGANG 16M GIÁ 120TR/M2,"91,999 tỷ",763 m²,"Đường Thoại Ngọc Hầu, Phường Tân Phú, Hồ Chí Minh",Quận Tân Phú,Phường Hòa Thạnh,Đất nền,ban,https://alonhadat.com.vn/763m2-mat-tien-thoai-ngoc-hau-ngang-16m-gia-120tr-m2-18655244.html,alonhadat,1,91999000000,763,2026-06-07,,18655244,,
LÔ ĐẤT GÓC 2MT HẺM 8M TÔ HIỆU 255m2 - 12m x 20m - CHỈ 1x TỶ,"15,999 tỷ",255 m²,"Đường Tô Hiệu, Phường Phú Thạnh, Hồ Chí Minh",Quận Tân Phú,Phường Tân Thới Hòa,Đất nền,ban,https://alonhadat.com.vn/lo-dat-goc-2mt-hem-8m-to-hieu-255m2-12m-x-20m-chi-1x-ty-18215236.html,alonhadat,1,15999000000,255,2026-06-07,,18215236,,
"BIỆT THỰ SIÊU ĐẸP ĐƯỜNG LÀNG TĂNG PHÚ, TNPA, DT 102M2, NGANG KHỦNG 6M SÁT KCN CAO CHỈ 8,2Đ","8,2 tỷ",102 m²,"Đường Làng Tăng Phú, Phường Tăng Nhơn Phú, Hồ Chí Minh",Thành phố Thủ Đức,Phường Tăng Nhơn Phú A,Biệt thự,ban,https://alonhadat.com.vn/biet-thu-sieu-dep-duong-lang-tang-phu-tnpa-dt-102m2-ngang-khung-6m-sat-kcn-cao-chi-8-2d-18390962.html,alonhadat,3,8199999999.999999,102,2026-06-07,,18390962,,
"Bán nhà Mặt tiền Nguyễn Văn Hưởng và mặt sông Sài Gòn, 20x50m, có bến du thuyền riêng",325 tỷ,1000 m²,"Đường Nguyễn Văn Hưởng, Phường An Khánh, Hồ Chí Minh",Thành phố Thủ Đức,Phường Thảo Điền,Biệt thự,ban,https://alonhadat.com.vn/ban-nha-mat-tien-nguyen-van-huong-va-mat-song-sai-gon-20x50m-co-ben-du-thuyen-rieng-18758196.html,alonhadat,2,325000000000,1000,2026-06-07,,18758196,,
Chỉ 130tr triệu/m² biệt thự đường 20m Nguyễn Văn Hưởng gần sông Thảo Điền Q. 2.,46 tỷ,350 m²,"Đường Nguyễn Văn Hưởng, Phường An Khánh, Hồ Chí Minh",Thành phố Thủ Đức,Phường Thảo Điền,Biệt thự,ban,https://alonhadat.com.vn/chi-130tr-trieu-m-biet-thu-duong-20m-nguyen-van-huong-gan-song-thao-dien-q-2--16315297.html,alonhadat,6,46000000000,350,2026-06-07,,16315297,,
"Bán biệt thự Ngô Quang Huy- Thảo Điền 16x38m , CN 650m2 giá bán 95 tỷ",95 tỷ,650 m²,"Đường Ngô Quang Huy, Phường An Khánh, Hồ Chí Minh",Thành phố Thủ Đức,Phường Thảo Điền,Biệt thự,ban,https://alonhadat.com.vn/ban-biet-thu-ngo-quang-huy-thao-dien-16x38m-cn-650m2-gia-ban-95-ty-17234028.html,alonhadat,5,95000000000,650,2026-06-07,,17234028,,
Bán biệt thự view sông khu Villa Thủ Thiêm P. Thạnh mỹ Lợi Quận 2 giá 55 tỷ,55 tỷ,351 m²,"Đường số 87A, Phường Cát Lái, Hồ Chí Minh",Thành phố Thủ Đức,Phường Thạnh Mỹ Lợi,Biệt thự,ban,https://alonhadat.com.vn/ban-biet-thu-view-song-khu-villa-thu-thiem-p-thanh-my-loi-quan-2-gia-55-ty-18756913.html,alonhadat,6,55000000000,351,2026-06-07,,18756913,,
"Bán Biệt Thự sân vườn đường Trường lưu, Long Trường, Q9, Thủ Đức, TP HCM. DT 624m2, SHR.","15,4 tỷ",624 m²,"Đường Trường Thạnh, Phường Long Trường, Hồ Chí Minh",Thành phố Thủ Đức,Phường Long Trường,Biệt thự,ban,https://alonhadat.com.vn/ban-biet-thu-san-vuon-duong-truong-luu-long-truong-q9-thu-duc-tp-hcm-dt-624m2-shr--18741195.html,alonhadat,3,15400000000,624,2026-06-07,,18741195,,
"BÁN BIỆT THỰ VIP KHU THẢO ĐIỀN VILLA 500M2 , QUẬN 2, CHỈ 99 TỶ",99 tỷ,500 m²,"Đường Thảo Điền, Phường An Khánh, Hồ Chí Minh",Thành phố Thủ Đức,Phường Thảo Điền,Biệt thự,ban,https://alonhadat.com.vn/ban-biet-thu-vip-khu-thao-dien-villa-500m2-quan-2-chi-99-ty-18758275.html,alonhadat,8,99000000000,500,2026-06-07,,18758275,,
BIỆT THỰ HỒ BƠI NGUYỄN VĂN HƯỞNG 651M² NỞ HẬU 30M 108 TỶ,108 tỷ,651 m²,"Đường Nguyễn Văn Hưởng, Phường An Khánh, Hồ Chí Minh",Thành phố Thủ Đức,Phường Thảo Điền,Biệt thự,ban,https://alonhadat.com.vn/biet-thu-ho-boi-nguyen-van-huong-651m-no-hau-30m-108-ty-18758272.html,alonhadat,5,108000000000,651,2026-06-07,,18758272,,
"NGỘP BANK! BÁN GẤP BIỆT THỰ GÓC 2MT NGUYỄN VĂN HƯỞNG, THUỘC DỰ ÁN KINGCROWN",100 tỷ,299 m²,"Đường Nguyễn Văn Hưởng, Phường An Khánh, Hồ Chí Minh",Thành phố Thủ Đức,Phường Thảo Điền,Biệt thự,ban,https://alonhadat.com.vn/ngop-bank-ban-gap-biet-thu-goc-2mt-nguyen-van-huong-thuoc-du-an-kingcrown-18758269.html,alonhadat,5,100000000000,299,2026-06-07,,18758269,,
KHAN HIẾM ! SIÊU HOT! CHỈ 200TR/M2 TRỤC ĐƯỜNG LƯƠNG ĐỊNH CỦA QUẬN 2,90 tỷ,442 m²,"Đường Lương Định Của, Phường An Khánh, Hồ Chí Minh",Thành phố Thủ Đức,Phường An Phú,Biệt thự,ban,https://alonhadat.com.vn/khan-hiem-sieu-hot-chi-200tr-m2-truc-duong-luong-dinh-cua-quan-2-18758266.html,alonhadat,4,90000000000,442,2026-06-07,,18758266,,
"BÁN BIỆT THỰ MINI SÂN VƯỜN TẠI LINH ĐÔNG THỦ ĐỨC, GIÁP PHẠM VĂN ĐỒNG,GIÁ 12.5 TỈ","12,5 tỷ",140 m²,"Đường Tô Ngọc Vân, Phường Hiệp Bình, Hồ Chí Minh",Thành phố Thủ Đức,Phường Linh Đông,Biệt thự,ban,https://alonhadat.com.vn/ban-biet-thu-mini-san-vuon-tai-linh-dong-thu-duc-giap-pham-van-dong-gia-12-5-ti-18758249.html,alonhadat,2,12500000000,140,2026-06-07,,18758249,,
"DINH THỰ KHUÔN VIÊN GẦN 1.000M² GIỮA THẢO ĐIỀN – MẶT TIỀN 51M HIẾM CÓ, HỒ BƠI & SÂN VƯỜN",250 tỷ,970 m²,"Đường Số 6, Phường An Khánh, Hồ Chí Minh",Thành phố Thủ Đức,Phường Thảo Điền,Biệt thự,ban,https://alonhadat.com.vn/dinh-thu-khuon-vien-gan-1-000m-giua-thao-dien-mat-tien-51m-hiem-co-ho-boi-san-vuon-18758077.html,alonhadat,6,250000000000,970,2026-06-07,,18758077,,
"ĐẸP TUYỆT - BIỆT THỰ THẢO ĐIỀN QUẬN 2, THIẾT KẾ PHONG CÁCH CHÂU ÂU, DT 200M2, GIÁ 65 TỶ",65 tỷ,200 m²,"Đường Nguyễn Văn Hưởng, Phường An Khánh, Hồ Chí Minh",Thành phố Thủ Đức,Phường Thảo Điền,Biệt thự,ban,https://alonhadat.com.vn/dep-tuyet-biet-thu-thao-dien-quan-2-thiet-ke-phong-cach-chau-au-dt-200m2-gia-65-ty-16829660.html,alonhadat,4,65000000000,200,2026-06-07,,16829660,,
"BIỆT THỰ ĐƯỜNG VÕ TRƯỜNG TOẢN - KHU MASTERI LUMIER QUẬN 2, DIỆN TÍCH 10 X 15M, GIÁ 46 TỶ",46 tỷ,150 m²,"Đường Võ Trường Toản, Phường An Khánh, Hồ Chí Minh",Thành phố Thủ Đức,Phường An Phú,Biệt thự,ban,https://alonhadat.com.vn/biet-thu-duong-vo-truong-toan-khu-masteri-lumier-quan-2-dien-tich-10-x-15m-gia-46-ty-16829997.html,alonhadat,5,46000000000,150,2026-06-07,,16829997,,
"Bán Biệt Thự đường số 21 Trần Não, phường An Khánh, Quận 2, Diện tích 24x15m Giá 63 Tỷ",63 tỷ,360 m²,"Đường số 21, Phường An Khánh, Hồ Chí Minh",Thành phố Thủ Đức,Phường An Khánh,Biệt thự,ban,https://alonhadat.com.vn/ban-biet-thu-duong-so-21-tran-nao-phuong-an-khanh-quan-2-dien-tich-24x15m-gia-63-ty-16923896.html,alonhadat,4,63000000000,360,2026-06-07,,16923896,,
"🏡 VILLA SIÊU HIẾM KHU AN PHÚ – THE VISTA, QUẬN 2 🏡DT:9x17CN:122m2HĐT:50trieu/tháng",33 tỷ,122 m²,"Đường Số 6, Phường An Khánh, Hồ Chí Minh",Thành phố Thủ Đức,Phường An Phú,Biệt thự,ban,https://alonhadat.com.vn/-villa-sieu-hiem-khu-an-phu-the-vista-quan-2-dt-9x17cn-122m2hdt-50trieu-thang-18602767.html,alonhadat,3,33000000000,122,2026-06-07,,18602767,,
🔥 GIẢM GIÁ MẠNH – BIỆT THỰ ĐẲNG CẤP TRUNG TÂM HÀNH CHÍNH THỦ ĐỨC 🔥DT:10x23CN:233m2,65 tỷ,233 m²,"Đường Vũ Phương Đế, Phường Cát Lái, Hồ Chí Minh",Thành phố Thủ Đức,Phường Thạnh Mỹ Lợi,Biệt thự,ban,https://alonhadat.com.vn/-giam-gia-manh-biet-thu-dang-cap-trung-tam-hanh-chinh-thu-duc-dt-10x23cn-233m2-18550600.html,alonhadat,8,65000000000,233,2026-06-07,,18550600,,
"Chỉ hơn 55,3 Tỷ!! Bán Biệt Thự Đường Nguyễn Văn Hưởng, Thảo Điền - DT 14x30m - 2 Tầng","55,3 tỷ",370 m²,"Đường Nguyễn Văn Hưởng, Phường An Khánh, Hồ Chí Minh",Thành phố Thủ Đức,Phường An Khánh,Biệt thự,ban,https://alonhadat.com.vn/chi-hon-55-3-ty-ban-biet-thu-duong-nguyen-van-huong-thao-dien-dt-14x30m-2-tang-18757708.html,alonhadat,9,55300000000,370,2026-06-07,,18757708,,
"Bán Biệt Thự Khu VIP Thảo Điền, 15m x 17m, 3 Tầng sân vườn, thiết kế đẹp, full nội thất.",85 tỷ,225 m²,"Đường Nguyễn Văn Hưởng, Phường An Khánh, Hồ Chí Minh",Thành phố Thủ Đức,Phường Thảo Điền,Biệt thự,ban,https://alonhadat.com.vn/ban-biet-thu-khu-vip-thao-dien-15m-x-17m-3-tang-san-vuon-thiet-ke-dep-full-noi-that--18757679.html,alonhadat,5,85000000000,225,2026-06-07,,18757679,,
"🏡 Bán biệt thự sân vườn Đường số 61, Thảo Điền (nay thuộc p. An Khánh, TP.HCM)","16,5 tỷ",95 m²,"Đường Số 61, Phường An Khánh, Hồ Chí Minh",Thành phố Thủ Đức,Phường Thảo Điền,Biệt thự,ban,https://alonhadat.com.vn/-ban-biet-thu-san-vuon-duong-so-61-thao-dien-nay-thuoc-p-an-khanh-tp-hcm--18757673.html,alonhadat,5,16500000000,95,2026-06-07,,18757673,,
"Bán biệt thự Châu Âu MT Lê Quý Đôn, P. Thủ Đức - DT 25x35m - 2 tầng - khai thác tốt - Giá",70 tỷ,720 m²,"Đường Lê Quý Đôn, Phường Thủ Đức, Hồ Chí Minh",Thành phố Thủ Đức,Phường Bình Thọ,Biệt thự,ban,https://alonhadat.com.vn/ban-biet-thu-chau-au-mt-le-quy-don-p-thu-duc-dt-25x35m-2-tang-khai-thac-tot-gia-18684893.html,alonhadat,6,70000000000,720,2026-06-07,,18684893,,
BIỆT THỰ 2 MẶT TIỀN - GARA Ô TÔ – 7PN 220M2(9.5x23) - HIỆP PHÚ THỦ ĐỨC - CHỈ 2️⃣1️⃣.5️⃣ Tỷ,"21,5 tỷ",220 m²,"Đường Lê Văn Việt, Phường Tăng Nhơn Phú, Hồ Chí Minh",Thành phố Thủ Đức,Phường Hiệp Phú,Biệt thự,ban,https://alonhadat.com.vn/biet-thu-2-mat-tien-gara-o-to-7pn-220m2-9-5x23-hiep-phu-thu-duc-chi-2-1-5-ty-18390911.html,alonhadat,7,21500000000,220,2026-06-07,,18390911,,
"Bán biệt thự Đường 17, An Phú, Quận 2, 10mx20m, hàm 3 tầng",75 tỷ,200 m²,"Đường D17, Phường An Khánh, Hồ Chí Minh",Thành phố Thủ Đức,Phường An Phú,Biệt thự,ban,https://alonhadat.com.vn/ban-biet-thu-duong-17-an-phu-quan-2-10mx20m-ham-3-tang-18757325.html,alonhadat,6,75000000000,200,2026-06-07,,18757325,,
"Villa 2 mặt tiền sông An Phú, Quận 2 – 120 tỷ",120 tỷ,250 m²,"Đường Thân Vân Nhiếp, Phường An Khánh, Hồ Chí Minh",Thành phố Thủ Đức,Phường An Phú,Biệt thự,ban,https://alonhadat.com.vn/villa-2-mat-tien-song-an-phu-quan-2-120-ty-18757180.html,alonhadat,7,120000000000,250,2026-06-07,,18757180,,
"Bán Biệt Thự 3 tầng, khu Compound Thảo Nguyên Sài Gòn - P. Long Bình, Quận 9.",36 tỷ,415 m²,"Đường Hoàng Hữu Nam, Phường Long Bình, Hồ Chí Minh",Thành phố Thủ Đức,Phường Long Bình,Biệt thự,ban,https://alonhadat.com.vn/ban-biet-thu-3-tang-khu-compound-thao-nguyen-sai-gon-p-long-binh-quan-9--18750134.html,alonhadat,6,36000000000,415,2026-06-07,,18750134,,
Bán Biệt Thự Vườn 1030m2 Ngang 28x38m Vuông Đẹp-Gần Khu Thảo Điền-Cầu Rạch Chiếc-Khu Vip,75 tỷ,1030 m²,"Đường Hồ Bá Phấn, Phường Phước Long, Hồ Chí Minh",Thành phố Thủ Đức,Phường Phước Long A,Biệt thự,ban,https://alonhadat.com.vn/ban-biet-thu-vuon-1030m2-ngang-28x38m-vuong-dep-gan-khu-thao-dien-cau-rach-chiec-khu-vip-16615808.html,alonhadat,6,75000000000,1030,2026-06-07,,16615808,,
"Bán Gấp Căn Hộ 2PN 1wc Chung Cư Fresca Riverside 54m2 Có sổ, Hỗ trợ vay Bank","2,39 tỷ",54 m²,"Đường Số 6, Phường Tam Bình, Hồ Chí Minh",Thành phố Thủ Đức,Phường Bình Chiểu,Căn hộ chung cư,ban,https://alonhadat.com.vn/ban-gap-can-ho-2pn-1wc-chung-cu-fresca-riverside-54m2-co-so-ho-tro-vay-bank-18593014.html,alonhadat,2,2390000000,54,2026-06-07,,18593014,,
"Tòa Căn Hộ Thảo Điền, MT ngay Quốc Hương. Hầm + 7 Tầng, 180tr/Tháng. Hiếm, Giảm 10 Tỷ",65 tỷ,208 m²,"Đường Quốc Hương, Phường An Khánh, Hồ Chí Minh",Thành phố Thủ Đức,Phường Thảo Điền,Căn hộ chung cư,ban,https://alonhadat.com.vn/toa-can-ho-thao-dien-mt-ngay-quoc-huong-ham-7-tang-180tr-thang-hiem-giam-10-ty-17732848.html,alonhadat,18,65000000000,208,2026-06-07,,17732848,,
"BÁN TÒA CĂN HỘ DỊCH VỤ – KHU BÌNH AN, QUẬN 2 - 9X13M- 4 TẦNG- HĐT: 75 TRIỆU- GIÁ: 38 TỶ",38 tỷ,115 m²,"Đường số 1, Phường An Khánh, Hồ Chí Minh",Thành phố Thủ Đức,Phường Bình An,Căn hộ chung cư,ban,https://alonhadat.com.vn/ban-toa-can-ho-dich-vu-khu-binh-an-quan-2-9x13m-4-tang-hdt-75-trieu-gia-38-ty-18739242.html,alonhadat,12,38000000000,115,2026-06-07,,18739242,,
Bán Căn hộ chung cư TDH Riverview Bình Chiểu Chợ đầu mối Thủ Đức 61m2 2PN 2wc có sổ,"2,39 tỷ",61 m²,"Đường Ngô Chí Quốc, Phường Tam Bình, Hồ Chí Minh",Thành phố Thủ Đức,Phường Bình Chiểu,Căn hộ chung cư,ban,https://alonhadat.com.vn/ban-can-ho-chung-cu-tdh-riverview-binh-chieu-cho-dau-moi-thu-duc-61m2-2pn-2wc-co-so-18756727.html,alonhadat,2,2390000000,61,2026-06-07,,18756727,,
"MT Khổng Tử, Bình Thọ, Bình Thọ, Thủ Đức - DT: 33mx50m. CN: 1593m2 - Hầm 6 lầu - 210 Tỷ",210 tỷ,1593 m²,"Đường Khổng Tử, Phường Thủ Đức, Hồ Chí Minh",Thành phố Thủ Đức,Phường Bình Thọ,Mặt bằng,ban,https://alonhadat.com.vn/mt-khong-tu-binh-tho-binh-tho-thu-duc-dt-33mx50m-cn-1593m2-ham-6-lau-210-ty-14333418.html,alonhadat,30,210000000000,1593,2026-06-07,,14333418,,
"Bán Xưởng Gần 400m2 - QL1K Cách Thủ Đức 15p, Đường Xe Tải",12 tỷ,360 m²,"Đường Quốc Lộ 1k, Phường Linh Xuân, Hồ Chí Minh",Thành phố Thủ Đức,Phường Linh Xuân,Mặt bằng,ban,https://alonhadat.com.vn/ban-xuong-gan-400m2-ql1k-cach-thu-duc-15p-duong-xe-tai-18608506.html,alonhadat,6,12000000000,360,2026-06-07,,18608506,,
XE TẢI THÔNG - GẦN 100M2 - NGANG 5M - SẴN DÒNG TIỀN - CHỈ 7.2 TỶ TL,"7,2 tỷ",97 m²,"Đường Lã Xuân Oai, Phường Tăng Nhơn Phú, Hồ Chí Minh",Thành phố Thủ Đức,Phường Tăng Nhơn Phú A,Nhà trọ,ban,https://alonhadat.com.vn/xe-tai-thong-gan-100m2-ngang-5m-san-dong-tien-chi-7-2-ty-tl-18160271.html,alonhadat,8,7200000000,97,2026-06-07,,18160271,,
"💥 **MẶT TIỀN TRẦN THỊ ĐIỆU – PHƯỚC LONG B – 285M² – GIÁ CHỈ 29,5 TỶ (TL)**","29,5 tỷ",285 m²,"Đường Trần Thị Điệu, Phường Phước Long, Hồ Chí Minh",Thành phố Thủ Đức,Phường Phước Long B,Nhà trọ,ban,https://alonhadat.com.vn/-mat-tien-tran-thi-dieu-phuoc-long-b-285m-gia-chi-29-5-ty-tl--18245883.html,alonhadat,10,29500000000,285,2026-06-07,,18245883,,
NHÀ 3 TẦNG BÌNH CHIỂU – HXH – CHỈ 4.9 TỶ TL,"4,9 tỷ",51 m²,"Đường Ngô Chí Quốc, Phường Tam Bình, Hồ Chí Minh",Thành phố Thủ Đức,Phường Bình Chiểu,Nhà ở,ban,https://alonhadat.com.vn/nha-3-tang-binh-chieu-hxh-chi-4-9-ty-tl-18758979.html,alonhadat,3,4900000000,51,2026-06-07,,18758979,,
NHÀ 1 TRỆT 1 LẨU NGANG 5M 104M2 ĐƯỜNG LÊ THỊ HOA,105 tỷ,104 m²,"Đường Lê Thị Hoa, Phường Tam Bình, Hồ Chí Minh",Thành phố Thủ Đức,Phường Tam Bình,Nhà ở,ban,https://alonhadat.com.vn/nha-1-tret-1-lau-ngang-5m-104m2-duong-le-thi-hoa-18758056.html,alonhadat,4,105000000000,104,2026-06-07,,18758056,,
Bán Nhà 3 Tầng Kiên Cố Sổ Hoàn Công - Giá 4ty7 tổng 152m2 sử dụng - Đường 6m Oto qua lại,"4,7 tỷ",57 m²,"Đường Tỉnh Lộ 43, Phường Tam Bình, Hồ Chí Minh",Thành phố Thủ Đức,Phường Bình Chiểu,Nhà ở,ban,https://alonhadat.com.vn/ban-nha-3-tang-kien-co-so-hoan-cong-gia-3ty7-tong-152m2-su-dung-duong-6m-oto-qua-lai-18068122.html,alonhadat,3,4700000000,57,2026-06-07,,18068122,,
NHÀ 3 TẦNG MỚI TINH XE HƠI NGỦ TRONG NHÀ TẶNG NỘI THẤT XỊN SÒ 95M2 ĐƯỜNG THÔNG 10M,"9,8 tỷ",90 m²,"Đường Nguyễn Duy Trinh, Phường Long Trường, Hồ Chí Minh",Thành phố Thủ Đức,Phường Phú Hữu,Nhà ở,ban,https://alonhadat.com.vn/nha-3-tang-moi-tinh-xe-hoi-ngu-trong-nha-tang-noi-that-xin-so-95m2-duong-thong-10m-18757566.html,alonhadat,4,9800000000,90,2026-06-07,,18757566,,
"NHÀ CẤP 4 DIỆN TÍCH 82M2 SIÊU RẺ GẦN VINCOM LÊ VĂN VIỆT CHỈ 3,7 TỶ","3,7 tỷ",82 m²,"Đường Lê Văn Việt, Phường Tăng Nhơn Phú, Hồ Chí Minh",Thành phố Thủ Đức,Phường Tăng Nhơn Phú B,Nhà ở,ban,https://alonhadat.com.vn/nha-cap-4-dien-tich-82m2-sieu-re-gan-vincom-le-van-viet-chi-3-7-ty-17954182.html,alonhadat,2,3700000000,82,2026-06-07,,17954182,,
"BÁN NHÀ GÓC 2 MẶT TIỀN 60M² – 1 TRỆT 1 LẦU – TĂNG NHƠN PHÚ B – 6,5 TỶ","6,5 tỷ",60 m²,"Đường Số 2, Phường Tăng Nhơn Phú, Hồ Chí Minh",Thành phố Thủ Đức,Phường Tăng Nhơn Phú B,Nhà ở,ban,https://alonhadat.com.vn/ban-nha-goc-2-mat-tien-60m-1-tret-1-lau-tang-nhon-phu-b-6-5-ty-18002485.html,alonhadat,2,6500000000,60,2026-06-07,,18002485,,
"NHÀ NGỘP BANK TRUNG TÂM HIỆP PHÚ 1T1L MẶT TIỀN GẦN XA LỘ HÀ NỘI, NGAY SÁT METRO CHỈ 8,5 TỶ","8,5 tỷ",93 m²,"Đường Tân Hòa 2, Phường Tăng Nhơn Phú, Hồ Chí Minh",Thành phố Thủ Đức,Phường Hiệp Phú,Nhà ở,ban,https://alonhadat.com.vn/nha-ngop-bank-trung-tam-hiep-phu-1t1l-mat-tien-gan-xa-lo-ha-noi-ngay-sat-metro-chi-8-5-ty-17877178.html,alonhadat,4,8500000000,93,2026-06-07,,17877178,,
"💥 **NHÀ 2 MT HXH – NGANG 6M HIẾM – 89M² – GIÁ CHỈ 8.5 TỶ | GẦN CHỢ TNPB, Ở NGAY** 💥","8,5 tỷ",89 m²,"Đường Đình Phong Phú, Phường Tăng Nhơn Phú, Hồ Chí Minh",Thành phố Thủ Đức,Phường Tăng Nhơn Phú B,Nhà ở,ban,https://alonhadat.com.vn/-nha-2-mt-hxh-ngang-6m-hiem-89m-gia-chi-8-5-ty-gan-cho-tnpb-o-ngay--18365163.html,alonhadat,3,8500000000,89,2026-06-07,,18365163,,
🍀🌺🍀CHỈ 7 TỶ HƠN♦️86M2 x 3 TẦNG - HẺM XE HƠI 6M - ĐÌNH PHONG PHÚ,"7,1 tỷ",86 m²,"Đường Đình Phong Phú, Phường Tăng Nhơn Phú, Hồ Chí Minh",Thành phố Thủ Đức,Phường Tăng Nhơn Phú B,Nhà ở,ban,https://alonhadat.com.vn/-chi-7-ty-hon-86m2-x-3-tang-hem-xe-hoi-6m-dinh-phong-phu-18115608.html,alonhadat,3,7100000000,86,2026-06-07,,18115608,,
"Bán nhà đường Man Thiện, Tăng Nhơn Phú A, Q9, Thủ Đức, TP HCM , DT 72m2, 4 tầng . Giá 9.85","9,85 tỷ",72 m²,"Đường Man Thiện, Phường Tăng Nhơn Phú, Hồ Chí Minh",Thành phố Thủ Đức,Phường Tăng Nhơn Phú A,Nhà ở,ban,https://alonhadat.com.vn/ban-nha-duong-man-thien-tang-nhon-phu-a-q9-thu-duc-tp-hcm-dt-72m2-4-tang-gia-9-8-17882092.html,alonhadat,4,9850000000,72,2026-06-07,,17882092,,
"Bán nhà hầm 3 tầng khu phía sông đường Trần Não, P Bình An, Quận 2 DT: 8.4x20m. Giá 35 tỷ",35 tỷ,168 m²,"Đường Trần Não, Phường An Khánh, Hồ Chí Minh",Thành phố Thủ Đức,Phường An Khánh,Nhà ở,ban,https://alonhadat.com.vn/ban-nha-ham-3-tang-khu-phia-song-duong-tran-nao-p-binh-an-quan-2-dt-8-4x20m-gia-35-ty-16195256.html,alonhadat,4,35000000000,168,2026-06-07,,16195256,,
"CHDV- HOÀN CÔNG CHUẨN TỪNG MILIMET 💞💞🥑 MẶT TIỀN VỊ TRÍ ĐẸP, NGAY KV LINH CHIỂU. DÒNG TI",26 tỷ,193 m²,"Đường số 9, Phường Linh Xuân, Hồ Chí Minh",Thành phố Thủ Đức,Phường Linh Trung,Nhà ở,ban,https://alonhadat.com.vn/chdv-hoan-cong-chuan-tung-milimet-mat-tien-vi-tri-dep-ngay-kv-linh-chieu-dong-ti-18755775.html,alonhadat,28,26000000000,193,2026-06-07,,18755775,,
🔑 NHÀ MẶT TIỀN — VỊ TRÍ VÀNG THỦ ĐỨC — CẦN BÁN GẤP Căn nhà mặt tiền đường số 13 Bình Thọ,15 tỷ,180 m²,"Đường Số 13, Phường Thủ Đức, Hồ Chí Minh",Thành phố Thủ Đức,Phường Bình Thọ,Nhà ở,ban,https://alonhadat.com.vn/-nha-mat-tien-vi-tri-vang-thu-duc-can-ban-gap-can-nha-mat-tien-duong-so-13-binh-tho-18727106.html,alonhadat,2,15000000000,180,2026-06-07,,18727106,,
"Bán nhà đường 160, Tăng Nhơn Phú A, Q9. Thủ Đức, TP HCM. DT 52m2, 2 tầng. Giá 5,18 tỷ.","5,18 tỷ",52 m²,"Phường Tăng Nhơn Phú, Hồ Chí Minh",Thành phố Thủ Đức,Phường Tăng Nhơn Phú A,Nhà ở,ban,https://alonhadat.com.vn/ban-nha-duong-160-tang-nhon-phu-a-q9-thu-duc-tp-hcm-dt-52m2-2-tang-gia-5-18-ty--18751053.html,alonhadat,2,5180000000,52,2026-06-07,,18751053,,
Nhà 2 lầu Trường Lưu Q9 71m² đường 8m chỉ 3.8 tỷ (TL),"3,8 tỷ",71 m²,"Đường Trường Lưu, Phường Long Trường, Hồ Chí Minh",Thành phố Thủ Đức,Phường Long Trường,Nhà ở,ban,https://alonhadat.com.vn/nha-2-lau-truong-luu-q9-71m-duong-8m-chi-3-8-ty-tl--18622810.html,alonhadat,3,3800000000,71,2026-06-07,,18622810,,
"BÁN NHÀ PHƯỜNG BÌNH AN, QUẬN 2 – GIÁ GIẢM MẠNH 5 TỶ- 7X18M -4 TẦNG - GIÁ : 18.9 TỶ","18,9 tỷ",125 m²,"Đường số 27, Phường An Khánh, Hồ Chí Minh",Thành phố Thủ Đức,Phường Bình An,Nhà ở,ban,https://alonhadat.com.vn/mua-dat-tang-nha-q2-ha-5-ty-duong-so-27-7x18m-4-tang-hdt-40-trieu-gia-18-9-ty-18620135.html,alonhadat,10,18900000000,125,2026-06-07,,18620135,,
"Bán nhà siêu vị trí mặt tiền Song Hành Q.2, 10x20m, CN 200m² giá 75 tỷ.",75 tỷ,200 m²,"Đường Song Hành, Phường An Khánh, Hồ Chí Minh",Thành phố Thủ Đức,Phường An Phú,Nhà ở,ban,https://alonhadat.com.vn/ban-nha-mat-tien-song-hanh-sieu-vi-tri-q-2-15x20m-cn-300m-hdt-250-th-gia-120-ty--16315342.html,alonhadat,10,75000000000,200,2026-06-07,,16315342,,
"CHÍNH CHỦ CẦN BÁN NHÀ VŨ TÔNG PHAN, AN PHÚ, QUẬN 2 - GIÁ: 6,82TỶ/63M3 - THUÊ 24TR/THÁNG","6,82 tỷ",63 m²,"Đường Vũ Tông Phan, Phường An Khánh, Hồ Chí Minh",Thành phố Thủ Đức,Phường An Phú,Nhà ở,ban,https://alonhadat.com.vn/chinh-chu-can-ban-nha-vu-tong-phan-an-phu-quan-2-gia-6-82ty-63m3-thue-24tr-thang-18756837.html,alonhadat,3,6820000000,63,2026-06-07,,18756837,,
"Bán nhà Lã Xuân Oai, Long Trường, Q9, Thủ Đức, TP HCM. DT 54m2, 4 tầng, SHR - Giá 6.7 tỷ","6,7 tỷ",54 m²,"Đường Lã Xuân Oai, Phường Long Trường, Hồ Chí Minh",Thành phố Thủ Đức,Phường Long Trường,Nhà ở,ban,https://alonhadat.com.vn/ban-nha-la-xuan-oai-long-truong-q9-thu-duc-tp-hcm-dt-54m2-4-tang-shr-gia-6-7-ty-18453965.html,alonhadat,3,6700000000,54,2026-06-07,,18453965,,
"Bán nhà 4 tầng đường Số 6, Long Trường, Q9, Thủ Đức, TP HCM. DT - 56m2, 4PN, SH, 6.65 tỷ","6,65 tỷ",56 m²,"Đường Số 6, Phường Long Trường, Hồ Chí Minh",Thành phố Thủ Đức,Phường Long Trường,Nhà ở,ban,https://alonhadat.com.vn/ban-nha-4-tang-duong-so-6-long-truong-q9-thu-duc-tp-hcm-dt-56m2-4pn-sh-6-65-ty-18454050.html,alonhadat,4,6650000000,56,2026-06-07,,18454050,,
"Bán nhà mặt phố đường số 4, Phường Linh Xuân, TP HCM. DT 140m2, 3 tầng, giá 8.35 tỷ.","8,35 tỷ",140 m²,"Đường Số 4, Phường Linh Xuân, Hồ Chí Minh",Thành phố Thủ Đức,Phường Linh Xuân,Nhà ở,ban,https://alonhadat.com.vn/ban-nha-mat-pho-duong-so-4-phuong-linh-xuan-tp-hcm-dt-140m2-3-tang-gia-8-85-ty--18204728.html,alonhadat,4,8350000000,140,2026-06-07,,18204728,,
"Bán nhà đường Đặng Văn Bi, Trường Thọ, Thủ Đức, TP HCM. DT 80m2, 2 tầng SHR. Giá - 5,8 tỷ","5,8 tỷ",80 m²,"Đường Đặng Văn Bi, Phường Thủ Đức, Hồ Chí Minh",Thành phố Thủ Đức,Phường Trường Thọ,Nhà ở,ban,https://alonhadat.com.vn/ban-nha-duong-dang-van-bi-truong-tho-thu-duc-tp-hcm-dt-80m2-2-tang-shr-gia-6-28-18331549.html,alonhadat,3,5800000000,80,2026-06-07,,18331549,,
"Bán nhà 3 tầng đường Số 8, Linh Trung, Thủ Đức, TP HCM. DT 106m2, sổ hồng riêng, giá 7.5","7,5 tỷ",106 m²,"Đường Số 8, Phường Linh Xuân, Hồ Chí Minh",Thành phố Thủ Đức,Phường Linh Trung,Nhà ở,ban,https://alonhadat.com.vn/ban-nha-3-tang-duong-so-8-linh-trung-thu-duc-tp-hcm-dt-106m2-so-hong-rieng-gia-7-5-18755367.html,alonhadat,4,7500000000,106,2026-06-07,,18755367,,
"Bán nhà đường số 22, Phường Bình Trưng, Q2, TP HCM. DT 116m2, 4 tầng, 6PN, sổ hồng, 6,8 tỷ","6,8 tỷ",116 m²,"Đường Số 22, Phường Bình Trưng, Hồ Chí Minh",Thành phố Thủ Đức,Phường Bình Trưng Tây,Nhà ở,ban,https://alonhadat.com.vn/ban-nha-duong-so-22-phuong-binh-trung-q2-tp-hcm-dt-132m2-4-tang-6pn-so-hong-7-5-ty-18661288.html,alonhadat,6,6800000000,116,2026-06-07,,18661288,,
"Bán nhà, đường số 8, Linh Xuân, Thủ Đức. TP HCM. DT 112m2, 3 tầng, Sổ hồng riêng, giá 8.5","8,5 tỷ",112 m²,"Đường Số 8, Phường Linh Xuân, Hồ Chí Minh",Thành phố Thủ Đức,Phường Linh Xuân,Nhà ở,ban,https://alonhadat.com.vn/ban-nha-duong-so-8-linh-xuan-thu-duc-tp-hcm-dt-112m2-3-tang-so-hong-rieng-gia-8-5-18745979.html,alonhadat,4,8500000000,112,2026-06-07,,18745979,,
"Bán nhà mặt tiền đường 494, Tăng Nhơn Phú A, Q9, Thủ Đức, TP HCM. DT 105m2 , 4 tầng, giá","14,9 tỷ",105 m²,"Phường Tăng Nhơn Phú, Hồ Chí Minh",Thành phố Thủ Đức,Phường Tăng Nhơn Phú A,Nhà ở,ban,https://alonhadat.com.vn/ban-nha-mat-tien-duong-494-tang-nhon-phu-a-q9-thu-duc-tp-hcm-dt-105m2-4-tang-gia-18751318.html,alonhadat,4,14900000000,105,2026-06-07,,18751318,,
"Bán nhà đường Bưng Ông Thoàn, Phú Hữu, Q9, TP HCM. DT 81m2, 4 tầng. Giá 8.9 tỷ, SH -","8,9 tỷ",81 m²,"Đường Bưng Ông Thoàn, Phường Long Trường, Hồ Chí Minh",Thành phố Thủ Đức,Phường Phú Hữu,Nhà ở,ban,https://alonhadat.com.vn/ban-nha-duong-bung-ong-thoan-phu-huu-q9-tp-hcm-dt-81m2-4-tang-gia-8-9-ty-sh--18369895.html,alonhadat,6,8900000000,81,2026-06-07,,18369895,,
"Nhà mặt tiền đường khu Phước Bình - Q9 ngang 5m cực hiếm, đường 12m có vỉa hè","9,5 tỷ",106 m²,"Đường số 12, Phường Phước Long, Hồ Chí Minh",Thành phố Thủ Đức,Phường Phước Bình,Nhà ở,ban,https://alonhadat.com.vn/nha-mat-tien-duong-khu-phuoc-binh-q9-ngang-5m-cuc-hiem-duong-12m-co-via-he-18750030.html,alonhadat,2,9500000000,106,2026-06-07,,18750030,,
"150tr/m2- CẦN BÁN NHÀ CẤP 4 ( 15 X45m) 672m2 MẶT TIỀN xa lộ hà nội ,p. hiệp phú ,thủ đức.","100,8 tỷ",672 m²,"Đường Xa Lộ Hà Nội, Phường Tăng Nhơn Phú, Hồ Chí Minh",Thành phố Thủ Đức,Phường Hiệp Phú,Nhà ở,ban,https://alonhadat.com.vn/150tr-m2-can-ban-nha-cap-4-15-x45m-672m2-mat-tien-xa-lo-ha-noi-p-hiep-phu-thu-duc--15214297.html,alonhadat,2,100800000000,672,2026-06-07,,15214297,,
"45 tỷ 990 . CỰC RẺ ,BÁN NHÀ MẶT TIỀN (7.8X36m)251M2 - đường hoàng diệu 2, tp. thủ đức.","45,99 tỷ",252 m²,"Đường Hoàng Diệu 2, Phường Linh Xuân, Hồ Chí Minh",Thành phố Thủ Đức,Phường Linh Trung,Nhà ở,ban,https://alonhadat.com.vn/34-ty-990-cuc-re-ban-nha-mat-tien-7-8x36m-251m2-duong-hoang-dieu-2-tp-thu-duc--15204884.html,alonhadat,6,45990000000,252,2026-06-07,,15204884,,
"TỐT NHẤT THỊ TRƯỜNG! BÁN NHÀ 2MT CAO ĐỨC LÂN, QUẬN 2 (14X20M, HẦM+ 4 TẦNG, HĐT 170 TR)",70 tỷ,250 m²,"Đường Cao Đức Lân, Phường An Khánh, Hồ Chí Minh",Thành phố Thủ Đức,Phường An Phú,Nhà ở,ban,https://alonhadat.com.vn/tot-nhat-thi-truong-ban-nha-2mt-cao-duc-lan-quan-2-14x20m-ham-4-tang-hdt-170-tr--17147744.html,alonhadat,8,70000000000,250,2026-06-07,,17147744,,
BÁN NHÀ HÀNG SUSHI NHẬT - VỊ TRÍ MẶT TIỀN PHƯỜNG THẢO ĐIỀN QUẬN 2 (DIỆN TÍCH 13 X 15M),33 tỷ,196 m²,"Đường Thảo Điền, Phường An Khánh, Hồ Chí Minh",Thành phố Thủ Đức,Phường Thảo Điền,Nhà ở,ban,https://alonhadat.com.vn/ban-nha-hang-sushi-nhat-vi-tri-mat-tien-phuong-thao-dien-quan-2-dien-tich-13-x-15m--16830128.html,alonhadat,5,33000000000,196,2026-06-07,,16830128,,
💥NHÀ PHƯỚC LONG A - 4ty hơn💰- 📐(6.2 x 9) 🍀2 Lầu mới vào ở ngay - ngay Metro Bình Thái,"4,3 tỷ",50 m²,"Đường số 198, Phường Phước Long, Hồ Chí Minh",Thành phố Thủ Đức,Phường Phước Long A,Nhà ở,ban,https://alonhadat.com.vn/-nha-phuoc-long-a-4ty-hon-6-2-x-9-2-lau-moi-vao-o-ngay-ngay-metro-binh-thai-18757688.html,alonhadat,2,4300000000,50,2026-06-07,,18757688,,
Bán Nhà Đường Số 7 Khu A Đô Thị An Phú An Khánh 10x17m Vuông Vức Giá 34 Tỷ,34 tỷ,170 m²,"Đường số 7, Phường An Khánh, Hồ Chí Minh",Thành phố Thủ Đức,Phường An Phú,Nhà ở,ban,https://alonhadat.com.vn/ban-nha-duong-so-7-khu-a-do-thi-an-phu-an-khanh-10x17m-vuong-vuc-gia-34-ty-16984396.html,alonhadat,1,34000000000,170,2026-06-07,,16984396,,
"Bán nhà Hàng hiếm Tăng Nhơn Phú , Q9 , 68m2 - Đường 6M - giá 5 tỷ 700","5,7 tỷ",68 m²,"Đường số 9, Phường Tăng Nhơn Phú, Hồ Chí Minh",Thành phố Thủ Đức,Phường Tăng Nhơn Phú,Nhà ở,ban,https://alonhadat.com.vn/ban-nha-hang-hiem-tang-nhon-phu-q9-68m2-duong-6m-gia-5-ty-700-18435100.html,alonhadat,2,5700000000,68,2026-06-07,,18435100,,
"🏡 **NHÀ PHỐ 3 TẦNG – KDC HƯNG PHÚ, PHƯỚC LONG B 90M2 CHỈ 15 TỶ 🔥",15 tỷ,90 m²,"Đường Liên Phường, Phường Phước Long, Hồ Chí Minh",Thành phố Thủ Đức,Phường Phước Long B,Nhà ở,ban,https://alonhadat.com.vn/-nha-pho-3-tang-kdc-hung-phu-phuoc-long-b-90m2-chi-15-ty--18378849.html,alonhadat,4,15000000000,90,2026-06-07,,18378849,,
"🔥 NHÀ PHƯỚC LONG A – GẦN GA METRO – HẺM Ô TÔ 52M2 CHỈ 5,1 TỶ","5,1 tỷ",52 m²,"Đường Xa Lộ Hà Nội, Phường Phước Long, Hồ Chí Minh",Thành phố Thủ Đức,Phường Phước Long A,Nhà ở,ban,https://alonhadat.com.vn/-nha-phuoc-long-a-gan-ga-metro-hem-o-to-52m2-chi-5-1-ty-18177607.html,alonhadat,2,5100000000,52,2026-06-07,,18177607,,
"NHÀ HXH NGAY TRƯỜNG CAO ĐẲNG CÔNG THƯƠNG, DT 52M2, SHR HOÀN CÔNG CHỈ 5,4 TỶ","5,4 tỷ",52 m²,"Đường Đỗ Xuân Hợp, Phường Phước Long, Hồ Chí Minh",Thành phố Thủ Đức,Phường Phước Long B,Nhà ở,ban,https://alonhadat.com.vn/nha-hxh-ngay-truong-cao-dang-cong-thuong-dt-52m2-shr-hoan-cong-chi-5-4-ty-18242275.html,alonhadat,1,5400000000,52,2026-06-07,,18242275,,
"Bán nhà mặt tiền 343 Đỗ Xuân Hợp, Quận 9, dt: 8x36m 2 tầng cho thuê 150tr/tháng.",48 tỷ,240 m²,"Đường Đỗ Xuân Hợp, Phường Phước Long, Hồ Chí Minh",Thành phố Thủ Đức,Phường Phước Long,Nhà ở,ban,https://alonhadat.com.vn/ban-nha-mat-tien-343-do-xuan-hop-quan-9-dt-8x36m-2-tang-cho-thue-150tr-thang--18320150.html,alonhadat,8,48000000000,240,2026-06-07,,18320150,,
Bán nhà góc 2MT Trần Não - DT khủng 20x50m - XD: Hầm 8 lầu - HĐT: 350tr/th - có GPXD H8L,285 tỷ,1000 m²,"Đường Trần Não, Phường An Khánh, Hồ Chí Minh",Thành phố Thủ Đức,Phường Bình An,Nhà ở,ban,https://alonhadat.com.vn/ban-nha-goc-2mt-tran-nao-dt-khung-20x50m-xd-ham-8-lau-hdt-350tr-th-co-gpxd-h8l-13879107.html,alonhadat,30,285000000000,1000,2026-06-07,,13879107,,
"❌❌ NHÀ ĐẸP CHỢ 339 – NGANG 5M – HẺM XE TẢI THÔNG – GIÁ 5,6 TỶ","5,6 tỷ",55 m²,"Đường số 339, Phường Phước Long, Hồ Chí Minh",Thành phố Thủ Đức,Phường Phước Long B,Nhà ở,ban,https://alonhadat.com.vn/-nha-dep-cho-339-ngang-5m-hem-xe-tai-thong-gia-5-6-ty-18259894.html,alonhadat,3,5600000000,55,2026-06-07,,18259894,,
SIÊU PHẨM MT ĐINH CỦNG VIÊN CÁCH GA METRO 500M- PLA - TP THỦ ĐỨC - 71M2 -2 TẦNG CHỈ 7 TỶ,7 tỷ,71 m²,"Đường Đinh Củng Viên, Phường Phước Long, Hồ Chí Minh",Thành phố Thủ Đức,Phường Phước Long A,Nhà ở,ban,https://alonhadat.com.vn/sieu-pham-mt-dinh-cung-vien-cach-ga-metro-500m-pla-tp-thu-duc-71m2-2-tang-chi-7-ty-18279293.html,alonhadat,3,7000000000,71,2026-06-07,,18279293,,
"BÁN NHÀ 2 TẦNG KHU CHỢ ĐÊM MAN THIỆN - HẺM XE HƠI 1 TRỤC - TĂNG NHƠN PHÚ A, TP. THÚ ĐỨC","3,2 tỷ",40 m²,"Đường Man Thiện, Phường Tăng Nhơn Phú, Hồ Chí Minh",Thành phố Thủ Đức,Phường Tăng Nhơn Phú A,Nhà ở,ban,https://alonhadat.com.vn/ban-nha-2-tang-khu-cho-dem-man-thien-hem-xe-hoi-1-truc-tang-nhon-phu-a-tp-thu-duc-18009636.html,alonhadat,2,3200000000,40,2026-06-07,,18009636,,
"MT HIỆP PHÚ 4 TẦNG 105M2, GIÁ 14,5 TỶ, NGAY NGÃ 4 THỦ ĐỨC, Ở NGAY","14,5 tỷ",105 m²,"Đường Tân Lập 1, Phường Tăng Nhơn Phú, Hồ Chí Minh",Thành phố Thủ Đức,Phường Hiệp Phú,Nhà ở,ban,https://alonhadat.com.vn/mt-hiep-phu-4-tang-105m2-gia-14-5-ty-ngay-nga-4-thu-duc-o-ngay-18054804.html,alonhadat,6,14500000000,105,2026-06-07,,18054804,,
🔥 HXH DƯƠNG ĐÌNH HỘI – 100m² NGANG 5M – 2 TẦNG – CHỈ 8 TỶ,8 tỷ,100 m²,"Đường Dương Đình Hội, Phường Phước Long, Hồ Chí Minh",Thành phố Thủ Đức,Phường Phước Long B,Nhà ở,ban,https://alonhadat.com.vn/-hxh-duong-dinh-hoi-100m-ngang-5m-2-tang-chi-8-ty-18095936.html,alonhadat,4,8000000000,100,2026-06-07,,18095936,,
"NHÀ HIỆP PHÚ HXH ĐỐI DIỆN VINCOM Q9, SÁT NGÃ TƯ THỦ ĐỨC- DIỆN TÍCH 70M2 GIÁ CHỈ 5,2 TỶ","5,2 tỷ",70 m²,"Đường Lê Văn Việt, Phường Tăng Nhơn Phú, Hồ Chí Minh",Thành phố Thủ Đức,Phường Hiệp Phú,Nhà ở,ban,https://alonhadat.com.vn/nha-hiep-phu-hxh-doi-dien-vincom-q9-sat-nga-tu-thu-duc-dien-tich-70m2-gia-chi-4-7-ty-18364266.html,alonhadat,2,5200000000,70,2026-06-07,,18364266,,
"🏡 NHÀ GẦN TRƯỜNG HOA LƯ – TĂNG NHƠN PHÚ B, Q9 – 71m² – GIÁ 5 TỶ",5 tỷ,71 m²,"Đường số 11, Phường Tăng Nhơn Phú, Hồ Chí Minh",Thành phố Thủ Đức,Phường Tăng Nhơn Phú B,Nhà ở,ban,https://alonhadat.com.vn/-nha-gan-truong-hoa-lu-tang-nhon-phu-b-q9-71m-gia-5-ty-18361598.html,alonhadat,4,5000000000,71,2026-06-07,,18361598,,
"NHÀ HXH TÂN HOÀ 2 CÁCH VINCOM QUẬN 9 VÀI PHÚT, 124M2 NGANG 4M CHỈ CÓ 8,2 TỶ TL","8,2 tỷ",124 m²,"Đường Tân Hòa 2, Phường Tăng Nhơn Phú, Hồ Chí Minh",Thành phố Thủ Đức,Phường Hiệp Phú,Nhà ở,ban,https://alonhadat.com.vn/nha-hxh-tan-hoa-2-cach-vincom-quan-9-vai-phut-124m2-ngang-4m-chi-co-8-2-ty-tl-18390944.html,alonhadat,3,8199999999.999999,124,2026-06-07,,18390944,,
VIP VIP 🏡🏡 NHÀ 3 TẦNG ĐẸP – TRUNG TÂM PHƯỚC LONG B - TP THỦ ĐỨC – 95M2 NGANG 5M,"7,4 tỷ",95 m²,"Đường Trần Thị Điệu, Phường Phước Long, Hồ Chí Minh",Thành phố Thủ Đức,Phường Phước Long B,Nhà ở,ban,https://alonhadat.com.vn/vip-vip-nha-3-tang-dep-trung-tam-phuoc-long-b-tp-thu-duc-95m2-ngang-5m-18390875.html,alonhadat,3,7400000000,95,2026-06-07,,18390875,,
"🏡 VIP‼️NHÀ HXH TRƯƠNG VĂN THÀNH – HIỆP PHÚ, THỦ ĐỨC, CÁCH NGÃ TƯ THỦ ĐỨC 200M","6,9 tỷ",80 m²,"Đường Trương Văn Thành, Phường Tăng Nhơn Phú, Hồ Chí Minh",Thành phố Thủ Đức,Phường Hiệp Phú,Nhà ở,ban,https://alonhadat.com.vn/-vip-nha-hxh-truong-van-thanh-hiep-phu-thu-duc-cach-nga-tu-thu-duc-200m-18382747.html,alonhadat,3,6900000000,80,2026-06-07,,18382747,,
"Bán nhà đẹp đường số 18, P. Bình Trưng - ngay Nguyễn Duy Trinh - DT 55m2 - 4 tầng - 8.9 tỷ","8,9 tỷ",56 m²,"Đường số 18, Phường Bình Trưng, Hồ Chí Minh",Thành phố Thủ Đức,Phường Bình Trưng,Nhà ở,ban,https://alonhadat.com.vn/ban-nha-dep-duong-so-18-p-binh-trung-ngay-nguyen-duy-trinh-dt-55m2-4-tang-8-9-ty-18757329.html,alonhadat,4,8900000000,56,2026-06-07,,18757329,,
"Bán nhà MT Làng Báo Chí, Thảo Điền - DT 7x20 - 3 tầng - HĐT 60tr/tháng - Giá 23 tỷ TL",23 tỷ,140 m²,"Đường số 1, Phường An Khánh, Hồ Chí Minh",Thành phố Thủ Đức,Phường Thảo Điền,Nhà ở,ban,https://alonhadat.com.vn/ban-nha-mt-lang-bao-chi-thao-dien-dt-7x20-3-tang-hdt-60tr-thang-gia-23-ty-tl-17746741.html,alonhadat,4,23000000000,140,2026-06-07,,17746741,,
"Hot Hot ! Bán Toà Nhà Mặt Tiền Kha Vạn Cân .DT 13,6mx40m. 5 Tầng. HĐT 150tr. Giá 70 Tỷ",70 tỷ,511 m²,"Đường Kha Vạn Cân, Phường Hiệp Bình, Hồ Chí Minh",Thành phố Thủ Đức,Phường Linh Đông,Nhà ở,ban,https://alonhadat.com.vn/dung-chan-ban-toa-nha-mat-tien-kha-van-can-dt-13-6mx40m-5-tang-hdt-150tr-gia-70-ty-18439685.html,alonhadat,6,70000000000,511,2026-06-07,,18439685,,
"🔥 TÒA NHÀ 5 TẦNG MẶT TIỀN – VỪA Ở VỪA LÀM VĂN PHÒNG – ĐẲNG CẤP DOANH NHÂN - AN KHÁNH, Q2",26 tỷ,101 m²,"Đường số 11A, Phường An Khánh, Hồ Chí Minh",Thành phố Thủ Đức,Phường An Khánh,Nhà ở,ban,https://alonhadat.com.vn/-toa-nha-5-tang-mat-tien-vua-o-vua-lam-van-phong-dang-cap-doanh-nhan-an-khanh-q2-18755431.html,alonhadat,4,26000000000,101,2026-06-07,,18755431,,
"Nhà Ngang 13m mặt tiền Đỗ Xuân Hợp,Gần Ga Metro Bình Thái,13x60m (NH 20m),HĐT 200tr/tháng",150 tỷ,1250 m²,"Đường Đỗ Xuân Hợp, Phường Phước Long, Hồ Chí Minh",Thành phố Thủ Đức,Phường Phước Long B,Nhà ở,ban,https://alonhadat.com.vn/nha-ngang-13m-mat-tien-do-xuan-hop-gan-ga-metro-binh-thai-13x60m-nh-20m-hdt-200tr-thang-17422742.html,alonhadat,4,150000000000,1250,2026-06-07,,17422742,,
"Nhà 2 Tầng Linh Xuân, 67m2 Sổ hồng riêng hoàn công, 3PN, 2wc, có sân để xe, hẻm xe hơi","4,5 tỷ",67 m²,"Đường Số 8, Phường Linh Xuân, Hồ Chí Minh",Thành phố Thủ Đức,Phường Linh Xuân,Nhà ở,ban,https://alonhadat.com.vn/nha-2-tang-linh-xuan-67m2-so-hong-rieng-hoan-cong-3pn-2wc-co-san-de-xe-hem-xe-hoi-18756692.html,alonhadat,3,4500000000,67,2026-06-07,,18756692,,
"Bán nhà 1-3 Giang Văn Minh, An Phú, Tp. Thủ Đức 25x20m- HĐT 5.000$-150 Tỷ TL",150 tỷ,496 m²,"Đường Giang Văn Minh, Phường An Khánh, Hồ Chí Minh",Thành phố Thủ Đức,Phường An Phú,Nhà ở,ban,https://alonhadat.com.vn/ban-nha-1-3-giang-van-minh-an-phu-tp-thu-duc-25x20m-hdt-5-000-150-ty-tl-18756668.html,alonhadat,2,150000000000,496,2026-06-07,,18756668,,
Bán tòa nhà khu compound Trần Não - Quận 2 - DT 14x28m - CN 354m2 - Hầm 6 tầng - Giá 55 tỷ,55 tỷ,392 m²,"Đường Trần Não, Phường An Khánh, Hồ Chí Minh",Thành phố Thủ Đức,Phường An Khánh,Nhà ở,ban,https://alonhadat.com.vn/ban-toa-nha-khu-compound-tran-nao-quan-2-dt-14x28m-cn-354m2-ham-6-tang-gia-55-ty-17815848.html,alonhadat,6,55000000000,392,2026-06-07,,17815848,,
"Bán nhà view Landmark 81, hầm 4 tầng-DT 6x25m,HDT 120triệu, đường Trần Não,Quận 2,Giá 37ty",37 tỷ,135 m²,"Đường Trần Não, Phường An Khánh, Hồ Chí Minh",Thành phố Thủ Đức,Phường An Khánh,Nhà ở,ban,https://alonhadat.com.vn/ban-nha-view-landmark-81-ham-4-tang-dt-6x25m-hdt-120trieu-duong-tran-nao-quan-2-gia-37ty-17808211.html,alonhadat,6,37000000000,135,2026-06-07,,17808211,,
🔥 XE HƠI NGỦ TRONG NHÀ MỚI 4 TẦNG Ở NGAY HẺM XE TẢI THÔNG - KHU PHÂN LÔ SÁT MẶT TIỀN,"6,5 tỷ",50 m²,"Đường Lã Xuân Oai, Phường Long Trường, Hồ Chí Minh",Thành phố Thủ Đức,Phường Long Trường,Đất,ban,https://alonhadat.com.vn/-nha-moi-4-tang-hem-xe-tai-thong-sat-mt-la-xuan-oai-o-ngay-cuc-dep-vi-tri-dinh-18379820.html,alonhadat,3,6500000000,50,2026-06-07,,18379820,,
"CHDV 4 TẦNG, 8 PHÒNG DÒNG TIỀN 20TR/THÁNG DT 86M2 CHỈ 8,7 TỶ","8,7 tỷ",86 m²,"Đường Man Thiện, Phường Tăng Nhơn Phú, Hồ Chí Minh",Thành phố Thủ Đức,Phường Tăng Nhơn Phú A,Đất,ban,https://alonhadat.com.vn/chdv-4-tang-8-phong-dong-tien-20tr-thang-dt-86m2-chi-9-1-ty-18160250.html,alonhadat,8,8700000000,86,2026-06-07,,18160250,,
"GIẢM 250TR – CÒN 4.2 TỶ 🔥 NHÀ MẶT TIỀN – TĂNG NHƠN PHÚ B – 4,2 TỶ LỆ","4,2 tỷ",63 m²,"Đường Số 3, Phường Tăng Nhơn Phú, Hồ Chí Minh",Thành phố Thủ Đức,Phường Tăng Nhơn Phú B,Đất,ban,https://alonhadat.com.vn/giam-250tr-con-4-2-ty-nha-mat-tien-tang-nhon-phu-b-4-2-ty-le-18177788.html,alonhadat,2,4200000000,63,2026-06-07,,18177788,,
🔥MẶT TIỀN LÊ VĂN VIỆT NGANG 8M HIẾM TỔNG DT 344M2 – DÒNG TIỀN 100TR/THÁNG🔥,63 tỷ,344 m²,"Đường Lê Văn Việt, Phường Tăng Nhơn Phú, Hồ Chí Minh",Thành phố Thủ Đức,Phường Tăng Nhơn Phú B,Đất,ban,https://alonhadat.com.vn/-mat-tien-le-van-viet-ngang-8m-hiem-tong-dt-344m2-dong-tien-100tr-thang--18373904.html,alonhadat,2,63000000000,344,2026-06-07,,18373904,,
🔥 GIẢM SỐC 1.5 TỶ – MẶT TIỀN LÊ VĂN VIỆT NGANG 5M DÀI 21M – CHỈ 22.5 TỶ,"22,5 tỷ",105 m²,"Đường Lê Văn Việt, Phường Tăng Nhơn Phú, Hồ Chí Minh",Thành phố Thủ Đức,Phường Tăng Nhơn Phú A,Đất,ban,https://alonhadat.com.vn/-giam-soc-1-5-ty-mat-tien-le-van-viet-ngang-5m-dai-21m-chi-22-5-ty-18372267.html,alonhadat,2,22500000000,105,2026-06-07,,18372267,,
"Bán nhà mặt tiền Tỉnh Lộ 43, DT 232m2 full thổ cư, sầm uất, gần chợ đầu mối, chợ bình chiể","19,9 tỷ",232 m²,"Đường Tỉnh Lộ 43, Phường Tam Bình, Hồ Chí Minh",Thành phố Thủ Đức,Phường Bình Chiểu,Đất,ban,https://alonhadat.com.vn/ban-nha-mat-tien-tinh-lo-43-dt-232m2-full-tho-cu-sam-uat-gan-cho-dau-moi-cho-binh-chie-18356170.html,alonhadat,8,19900000000,232,2026-06-07,,18356170,,
"Bán nhà mặt phố đường số 13, Long Bình, Thủ Đức, TP HCM. DT 105m2, 4 tầng. Giá 7,5 tỷ","7,5 tỷ",105 m²,"Đường Số 13, Phường Long Bình, Hồ Chí Minh",Thành phố Thủ Đức,Phường Long Bình,Đất,ban,https://alonhadat.com.vn/ban-nha-mat-pho-duong-so-13-long-binh-thu-duc-tp-hcm-dt-105m2-4-tang-gia-7-5-ty-18755396.html,alonhadat,6,7500000000,105,2026-06-07,,18755396,,
"Cần tìm chủ mới cho siêu phẩm Đường số 47, Thảo Điền, Q2. Giá 3Tỷ680 còn TL","3,68 tỷ",70 m²,"Đường số 47, Phường An Khánh, Hồ Chí Minh",Thành phố Thủ Đức,Phường Thảo Điền,Đất,ban,https://alonhadat.com.vn/can-tim-chu-moi-cho-sieu-pham-duong-so-47-thao-dien-q2-gia-3ty680-con-tl-18758102.html,alonhadat,5,3680000000,70,2026-06-07,,18758102,,
"Nhà 2 tầng 136m2 ngay chợ đêm Linh Trung, Thủ Đức mà chỉ 3tỷ4","3,4 tỷ",136 m²,"Đường Tỉnh Lộ 43, Phường Tam Bình, Hồ Chí Minh",Thành phố Thủ Đức,Phường Tam Bình,Đất,ban,https://alonhadat.com.vn/nha-2-tang-136m2-ngay-cho-dem-linh-trung-thu-duc-ma-chi-3ty4-18622683.html,alonhadat,3,3400000000,136,2026-06-07,,18622683,,
"DT 743m2 - 26x29m, khuôn đất xây cao hiếm tại Trần Não, An Khánh, liền kề Thủ Thiêm",145 tỷ,742 m²,"Đường Trần Não, Phường An Khánh, Hồ Chí Minh",Thành phố Thủ Đức,Phường An Khánh,Đất,ban,https://alonhadat.com.vn/dt-743m2-26x29m-khuon-dat-xay-cao-hiem-tai-tran-nao-an-khanh-lien-ke-thu-thiem-18661529.html,alonhadat,1,145000000000,742,2026-06-07,,18661529,,
"Tốt nhất tại Thảo Điền, MT Quốc Hương, DT 502m2 - 15.2x30m, xây cao tầng Hầm 7 Tầng",125 tỷ,502 m²,"Đường Quốc Hương, Phường An Khánh, Hồ Chí Minh",Thành phố Thủ Đức,Phường Thảo Điền,Đất,ban,https://alonhadat.com.vn/tot-nhat-tai-thao-dien-mt-quoc-huong-dt-502m2-15-2x30m-xay-cao-tang-ham-7-tang-18646474.html,alonhadat,6,125000000000,502,2026-06-07,,18646474,,
Bán đất xây biệt view sông đường Nguyễn Văn Hưởng Quận 2 giá 115 tỷ,115 tỷ,700 m²,"Đường Nguyễn Văn Hưởng, Phường An Khánh, Hồ Chí Minh",Thành phố Thủ Đức,Phường Thảo Điền,Đất,ban,https://alonhadat.com.vn/ban-dat-xay-biet-view-song-duong-nguyen-van-huong-quan-2-gia-115-ty-18660163.html,alonhadat,2,115000000000,700,2026-06-07,,18660163,,
CHỦ NGỘP CẦN RA GẤP SIÊU PHẨM 3 TẦNG – ĐƯỜNG 9M TRUNG TÂM PHƯỚC LONG B 96M2,"8,6 tỷ",96 m²,"Phường Phước Long, Hồ Chí Minh",Thành phố Thủ Đức,Phường Phước Long B,Đất,ban,https://alonhadat.com.vn/chu-ngop-can-ra-gap-sieu-pham-3-tang-duong-9m-trung-tam-phuoc-long-b-96m2-18758590.html,alonhadat,3,8600000000,96,2026-06-07,,18758590,,
"BÁN MẶT TIỀN ĐƯỜNG 9 LINH TÂY THỦ ĐỨC, DT 150M2 ,HAI LÔ LIỀN NHAU,CHO THUÊ 45TR","12,9 tỷ",150 m²,"Đường Số 9, Phường Linh Xuân, Hồ Chí Minh",Thành phố Thủ Đức,Phường Linh Tây,Đất,ban,https://alonhadat.com.vn/ban-mat-tien-duong-9-linh-tay-thu-duc-dt-150m2-hai-lo-lien-nhau-cho-thue-45tr-18758281.html,alonhadat,2,12900000000,150,2026-06-07,,18758281,,
"47TY 990- THU NHẬP 120TR/TH, BÁN nhà 3 lầu mặt tiền hoàng diệu 2, linh chiểu ,tp. thủ đức.","47,99 tỷ",337 m²,"Đường Hoàng Diệu 2, Phường Thủ Đức, Hồ Chí Minh",Thành phố Thủ Đức,Phường Linh Chiểu,Đất,ban,https://alonhadat.com.vn/47ty-990-thu-nhap-120tr-th-ban-nha-3-lau-mat-tien-hoang-dieu-2-linh-chieu-tp-thu-duc--15204693.html,alonhadat,36,47990000000,337,2026-06-07,,15204693,,
Siêu Phẩm MT Nguyễn Văn Kỉnh đối diện UBND Thủ Đức DT:8x20m Hầm 7Tầng HĐT:150Tr Giá:73Tỷ,73 tỷ,160 m²,"Đường Nguyễn Văn Kỉnh, Phường Cát Lái, Hồ Chí Minh",Thành phố Thủ Đức,Phường Thạnh Mỹ Lợi,Đất,ban,https://alonhadat.com.vn/sieu-pham-mt-nguyen-van-kinh-doi-dien-ubnd-thu-duc-dt-8x20m-ham-7tang-hdt-150tr-gia-73ty-18441919.html,alonhadat,8,73000000000,160,2026-06-07,,18441919,,
Bán Nhà 2 Tầng và Tum Mái - Đất 6x21 Full Thổ Cư - Đường 12m - Sau Chợ Thủ Đức - 5ty85,"5,85 tỷ",123 m²,"Đường Ngô Chí Quốc, Phường Tam Bình, Hồ Chí Minh",Thành phố Thủ Đức,Phường Bình Chiểu,Đất,ban,https://alonhadat.com.vn/toi-ban-nha-2-tang-va-tum-mai-dat-6x21-full-tho-cu-duong-12m-sau-cho-thu-duc-4ty35-13868707.html,alonhadat,2,5850000000,123,2026-06-07,,13868707,,
"Chủ chào bán gấp 162m2 Lê Văn Việt, Q9. Cách nhà ra phố 8.xtỷ đàm phán.",55 triệu / m²,162 m²,"Đường Lê Văn Việt, Phường Long Bình, Hồ Chí Minh",Thành phố Thủ Đức,Phường Long Bình,Đất,ban,https://alonhadat.com.vn/chu-chao-ban-gap-162m2-le-van-viet-q9-cach-nha-ra-pho-8-xty-dam-phan--18757629.html,alonhadat,3,8910000000,162,2026-06-07,,18757629,,
"GẤP BÁN GIẢM TỪ 10 TỶ CÒN 7,5 TỶ. NGÃ TƯ THỦ ĐỨC 106M² 3 TẦNG.","7,5 tỷ",106 m²,"Đường Số 10, Phường Linh Xuân, Hồ Chí Minh",Thành phố Thủ Đức,Phường Linh Trung,Đất,ban,https://alonhadat.com.vn/gap-ban-giam-tu-10-ty-con-7-5-ty-nga-tu-thu-duc-106m-3-tang--18757602.html,alonhadat,3,7500000000,106,2026-06-07,,18757602,,
"💥 HXH TRÁNH – TRƯƠNG VĂN HẢI, TNPB SÁT NGAY GA METRO NGÃ 4 THỦ ĐỨC – 95M² – TIỆN XÂY CHDV","8,6 tỷ",95 m²,"Đường Trương Văn Hải, Phường Tăng Nhơn Phú, Hồ Chí Minh",Thành phố Thủ Đức,Phường Tăng Nhơn Phú B,Đất,ban,https://alonhadat.com.vn/-hxh-tranh-truong-van-hai-tnpb-sat-ngay-ga-metro-nga-4-thu-duc-95m-tien-xay-chdv-18253337.html,alonhadat,3,8600000000,95,2026-06-07,,18253337,,
"NHÀ MT ĐƯỜNG 185 - TRUNG TÂM PHƯỚC LONG B Q9, TRỆT LẦU 53M2 CHỈ 6,8 TỶ","6,8 tỷ",53 m²,"Đường số 185, Phường Phước Long, Hồ Chí Minh",Thành phố Thủ Đức,Phường Phước Long B,Đất,ban,https://alonhadat.com.vn/nha-mt-duong-185-trung-tam-phuoc-long-b-q9-tret-lau-53m2-chi-6-8-ty-18378919.html,alonhadat,2,6800000000,53,2026-06-07,,18378919,,
Bán lô đất góc 2 mặt tiền view sông đường Nguyễn Văn Hưởng Q.2 giá 80 tỷ,80 tỷ,310 m²,"Đường Nguyễn Văn Hưởng, Phường An Khánh, Hồ Chí Minh",Thành phố Thủ Đức,Phường Thảo Điền,Đất nền,ban,https://alonhadat.com.vn/ban-lo-dat-goc-2-mat-tien-view-song-duong-nguyen-van-huong-q-2-gia-80-ty-18660196.html,alonhadat,2,80000000000,310,2026-06-07,,18660196,,
"Bán lô đất đẹp 15x20m KDC Huy Hoàng ngay Trần Quý Kiên, P.Thạnh Mỹ Lợi giá chỉ 155tr/m2",46 tỷ,300 m²,"Đường Trần Quý Kiên, Phường Cát Lái, Hồ Chí Minh",Thành phố Thủ Đức,Phường Thạnh Mỹ Lợi,Đất nền,ban,https://alonhadat.com.vn/ban-lo-dat-dep-15x20m-kdc-huy-hoang-ngay-tran-quy-kien-p-thanh-my-loi-gia-chi-155tr-m2-18756942.html,alonhadat,6,46000000000,300,2026-06-07,,18756942,,
Bán lô đất gần sông KDC Thủ Thiêm P. Thạnh Mỹ Lợi 8x20m giá 130tr/m2,"20,8 tỷ",160 m²,"Đường Vũ Phương Đế, Phường Cát Lái, Hồ Chí Minh",Thành phố Thủ Đức,Phường Thạnh Mỹ Lợi,Đất nền,ban,https://alonhadat.com.vn/ban-lo-dat-gan-song-kdc-thu-thiem-p-thanh-my-loi-8x20m-gia-130tr-m2-18756880.html,alonhadat,1,20800000000,160,2026-06-07,,18756880,,
Bán lô đất góc 2 mặt tiền Vũ Phương Đề KDC Thủ Thiêm P.Thạnh Mỹ Lợi 15x30m giá 150tr/m2,"45,75 tỷ",305 m²,"Đường Vũ Phương Đế, Phường Cát Lái, Hồ Chí Minh",Thành phố Thủ Đức,Phường Thạnh Mỹ Lợi,Đất nền,ban,https://alonhadat.com.vn/ban-lo-dat-goc-2-mat-tien-vu-phuong-de-kdc-thu-thiem-p-thanh-my-loi-15x30m-gia-150tr-m2-18756865.html,alonhadat,1,45750000000,305,2026-06-07,,18756865,,
"45.5 TỶ - cho thuê 60tr/ th , cần gấp bán nhà mặt tiền ,đường cây keo , thủ đức -DT:10X60m","45,5 tỷ",592 m²,"Đường Cây Keo, Phường Tam Bình, Hồ Chí Minh",Thành phố Thủ Đức,Phường Tam Bình,Đất nền,ban,https://alonhadat.com.vn/42-8-ty-cho-thue-60tr-th-can-gap-ban-nha-mat-tien-duong-cay-keo-thu-duc-dt-10x60m-15144464.html,alonhadat,3,45500000000,592,2026-06-07,,15144464,,
Duy nhất lô đất MT Đường số 63 KDC Văn Minh Q.2| DT: 10x18| CTXD: Hầm+ 5 tầng| 41.5 tỷ,"41,5 tỷ",180 m²,"Đường số 63, Phường An Khánh, Hồ Chí Minh",Thành phố Thủ Đức,Phường An Phú,Đất nền,ban,https://alonhadat.com.vn/duy-nhat-lo-dat-mt-duong-so-63-kdc-van-minh-q-2-dt-10x18-ctxd-ham-5-tang-41-5-ty-18757169.html,alonhadat,1,41500000000,180,2026-06-07,,18757169,,
Bán Lô Đất Mặt Tiền Đặng Như Mai- Thành Mỹ Lợi- DT 10x20m- CTXD Hầm 6 Tầng - Giá 42 tỷ,42 tỷ,200 m²,"Đường Đặng Như Mai, Phường Cát Lái, Hồ Chí Minh",Thành phố Thủ Đức,Phường Thạnh Mỹ Lợi,Đất nền,ban,https://alonhadat.com.vn/ban-lo-dat-mat-tien-dang-nhu-mai-thanh-my-loi-dt-10x20m-ctxd-ham-6-tang-gia-42-ty-17815812.html,alonhadat,6,42000000000,200,2026-06-07,,17815812,,
"Bán nhà mặt tiền Trịnh Quang Nghị, H. Bình Chánh, 333,5m2, ngang 9,39m, sát Khang Điền","13,8 tỷ",333 m²,"Đường Trịnh Quang Nghị, Xã Bình Hưng, Hồ Chí Minh",Huyện Bình Chánh,Xã Phong Phú,Nhà ở,ban,https://alonhadat.com.vn/ban-nha-mat-tien-trinh-quang-nghi-h-binh-chanh-333-5m2-ngang-9-39m-sat-khang-dien-18752938.html,alonhadat,1,13800000000,333,2026-06-06,,18752938,,
Nhà Phố Vinhomes Hóc Môn Mở Bán 06/06/2026 - Trả Trước Từ 1 tỷ 4,"4,8 tỷ",50 m²,"Quốc Lộ 22, Xã Xuân Thới Sơn, Hồ Chí Minh",Huyện Hóc Môn,Xã Xuân Thới Sơn,Nhà ở,ban,https://alonhadat.com.vn/nhan-booking-nha-pho-vinhomes-hoc-mon-mo-ban-06-06-2026-gia-dat-khong-tu-4-ty-8-18744030.html,alonhadat,6,4800000000,50,2026-06-06,,18744030,,
"Bán Nhà khu Bán Đảo Gia Long Riverside 5 Tầng, Thang Máy, Full Nội Thất 6.9 x 12 Sổ Riêng","11,03 tỷ",84 m²,"Đường Lê Văn Lương, Xã Nhà Bè, Hồ Chí Minh",Huyện Nhà Bè,Xã Phước Kiển,Nhà ở,ban,https://alonhadat.com.vn/ban-nha-khu-ban-dao-gia-long-riverside-5-tang-thang-may-full-noi-that-6-9-x-12-so-rieng-18178529.html,alonhadat,5,11030000000,84,2026-06-06,,18178529,,
"Bán tòa nhà mặt tiền Nguyễn Trường Tộ - DT 16,5x23m_Hầm 12 tầng - HĐT 1 tỷ/ th_Giá 240 tỷ",240 tỷ,380 m²,"Đường Nguyễn Trường Tộ, Phường Xóm Chiếu, Hồ Chí Minh",Không rõ,Phường 12,Nhà ở,ban,https://alonhadat.com.vn/ban-toa-nha-mat-tien-nguyen-truong-to-dt-16-5x23m-ham-12-tang-hdt-1-ty-th-gia-240-ty-18754261.html,alonhadat,12,240000000000,380,2026-06-06,,18754261,,
"Bán MT Trần Hưng Đạo Phường Cầu Kho Quận 1 , 4 x 18m , 6 Tầng 45 tỷ",45 tỷ,70 m²,"Đường Trần Hưng Đạo, Phường Cầu Ông Lãnh, Hồ Chí Minh",Quận 1,Phường Cầu Kho,Mặt bằng,ban,https://alonhadat.com.vn/ban-mt-tran-hung-dao-phuong-cau-kho-quan-1-4-x-18m-6-tang-45-ty-18753672.html,alonhadat,6,45000000000,70,2026-06-06,,18753672,,
"HIẾM CÓ Nhà Bán MT 369 Trần Hưng Đạo, P.Cầu Ông Lãnh Quận 1 DT 4x18m, 6 tầng giá 48 tỷ TL",48 tỷ,70 m²,"Đường Trần Hưng Đạo, Phường Cầu Ông Lãnh, Hồ Chí Minh",Quận 1,Phường Cầu Ông Lãnh,Nhà ở,ban,https://alonhadat.com.vn/hiem-co-nha-ban-mt-369-tran-hung-dao-p-cau-ong-lanh-quan-1-dt-4x18m-6-tang-gia-48-ty-tl-18751787.html,alonhadat,10,48000000000,70,2026-06-06,,18751787,,
Mặt tiền Trần Hưng Đạo - Cách chợ Bến Thành 500m - DT: 16x22m - CN: 335m2 - 230 tỷ TL,230 tỷ,335 m²,"Đường Trần Hưng Đạo, Phường Bến Thành, Hồ Chí Minh",Quận 1,Phường Phạm Ngũ Lão,Nhà ở,ban,https://alonhadat.com.vn/mat-tien-tran-hung-dao-cach-cho-ben-thanh-500m-dt-16x22m-cn-335m2-230-ty-tl-18754134.html,alonhadat,5,230000000000,335,2026-06-06,,18754134,,
Nợ Bank Cần Bán Gấp MT Khu Phan Xích Long Cách Quận 1 50m DT 4x18 5 Lầu Mới Chỉ 24 Tỷ TL,24 tỷ,72 m²,"Đường số 1, Phường Gia Định, Hồ Chí Minh",Quận 1,Phường 3,Đất,ban,https://alonhadat.com.vn/no-bank-can-ban-gap-mt-khu-phan-xich-long-cach-quan-1-50m-dt-4x18-5-lau-moi-chi-24-ty-tl-18215271.html,alonhadat,6,24000000000,72,2026-06-06,,18215271,,
🔥Siêu VIP - Khuôn Đất Đẹp MT Ký Con Q1 20x20m 4 Lầu HĐ 270 Triệu/Th Chỉ 270 Tỷ,270 tỷ,400 m²,"Đường Ký Con, Phường Sài Gòn, Hồ Chí Minh",Quận 1,Phường Nguyễn Thái Bình,Đất,ban,https://alonhadat.com.vn/-sieu-vip-khuon-dat-dep-mt-ky-con-q1-20x20m-4-lau-hd-270-trieu-th-chi-270-ty-18713885.html,alonhadat,4,270000000000,400,2026-06-06,,18713885,,
🔥 SIÊU VIP - MT HỒ HẢO HỚN Q1 20x22m 420m2 3 Lầu HĐ 240 Triệu/Th Chỉ 280 Tỷ,280 tỷ,420 m²,"Đường Hồ Hảo Hớn, Phường Cầu Ông Lãnh, Hồ Chí Minh",Quận 1,Phường Cô Giang,Đất,ban,https://alonhadat.com.vn/-sieu-vip-mt-ho-hao-hon-q1-20x22m-420m2-3-lau-hd-240-trieu-th-chi-280-ty-18713793.html,alonhadat,3,280000000000,420,2026-06-06,,18713793,,
🔥Siêu Vị Trí Ngay Chợ Bến Thành - MT Calmette Q1 8x20m 4 lầu HĐ 180 Tr/th Chỉ 115 Tỷ,115 tỷ,160 m²,"Đường Calmette, Phường Bến Thành, Hồ Chí Minh",Quận 1,Phường Bến Thành,Đất,ban,https://alonhadat.com.vn/-sieu-vi-tri-ngay-cho-ben-thanh-mt-calmette-q1-8x20m-4-lau-hd-180-tr-th-chi-115-ty-18727236.html,alonhadat,4,115000000000,160,2026-06-06,,18727236,,
🔥Duy Nhất Ngay Bến Thành Khuôn Đất MT Khu Nguyễn Thái Bình Q.1 20x22m 3L Chi 290 Tỷ,290 tỷ,440 m²,"Đường Nguyễn Thái Bình, Phường Bến Thành, Hồ Chí Minh",Quận 1,Phường Bến Thành,Đất,ban,https://alonhadat.com.vn/-duy-nhat-ngay-ben-thanh-khuon-dat-mt-khu-nguyen-thai-binh-q-1-20x22m-3l-chi-290-ty-18660559.html,alonhadat,4,290000000000,440,2026-06-06,,18660559,,
"Bán nhà 2MT CMT8 Hòa Hưng Quận 10- DT 7,84 x 25m - HĐT 140 Triệu/Tháng - Giá bán: 43,8 TỶ","43,8 tỷ",195 m²,"Đường Cách Mạng Tháng 8, Phường Hòa Hưng, Hồ Chí Minh",Quận 10,Phường 13,Nhà ở,ban,https://alonhadat.com.vn/ban-nha-2mt-cmt8-hoa-hung-quan-10-dt-7-84-x-25m-hdt-140-trieu-thang-gia-ban-43-8-ty-18752799.html,alonhadat,5,43800000000,195,2026-06-06,,18752799,,
SIÊU PHẨM GÓC 2MT ĐƯỜNG SỐ 2 CƯ XÁ LỮ GIA (Q.11) - 329M² KHUÔN ĐẤT VÀNG 14M x 22M,88 tỷ,329 m²,"Đường Cư Xá Lữ Gia, Phường Phú Thọ, Hồ Chí Minh",Quận 11,Phường 15,Biệt thự,ban,https://alonhadat.com.vn/sieu-pham-goc-2mt-duong-so-2-cu-xa-lu-gia-q-11-329m-khuon-dat-vang-14m-x-22m-18741308.html,alonhadat,6,88000000000,329,2026-06-06,,18741308,,
BÁN TÒA NHÀ CĂN HỘ DỊCH VỤ QUẬN 11 – 343M² THỔ CƯ – THU NHẬP 150TR/THÁNG,45 tỷ,390 m²,"Đường Đội Cung, Phường Bình Thới, Hồ Chí Minh",Quận 11,Phường Bình Thới,Căn hộ chung cư,ban,https://alonhadat.com.vn/ban-toa-nha-can-ho-dich-vu-quan-11-343m-tho-cu-thu-nhap-150tr-thang-18316023.html,alonhadat,31,45000000000,390,2026-06-06,,18316023,,
BÁN BIỆT THỰ SÂN VƯỜN. DT- 25x50M CN 1.250m² 5 TẦNG-CÓ THANG MÁY GIÁ 78 TỶ,78 tỷ,1250 m²,"Đường An Phú Đông 1, Phường Trung Mỹ Tây, Hồ Chí Minh",Quận 12,Phường Tân Chánh Hiệp,Biệt thự,ban,https://alonhadat.com.vn/ban-biet-thu-san-vuon-dt-25x50m-cn-1-250m-5-tang-co-thang-may-gia-78-ty-18752956.html,alonhadat,10,78000000000,1250,2026-06-06,,18752956,,
"1. Nhà Tân Thới Hiệp 21, sát Dương Thị 10. Tk 2tầng nhỉnh 1 tỷ",1 tỷ,32 m²,"Đường Tân Thới Hiệp 21, Phường Tân Thới Hiệp, Hồ Chí Minh",Quận 12,Phường Tân Thới Hiệp,Nhà ở,ban,https://alonhadat.com.vn/1-nha-tan-thoi-hiep-21-sat-duong-thi-10-tk-2tang-nhinh-1-ty-18749083.html,alonhadat,2,1000000000,32,2026-06-06,,18749083,,
"168M² – NGANG 13M – DÒNG TIỀN 20TR/TH –2 MẶT TIỀN T15– AN PHÚ ĐÔNG –Q12 💸CHỈ 5,45 TỶ","5,45 tỷ",168 m²,"Đường T15, Phường An Phú Đông, Hồ Chí Minh",Quận 12,Phường An Phú Đông,Đất,ban,https://alonhadat.com.vn/ban-nha-cap-4-hai-mat-tien-duong-t15-phuong-an-phu-dong-q12-dt168-5m-dongtien-20tr-th-17002869.html,alonhadat,4,5450000000,168,2026-06-06,,17002869,,
🔥Chia TS Cần Bán Gấp Góc 2MT Võ Văn Tần - Cao Thắng Q3 8x12m 95m2 5L Mới Chỉ 60 Tỷ,60 tỷ,95 m²,"Đường Võ Văn Tần, Phường Bàn Cờ, Hồ Chí Minh",Quận 3,Phường 5,Đất,ban,https://alonhadat.com.vn/-chia-ts-can-ban-gap-goc-2mt-vo-van-tan-cao-thang-q3-8x12m-95m2-5l-moi-chi-60-ty-18727329.html,alonhadat,5,60000000000,95,2026-06-06,,18727329,,
"Nợ ngân hàng bán tòa nhà mặt tiền Trần Quang Diệu, Quận 3 DT 15x20m, KC 1 H+8 lầù_70 tỷ",70 tỷ,296 m²,"Đường Trần Quang Diệu, Phường Nhiêu Lộc, Hồ Chí Minh",Quận 3,Phường 14,Đất,ban,https://alonhadat.com.vn/no-ngan-hang-ban-toa-nha-mat-tien-tran-quang-dieu-quan-3-dt-15x20m-kc-1-h-8-lau-70-ty-18754083.html,alonhadat,7,70000000000,296,2026-06-06,,18754083,,
VỊ TRÍ CỰC ĐẸP MẶT TIỀN NGUYỂN CHÍ THANH P9 QUẬN 5 NGAY VÒNG XOAY NGUYỄN TRI PHƯƠNG 25 TỶ,25 tỷ,54 m²,"Đường Nguyễn Chí Thanh, Phường An Đông, Hồ Chí Minh",Quận 5,Phường 9,Nhà ở,ban,https://alonhadat.com.vn/vi-tri-cuc-dep-mat-tien-nguyen-chi-thanh-p9-quan-5-ngay-vong-xoay-nguyen-tri-phuong-25-ty-18752693.html,alonhadat,8,25000000000,54,2026-06-06,,18752693,,
"MẶT TIỀN TRUNG TÂM – GẦN CÔNG VIÊN TƯỞNG NIỆM COVID, GIÁ 17 TỶ",17 tỷ,85 m²,"Đường Trần Phú, Phường Chợ Quán, Hồ Chí Minh",Quận 5,Phường 4,Nhà ở,ban,https://alonhadat.com.vn/mat-tien-trung-tam-gan-cong-vien-tuong-niem-covid-gia-17-ty-18752022.html,alonhadat,4,17000000000,85,2026-06-06,,18752022,,
Mặt tiền khu Bình Phú P.10 Quận 6 cũ (4.5x20m) 3 lầu chỉ 11.8 tỷ tl,"11,8 tỷ",90 m²,"Đường Số 25, Phường Bình Phú, Hồ Chí Minh",Quận 6,Phường 10,Nhà ở,ban,https://alonhadat.com.vn/mat-tien-khu-binh-phu-p-10-quan-6-cu-4-5x20m-3-lau-chi-11-8-ty-tl-18753219.html,alonhadat,5,11800000000,90,2026-06-06,,18753219,,
Siêu Phẩm Giáp Quận 7..Nhà Mới 4 Tầng..Sổ Hồng Riêng..Hoàn Công Chuẩn,"9,7 tỷ",62 m²,"Đường Huỳnh Tấn Phát, Xã Nhà Bè, Hồ Chí Minh",Quận 7,Xã Phú Xuân,Nhà ở,ban,https://alonhadat.com.vn/sieu-pham-giap-quan-7-nha-moi-4-tang-so-hong-rieng-hoan-cong-chuan-18753448.html,alonhadat,4,9700000000,62,2026-06-06,,18753448,,
"Bán Nhà Hẻm Xe Hơi Bùi Văn Ba, Q7 - 65m2 - 1 Trệt 2 Lầu Sân Thượng - Giá 7.9 Tỷ (TL) ​Cầ","7,9 tỷ",65 m²,"Đường Bùi Văn Ba, Phường Tân Thuận, Hồ Chí Minh",Quận 7,Phường Tân Thuận Đông,Nhà ở,ban,https://alonhadat.com.vn/ban-nha-hem-xe-hoi-bui-van-ba-q7-65m2-1-tret-2-lau-san-thuong-gia-7-9-ty-tl-ca-18755048.html,alonhadat,4,7900000000,65,2026-06-06,,18755048,,
HẠ CHÀO CHẤN ĐỘNG 5 TỶ - SIÊU BIỆT THỰ SÂN VƯỜN TÂN CỔ ĐIỂN BÌNH THẠNH -NGANG 9.2M,30 tỷ,270 m²,"Đường Lê Quang Định, Phường Bình Lợi Trung, Hồ Chí Minh",Quận Bình Thạnh,Phường 11,Biệt thự,ban,https://alonhadat.com.vn/ha-chao-chan-dong-5-ty-sieu-biet-thu-san-vuon-tan-co-dien-binh-thanh-ngang-9-2m-18752703.html,alonhadat,8,30000000000,270,2026-06-06,,18752703,,
Nhà Mới Xây Vuông Vức Hẻm Rộng Thoáng Mát Khu Dân Trí Cao,"6,5 tỷ",46 m²,"Đường Nơ Trang Long, Phường Bình Lợi Trung, Hồ Chí Minh",Quận Bình Thạnh,Phường 13,Nhà ở,ban,https://alonhadat.com.vn/nha-moi-xay-vuong-vuc-hem-rong-thoang-mat-khu-dan-tri-cao-18721305.html,alonhadat,3,6500000000,46,2026-06-06,,18721305,,
🔥Siêu Phẩm Hàng Kín - Tòa Nhà Góc 2 MT Nguyễn Văn Đậu 10x19m Hầm 7L HĐ 135Tr Chỉ 50 Tỷ,50 tỷ,185 m²,"Đường Nguyễn Văn Đậu, Phường Gia Định, Hồ Chí Minh",Quận Bình Thạnh,Phường 7,Nhà ở,ban,https://alonhadat.com.vn/-sieu-pham-hang-kin-toa-nha-goc-2-mt-nguyen-van-dau-10x19m-ham-7l-hd-135-tr-chi-55-ty-18711102.html,alonhadat,8,50000000000,185,2026-06-06,,18711102,,
"HOt! Bán nhà MT Xô Viết Nghệ Tĩnh, Phường 25, Bình Thạnh, DT 12x75m, CN: 820m2. Giá 155 tỷ",155 tỷ,820 m²,"Đường Xô Viết Nghệ Tĩnh, Phường Thạnh Mỹ Tây, Hồ Chí Minh",Quận Bình Thạnh,Phường 25,Nhà ở,ban,https://alonhadat.com.vn/hot-ban-nha-mt-xo-viet-nghe-tinh-phuong-25-binh-thanh-dt-12x75m-cn-820m2-gia-155-ty-18149273.html,alonhadat,2,155000000000,820,2026-06-06,,18149273,,
"Nhà ĐẸP 1 trệt 1 lầu Lê Văn Quới ngay BỐN XÃ - Giá 5,2 tỉ","5,2 tỷ",44 m²,"Đường Lê Văn Quới, Phường Bình Hưng Hòa, Hồ Chí Minh",Quận Bình Tân,Phường Bình Hưng Hòa A,Nhà ở,ban,https://alonhadat.com.vn/nha-moi-dep-4x10-le-van-quoi-gia-4-83-ti-18620278.html,alonhadat,2,5200000000,44,2026-06-06,,18620278,,
Bán nhà hẻm xe tải đường Hương Lộ 2 thông Lê Văn Quới,"6,89 tỷ",86 m²,"Đường Hương lộ 2, Phường Bình Trị Đông, Hồ Chí Minh",Quận Bình Tân,Phường Bình Trị Đông,Nhà ở,ban,https://alonhadat.com.vn/ban-nha-hem-xe-tai-duong-huong-lo-2-thong-le-van-quoi-18702414.html,alonhadat,4,6890000000,86,2026-06-06,,18702414,,
BÁN NHÀ LÊ ĐÌNH CẨN – NHÀ ĐẸP Ở NGAY – DT 63m² – GIÁ CHỈ 4.9 TỶ,"4,9 tỷ",63 m²,"Đường Lê Đình Cẩn, Phường Tân Tạo, Hồ Chí Minh",Quận Bình Tân,Phường Tân Tạo,Nhà ở,ban,https://alonhadat.com.vn/ban-nha-le-dinh-can-nha-dep-o-ngay-dt-63m-gia-chi-4-9-ty-18752084.html,alonhadat,4,4900000000,63,2026-06-06,,18752084,,
GẦN AEON TÂN PHÚ - NGÃ 4 GÒ MÂY - 60M2 - ĐƯỜNG NHỰA 6M 5TẦNG THANG MÁY FULL NỘI THẤT 7.XTỶ,7 tỷ,60 m²,"Đường Hồ Văn Long, Phường Bình Tân, Hồ Chí Minh",Quận Bình Tân,Phường Bình Hưng Hòa B,Nhà ở,ban,https://alonhadat.com.vn/gan-aeon-tan-phu-nga-4-go-may-60m2-duong-nhua-6m-5tang-thang-may-full-noi-that-7-xty-18747114.html,alonhadat,4,7000000000,60,2026-06-06,,18747114,,
"🏡 BÁN NHÀ MỚI 100% – 5 TẦNG THANG MÁY – HXH THÔNG NGUYỄN THỊ TÚ, KDC VĨNH LỘC – NHỈNH 8 T",8 tỷ,70 m²,"Đường Nguyễn Thị Tú, Phường Bình Tân, Hồ Chí Minh",Quận Bình Tân,Phường Bình Hưng Hòa B,Nhà ở,ban,https://alonhadat.com.vn/-ban-nha-moi-100-5-tang-thang-may-hxh-thong-nguyen-thi-tu-kdc-vinh-loc-nhinh-8-t-18754453.html,alonhadat,5,8000000000,70,2026-06-06,,18754453,,
NHÀ TRỌ 3 TẦNG 84 M2 – 14 PHÒNG – THU NHẬP 49 TRIỆU/THÁNG – CHỈ 6.5 TỶ - THỐNG NHẤT GÒ VẤP,"6,5 tỷ",84 m²,"Đường Thống Nhất, Phường An Hội Đông, Hồ Chí Minh",Quận Gò Vấp,Phường An Hội Đông,Nhà trọ,ban,https://alonhadat.com.vn/nha-tro-3-tang-84-m2-14-phong-thu-nhap-49-trieu-thang-chi-6-7-ty-thong-nhat-go-vap-18747853.html,alonhadat,14,6500000000,84,2026-06-06,,18747853,,
"GẤP BÁN 10 tỷ tiện KINH DOANH, 2 mặt tiền, HXH 5m, vài căn ra đg Phan Văn Trị, Q. Gò Vấp",10 tỷ,78 m²,"Đường Phan Văn Trị, Phường Hạnh Thông, Hồ Chí Minh",Quận Gò Vấp,Phường 1,Nhà ở,ban,https://alonhadat.com.vn/gap-ban-10-ty-tien-kinh-doanh-2-mat-tien-hxh-5m-vai-can-ra-dg-phan-van-tri-q-go-vap-18740086.html,alonhadat,3,10000000000,78,2026-06-06,,18740086,,
"NHÀ NÁT (5.8 x 17) hẻm OTO thông, QH hẻm 10m được xây cao tầng, 70m ra Rạch Xuyên Tâm","9,9 tỷ",95 m²,"Đường Dương Quảng Hàm, Phường An Nhơn, Hồ Chí Minh",Quận Gò Vấp,Phường 5,Đất,ban,https://alonhadat.com.vn/nha-nat-5-8-x-17-hem-oto-thong-qh-hem-10m-duoc-xay-cao-tang-70m-ra-rach-xuyen-tam-18745688.html,alonhadat,2,9900000000,95,2026-06-06,,18745688,,
"🏡 BÁN NHÀ MỚI XÂY 4 TẦNG – KHU DÂN TRÍ CAO – GẦN SÂN BAY TÂN SƠN NHẤT ✨ Giá bán: 13,5 tỷ","13,5 tỷ",71 m²,"Đường Nguyễn Kiệm, Phường Đức Nhuận, Hồ Chí Minh",Quận Phú Nhuận,Phường 4,Nhà ở,ban,https://alonhadat.com.vn/-ban-nha-moi-xay-4-tang-khu-dan-tri-cao-gan-san-bay-tan-son-nhat-gia-ban-13-5-ty-18754122.html,alonhadat,5,13500000000,71,2026-06-06,,18754122,,
"Hàng Hiếm 1000m2 đất mặt tiền Trung Tâm Phú Nhuận – Khuôn Đất 28x50m, Giá 190 Tỷ TL",190 tỷ,1000 m²,"Đường Trần Huy Liệu, Phường Phú Nhuận, Hồ Chí Minh",Quận Phú Nhuận,Phường 11,Đất,ban,https://alonhadat.com.vn/hang-hiem-1000m2-dat-trung-tam-phu-nhuan-khuon-dat-28x50m-gia-195-ty-tl-18727244.html,alonhadat,6,190000000000,1000,2026-06-06,,18727244,,
"Biệt Thự Góc 2 Mặt Tiền Cư Xá Tự Do. DT: 20x25m, Hầm 4 Tầng Giá Bán 85 Tỷ",85 tỷ,430 m²,"Đường Cách Mạng Tháng Tám, Phường Tân Sơn Nhất, Hồ Chí Minh",Quận Tân Bình,Phường 7,Biệt thự,ban,https://alonhadat.com.vn/biet-thu-goc-2-mat-tien-cu-xa-tu-do-dt-20x25m-ham-4-tang-gia-ban-85-ty-18672252.html,alonhadat,8,85000000000,430,2026-06-06,,18672252,,
"Tòa nhà 5 tầng 12 phòng (5x20m) có thang máy. Dòng tiền 1,2 tỷ/năm. Cách sân bay 600m 21tỷ",21 tỷ,96 m²,"Đường Hồng Hà, Phường Tân Sơn Hòa, Hồ Chí Minh",Quận Tân Bình,Phường 2,Căn hộ chung cư,ban,https://alonhadat.com.vn/toa-nha-4-tang-12-phong-5x20m-co-thang-may-dong-tien-1-2-ty-nam-cach-san-bay-600m-21ty-18690641.html,alonhadat,12,21000000000,96,2026-06-06,,18690641,,
"Hiếm ! Bán nhà Hồng HÀ, Phường 2 , Tân Bình. DT Ngang 8x16m - 4 tầng. HĐT: 50tr/th.","27,5 tỷ",135 m²,"Đường Hồng Hà, Phường Tân Sơn Hòa, Hồ Chí Minh",Quận Tân Bình,Phường 2,Căn hộ chung cư,ban,https://alonhadat.com.vn/hiem-ban-nha-hong-ha-phuong-2-tan-binh-dt-ngang-8x16m-4-tang-hdt-50tr-th--18690686.html,alonhadat,12,27500000000,135,2026-06-06,,18690686,,
Hàng hiếm giá tốt - Chỉ 180tr/m2 - Mặt tiền Đồng Đen - DT 6.5x27m nở hậu 9.4m - GPXD hầm 7,"41,9 tỷ",232 m²,"Đường Đồng Đen, Phường Tân Bình, Hồ Chí Minh",Quận Tân Bình,Phường 14,Nhà ở,ban,https://alonhadat.com.vn/hang-hiem-gia-tot-chi-180tr-m2-mat-tien-dong-den-dt-6-5x27m-no-hau-9-4m-gpxd-ham-7-17838087.html,alonhadat,5,41900000000,232,2026-06-06,,17838087,,
"Căn góc 2 MT kinh doanh đường bàu cát 1, p14, tân bình 6x13 giá 15.5 tỷ","15,5 tỷ",78 m²,"Đường Bàu Cát 1, Phường Tân Bình, Hồ Chí Minh",Quận Tân Bình,Phường 14,Nhà ở,ban,https://alonhadat.com.vn/can-goc-2-mt-kinh-doanh-duong-bau-cat-1-p14-tan-binh-6x13-gia-15-5-ty-15859383.html,alonhadat,3,15500000000,78,2026-06-06,,15859383,,
Xem ngay! 7.5x18 trệt 2 lầu góc 2MT Lạc Long Quân 17 tỷ chốt 14.8 tỷ,"14,8 tỷ",105 m²,"Đường Lạc Long Quân, Phường Tân Hòa, Hồ Chí Minh",Quận Tân Bình,Phường 9,Nhà ở,ban,https://alonhadat.com.vn/xem-ngay-7-5x18-tret-2-lau-goc-2mt-lac-long-quan-17-ty-chot-14-8-ty-18291009.html,alonhadat,4,14800000000,105,2026-06-06,,18291009,,
A TRAI E CẦN BÁN MT NGUYỄN MINH HOÀNG TÂN BÌNH 3TẦNG GIÁ 23 TỶ,23 tỷ,84 m²,"Đường Nguyễn Minh Hoàng, Phường Tân Bình, Hồ Chí Minh",Quận Tân Bình,Phường Tân Bình,Nhà ở,ban,https://alonhadat.com.vn/a-trai-e-can-ban-mt-nguyen-minh-hoang-tan-binh-3tang-gia-23-ty-18446758.html,alonhadat,6,23000000000,84,2026-06-06,,18446758,,
"🔥 BÁN NHÀ ĐƯỜNG NGUYỄN THÁI BÌNH, P.4, TÂN BÌNH – VỊ TRÍ VÀNG, DIỆN TÍCH ĐẸP 🔥","10,5 tỷ",61 m²,"Đường Nguyễn Thái Bình, Phường Tân Sơn Nhất, Hồ Chí Minh",Quận Tân Bình,Phường 4,Nhà ở,ban,https://alonhadat.com.vn/-ban-nha-duong-nguyen-thai-binh-p-4-tan-binh-vi-tri-vang-dien-tich-dep--18752979.html,alonhadat,4,10500000000,61,2026-06-06,,18752979,,
"BÁN TÒA NHÀ MẶT TIỀN BA VÌ, PHƯỜNG 4, QUẬN TÂN BÌNH .5,3m x 15,7m .Hầm + 5 tầng","20,9 tỷ",78 m²,"Đường Ba Vì, Phường Tân Sơn Nhất, Hồ Chí Minh",Quận Tân Bình,Phường 4,Nhà ở,ban,https://alonhadat.com.vn/ban-toa-nha-mat-tien-ba-vi-phuong-4-quan-tan-binh-5-3m-x-15-7m-ham-5-tang-18751238.html,alonhadat,6,20900000000,78,2026-06-06,,18751238,,
GÀ ĐẺ TRỨNG VÀNG CỬA NGÕ SÂN BAY - CHDV 4 LẦU TRƯỜNG SƠN - 147M² NỞ HẬU KHỦNG - GIÁ 26 TỶ,26 tỷ,147 m²,"Đường Trường Sơn, Phường Tân Sơn Nhất, Hồ Chí Minh",Quận Tân Bình,Phường 4,Đất,ban,https://alonhadat.com.vn/ga-de-trung-vang-cua-ngo-san-bay-chdv-4-lau-truong-son-147m-no-hau-khung-gia-26-ty-18752476.html,alonhadat,8,26000000000,147,2026-06-06,,18752476,,
"Dòng Tiền 1 tỷ/ năm HXH 12m Bạch Đằng 5.3 x 19m - 6 tầng, thang máy, PCCC đầy đủ - HĐT 80t",23 tỷ,102 m²,"Đường Bạch Đằng, Phường Tân Sơn Hòa, Hồ Chí Minh",Quận Tân Bình,Phường 2,Đất,ban,https://alonhadat.com.vn/dong-tien-1-ty-nam-hxh-12m-bach-dang-5-3-x-19m-6-tang-thang-may-pccc-day-du-hdt-80t-18655860.html,alonhadat,13,23000000000,102,2026-06-06,,18655860,,
"Mặt Tiên Bàu Cát, DT: 8x20m - 160m2 - 5 Tầng - HD thuê 315tr/tháng - Bán 55 Tỷ",55 tỷ,160 m²,"Đường Bàu Cát, Phường Bảy Hiền, Hồ Chí Minh",Quận Tân Bình,Phường 10,Đất,ban,https://alonhadat.com.vn/mat-tien-bau-cat-dt-8x20m-160m2-5-tang-hd-thue-315tr-thang-ban-55-ty-18754148.html,alonhadat,5,55000000000,160,2026-06-06,,18754148,,
"Bán nhà chính chủ khu VIP sân bay – Sân đậu ô tô, 5.1x21m, 3 tầng giá giảm còn 23.9 tỷ","23,9 tỷ",111 m²,"Đường Yên Thế, Phường Tân Sơn Hòa, Hồ Chí Minh",Quận Tân Bình,Phường 2,Đất,ban,https://alonhadat.com.vn/ban-nha-chinh-chu-khu-vip-san-bay-san-dau-o-to-5-1x21m-3-tang-gia-giam-con-23-9-ty-18753471.html,alonhadat,4,23900000000,111,2026-06-06,,18753471,,
🔥Siêu VIP Building Góc 2 MT Trường Sơn - Cửu Long TB 20x27m VV H7L 600 Tr/Th Chỉ 228 Tỷ,228 tỷ,540 m²,"Đường Trường Sơn, Phường Tân Sơn Hòa, Hồ Chí Minh",Quận Tân Bình,Phường 2,Đất,ban,https://alonhadat.com.vn/-sieu-vip-building-goc-2-mt-truong-son-cuu-long-tb-20x27m-vv-h7l-600-tr-th-chi-228-ty-18660913.html,alonhadat,8,228000000000,540,2026-06-06,,18660913,,
"Bán nhà MT đường Tân Sơn Nhì, Quận Tân Phú DT(10x30m) Kết cấu: 5 tầng. HĐT: 195tr/tháng Gi",56 tỷ,300 m²,"Đường Tân Sơn Nhì, Phường Tân Sơn Nhì, Hồ Chí Minh",Quận Tân Phú,Phường Tân Sơn Nhì,Nhà ở,ban,https://alonhadat.com.vn/ban-nha-mt-duong-tan-son-nhi-quan-tan-phu-dt-10x30m-ket-cau-5-tang-hdt-195tr-thang-gi-18149262.html,alonhadat,5,56000000000,300,2026-06-06,,18149262,,
"BÁN ĐẤT LỚN 12 X 22M TÂN PHÚ TÂN HƯƠNG, HẺM Ô TÔ, FUL THỔ CƯ GIÁ 24 TỶ.",24 tỷ,264 m²,"Đường Tân Hương, Phường Tân Phú, Hồ Chí Minh",Quận Tân Phú,Phường Phú Trung,Đất,ban,https://alonhadat.com.vn/ban-dat-lon-12-x-22m-tan-phu-tan-huong-hem-o-to-ful-tho-cu-gia-24-ty--18752819.html,alonhadat,1,24000000000,264,2026-06-06,,18752819,,
Villa sân vườn mặt tiền ngay Quốc Hương 12x29m kết cấu 3 tầng giá tốt đầu tư,50 tỷ,295 m²,"Đường Thảo Điền, Phường An Khánh, Hồ Chí Minh",Thành phố Thủ Đức,Phường Thảo Điền,Biệt thự,ban,https://alonhadat.com.vn/villa-san-vuon-mat-tien-ngay-quoc-huong-12x29m-ket-cau-3-tang-gia-tot-dau-tu-18146922.html,alonhadat,3,50000000000,295,2026-06-06,,18146922,,
"Giảm sâu bán gấp toà nhà MT Cao Đức Lân, P. An Phú, 8x20m H+3 tầng HĐT 120tr giá 52,5Tỷ","52,5 tỷ",160 m²,"Đường Cao Đức Lân, Phường An Khánh, Hồ Chí Minh",Thành phố Thủ Đức,Phường An Phú,Nhà ở,ban,https://alonhadat.com.vn/giam-sau-ban-gap-toa-nha-mt-cao-duc-lan-p-an-phu-8x20m-h-3-tang-hdt-120tr-gia-52-5ty-18146933.html,alonhadat,1,52500000000,160,2026-06-06,,18146933,,
giảm sâu 58 tỷ còn 43 tỷ mặt tiền Vũ Tông Phan(7x19) Nhà Sẵn 5 tầng phù hợp ở hoặc làm CTy,43 tỷ,131 m²,"Đường An Phú, Phường An Khánh, Hồ Chí Minh",Thành phố Thủ Đức,Phường An Phú,Nhà ở,ban,https://alonhadat.com.vn/giam-sau-58-ty-con-43-ty-mat-tien-vu-tong-phan-7x19-nha-san-5-tang-phu-hop-o-hoac-lam-cty-18146856.html,alonhadat,5,43000000000,131,2026-06-06,,18146856,,
NHÀ 2 TẦNG ĐÚC BTCT- HXT- NGAY TRUNG TÂM HIỆP PHÚ - THỦ ĐỨC,"5,47 tỷ",54 m²,"Đường Tân Hòa 2, Phường Tăng Nhơn Phú, Hồ Chí Minh",Thành phố Thủ Đức,Phường Hiệp Phú,Nhà ở,ban,https://alonhadat.com.vn/nha-2-tang-duc-btct-hxt-ngay-trung-tam-hiep-phu-thu-duc-18752369.html,alonhadat,2,5470000000,54,2026-06-06,,18752369,,
SIÊU HOT Vinhomes sắp ra mắt SIÊU ĐÔ THỊ ĐẠI HỌC 1080ha tại Hóc Môn,"5,5 tỷ",50 m²,"Đường Xuân Thới Sơn, Xã Xuân Thới Sơn, Hồ Chí Minh",Huyện Hóc Môn,Xã Xuân Thới Sơn,Đất,ban,https://alonhadat.com.vn/sieu-hot-vinhomes-sap-ra-mat-sieu-do-thi-dai-hoc-1080ha-tai-hoc-mon-18747782.html,alonhadat,4,5500000000,50,2026-06-04,,18747782,,
BÁN NHANH -CHDV CAO CẤP-18P FULL-NGUYỄN T.MINH KHAI - Q.1-108M² - 7TẦNG-GI.Á 67.450 T.Ỷ,"67,45 tỷ",108 m²,"Đường Nguyễn Thị Minh Khai, Phường Tân Định, Hồ Chí Minh",Quận 1,Phường Đa Kao,Đất,ban,https://alonhadat.com.vn/ban-nhanh-chdv-cao-cap-18p-full-nguyen-t-minh-khai-q-1-108m-7tang-gi-a-67-450-t-y-18749808.html,alonhadat,18,67450000000,108,2026-06-04,,18749808,,
"Giá rẻ bất ngờ bán nhà mặt tiền 694 Đường 3/2, P10 Quận 10 DT 6x6m 2 tầng giá 16 tỷ TL",16 tỷ,35 m²,"Đường 3/2, Phường Diên Hồng, Hồ Chí Minh",Quận 10,Phường Diên Hồng,Nhà ở,ban,https://alonhadat.com.vn/gia-re-bat-ngo-ban-nha-mat-tien-694-duong-3-2-p10-quan-10-dt-6x6m-2-tang-gia-16-ty-tl-18748182.html,alonhadat,1,16000000000,35,2026-06-04,,18748182,,
"Bán Nhà MT 694 Đường 3/2, Q10. DT: 6x6m. CN: 34m2. Giá bán: 16 Tỷ",16 tỷ,34 m²,"Đường 3/2, Phường Diên Hồng, Hồ Chí Minh",Quận 10,Phường 14,Nhà ở,ban,https://alonhadat.com.vn/ban-nha-mt-694-duong-3-2-q10-dt-6x6m-cn-34m2-gia-ban-16-ty-18746085.html,alonhadat,2,16000000000,34,2026-06-04,,18746085,,
"BÁN NHÀ MẶT TIỀN HAI BÀ TRƯNG, ĐỐI DIỆN CÔNG VIÊN LÊ VĂN TÁM, P6 Q3 DT 8,5X28M GIÁ 176 TỶ",176 tỷ,230 m²,"Đường Hai Bà Trưng, Phường Xuân Hòa, Hồ Chí Minh",Quận 3,Phường Võ Thị Sáu,Nhà ở,ban,https://alonhadat.com.vn/ban-nha-mat-tien-hai-ba-trung-doi-dien-cong-vien-le-van-tam-p6-q3-dt-8-5x28m-gia-176-ty-18707666.html,alonhadat,10,176000000000,230,2026-06-04,,18707666,,
Căn duy nhất sót lại MT Lê Văn Sỹ Q3 - 4 tầng - chỉ 18.5 tỷ- giá hiếm khu vực,"18,5 tỷ",46 m²,"Đường Lê Văn Sỹ, Phường Nhiêu Lộc, Hồ Chí Minh",Quận 3,Phường 14,Nhà ở,ban,https://alonhadat.com.vn/can-duy-nhat-sot-lai-mt-le-van-sy-q3-4-tang-chi-18-5-ty-gia-hiem-khu-vuc-18747561.html,alonhadat,6,18500000000,46,2026-06-04,,18747561,,
Giá rẻ nhật tuyến đường mặt tiền 25 Trần Hưng Đạo P6 Quận 5 DT 4x18m 5 tầng giá 29 tỷ TL,29 tỷ,66 m²,"Đường Trần Hưng Đạo, Phường An Đông, Hồ Chí Minh",Quận 5,Phường 6,Nhà ở,ban,https://alonhadat.com.vn/gia-re-nhat-tuyen-duong-mat-tien-25-tran-hung-dao-p6-quan-5-dt-4x18m-5-tang-gia-29-ty-tl-18748216.html,alonhadat,6,29000000000,66,2026-06-04,,18748216,,
"BÁN NHÀ MẶT TIỀN PHÓ CƠ ĐIỀU NGANG 5M, QUẬN 5 - GIÁ TỐT NHẤT!",25 tỷ,104 m²,"Đường Phó Cơ Điều, Phường Chợ Lớn, Hồ Chí Minh",Quận 5,Phường 12,Nhà ở,ban,https://alonhadat.com.vn/ban-nha-mat-tien-pho-co-dieu-ngang-5m-quan-5-gia-tot-nhat--17887178.html,alonhadat,1,25000000000,104,2026-06-04,,17887178,,
BÁN GẤP MẶT TIỀN 492 XÔ VIẾT NGHỆ TĨNH - NGANG KHỦNG 10M DÀI 20M (178M2) – GIÁ CHỈ 40 TỶ,40 tỷ,180 m²,"Đường Xô Viết Nghệ Tĩnh, Phường Thạnh Mỹ Tây, Hồ Chí Minh",Quận Bình Thạnh,Phường 25,Nhà ở,ban,https://alonhadat.com.vn/ban-gap-mat-tien-492-xo-viet-nghe-tinh-ngang-khung-10m-dai-20m-178m2-gia-chi-40-ty-18616887.html,alonhadat,3,40000000000,180,2026-06-04,,18616887,,
SIÊU PHẨM MẶT TIỀN UNG VĂN KHIÊM BÌNH THẠNH | CƠ HỘI XÂY TOÀ NHÀ DÒNG TIỀN,13 tỷ,400 m²,"Đường Ung Văn Khiêm, Phường Thạnh Mỹ Tây, Hồ Chí Minh",Quận Bình Thạnh,Phường 25,Đất,ban,https://alonhadat.com.vn/sieu-pham-mat-tien-ung-van-khiem-binh-thanh-co-hoi-xay-toa-nha-dong-tien-18365153.html,alonhadat,1,13000000000,400,2026-06-04,,18365153,,
Giảm chào 70 tỷ - Khuôn đất gần 1000m2 mặt tiền XVNT Q.BT - Diện tích 12x70 Giá 150 Tỷ,150 tỷ,820 m²,"Đường Xô Viết Nghệ Tĩnh, Phường Bình Thạnh, Hồ Chí Minh",Quận Bình Thạnh,Phường 24,Đất,ban,https://alonhadat.com.vn/giam-chao-70-ty-khuon-dat-gan-1000m2-mat-tien-xvnt-q-bt-dien-tich-12x70-gia-150-ty-18747666.html,alonhadat,5,150000000000,820,2026-06-04,,18747666,,
BÁ.N GẤP KHO XƯỞNG - ĐẤT 1000M² – MÃ LÒ BÌNH TÂN – NGANG 12.5M–XƯỞNG SẴN - GI.Á 49.450 T.Ỷ,"49,45 tỷ",993 m²,"Đường Mã Lò, Phường Phú Thạnh, Hồ Chí Minh",Quận Bình Tân,Phường Tân Thới Hòa,Đất,ban,https://alonhadat.com.vn/ban-gap-kho-xuong-dat-lon-gan-1000m-hiem-ma-lo-binh-tan-ngang-12-5m-kho-xuong-san-18649726.html,alonhadat,5,49450000000,993,2026-06-04,,18649726,,
"CH,GẦN CÔNG VIÊN GIA ĐỊNH,2PN,Sổ Sẳn,Nhận Nhà Liền,Fun nội thất , HĐ thuê 13/tháng","2,168 tỷ",53 m²,"Đường Nguyễn Thượng Hiền, Phường Hạnh Thông, Hồ Chí Minh",Quận Gò Vấp,Phường 1,Nhà ở,ban,https://alonhadat.com.vn/ch-gan-cong-vien-gia-dinh-2pn-so-san-nhan-nha-lien-fun-noi-that-hd-thue-13-thang-18722742.html,alonhadat,2,2168000000,53,2026-06-04,,18722742,,
8.7 Tỷ - 70m2 - 5 Tầng - Thang Máy - Xây Mới - Hẻm 4m - Sát Mặt Tiền - Quang Trung - P8,"8,7 tỷ",70 m²,"Đường Quang Trung, Phường Thông Tây Hội, Hồ Chí Minh",Quận Gò Vấp,Phường 8,Đất,ban,https://alonhadat.com.vn/8-7-ty-70m2-5-tang-thang-may-xay-moi-hem-4m-sat-mat-tien-quang-trung-p8-18724481.html,alonhadat,4,8700000000,70,2026-06-04,,18724481,,
"Nhà chính chủ bán nhanh trong tháng mặt tiền 19 huỳnh văn bánh nhà 4 tầng 30m2 chỉ 7,8 tỷ","7,8 tỷ",30 m²,"Đường Huỳnh Văn Bánh, Phường Cầu Kiệu, Hồ Chí Minh",Quận Phú Nhuận,Phường 15,Nhà ở,ban,https://alonhadat.com.vn/nha-chinh-chu-ban-nhanh-trong-thang-mat-tien-huynh-van-banh-nha-4-tang-30m2-chi-7-8-ty-18741656.html,alonhadat,5,7800000000,30,2026-06-04,,18741656,,
Bán Nhà Tốt Mong Gặp Người Tốt,23 tỷ,87 m²,"Đường Phổ Quang, Phường Tân Sơn Hòa, Hồ Chí Minh",Quận Tân Bình,Phường 2,Nhà ở,ban,https://alonhadat.com.vn/ban-nha-tot-mong-gap-nguoi-tot-18717446.html,alonhadat,3,23000000000,87,2026-06-04,,18717446,,
"🏡 BÁN NHÀ MẶT TIỀN LÊ LƯ – NHÀ MỚI ĐẸP, KINH DOANH ĐỈNH CAO 💥.đ","10,2 tỷ",62 m²,"Đường Lê Lư, Phường Phú Thọ Hòa, Hồ Chí Minh",Quận Tân Phú,Phường Phú Thọ Hòa,Nhà ở,ban,https://alonhadat.com.vn/-ban-nha-mat-tien-le-lu-nha-moi-dep-kinh-doanh-dinh-cao-d-18747765.html,alonhadat,3,10200000000,62,2026-06-04,,18747765,,
"Nhà góc 2 mặt tiền đường 8m & 20m, P.Linh Xuân (Tp. Thủ Đức cũ), kinh doanh đa ngành nghề","17,5 tỷ",132 m²,"Đường Số 8, Phường Linh Xuân, Hồ Chí Minh",Thành phố Thủ Đức,Phường Linh Xuân,Nhà ở,ban,https://alonhadat.com.vn/nha-goc-2-mat-tien-duong-8m-20m-p-linh-xuan-tp-thu-duc-cu-kinh-doanh-da-nganh-nghe-18750213.html,alonhadat,5,17500000000,132,2026-06-04,,18750213,,
Khu đồng bộ chuẩn sống - giá trị đầu tư cao ven sông Sài Gòn - Giá ưu đãi trong tháng,"7,9 tỷ",52 m²,"Quốc Lộ 13, Phường Hiệp Bình, Hồ Chí Minh",Thành phố Thủ Đức,Phường Hiệp Bình Phước,Đất,ban,https://alonhadat.com.vn/nha-moi-4-tang-o-to-dau-trong-nha-gan-song-sai-gon-van-phuc-city-khu-dan-cu-vip-17500753.html,alonhadat,4,7900000000,52,2026-06-04,,17500753,,
Tôi kẹt tiền bán gấp căn nhà 100m2 giá 950triệu đường Tỉnh Lộ 8 Thị Trấn Củ Chi sổ riêng,950 triệu,100 m²,"Tỉnh Lộ 8, Xã Tân An Hội, Hồ Chí Minh",Huyện Củ Chi,Thị Trấn Củ Chi,Nhà ở,ban,https://alonhadat.com.vn/toi-ket-tien-ban-gap-can-nha-100m2-gia-950trieu-duong-tinh-lo-8-thi-tran-cu-chi-so-rieng-18743456.html,alonhadat,2,950000000,100,2026-06-03,,18743456,,
"Bán Nhà Mặt Tiền số: 1917 Huỳnh Tấn Phát, Tt Nhà Bè. DT: 611m2. Giá: 75 Tỷ",75 tỷ,611 m²,"Đường Huỳnh Tấn Phát, Xã Nhà Bè, Hồ Chí Minh",Huyện Nhà Bè,Xã Nhà Bè,Đất nền,ban,https://alonhadat.com.vn/ban-nha-mat-tien-so-1917-huynh-tan-phat-tt-nha-be-dt-611m2-gia-75-ty-18721229.html,alonhadat,6,75000000000,611,2026-06-03,,18721229,,
"CĂN GÓC 3 MẶT TIỀN HẺM 88 NGÔ GIA TỰ Q10, DT: 7 X 5,6 GIÁ 7,5 TỶ","7,5 tỷ",40 m²,"Đường Ngô Gia Tự, Phường Vườn Lài, Hồ Chí Minh",Quận 10,Phường Vườn Lài,Đất,ban,https://alonhadat.com.vn/can-goc-3-mat-tien-hem-88-ngo-gia-tu-q10-dt-7-x-5-6-gia-7-5-ty-18717571.html,alonhadat,4,7500000000,40,2026-06-03,,18717571,,
GÓC 2 MẶT TIỀN CMT8 QUẬN 10 – HỢP ĐỒNG THUÊ BÁCH HÓA XANH 140TR/THÁNG – GIÁ 41 TỶ,41 tỷ,193 m²,"Đường Cách Mạng Tháng 8, Phường Hòa Hưng, Hồ Chí Minh",Quận 10,Phường Hòa Hưng,Đất,ban,https://alonhadat.com.vn/goc-2-mat-tien-cmt8-quan-10-hop-dong-thue-bach-hoa-xanh-140tr-thang-gia-41-ty-18718223.html,alonhadat,4,41000000000,193,2026-06-03,,18718223,,
"Biệt thự Mini Xô Viết Nghệ Tĩnh, Phường 25, Bình Thạnh 16 x 12 góc 2 mặt tiền thoáng mát.",33 tỷ,196 m²,"Đường Xô Viết Nghệ Tĩnh, Phường Thạnh Mỹ Tây, Hồ Chí Minh",Quận Bình Thạnh,Phường 25,Biệt thự,ban,https://alonhadat.com.vn/biet-thu-mini-xo-viet-nghe-tinh-phuong-25-binh-thanh-16-x-12-goc-2-mat-tien-thoang-mat--18338289.html,alonhadat,2,33000000000,196,2026-06-03,,18338289,,
Siêu Phẩm Hàng Kín - Tòa Nhà Góc 2 MT Hoàng Hoa Thám 10x19m Hầm 7L HĐ 135 Tr Chỉ 49 Tỷ,50 tỷ,185 m²,"Đường Nguyễn Văn Đậu, Phường Gia Định, Hồ Chí Minh",Quận Bình Thạnh,Phường 7,Nhà ở,ban,https://alonhadat.com.vn/sieu-pham-hang-kin-toa-nha-goc-2-mt-nguyen-van-dau-10x19m-ham-7l-hd-135-tr-chi-55-ty-18717705.html,alonhadat,15,50000000000,185,2026-06-03,,18717705,,
"230tr/m2 Rẻ nhất, Bán Nhà mặt tiền Nguyễn Xí, Bình Thạnh, 17,4m x 50m, 6 tầng",230 tỷ,980 m²,"Đường Nguyễn Xí, Phường Bình Thạnh, Hồ Chí Minh",Quận Bình Thạnh,Phường 26,Nhà ở,ban,https://alonhadat.com.vn/ban-toa-nha-mat-tien-nguyen-xi-binh-thanh-17-4m-x-50m-6-tang-dong-tien-240tr-thang--18718674.html,alonhadat,6,230000000000,980,2026-06-03,,18718674,,
Mặt Tiền Thụt - 9.25 Tỷ - 67m2 - 4 Tầng Sân Thượng Mới - Lê Quang Định - P14 - Bình Thạnh,"9,25 tỷ",67 m²,"Đường Lê Quang Định, Phường Bình Thạnh, Hồ Chí Minh",Quận Bình Thạnh,Phường 14,Đất,ban,https://alonhadat.com.vn/mat-tien-thut-9-25-ty-67m2-4-tang-san-thuong-moi-le-quang-dinh-p14-binh-thanh-18745360.html,alonhadat,4,9250000000,67,2026-06-03,,18745360,,
"Bán nhà 4x15m, đường 7m nhựa, Liên Khu 4-5, giá 6,2 tỷ. Quận Bình Tân","6,2 tỷ",60 m²,"Đường Liên khu 4 - 5, Phường Bình Tân, Hồ Chí Minh",Quận Bình Tân,Phường Bình Hưng Hòa B,Nhà ở,ban,https://alonhadat.com.vn/ban-nha-4x15m-duong-7m-nhua-lien-khu-4-5-gia-6-2-ty-quan-binh-tan-18744602.html,alonhadat,4,6200000000,60,2026-06-03,,18744602,,
"Bán nhà mặt tiền đường An hội, P13, Q Gò Vấp","17,5 tỷ",165 m²,"Đường An Hội, Phường An Hội Tây, Hồ Chí Minh",Quận Gò Vấp,Phường 13,Căn hộ chung cư,ban,https://alonhadat.com.vn/ban-nha-mat-tien-duong-an-hoi-p13-q-go-vap-18741363.html,alonhadat,8,17500000000,165,2026-06-03,,18741363,,
CHDV Gò Vấp - 140m² - 6 Tầng - 17 Phòng Cho Thuê 70 Triệu/Tháng - Chỉ 18 Tỷ,18 tỷ,140 m²,"Đường số 21, Phường Thông Tây Hội, Hồ Chí Minh",Quận Gò Vấp,Phường Thông Tây Hội,Đất,ban,https://alonhadat.com.vn/chdv-go-vap-140m-6-tang-17-phong-cho-thue-70-trieu-thang-chi-18-ty-18742967.html,alonhadat,17,18000000000,140,2026-06-03,,18742967,,
"Chỉ 195 triệu/m2 rẻ nhất đường Trần Huy Liệu,1000m2 đất đường Trần Huy Liệu, Phú Nhuận",190 tỷ,972 m²,"Đường Trần Huy Liệu, Phường Phú Nhuận, Hồ Chí Minh",Quận Phú Nhuận,Phường 11,Đất,ban,https://alonhadat.com.vn/chi-198-trieu-m2-re-nhat-duong-tran-huy-lieu-1000m2-dat-duong-tran-huy-lieu-phu-nhuan-18731177.html,alonhadat,5,190000000000,972,2026-06-03,,18731177,,
"Bán nhà mặt tiền Ngô Bệ, P13, Q.Tân Bình Cách Nhà Ga T3 khoảng 2,2km. DT: 12.5x25m, NH:21m",65 tỷ,347 m²,"Đường Ngô Bệ, Phường Tân Bình, Hồ Chí Minh",Quận Tân Bình,Phường 13,Nhà ở,ban,https://alonhadat.com.vn/ban-nha-mat-tien-ngo-be-p13-q-tan-binh-cach-nha-ga-t3-khoang-2-2km-dt-12-5x25m-nh-21m-17725431.html,alonhadat,5,65000000000,347,2026-06-03,,17725431,,
"Mua đất có sẵn biệt thự sân vườn, tiêu chuẩn cao cấp",14 tỷ,2553 m²,"Tỉnh Lộ 7, Xã Thái Mỹ, Hồ Chí Minh",Huyện Củ Chi,Xã Thái Mỹ,Biệt thự,ban,https://alonhadat.com.vn/mua-dat-co-san-biet-thu-san-vuon-tieu-chuan-cao-cap-18458422.html,alonhadat,5,14000000000,2553,2026-06-02,,18458422,,
"🔥 SIÊU PHẨM KHÁCH SẠN – CĂN HỘ DỊCH VỤ NGAY LÕI BẾN THÀNH, QUẬN 1 🔥 💎 HẦM + 8 TẦNG – DÒ",110 tỷ,130 m²,"Đường Nguyễn Trãi, Phường Bến Thành, Hồ Chí Minh",Quận 1,Phường Bến Thành,Căn hộ chung cư,ban,https://alonhadat.com.vn/-sieu-pham-khach-san-can-ho-dich-vu-ngay-loi-ben-thanh-quan-1-ham-8-tang-do-18736756.html,alonhadat,32,110000000000,130,2026-06-02,,18736756,,
GIẢM MẠNH CHDV 4 TẦNG MẶT TIỀN AN PHÚ ĐÔNG 9 QUẬN 12,25 tỷ,440 m²,"Đường An Phú Đông 9, Phường An Phú Đông, Hồ Chí Minh",Quận 12,Phường An Phú Đông,Căn hộ chung cư,ban,https://alonhadat.com.vn/ban-gap-ch-dich-vu-4-tang-mat-tien-an-phu-dong-9-quan-12-17415851.html,alonhadat,25,25000000000,440,2026-06-02,,17415851,,
"Bán nhà Trần Quang Diệu Quận 3, 60m2, 3 tầng, hẻm xe hơi, khu dân trí cao, nhỉnh 10 tỷ","10,8 tỷ",60 m²,"Đường Trần Quang Diệu, Phường Nhiêu Lộc, Hồ Chí Minh",Quận 3,Phường Nhiêu Lộc,Nhà ở,ban,https://alonhadat.com.vn/ban-nha-tran-quang-dieu-quan-3-60m2-3-tang-hem-xe-hoi-khu-dan-tri-cao-nhinh-10-ty-18738106.html,alonhadat,4,10800000000,60,2026-06-02,,18738106,,
Bán nhà mặt tiền KDC Bình Đăng P6 Q8 ngay TTTM Sài Gòn Skyview trạm tuyến Metro số 5,13 tỷ,65 m²,"Đường Tạ Quang Bửu, Phường Bình Đông, Hồ Chí Minh",Quận 8,Phường 6,Đất,ban,https://alonhadat.com.vn/ban-nha-mat-tien-kdc-binh-dang-p6-q8-ngay-tttm-sai-gon-skyview-tram-tuyen-metro-so-5-18739864.html,alonhadat,8,13000000000,65,2026-06-02,,18739864,,
⭐️ BIỆT THỰ VEN SÔNG SÀI GÒN - KHU VIP ĐẲNG CẤP BẬC NHẤT BÌNH THẠNH - NGANG 10M HIẾM CÓ,"29,999 tỷ",200 m²,"Đường Bình Lợi, Phường Bình Lợi Trung, Hồ Chí Minh",Quận Bình Thạnh,Phường 13,Biệt thự,ban,https://alonhadat.com.vn/-biet-thu-ven-song-sai-gon-khu-vip-dang-cap-bac-nhat-binh-thanh-ngang-10m-hiem-co-18626217.html,alonhadat,5,29999000000,200,2026-06-02,,18626217,,
4 TẦNG BÌNH THÀNH BHHB BÌNH TÂN (DÒNG TIỀN CỰC ĐỈNH),"11,75 tỷ",143 m²,"Đường Bình Thành, Phường Bình Tân, Hồ Chí Minh",Quận Bình Thạnh,Phường Bình Hưng Hòa B,Căn hộ chung cư,ban,https://alonhadat.com.vn/4-tang-binh-thanh-bhhb-binh-tan-dong-tien-cuc-dinh--18197381.html,alonhadat,18,11750000000,143,2026-06-02,,18197381,,
"Giảm Sốc Từ 43 Tỷ Còn 36 Tỷ – Mặt tiền Lê Quang Định, 6.6x27m, Xây Hầm 7 Tầng",36 tỷ,192 m²,"Đường Lê Quang Định, Phường Gia Định, Hồ Chí Minh",Quận Bình Thạnh,Phường 7,Đất,ban,https://alonhadat.com.vn/giam-soc-tu-43-ty-con-36-ty-mat-tien-le-quang-dinh-6-6x27m-xay-ham-7-tang-18738896.html,alonhadat,4,36000000000,192,2026-06-02,,18738896,,
"Bán nhà cấp 4 Mt đường số 7A Bình Tân DT:8x19, đường 10m gần Kênh Nước Đen giá 15.5 tỷ","15,5 tỷ",152 m²,"Đường 7B, Phường Bình Hưng Hòa, Hồ Chí Minh",Quận Bình Tân,Phường Bình Hưng Hòa A,Nhà ở,ban,https://alonhadat.com.vn/ban-nha-cap-4-mt-duong-so-7a-binh-tan-dt-8x19-duong-10m-gan-kenh-nuoc-den-gia-15-5-ty-18738980.html,alonhadat,1,15500000000,152,2026-06-02,,18738980,,
"Nhà lầu còn mới giá rẻ 69m² giá nhỉnh 5 tỷ Hẻm ÔTÔ Ngay Tỉnh Lộ 10, Bình Tân.","5,3 tỷ",69 m²,"Tỉnh lộ 10, Phường Tân Tạo, Hồ Chí Minh",Quận Bình Tân,Phường Tân Tạo,Nhà ở,ban,https://alonhadat.com.vn/nha-lau-con-moi-gia-re-69m-gia-nhinh-5-ty-hem-oto-ngay-tinh-lo-10-binh-tan--18736587.html,alonhadat,4,5300000000,69,2026-06-02,,18736587,,
Bán gấp biệt thự mini 4 tầng đường 10m Phạm Văn Chiêu,"13,5 tỷ",120 m²,"Đường Phạm Văn Chiêu, Phường An Hội Tây, Hồ Chí Minh",Quận Gò Vấp,Phường 14,Biệt thự,ban,https://alonhadat.com.vn/ban-gap-biet-thu-mini-4-tang-duong-10m-pham-van-chieu-18736003.html,alonhadat,5,13500000000,120,2026-06-02,,18736003,,
Chính Chủ Bán Nhà Gò Vấp - 99m² - 2 Tầng - Ngang 5.5m - Nhỉnh 8 Tỷ,"8,6 tỷ",99 m²,"Đường Nguyễn Tư Giản, Phường An Hội Tây, Hồ Chí Minh",Quận Gò Vấp,Phường 12,Nhà ở,ban,https://alonhadat.com.vn/chinh-chu-ban-nha-go-vap-99m-2-tang-ngang-5-5m-nhinh-8-ty-18739265.html,alonhadat,3,8600000000,99,2026-06-02,,18739265,,
"SIÊU PHẨM 6 TẦNG THOẠI NGỌC HẦU, TÂN PHÚ DT: 5.4 x 16.5m giá 14.3tỷ","14,3 tỷ",89 m²,"Đường Thoại Ngọc Hầu, Phường Phú Thạnh, Hồ Chí Minh",Quận Tân Phú,Phường Phú Thạnh,Đất,ban,https://alonhadat.com.vn/sieu-pham-6-tang-thoai-ngoc-hau-tan-phu-dt-5-4-x-16-5m-gia-14-3ty-18703457.html,alonhadat,8,14300000000,89,2026-06-02,,18703457,,
"Nhà 1246 Lê Văn Lương, Xã Phước kiển, 184m2, Hướng Đông","11,7 tỷ",184 m²,"Đường Lê Văn Lương, Xã Nhà Bè, Hồ Chí Minh",Huyện Nhà Bè,Xã Phước Kiển,Nhà ở,ban,https://alonhadat.com.vn/nha-1246-le-van-luong-xa-phuoc-kien-184m2-huong-dong-18734952.html,alonhadat,5,11700000000,184,2026-06-01,,18734952,,
VILLA VEN SÔNG SÀI GÒN SÁT BA SON & PHỐ ĐI BỘ NGUYỄN HUỆ COMPOUND HIẾM GIỮA NỘI ĐÔ,88 tỷ,147 m²,"Đường Tôn Đức Thắng, Phường Sài Gòn, Hồ Chí Minh",Quận 1,Phường Bến Nghé,Căn hộ chung cư,ban,https://alonhadat.com.vn/villa-ven-song-sai-gon-sat-ba-son-pho-di-bo-nguyen-hue-compound-hiem-giua-noi-do-18671478.html,alonhadat,5,88000000000,147,2026-06-01,,18671478,,
"NGÃ 5 TÂN ĐỊNH – NHÀ MỚI NGANG 7M, DÒNG TIỀN 160 TRIỆU/THÁNG, GIÁ QUANH 80 TỶ",82 tỷ,105 m²,"Đường Trần Quang Khải, Phường Tân Định, Hồ Chí Minh",Quận 1,Phường Tân Định,Nhà ở,ban,https://alonhadat.com.vn/nga-5-tan-dinh-nha-moi-ngang-7m-dong-tien-160-trieu-thang-gia-quanh-80-ty-18726560.html,alonhadat,11,82000000000,105,2026-06-01,,18726560,,
TÒA NHÀ 2 MẶT TIỀN ĐỐI DIỆN GRAND MANHATTAN – DÒNG TIỀN 320 TRIỆU/THÁNG GIỮA TRUNG TÂM Q1,108 tỷ,220 m²,"Đường Cô Bắc, Phường Cầu Ông Lãnh, Hồ Chí Minh",Quận 1,Phường Cầu Ông Lãnh,Nhà ở,ban,https://alonhadat.com.vn/toa-nha-2-mat-tien-doi-dien-grand-manhattan-dong-tien-320-trieu-thang-giua-trung-tam-q1-18731969.html,alonhadat,16,108000000000,220,2026-06-01,,18731969,,
"NHÀ MẶT TIỀN ĐỐI DIỆN CÔNG VIÊN 23/9 – LÕI BẾN THÀNH, NGANG 8M HIẾM GẶP",175 tỷ,160 m²,"Đường Lê Lai, Phường Bến Thành, Hồ Chí Minh",Quận 1,Phường Bến Thành,Nhà ở,ban,https://alonhadat.com.vn/nha-mat-tien-doi-dien-cong-vien-23-9-loi-ben-thanh-ngang-8m-hiem-gap-18726800.html,alonhadat,5,175000000000,160,2026-06-01,,18726800,,
BUILDING GÓC 2 MẶT TIỀN NGUYỄN TRÃI – HỆ THỐNG XÂY DỰNG CHO MÔ HÌNH BỆNH VIỆN THẨM MỸ QT,450 tỷ,400 m²,"Đường Nguyễn Trãi, Phường Bến Thành, Hồ Chí Minh",Quận 1,Phường Bến Thành,Đất,ban,https://alonhadat.com.vn/building-goc-2-mat-tien-nguyen-trai-he-thong-xay-dung-cho-mo-hinh-benh-vien-tham-my-qt-18727082.html,alonhadat,10,450000000000,400,2026-06-01,,18727082,,
KHÁCH SẠN 38 PHÒNG GIỮA TÂM ĐIỂM BÙI VIỆN – ĐƠN GIÁ CHƯA TỚI 900 TRIỆU/M²,137 tỷ,155 m²,"Đường Bùi Viện, Phường Bến Thành, Hồ Chí Minh",Quận 1,Phường Bến Thành,Đất,ban,https://alonhadat.com.vn/khach-san-38-phong-giua-tam-diem-bui-vien-don-gia-chua-toi-900-trieu-m--18726891.html,alonhadat,38,137000000000,155,2026-06-01,,18726891,,
"Giá cực tốt, nhà mặt tiền Lê Văn Sỹ, 6 x 16, 4 tầng, giá chỉ 35 tỷ",35 tỷ,100 m²,"Đường Lê Văn Sỹ, Phường Nhiêu Lộc, Hồ Chí Minh",Quận 3,Phường 12,Mặt bằng,ban,https://alonhadat.com.vn/gia-cuc-tot-nha-mat-tien-le-van-sy-6-x-16-4-tang-gia-chi-35-ty-18671344.html,alonhadat,5,35000000000,100,2026-06-01,,18671344,,
"MẶT TIỀN GẦN 15M TẠI NÚT GIAO LÊ VĂN SỸ – TRẦN QUANG DIỆU, VIB BANK ĐANG THUÊ 350 TRIỆU/TH",173 tỷ,325 m²,"Đường Lê Văn Sỹ, Phường Nhiêu Lộc, Hồ Chí Minh",Quận 3,Phường 14,Đất,ban,https://alonhadat.com.vn/mat-tien-gan-15m-tai-nut-giao-le-van-sy-tran-quang-dieu-vib-bank-dang-thue-350-trieu-th-18726680.html,alonhadat,5,173000000000,325,2026-06-01,,18726680,,
"NHÀ MẶT TIỀN GIỮA KHU BÀ HUYỆN THANH QUAN – TAO ĐÀN, QUỸ ĐẤT 222m² HIẾM GẶP",200 tỷ,222 m²,"Đường Bà Huyện Thanh Quan, Phường Xuân Hòa, Hồ Chí Minh",Quận 3,Phường Võ Thị Sáu,Đất,ban,https://alonhadat.com.vn/nha-mat-tien-giua-khu-ba-huyen-thanh-quan-tao-dan-quy-dat-222m-hiem-gap-18726735.html,alonhadat,5,200000000000,222,2026-06-01,,18726735,,
BÁN TÒA NHÀ MẶT TIỀN HAI BÀ TRƯNG VỊ TRÍ ĐỐI DIỆN CÔNG VIÊN LÊ VĂN TÁM – QUẬN 3,180 tỷ,224 m²,"Đường Hai Bà Trưng, Phường Xuân Hòa, Hồ Chí Minh",Quận 3,Phường Xuân Hòa,Đất,ban,https://alonhadat.com.vn/ban-toa-nha-mat-tien-hai-ba-trung-vi-tri-doi-dien-cong-vien-le-van-tam-quan-3-18731932.html,alonhadat,10,180000000000,224,2026-06-01,,18731932,,
"BUILDING HƠN 1.200m² SÀN, ĐƠN GIÁ QUANH 650 TRIỆU/M² GIỮA TRUNG TÂM TP.HCM",135 tỷ,205 m²,"Đường Trần Bình Trọng, Phường Chợ Quán, Hồ Chí Minh",Quận 5,Phường 4,Đất,ban,https://alonhadat.com.vn/building-hon-1-200m-san-don-gia-quanh-650-trieu-m-giua-trung-tam-tp-hcm-18726972.html,alonhadat,8,135000000000,205,2026-06-01,,18726972,,
"CẦN BÁN GẤP NHÀ MT TRẦN HUY LIỆU NGUYỄN VĂN TRỖI, PHÚ NHUẬN - SẴN DÒNG TIỀN 85TR/THÁNG","26,5 tỷ",72 m²,"Đường Trần Huy Liệu, Phường Cầu Kiệu, Hồ Chí Minh",Quận Phú Nhuận,Phường Cầu Kiệu,Mặt bằng,ban,https://alonhadat.com.vn/can-ban-gap-nha-mt-tran-huy-lieu-nguyen-van-troi-phu-nhuan-san-dong-tien-85tr-thang-18467441.html,alonhadat,14,26500000000,72,2026-06-01,,18467441,,
253m² ĐẤT GÓC 2 MẶT TIỀN ĐÀO DUY ANH – CHỈ QUANH 225 TRIỆU/M²,57 tỷ,253 m²,"Đường Đào Duy Anh, Phường Đức Nhuận, Hồ Chí Minh",Quận Phú Nhuận,Phường Đức Nhuận,Đất,ban,https://alonhadat.com.vn/253m-dat-goc-2-mat-tien-dao-duy-anh-chi-quanh-225-trieu-m--18733107.html,alonhadat,5,57000000000,253,2026-06-01,,18733107,,
"Giá cực tốt, nhà mặt tiền Cộng Hòa, 4,5 x 28, 5 tầng, giá chỉ 29 tỷ",29 tỷ,126 m²,"Đường Cộng Hòa, Phường Tân Sơn Nhất, Hồ Chí Minh",Quận Tân Bình,Phường 4,Mặt bằng,ban,https://alonhadat.com.vn/gia-cuc-tot-nha-mat-tien-cong-hoa-4-5-x-28-5-tang-gia-chi-29-ty-18633226.html,alonhadat,6,29000000000,126,2026-06-01,,18633226,,
"Giá cực tốt. Nhà mặt tiền nội bộ đường Cách Mạng Tháng Tám, 5,5 x 20, 2 tầng, giá 18 tỷ",18 tỷ,110 m²,"Đường Cách Mạng Tháng Tám, Phường Tân Sơn Nhất, Hồ Chí Minh",Quận Tân Bình,Phường 4,Mặt bằng,ban,https://alonhadat.com.vn/gia-cuc-tot-nha-mat-tien-noi-bo-duong-cach-mang-thang-tam-5-5-x-20-2-tang-gia-18-ty-18642092.html,alonhadat,3,18000000000,110,2026-06-01,,18642092,,
"Giá cực tốt, nhà mặt tiền Trường Chinh, 4,5 x 23, 4 tầng, giá chỉ 19,5 tỷ",19 tỷ,100 m²,"Đường Trường Chinh, Phường Tân Bình, Hồ Chí Minh",Quận Tân Bình,Phường 13,Mặt bằng,ban,https://alonhadat.com.vn/gia-cuc-tot-nha-mat-tien-truong-chinh-4-5-x-23-4-tang-gia-chi-19-5-ty-18633210.html,alonhadat,6,19000000000,100,2026-06-01,,18633210,,
"Giá cực tốt, nhà mặt tiền Nguyễn Hồng Đào, 4 x 16, 3 tầng, giá chỉ 17 tỷ",17 tỷ,64 m²,"Đường Nguyễn Hồng Đào, Phường Tân Bình, Hồ Chí Minh",Quận Tân Bình,Phường 14,Mặt bằng,ban,https://alonhadat.com.vn/gia-cuc-tot-nha-mat-tien-nguyen-hong-dao-4-x-16-3-tang-gia-chi-17-ty-18638462.html,alonhadat,4,17000000000,64,2026-06-01,,18638462,,
"Bán nhà mặt tiền Trương Công Định, 4 x 28, 4 tầng, giá chỉ 23 tỷ",23 tỷ,111 m²,"Đường Trương Công Định, Phường Tân Bình, Hồ Chí Minh",Quận Tân Bình,Phường 14,Mặt bằng,ban,https://alonhadat.com.vn/ban-nha-mat-tien-truong-cong-dinh-4-x-28-4-tang-gia-chi-23-ty-18702495.html,alonhadat,5,23000000000,111,2026-06-01,,18702495,,
"Giá cực tốt, nhà hẻm xe hơi khu Bàu Cát, 8,5 x 16, 4 tầng, giá chỉ 15 tỷ",15 tỷ,120 m²,"Đường Bàu Cát, Phường Tân Bình, Hồ Chí Minh",Quận Tân Bình,Phường 14,Mặt bằng,ban,https://alonhadat.com.vn/gia-cuc-tot-nha-hem-xe-hoi-khu-bau-cat-8-5-x-16-4-tang-gia-chi-15-ty-18683257.html,alonhadat,5,15000000000,120,2026-06-01,,18683257,,
"Giá cực tốt, nhà mặt tiền Nguyễn Trọng Tuyển, 4 x 15, 4 tầng, giá chỉ 13,5 tỷ","13,5 tỷ",64 m²,"Đường Nguyễn Trọng Tuyển, Phường Tân Sơn Hòa, Hồ Chí Minh",Quận Tân Bình,Phường 2,Mặt bằng,ban,https://alonhadat.com.vn/gia-cuc-tot-nha-mat-tien-nguyen-trong-tuyen-4-x-15-4-tang-gia-chi-13-5-ty-18653544.html,alonhadat,4,13500000000,64,2026-06-01,,18653544,,
"Giá cực tốt, nhà hẻm xe hơi Nguyễn Thái Bình - K300, 4,2 x 20, 2 tầng, giá chỉ 14 tỷ",14 tỷ,85 m²,"Đường Nguyễn Thái Bình, Phường Bảy Hiền, Hồ Chí Minh",Quận Tân Bình,Phường 12,Mặt bằng,ban,https://alonhadat.com.vn/gia-cuc-tot-nha-hem-xe-hoi-nguyen-thai-binh-k300-4-2-x-20-2-tang-gia-chi-14-ty-18702293.html,alonhadat,3,14000000000,85,2026-06-01,,18702293,,
"Giá cực tốt. Nhà khu nhà ga T3 - Hoàng Hoa Thám, 6,5 x 22, 3 tầng, giá 21 tỷ",21 tỷ,150 m²,"Đường Hoàng Hoa Thám, Phường Tân Bình, Hồ Chí Minh",Quận Tân Bình,Phường 13,Mặt bằng,ban,https://alonhadat.com.vn/gia-cuc-tot-nha-khu-nha-ga-t3-hoang-hoa-tham-6-5-x-22-3-tang-gia-21-ty-18633194.html,alonhadat,5,21000000000,150,2026-06-01,,18633194,,
Bán nhà MT Bạch Đằng Q Tân Bình,"26,46 tỷ",83 m²,"Đường Bạch Đằng, Phường Tân Sơn Hòa, Hồ Chí Minh",Quận Tân Bình,Phường 2,Nhà ở,ban,https://alonhadat.com.vn/ban-nha-mt-bach-dang-q-tan-binh-18731620.html,alonhadat,1,26460000000,83,2026-06-01,,18731620,,
"Giá cực tốt, nhà mặt tiền Trương Vĩnh Ký, 10 x 20, 3 tầng, giá chỉ 32 tỷ",32 tỷ,200 m²,"Đường Trương Vĩnh Ký, Phường Tân Sơn Nhì, Hồ Chí Minh",Quận Tân Phú,Phường Tân Sơn Nhì,Mặt bằng,ban,https://alonhadat.com.vn/gia-cuc-tot-nha-mat-tien-truong-vinh-ky-10-x-20-3-tang-gia-chi-32-ty-18633333.html,alonhadat,5,32000000000,200,2026-06-01,,18633333,,
"Bán nhà mặt tiền Tân Sơn Nhì, 4 x 17, 4 tầng, giá chỉ 17,5 tỷ","17,5 tỷ",70 m²,"Đường Tân Sơn Nhì, Phường Tân Sơn Nhì, Hồ Chí Minh",Quận Tân Phú,Phường Tân Sơn Nhì,Mặt bằng,ban,https://alonhadat.com.vn/ban-nha-mat-tien-tan-son-nhi-4-x-17-4-tang-gia-chi-17-5-ty-18633435.html,alonhadat,5,17500000000,70,2026-06-01,,18633435,,
"💝 CHDV 5 tầng MẶT TIỀN LÔ GÓC đường Thạnh Xuân 38 phường Thạnh Xuân Q12, Dt 310m²",23 tỷ,310 m²,"Đường Thạnh Xuân 38, Phường Thới An, Hồ Chí Minh",Quận 12,Phường Thạnh Xuân,Căn hộ chung cư,ban,https://alonhadat.com.vn/-chdv-5-tang-mat-tien-lo-goc-duong-thanh-xuan-38-phuong-thanh-xuan-q12-dt-310m--18726219.html,alonhadat,5,23000000000,310,2026-05-31,,18726219,,
"Bán mặt tiền 160 Nguyễn Tiểu La, Q10. DT: 3.1 x 11m. 4 Tầng. Giá bán: 10.4 Tỷ","10,4 tỷ",25 m²,"Đường Nguyễn Tiểu La, Phường Diên Hồng, Hồ Chí Minh",Quận 10,Phường 5,Nhà ở,ban,https://alonhadat.com.vn/ban-mat-tien-160-nguyen-tieu-la-q10-dt-3-1-x-11m-4-tang-gia-ban-10-4-ty-18723343.html,alonhadat,4,10400000000,25,2026-05-29,,18723343,,
"Bán nhà 7 tỷ Quận 3, hẻm nhựa xe hơi tránh nhau đường Nguyễn Thiện Thuật, 40m2 nở hậu",7 tỷ,40 m²,"Đường Nguyễn Thiện Thuật, Phường Bàn Cờ, Hồ Chí Minh",Quận 3,Phường 1,Căn hộ chung cư,ban,https://alonhadat.com.vn/ban-nha-7-ty-quan-3-hem-nhua-xe-hoi-tranh-nhau-duong-nguyen-thien-thuat-40m2-no-hau-18722676.html,alonhadat,2,7000000000,40,2026-05-29,,18722676,,
"Bán nhà chính chủ mặt phố Thiên Phước, 15,8 tỷ, 199m2, view đẹp, Tân Bình, HCM","15,8 tỷ",60 m²,"Đường Thiên Phước, Phường Tân Hòa, Hồ Chí Minh",Quận Tân Bình,Phường Tân Hòa,Nhà ở,ban,https://alonhadat.com.vn/ban-nha-chinh-chu-mat-pho-thien-phuoc-15-8-ty-199m2-view-dep-tan-binh-hcm-18600210.html,alonhadat,3,15800000000,60,2026-05-29,,18600210,,
"Giảm giá cực sốc- Bán nhanh trong tháng. Linh Đông, Thủ Đức. Giá chỉ 6,99 tỷ.","6,99 tỷ",114 m²,"Đường Lý Tế Xuyên, Phường Hiệp Bình, Hồ Chí Minh",Thành phố Thủ Đức,Phường Hiệp Bình,Nhà ở,ban,https://alonhadat.com.vn/giam-gia-cuc-soc-ban-nhanh-trong-thang-linh-dong-thu-duc-gia-chi-6-99-ty--18616616.html,alonhadat,2,6990000000,114,2026-05-29,,18616616,,
"Gấp bán 1 trệt + 1 lầu, 48m2 chỉ 3,65 tỷ Trương Phước Phan, hẻm ô tô tránh, Bình Tân","3,65 tỷ",48 m²,"Đường Trương Phước Phan, Phường Bình Trị Đông, Hồ Chí Minh",Quận Bình Tân,Phường Bình Trị Đông,Nhà ở,ban,https://alonhadat.com.vn/gap-ban-1-tret-1-lau-48m2-chi-3-65-ty-truong-phuoc-phan-hem-o-to-tranh-binh-tan-18708749.html,alonhadat,3,3650000000,48,2026-05-26,,18708749,,
"6,45tỷ SÁT QUẬN1- KHU THỊ NGHÈ, PHAN VĂN HÂN","6,45 tỷ",59 m²,"Đường Xô Viết Nghệ Tĩnh, Phường Gia Định, Hồ Chí Minh",Quận 1,Phường 17,Nhà ở,ban,https://alonhadat.com.vn/ban-nha-giap-quan-1-ngay-khu-thi-nghe-trung-tam-binh-thanh--18020464.html,alonhadat,3,6450000000,59,2026-05-22,,18020464,,
Biệt thự hiện đại 2MT Lê Văn Sỹ Phường 13 Quận 3 ngang 12m giá 130 tỷ,130 tỷ,271 m²,"Đường Lê Văn Sỹ, Phường Nhiêu Lộc, Hồ Chí Minh",Quận 3,Phường 13,Biệt thự,ban,https://alonhadat.com.vn/biet-thu-hien-dai-2mt-le-van-sy-phuong-13-quan-3-ngang-12m-gia-130-ty-18332329.html,alonhadat,6,130000000000,271,2026-05-18,,18332329,,
NHÀ MẶT TIỀN HẺM XE TẢI - KHU BUÔN BÁN SẦM UẤT GẦN Q1 - 4.1 x12 - NHỈNH 7 T Ỷ,"7,8 tỷ",52 m²,"Đường Dương Bá Trạc, Phường Chánh Hưng, Hồ Chí Minh",Quận 1,Phường 1,Nhà ở,ban,https://alonhadat.com.vn/nha-mat-tien-hem-xe-tai-khu-buon-ban-sam-uat-gan-q1-4-1-x12-nhinh-7-t-y-18638443.html,alonhadat,3,7800000000,52,2026-05-17,,18638443,,
NHÀ BÁN DƯƠNG VĂN DƯƠNG TÂN PHÚ 52M2 4X13 5 TẦNG 5PN 5WC HẼM 8M GIÁ 7.6 TỶ,"7,6 tỷ",250 m²,"Đường Dương Văn Dương, Phường Tân Sơn Nhì, Hồ Chí Minh",Quận Tân Phú,Phường Tân Sơn Nhì,Nhà ở,ban,https://alonhadat.com.vn/nha-ban-duong-van-duong-tan-phu-52m2-4x13-5-tang-5pn-5wc-hem-8m-gia-7-9-ty-18436617.html,alonhadat,5,7600000000,250,2026-05-16,,18436617,,
HẺM XE TẢI THÔNG - GẦN 100M2 - 5 TẦNG BTCT - QUANG TRUNG - GIÁ CHỈ 10.5 TỶ,"10,5 tỷ",100 m²,"Đường Quang Trung, Phường Thông Tây Hội, Hồ Chí Minh",Quận Gò Vấp,Phường 11,Biệt thự,ban,https://alonhadat.com.vn/hem-xe-tai-thong-gan-100m2-5-tang-btct-nha-cu-tien-sua-chua-gia-chi-10-5-ty-18641245.html,alonhadat,3,10500000000,100,2026-05-13,,18641245,,
BÁN NHÀ MẶT TIỀN AN DƯƠNG VƯƠNG vị trí đẹp,"41,8 tỷ",500 m²,"Đường An Dương Vương, Phường Chợ Quán, Hồ Chí Minh",Quận 5,Phường 3,Nhà ở,ban,https://alonhadat.com.vn/ban-nha-mat-tien-an-duong-vuong-vi-tri-dep-18625545.html,alonhadat,2,41800000000,500,2026-05-09,,18625545,,
"CHÍNH CHỦ CẦN BÁN NHÀ MẶT TIỀN ĐƯỜNG HỒNG LẠC, P.BẢY HIỀN","9,9 tỷ",40 m²,"Đường Hồng Lạc, Phường Bảy Hiền, Hồ Chí Minh",Quận Tân Bình,Phường 10,Nhà ở,ban,https://alonhadat.com.vn/chinh-chu-can-ban-nha-mat-tien-duong-hong-lac-p-bay-hien-18610395.html,alonhadat,4,9900000000,40,2026-05-08,,18610395,,
"CHÍNH CHỦ CẦN NHÀ MẶT TIỀN ĐƯỜNG HẬU GIANG, PHƯỜNG 12, QUẬN 6, TP HCM",20 tỷ,108 m²,"Đường Hậu Giang, Phường Phú Lâm, Hồ Chí Minh",Quận 6,Phường 12,Nhà ở,ban,https://alonhadat.com.vn/chinh-chu-can-nha-mat-tien-duong-hau-giang-phuong-12-quan-6-tp-hcm-5761815.html,alonhadat,4,20000000000,108,2025-05-17,,5761815,,
