tieu_de,gia_raw,dien_tich_raw,dia_chi,quan_huyen,loai_bds,loai_gd,url,nguon,so_phong_ngu,gia_vnd,dien_tich_m2,ngay_dang,phap_ly,id_nguon,lat,lon
"Mặt tiền Siêu Hiếm ngang 8m, Sát vách Gigamall","6,95 Tỷ","72,6 m2","Đường Số 26 - Phường Hiệp Bình Chánh, Thành phố Thủ Đức, TP Hồ Chí Minh",Thành Phố Thủ Đức,Bất động sản khác,ban,https://homedy.com/ban-nha-rieng-thanh-pho-thu-duc-tp-ho-chi-minh/mat-tien-sieu-hiem-ngang-8m-sat-vach-gigamall-es3209131,homedy.com,2,6950000000,72.6,2026-06-04,Sổ hồng,3209131,10.832252218942015,106.73099327087408
"Giá tốt 610 triệu - Suối Lội 1/ Mặt tiền đường 409. Xã Củ Chi, 150m. Dân cư hiện hữu. Đã có sổ.",610 Triệu,150 m2,"Đường Số 409 - Xã Phước Vĩnh An, Huyện Củ Chi, TP Hồ Chí Minh",Huyện Củ Chi,Bất động sản khác,ban,https://homedy.com/ban-dat-huyen-cu-chi-tp-ho-chi-minh/gia-tot-610-trieu-suoi-loi-1-mat-tien-duong-409-xa-150m-dan-hien-huu-da-co-so-es3209355,homedy.com,0,610000000,150,2026-06-06,Sổ hồng,3209355,11.0967072,106.5097461
"Bán nhà MT nhựa 7m, Liên Khu 4-5, Bình Hưng Hòa B, Quận BT","6,2 Tỷ",60 m2,"Đường Liên khu 4-5 - Phường Bình Hưng Hòa B, Quận Bình Tân, TP Hồ Chí Minh",Quận Bình Tân,Nhà phố,ban,https://homedy.com/ban-nha-mat-pho-quan-binh-tan-tp-ho-chi-minh/mt-nhua-7m-lien-khu-4-5-hung-hoa-b-bt-es3208979,homedy.com,4,6200000000,60,2026-06-03,Sổ hồng,3208979,10.7703543,106.5995759
Chủ bán căn 2 tỷ 1 51m2 ngay Nguyên Hồng có sổ ở liền hỗ trợ vay bank tới 80%,"2,1 Tỷ",51 m2,"Đường Nguyên Hồng - Phường 1, Quận Gò Vấp, TP Hồ Chí Minh",Quận Gò Vấp,Bất động sản khác,ban,https://homedy.com/ban-can-ho-quan-go-vap-tp-ho-chi-minh/chu-2-ty-1-51m2-ngay-nguyen-hong-co-so-o-lien-tro-vay-bank-toi-80-es3208970,homedy.com,0,2100000000,51,2026-06-03,Sổ hồng,3208970,10.8353538,106.6740337
"2 Tỷ 2 (55M2) ,Sổ trao tay ,dọn Vali ở ngay ,góp 0% lãi dài hạn , Nguyễn Văn Đậu tầng cao View góc","2,2 Tỷ",55 m2,"Đường Nguyễn Văn Đậu - Phường 11, Quận Bình Thạnh, TP Hồ Chí Minh",Quận Bình Thạnh,Bất động sản khác,ban,https://homedy.com/ban-can-ho-quan-binh-thanh-tp-ho-chi-minh/2-ty-55m2-so-trao-tay-don-vali-o-ngay-gop-0-lai-dai-han-nguyen-van-dau-tang-cao-view-goc-es3208908,homedy.com,2,2200000000,55,2026-06-03,Sổ hồng,3208908,10.767956999999999,106.6508148
"[An Phát Center] Bán CH New City Thủ Thiêm, 9,3 tỷ, 112m2, 3PN, pháp lý đầy đủ, nội thất full","9,3 Tỷ",110 - 112 m2,"Đường Mai Chí Thọ, Phường Bình Khánh, Quận 2, TP Hồ Chí Minh",Quận 2,Bất động sản khác,ban,https://homedy.com/ban-can-ho-new-city-thu-thiem/an-phat-center-ch-93-ty-112m2-3pn-phap-ly-day-du-noi-that-full-es3208268,homedy.com,3,9300000000,110,2026-06-06,Sổ hồng,3208268,10.780990657473474,106.73602113264928
Bán 5 lô F0 ngay chợ Hiệp Bình. Chỉ từ 4.6 tỷ/lô,"4,6 Tỷ","74,9 m2","Đường Tam Bình - Phường Hiệp Bình Chánh, Thành phố Thủ Đức, TP Hồ Chí Minh",Thành Phố Thủ Đức,Bất động sản khác,ban,https://homedy.com/ban-dat-nen-du-an-thanh-pho-thu-duc-tp-ho-chi-minh/5-lo-f0-ngay-cho-hiep-binh-tu-4-6-ty-es3207691,homedy.com,0,4600000000,74.9,2026-05-25,Sổ hồng,3207691,10.8299994,106.7132913
"Giỏ hàng căn hộ The Barkey - Gateway Thảo Điền, 2–3PN, nhận nhà ngay, TT 30%","17,17 Tỷ",93 m2,"Đường Xa Lộ Hà Nội, Phường Thảo Điền, Quận 2, TP Hồ Chí Minh",Quận 2,Căn hộ,ban,https://homedy.com/ban-can-ho-khu-phuc-hop-gateway-thao-dien/gio-hang-the-barkey-2-3pn-nhan-nha-ngay-tt-30-es3207686,homedy.com,3,17170000000.000002,93,2026-05-25,Sổ hồng,3207686,10.803864585505933,106.74678662215116
Chính chủ Bán Nhà MẶT TIỀN lớn Đường Nam Kỳ Khởi Nghĩa DT (8m x 25m),117 Tỷ,"150,7 m2","Đường Nam Kỳ Khởi Nghĩa - Phường 8, Quận 3, TP Hồ Chí Minh",Quận 3,Nhà phố,ban,https://homedy.com/ban-nha-mat-pho-quan-3-tp-ho-chi-minh/chinh-chu-tien-lon-duong-nam-ky-khoi-nghia-dt-8m-x-25m-es3207693,homedy.com,0,117000000000,150.7,2026-05-25,Sổ hồng,3207693,10.7752885,106.705369
"Chính chủ bán đất Thủ Đức, số 8 Đường 41 – 123m², mặt tiền 6.5m","9,84 Tỷ",123 m2,"Đường 41 - Phường Linh Đông, Thành phố Thủ Đức, TP Hồ Chí Minh",Thành Phố Thủ Đức,Đất nền,ban,https://homedy.com/ban-dat-thanh-pho-thu-duc-tp-ho-chi-minh/chinh-chu-so-8-duong-41-123m-mat-tien-6-5m-es3206375,homedy.com,0,9840000000,123,2026-05-16,Sổ hồng,3206375,10.847636815227196,106.7485284805298
"Chính chủ bán đất Thủ Đức, số 10 Đường 41 – 98.71m², full thổ cư","8,39 Tỷ","98,71 m2","Đường 41 - Phường Linh Đông, Thành phố Thủ Đức, TP Hồ Chí Minh",Thành Phố Thủ Đức,Đất nền,ban,https://homedy.com/ban-dat-thanh-pho-thu-duc-tp-ho-chi-minh/chinh-chu-so-10-duong-41-98-71m-full-tho-cu-es3206378,homedy.com,0,8390000000.000001,98.71,2026-05-16,Sổ hồng,3206378,10.847636815227196,106.7485284805298
Hạ Giá - Bán gấp căn nhà cấp 4 ở gần chợ Sáng Tân Phú Trung 105m2 SHR giá 800tr,800 Triệu,105 m2,"Đường Giồng Cát - Xã Tân Phú Trung, Huyện Củ Chi, TP Hồ Chí Minh",Huyện Củ Chi,Nhà phố,ban,https://homedy.com/ban-nha-rieng-huyen-cu-chi-tp-ho-chi-minh/ha-gia-gap-can-cap-4-o-gan-cho-sang-tan-phu-trung-105m2-shr-800tr-es3209366,homedy.com,2,800000000,105,2026-06-06,Sổ hồng,3209366,11.0967072,106.5097461
Nhà Biệt Thự đường Lò Gốm Quận 6 diện tích hơn 700m2,120 Tỷ,726 m2,"Đường Lò Gốm - Phường 11, Quận 6, TP Hồ Chí Minh",Quận 6,Nhà phố,ban,https://homedy.com/ban-nha-mat-pho-quan-6-tp-ho-chi-minh/biet-thu-duong-lo-gom-dien-tich-hon-700m2-es3209365,homedy.com,0,120000000000,726,2026-06-06,Sổ hồng,3209365,10.7455523,106.6476548
Kẹt tiền cần bán gấp căn nhà 101m2 SHR ở gần Cầu Vượt Củ Chi giá tốt 765 triệu,765 Triệu,101 m2,"Đường Nguyễn Văn Hoài - Xã Tân An Hội, Huyện Củ Chi, TP Hồ Chí Minh",Huyện Củ Chi,Nhà phố,ban,https://homedy.com/ban-nha-rieng-huyen-cu-chi-tp-ho-chi-minh/ket-tien-can-gap-101m2-shr-o-gan-cau-vuot-gia-tot-765-trieu-es3209360,homedy.com,2,765000000,101,2026-06-06,Sổ hồng,3209360,11.0967072,106.5097461
"Bán nhà Âu Dương Lân , phường 2 Quận 8 , 5 lầu , 6 phòng ngủ , 7wc chỉ 11,4 tỷ","11,4 Tỷ",46 m2,"Đường Âu Dương Lân - Phường 2, Quận 8, TP Hồ Chí Minh",Quận 8,Nhà phố,ban,https://homedy.com/ban-nha-rieng-quan-8-tp-ho-chi-minh/au-duong-lan-phuong-2-5-lau-6-phong-ngu-7wc-114-ty-es3208606,homedy.com,6,11400000000,46,2026-05-31,Sổ hồng,3208606,10.7416082,106.6649389
"Bán Gấp !!! nhà Chu Văn An, Bình Thạnh. DT 60m2 Giá 1 TỈ 650","1,6 - 1,7 Tỷ",55 - 60 m2,"Đường Chu Văn An - Phường 26, Quận Bình Thạnh, TP Hồ Chí Minh",Quận Bình Thạnh,Nhà phố,ban,https://homedy.com/ban-nha-rieng-quan-binh-thanh-tp-ho-chi-minh/gap-chu-van-an-dt-60m2-gia-1-ti-650-es3201100,homedy.com,0,1700000000,55,2026-05-03,Sổ hồng,3201100,10.7883675,106.6605145
"Bán Nhà Gấp, Nguyễn Gia Trí, Bình Thạnh, DT 55m2, Giá 1 Tỉ 690.","1,69 Tỷ",60 m2,"Đường Nguyễn Gia Trí - Phường 17, Quận Bình Thạnh, TP Hồ Chí Minh",Quận Bình Thạnh,Nhà phố,ban,https://homedy.com/ban-nha-rieng-quan-binh-thanh-tp-ho-chi-minh/gap-nguyen-gia-tri-dt-55m2-1-ti-690-es3201111,homedy.com,3,1690000000,60,2026-05-25,Sổ hồng,3201111,10.7970171,106.7031929
"P6, Bình Thạnh - DT 64m2 BÁN GẤP giảm còn 6.7 tỷ tl","6,7 Tỷ",64 m2,"Quận Bình Thạnh - , TP Hồ Chí Minh",Quận Bình Thạnh,Bất động sản khác,ban,https://homedy.com/ban-nha-rieng-quan-binh-thanh-tp-ho-chi-minh/p6-dt-64m2-gap-giam-con-6-7-ty-tl-es3209325,homedy.com,0,6700000000,64,2026-06-06,Sổ hồng,3209325,10.812271,106.7040393
"Bán nhà Mặt tiền thụt , Tân Kỳ Tân Qúy , 330m2 , 4 lầu ngang 10x35 chỉ 19,6 tỷ lh 0398879796","19,6 Tỷ",330 m2,"Đường Tân Kỳ Tân Quý - Phường Bình Hưng Hòa A, Quận Bình Tân, TP Hồ Chí Minh",Quận Bình Tân,Nhà phố,ban,https://homedy.com/ban-nha-rieng-quan-binh-tan-tp-ho-chi-minh/mat-tien-thut-ky-quy-330m2-4-lau-ngang-10x35-196-ty-lh-0398879796-es3208210,homedy.com,0,19600000000,330,2026-05-28,Sổ hồng,3208210,10.7703543,106.5995759
Bán nhà kd Phan Văn Trị - Dt 75m2 - Hẻm tô tô thông. Giá nhỉnh 7 tỷ tl,"7,5 Tỷ",75 m2,"Đường Phan Văn Trị - Phường 5, Quận Gò Vấp, TP Hồ Chí Minh",Quận Gò Vấp,Nhà phố,ban,https://homedy.com/ban-nha-rieng-quan-go-vap-tp-ho-chi-minh/kd-phan-van-tri-dt-75m2-hem-to-thong-gia-nhinh-7-ty-tl-es3207800,homedy.com,0,7500000000,75,2026-05-25,Sổ hồng,3207800,10.8353538,106.6740337
"Bán nhà mặt tiền kinh doanh - DT 80m2 x 3 tầng BTCT. Chỉ 13,4 tỷ tl","13,4 Tỷ",80 m2,"Đường Nguyễn Thái Sơn - Phường 1, Quận Gò Vấp, TP Hồ Chí Minh",Quận Gò Vấp,Nhà phố,ban,https://homedy.com/ban-nha-mat-pho-quan-go-vap-tp-ho-chi-minh/tien-kinh-doanh-dt-80m2-x-3-tang-btct-134-ty-tl-es3208232,homedy.com,5,13400000000,80,2026-05-28,Sổ hồng,3208232,10.8353538,106.6740337
"Bán nhà gấp, Đường Lê Văn Duyệt, Bình Thạnh, DT 55m2, Giá 1 Tỉ 700","1,7 Tỷ",60 m2,"Đường Lê Văn Duyệt - Phường 14, Quận Bình Thạnh, TP Hồ Chí Minh",Quận Bình Thạnh,Nhà phố,ban,https://homedy.com/ban-nha-rieng-quan-binh-thanh-tp-ho-chi-minh/gap-duong-le-van-duyet-dt-55m2-gia-1-ti-700-es3201119,homedy.com,2,1700000000,60,2026-05-25,Sổ hồng,3201119,10.8187623,106.7068282
"Bán nhà 4x11m, Đường số 6, Bình Hưng Hòa B, Quận Bình Tân","1,68 Tỷ",44 m2,"Đường Số 6 - Phường Bình Hưng Hòa B, Quận Bình Tân, TP Hồ Chí Minh",Quận Bình Tân,Nhà phố,ban,https://homedy.com/ban-nha-rieng-quan-binh-tan-tp-ho-chi-minh/4x11m-duong-so-6-hung-hoa-b-es3206066,homedy.com,2,1680000000,44,2026-06-02,Sổ hồng,3206066,10.7703543,106.5995759
"Sát vách Q1, Q2. Bán nhà đẹp full nội thất vào ở ngay. Chỉ hơn 5 tỷ tl","5,45 Tỷ",32 m2,"Đường Xô Viết Nghệ Tĩnh - Phường 21, Quận Bình Thạnh, TP Hồ Chí Minh",Quận Bình Thạnh,Nhà phố,ban,https://homedy.com/ban-nha-rieng-quan-binh-thanh-tp-ho-chi-minh/sat-vach-q1-q2-dep-full-noi-that-vao-o-ngay-hon-5-ty-tl-es3209051,homedy.com,2,5450000000,32,2026-06-04,Sổ hồng,3209051,10.8263833,106.7061889
"Giá đầu tư - nhà mới ở ngay, sát bên Phạm Văn Đồng, 9,7 tỷ.","9,7 Tỷ",59 m2,"Đường Số 5 - Phường Linh Tây, Thành phố Thủ Đức, TP Hồ Chí Minh",Thành Phố Thủ Đức,Nhà phố,ban,https://homedy.com/ban-nha-rieng-thanh-pho-thu-duc-tp-ho-chi-minh/gia-dau-tu-moi-o-ngay-sat-ben-pham-van-dong-97-ty-es3208753,homedy.com,4,9700000000,59,2026-06-02,Sổ hồng,3208753,10.8605653,106.7562481
"Bán nhà mặt tiền KDC Bông Sao , phường 5 , Quận 8 4 lầu , 5pn , 64m2 chỉ 11,8 tỷ","11,8 Tỷ",64 m2,"Đường 320 Bông Sao - Quận 8, TP Hồ Chí Minh",Quận 8,Nhà phố,ban,https://homedy.com/ban-nha-mat-pho-quan-8-tp-ho-chi-minh/tien-kdc-bong-sao-phuong-5-4-lau-5pn-64m2-118-ty-es3208766,homedy.com,5,11800000000,64,2026-06-02,Sổ hồng,3208766,10.7211158,106.6292079
"Bán nhà mặt tiền Phạm Thế Hiển Quận 8, 2 lầu ,dt 120m2 làm được nhiều phòng , chỉ 12,99 tỷ","12,99 Tỷ",120 m2,"Đường Phạm Thế Hiển - Phường 7, Quận 8, TP Hồ Chí Minh",Quận 8,Nhà phố,ban,https://homedy.com/ban-nha-mat-pho-quan-8-tp-ho-chi-minh/tien-pham-the-hien-2-lau-dt-120m2-lam-duoc-nhieu-phong-1299-ty-es3208605,homedy.com,0,12990000000,120,2026-05-31,Sổ hồng,3208605,10.7417794,106.6662335
"Bán căn hộ Jamona Heights Quận 7 3PN 2WC, full nội thất, giá 5.5 tỷ – người nước ngoài mua được","5,5 Tỷ",95 m2,"Đường Bùi Văn Ba, Phường Phú Thuận, Quận 7, TP Hồ Chí Minh",Quận 7,Căn hộ,ban,https://homedy.com/ban-can-ho-jamona-heights/quan-7-3pn-2wc-full-noi-that-gia-5-ty-nguoi-nuoc-ngoai-mua-duoc-es3154043,homedy.com,3,5500000000,95,2026-06-05,Hợp đồng mua bán,3154043,10.75009201633062,106.7362869148194
"Nhanh mới kịp, Ngay HUTECH - dt 4*17 - hxh. Chỉ còn 10,x tỷ tl","10,5 Tỷ",66 m2,"Đường Điện Biên Phủ - Phường 25, Quận Bình Thạnh, TP Hồ Chí Minh",Quận Bình Thạnh,Bất động sản khác,ban,https://homedy.com/ban-nha-rieng-quan-binh-thanh-tp-ho-chi-minh/nhanh-moi-kip-ngay-hutech-dt-417-hxh-con-10x-ty-tl-es3206977,homedy.com,0,10500000000,66,2026-06-05,Sổ hồng,3206977,10.7987615,106.7208459
CĂN HỘ cao cấp- hiệp thành city – 102m2 - 2pn - chỉ 2.790 tỷ,"2,79 Tỷ",102 m2,"Đường Nguyễn Thị Búp - Phường Hiệp Thành, Quận 12, TP Hồ Chí Minh",Quận 12,Căn hộ,ban,https://homedy.com/ban-can-ho-quan-12-tp-ho-chi-minh/cao-cap-hiep-thanh-city-102m2-2pn-2-790-ty-es3209290,homedy.com,2,2790000000,102,2026-06-05,Sổ hồng,3209290,10.8673521,106.6259541
"Bán nhà 4x15m, đường 7m nhựa, Liên Khu 4-5, Quận Bình Tân","6,2 Tỷ",60 m2,"Đường Liên khu 4-5 - Phường Bình Hưng Hòa B, Quận Bình Tân, TP Hồ Chí Minh",Quận Bình Tân,Nhà phố,ban,https://homedy.com/ban-nha-rieng-quan-binh-tan-tp-ho-chi-minh/4x15m-duong-7m-nhua-lien-khu-4-5-es3208470,homedy.com,4,6200000000,60,2026-05-30,Sổ hồng,3208470,10.7703543,106.5995759
Siêu Phẩm Bán gấp căn nhà cấp 4 ở gần chợ Việt Kiều - Củ Chi 86m2 SHR giá 790tr,790 Triệu,86 m2,"Đường Số 9 - Xã Tân Thông Hội, Huyện Củ Chi, TP Hồ Chí Minh",Huyện Củ Chi,Nhà phố,ban,https://homedy.com/ban-nha-rieng-huyen-cu-chi-tp-ho-chi-minh/sieu-pham-gap-can-cap-4-o-gan-cho-viet-kieu-86m2-shr-gia-790tr-es3209277,homedy.com,2,790000000,86,2026-06-05,Sổ hồng,3209277,11.0967072,106.5097461
️ Đặng Văn Bi_Trường Thọ 4.64T_Cận ga METRO,"4,64 Tỷ",41 m2,"Đường Đặng Văn Bi - Phường Trường Thọ, Thành phố Thủ Đức, TP Hồ Chí Minh",Thành Phố Thủ Đức,Bất động sản khác,ban,https://homedy.com/ban-nha-rieng-thanh-pho-thu-duc-tp-ho-chi-minh/dang-van-bi-truong-tho-4-64t-can-ga-metro-es3209265,homedy.com,2,4640000000,41,2026-06-05,Sổ hồng,3209265,10.8510238,106.7548953
"(P14) P. Bình Thạnh - DT 57m2 x 2 tầng BTCT vô ở ngay. Bán gấp 6,8 tỷ tl","6,8 Tỷ",57 m2,"Đường Phan Bội Châu - Phường 14, Quận Bình Thạnh, TP Hồ Chí Minh",Quận Bình Thạnh,Bất động sản khác,ban,https://homedy.com/ban-nha-rieng-quan-binh-thanh-tp-ho-chi-minh/p14-p-dt-57m2-x-2-tang-btct-vo-o-ngay-gap-68-ty-tl-es3206556,homedy.com,3,6800000000,57,2026-05-18,Sổ hồng,3206556,10.8187622,106.7068282
Khách thiếu tiền cần thanh lý gấp để trả nợ ngân hàng bán nhà 2 tỷ 2 khu vực Bình Thạnh,"2,22 - 2,32 Tỷ",55 m2,"Đường Mai Xuân Thưởng - Phường 11, Quận Bình Thạnh, TP Hồ Chí Minh",Quận Bình Thạnh,Nhà phố,ban,https://homedy.com/ban-nha-rieng-quan-binh-thanh-tp-ho-chi-minh/khach-thieu-tien-can-ly-gap-de-tra-no-ngan-hang-2-ty-khu-vuc-es3209261,homedy.com,3,2320000000,55,2026-06-05,Sổ hồng,3209261,10.767956999999999,106.6508148
Chủ cần bán căn nhà mặt tiền công viên hiếm có tại đường Bình lợi – Bình Thạnh,"14,8 Tỷ",60 m2,"Đường Bình Lợi - Phường 13, Quận Bình Thạnh, TP Hồ Chí Minh",Quận Bình Thạnh,Nhà phố,ban,https://homedy.com/ban-nha-rieng-quan-binh-thanh-tp-ho-chi-minh/chu-can-mat-tien-cong-vien-hiem-co-tai-duong-loi-es3209257,homedy.com,4,14800000000,60,2026-06-05,Sổ hồng,3209257,10.8263833,106.7061889
Cần bán gấp căn nhà cấp 4 mới keng ở 1/ Đ. Ba Sa-Phước Hiệp 125m2 SHR giá 780tr,780 Triệu,125 m2,"Đường Ba Sa - Xã Phước Hiệp, Huyện Củ Chi, TP Hồ Chí Minh",Huyện Củ Chi,Nhà phố,ban,https://homedy.com/ban-nha-rieng-huyen-cu-chi-tp-ho-chi-minh/can-gap-cap-4-moi-keng-o-1-d-ba-sa-phuoc-hiep-125m2-shr-gia-780tr-es3209256,homedy.com,2,780000000,125,2026-06-05,Sổ hồng,3209256,11.0967072,106.5097461
chủ nhà thanh lý gấp nhà đẹp để định cư nước ngoài giá 2 tỷ 1 khu vực trung tâm Phú Nhuận,"2 - 2,1 Tỷ",24 m2,"Đường Phan Xích Long - Quận Phú Nhuận, TP Hồ Chí Minh",Quận Phú Nhuận,Nhà phố,ban,https://homedy.com/ban-can-ho-quan-phu-nhuan-tp-ho-chi-minh/chu-nha-thanh-ly-gap-dep-de-dinh-cu-nuoc-ngoai-gia-2-ty-1-khu-vuc-trung-tam-es3209255,homedy.com,2,2100000000,24,2026-06-05,Sổ hồng,3209255,10.8010061,106.6797643
Định cư nước ngoài Cần bán nhà gấp !!! Giá rẻ bất ngờ.,"1,8 Tỷ",60 m2,"Đường Phạm Thế Hiển - Quận 8, TP Hồ Chí Minh",Quận 8,Nhà phố,ban,https://homedy.com/ban-nha-rieng-quan-8-tp-ho-chi-minh/dinh-cu-nuoc-ngoai-can-gap-gia-re-bat-ngo-es3209258,homedy.com,3,1800000000,60,2026-06-05,Sổ hồng,3209258,10.7322583,106.6446164
Cần tiền chữa bệnh cần bán gấp!!! Chỉ 1 tỷ 8 sở hữu ngay nhà đẹp,"1,8 Tỷ",54 m2,"Phường 4, Quận 8, TP Hồ Chí Minh",Quận 8,Nhà phố,ban,https://homedy.com/ban-nha-rieng-quan-8-tp-ho-chi-minh/can-tien-chua-benh-gap-1-ty-so-huu-ngay-dep-es3209262,homedy.com,0,1800000000,54,2026-06-05,Sổ hồng,3209262,10.7335583,106.6604586
Quỹ đất lớn mặt tiền Thới An 2039m2 Quận 12 giá chỉ 120 tỉ,120 Tỷ,2039 m2,"Đường Thới An - Phường Thới An, Quận 12, TP Hồ Chí Minh",Quận 12,Đất nền,ban,https://homedy.com/ban-dat-quan-12-tp-ho-chi-minh/quy-lon-mat-tien-thoi-an-2039m2-gia-120-ti-es3209241,homedy.com,0,120000000000,2039,2026-06-05,Sổ hồng,3209241,10.8677261,106.6395311
"Bán nhà Trần Hữu Trang Phú Nhuận 1,8 tỷ có hẻm xe tải, sổ hoàn công đủ, không quy hoạch, lộ giới","1,8 Tỷ",12 m2,"Đường Trần Hữu Trang - Phường 11, Quận Phú Nhuận, TP Hồ Chí Minh",Quận Phú Nhuận,Nhà phố,ban,https://homedy.com/ban-nha-rieng-quan-phu-nhuan-tp-ho-chi-minh/tran-huu-trang-18-ty-co-hem-xe-tai-so-hoan-cong-du-khong-quy-hoach-lo-gioi-es3201112,homedy.com,0,1800000000,12,2026-05-24,Sổ hồng,3201112,10.8010061,106.6797643
"Bán đất MT Phan Văn Đối, SHR, giá 14,8 tỷ. Hóc Môn","14,8 Tỷ",300 m2,"Đường Phan Văn Đối - Xã Bà Điểm, Huyện Hóc Môn, TP Hồ Chí Minh",Huyện Hóc Môn,Đất nền,ban,https://homedy.com/ban-dat-huyen-hoc-mon-tp-ho-chi-minh/mt-phan-van-doi-shr-gia-148-ty-es3202721,homedy.com,0,14800000000,300,2026-06-05,Sổ hồng,3202721,10.865465500000001,106.6010124
Căn Hộ Nguyễn Thượng Hiền Gò Vấp – SỔ SẴN / 55m² / 2PN / Giá 2tỷ200,"2,2 Tỷ",55 m2,"Quận Gò Vấp - , TP Hồ Chí Minh",Quận Gò Vấp,Căn hộ,ban,https://homedy.com/ban-can-ho-quan-go-vap-tp-ho-chi-minh/nguyen-thuong-hien-so-san-55m-2pn-gia-2ty200-es3209209,homedy.com,2,2200000000,55,2026-06-05,Sổ hồng,3209209,10.8353538,106.6740337
"P26, BT - DT 44m2 x 3T BTCT. Gấp bán giảm chỉ còn 7,4 tỷ tl","7,4 Tỷ",44 m2,"Đường Quốc Lộ 13 - Phường 26, Quận Bình Thạnh, TP Hồ Chí Minh",Quận Bình Thạnh,Bất động sản khác,ban,https://homedy.com/ban-nha-rieng-quan-binh-thanh-tp-ho-chi-minh/p26-bt-dt-44m2-x-3t-btct-gap-giam-con-74-ty-tl-es3206693,homedy.com,3,7400000000,44,2026-06-02,Sổ hồng,3206693,10.7883675,106.6605145
"Căn hộ Grand Marina Saigon, 3PN 2wc, Diện tích lớn 121m2, Căn góc, View trực diện sông, Shld",64 Tỷ,121 m2,"Phường Bến Nghé, Quận 1, TP Hồ Chí Minh",Quận 1,Căn hộ,ban,https://homedy.com/ban-can-ho-grand-marina-saigon/3pn-2wc-dien-tich-lon-121m2-goc-view-truc-song-shld-es3209204,homedy.com,3,64000000000,121,2026-06-05,Sổ hồng,3209204,10.7743896,106.70628
"Bán nhà mới 100%, vào ở liền, 2pn, 2 toilet, Quận Bình Tân","1,83 Tỷ",30 m2,"Đường Hồ Văn Long - Phường Tân Tạo, Quận Bình Tân, TP Hồ Chí Minh",Quận Bình Tân,Nhà phố,ban,https://homedy.com/ban-nha-rieng-quan-binh-tan-tp-ho-chi-minh/moi-100-vao-o-lien-2pn-2-toilet-es3197192,homedy.com,2,1830000000,30,2026-06-05,Sổ hồng,3197192,10.7510379,106.5918016
"Đón đầu làn sóng phát triển, sở hữu đất nền trung tâm Củ Chi ngay hôm nay","1,3 Tỷ",100 m2,"Đường Trung Lập - Xã Thái Mỹ, Huyện Củ Chi, TP Hồ Chí Minh",Huyện Củ Chi,Đất nền,ban,https://homedy.com/ban-dat-huyen-cu-chi-tp-ho-chi-minh/don-dau-lan-song-phat-trien-so-huu-nen-trung-tam-ngay-hom-nay-es3209185,homedy.com,0,1300000000,100,2026-06-05,Sổ hồng,3209185,11.0967072,106.5097461
Phổ Quang - View sân bay - 50m2 giá 2 tỷ - SHR - Ở liền - có vay bank - giá cho thuê 12tr/th,2 Tỷ,50 m2,"Đường Phổ Quang - Phường 2, Quận Tân Bình, TP Hồ Chí Minh",Quận Tân Bình,Bất động sản khác,thue,https://homedy.com/ban-can-ho-quan-tan-binh-tp-ho-chi-minh/pho-quang-view-san-bay-50m2-gia-2-ty-shr-o-lien-co-vay-bank-cho-thue-12tr-th-es3209191,homedy.com,0,2000000000,50,2026-06-05,Sổ hồng,3209191,10.8125589,106.6674006
"Bán đất THỔ CƯ, 62m2, Tỉnh Lộ 10, chợ Bà hom cũ, giá 2,550 tỷ","2,55 Tỷ",62 m2,"Đường Hồ Văn Long - Phường Tân Tạo, Quận Bình Tân, TP Hồ Chí Minh",Quận Bình Tân,Đất nền,ban,https://homedy.com/ban-dat-quan-binh-tan-tp-ho-chi-minh/tho-cu-62m2-tinh-lo-10-cho-ba-hom-gia-2550-ty-es3204857,homedy.com,0,2550000000,62,2026-06-05,Sổ hồng,3204857,10.7510379,106.5918016
"Bán nhà đường số 6, gần trường Hoàng Văn Thụ, 4x10m, giá 1,680 tỷ, quận Bình Tân","1,68 Tỷ",40 m2,"Đường Số 6 - Phường Bình Hưng Hòa B, Quận Bình Tân, TP Hồ Chí Minh",Quận Bình Tân,Nhà phố,ban,https://homedy.com/ban-nha-rieng-quan-binh-tan-tp-ho-chi-minh/duong-so-6-gan-truong-hoang-van-thu-4x10m-gia-1680-ty-es3205145,homedy.com,2,1680000000,40,2026-05-23,Sổ hồng,3205145,10.7703543,106.5995759
"Bán đất xây dựng liền, 62m2, SHR, Hồ Văn Long, Tân Tạo, Quận BT","2,55 Tỷ",62 m2,"Đường Hồ Văn Long - Phường Tân Tạo, Quận Bình Tân, TP Hồ Chí Minh",Quận Bình Tân,Đất nền,ban,https://homedy.com/ban-dat-quan-binh-tan-tp-ho-chi-minh/xay-dung-lien-62m2-shr-van-long-tao-bt-es3205616,homedy.com,0,2550000000,62,2026-05-26,Sổ hồng,3205616,10.7510379,106.5918016
Tân thới nhất 17 q12 - mặt tiền kinh doanh - 5 tầng giá 13.6 tỷ,"13,6 Tỷ",84 m2,"Đường Tân Thới Nhất 17 - Phường Đông Hưng Thuận, Quận 12, TP Hồ Chí Minh",Quận 12,Bất động sản khác,ban,https://homedy.com/ban-nha-rieng-quan-12-tp-ho-chi-minh/tan-thoi-nhat-17-q12-mat-tien-kinh-doanh-5-tang-gia-13-6-ty-es3209171,homedy.com,6,13600000000,84,2026-06-05,Sổ hồng,3209171,,
"Bán dãy trọ hẻm xe tải Linh Xuân , 152m2, giá 9 tỷ.",9 Tỷ,159 m2,"Phường Linh Xuân - Thành phố Thủ Đức, TP Hồ Chí Minh",Thành Phố Thủ Đức,Bất động sản khác,ban,https://homedy.com/ban-nha-rieng-thanh-pho-thu-duc-tp-ho-chi-minh/day-tro-hem-xe-tai-linh-xuan-152m2-gia-9-ty-es3209140,homedy.com,0,9000000000,159,2026-06-04,Sổ hồng,3209140,10.8727102,106.7649932
"Nhà mặt tiền kinh doanh Linh Xuân , 139m2, 8,4 tỷ.","8,4 Tỷ",139 m2,"Phường Linh Xuân - Thành phố Thủ Đức, TP Hồ Chí Minh",Thành Phố Thủ Đức,Nhà phố,ban,https://homedy.com/ban-nha-mat-pho-thanh-pho-thu-duc-tp-ho-chi-minh/tien-kinh-doanh-linh-xuan-139m2-84-ty-es3209134,homedy.com,4,8400000000,139,2026-06-04,Sổ hồng,3209134,10.8727102,106.7649932
Phan văn hớn q12 - hxh- 124m2 6pn nhỉnh 6 tỷ thu 15tr/tháng,"6,1 Tỷ",124 m2,"Đường Phan Văn Hớn - Phường Đông Hưng Thuận, Quận 12, TP Hồ Chí Minh",Quận 12,Bất động sản khác,ban,https://homedy.com/ban-nha-rieng-quan-12-tp-ho-chi-minh/phan-van-hon-q12-hxh-124m2-6pn-nhinh-6-ty-thu-15tr-thang-es3209125,homedy.com,2,6100000000,124,2026-06-04,Sổ hồng,3209125,,
"Bán Lô đất hiếm, đẹp Trường Thọ Thủ Đức, giá 8,2 tỷ","8,2 Tỷ",85 m2,"Phường Trường Thọ - Thành phố Thủ Đức, TP Hồ Chí Minh",Thành Phố Thủ Đức,Đất nền,ban,https://homedy.com/ban-dat-thanh-pho-thu-duc-tp-ho-chi-minh/lo-hiem-dep-truong-tho-gia-82-ty-es3209128,homedy.com,0,8199999999.999999,85,2026-06-04,Sổ hồng,3209128,10.8510238,106.7548953
"Bán nhà mặt tiền Linh Trung gần Hoàng Diệu 2, 6,5 tỷ .","6,5 Tỷ",52 m2,"Phường Linh Trung - Thành phố Thủ Đức, TP Hồ Chí Minh",Thành Phố Thủ Đức,Nhà phố,ban,https://homedy.com/ban-nha-mat-pho-thanh-pho-thu-duc-tp-ho-chi-minh/tien-linh-trung-gan-hoang-dieu-2-65-ty-es3209118,homedy.com,3,6500000000,52,2026-06-04,Sổ hồng,3209118,10.8646624,106.7619536
"Nhà quận 10 hoà hảo ngang 4,3m dài 12m trệt lững lầu btct hoàn công đủ",9 Tỷ,46 m2,"Đường Hòa Hảo - Phường 14, Quận 10, TP Hồ Chí Minh",Quận 10,Nhà phố,ban,https://homedy.com/ban-nha-rieng-quan-10-tp-ho-chi-minh/hoa-hao-ngang-43m-dai-12m-tret-lung-lau-btct-hoan-cong-du-es3183271,homedy.com,2,9000000000,46,2026-06-04,Sổ hồng,3183271,,
"Bán nhà Quận Tân Bình giá dưới 2,85 tỷ Cách Mạng Tháng 8 trệt lầu.","2,85 Tỷ",21 m2,"Đường Cách Mạng Tháng Tám - Phường 5, Quận Tân Bình, TP Hồ Chí Minh",Quận Tân Bình,Nhà phố,ban,https://homedy.com/ban-nha-rieng-quan-tan-binh-tp-ho-chi-minh/gia-duoi-285-ty-cach-mang-thang-8-tret-lau-es3209096,homedy.com,1,2850000000,21,2026-06-04,Sổ hồng,3209096,10.8030699,106.6522252
"Khu biệt thự Bình Lợi, Nhà Mặt tiền ngang 5m dài 20m",22 Tỷ,101 m2,"Đường Bình Lợi - Phường 13, Quận Bình Thạnh, TP Hồ Chí Minh",Quận Bình Thạnh,Nhà phố,ban,https://homedy.com/ban-nha-rieng-quan-binh-thanh-tp-ho-chi-minh/khu-biet-thu-loi-mat-tien-ngang-5m-dai-20m-es3209093,homedy.com,0,22000000000,101,2026-06-04,Sổ hồng,3209093,10.8263833,106.7061889
"CH mẫu mới 2026 ,55m2/2tỷ 5full NT,Sổ Hồng-dọn ở ,Gần Sân Bay .Mới Tinh 0794-818-249","2,5 Tỷ",55 m2,"Đường Lê Quang Định - Phường 5, Quận Bình Thạnh, TP Hồ Chí Minh",Quận Bình Thạnh,Bất động sản khác,ban,https://homedy.com/ban-can-ho-quan-binh-thanh-tp-ho-chi-minh/ch-mau-moi-2026-55m2-2ty-5full-ntso-hong-don-o-gan-san-bay-tinh-0794-818-249-es3181520,homedy.com,3,2500000000,55,2026-06-04,Sổ hồng,3181520,10.7488299,106.6424268
"Căn hộ mới 50m2/2pn view hồ bơi ,2 tỷ 250Full NT.Nguyễn Thượng Hiền 0794-818-249","2,25 Tỷ",50 m2,"Đường Hoàng Văn Thụ - Phường 4, Quận Phú Nhuận, TP Hồ Chí Minh",Quận Phú Nhuận,Căn hộ,ban,https://homedy.com/ban-can-ho-quan-phu-nhuan-tp-ho-chi-minh/moi-50m2-2pn-view-boi-2-ty-250full-nt-nguyen-thuong-hien-0794-818-249-es3165910,homedy.com,3,2250000000,50,2026-06-04,Sổ hồng,3165910,10.8010601,106.6798946
"Chính chủ bán CH 45m2/1 tỷ 8 ,(vay 85%)full NT,SHR dọn ở,Nguyễn Thượng Hiền 0794-818-249","1,8 Tỷ",45 m2,"Đường Phan Văn Trị - Phường 11, Quận Bình Thạnh, TP Hồ Chí Minh",Quận Bình Thạnh,Bất động sản khác,ban,https://homedy.com/ban-can-ho-quan-binh-thanh-tp-ho-chi-minh/chinh-chu-ch-45m2-1-ty-8-vay-85full-ntshr-don-onguyen-thuong-hien-0794-818-249-es3165912,homedy.com,0,1800000000,45,2026-06-04,Sổ hồng,3165912,10.767956999999999,106.6508148
"Chính chủ bán CH 45m2/2tỷ025 ,(vay 85%)full NT,SHR dọn ở,Nguyễn Thượng Hiền 0794818249","2,02 Tỷ",45 m2,"Đường Phạm Văn Đồng - Phường 1, Quận Gò Vấp, TP Hồ Chí Minh",Quận Gò Vấp,Bất động sản khác,ban,https://homedy.com/ban-can-ho-quan-go-vap-tp-ho-chi-minh/chinh-chu-ch-45m2-2ty025-vay-85full-ntshr-don-onguyen-thuong-hien-0794818249-es3189197,homedy.com,0,2020000000,45,2026-05-21,Sổ hồng,3189197,10.8352617,106.6740588
"(MỚI) Căn hộ 5 sao 49m2/2 tỷ 205 SHR,dọn ở vay 85% (2pn)MT Phạm Văn Đồng 0794818249","2,2 Tỷ",49 m2,"Đường Lê Quang Định - Phường 1, Quận Gò Vấp, TP Hồ Chí Minh",Quận Gò Vấp,Căn hộ,ban,https://homedy.com/ban-can-ho-quan-go-vap-tp-ho-chi-minh/moi-5-sao-49m2-2-ty-205-shrdon-o-vay-85-2pnmt-pham-van-dong-0794818249-es3170114,homedy.com,2,2200000000,49,2026-05-21,Sổ hồng,3170114,10.8352617,106.6740588
"CH mẫu mới 2026 ,55m2/2tỷ 5 full NT,SHR,dọn ở Gần Sân Bay .Nguyễn Bỉnh Kiêm 0794818249","2,5 Tỷ",55 m2,"Đường Nguyễn Bỉnh Khiêm - Phường 1, Quận Gò Vấp, TP Hồ Chí Minh",Quận Gò Vấp,Bất động sản khác,ban,https://homedy.com/ban-can-ho-quan-go-vap-tp-ho-chi-minh/ch-mau-moi-2026-55m2-2ty-5-full-ntshrdon-o-gan-san-bay-nguyen-binh-kiem-0794818249-es3165911,homedy.com,3,2500000000,55,2026-06-04,Sổ hồng,3165911,10.8352617,106.6740588
"Căn hộ 5 sao 49m2/2 tỷ 205 SHR,dọn ở vay 85% (2pn)MT Phạm Văn Đồng 0794-818-249","2,2 Tỷ",49 m2,"Phường 1, Quận Phú Nhuận, TP Hồ Chí Minh",Quận Phú Nhuận,Căn hộ,ban,https://homedy.com/ban-can-ho-quan-phu-nhuan-tp-ho-chi-minh/5-sao-49m2-2-ty-205-shrdon-o-vay-85-2pnmt-pham-van-dong-0794-818-249-es3172272,homedy.com,2,2200000000,49,2026-06-04,Sổ hồng,3172272,10.801084398881786,106.67973518371582
Chủ cần bán gấp căn nhà sát mặt tiền đường Bình Lợi. giá 11tyr5 / 83m vuông,"11,5 Tỷ",83 m2,"Đường Bình Lợi - Phường 13, Quận Bình Thạnh, TP Hồ Chí Minh",Quận Bình Thạnh,Nhà phố,ban,https://homedy.com/ban-nha-rieng-quan-binh-thanh-tp-ho-chi-minh/chu-can-gap-sat-mat-tien-duong-loi-gia-11tyr5-83m-vuong-es3209090,homedy.com,0,11500000000,83,2026-06-04,Sổ hồng,3209090,10.8263833,106.7061889
"Siêu quỹ đất 3460m2 mặt tiền Ngã Tư Bốn Xã, chiều ngang h50m",130 Tỷ,3460 m2,"Đường Bình Trị Đông - Phường Bình Trị Đông, Quận Bình Tân, TP Hồ Chí Minh",Quận Bình Tân,Đất nền,ban,https://homedy.com/ban-nha-mat-pho-quan-binh-tan-tp-ho-chi-minh/sieu-quy-dat-3460m2-tien-nga-tu-bon-xa-chieu-ngang-h50m-es3209079,homedy.com,0,130000000000,3460,2026-06-04,Sổ hồng,3209079,10.7703543,106.5995759
Bán nhà hxh đường da nam quận 8 - dt 49mv shr chỉ 7tỷ630. lh: 0988063763,"7,63 Tỷ",49 m2,"Đường Dạ Nam - Phường 2, Quận 8, TP Hồ Chí Minh",Quận 8,Nhà phố,ban,https://homedy.com/ban-nha-rieng-quan-8-tp-ho-chi-minh/hxh-duong-da-nam-dt-49mv-shr-7ty630-lh-0988063763-es3209081,homedy.com,4,7630000000,49,2026-06-04,Sổ hồng,3209081,10.7416082,106.6649389
"Nhà mới xây, hoàn thiện giá 395tr - DT 4X5, hỗ trợ góp, gần chợ, trung tâm",395 Triệu,20 m2,"Đường Nguyễn Văn Bứa - Xã Xuân Thới Sơn, Huyện Hóc Môn, TP Hồ Chí Minh",Huyện Hóc Môn,Nhà phố,ban,https://homedy.com/ban-nha-rieng-huyen-hoc-mon-tp-ho-chi-minh/moi-xay-hoan-thien-gia-395tr-dt-4x5-tro-gop-gan-cho-trung-tam-es3209077,homedy.com,2,395000000,20,2026-06-04,Sổ hồng,3209077,10.8937624,106.5832489
"Bán gấp căn 3PN view sông Q7 Saigon Riverside, Chỉ 5.5 tỷ","5,5 Tỷ",86 m2,"Đường Đào Trí, Phường Phú Thuận, Quận 7, TP Hồ Chí Minh",Quận 7,Bất động sản khác,ban,https://homedy.com/ban-can-ho-q7-saigon-riverside-complex/gap-3pn-view-song-chi-5-ty-es3209073,homedy.com,3,5500000000,86,2026-06-04,Sổ đỏ,3209073,10.721017159133655,106.74214450104456
Chạm ước mơ an cư - Mua nhà không áp lực - Thanh toán 500tr-750tr đã sở hữu,"5,3 - 8 Tỷ",77 - 101 m2,"Đường Nguyễn Văn Linh, Xã Bình Hưng, Huyện Bình Chánh, TP Hồ Chí Minh",Quận Bình Chánh,Nhà phố,ban,https://homedy.com/ban-can-ho-mizuki-city/cham-uoc-mo-an-cu-mua-nha-khong-ap-luc-thanh-toan-500tr-750tr-da-so-huu-es3209076,homedy.com,0,8000000000,77,2026-06-04,Sổ hồng,3209076,10.71562545926722,106.66253167758488
"Bán gấp căn 2PN 2WC Q7 Riverside Đào Trí, Full nội thất view sông chỉ 3.83 tỷ","3,83 Tỷ",67 m2,"Đường Đào Trí, Phường Phú Thuận, Quận 7, TP Hồ Chí Minh",Quận 7,Bất động sản khác,ban,https://homedy.com/ban-can-ho-q7-saigon-riverside-complex/gap-2pn-2wc-dao-tri-full-noi-that-view-song-chi-3-83-ty-es3209072,homedy.com,2,3830000000,67,2026-06-04,Sổ đỏ,3209072,10.721017159133655,106.74214450104456
Đơn lập xe quạt 712m2 hàng siêu VIP tại Vinhomes Green Paradise Cần Giờ,82 Tỷ,712 m2,"Thị trấn Cần Thạnh - Huyện Cần Giờ, TP Hồ Chí Minh",Huyện Cần Giờ,Bất động sản khác,ban,https://homedy.com/ban-nha-biet-thu-lien-ke-huyen-can-gio-tp-ho-chi-minh/don-lap-xe-quat-712m2-hang-sieu-vip-tai-vinhomes-green-paradise-es3173976,homedy.com,0,82000000000,712,2026-05-08,Hợp đồng mua bán,3173976,10.4203348,106.9608247
D'edge Thảo Điền | Giỏ Hàng 1PN Nội Thất Cơ Bản Cần Bán,"8,3 Tỷ",63 m2,"Đường Nguyễn Văn Hưởng, Phường Thảo Điền, Quận 2, TP Hồ Chí Minh",Quận 2,Bất động sản khác,ban,https://homedy.com/ban-can-ho-dedge-capitaland-thao-dien/gio-hang-1pn-noi-that-co-es3200180,homedy.com,0,8300000000.000001,63,2026-05-11,Sổ hồng,3200180,10.8160433,106.7282586
Bán GẤP 1PN Opal SG Pearl NTCB Giá TỐT Nhất Thị Trường,"6,7 Tỷ",50 m2,"Đường Nguyễn Hữu Cảnh, Phường 22, Quận Bình Thạnh, TP Hồ Chí Minh",Quận Bình Thạnh,Bất động sản khác,ban,https://homedy.com/ban-can-ho-opal-tower/gap-1pn-sg-pearl-ntcb-gia-tot-nhat-thi-truong-es3205622,homedy.com,0,6700000000,50,2026-05-12,Sổ hồng,3205622,10.79081683130767,106.71988067144162
"The Western Capital Quận 6 Giá Từ 1,9 Tỷ – Căn Hộ 2PN Trung Tâm, Hỗ Trợ Vay 5,6%/Năm","1,7 Tỷ",50 m2,"Đường Lý Chiêu Hoàng, Phường 10, Quận 6, TP Hồ Chí Minh",Quận 6,Căn hộ,ban,https://homedy.com/ban-can-ho-the-western-capital/quan-6-gia-tu-19-ty-2pn-trung-tam-tro-vay-56-nam-es3190063,homedy.com,2,1700000000,50,2026-06-04,Hợp đồng mua bán,3190063,10.738898431082829,106.626566250618
Chủ nhà thanh lý gấp cần giao bán giá 2tỷ để có vốn đầu tư,"2 - 2,1 Tỷ",55 m2,"Đường Phan Văn Trị - Phường 14, Quận Bình Thạnh, TP Hồ Chí Minh",Quận Bình Thạnh,Nhà phố,ban,https://homedy.com/ban-nha-rieng-quan-binh-thanh-tp-ho-chi-minh/chu-ly-gap-can-giao-gia-2ty-de-co-von-dau-tu-es3209050,homedy.com,2,2100000000,55,2026-06-04,Sổ hồng,3209050,10.8187622,106.7068282
BÁN NHÀ !! Tân Bình 60m2. Ấp Bắc Tân Bình Giá 1 Tỉ 780.,"1,78 Tỷ",60 m2,"Đường Ấp Bắc - Phường 15, Quận Tân Bình, TP Hồ Chí Minh",Quận Tân Bình,Nhà phố,ban,https://homedy.com/ban-nha-rieng-quan-tan-binh-tp-ho-chi-minh/60m2-ap-bac-gia-1-ti-780-es3204071,homedy.com,2,1780000000,60,2026-06-02,Sổ hồng,3204071,10.7989297,106.7209052
"Mặt Tiền Châu Thới chiều ngang 20m, 5 Tầng ngay Trung Tâm Quận 10, 530m2 chỉ 125 tỷ",125 Tỷ,530 m2,"Đường Châu Thới - Phường 15, Quận 10, TP Hồ Chí Minh",Quận 10,Bất động sản khác,ban,https://homedy.com/ban-nha-mat-pho-quan-10-tp-ho-chi-minh/tien-chau-thoi-chieu-ngang-20m-5-tang-ngay-trung-tam-530m2-125-ty-es3208992,homedy.com,0,125000000000,530,2026-06-03,Sổ hồng,3208992,10.766766,106.6752862
"Bán đất mặt tiền Lê Tấn Bê, vị trí khan hiếm tại khu vực An Lạc, Bình Tân.",180 Tỷ,1977 m2,"Đường Lê Tấn Bê - Phường An Lạc, Quận Bình Tân, TP Hồ Chí Minh",Quận Bình Tân,Đất nền,ban,https://homedy.com/ban-dat-quan-binh-tan-tp-ho-chi-minh/mat-tien-le-be-vi-tri-khan-hiem-tai-khu-vuc-an-lac-es3208990,homedy.com,0,180000000000,1977,2026-06-03,Sổ hồng,3208990,10.7703543,106.5995759
"Bán nhà đường 47 – trung tâm Thảo Điền, 168m2, ngang 6,4m, sổ hồng",40 Tỷ,168 m2,"Phường Thảo Điền - Quận 2, TP Hồ Chí Minh",Quận 2,Nhà phố,ban,https://homedy.com/ban-nha-mat-pho-quan-2-tp-ho-chi-minh/duong-47-trung-tam-thao-dien-168m2-ngang-64m-so-hong-es3208964,homedy.com,0,40000000000,168,2026-06-03,Sổ hồng,3208964,10.8011432,106.7351252
"Căn 2PN nội thất y hình Nơ Trang Long tầng cao 2,2 tỷ sổ sẵn bao phí, vay 70% O7O.555.6O36","2,2 Tỷ",54 m2,"Đường Nơ Trang Long - Phường 5, Quận Bình Thạnh, TP Hồ Chí Minh",Quận Bình Thạnh,Bất động sản khác,ban,https://homedy.com/ban-can-ho-quan-binh-thanh-tp-ho-chi-minh/2pn-noi-that-y-hinh-no-trang-long-tang-cao-22-ty-so-san-bao-phi-vay-70-o7o-555-6o36-es3208958,homedy.com,2,2200000000,54,2026-06-03,Sổ hồng,3208958,10.809110611847291,106.69484138488772
Đất Lê Tấn Bê Phường An Lạc Quận Bình Tân gần 2000m2,188 Tỷ,24 m2,"Đường Lê Tấn Bê - Phường An Lạc, Quận Bình Tân, TP Hồ Chí Minh",Quận Bình Tân,Đất nền,ban,https://homedy.com/ban-dat-quan-binh-tan-tp-ho-chi-minh/le-be-phuong-an-lac-gan-2000m2-es3208943,homedy.com,0,188000000000,24,2026-06-03,Sổ hồng,3208943,10.7703543,106.5995759
"Chủ gửi bán gấp lấy tiền chữa bệnh !! , nhà diện tích tổng 86m2, 2 lầu , sổ sẵn","3,2 Tỷ",86 m2,"Đường Trung Lập - Xã Trung Lập Hạ, Huyện Củ Chi, TP Hồ Chí Minh",Huyện Củ Chi,Nhà phố,ban,https://homedy.com/ban-nha-rieng-huyen-cu-chi-tp-ho-chi-minh/chu-gui-gap-lay-tien-chua-benh-dien-tich-tong-86m2-2-lau-so-san-es3208942,homedy.com,0,3200000000,86,2026-06-03,Sổ hồng,3208942,11.0967072,106.5097461
"Chủ gửi bán lô đất vườn , hỗ trợ lên thổ cư , 991m2 , có sỗ sẵn",2 Tỷ,991 m2,"Đường Ba Sa - Xã Phước Thạnh, Huyện Củ Chi, TP Hồ Chí Minh",Huyện Củ Chi,Đất nền,ban,https://homedy.com/ban-dat-huyen-cu-chi-tp-ho-chi-minh/chu-gui-lo-vuon-tro-len-tho-991m2-co-so-san-es3208940,homedy.com,0,2000000000,991,2026-06-03,Sổ hồng,3208940,11.0967072,106.5097461
"CẦN tiền bán gấp lô đất mặt tiền đường tỉnh lộ 2 , 6x20 , có sổ","1,9 Tỷ",121 m2,"Đường Tỉnh Lộ 2 - Xã Tân An Hội, Huyện Củ Chi, TP Hồ Chí Minh",Huyện Củ Chi,Đất nền,ban,https://homedy.com/ban-dat-huyen-cu-chi-tp-ho-chi-minh/can-tien-gap-lo-mat-duong-tinh-2-6x20-co-so-es3208939,homedy.com,0,1900000000,121,2026-06-03,Sổ hồng,3208939,11.0967072,106.5097461
"Mặt Tiền Tân Thới Nhất 01, 66.8m2 (4x17), Đường 7m, 6.5 Tỷ","6,5 Tỷ","66,8 m2","Đường Tân Thới Nhất 1 - Phường Đông Hưng Thuận, Quận 12, TP Hồ Chí Minh",Quận 12,Bất động sản khác,ban,https://homedy.com/ban-nha-rieng-quan-12-tp-ho-chi-minh/mat-tien-tan-thoi-nhat-01-66-8m2-4x17-duong-7m-6-5-ty-es3197305,homedy.com,3,6500000000,66.8,2026-05-22,Sổ hồng,3197305,10.8612653,106.6642083
Nhà ở đường 3/2 Quận 10 sau lưng Vạn Hạnh Mall 452m2 chỉ 105 tỷ.,105 Tỷ,452 m2,"Đường 3/2 - Phường 12, Quận 10, TP Hồ Chí Minh",Quận 10,Nhà phố,ban,https://homedy.com/ban-nha-mat-pho-quan-10-tp-ho-chi-minh/o-duong-3-2-sau-lung-van-hanh-mall-452m2-105-ty-es3208931,homedy.com,3,105000000000,452,2026-06-03,Sổ hồng,3208931,10.7584681,106.6832126
Vinhomes Saigon Park Hóc Môn | Nhà Phố Liền Kề Từ 4 Tỷ | Mở Bán Đợt 1,4 Tỷ,50 m2,"Đường Đặng Công Bỉnh - Xã Xuân Thới Sơn, Huyện Hóc Môn, TP Hồ Chí Minh",Huyện Hóc Môn,Nhà phố,ban,https://homedy.com/ban-nha-biet-thu-lien-ke-huyen-hoc-mon-tp-ho-chi-minh/vinhomes-saigon-park-pho-tu-4-ty-mo-dot-1-es3208903,homedy.com,4,4000000000,50,2026-06-03,Hợp đồng mua bán,3208903,10.908745876020133,106.54712677001952
"Nhà mới 100%, Chính Chủ bán, 2 tầng, giá dưới 2 tỷ, Quận Bình Tân","1,7 Tỷ",44 m2,"Đường Số 6 - Phường Bình Hưng Hòa B, Quận Bình Tân, TP Hồ Chí Minh",Quận Bình Tân,Nhà phố,ban,https://homedy.com/ban-nha-rieng-quan-binh-tan-tp-ho-chi-minh/moi-100-chinh-chu-2-tang-gia-duoi-ty-es3200918,homedy.com,2,1700000000,44,2026-05-06,Sổ hồng,3200918,10.7704159,106.5995401
"Bán tòa nhà 10x18m, 5 tầng, 34p, SHR, Lê Trọng Tấn, Quận Bình Tân","20,8 Tỷ",180 m2,"Đường Lê Trọng Tấn - Phường Bình Hưng Hòa B, Quận Bình Tân, TP Hồ Chí Minh",Quận Bình Tân,Nhà phố,ban,https://homedy.com/ban-nha-rieng-quan-binh-tan-tp-ho-chi-minh/toa-10x18m-5-tang-34p-shr-le-trong-es3152456,homedy.com,34,20800000000,180,2026-06-03,Sổ hồng,3152456,10.7705525,106.5995228
"Bán đất 1418 Tỉnh Lộ 10, SHR, xây dựng liền, 65m2, Tân Tạo, Quận Bình Tân","2,55 Tỷ",65 m2,"Đường Tỉnh Lộ 10 - Phường Tân Tạo, Quận Bình Tân, TP Hồ Chí Minh",Quận Bình Tân,Đất nền,ban,https://homedy.com/ban-dat-quan-binh-tan-tp-ho-chi-minh/1418-tinh-lo-10-shr-xay-dung-lien-65m2-tao-es3206541,homedy.com,0,2550000000,65,2026-06-03,Sổ hồng,3206541,10.7510379,106.5918016
"Đất đẹp gần chợ, trường học, bệnh viện, thuận tiện an cư và đầu tư lâu dài",800 Triệu,100 m2,"Đường Trung Lập - Xã Thái Mỹ, Huyện Củ Chi, TP Hồ Chí Minh",Huyện Củ Chi,Đất nền,ban,https://homedy.com/ban-dat-huyen-cu-chi-tp-ho-chi-minh/dep-gan-cho-truong-hoc-benh-vien-thuan-tien-an-va-dau-tu-lau-dai-es3208885,homedy.com,0,800000000,100,2026-06-03,Sổ hồng,3208885,11.0967072,106.5097461
"Tôi Chính Chủ Kẹt Tiền bán gấp 2PN / 2 Tỷ 1 ,Sổ Sang tên bao Vat , Ở Ngay , Góp 70% , An ninh 24/24","2,1 Tỷ",52 m2,"Đường Nguyễn Thái Sơn - Phường 3, Quận Gò Vấp, TP Hồ Chí Minh",Quận Gò Vấp,Bất động sản khác,ban,https://homedy.com/ban-can-ho-quan-go-vap-tp-ho-chi-minh/toi-chinh-chu-ket-tien-gap-2pn-2-ty-1-so-sang-ten-bao-vat-o-ngay-gop-70-an-ninh-24-es3207864,homedy.com,2,2100000000,52,2026-05-26,Sổ hồng,3207864,10.8154508,106.6776414
Đất giá mềm chỉ 800tr sở hữu ngay lô đất 100m2 full thổ cư,800 Triệu,100 m2,"Đường Trung Lập - Xã Thái Mỹ, Huyện Củ Chi, TP Hồ Chí Minh",Huyện Củ Chi,Đất nền,ban,https://homedy.com/ban-dat-huyen-cu-chi-tp-ho-chi-minh/gia-mem-800tr-so-huu-ngay-lo-100m2-full-tho-es3208876,homedy.com,0,800000000,100,2026-06-02,Sổ hồng,3208876,11.0967072,106.5097461
Đất Mặt Tiền Lê Tấn Bê 1977m2 An Lạc Bình Tân,188 Tỷ,1977 m2,"Đường Lê Tấn Bê - Phường An Lạc, Quận Bình Tân, TP Hồ Chí Minh",Quận Bình Tân,Đất nền,ban,https://homedy.com/ban-dat-quan-binh-tan-tp-ho-chi-minh/mat-tien-le-be-1977m2-an-lac-es3208869,homedy.com,0,188000000000,1977,2026-06-02,Sổ hồng,3208869,10.7703543,106.5995759
"Bán tòa căn hộ dịch vụ Thảo Điền, khu LBC, 243.7m2 đất, 1 hầm + 6 tầng",118 Tỷ,"243,7 m2","Đường Số 1 - Phường Thảo Điền, Quận 2, TP Hồ Chí Minh",Quận 2,Căn hộ,ban,https://homedy.com/ban-bat-dong-san-khac-quan-2-tp-ho-chi-minh/toa-can-dich-vu-thao-dien-khu-lbc-243-7m2-dat-1-ham-6-tang-es2147209,homedy.com,1,118000000000,243.7,2026-06-02,Sổ hồng,2147209,10.7674544,106.70535667108685
"Mặt Tiền Lê Tấn Bê phường An Lạc, Quận Bình Tân gần 2000m2 chỉ 188 tỷ",188 Tỷ,1977 m2,"Đường Lê Tấn Bê - Phường An Lạc, Quận Bình Tân, TP Hồ Chí Minh",Quận Bình Tân,Bất động sản khác,ban,https://homedy.com/ban-dat-quan-binh-tan-tp-ho-chi-minh/mat-tien-le-be-phuong-an-lac-gan-2000m2-188-ty-es3208861,homedy.com,0,188000000000,1977,2026-06-02,Sổ hồng,3208861,10.7703543,106.5995759
"188 Tỷ Bán đất mặt tiền Lê Tấn Bê, vị trí khan hiếm tại khu vực An Lạc, Bình Tân.",188 Tỷ,1977 m2,"Đường Lê Tấn Bê - Phường An Lạc, Quận Bình Tân, TP Hồ Chí Minh",Quận Bình Tân,Đất nền,ban,https://homedy.com/ban-dat-quan-binh-tan-tp-ho-chi-minh/188-ty-mat-tien-le-be-vi-tri-khan-hiem-tai-khu-vuc-an-lac-es3208856,homedy.com,0,188000000000,1977,2026-06-02,Sổ hồng,3208856,10.7703543,106.5995759
"đất giá mềm , ngay trung tâm hành chính ,100m2 thổ cư","1,58 Tỷ",267 m2,"Đường 387 - Xã Tân An Hội, Huyện Củ Chi, TP Hồ Chí Minh",Huyện Củ Chi,Đất nền,ban,https://homedy.com/ban-dat-huyen-cu-chi-tp-ho-chi-minh/gia-mem-ngay-trung-tam-hanh-chinh-100m2-tho-es3208843,homedy.com,0,1580000000,267,2026-06-02,Sổ hồng,3208843,11.0967072,106.5097461
Bán giá gấp chủ nhà đi đầu tư cần tiền Nhà đẹp Quận Bình Thạnh giá 2 tỷ,"2 - 2,1 Tỷ",72 m2,"Đường Xô Viết Nghệ Tĩnh - Quận Bình Thạnh, TP Hồ Chí Minh",Quận Bình Thạnh,Nhà phố,ban,https://homedy.com/ban-nha-rieng-quan-binh-thanh-tp-ho-chi-minh/gia-gap-chu-di-dau-tu-can-tien-dep-2-ty-es3208844,homedy.com,3,2100000000,72,2026-06-02,Sổ hồng,3208844,10.812271,106.7040393
"Cần tiền trả nợ nên tôi bán căn nhà đang ở, ngay Chợ Phú Lợi 2","1,2 Tỷ",50 m2,"Phường 7 - Quận 8, TP Hồ Chí Minh",Quận 8,Nhà phố,ban,https://homedy.com/ban-nha-rieng-quan-8-tp-ho-chi-minh/can-tien-tra-no-nen-toi-dang-o-ngay-cho-phu-loi-2-es3208836,homedy.com,2,1200000000,50,2026-06-02,Sổ hồng,3208836,10.7417794,106.6662335
"Trả lãi ngân hàng cần bán GẤP!!!! Căn 1 trệt 1 lầu ,Chỉ 1 tỷ 450!!","1,45 Tỷ",60 m2,"Phường 6, Quận 8, TP Hồ Chí Minh",Quận 8,Bất động sản khác,ban,https://homedy.com/ban-nha-rieng-quan-8-tp-ho-chi-minh/tra-lai-ngan-hang-can-gap-1-tret-lau-ty-450-es3208846,homedy.com,2,1450000000,60,2026-06-02,Sổ hồng,3208846,10.7390739,106.6659208
SỐC Chủ Ngộp | Chỉ 580 triệu sở hữu ngay 350m2 ( có thổ cư ) tại tân an hội củ chi,580 Triệu,350 m2,"Đường Nguyễn Thị Nị - Xã Tân An Hội, Huyện Củ Chi, TP Hồ Chí Minh",Huyện Củ Chi,Bất động sản khác,ban,https://homedy.com/ban-dat-huyen-cu-chi-tp-ho-chi-minh/soc-chu-ngop-580-trieu-so-huu-ngay-350m2-co-tho-tai-tan-an-hoi-es3208829,homedy.com,0,580000000,350,2026-06-02,Sổ hồng,3208829,11.0967072,106.5097461
bán nhà gấp 1 tỷ 8 chủ nhà thanh lý để đi nước ngoài quận 3 giá 1 tỷ 800tr,"1,6 - 1,8 Tỷ",47 m2,"Đường Nguyễn Đình Chiểu - Quận 3, TP Hồ Chí Minh",Quận 3,Nhà phố,ban,https://homedy.com/ban-nha-rieng-quan-3-tp-ho-chi-minh/gap-1-ty-8-chu-thanh-ly-de-di-nuoc-ngoai-gia-800tr-es3208834,homedy.com,2,1800000000,47,2026-06-02,Sổ hồng,3208834,10.7788914,106.6869967
"Cần bán nhà ở đường Bông Sao, Quận 8, chủ cần tiền bán","1,3 Tỷ",55 m2,"Phường 5 - Quận 8, TP Hồ Chí Minh",Quận 8,Nhà phố,ban,https://homedy.com/ban-nha-rieng-quan-8-tp-ho-chi-minh/can-o-duong-bong-sao-chu-tien-es3208825,homedy.com,0,1300000000,55,2026-06-02,Sổ hồng,3208825,10.7421366,106.666184
Định cư nước ngoài cần bán gấp !!! Căn 1 trệt 1 lầu 1 tỷ 500,"1,5 Tỷ",60 m2,"Đường Phạm Thế Hiển - Phường 4, Quận 8, TP Hồ Chí Minh",Quận 8,Bất động sản khác,ban,https://homedy.com/ban-nha-rieng-quan-8-tp-ho-chi-minh/dinh-cu-nuoc-ngoai-can-gap-1-tret-lau-ty-500-es3208828,homedy.com,2,1500000000,60,2026-06-02,Sổ hồng,3208828,10.7171219,106.6295254
"CẦN bán nhà gấp ở đường Tạ Quang Bửu, phường 5, trung tâm QUẬN 8","1,2 Tỷ",50 m2,"Phường 5, Quận 8, TP Hồ Chí Minh",Quận 8,Nhà phố,ban,https://homedy.com/ban-nha-rieng-quan-8-tp-ho-chi-minh/can-gap-o-duong-ta-quang-buu-phuong-5-trung-tam-es3208819,homedy.com,3,1200000000,50,2026-06-02,Sổ hồng,3208819,10.7335583,106.6604586
"Bán căn nhà gấp ở đường Tân Quý, Q. Tân Phú giá 1ty850","1,85 Tỷ",20 m2,"Đường Tân Quý - Phường Tân Quý, Quận Tân Phú, TP Hồ Chí Minh",Quận Tân Phú,Nhà phố,ban,https://homedy.com/ban-nha-rieng-quan-tan-phu-tp-ho-chi-minh/can-gap-o-duong-quy-q-gia-1ty850-es3201115,homedy.com,3,1850000000,20,2026-05-24,Sổ hồng,3201115,10.7918681,106.6277515
Bán gấp nhà giá rẻ đường Ung Văn Khiêm quận Bình Thạnh 1ty7,"1,7 Tỷ",60 m2,"Đường Ung Văn Khiêm - Phường 22, Quận Bình Thạnh, TP Hồ Chí Minh",Quận Bình Thạnh,Nhà phố,ban,https://homedy.com/ban-nha-rieng-quan-binh-thanh-tp-ho-chi-minh/gap-gia-re-duong-ung-van-khiem-1ty7-es3201120,homedy.com,0,1700000000,60,2026-05-24,Sổ hồng,3201120,10.812271,106.7040393
"Vỡ nợ bán nhà 1t1l đường Nguyễn Thị Búp, quận 12-dt 35m2 có sổ hồng riêng, hẻm xe hơi",455 Triệu,35 m2,"Đường Nguyễn Thị Búp - Phường Tân Chánh Hiệp, Quận 12, TP Hồ Chí Minh",Quận 12,Nhà phố,ban,https://homedy.com/ban-nha-rieng-quan-12-tp-ho-chi-minh/vo-no-1t1l-duong-nguyen-thi-bup-dt-35m2-co-so-hong-hem-xe-hoi-es3208801,homedy.com,3,455000000,35,2026-06-02,Sổ hồng,3208801,10.8673521,106.6259541
"Bán nhà đẹp ở liền Đường số 4, Trường Thọ, Thủ Đức, giá 1 tỷ 950.","1,95 Tỷ",20 m2,"Phường Trường Thọ - Thành phố Thủ Đức, TP Hồ Chí Minh",Thành Phố Thủ Đức,Nhà phố,ban,https://homedy.com/ban-nha-rieng-thanh-pho-thu-duc-tp-ho-chi-minh/dep-o-lien-duong-so-4-truong-tho-gia-1-ty-950-es3201649,homedy.com,2,1950000000,20,2026-05-24,Sổ hồng,3201649,10.8510238,106.7548953
"Bán Nhà Thủ Đức Giá 3T5, Hẻm Rộng, Sổ Hồng Riêng, Khu Dân Cư An Ninh, Phía Sau Giga Mall Vào Ở Ngay","3,5 Tỷ",48 m2,"Đường 27 - Phường Hiệp Bình Phước, Thành phố Thủ Đức, TP Hồ Chí Minh",Thành Phố Thủ Đức,Nhà phố,ban,https://homedy.com/ban-nha-rieng-thanh-pho-thu-duc-tp-ho-chi-minh/gia-3t5-hem-rong-so-hong-khu-dan-cu-an-ninh-phia-sau-giga-mall-vao-o-ngay-es3206227,homedy.com,4,3500000000,48,2026-05-15,Sổ hồng,3206227,10.8470439,106.7234415
"Bán nhà mặt tiền chợ Rạch Ông , phường 2, Quận 8 ,5 tầng , 5pn , chỉ 12,99 tỷ lh 0398879796","12,99 Tỷ",46 m2,"Đường Nguyễn Thị Tần - Phường 2, Quận 8, TP Hồ Chí Minh",Quận 8,Nhà phố,ban,https://homedy.com/ban-nha-mat-pho-quan-8-tp-ho-chi-minh/tien-cho-rach-ong-phuong-2-5-tang-5pn-1299-ty-lh-0398879796-es3208755,homedy.com,5,12990000000,46,2026-06-02,Sổ hồng,3208755,10.7416082,106.6649389
"Bán căn hộ Bue Sky Tower-Q 2 cũ- Bình Trưng Đông 59m2, giá 2.7 tỷ full chi phí","2,7 Tỷ",59 m2,"Đường Nguyễn Duy Trinh, Phường Bình Trưng Đông, Quận 2, TP Hồ Chí Minh",Quận 2,Căn hộ,ban,https://homedy.com/ban-can-ho-blue-sky-tower-hqc-binh-trung-dong/bue-q-2-cu-59m2-gia-7-ty-full-chi-phi-es1807193,homedy.com,2,2700000000,59,2026-06-02,Hợp đồng mua bán,1807193,10.78882,106.75546
"Giá tốt - Nhà mới xây gần bên Hoàng Diệu 2, 10,5 tỷ","10,5 Tỷ",58 m2,"Đường Số 5 - Phường Linh Chiểu, Thành phố Thủ Đức, TP Hồ Chí Minh",Thành Phố Thủ Đức,Nhà phố,ban,https://homedy.com/ban-nha-rieng-thanh-pho-thu-duc-tp-ho-chi-minh/gia-tot-moi-xay-gan-ben-hoang-dieu-2-105-ty-es3208752,homedy.com,4,10500000000,58,2026-06-02,Sổ hồng,3208752,10.8530516,106.7663015
"Bán tòa nhà, 6 tầng, 43p, doanh thu 210 triệu/tháng, Tân Kỳ Tân Quý, Quận BT","28,5 Tỷ",230 m2,"Đường Tân Kỳ Tân Quý - Phường Bình Hưng Hòa, Quận Bình Tân, TP Hồ Chí Minh",Quận Bình Tân,Bất động sản khác,ban,https://homedy.com/ban-nha-rieng-quan-binh-tan-tp-ho-chi-minh/toa-6-tang-43p-doanh-thu-210-trieu-thang-ky-quy-bt-es3206427,homedy.com,0,28500000000,230,2026-06-02,Sổ hồng,3206427,10.7703543,106.5995759
"Bán nhà 6 tầng, 43p, doanh thu 210tr/tháng, Tân Kỳ Tân Quý, Quận BT","28,5 Tỷ",250 m2,"Đường Tân Kỳ Tân Quý - Phường Bình Hưng Hòa, Quận Bình Tân, TP Hồ Chí Minh",Quận Bình Tân,Nhà phố,ban,https://homedy.com/ban-nha-rieng-quan-binh-tan-tp-ho-chi-minh/6-tang-43p-doanh-thu-210tr-thang-ky-quy-bt-es3206003,homedy.com,0,28500000000,250,2026-05-26,Sổ hồng,3206003,10.7703543,106.5995759
"Đất thổ cư trung tâm Củ Chi – Mặt tiền đường, pháp lý chuẩn, giá cực tốt cho nhà đầu tư","1,3 Tỷ",100 m2,"Đường Trung Lập - Xã Thái Mỹ, Huyện Củ Chi, TP Hồ Chí Minh",Huyện Củ Chi,Đất nền,ban,https://homedy.com/ban-dat-huyen-cu-chi-tp-ho-chi-minh/tho-trung-tam-mat-tien-duong-phap-ly-chuan-gia-cuc-tot-cho-nha-dau-tu-es3208740,homedy.com,0,1300000000,100,2026-06-02,Sổ hồng,3208740,11.0967072,106.5097461
"Bán nhà mặt tiền Bùi Thị Xuân, Tân Bình 5,5m * 20m, 1 trệt 2 lầu hc 193m2 dòng tiền 720 tr/n.","11,3 Tỷ",88 m2,"Đường Bùi Thị Xuân - Phường 12, Quận Tân Bình, TP Hồ Chí Minh",Quận Tân Bình,Nhà phố,ban,https://homedy.com/ban-nha-mat-pho-quan-tan-binh-tp-ho-chi-minh/tien-bui-thi-xuan-55m-20m-1-tret-2-lau-hc-193m2-dong-720-tr-n-es2623104,homedy.com,3,11300000000,88,2026-06-02,Sổ hồng,2623104,,
"Bán biệt thự Villa Riviera An Phú có DT đất 287.8m2, gồm 1 trệt, 2 lầu, giá 115 tỷ",115 Tỷ,289 m2,"Đường Giang Văn Minh, Phường Thảo Điền, Quận 2, TP Hồ Chí Minh",Quận 2,Đất nền,ban,https://homedy.com/ban-nha-biet-thu-lien-ke-villa-riviera/an-phu-co-dt-dat-287-8m2-gom-1-tret-2-lau-gia-115-ty-es3132763,homedy.com,4,115000000000,289,2026-06-01,Sổ hồng,3132763,10.806668457844223,106.74831414222764
"Bán đất thổ cư tại xã nhuận đức, củ chi, dt 80m2 chỉ 900 triệu. lh:0867983144.",900 Triệu,80 m2,"Xã Nhuận Đức - Huyện Củ Chi, TP Hồ Chí Minh",Huyện Củ Chi,Đất nền,ban,https://homedy.com/ban-dat-huyen-cu-chi-tp-ho-chi-minh/tho-tai-xa-nhuan-duc-dt-80m2-900-trieu-lh0867983144-es3208723,homedy.com,0,900000000,80,2026-06-01,Sổ hồng,3208723,11.0967072,106.5097461
"Đất full thổ cư 123,5m² (5x24,7), đường 7m, sổ riêng, Đ.Xuân Thới Sơn 11, gần Vinhomes Hóc Môn","3,6 Tỷ","123,5 m2","Xã Xuân Thới Sơn - Huyện Hóc Môn, TP Hồ Chí Minh",Huyện Hóc Môn,Đất nền,ban,https://homedy.com/ban-nha-rieng-huyen-hoc-mon-tp-ho-chi-minh/dat-full-tho-cu-1235m-5x247-duong-7m-so-d-xuan-thoi-son-11-gan-vinhomes-es3208716,homedy.com,0,3600000000,123.5,2026-06-01,Sổ hồng,3208716,10.8937624,106.5832489
"Bán Chung Cư Wilton 67m2 Giá 2T9, Full Nội Thất, View đẹp, Tiện ích Cao Cấp, Ở Ngay. Sổ Hồng Riêng","2,9 Tỷ",67 m2,"Đường Nguyễn Văn Thương - Phường 25, Quận Bình Thạnh, TP Hồ Chí Minh",Quận Bình Thạnh,Căn hộ,ban,https://homedy.com/ban-can-ho-quan-binh-thanh-tp-ho-chi-minh/chung-cu-wilton-67m2-gia-2t9-full-noi-that-view-dep-tien-ich-cao-cap-o-ngay-so-hong-rieng-es3206236,homedy.com,2,2900000000,67,2026-05-15,Sổ hồng,3206236,10.7987615,106.7208459
"Bán biệt thự Quận 10, hxh Điện Biên Phủ, 274m2, 2 tầng, sân lớn, giá 55 tỷ",55 Tỷ,274 m2,"Đường Điện Biên Phủ - Phường 11, Quận 10, TP Hồ Chí Minh",Quận 10,Nhà phố,ban,https://homedy.com/ban-nha-biet-thu-lien-ke-quan-10-tp-ho-chi-minh/hxh-dien-bien-phu-274m2-2-tang-san-lon-gia-55-ty-es3208708,homedy.com,0,55000000000,274,2026-06-01,Sổ hồng,3208708,10.770528,106.669426
"Bán tòa nhà Nguyễn Duy Dương, Q10, 7,8m x 19m, Hầm, 6 tầng, giá 80 tỷ",80 Tỷ,108 m2,"Đường Nguyễn Duy Dương - Phường 3, Quận 10, TP Hồ Chí Minh",Quận 10,Nhà phố,ban,https://homedy.com/ban-bat-dong-san-khac-quan-10-tp-ho-chi-minh/toa-nha-nguyen-duy-duong-q10-78m-x-19m-ham-6-tang-gia-80-ty-es3208702,homedy.com,0,80000000000,108,2026-06-01,Sổ hồng,3208702,10.7770084,106.6811613
"Bán Nhà Riêng Chính Chủ H3G Đ. Lê Thị Riêng Q1 - Dt 3,6 x 4,3 - Chỉ 3,4 Tỷ","3,4 Tỷ",16 m2,"Đường Lê Thị Riêng - Phường Bến Thành, Quận 1, TP Hồ Chí Minh",Quận 1,Nhà phố,ban,https://homedy.com/ban-nha-rieng-quan-1-tp-ho-chi-minh/chinh-chu-h3g-d-le-thi-q1-dt-36-x-43-34-ty-es3208685,homedy.com,0,3400000000,16,2026-06-01,Sổ hồng,3208685,10.7741635,106.6903807
"Chính chủ cần bán đất MT đường D1,Q9 đối diện KDL Song Long giá rẻ 10tr3/m2 2500m2","25,5 Tỷ",2500 m2,"Đường D1 - Phường Long Phước, Thành phố Thủ Đức, TP Hồ Chí Minh",Thành Phố Thủ Đức,Đất nền,ban,https://homedy.com/ban-dat-thanh-pho-thu-duc-tp-ho-chi-minh/chinh-chu-can-mt-duong-d1q9-doi-dien-kdl-song-long-gia-re-10tr3-m2-2500m2-es3165453,homedy.com,0,25500000000,2500,2026-05-02,Sổ hồng,3165453,10.8364921,106.7657612
"Bán biệt thự Saigon Mystery Villas, 448m2, hầm 3 tầng, 2 mặt tiền, giá 185 tỷ",185 Tỷ,448 m2,"Đường Đồng Văn Cống, Phường Thạnh Mỹ Lợi, Quận 2, TP Hồ Chí Minh",Quận 2,Nhà phố,ban,https://homedy.com/ban-nha-biet-thu-lien-ke-khu-do-thi-saigon-mystery-villas/448m2-ham-3-tang-2-mat-tien-gia-185-ty-es3208659,homedy.com,0,185000000000,448,2026-06-01,Sổ hồng,3208659,10.777469196760585,106.75044688511956
"Bán biệt thự Him Lam Quận 7, hầm 3 lầu, 10 phòng, 250m2, giá chỉ 75 tỷ",75 Tỷ,250 m2,"Phường Tân Hưng - Quận 7, TP Hồ Chí Minh",Quận 7,Nhà phố,ban,https://homedy.com/ban-nha-biet-thu-lien-ke-quan-7-tp-ho-chi-minh/him-lam-ham-3-lau-10-phong-250m2-gia-75-ty-es3208658,homedy.com,0,75000000000,250,2026-06-01,Sổ hồng,3208658,10.7305239,106.7087488
"Bán đất nền biệt thự, Khu compound Fideco, 140m2, ngang 7m, giá 42 tỷ",42 Tỷ,140 m2,"Đường Thảo Điền - Phường An Khánh, Quận 2, TP Hồ Chí Minh",Quận 2,Đất nền,ban,https://homedy.com/ban-dat-nen-du-an-quan-2-tp-ho-chi-minh/biet-thu-khu-compound-fideco-140m2-ngang-7m-gia-42-ty-es3208657,homedy.com,0,42000000000,140,2026-06-01,Sổ hồng,3208657,10.8037248,106.7462249
"Tô Ký Tower 2 phòng ngủ giá rẻ 2 tỷ, 51 - 75m2 sổ hồng, mặt tiền Tô Ký có trung tâm thương mại",2 Tỷ,51 m2,"Đường Tô Ký - Phường Trung Mỹ Tây, Quận 12, TP Hồ Chí Minh",Quận 12,Phòng/Cho thuê,ban,https://homedy.com/ban-can-ho-quan-12-tp-ho-chi-minh/to-ky-tower-2-phong-ngu-gia-re-ty-51-75m2-so-hong-mat-tien-co-trung-tam-thuong-mai-es1509455,homedy.com,2,2000000000,51,2026-03-10,Sổ hồng,1509455,10.8544446,106.6252083
Cách Mặt tiền 50m hẻm Đặng thùy trâm 10m Xe tài lưu thông,"10,3 Tỷ",53 m2,"Đường Đặng Thùy Trâm - Phường 13, Quận Bình Thạnh, TP Hồ Chí Minh",Quận Bình Thạnh,Bất động sản khác,ban,https://homedy.com/ban-nha-rieng-quan-binh-thanh-tp-ho-chi-minh/cach-mat-tien-50m-hem-dang-thuy-tram-10m-xe-tai-luu-thong-es3208625,homedy.com,5,10300000000,53,2026-05-31,Sổ hồng,3208625,10.8263833,106.7061889
"Combo 2 căn liền kề 10m mặt tiền , cực hiếm, Khu dân cư trung tâm Bình Lợi",45 Tỷ,217 m2,"Phường 13 - Quận Bình Thạnh, TP Hồ Chí Minh",Quận Bình Thạnh,Bất động sản khác,ban,https://homedy.com/ban-nha-mat-pho-quan-binh-thanh-tp-ho-chi-minh/combo-2-can-lien-ke-10m-tien-cuc-hiem-khu-dan-cu-trung-tam-loi-es3208624,homedy.com,0,45000000000,217,2026-05-31,Sổ hồng,3208624,10.8263833,106.7061889
"Tôi Chính Chủ đang kẹt tiền bán CH 55m2/2 tỷ 2 ,Sổ trao tay ,Bank 70% dài hạn,Tầng cao view Hồ bơi","2,2 Tỷ",55 m2,"Đường Nguyễn Thái Sơn - Phường 3, Quận Gò Vấp, TP Hồ Chí Minh",Quận Gò Vấp,Bất động sản khác,ban,https://homedy.com/ban-can-ho-quan-go-vap-tp-ho-chi-minh/toi-chinh-chu-dang-ket-tien-ch-55m2-2-ty-so-trao-tay-bank-70-dai-hantang-cao-view-boi-es3208188,homedy.com,2,2200000000,55,2026-05-28,Sổ hồng,3208188,10.8154508,106.6776414
"Giá đầu tư - nhà 4 tầng KDC Êm Đềm Linh Xuân , 119m2, 9,3 tỷ.","9,3 Tỷ",119 m2,"Phường Linh Xuân - Thành phố Thủ Đức, TP Hồ Chí Minh",Thành Phố Thủ Đức,Nhà phố,ban,https://homedy.com/ban-nha-mat-pho-thanh-pho-thu-duc-tp-ho-chi-minh/gia-dau-tu-4-tang-kdc-em-dem-linh-xuan-119m2-93-ty-es3203435,homedy.com,4,9300000000,119,2026-05-29,Sổ hồng,3203435,10.8727102,106.7649932
cần thanh toán gấp siêu phẩm nhà gần AEON Tân Phú giá cực yêu thương chỉ trên dưới 2 Tỷ,"1,9 - 2,25 Tỷ",65 - 73 m2,"Đường Bình Long - Phường Tân Sơn Nhì, Quận Tân Phú, TP Hồ Chí Minh",Quận Tân Phú,Nhà phố,ban,https://homedy.com/ban-nha-rieng-quan-tan-phu-tp-ho-chi-minh/can-thanh-toan-gap-sieu-pham-gan-aeon-gia-cuc-yeu-thuong-tren-duoi-2-ty-es3208574,homedy.com,3,2250000000,65,2026-05-31,Sổ hồng,3208574,10.7918681,106.6277515
"Bán căn hộ Mỹ Kim 2PN view sông Landmark, sổ hồng, giá 3,2 tỷ","3,2 Tỷ",75 m2,"Đường 18, Phường Hiệp Bình Chánh, Thành phố Thủ Đức, TP Hồ Chí Minh",Thành Phố Hồ Chí Minh,Căn hộ,ban,https://homedy.com/ban-can-ho-my-kim/2pn-view-song-landmark-so-hong-gia-32-ty-es3208527,homedy.com,2,3200000000,75,2026-05-30,Sổ hồng,3208527,10.8249503,106.71920620000004
"Bán biệt thự Thạnh Mỹ Lợi, 550 m², 25m × 22m, hầm + 3 lầu, 4PN, gara ô tô",98 Tỷ,550 m2,"Đường Số 87 - Phường Thạnh Mỹ Lợi, Quận 2, TP Hồ Chí Minh",Quận 2,Nhà phố,ban,https://homedy.com/ban-nha-rieng-quan-2-tp-ho-chi-minh/biet-thu-thanh-my-loi-550-m-25m-22m-ham-3-lau-4pn-gara-o-to-es3196818,homedy.com,4,98000000000,550,2026-05-30,Sổ hồng,3196818,10.7707318,106.7702559
"Giá rất tốt - nhà mới ngay Tô Ngọc Vân Linh Đông 3,95 tỷ","3,95 Tỷ",33 m2,"Đường Tô Ngọc Vân - Phường Linh Đông, Thành phố Thủ Đức, TP Hồ Chí Minh",Thành Phố Thủ Đức,Nhà phố,ban,https://homedy.com/ban-nha-rieng-thanh-pho-thu-duc-tp-ho-chi-minh/gia-rat-tot-moi-ngay-to-ngoc-van-linh-dong-395-ty-es3208515,homedy.com,0,3950000000,33,2026-05-30,Sổ hồng,3208515,10.8553255,106.7478696
"Bán biệt thự Riviera Cove, góc 3 mặt tiền đẹp, 546m2 đất, 3 tầng, nhà hoàn thiện",65 Tỷ,546 m2,"Đường D3, Phường Phú Hữu, Quận 9, TP Hồ Chí Minh",Quận 9,Đất nền,ban,https://homedy.com/ban-nha-biet-thu-lien-ke-riviera-cove/goc-3-mat-tien-dep-546m2-dat-tang-hoan-thien-es3187666,homedy.com,0,65000000000,546,2026-05-30,Sổ hồng,3187666,10.8083989,106.78188569999998
"Bán lô đất góc 2 mặt tiền phường Long Trường, Q9, 1090m2, ngang 18m",43 Tỷ,1090 m2,"Đường Trường Lưu - Phường Long Trường, Quận 9, TP Hồ Chí Minh",Quận 9,Đất nền,ban,https://homedy.com/ban-dat-nen-du-an-quan-9-tp-ho-chi-minh/lo-goc-2-mat-tien-phuong-long-truong-q9-1090m2-ngang-18m-es2864441,homedy.com,0,43000000000,1090,2026-05-30,Sổ hồng,2864441,10.7971015,106.8234697
"Nợ gấp, bán nhà hẻm 6m Hoàng Diệu, Quận 4 - 70m2 - Thanh toán 1.09 tỷ - Hẻm xe hơi gần chợ","1,09 Tỷ",70 m2,"Đường Hoàng Diệu - Phường 12, Quận 4, TP Hồ Chí Minh",Quận 4,Nhà phố,ban,https://homedy.com/ban-nha-rieng-quan-4-tp-ho-chi-minh/no-gap-hem-6m-hoang-dieu-70m2-thanh-toan-1-09-ty-xe-hoi-gan-cho-es1463138,homedy.com,3,1090000000,70,2026-05-30,Sổ hồng,1463138,10.7650554,106.7070937
Kẹt nợ làm ăn bán gấp nhà 1 trệt 3 lầu Khuông Việt - 80m2 - 1.25 tỷ cho thuê 32tr/tháng,"1,25 Tỷ",80 m2,"Đường Khuông Việt - Phường Phú Trung, Quận Tân Phú, TP Hồ Chí Minh",Quận Tân Phú,Nhà phố,thue,https://homedy.com/ban-nha-rieng-quan-tan-phu-tp-ho-chi-minh/ket-no-lam-an-gap-1-tret-3-lau-khuong-viet-80m2-25-ty-cho-thue-32tr-thang-es1469155,homedy.com,4,1250000000,80,2026-05-18,Sổ hồng,1469155,10.7770851,106.6403651
"Ly hôn bán nhà nuôi con nhà đường Xóm Chiếu, Quận 4, 75m2, 1,13 tỷ, 1 lầu nhà đẹp ở liền","1,13 Tỷ",75 m2,"Đường Xóm Chiếu - Phường 14, Quận 4, TP Hồ Chí Minh",Quận 4,Nhà phố,ban,https://homedy.com/ban-nha-rieng-quan-4-tp-ho-chi-minh/ly-hon-nuoi-con-duong-xom-chieu-75m2-113-ty-1-lau-dep-o-lien-es1469169,homedy.com,3,1130000000,75,2026-05-27,Sổ hồng,1469169,10.7562778,106.7096419
Đầu Tư Đất Củ Chi Hôm Nay – Đón Đầu Sự Phát Triển Của Khu Tây Bắc TP.HCM,"1,3 Tỷ",100 m2,"Đường Trung Lập - Xã Thái Mỹ, Huyện Củ Chi, TP Hồ Chí Minh",Huyện Củ Chi,Đất nền,ban,https://homedy.com/ban-dat-huyen-cu-chi-tp-ho-chi-minh/dau-tu-hom-nay-don-su-phat-trien-cua-khu-tay-bac-hcm-es3208494,homedy.com,0,1300000000,100,2026-05-30,Sổ hồng,3208494,11.0967072,106.5097461
"Nhà 6 tầng 486m2 xe hơi đổ cửa, thang máy - ở ngay - gần chợ an nhơn- gò vấp lh:0707745769.",13 Tỷ,486 m2,"Phường 6 - Quận Gò Vấp, TP Hồ Chí Minh",Quận Gò Vấp,Nhà phố,ban,https://homedy.com/ban-nha-mat-pho-quan-go-vap-tp-ho-chi-minh/6-tang-486m2-xe-hoi-do-cua-thang-may-o-ngay-gan-cho-an-nhon-lh0707745769-es3208485,homedy.com,7,13000000000,486,2026-05-30,Sổ hồng,3208485,10.8353538,106.6740337
"Bán nhanh căn hộ 105m2 - 6,7 tỷ - 3PN2WC - Celesta Rise","6,7 Tỷ",105 m2,"Đường Nguyễn Hữu Thọ, Xã Phước Kiển, Huyện Nhà Bè, TP Hồ Chí Minh",Huyện Nhà Bè,Căn hộ,ban,https://homedy.com/ban-can-ho-celesta-rise/nhanh-105m2-67-ty-3pn2wc-es3208480,homedy.com,3,6700000000,105,2026-05-30,Sổ hồng,3208480,10.710801213039383,106.7072873359375
"Bán nhà Quận 3, Đường Điện Biên Phủ, gần ngã tư, 214m2 đất, 2 tầng, giá bán 125 tỷ",125 Tỷ,214 m2,"Đường Điện Biên Phủ - Phường 6, Quận 3, TP Hồ Chí Minh",Quận 3,Đất nền,ban,https://homedy.com/ban-nha-mat-pho-quan-3-tp-ho-chi-minh/duong-dien-bien-phu-gan-nga-tu-214m2-dat-2-tang-gia-125-ty-es3192615,homedy.com,0,125000000000,214,2026-05-30,Sổ hồng,3192615,10.7758292,106.6908575
"Căn 75m2 Hoàng Kim Thế Gia sổ hồng sẵn, TT 950tr ở ngay, nhà mới, nội thất","3,75 Tỷ",75 m2,"Đường Trương Phước Phan, Phường Bình Trị Đông, Quận Bình Tân, TP Hồ Chí Minh",Quận Bình Tân,Nhà phố,ban,https://homedy.com/ban-can-ho-hoang-kim-the-gia-the-golden-dynasty/75m2-so-hong-san-tt-950tr-o-ngay-nha-moi-noi-that-es3196919,homedy.com,0,3750000000,75,2026-05-30,Sổ hồng,3196919,10.77407123487246,106.61428906085212
"Bán nhà mặt tiền đường 53 Hiệp Bình Chánh Thủ Đức, 4x16m, 4PN, giá 7,5 tỷ","7,5 Tỷ",64 m2,"Đường Số 53 - Phường Hiệp Bình Chánh, Thành phố Thủ Đức, TP Hồ Chí Minh",Thành Phố Thủ Đức,Nhà phố,ban,https://homedy.com/ban-nha-mat-pho-thanh-pho-thu-duc-tp-ho-chi-minh/tien-duong-53-hiep-binh-chanh-4x16m-4pn-gia-75-ty-es3204963,homedy.com,4,7500000000,64,2026-05-25,Sổ hồng,3204963,10.8299994,106.7132913
Chỉ 4.68 tỉ CC MT thụt Trần Quốc Toản q3 mới 3 lầu,"4,68 Tỷ",45 m2,"Đường Trần Quốc Toản - Phường 8, Quận 3, TP Hồ Chí Minh",Quận 3,Bất động sản khác,ban,https://homedy.com/ban-nha-rieng-quan-3-tp-ho-chi-minh/4-68-ti-cc-mt-thut-tran-quoc-toan-q3-moi-lau-es3208434,homedy.com,0,4680000000,45,2026-05-30,Sổ hồng,3208434,10.7752885,106.705369
"Dãy trọ 5 phòng ngay làng đại học, Linh Xuân , 100m2, 5,5 tỷ.","5,5 Tỷ",100 m2,"Phường Linh Xuân - Thành phố Thủ Đức, TP Hồ Chí Minh",Thành Phố Thủ Đức,Phòng/Cho thuê,ban,https://homedy.com/ban-nha-rieng-thanh-pho-thu-duc-tp-ho-chi-minh/day-tro-5-phong-ngay-lang-dai-hoc-linh-xuan-100m2-55-ty-es3198392,homedy.com,0,5500000000,100,2026-05-29,Sổ hồng,3198392,10.8727102,106.7649932
Giá rất tốt - 2 tầng ngay Hồ Văn Tư sát chợ Thủ Đức 5 tỷ!,5 Tỷ,48 m2,"Đường Hồ Văn Tư - Phường Trường Thọ, Thành phố Thủ Đức, TP Hồ Chí Minh",Thành Phố Thủ Đức,Bất động sản khác,ban,https://homedy.com/ban-nha-rieng-thanh-pho-thu-duc-tp-ho-chi-minh/gia-rat-tot-2-tang-ngay-van-tu-sat-cho-5-ty-es3200047,homedy.com,0,5000000000,48,2026-05-29,Sổ hồng,3200047,10.8202523,106.7589927
"Nhà 4 tầng hẻm xe hơi đường số 11 Trường Thọ, 7,7 tỷ.","7,7 Tỷ",75 m2,"Đường Số 11 - Phường Trường Thọ, Thành phố Thủ Đức, TP Hồ Chí Minh",Thành Phố Thủ Đức,Nhà phố,ban,https://homedy.com/ban-nha-rieng-thanh-pho-thu-duc-tp-ho-chi-minh/4-tang-hem-xe-hoi-duong-so-11-truong-tho-77-ty-es3202289,homedy.com,4,7700000000,75,2026-05-29,Sổ hồng,3202289,10.8454774,106.7591933
"Đất lô góc MTKD Khu dân cư Êm Đềm Linh Xuân, 14,8 tỷ","14,8 Tỷ",131 m2,"Phường Linh Xuân - Thành phố Thủ Đức, TP Hồ Chí Minh",Thành Phố Thủ Đức,Đất nền,ban,https://homedy.com/ban-dat-thanh-pho-thu-duc-tp-ho-chi-minh/lo-goc-mtkd-khu-dan-cu-em-dem-linh-xuan-148-ty-es3201233,homedy.com,0,14800000000,131,2026-05-29,Sổ hồng,3201233,10.8727102,106.7649932
"Đất FO chưa qua đầu tư Tây Hoà quận 9 , 6,5 tỷ","6,5 Tỷ",85 m2,"Đường Tây Hòa - Phường Phước Long A, Quận 9, TP Hồ Chí Minh",Quận 9,Đất nền,ban,https://homedy.com/ban-dat-quan-9-tp-ho-chi-minh/fo-chua-qua-dau-tu-tay-hoa-65-ty-es3200438,homedy.com,0,6500000000,85,2026-05-29,Sổ hồng,3200438,10.8441928,106.7791529
"Giá tốt đầu tư - Nhà 4 tầng Linh Trung, 7,45 tỷ.","7,45 Tỷ",53 m2,"Đường 16 - Phường Linh Trung, Thành phố Thủ Đức, TP Hồ Chí Minh",Thành Phố Thủ Đức,Nhà phố,ban,https://homedy.com/ban-nha-rieng-thanh-pho-thu-duc-tp-ho-chi-minh/gia-tot-dau-tu-4-tang-linh-trung-745-ty-es3200028,homedy.com,4,7450000000,53,2026-05-29,Sổ hồng,3200028,10.8651356,106.7645982
"Nhà 4 tầng mặt tiền KDC Linh Xuân , 90 m2, 15 tỷ, tặng toàn bộ nội thất.",15 Tỷ,90 m2,"Đường 4 - Phường Linh Xuân, Thành phố Thủ Đức, TP Hồ Chí Minh",Thành Phố Thủ Đức,Nhà phố,ban,https://homedy.com/ban-nha-mat-pho-thanh-pho-thu-duc-tp-ho-chi-minh/4-tang-tien-kdc-linh-xuan-90-m2-15-ty-toan-bo-noi-that-es3193622,homedy.com,4,15000000000,90,2026-05-29,Sổ hồng,3193622,10.8758915,106.7693577
"Nhà đẹp 4 tầng lô góc đường số 6 Linh Xuân , 104 m2, 7 tỷ.",7 Tỷ,104 m2,"Đường 6 - Phường Linh Xuân, Thành phố Thủ Đức, TP Hồ Chí Minh",Thành Phố Thủ Đức,Nhà phố,ban,https://homedy.com/ban-nha-rieng-thanh-pho-thu-duc-tp-ho-chi-minh/dep-4-tang-lo-goc-duong-so-6-linh-xuan-104-m2-7-ty-es3194714,homedy.com,3,7000000000,104,2026-05-29,Sổ hồng,3194714,10.8595124,106.7543323
"Nhà ngay Hoàng Diệu 2 - Linh Trung, 59 m2, 5,1 tỷ","5,1 Tỷ",59 m2,"Đường 5 - Phường Linh Trung, Thành phố Thủ Đức, TP Hồ Chí Minh",Thành Phố Thủ Đức,Nhà phố,ban,https://homedy.com/ban-nha-rieng-thanh-pho-thu-duc-tp-ho-chi-minh/ngay-hoang-dieu-2-linh-trung-59-m2-51-ty-es3195305,homedy.com,2,5100000000,59,2026-05-29,Sổ hồng,3195305,10.8620078,106.7842229
"Giá tốt - Ngay Kha Vạn Cân - Phạm Văn Đồng, 8.55 tỷ","8,5 Tỷ",55 m2,"Đường Kha Vạn Cân - Phường Linh Trung, Thành phố Thủ Đức, TP Hồ Chí Minh",Thành Phố Thủ Đức,Bất động sản khác,ban,https://homedy.com/ban-nha-rieng-thanh-pho-thu-duc-tp-ho-chi-minh/gia-tot-ngay-kha-van-can-pham-dong-8-55-ty-es3195954,homedy.com,0,8500000000,55,2026-05-29,Sổ hồng,3195954,10.8646624,106.7619536
"Nhà đẹp hơn 100m2, đường nhựa 9m, Linh Xuân Thủ Đức","7,8 Tỷ",111 m2,"Đường 11 - Phường Linh Xuân, Thành phố Thủ Đức, TP Hồ Chí Minh",Thành Phố Thủ Đức,Nhà phố,ban,https://homedy.com/ban-nha-rieng-thanh-pho-thu-duc-tp-ho-chi-minh/dep-hon-100m2-duong-nhua-9m-linh-xuan-es3197750,homedy.com,0,7800000000,111,2026-05-29,Sổ hồng,3197750,10.857517,106.7759341
"Lô đất giá tốt - đường 8 Linh Xuân, 98 m2, 4,8 tỷ","4,8 Tỷ",98 m2,"Đường 8 - Phường Linh Xuân, Thành phố Thủ Đức, TP Hồ Chí Minh",Thành Phố Thủ Đức,Đất nền,ban,https://homedy.com/ban-dat-thanh-pho-thu-duc-tp-ho-chi-minh/lo-gia-tot-duong-8-linh-xuan-98-m2-48-ty-es3197151,homedy.com,0,4800000000,98,2026-05-29,Sổ hồng,3197151,10.8737386,106.7764735
"Bán nhà mặt tiền đường Âu Dương Lân , phường 2 , Q8 80m2 , 4 lầu chỉ còn 22 tỷ , lh 0398879796",22 Tỷ,80 m2,"Đường Âu Dương Lân - Phường 2, Quận 8, TP Hồ Chí Minh",Quận 8,Nhà phố,ban,https://homedy.com/ban-nha-mat-pho-quan-8-tp-ho-chi-minh/tien-duong-au-lan-phuong-2-q8-80m2-4-lau-con-22-ty-lh-0398879796-es3208409,homedy.com,4,22000000000,80,2026-05-29,Sổ hồng,3208409,10.7416082,106.6649389
Tân thới hiệp 48M2 3 lầu HXH thông nhỉnh 3 đồng chủ GẤP BÁN,"3,79 Tỷ",48 m2,"Đường Tân Thới Hiệp 20 - Phường Tân Thới Hiệp, Quận 12, TP Hồ Chí Minh",Quận 12,Bất động sản khác,ban,https://homedy.com/ban-nha-rieng-quan-12-tp-ho-chi-minh/tan-thoi-hiep-48m2-3-lau-hxh-thong-nhinh-dong-chu-gap-es3087698,homedy.com,3,3790000000,48,2026-05-29,Sổ hồng,3087698,10.867933026162085,106.64179387953678
đất thạnh xuân quận 12 - hẻm nhựa 8m - 67m2 - ngang 4.5m hệ số XD 3.5 giá chào chỉ 3.65 tỷ TL,"3,65 Tỷ",67 m2,"Đường Thạnh Xuân 24 - Phường Thạnh Xuân, Quận 12, TP Hồ Chí Minh",Quận 12,Đất nền,ban,https://homedy.com/ban-dat-quan-12-tp-ho-chi-minh/thanh-xuan-hem-nhua-8m-67m2-ngang-4-5m-he-so-xd-3-5-gia-chao-65-ty-tl-es3208408,homedy.com,0,3650000000,67,2026-05-29,Sổ hồng,3208408,10.7766343,106.69135
"Bán toà nhà văn phòng Quận Bình Thạnh, Điện Biên Phủ, 2 hầm + 13 tầng, 330m2",360 Tỷ,330 m2,"Đường Điện Biên Phủ - Phường 25, Quận Bình Thạnh, TP Hồ Chí Minh",Quận Bình Thạnh,Nhà phố,ban,https://homedy.com/ban-bat-dong-san-khac-quan-binh-thanh-tp-ho-chi-minh/toa-nha-van-phong-dien-bien-phu-2-ham-13-tang-330m2-es3192681,homedy.com,0,360000000000,330,2026-05-29,Sổ hồng,3192681,10.7987615,106.7208459
"Căn Hộ 2PN Phạm Văn Đồng 2 tỷ View Hồ Bơi, nội thất sẵn, sổ riêng bao phí O7O.555.6O36",2 Tỷ,50 m2,"Đường Phạm Văn Đồng - Phường 3, Quận Gò Vấp, TP Hồ Chí Minh",Quận Gò Vấp,Căn hộ,ban,https://homedy.com/ban-can-ho-quan-go-vap-tp-ho-chi-minh/2pn-pham-van-dong-2-ty-view-boi-noi-that-san-so-rieng-bao-phi-o7o-555-6o36-es3178927,homedy.com,2,2000000000,50,2026-05-29,Sổ hồng,3178927,10.816360997842414,106.68299674987794
"CH 52m2/ 2PN 2,1 tỷ Phan Văn Trị tầng Cao view toàn TP, sổ riêng cho vay 70% góp 8 triệu/tháng","2,1 Tỷ",52 m2,"Đường Phan Văn Trị - Phường 5, Quận Bình Thạnh, TP Hồ Chí Minh",Quận Bình Thạnh,Bất động sản khác,ban,https://homedy.com/ban-can-ho-quan-binh-thanh-tp-ho-chi-minh/ch-52m2-2pn-21-ty-phan-van-tri-tang-cao-view-toan-so-rieng-cho-vay-70-gop-8-trieu-thang-es3208403,homedy.com,2,2100000000,52,2026-05-29,Sổ hồng,3208403,10.810164457904026,106.69600009918214
"Nhà cấp 4 giá mềm ngay sau lưng chợ Việt Kiều – xã Củ Chi, Sổ riêng, 785 Tri..ệ.u",785 Triệu,150 m2,"Xã Tân Thông Hội, Huyện Củ Chi, TP Hồ Chí Minh",Huyện Củ Chi,Nhà phố,ban,https://homedy.com/ban-nha-rieng-huyen-cu-chi-tp-ho-chi-minh/cap-4-gia-mem-ngay-sau-lung-cho-viet-kieu-xa-so-785-tri-e-u-es3208390,homedy.com,2,785000000,150,2026-05-29,Sổ hồng,3208390,11.0967072,106.5097461
Cần bán gấp nhà Mặt tiền DT 4m x 13.5 (nở hậu 4m50),"21,5 Tỷ",54 m2,"Đường Trường Sa - Phường 13, Quận Phú Nhuận, TP Hồ Chí Minh",Quận Phú Nhuận,Nhà phố,ban,https://homedy.com/ban-nha-mat-pho-quan-phu-nhuan-tp-ho-chi-minh/can-gap-tien-dt-4m-x-13-5-no-hau-4m50-es3205297,homedy.com,5,21500000000,54,2026-05-10,Sổ hồng,3205297,10.8010061,106.6797643
"Bán đất đẹp tại Long Hòa, Cần Giờ, 13,086 tỷ, 654,3 m2 nhiều tiện ích","13,09 Tỷ",654 m2,"Đường Duyên Hải - Xã Long Hòa, Huyện Cần Giờ, TP Hồ Chí Minh",Huyện Cần Giờ,Đất nền,ban,https://homedy.com/ban-dat-huyen-can-gio-tp-ho-chi-minh/dep-tai-long-hoa-13086-ty-6543-m2-nhieu-tien-ich-es3208378,homedy.com,0,13090000000,654,2026-05-29,Sổ hồng,3208378,10.397789673557272,106.9296097755432
Đất Nền Gần Trung Tâm Hành Chính Củ Chi – Tiềm Năng Phát Triển Sinh Lời Cao,"1,3 Tỷ",100 m2,"Xã Thái Mỹ - Huyện Củ Chi, TP Hồ Chí Minh",Huyện Củ Chi,Đất nền,ban,https://homedy.com/ban-dat-huyen-cu-chi-tp-ho-chi-minh/nen-gan-trung-tam-hanh-chinh-tiem-nang-phat-trien-sinh-loi-cao-es3208359,homedy.com,0,1300000000,100,2026-05-29,Sổ hồng,3208359,11.0967072,106.5097461
"Bán nhà khu Huy Hoàng Thạnh Mỹ Lợi, dt 8x20m, 4 tầng, giá 42,4 tỷ","42,4 Tỷ",160 m2,"Phường Thạnh Mỹ Lợi - Quận 2, TP Hồ Chí Minh",Quận 2,Nhà phố,ban,https://homedy.com/ban-nha-rieng-quan-2-tp-ho-chi-minh/khu-huy-hoang-thanh-my-loi-dt-8x20m-4-tang-gia-424-ty-es3208356,homedy.com,0,42400000000,160,2026-05-29,Sổ hồng,3208356,10.7707318,106.7702559
Căn hộ cao cấp Vlasta premier Phú Nhuận chủ đầu tư Văn Phú,"4,3 - 9,5 Tỷ",49 - 102 m2,"Đường Đào Trí - Phường Phú Thuận, Quận 7, TP Hồ Chí Minh",Quận 7,Căn hộ,ban,https://homedy.com/ban-can-ho-quan-7-tp-ho-chi-minh/cao-cap-vlasta-premier-phu-nhuan-chu-dau-tu-van-es3208355,homedy.com,0,9500000000,49,2026-05-29,Hợp đồng mua bán,3208355,10.73785,106.729695
"Bán khu đất vàng 465m2 mt Nguyễn Văn Trỗi, ngang 28m, dòng tiền sẵn có, giá 260 tỷ",260 Tỷ,465 m2,"Đường Nguyễn Văn Trỗi - Phường 8, Quận Phú Nhuận, TP Hồ Chí Minh",Quận Phú Nhuận,Đất nền,ban,https://homedy.com/ban-dat-quan-phu-nhuan-tp-ho-chi-minh/khu-vang-465m2-mt-nguyen-van-troi-ngang-28m-dong-tien-san-co-gia-260-ty-es3208354,homedy.com,0,260000000000,465,2026-05-29,Sổ hồng,3208354,10.8010061,106.6797643
"Bán đất đường 49B Thảo Điền, ngay bến tàu thuỷ, dt 295,7m2, 12,5x25m, giá 150 tỷ",150 Tỷ,"295,7 m2","Đường 49B - Phường Thảo Điền, Quận 2, TP Hồ Chí Minh",Quận 2,Đất nền,ban,https://homedy.com/ban-dat-nen-du-an-quan-2-tp-ho-chi-minh/duong-49b-thao-dien-ngay-ben-tau-thuy-dt-2957m2-125x25m-gia-150-ty-es3208350,homedy.com,0,150000000000,295.7,2026-05-29,Sổ hồng,3208350,10.8050147,106.7461236
"Bán nhà HXH 60m2 2PN, 2WC phường Hiệp Bình, Thủ Đức","6,2 Tỷ","58,6 m2","Đường 38 - Phường Hiệp Bình Chánh, Thành phố Thủ Đức, TP Hồ Chí Minh",Thành Phố Thủ Đức,Nhà phố,ban,https://homedy.com/ban-nha-rieng-thanh-pho-thu-duc-tp-ho-chi-minh/hxh-60m2-2pn-2wc-phuong-hiep-binh-es3208351,homedy.com,2,6200000000,58.6,2026-05-29,Sổ hồng,3208351,10.8299994,106.7132913
"Mặt tiền KD, nhà khu Him Lam Linh Chiểu Thủ Đức - 14 tỷ.",14 Tỷ,81 m2,"Đường 4 - Phường Linh Chiểu, Thành phố Thủ Đức, TP Hồ Chí Minh",Thành Phố Thủ Đức,Nhà phố,ban,https://homedy.com/ban-nha-mat-pho-thanh-pho-thu-duc-tp-ho-chi-minh/tien-kd-khu-him-lam-linh-chieu-14-ty-es3205260,homedy.com,5,14000000000,81,2026-05-09,Sổ hồng,3205260,10.8530516,106.7663015
"Lô đất giá tốt - đường 10 Linh Trung, 71 m2, giá 5,95 tỷ","5,95 Tỷ",71 m2,"Đường 10 - Phường Linh Trung, Thành phố Thủ Đức, TP Hồ Chí Minh",Thành Phố Thủ Đức,Đất nền,ban,https://homedy.com/ban-dat-thanh-pho-thu-duc-tp-ho-chi-minh/lo-gia-tot-duong-10-linh-trung-71-m2-595-ty-es3204487,homedy.com,0,5950000000,71,2026-05-05,Sổ hồng,3204487,10.8651356,106.7645982
"Nhà đẹp giá tốt, khu phân lô Linh Xuân , 67m2, 6,7 tỷ.","6,7 Tỷ",67 m2,"Đường 10 - Phường Linh Xuân, Thành phố Thủ Đức, TP Hồ Chí Minh",Thành Phố Thủ Đức,Nhà phố,ban,https://homedy.com/ban-nha-rieng-thanh-pho-thu-duc-tp-ho-chi-minh/dep-gia-tot-khu-phan-lo-linh-xuan-67m2-67-ty-es3204885,homedy.com,4,6700000000,67,2026-05-07,Sổ hồng,3204885,10.8572104,106.7721044
"Đất F0 chưa qua đầu tư, ngay làng đại học, Linh Xuân, 4,8 tỷ","4,8 Tỷ",70 m2,"Đường Số 8 - Phường Linh Xuân, Thành phố Thủ Đức, TP Hồ Chí Minh",Thành Phố Thủ Đức,Đất nền,ban,https://homedy.com/ban-dat-thanh-pho-thu-duc-tp-ho-chi-minh/f0-chua-qua-dau-tu-ngay-lang-dai-hoc-linh-xuan-48-ty-es3202398,homedy.com,0,4800000000,70,2026-05-29,Sổ hồng,3202398,10.8556547,106.7716747
"Mặt tiền KD góc Phan Văn Trị - Nguyên Hồng, 11tỷ",11 Tỷ,63 m2,"Quận Bình Thạnh - , TP Hồ Chí Minh",Quận Bình Thạnh,Bất động sản khác,ban,https://homedy.com/ban-nha-mat-pho-quan-binh-thanh-tp-ho-chi-minh/tien-kd-goc-phan-van-tri-nguyen-hong-11ty-es3202454,homedy.com,0,11000000000,63,2026-05-29,Sổ hồng,3202454,10.812271,106.7040393
"Chủ thiện chí bán nhanh, MTKD ngay chợ Linh Trung, dt 90m2, 11,8 tỷ","11,8 Tỷ",90 m2,"Phường Linh Trung - Thành phố Thủ Đức, TP Hồ Chí Minh",Thành Phố Thủ Đức,Bất động sản khác,ban,https://homedy.com/ban-nha-mat-pho-thanh-pho-thu-duc-tp-ho-chi-minh/chu-thien-nhanh-mtkd-ngay-cho-linh-trung-dt-90m2-118-ty-es3205934,homedy.com,7,11800000000,90,2026-05-29,Sổ hồng,3205934,10.8646624,106.7619536
"Bán nhà xưởng mặt tiền Nguyễn Văn Cự , Bình Tân 653m2 , ngang 12m chỉ 25,5 tỷ","25,5 Tỷ",653 m2,"Đường Nguyễn Văn Cự - Phường Tân Tạo A, Quận Bình Tân, TP Hồ Chí Minh",Quận Bình Tân,Nhà phố,ban,https://homedy.com/ban-nha-mat-pho-quan-binh-tan-tp-ho-chi-minh/xuong-tien-nguyen-van-cu-653m2-ngang-12m-255-ty-es3208281,homedy.com,0,25500000000,653,2026-05-28,Sổ hồng,3208281,10.7510379,106.5918016
"57M2/2PN - CH 26 Nguyễn Thượng Hiền ,Sổ trao tay ,Góp 5 năm ,Tầng cao ,View Landmark đẹp lung linh","2,3 Tỷ",57 m2,"Đường Nguyễn Thượng Hiền, Phường 1, Quận Gò Vấp, TP Hồ Chí Minh",Quận Gò Vấp,Bất động sản khác,ban,https://homedy.com/ban-can-ho-26-nguyen-thuong-hien/57m2-2pn-ch-so-trao-tay-gop-5-nam-tang-cao-view-landmark-dep-lung-linh-es3207030,homedy.com,2,2300000000,57,2026-05-28,Sổ hồng,3207030,10.8148322,106.68756699999994
"Nguyễn Thái Sơn - Gò Vấp ,2PN /55M2 , Hiện Hữu 100% , SHR , Góp 70% ,Lãi 0% ,Tầng cao View Sân Bay","2,2 Tỷ",55 m2,"Đường Nguyễn Thái Sơn - Phường 3, Quận Gò Vấp, TP Hồ Chí Minh",Quận Gò Vấp,Bất động sản khác,ban,https://homedy.com/ban-can-ho-quan-go-vap-tp-ho-chi-minh/nguyen-thai-son-2pn-55m2-hien-huu-100-shr-gop-70-lai-0-tang-cao-view-san-bay-es3201973,homedy.com,2,2200000000,55,2026-04-19,Sổ hồng,3201973,10.8154508,106.6776414
"Bán đất bờ sông Long Phước Thủ Đức, 5.000m², thích hợp compound và farmstay","82,5 Tỷ",5000 m2,"Đường Long Thuận - Phường Long Phước, Quận 9, TP Hồ Chí Minh",Quận 9,Đất nền,ban,https://homedy.com/ban-dat-quan-9-tp-ho-chi-minh/bo-song-long-phuoc-thu-duc-5-000m-thich-hop-compound-va-farmstay-es3208269,homedy.com,0,82500000000,5000,2026-05-28,Sổ hồng,3208269,10.8063168,106.7784645
"Bán đất mt Lê Quý Đôn Thủ Đức, quỹ đất 1.611m² cực hiếm, phù hợp xây dự án lớn",185 Tỷ,1611 m2,"Đường Lê Quý Đôn - Phường Bình Thọ, Thành phố Thủ Đức, TP Hồ Chí Minh",Thành Phố Thủ Đức,Đất nền,ban,https://homedy.com/ban-dat-thanh-pho-thu-duc-tp-ho-chi-minh/mt-le-quy-don-1-611m-cuc-hiem-phu-hop-xay-du-an-lon-es3208267,homedy.com,0,185000000000,1611,2026-05-28,Sổ hồng,3208267,10.8493783,106.7692018
"Bán nhà An Phú Quận 2, gần Metro & Xa Lộ Hà Nội, 105m², 3 tầng, giá 25.5 tỷ","25,5 Tỷ",105 m2,"Đường 16 - Phường An Phú, Quận 2, TP Hồ Chí Minh",Quận 2,Nhà phố,ban,https://homedy.com/ban-nha-rieng-quan-2-tp-ho-chi-minh/an-phu-gan-metro-xa-lo-ha-noi-105m-3-tang-gia-25-5-ty-es3208255,homedy.com,0,25500000000,105,2026-05-28,Sổ hồng,3208255,10.799579,106.7404209
"1 tỷ 960 căn hộ Lê Quang Định, 49m2 đã sổ, ở liền, có nội thất","1,96 Tỷ",49 m2,"Đường Nguyễn Thượng Hiền, Phường 1, Quận Gò Vấp, TP Hồ Chí Minh",Quận Gò Vấp,Căn hộ,ban,https://homedy.com/ban-can-ho-26-nguyen-thuong-hien/1-ty-960-le-quang-dinh-49m2-da-so-o-lien-co-noi-that-es3207871,homedy.com,0,1960000000,49,2026-05-28,Sổ đỏ,3207871,10.8148322,106.68756699999994
"Nhà chính chủ cần bán gấp, khu vực cầu lớn hóc môn sổ riêng",775 Triệu,36 m2,"Đường Nguyễn Văn Bứa - Xã Xuân Thới Sơn, Huyện Hóc Môn, TP Hồ Chí Minh",Huyện Hóc Môn,Nhà phố,ban,https://homedy.com/ban-nha-rieng-huyen-hoc-mon-tp-ho-chi-minh/chinh-chu-can-gap-khu-vuc-cau-lon-so-es3208231,homedy.com,2,775000000,36,2026-05-28,Hợp đồng mua bán,3208231,10.8937624,106.5832489
"Bán nhà xưởng 500m2 , 3 lầu , Bình Tân, lh 0398879796","18,8 Tỷ",500 m2,"Phường Tân Tạo - Quận Bình Tân, TP Hồ Chí Minh",Quận Bình Tân,Nhà phố,ban,https://homedy.com/ban-nha-mat-pho-quan-binh-tan-tp-ho-chi-minh/xuong-500m2-3-lau-lh-0398879796-es3208213,homedy.com,10,18800000000,500,2026-05-28,Sổ hồng,3208213,10.7510379,106.5918016
"Bán nhà mặt tiền trần bình trọng 800m2 , 2 lầu , 60 pn ,dòng tiền 1 tỷ/tháng chỉ 102 tỷ",102 Tỷ,800 m2,"Đường Trần Bình Trọng - Phường 15, Quận Bình Thạnh, TP Hồ Chí Minh",Quận Bình Thạnh,Nhà phố,ban,https://homedy.com/ban-nha-mat-pho-quan-binh-thanh-tp-ho-chi-minh/tien-tran-trong-800m2-2-lau-60-pn-dong-1-ty-thang-102-es2755456,homedy.com,100,102000000000,800,2026-05-28,Sổ hồng,2755456,,
Bán căn hộ 2PN2WC - 6 tỷ - 80m2 - Celesta Rise - chủ gửi bán,6 Tỷ,80 m2,"Đường Nguyễn Hữu Thọ, Xã Phước Kiển, Huyện Nhà Bè, TP Hồ Chí Minh",Huyện Nhà Bè,Căn hộ,ban,https://homedy.com/ban-can-ho-celesta-rise/2pn2wc-6-ty-80m2-chu-gui-es3208212,homedy.com,2,6000000000,80,2026-05-28,Sổ hồng,3208212,10.710801213039383,106.7072873359375
"Biệt thự châu âu tuyệt đẹp, giáp quận 7,.hầm 5 lầu chỉ 28 tỷ",25 Tỷ,178 m2,"Đường Huỳnh Tấn Phát - Thị trấn Nhà Bè, Huyện Nhà Bè, TP Hồ Chí Minh",Huyện Nhà Bè,Nhà phố,ban,https://homedy.com/ban-nha-biet-thu-lien-ke-huyen-nha-be-tp-ho-chi-minh/chau-au-tuyet-dep-giap-quan-7-ham-5-lau-28-ty-es2558537,homedy.com,9,25000000000,178,2026-05-28,Sổ hồng,2558537,,
"Đất Xa Lộ Hà Nội sát Metro, 486m², ngang 28m, full thổ cư giá tốt",95 Tỷ,486 m2,"Đường Xa Lộ Hà Nội - Phường An Phú, Quận 2, TP Hồ Chí Minh",Quận 2,Đất nền,ban,https://homedy.com/ban-dat-nen-du-an-quan-2-tp-ho-chi-minh/xa-lo-ha-noi-sat-metro-486m-ngang-28m-full-tho-cu-gia-tot-es3208204,homedy.com,0,95000000000,486,2026-05-28,Sổ hồng,3208204,10.7730701,106.6544302
"Bán toà nhà CHDV xây mới 100%, 103m2, ngang 6.3m, 5 tầng, 19 phòng, HDT 110tr/th",32 Tỷ,103 m2,"Đường Điện Biên Phủ - Phường 1, Quận 3, TP Hồ Chí Minh",Quận 3,Nhà phố,ban,https://homedy.com/ban-bat-dong-san-khac-quan-3-tp-ho-chi-minh/toa-nha-chdv-xay-moi-100-103m2-ngang-6-3m-5-tang-19-phong-hdt-110tr-th-es3208198,homedy.com,0,32000000000,103,2026-05-28,Sổ hồng,3208198,10.7933512,106.6832206
Cho Thuê Nhà Nguyên Căn Mặt Tiền Đường Phạm Hùng,38 Triệu/tháng,102 m2,"Đường Phạm Hùng - Phường 4, Quận 8, TP Hồ Chí Minh",Quận 8,Nhà phố,thue,https://homedy.com/cho-thue-nha-mat-pho-quan-8-tp-ho-chi-minh/nguyen-can-tien-duong-pham-hung-es3193987,homedy.com,0,38000000,102,2026-06-06,Sổ hồng,3193987,10.7171219,106.6295254
"Cho thuê nhà mặt tiền đường Nguyễn Gia Trí, phường 25, quận Bình thạnh làm văn phòng Công ty.",30 Triệu/tháng,160 m2,"Đường Nguyễn Gia Trí - Phường 25, Quận Bình Thạnh, TP Hồ Chí Minh",Quận Bình Thạnh,Nhà phố,thue,https://homedy.com/cho-thue-nha-mat-pho-quan-binh-thanh-tp-ho-chi-minh/tien-duong-nguyen-gia-tri-phuong-25-lam-van-phong-cong-ty-es3190816,homedy.com,0,30000000,160,2026-06-02,Sổ hồng,3190816,10.7987615,106.7208459
"Cho thuê căn hộ 2PN full nội thất đẹp tại Jamona Heights Quận 7, 14tr/tháng, LH: 0906 231 863",14 Triệu/tháng,76 m2,"Đường Bùi Văn Ba, Phường Phú Thuận, Quận 7, TP Hồ Chí Minh",Quận 7,Căn hộ,thue,https://homedy.com/cho-thue-can-ho-jamona-heights/2pn-full-noi-that-dep-tai-quan-7-14tr-thang-lh-0906-231-863-es3157074,homedy.com,2,14000000,76,2026-06-05,Sổ hồng,3157074,10.75009201633062,106.7362869148194
"Cho thuê phòng mới 100%, còn thơm mùi sơn, Bình Thành, Quận Bình Tân","2,7 Triệu/tháng",20 m2,"Phường Bình Hưng Hòa B - Quận Bình Tân, TP Hồ Chí Minh",Quận Bình Tân,Phòng/Cho thuê,thue,https://homedy.com/cho-thue-can-ho-dich-vu-quan-binh-tan-tp-ho-chi-minh/phong-moi-100-con-thom-mui-son-thanh-es3058095,homedy.com,0,2700000,20,2026-06-05,Sổ hồng,3058095,10.801923,106.5913656
"chung cư Cityland-Gò vấp: Căn 2p ngủ, 85m2, giá 13tr/tháng",13 Triệu/tháng,85 m2,"Đường Phan Văn Trị, Phường 10, Quận Gò Vấp, TP Hồ Chí Minh",Quận Gò Vấp,Căn hộ,thue,https://homedy.com/cho-thue-can-ho-cityland-park-hills/chung-cu-go-vap-2p-ngu-85m2-gia-13tr-thang-es3209279,homedy.com,0,13000000,85,2026-06-05,Hợp đồng lâu dài,3209279,10.8333135,106.67071550000004
"Cho thuê căn hộ, 85 Bình Thành, Bình Hưng hòa B, Quận Bình Tân","2,7 Triệu/tháng",20 m2,"Đường Bình Thành - Phường Bình Hưng Hòa B, Quận Bình Tân, TP Hồ Chí Minh",Quận Bình Tân,Căn hộ,thue,https://homedy.com/cho-thue-can-ho-dich-vu-quan-binh-tan-tp-ho-chi-minh/85-thanh-hung-hoa-b-es3117628,homedy.com,1,2700000,20,2026-06-05,Sổ hồng,3117628,10.814073746038842,106.58699311125896
Cho thuê nhà nguyên căn phường Trường Thọ HCM,12 Triệu/tháng,100 m2,"Đường 2 - Phường Trường Thọ, Thành phố Thủ Đức, TP Hồ Chí Minh",Thành Phố Thủ Đức,Nhà phố,thue,https://homedy.com/cho-thue-nha-rieng-thanh-pho-thu-duc-tp-ho-chi-minh/nguyen-can-phuong-truong-tho-hcm-es3209149,homedy.com,1,12000000,100,2026-06-04,Sổ hồng,3209149,10.8468169,106.7596706
"Chung cư Nguyễn Ngọc Phương căn 3p ngủ,100m2 có nội thất,giá 16tr",16 Triệu/tháng,100 m2,"Đường Nguyễn Ngọc Phương, Phường 19, Quận Bình Thạnh, TP Hồ Chí Minh",Quận Bình Thạnh,Căn hộ,thue,https://homedy.com/cho-thue-can-ho-khu-can-ho-nguyen-ngoc-phuong/chung-cu-3p-ngu100m2-co-noi-thatgia-16tr-es3209132,homedy.com,0,16000000,100,2026-06-04,Sổ đỏ,3209132,10.7900644,106.70810189999996
Căn hộ 75m2-2p ngủ - C/c Phú Thọ cho thuê giá 11tr/tháng,11 Triệu/tháng,75 m2,"Đường Nguyễn Thị Nhỏ, Phường 15, Quận 11, TP Hồ Chí Minh",Quận 11,Căn hộ,thue,https://homedy.com/cho-thue-can-ho-can-ho-phu-tho/75m2-2p-ngu-c-gia-11tr-thang-es3209103,homedy.com,0,11000000,75,2026-06-04,Sổ đỏ,3209103,10.7721937,106.65283320000005
"Cho thuê Q7 Saigon Riverside, 2PN 2WC Full nội thất chỉ 12 triệu, ở liền OK",12 Triệu/tháng,67 m2,"Đường Đào Trí, Phường Phú Thuận, Quận 7, TP Hồ Chí Minh",Quận 7,Bất động sản khác,thue,https://homedy.com/cho-thue-can-ho-q7-saigon-riverside-complex/2pn-2wc-full-noi-that-chi-12-trieu-o-lien-ok-es3209075,homedy.com,2,12000000,67,2026-06-04,Sổ đỏ,3209075,10.721017159133655,106.74214450104456
Cho thuê căn 2PN 2WC Q7 Saigon Riverside có đủ NTCB chỉ 10 triệu,10 Triệu/tháng,67 m2,"Đường Đào Trí, Phường Phú Thuận, Quận 7, TP Hồ Chí Minh",Quận 7,Bất động sản khác,thue,https://homedy.com/cho-thue-can-ho-q7-saigon-riverside-complex/2pn-2wc-co-du-ntcb-chi-10-trieu-es3209071,homedy.com,2,10000000,67,2026-06-04,Sổ đỏ,3209071,10.721017159133655,106.74214450104456
"Cho thuê căn 1PN Q7 Saigon Riverside, Full nội thất chỉ 9 triệu",9 Triệu/tháng,53 m2,"Đường Đào Trí, Phường Phú Thuận, Quận 7, TP Hồ Chí Minh",Quận 7,Bất động sản khác,thue,https://homedy.com/cho-thue-can-ho-q7-saigon-riverside-complex/1pn-full-noi-that-chi-9-trieu-es3209070,homedy.com,1,9000000,53,2026-06-04,Sổ đỏ,3209070,10.721017159133655,106.74214450104456
"Cho thuê Q7 Riverside Đào Trí, 2PN 2WC Full nội thất chỉ 9 triệu.",9 Triệu/tháng,67 m2,"Đường Đào Trí, Phường Phú Thuận, Quận 7, TP Hồ Chí Minh",Quận 7,Bất động sản khác,thue,https://homedy.com/cho-thue-can-ho-q7-saigon-riverside-complex/dao-tri-2pn-2wc-full-noi-that-chi-9-trieu-es3209069,homedy.com,2,9000000,67,2026-06-04,Sổ đỏ,3209069,10.721017159133655,106.74214450104456
"Cho thuê Lavita Charm 1PN full nội thất, tầng cao, vào ở ngay",10 Triệu/tháng,50 m2,"Đường 1, Phường Trường Thọ, Thành phố Thủ Đức, TP Hồ Chí Minh",Quận Thủ Đức,Bất động sản khác,thue,https://homedy.com/cho-thue-can-ho-lavita-charm/1pn-full-noi-that-tang-cao-vao-o-ngay-es3208987,homedy.com,1,10000000,50,2026-06-03,Hợp đồng mua bán,3208987,10.8267881,106.7535164
"Chung cư Moscow- căn 1p ngủ, NT, 6,5tr/th, vô lở liền.","6,5 Triệu/tháng",51 m2,"Phường Tân Thới Nhất, Quận 12, TP Hồ Chí Minh",Quận 12,Căn hộ,thue,https://homedy.com/cho-thue-can-ho-depot-metro-tham-luong/chung-cu-moscow-1p-ngu-nt-65tr-th-vo-lo-lien-es3208969,homedy.com,0,6500000,51,2026-06-03,Sổ đỏ,3208969,10.823471594580676,106.62446877705996
"Cho thuê căn 68m2 có 2p ngủ, NTCB ở C/c Phan Xích Long giá 8tr5","8,5 Triệu/tháng",68 m2,"Đường Phan Xích Long, Phường 17, Quận Phú Nhuận, TP Hồ Chí Minh",Thành Phố Hồ Chí Minh,Bất động sản khác,thue,https://homedy.com/cho-thue-can-ho-phan-xich-long/68m2-co-2p-ngu-ntcb-o-c-gia-8tr5-es3208952,homedy.com,0,8500000,68,2026-06-03,Sổ đỏ,3208952,10.7979151,106.6931972
"2 Căn hộ Ehome 2 & Thủ Thiêm Garden Mặt tiền Liên Phường, 65m2, 2PN 2WC KO Nội Thất & FULL nội thất",6 - 7 Triệu/tháng,65 m2,"Đường Đỗ Xuân Hợp, Phường Phước Long B, Quận 9, TP Hồ Chí Minh",Quận 9,Căn hộ,thue,https://homedy.com/cho-thue-can-ho-ehome-2/thu-thiem-garden-mat-tien-lien-phuong-65m2-2pn-2wc-ko-noi-that-full-es1633853,homedy.com,2,7000000,65,2026-06-02,Sổ hồng,1633853,10.81357,106.7754
"Nhà Phố Liên Kế Vườn MERITA Khang Điền, Liên Phường gần Đỗ Xuân Hợp, Full Nội Thất, 15 Phút Về Q1",18 Triệu/tháng,185 m2,"Đường Liên Phường, Phường Phước Long B, Quận 9, TP Hồ Chí Minh",Quận 9,Nhà phố,thue,https://homedy.com/cho-thue-nha-biet-thu-lien-ke-merita-khang-dien/pho-vuon-phuong-gan-do-xuan-hop-full-noi-that-15-phut-ve-q1-es1915358,homedy.com,3,18000000,185,2026-06-02,Sổ hồng,1915358,10.805576199773784,106.79068296979337
"Chung cư Phú Thạnh, Nguyễn Sơn, TP: 95m2, 3p ngủ, NTCB, 9,5triệu","9,5 Triệu/tháng",95 m2,"Đường Nguyễn Sơn, Phường Phú Thạnh, Quận Tân Phú, TP Hồ Chí Minh",Quận Tân Phú,Căn hộ,thue,https://homedy.com/cho-thue-can-ho-phu-thanh-apartment/chung-cu-nguyen-son-tp-95m2-3p-ngu-ntcb-95trieu-es3208839,homedy.com,0,9500000,95,2026-06-02,Sổ đỏ,3208839,10.779728020559624,106.63126564025856
"Chỉ 6,5tr/tháng căn 1p ngủ, C/c Kim Tâm Hải- Trường CHinh","6,5 Triệu/tháng",51 m2,"Đường Trường Chinh, Phường Tân Thới Nhất, Quận 12, TP Hồ Chí Minh",Quận 12,Bất động sản khác,thue,https://homedy.com/cho-thue-can-ho-kim-tam-hai-apartment/chi-65tr-thang-1p-ngu-c-truong-chinh-es3208815,homedy.com,1,6500000,51,2026-06-02,Sổ đỏ,3208815,10.830249786377,106.62292480468795
"Chính Chủ Cho Thuê Văn Phòng Đường Hoàng Diệu, HCM Giá Chỉ Từ 7tr5","7,5 Triệu/tháng",28 m2,"Đường Hoàng Diệu - Phường 13, Quận 4, TP Hồ Chí Minh",Quận 4,Phòng/Cho thuê,thue,https://homedy.com/cho-thue-van-phong-quan-4-tp-ho-chi-minh/chinh-chu-duong-hoang-dieu-hcm-gia-tu-7tr5-es3208768,homedy.com,0,7500000,28,2026-06-02,Sổ hồng,3208768,10.8752795,106.6504926
"Chung cư Thái An, Nguyễn Văn Quá, Q12: 48m2, 2p ngủ, full NT, 6,5tr","6,5 Triệu/tháng",48 m2,"Đường Nguyễn Văn Quá, Phường Đông Hưng Thuận, Quận 12, TP Hồ Chí Minh",Quận 12,Căn hộ,thue,https://homedy.com/cho-thue-can-ho-thai-an-apartment/chung-cu-nguyen-van-qua-q12-48m2-2p-ngu-full-nt-65tr-es3208763,homedy.com,0,6500000,48,2026-06-02,Sổ đỏ,3208763,10.8420757,106.63064880000002
"[CHỦNHÀ]Cho thuê biệt thự,Bình Giã,300m2,4PN,4WC,hẻm xe hơi,40triệu",40 Triệu/tháng,300 m2,"Đường Bình Giã - Phường 13, Quận Tân Bình, TP Hồ Chí Minh",Quận Tân Bình,Nhà phố,thue,https://homedy.com/cho-thue-nha-biet-thu-lien-ke-quan-tan-binh-tp-ho-chi-minh/chunhacho-thubinh-gia300m24pn4wchem-xe-hoi40trieu-es3198045,homedy.com,4,40000000,300,2026-06-02,Sổ hồng,3198045,10.8044247,106.6468455
Cho thuê nhà nguyên căn làm căn hộ dịch vụ Quận 9,20 Triệu/tháng,80 m2,"Đường Long Thuận - Phường Long Phước, Quận 9, TP Hồ Chí Minh",Quận 9,Căn hộ,thue,https://homedy.com/cho-thue-nha-biet-thu-lien-ke-quan-9-tp-ho-chi-minh/nguyen-can-lam-dich-vu-es3208594,homedy.com,0,20000000,80,2026-05-31,Sổ hồng,3208594,10.8063168,106.7784645
Cho thuê căn hộ 2 phòng ngủ The park Residence,12 Triệu/tháng,55 m2,"Đường Nguyễn Hữu Thọ, Xã Phước Kiển, Huyện Nhà Bè, TP Hồ Chí Minh",Huyện Nhà Bè,Căn hộ,thue,https://homedy.com/cho-thue-can-ho-the-park-residence/2-phong-ngu-es3208488,homedy.com,2,12000000,55,2026-05-30,Sổ hồng,3208488,10.71215584620266,106.70810272747804
Cho thuê nhà KDC Hồng Đào Hẻm xe tải 1 trục cách Quốc lộ 13 100m,18 Triệu/tháng,189 m2,"Đường Quốc Lộ 13 - Phường Hiệp Bình Phước, Thành phố Thủ Đức, TP Hồ Chí Minh",Thành Phố Thủ Đức,Nhà phố,thue,https://homedy.com/cho-thue-nha-rieng-thanh-pho-thu-duc-tp-ho-chi-minh/kdc-hong-dao-hem-xe-tai-1-truc-cach-quoc-lo-13-100m-es3208483,homedy.com,5,18000000,189,2026-05-30,Sổ hồng,3208483,10.861158,106.7234836
Cho Thuê Alnata Celadon • 2PN 160m² NT Cơ Bản Đậu Xe Trước Nhà 22 Triệu Nhận Nhà Đầu Tháng 6,22 Triệu/tháng,160 m2,"Đường Tân Thắng, Phường Sơn Kỳ, Quận Tân Phú, TP Hồ Chí Minh",Quận Tân Phú,Nhà phố,thue,https://homedy.com/cho-thue-can-ho-emerald-precinct/alnata-celadon-2pn-160m-nt-co-ban-dau-xe-truoc-nha-22-trieu-nhan-thang-6-es3208357,homedy.com,2,22000000,160,2026-05-29,Sổ đỏ,3208357,10.804178563119317,106.61499738693236
D'edge Thảo Điền | Cho thuê 3PN Đầy Đủ Nội Thất Cao Cấp,80 Triệu/tháng,144 m2,"Đường Nguyễn Văn Hưởng, Phường Thảo Điền, Quận 2, TP Hồ Chí Minh",Quận 2,Bất động sản khác,thue,https://homedy.com/cho-thue-can-ho-dedge-capitaland-thao-dien/3pn-day-du-noi-that-cao-cap-es3200177,homedy.com,0,80000000,144,2026-05-11,Sổ đỏ,3200177,10.8160433,106.7282586
Sunwah Pearl | Cho Thuê GẤP 2PN Đầy Đủ Nội Thất Giá Tốt,40 Triệu/tháng,101 m2,"Đường Nguyễn Hữu Cảnh, Phường 22, Quận Bình Thạnh, TP Hồ Chí Minh",Quận Bình Thạnh,Bất động sản khác,thue,https://homedy.com/cho-thue-can-ho-sunwah-pearl/gap-2pn-day-du-noi-that-gia-tot-es3200358,homedy.com,0,40000000,101,2026-05-14,Sổ đỏ,3200358,10.789637639162493,106.71770721534426
"Cho thuê CH Grand Marina Saigon, 77 triệu VND, 79 m2, 2PN, full nội thất tại phố Tôn Đức Thắng",77 Triệu/tháng,79 m2,"Phường Bến Nghé, Quận 1, TP Hồ Chí Minh",Quận 1,Bất động sản khác,thue,https://homedy.com/cho-thue-can-ho-grand-marina-saigon/ch-77-trieu-vnd-79-m2-2pn-full-noi-that-tai-pho-ton-duc-thang-es3208283,homedy.com,2,77000000,79,2026-05-28,Sổ hồng,3208283,10.7743896,106.70628
"Chung cư I-Home, Phạm Văn Chiêu, GV: 85m2, 3p ngủ, nội thất, 10,5tr","10,5 Triệu/tháng",85 m2,"Đường Phạm Văn Chiêu, Phường 14, Quận Gò Vấp, TP Hồ Chí Minh",Quận Gò Vấp,Căn hộ,thue,https://homedy.com/cho-thue-can-ho-i-home/chung-cu-pham-van-chieu-gv-85m2-3p-ngu-noi-that-105tr-es3208238,homedy.com,0,10500000,85,2026-05-28,Sổ đỏ,3208238,10.8507785,106.65178349999996
"Biệt thự sân vườn cao cấp, villa Riviera An Phú, 6PN rộng, giá $5,500/tháng",145 Triệu/tháng,289 m2,"Đường Giang Văn Minh, Phường Thảo Điền, Quận 2, TP Hồ Chí Minh",Quận 2,Đất nền,thue,https://homedy.com/cho-thue-nha-biet-thu-lien-ke-villa-riviera/san-vuon-cao-cap-an-phu-6pn-rong-gia-5500-thang-es3208208,homedy.com,6,145000000,289,2026-05-28,Sổ hồng,3208208,10.806668457844223,106.74831414222764
"Cho thuê căn hộ mini, full nội thất, Lê Trọng Tấn, Quận BT","3,2 Triệu/tháng",15 m2,"Đường Lê Trọng Tấn - Phường Bình Hưng Hòa, Quận Bình Tân, TP Hồ Chí Minh",Quận Bình Tân,Căn hộ,thue,https://homedy.com/cho-thue-can-ho-dich-vu-quan-binh-tan-tp-ho-chi-minh/mini-full-noi-that-le-trong-bt-es2982451,homedy.com,0,3200000,15,2026-05-28,Sổ hồng,2982451,10.813786,106.6067093
"Cho thuê căn hộ Hưng Phát 1, 2 phòng ngủ, đầy đủ nội thất, giá 10 triệu.",10 Triệu/tháng,85 m2,"Đường Lê Văn Lương, Xã Phước Kiển, Huyện Nhà Bè, TP Hồ Chí Minh",Huyện Nhà Bè,Căn hộ,thue,https://homedy.com/cho-thue-can-ho-hung-phat-1/2-phong-ngu-day-du-noi-that-gia-10-trieu-es3208036,homedy.com,2,10000000,85,2026-05-27,Sổ hồng,3208036,10.713933099660034,106.70039892196657
"Cho thuê căn hộ cao cấp Xi Grand Court Quận 10, 2 phòng ngủ, đầy đủ nội thất giá 16 triệu/tháng",16 Triệu/tháng,70 m2,"Phường 14, Quận 10, TP Hồ Chí Minh",Quận 10,Căn hộ,thue,https://homedy.com/cho-thue-can-ho-xi-grand-court/cao-cap-quan-10-2-phong-ngu-day-du-noi-that-gia-16-trieu-thang-es749341,homedy.com,2,16000000,70,2026-05-24,Sổ hồng,749341,10.76736,106.65999
Cho Thuê GẤP 2PN Sunwah Pearl NTCB View Sông Giá Tốt,30 Triệu/tháng,101 m2,"Đường Nguyễn Hữu Cảnh, Phường 22, Quận Bình Thạnh, TP Hồ Chí Minh",Quận Bình Thạnh,Bất động sản khác,thue,https://homedy.com/cho-thue-can-ho-sunwah-pearl/gap-2pn-ntcb-view-song-gia-tot-es3202153,homedy.com,0,30000000,101,2026-05-26,Sổ đỏ,3202153,10.789637639162493,106.71770721534426
Opal Saigon Pearl | Cho Thuê 1PN Đầy Đủ Nội Thất,19 Triệu/tháng,50 m2,"Đường Nguyễn Hữu Cảnh, Phường 22, Quận Bình Thạnh, TP Hồ Chí Minh",Quận Bình Thạnh,Bất động sản khác,thue,https://homedy.com/cho-thue-can-ho-opal-tower/saigon-pearl-1pn-day-du-noi-that-es3200207,homedy.com,0,19000000,50,2026-05-26,Sổ đỏ,3200207,10.79081683130767,106.71988067144162
"Chung cư Ruby, Nguyễn Sỹ Sách, TB: 87m2, 10tr/th, Full NT, 2p ngủ",10 Triệu/tháng,87 m2,"Đường Nguyễn Sỹ Sách, Phường 15, Quận Tân Bình, TP Hồ Chí Minh",Quận Tân Bình,Căn hộ,thue,https://homedy.com/cho-thue-can-ho-ruby-garden/chung-cu-nguyen-sy-sach-tb-87m2-10tr-th-full-nt-2p-ngu-es3207880,homedy.com,0,10000000,87,2026-05-26,Sổ đỏ,3207880,10.8181822,106.63029819999996
Cho thuê căn hộ đường Lý Thường Kiệt Quận 10 gần Đại học Bách Khoa,16 Triệu/tháng,75 m2,"Phường 14, Quận 10, TP Hồ Chí Minh",Quận 10,Căn hộ,thue,https://homedy.com/cho-thue-can-ho-xi-grand-court/duong-ly-thuong-kiet-quan-10-gan-dai-hoc-bach-khoa-es3195419,homedy.com,1,16000000,75,2026-05-24,Sổ đỏ,3195419,10.767623055528077,106.65935749552308
Cho thuê nhà đường số 9 Hiệp Bình Phước gần Đại học Luật nhà thờ Fatima Bình Triệu full nội thất,27 Triệu/tháng,90 m2,"Đường 9 - Phường Hiệp Bình Chánh, Thành phố Thủ Đức, TP Hồ Chí Minh",Thành Phố Thủ Đức,Nhà phố,thue,https://homedy.com/cho-thue-nha-mat-pho-thanh-pho-thu-duc-tp-ho-chi-minh/duong-so-9-hiep-binh-phuoc-gan-dai-hoc-luat-tho-fatima-trieu-full-noi-that-es3207510,homedy.com,0,27000000,90,2026-05-24,Sổ hồng,3207510,10.8299994,106.7132913
Cho thuê mặt bằng 500m2 - Liên hệ (Call / Zalo): 0938809091 (Chính chủ),15 Triệu/tháng,500 m2,"Xã Đông Thạnh - Huyện Hóc Môn, TP Hồ Chí Minh",Huyện Hóc Môn,Bất động sản khác,thue,https://homedy.com/cho-thue-dat-nha-xuong-kho-bai-huyen-hoc-mon-tp-ho-chi-minh/mat-bang-500m2-lien-he-call-zalo-0938809091-chinh-chu-es3108179,homedy.com,0,15000000,500,2026-05-24,Sổ hồng,3108179,10.903352,106.6387939
"Kingston Residence- Nguyễn Văn Trỗi : 87m2,2p ngủ, giá 19/tháng.",19 Triệu/tháng,87 m2,"Đường Nguyễn Văn Trỗi, Phường 11, Quận Phú Nhuận, TP Hồ Chí Minh",Quận Phú Nhuận,Bất động sản khác,thue,https://homedy.com/cho-thue-can-ho-kingston-residence/nguyen-van-troi-87m22p-ngu-gia-19-thang-es3207568,homedy.com,0,19000000,87,2026-05-24,Sổ đỏ,3207568,10.798640826320034,106.67054823040974
"Newton Residence,Trương Quốc Dung căn hộ 85m2, 2p ngủ,NT, 19tr/th",19 Triệu/tháng,85 m2,"Đường Trương Quốc Dung, Phường 8, Quận Phú Nhuận, TP Hồ Chí Minh",Quận Phú Nhuận,Căn hộ,thue,https://homedy.com/cho-thue-can-ho-newton-residence/residencetruong-quoc-dung-85m2-2p-ngunt-19tr-th-es3207460,homedy.com,0,19000000,85,2026-05-23,Hợp đồng lâu dài,3207460,10.798755142945124,106.6730035911545
"Căn 1p ngủ C/c Kim Tâm Hải - Trường Chinh giá 6,6tr","6,6 Triệu/tháng",51 m2,"Đường Trường Chinh, Phường Tân Thới Nhất, Quận 12, TP Hồ Chí Minh",Quận 12,Bất động sản khác,thue,https://homedy.com/cho-thue-can-ho-kim-tam-hai-apartment/1p-ngu-c-truong-chinh-gia-66tr-es3207441,homedy.com,1,6600000,51,2026-05-23,Sổ đỏ,3207441,10.830249786377,106.62292480468795
"C/C cao cấp Kingston, 225 Hoàng Văn Thụ, PN: 85m2, 2p ngủ, NTCC, 18,5tr","18,5 Triệu/tháng",85 m2,"Đường Nguyễn Văn Trỗi, Phường 11, Quận Phú Nhuận, TP Hồ Chí Minh",Quận Phú Nhuận,Bất động sản khác,thue,https://homedy.com/cho-thue-can-ho-kingston-residence/c-cao-cap-225-hoang-van-thu-pn-85m2-2p-ngu-ntcc-185tr-es3207423,homedy.com,85,18500000,85,2026-05-23,Sổ đỏ,3207423,10.798640826320034,106.67054823040974
Cho Thuê 2PN Full Nội Thất Masterise Quận 9View Hồ Bơi,12 Triệu/tháng,75 m2,"Đường Nguyễn Xiển, Phường Long Thạnh Mỹ, Quận 9, TP Hồ Chí Minh",Quận 9,Bất động sản khác,thue,https://homedy.com/cho-thue-can-ho-lumiere-boulevard/2pn-full-noi-that-masterise-quan-9view-boi-es3181932,homedy.com,2,12000000,75,2026-05-23,Sổ đỏ,3181932,10.839712793186058,106.83980941772462
"Cho thuê CH 3PN Hàng Hiệu Grand Marina - 124m2 - Căn Góc - View Trực diện sông Saigon, Bao PQL",180 Triệu/tháng,124 m2,"Phường Bến Nghé, Quận 1, TP Hồ Chí Minh",Quận 1,Bất động sản khác,thue,https://homedy.com/cho-thue-can-ho-grand-marina-saigon/ch-3pn-hang-hieu-124m2-goc-view-truc-dien-song-bao-pql-es3207385,homedy.com,3,180000000,124,2026-05-23,Sổ hồng,3207385,10.7743896,106.70628
"Cho thuê phòng trọ có gác, 25m2 lối đi, WC riêng giờ tự do đường số 8, Bình Tân - 2.0 triệu",2 Triệu/tháng,25 m2,"Phường Bình Hưng Hòa - Quận Bình Tân, TP Hồ Chí Minh",Quận Bình Tân,Phòng/Cho thuê,thue,https://homedy.com/cho-thue-nha-tro-phong-tro-quan-binh-tan-tp-ho-chi-minh/co-gac-25m2-loi-di-wc-rieng-gio-tu-do-duong-so-8-2-0-trieu-es1273805,homedy.com,0,2000000,25,2026-05-22,Sổ hồng,1273805,10.79719,106.60884
"Cho thuê căn hộ 2p ngủ- 95m2, C/c Tín Phong 12 View giá 8tr/th",8 Triệu/tháng,95 m2,"Đường Phan Văn Hớn, Phường Tân Thới Nhất, Quận 12, TP Hồ Chí Minh",Quận 12,Căn hộ,thue,https://homedy.com/cho-thue-can-ho-12-view/2p-ngu-95m2-c-tin-phong-gia-8tr-th-es3207290,homedy.com,0,8000000,95,2026-05-22,Sổ đỏ,3207290,10.8379033,106.58721560000004
"Bàu Cát 2 căn hộ 3 phòng ngủ,có nội thất giá 12tr",12 Triệu/tháng,87 m2,"Đường Ni Sư Huỳnh Liên, Phường 10, Quận Tân Bình, TP Hồ Chí Minh",Thành Phố Hồ Chí Minh,Căn hộ,thue,https://homedy.com/cho-thue-can-ho-khu-chung-cu-bau-cat-ii/2-3-phong-nguco-noi-that-gia-12tr-es3207100,homedy.com,0,12000000,87,2026-05-21,Sổ đỏ,3207100,10.786803473855176,106.64484041373908
"Cho thuê Masteri Thảo Điền, tháp t4-bxx.08 2 phòng ngủ, +2wc giá : 22 triệu/tháng","16,5 Triệu/tháng",71 m2,"Đường Xa Lộ Hà Nội, Phường Thảo Điền, Quận 2, TP Hồ Chí Minh",Quận 2,Phòng/Cho thuê,thue,https://homedy.com/cho-thue-can-ho-masteri-thao-dien/thap-t4-bxx-08-2-phong-ngu-2wc-gia-22-trieu-thang-es1389648,homedy.com,2,16500000,71,2026-04-24,Sổ đỏ,1389648,10.802766112147756,106.74119138717651
"Cho thuê Mặt bằng nhà 48 Nguyễn Huy Tự, P. Tân Định, TP.HCM",15 Triệu/tháng,23 m2,"Phường Đa Kao, Quận 1, TP Hồ Chí Minh",Quận 1,Nhà phố,thue,https://homedy.com/cho-thue-nha-mat-pho-quan-1-tp-ho-chi-minh/bang-48-nguyen-huy-tu-p-tan-dinh-hcm-es3207038,homedy.com,0,15000000,23,2026-05-21,Sổ hồng,3207038,10.7753939,106.6996249
"Cho thuê nhà Fideco Thảo Điền, trệt 2 lầu sân thượng, 140m², giá 90tr/tháng",90 Triệu/tháng,140 m2,"Phường Thảo Điền - Quận 2, TP Hồ Chí Minh",Quận 2,Nhà phố,thue,https://homedy.com/cho-thue-nha-mat-pho-quan-2-tp-ho-chi-minh/fideco-thao-dien-tret-lau-san-thuong-140m-gia-90tr-thang-es3206954,homedy.com,0,90000000,140,2026-05-20,Sổ hồng,3206954,10.8011432,106.7351252
"Căn hộ Satra Eximland 2 phòng ngủ, 97m2, giá 17tr/th",17 Triệu/tháng,97 m2,"Phường 1, Quận Phú Nhuận, TP Hồ Chí Minh",Quận Phú Nhuận,Căn hộ,thue,https://homedy.com/cho-thue-can-ho-satra-eximland/2-phong-ngu-97m2-gia-17tr-th-es3206938,homedy.com,0,17000000,97,2026-05-20,Sổ đỏ,3206938,10.8034619,106.68961409999996
"Delasol 74m2 24tr bao phí, view kênh đôi, nhà mới 100%, ở ngay, giáp Gold View",24 Triệu/tháng,74 m2,"Đường Tôn Thất Thuyết, Phường 1, Quận 4, TP Hồ Chí Minh",Quận 4,Nhà phố,thue,https://homedy.com/cho-thue-can-ho-de-la-sol/delasol-74m2-24tr-bao-phi-view-kenh-doi-nha-moi-100-o-ngay-giap-gold-es2983068,homedy.com,2,24000000,74,2026-05-20,Hợp đồng mua bán,2983068,10.753634163915354,106.69009260978692
"Căn hộ 3p ngủ-Carillon 3- Hoàng Hoa Thám, có nội thất, giá 12tr5/tháng","12,5 Triệu/tháng",87 m2,"Đường Hoàng Hoa Thám, Phường 13, Quận Tân Bình, TP Hồ Chí Minh",Quận Tân Bình,Căn hộ,thue,https://homedy.com/cho-thue-can-ho-carillon-3/3p-ngu-hoang-hoa-tham-co-noi-that-gia-12tr5-thang-es3206888,homedy.com,0,12500000,87,2026-05-20,Sổ đỏ,3206888,10.8051259,106.6467818
Shophouse-Giá thuê chỉ từ 32tr-Cọc 6 tháng miễn 6 tháng tiền thuê,"33,399 Triệu/tháng","67,86 m2","Phường Bình Khánh, Quận 2, TP Hồ Chí Minh",Quận 2,Nhà phố,thue,https://homedy.com/cho-thue-nha-pho-thuong-mai-shophouse-paris-hoang-kim/gia-chi-tu-32tr-coc-6-thang-mien-tien-es3206869,homedy.com,0,33399000,67.86,2026-05-20,Sổ đỏ,3206869,10.7928152,106.7312015
"Chung cư Thái An 1, Nguyễn Văn Quá, Q12: 90m2, 12 triệu, nhà mới, 3PN",12 Triệu/tháng,90 m2,"Đường Nguyễn Văn Quá, Phường Đông Hưng Thuận, Quận 12, TP Hồ Chí Minh",Quận 12,Căn hộ,thue,https://homedy.com/cho-thue-can-ho-thai-an-apartment/chung-cu-1-nguyen-van-qua-q12-90m2-12-trieu-nha-moi-3pn-es3206797,homedy.com,3,12000000,90,2026-05-19,Sổ đỏ,3206797,10.8420757,106.63064880000002
"Cộng Hòa Plaza cho thuê căn 3p chỉ 14tr/th, có đầy đủ nội thất.",14 Triệu/tháng,97 m2,"Đường Cộng Hòa, Phường 12, Quận Tân Bình, TP Hồ Chí Minh",Quận Tân Bình,Bất động sản khác,thue,https://homedy.com/cho-thue-can-ho-cong-hoa-plaza/3p-chi-14tr-th-co-day-du-noi-that-es3206801,homedy.com,0,14000000,97,2026-05-19,Sổ đỏ,3206801,10.8017287,106.65008940000008
"Chung cư Phúc Yên, Phan Huy Ích, TB: 85m2, 3p ngủ, nhà mới, 11triệu",11 Triệu/tháng,85 m2,"Đường Phan Huy Ích, Phường 15, Quận Tân Bình, TP Hồ Chí Minh",Quận Tân Bình,Căn hộ,thue,https://homedy.com/cho-thue-can-ho-hope-garden-phuc-yen/chung-cu-phan-huy-ich-tb-85m2-3p-ngu-nha-moi-11trieu-es3206791,homedy.com,0,11000000,85,2026-05-19,Sổ đỏ,3206791,10.825843138123949,106.62943387031568
"Chỉ 9,5tr-Căn 2p ngủ rộng 76m2-C/c carilon 2 -Tân Phú","9,5 Triệu/tháng",76 m2,"Đường Trịnh Đình Thảo, Phường Hòa Thạnh, Quận Tân Phú, TP Hồ Chí Minh",Quận Tân Phú,Bất động sản khác,thue,https://homedy.com/cho-thue-can-ho-carillon-2/chi-95tr-2p-ngu-rong-76m2-c-carilon-tan-phu-es3206792,homedy.com,2,9500000,76,2026-05-19,Sổ đỏ,3206792,10.775609262604412,106.634106397629
Chung cư Screc tower-căn 2 phòng ngủ giá 12tr/th,12 Triệu/tháng,81 m2,"Đường Trường Sa, Phường 12, Quận 3, TP Hồ Chí Minh",Quận 3,Căn hộ,thue,https://homedy.com/cho-thue-can-ho-screc-tower/chung-cu-2-phong-ngu-gia-12tr-th-es3206777,homedy.com,0,12000000,81,2026-05-19,Sổ đỏ,3206777,10.7882342,106.68300650000003
D'edge Thảo Điền | Cho Thuê Nhanh 2PN View Landmark NTCB,31 Triệu/tháng,90 m2,"Đường Nguyễn Văn Hưởng, Phường Thảo Điền, Quận 2, TP Hồ Chí Minh",Quận 2,Bất động sản khác,thue,https://homedy.com/cho-thue-can-ho-dedge-capitaland-thao-dien/nhanh-2pn-view-landmark-ntcb-es3201656,homedy.com,0,31000000,90,2026-05-19,Sổ đỏ,3201656,10.8160433,106.7282586
"Cần cho thuê GIÁ RẺ căn hộ duplex 2 tầng, Cảnh viên 2 ngay Phú mỹ hưng, Quận 7",65 Triệu/tháng,176 m2,"Đường Nguyễn Lương Bằng, Phường Tân Phú, Quận 7, TP Hồ Chí Minh",Quận 7,Căn hộ,thue,https://homedy.com/cho-thue-can-ho-canh-vien-2/gia-re-duplex-tang-ngay-phu-my-hung-quan-7-es3206707,homedy.com,4,65000000,176,2026-05-19,Sổ đỏ,3206707,10.7292919,106.72155169999996
"Phòng mới gần trường đại học Ngoại Thương, gần các quận trung tâm thành phố, gần các chợ và bến xe","3,5 Triệu/tháng",18 m2,"Đường Xô Viết Nghệ Tĩnh - Phường 26, Quận Bình Thạnh, TP Hồ Chí Minh",Quận Bình Thạnh,Phòng/Cho thuê,thue,https://homedy.com/cho-thue-nha-tro-phong-tro-quan-binh-thanh-tp-ho-chi-minh/moi-gan-truong-dai-hoc-ngoai-thuong-cac-trung-tam-pho-va-ben-xe-es3206498,homedy.com,0,3500000,18,2026-05-17,Sổ hồng,3206498,10.7883675,106.6605145
"Chung cư Phú Thạnh, Nguyễn Sơn, TP: 9tr/th, 85m2, full NT, 2PN",9 Triệu/tháng,85 m2,"Đường Nguyễn Sơn, Phường Phú Thạnh, Quận Tân Phú, TP Hồ Chí Minh",Quận Tân Phú,Căn hộ,thue,https://homedy.com/cho-thue-can-ho-phu-thanh-apartment/chung-cu-nguyen-son-tp-9tr-th-85m2-full-nt-2pn-es3206470,homedy.com,2,9000000,85,2026-05-17,Sổ đỏ,3206470,10.779728020559624,106.63126564025856
Cho thuê căn hộ The Sun Avenue từ 1 đến 3PN giá từ 11.5 triệu,"11,6 Triệu/tháng",30 m2,"Đường Mai Chí Thọ, Phường An Phú, Quận 2, TP Hồ Chí Minh",Quận 2,Căn hộ,thue,https://homedy.com/cho-thue-can-ho-the-sun-avenue/tu-1-den-3pn-gia-11-5-trieu-es3206443,homedy.com,1,11600000,30,2026-05-17,Sổ đỏ,3206443,10.78617496763533,106.74923318624496
"Cho thuê nhà Thảo Điền Q2, hầm 4 lầu, phù hợp spa, văn phòng, giá 220tr/tháng",220 Triệu/tháng,162 m2,"Đường Nguyễn Văn Hưởng - Phường Thảo Điền, Quận 2, TP Hồ Chí Minh",Quận 2,Nhà phố,thue,https://homedy.com/cho-thue-nha-biet-thu-lien-ke-quan-2-tp-ho-chi-minh/thao-dien-q2-ham-4-lau-phu-hop-spa-van-phong-gia-220tr-thang-es3206371,homedy.com,0,220000000,162,2026-05-16,Sổ hồng,3206371,10.8160433,106.7282586
"Chung cư Sơn Kỳ 2, DC13, TP: 90m2, 3p ngủ, NT mới, 11tr/th",11 Triệu/tháng,90 m2,"Đường CC5, Phường Sơn Kỳ, Quận Tân Phú, TP Hồ Chí Minh",Quận Tân Phú,Căn hộ,thue,https://homedy.com/cho-thue-can-ho-tani-building-son-ky-2/chung-cu-dc13-tp-90m2-3p-ngu-nt-moi-11tr-th-es3206367,homedy.com,0,11000000,90,2026-05-16,Sổ đỏ,3206367,10.8090653,106.60809399999994
"Cho thuê căn chung cư Ruby 89m2, 3p ngủ, giá 11tr/tháng.",11 Triệu/tháng,89 m2,"Đường Nguyễn Sỹ Sách, Phường 15, Quận Tân Bình, TP Hồ Chí Minh",Quận Tân Bình,Căn hộ,thue,https://homedy.com/cho-thue-can-ho-ruby-garden/chung-cu-89m2-3p-ngu-gia-11tr-thang-es3206361,homedy.com,0,11000000,89,2026-05-16,Sổ đỏ,3206361,10.8181822,106.63029819999996
"Căn Hộ Mới Sky 9 Liên Phường, 2Pn1Wc & 2Pn2Wc, KO & FULL Nội thất, Có Hồ Bơi Gym Yoga, Già từ 6tr5","6,5 Triệu/tháng",50 m2,"Đường Liên Phường, Phường Phú Hữu, Quận 9, TP Hồ Chí Minh",Quận 9,Căn hộ,thue,https://homedy.com/cho-thue-can-ho-sky-9/moi-lien-phuong-2pn1wc-2pn2wc-ko-full-noi-that-co-boi-gym-yoga-gia-tu-6tr5-es1974092,homedy.com,2,6500000,50,2026-05-15,Sổ hồng,1974092,10.80514,106.79149
"Giá chỉ 1,7 tỷ. Có liền nhà mới, 44m2, 2pn, 2 toilet, 1 phòng thờ, Quận BT","1,7 Tỷ",44 m2,"Đường Số 6 - Phường Bình Hưng Hòa B, Quận Bình Tân, TP Hồ Chí Minh",Quận Bình Tân,Nhà phố,ban,https://homedy.com/ban-nha-rieng-quan-binh-tan-tp-ho-chi-minh/gia-17-ty-co-lien-moi-44m2-2pn-2-toilet-1-phong-tho-bt-es3199971,homedy.com,2,1700000000,44,2026-05-28,Sổ hồng,3199971,10.7704159,106.5995401
"Bán Nhà Phường 15, Quận 10, Trệt Lầu BTCT, Nhỉnh 4 Tỷ","4,3 Tỷ",27 m2,"Đường Tô Hiến Thành - Phường 15, Quận 10, TP Hồ Chí Minh",Quận 10,Nhà phố,ban,https://homedy.com/ban-nha-rieng-quan-10-tp-ho-chi-minh/phuong-15-tret-lau-btct-nhinh-4-ty-es3208167,homedy.com,2,4300000000,27,2026-05-28,Sổ hồng,3208167,10.766766,106.6752862
Mẫu nhà đẹp hiện đại mới tinh khu vực cầu lớn Hóc Môn,750 Triệu,44 m2,"Đường Nguyễn Văn Bứa - Xã Xuân Thới Sơn, Huyện Hóc Môn, TP Hồ Chí Minh",Huyện Hóc Môn,Nhà phố,ban,https://homedy.com/ban-nha-rieng-huyen-hoc-mon-tp-ho-chi-minh/mau-dep-hien-dai-moi-tinh-khu-vuc-cau-lon-es3208160,homedy.com,3,750000000,44,2026-05-28,Sổ hồng,3208160,10.8937624,106.5832489
"Bán CHDV, 43p, dòng tiền 210tr/tháng, SHR, ngân hàng cho vay, Tân Kỳ Tân Quý, Quận Bình Tân","28,5 Tỷ",228 m2,"Đường Tân Kỳ Tân Quý - Phường Bình Hưng Hòa, Quận Bình Tân, TP Hồ Chí Minh",Quận Bình Tân,Bất động sản khác,ban,https://homedy.com/ban-nha-rieng-quan-binh-tan-tp-ho-chi-minh/chdv-43p-dong-tien-210tr-thang-shr-ngan-hang-cho-vay-ky-quy-es3202717,homedy.com,0,28500000000,228,2026-05-28,Sổ hồng,3202717,10.7704159,106.5995401
"Duy nhất còn 1 lô, gần 300m2, SHR, giá 14,8 tỷ. MT đường Phan Văn Đối.","14,8 Tỷ",230 m2,"Đường Phan Văn Đối - Xã Bà Điểm, Huyện Hóc Môn, TP Hồ Chí Minh",Huyện Hóc Môn,Bất động sản khác,ban,https://homedy.com/ban-dat-huyen-hoc-mon-tp-ho-chi-minh/duy-nhat-con-1-lo-gan-300m2-shr-gia-148-ty-mt-duong-phan-van-doi-es3204753,homedy.com,0,14800000000,230,2026-05-07,Sổ hồng,3204753,10.865465500000001,106.6010124
Emerald Celadon – 2PN 1WC | 63m² | Full nội thất | Giá 5 tỷ 150,"5,15 Tỷ",63 m2,"Đường Tân Thắng, Phường Sơn Kỳ, Quận Tân Phú, TP Hồ Chí Minh",Quận Tân Phú,Bất động sản khác,ban,https://homedy.com/ban-can-ho-emerald-precinct/celadon-2pn-1wc-63m-full-noi-that-gia-5-ty-150-es3208083,homedy.com,2,5150000000,63,2026-05-27,Hợp đồng mua bán,3208083,10.804178563119317,106.61499738693236
"Căn hộ góc 3PN - 137m2 view hồ đẹp toàn cảnh Quận 1 và Landmark giá 8,2 tỷ","8,2 Tỷ",137 m2,"Đường Nguyễn Văn Linh, Phường Tân Thuận Tây, Quận 7, TP Hồ Chí Minh",Quận 7,Căn hộ,ban,https://homedy.com/ban-can-ho-the-ascent-lakeside/goc-3pn-137m2-view-dep-toan-canh-quan-1-va-landmark-gia-82-ty-es3208037,homedy.com,0,8199999999.999999,137,2026-05-27,Hợp đồng mua bán,3208037,10.751321032403125,106.72332824442742
"Căn hộ Ascent lakeside 2PN-2WC 103m2 view hồ, quận 1-4 giá 6,2 tỷ","6,2 Tỷ",103 m2,"Đường Nguyễn Văn Linh, Phường Tân Thuận Tây, Quận 7, TP Hồ Chí Minh",Quận 7,Căn hộ,ban,https://homedy.com/ban-can-ho-the-ascent-lakeside/2pn-2wc-103m2-view-quan-1-4-gia-62-ty-es3208035,homedy.com,2,6200000000,103,2026-05-27,Hợp đồng mua bán,3208035,10.751321032403125,106.72332824442742
"Bán nhà phường tân tạo a, bình tân – 55m2 - sẵn shr - 4.9 tỷ. lh:0938800325","4,9 Tỷ",55 m2,"Phường Tân Tạo A - Quận Bình Tân, TP Hồ Chí Minh",Quận Bình Tân,Nhà phố,ban,https://homedy.com/ban-nha-rieng-quan-binh-tan-tp-ho-chi-minh/phuong-tao-a-55m2-san-shr-4-9-ty-lh0938800325-es3208034,homedy.com,3,4900000000,55,2026-05-27,Sổ hồng,3208034,10.7510379,106.5918016
"Bán nhà mt trần bình trọng p1q5 (61 m2) sẵn sổ hồng, chỉ 36 tỷ. lh:0983341174",36 Tỷ,61 m2,"Phường 1 - Quận 5, TP Hồ Chí Minh",Quận 5,Nhà phố,ban,https://homedy.com/ban-nha-mat-pho-quan-5-tp-ho-chi-minh/mt-tran-binh-trong-p1q5-61-m2-san-so-hong-36-ty-lh0983341174-es3208021,homedy.com,0,36000000000,61,2026-05-27,Sổ hồng,3208021,10.7672117,106.7010736
"Bán nhà Chính Chủ, 2 tầng, SHR, mới 100%, Tỉnh Lộ 10, Quận Bình Tân","1,75 Tỷ",30 m2,"Đường Tỉnh Lộ 10 - Phường Tân Tạo, Quận Bình Tân, TP Hồ Chí Minh",Quận Bình Tân,Nhà phố,ban,https://homedy.com/ban-nha-rieng-quan-binh-tan-tp-ho-chi-minh/chinh-chu-2-tang-shr-moi-100-tinh-lo-10-es3167775,homedy.com,2,1750000000,30,2026-05-27,Sổ hồng,3167775,10.7510379,106.5918016
"Bán đất 62m2, SHR, giá 2,550 tỷ, Tỉnh Lộ 10, Tân Tạo, Quận Bình Tân","2,55 Tỷ",62 m2,"Đường Hồ Văn Long - Phường Tân Tạo, Quận Bình Tân, TP Hồ Chí Minh",Quận Bình Tân,Đất nền,ban,https://homedy.com/ban-dat-quan-binh-tan-tp-ho-chi-minh/62m2-shr-gia-2550-ty-tinh-lo-10-tao-es3205460,homedy.com,0,2550000000,62,2026-05-27,Sổ hồng,3205460,10.7510379,106.5918016
"Nhà ngang 6m hiếm gặp ở Hóc Môn–có dòng tiền sẵn 4,8tr/th Sổ Riêng đường oto,900.000.000đ",900 Triệu,102 m2,"Đường Tân Thới Nhì 14 - Xã Tân Thới Nhì, Huyện Hóc Môn, TP Hồ Chí Minh",Huyện Hóc Môn,Nhà phố,ban,https://homedy.com/ban-nha-rieng-huyen-hoc-mon-tp-ho-chi-minh/ngang-6m-hiem-gap-o-co-dong-tien-san-48tr-th-so-duong-oto900-000-000d-es3208013,homedy.com,2,900000000,102,2026-05-27,Sổ hồng,3208013,10.8937624,106.5832489
"Hạ gấp 2 tỷ chỉ còn 16,5 tỷ – Bán nhà 196m² sát Vạn Phúc City – đường số 9 Hiệp Bình Phước","16,5 Tỷ",196 m2,"Đường Số 9 - Phường Hiệp Bình Phước, Thành phố Thủ Đức, TP Hồ Chí Minh",Thành Phố Thủ Đức,Nhà phố,ban,https://homedy.com/ban-nha-rieng-thanh-pho-thu-duc-tp-ho-chi-minh/ha-gap-2-ty-con-165-196m-sat-van-phuc-city-duong-so-9-hiep-binh-phuoc-es3204958,homedy.com,0,16500000000,196,2026-05-08,Sổ hồng,3204958,10.8040647,106.7460498
"Trả nợ bán nhà 58m2/ 1TY1 đường Lê Quốc Hưng Quận 4, ngay chợ , SHR lh Anh Duy 0792864816","1,1 Tỷ",58 m2,"Đường Lê Quốc Hưng - Phường 12, Quận 4, TP Hồ Chí Minh",Quận 4,Nhà phố,ban,https://homedy.com/ban-nha-rieng-quan-4-tp-ho-chi-minh/tra-no-58m2-1ty1-duong-le-quoc-hung-ngay-cho-shr-lh-anh-duy-0792864816-es3167604,homedy.com,3,1100000000,58,2026-05-26,Sổ hồng,3167604,10.8305173,106.6157456
"Con Bệnh Nặng bán gấp nhà Đ. Bùi Minh Trực, P. 6, Q. 8, 58.5m2/835 Triệu LH Anh Duy 0792864816",835 Triệu,"58,5 m2","Đường Bùi Minh Trực - Phường 6, Quận 8, TP Hồ Chí Minh",Quận 8,Nhà phố,ban,https://homedy.com/ban-nha-rieng-quan-8-tp-ho-chi-minh/con-benh-nang-gap-d-bui-truc-p-6-q-58-5m2-835-trieu-lh-anh-duy-0792864816-es3158556,homedy.com,3,835000000,58.5,2026-05-26,Sổ hồng,3158556,10.7390739,106.6659208
Nợ bán gấp nhà Nguyễn Thái Sơn 70m2/1TY150TR ngay đại học Công Nghiệp LH Anh Duy 0792864816,"1,15 Tỷ",70 m2,"Đường Nguyễn Thái Sơn - Phường 1, Quận Gò Vấp, TP Hồ Chí Minh",Quận Gò Vấp,Nhà phố,ban,https://homedy.com/ban-nha-rieng-quan-go-vap-tp-ho-chi-minh/no-gap-nguyen-thai-son-70m2-1ty150tr-ngay-dai-hoc-cong-nghiep-lh-anh-duy-0792864816-es3167607,homedy.com,3,1150000000,70,2026-05-26,Sổ hồng,3167607,10.8352617,106.6740588
Cá Độ Thua Bán Gấp Nhà 62m2 Đặng Thùy Trâm Gía 880 Triệu Cho Thuê 5tr/tháng LH Anh Duy 0792864816,880 Triệu,62 m2,"Đường Đặng Thùy Trâm - Phường 13, Quận Bình Thạnh, TP Hồ Chí Minh",Quận Bình Thạnh,Nhà phố,thue,https://homedy.com/ban-nha-rieng-quan-binh-thanh-tp-ho-chi-minh/ca-do-thua-gap-62m2-dang-thuy-tram-gia-880-trieu-cho-thue-5tr-thang-lh-anh-duy-0792864816-es2144759,homedy.com,3,880000000,62,2026-05-26,Sổ hồng,2144759,10.8293641,106.7028238
"Villa mới tinh 404m² tại KDC Tuổi Trẻ Thủ Đức, sân vườn rộng, gần cao tốc, 110 tỷ",110 Tỷ,404 m2,"Đường Đồng Văn Cống - Phường Bình Trưng Tây, Quận 2, TP Hồ Chí Minh",Quận 2,Đất nền,ban,https://homedy.com/ban-nha-biet-thu-lien-ke-quan-2-tp-ho-chi-minh/villa-moi-tinh-404m-tai-kdc-tuoi-tre-duc-san-vuon-rong-gan-cao-toc-110-ty-es3207932,homedy.com,0,110000000000,404,2026-05-26,Sổ hồng,3207932,10.7912168,106.7619557
[Phường Bàn Cờ] Bán Nhà Phố 5 Tầng – Ngang 4m Nở Hậu – Gần Chợ Bàn Cờ – 11.9 Tỷ,"11,9 Tỷ",36 m2,"Phường 2, Quận 3, TP Hồ Chí Minh",Quận 3,Nhà phố,ban,https://homedy.com/ban-nha-rieng-quan-3-tp-ho-chi-minh/phuong-co-pho-5-tang-ngang-4m-no-hau-gan-cho-11-9-ty-es3172874,homedy.com,3,11900000000,36,2026-05-26,Sổ hồng,3172874,10.7819863,106.6912377
"Bán nhà góc 2MT Lương Định Của, 203m2, ngang 10m, 1 hầm + 6 tầng, 135 tỷ",135 Tỷ,"203,5 m2","Phường An Phú, Quận 2, TP Hồ Chí Minh",Quận 2,Nhà phố,ban,https://homedy.com/ban-bat-dong-san-khac-quan-2-tp-ho-chi-minh/nha-goc-2mt-luong-dinh-cua-203m2-ngang-10m-1-ham-6-tang-135-ty-es3207924,homedy.com,0,135000000000,203.5,2026-05-26,Sổ hồng,3207924,10.7730701,106.6544302
Bán gấp nhà Sổ riêng + 3 kiot gác đang cho thuê 7TR/tháng ngay chợ Việt Kiều Củ Chi giá 839 Triệu,839 Triệu,133 m2,"Đường Số 30 - Xã Tân Thông Hội, Huyện Củ Chi, TP Hồ Chí Minh",Huyện Củ Chi,Nhà phố,thue,https://homedy.com/ban-nha-rieng-huyen-cu-chi-tp-ho-chi-minh/gap-so-3-kiot-gac-dang-cho-thue-7tr-thang-ngay-viet-kieu-gia-839-trieu-es3207921,homedy.com,0,839000000,133,2026-05-26,Sổ hồng,3207921,11.0967072,106.5097461
"Tòa nhà mặt tiền Bạch Đằng 328m², quy mô lớn, hầm 9 tầng, gần sân bay, 160 tỷ",160 Tỷ,328 m2,"Đường Bạch Đằng - Phường 2, Quận Tân Bình, TP Hồ Chí Minh",Quận Tân Bình,Nhà phố,ban,https://homedy.com/ban-bat-dong-san-khac-quan-tan-binh-tp-ho-chi-minh/toa-nha-mat-tien-bach-dang-328m-quy-mo-lon-ham-9-tang-gan-bay-160-ty-es3207920,homedy.com,0,160000000000,328,2026-05-26,Sổ hồng,3207920,10.8125589,106.6674006
Bán căn hộ đường Lý Thường Kiệt Quận 10 gần Đại học Bách Khoa,"6,9 Tỷ",75 m2,"Phường 14, Quận 10, TP Hồ Chí Minh",Quận 10,Căn hộ,ban,https://homedy.com/ban-can-ho-xi-grand-court/duong-ly-thuong-kiet-quan-10-gan-dai-hoc-bach-khoa-es3195416,homedy.com,1,6900000000,75,2026-05-24,Sổ hồng,3195416,10.767623055528077,106.65935749552308
"Vỡ nợ bán nhà 1t1l đường Bờ Bao Tân Thắng, quận Tân Phú-dt 58m2 sổ hồng riêng, hẻm xe hơi",950 Triệu,58 m2,"Đường Bờ Bao Tân Thắng - Phường Sơn Kỳ, Quận Tân Phú, TP Hồ Chí Minh",Quận Tân Phú,Nhà phố,ban,https://homedy.com/ban-nha-rieng-quan-tan-phu-tp-ho-chi-minh/vo-no-1t1l-duong-bo-bao-thang-dt-58m2-so-hong-hem-xe-hoi-es3207916,homedy.com,3,950000000,58,2026-05-26,Sổ hồng,3207916,10.7918681,106.6277515
"Kẹt nợ bán gấp nhà Nguyễn Thị Búp, quận 12, dt 45m2-sổ hồng riêng-giá bán 760tr-HXH",760 Triệu,45 m2,"Đường Nguyễn Thị Búp - Phường Tân Thới Hiệp, Quận 12, TP Hồ Chí Minh",Quận 12,Nhà phố,ban,https://homedy.com/ban-nha-rieng-quan-12-tp-ho-chi-minh/ket-no-gap-nguyen-thi-bup-dt-45m2-so-hong-gia-760tr-hxh-es3207912,homedy.com,0,760000000,45,2026-05-26,Sổ hồng,3207912,10.8612652,106.6642083
"2PN/2TỶ ,Bình Thạnh , Hiện Đại 2026 ,Ở Ngay ,Sổ Sẵn ,Thuê 13 Triệu ,PCCC/An Ninh Tốt ,Bank dài hạn",2 Tỷ,50 m2,"Đường Lê Quang Định - Phường 5, Quận Bình Thạnh, TP Hồ Chí Minh",Quận Bình Thạnh,Bất động sản khác,ban,https://homedy.com/ban-can-ho-quan-binh-thanh-tp-ho-chi-minh/2pn-2ty-hien-dai-2026-o-ngay-so-san-thue-13-trieu-pccc-an-ninh-tot-bank-han-es3201975,homedy.com,2,2000000000,50,2026-05-21,Sổ hồng,3201975,10.7488299,106.6424268
"Bán CH Moonlight Park View, 1PN 1WC sổ hồng riêng nhận nhà ở ngay.LH 0933654662","3,05 Tỷ",52 m2,"Đường Kinh Dương Vương, Phường An Lạc A, Quận Bình Tân, TP Hồ Chí Minh",Quận Bình Tân,Nhà phố,ban,https://homedy.com/ban-can-ho-moonlight-boulevard/ch-park-view-1pn-1wc-so-hong-rieng-nhan-nha-o-ngay-lh-0933654662-es3207890,homedy.com,1,3050000000,52,2026-05-26,Sổ hồng,3207890,10.73655919858591,106.61367647588804
Bán Nhà Mặt Tiền Nguyễn Xí P13 Bình Thạnh – 1 Trệt 2 Lầu 1 Thượng – Sổ Đỏ Hoàn Công – 14 Tỷ,14 Tỷ,47 m2,"Phường 13, Quận Bình Thạnh, TP Hồ Chí Minh",Quận Bình Thạnh,Nhà phố,ban,https://homedy.com/ban-nha-mat-pho-quan-binh-thanh-tp-ho-chi-minh/tien-nguyen-xi-p13-1-tret-2-lau-thuong-so-do-hoan-cong-14-ty-es3193133,homedy.com,0,14000000000,47,2026-05-08,Sổ hồng,3193133,10.820660562561416,106.70411109924318
Bán Căn Nhà ở Trung Chánh Hóc Môn 106m2 1 Tỷ 050 triệu Sổ Hồng Riêng,"1,05 Tỷ",106 m2,"Đường Tô Ký - Xã Trung Chánh, Huyện Hóc Môn, TP Hồ Chí Minh",Huyện Hóc Môn,Nhà phố,ban,https://homedy.com/ban-nha-rieng-huyen-hoc-mon-tp-ho-chi-minh/can-o-trung-chanh-106m2-1-ty-050-trieu-so-hong-es3207886,homedy.com,2,1050000000,106,2026-05-26,Sổ hồng,3207886,10.8692542,106.6148172
"Stown - CTL Tham Lương 2PN giá rẻ 3.39 tỷ 61m2 ngay Trường Chinh liền kề Tân Bình, liên hệ","3,39 Tỷ",61 m2,"Đường Dương Thị Giang, Phường Tân Thới Nhất, Quận 12, TP Hồ Chí Minh",Quận 12,Bất động sản khác,ban,https://homedy.com/ban-can-ho-stown-tham-luong/ctl-2pn-gia-re-3-39-ty-61m2-ngay-truong-chinh-lien-ke-tan-binh-he-es1509457,homedy.com,0,3390000000,61,2026-04-28,Sổ hồng,1509457,10.8227539,106.6251024
"Bán Shophouse Vinhomes Park 1, 10x22m đất, đang kinh doanh",79 Tỷ,219 m2,"Đường Điện Biên Phủ, Phường 22, Quận Bình Thạnh, TP Hồ Chí Minh",Quận Bình Thạnh,Đất nền,ban,https://homedy.com/ban-nha-pho-thuong-mai-shophouse-khu-do-thi-vinhomes-central-park/1-10x22m-dat-dang-kinh-doanh-es3207879,homedy.com,0,79000000000,219,2026-05-26,Sổ hồng,3207879,10.7944850921631,106.722618103027
"Bán nhà cấp 4 mặt tiền Quốc Hương, 8.6x20m đất, sổ hồng riêng, xây được 7 tầng",79 Tỷ,"224,4 m2","Đường Quốc Hương - Phường Thảo Điền, Quận 2, TP Hồ Chí Minh",Quận 2,Đất nền,ban,https://homedy.com/ban-dat-nen-du-an-quan-2-tp-ho-chi-minh/nha-cap-4-mat-tien-quoc-huong-8-6x20m-so-hong-rieng-xay-duoc-7-tang-es3207877,homedy.com,0,79000000000,224.4,2026-05-26,Sổ hồng,3207877,10.8011432,106.7351252
"Căn Hộ 2PN Lê Quang Định 2tỷ Full Nội Thất Như Hình, Sổ sẵn cho vay 70% - O7O.555.6O36",2 Tỷ,50 m2,"Đường Lê Quang Định - Phường 5, Quận Bình Thạnh, TP Hồ Chí Minh",Quận Bình Thạnh,Căn hộ,ban,https://homedy.com/ban-can-ho-quan-binh-thanh-tp-ho-chi-minh/2pn-le-quang-dinh-2ty-full-noi-that-nhu-hinh-so-san-cho-vay-70-o7o-555-6o36-es3173825,homedy.com,2,2000000000,50,2026-05-26,Sổ hồng,3173825,10.81244075275482,106.69003486633302
Bán Gấp 2PN NTCB D'edge Thảo Điền Suất SPA Giá Siêu TỐT,"10,5 Tỷ",90 m2,"Đường Nguyễn Văn Hưởng, Phường Thảo Điền, Quận 2, TP Hồ Chí Minh",Quận 2,Bất động sản khác,ban,https://homedy.com/ban-can-ho-dedge-capitaland-thao-dien/gap-2pn-ntcb-suat-spa-gia-sieu-tot-es3202415,homedy.com,0,10500000000,90,2026-05-26,Sổ hồng,3202415,10.8160433,106.7282586
"Bán shophouse căn góc Vinhomes Tân Cảng, 204,5m², vị trí vàng, giá 79 tỷ",79 Tỷ,"204,5 m2","Đường Điện Biên Phủ, Phường 22, Quận Bình Thạnh, TP Hồ Chí Minh",Quận Bình Thạnh,Nhà phố,ban,https://homedy.com/ban-nha-pho-thuong-mai-shophouse-khu-do-thi-vinhomes-central-park/can-goc-tan-cang-2045m-vi-tri-vang-gia-79-ty-es3207873,homedy.com,0,79000000000,204.5,2026-05-26,Sổ hồng,3207873,10.7944850921631,106.722618103027
Bán nhà Nguyễn Thị Thập Quận 7 - KDC Him Lam - 100m2 - 5 Tầng Thang Máy - 45 Tỷ,45 Tỷ,100 m2,"Đường Nguyễn Thị Thập - Phường Tân Hưng, Quận 7, TP Hồ Chí Minh",Quận 7,Nhà phố,ban,https://homedy.com/ban-nha-mat-pho-quan-7-tp-ho-chi-minh/nguyen-thi-thap-kdc-him-lam-100m2-5-tang-thang-may-45-ty-es3192505,homedy.com,0,45000000000,100,2026-05-08,Sổ hồng,3192505,10.740813513133864,106.69567422182378
"Chính chủ bán....nhà hẻm quốc lộ 1A, P.bình chiểu-Thủ đức..! ( BANK hổ trợ 80% )","7,8 Tỷ",158 m2,"Đường Quốc lộ 1A - Phường Bình Chiểu, Thành phố Thủ Đức, TP Hồ Chí Minh",Thành Phố Thủ Đức,Nhà phố,ban,https://homedy.com/ban-nha-rieng-thanh-pho-thu-duc-tp-ho-chi-minh/chinh-chu-hem-quoc-lo-1a-p-binh-chieu-bank-tro-80-es3207852,homedy.com,3,7800000000,158,2026-05-26,Sổ hồng,3207852,10.8819382,106.7292434
"Đất Trung Tâm Hành Chính Củ Chi – Gần Chợ, Bệnh Viện, Trường Học, Giá Tốt Hiếm Có","1,3 Tỷ",100 m2,"Đường Trung Lập - Xã Thái Mỹ, Huyện Củ Chi, TP Hồ Chí Minh",Huyện Củ Chi,Đất nền,ban,https://homedy.com/ban-dat-huyen-cu-chi-tp-ho-chi-minh/trung-tam-hanh-chinh-gan-cho-benh-vien-truong-hoc-gia-tot-hiem-co-es3207832,homedy.com,0,1300000000,100,2026-05-26,Sổ hồng,3207832,11.0967072,106.5097461
"Phan Văn Trị - Bình Thạnh , CH 58M2/2 Tỷ 3 sổ sẵn , view Hồ bơi , tầng cao , ở ngay ,thuê 12 triệu","2,3 Tỷ",57 m2,"Đường Phan Văn Trị - Phường 7, Quận Bình Thạnh, TP Hồ Chí Minh",Quận Bình Thạnh,Bất động sản khác,ban,https://homedy.com/ban-can-ho-quan-binh-thanh-tp-ho-chi-minh/phan-van-tri-ch-58m2-2-ty-3-so-san-view-boi-tang-cao-o-ngay-thue-12-trieu-es3206037,homedy.com,2,2300000000,57,2026-05-14,Sổ hồng,3206037,10.7091224,106.6232666
"Bán đất tặng nhà khu phân lô Linh Xuân , 52m2, 4,15 tỷ.","4,15 Tỷ",52 m2,"Đường 10 - Phường Linh Xuân, Thành phố Thủ Đức, TP Hồ Chí Minh",Thành Phố Thủ Đức,Đất nền,ban,https://homedy.com/ban-nha-rieng-thanh-pho-thu-duc-tp-ho-chi-minh/dat-tang-khu-phan-lo-linh-xuan-52m2-415-ty-es3207833,homedy.com,2,4150000000.0000005,52,2026-05-26,Sổ hồng,3207833,10.8572104,106.7721044
"Chính chủ cần bán nhà mặt tiền giá rẻ chỉ 3,5 tỷ","3,5 Tỷ",59 m2,"Đường Tiền Lân 15 - Xã Bà Điểm, Huyện Hóc Môn, TP Hồ Chí Minh",Huyện Hóc Môn,Nhà phố,ban,https://homedy.com/ban-nha-mat-pho-huyen-hoc-mon-tp-ho-chi-minh/chinh-chu-can-tien-gia-re-35-ty-es3207812,homedy.com,0,3500000000,59,2026-05-25,Sổ hồng,3207812,10.865465500000001,106.6010124
"HXH, Hương Lộ 2, Bình Tân, 5.1x12m, 4 tầng, nhỉnh 5ty","5,5 Tỷ",60 m2,"Đường Hương lộ 2 - Phường Bình Trị Đông, Quận Bình Tân, TP Hồ Chí Minh",Quận Bình Tân,Bất động sản khác,ban,https://homedy.com/ban-nha-rieng-quan-binh-tan-tp-ho-chi-minh/hxh-huong-lo-2-5-1x12m-4-tang-nhinh-5ty-es3207787,homedy.com,4,5500000000,60,2026-05-25,Sổ hồng,3207787,10.7703543,106.5995759
"HXH, Hương Lộ 2, Bình Tân, 4.3x9.7m, full nội thất, nhà mới ở ngay, Nhỉnh 5ty","5,2 Tỷ",42 m2,"Đường Hương lộ 2 - Phường Bình Trị Đông, Quận Bình Tân, TP Hồ Chí Minh",Quận Bình Tân,Nhà phố,ban,https://homedy.com/ban-nha-rieng-quan-binh-tan-tp-ho-chi-minh/hxh-huong-lo-2-4-3x9-7m-full-noi-that-moi-o-ngay-nhinh-5ty-es3207786,homedy.com,2,5200000000,42,2026-05-25,Sổ hồng,3207786,10.7703543,106.5995759
"HXH,Hương Lộ 2,Bình Tân, 48m2, 3 tầng, 4x12m, 4pn, nhà mới vào ở ngay","4,5 Tỷ",48 m2,"Đường Hương lộ 2 - Phường Bình Trị Đông B, Quận Bình Tân, TP Hồ Chí Minh",Quận Bình Tân,Nhà phố,ban,https://homedy.com/ban-nha-rieng-quan-binh-tan-tp-ho-chi-minh/hxhhuong-lo-2binh-48m2-3-tang-4x12m-4pn-moi-vao-o-ngay-es3207785,homedy.com,4,4500000000,48,2026-05-25,Sổ hồng,3207785,10.7703543,106.5995759
"HXH 1/, Hương Lộ 2, 32m2, 2 tầng, Nhà mới xây, BTCT kiên cố, Pháp lý chuẩn","4,2 Tỷ",32 m2,"Đường Hương lộ 2 - Phường Bình Trị Đông, Quận Bình Tân, TP Hồ Chí Minh",Quận Bình Tân,Nhà phố,ban,https://homedy.com/ban-nha-rieng-quan-binh-tan-tp-ho-chi-minh/hxh-1-huong-lo-2-32m2-tang-moi-xay-btct-kien-co-phap-ly-chuan-es3207784,homedy.com,2,4200000000,32,2026-05-25,Sổ hồng,3207784,10.7703543,106.5995759
Căn hộ The Eastern 59M² 1PN 1WC Full nội thất Giá bán: 2.9 tỷ.,"2,9 Tỷ",60 m2,"Đường Liên Phường, Phường Phú Hữu, Quận 9, TP Hồ Chí Minh",Quận 9,Căn hộ,ban,https://homedy.com/ban-can-ho-the-eastern/59m-1pn-1wc-full-noi-that-gia-2-9-ty-es3207772,homedy.com,1,2900000000,60,2026-05-25,Sổ hồng,3207772,10.80490577072418,106.7967395188324
"Bán đất mặt tiền Trần Khắc Chân, Q1, 520m² nở hậu đẹp, Giá 270 tỷ",350 Tỷ,571 m2,"Đường Trần Khắc Chân - Phường Tân Định, Quận 1, TP Hồ Chí Minh",Quận 1,Đất nền,ban,https://homedy.com/ban-dat-nen-du-an-quan-1-tp-ho-chi-minh/mat-tien-tran-khac-chan-q1-520m-no-hau-dep-gia-270-ty-es3207773,homedy.com,0,350000000000,571,2026-05-25,Sổ hồng,3207773,10.7331408,106.7252101
"Bán căn 3PN góc full nội thất đẹp, còn thương lương","11,5 Tỷ",89 m2,"Quận 10 - , TP Hồ Chí Minh",Quận 10,Bất động sản khác,ban,https://homedy.com/ban-can-ho-quan-10-tp-ho-chi-minh/3pn-goc-full-noi-that-dep-con-thuong-luong-es3207770,homedy.com,3,11500000000,89,2026-05-25,Sổ hồng,3207770,10.7725282,106.6682021
Bán GẤP căn hộ Palm Heights 80M² 2PN 2WC Giá 8.2 Tỷ thương lượng,"8,2 Tỷ",80 m2,"Đường Song Hành, Phường An Phú, Quận 2, TP Hồ Chí Minh",Quận 2,Căn hộ,ban,https://homedy.com/ban-can-ho-palm-heights/gap-80m-2pn-2wc-gia-8-2-ty-thuong-luong-es3207763,homedy.com,2,8199999999.999999,80,2026-05-25,Sổ hồng,3207763,10.792628115021223,106.76246754989006
"Bán khách sạn 3 sao mặt tiền Lê Thánh Tôn, 146.5m2, hâm + 9 tầng, 48 phòng",350 Tỷ,"146,5 m2","Đường Lê Thánh Tôn - Phường Bến Thành, Quận 1, TP Hồ Chí Minh",Quận 1,Phòng/Cho thuê,ban,https://homedy.com/ban-bat-dong-san-khac-quan-1-tp-ho-chi-minh/khach-3-sao-mat-tien-le-thanh-ton-146-5m2-ham-9-tang-48-phong-es3207767,homedy.com,0,350000000000,146.5,2026-05-25,Sổ hồng,3207767,10.7741635,106.6903807
Cho thuê căn hộ Palm Heights 79M² 2PN 2WC Giá 16.5Tr/tháng,"16,5 Triệu",79 m2,"Đường Song Hành, Phường An Phú, Quận 2, TP Hồ Chí Minh",Quận 2,Căn hộ,thue,https://homedy.com/ban-can-ho-palm-heights/cho-thue-79m-2pn-2wc-gia-16-5tr-thang-es3207756,homedy.com,2,16500000,79,2026-05-25,Sổ hồng,3207756,10.792628115021223,106.76246754989006
"Bán đất Thảo Điền, đất xây CHDV, 230m2, ngang 8,5m, sổ sạch, 55.2 tỷ","55,2 Tỷ",230 m2,"Đường Số 64 - Phường Thảo Điền, Quận 2, TP Hồ Chí Minh",Quận 2,Đất nền,ban,https://homedy.com/ban-dat-nen-du-an-quan-2-tp-ho-chi-minh/thao-dien-xay-chdv-230m2-ngang-85m-so-sach-55-ty-es3207760,homedy.com,0,55200000000,230,2026-05-25,Sổ hồng,3207760,10.8050147,106.7461236
Bán Nhà 72m2 Mặt Tiền Đường Tân Quý- Tân Phú - Gần AEON Mall,"12,3 Tỷ",72 m2,"Đường Tân Quý - Phường Tân Quý, Quận Tân Phú, TP Hồ Chí Minh",Quận Tân Phú,Nhà phố,ban,https://homedy.com/ban-nha-mat-pho-quan-tan-phu-tp-ho-chi-minh/72m2-tien-duong-quy-gan-aeon-mall-es3207748,homedy.com,0,12300000000,72,2026-05-25,Sổ hồng,3207748,10.7918681,106.6277515
Bán Đất Góc 2 Mặt Tiền Đoàn Hữu Trưng - An Phú The Visa - Quận 2- dt 18x35m- giá 75 tỷ,75 Tỷ,499 m2,"Đường Đoàn Hữu Trưng - Phường An Phú, Quận 2, TP Hồ Chí Minh",Quận 2,Đất nền,ban,https://homedy.com/ban-nha-mat-pho-quan-2-tp-ho-chi-minh/dat-goc-tien-doan-huu-trung-an-phu-the-visa-dt-18x35m-gia-75-ty-es3207714,homedy.com,0,75000000000,499,2026-05-25,Sổ hồng,3207714,10.7730701,106.6544302
"cần bán gấp nhà Tân Bình giá tốt 2ty, 30m2, ngân hàng bán ra thu hồi vốn",2 Tỷ,30 m2,"Đường Nguyễn Phúc Chu - Phường 15, Quận Tân Bình, TP Hồ Chí Minh",Quận Tân Bình,Nhà phố,ban,https://homedy.com/ban-nha-rieng-quan-tan-binh-tp-ho-chi-minh/can-gap-gia-tot-2ty-30m2-ngan-hang-ra-thu-hoi-von-es3207729,homedy.com,2,2000000000,30,2026-05-25,Sổ hồng,3207729,10.7989297,106.7209052
"cần bán gấp nhà Tân Bình giá tốt 1ty950, 44m2, ngân hàng thanh lý thu hồi vốn","1,95 Tỷ",44 m2,"Đường Âu Cơ - Phường 10, Quận Tân Bình, TP Hồ Chí Minh",Quận Tân Bình,Nhà phố,ban,https://homedy.com/ban-nha-rieng-quan-tan-binh-tp-ho-chi-minh/can-gap-gia-tot-1ty950-44m2-ngan-hang-thanh-ly-thu-hoi-von-es3207724,homedy.com,2,1950000000,44,2026-05-25,Sổ hồng,3207724,10.7883754,106.6607778
Bán Nhà Mặt Tiền KDC Sông Đà Hiệp Bình Chánh - 100m2 - Sát Gigamall - Sổ Hồng Hoàn Công,"14,5 Tỷ",100 m2,"Đường B - Phường Hiệp Bình Chánh, Thành phố Thủ Đức, TP Hồ Chí Minh",Thành Phố Thủ Đức,Nhà phố,ban,https://homedy.com/ban-nha-mat-pho-thanh-pho-thu-duc-tp-ho-chi-minh/tien-kdc-song-da-hiep-binh-chanh-100m2-sat-gigamall-so-hong-hoan-cong-es3204953,homedy.com,0,14500000000,100,2026-05-08,Sổ hồng,3204953,10.8299994,106.7132913
"Bán nhà 4 tầng 74m2- Đường 35, Hiệp bình chánh, Thủ Đức- 9.6 tỷ","9,6 Tỷ",74 m2,"Đường Số 35 - Phường Hiệp Bình Chánh, Thành phố Thủ Đức, TP Hồ Chí Minh",Thành Phố Thủ Đức,Nhà phố,ban,https://homedy.com/ban-nha-mat-pho-thanh-pho-thu-duc-tp-ho-chi-minh/4-tang-74m2-duong-35-hiep-binh-chanh-9-6-ty-es3204956,homedy.com,0,9600000000,74,2026-05-25,Sổ hồng,3204956,10.8299994,106.7132913
"Bán nhà đường 53 Hiệp Bình Chánh Thủ Đức, gần chợ Hiệp Bình, 6 phòng trọ thu nhập 20tr/th","8,5 Tỷ",130 m2,"Đường Số 53 - Phường Hiệp Bình Chánh, Thành phố Thủ Đức, TP Hồ Chí Minh",Thành Phố Thủ Đức,Nhà phố,ban,https://homedy.com/ban-nha-rieng-thanh-pho-thu-duc-tp-ho-chi-minh/duong-53-hiep-binh-chanh-gan-cho-6-phong-tro-nhap-20tr-th-es3204967,homedy.com,0,8500000000,130,2026-05-08,Sổ hồng,3204967,10.8299994,106.7132913
Bán nhà 4 tầng 104m2 đường S2 Tây Thạnh Tân Phú- 17 tỷ- Đang có thu nhập 50tr/th,17 Tỷ,104 m2,"Đường S2 - Phường Tây Thạnh, Quận Tân Phú, TP Hồ Chí Minh",Quận Tân Phú,Nhà phố,ban,https://homedy.com/ban-nha-mat-pho-quan-tan-phu-tp-ho-chi-minh/4-tang-104m2-duong-s2-tay-thanh-17-ty-dang-co-thu-nhap-50tr-th-es3205595,homedy.com,0,17000000000,104,2026-05-12,Sổ hồng,3205595,10.8131991,106.6238898
"Bán tòa nhà văn phòng Tân Bình, DT sàn 1977m², 1 hầm + 6 tầng, dòng tiền 400tr/tháng",150 Tỷ,319 m2,"Đường Phạm Văn Bạch - Phường 15, Quận Tân Bình, TP Hồ Chí Minh",Quận Tân Bình,Nhà phố,ban,https://homedy.com/ban-bat-dong-san-khac-quan-tan-binh-tp-ho-chi-minh/toa-nha-van-phong-dt-1977m-1-ham-6-tang-tien-400tr-thang-es3207699,homedy.com,0,150000000000,319,2026-05-25,Sổ hồng,3207699,10.7989297,106.7209052
"Bán nhà Nguyễn Trãi Q5, 69,4 m², 3 tầng, vị trí kinh doanh cực đẹp, HĐT 55tr/tháng, giá 40 tỷ",40 Tỷ,69 m2,"Đường Nguyễn Trãi - Phường 3, Quận 5, TP Hồ Chí Minh",Quận 5,Nhà phố,ban,https://homedy.com/ban-nha-rieng-quan-5-tp-ho-chi-minh/nguyen-trai-q5-694-m-3-tang-vi-tri-kinh-doanh-cuc-dep-hdt-55tr-thang-gia-40-ty-es3207695,homedy.com,0,40000000000,69,2026-05-25,Sổ hồng,3207695,10.7758292,106.6908575
"thanh lý gấp nhà hẻm 51m2, 2ty2 giá tốt chủ nhà cần bán để trả nợ","2,2 Tỷ",51 m2,"Đường 124 - Phường 5, Quận Tân Bình, TP Hồ Chí Minh",Quận Tân Bình,Nhà phố,ban,https://homedy.com/ban-nha-rieng-quan-tan-binh-tp-ho-chi-minh/thanh-ly-gap-hem-51m2-2ty2-gia-tot-chu-can-de-tra-no-es3207677,homedy.com,3,2200000000,51,2026-05-25,Sổ hồng,3207677,10.8030699,106.6522252
cần bán nhà giá ưu đãi 2ty3 70m2 do ngân hàng thanh toán ra thu hồi vốn,"2,3 Tỷ",70 m2,"Đường 6A - Xã Bình Hưng, Huyện Bình Chánh, TP Hồ Chí Minh",Huyện Bình Chánh,Nhà phố,ban,https://homedy.com/ban-nha-rieng-huyen-binh-chanh-tp-ho-chi-minh/can-gia-uu-dai-2ty3-70m2-do-ngan-hang-thanh-toan-ra-thu-hoi-von-es3207674,homedy.com,6,2300000000,70,2026-05-25,Sổ hồng,3207674,10.6950833,106.5909297
"Đất Nền Củ Chi Mặt Tiền, Vị Trí Đẹp Tiềm Năng Tăng Giá Cao","1,3 Tỷ",100 m2,"Đường Trung Lập - Xã Thái Mỹ, Huyện Củ Chi, TP Hồ Chí Minh",Huyện Củ Chi,Đất nền,ban,https://homedy.com/ban-dat-huyen-cu-chi-tp-ho-chi-minh/nen-mat-tien-vi-tri-dep-tiem-nang-tang-gia-cao-es3207668,homedy.com,0,1300000000,100,2026-05-25,Sổ hồng,3207668,11.0967072,106.5097461
"Bán CHDV Tân Kỳ Tân Quý, 43 phòng, 6 tầng, SHR, Quận Bình Tân","28,5 Tỷ",230 m2,"Đường Tân Kỳ Tân Quý - Phường Bình Hưng Hòa, Quận Bình Tân, TP Hồ Chí Minh",Quận Bình Tân,Phòng/Cho thuê,ban,https://homedy.com/ban-nha-rieng-quan-binh-tan-tp-ho-chi-minh/chdv-ky-quy-43-phong-6-tang-shr-es3207665,homedy.com,0,28500000000,230,2026-05-25,Sổ hồng,3207665,10.7703543,106.5995759
"Bán căn hộ Moonlight Boulevard 2 phòng ngủ 2 toilet, nhà mới đẹp, nhận nhà ở ngay","3,5 Tỷ",70 m2,"Đường Kinh Dương Vương, Phường An Lạc A, Quận Bình Tân, TP Hồ Chí Minh",Quận Bình Tân,Căn hộ,ban,https://homedy.com/ban-can-ho-moonlight-boulevard/2-phong-ngu-toilet-nha-moi-dep-nhan-o-ngay-es3207652,homedy.com,2,3500000000,70,2026-05-25,Sổ hồng,3207652,10.73655919858591,106.61367647588804
"Bán nhà MT QL1a , ngay sát Metro Q12 giá 2 tỷ 7","2,7 Tỷ",60 m2,"Phường Thới An - Quận 12, TP Hồ Chí Minh",Quận 12,Nhà phố,ban,https://homedy.com/ban-nha-mat-pho-quan-12-tp-ho-chi-minh/mt-ql1a-ngay-sat-metro-q12-gia-2-ty-7-es3207648,homedy.com,3,2700000000,60,2026-05-25,Sổ hồng,3207648,10.8612652,106.6642083
"//Bán nhà vip khu đồng bộ – ngay kdc vĩnh lộc, bình tân 63m2 (7.1,tỷ). lh:0826271379","7,1 Tỷ",63 m2,"Phường Bình Hưng Hòa B - Quận Bình Tân, TP Hồ Chí Minh",Quận Bình Tân,Nhà phố,ban,https://homedy.com/ban-nha-mat-pho-quan-binh-tan-tp-ho-chi-minh/vip-khu-dong-bo-ngay-kdc-vinh-loc-63m2-7-1ty-lh0826271379-es3207635,homedy.com,5,7100000000,63,2026-05-25,Sổ hồng,3207635,10.7703543,106.5995759
"Bán nhanh lô đất full THỔ CƯ, 300m2, SHR, vay ngân hàng.","14,8 Tỷ",300 m2,"Đường Phan Văn Hớn - Xã Bà Điểm, Huyện Hóc Môn, TP Hồ Chí Minh",Huyện Hóc Môn,Đất nền,ban,https://homedy.com/ban-dat-huyen-hoc-mon-tp-ho-chi-minh/nhanh-lo-full-tho-cu-300m2-shr-vay-ngan-hang-es3196364,homedy.com,0,14800000000,300,2026-05-25,Sổ hồng,3196364,10.865465500000001,106.6010124
"Bán nhanh lô đất 5x12m, SHR, ngân hàng cho vay, chợ Bà Hom cũ, Tỉnh Lộ 10, quận BT","2,55 Tỷ",60 m2,"Đường Hồ Văn Long - Phường Tân Tạo, Quận Bình Tân, TP Hồ Chí Minh",Quận Bình Tân,Đất nền,ban,https://homedy.com/ban-dat-quan-binh-tan-tp-ho-chi-minh/nhanh-lo-5x12m-shr-ngan-hang-cho-vay-ba-hom-cu-tinh-10-bt-es3205198,homedy.com,0,2550000000,60,2026-05-25,Sổ hồng,3205198,10.7510379,106.5918016
[Siêu Phẩm CÓ 1 không 2] GÓC 3MT Số 78 đường BA VÂN - Quận Tân Bình - 2.400M2 - Chỉ 379 TỶ,379 Tỷ,2400 m2,"Đường Ba Vân - Phường 14, Quận Tân Bình, TP Hồ Chí Minh",Quận Tân Bình,Bất động sản khác,ban,https://homedy.com/ban-nha-mat-pho-quan-tan-binh-tp-ho-chi-minh/sieu-pham-co-1-khong-2-goc-3mt-so-78-duong-ba-van-400m2-379-ty-es3207235,homedy.com,0,379000000000,2400,2026-05-22,Sổ hồng,3207235,10.7907995,106.6984717
Chính chủ Bán Nhà MẶT TIỀN lớn đường Nam Kỳ Khởi Nghĩa DT (8m x 25m),117 Tỷ,"150,7 m2","Đường Nam Kỳ Khởi Nghĩa - Phường 8, Quận 3, TP Hồ Chí Minh",Quận 3,Nhà phố,ban,https://homedy.com/ban-nha-mat-pho-quan-3-tp-ho-chi-minh/chinh-chu-tien-lon-duong-nam-ky-khoi-nghia-dt-8m-x-25m-es3207558,homedy.com,0,117000000000,150.7,2026-05-24,Sổ hồng,3207558,10.7752885,106.705369
"Lô đất giá tốt - đường 2 Linh Xuân, 116 m2, 7,1 tỷ","7,1 Tỷ",116 m2,"Đường 2 - Phường Linh Xuân, Thành phố Thủ Đức, TP Hồ Chí Minh",Thành Phố Thủ Đức,Đất nền,ban,https://homedy.com/ban-dat-thanh-pho-thu-duc-tp-ho-chi-minh/lo-gia-tot-duong-2-linh-xuan-116-m2-71-ty-es3207578,homedy.com,0,7100000000,116,2026-05-24,Sổ hồng,3207578,10.8696224,106.7695374
Bán căn hộ Thủ Thiêm Dragon 75.5m² full nội thất – 2PN – giá 7.8 tỷ,"7,8 Tỷ","75,5 m2","Phường Cát Lái - Quận 2, TP Hồ Chí Minh",Quận 2,Căn hộ,ban,https://homedy.com/ban-can-ho-quan-2-tp-ho-chi-minh/thu-thiem-dragon-75-5m-full-noi-that-2pn-gia-7-8-ty-es3207569,homedy.com,2,7800000000,75.5,2026-05-24,Sổ hồng,3207569,10.761609933182994,106.7589783668518
Bán căn hộ 2pn DT 65m2 view đẹp SHR chung cư Belleza lô B - Quận 7,"3,6 Tỷ",65 m2,"Phường Phú Mỹ - Quận 7, TP Hồ Chí Minh",Quận 7,Căn hộ,ban,https://homedy.com/ban-can-ho-quan-7-tp-ho-chi-minh/2pn-dt-65m2-view-dep-shr-chung-cu-belleza-lo-b-es3207555,homedy.com,2,3600000000,65,2026-05-24,Sổ hồng,3207555,10.7141195,106.7348612
"Vỡ nợ kinh doanh, bán gấp nhà đường số 19, Hiệp Bình Chánh, Thủ Đức, 1,12 tỷ, 70m2 - Sổ riêng","1,12 Tỷ",70 m2,"Đường 19 - Phường Hiệp Bình Chánh, Thành phố Thủ Đức, TP Hồ Chí Minh",Quận Thủ Đức,Nhà phố,ban,https://homedy.com/ban-nha-rieng-thanh-pho-thu-duc-tp-ho-chi-minh/vo-no-kinh-doanh-gap-duong-so-19-hiep-binh-chanh-112-ty-70m2-es1469347,homedy.com,3,1120000000,70,2026-05-24,Sổ hồng,1469347,10.82746,106.72029
Bán nhà riêng Quận 4 - TP Hồ Chí Minh giá 1.23 tỷ,"1,23 Tỷ",65 m2,"Đường Đoàn Văn Bơ - Phường 14, Quận 4, TP Hồ Chí Minh",Quận 4,Nhà phố,ban,https://homedy.com/ban-nha-rieng-quan-4-tp-ho-chi-minh/gia-1-23-ty-es1463115,homedy.com,5,1230000000,65,2026-05-24,Sổ hồng,1463115,10.7577108,106.7129679
"cần bán gấp nhà phố 1ty9, 36m2, chủ nhà ra định cư nước ngoài","1,9 Tỷ",36 m2,"Phường 7 - Quận Gò Vấp, TP Hồ Chí Minh",Quận Gò Vấp,Nhà phố,ban,https://homedy.com/ban-nha-rieng-quan-go-vap-tp-ho-chi-minh/can-gap-pho-1ty9-36m2-chu-ra-dinh-cu-nuoc-ngoai-es3207531,homedy.com,2,1900000000,36,2026-05-24,Sổ hồng,3207531,10.8353538,106.6740337
"Bán căn Penthouse Thảo Điền Green, căn 373m2 cả sân vườn, view sông, 90.7 tỷ","90,7 Tỷ",373 m2,"Đường Nguyễn Văn Hưởng, Phường Thảo Điền, Quận 2, TP Hồ Chí Minh",Quận 2,Đất nền,ban,https://homedy.com/ban-can-ho-thao-dien-green/penthouse-373m2-ca-san-vuon-view-song-90-7-ty-es3203961,homedy.com,0,90700000000,373,2026-05-02,Hợp đồng mua bán,3203961,10.8173109,106.730825
"Ga xe lửa MT Phạm Văn Đồng 2 Tỷ ( 50m2 )- Sổ Sẵn , Bank nhẹ 10 năm , Tầng ở cao , View tuyệt vời",2 Tỷ,50 m2,"Đường Nguyễn Bỉnh Khiêm - Phường 1, Quận Gò Vấp, TP Hồ Chí Minh",Quận Gò Vấp,Bất động sản khác,ban,https://homedy.com/ban-can-ho-quan-go-vap-tp-ho-chi-minh/ga-xe-lua-mt-pham-van-dong-2-ty-50m2-so-san-bank-nhe-10-nam-tang-o-cao-view-tuyet-voi-es3207489,homedy.com,2,2000000000,50,2026-05-24,Sổ hồng,3207489,10.8353538,106.6740337
BÁN NHÀ 4x10m SHR 3PN Hóc Môn - 500 TRIỆU ở ngay,500 Triệu,40 m2,"Đường Nguyễn Văn Bứa - Xã Xuân Thới Sơn, Huyện Hóc Môn, TP Hồ Chí Minh",Huyện Hóc Môn,Nhà phố,ban,https://homedy.com/ban-nha-rieng-huyen-hoc-mon-tp-ho-chi-minh/4x10m-shr-3pn-500-trieu-o-ngay-es3207481,homedy.com,2,500000000,40,2026-05-23,Sổ hồng,3207481,10.8937624,106.5832489
"Bán Nhà Riêng HXH Thông Đ. Ni Sư Huỳnh Liên- Taba Bình - Dt 4,4/5,3 x 13 - Chỉ 5,1 Tỷ","5,1 Tỷ",43 m2,"Đường Ni Sư Huỳnh Liên - Phường 10, Quận Tân Bình, TP Hồ Chí Minh",Quận Tân Bình,Nhà phố,ban,https://homedy.com/ban-nha-rieng-quan-tan-binh-tp-ho-chi-minh/hxh-thong-d-ni-su-huynh-lien-taba-dt-44-53-x-13-51-ty-es3207450,homedy.com,5,5100000000,43,2026-05-23,Sổ hồng,3207450,10.7883754,106.6607778
"Bán nhà lê đức thọ, 4 x 16m, 4 Tầng, hẻm ô tô, giá 6.7 tỷ","6,7 Tỷ",64 m2,"Đường Lê Đức Thọ - Phường 15, Quận Gò Vấp, TP Hồ Chí Minh",Quận Gò Vấp,Nhà phố,ban,https://homedy.com/ban-nha-mat-pho-quan-go-vap-tp-ho-chi-minh/le-duc-tho-4-x-16m-tang-hem-o-to-gia-6-7-ty-es3207410,homedy.com,0,6700000000,64,2026-05-23,Sổ hồng,3207410,10.8353538,106.6740337
"Bán khách sạn góc 2 mặt tiền Hoàng Sa, Q1, 12x15m, hâm + 6 tầng, 180 tỷ",180 Tỷ,236 m2,"Đường Hoàng Sa - Phường Đa Kao, Quận 1, TP Hồ Chí Minh",Quận 1,Bất động sản khác,ban,https://homedy.com/ban-bat-dong-san-khac-quan-1-tp-ho-chi-minh/khach-goc-2-mat-tien-hoang-sa-q1-12x15m-ham-6-tang-180-ty-es3207404,homedy.com,0,180000000000,236,2026-05-23,Sổ hồng,3207404,10.7753939,106.6996249
"Bán đất Xuân Thủy Thảo Điền, 452m² ~10m × 39m, mặt tiền đẹp, đang có HĐT, giá 170 tỷ",170 Tỷ,452 m2,"Đường Xuân Thủy - Phường Thảo Điền, Quận 2, TP Hồ Chí Minh",Quận 2,Đất nền,ban,https://homedy.com/ban-dat-nen-du-an-quan-2-tp-ho-chi-minh/xuan-thuy-thao-dien-452m-10m-39m-mat-tien-dep-dang-co-hdt-gia-170-ty-es3207400,homedy.com,0,170000000000,452,2026-05-23,Sổ hồng,3207400,10.8011432,106.7351252
"Hưng Ngân có sổ giá 1.7 tỷ 2PN 55 - 80m2 có BC, ngay CV PM Quang Trung đường Tô Ký LH 0901808686","1,7 Tỷ",56 m2,"Đường Tân Chánh Hiệp 21, Phường Tân Chánh Hiệp, Quận 12, TP Hồ Chí Minh",Quận 12,Bất động sản khác,ban,https://homedy.com/ban-can-ho-hung-ngan-garden/co-so-gia-1-7-ty-2pn-55-80m2-bc-ngay-cv-pm-quang-trung-duong-to-ky-lh-0901808686-es2447729,homedy.com,0,1700000000,56,2026-03-01,Sổ hồng,2447729,10.85922742663174,106.63029670715332
"Chính chủ cần rao bán căn hộ Hà Đô Green View 2pn có sổ hồng riêng vị trí đẹp, gần sân bay","4,6 - 4,8 Tỷ",82 - 87 m2,"Đường Nguyễn Văn Công, Phường 3, Quận Gò Vấp, TP Hồ Chí Minh",Quận Gò Vấp,Căn hộ,ban,https://homedy.com/ban-can-ho-ha-do-green-view/chinh-chu-rao-2pn-co-so-hong-rieng-vi-tri-dep-gan-san-bay-es3206235,homedy.com,2,4800000000,82,2026-05-15,Sổ hồng,3206235,10.816281629956505,106.67682097605746
Cần Bán An Lộc Gò Vấp 96m2 3PN 2WC Full Nội Thất View Đẹp Giá 4.49 Tỷ có thương lượng,"4,49 Tỷ",96 m2,"Đường Nguyễn Oanh, Phường 17, Quận Gò Vấp, TP Hồ Chí Minh",Quận Gò Vấp,Bất động sản khác,ban,https://homedy.com/ban-can-ho-an-loc/go-vap-96m2-3pn-2wc-full-noi-that-view-dep-gia-4-49-ty-co-thuong-luong-es3206250,homedy.com,3,4490000000,96,2026-05-15,Sổ hồng,3206250,10.8471345901489,106.67687988281295
Đất Nền Củ Chi Full Thổ Cư Ngay Mặt Tiền Đường,"1,4 Tỷ",100 m2,"Đường Trung Lập - Xã Thái Mỹ, Huyện Củ Chi, TP Hồ Chí Minh",Huyện Củ Chi,Đất nền,ban,https://homedy.com/ban-dat-huyen-cu-chi-tp-ho-chi-minh/nen-full-tho-ngay-mat-tien-duong-es3207372,homedy.com,0,1400000000,100,2026-05-23,Sổ hồng,3207372,11.0967072,106.5097461
"Nợ bán nhà riêng 63m2 Xô Viết Nghệ Tĩnh, Bình Thạnh - giá 1.39 tỷ, hẻm 6m, có sổ riêng, gặp Hưng","1,39 Tỷ",63 m2,"Đường Xô Viết Nghệ Tĩnh - Phường 22, Quận Bình Thạnh, TP Hồ Chí Minh",Quận Bình Thạnh,Nhà phố,ban,https://homedy.com/ban-can-ho-quan-binh-thanh-tp-ho-chi-minh/no-nha-rieng-63m2-xo-viet-nghe-tinh-gia-1-39-ty-hem-6m-co-so-gap-hung-es3207320,homedy.com,3,1390000000,63,2026-05-22,Sổ hồng,3207320,10.8264409,106.7066125
"Bán gấp chung cư Flemington Q11, 2PN 2WC 86m2 giá nhỉnh 1tỷ tầng 18 full nội thất","1,5 Tỷ",86 m2,"Đường Lê Đại Hành - Phường 15, Quận 11, TP Hồ Chí Minh",Quận 11,Căn hộ,ban,https://homedy.com/ban-nha-rieng-quan-11-tp-ho-chi-minh/gap-chung-cu-flemington-q11-2pn-2wc-86m2-gia-nhinh-1ty-tang-18-full-noi-that-es3207319,homedy.com,2,1500000000,86,2026-05-22,Sổ hồng,3207319,10.7730701,106.6544302
"Đáo hạn NH bán nhà 1T 1L 68m2/950TR Âu Dương Lân, Q8, gần bv, dọn vào ở ngay",950 Triệu,68 m2,"Đường Âu Dương Lân - Phường 2, Quận 8, TP Hồ Chí Minh",Quận 8,Nhà phố,ban,https://homedy.com/ban-nha-rieng-quan-8-tp-ho-chi-minh/dao-han-nh-1t-1l-68m2-950tr-au-duong-lan-q8-gan-bv-don-vao-o-ngay-es3201305,homedy.com,3,950000000,68,2026-05-22,Sổ hồng,3201305,10.7416082,106.6649389
bán gấp Nguyễn Cửu Vân BT gần trường ĐH Kinh Tế DT 61m2 giá 920 triệu liên hệ Hưng,920 Triệu,61 m2,"Đường Nguyễn Cửu Vân - Phường 17, Quận Bình Thạnh, TP Hồ Chí Minh",Quận Bình Thạnh,Bất động sản khác,ban,https://homedy.com/ban-nha-rieng-quan-binh-thanh-tp-ho-chi-minh/gap-nguyen-cuu-van-bt-gan-truong-dh-kinh-te-dt-61m2-gia-920-trieu-lien-he-hung-es3206110,homedy.com,3,920000000,61,2026-05-14,Sổ hồng,3206110,10.7970171,106.7031929
"Chia tài sản bán gấp 64m2 nhà đ.Trương Vĩnh Ký-gần trường học-sổ riêng-tt 720TR,",720 Triệu,64 m2,"Đường Trương Vĩnh Ký - Phường Tân Sơn Nhì, Quận Tân Phú, TP Hồ Chí Minh",Quận Tân Phú,Nhà phố,ban,https://homedy.com/ban-nha-rieng-quan-tan-phu-tp-ho-chi-minh/chia-tai-san-gap-64m2-d-truong-vinh-ky-gan-hoc-so-tt-720tr-es3207318,homedy.com,0,720000000,64,2026-05-22,Sổ hồng,3207318,10.7918681,106.6277515
"Lh Phúc 0794062948 Cần bán gấp căn nhà ở TL10_Bình Tân chỉ 580tr/Dt 32m2, Shr bao sang tên, HXH",580 Triệu,32 m2,"Đường Tỉnh Lộ 10 - Quận Bình Tân, TP Hồ Chí Minh",Quận Bình Tân,Nhà phố,ban,https://homedy.com/ban-nha-rieng-quan-binh-tan-tp-ho-chi-minh/lh-phuc-0794062948-can-gap-o-tl10-580tr-dt-32m2-shr-bao-sang-ten-hxh-es3207322,homedy.com,2,580000000,32,2026-05-22,Sổ hồng,3207322,10.7703543,106.5995759
"Chính chủ bán nhà NC trệt 2 lầu, bancon, sàn m, Phường Thới an, Q.12, TP.HCM",630 Triệu,36 m2,"Đường 13 - Phường Thạnh Xuân, Quận 12, TP Hồ Chí Minh",Quận 12,Nhà phố,ban,https://homedy.com/ban-nha-rieng-quan-12-tp-ho-chi-minh/chinh-chu-nc-tret-2-lau-bancon-san-m-phuong-thoi-an-q-hcm-es1670075,homedy.com,2,630000000,36,2026-05-22,Sổ hồng,1670075,10.8909747,106.6768213
"Chính chủ bán lô đất 32,5 x 49,2 = 1.599 m2 tại xã Bình Khánh, Cần Giờ, TP.HCM",16 Tỷ,1599 m2,"Đường Hà Quang Vóc - Xã Bình Khánh, Huyện Cần Giờ, TP Hồ Chí Minh",Huyện Cần Giờ,Đất nền,ban,https://homedy.com/ban-dat-huyen-can-gio-tp-ho-chi-minh/chinh-chu-lo-325-x-492-1-599-m2-tai-xa-binh-khanh-hcm-es3194182,homedy.com,0,16000000000,1599,2026-05-22,Sổ hồng,3194182,10.396588,106.9086984
"Chỉ 3 Căn Penthouse Thảo Điền Green – View Sông Vĩnh Viễn, Giá Từ 85 Tỷ","85,4 Tỷ",355 m2,"Đường Nguyễn Văn Hưởng, Phường Thảo Điền, Quận 2, TP Hồ Chí Minh",Quận 2,Bất động sản khác,ban,https://homedy.com/ban-can-ho-thao-dien-green/chi-3-penthouse-view-song-vinh-vien-gia-tu-85-ty-es3202924,homedy.com,0,85400000000,355,2026-05-22,Hợp đồng mua bán,3202924,10.8173109,106.730825
"Thanh lý nhà thu hồi vốn dt 30m2 đường Tân Chánh Hiệp, quận 12-giá 520tr-sổ hồng riêng",520 Triệu,30 m2,"Đường Tân Chánh Hiệp 12 - Phường Tân Chánh Hiệp, Quận 12, TP Hồ Chí Minh",Quận 12,Nhà phố,ban,https://homedy.com/ban-nha-rieng-quan-12-tp-ho-chi-minh/thanh-ly-thu-hoi-von-dt-30m2-duong-tan-chanh-hiep-gia-520tr-so-hong-es3207317,homedy.com,2,520000000,30,2026-05-22,Sổ hồng,3207317,10.8673521,106.6259541
"Nhà sổ hồng riêng chính chủ 1 lầu BTCT đường Huỳnh Văn Bánh 69m2 (chưa tính sân riêng) giá 8,9 Tỷ","8,9 Tỷ",69 m2,"Đường Huỳnh Văn Bánh - Phường 13, Quận Phú Nhuận, TP Hồ Chí Minh",Quận Phú Nhuận,Nhà phố,ban,https://homedy.com/ban-nha-rieng-quan-phu-nhuan-tp-ho-chi-minh/so-hong-chinh-chu-1-lau-btct-duong-huynh-van-banh-69m2-chua-tinh-san-gia-89-ty-es3207316,homedy.com,0,8900000000,69,2026-05-22,Sổ hồng,3207316,10.8010061,106.6797643
"Kẹt nợ bán gấp nhà 35m2, 1t1l đường Tôn Đản, quận 4-giá 490tr, sổ hồng riêng, hxh",490 Triệu,35 m2,"Đường Tôn Đản - Phường 10, Quận 4, TP Hồ Chí Minh",Quận 4,Nhà phố,ban,https://homedy.com/ban-nha-rieng-quan-4-tp-ho-chi-minh/ket-no-gap-35m2-1t1l-duong-ton-dan-gia-490tr-so-hong-hxh-es3207309,homedy.com,0,490000000,35,2026-05-22,Sổ hồng,3207309,10.7607538,106.7070798
Bán nhà Tân Hiệp 4 Hóc Môn hẻm xe hơi 10m - 180m2 - Ngang 9m - 7.2 tỷ,"7,2 Tỷ",180 m2,"Đường Tân Hiệp 4-2 - Xã Tân Hiệp, Huyện Hóc Môn, TP Hồ Chí Minh",Huyện Hóc Môn,Nhà phố,ban,https://homedy.com/ban-nha-rieng-huyen-hoc-mon-tp-ho-chi-minh/tan-hiep-4-hem-xe-hoi-10m-180m2-ngang-9m-7-2-ty-es3204973,homedy.com,1,7200000000,180,2026-05-08,Sổ hồng,3204973,10.8777329,106.5760523
"Chú Triều đi định cư cần bán gấp CC Carilon 3, 1PN+, full nội thất giá chỉ 2ty550tr có thương lượng","2,49 Tỷ",39 m2,"Đường Hoàng Hoa Thám, Phường 13, Quận Tân Bình, TP Hồ Chí Minh",Quận Tân Bình,Bất động sản khác,ban,https://homedy.com/ban-can-ho-carillon-3/chu-trieu-di-dinh-cu-gap-cc-carilon-1pn-full-noi-that-gia-chi-2ty550tr-co-thuong-luong-es3207278,homedy.com,2,2490000000,39,2026-05-22,Sổ hồng,3207278,10.8051259,106.6467818
An Dương Vương Phường 16 Quận 8 - 82M2 - Xe Hơi Ngủ Nhà - 4PN - Phòng Ngủ Trệt - Giảm Sâu 350TR,"5,85 Tỷ",82 m2,"Đường An Dương Vương - Phường 16, Quận 8, TP Hồ Chí Minh",Quận 8,Nhà phố,ban,https://homedy.com/ban-nha-rieng-quan-8-tp-ho-chi-minh/an-duong-vuong-phuong-16-82m2-xe-hoi-ngu-4pn-phong-tret-giam-sau-350tr-es3207274,homedy.com,4,5850000000,82,2026-05-22,Sổ hồng,3207274,10.7124607,106.6239147
"BÁN NHÀ ở BHTQ rộng 80m2 hẻm xe hơi gần chợ và siêu thị, TTMT","1,5 - 2 Tỷ",60 - 80 m2,"Huyện Thanh Quan - Phường 1, Quận 3, TP Hồ Chí Minh",Quận 3,Nhà phố,ban,https://homedy.com/ban-nha-rieng-quan-3-tp-ho-chi-minh/o-bhtq-rong-80m2-hem-xe-hoi-gan-cho-va-sieu-thi-ttmt-es3207273,homedy.com,3,2000000000,60,2026-05-22,Sổ hồng,3207273,10.7933512,106.6832206
Nhà 3 tầng Âu Cơ - Phú Trung- Tân Phú - TP Hồ Chí Minh,"1,9 Tỷ",50 m2,"Đường Âu Cơ - Phường Phú Trung, Quận Tân Phú, TP Hồ Chí Minh",Quận Tân Phú,Nhà phố,ban,https://homedy.com/ban-nha-rieng-quan-tan-phu-tp-ho-chi-minh/3-tang-au-co-trung-es3207270,homedy.com,3,1900000000,50,2026-05-22,Sổ hồng,3207270,10.7918681,106.6277515
Sát mặt tiền Âu Cơ - Tân Bình - 50m2 - 3 phòng ngủ đẹp ở ngay,"1,8 Tỷ",50 m2,"Đường Âu Cơ - Phường 10, Quận Tân Bình, TP Hồ Chí Minh",Quận Tân Bình,Phòng/Cho thuê,ban,https://homedy.com/ban-nha-rieng-quan-tan-binh-tp-ho-chi-minh/sat-mat-tien-au-co-50m2-3-phong-ngu-dep-o-ngay-es3207267,homedy.com,3,1800000000,50,2026-05-22,Sổ hồng,3207267,10.7883754,106.6607778
cần BÁN GẤP nhà ở phú nhuận hẻm xe hơi gần chợ TT thương mại và siêu thị,"1,5 - 3 Tỷ",60 m2,"Đường Chiến Thắng - Phường 10, Quận Phú Nhuận, TP Hồ Chí Minh",Quận Phú Nhuận,Nhà phố,ban,https://homedy.com/ban-nha-rieng-quan-phu-nhuan-tp-ho-chi-minh/can-gap-o-hem-xe-hoi-gan-cho-tt-thuong-mai-va-sieu-thi-es3207266,homedy.com,0,3000000000,60,2026-05-22,Sổ hồng,3207266,10.7933512,106.6832206
bán nhà hẻm xe hơi 60m2 full nội thất tiện ích đầy đủ gần chợ trường học bệnh viện,"1,5 - 2 Tỷ",60 m2,"Quận Bình Thạnh - , TP Hồ Chí Minh",Quận Bình Thạnh,Nhà phố,ban,https://homedy.com/ban-nha-rieng-quan-binh-thanh-tp-ho-chi-minh/hem-xe-hoi-60m2-full-noi-that-tien-ich-day-du-gan-cho-truong-hoc-benh-vien-es3207263,homedy.com,2,2000000000,60,2026-05-22,Sổ hồng,3207263,10.812271,106.7040393
"Bán đất Long Trường Q9 – diện tích 52m² (4m ngang) – giá 3,5 tỷ","3,5 Tỷ",52 m2,"Đường Số 1 - Phường Long Trường, Quận 9, TP Hồ Chí Minh",Quận 9,Đất nền,ban,https://homedy.com/ban-dat-quan-9-tp-ho-chi-minh/long-truong-q9-dien-tich-52m-4m-ngang-gia-35-ty-es3185891,homedy.com,0,3500000000,52,2026-05-08,Sổ hồng,3185891,10.79625339206982,106.81745052337648
"Cần bán gấp căn hộ 2PN 2WC Wilton Tower full nội thất đẹp, do gia đình định cư nước ngoài!","4,48 Tỷ","62,53 m2","Đường D1, Phường 25, Quận Bình Thạnh, TP Hồ Chí Minh",Quận Bình Thạnh,Căn hộ,ban,https://homedy.com/ban-can-ho-wilton-tower/gap-2pn-2wc-full-noi-that-dep-do-gia-dinh-cu-nuoc-ngoai-es3206225,homedy.com,2,4480000000,62.53,2026-05-15,Sổ hồng,3206225,10.802101546814017,106.71805921024249
"Bán biệt thự hẻm Nguyễn Ư Dĩ, Thảo Điền, 340m2, ngang 19m, 2 tầng, 4PN, giá 80 tỷ",80 Tỷ,340 m2,"Phường Thảo Điền, Quận 2, TP Hồ Chí Minh",Quận 2,Nhà phố,ban,https://homedy.com/ban-nha-biet-thu-lien-ke-quan-2-tp-ho-chi-minh/hem-nguyen-u-di-thao-dien-340m2-ngang-19m-tang-4pn-gia-80-ty-es3207248,homedy.com,4,80000000000,340,2026-05-22,Sổ hồng,3207248,10.8011432,106.7351252
Chính Chù cần bán gấp nhà đẹp Gò Vấp HXH- Cách mặt tiền Lê Đức Thọ 100m,"5 - 5,2 Tỷ",52 m2,"Quận Gò Vấp - , TP Hồ Chí Minh",Quận Gò Vấp,Nhà phố,ban,https://homedy.com/ban-nha-rieng-quan-go-vap-tp-ho-chi-minh/chinh-chu-can-gap-dep-hxh-cach-mat-tien-le-duc-tho-100m-es3207253,homedy.com,3,5200000000,52,2026-05-22,Sổ hồng,3207253,10.8353538,106.6740337
"Bán nhà mt Mạc Thị Bưởi, lõi trung tâm Quận 1, 79m2, phù hợp showroom, giá 90 tỷ",90 Tỷ,79 m2,"Phường Bến Nghé, Quận 1, TP Hồ Chí Minh",Quận 1,Nhà phố,ban,https://homedy.com/ban-nha-rieng-quan-1-tp-ho-chi-minh/mt-mac-thi-buoi-loi-trung-tam-79m2-phu-hop-showroom-gia-90-ty-es3207244,homedy.com,0,90000000000,79,2026-05-22,Sổ hồng,3207244,10.7713225,106.7058288
"Bán nhà mặt tiền Cao Thắng, Quận 10, 7 tầng, 8x16m, dòng tiền ổn định 200tr/th",110 Tỷ,123 m2,"Đường Cao Thắng - Phường 12, Quận 10, TP Hồ Chí Minh",Quận 10,Nhà phố,ban,https://homedy.com/ban-nha-rieng-quan-10-tp-ho-chi-minh/mat-tien-cao-thang-7-tang-8x16m-dong-on-dinh-200tr-th-es3207237,homedy.com,0,110000000000,123,2026-05-22,Sổ hồng,3207237,10.7765833,106.6913559
"Tôi kẹt ngân hàng bán lỗ nhà 4lau MT Phạm Hùng,Q8,5.5x17m,5PN,thuê 40tr/th,17ty","17,6 Tỷ",88 m2,"Đường Phạm Hùng - Phường 10, Quận 8, TP Hồ Chí Minh",Quận 8,Nhà phố,ban,https://homedy.com/ban-nha-rieng-quan-8-tp-ho-chi-minh/toi-ket-ngan-hang-lo-4lau-mt-pham-hungq85-5x17m5pnthue-40tr-th17ty-es3207233,homedy.com,0,17600000000,88,2026-05-22,Sổ hồng,3207233,10.7171219,106.6295254
"Chung cư PiCity cao cấp từ 2.1 tỷ, 50 - 80m2 bàn giao cuối 2021 liền kề Gò Vấp, LH phòng kinh doanh","2,1 Tỷ",50 m2,"Đường Thạnh Xuân 13, Phường Thạnh Xuân, Quận 12, TP Hồ Chí Minh",Quận 12,Căn hộ,ban,https://homedy.com/ban-can-ho-picity-high-park/chung-cu-cao-cap-tu-2-1-ty-50-80m2-giao-cuoi-2021-lien-ke-go-vap-lh-phong-kinh-doanh-es1671766,homedy.com,2,2100000000,50,2026-02-27,Sổ hồng,1671766,10.86595,106.66616
Siêu phẩm Lô Đất VÀNG góc 3 MẶT TIỀN số 78 BA VÂN – khu BÀU CÁT – quận TÂN BÌNH,379 Tỷ,2400 m2,"Đường Ba Vân - Phường 14, Quận Tân Bình, TP Hồ Chí Minh",Quận Tân Bình,Đất nền,ban,https://homedy.com/ban-dat-quan-tan-binh-tp-ho-chi-minh/sieu-pham-lo-vang-goc-3-mat-tien-so-78-ba-van-khu-bau-cat-es3207229,homedy.com,0,379000000000,2400,2026-05-22,Sổ hồng,3207229,10.7907995,106.6984717
Đơn lập mặt biển Cần Giờ siêu VIP dành cho giới thượng lưu,90 Tỷ,700 m2,"Thị trấn Cần Thạnh - Huyện Cần Giờ, TP Hồ Chí Minh",Huyện Cần Giờ,Bất động sản khác,ban,https://homedy.com/ban-nha-biet-thu-lien-ke-huyen-can-gio-tp-ho-chi-minh/don-lap-mat-bien-sieu-vip-danh-cho-gioi-thuong-luu-es3173957,homedy.com,0,90000000000,700,2026-05-22,Hợp đồng mua bán,3173957,10.4203348,106.9608247
"Bán nhà 3 tầng 90m2 đường Cây Keo Tam Phú Thủ Đức – giá 10,5 tỷ","10,5 Tỷ",90 m2,"Đường Cây Keo - Phường Tam Phú, Thành phố Thủ Đức, TP Hồ Chí Minh",Thành Phố Thủ Đức,Nhà phố,ban,https://homedy.com/ban-nha-rieng-thanh-pho-thu-duc-tp-ho-chi-minh/3-tang-90m2-duong-cay-keo-tam-phu-gia-105-ty-es3204954,homedy.com,0,10500000000,90,2026-05-08,Sổ hồng,3204954,10.862635,106.7437481
"Cần Tiền Bán Gấp Nhà 2 Tầng, Shr, 42m2 Chu Văn An, Bình Thạnh 7,5 Tỷ. Lh O932 O32 4O3","7,5 Tỷ",42 m2,"Đường Chu Văn An - Phường 12, Quận Bình Thạnh, TP Hồ Chí Minh",Quận Bình Thạnh,Nhà phố,ban,https://homedy.com/ban-nha-rieng-quan-binh-thanh-tp-ho-chi-minh/can-tien-gap-2-tang-shr-42m2-chu-van-an-75-ty-lh-o932-o32-4o3-es3204891,homedy.com,3,7500000000,42,2026-05-07,Sổ hồng,3204891,10.75953,106.6516251
"Hot! Bán Gấp Căn 2PN 80,90m2 The Prive Giá Tốt Chỉ 117,6 Tr/m2. Lh O932 O32 4O3","9,5 Tỷ",81 m2,"Đường Song Hành - Phường An Phú, Quận 2, TP Hồ Chí Minh",Quận 2,Bất động sản khác,ban,https://homedy.com/ban-can-ho-quan-2-tp-ho-chi-minh/hot-gap-2pn-8090m2-the-prive-gia-tot-1176-tr-m2-lh-o932-o32-4o3-es3201639,homedy.com,2,9500000000,81,2026-05-22,Hợp đồng mua bán,3201639,10.7912168,106.7619557
Siêu Phẩm Mặt TiỀn 32M - ChỈ 700 TriỆu - Kinh Doanh Đa Ngành,700 Triệu,250 m2,"Đường Số 52 - Phường Thạnh Xuân, Quận 12, TP Hồ Chí Minh",Quận 12,Bất động sản khác,ban,https://homedy.com/ban-dat-quan-12-tp-ho-chi-minh/sieu-pham-mat-tien-32m-700-trieu-kinh-doanh-da-nganh-es3207226,homedy.com,0,700000000,250,2026-05-22,Sổ hồng,3207226,10.7766343,106.69135
Nhà ngang 4m dài 6m Đường Nguyễn Ảnh Thủ Quận 12 giá 780 triệu còn bớt mạnh,780 Triệu,24 m2,"Đường Nguyễn Ảnh Thủ - Phường Hiệp Thành, Quận 12, TP Hồ Chí Minh",Quận 12,Nhà phố,ban,https://homedy.com/ban-nha-rieng-quan-12-tp-ho-chi-minh/ngang-4m-dai-6m-duong-nguyen-anh-thu-gia-780-trieu-con-bot-manh-es3205983,homedy.com,2,780000000,24,2026-05-14,Sổ hồng,3205983,10.8673521,106.6259541
"Đất mặt tiền ngay trung tâm Củ Chi, Full thổ cư, Giá Tốt Khó Tìm",1 Tỷ,100 m2,"Đường Tỉnh Lộ 7 - Xã Thái Mỹ, Huyện Củ Chi, TP Hồ Chí Minh",Huyện Củ Chi,Đất nền,ban,https://homedy.com/ban-dat-huyen-cu-chi-tp-ho-chi-minh/mat-tien-ngay-trung-tam-full-tho-gia-tot-kho-tim-es3207203,homedy.com,0,1000000000,100,2026-05-22,Sổ hồng,3207203,11.0967072,106.5097461
"ngay trung tâm quận 10, cách mạng tháng tám, 5 tầng, 30m2, hẻm 8m, 8 tỷ.",8 Tỷ,30 m2,"Đường Cách Mạng Tháng Tám - Quận 10, TP Hồ Chí Minh",Quận 10,Bất động sản khác,ban,https://homedy.com/ban-nha-rieng-quan-10-tp-ho-chi-minh/ngay-trung-tam-cach-mang-thang-5-tang-30m2-hem-8m-8-ty-es3207167,homedy.com,5,8000000000,30,2026-05-22,Sổ hồng,3207167,10.7725282,106.6682021
"Chuyển về quê bán gấp nhà đường Tô Ký, quận 12-giá 450tr, sổ riêng-hẻm xe hơi",450 Triệu,35 m2,"Đường Tô Ký - Phường An Phú Đông, Quận 12, TP Hồ Chí Minh",Quận 12,Nhà phố,ban,https://homedy.com/ban-nha-rieng-quan-12-tp-ho-chi-minh/chuyen-ve-que-gap-duong-to-ky-gia-450tr-so-hem-xe-hoi-es3207146,homedy.com,0,450000000,35,2026-05-21,Sổ hồng,3207146,10.8612652,106.6642083
Ly Hôn Bán Nhà Đường Quang Trung Gò Vấp - 30M2/650 triệu SHR,650 Triệu,30 m2,"Đường Quang Trung - Phường 10, Quận Gò Vấp, TP Hồ Chí Minh",Quận Gò Vấp,Nhà phố,ban,https://homedy.com/ban-nha-rieng-quan-go-vap-tp-ho-chi-minh/ly-hon-duong-quang-trung-30m2-650-trieu-shr-es3207141,homedy.com,3,650000000,30,2026-05-21,Sổ hồng,3207141,10.8353538,106.6740337
Kinh doanh thua lỗ bán gấp nhà Lê Văn Việt Quận 9 - DT 40m2/ 550 triệu LH Anh Duy,550 Triệu,40 m2,"Đường Lê Văn Việt - Phường Tăng Nhơn Phú A, Quận 9, TP Hồ Chí Minh",Quận 9,Nhà phố,ban,https://homedy.com/ban-nha-rieng-quan-9-tp-ho-chi-minh/kinh-doanh-thua-lo-gap-le-van-viet-dt-40m2-550-trieu-lh-anh-duy-es3207139,homedy.com,0,550000000,40,2026-05-21,Sổ hồng,3207139,10.8441928,106.7791529
"Vỡ nợ bán gấp nhà 1t1l Đường Lý Thường Kiệt, quận 10-dt 40m2, giá 430tr, đã có sổ hồng",430 Triệu,40 m2,"Phường 12, Quận 10, TP Hồ Chí Minh",Quận 10,Nhà phố,ban,https://homedy.com/ban-nha-rieng-quan-10-tp-ho-chi-minh/vo-no-gap-1t1l-duong-ly-thuong-kiet-dt-40m2-gia-430tr-da-co-so-hong-es3207144,homedy.com,0,430000000,40,2026-05-21,Sổ hồng,3207144,10.771122,106.6598834
Vơ Nơ Bán Nhà Đường Hưng Phú Quận 8 40m2/500 triêu Sổ hồng riêng,500 Triệu,40 m2,"Đường Hưng Phú - Phường 8, Quận 8, TP Hồ Chí Minh",Quận 8,Nhà phố,ban,https://homedy.com/ban-nha-rieng-quan-8-tp-ho-chi-minh/vo-no-duong-hung-phu-40m2-500-trieu-so-hong-es3207138,homedy.com,0,500000000,40,2026-05-21,Sổ hồng,3207138,10.7487581,106.6775466
"Kẹt nợ bán nhà 1t1l đường Đình Phong Phú, Thủ Đức có dt 38m2, hẻm 4m, sổ hồng riêng-giá 480tr",480 Triệu,38 m2,"Đường Đình Phong Phú - Phường Tăng Nhơn Phú A, Quận 9, TP Hồ Chí Minh",Quận 9,Nhà phố,ban,https://homedy.com/ban-nha-rieng-quan-9-tp-ho-chi-minh/ket-no-1t1l-duong-dinh-phong-phu-thu-duc-co-dt-38m2-hem-4m-so-hong-gia-480tr-es3207137,homedy.com,0,480000000,38,2026-05-21,Sổ hồng,3207137,10.8441928,106.7791529
Đất nền Củ Chi Vị Trí Đẹp Giá Chỉ Hơn 1 Tỷ Phù Hợp Đầu Tư Và Sinh Sống,"1 - 1,5 Tỷ",100 - 150 m2,"Đường Tỉnh Lộ 7 - Xã Thái Mỹ, Huyện Củ Chi, TP Hồ Chí Minh",Huyện Củ Chi,Đất nền,ban,https://homedy.com/ban-dat-huyen-cu-chi-tp-ho-chi-minh/nen-vi-tri-dep-gia-hon-1-ty-phu-hop-dau-tu-va-sinh-song-es3207132,homedy.com,0,1500000000,100,2026-05-21,Sổ hồng,3207132,11.0967072,106.5097461
Cực phẩm siêu vip khuấy đảo giữa lòng quận 7,"20,6 Tỷ",76 m2,"Phường Tân Hưng - Quận 7, TP Hồ Chí Minh",Quận 7,Bất động sản khác,ban,https://homedy.com/ban-nha-mat-pho-quan-7-tp-ho-chi-minh/cuc-pham-sieu-vip-khuay-dao-giua-long-es3207130,homedy.com,4,20600000000,76,2026-05-21,Sổ hồng,3207130,10.7305239,106.7087488
Bán nhà mặt tiền đường hòa hưng nhà mới giá rẻ 50m2,"1,6 Tỷ",50 m2,"Đường Hòa Hưng - Phường 13, Quận 10, TP Hồ Chí Minh",Quận 10,Nhà phố,ban,https://homedy.com/ban-nha-rieng-quan-10-tp-ho-chi-minh/mat-tien-duong-hoa-hung-moi-gia-re-50m2-es3207113,homedy.com,2,1600000000,50,2026-05-21,Sổ hồng,3207113,10.7664812,106.6756704
cần bán gấp nhà 60m2 hẻm xe hơi full nội thất tiện ích đầy đủ vị trí đẹp,"1,5 - 1,8 Tỷ",60 m2,"Quận Bình Thạnh - , TP Hồ Chí Minh",Quận Bình Thạnh,Nhà phố,ban,https://homedy.com/ban-nha-rieng-quan-binh-thanh-tp-ho-chi-minh/can-gap-60m2-hem-xe-hoi-full-noi-that-tien-ich-day-du-vi-tri-dep-es3207114,homedy.com,2,1800000000,60,2026-05-21,Sổ hồng,3207114,10.799579,106.7404209
"Chuyển chổ ở cần bán nhà ở đường Trần Bá Giao, Quận Gò Vấp, 1 tỷ 6","1,6 Tỷ",50 m2,"Đường Trần Bá Giao - Quận Gò Vấp, TP Hồ Chí Minh",Quận Gò Vấp,Nhà phố,ban,https://homedy.com/ban-nha-rieng-quan-go-vap-tp-ho-chi-minh/chuyen-cho-o-can-duong-tran-ba-giao-1-ty-6-es3207109,homedy.com,3,1600000000,50,2026-05-21,Sổ hồng,3207109,10.8353538,106.6740337
"(Tin Thật)Chính chủ bán ch 45m2/2 tỷ 025 ,(vay 85%)full NT,SHR dọn ở,Nguyễn Thượng Hiền 0794818249","2,02 Tỷ",45 m2,"Đường Phạm Văn Đồng - Phường 1, Quận Gò Vấp, TP Hồ Chí Minh",Quận Gò Vấp,Bất động sản khác,ban,https://homedy.com/ban-can-ho-quan-go-vap-tp-ho-chi-minh/tin-thatchinh-chu-ch-45m2-2-ty-025-vay-85full-ntshr-don-onguyen-thuong-hien-0794818249-es3186216,homedy.com,0,2020000000,45,2026-05-21,Sổ hồng,3186216,10.8352617,106.6740588
"Căn hộ 5 sao 49m2/2 tỷ 205 SHR,dọn ở vay 85% (2pn)MT Phạm Văn Đồng","2,2 Tỷ",49 m2,"Đường Phạm Văn Đồng - Phường 1, Quận Gò Vấp, TP Hồ Chí Minh",Quận Gò Vấp,Căn hộ,ban,https://homedy.com/ban-can-ho-quan-go-vap-tp-ho-chi-minh/5-sao-49m2-2-ty-205-shrdon-o-vay-85-2pnmt-pham-van-dong-es3165909,homedy.com,2,2200000000,49,2026-05-21,Sổ hồng,3165909,10.8352617,106.6740588
"Bán Nhà Mặt tiền 56 Phan Đình Phùng, P. Cầu Kiệu, TPHCM","17,5 Tỷ",214 m2,"Đường Phan Đình Phùng - Phường 2, Quận Phú Nhuận, TP Hồ Chí Minh",Quận Phú Nhuận,Nhà phố,ban,https://homedy.com/ban-nha-mat-pho-quan-phu-nhuan-tp-ho-chi-minh/tien-56-phan-dinh-phung-p-cau-kieu-tphcm-es3201587,homedy.com,0,17500000000,214,2026-05-21,Sổ hồng,3201587,,
"Bán villa Thảo Điền 280m², hồ bơi riêng, 4 tầng, có dòng tiền 100tr/tháng, giá 100 tỷ",95 Tỷ,280 m2,"Đường 12 - Phường Thảo Điền, Quận 2, TP Hồ Chí Minh",Quận 2,Nhà phố,ban,https://homedy.com/ban-nha-biet-thu-lien-ke-quan-2-tp-ho-chi-minh/villa-thao-dien-280m-boi-rieng-4-tang-co-dong-tien-100tr-thang-gia-100-ty-es3207056,homedy.com,0,95000000000,280,2026-05-21,Sổ hồng,3207056,10.8055603,106.7460031
"Bán nhà Nguyễn Bỉnh Khiêm Q1, 380m² sàn, có hầm + 5 lầu, HĐT 72tr/tháng, giá 43.5 tỷ","43,5 Tỷ",77 m2,"Đường Nguyễn Bỉnh Khiêm - Phường Đa Kao, Quận 1, TP Hồ Chí Minh",Quận 1,Nhà phố,ban,https://homedy.com/ban-nha-rieng-quan-1-tp-ho-chi-minh/nguyen-binh-khiem-q1-380m-san-co-ham-5-lau-hdt-72tr-thang-gia-43-ty-es3207044,homedy.com,0,43500000000,77,2026-05-21,Sổ hồng,3207044,10.7753939,106.6996249
Bán nhà riêng Quận 12 - TP Hồ Chí Minh giá 1.20 Tỷ,"1,2 Tỷ",80 m2,"Đường T25 - Phường Thạnh Xuân, Quận 12, TP Hồ Chí Minh",Quận 12,Nhà phố,ban,https://homedy.com/ban-nha-rieng-quan-12-tp-ho-chi-minh/gia-1-20-ty-es2736158,homedy.com,2,1200000000,80,2026-05-21,Sổ hồng,2736158,10.8817091,106.677315
Chính Chủ Cần Bán Gấp Căn Nhà Quận 12 đi định Cư nước ngoài,"1,45 Tỷ",40 m2,"Đường T15 - Phường An Phú Đông, Quận 12, TP Hồ Chí Minh",Quận 12,Nhà phố,ban,https://homedy.com/ban-nha-rieng-quan-12-tp-ho-chi-minh/chinh-chu-can-gap-di-dinh-cu-nuoc-ngoai-es2925677,homedy.com,2,1450000000,40,2026-05-21,Sổ hồng,2925677,10.8618441,106.6981061
Mỗi Nhà 1 Cuốn Sổ Hồng Riêng - Phường Thạnh Lộc- Đường TL44 Quận 12,"1,27 Tỷ",40 m2,"Đường Hà Huy Giáp - Phường Thạnh Lộc, Quận 12, TP Hồ Chí Minh",Quận 12,Nhà phố,ban,https://homedy.com/ban-nha-rieng-quan-12-tp-ho-chi-minh/moi-1-cuon-so-hong-phuong-thanh-loc-duong-tl44-es2299883,homedy.com,2,1270000000,40,2026-05-21,Sổ hồng,2299883,10.8731713,106.6860324
"Bán nhà KDC Park Riverside - Nhà đẹp, giá tốt","12,2 Tỷ",75 m2,"Đường Bưng Ông Thoàn, Phường Phú Hữu, Quận 9, TP Hồ Chí Minh",Quận 9,Nhà phố,ban,https://homedy.com/ban-nha-rieng-khu-dan-cu-cao-cap-park-riverside/kdc-dep-gia-tot-es3197876,homedy.com,0,12200000000,75,2026-05-21,Sổ hồng,3197876,10.807650051686746,106.80099485941616
"Bán Đất dự án Bách Khoa Q9, Lô đẹp đường rộng, giá tốt cần bán","12,56 Tỷ",182 m2,"Đường Nguyễn Duy Trinh, Phường Phú Hữu, Quận 9, TP Hồ Chí Minh",Quận 9,Đất nền,ban,https://homedy.com/ban-dat-nen-du-an-khu-dan-cu-dai-hoc-bach-khoa/q9-lo-dep-duong-rong-gia-tot-can-es3189677,homedy.com,0,12560000000,182,2026-05-21,Sổ hồng,3189677,10.7938552,106.80721399999992
Căn hộ Moonlight Park View 2PN 2WC tặng nội thất sổ hồng có hỗ trợ vay. LH 0933 654 662,4 Tỷ,68 m2,"Đường 7, Phường An Lạc A, Quận Bình Tân, TP Hồ Chí Minh",Quận Bình Tân,Căn hộ,ban,https://homedy.com/ban-can-ho-moonlight-park-view/2pn-2wc-tang-noi-that-so-hong-co-tro-vay-lh-0933-654-662-es3207006,homedy.com,2,4000000000,68,2026-05-21,Sổ hồng,3207006,10.751920779714698,106.6203658280334
chủ gấp bán giảm 300TR - tân thới nhất - 100m2 - 2 lầu - hẻm 6m nhỉnh 5 tỷ TL,"5,99 Tỷ",100 m2,"Đường Tân Thới Nhất 2 - Phường Tân Thới Nhất, Quận 12, TP Hồ Chí Minh",Quận 12,Bất động sản khác,ban,https://homedy.com/ban-nha-rieng-quan-12-tp-ho-chi-minh/chu-gap-giam-300tr-tan-thoi-nhat-100m2-2-lau-hem-6m-nhinh-5-ty-tl-es3205596,homedy.com,2,5990000000,100,2026-05-12,Sổ hồng,3205596,10.8612652,106.6642083
đông hưng thuận - quận 12 - hẻm xe hơi - NHÀ 2 LẦU - 3 phòng ngủ - 5.25 tỷ,"5,25 Tỷ",64 m2,"Đường Tô Ký - Phường Đông Hưng Thuận, Quận 12, TP Hồ Chí Minh",Quận 12,Nhà phố,ban,https://homedy.com/ban-nha-rieng-quan-12-tp-ho-chi-minh/dong-hung-thuan-hem-xe-hoi-2-lau-3-phong-ngu-5-25-ty-es3203578,homedy.com,26,5250000000,64,2026-04-28,Sổ hồng,3203578,10.8612652,106.6642083
nhà phan văn hớn - 100m2 - ngang 5 - nhà 6 lầu hẻm xe tải nhỉnh 12 đồng,"12,8 Tỷ",96 m2,"Đường Phan Văn Hớn - Phường Tân Thới Nhất, Quận 12, TP Hồ Chí Minh",Quận 12,Nhà phố,ban,https://homedy.com/ban-nha-rieng-quan-12-tp-ho-chi-minh/phan-van-hon-100m2-ngang-5-6-lau-hem-xe-tai-nhinh-dong-es3206916,homedy.com,4,12800000000,96,2026-05-20,Sổ hồng,3206916,10.8612653,106.6642083
"giảm 600tr nhà tô ngọc vân quận 12, 72m2 ngang 5m hxh giá chốt 3.7 tỷ","3,7 Tỷ",72 m2,"Đường Tô Ngọc Vân - Phường Thạnh Xuân, Quận 12, TP Hồ Chí Minh",Quận 12,Nhà phố,ban,https://homedy.com/ban-nha-rieng-quan-12-tp-ho-chi-minh/giam-600tr-to-ngoc-van-72m2-ngang-5m-hxh-gia-chot-3-7-ty-es3206971,homedy.com,0,3700000000,72,2026-05-20,Sổ hồng,3206971,10.7766343,106.69135
"Lh Phúc 0794062948 Bán gấp căn Phan Văn Trị_BThạnh chỉ 896tr/42,9m2. Shr bao sang sổ, HXH rộng rãi",896 Triệu,"42,9 m2","Đường Phan Văn Trị - Quận Bình Thạnh, TP Hồ Chí Minh",Quận Bình Thạnh,Bất động sản khác,ban,https://homedy.com/ban-nha-rieng-quan-binh-thanh-tp-ho-chi-minh/lh-phuc-0794062948-gap-can-phan-van-tri-bthanh-896tr-429m2-shr-bao-sang-so-hxh-rong-rai-es3206965,homedy.com,3,896000000,42.9,2026-05-20,Sổ hồng,3206965,10.812271,106.7040393
Bán Gấp Nhà 1/ Hẻm 12m Quang Trung Gò Vấp Chính Chủ Thương Lượng Mạnh Dạn Pháp Lý Nhanh Gọn,"11,2 Tỷ","75,6 m2","Đường Quang Trung - Phường 11, Quận Gò Vấp, TP Hồ Chí Minh",Quận Gò Vấp,Nhà phố,ban,https://homedy.com/ban-nha-rieng-quan-go-vap-tp-ho-chi-minh/gap-1-hem-12m-quang-trung-chinh-chu-thuong-luong-manh-dan-phap-ly-nhanh-gon-es3206962,homedy.com,0,11200000000,75.6,2026-05-20,Sổ hồng,3206962,10.8353538,106.6740337
"Kẹt nợ bán gấp nhà trả nợ, dt 62m2 đường Nguyễn Thị Thập, quận 7-sổ riêng, giá 980tr",980 Triệu,62 m2,"Đường Nguyễn Thị Thập - Phường Tân Hưng, Quận 7, TP Hồ Chí Minh",Quận 7,Nhà phố,ban,https://homedy.com/ban-nha-rieng-quan-7-tp-ho-chi-minh/ket-no-gap-tra-dt-62m2-duong-nguyen-thi-thap-so-gia-980tr-es3206957,homedy.com,0,980000000,62,2026-05-20,Sổ hồng,3206957,10.7305239,106.7087488
"Thanh lý thu hồi vốn hxh nhà đường Nguyễn Thị Định, Cát Lái, Thủ Đức-dt 63m2, giá 940tr-sổ riêng",940 Triệu,63 m2,"Đường Nguyễn Thị Định - Phường Cát Lái, Thành phố Thủ Đức, TP Hồ Chí Minh",Thành Phố Thủ Đức,Nhà phố,ban,https://homedy.com/ban-nha-rieng-thanh-pho-thu-duc-tp-ho-chi-minh/ly-hoi-von-hxh-duong-nguyen-thi-dinh-cat-lai-dt-63m2-gia-940tr-so-es3206956,homedy.com,3,940000000,63,2026-05-20,Sổ hồng,3206956,10.7576754,106.7891795
"Cần vốn kinh doanh bán gấp 65m2 nhà đường Phan Xích Long, Phú Nhuận-giá 2,2 tỷ-sổ hồng riêng","2,2 Tỷ",65 m2,"Đường Phan Xích Long - Quận Phú Nhuận, TP Hồ Chí Minh",Quận Phú Nhuận,Nhà phố,ban,https://homedy.com/ban-nha-rieng-quan-phu-nhuan-tp-ho-chi-minh/can-von-kinh-doanh-gap-65m2-duong-phan-xich-long-gia-22-ty-so-hong-es3206955,homedy.com,0,2200000000,65,2026-05-20,Sổ hồng,3206955,10.8010061,106.6797643
"Bán building Điện Biên Phủ Q1, hầm 6 tầng, 90 m², HĐT 150tr/th, giá 65 tỷ",65 Tỷ,90 m2,"Đường Điện Biên Phủ - Phường Đa Kao, Quận 1, TP Hồ Chí Minh",Quận 1,Bất động sản khác,ban,https://homedy.com/ban-bat-dong-san-khac-quan-1-tp-ho-chi-minh/building-dien-bien-phu-q1-ham-6-tang-90-m-hdt-150tr-th-gia-65-ty-es3206950,homedy.com,0,65000000000,90,2026-05-20,Sổ hồng,3206950,10.7753939,106.6996249
"Bán khách sạn mini Hàm Nghi Q1, 9 phòng, thu nhập 45tr/th, giá 27.5 tỷ","27,5 Tỷ",68 m2,"Đường Hàm Nghi - Phường Nguyễn Thái Bình, Quận 1, TP Hồ Chí Minh",Quận 1,Phòng/Cho thuê,ban,https://homedy.com/ban-bat-dong-san-khac-quan-1-tp-ho-chi-minh/khach-mini-ham-nghi-q1-9-phong-thu-nhap-45tr-th-gia-27-5-ty-es3206946,homedy.com,0,27500000000,68,2026-05-20,Sổ hồng,3206946,10.7672117,106.7010736
"Bán đất chính chủ,10mx20m,HXH tránh nhau 7m Thạnh Lộc 14-15 (An Phú Đông), 11.5tỷTL:0906803166","11,5 Tỷ",200 m2,"Đường Thạnh Lộc 14 - Phường An Phú Đông, Quận 12, TP Hồ Chí Minh",Quận 12,Đất nền,ban,https://homedy.com/ban-dat-quan-12-tp-ho-chi-minh/chinh-chu10mx20mhxh-tranh-nhau-7m-thanh-loc-14-15-an-phu-dong-11-5tytl0906803166-es3201740,homedy.com,0,11500000000,200,2026-05-20,Sổ hồng,3201740,10.8612653,106.6642083
"Gladia Nhà Liên Kế A6 – Một Bước Xuống Phố, Chạm Ngay Tiện Ích. Lh O932 O32 4O3","29,55 Tỷ",251 m2,"Đường Võ Chí Công - Phường Bình Trưng Đông, Quận 2, TP Hồ Chí Minh",Quận 2,Nhà phố,ban,https://homedy.com/ban-nha-biet-thu-lien-ke-quan-2-tp-ho-chi-minh/gladia-a6-mot-buoc-xuong-pho-cham-ngay-tien-ich-lh-o932-o32-4o3-es3202232,homedy.com,0,29550000000,251,2026-05-20,Sổ hồng,3202232,10.7912168,106.7619557
nhà trường chinh - đông hưng thuận quận 12 gần 60m2 HXH thông nhỉnh 3 tỷ TL,"3,5 Tỷ",57 m2,"Đường Trường Chinh - Phường Đông Hưng Thuận, Quận 12, TP Hồ Chí Minh",Quận 12,Nhà phố,ban,https://homedy.com/ban-nha-rieng-quan-12-tp-ho-chi-minh/truong-chinh-dong-hung-thuan-gan-60m2-hxh-thong-nhinh-3-ty-tl-es3206922,homedy.com,0,3500000000,57,2026-05-20,Sổ hồng,3206922,10.8612653,106.6642083
"Giải pháp gia đình nhiều con, Ven Sông, 3PN, Chỉ 7 Tỷ, SHVV, Một bước chân đến ngay trung tâm",7 Tỷ,105 m2,"Đường Nguyễn Tất Thành, Phường 18, Quận 4, TP Hồ Chí Minh",Quận 4,Bất động sản khác,ban,https://homedy.com/ban-can-ho-riva-park/giai-phap-gia-dinh-nhieu-con-ven-song-3pn-chi-7-ty-shvv-mot-buoc-chan-den-ngay-trung-tam-es3132039,homedy.com,3,7000000000,105,2026-05-20,Sổ hồng,3132039,10.755683271028202,106.7194407128586
"Bán nhà Nguyễn Ư Dĩ Thảo Điền, 86,7 m², 2 tầng, HĐT 30tr/tháng, giá 24 tỷ",24 Tỷ,"86,7 m2","Phường Thảo Điền, Quận 2, TP Hồ Chí Minh",Quận 2,Nhà phố,ban,https://homedy.com/ban-nha-rieng-quan-2-tp-ho-chi-minh/nguyen-u-di-thao-dien-867-m-tang-hdt-30tr-thang-gia-24-ty-es3206903,homedy.com,0,24000000000,86.7,2026-05-20,Sổ hồng,3206903,10.8011432,106.7351252
"Bán gấp CC 3PN + 2WC tại Empire City Thủ Thiêm, 42 tỷ (TL), 127m2, Sổ Hồng, sẵn HĐ Thuê !",42 Tỷ,127 m2,"Đường Mai Chí Thọ, Phường Thủ Thiêm, Quận 2, TP Hồ Chí Minh",Quận 2,Bất động sản khác,ban,https://homedy.com/ban-can-ho-empire-city-thu-thiem/gap-cc-3pn-2wc-tai-42-ty-tl-127m2-so-hong-san-hd-thue-es3206894,homedy.com,3,42000000000,127,2026-05-20,Sổ hồng,3206894,10.768681260661973,106.71548368144532
"Bán CHDV Lê Quang Định Bình Thạnh, 15 phòng full nội thất, 7,3m × 15m, HĐT 89tr/tháng","27,9 Tỷ",106 m2,"Đường Lê Quang Định - Phường 11, Quận Bình Thạnh, TP Hồ Chí Minh",Quận Bình Thạnh,Phòng/Cho thuê,ban,https://homedy.com/ban-bat-dong-san-khac-quan-binh-thanh-tp-ho-chi-minh/chdv-le-quang-dinh-15-phong-full-noi-that-73m-15m-hdt-89tr-thang-es3206897,homedy.com,0,27900000000,106,2026-05-20,Sổ hồng,3206897,10.767956999999999,106.6508148
"Bán nhà Nguyễn Trãi Q1, 84,1 m², nở hậu 11.7m, phù hợp xây CHDV, giá 18.5 tỷ","18,5 Tỷ",84 m2,"Đường Nguyễn Trãi - Phường Nguyễn Cư Trinh, Quận 1, TP Hồ Chí Minh",Quận 1,Nhà phố,ban,https://homedy.com/ban-nha-rieng-quan-1-tp-ho-chi-minh/nguyen-trai-q1-841-m-no-hau-11-7m-phu-hop-xay-chdv-gia-18-5-ty-es3206891,homedy.com,0,18500000000,84,2026-05-20,Sổ hồng,3206891,10.7672959,106.6847863
Bán nhà 1 trệt 2 lầu Quận 12 ngay Ngã Tư ga qua gò vấp 5 phút,"1,33 Tỷ",21 - 63 m2,"Đường Tô Ngọc Vân - Phường Thạnh Xuân, Quận 12, TP Hồ Chí Minh",Quận 12,Nhà phố,ban,https://homedy.com/ban-nha-rieng-quan-12-tp-ho-chi-minh/1-tret-2-lau-ngay-nga-tu-ga-qua-go-vap-5-phut-es3106319,homedy.com,3,1330000000,21,2026-05-20,Sổ hồng,3106319,10.865303363727095,106.67467321307632
Bán Nhà 2 Mặt Hẻm Đường Nguyễn Chí Thanh Nhỉnh 3 Tỷ,"3,36 Tỷ",18 m2,"Đường Nguyễn Chí Thanh - Phường 3, Quận 10, TP Hồ Chí Minh",Quận 10,Nhà phố,ban,https://homedy.com/ban-nha-rieng-quan-10-tp-ho-chi-minh/2-mat-hem-duong-nguyen-thanh-nhinh-3-ty-es3206868,homedy.com,0,3360000000,18,2026-05-20,Sổ hồng,3206868,10.7770084,106.6811613
Bán đất mặt tiền thuận tiện kinh doanh mua bán Suỗi Lội tại Củ Chi - TP Hồ Chí Minh giá 1.55 tỷ,"1,55 Tỷ",110 m2,"Đường Suối Lội - Xã Tân Thông Hội, Huyện Củ Chi, TP Hồ Chí Minh",Huyện Củ Chi,Đất nền,ban,https://homedy.com/ban-dat-huyen-cu-chi-tp-ho-chi-minh/mat-tien-thuan-kinh-doanh-mua-suoi-loi-tai-gia-1-55-ty-es1984119,homedy.com,0,1550000000,110,2026-05-20,Sổ hồng,1984119,10.95322,106.52553
Đất mặt tiền đường Cây Bài thuận tiện cho thuê kinh doanh quận Củ Chi - TP Hồ Chí Minh giá 1.50 tỷ,"1,5 Tỷ",121 m2,"Đường Cây Bài - Xã Phước Vĩnh An, Huyện Củ Chi, TP Hồ Chí Minh",Huyện Củ Chi,Đất nền,thue,https://homedy.com/ban-dat-huyen-cu-chi-tp-ho-chi-minh/mat-tien-duong-cay-bai-thuan-cho-thue-kinh-doanh-quan-gia-1-50-ty-es1977395,homedy.com,0,1500000000,121,2026-05-20,Sổ hồng,1977395,10.9870419,106.5245575
"Đất mặt tiền đường nhựa 12m thuận tiện cho thuê kinh doanh, Tỉnh Lộ 2,Trung Lập hạ,Củ Chi.700 triệu",700 Triệu,125 m2,"Đường Tỉnh Lộ 2 - Xã Trung Lập Hạ, Huyện Củ Chi, TP Hồ Chí Minh",Huyện Củ Chi,Đất nền,thue,https://homedy.com/ban-dat-huyen-cu-chi-tp-ho-chi-minh/mat-tien-duong-nhua-12m-thuan-cho-thue-kinh-doanh-tinh-lo-2trung-lap-hacu-700-trieu-es3193350,homedy.com,0,700000000,125,2026-05-20,Sổ hồng,3193350,11.0967072,106.5097461
"Chủ đất đầu năm đang cần vốn để mở công ty nên bán đất mặt tiền đường Lê Thị Vui,Phước Hiệp,Củ Chi",580 Triệu,140 m2,"Đường Lê Thị Vui - Xã Phước Hiệp, Huyện Củ Chi, TP Hồ Chí Minh",Huyện Củ Chi,Đất nền,ban,https://homedy.com/ban-dat-huyen-cu-chi-tp-ho-chi-minh/chu-dau-nam-dang-can-von-de-mo-cong-ty-nen-mat-tien-duong-le-thi-vuiphuoc-hiepcu-es3193111,homedy.com,0,580000000,140,2026-05-20,Sổ hồng,3193111,11.0967072,106.5097461
"Đất mặt tiền đường số 30 Tân Thông Hội,Củ Chi đang cần bán gấp Giá cực tốt 550 triệu thương lượng",550 Triệu,150 m2,"Đường Số 30 - Xã Tân Thông Hội, Huyện Củ Chi, TP Hồ Chí Minh",Huyện Củ Chi,Đất nền,ban,https://homedy.com/ban-dat-huyen-cu-chi-tp-ho-chi-minh/mat-tien-duong-so-30-tan-thong-hoicu-dang-can-gap-gia-cuc-tot-550-trieu-thuong-luong-es3193888,homedy.com,0,550000000,150,2026-05-20,Sổ hồng,3193888,11.0967072,106.5097461
"Đát mặt tiền đường Hồ Văn Tắng,Tân Phú Trung,Củ Chi, 135m2 full thổ cư, thuận tiện kinh doanh.",710 Triệu,135 m2,"Đường Hồ Văn Tắng - Xã Tân Phú Trung, Huyện Củ Chi, TP Hồ Chí Minh",Huyện Củ Chi,Bất động sản khác,ban,https://homedy.com/ban-dat-huyen-cu-chi-tp-ho-chi-minh/mat-tien-duong-van-tangtan-phu-trungcu-135m2-full-tho-thuan-kinh-doanh-es3193186,homedy.com,0,710000000,135,2026-05-20,Sổ hồng,3193186,11.0967072,106.5097461
"Chủ Giảm 100tr bán nhanh lô đất mặt 2 tiền đường Trần Tử Bình,Tân Thông Hội,Củ Chi.Giá 975 triệu",975 Triệu,180 m2,"Xã Tân Thông Hội, Huyện Củ Chi, TP Hồ Chí Minh",Huyện Củ Chi,Đất nền,ban,https://homedy.com/ban-dat-huyen-cu-chi-tp-ho-chi-minh/chu-giam-100tr-nhanh-lo-mat-2-tien-duong-tran-tu-binhtan-thong-hoicu-gia-975-trieu-es3193125,homedy.com,0,975000000,180,2026-05-20,Sổ hồng,3193125,11.0967072,106.5097461
"Đầu năm chủ lì xì 100tr bán nhanh lô đất mặt tiền đường Cao Thị Bèo,Phước Hiệp,Củ Chi. 550 triệu",550 Triệu,150 m2,"Đường Cao Thị Bèo - Xã Phước Hiệp, Huyện Củ Chi, TP Hồ Chí Minh",Huyện Củ Chi,Đất nền,ban,https://homedy.com/ban-dat-huyen-cu-chi-tp-ho-chi-minh/dau-nam-chu-li-xi-100tr-nhanh-lo-mat-tien-duong-cao-thi-beophuoc-hiepcu-550-trieu-es3193347,homedy.com,0,550000000,150,2026-05-20,Sổ hồng,3193347,11.0967072,106.5097461
"Đầu năm chủ đất lì xì 50 triệu cho lô góc 2 mặt tiền 210m2 Cực Đẹp,Nguyễn Văn Hoài,Thị Trấn Củ Chi",820 Triệu,210 m2,"Đường Nguyễn Văn Hoài - Thị trấn Củ Chi, Huyện Củ Chi, TP Hồ Chí Minh",Huyện Củ Chi,Đất nền,ban,https://homedy.com/ban-dat-huyen-cu-chi-tp-ho-chi-minh/dau-nam-chu-li-xi-50-trieu-cho-lo-goc-2-mat-tien-210m2-cuc-depnguyen-van-hoaithi-tran-es3193076,homedy.com,0,820000000,210,2026-05-20,Sổ hồng,3193076,10.4848831,107.2135356
"Kẹt Tiền Bán Gấp Nhà BThạnh, DT 35m2 Giá 1ty480, SHR","1,48 Tỷ",35 m2,"Đường Xô Viết Nghệ Tĩnh - Phường 19, Quận Bình Thạnh, TP Hồ Chí Minh",Quận Bình Thạnh,Nhà phố,ban,https://homedy.com/ban-nha-rieng-quan-binh-thanh-tp-ho-chi-minh/ket-tien-gap-bthanh-dt-35m2-gia-1ty480-shr-es3204077,homedy.com,0,1480000000,35,2026-05-03,Sổ hồng,3204077,,
"Bán gấp nhà Lương Ngọc Quyến, 1tỷ450 38m2, 1T 2L, SHR","1,45 Tỷ",38 m2,"Đường Lương Ngọc Quyến - Phường 13, Quận Bình Thạnh, TP Hồ Chí Minh",Quận Bình Thạnh,Nhà phố,ban,https://homedy.com/ban-nha-rieng-quan-binh-thanh-tp-ho-chi-minh/gap-luong-ngoc-quyen-1ty450-38m2-1t-2l-shr-es3204074,homedy.com,3,1450000000,38,2026-05-03,Sổ hồng,3204074,10.8263833,106.7061889
"Bán nhà đường Liên Khu 5-6, 2pn, 2 toilet, 1 phòng thờ, Quận Bình Tân","1,7 Tỷ",44 m2,"Đường Liên khu 5-6 - Phường Bình Hưng Hòa B, Quận Bình Tân, TP Hồ Chí Minh",Quận Bình Tân,Nhà phố,ban,https://homedy.com/ban-nha-rieng-quan-binh-tan-tp-ho-chi-minh/duong-lien-khu-5-6-2pn-2-toilet-1-phong-tho-es3202106,homedy.com,2,1700000000,44,2026-05-20,Sổ hồng,3202106,10.7704159,106.5995401
"Bán nhà mặt tiền Linh Xuân Thủ Đức, 81m2, 6,8 tỷ.","6,7 Tỷ",81 m2,"Phường Linh Xuân - Thành phố Thủ Đức, TP Hồ Chí Minh",Thành Phố Thủ Đức,Nhà phố,ban,https://homedy.com/ban-nha-mat-pho-thanh-pho-thu-duc-tp-ho-chi-minh/tien-linh-xuan-81m2-68-ty-es3206845,homedy.com,3,6700000000,81,2026-05-20,Sổ hồng,3206845,10.8642912,106.7620398
"Chủ nhà cần bán gấp nhà đường Hoàng Diệu, quận 4-giá 650tr, sổ riêng, hẻm xe hơi",650 Triệu,58 m2,"Đường Hoàng Diệu - Phường 12, Quận 4, TP Hồ Chí Minh",Quận 4,Nhà phố,ban,https://homedy.com/ban-nha-rieng-quan-4-tp-ho-chi-minh/chu-can-gap-duong-hoang-dieu-gia-650tr-so-hem-xe-hoi-es3206806,homedy.com,3,650000000,58,2026-05-19,Sổ hồng,3206806,10.8305173,106.6157456
"Li dị chia tài sản bán nhà đường Bông Sao, quận 8, dt 65m2-sổ hồng riêng- giá bán 985tr",985 Triệu,65 m2,"Đường Bông Sao - Phường 5, Quận 8, TP Hồ Chí Minh",Quận 8,Nhà phố,ban,https://homedy.com/ban-nha-rieng-quan-8-tp-ho-chi-minh/li-di-chia-tai-san-duong-bong-sao-dt-65m2-so-hong-gia-985tr-es3206805,homedy.com,0,985000000,65,2026-05-19,Sổ hồng,3206805,10.7421366,106.666184
Chính Chủ Cần Bán Nhà Gò Vấp Làm Việc Trực Tiếp Thương Lượng Tốt,"8,5 Tỷ","57,9 m2","Đường Phạm Văn Chiêu - Phường 14, Quận Gò Vấp, TP Hồ Chí Minh",Quận Gò Vấp,Nhà phố,ban,https://homedy.com/ban-nha-rieng-quan-go-vap-tp-ho-chi-minh/chinh-chu-can-lam-viec-truc-tiep-thuong-luong-tot-es3206790,homedy.com,0,8500000000,57.9,2026-05-19,Sổ hồng,3206790,10.8353538,106.6740337
"Giảm 1ty Tôi bán nhanh 3lau mặt tiền Phạm Hùng,Q8,5.5x17m,KD ngay,17ty",17 Tỷ,88 m2,"Đường Phạm Hùng - Phường 10, Quận 8, TP Hồ Chí Minh",Quận 8,Bất động sản khác,ban,https://homedy.com/ban-nha-mat-pho-quan-8-tp-ho-chi-minh/giam-1ty-toi-nhanh-3lau-tien-pham-hungq85-5x17mkd-ngay17ty-es3206794,homedy.com,0,17000000000,88,2026-05-19,Sổ hồng,3206794,10.7171219,106.6295254
"Cần bán gấp căn 1PN Carillon Tân Bình, full nội thất, gần Metro và ga T3, giá 2,69 tỷ pháp lý đủ!!!","2,69 Tỷ",35 m2,"Đường Hoàng Hoa Thám, Phường 13, Quận Tân Bình, TP Hồ Chí Minh",Quận Tân Bình,Bất động sản khác,ban,https://homedy.com/ban-can-ho-carillon-3/gap-1pn-tan-binh-full-noi-that-gan-metro-va-ga-t3-gia-269-ty-phap-ly-du-es3206217,homedy.com,1,2690000000,35,2026-05-15,Sổ đỏ,3206217,10.8051259,106.6467818
"Li dị bán gấp hxh nhà đường Sư Vạn Hạnh, quận 10-dt 68m2, sổ hồng riêng, giá bán 1,55 tỷ","1,55 Tỷ",68 m2,"Phường 10 - Quận 10, TP Hồ Chí Minh",Quận 10,Nhà phố,ban,https://homedy.com/ban-nha-rieng-quan-10-tp-ho-chi-minh/li-di-gap-hxh-duong-su-van-hanh-dt-68m2-so-hong-gia-155-ty-es3206758,homedy.com,0,1550000000,68,2026-05-19,Sổ hồng,3206758,10.7613705,106.7054859
"CẦN bán gấp đất đẹp, đường trần vân giàu, sổ hồng riêng, 110m2, giá 2 tỷ 300 Tr","2,3 Tỷ",110 m2,"Đường Trần Văn Giàu - Xã Phạm Văn Hai, Huyện Bình Chánh, TP Hồ Chí Minh",Huyện Bình Chánh,Đất nền,ban,https://homedy.com/ban-dat-huyen-binh-chanh-tp-ho-chi-minh/can-gap-dep-duong-tran-van-giau-so-hong-rieng-110m2-gia-2-ty-300-tr-es3206749,homedy.com,0,2300000000,110,2026-05-19,Sổ hồng,3206749,10.6950833,106.5909297
"Kẹt nợ bán gấp nhà trả nợ-dt 64m2 đường Nguyễn Văn Luông, quận 6-giá 875tr-sổ riêng",875 Triệu,64 m2,"Đường Nguyễn Văn Luông - Phường 12, Quận 6, TP Hồ Chí Minh",Quận 6,Nhà phố,ban,https://homedy.com/ban-nha-rieng-quan-6-tp-ho-chi-minh/ket-no-gap-tra-dt-64m2-duong-nguyen-van-luong-gia-875tr-so-es3206751,homedy.com,0,875000000,64,2026-05-19,Sổ hồng,3206751,10.7507286,106.630413
"Hiệp Thành Buildings 2 phòng ngủ lô C giá rẻ 1.7 tỷ 56-96m2, mặt tiền Lê Văn Khương","1,7 Tỷ",56 m2,"Đường Lê Văn Khương, Phường Hiệp Thành, Quận 12, TP Hồ Chí Minh",Quận 12,Phòng/Cho thuê,ban,https://homedy.com/ban-can-ho-hiep-thanh-buildings/2-phong-ngu-lo-c-gia-re-1-7-ty-56-96m2-mat-tien-le-van-khuong-es1490985,homedy.com,1,1700000000,56,2026-02-24,Sổ hồng,1490985,10.8893322,106.6452701
"Bán nhà góc 2 mặt tiền Vườn Lài, Tân Phú, 230m2, ngang 14.5m, HĐT 100tr/th, giá 42 tỷ",42 Tỷ,230 m2,"Đường Vườn Lài - Phường Tân Thành, Quận Tân Phú, TP Hồ Chí Minh",Quận Tân Phú,Nhà phố,ban,https://homedy.com/ban-nha-rieng-quan-tan-phu-tp-ho-chi-minh/goc-2-mat-tien-vuon-lai-230m2-ngang-14-5m-hdt-100tr-th-gia-42-ty-es3206725,homedy.com,0,42000000000,230,2026-05-19,Sổ hồng,3206725,10.7607702,106.6313858
"Bán nhà cấp 4 xây móng băng kiên cố mặt tiền 20m đường Số 3, Xã Hiệp Phước, Nhà Bè","5,5 Tỷ",80 m2,"Đường Số 3 - Xã Long Thới, Huyện Nhà Bè, TP Hồ Chí Minh",Huyện Nhà Bè,Nhà phố,ban,https://homedy.com/ban-nha-rieng-huyen-nha-be-tp-ho-chi-minh/cap-4-xay-mong-bang-kien-co-mat-tien-20m-duong-so-3-xa-hiep-phuoc-es3206717,homedy.com,1,5500000000,80,2026-05-19,Sổ đỏ,3206717,10.6510014,106.7258641
"Chính Chủ Cho thuê văn phòng (16-40m2) ngay Trung Tâm Triển Lãm Tân Bình, Ngã 4 Bảy Hiền.",3 - 7 Triệu/tháng,16 - 40 m2,"Đường Xuân Hồng - Phường 12, Quận Tân Bình, TP Hồ Chí Minh",Quận Tân Bình,Phòng/Cho thuê,thue,https://homedy.com/cho-thue-van-phong-quan-tan-binh-tp-ho-chi-minh/chinh-chu-16-40m2-ngay-trung-tam-trien-lam-nga-4-bay-hien-es3205923,homedy.com,0,7000000,16,2026-05-13,Sổ hồng,3205923,10.8030699,106.6522252
Cho thuê Vinhomes Central Park. Căn hộ: 1 - 2 - 3 - 4 Phòng ngủ. LH: 0908132054,18 - 55 Triệu/tháng,53 - 155 m2,"Đường Điện Biên Phủ, Phường 22, Quận Bình Thạnh, TP Hồ Chí Minh",Quận Bình Thạnh,Căn hộ,thue,https://homedy.com/cho-thue-can-ho-khu-do-thi-vinhomes-central-park/1-2-3-4-phong-ngu-lh-0908132054-es3205858,homedy.com,1,55000000,53,2026-05-13,Sổ đỏ,3205858,10.7944850921631,106.722618103027
"Cho thuê Studio 40m2, 1 PN, Full nội thất, 5tr3/tháng !!!","5,3 Triệu/tháng",40 m2,"Đường Trương Phước Phan - Phường Bình Trị Đông, Quận Bình Tân, TP Hồ Chí Minh",Quận Bình Tân,Căn hộ,thue,https://homedy.com/cho-thue-nha-tro-phong-tro-quan-binh-tan-tp-ho-chi-minh/studio-40m2-1-pn-full-noi-that-5tr3-thang-es3202452,homedy.com,1,5300000,40,2026-04-21,Sổ hồng,3202452,10.7704159,106.5995401
Cho Thuê 1PN Sunwah Pearl NTCB Giá TỐT Nhất Thị Trường,17 Triệu/tháng,55 m2,"Đường Nguyễn Hữu Cảnh, Phường 22, Quận Bình Thạnh, TP Hồ Chí Minh",Quận Bình Thạnh,Bất động sản khác,thue,https://homedy.com/cho-thue-can-ho-sunwah-pearl/1pn-ntcb-gia-tot-nhat-thi-truong-es3205686,homedy.com,0,17000000,55,2026-05-12,Sổ đỏ,3205686,10.789637639162493,106.71770721534426
"Cho thuê đất mặt tiền 178 Lê Quang Định, Bình Thạnh – Vị trí đẹp, phù hợp KD đa ngành nghề.",120 Triệu/tháng,400 m2,"Đường Lê Quang Định - Phường 14, Quận Bình Thạnh, TP Hồ Chí Minh",Quận Bình Thạnh,Đất nền,thue,https://homedy.com/cho-thue-dat-mat-tien-178-le-quang-dinh-binh-thanh-vi-tri-dep-phu-hop-kd-da-nganh-nghe-es3205659,homedy.com,0,120000000,400,2026-05-12,Sổ đỏ,3205659,10.8187622,106.7068282
"Cho thuê căn hộ Hoàng Anh Gold House, 2 phòng ngủ, nội thất, view đẹp, giá 10 triệu/tháng",10 Triệu/tháng,96 m2,"Đường Nguyễn Hữu Thọ, Xã Phước Kiển, Huyện Nhà Bè, TP Hồ Chí Minh",Huyện Nhà Bè,Căn hộ,thue,https://homedy.com/cho-thue-can-ho-hoang-anh-gold-house/2-phong-ngu-noi-that-view-dep-gia-10-trieu-thang-es3205629,homedy.com,2,10000000,96,2026-05-12,Sổ hồng,3205629,10.713727898299696,106.70466681772996
"Căn hộ chung cư mới EHome S Mizuki Park Nguyễn Văn Linh, 2PN 1PN, Ban Công, Công Viên, Từ 5triệu",5 - 7 Triệu/tháng,40 - 70 m2,"Đường Nguyễn Văn Linh, Xã Bình Hưng, Huyện Bình Chánh, TP Hồ Chí Minh",Quận Bình Chánh,Căn hộ,thue,https://homedy.com/cho-thue-can-ho-mizuki-city/chung-cu-moi-ehome-s-park-nguyen-van-linh-2pn-1pn-ban-cong-vien-tu-5trieu-es791686,homedy.com,2,7000000,40,2026-05-11,Hợp đồng mua bán,791686,10.728504,106.6920507
"Biêt Thự VALORA FuJi Nam Long, Đỗ Xuân Hợp Liên Phường, Full Nội Thất Mới, Sân Vườn, 15 Phút Về Q1",26 Triệu/tháng,263 m2,"Phường Phước Long A, Quận 9, TP Hồ Chí Minh",Quận 9,Đất nền,thue,https://homedy.com/cho-thue-nha-biet-thu-lien-ke-valora-fuji/nam-long-do-xuan-hop-phuong-full-noi-that-moi-san-vuon-15-phut-ve-q1-es1915030,homedy.com,4,26000000,263,2026-05-11,Sổ hồng,1915030,10.8063168,106.7784645
Cho thuê căn hộ Mizuki Park liền kề Q7 - TP.HCM giá 8tr-12tr/tháng 2PN2WC,8 - 12 Triệu/tháng,58 - 111 m2,"Đường Nguyễn Văn Linh, Xã Bình Hưng, Huyện Bình Chánh, TP Hồ Chí Minh",Quận Bình Chánh,Căn hộ,thue,https://homedy.com/cho-thue-can-ho-mizuki-city/park-lien-ke-q7-tp-hcm-gia-8tr-12tr-thang-2pn2wc-es1385863,homedy.com,2,12000000,58,2026-05-11,Sổ hồng,1385863,,
"Cho thuê villa Thảo Điền, gần 1000m², hồ bơi + sân vườn đẹp, 2 tầng, giá $7,000/th",184 Triệu/tháng,1000 m2,"Đường Nguyễn Văn Hưởng - Phường Thảo Điền, Quận 2, TP Hồ Chí Minh",Quận 2,Đất nền,thue,https://homedy.com/cho-thue-nha-biet-thu-lien-ke-quan-2-tp-ho-chi-minh/villa-thao-dien-gan-1000m-boi-san-vuon-dep-tang-gia-7000-th-es3205472,homedy.com,0,184000000,1000,2026-05-11,Sổ hồng,3205472,10.8160433,106.7282586
"Cho thuê tòa văn phòng Nguyễn Hữu Cảnh, 8 tầng, diện tích lớn, 450tr/tháng",450 Triệu/tháng,500 m2,"Đường Nguyễn Hữu Cảnh - Phường 25, Quận Bình Thạnh, TP Hồ Chí Minh",Quận Bình Thạnh,Phòng/Cho thuê,thue,https://homedy.com/cho-thue-van-phong-quan-binh-thanh-tp-ho-chi-minh/toa-nguyen-huu-canh-8-tang-dien-tich-lon-450tr-thang-es3205424,homedy.com,0,450000000,500,2026-05-11,Sổ hồng,3205424,10.7987615,106.7208459
D'edge Thảo Điền | Cho Thuê 2PN View Sông - Đầy Đủ Nội Thất,39 Triệu/tháng,90 m2,"Đường Nguyễn Văn Hưởng, Phường Thảo Điền, Quận 2, TP Hồ Chí Minh",Quận 2,Bất động sản khác,thue,https://homedy.com/cho-thue-can-ho-dedge-capitaland-thao-dien/2pn-view-song-day-du-noi-that-es3200176,homedy.com,0,39000000,90,2026-05-11,Sổ đỏ,3200176,10.8160433,106.7282586
"Chung cư Ngô Gia Tự, Hòa Hảo ( Q10 cũ) 80m2-2p ngủ-12tr",12 Triệu/tháng,80 m2,"Phường 2, Quận 10, TP Hồ Chí Minh",Quận 10,Căn hộ,thue,https://homedy.com/cho-thue-can-ho-chung-cu-ngo-gia-tu/hoa-hao-q10-80m2-2p-ngu-12tr-es3205354,homedy.com,0,12000000,80,2026-05-10,Sổ đỏ,3205354,10.7200745,106.728637
"C/c Kim Tâm Hải đường Trường Chinh căn 1p ngủ, nội thất,giá 6,5tr","6,5 Triệu/tháng",50 m2,"Đường Trường Chinh, Phường Tân Thới Nhất, Quận 12, TP Hồ Chí Minh",Quận 12,Bất động sản khác,thue,https://homedy.com/cho-thue-can-ho-kim-tam-hai-apartment/c-duong-truong-chinh-1p-ngu-noi-thatgia-65tr-es3205350,homedy.com,0,6500000,50,2026-05-10,Sổ đỏ,3205350,10.830249786377,106.62292480468795
"C/c Nguyễn Phúc Nguyên cho thuê căn 2p ngủ giá 12,5tr","12,5 Triệu/tháng",83 m2,"Đường Nguyễn Phúc Nguyên, Phường 10, Quận 3, TP Hồ Chí Minh",Quận 3,Bất động sản khác,thue,https://homedy.com/cho-thue-can-ho-nguyen-phuc-nguyen/c-2p-ngu-gia-125tr-es3205348,homedy.com,0,12500000,83,2026-05-10,Sổ đỏ,3205348,10.7807474136353,106.67889404296898
"Chung cư Screc, 974A Trường Sa, Q3: 2p ngủ, NTCB, 12tr, 80m2",12 Triệu/tháng,80 m2,"Đường Trường Sa, Phường 12, Quận 3, TP Hồ Chí Minh",Quận 3,Căn hộ,thue,https://homedy.com/cho-thue-can-ho-screc-tower/chung-cu-974a-truong-sa-q3-2p-ngu-ntcb-12tr-80m2-es3205338,homedy.com,0,12000000,80,2026-05-10,Sổ đỏ,3205338,10.7882342,106.68300650000003
Cho thuê nhà 3 tầng ( thoáng mát - rộng rãi - an ninh ),25 Triệu/tháng,150 m2,"Đường Cộng Hòa - Phường 4, Quận Tân Bình, TP Hồ Chí Minh",Quận Tân Bình,Nhà phố,thue,https://homedy.com/cho-thue-nha-rieng-quan-tan-binh-tp-ho-chi-minh/3-tang-thoang-mat-rong-rai-an-ninh-es3205266,homedy.com,5,25000000,150,2026-05-09,Sổ hồng,3205266,10.8124764,106.6675031
"Nhà Mặt Tiền đường Nguyễn Sơn, p Phú Thạnh cần cho thuê",160 Triệu/tháng,304 m2,"Đường Nguyễn Sơn - Phường Phú Thạnh, Quận Tân Phú, TP Hồ Chí Minh",Quận Tân Phú,Nhà phố,thue,https://homedy.com/cho-thue-nha-mat-pho-quan-tan-phu-tp-ho-chi-minh/tien-duong-nguyen-son-p-thanh-can-es3205250,homedy.com,0,160000000,304,2026-05-09,Sổ hồng,3205250,10.7607701,106.6313858
"PN Techcons,Hoa sứ, cho thuê căn 2 phòng, 90m2,nội thất, 16tr/th",16 Triệu/tháng,90 m2,"Đường Hoa Sứ, Phường 7, Quận Phú Nhuận, TP Hồ Chí Minh",Quận Phú Nhuận,Phòng/Cho thuê,thue,https://homedy.com/cho-thue-can-ho-pn-techcons/techconshoa-su-2-phong-90m2noi-that-16tr-th-es3205219,homedy.com,0,16000000,90,2026-05-09,Sổ đỏ,3205219,10.7989577,106.68889339999998
"Cho thuê phòng trọ mơi 100%, Bình Thành, Quận Bình Tân","2,7 Triệu/tháng",20 m2,"Đường Bình Thành - Phường Bình Hưng Hòa B, Quận Bình Tân, TP Hồ Chí Minh",Quận Bình Tân,Phòng/Cho thuê,thue,https://homedy.com/cho-thue-nha-tro-phong-tro-quan-binh-tan-tp-ho-chi-minh/moi-100-thanh-es3061945,homedy.com,0,2700000,20,2026-05-09,Sổ hồng,3061945,10.8140623,106.5866639
"Thật % Cho thuê căn hộ 38m2 1Pn EVErRICH Infinity Q.5, 12Triệu",12 Triệu/tháng,38 m2,"Đường An Dương Vương, Phường 4, Quận 5, TP Hồ Chí Minh",Quận 5,Căn hộ,thue,https://homedy.com/cho-thue-can-ho-the-everrich-infinity/that-38m2-1pn-q-5-12trieu-es2841282,homedy.com,1,12000000,38,2026-05-09,Sổ đỏ,2841282,10.760319622876947,106.68080497709047
"Cho thuê căn hộ Idico-khu C: 2p ngủ, 2wc, có đủ nội thất, 10,5tr/th",105 Triệu/tháng,74 m2,"Đường Lũy Bán Bích, Phường Hòa Thạnh, Quận Tân Phú, TP Hồ Chí Minh",Quận Tân Phú,Căn hộ,thue,https://homedy.com/cho-thue-can-ho-tan-phu-idico/khu-c-2p-ngu-2wc-co-du-noi-that-105tr-th-es3205053,homedy.com,0,105000000,74,2026-05-08,Sổ đỏ,3205053,10.7900517,106.62819009999998
"Cho Thuê Căn Góc 3PN 2WC, Hoàng Anh Gia Lai 2, Quận 7","10,5 Triệu/tháng",100 m2,"Phường Tân Hưng, Quận 7, TP Hồ Chí Minh",Quận 7,Bất động sản khác,thue,https://homedy.com/cho-thue-can-ho-hoang-anh-gia-lai-2/goc-3pn-2wc-quan-7-es3204884,homedy.com,3,10500000,100,2026-05-07,Sổ đỏ,3204884,10.751291,106.70238999999992
"Chung cư Screc, 974A Trường Sa, Q3: 95m2, 14 triệu, 3p ngủ",14 Triệu/tháng,95 m2,"Đường Trường Sa, Phường 12, Quận 3, TP Hồ Chí Minh",Quận 3,Căn hộ,thue,https://homedy.com/cho-thue-can-ho-screc-tower/chung-cu-974a-truong-sa-q3-95m2-14-trieu-3p-ngu-es3204861,homedy.com,0,14000000,95,2026-05-07,Sổ đỏ,3204861,10.7882342,106.68300650000003
"Căn hộ chung cư Nguyễn Phúc Nguyên 3p ngủ, 2wc giá 14,5tr/th","14,5 Triệu/tháng",105 m2,"Đường Nguyễn Phúc Nguyên, Phường 10, Quận 3, TP Hồ Chí Minh",Quận 3,Căn hộ,thue,https://homedy.com/cho-thue-can-ho-nguyen-phuc-nguyen/chung-cu-3p-ngu-2wc-gia-145tr-th-es3204842,homedy.com,0,14500000,105,2026-05-07,Hợp đồng lâu dài,3204842,10.7807474136353,106.67889404296898
"Phòng Trọ Cho Thuê Tại Quận 3 - Sạch Sẽ Thoáng Mát, Giờ Giấc Tự Do Tại Hoàng Sa",4 Triệu/tháng,30 m2,"Đường Hoàng Sa - Phường 9, Quận 3, TP Hồ Chí Minh",Quận 3,Phòng/Cho thuê,thue,https://homedy.com/cho-thue-nha-tro-phong-tro-quan-3-tp-ho-chi-minh/tai-sach-se-thoang-mat-gio-giac-tu-do-hoang-sa-es3204818,homedy.com,0,4000000,30,2026-05-07,Sổ hồng,3204818,10.7788914,106.6869967
"Cho thuê 2PN Newtown Apartment full nội thất đẹp, nhận nhà đầu tháng","11,5 Triệu/tháng",93 m2,"Đường 18, Phường Hiệp Bình Chánh, Thành phố Thủ Đức, TP Hồ Chí Minh",Thành Phố Hồ Chí Minh,Nhà phố,thue,https://homedy.com/cho-thue-can-ho-newtown-apartment/2pn-full-noi-that-dep-nhan-nha-dau-thang-es3204792,homedy.com,3,11500000,93,2026-05-07,Sổ hồng,3204792,10.824013710022,106.71964263915991
"Cho thuê căn hộ, dịch vụ, giờ giấc tự do, không chung chủ, Quận Bình Tân",3 Triệu/tháng,20 m2,"Đường Lê Trọng Tấn - Phường Bình Hưng Hòa, Quận Bình Tân, TP Hồ Chí Minh",Quận Bình Tân,Căn hộ,thue,https://homedy.com/cho-thue-can-ho-dich-vu-quan-binh-tan-tp-ho-chi-minh/gio-giac-tu-do-khong-chung-chu-es3072905,homedy.com,0,3000000,20,2026-05-07,Sổ hồng,3072905,10.813751781515505,106.60676690036615
"C/c Kim Tâm Hải ,Trường Chinh cho thuê căn 2p ngủ giá 7,5tr","7,5 Triệu/tháng",57 m2,"Đường Trường Chinh, Phường Tân Thới Nhất, Quận 12, TP Hồ Chí Minh",Quận 12,Bất động sản khác,thue,https://homedy.com/cho-thue-can-ho-kim-tam-hai-apartment/c-truong-chinh-2p-ngu-gia-75tr-es3204710,homedy.com,0,7500000,57,2026-05-06,Sổ đỏ,3204710,10.830249786377,106.62292480468795
Cho thuê căn hộ quận Bình Tân - TP Hồ Chí Minh giá 7tr - 12tr/tháng,7 - 12 Triệu/tháng,56 - 100 m2,"Đường Võ Văn Kiệt, Phường An Lạc, Quận Bình Tân, TP Hồ Chí Minh",Quận Bình Tân,Căn hộ,thue,https://homedy.com/cho-thue-can-ho-akari-city/quan-binh-tan-tp-chi-minh-gia-7tr-12tr-thang-es2015151,homedy.com,2,12000000,56,2026-05-06,Sổ đỏ,2015151,10.7262057,106.6200243
Cho thuê căn hộ Ehome trong khu Mizuki Park 7tr/tháng có nội thất,7 Triệu/tháng,50 m2,"Đường Nguyễn Văn Linh, Xã Bình Hưng, Huyện Bình Chánh, TP Hồ Chí Minh",Quận Bình Chánh,Căn hộ,thue,https://homedy.com/cho-thue-can-ho-ehomes-nam-sai-gon/ehome-trong-khu-mizuki-park-7tr-thang-co-noi-that-es2762992,homedy.com,1,7000000,50,2026-05-06,Sổ đỏ,2762992,10.724417149392298,106.6690762675812
"Cho thuê 2PN Mỹ An 73m tầng trung hướng Nam, đủ nội thất",10 Triệu/tháng,73 m2,"Đường 19, Phường Hiệp Bình Chánh, Thành phố Thủ Đức, TP Hồ Chí Minh",Quận Thủ Đức,Bất động sản khác,thue,https://homedy.com/cho-thue-can-ho-my-an-3g/2pn-73m-tang-trung-huong-nam-du-noi-that-es3204637,homedy.com,2,10000000,73,2026-05-06,Sổ hồng,3204637,10.8257026672363,106.72133636474598
Cho thuê căn hộ cao cấp The Gold View 3PN giá tốt 2026,30 Triệu/tháng,117 m2,"Đường Bến Vân Đồn, Phường 1, Quận 4, TP Hồ Chí Minh",Quận 4,Căn hộ,thue,https://homedy.com/cho-thue-can-ho-the-gold-view/cao-cap-3pn-gia-tot-2026-es3204545,homedy.com,3,30000000,117,2026-05-05,Sổ đỏ,3204545,10.756477200817445,106.6917922496799
"Giá 13tr/th, C/c Richstar Tân Phú, Hoà Bình: 67m2, ban công, 2p ngủ, Nhà mới.",13 Triệu/tháng,67 m2,"Đường Hòa Bình, Phường Hiệp Tân, Quận Tân Phú, TP Hồ Chí Minh",Quận Tân Phú,Nhà phố,thue,https://homedy.com/cho-thue-can-ho-richstar/gia-13tr-th-c-tan-phu-hoa-binh-67m2-ban-cong-2p-ngu-nha-moi-es3204468,homedy.com,2,13000000,67,2026-05-05,Sổ đỏ,3204468,10.772631963529168,106.62678552142644
"Giá 11tr/th, C/c Carillon 2, Trịnh Đình Thảo, TP, 75m2, 2PN, 2WC, Bancong.",11 Triệu/tháng,75 m2,"Đường Trịnh Đình Thảo, Phường Hòa Thạnh, Quận Tân Phú, TP Hồ Chí Minh",Quận Tân Phú,Bất động sản khác,thue,https://homedy.com/cho-thue-can-ho-carillon-2/gia-11tr-th-c-trinh-dinh-thao-tp-75m2-2pn-2wc-bancong-es3204437,homedy.com,2,11000000,75,2026-05-05,Sổ đỏ,3204437,10.775609262604412,106.634106397629
"C/c Phú Thạnh,Nguyễn Sơn, TP:110m2, 2p ngủ,2wc, 10tr/th.",10 Triệu/tháng,110 m2,"Đường Nguyễn Sơn, Phường Phú Thạnh, Quận Tân Phú, TP Hồ Chí Minh",Quận Tân Phú,Bất động sản khác,thue,https://homedy.com/cho-thue-can-ho-phu-thanh-apartment/c-thanhnguyen-son-tp110m2-2p-ngu2wc-10tr-th-es3204404,homedy.com,2,10000000,110,2026-05-05,Hợp đồng lâu dài,3204404,10.779728020559624,106.63126564025856
"Chung cư Sơn Kỳ 2, DC 13, TP: 2p ngủ, NTCB, 65m2, 8tr/th",8 Triệu/tháng,65 m2,"Đường CC5, Phường Sơn Kỳ, Quận Tân Phú, TP Hồ Chí Minh",Quận Tân Phú,Căn hộ,thue,https://homedy.com/cho-thue-can-ho-tani-building-son-ky-2/chung-cu-dc-13-tp-2p-ngu-ntcb-65m2-8tr-th-es3204284,homedy.com,2,8000000,65,2026-05-04,Sổ đỏ,3204284,10.8090653,106.60809399999994
"C/c Sơn Kì 2, ngay Aone Mall Tân Phú căn 2p ngủ 78m2 giá 8tr/th",8 Triệu/tháng,78 m2,"Đường CC5, Phường Sơn Kỳ, Quận Tân Phú, TP Hồ Chí Minh",Quận Tân Phú,Bất động sản khác,thue,https://homedy.com/cho-thue-can-ho-tani-building-son-ky-2/c-ki-ngay-aone-mall-tan-phu-2p-ngu-78m2-gia-8tr-th-es3204278,homedy.com,0,8000000,78,2026-05-04,Sổ đỏ,3204278,10.8090653,106.60809399999994
"Phú Thạnh- Nguyễn Sơn : Rộng 93m2, 2p ngủ, đủ nội thất,giá 10tr5/th","10,5 Triệu/tháng",93 m2,"Đường Nguyễn Sơn, Phường Phú Thạnh, Quận Tân Phú, TP Hồ Chí Minh",Quận Tân Phú,Bất động sản khác,thue,https://homedy.com/cho-thue-can-ho-phu-thanh-apartment/nguyen-son-rong-93m2-2p-ngu-du-noi-thatgia-10tr5-th-es3204257,homedy.com,0,10500000,93,2026-05-04,Sổ đỏ,3204257,10.779728020559624,106.63126564025856
"77m2, Căn góc, 2PN, 2WC, C/c Hoa Sen, Lạc Long Quân giá 10tr5/th.","10,5 Triệu/tháng",77 m2,"Đường Lạc Long Quân, Phường 10, Quận 11, TP Hồ Chí Minh",Quận 11,Bất động sản khác,thue,https://homedy.com/cho-thue-can-ho-khu-can-ho-hoa-sen-lotus-apartment/77m2-goc-2pn-2wc-c-lac-long-quan-gia-10tr5-th-es3204251,homedy.com,2,10500000,77,2026-05-04,Sổ đỏ,3204251,10.7589861,106.64124809999998
Cho thuê căn hộ hạng sạng - DEFINE | Full nội thất - Sân vườn riêng - Thang máy riêng,120 Triệu/tháng,220 m2,"Phường Thạnh Mỹ Lợi, Quận 2, TP Hồ Chí Minh",Quận 2,Căn hộ,thue,https://homedy.com/cho-thue-can-ho-define/hang-sang-full-noi-that-san-vuon-rieng-thang-may-es3204223,homedy.com,3,120000000,220,2026-05-04,Sổ đỏ,3204223,10.7707318,106.7702559
"C/c Ruby Garden, Nguyễn Sỹ Sách, TB: 125m2, 3PN, 3WC, Nhà sạch, Full nt, 13tr/th.",13 Triệu/tháng,125 m2,"Đường Nguyễn Sỹ Sách, Phường 15, Quận Tân Bình, TP Hồ Chí Minh",Quận Tân Bình,Nhà phố,thue,https://homedy.com/cho-thue-can-ho-ruby-garden/c-nguyen-sy-sach-tb-125m2-3pn-3wc-nha-full-nt-13tr-th-es3204192,homedy.com,3,13000000,125,2026-05-04,Sổ đỏ,3204192,10.8181822,106.63029819999996
Cho thuê căn hộ cao cấp River Panorama Quận 7 - View đẹp,"14,5 Triệu/tháng",65 m2,"Đường Đào Trí, Phường Phú Thuận, Quận 7, TP Hồ Chí Minh",Quận 7,Căn hộ,thue,https://homedy.com/cho-thue-can-ho-river-panorama/cao-cap-quan-7-view-dep-es3204189,homedy.com,2,14500000,65,2026-05-04,Sổ đỏ,3204189,10.71464471891473,106.73993704303052
Cho thuê căn 2p ngủ C/c Hoa sen- Lạc Long Quân giá 11tr/th,11 Triệu/tháng,71 m2,"Đường Lạc Long Quân, Phường 10, Quận 11, TP Hồ Chí Minh",Quận 11,Bất động sản khác,thue,https://homedy.com/cho-thue-can-ho-khu-can-ho-hoa-sen-lotus-apartment/2p-ngu-c-lac-long-quan-gia-11tr-th-es3204188,homedy.com,0,11000000,71,2026-05-04,Sổ hồng,3204188,10.7589861,106.64124809999998
"Ruby Garden, Nguyễn Sỹ Sách, 110m2, 3PN, 2WC, Nội thất, 13tr/th, CGoc",13 Triệu/tháng,130 m2,"Đường Nguyễn Sỹ Sách, Phường 15, Quận Tân Bình, TP Hồ Chí Minh",Quận Tân Bình,Bất động sản khác,thue,https://homedy.com/cho-thue-can-ho-ruby-garden/nguyen-sy-sach-110m2-3pn-2wc-noi-that-13tr-th-cgoc-es3204180,homedy.com,3,13000000,130,2026-05-04,Sổ đỏ,3204180,10.8181822,106.63029819999996
"Căn 2p ngủ C/c 8X-Trường CHinh, NTCC, giá 7,5tr/th","7,5 Triệu/tháng",55 m2,"Đường Trường Chinh, Phường Tân Thới Nhất, Quận 12, TP Hồ Chí Minh",Quận 12,Bất động sản khác,thue,https://homedy.com/cho-thue-can-ho-8x-plus/2p-ngu-c-truong-chinh-ntcc-gia-75tr-th-es3204179,homedy.com,2,7500000,55,2026-05-04,Sổ đỏ,3204179,10.7942194,106.65648039999996
"C/c Kim Hồng, Vườn Lài, TP: 68m2, 2p ngủ, 8tr/th, Nhà sạch, NT.",8 Triệu/tháng,68 m2,"Đường Vườn Lài, Phường Phú Thọ Hòa, Quận Tân Phú, TP Hồ Chí Minh",Quận Tân Phú,Nhà phố,thue,https://homedy.com/cho-thue-can-ho-fortuna-vuon-lai/c-kim-hong-tp-68m2-2p-ngu-8tr-th-nha-sach-nt-es3204171,homedy.com,2,8000000,68,2026-05-04,Sổ đỏ,3204171,10.787721881504927,106.62669110475464
"Cho thuê căn hộ mini full nội thất, giá 3,2 triệu, quận Bình Tân","3,2 Triệu/tháng",30 m2,"Đường Hồ Văn Long - Phường Bình Hưng Hòa B, Quận Bình Tân, TP Hồ Chí Minh",Quận Bình Tân,Căn hộ,thue,https://homedy.com/cho-thue-can-ho-dich-vu-quan-binh-tan-tp-ho-chi-minh/mini-full-noi-that-gia-32-trieu-es3121959,homedy.com,0,3200000,30,2026-05-04,Sổ hồng,3121959,10.818039517741475,106.59821187774412
"Chung cư Moscow, cầu Tham Lương , Q12: 2p ngủ, 60m2, 7,5tr, full NT","7,5 Triệu/tháng",60 m2,"Đường Tân Thới Nhất 17, Phường Tân Thới Nhất, Quận 12, TP Hồ Chí Minh",Quận 12,Căn hộ,thue,https://homedy.com/cho-thue-can-ho-khu-chung-cu-moscow-tower/cau-tham-luong-q12-2p-ngu-60m2-75tr-full-nt-es3204069,homedy.com,0,7500000,60,2026-05-03,Sổ đỏ,3204069,10.8228607177734,106.62487030029295
"Cho thuê Nhà nguyên căn Nguyễn Văn Khối, 4pn, 5wc, 16 triệu / tháng. Nhà hướng Đông Nam",16 - 17 Triệu/tháng,182 m2,"Đường Nguyễn Văn Khối - Phường 8, Quận Gò Vấp, TP Hồ Chí Minh",Quận Gò Vấp,Nhà phố,thue,https://homedy.com/cho-thue-nha-rieng-quan-go-vap-tp-ho-chi-minh/nguyen-can-van-khoi-4pn-5wc-16-trieu-thang-huong-dong-nam-es3203896,homedy.com,4,17000000,182,2026-05-01,Sổ hồng,3203896,10.8353538,106.6740337
Phòng Ở Ghép Khu Dân Cư Cao Cấp Gần Khu Công Nghệ Cao TP.Thủ Đức.,"1,2 Triệu/tháng",100 m2,"Đường Bưng Ông Thoàn, Phường Phú Hữu, Quận 9, TP Hồ Chí Minh",Quận 9,Phòng/Cho thuê,thue,https://homedy.com/cho-thue-nha-tro-phong-tro-khu-dan-cu-cao-cap-park-riverside/o-ghep-gan-cong-nghe-tp-thu-duc-es3021022,homedy.com,0,1200000,100,2026-04-30,Sổ đỏ,3021022,10.807650051686746,106.80099485941616
Phòng ở ghép cho nam Vinhomes Grand Park thành phố Thủ Đức.,"1,8 Triệu/tháng",68 m2,"Đường Nguyễn Xiển, Phường Long Thạnh Mỹ, Quận 9, TP Hồ Chí Minh",Quận 9,Phòng/Cho thuê,thue,https://homedy.com/cho-thue-nha-tro-phong-tro-vinhomes-grand-park/o-ghep-nam-thanh-pho-thu-duc-es3054741,homedy.com,0,1800000,68,2026-04-30,Sổ đỏ,3054741,10.840752715087312,106.83791680163564
"Cho thuê căn Penthouse Tropic Garden Thảo Điền, 4PN, 370m2, có sân vườn",105 Triệu/tháng,370 m2,"Đường 66, Phường Thảo Điền, Quận 2, TP Hồ Chí Minh",Quận 2,Đất nền,thue,https://homedy.com/cho-thue-can-ho-tropic-garden/penthouse-thao-dien-4pn-370m2-co-san-vuon-es3203769,homedy.com,4,105000000,370,2026-04-29,Sổ hồng,3203769,10.813884456365823,106.72774839401256
"Cho thuê biệt thự Thảo Điền 800m², 2 tầng, 5PN, hồ bơi riêng, $5500/th",145 Triệu/tháng,800 m2,"Phường Thảo Điền, Quận 2, TP Hồ Chí Minh",Quận 2,Nhà phố,thue,https://homedy.com/cho-thue-nha-biet-thu-lien-ke-quan-2-tp-ho-chi-minh/thao-dien-800m-tang-5pn-boi-rieng-5500-th-es3203761,homedy.com,5,145000000,800,2026-04-29,Sổ hồng,3203761,10.8160433,106.7282586
"Cho thuê căn hộ Xi Riverview Palace tầng trung, 145m2, full nội thất, 3PN","65,7 Triệu/tháng",145 m2,"Đường Thảo Điền, Phường Thảo Điền, Quận 2, TP Hồ Chí Minh",Quận 2,Căn hộ,thue,https://homedy.com/cho-thue-can-ho-xi-riverview-palace/tang-trung-145m2-full-noi-that-3pn-es3203754,homedy.com,3,65700000,145,2026-04-29,Sổ hồng,3203754,10.802910485966729,106.7276542240204
"10tr/th, C/c Screc, 55m2, 1PN, 1WC, Nội Thất, Trường Sa, Q3, Nhà mới.",10 Triệu/tháng,55 m2,"Đường Trường Sa, Phường 12, Quận 3, TP Hồ Chí Minh",Quận 3,Nhà phố,thue,https://homedy.com/cho-thue-can-ho-screc-tower/10tr-th-c-55m2-1pn-1wc-noi-that-truong-sa-q3-nha-moi-es3203606,homedy.com,1,10000000,55,2026-04-28,Sổ đỏ,3203606,10.7882342,106.68300650000003
"Chung cư Carillon 2, Trịnh Đình Thảo, TP: 2p ngủ, 75m2, nhà mới, 10tr5","10,5 Triệu/tháng",75 m2,"Đường Trịnh Đình Thảo, Phường Hòa Thạnh, Quận Tân Phú, TP Hồ Chí Minh",Quận Tân Phú,Căn hộ,thue,https://homedy.com/cho-thue-can-ho-carillon-2/chung-cu-trinh-dinh-thao-tp-2p-ngu-75m2-nha-moi-10tr5-es3203589,homedy.com,2,10500000,75,2026-04-28,Sổ đỏ,3203589,10.775609262604412,106.634106397629
D'edge Thảo Điền | Cho Thuê 2PN NTCB View Landmark Giá TỐT,31 Triệu/tháng,90 m2,"Đường Nguyễn Văn Hưởng, Phường Thảo Điền, Quận 2, TP Hồ Chí Minh",Quận 2,Bất động sản khác,thue,https://homedy.com/cho-thue-can-ho-dedge-capitaland-thao-dien/2pn-ntcb-view-landmark-gia-tot-es3200174,homedy.com,0,31000000,90,2026-04-28,Sổ đỏ,3200174,10.8160433,106.7282586
"Căn 2p ngủ rộng 76m2-C/c carilon 2- ban công, nội thất 10tr5/th","10,5 Triệu/tháng",76 m2,"Đường Trịnh Đình Thảo, Phường Hòa Thạnh, Quận Tân Phú, TP Hồ Chí Minh",Quận Tân Phú,Bất động sản khác,thue,https://homedy.com/cho-thue-can-ho-carillon-2/2p-ngu-rong-76m2-c-carilon-ban-cong-noi-that-10tr5-th-es3203567,homedy.com,0,10500000,76,2026-04-28,Sổ đỏ,3203567,10.775609262604412,106.634106397629
"Chung cư Celadon, Tân Thắng, TP: 120m2, 3p ngủ, 14tr, full NT",14 Triệu/tháng,120 m2,"Đường Tân Thắng, Phường Sơn Kỳ, Quận Tân Phú, TP Hồ Chí Minh",Quận Tân Phú,Căn hộ,thue,https://homedy.com/cho-thue-can-ho-khu-do-thi-celadon-city/chung-cu-tan-thang-tp-120m2-3p-ngu-14tr-full-nt-es3203548,homedy.com,0,14000000,120,2026-04-28,Sổ đỏ,3203548,10.8036413192749,106.61608886718795
"Ruby Garden- Nguyễn Sỹ Sách, 110m2, 3PN, 3WC, Nội thất mới, 13tr/th.",13 Triệu/tháng,120 m2,"Đường Nguyễn Sỹ Sách, Phường 15, Quận Tân Bình, TP Hồ Chí Minh",Quận Tân Bình,Bất động sản khác,thue,https://homedy.com/cho-thue-can-ho-ruby-garden/nguyen-sy-sach-110m2-3pn-3wc-noi-that-moi-13tr-th-es3203538,homedy.com,3,13000000,120,2026-04-28,Sổ đỏ,3203538,10.8181822,106.63029819999996
"C/c Carillon 2, Trịnh Đình Thảo, TP: 2p ngủ, 2WC, 70m2, 10tr5/th, NT.","1,05 Triệu/tháng",70 m2,"Đường Trịnh Đình Thảo, Phường Hòa Thạnh, Quận Tân Phú, TP Hồ Chí Minh",Quận Tân Phú,Bất động sản khác,thue,https://homedy.com/cho-thue-can-ho-carillon-2/c-trinh-dinh-thao-tp-2p-ngu-2wc-70m2-10tr5-th-nt-es3203531,homedy.com,2,1050000,70,2026-04-28,Sổ đỏ,3203531,10.775609262604412,106.634106397629
"Chung cư Ruby, Nguyễn Sỹ Sách, TP: 3p ngủ 125m2, NT đầy đủ, 13,5tr","13,5 Triệu/tháng",125 m2,"Đường Nguyễn Sỹ Sách, Phường 15, Quận Tân Bình, TP Hồ Chí Minh",Quận Tân Bình,Căn hộ,thue,https://homedy.com/cho-thue-can-ho-ruby-garden/chung-cu-nguyen-sy-sach-tp-3p-ngu-125m2-nt-day-du-135tr-es3203529,homedy.com,0,13500000,125,2026-04-28,Sổ đỏ,3203529,10.8181822,106.63029819999996
"Cho thuê nhà 57/28 Dương V Cam, 1 trêt 1 lầu, 2PN,2WC","5,5 Triệu/tháng","35,8 m2","Đường Dương Văn Cam - Phường Linh Tây, Thành phố Thủ Đức, TP Hồ Chí Minh",Thành Phố Thủ Đức,Nhà phố,thue,https://homedy.com/cho-thue-nha-rieng-thanh-pho-thu-duc-tp-ho-chi-minh/57-28-duong-v-cam-1-tret-lau-2pn2wc-es3203530,homedy.com,3,5500000,35.8,2026-04-28,Sổ hồng,3203530,10.8548596,106.7550342
"Căn 3p ngủ C/c Prosper - Phan Văn Hớn đủ nội thất, giá 11tr/th",11 Triệu/tháng,85 m2,"Đường Phan Văn Hớn, Phường Tân Thới Nhất, Quận 12, TP Hồ Chí Minh",Quận 12,Bất động sản khác,thue,https://homedy.com/cho-thue-can-ho-prosper-plaza/3p-ngu-c-phan-van-hon-du-noi-that-gia-11tr-th-es3203535,homedy.com,0,11000000,85,2026-04-28,Sổ đỏ,3203535,10.83038881105261,106.61845091051214
"C/c Richstar Tân Phú, Hoà Bình, 68m2, 2PN, WC, 13tr5/th, Nhà mới.","13,5 Triệu/tháng",68 m2,"Đường Hòa Bình, Phường Hiệp Tân, Quận Tân Phú, TP Hồ Chí Minh",Quận Tân Phú,Nhà phố,thue,https://homedy.com/cho-thue-can-ho-richstar/c-tan-phu-hoa-binh-68m2-2pn-wc-13tr5-th-nha-moi-es3203527,homedy.com,2,13500000,68,2026-04-28,Sổ đỏ,3203527,10.772631963529168,106.62678552142644
"13tr5/tháng, C/c Screc, 90m2, 2PN, 2WC, Căn góc, ngay Trường Sa, Quận 3, Nhà mới","13,5 Triệu/tháng",90 m2,"Đường Trường Sa, Phường 12, Quận 3, TP Hồ Chí Minh",Quận 3,Nhà phố,thue,https://homedy.com/cho-thue-can-ho-screc-tower/13tr5-thang-c-90m2-2pn-2wc-goc-ngay-truong-sa-quan-3-nha-moi-es3203516,homedy.com,2,13500000,90,2026-04-28,Sổ đỏ,3203516,10.7882342,106.68300650000003
"Cho thuê, share NGUYÊN phòng căn hộ chung cư cao cấp - 3,5 triệu/tháng (NAM ở) - Free GYM, Hồ bơi","3,5 Triệu/tháng",56 m2,"Đường Võ Văn Kiệt, Phường An Lạc, Quận Bình Tân, TP Hồ Chí Minh",Quận Bình Tân,Căn hộ,thue,https://homedy.com/cho-thue-can-ho-akari-city/share-nguyen-phong-chung-cu-cao-cap-35-trieu-thang-nam-o-free-gym-boi-es3191944,homedy.com,1,3500000,56,2026-04-28,Sổ đỏ,3191944,10.7234012,106.6134761
"Giá 10tr5/th, Chung cư Hoa Sen, Lạc Long Quân, Q11: 73m2, 2PN, 2WC.","10,5 Triệu/tháng",73 m2,"Đường Lạc Long Quân, Phường 10, Quận 11, TP Hồ Chí Minh",Quận 11,Căn hộ,thue,https://homedy.com/cho-thue-can-ho-khu-can-ho-hoa-sen-lotus-apartment/gia-10tr5-th-chung-cu-lac-long-quan-q11-73m2-2pn-2wc-es3203437,homedy.com,2,10500000,73,2026-04-27,Sổ đỏ,3203437,10.7589861,106.64124809999998
"Chung cư Ruby Garden, Nguyễn Sỹ Sách, Tân Bình, 87m2, 2PN, 2WC, 10tr5/th.","10,5 Triệu/tháng",87 m2,"Đường Nguyễn Sỹ Sách, Phường 15, Quận Tân Bình, TP Hồ Chí Minh",Quận Tân Bình,Căn hộ,thue,https://homedy.com/cho-thue-can-ho-ruby-garden/chung-cu-nguyen-sy-sach-tan-binh-87m2-2pn-2wc-10tr5-th-es3203423,homedy.com,2,10500000,87,2026-04-27,Sổ đỏ,3203423,10.8181822,106.63029819999996
"C/c Richstar Tân Phú, Hoà Bình: 67m2, nhà mới, ban công, 2p ngủ, 13tr, Nhà mới.",13 Triệu/tháng,67 m2,"Đường Hòa Bình, Phường Hiệp Tân, Quận Tân Phú, TP Hồ Chí Minh",Quận Tân Phú,Nhà phố,thue,https://homedy.com/cho-thue-can-ho-richstar/c-tan-phu-hoa-binh-67m2-nha-moi-ban-cong-2p-ngu-13tr-es3203419,homedy.com,2,13000000,67,2026-04-27,Sổ đỏ,3203419,10.772631963529168,106.62678552142644
Cho thuê nhà chính chủ Quận 3 - A Phong/Chị Thảo,11 Triệu/tháng,75 m2,"Phường 7 - Quận 3, TP Hồ Chí Minh",Quận 3,Nhà phố,thue,https://homedy.com/cho-thue-nha-rieng-quan-3-tp-ho-chi-minh/chinh-chu-a-phong-thao-es3202131,homedy.com,0,11000000,75,2026-04-20,Sổ hồng,3202131,10.7901958,106.688399
"Ruby Garden- Nguyễn Sỹ Sách, 120m2, 3PN, 3WC, Nội thất mới, 13tr/th.",13 Triệu/tháng,120 m2,"Đường Nguyễn Sỹ Sách, Phường 15, Quận Tân Bình, TP Hồ Chí Minh",Quận Tân Bình,Bất động sản khác,thue,https://homedy.com/cho-thue-can-ho-ruby-garden/nguyen-sy-sach-120m2-3pn-3wc-noi-that-moi-13tr-th-es3203272,homedy.com,3,13000000,120,2026-04-26,Sổ đỏ,3203272,10.8181822,106.63029819999996
"Chung cư Carillon 7, Lương Minh Nguyệt, TP: 78m2, 2pn, 1wc NT hiện đại, 13tr/th",13 Triệu/tháng,78 m2,"Đường Lương Minh Nguyệt, Phường Tân Thới Hòa, Quận Tân Phú, TP Hồ Chí Minh",Quận Tân Phú,Căn hộ,thue,https://homedy.com/cho-thue-can-ho-carillon-7/chung-cu-luong-minh-nguyet-tp-78m2-2pn-1wc-nt-hien-dai-13tr-th-es3203269,homedy.com,2,13000000,78,2026-04-26,Hợp đồng lâu dài,3203269,10.760992419670536,106.63019729080736
"Chung cư Satra Eximland,Phú Nhuận:2p ngủ,2wc, NT, 16tr/th. Nhà trống",16 Triệu/tháng,90 m2,"Phường 1, Quận Phú Nhuận, TP Hồ Chí Minh",Quận Phú Nhuận,Căn hộ,thue,https://homedy.com/cho-thue-can-ho-satra-eximland/chung-cu-eximlandphu-nhuan2p-ngu2wc-nt-16tr-th-nha-trong-es3203260,homedy.com,2,16000000,90,2026-04-26,Sổ đỏ,3203260,10.8034619,106.68961409999996
"C/c Carillon 7, Tân Thới Hoà, TP: 2p ngủ, 1wc, Nhà mới, 13tr5/th.","13,5 Triệu/tháng",67 m2,"Đường Hòa Bình, Phường Hiệp Tân, Quận Tân Phú, TP Hồ Chí Minh",Quận Tân Phú,Nhà phố,thue,https://homedy.com/cho-thue-can-ho-richstar/c-carillon-7-tan-thoi-hoa-tp-2p-ngu-1wc-nha-moi-13tr5-th-es3203239,homedy.com,2,13500000,67,2026-04-26,Sổ đỏ,3203239,10.772631963529168,106.62678552142644
"Chung cư Phú Thạnh, Thoại Ngọc Hầu, TP: 3p ngủ, 95m2, 10tr/th Nội thất",10 Triệu/tháng,95 m2,"Đường Nguyễn Sơn, Phường Phú Thạnh, Quận Tân Phú, TP Hồ Chí Minh",Quận Tân Phú,Căn hộ,thue,https://homedy.com/cho-thue-can-ho-phu-thanh-apartment/chung-cu-thoai-ngoc-hau-tp-3p-ngu-95m2-10tr-th-noi-that-es3203218,homedy.com,0,10000000,95,2026-04-26,Sổ đỏ,3203218,10.779728020559624,106.63126564025856
"Cho thuê ngắn hạn Hà Đô Centrosa Q10 2-3PN, 1.3-2tr/ngày","1,6 - 2 Triệu/tháng",86 m2,"Đường 3/2, Phường 12, Quận 10, TP Hồ Chí Minh",Quận 10,Bất động sản khác,thue,https://homedy.com/cho-thue-can-ho-khu-phuc-hop-hado-centrosa-garden/ngan-han-ha-do-q10-2-3pn-1-3-2tr-ngay-es3191421,homedy.com,2,2000000,86,2026-04-25,Sổ đỏ,3191421,10.775024733396965,106.67910188360588
Studio 1 phòng ngủ tách bếp - Trương Phước Phan - Giá 5tr3/tháng,"5,3 Triệu/tháng",40 m2,"Đường Trương Phước Phan - Phường Bình Trị Đông, Quận Bình Tân, TP Hồ Chí Minh",Quận Bình Tân,Căn hộ,thue,https://homedy.com/cho-thue-nha-tro-phong-tro-quan-binh-tan-tp-ho-chi-minh/studio-1-ngu-tach-bep-truong-phuoc-phan-gia-5tr3-thang-es3203097,homedy.com,1,5300000,40,2026-04-25,Sổ hồng,3203097,10.812271,106.7040393
"C/c Phú Thạnh,Nguyễn Sơn,Tân Phú: 90m2,2p ngủ,2wc, 11tr/th, Nội thất",11 Triệu/tháng,90 m2,"Đường Nguyễn Sơn, Phường Phú Thạnh, Quận Tân Phú, TP Hồ Chí Minh",Quận Tân Phú,Bất động sản khác,thue,https://homedy.com/cho-thue-can-ho-phu-thanh-apartment/c-thanhnguyen-sontan-90m22p-ngu2wc-11tr-th-noi-that-es3203034,homedy.com,0,11000000,90,2026-04-24,Sổ đỏ,3203034,10.779728020559624,106.63126564025856
"Chung cư Kim Hồng, Vườn Lài, TP: 68m2, 2p ngủ, 8tr5/th, Nội thất","8,5 Triệu/tháng",68 m2,"Đường Vườn Lài, Phường Phú Thọ Hòa, Quận Tân Phú, TP Hồ Chí Minh",Quận Tân Phú,Căn hộ,thue,https://homedy.com/cho-thue-can-ho-fortuna-vuon-lai/chung-cu-kim-hong-tp-68m2-2p-ngu-8tr5-th-noi-that-es3203028,homedy.com,2,8500000,68,2026-04-24,Sổ đỏ,3203028,10.787721881504927,106.62669110475464
"Chung cư Thái An 4,Nguyễn Văn Quá,Q12 căn 1p, NT, giá 6tr, Nội thất",6 Triệu/tháng,55 m2,"Đường Nguyễn Văn Quá, Phường Đông Hưng Thuận, Quận 12, TP Hồ Chí Minh",Quận 12,Căn hộ,thue,https://homedy.com/cho-thue-can-ho-thai-an-apartment/chung-cu-4nguyen-van-quaq12-1p-nt-gia-6tr-noi-that-es3202994,homedy.com,0,6000000,55,2026-04-24,Sổ đỏ,3202994,10.8420757,106.63064880000002
"Chung cư Richstar Tân Phú, Hoà Bình: 67m2, nhà mới, ban công, 2p ngủ, 13tr",13 Triệu/tháng,67 m2,"Đường Hòa Bình, Phường Hiệp Tân, Quận Tân Phú, TP Hồ Chí Minh",Quận Tân Phú,Căn hộ,thue,https://homedy.com/cho-thue-can-ho-richstar/chung-cu-tan-phu-hoa-binh-67m2-nha-moi-ban-cong-2p-ngu-13tr-es3202989,homedy.com,2,13000000,67,2026-04-24,Sổ đỏ,3202989,10.772631963529168,106.62678552142644
"Cho thuê biệt thự ven sông tại Nguyễn Văn Hưởng, 516m2, 3 tầng, 5PN","131,5 Triệu/tháng",516 m2,"Đường Nguyễn Văn Hưởng - Phường Thảo Điền, Quận 2, TP Hồ Chí Minh",Quận 2,Nhà phố,thue,https://homedy.com/cho-thue-nha-biet-thu-lien-ke-quan-2-tp-ho-chi-minh/ven-song-tai-nguyen-van-huong-516m2-3-tang-5pn-es3202957,homedy.com,5,131500000,516,2026-04-24,Sổ hồng,3202957,10.8160433,106.7282586
"Chung cư Phú Thạnh, Nguyễn Sơn, TP: 97m2, 3p ngủ, 2wc, ban công, 9tr/th",9 Triệu/tháng,97 m2,"Đường Nguyễn Sơn, Phường Phú Thạnh, Quận Tân Phú, TP Hồ Chí Minh",Quận Tân Phú,Căn hộ,thue,https://homedy.com/cho-thue-can-ho-phu-thanh-apartment/chung-cu-nguyen-son-tp-97m2-3p-ngu-2wc-ban-cong-9tr-th-es3202943,homedy.com,0,9000000,97,2026-04-24,Sổ đỏ,3202943,10.779728020559624,106.63126564025856
"Giá 7tr3/tháng, C/c Khang Gia, Phan Huy Ích, GV , 2p ngủ 75m2 Bancong","7,3 Triệu/tháng",75 m2,"Đường Phan Huy Ích, Phường 14, Quận Gò Vấp, TP Hồ Chí Minh",Quận Gò Vấp,Bất động sản khác,thue,https://homedy.com/cho-thue-can-ho-khang-gia-go-vap/7tr3-thang-c-phan-huy-ich-gv-2p-ngu-75m2-bancong-es3202940,homedy.com,2,7300000,75,2026-04-24,Sổ đỏ,3202940,10.8427569,106.6368599
"C/c Phú Thạnh, Nguyễn Sơn, TP: 3PN, 2WC 110m2, Căn góc, 10tr/th",10 Triệu/tháng,110 m2,"Đường Nguyễn Sơn, Phường Phú Thạnh, Quận Tân Phú, TP Hồ Chí Minh",Quận Tân Phú,Bất động sản khác,thue,https://homedy.com/cho-thue-can-ho-phu-thanh-apartment/c-nguyen-son-tp-3pn-2wc-110m2-goc-10tr-th-es3202834,homedy.com,3,10000000,110,2026-04-23,Sổ đỏ,3202834,10.779728020559624,106.63126564025856
"Chung cư Thái An 2, Nguyễn Văn Quá, Q12: 1p ngủ, 6tr, Nhà mới.",6 Triệu/tháng,50 m2,"Đường Nguyễn Văn Quá, Phường Đông Hưng Thuận, Quận 12, TP Hồ Chí Minh",Quận 12,Căn hộ,thue,https://homedy.com/cho-thue-can-ho-thai-an-apartment/chung-cu-2-nguyen-van-qua-q12-1p-ngu-6tr-nha-moi-es3202822,homedy.com,1,6000000,50,2026-04-23,Sổ đỏ,3202822,10.8420757,106.63064880000002
"Giá 13tr5/th, C/c Mỹ Phước, Bùi Hữu Nghĩa, BT: 3p ngủ, Full NT, 95m2","13,5 Triệu/tháng",95 m2,"Đường Bùi Hữu Nghĩa, Phường 2, Quận Bình Thạnh, TP Hồ Chí Minh",Quận Bình Thạnh,Bất động sản khác,thue,https://homedy.com/cho-thue-can-ho-my-phuoc/gia-13tr5-th-c-bui-huu-nghia-bt-3p-ngu-full-nt-95m2-es3202798,homedy.com,3,13500000,95,2026-04-23,Sổ đỏ,3202798,10.798673,106.6992689
"Chung cư Phú Thạnh, Nguyễn Sơn, TP: 95m2, 3p ngủ, full NT, 10tr/th",10 Triệu/tháng,95 m2,"Đường Nguyễn Sơn, Phường Phú Thạnh, Quận Tân Phú, TP Hồ Chí Minh",Quận Tân Phú,Căn hộ,thue,https://homedy.com/cho-thue-can-ho-phu-thanh-apartment/chung-cu-nguyen-son-tp-95m2-3p-ngu-full-nt-10tr-th-es3202779,homedy.com,3,10000000,95,2026-04-23,Sổ đỏ,3202779,10.779728020559624,106.63126564025856
"Căn 3PN, 3WC, 120m2, C/c Ruby Garden, Nguyễn Sỹ Sách, TB, 13tr5/th.","13,5 Triệu/tháng",120 m2,"Đường Nguyễn Sỹ Sách, Phường 15, Quận Tân Bình, TP Hồ Chí Minh",Quận Tân Bình,Bất động sản khác,thue,https://homedy.com/cho-thue-can-ho-ruby-garden/3pn-3wc-120m2-c-nguyen-sy-sach-tb-13tr5-th-es3202757,homedy.com,3,13500000,120,2026-04-23,Sổ đỏ,3202757,10.8181822,106.63029819999996
"C/c Phú Thạnh,Nguyễn Sơn,Tân Phú: 117m2, 3PN, 2WC, 9tr/th. Nhà trống",9 Triệu/tháng,117 m2,"Đường Nguyễn Sơn, Phường Phú Thạnh, Quận Tân Phú, TP Hồ Chí Minh",Quận Tân Phú,Nhà phố,thue,https://homedy.com/cho-thue-can-ho-phu-thanh-apartment/c-thanhnguyen-sontan-117m2-3pn-2wc-9tr-th-nha-trong-es3202753,homedy.com,3,9000000,117,2026-04-23,Sổ đỏ,3202753,10.779728020559624,106.63126564025856
"Chung cư Sơn Kì 2, Sơn Kỳ, Tân Phú, 65m2, 2PN, Nội thất, 8tr3/th, Nội thất.","8,3 Triệu/tháng",65 m2,"Đường CC5, Phường Sơn Kỳ, Quận Tân Phú, TP Hồ Chí Minh",Quận Tân Phú,Căn hộ,thue,https://homedy.com/cho-thue-can-ho-tani-building-son-ky-2/chung-cu-ki-tan-phu-65m2-2pn-noi-that-8tr3-th-es3202751,homedy.com,2,8300000.000000001,65,2026-04-23,Sổ đỏ,3202751,10.8090653,106.60809399999994
Cho thuê Shophouse 2 tầng Orchard Parkview - Chính Chủ,314 Triệu/tháng,800 m2,"Đường Hồng Hà, Phường 9, Quận Phú Nhuận, TP Hồ Chí Minh",Quận Phú Nhuận,Nhà phố,thue,https://homedy.com/cho-thue-nha-pho-thuong-mai-shophouse-orchard-parkview/2-tang-chinh-chu-es3194522,homedy.com,0,314000000,800,2026-04-23,Sổ đỏ,3194522,10.8097811,106.67258420000007
"Cho thuê Building Đinh Bộ Lĩnh, Bình Thạnh, DT sàn 1452m2, 1 hầm + 6 tầng",250 Triệu/tháng,231 m2,"Đường Đinh Bộ Lĩnh - Phường 14, Quận Bình Thạnh, TP Hồ Chí Minh",Quận Bình Thạnh,Bất động sản khác,thue,https://homedy.com/cho-thue-van-phong-quan-binh-thanh-tp-ho-chi-minh/building-dinh-bo-linh-dt-san-1452m2-1-ham-6-tang-es3202750,homedy.com,0,250000000,231,2026-04-23,Sổ hồng,3202750,10.8187623,106.7068282
"Chung cư Thái An 4, Nguyễn Văn Quá, Q12: 1p ngủ, 50m2, full NT, 6tr/th",6 Triệu/tháng,50 m2,"Đường Nguyễn Văn Quá, Phường Đông Hưng Thuận, Quận 12, TP Hồ Chí Minh",Quận 12,Căn hộ,thue,https://homedy.com/cho-thue-can-ho-thai-an-apartment/chung-cu-4-nguyen-van-qua-q12-1p-ngu-50m2-full-nt-6tr-th-es3202615,homedy.com,1,6000000,50,2026-04-22,Sổ đỏ,3202615,10.8420757,106.63064880000002
"Chung cư Phú Thạnh, Nguyễn Sơn, TP: 3p ngủ, 9tr/th, nhà trống, 95m2",9 Triệu/tháng,95 m2,"Đường Nguyễn Sơn, Phường Phú Thạnh, Quận Tân Phú, TP Hồ Chí Minh",Quận Tân Phú,Căn hộ,thue,https://homedy.com/cho-thue-can-ho-phu-thanh-apartment/chung-cu-nguyen-son-tp-3p-ngu-9tr-th-nha-trong-95m2-es3202589,homedy.com,0,9000000,95,2026-04-22,Sổ đỏ,3202589,10.779728020559624,106.63126564025856
"Chung cư Thái An, Nguyễn Văn Quá, Q12: 50m2, 1p ngủ, full NT, 6tr/th",6 Triệu/tháng,50 m2,"Đường Nguyễn Văn Quá, Phường Đông Hưng Thuận, Quận 12, TP Hồ Chí Minh",Quận 12,Căn hộ,thue,https://homedy.com/cho-thue-can-ho-thai-an-apartment/chung-cu-nguyen-van-qua-q12-50m2-1p-ngu-full-nt-6tr-th-es3202503,homedy.com,0,6000000,50,2026-04-21,Sổ đỏ,3202503,10.8420757,106.63064880000002
