source,source_group,source_id,ad_id,title,price,price_str,area,rooms,address,ward,district_id,district_name,category_id,category_name,lat,lon,image,ad_url,source_url,posted_at,scraped_at,page_fetched,price_m,price_per_m2,has_coord,is_rent
homedy,ban,homedy_3209131,3209131,"Mặt tiền Siêu Hiếm ngang 8m, Sát vách Gigamall",6950000000,"6,95 Tỷ",72.6,2,"Đường Số 26 - Phường Hiệp Bình Chánh, Thành phố Thủ Đức, TP Hồ Chí Minh",Phường Hiệp Bình Chánh,NA,Thành phố Thủ Đức,1020,Bất động sản khác,10.832252218942015,106.73099327087408,NA,https://homedy.com/ban-nha-rieng-thanh-pho-thu-duc-tp-ho-chi-minh/mat-tien-sieu-hiem-ngang-8m-sat-vach-gigamall-es3209131,https://homedy.com/ban-nha-rieng-thanh-pho-thu-duc-tp-ho-chi-minh/mat-tien-sieu-hiem-ngang-8m-sat-vach-gigamall-es3209131,2026-06-04,2026-06-07 01:13:45.361434,NA,6950,95730027.54820937,1,0
homedy,ban,homedy_3209355,3209355,"Giá tốt 610 triệu - Suối Lội 1/ Mặt tiền đường 409. Xã Củ Chi, 150m. Dân cư hiện hữu. Đã có sổ.",610000000,610 Triệu,150,0,"Đường Số 409 - Xã Phước Vĩnh An, Huyện Củ Chi, TP Hồ Chí Minh",Xã Phước Vĩnh An,NA,Huyện Củ Chi,1020,Bất động sản khác,11.0967072,106.5097461,NA,https://homedy.com/ban-dat-huyen-cu-chi-tp-ho-chi-minh/gia-tot-610-trieu-suoi-loi-1-mat-tien-duong-409-xa-150m-dan-hien-huu-da-co-so-es3209355,https://homedy.com/ban-dat-huyen-cu-chi-tp-ho-chi-minh/gia-tot-610-trieu-suoi-loi-1-mat-tien-duong-409-xa-150m-dan-hien-huu-da-co-so-es3209355,2026-06-06,2026-06-07 01:13:45.361434,NA,610,4066666.6666666665,1,0
homedy,ban,homedy_3208979,3208979,"Bán nhà MT nhựa 7m, Liên Khu 4-5, Bình Hưng Hòa B, Quận BT",6200000000,"6,2 Tỷ",60,4,"Đường Liên khu 4-5 - Phường Bình Hưng Hòa B, Quận Bình Tân, TP Hồ Chí Minh",Phường Bình Hưng Hòa B,NA,Quận Bình Tân,1020,Nhà phố,10.7703543,106.5995759,NA,https://homedy.com/ban-nha-mat-pho-quan-binh-tan-tp-ho-chi-minh/mt-nhua-7m-lien-khu-4-5-hung-hoa-b-bt-es3208979,https://homedy.com/ban-nha-mat-pho-quan-binh-tan-tp-ho-chi-minh/mt-nhua-7m-lien-khu-4-5-hung-hoa-b-bt-es3208979,2026-06-03,2026-06-07 01:13:45.361434,NA,6200,103333333.33333333,1,0
homedy,ban,homedy_3208970,3208970,Chủ bán căn 2 tỷ 1 51m2 ngay Nguyên Hồng có sổ ở liền hỗ trợ vay bank tới 80%,2100000000,"2,1 Tỷ",51,0,"Đường Nguyên Hồng - Phường 1, Quận Gò Vấp, TP Hồ Chí Minh",Phường 1,NA,Quận Gò Vấp,1020,Bất động sản khác,10.8353538,106.6740337,NA,https://homedy.com/ban-can-ho-quan-go-vap-tp-ho-chi-minh/chu-2-ty-1-51m2-ngay-nguyen-hong-co-so-o-lien-tro-vay-bank-toi-80-es3208970,https://homedy.com/ban-can-ho-quan-go-vap-tp-ho-chi-minh/chu-2-ty-1-51m2-ngay-nguyen-hong-co-so-o-lien-tro-vay-bank-toi-80-es3208970,2026-06-03,2026-06-07 01:13:45.361434,NA,2100,41176470.5882353,1,0
homedy,ban,homedy_3208908,3208908,"2 Tỷ 2 (55M2) ,Sổ trao tay ,dọn Vali ở ngay ,góp 0% lãi dài hạn , Nguyễn Văn Đậu tầng cao View góc",2200000000,"2,2 Tỷ",55,2,"Đường Nguyễn Văn Đậu - Phường 11, Quận Bình Thạnh, TP Hồ Chí Minh",Phường 11,NA,Quận Bình Thạnh,1020,Bất động sản khác,10.767956999999999,106.6508148,NA,https://homedy.com/ban-can-ho-quan-binh-thanh-tp-ho-chi-minh/2-ty-55m2-so-trao-tay-don-vali-o-ngay-gop-0-lai-dai-han-nguyen-van-dau-tang-cao-view-goc-es3208908,https://homedy.com/ban-can-ho-quan-binh-thanh-tp-ho-chi-minh/2-ty-55m2-so-trao-tay-don-vali-o-ngay-gop-0-lai-dai-han-nguyen-van-dau-tang-cao-view-goc-es3208908,2026-06-03,2026-06-07 01:13:45.361434,NA,2200,40000000,1,0
homedy,ban,homedy_3208268,3208268,"[An Phát Center] Bán CH New City Thủ Thiêm, 9,3 tỷ, 112m2, 3PN, pháp lý đầy đủ, nội thất full",9300000000,"9,3 Tỷ",110,3,"Đường Mai Chí Thọ, Phường Bình Khánh, Quận 2, TP Hồ Chí Minh",Phường Bình Khánh,NA,Thành phố Thủ Đức,1020,Bất động sản khác,10.780990657473474,106.73602113264928,NA,https://homedy.com/ban-can-ho-new-city-thu-thiem/an-phat-center-ch-93-ty-112m2-3pn-phap-ly-day-du-noi-that-full-es3208268,https://homedy.com/ban-can-ho-new-city-thu-thiem/an-phat-center-ch-93-ty-112m2-3pn-phap-ly-day-du-noi-that-full-es3208268,2026-06-06,2026-06-07 01:13:45.361434,NA,9300,84545454.54545455,1,0
homedy,ban,homedy_3207691,3207691,Bán 5 lô F0 ngay chợ Hiệp Bình. Chỉ từ 4.6 tỷ/lô,4600000000,"4,6 Tỷ",74.9,0,"Đường Tam Bình - Phường Hiệp Bình Chánh, Thành phố Thủ Đức, TP Hồ Chí Minh",Phường Hiệp Bình Chánh,NA,Thành phố Thủ Đức,1020,Bất động sản khác,10.8299994,106.7132913,NA,https://homedy.com/ban-dat-nen-du-an-thanh-pho-thu-duc-tp-ho-chi-minh/5-lo-f0-ngay-cho-hiep-binh-tu-4-6-ty-es3207691,https://homedy.com/ban-dat-nen-du-an-thanh-pho-thu-duc-tp-ho-chi-minh/5-lo-f0-ngay-cho-hiep-binh-tu-4-6-ty-es3207691,2026-05-25,2026-06-07 01:13:45.361434,NA,4600,61415220.29372496,1,0
homedy,ban,homedy_3207686,3207686,"Giỏ hàng căn hộ The Barkey - Gateway Thảo Điền, 2–3PN, nhận nhà ngay, TT 30%",17170000000.000002,"17,17 Tỷ",93,3,"Đường Xa Lộ Hà Nội, Phường Thảo Điền, Quận 2, TP Hồ Chí Minh",Phường Thảo Điền,NA,Thành phố Thủ Đức,1010,Căn hộ,10.803864585505933,106.74678662215116,NA,https://homedy.com/ban-can-ho-khu-phuc-hop-gateway-thao-dien/gio-hang-the-barkey-2-3pn-nhan-nha-ngay-tt-30-es3207686,https://homedy.com/ban-can-ho-khu-phuc-hop-gateway-thao-dien/gio-hang-the-barkey-2-3pn-nhan-nha-ngay-tt-30-es3207686,2026-05-25,2026-06-07 01:13:45.361434,NA,17170.000000000004,184623655.91397852,1,0
homedy,ban,homedy_3207693,3207693,Chính chủ Bán Nhà MẶT TIỀN lớn Đường Nam Kỳ Khởi Nghĩa DT (8m x 25m),117000000000,117 Tỷ,150.7,0,"Đường Nam Kỳ Khởi Nghĩa - Phường 8, Quận 3, TP Hồ Chí Minh",Phường 8,NA,Quận 3,1020,Nhà phố,10.7752885,106.705369,NA,https://homedy.com/ban-nha-mat-pho-quan-3-tp-ho-chi-minh/chinh-chu-tien-lon-duong-nam-ky-khoi-nghia-dt-8m-x-25m-es3207693,https://homedy.com/ban-nha-mat-pho-quan-3-tp-ho-chi-minh/chinh-chu-tien-lon-duong-nam-ky-khoi-nghia-dt-8m-x-25m-es3207693,2026-05-25,2026-06-07 01:13:45.361434,NA,117000,776376907.7637691,1,0
homedy,ban,homedy_3206375,3206375,"Chính chủ bán đất Thủ Đức, số 8 Đường 41 – 123m², mặt tiền 6.5m",9840000000,"9,84 Tỷ",123,0,"Đường 41 - Phường Linh Đông, Thành phố Thủ Đức, TP Hồ Chí Minh",Phường Linh Đông,NA,Thành phố Thủ Đức,1040,Đất nền,10.847636815227196,106.7485284805298,NA,https://homedy.com/ban-dat-thanh-pho-thu-duc-tp-ho-chi-minh/chinh-chu-so-8-duong-41-123m-mat-tien-6-5m-es3206375,https://homedy.com/ban-dat-thanh-pho-thu-duc-tp-ho-chi-minh/chinh-chu-so-8-duong-41-123m-mat-tien-6-5m-es3206375,2026-05-16,2026-06-07 01:13:45.361434,NA,9840,80000000,1,0
homedy,ban,homedy_3206378,3206378,"Chính chủ bán đất Thủ Đức, số 10 Đường 41 – 98.71m², full thổ cư",8390000000.000001,"8,39 Tỷ",98.71,0,"Đường 41 - Phường Linh Đông, Thành phố Thủ Đức, TP Hồ Chí Minh",Phường Linh Đông,NA,Thành phố Thủ Đức,1040,Đất nền,10.847636815227196,106.7485284805298,NA,https://homedy.com/ban-dat-thanh-pho-thu-duc-tp-ho-chi-minh/chinh-chu-so-10-duong-41-98-71m-full-tho-cu-es3206378,https://homedy.com/ban-dat-thanh-pho-thu-duc-tp-ho-chi-minh/chinh-chu-so-10-duong-41-98-71m-full-tho-cu-es3206378,2026-05-16,2026-06-07 01:13:45.361434,NA,8390.000000000002,84996454.25995341,1,0
homedy,ban,homedy_3209366,3209366,Hạ Giá - Bán gấp căn nhà cấp 4 ở gần chợ Sáng Tân Phú Trung 105m2 SHR giá 800tr,800000000,800 Triệu,105,2,"Đường Giồng Cát - Xã Tân Phú Trung, Huyện Củ Chi, TP Hồ Chí Minh",Xã Tân Phú Trung,NA,Huyện Củ Chi,1020,Nhà phố,11.0967072,106.5097461,NA,https://homedy.com/ban-nha-rieng-huyen-cu-chi-tp-ho-chi-minh/ha-gia-gap-can-cap-4-o-gan-cho-sang-tan-phu-trung-105m2-shr-800tr-es3209366,https://homedy.com/ban-nha-rieng-huyen-cu-chi-tp-ho-chi-minh/ha-gia-gap-can-cap-4-o-gan-cho-sang-tan-phu-trung-105m2-shr-800tr-es3209366,2026-06-06,2026-06-07 01:13:45.361434,NA,800,7619047.619047619,1,0
homedy,ban,homedy_3209365,3209365,Nhà Biệt Thự đường Lò Gốm Quận 6 diện tích hơn 700m2,120000000000,120 Tỷ,726,0,"Đường Lò Gốm - Phường 11, Quận 6, TP Hồ Chí Minh",Phường 11,NA,Quận 6,1020,Nhà phố,10.7455523,106.6476548,NA,https://homedy.com/ban-nha-mat-pho-quan-6-tp-ho-chi-minh/biet-thu-duong-lo-gom-dien-tich-hon-700m2-es3209365,https://homedy.com/ban-nha-mat-pho-quan-6-tp-ho-chi-minh/biet-thu-duong-lo-gom-dien-tich-hon-700m2-es3209365,2026-06-06,2026-06-07 01:13:45.361434,NA,120000,165289256.19834712,1,0
homedy,ban,homedy_3209360,3209360,Kẹt tiền cần bán gấp căn nhà 101m2 SHR ở gần Cầu Vượt Củ Chi giá tốt 765 triệu,765000000,765 Triệu,101,2,"Đường Nguyễn Văn Hoài - Xã Tân An Hội, Huyện Củ Chi, TP Hồ Chí Minh",Xã Tân An Hội,NA,Huyện Củ Chi,1020,Nhà phố,11.0967072,106.5097461,NA,https://homedy.com/ban-nha-rieng-huyen-cu-chi-tp-ho-chi-minh/ket-tien-can-gap-101m2-shr-o-gan-cau-vuot-gia-tot-765-trieu-es3209360,https://homedy.com/ban-nha-rieng-huyen-cu-chi-tp-ho-chi-minh/ket-tien-can-gap-101m2-shr-o-gan-cau-vuot-gia-tot-765-trieu-es3209360,2026-06-06,2026-06-07 01:13:45.361434,NA,765,7574257.425742574,1,0
homedy,ban,homedy_3208606,3208606,"Bán nhà Âu Dương Lân , phường 2 Quận 8 , 5 lầu , 6 phòng ngủ , 7wc chỉ 11,4 tỷ",11400000000,"11,4 Tỷ",46,6,"Đường Âu Dương Lân - Phường 2, Quận 8, TP Hồ Chí Minh",Phường 2,NA,Quận 8,1020,Nhà phố,10.7416082,106.6649389,NA,https://homedy.com/ban-nha-rieng-quan-8-tp-ho-chi-minh/au-duong-lan-phuong-2-5-lau-6-phong-ngu-7wc-114-ty-es3208606,https://homedy.com/ban-nha-rieng-quan-8-tp-ho-chi-minh/au-duong-lan-phuong-2-5-lau-6-phong-ngu-7wc-114-ty-es3208606,2026-05-31,2026-06-07 01:13:45.361434,NA,11400,247826086.95652175,1,0
homedy,ban,homedy_3201100,3201100,"Bán Gấp !!! nhà Chu Văn An, Bình Thạnh. DT 60m2 Giá 1 TỈ 650",1700000000,"1,6 - 1,7 Tỷ",55,0,"Đường Chu Văn An - Phường 26, Quận Bình Thạnh, TP Hồ Chí Minh",Phường 26,NA,Quận Bình Thạnh,1020,Nhà phố,10.7883675,106.6605145,NA,https://homedy.com/ban-nha-rieng-quan-binh-thanh-tp-ho-chi-minh/gap-chu-van-an-dt-60m2-gia-1-ti-650-es3201100,https://homedy.com/ban-nha-rieng-quan-binh-thanh-tp-ho-chi-minh/gap-chu-van-an-dt-60m2-gia-1-ti-650-es3201100,2026-05-03,2026-06-07 01:13:45.361434,NA,1700,30909090.90909091,1,0
homedy,ban,homedy_3201111,3201111,"Bán Nhà Gấp, Nguyễn Gia Trí, Bình Thạnh, DT 55m2, Giá 1 Tỉ 690.",1690000000,"1,69 Tỷ",60,3,"Đường Nguyễn Gia Trí - Phường 17, Quận Bình Thạnh, TP Hồ Chí Minh",Phường 17,NA,Quận Bình Thạnh,1020,Nhà phố,10.7970171,106.7031929,NA,https://homedy.com/ban-nha-rieng-quan-binh-thanh-tp-ho-chi-minh/gap-nguyen-gia-tri-dt-55m2-1-ti-690-es3201111,https://homedy.com/ban-nha-rieng-quan-binh-thanh-tp-ho-chi-minh/gap-nguyen-gia-tri-dt-55m2-1-ti-690-es3201111,2026-05-25,2026-06-07 01:13:45.361434,NA,1690,28166666.666666668,1,0
homedy,ban,homedy_3209325,3209325,"P6, Bình Thạnh - DT 64m2 BÁN GẤP giảm còn 6.7 tỷ tl",6700000000,"6,7 Tỷ",64,0,"Quận Bình Thạnh - , TP Hồ Chí Minh",Không rõ,NA,Quận Bình Thạnh,1020,Bất động sản khác,10.812271,106.7040393,NA,https://homedy.com/ban-nha-rieng-quan-binh-thanh-tp-ho-chi-minh/p6-dt-64m2-gap-giam-con-6-7-ty-tl-es3209325,https://homedy.com/ban-nha-rieng-quan-binh-thanh-tp-ho-chi-minh/p6-dt-64m2-gap-giam-con-6-7-ty-tl-es3209325,2026-06-06,2026-06-07 01:13:45.361434,NA,6700,104687500,1,0
homedy,ban,homedy_3208210,3208210,"Bán nhà Mặt tiền thụt , Tân Kỳ Tân Qúy , 330m2 , 4 lầu ngang 10x35 chỉ 19,6 tỷ lh 0398879796",19600000000,"19,6 Tỷ",330,0,"Đường Tân Kỳ Tân Quý - Phường Bình Hưng Hòa A, Quận Bình Tân, TP Hồ Chí Minh",Phường Bình Hưng Hòa A,NA,Quận Bình Tân,1020,Nhà phố,10.7703543,106.5995759,NA,https://homedy.com/ban-nha-rieng-quan-binh-tan-tp-ho-chi-minh/mat-tien-thut-ky-quy-330m2-4-lau-ngang-10x35-196-ty-lh-0398879796-es3208210,https://homedy.com/ban-nha-rieng-quan-binh-tan-tp-ho-chi-minh/mat-tien-thut-ky-quy-330m2-4-lau-ngang-10x35-196-ty-lh-0398879796-es3208210,2026-05-28,2026-06-07 01:13:45.361434,NA,19600,59393939.39393939,1,0
homedy,ban,homedy_3207800,3207800,Bán nhà kd Phan Văn Trị - Dt 75m2 - Hẻm tô tô thông. Giá nhỉnh 7 tỷ tl,7500000000,"7,5 Tỷ",75,0,"Đường Phan Văn Trị - Phường 5, Quận Gò Vấp, TP Hồ Chí Minh",Phường 5,NA,Quận Gò Vấp,1020,Nhà phố,10.8353538,106.6740337,NA,https://homedy.com/ban-nha-rieng-quan-go-vap-tp-ho-chi-minh/kd-phan-van-tri-dt-75m2-hem-to-thong-gia-nhinh-7-ty-tl-es3207800,https://homedy.com/ban-nha-rieng-quan-go-vap-tp-ho-chi-minh/kd-phan-van-tri-dt-75m2-hem-to-thong-gia-nhinh-7-ty-tl-es3207800,2026-05-25,2026-06-07 01:13:45.361434,NA,7500,100000000,1,0
homedy,ban,homedy_3208232,3208232,"Bán nhà mặt tiền kinh doanh - DT 80m2 x 3 tầng BTCT. Chỉ 13,4 tỷ tl",13400000000,"13,4 Tỷ",80,5,"Đường Nguyễn Thái Sơn - Phường 1, Quận Gò Vấp, TP Hồ Chí Minh",Phường 1,NA,Quận Gò Vấp,1020,Nhà phố,10.8353538,106.6740337,NA,https://homedy.com/ban-nha-mat-pho-quan-go-vap-tp-ho-chi-minh/tien-kinh-doanh-dt-80m2-x-3-tang-btct-134-ty-tl-es3208232,https://homedy.com/ban-nha-mat-pho-quan-go-vap-tp-ho-chi-minh/tien-kinh-doanh-dt-80m2-x-3-tang-btct-134-ty-tl-es3208232,2026-05-28,2026-06-07 01:13:45.361434,NA,13400,167500000,1,0
homedy,ban,homedy_3201119,3201119,"Bán nhà gấp, Đường Lê Văn Duyệt, Bình Thạnh, DT 55m2, Giá 1 Tỉ 700",1700000000,"1,7 Tỷ",60,2,"Đường Lê Văn Duyệt - Phường 14, Quận Bình Thạnh, TP Hồ Chí Minh",Phường 14,NA,Quận Bình Thạnh,1020,Nhà phố,10.8187623,106.7068282,NA,https://homedy.com/ban-nha-rieng-quan-binh-thanh-tp-ho-chi-minh/gap-duong-le-van-duyet-dt-55m2-gia-1-ti-700-es3201119,https://homedy.com/ban-nha-rieng-quan-binh-thanh-tp-ho-chi-minh/gap-duong-le-van-duyet-dt-55m2-gia-1-ti-700-es3201119,2026-05-25,2026-06-07 01:13:45.361434,NA,1700,28333333.333333332,1,0
homedy,ban,homedy_3206066,3206066,"Bán nhà 4x11m, Đường số 6, Bình Hưng Hòa B, Quận Bình Tân",1680000000,"1,68 Tỷ",44,2,"Đường Số 6 - Phường Bình Hưng Hòa B, Quận Bình Tân, TP Hồ Chí Minh",Phường Bình Hưng Hòa B,NA,Quận Bình Tân,1020,Nhà phố,10.7703543,106.5995759,NA,https://homedy.com/ban-nha-rieng-quan-binh-tan-tp-ho-chi-minh/4x11m-duong-so-6-hung-hoa-b-es3206066,https://homedy.com/ban-nha-rieng-quan-binh-tan-tp-ho-chi-minh/4x11m-duong-so-6-hung-hoa-b-es3206066,2026-06-02,2026-06-07 01:13:45.361434,NA,1680,38181818.18181818,1,0
homedy,ban,homedy_3209051,3209051,"Sát vách Q1, Q2. Bán nhà đẹp full nội thất vào ở ngay. Chỉ hơn 5 tỷ tl",5450000000,"5,45 Tỷ",32,2,"Đường Xô Viết Nghệ Tĩnh - Phường 21, Quận Bình Thạnh, TP Hồ Chí Minh",Phường 21,NA,Thành phố Thủ Đức,1020,Nhà phố,10.8263833,106.7061889,NA,https://homedy.com/ban-nha-rieng-quan-binh-thanh-tp-ho-chi-minh/sat-vach-q1-q2-dep-full-noi-that-vao-o-ngay-hon-5-ty-tl-es3209051,https://homedy.com/ban-nha-rieng-quan-binh-thanh-tp-ho-chi-minh/sat-vach-q1-q2-dep-full-noi-that-vao-o-ngay-hon-5-ty-tl-es3209051,2026-06-04,2026-06-07 01:13:45.361434,NA,5450,170312500,1,0
homedy,ban,homedy_3208753,3208753,"Giá đầu tư - nhà mới ở ngay, sát bên Phạm Văn Đồng, 9,7 tỷ.",9700000000,"9,7 Tỷ",59,4,"Đường Số 5 - Phường Linh Tây, Thành phố Thủ Đức, TP Hồ Chí Minh",Phường Linh Tây,NA,Thành phố Thủ Đức,1020,Nhà phố,10.8605653,106.7562481,NA,https://homedy.com/ban-nha-rieng-thanh-pho-thu-duc-tp-ho-chi-minh/gia-dau-tu-moi-o-ngay-sat-ben-pham-van-dong-97-ty-es3208753,https://homedy.com/ban-nha-rieng-thanh-pho-thu-duc-tp-ho-chi-minh/gia-dau-tu-moi-o-ngay-sat-ben-pham-van-dong-97-ty-es3208753,2026-06-02,2026-06-07 01:13:45.361434,NA,9700,164406779.66101694,1,0
homedy,ban,homedy_3208766,3208766,"Bán nhà mặt tiền KDC Bông Sao , phường 5 , Quận 8 4 lầu , 5pn , 64m2 chỉ 11,8 tỷ",11800000000,"11,8 Tỷ",64,5,"Đường 320 Bông Sao - Quận 8, TP Hồ Chí Minh",Không rõ,NA,Quận 8,1020,Nhà phố,10.7211158,106.6292079,NA,https://homedy.com/ban-nha-mat-pho-quan-8-tp-ho-chi-minh/tien-kdc-bong-sao-phuong-5-4-lau-5pn-64m2-118-ty-es3208766,https://homedy.com/ban-nha-mat-pho-quan-8-tp-ho-chi-minh/tien-kdc-bong-sao-phuong-5-4-lau-5pn-64m2-118-ty-es3208766,2026-06-02,2026-06-07 01:13:45.361434,NA,11800,184375000,1,0
homedy,ban,homedy_3208605,3208605,"Bán nhà mặt tiền Phạm Thế Hiển Quận 8, 2 lầu ,dt 120m2 làm được nhiều phòng , chỉ 12,99 tỷ",12990000000,"12,99 Tỷ",120,0,"Đường Phạm Thế Hiển - Phường 7, Quận 8, TP Hồ Chí Minh",Phường 7,NA,Quận 8,1020,Nhà phố,10.7417794,106.6662335,NA,https://homedy.com/ban-nha-mat-pho-quan-8-tp-ho-chi-minh/tien-pham-the-hien-2-lau-dt-120m2-lam-duoc-nhieu-phong-1299-ty-es3208605,https://homedy.com/ban-nha-mat-pho-quan-8-tp-ho-chi-minh/tien-pham-the-hien-2-lau-dt-120m2-lam-duoc-nhieu-phong-1299-ty-es3208605,2026-05-31,2026-06-07 01:13:45.361434,NA,12990,108250000,1,0
homedy,ban,homedy_3154043,3154043,"Bán căn hộ Jamona Heights Quận 7 3PN 2WC, full nội thất, giá 5.5 tỷ – người nước ngoài mua được",5500000000,"5,5 Tỷ",95,3,"Đường Bùi Văn Ba, Phường Phú Thuận, Quận 7, TP Hồ Chí Minh",Phường Phú Thuận,NA,Quận 7,1010,Căn hộ,10.75009201633062,106.7362869148194,NA,https://homedy.com/ban-can-ho-jamona-heights/quan-7-3pn-2wc-full-noi-that-gia-5-ty-nguoi-nuoc-ngoai-mua-duoc-es3154043,https://homedy.com/ban-can-ho-jamona-heights/quan-7-3pn-2wc-full-noi-that-gia-5-ty-nguoi-nuoc-ngoai-mua-duoc-es3154043,2026-06-05,2026-06-07 01:13:45.361434,NA,5500,57894736.84210526,1,0
homedy,ban,homedy_3206977,3206977,"Nhanh mới kịp, Ngay HUTECH - dt 4*17 - hxh. Chỉ còn 10,x tỷ tl",10500000000,"10,5 Tỷ",66,0,"Đường Điện Biên Phủ - Phường 25, Quận Bình Thạnh, TP Hồ Chí Minh",Phường 25,NA,Quận Bình Thạnh,1020,Bất động sản khác,10.7987615,106.7208459,NA,https://homedy.com/ban-nha-rieng-quan-binh-thanh-tp-ho-chi-minh/nhanh-moi-kip-ngay-hutech-dt-417-hxh-con-10x-ty-tl-es3206977,https://homedy.com/ban-nha-rieng-quan-binh-thanh-tp-ho-chi-minh/nhanh-moi-kip-ngay-hutech-dt-417-hxh-con-10x-ty-tl-es3206977,2026-06-05,2026-06-07 01:13:45.361434,NA,10500,159090909.0909091,1,0
homedy,ban,homedy_3209290,3209290,CĂN HỘ cao cấp- hiệp thành city – 102m2 - 2pn - chỉ 2.790 tỷ,2790000000,"2,79 Tỷ",102,2,"Đường Nguyễn Thị Búp - Phường Hiệp Thành, Quận 12, TP Hồ Chí Minh",Phường Hiệp Thành,NA,Quận 12,1010,Căn hộ,10.8673521,106.6259541,NA,https://homedy.com/ban-can-ho-quan-12-tp-ho-chi-minh/cao-cap-hiep-thanh-city-102m2-2pn-2-790-ty-es3209290,https://homedy.com/ban-can-ho-quan-12-tp-ho-chi-minh/cao-cap-hiep-thanh-city-102m2-2pn-2-790-ty-es3209290,2026-06-05,2026-06-07 01:13:45.361434,NA,2790,27352941.17647059,1,0
homedy,ban,homedy_3208470,3208470,"Bán nhà 4x15m, đường 7m nhựa, Liên Khu 4-5, Quận Bình Tân",6200000000,"6,2 Tỷ",60,4,"Đường Liên khu 4-5 - Phường Bình Hưng Hòa B, Quận Bình Tân, TP Hồ Chí Minh",Phường Bình Hưng Hòa B,NA,Quận Bình Tân,1020,Nhà phố,10.7703543,106.5995759,NA,https://homedy.com/ban-nha-rieng-quan-binh-tan-tp-ho-chi-minh/4x15m-duong-7m-nhua-lien-khu-4-5-es3208470,https://homedy.com/ban-nha-rieng-quan-binh-tan-tp-ho-chi-minh/4x15m-duong-7m-nhua-lien-khu-4-5-es3208470,2026-05-30,2026-06-07 01:13:45.361434,NA,6200,103333333.33333333,1,0
homedy,ban,homedy_3209277,3209277,Siêu Phẩm Bán gấp căn nhà cấp 4 ở gần chợ Việt Kiều - Củ Chi 86m2 SHR giá 790tr,790000000,790 Triệu,86,2,"Đường Số 9 - Xã Tân Thông Hội, Huyện Củ Chi, TP Hồ Chí Minh",Xã Tân Thông Hội,NA,Huyện Củ Chi,1020,Nhà phố,11.0967072,106.5097461,NA,https://homedy.com/ban-nha-rieng-huyen-cu-chi-tp-ho-chi-minh/sieu-pham-gap-can-cap-4-o-gan-cho-viet-kieu-86m2-shr-gia-790tr-es3209277,https://homedy.com/ban-nha-rieng-huyen-cu-chi-tp-ho-chi-minh/sieu-pham-gap-can-cap-4-o-gan-cho-viet-kieu-86m2-shr-gia-790tr-es3209277,2026-06-05,2026-06-07 01:13:45.361434,NA,790,9186046.511627907,1,0
homedy,ban,homedy_3209265,3209265,️ Đặng Văn Bi_Trường Thọ 4.64T_Cận ga METRO,4640000000,"4,64 Tỷ",41,2,"Đường Đặng Văn Bi - Phường Trường Thọ, Thành phố Thủ Đức, TP Hồ Chí Minh",Phường Trường Thọ,NA,Thành phố Thủ Đức,1020,Bất động sản khác,10.8510238,106.7548953,NA,https://homedy.com/ban-nha-rieng-thanh-pho-thu-duc-tp-ho-chi-minh/dang-van-bi-truong-tho-4-64t-can-ga-metro-es3209265,https://homedy.com/ban-nha-rieng-thanh-pho-thu-duc-tp-ho-chi-minh/dang-van-bi-truong-tho-4-64t-can-ga-metro-es3209265,2026-06-05,2026-06-07 01:13:45.361434,NA,4640,113170731.70731707,1,0
homedy,ban,homedy_3206556,3206556,"(P14) P. Bình Thạnh - DT 57m2 x 2 tầng BTCT vô ở ngay. Bán gấp 6,8 tỷ tl",6800000000,"6,8 Tỷ",57,3,"Đường Phan Bội Châu - Phường 14, Quận Bình Thạnh, TP Hồ Chí Minh",Phường 14,NA,Quận Bình Thạnh,1020,Bất động sản khác,10.8187622,106.7068282,NA,https://homedy.com/ban-nha-rieng-quan-binh-thanh-tp-ho-chi-minh/p14-p-dt-57m2-x-2-tang-btct-vo-o-ngay-gap-68-ty-tl-es3206556,https://homedy.com/ban-nha-rieng-quan-binh-thanh-tp-ho-chi-minh/p14-p-dt-57m2-x-2-tang-btct-vo-o-ngay-gap-68-ty-tl-es3206556,2026-05-18,2026-06-07 01:13:45.361434,NA,6800,119298245.61403508,1,0
homedy,ban,homedy_3209261,3209261,Khách thiếu tiền cần thanh lý gấp để trả nợ ngân hàng bán nhà 2 tỷ 2 khu vực Bình Thạnh,2320000000,"2,22 - 2,32 Tỷ",55,3,"Đường Mai Xuân Thưởng - Phường 11, Quận Bình Thạnh, TP Hồ Chí Minh",Phường 11,NA,Quận Bình Thạnh,1020,Nhà phố,10.767956999999999,106.6508148,NA,https://homedy.com/ban-nha-rieng-quan-binh-thanh-tp-ho-chi-minh/khach-thieu-tien-can-ly-gap-de-tra-no-ngan-hang-2-ty-khu-vuc-es3209261,https://homedy.com/ban-nha-rieng-quan-binh-thanh-tp-ho-chi-minh/khach-thieu-tien-can-ly-gap-de-tra-no-ngan-hang-2-ty-khu-vuc-es3209261,2026-06-05,2026-06-07 01:13:45.361434,NA,2320,42181818.18181818,1,0
homedy,ban,homedy_3209257,3209257,Chủ cần bán căn nhà mặt tiền công viên hiếm có tại đường Bình lợi – Bình Thạnh,14800000000,"14,8 Tỷ",60,4,"Đường Bình Lợi - Phường 13, Quận Bình Thạnh, TP Hồ Chí Minh",Phường 13,NA,Quận Bình Thạnh,1020,Nhà phố,10.8263833,106.7061889,NA,https://homedy.com/ban-nha-rieng-quan-binh-thanh-tp-ho-chi-minh/chu-can-mat-tien-cong-vien-hiem-co-tai-duong-loi-es3209257,https://homedy.com/ban-nha-rieng-quan-binh-thanh-tp-ho-chi-minh/chu-can-mat-tien-cong-vien-hiem-co-tai-duong-loi-es3209257,2026-06-05,2026-06-07 01:13:45.361434,NA,14800,246666666.66666666,1,0
homedy,ban,homedy_3209256,3209256,Cần bán gấp căn nhà cấp 4 mới keng ở 1/ Đ. Ba Sa-Phước Hiệp 125m2 SHR giá 780tr,780000000,780 Triệu,125,2,"Đường Ba Sa - Xã Phước Hiệp, Huyện Củ Chi, TP Hồ Chí Minh",Xã Phước Hiệp,NA,Huyện Củ Chi,1020,Nhà phố,11.0967072,106.5097461,NA,https://homedy.com/ban-nha-rieng-huyen-cu-chi-tp-ho-chi-minh/can-gap-cap-4-moi-keng-o-1-d-ba-sa-phuoc-hiep-125m2-shr-gia-780tr-es3209256,https://homedy.com/ban-nha-rieng-huyen-cu-chi-tp-ho-chi-minh/can-gap-cap-4-moi-keng-o-1-d-ba-sa-phuoc-hiep-125m2-shr-gia-780tr-es3209256,2026-06-05,2026-06-07 01:13:45.361434,NA,780,6240000,1,0
homedy,ban,homedy_3209255,3209255,chủ nhà thanh lý gấp nhà đẹp để định cư nước ngoài giá 2 tỷ 1 khu vực trung tâm Phú Nhuận,2100000000,"2 - 2,1 Tỷ",24,2,"Đường Phan Xích Long - Quận Phú Nhuận, TP Hồ Chí Minh",Không rõ,NA,Quận Phú Nhuận,1020,Nhà phố,10.8010061,106.6797643,NA,https://homedy.com/ban-can-ho-quan-phu-nhuan-tp-ho-chi-minh/chu-nha-thanh-ly-gap-dep-de-dinh-cu-nuoc-ngoai-gia-2-ty-1-khu-vuc-trung-tam-es3209255,https://homedy.com/ban-can-ho-quan-phu-nhuan-tp-ho-chi-minh/chu-nha-thanh-ly-gap-dep-de-dinh-cu-nuoc-ngoai-gia-2-ty-1-khu-vuc-trung-tam-es3209255,2026-06-05,2026-06-07 01:13:45.361434,NA,2100,87500000,1,0
homedy,ban,homedy_3209258,3209258,Định cư nước ngoài Cần bán nhà gấp !!! Giá rẻ bất ngờ.,1800000000,"1,8 Tỷ",60,3,"Đường Phạm Thế Hiển - Quận 8, TP Hồ Chí Minh",Không rõ,NA,Quận 8,1020,Nhà phố,10.7322583,106.6446164,NA,https://homedy.com/ban-nha-rieng-quan-8-tp-ho-chi-minh/dinh-cu-nuoc-ngoai-can-gap-gia-re-bat-ngo-es3209258,https://homedy.com/ban-nha-rieng-quan-8-tp-ho-chi-minh/dinh-cu-nuoc-ngoai-can-gap-gia-re-bat-ngo-es3209258,2026-06-05,2026-06-07 01:13:45.361434,NA,1800,30000000,1,0
homedy,ban,homedy_3209262,3209262,Cần tiền chữa bệnh cần bán gấp!!! Chỉ 1 tỷ 8 sở hữu ngay nhà đẹp,1800000000,"1,8 Tỷ",54,0,"Phường 4, Quận 8, TP Hồ Chí Minh",Phường 4,NA,Quận 8,1020,Nhà phố,10.7335583,106.6604586,NA,https://homedy.com/ban-nha-rieng-quan-8-tp-ho-chi-minh/can-tien-chua-benh-gap-1-ty-so-huu-ngay-dep-es3209262,https://homedy.com/ban-nha-rieng-quan-8-tp-ho-chi-minh/can-tien-chua-benh-gap-1-ty-so-huu-ngay-dep-es3209262,2026-06-05,2026-06-07 01:13:45.361434,NA,1800,33333333.333333332,1,0
homedy,ban,homedy_3209241,3209241,Quỹ đất lớn mặt tiền Thới An 2039m2 Quận 12 giá chỉ 120 tỉ,120000000000,120 Tỷ,2039,0,"Đường Thới An - Phường Thới An, Quận 12, TP Hồ Chí Minh",Phường Thới An,NA,Quận 12,1040,Đất nền,10.8677261,106.6395311,NA,https://homedy.com/ban-dat-quan-12-tp-ho-chi-minh/quy-lon-mat-tien-thoi-an-2039m2-gia-120-ti-es3209241,https://homedy.com/ban-dat-quan-12-tp-ho-chi-minh/quy-lon-mat-tien-thoi-an-2039m2-gia-120-ti-es3209241,2026-06-05,2026-06-07 01:13:45.361434,NA,120000,58852378.6169691,1,0
homedy,ban,homedy_3201112,3201112,"Bán nhà Trần Hữu Trang Phú Nhuận 1,8 tỷ có hẻm xe tải, sổ hoàn công đủ, không quy hoạch, lộ giới",1800000000,"1,8 Tỷ",12,0,"Đường Trần Hữu Trang - Phường 11, Quận Phú Nhuận, TP Hồ Chí Minh",Phường 11,NA,Quận Phú Nhuận,1020,Nhà phố,10.8010061,106.6797643,NA,https://homedy.com/ban-nha-rieng-quan-phu-nhuan-tp-ho-chi-minh/tran-huu-trang-18-ty-co-hem-xe-tai-so-hoan-cong-du-khong-quy-hoach-lo-gioi-es3201112,https://homedy.com/ban-nha-rieng-quan-phu-nhuan-tp-ho-chi-minh/tran-huu-trang-18-ty-co-hem-xe-tai-so-hoan-cong-du-khong-quy-hoach-lo-gioi-es3201112,2026-05-24,2026-06-07 01:13:45.361434,NA,1800,150000000,1,0
homedy,ban,homedy_3202721,3202721,"Bán đất MT Phan Văn Đối, SHR, giá 14,8 tỷ. Hóc Môn",14800000000,"14,8 Tỷ",300,0,"Đường Phan Văn Đối - Xã Bà Điểm, Huyện Hóc Môn, TP Hồ Chí Minh",Xã Bà Điểm,NA,Huyện Hóc Môn,1040,Đất nền,10.865465500000001,106.6010124,NA,https://homedy.com/ban-dat-huyen-hoc-mon-tp-ho-chi-minh/mt-phan-van-doi-shr-gia-148-ty-es3202721,https://homedy.com/ban-dat-huyen-hoc-mon-tp-ho-chi-minh/mt-phan-van-doi-shr-gia-148-ty-es3202721,2026-06-05,2026-06-07 01:13:45.361434,NA,14800,49333333.333333336,1,0
homedy,ban,homedy_3209209,3209209,Căn Hộ Nguyễn Thượng Hiền Gò Vấp – SỔ SẴN / 55m² / 2PN / Giá 2tỷ200,2200000000,"2,2 Tỷ",55,2,"Quận Gò Vấp - , TP Hồ Chí Minh",Không rõ,NA,Quận Gò Vấp,1010,Căn hộ,10.8353538,106.6740337,NA,https://homedy.com/ban-can-ho-quan-go-vap-tp-ho-chi-minh/nguyen-thuong-hien-so-san-55m-2pn-gia-2ty200-es3209209,https://homedy.com/ban-can-ho-quan-go-vap-tp-ho-chi-minh/nguyen-thuong-hien-so-san-55m-2pn-gia-2ty200-es3209209,2026-06-05,2026-06-07 01:13:45.361434,NA,2200,40000000,1,0
homedy,ban,homedy_3206693,3206693,"P26, BT - DT 44m2 x 3T BTCT. Gấp bán giảm chỉ còn 7,4 tỷ tl",7400000000,"7,4 Tỷ",44,3,"Đường Quốc Lộ 13 - Phường 26, Quận Bình Thạnh, TP Hồ Chí Minh",Phường 26,NA,Quận Bình Thạnh,1020,Bất động sản khác,10.7883675,106.6605145,NA,https://homedy.com/ban-nha-rieng-quan-binh-thanh-tp-ho-chi-minh/p26-bt-dt-44m2-x-3t-btct-gap-giam-con-74-ty-tl-es3206693,https://homedy.com/ban-nha-rieng-quan-binh-thanh-tp-ho-chi-minh/p26-bt-dt-44m2-x-3t-btct-gap-giam-con-74-ty-tl-es3206693,2026-06-02,2026-06-07 01:13:45.361434,NA,7400,168181818.1818182,1,0
homedy,ban,homedy_3209204,3209204,"Căn hộ Grand Marina Saigon, 3PN 2wc, Diện tích lớn 121m2, Căn góc, View trực diện sông, Shld",64000000000,64 Tỷ,121,3,"Phường Bến Nghé, Quận 1, TP Hồ Chí Minh",Phường Bến Nghé,NA,Quận 1,1010,Căn hộ,10.7743896,106.70628,NA,https://homedy.com/ban-can-ho-grand-marina-saigon/3pn-2wc-dien-tich-lon-121m2-goc-view-truc-song-shld-es3209204,https://homedy.com/ban-can-ho-grand-marina-saigon/3pn-2wc-dien-tich-lon-121m2-goc-view-truc-song-shld-es3209204,2026-06-05,2026-06-07 01:13:45.361434,NA,64000,528925619.8347107,1,0
homedy,ban,homedy_3197192,3197192,"Bán nhà mới 100%, vào ở liền, 2pn, 2 toilet, Quận Bình Tân",1830000000,"1,83 Tỷ",30,2,"Đường Hồ Văn Long - Phường Tân Tạo, Quận Bình Tân, TP Hồ Chí Minh",Phường Tân Tạo,NA,Quận Bình Tân,1020,Nhà phố,10.7510379,106.5918016,NA,https://homedy.com/ban-nha-rieng-quan-binh-tan-tp-ho-chi-minh/moi-100-vao-o-lien-2pn-2-toilet-es3197192,https://homedy.com/ban-nha-rieng-quan-binh-tan-tp-ho-chi-minh/moi-100-vao-o-lien-2pn-2-toilet-es3197192,2026-06-05,2026-06-07 01:13:45.361434,NA,1830,61000000,1,0
homedy,ban,homedy_3209185,3209185,"Đón đầu làn sóng phát triển, sở hữu đất nền trung tâm Củ Chi ngay hôm nay",1300000000,"1,3 Tỷ",100,0,"Đường Trung Lập - Xã Thái Mỹ, Huyện Củ Chi, TP Hồ Chí Minh",Xã Thái Mỹ,NA,Huyện Củ Chi,1040,Đất nền,11.0967072,106.5097461,NA,https://homedy.com/ban-dat-huyen-cu-chi-tp-ho-chi-minh/don-dau-lan-song-phat-trien-so-huu-nen-trung-tam-ngay-hom-nay-es3209185,https://homedy.com/ban-dat-huyen-cu-chi-tp-ho-chi-minh/don-dau-lan-song-phat-trien-so-huu-nen-trung-tam-ngay-hom-nay-es3209185,2026-06-05,2026-06-07 01:13:45.361434,NA,1300,13000000,1,0
homedy,thue,homedy_3209191,3209191,Phổ Quang - View sân bay - 50m2 giá 2 tỷ - SHR - Ở liền - có vay bank - giá cho thuê 12tr/th,2000000000,2 Tỷ,50,0,"Đường Phổ Quang - Phường 2, Quận Tân Bình, TP Hồ Chí Minh",Phường 2,NA,Quận Tân Bình,1030,Bất động sản khác,10.8125589,106.6674006,NA,https://homedy.com/ban-can-ho-quan-tan-binh-tp-ho-chi-minh/pho-quang-view-san-bay-50m2-gia-2-ty-shr-o-lien-co-vay-bank-cho-thue-12tr-th-es3209191,https://homedy.com/ban-can-ho-quan-tan-binh-tp-ho-chi-minh/pho-quang-view-san-bay-50m2-gia-2-ty-shr-o-lien-co-vay-bank-cho-thue-12tr-th-es3209191,2026-06-05,2026-06-07 01:13:45.361434,NA,2000,40000000,1,1
homedy,ban,homedy_3204857,3204857,"Bán đất THỔ CƯ, 62m2, Tỉnh Lộ 10, chợ Bà hom cũ, giá 2,550 tỷ",2550000000,"2,55 Tỷ",62,0,"Đường Hồ Văn Long - Phường Tân Tạo, Quận Bình Tân, TP Hồ Chí Minh",Phường Tân Tạo,NA,Quận Bình Tân,1040,Đất nền,10.7510379,106.5918016,NA,https://homedy.com/ban-dat-quan-binh-tan-tp-ho-chi-minh/tho-cu-62m2-tinh-lo-10-cho-ba-hom-gia-2550-ty-es3204857,https://homedy.com/ban-dat-quan-binh-tan-tp-ho-chi-minh/tho-cu-62m2-tinh-lo-10-cho-ba-hom-gia-2550-ty-es3204857,2026-06-05,2026-06-07 01:13:45.361434,NA,2550,41129032.258064516,1,0
homedy,ban,homedy_3205145,3205145,"Bán nhà đường số 6, gần trường Hoàng Văn Thụ, 4x10m, giá 1,680 tỷ, quận Bình Tân",1680000000,"1,68 Tỷ",40,2,"Đường Số 6 - Phường Bình Hưng Hòa B, Quận Bình Tân, TP Hồ Chí Minh",Phường Bình Hưng Hòa B,NA,Quận Bình Tân,1020,Nhà phố,10.7703543,106.5995759,NA,https://homedy.com/ban-nha-rieng-quan-binh-tan-tp-ho-chi-minh/duong-so-6-gan-truong-hoang-van-thu-4x10m-gia-1680-ty-es3205145,https://homedy.com/ban-nha-rieng-quan-binh-tan-tp-ho-chi-minh/duong-so-6-gan-truong-hoang-van-thu-4x10m-gia-1680-ty-es3205145,2026-05-23,2026-06-07 01:13:45.361434,NA,1680,42000000,1,0
homedy,ban,homedy_3205616,3205616,"Bán đất xây dựng liền, 62m2, SHR, Hồ Văn Long, Tân Tạo, Quận BT",2550000000,"2,55 Tỷ",62,0,"Đường Hồ Văn Long - Phường Tân Tạo, Quận Bình Tân, TP Hồ Chí Minh",Phường Tân Tạo,NA,Quận Bình Tân,1040,Đất nền,10.7510379,106.5918016,NA,https://homedy.com/ban-dat-quan-binh-tan-tp-ho-chi-minh/xay-dung-lien-62m2-shr-van-long-tao-bt-es3205616,https://homedy.com/ban-dat-quan-binh-tan-tp-ho-chi-minh/xay-dung-lien-62m2-shr-van-long-tao-bt-es3205616,2026-05-26,2026-06-07 01:13:45.361434,NA,2550,41129032.258064516,1,0
homedy,ban,homedy_3209171,3209171,Tân thới nhất 17 q12 - mặt tiền kinh doanh - 5 tầng giá 13.6 tỷ,13600000000,"13,6 Tỷ",84,6,"Đường Tân Thới Nhất 17 - Phường Đông Hưng Thuận, Quận 12, TP Hồ Chí Minh",Phường Đông Hưng Thuận,NA,Quận 12,1020,Bất động sản khác,NA,NA,NA,https://homedy.com/ban-nha-rieng-quan-12-tp-ho-chi-minh/tan-thoi-nhat-17-q12-mat-tien-kinh-doanh-5-tang-gia-13-6-ty-es3209171,https://homedy.com/ban-nha-rieng-quan-12-tp-ho-chi-minh/tan-thoi-nhat-17-q12-mat-tien-kinh-doanh-5-tang-gia-13-6-ty-es3209171,2026-06-05,2026-06-07 01:13:45.361434,NA,13600,161904761.9047619,0,0
homedy,ban,homedy_3209140,3209140,"Bán dãy trọ hẻm xe tải Linh Xuân , 152m2, giá 9 tỷ.",9000000000,9 Tỷ,159,0,"Phường Linh Xuân - Thành phố Thủ Đức, TP Hồ Chí Minh",Phường Linh Xuân - Thành phố Thủ Đức,NA,Thành phố Thủ Đức,1020,Bất động sản khác,10.8727102,106.7649932,NA,https://homedy.com/ban-nha-rieng-thanh-pho-thu-duc-tp-ho-chi-minh/day-tro-hem-xe-tai-linh-xuan-152m2-gia-9-ty-es3209140,https://homedy.com/ban-nha-rieng-thanh-pho-thu-duc-tp-ho-chi-minh/day-tro-hem-xe-tai-linh-xuan-152m2-gia-9-ty-es3209140,2026-06-04,2026-06-07 01:13:45.361434,NA,9000,56603773.58490566,1,0
homedy,ban,homedy_3209134,3209134,"Nhà mặt tiền kinh doanh Linh Xuân , 139m2, 8,4 tỷ.",8400000000,"8,4 Tỷ",139,4,"Phường Linh Xuân - Thành phố Thủ Đức, TP Hồ Chí Minh",Phường Linh Xuân - Thành phố Thủ Đức,NA,Thành phố Thủ Đức,1020,Nhà phố,10.8727102,106.7649932,NA,https://homedy.com/ban-nha-mat-pho-thanh-pho-thu-duc-tp-ho-chi-minh/tien-kinh-doanh-linh-xuan-139m2-84-ty-es3209134,https://homedy.com/ban-nha-mat-pho-thanh-pho-thu-duc-tp-ho-chi-minh/tien-kinh-doanh-linh-xuan-139m2-84-ty-es3209134,2026-06-04,2026-06-07 01:13:45.361434,NA,8400,60431654.676258996,1,0
homedy,ban,homedy_3209125,3209125,Phan văn hớn q12 - hxh- 124m2 6pn nhỉnh 6 tỷ thu 15tr/tháng,6100000000,"6,1 Tỷ",124,2,"Đường Phan Văn Hớn - Phường Đông Hưng Thuận, Quận 12, TP Hồ Chí Minh",Phường Đông Hưng Thuận,NA,Quận 12,1020,Bất động sản khác,NA,NA,NA,https://homedy.com/ban-nha-rieng-quan-12-tp-ho-chi-minh/phan-van-hon-q12-hxh-124m2-6pn-nhinh-6-ty-thu-15tr-thang-es3209125,https://homedy.com/ban-nha-rieng-quan-12-tp-ho-chi-minh/phan-van-hon-q12-hxh-124m2-6pn-nhinh-6-ty-thu-15tr-thang-es3209125,2026-06-04,2026-06-07 01:13:45.361434,NA,6100,49193548.38709678,0,0
homedy,ban,homedy_3209128,3209128,"Bán Lô đất hiếm, đẹp Trường Thọ Thủ Đức, giá 8,2 tỷ",8199999999.999999,"8,2 Tỷ",85,0,"Phường Trường Thọ - Thành phố Thủ Đức, TP Hồ Chí Minh",Phường Trường Thọ - Thành phố Thủ Đức,NA,Thành phố Thủ Đức,1040,Đất nền,10.8510238,106.7548953,NA,https://homedy.com/ban-dat-thanh-pho-thu-duc-tp-ho-chi-minh/lo-hiem-dep-truong-tho-gia-82-ty-es3209128,https://homedy.com/ban-dat-thanh-pho-thu-duc-tp-ho-chi-minh/lo-hiem-dep-truong-tho-gia-82-ty-es3209128,2026-06-04,2026-06-07 01:13:45.361434,NA,8199.999999999998,96470588.2352941,1,0
homedy,ban,homedy_3209118,3209118,"Bán nhà mặt tiền Linh Trung gần Hoàng Diệu 2, 6,5 tỷ .",6500000000,"6,5 Tỷ",52,3,"Phường Linh Trung - Thành phố Thủ Đức, TP Hồ Chí Minh",Phường Linh Trung - Thành phố Thủ Đức,NA,Thành phố Thủ Đức,1020,Nhà phố,10.8646624,106.7619536,NA,https://homedy.com/ban-nha-mat-pho-thanh-pho-thu-duc-tp-ho-chi-minh/tien-linh-trung-gan-hoang-dieu-2-65-ty-es3209118,https://homedy.com/ban-nha-mat-pho-thanh-pho-thu-duc-tp-ho-chi-minh/tien-linh-trung-gan-hoang-dieu-2-65-ty-es3209118,2026-06-04,2026-06-07 01:13:45.361434,NA,6500,125000000,1,0
homedy,ban,homedy_3183271,3183271,"Nhà quận 10 hoà hảo ngang 4,3m dài 12m trệt lững lầu btct hoàn công đủ",9000000000,9 Tỷ,46,2,"Đường Hòa Hảo - Phường 14, Quận 10, TP Hồ Chí Minh",Phường 14,NA,Quận 10,1020,Nhà phố,NA,NA,NA,https://homedy.com/ban-nha-rieng-quan-10-tp-ho-chi-minh/hoa-hao-ngang-43m-dai-12m-tret-lung-lau-btct-hoan-cong-du-es3183271,https://homedy.com/ban-nha-rieng-quan-10-tp-ho-chi-minh/hoa-hao-ngang-43m-dai-12m-tret-lung-lau-btct-hoan-cong-du-es3183271,2026-06-04,2026-06-07 01:13:45.361434,NA,9000,195652173.91304347,0,0
homedy,ban,homedy_3209096,3209096,"Bán nhà Quận Tân Bình giá dưới 2,85 tỷ Cách Mạng Tháng 8 trệt lầu.",2850000000,"2,85 Tỷ",21,1,"Đường Cách Mạng Tháng Tám - Phường 5, Quận Tân Bình, TP Hồ Chí Minh",Phường 5,NA,Quận Tân Bình,1020,Nhà phố,10.8030699,106.6522252,NA,https://homedy.com/ban-nha-rieng-quan-tan-binh-tp-ho-chi-minh/gia-duoi-285-ty-cach-mang-thang-8-tret-lau-es3209096,https://homedy.com/ban-nha-rieng-quan-tan-binh-tp-ho-chi-minh/gia-duoi-285-ty-cach-mang-thang-8-tret-lau-es3209096,2026-06-04,2026-06-07 01:13:45.361434,NA,2850,135714285.7142857,1,0
homedy,ban,homedy_3209093,3209093,"Khu biệt thự Bình Lợi, Nhà Mặt tiền ngang 5m dài 20m",22000000000,22 Tỷ,101,0,"Đường Bình Lợi - Phường 13, Quận Bình Thạnh, TP Hồ Chí Minh",Phường 13,NA,Quận Bình Thạnh,1020,Nhà phố,10.8263833,106.7061889,NA,https://homedy.com/ban-nha-rieng-quan-binh-thanh-tp-ho-chi-minh/khu-biet-thu-loi-mat-tien-ngang-5m-dai-20m-es3209093,https://homedy.com/ban-nha-rieng-quan-binh-thanh-tp-ho-chi-minh/khu-biet-thu-loi-mat-tien-ngang-5m-dai-20m-es3209093,2026-06-04,2026-06-07 01:13:45.361434,NA,22000,217821782.17821783,1,0
homedy,ban,homedy_3181520,3181520,"CH mẫu mới 2026 ,55m2/2tỷ 5full NT,Sổ Hồng-dọn ở ,Gần Sân Bay .Mới Tinh 0794-818-249",2500000000,"2,5 Tỷ",55,3,"Đường Lê Quang Định - Phường 5, Quận Bình Thạnh, TP Hồ Chí Minh",Phường 5,NA,Quận Bình Thạnh,1020,Bất động sản khác,10.7488299,106.6424268,NA,https://homedy.com/ban-can-ho-quan-binh-thanh-tp-ho-chi-minh/ch-mau-moi-2026-55m2-2ty-5full-ntso-hong-don-o-gan-san-bay-tinh-0794-818-249-es3181520,https://homedy.com/ban-can-ho-quan-binh-thanh-tp-ho-chi-minh/ch-mau-moi-2026-55m2-2ty-5full-ntso-hong-don-o-gan-san-bay-tinh-0794-818-249-es3181520,2026-06-04,2026-06-07 01:13:45.361434,NA,2500,45454545.45454545,1,0
homedy,ban,homedy_3165910,3165910,"Căn hộ mới 50m2/2pn view hồ bơi ,2 tỷ 250Full NT.Nguyễn Thượng Hiền 0794-818-249",2250000000,"2,25 Tỷ",50,3,"Đường Hoàng Văn Thụ - Phường 4, Quận Phú Nhuận, TP Hồ Chí Minh",Phường 4,NA,Quận Phú Nhuận,1010,Căn hộ,10.8010601,106.6798946,NA,https://homedy.com/ban-can-ho-quan-phu-nhuan-tp-ho-chi-minh/moi-50m2-2pn-view-boi-2-ty-250full-nt-nguyen-thuong-hien-0794-818-249-es3165910,https://homedy.com/ban-can-ho-quan-phu-nhuan-tp-ho-chi-minh/moi-50m2-2pn-view-boi-2-ty-250full-nt-nguyen-thuong-hien-0794-818-249-es3165910,2026-06-04,2026-06-07 01:13:45.361434,NA,2250,45000000,1,0
homedy,ban,homedy_3165912,3165912,"Chính chủ bán CH 45m2/1 tỷ 8 ,(vay 85%)full NT,SHR dọn ở,Nguyễn Thượng Hiền 0794-818-249",1800000000,"1,8 Tỷ",45,0,"Đường Phan Văn Trị - Phường 11, Quận Bình Thạnh, TP Hồ Chí Minh",Phường 11,NA,Quận Bình Thạnh,1020,Bất động sản khác,10.767956999999999,106.6508148,NA,https://homedy.com/ban-can-ho-quan-binh-thanh-tp-ho-chi-minh/chinh-chu-ch-45m2-1-ty-8-vay-85full-ntshr-don-onguyen-thuong-hien-0794-818-249-es3165912,https://homedy.com/ban-can-ho-quan-binh-thanh-tp-ho-chi-minh/chinh-chu-ch-45m2-1-ty-8-vay-85full-ntshr-don-onguyen-thuong-hien-0794-818-249-es3165912,2026-06-04,2026-06-07 01:13:45.361434,NA,1800,40000000,1,0
homedy,ban,homedy_3189197,3189197,"Chính chủ bán CH 45m2/2tỷ025 ,(vay 85%)full NT,SHR dọn ở,Nguyễn Thượng Hiền 0794818249",2020000000,"2,02 Tỷ",45,0,"Đường Phạm Văn Đồng - Phường 1, Quận Gò Vấp, TP Hồ Chí Minh",Phường 1,NA,Quận Gò Vấp,1020,Bất động sản khác,10.8352617,106.6740588,NA,https://homedy.com/ban-can-ho-quan-go-vap-tp-ho-chi-minh/chinh-chu-ch-45m2-2ty025-vay-85full-ntshr-don-onguyen-thuong-hien-0794818249-es3189197,https://homedy.com/ban-can-ho-quan-go-vap-tp-ho-chi-minh/chinh-chu-ch-45m2-2ty025-vay-85full-ntshr-don-onguyen-thuong-hien-0794818249-es3189197,2026-05-21,2026-06-07 01:13:45.361434,NA,2020,44888888.88888889,1,0
homedy,ban,homedy_3170114,3170114,"(MỚI) Căn hộ 5 sao 49m2/2 tỷ 205 SHR,dọn ở vay 85% (2pn)MT Phạm Văn Đồng 0794818249",2200000000,"2,2 Tỷ",49,2,"Đường Lê Quang Định - Phường 1, Quận Gò Vấp, TP Hồ Chí Minh",Phường 1,NA,Quận Gò Vấp,1010,Căn hộ,10.8352617,106.6740588,NA,https://homedy.com/ban-can-ho-quan-go-vap-tp-ho-chi-minh/moi-5-sao-49m2-2-ty-205-shrdon-o-vay-85-2pnmt-pham-van-dong-0794818249-es3170114,https://homedy.com/ban-can-ho-quan-go-vap-tp-ho-chi-minh/moi-5-sao-49m2-2-ty-205-shrdon-o-vay-85-2pnmt-pham-van-dong-0794818249-es3170114,2026-05-21,2026-06-07 01:13:45.361434,NA,2200,44897959.18367347,1,0
homedy,ban,homedy_3165911,3165911,"CH mẫu mới 2026 ,55m2/2tỷ 5 full NT,SHR,dọn ở Gần Sân Bay .Nguyễn Bỉnh Kiêm 0794818249",2500000000,"2,5 Tỷ",55,3,"Đường Nguyễn Bỉnh Khiêm - Phường 1, Quận Gò Vấp, TP Hồ Chí Minh",Phường 1,NA,Quận Gò Vấp,1020,Bất động sản khác,10.8352617,106.6740588,NA,https://homedy.com/ban-can-ho-quan-go-vap-tp-ho-chi-minh/ch-mau-moi-2026-55m2-2ty-5-full-ntshrdon-o-gan-san-bay-nguyen-binh-kiem-0794818249-es3165911,https://homedy.com/ban-can-ho-quan-go-vap-tp-ho-chi-minh/ch-mau-moi-2026-55m2-2ty-5-full-ntshrdon-o-gan-san-bay-nguyen-binh-kiem-0794818249-es3165911,2026-06-04,2026-06-07 01:13:45.361434,NA,2500,45454545.45454545,1,0
homedy,ban,homedy_3172272,3172272,"Căn hộ 5 sao 49m2/2 tỷ 205 SHR,dọn ở vay 85% (2pn)MT Phạm Văn Đồng 0794-818-249",2200000000,"2,2 Tỷ",49,2,"Phường 1, Quận Phú Nhuận, TP Hồ Chí Minh",Phường 1,NA,Quận Phú Nhuận,1010,Căn hộ,10.801084398881786,106.67973518371582,NA,https://homedy.com/ban-can-ho-quan-phu-nhuan-tp-ho-chi-minh/5-sao-49m2-2-ty-205-shrdon-o-vay-85-2pnmt-pham-van-dong-0794-818-249-es3172272,https://homedy.com/ban-can-ho-quan-phu-nhuan-tp-ho-chi-minh/5-sao-49m2-2-ty-205-shrdon-o-vay-85-2pnmt-pham-van-dong-0794-818-249-es3172272,2026-06-04,2026-06-07 01:13:45.361434,NA,2200,44897959.18367347,1,0
homedy,ban,homedy_3209090,3209090,Chủ cần bán gấp căn nhà sát mặt tiền đường Bình Lợi. giá 11tyr5 / 83m vuông,11500000000,"11,5 Tỷ",83,0,"Đường Bình Lợi - Phường 13, Quận Bình Thạnh, TP Hồ Chí Minh",Phường 13,NA,Quận Bình Thạnh,1020,Nhà phố,10.8263833,106.7061889,NA,https://homedy.com/ban-nha-rieng-quan-binh-thanh-tp-ho-chi-minh/chu-can-gap-sat-mat-tien-duong-loi-gia-11tyr5-83m-vuong-es3209090,https://homedy.com/ban-nha-rieng-quan-binh-thanh-tp-ho-chi-minh/chu-can-gap-sat-mat-tien-duong-loi-gia-11tyr5-83m-vuong-es3209090,2026-06-04,2026-06-07 01:13:45.361434,NA,11500,138554216.86746988,1,0
homedy,ban,homedy_3209079,3209079,"Siêu quỹ đất 3460m2 mặt tiền Ngã Tư Bốn Xã, chiều ngang h50m",130000000000,130 Tỷ,3460,0,"Đường Bình Trị Đông - Phường Bình Trị Đông, Quận Bình Tân, TP Hồ Chí Minh",Phường Bình Trị Đông,NA,Quận Bình Tân,1040,Đất nền,10.7703543,106.5995759,NA,https://homedy.com/ban-nha-mat-pho-quan-binh-tan-tp-ho-chi-minh/sieu-quy-dat-3460m2-tien-nga-tu-bon-xa-chieu-ngang-h50m-es3209079,https://homedy.com/ban-nha-mat-pho-quan-binh-tan-tp-ho-chi-minh/sieu-quy-dat-3460m2-tien-nga-tu-bon-xa-chieu-ngang-h50m-es3209079,2026-06-04,2026-06-07 01:13:45.361434,NA,130000,37572254.335260116,1,0
homedy,ban,homedy_3209081,3209081,Bán nhà hxh đường da nam quận 8 - dt 49mv shr chỉ 7tỷ630. lh: 0988063763,7630000000,"7,63 Tỷ",49,4,"Đường Dạ Nam - Phường 2, Quận 8, TP Hồ Chí Minh",Phường 2,NA,Quận 8,1020,Nhà phố,10.7416082,106.6649389,NA,https://homedy.com/ban-nha-rieng-quan-8-tp-ho-chi-minh/hxh-duong-da-nam-dt-49mv-shr-7ty630-lh-0988063763-es3209081,https://homedy.com/ban-nha-rieng-quan-8-tp-ho-chi-minh/hxh-duong-da-nam-dt-49mv-shr-7ty630-lh-0988063763-es3209081,2026-06-04,2026-06-07 01:13:45.361434,NA,7630,155714285.7142857,1,0
homedy,ban,homedy_3209077,3209077,"Nhà mới xây, hoàn thiện giá 395tr - DT 4X5, hỗ trợ góp, gần chợ, trung tâm",395000000,395 Triệu,20,2,"Đường Nguyễn Văn Bứa - Xã Xuân Thới Sơn, Huyện Hóc Môn, TP Hồ Chí Minh",Xã Xuân Thới Sơn,NA,Huyện Hóc Môn,1020,Nhà phố,10.8937624,106.5832489,NA,https://homedy.com/ban-nha-rieng-huyen-hoc-mon-tp-ho-chi-minh/moi-xay-hoan-thien-gia-395tr-dt-4x5-tro-gop-gan-cho-trung-tam-es3209077,https://homedy.com/ban-nha-rieng-huyen-hoc-mon-tp-ho-chi-minh/moi-xay-hoan-thien-gia-395tr-dt-4x5-tro-gop-gan-cho-trung-tam-es3209077,2026-06-04,2026-06-07 01:13:45.361434,NA,395,19750000,1,0
homedy,ban,homedy_3209073,3209073,"Bán gấp căn 3PN view sông Q7 Saigon Riverside, Chỉ 5.5 tỷ",5500000000,"5,5 Tỷ",86,3,"Đường Đào Trí, Phường Phú Thuận, Quận 7, TP Hồ Chí Minh",Phường Phú Thuận,NA,Quận 7,1020,Bất động sản khác,10.721017159133655,106.74214450104456,NA,https://homedy.com/ban-can-ho-q7-saigon-riverside-complex/gap-3pn-view-song-chi-5-ty-es3209073,https://homedy.com/ban-can-ho-q7-saigon-riverside-complex/gap-3pn-view-song-chi-5-ty-es3209073,2026-06-04,2026-06-07 01:13:45.361434,NA,5500,63953488.37209302,1,0
homedy,ban,homedy_3209076,3209076,Chạm ước mơ an cư - Mua nhà không áp lực - Thanh toán 500tr-750tr đã sở hữu,8000000000,"5,3 - 8 Tỷ",77,0,"Đường Nguyễn Văn Linh, Xã Bình Hưng, Huyện Bình Chánh, TP Hồ Chí Minh",Xã Bình Hưng,NA,Huyện Bình Chánh,1020,Nhà phố,10.71562545926722,106.66253167758488,NA,https://homedy.com/ban-can-ho-mizuki-city/cham-uoc-mo-an-cu-mua-nha-khong-ap-luc-thanh-toan-500tr-750tr-da-so-huu-es3209076,https://homedy.com/ban-can-ho-mizuki-city/cham-uoc-mo-an-cu-mua-nha-khong-ap-luc-thanh-toan-500tr-750tr-da-so-huu-es3209076,2026-06-04,2026-06-07 01:13:45.361434,NA,8000,103896103.89610389,1,0
homedy,ban,homedy_3209072,3209072,"Bán gấp căn 2PN 2WC Q7 Riverside Đào Trí, Full nội thất view sông chỉ 3.83 tỷ",3830000000,"3,83 Tỷ",67,2,"Đường Đào Trí, Phường Phú Thuận, Quận 7, TP Hồ Chí Minh",Phường Phú Thuận,NA,Quận 7,1020,Bất động sản khác,10.721017159133655,106.74214450104456,NA,https://homedy.com/ban-can-ho-q7-saigon-riverside-complex/gap-2pn-2wc-dao-tri-full-noi-that-view-song-chi-3-83-ty-es3209072,https://homedy.com/ban-can-ho-q7-saigon-riverside-complex/gap-2pn-2wc-dao-tri-full-noi-that-view-song-chi-3-83-ty-es3209072,2026-06-04,2026-06-07 01:13:45.361434,NA,3830,57164179.104477614,1,0
homedy,ban,homedy_3173976,3173976,Đơn lập xe quạt 712m2 hàng siêu VIP tại Vinhomes Green Paradise Cần Giờ,82000000000,82 Tỷ,712,0,"Thị trấn Cần Thạnh - Huyện Cần Giờ, TP Hồ Chí Minh",Thị trấn Cần Thạnh - Huyện Cần Giờ,NA,Huyện Cần Giờ,1020,Bất động sản khác,10.4203348,106.9608247,NA,https://homedy.com/ban-nha-biet-thu-lien-ke-huyen-can-gio-tp-ho-chi-minh/don-lap-xe-quat-712m2-hang-sieu-vip-tai-vinhomes-green-paradise-es3173976,https://homedy.com/ban-nha-biet-thu-lien-ke-huyen-can-gio-tp-ho-chi-minh/don-lap-xe-quat-712m2-hang-sieu-vip-tai-vinhomes-green-paradise-es3173976,2026-05-08,2026-06-07 01:13:45.361434,NA,82000,115168539.3258427,1,0
homedy,ban,homedy_3200180,3200180,D'edge Thảo Điền | Giỏ Hàng 1PN Nội Thất Cơ Bản Cần Bán,8300000000.000001,"8,3 Tỷ",63,0,"Đường Nguyễn Văn Hưởng, Phường Thảo Điền, Quận 2, TP Hồ Chí Minh",Phường Thảo Điền,NA,Thành phố Thủ Đức,1020,Bất động sản khác,10.8160433,106.7282586,NA,https://homedy.com/ban-can-ho-dedge-capitaland-thao-dien/gio-hang-1pn-noi-that-co-es3200180,https://homedy.com/ban-can-ho-dedge-capitaland-thao-dien/gio-hang-1pn-noi-that-co-es3200180,2026-05-11,2026-06-07 01:13:45.361434,NA,8300.000000000002,131746031.74603176,1,0
homedy,ban,homedy_3205622,3205622,Bán GẤP 1PN Opal SG Pearl NTCB Giá TỐT Nhất Thị Trường,6700000000,"6,7 Tỷ",50,0,"Đường Nguyễn Hữu Cảnh, Phường 22, Quận Bình Thạnh, TP Hồ Chí Minh",Phường 22,NA,Quận Bình Thạnh,1020,Bất động sản khác,10.79081683130767,106.71988067144162,NA,https://homedy.com/ban-can-ho-opal-tower/gap-1pn-sg-pearl-ntcb-gia-tot-nhat-thi-truong-es3205622,https://homedy.com/ban-can-ho-opal-tower/gap-1pn-sg-pearl-ntcb-gia-tot-nhat-thi-truong-es3205622,2026-05-12,2026-06-07 01:13:45.361434,NA,6700,134000000,1,0
homedy,ban,homedy_3190063,3190063,"The Western Capital Quận 6 Giá Từ 1,9 Tỷ – Căn Hộ 2PN Trung Tâm, Hỗ Trợ Vay 5,6%/Năm",1700000000,"1,7 Tỷ",50,2,"Đường Lý Chiêu Hoàng, Phường 10, Quận 6, TP Hồ Chí Minh",Phường 10,NA,Quận 6,1010,Căn hộ,10.738898431082829,106.626566250618,NA,https://homedy.com/ban-can-ho-the-western-capital/quan-6-gia-tu-19-ty-2pn-trung-tam-tro-vay-56-nam-es3190063,https://homedy.com/ban-can-ho-the-western-capital/quan-6-gia-tu-19-ty-2pn-trung-tam-tro-vay-56-nam-es3190063,2026-06-04,2026-06-07 01:13:45.361434,NA,1700,34000000,1,0
homedy,ban,homedy_3209050,3209050,Chủ nhà thanh lý gấp cần giao bán giá 2tỷ để có vốn đầu tư,2100000000,"2 - 2,1 Tỷ",55,2,"Đường Phan Văn Trị - Phường 14, Quận Bình Thạnh, TP Hồ Chí Minh",Phường 14,NA,Quận Bình Thạnh,1020,Nhà phố,10.8187622,106.7068282,NA,https://homedy.com/ban-nha-rieng-quan-binh-thanh-tp-ho-chi-minh/chu-ly-gap-can-giao-gia-2ty-de-co-von-dau-tu-es3209050,https://homedy.com/ban-nha-rieng-quan-binh-thanh-tp-ho-chi-minh/chu-ly-gap-can-giao-gia-2ty-de-co-von-dau-tu-es3209050,2026-06-04,2026-06-07 01:13:45.361434,NA,2100,38181818.18181818,1,0
homedy,ban,homedy_3204071,3204071,BÁN NHÀ !! Tân Bình 60m2. Ấp Bắc Tân Bình Giá 1 Tỉ 780.,1780000000,"1,78 Tỷ",60,2,"Đường Ấp Bắc - Phường 15, Quận Tân Bình, TP Hồ Chí Minh",Phường 15,NA,Quận Tân Bình,1020,Nhà phố,10.7989297,106.7209052,NA,https://homedy.com/ban-nha-rieng-quan-tan-binh-tp-ho-chi-minh/60m2-ap-bac-gia-1-ti-780-es3204071,https://homedy.com/ban-nha-rieng-quan-tan-binh-tp-ho-chi-minh/60m2-ap-bac-gia-1-ti-780-es3204071,2026-06-02,2026-06-07 01:13:45.361434,NA,1780,29666666.666666668,1,0
homedy,ban,homedy_3208992,3208992,"Mặt Tiền Châu Thới chiều ngang 20m, 5 Tầng ngay Trung Tâm Quận 10, 530m2 chỉ 125 tỷ",125000000000,125 Tỷ,530,0,"Đường Châu Thới - Phường 15, Quận 10, TP Hồ Chí Minh",Phường 15,NA,Quận 10,1020,Bất động sản khác,10.766766,106.6752862,NA,https://homedy.com/ban-nha-mat-pho-quan-10-tp-ho-chi-minh/tien-chau-thoi-chieu-ngang-20m-5-tang-ngay-trung-tam-530m2-125-ty-es3208992,https://homedy.com/ban-nha-mat-pho-quan-10-tp-ho-chi-minh/tien-chau-thoi-chieu-ngang-20m-5-tang-ngay-trung-tam-530m2-125-ty-es3208992,2026-06-03,2026-06-07 01:13:45.361434,NA,125000,235849056.6037736,1,0
homedy,ban,homedy_3208990,3208990,"Bán đất mặt tiền Lê Tấn Bê, vị trí khan hiếm tại khu vực An Lạc, Bình Tân.",180000000000,180 Tỷ,1977,0,"Đường Lê Tấn Bê - Phường An Lạc, Quận Bình Tân, TP Hồ Chí Minh",Phường An Lạc,NA,Quận Bình Tân,1040,Đất nền,10.7703543,106.5995759,NA,https://homedy.com/ban-dat-quan-binh-tan-tp-ho-chi-minh/mat-tien-le-be-vi-tri-khan-hiem-tai-khu-vuc-an-lac-es3208990,https://homedy.com/ban-dat-quan-binh-tan-tp-ho-chi-minh/mat-tien-le-be-vi-tri-khan-hiem-tai-khu-vuc-an-lac-es3208990,2026-06-03,2026-06-07 01:13:45.361434,NA,180000,91047040.97116844,1,0
homedy,ban,homedy_3208964,3208964,"Bán nhà đường 47 – trung tâm Thảo Điền, 168m2, ngang 6,4m, sổ hồng",40000000000,40 Tỷ,168,0,"Phường Thảo Điền - Quận 2, TP Hồ Chí Minh",Phường Thảo Điền - Quận 2,NA,Thành phố Thủ Đức,1020,Nhà phố,10.8011432,106.7351252,NA,https://homedy.com/ban-nha-mat-pho-quan-2-tp-ho-chi-minh/duong-47-trung-tam-thao-dien-168m2-ngang-64m-so-hong-es3208964,https://homedy.com/ban-nha-mat-pho-quan-2-tp-ho-chi-minh/duong-47-trung-tam-thao-dien-168m2-ngang-64m-so-hong-es3208964,2026-06-03,2026-06-07 01:13:45.361434,NA,40000,238095238.0952381,1,0
homedy,ban,homedy_3208958,3208958,"Căn 2PN nội thất y hình Nơ Trang Long tầng cao 2,2 tỷ sổ sẵn bao phí, vay 70% O7O.555.6O36",2200000000,"2,2 Tỷ",54,2,"Đường Nơ Trang Long - Phường 5, Quận Bình Thạnh, TP Hồ Chí Minh",Phường 5,NA,Quận Bình Thạnh,1020,Bất động sản khác,10.809110611847291,106.69484138488772,NA,https://homedy.com/ban-can-ho-quan-binh-thanh-tp-ho-chi-minh/2pn-noi-that-y-hinh-no-trang-long-tang-cao-22-ty-so-san-bao-phi-vay-70-o7o-555-6o36-es3208958,https://homedy.com/ban-can-ho-quan-binh-thanh-tp-ho-chi-minh/2pn-noi-that-y-hinh-no-trang-long-tang-cao-22-ty-so-san-bao-phi-vay-70-o7o-555-6o36-es3208958,2026-06-03,2026-06-07 01:13:45.361434,NA,2200,40740740.74074074,1,0
homedy,ban,homedy_3208943,3208943,Đất Lê Tấn Bê Phường An Lạc Quận Bình Tân gần 2000m2,188000000000,188 Tỷ,24,0,"Đường Lê Tấn Bê - Phường An Lạc, Quận Bình Tân, TP Hồ Chí Minh",Phường An Lạc,NA,Quận Bình Tân,1040,Đất nền,10.7703543,106.5995759,NA,https://homedy.com/ban-dat-quan-binh-tan-tp-ho-chi-minh/le-be-phuong-an-lac-gan-2000m2-es3208943,https://homedy.com/ban-dat-quan-binh-tan-tp-ho-chi-minh/le-be-phuong-an-lac-gan-2000m2-es3208943,2026-06-03,2026-06-07 01:13:45.361434,NA,188000,7833333333.333333,1,0
homedy,ban,homedy_3208942,3208942,"Chủ gửi bán gấp lấy tiền chữa bệnh !! , nhà diện tích tổng 86m2, 2 lầu , sổ sẵn",3200000000,"3,2 Tỷ",86,0,"Đường Trung Lập - Xã Trung Lập Hạ, Huyện Củ Chi, TP Hồ Chí Minh",Xã Trung Lập Hạ,NA,Huyện Củ Chi,1020,Nhà phố,11.0967072,106.5097461,NA,https://homedy.com/ban-nha-rieng-huyen-cu-chi-tp-ho-chi-minh/chu-gui-gap-lay-tien-chua-benh-dien-tich-tong-86m2-2-lau-so-san-es3208942,https://homedy.com/ban-nha-rieng-huyen-cu-chi-tp-ho-chi-minh/chu-gui-gap-lay-tien-chua-benh-dien-tich-tong-86m2-2-lau-so-san-es3208942,2026-06-03,2026-06-07 01:13:45.361434,NA,3200,37209302.325581394,1,0
homedy,ban,homedy_3208940,3208940,"Chủ gửi bán lô đất vườn , hỗ trợ lên thổ cư , 991m2 , có sỗ sẵn",2000000000,2 Tỷ,991,0,"Đường Ba Sa - Xã Phước Thạnh, Huyện Củ Chi, TP Hồ Chí Minh",Xã Phước Thạnh,NA,Huyện Củ Chi,1040,Đất nền,11.0967072,106.5097461,NA,https://homedy.com/ban-dat-huyen-cu-chi-tp-ho-chi-minh/chu-gui-lo-vuon-tro-len-tho-991m2-co-so-san-es3208940,https://homedy.com/ban-dat-huyen-cu-chi-tp-ho-chi-minh/chu-gui-lo-vuon-tro-len-tho-991m2-co-so-san-es3208940,2026-06-03,2026-06-07 01:13:45.361434,NA,2000,2018163.4712411705,1,0
homedy,ban,homedy_3208939,3208939,"CẦN tiền bán gấp lô đất mặt tiền đường tỉnh lộ 2 , 6x20 , có sổ",1900000000,"1,9 Tỷ",121,0,"Đường Tỉnh Lộ 2 - Xã Tân An Hội, Huyện Củ Chi, TP Hồ Chí Minh",Xã Tân An Hội,NA,Huyện Củ Chi,1040,Đất nền,11.0967072,106.5097461,NA,https://homedy.com/ban-dat-huyen-cu-chi-tp-ho-chi-minh/can-tien-gap-lo-mat-duong-tinh-2-6x20-co-so-es3208939,https://homedy.com/ban-dat-huyen-cu-chi-tp-ho-chi-minh/can-tien-gap-lo-mat-duong-tinh-2-6x20-co-so-es3208939,2026-06-03,2026-06-07 01:13:45.361434,NA,1900,15702479.338842975,1,0
homedy,ban,homedy_3197305,3197305,"Mặt Tiền Tân Thới Nhất 01, 66.8m2 (4x17), Đường 7m, 6.5 Tỷ",6500000000,"6,5 Tỷ",66.8,3,"Đường Tân Thới Nhất 1 - Phường Đông Hưng Thuận, Quận 12, TP Hồ Chí Minh",Phường Đông Hưng Thuận,NA,Quận 12,1020,Bất động sản khác,10.8612653,106.6642083,NA,https://homedy.com/ban-nha-rieng-quan-12-tp-ho-chi-minh/mat-tien-tan-thoi-nhat-01-66-8m2-4x17-duong-7m-6-5-ty-es3197305,https://homedy.com/ban-nha-rieng-quan-12-tp-ho-chi-minh/mat-tien-tan-thoi-nhat-01-66-8m2-4x17-duong-7m-6-5-ty-es3197305,2026-05-22,2026-06-07 01:13:45.361434,NA,6500,97305389.22155689,1,0
homedy,ban,homedy_3208931,3208931,Nhà ở đường 3/2 Quận 10 sau lưng Vạn Hạnh Mall 452m2 chỉ 105 tỷ.,105000000000,105 Tỷ,452,3,"Đường 3/2 - Phường 12, Quận 10, TP Hồ Chí Minh",Phường 12,NA,Quận 10,1020,Nhà phố,10.7584681,106.6832126,NA,https://homedy.com/ban-nha-mat-pho-quan-10-tp-ho-chi-minh/o-duong-3-2-sau-lung-van-hanh-mall-452m2-105-ty-es3208931,https://homedy.com/ban-nha-mat-pho-quan-10-tp-ho-chi-minh/o-duong-3-2-sau-lung-van-hanh-mall-452m2-105-ty-es3208931,2026-06-03,2026-06-07 01:13:45.361434,NA,105000,232300884.95575222,1,0
homedy,ban,homedy_3208903,3208903,Vinhomes Saigon Park Hóc Môn | Nhà Phố Liền Kề Từ 4 Tỷ | Mở Bán Đợt 1,4000000000,4 Tỷ,50,4,"Đường Đặng Công Bỉnh - Xã Xuân Thới Sơn, Huyện Hóc Môn, TP Hồ Chí Minh",Xã Xuân Thới Sơn,NA,Huyện Hóc Môn,1020,Nhà phố,10.908745876020133,106.54712677001952,NA,https://homedy.com/ban-nha-biet-thu-lien-ke-huyen-hoc-mon-tp-ho-chi-minh/vinhomes-saigon-park-pho-tu-4-ty-mo-dot-1-es3208903,https://homedy.com/ban-nha-biet-thu-lien-ke-huyen-hoc-mon-tp-ho-chi-minh/vinhomes-saigon-park-pho-tu-4-ty-mo-dot-1-es3208903,2026-06-03,2026-06-07 01:13:45.361434,NA,4000,80000000,1,0
homedy,ban,homedy_3200918,3200918,"Nhà mới 100%, Chính Chủ bán, 2 tầng, giá dưới 2 tỷ, Quận Bình Tân",1700000000,"1,7 Tỷ",44,2,"Đường Số 6 - Phường Bình Hưng Hòa B, Quận Bình Tân, TP Hồ Chí Minh",Phường Bình Hưng Hòa B,NA,Quận Bình Tân,1020,Nhà phố,10.7704159,106.5995401,NA,https://homedy.com/ban-nha-rieng-quan-binh-tan-tp-ho-chi-minh/moi-100-chinh-chu-2-tang-gia-duoi-ty-es3200918,https://homedy.com/ban-nha-rieng-quan-binh-tan-tp-ho-chi-minh/moi-100-chinh-chu-2-tang-gia-duoi-ty-es3200918,2026-05-06,2026-06-07 01:13:45.361434,NA,1700,38636363.63636363,1,0
homedy,ban,homedy_3152456,3152456,"Bán tòa nhà 10x18m, 5 tầng, 34p, SHR, Lê Trọng Tấn, Quận Bình Tân",20800000000,"20,8 Tỷ",180,34,"Đường Lê Trọng Tấn - Phường Bình Hưng Hòa B, Quận Bình Tân, TP Hồ Chí Minh",Phường Bình Hưng Hòa B,NA,Quận Bình Tân,1020,Nhà phố,10.7705525,106.5995228,NA,https://homedy.com/ban-nha-rieng-quan-binh-tan-tp-ho-chi-minh/toa-10x18m-5-tang-34p-shr-le-trong-es3152456,https://homedy.com/ban-nha-rieng-quan-binh-tan-tp-ho-chi-minh/toa-10x18m-5-tang-34p-shr-le-trong-es3152456,2026-06-03,2026-06-07 01:13:45.361434,NA,20800,115555555.55555555,1,0
homedy,ban,homedy_3206541,3206541,"Bán đất 1418 Tỉnh Lộ 10, SHR, xây dựng liền, 65m2, Tân Tạo, Quận Bình Tân",2550000000,"2,55 Tỷ",65,0,"Đường Tỉnh Lộ 10 - Phường Tân Tạo, Quận Bình Tân, TP Hồ Chí Minh",Phường Tân Tạo,NA,Quận Bình Tân,1040,Đất nền,10.7510379,106.5918016,NA,https://homedy.com/ban-dat-quan-binh-tan-tp-ho-chi-minh/1418-tinh-lo-10-shr-xay-dung-lien-65m2-tao-es3206541,https://homedy.com/ban-dat-quan-binh-tan-tp-ho-chi-minh/1418-tinh-lo-10-shr-xay-dung-lien-65m2-tao-es3206541,2026-06-03,2026-06-07 01:13:45.361434,NA,2550,39230769.23076923,1,0
homedy,ban,homedy_3208885,3208885,"Đất đẹp gần chợ, trường học, bệnh viện, thuận tiện an cư và đầu tư lâu dài",800000000,800 Triệu,100,0,"Đường Trung Lập - Xã Thái Mỹ, Huyện Củ Chi, TP Hồ Chí Minh",Xã Thái Mỹ,NA,Huyện Củ Chi,1040,Đất nền,11.0967072,106.5097461,NA,https://homedy.com/ban-dat-huyen-cu-chi-tp-ho-chi-minh/dep-gan-cho-truong-hoc-benh-vien-thuan-tien-an-va-dau-tu-lau-dai-es3208885,https://homedy.com/ban-dat-huyen-cu-chi-tp-ho-chi-minh/dep-gan-cho-truong-hoc-benh-vien-thuan-tien-an-va-dau-tu-lau-dai-es3208885,2026-06-03,2026-06-07 01:13:45.361434,NA,800,8000000,1,0
homedy,ban,homedy_3207864,3207864,"Tôi Chính Chủ Kẹt Tiền bán gấp 2PN / 2 Tỷ 1 ,Sổ Sang tên bao Vat , Ở Ngay , Góp 70% , An ninh 24/24",2100000000,"2,1 Tỷ",52,2,"Đường Nguyễn Thái Sơn - Phường 3, Quận Gò Vấp, TP Hồ Chí Minh",Phường 3,NA,Quận Gò Vấp,1020,Bất động sản khác,10.8154508,106.6776414,NA,https://homedy.com/ban-can-ho-quan-go-vap-tp-ho-chi-minh/toi-chinh-chu-ket-tien-gap-2pn-2-ty-1-so-sang-ten-bao-vat-o-ngay-gop-70-an-ninh-24-es3207864,https://homedy.com/ban-can-ho-quan-go-vap-tp-ho-chi-minh/toi-chinh-chu-ket-tien-gap-2pn-2-ty-1-so-sang-ten-bao-vat-o-ngay-gop-70-an-ninh-24-es3207864,2026-05-26,2026-06-07 01:13:45.361434,NA,2100,40384615.384615384,1,0
homedy,ban,homedy_3208876,3208876,Đất giá mềm chỉ 800tr sở hữu ngay lô đất 100m2 full thổ cư,800000000,800 Triệu,100,0,"Đường Trung Lập - Xã Thái Mỹ, Huyện Củ Chi, TP Hồ Chí Minh",Xã Thái Mỹ,NA,Huyện Củ Chi,1040,Đất nền,11.0967072,106.5097461,NA,https://homedy.com/ban-dat-huyen-cu-chi-tp-ho-chi-minh/gia-mem-800tr-so-huu-ngay-lo-100m2-full-tho-es3208876,https://homedy.com/ban-dat-huyen-cu-chi-tp-ho-chi-minh/gia-mem-800tr-so-huu-ngay-lo-100m2-full-tho-es3208876,2026-06-02,2026-06-07 01:13:45.361434,NA,800,8000000,1,0
homedy,ban,homedy_3208869,3208869,Đất Mặt Tiền Lê Tấn Bê 1977m2 An Lạc Bình Tân,188000000000,188 Tỷ,1977,0,"Đường Lê Tấn Bê - Phường An Lạc, Quận Bình Tân, TP Hồ Chí Minh",Phường An Lạc,NA,Quận Bình Tân,1040,Đất nền,10.7703543,106.5995759,NA,https://homedy.com/ban-dat-quan-binh-tan-tp-ho-chi-minh/mat-tien-le-be-1977m2-an-lac-es3208869,https://homedy.com/ban-dat-quan-binh-tan-tp-ho-chi-minh/mat-tien-le-be-1977m2-an-lac-es3208869,2026-06-02,2026-06-07 01:13:45.361434,NA,188000,95093576.1254426,1,0
homedy,ban,homedy_2147209,2147209,"Bán tòa căn hộ dịch vụ Thảo Điền, khu LBC, 243.7m2 đất, 1 hầm + 6 tầng",118000000000,118 Tỷ,243.7,1,"Đường Số 1 - Phường Thảo Điền, Quận 2, TP Hồ Chí Minh",Phường Thảo Điền,NA,Thành phố Thủ Đức,1010,Căn hộ,10.7674544,106.70535667108685,NA,https://homedy.com/ban-bat-dong-san-khac-quan-2-tp-ho-chi-minh/toa-can-dich-vu-thao-dien-khu-lbc-243-7m2-dat-1-ham-6-tang-es2147209,https://homedy.com/ban-bat-dong-san-khac-quan-2-tp-ho-chi-minh/toa-can-dich-vu-thao-dien-khu-lbc-243-7m2-dat-1-ham-6-tang-es2147209,2026-06-02,2026-06-07 01:13:45.361434,NA,118000,484201887.5666804,1,0
homedy,ban,homedy_3208861,3208861,"Mặt Tiền Lê Tấn Bê phường An Lạc, Quận Bình Tân gần 2000m2 chỉ 188 tỷ",188000000000,188 Tỷ,1977,0,"Đường Lê Tấn Bê - Phường An Lạc, Quận Bình Tân, TP Hồ Chí Minh",Phường An Lạc,NA,Quận Bình Tân,1020,Bất động sản khác,10.7703543,106.5995759,NA,https://homedy.com/ban-dat-quan-binh-tan-tp-ho-chi-minh/mat-tien-le-be-phuong-an-lac-gan-2000m2-188-ty-es3208861,https://homedy.com/ban-dat-quan-binh-tan-tp-ho-chi-minh/mat-tien-le-be-phuong-an-lac-gan-2000m2-188-ty-es3208861,2026-06-02,2026-06-07 01:13:45.361434,NA,188000,95093576.1254426,1,0
homedy,ban,homedy_3208856,3208856,"188 Tỷ Bán đất mặt tiền Lê Tấn Bê, vị trí khan hiếm tại khu vực An Lạc, Bình Tân.",188000000000,188 Tỷ,1977,0,"Đường Lê Tấn Bê - Phường An Lạc, Quận Bình Tân, TP Hồ Chí Minh",Phường An Lạc,NA,Quận Bình Tân,1040,Đất nền,10.7703543,106.5995759,NA,https://homedy.com/ban-dat-quan-binh-tan-tp-ho-chi-minh/188-ty-mat-tien-le-be-vi-tri-khan-hiem-tai-khu-vuc-an-lac-es3208856,https://homedy.com/ban-dat-quan-binh-tan-tp-ho-chi-minh/188-ty-mat-tien-le-be-vi-tri-khan-hiem-tai-khu-vuc-an-lac-es3208856,2026-06-02,2026-06-07 01:13:45.361434,NA,188000,95093576.1254426,1,0
homedy,ban,homedy_3208843,3208843,"đất giá mềm , ngay trung tâm hành chính ,100m2 thổ cư",1580000000,"1,58 Tỷ",267,0,"Đường 387 - Xã Tân An Hội, Huyện Củ Chi, TP Hồ Chí Minh",Xã Tân An Hội,NA,Huyện Củ Chi,1040,Đất nền,11.0967072,106.5097461,NA,https://homedy.com/ban-dat-huyen-cu-chi-tp-ho-chi-minh/gia-mem-ngay-trung-tam-hanh-chinh-100m2-tho-es3208843,https://homedy.com/ban-dat-huyen-cu-chi-tp-ho-chi-minh/gia-mem-ngay-trung-tam-hanh-chinh-100m2-tho-es3208843,2026-06-02,2026-06-07 01:13:45.361434,NA,1580,5917602.996254682,1,0
homedy,ban,homedy_3208844,3208844,Bán giá gấp chủ nhà đi đầu tư cần tiền Nhà đẹp Quận Bình Thạnh giá 2 tỷ,2100000000,"2 - 2,1 Tỷ",72,3,"Đường Xô Viết Nghệ Tĩnh - Quận Bình Thạnh, TP Hồ Chí Minh",Không rõ,NA,Quận Bình Thạnh,1020,Nhà phố,10.812271,106.7040393,NA,https://homedy.com/ban-nha-rieng-quan-binh-thanh-tp-ho-chi-minh/gia-gap-chu-di-dau-tu-can-tien-dep-2-ty-es3208844,https://homedy.com/ban-nha-rieng-quan-binh-thanh-tp-ho-chi-minh/gia-gap-chu-di-dau-tu-can-tien-dep-2-ty-es3208844,2026-06-02,2026-06-07 01:13:45.361434,NA,2100,29166666.666666668,1,0
homedy,ban,homedy_3208836,3208836,"Cần tiền trả nợ nên tôi bán căn nhà đang ở, ngay Chợ Phú Lợi 2",1200000000,"1,2 Tỷ",50,2,"Phường 7 - Quận 8, TP Hồ Chí Minh",Phường 7 - Quận 8,NA,Quận 8,1020,Nhà phố,10.7417794,106.6662335,NA,https://homedy.com/ban-nha-rieng-quan-8-tp-ho-chi-minh/can-tien-tra-no-nen-toi-dang-o-ngay-cho-phu-loi-2-es3208836,https://homedy.com/ban-nha-rieng-quan-8-tp-ho-chi-minh/can-tien-tra-no-nen-toi-dang-o-ngay-cho-phu-loi-2-es3208836,2026-06-02,2026-06-07 01:13:45.361434,NA,1200,24000000,1,0
homedy,ban,homedy_3208846,3208846,"Trả lãi ngân hàng cần bán GẤP!!!! Căn 1 trệt 1 lầu ,Chỉ 1 tỷ 450!!",1450000000,"1,45 Tỷ",60,2,"Phường 6, Quận 8, TP Hồ Chí Minh",Phường 6,NA,Quận 8,1020,Bất động sản khác,10.7390739,106.6659208,NA,https://homedy.com/ban-nha-rieng-quan-8-tp-ho-chi-minh/tra-lai-ngan-hang-can-gap-1-tret-lau-ty-450-es3208846,https://homedy.com/ban-nha-rieng-quan-8-tp-ho-chi-minh/tra-lai-ngan-hang-can-gap-1-tret-lau-ty-450-es3208846,2026-06-02,2026-06-07 01:13:45.361434,NA,1450,24166666.666666668,1,0
homedy,ban,homedy_3208829,3208829,SỐC Chủ Ngộp | Chỉ 580 triệu sở hữu ngay 350m2 ( có thổ cư ) tại tân an hội củ chi,580000000,580 Triệu,350,0,"Đường Nguyễn Thị Nị - Xã Tân An Hội, Huyện Củ Chi, TP Hồ Chí Minh",Xã Tân An Hội,NA,Huyện Củ Chi,1020,Bất động sản khác,11.0967072,106.5097461,NA,https://homedy.com/ban-dat-huyen-cu-chi-tp-ho-chi-minh/soc-chu-ngop-580-trieu-so-huu-ngay-350m2-co-tho-tai-tan-an-hoi-es3208829,https://homedy.com/ban-dat-huyen-cu-chi-tp-ho-chi-minh/soc-chu-ngop-580-trieu-so-huu-ngay-350m2-co-tho-tai-tan-an-hoi-es3208829,2026-06-02,2026-06-07 01:13:45.361434,NA,580,1657142.857142857,1,0
homedy,ban,homedy_3208834,3208834,bán nhà gấp 1 tỷ 8 chủ nhà thanh lý để đi nước ngoài quận 3 giá 1 tỷ 800tr,1800000000,"1,6 - 1,8 Tỷ",47,2,"Đường Nguyễn Đình Chiểu - Quận 3, TP Hồ Chí Minh",Không rõ,NA,Quận 3,1020,Nhà phố,10.7788914,106.6869967,NA,https://homedy.com/ban-nha-rieng-quan-3-tp-ho-chi-minh/gap-1-ty-8-chu-thanh-ly-de-di-nuoc-ngoai-gia-800tr-es3208834,https://homedy.com/ban-nha-rieng-quan-3-tp-ho-chi-minh/gap-1-ty-8-chu-thanh-ly-de-di-nuoc-ngoai-gia-800tr-es3208834,2026-06-02,2026-06-07 01:13:45.361434,NA,1800,38297872.34042553,1,0
homedy,ban,homedy_3208825,3208825,"Cần bán nhà ở đường Bông Sao, Quận 8, chủ cần tiền bán",1300000000,"1,3 Tỷ",55,0,"Phường 5 - Quận 8, TP Hồ Chí Minh",Phường 5 - Quận 8,NA,Quận 8,1020,Nhà phố,10.7421366,106.666184,NA,https://homedy.com/ban-nha-rieng-quan-8-tp-ho-chi-minh/can-o-duong-bong-sao-chu-tien-es3208825,https://homedy.com/ban-nha-rieng-quan-8-tp-ho-chi-minh/can-o-duong-bong-sao-chu-tien-es3208825,2026-06-02,2026-06-07 01:13:45.361434,NA,1300,23636363.636363637,1,0
homedy,ban,homedy_3208828,3208828,Định cư nước ngoài cần bán gấp !!! Căn 1 trệt 1 lầu 1 tỷ 500,1500000000,"1,5 Tỷ",60,2,"Đường Phạm Thế Hiển - Phường 4, Quận 8, TP Hồ Chí Minh",Phường 4,NA,Quận 8,1020,Bất động sản khác,10.7171219,106.6295254,NA,https://homedy.com/ban-nha-rieng-quan-8-tp-ho-chi-minh/dinh-cu-nuoc-ngoai-can-gap-1-tret-lau-ty-500-es3208828,https://homedy.com/ban-nha-rieng-quan-8-tp-ho-chi-minh/dinh-cu-nuoc-ngoai-can-gap-1-tret-lau-ty-500-es3208828,2026-06-02,2026-06-07 01:13:45.361434,NA,1500,25000000,1,0
homedy,ban,homedy_3208819,3208819,"CẦN bán nhà gấp ở đường Tạ Quang Bửu, phường 5, trung tâm QUẬN 8",1200000000,"1,2 Tỷ",50,3,"Phường 5, Quận 8, TP Hồ Chí Minh",Phường 5,NA,Quận 8,1020,Nhà phố,10.7335583,106.6604586,NA,https://homedy.com/ban-nha-rieng-quan-8-tp-ho-chi-minh/can-gap-o-duong-ta-quang-buu-phuong-5-trung-tam-es3208819,https://homedy.com/ban-nha-rieng-quan-8-tp-ho-chi-minh/can-gap-o-duong-ta-quang-buu-phuong-5-trung-tam-es3208819,2026-06-02,2026-06-07 01:13:45.361434,NA,1200,24000000,1,0
homedy,ban,homedy_3201115,3201115,"Bán căn nhà gấp ở đường Tân Quý, Q. Tân Phú giá 1ty850",1850000000,"1,85 Tỷ",20,3,"Đường Tân Quý - Phường Tân Quý, Quận Tân Phú, TP Hồ Chí Minh",Phường Tân Quý,NA,Quận Tân Phú,1020,Nhà phố,10.7918681,106.6277515,NA,https://homedy.com/ban-nha-rieng-quan-tan-phu-tp-ho-chi-minh/can-gap-o-duong-quy-q-gia-1ty850-es3201115,https://homedy.com/ban-nha-rieng-quan-tan-phu-tp-ho-chi-minh/can-gap-o-duong-quy-q-gia-1ty850-es3201115,2026-05-24,2026-06-07 01:13:45.361434,NA,1850,92500000,1,0
homedy,ban,homedy_3201120,3201120,Bán gấp nhà giá rẻ đường Ung Văn Khiêm quận Bình Thạnh 1ty7,1700000000,"1,7 Tỷ",60,0,"Đường Ung Văn Khiêm - Phường 22, Quận Bình Thạnh, TP Hồ Chí Minh",Phường 22,NA,Quận Bình Thạnh,1020,Nhà phố,10.812271,106.7040393,NA,https://homedy.com/ban-nha-rieng-quan-binh-thanh-tp-ho-chi-minh/gap-gia-re-duong-ung-van-khiem-1ty7-es3201120,https://homedy.com/ban-nha-rieng-quan-binh-thanh-tp-ho-chi-minh/gap-gia-re-duong-ung-van-khiem-1ty7-es3201120,2026-05-24,2026-06-07 01:13:45.361434,NA,1700,28333333.333333332,1,0
homedy,ban,homedy_3208801,3208801,"Vỡ nợ bán nhà 1t1l đường Nguyễn Thị Búp, quận 12-dt 35m2 có sổ hồng riêng, hẻm xe hơi",455000000,455 Triệu,35,3,"Đường Nguyễn Thị Búp - Phường Tân Chánh Hiệp, Quận 12, TP Hồ Chí Minh",Phường Tân Chánh Hiệp,NA,Quận 12,1020,Nhà phố,10.8673521,106.6259541,NA,https://homedy.com/ban-nha-rieng-quan-12-tp-ho-chi-minh/vo-no-1t1l-duong-nguyen-thi-bup-dt-35m2-co-so-hong-hem-xe-hoi-es3208801,https://homedy.com/ban-nha-rieng-quan-12-tp-ho-chi-minh/vo-no-1t1l-duong-nguyen-thi-bup-dt-35m2-co-so-hong-hem-xe-hoi-es3208801,2026-06-02,2026-06-07 01:13:45.361434,NA,455,13000000,1,0
homedy,ban,homedy_3201649,3201649,"Bán nhà đẹp ở liền Đường số 4, Trường Thọ, Thủ Đức, giá 1 tỷ 950.",1950000000,"1,95 Tỷ",20,2,"Phường Trường Thọ - Thành phố Thủ Đức, TP Hồ Chí Minh",Phường Trường Thọ - Thành phố Thủ Đức,NA,Thành phố Thủ Đức,1020,Nhà phố,10.8510238,106.7548953,NA,https://homedy.com/ban-nha-rieng-thanh-pho-thu-duc-tp-ho-chi-minh/dep-o-lien-duong-so-4-truong-tho-gia-1-ty-950-es3201649,https://homedy.com/ban-nha-rieng-thanh-pho-thu-duc-tp-ho-chi-minh/dep-o-lien-duong-so-4-truong-tho-gia-1-ty-950-es3201649,2026-05-24,2026-06-07 01:13:45.361434,NA,1950,97500000,1,0
homedy,ban,homedy_3206227,3206227,"Bán Nhà Thủ Đức Giá 3T5, Hẻm Rộng, Sổ Hồng Riêng, Khu Dân Cư An Ninh, Phía Sau Giga Mall Vào Ở Ngay",3500000000,"3,5 Tỷ",48,4,"Đường 27 - Phường Hiệp Bình Phước, Thành phố Thủ Đức, TP Hồ Chí Minh",Phường Hiệp Bình Phước,NA,Thành phố Thủ Đức,1020,Nhà phố,10.8470439,106.7234415,NA,https://homedy.com/ban-nha-rieng-thanh-pho-thu-duc-tp-ho-chi-minh/gia-3t5-hem-rong-so-hong-khu-dan-cu-an-ninh-phia-sau-giga-mall-vao-o-ngay-es3206227,https://homedy.com/ban-nha-rieng-thanh-pho-thu-duc-tp-ho-chi-minh/gia-3t5-hem-rong-so-hong-khu-dan-cu-an-ninh-phia-sau-giga-mall-vao-o-ngay-es3206227,2026-05-15,2026-06-07 01:13:45.361434,NA,3500,72916666.66666667,1,0
homedy,ban,homedy_3208755,3208755,"Bán nhà mặt tiền chợ Rạch Ông , phường 2, Quận 8 ,5 tầng , 5pn , chỉ 12,99 tỷ lh 0398879796",12990000000,"12,99 Tỷ",46,5,"Đường Nguyễn Thị Tần - Phường 2, Quận 8, TP Hồ Chí Minh",Phường 2,NA,Quận 8,1020,Nhà phố,10.7416082,106.6649389,NA,https://homedy.com/ban-nha-mat-pho-quan-8-tp-ho-chi-minh/tien-cho-rach-ong-phuong-2-5-tang-5pn-1299-ty-lh-0398879796-es3208755,https://homedy.com/ban-nha-mat-pho-quan-8-tp-ho-chi-minh/tien-cho-rach-ong-phuong-2-5-tang-5pn-1299-ty-lh-0398879796-es3208755,2026-06-02,2026-06-07 01:13:45.361434,NA,12990,282391304.34782606,1,0
homedy,ban,homedy_1807193,1807193,"Bán căn hộ Bue Sky Tower-Q 2 cũ- Bình Trưng Đông 59m2, giá 2.7 tỷ full chi phí",2700000000,"2,7 Tỷ",59,2,"Đường Nguyễn Duy Trinh, Phường Bình Trưng Đông, Quận 2, TP Hồ Chí Minh",Phường Bình Trưng Đông,NA,Thành phố Thủ Đức,1010,Căn hộ,10.78882,106.75546,NA,https://homedy.com/ban-can-ho-blue-sky-tower-hqc-binh-trung-dong/bue-q-2-cu-59m2-gia-7-ty-full-chi-phi-es1807193,https://homedy.com/ban-can-ho-blue-sky-tower-hqc-binh-trung-dong/bue-q-2-cu-59m2-gia-7-ty-full-chi-phi-es1807193,2026-06-02,2026-06-07 01:13:45.361434,NA,2700,45762711.86440678,1,0
homedy,ban,homedy_3208752,3208752,"Giá tốt - Nhà mới xây gần bên Hoàng Diệu 2, 10,5 tỷ",10500000000,"10,5 Tỷ",58,4,"Đường Số 5 - Phường Linh Chiểu, Thành phố Thủ Đức, TP Hồ Chí Minh",Phường Linh Chiểu,NA,Thành phố Thủ Đức,1020,Nhà phố,10.8530516,106.7663015,NA,https://homedy.com/ban-nha-rieng-thanh-pho-thu-duc-tp-ho-chi-minh/gia-tot-moi-xay-gan-ben-hoang-dieu-2-105-ty-es3208752,https://homedy.com/ban-nha-rieng-thanh-pho-thu-duc-tp-ho-chi-minh/gia-tot-moi-xay-gan-ben-hoang-dieu-2-105-ty-es3208752,2026-06-02,2026-06-07 01:13:45.361434,NA,10500,181034482.75862068,1,0
homedy,ban,homedy_3206427,3206427,"Bán tòa nhà, 6 tầng, 43p, doanh thu 210 triệu/tháng, Tân Kỳ Tân Quý, Quận BT",28500000000,"28,5 Tỷ",230,0,"Đường Tân Kỳ Tân Quý - Phường Bình Hưng Hòa, Quận Bình Tân, TP Hồ Chí Minh",Phường Bình Hưng Hòa,NA,Quận Bình Tân,1020,Bất động sản khác,10.7703543,106.5995759,NA,https://homedy.com/ban-nha-rieng-quan-binh-tan-tp-ho-chi-minh/toa-6-tang-43p-doanh-thu-210-trieu-thang-ky-quy-bt-es3206427,https://homedy.com/ban-nha-rieng-quan-binh-tan-tp-ho-chi-minh/toa-6-tang-43p-doanh-thu-210-trieu-thang-ky-quy-bt-es3206427,2026-06-02,2026-06-07 01:13:45.361434,NA,28500,123913043.47826087,1,0
homedy,ban,homedy_3206003,3206003,"Bán nhà 6 tầng, 43p, doanh thu 210tr/tháng, Tân Kỳ Tân Quý, Quận BT",28500000000,"28,5 Tỷ",250,0,"Đường Tân Kỳ Tân Quý - Phường Bình Hưng Hòa, Quận Bình Tân, TP Hồ Chí Minh",Phường Bình Hưng Hòa,NA,Quận Bình Tân,1020,Nhà phố,10.7703543,106.5995759,NA,https://homedy.com/ban-nha-rieng-quan-binh-tan-tp-ho-chi-minh/6-tang-43p-doanh-thu-210tr-thang-ky-quy-bt-es3206003,https://homedy.com/ban-nha-rieng-quan-binh-tan-tp-ho-chi-minh/6-tang-43p-doanh-thu-210tr-thang-ky-quy-bt-es3206003,2026-05-26,2026-06-07 01:13:45.361434,NA,28500,114000000,1,0
homedy,ban,homedy_3208740,3208740,"Đất thổ cư trung tâm Củ Chi – Mặt tiền đường, pháp lý chuẩn, giá cực tốt cho nhà đầu tư",1300000000,"1,3 Tỷ",100,0,"Đường Trung Lập - Xã Thái Mỹ, Huyện Củ Chi, TP Hồ Chí Minh",Xã Thái Mỹ,NA,Huyện Củ Chi,1040,Đất nền,11.0967072,106.5097461,NA,https://homedy.com/ban-dat-huyen-cu-chi-tp-ho-chi-minh/tho-trung-tam-mat-tien-duong-phap-ly-chuan-gia-cuc-tot-cho-nha-dau-tu-es3208740,https://homedy.com/ban-dat-huyen-cu-chi-tp-ho-chi-minh/tho-trung-tam-mat-tien-duong-phap-ly-chuan-gia-cuc-tot-cho-nha-dau-tu-es3208740,2026-06-02,2026-06-07 01:13:45.361434,NA,1300,13000000,1,0
homedy,ban,homedy_2623104,2623104,"Bán nhà mặt tiền Bùi Thị Xuân, Tân Bình 5,5m * 20m, 1 trệt 2 lầu hc 193m2 dòng tiền 720 tr/n.",11300000000,"11,3 Tỷ",88,3,"Đường Bùi Thị Xuân - Phường 12, Quận Tân Bình, TP Hồ Chí Minh",Phường 12,NA,Quận Tân Bình,1020,Nhà phố,NA,NA,NA,https://homedy.com/ban-nha-mat-pho-quan-tan-binh-tp-ho-chi-minh/tien-bui-thi-xuan-55m-20m-1-tret-2-lau-hc-193m2-dong-720-tr-n-es2623104,https://homedy.com/ban-nha-mat-pho-quan-tan-binh-tp-ho-chi-minh/tien-bui-thi-xuan-55m-20m-1-tret-2-lau-hc-193m2-dong-720-tr-n-es2623104,2026-06-02,2026-06-07 01:13:45.361434,NA,11300,128409090.9090909,0,0
homedy,ban,homedy_3132763,3132763,"Bán biệt thự Villa Riviera An Phú có DT đất 287.8m2, gồm 1 trệt, 2 lầu, giá 115 tỷ",115000000000,115 Tỷ,289,4,"Đường Giang Văn Minh, Phường Thảo Điền, Quận 2, TP Hồ Chí Minh",Phường Thảo Điền,NA,Thành phố Thủ Đức,1040,Đất nền,10.806668457844223,106.74831414222764,NA,https://homedy.com/ban-nha-biet-thu-lien-ke-villa-riviera/an-phu-co-dt-dat-287-8m2-gom-1-tret-2-lau-gia-115-ty-es3132763,https://homedy.com/ban-nha-biet-thu-lien-ke-villa-riviera/an-phu-co-dt-dat-287-8m2-gom-1-tret-2-lau-gia-115-ty-es3132763,2026-06-01,2026-06-07 01:13:45.361434,NA,115000,397923875.43252593,1,0
homedy,ban,homedy_3208723,3208723,"Bán đất thổ cư tại xã nhuận đức, củ chi, dt 80m2 chỉ 900 triệu. lh:0867983144.",900000000,900 Triệu,80,0,"Xã Nhuận Đức - Huyện Củ Chi, TP Hồ Chí Minh",Xã Nhuận Đức - Huyện Củ Chi,NA,Huyện Củ Chi,1040,Đất nền,11.0967072,106.5097461,NA,https://homedy.com/ban-dat-huyen-cu-chi-tp-ho-chi-minh/tho-tai-xa-nhuan-duc-dt-80m2-900-trieu-lh0867983144-es3208723,https://homedy.com/ban-dat-huyen-cu-chi-tp-ho-chi-minh/tho-tai-xa-nhuan-duc-dt-80m2-900-trieu-lh0867983144-es3208723,2026-06-01,2026-06-07 01:13:45.361434,NA,900,11250000,1,0
homedy,ban,homedy_3208716,3208716,"Đất full thổ cư 123,5m² (5x24,7), đường 7m, sổ riêng, Đ.Xuân Thới Sơn 11, gần Vinhomes Hóc Môn",3600000000,"3,6 Tỷ",123.5,0,"Xã Xuân Thới Sơn - Huyện Hóc Môn, TP Hồ Chí Minh",Xã Xuân Thới Sơn - Huyện Hóc Môn,NA,Huyện Hóc Môn,1040,Đất nền,10.8937624,106.5832489,NA,https://homedy.com/ban-nha-rieng-huyen-hoc-mon-tp-ho-chi-minh/dat-full-tho-cu-1235m-5x247-duong-7m-so-d-xuan-thoi-son-11-gan-vinhomes-es3208716,https://homedy.com/ban-nha-rieng-huyen-hoc-mon-tp-ho-chi-minh/dat-full-tho-cu-1235m-5x247-duong-7m-so-d-xuan-thoi-son-11-gan-vinhomes-es3208716,2026-06-01,2026-06-07 01:13:45.361434,NA,3600,29149797.5708502,1,0
homedy,ban,homedy_3206236,3206236,"Bán Chung Cư Wilton 67m2 Giá 2T9, Full Nội Thất, View đẹp, Tiện ích Cao Cấp, Ở Ngay. Sổ Hồng Riêng",2900000000,"2,9 Tỷ",67,2,"Đường Nguyễn Văn Thương - Phường 25, Quận Bình Thạnh, TP Hồ Chí Minh",Phường 25,NA,Quận Bình Thạnh,1010,Căn hộ,10.7987615,106.7208459,NA,https://homedy.com/ban-can-ho-quan-binh-thanh-tp-ho-chi-minh/chung-cu-wilton-67m2-gia-2t9-full-noi-that-view-dep-tien-ich-cao-cap-o-ngay-so-hong-rieng-es3206236,https://homedy.com/ban-can-ho-quan-binh-thanh-tp-ho-chi-minh/chung-cu-wilton-67m2-gia-2t9-full-noi-that-view-dep-tien-ich-cao-cap-o-ngay-so-hong-rieng-es3206236,2026-05-15,2026-06-07 01:13:45.361434,NA,2900,43283582.08955224,1,0
homedy,ban,homedy_3208708,3208708,"Bán biệt thự Quận 10, hxh Điện Biên Phủ, 274m2, 2 tầng, sân lớn, giá 55 tỷ",55000000000,55 Tỷ,274,0,"Đường Điện Biên Phủ - Phường 11, Quận 10, TP Hồ Chí Minh",Phường 11,NA,Quận 10,1020,Nhà phố,10.770528,106.669426,NA,https://homedy.com/ban-nha-biet-thu-lien-ke-quan-10-tp-ho-chi-minh/hxh-dien-bien-phu-274m2-2-tang-san-lon-gia-55-ty-es3208708,https://homedy.com/ban-nha-biet-thu-lien-ke-quan-10-tp-ho-chi-minh/hxh-dien-bien-phu-274m2-2-tang-san-lon-gia-55-ty-es3208708,2026-06-01,2026-06-07 01:13:45.361434,NA,55000,200729927.00729927,1,0
homedy,ban,homedy_3208702,3208702,"Bán tòa nhà Nguyễn Duy Dương, Q10, 7,8m x 19m, Hầm, 6 tầng, giá 80 tỷ",80000000000,80 Tỷ,108,0,"Đường Nguyễn Duy Dương - Phường 3, Quận 10, TP Hồ Chí Minh",Phường 3,NA,Quận 10,1020,Nhà phố,10.7770084,106.6811613,NA,https://homedy.com/ban-bat-dong-san-khac-quan-10-tp-ho-chi-minh/toa-nha-nguyen-duy-duong-q10-78m-x-19m-ham-6-tang-gia-80-ty-es3208702,https://homedy.com/ban-bat-dong-san-khac-quan-10-tp-ho-chi-minh/toa-nha-nguyen-duy-duong-q10-78m-x-19m-ham-6-tang-gia-80-ty-es3208702,2026-06-01,2026-06-07 01:13:45.361434,NA,80000,740740740.7407408,1,0
homedy,ban,homedy_3208685,3208685,"Bán Nhà Riêng Chính Chủ H3G Đ. Lê Thị Riêng Q1 - Dt 3,6 x 4,3 - Chỉ 3,4 Tỷ",3400000000,"3,4 Tỷ",16,0,"Đường Lê Thị Riêng - Phường Bến Thành, Quận 1, TP Hồ Chí Minh",Phường Bến Thành,NA,Quận 1,1020,Nhà phố,10.7741635,106.6903807,NA,https://homedy.com/ban-nha-rieng-quan-1-tp-ho-chi-minh/chinh-chu-h3g-d-le-thi-q1-dt-36-x-43-34-ty-es3208685,https://homedy.com/ban-nha-rieng-quan-1-tp-ho-chi-minh/chinh-chu-h3g-d-le-thi-q1-dt-36-x-43-34-ty-es3208685,2026-06-01,2026-06-07 01:13:45.361434,NA,3400,212500000,1,0
homedy,ban,homedy_3165453,3165453,"Chính chủ cần bán đất MT đường D1,Q9 đối diện KDL Song Long giá rẻ 10tr3/m2 2500m2",25500000000,"25,5 Tỷ",2500,0,"Đường D1 - Phường Long Phước, Thành phố Thủ Đức, TP Hồ Chí Minh",Phường Long Phước,NA,Thành phố Thủ Đức,1040,Đất nền,10.8364921,106.7657612,NA,https://homedy.com/ban-dat-thanh-pho-thu-duc-tp-ho-chi-minh/chinh-chu-can-mt-duong-d1q9-doi-dien-kdl-song-long-gia-re-10tr3-m2-2500m2-es3165453,https://homedy.com/ban-dat-thanh-pho-thu-duc-tp-ho-chi-minh/chinh-chu-can-mt-duong-d1q9-doi-dien-kdl-song-long-gia-re-10tr3-m2-2500m2-es3165453,2026-05-02,2026-06-07 01:13:45.361434,NA,25500,10200000,1,0
homedy,ban,homedy_3208659,3208659,"Bán biệt thự Saigon Mystery Villas, 448m2, hầm 3 tầng, 2 mặt tiền, giá 185 tỷ",185000000000,185 Tỷ,448,0,"Đường Đồng Văn Cống, Phường Thạnh Mỹ Lợi, Quận 2, TP Hồ Chí Minh",Phường Thạnh Mỹ Lợi,NA,Thành phố Thủ Đức,1020,Nhà phố,10.777469196760585,106.75044688511956,NA,https://homedy.com/ban-nha-biet-thu-lien-ke-khu-do-thi-saigon-mystery-villas/448m2-ham-3-tang-2-mat-tien-gia-185-ty-es3208659,https://homedy.com/ban-nha-biet-thu-lien-ke-khu-do-thi-saigon-mystery-villas/448m2-ham-3-tang-2-mat-tien-gia-185-ty-es3208659,2026-06-01,2026-06-07 01:13:45.361434,NA,185000,412946428.5714286,1,0
homedy,ban,homedy_3208658,3208658,"Bán biệt thự Him Lam Quận 7, hầm 3 lầu, 10 phòng, 250m2, giá chỉ 75 tỷ",75000000000,75 Tỷ,250,0,"Phường Tân Hưng - Quận 7, TP Hồ Chí Minh",Phường Tân Hưng - Quận 7,NA,Quận 7,1020,Nhà phố,10.7305239,106.7087488,NA,https://homedy.com/ban-nha-biet-thu-lien-ke-quan-7-tp-ho-chi-minh/him-lam-ham-3-lau-10-phong-250m2-gia-75-ty-es3208658,https://homedy.com/ban-nha-biet-thu-lien-ke-quan-7-tp-ho-chi-minh/him-lam-ham-3-lau-10-phong-250m2-gia-75-ty-es3208658,2026-06-01,2026-06-07 01:13:45.361434,NA,75000,300000000,1,0
homedy,ban,homedy_3208657,3208657,"Bán đất nền biệt thự, Khu compound Fideco, 140m2, ngang 7m, giá 42 tỷ",42000000000,42 Tỷ,140,0,"Đường Thảo Điền - Phường An Khánh, Quận 2, TP Hồ Chí Minh",Phường An Khánh,NA,Thành phố Thủ Đức,1040,Đất nền,10.8037248,106.7462249,NA,https://homedy.com/ban-dat-nen-du-an-quan-2-tp-ho-chi-minh/biet-thu-khu-compound-fideco-140m2-ngang-7m-gia-42-ty-es3208657,https://homedy.com/ban-dat-nen-du-an-quan-2-tp-ho-chi-minh/biet-thu-khu-compound-fideco-140m2-ngang-7m-gia-42-ty-es3208657,2026-06-01,2026-06-07 01:13:45.361434,NA,42000,300000000,1,0
homedy,ban,homedy_1509455,1509455,"Tô Ký Tower 2 phòng ngủ giá rẻ 2 tỷ, 51 - 75m2 sổ hồng, mặt tiền Tô Ký có trung tâm thương mại",2000000000,2 Tỷ,51,2,"Đường Tô Ký - Phường Trung Mỹ Tây, Quận 12, TP Hồ Chí Minh",Phường Trung Mỹ Tây,NA,Quận 12,1050,Phòng/Cho thuê,10.8544446,106.6252083,NA,https://homedy.com/ban-can-ho-quan-12-tp-ho-chi-minh/to-ky-tower-2-phong-ngu-gia-re-ty-51-75m2-so-hong-mat-tien-co-trung-tam-thuong-mai-es1509455,https://homedy.com/ban-can-ho-quan-12-tp-ho-chi-minh/to-ky-tower-2-phong-ngu-gia-re-ty-51-75m2-so-hong-mat-tien-co-trung-tam-thuong-mai-es1509455,2026-03-10,2026-06-07 01:13:45.361434,NA,2000,39215686.2745098,1,0
homedy,ban,homedy_3208625,3208625,Cách Mặt tiền 50m hẻm Đặng thùy trâm 10m Xe tài lưu thông,10300000000,"10,3 Tỷ",53,5,"Đường Đặng Thùy Trâm - Phường 13, Quận Bình Thạnh, TP Hồ Chí Minh",Phường 13,NA,Quận Bình Thạnh,1020,Bất động sản khác,10.8263833,106.7061889,NA,https://homedy.com/ban-nha-rieng-quan-binh-thanh-tp-ho-chi-minh/cach-mat-tien-50m-hem-dang-thuy-tram-10m-xe-tai-luu-thong-es3208625,https://homedy.com/ban-nha-rieng-quan-binh-thanh-tp-ho-chi-minh/cach-mat-tien-50m-hem-dang-thuy-tram-10m-xe-tai-luu-thong-es3208625,2026-05-31,2026-06-07 01:13:45.361434,NA,10300,194339622.64150944,1,0
homedy,ban,homedy_3208624,3208624,"Combo 2 căn liền kề 10m mặt tiền , cực hiếm, Khu dân cư trung tâm Bình Lợi",45000000000,45 Tỷ,217,0,"Phường 13 - Quận Bình Thạnh, TP Hồ Chí Minh",Phường 13 - Quận Bình Thạnh,NA,Quận Bình Thạnh,1020,Bất động sản khác,10.8263833,106.7061889,NA,https://homedy.com/ban-nha-mat-pho-quan-binh-thanh-tp-ho-chi-minh/combo-2-can-lien-ke-10m-tien-cuc-hiem-khu-dan-cu-trung-tam-loi-es3208624,https://homedy.com/ban-nha-mat-pho-quan-binh-thanh-tp-ho-chi-minh/combo-2-can-lien-ke-10m-tien-cuc-hiem-khu-dan-cu-trung-tam-loi-es3208624,2026-05-31,2026-06-07 01:13:45.361434,NA,45000,207373271.88940093,1,0
homedy,ban,homedy_3208188,3208188,"Tôi Chính Chủ đang kẹt tiền bán CH 55m2/2 tỷ 2 ,Sổ trao tay ,Bank 70% dài hạn,Tầng cao view Hồ bơi",2200000000,"2,2 Tỷ",55,2,"Đường Nguyễn Thái Sơn - Phường 3, Quận Gò Vấp, TP Hồ Chí Minh",Phường 3,NA,Quận Gò Vấp,1020,Bất động sản khác,10.8154508,106.6776414,NA,https://homedy.com/ban-can-ho-quan-go-vap-tp-ho-chi-minh/toi-chinh-chu-dang-ket-tien-ch-55m2-2-ty-so-trao-tay-bank-70-dai-hantang-cao-view-boi-es3208188,https://homedy.com/ban-can-ho-quan-go-vap-tp-ho-chi-minh/toi-chinh-chu-dang-ket-tien-ch-55m2-2-ty-so-trao-tay-bank-70-dai-hantang-cao-view-boi-es3208188,2026-05-28,2026-06-07 01:13:45.361434,NA,2200,40000000,1,0
homedy,ban,homedy_3203435,3203435,"Giá đầu tư - nhà 4 tầng KDC Êm Đềm Linh Xuân , 119m2, 9,3 tỷ.",9300000000,"9,3 Tỷ",119,4,"Phường Linh Xuân - Thành phố Thủ Đức, TP Hồ Chí Minh",Phường Linh Xuân - Thành phố Thủ Đức,NA,Thành phố Thủ Đức,1020,Nhà phố,10.8727102,106.7649932,NA,https://homedy.com/ban-nha-mat-pho-thanh-pho-thu-duc-tp-ho-chi-minh/gia-dau-tu-4-tang-kdc-em-dem-linh-xuan-119m2-93-ty-es3203435,https://homedy.com/ban-nha-mat-pho-thanh-pho-thu-duc-tp-ho-chi-minh/gia-dau-tu-4-tang-kdc-em-dem-linh-xuan-119m2-93-ty-es3203435,2026-05-29,2026-06-07 01:13:45.361434,NA,9300,78151260.50420168,1,0
homedy,ban,homedy_3208574,3208574,cần thanh toán gấp siêu phẩm nhà gần AEON Tân Phú giá cực yêu thương chỉ trên dưới 2 Tỷ,2250000000,"1,9 - 2,25 Tỷ",65,3,"Đường Bình Long - Phường Tân Sơn Nhì, Quận Tân Phú, TP Hồ Chí Minh",Phường Tân Sơn Nhì,NA,Quận Tân Phú,1020,Nhà phố,10.7918681,106.6277515,NA,https://homedy.com/ban-nha-rieng-quan-tan-phu-tp-ho-chi-minh/can-thanh-toan-gap-sieu-pham-gan-aeon-gia-cuc-yeu-thuong-tren-duoi-2-ty-es3208574,https://homedy.com/ban-nha-rieng-quan-tan-phu-tp-ho-chi-minh/can-thanh-toan-gap-sieu-pham-gan-aeon-gia-cuc-yeu-thuong-tren-duoi-2-ty-es3208574,2026-05-31,2026-06-07 01:13:45.361434,NA,2250,34615384.615384616,1,0
homedy,ban,homedy_3208527,3208527,"Bán căn hộ Mỹ Kim 2PN view sông Landmark, sổ hồng, giá 3,2 tỷ",3200000000,"3,2 Tỷ",75,2,"Đường 18, Phường Hiệp Bình Chánh, Thành phố Thủ Đức, TP Hồ Chí Minh",Phường Hiệp Bình Chánh,NA,Thành phố Thủ Đức,1010,Căn hộ,10.8249503,106.71920620000004,NA,https://homedy.com/ban-can-ho-my-kim/2pn-view-song-landmark-so-hong-gia-32-ty-es3208527,https://homedy.com/ban-can-ho-my-kim/2pn-view-song-landmark-so-hong-gia-32-ty-es3208527,2026-05-30,2026-06-07 01:13:45.361434,NA,3200,42666666.666666664,1,0
homedy,ban,homedy_3196818,3196818,"Bán biệt thự Thạnh Mỹ Lợi, 550 m², 25m × 22m, hầm + 3 lầu, 4PN, gara ô tô",98000000000,98 Tỷ,550,4,"Đường Số 87 - Phường Thạnh Mỹ Lợi, Quận 2, TP Hồ Chí Minh",Phường Thạnh Mỹ Lợi,NA,Thành phố Thủ Đức,1020,Nhà phố,10.7707318,106.7702559,NA,https://homedy.com/ban-nha-rieng-quan-2-tp-ho-chi-minh/biet-thu-thanh-my-loi-550-m-25m-22m-ham-3-lau-4pn-gara-o-to-es3196818,https://homedy.com/ban-nha-rieng-quan-2-tp-ho-chi-minh/biet-thu-thanh-my-loi-550-m-25m-22m-ham-3-lau-4pn-gara-o-to-es3196818,2026-05-30,2026-06-07 01:13:45.361434,NA,98000,178181818.1818182,1,0
homedy,ban,homedy_3208515,3208515,"Giá rất tốt - nhà mới ngay Tô Ngọc Vân Linh Đông 3,95 tỷ",3950000000,"3,95 Tỷ",33,0,"Đường Tô Ngọc Vân - Phường Linh Đông, Thành phố Thủ Đức, TP Hồ Chí Minh",Phường Linh Đông,NA,Thành phố Thủ Đức,1020,Nhà phố,10.8553255,106.7478696,NA,https://homedy.com/ban-nha-rieng-thanh-pho-thu-duc-tp-ho-chi-minh/gia-rat-tot-moi-ngay-to-ngoc-van-linh-dong-395-ty-es3208515,https://homedy.com/ban-nha-rieng-thanh-pho-thu-duc-tp-ho-chi-minh/gia-rat-tot-moi-ngay-to-ngoc-van-linh-dong-395-ty-es3208515,2026-05-30,2026-06-07 01:13:45.361434,NA,3950,119696969.6969697,1,0
homedy,ban,homedy_3187666,3187666,"Bán biệt thự Riviera Cove, góc 3 mặt tiền đẹp, 546m2 đất, 3 tầng, nhà hoàn thiện",65000000000,65 Tỷ,546,0,"Đường D3, Phường Phú Hữu, Quận 9, TP Hồ Chí Minh",Phường Phú Hữu,NA,Thành phố Thủ Đức,1040,Đất nền,10.8083989,106.78188569999998,NA,https://homedy.com/ban-nha-biet-thu-lien-ke-riviera-cove/goc-3-mat-tien-dep-546m2-dat-tang-hoan-thien-es3187666,https://homedy.com/ban-nha-biet-thu-lien-ke-riviera-cove/goc-3-mat-tien-dep-546m2-dat-tang-hoan-thien-es3187666,2026-05-30,2026-06-07 01:13:45.361434,NA,65000,119047619.04761904,1,0
homedy,ban,homedy_2864441,2864441,"Bán lô đất góc 2 mặt tiền phường Long Trường, Q9, 1090m2, ngang 18m",43000000000,43 Tỷ,1090,0,"Đường Trường Lưu - Phường Long Trường, Quận 9, TP Hồ Chí Minh",Phường Long Trường,NA,Thành phố Thủ Đức,1040,Đất nền,10.7971015,106.8234697,NA,https://homedy.com/ban-dat-nen-du-an-quan-9-tp-ho-chi-minh/lo-goc-2-mat-tien-phuong-long-truong-q9-1090m2-ngang-18m-es2864441,https://homedy.com/ban-dat-nen-du-an-quan-9-tp-ho-chi-minh/lo-goc-2-mat-tien-phuong-long-truong-q9-1090m2-ngang-18m-es2864441,2026-05-30,2026-06-07 01:13:45.361434,NA,43000,39449541.28440367,1,0
homedy,ban,homedy_1463138,1463138,"Nợ gấp, bán nhà hẻm 6m Hoàng Diệu, Quận 4 - 70m2 - Thanh toán 1.09 tỷ - Hẻm xe hơi gần chợ",1090000000,"1,09 Tỷ",70,3,"Đường Hoàng Diệu - Phường 12, Quận 4, TP Hồ Chí Minh",Phường 12,NA,Quận 4,1020,Nhà phố,10.7650554,106.7070937,NA,https://homedy.com/ban-nha-rieng-quan-4-tp-ho-chi-minh/no-gap-hem-6m-hoang-dieu-70m2-thanh-toan-1-09-ty-xe-hoi-gan-cho-es1463138,https://homedy.com/ban-nha-rieng-quan-4-tp-ho-chi-minh/no-gap-hem-6m-hoang-dieu-70m2-thanh-toan-1-09-ty-xe-hoi-gan-cho-es1463138,2026-05-30,2026-06-07 01:13:45.361434,NA,1090,15571428.57142857,1,0
homedy,thue,homedy_1469155,1469155,Kẹt nợ làm ăn bán gấp nhà 1 trệt 3 lầu Khuông Việt - 80m2 - 1.25 tỷ cho thuê 32tr/tháng,1250000000,"1,25 Tỷ",80,4,"Đường Khuông Việt - Phường Phú Trung, Quận Tân Phú, TP Hồ Chí Minh",Phường Phú Trung,NA,Quận Tân Phú,1030,Nhà phố,10.7770851,106.6403651,NA,https://homedy.com/ban-nha-rieng-quan-tan-phu-tp-ho-chi-minh/ket-no-lam-an-gap-1-tret-3-lau-khuong-viet-80m2-25-ty-cho-thue-32tr-thang-es1469155,https://homedy.com/ban-nha-rieng-quan-tan-phu-tp-ho-chi-minh/ket-no-lam-an-gap-1-tret-3-lau-khuong-viet-80m2-25-ty-cho-thue-32tr-thang-es1469155,2026-05-18,2026-06-07 01:13:45.361434,NA,1250,15625000,1,1
homedy,ban,homedy_1469169,1469169,"Ly hôn bán nhà nuôi con nhà đường Xóm Chiếu, Quận 4, 75m2, 1,13 tỷ, 1 lầu nhà đẹp ở liền",1130000000,"1,13 Tỷ",75,3,"Đường Xóm Chiếu - Phường 14, Quận 4, TP Hồ Chí Minh",Phường 14,NA,Quận 4,1020,Nhà phố,10.7562778,106.7096419,NA,https://homedy.com/ban-nha-rieng-quan-4-tp-ho-chi-minh/ly-hon-nuoi-con-duong-xom-chieu-75m2-113-ty-1-lau-dep-o-lien-es1469169,https://homedy.com/ban-nha-rieng-quan-4-tp-ho-chi-minh/ly-hon-nuoi-con-duong-xom-chieu-75m2-113-ty-1-lau-dep-o-lien-es1469169,2026-05-27,2026-06-07 01:13:45.361434,NA,1130,15066666.666666666,1,0
homedy,ban,homedy_3208494,3208494,Đầu Tư Đất Củ Chi Hôm Nay – Đón Đầu Sự Phát Triển Của Khu Tây Bắc TP.HCM,1300000000,"1,3 Tỷ",100,0,"Đường Trung Lập - Xã Thái Mỹ, Huyện Củ Chi, TP Hồ Chí Minh",Xã Thái Mỹ,NA,Huyện Củ Chi,1040,Đất nền,11.0967072,106.5097461,NA,https://homedy.com/ban-dat-huyen-cu-chi-tp-ho-chi-minh/dau-tu-hom-nay-don-su-phat-trien-cua-khu-tay-bac-hcm-es3208494,https://homedy.com/ban-dat-huyen-cu-chi-tp-ho-chi-minh/dau-tu-hom-nay-don-su-phat-trien-cua-khu-tay-bac-hcm-es3208494,2026-05-30,2026-06-07 01:13:45.361434,NA,1300,13000000,1,0
homedy,ban,homedy_3208485,3208485,"Nhà 6 tầng 486m2 xe hơi đổ cửa, thang máy - ở ngay - gần chợ an nhơn- gò vấp lh:0707745769.",13000000000,13 Tỷ,486,7,"Phường 6 - Quận Gò Vấp, TP Hồ Chí Minh",Phường 6 - Quận Gò Vấp,NA,Quận Gò Vấp,1020,Nhà phố,10.8353538,106.6740337,NA,https://homedy.com/ban-nha-mat-pho-quan-go-vap-tp-ho-chi-minh/6-tang-486m2-xe-hoi-do-cua-thang-may-o-ngay-gan-cho-an-nhon-lh0707745769-es3208485,https://homedy.com/ban-nha-mat-pho-quan-go-vap-tp-ho-chi-minh/6-tang-486m2-xe-hoi-do-cua-thang-may-o-ngay-gan-cho-an-nhon-lh0707745769-es3208485,2026-05-30,2026-06-07 01:13:45.361434,NA,13000,26748971.193415638,1,0
homedy,ban,homedy_3208480,3208480,"Bán nhanh căn hộ 105m2 - 6,7 tỷ - 3PN2WC - Celesta Rise",6700000000,"6,7 Tỷ",105,3,"Đường Nguyễn Hữu Thọ, Xã Phước Kiển, Huyện Nhà Bè, TP Hồ Chí Minh",Xã Phước Kiển,NA,Huyện Nhà Bè,1010,Căn hộ,10.710801213039383,106.7072873359375,NA,https://homedy.com/ban-can-ho-celesta-rise/nhanh-105m2-67-ty-3pn2wc-es3208480,https://homedy.com/ban-can-ho-celesta-rise/nhanh-105m2-67-ty-3pn2wc-es3208480,2026-05-30,2026-06-07 01:13:45.361434,NA,6700,63809523.809523806,1,0
homedy,ban,homedy_3192615,3192615,"Bán nhà Quận 3, Đường Điện Biên Phủ, gần ngã tư, 214m2 đất, 2 tầng, giá bán 125 tỷ",125000000000,125 Tỷ,214,0,"Đường Điện Biên Phủ - Phường 6, Quận 3, TP Hồ Chí Minh",Phường 6,NA,Quận 3,1040,Đất nền,10.7758292,106.6908575,NA,https://homedy.com/ban-nha-mat-pho-quan-3-tp-ho-chi-minh/duong-dien-bien-phu-gan-nga-tu-214m2-dat-2-tang-gia-125-ty-es3192615,https://homedy.com/ban-nha-mat-pho-quan-3-tp-ho-chi-minh/duong-dien-bien-phu-gan-nga-tu-214m2-dat-2-tang-gia-125-ty-es3192615,2026-05-30,2026-06-07 01:13:45.361434,NA,125000,584112149.5327103,1,0
homedy,ban,homedy_3196919,3196919,"Căn 75m2 Hoàng Kim Thế Gia sổ hồng sẵn, TT 950tr ở ngay, nhà mới, nội thất",3750000000,"3,75 Tỷ",75,0,"Đường Trương Phước Phan, Phường Bình Trị Đông, Quận Bình Tân, TP Hồ Chí Minh",Phường Bình Trị Đông,NA,Quận Bình Tân,1020,Nhà phố,10.77407123487246,106.61428906085212,NA,https://homedy.com/ban-can-ho-hoang-kim-the-gia-the-golden-dynasty/75m2-so-hong-san-tt-950tr-o-ngay-nha-moi-noi-that-es3196919,https://homedy.com/ban-can-ho-hoang-kim-the-gia-the-golden-dynasty/75m2-so-hong-san-tt-950tr-o-ngay-nha-moi-noi-that-es3196919,2026-05-30,2026-06-07 01:13:45.361434,NA,3750,50000000,1,0
homedy,ban,homedy_3204963,3204963,"Bán nhà mặt tiền đường 53 Hiệp Bình Chánh Thủ Đức, 4x16m, 4PN, giá 7,5 tỷ",7500000000,"7,5 Tỷ",64,4,"Đường Số 53 - Phường Hiệp Bình Chánh, Thành phố Thủ Đức, TP Hồ Chí Minh",Phường Hiệp Bình Chánh,NA,Thành phố Thủ Đức,1020,Nhà phố,10.8299994,106.7132913,NA,https://homedy.com/ban-nha-mat-pho-thanh-pho-thu-duc-tp-ho-chi-minh/tien-duong-53-hiep-binh-chanh-4x16m-4pn-gia-75-ty-es3204963,https://homedy.com/ban-nha-mat-pho-thanh-pho-thu-duc-tp-ho-chi-minh/tien-duong-53-hiep-binh-chanh-4x16m-4pn-gia-75-ty-es3204963,2026-05-25,2026-06-07 01:13:45.361434,NA,7500,117187500,1,0
homedy,ban,homedy_3208434,3208434,Chỉ 4.68 tỉ CC MT thụt Trần Quốc Toản q3 mới 3 lầu,4680000000,"4,68 Tỷ",45,0,"Đường Trần Quốc Toản - Phường 8, Quận 3, TP Hồ Chí Minh",Phường 8,NA,Quận 3,1020,Bất động sản khác,10.7752885,106.705369,NA,https://homedy.com/ban-nha-rieng-quan-3-tp-ho-chi-minh/4-68-ti-cc-mt-thut-tran-quoc-toan-q3-moi-lau-es3208434,https://homedy.com/ban-nha-rieng-quan-3-tp-ho-chi-minh/4-68-ti-cc-mt-thut-tran-quoc-toan-q3-moi-lau-es3208434,2026-05-30,2026-06-07 01:13:45.361434,NA,4680,104000000,1,0
homedy,ban,homedy_3198392,3198392,"Dãy trọ 5 phòng ngay làng đại học, Linh Xuân , 100m2, 5,5 tỷ.",5500000000,"5,5 Tỷ",100,0,"Phường Linh Xuân - Thành phố Thủ Đức, TP Hồ Chí Minh",Phường Linh Xuân - Thành phố Thủ Đức,NA,Thành phố Thủ Đức,1050,Phòng/Cho thuê,10.8727102,106.7649932,NA,https://homedy.com/ban-nha-rieng-thanh-pho-thu-duc-tp-ho-chi-minh/day-tro-5-phong-ngay-lang-dai-hoc-linh-xuan-100m2-55-ty-es3198392,https://homedy.com/ban-nha-rieng-thanh-pho-thu-duc-tp-ho-chi-minh/day-tro-5-phong-ngay-lang-dai-hoc-linh-xuan-100m2-55-ty-es3198392,2026-05-29,2026-06-07 01:13:45.361434,NA,5500,55000000,1,0
homedy,ban,homedy_3200047,3200047,Giá rất tốt - 2 tầng ngay Hồ Văn Tư sát chợ Thủ Đức 5 tỷ!,5000000000,5 Tỷ,48,0,"Đường Hồ Văn Tư - Phường Trường Thọ, Thành phố Thủ Đức, TP Hồ Chí Minh",Phường Trường Thọ,NA,Thành phố Thủ Đức,1020,Bất động sản khác,10.8202523,106.7589927,NA,https://homedy.com/ban-nha-rieng-thanh-pho-thu-duc-tp-ho-chi-minh/gia-rat-tot-2-tang-ngay-van-tu-sat-cho-5-ty-es3200047,https://homedy.com/ban-nha-rieng-thanh-pho-thu-duc-tp-ho-chi-minh/gia-rat-tot-2-tang-ngay-van-tu-sat-cho-5-ty-es3200047,2026-05-29,2026-06-07 01:13:45.361434,NA,5000,104166666.66666667,1,0
homedy,ban,homedy_3202289,3202289,"Nhà 4 tầng hẻm xe hơi đường số 11 Trường Thọ, 7,7 tỷ.",7700000000,"7,7 Tỷ",75,4,"Đường Số 11 - Phường Trường Thọ, Thành phố Thủ Đức, TP Hồ Chí Minh",Phường Trường Thọ,NA,Thành phố Thủ Đức,1020,Nhà phố,10.8454774,106.7591933,NA,https://homedy.com/ban-nha-rieng-thanh-pho-thu-duc-tp-ho-chi-minh/4-tang-hem-xe-hoi-duong-so-11-truong-tho-77-ty-es3202289,https://homedy.com/ban-nha-rieng-thanh-pho-thu-duc-tp-ho-chi-minh/4-tang-hem-xe-hoi-duong-so-11-truong-tho-77-ty-es3202289,2026-05-29,2026-06-07 01:13:45.361434,NA,7700,102666666.66666667,1,0
homedy,ban,homedy_3201233,3201233,"Đất lô góc MTKD Khu dân cư Êm Đềm Linh Xuân, 14,8 tỷ",14800000000,"14,8 Tỷ",131,0,"Phường Linh Xuân - Thành phố Thủ Đức, TP Hồ Chí Minh",Phường Linh Xuân - Thành phố Thủ Đức,NA,Thành phố Thủ Đức,1040,Đất nền,10.8727102,106.7649932,NA,https://homedy.com/ban-dat-thanh-pho-thu-duc-tp-ho-chi-minh/lo-goc-mtkd-khu-dan-cu-em-dem-linh-xuan-148-ty-es3201233,https://homedy.com/ban-dat-thanh-pho-thu-duc-tp-ho-chi-minh/lo-goc-mtkd-khu-dan-cu-em-dem-linh-xuan-148-ty-es3201233,2026-05-29,2026-06-07 01:13:45.361434,NA,14800,112977099.23664123,1,0
homedy,ban,homedy_3200438,3200438,"Đất FO chưa qua đầu tư Tây Hoà quận 9 , 6,5 tỷ",6500000000,"6,5 Tỷ",85,0,"Đường Tây Hòa - Phường Phước Long A, Quận 9, TP Hồ Chí Minh",Phường Phước Long A,NA,Thành phố Thủ Đức,1040,Đất nền,10.8441928,106.7791529,NA,https://homedy.com/ban-dat-quan-9-tp-ho-chi-minh/fo-chua-qua-dau-tu-tay-hoa-65-ty-es3200438,https://homedy.com/ban-dat-quan-9-tp-ho-chi-minh/fo-chua-qua-dau-tu-tay-hoa-65-ty-es3200438,2026-05-29,2026-06-07 01:13:45.361434,NA,6500,76470588.23529412,1,0
homedy,ban,homedy_3200028,3200028,"Giá tốt đầu tư - Nhà 4 tầng Linh Trung, 7,45 tỷ.",7450000000,"7,45 Tỷ",53,4,"Đường 16 - Phường Linh Trung, Thành phố Thủ Đức, TP Hồ Chí Minh",Phường Linh Trung,NA,Thành phố Thủ Đức,1020,Nhà phố,10.8651356,106.7645982,NA,https://homedy.com/ban-nha-rieng-thanh-pho-thu-duc-tp-ho-chi-minh/gia-tot-dau-tu-4-tang-linh-trung-745-ty-es3200028,https://homedy.com/ban-nha-rieng-thanh-pho-thu-duc-tp-ho-chi-minh/gia-tot-dau-tu-4-tang-linh-trung-745-ty-es3200028,2026-05-29,2026-06-07 01:13:45.361434,NA,7450,140566037.73584905,1,0
homedy,ban,homedy_3193622,3193622,"Nhà 4 tầng mặt tiền KDC Linh Xuân , 90 m2, 15 tỷ, tặng toàn bộ nội thất.",15000000000,15 Tỷ,90,4,"Đường 4 - Phường Linh Xuân, Thành phố Thủ Đức, TP Hồ Chí Minh",Phường Linh Xuân,NA,Thành phố Thủ Đức,1020,Nhà phố,10.8758915,106.7693577,NA,https://homedy.com/ban-nha-mat-pho-thanh-pho-thu-duc-tp-ho-chi-minh/4-tang-tien-kdc-linh-xuan-90-m2-15-ty-toan-bo-noi-that-es3193622,https://homedy.com/ban-nha-mat-pho-thanh-pho-thu-duc-tp-ho-chi-minh/4-tang-tien-kdc-linh-xuan-90-m2-15-ty-toan-bo-noi-that-es3193622,2026-05-29,2026-06-07 01:13:45.361434,NA,15000,166666666.66666666,1,0
homedy,ban,homedy_3194714,3194714,"Nhà đẹp 4 tầng lô góc đường số 6 Linh Xuân , 104 m2, 7 tỷ.",7000000000,7 Tỷ,104,3,"Đường 6 - Phường Linh Xuân, Thành phố Thủ Đức, TP Hồ Chí Minh",Phường Linh Xuân,NA,Thành phố Thủ Đức,1020,Nhà phố,10.8595124,106.7543323,NA,https://homedy.com/ban-nha-rieng-thanh-pho-thu-duc-tp-ho-chi-minh/dep-4-tang-lo-goc-duong-so-6-linh-xuan-104-m2-7-ty-es3194714,https://homedy.com/ban-nha-rieng-thanh-pho-thu-duc-tp-ho-chi-minh/dep-4-tang-lo-goc-duong-so-6-linh-xuan-104-m2-7-ty-es3194714,2026-05-29,2026-06-07 01:13:45.361434,NA,7000,67307692.3076923,1,0
homedy,ban,homedy_3195305,3195305,"Nhà ngay Hoàng Diệu 2 - Linh Trung, 59 m2, 5,1 tỷ",5100000000,"5,1 Tỷ",59,2,"Đường 5 - Phường Linh Trung, Thành phố Thủ Đức, TP Hồ Chí Minh",Phường Linh Trung,NA,Thành phố Thủ Đức,1020,Nhà phố,10.8620078,106.7842229,NA,https://homedy.com/ban-nha-rieng-thanh-pho-thu-duc-tp-ho-chi-minh/ngay-hoang-dieu-2-linh-trung-59-m2-51-ty-es3195305,https://homedy.com/ban-nha-rieng-thanh-pho-thu-duc-tp-ho-chi-minh/ngay-hoang-dieu-2-linh-trung-59-m2-51-ty-es3195305,2026-05-29,2026-06-07 01:13:45.361434,NA,5100,86440677.96610169,1,0
homedy,ban,homedy_3195954,3195954,"Giá tốt - Ngay Kha Vạn Cân - Phạm Văn Đồng, 8.55 tỷ",8500000000,"8,5 Tỷ",55,0,"Đường Kha Vạn Cân - Phường Linh Trung, Thành phố Thủ Đức, TP Hồ Chí Minh",Phường Linh Trung,NA,Thành phố Thủ Đức,1020,Bất động sản khác,10.8646624,106.7619536,NA,https://homedy.com/ban-nha-rieng-thanh-pho-thu-duc-tp-ho-chi-minh/gia-tot-ngay-kha-van-can-pham-dong-8-55-ty-es3195954,https://homedy.com/ban-nha-rieng-thanh-pho-thu-duc-tp-ho-chi-minh/gia-tot-ngay-kha-van-can-pham-dong-8-55-ty-es3195954,2026-05-29,2026-06-07 01:13:45.361434,NA,8500,154545454.54545453,1,0
homedy,ban,homedy_3197750,3197750,"Nhà đẹp hơn 100m2, đường nhựa 9m, Linh Xuân Thủ Đức",7800000000,"7,8 Tỷ",111,0,"Đường 11 - Phường Linh Xuân, Thành phố Thủ Đức, TP Hồ Chí Minh",Phường Linh Xuân,NA,Thành phố Thủ Đức,1020,Nhà phố,10.857517,106.7759341,NA,https://homedy.com/ban-nha-rieng-thanh-pho-thu-duc-tp-ho-chi-minh/dep-hon-100m2-duong-nhua-9m-linh-xuan-es3197750,https://homedy.com/ban-nha-rieng-thanh-pho-thu-duc-tp-ho-chi-minh/dep-hon-100m2-duong-nhua-9m-linh-xuan-es3197750,2026-05-29,2026-06-07 01:13:45.361434,NA,7800,70270270.27027027,1,0
homedy,ban,homedy_3197151,3197151,"Lô đất giá tốt - đường 8 Linh Xuân, 98 m2, 4,8 tỷ",4800000000,"4,8 Tỷ",98,0,"Đường 8 - Phường Linh Xuân, Thành phố Thủ Đức, TP Hồ Chí Minh",Phường Linh Xuân,NA,Thành phố Thủ Đức,1040,Đất nền,10.8737386,106.7764735,NA,https://homedy.com/ban-dat-thanh-pho-thu-duc-tp-ho-chi-minh/lo-gia-tot-duong-8-linh-xuan-98-m2-48-ty-es3197151,https://homedy.com/ban-dat-thanh-pho-thu-duc-tp-ho-chi-minh/lo-gia-tot-duong-8-linh-xuan-98-m2-48-ty-es3197151,2026-05-29,2026-06-07 01:13:45.361434,NA,4800,48979591.8367347,1,0
homedy,ban,homedy_3208409,3208409,"Bán nhà mặt tiền đường Âu Dương Lân , phường 2 , Q8 80m2 , 4 lầu chỉ còn 22 tỷ , lh 0398879796",22000000000,22 Tỷ,80,4,"Đường Âu Dương Lân - Phường 2, Quận 8, TP Hồ Chí Minh",Phường 2,NA,Quận 8,1020,Nhà phố,10.7416082,106.6649389,NA,https://homedy.com/ban-nha-mat-pho-quan-8-tp-ho-chi-minh/tien-duong-au-lan-phuong-2-q8-80m2-4-lau-con-22-ty-lh-0398879796-es3208409,https://homedy.com/ban-nha-mat-pho-quan-8-tp-ho-chi-minh/tien-duong-au-lan-phuong-2-q8-80m2-4-lau-con-22-ty-lh-0398879796-es3208409,2026-05-29,2026-06-07 01:13:45.361434,NA,22000,275000000,1,0
homedy,ban,homedy_3087698,3087698,Tân thới hiệp 48M2 3 lầu HXH thông nhỉnh 3 đồng chủ GẤP BÁN,3790000000,"3,79 Tỷ",48,3,"Đường Tân Thới Hiệp 20 - Phường Tân Thới Hiệp, Quận 12, TP Hồ Chí Minh",Phường Tân Thới Hiệp,NA,Quận 12,1020,Bất động sản khác,10.867933026162085,106.64179387953678,NA,https://homedy.com/ban-nha-rieng-quan-12-tp-ho-chi-minh/tan-thoi-hiep-48m2-3-lau-hxh-thong-nhinh-dong-chu-gap-es3087698,https://homedy.com/ban-nha-rieng-quan-12-tp-ho-chi-minh/tan-thoi-hiep-48m2-3-lau-hxh-thong-nhinh-dong-chu-gap-es3087698,2026-05-29,2026-06-07 01:13:45.361434,NA,3790,78958333.33333333,1,0
homedy,ban,homedy_3208408,3208408,đất thạnh xuân quận 12 - hẻm nhựa 8m - 67m2 - ngang 4.5m hệ số XD 3.5 giá chào chỉ 3.65 tỷ TL,3650000000,"3,65 Tỷ",67,0,"Đường Thạnh Xuân 24 - Phường Thạnh Xuân, Quận 12, TP Hồ Chí Minh",Phường Thạnh Xuân,NA,Quận 12,1040,Đất nền,10.7766343,106.69135,NA,https://homedy.com/ban-dat-quan-12-tp-ho-chi-minh/thanh-xuan-hem-nhua-8m-67m2-ngang-4-5m-he-so-xd-3-5-gia-chao-65-ty-tl-es3208408,https://homedy.com/ban-dat-quan-12-tp-ho-chi-minh/thanh-xuan-hem-nhua-8m-67m2-ngang-4-5m-he-so-xd-3-5-gia-chao-65-ty-tl-es3208408,2026-05-29,2026-06-07 01:13:45.361434,NA,3650,54477611.940298505,1,0
homedy,ban,homedy_3192681,3192681,"Bán toà nhà văn phòng Quận Bình Thạnh, Điện Biên Phủ, 2 hầm + 13 tầng, 330m2",360000000000,360 Tỷ,330,0,"Đường Điện Biên Phủ - Phường 25, Quận Bình Thạnh, TP Hồ Chí Minh",Phường 25,NA,Quận Bình Thạnh,1020,Nhà phố,10.7987615,106.7208459,NA,https://homedy.com/ban-bat-dong-san-khac-quan-binh-thanh-tp-ho-chi-minh/toa-nha-van-phong-dien-bien-phu-2-ham-13-tang-330m2-es3192681,https://homedy.com/ban-bat-dong-san-khac-quan-binh-thanh-tp-ho-chi-minh/toa-nha-van-phong-dien-bien-phu-2-ham-13-tang-330m2-es3192681,2026-05-29,2026-06-07 01:13:45.361434,NA,360000,1090909090.909091,1,0
homedy,ban,homedy_3178927,3178927,"Căn Hộ 2PN Phạm Văn Đồng 2 tỷ View Hồ Bơi, nội thất sẵn, sổ riêng bao phí O7O.555.6O36",2000000000,2 Tỷ,50,2,"Đường Phạm Văn Đồng - Phường 3, Quận Gò Vấp, TP Hồ Chí Minh",Phường 3,NA,Quận Gò Vấp,1010,Căn hộ,10.816360997842414,106.68299674987794,NA,https://homedy.com/ban-can-ho-quan-go-vap-tp-ho-chi-minh/2pn-pham-van-dong-2-ty-view-boi-noi-that-san-so-rieng-bao-phi-o7o-555-6o36-es3178927,https://homedy.com/ban-can-ho-quan-go-vap-tp-ho-chi-minh/2pn-pham-van-dong-2-ty-view-boi-noi-that-san-so-rieng-bao-phi-o7o-555-6o36-es3178927,2026-05-29,2026-06-07 01:13:45.361434,NA,2000,40000000,1,0
homedy,ban,homedy_3208403,3208403,"CH 52m2/ 2PN 2,1 tỷ Phan Văn Trị tầng Cao view toàn TP, sổ riêng cho vay 70% góp 8 triệu/tháng",2100000000,"2,1 Tỷ",52,2,"Đường Phan Văn Trị - Phường 5, Quận Bình Thạnh, TP Hồ Chí Minh",Phường 5,NA,Quận Bình Thạnh,1020,Bất động sản khác,10.810164457904026,106.69600009918214,NA,https://homedy.com/ban-can-ho-quan-binh-thanh-tp-ho-chi-minh/ch-52m2-2pn-21-ty-phan-van-tri-tang-cao-view-toan-so-rieng-cho-vay-70-gop-8-trieu-thang-es3208403,https://homedy.com/ban-can-ho-quan-binh-thanh-tp-ho-chi-minh/ch-52m2-2pn-21-ty-phan-van-tri-tang-cao-view-toan-so-rieng-cho-vay-70-gop-8-trieu-thang-es3208403,2026-05-29,2026-06-07 01:13:45.361434,NA,2100,40384615.384615384,1,0
homedy,ban,homedy_3208390,3208390,"Nhà cấp 4 giá mềm ngay sau lưng chợ Việt Kiều – xã Củ Chi, Sổ riêng, 785 Tri..ệ.u",785000000,785 Triệu,150,2,"Xã Tân Thông Hội, Huyện Củ Chi, TP Hồ Chí Minh",Xã Tân Thông Hội,NA,Huyện Củ Chi,1020,Nhà phố,11.0967072,106.5097461,NA,https://homedy.com/ban-nha-rieng-huyen-cu-chi-tp-ho-chi-minh/cap-4-gia-mem-ngay-sau-lung-cho-viet-kieu-xa-so-785-tri-e-u-es3208390,https://homedy.com/ban-nha-rieng-huyen-cu-chi-tp-ho-chi-minh/cap-4-gia-mem-ngay-sau-lung-cho-viet-kieu-xa-so-785-tri-e-u-es3208390,2026-05-29,2026-06-07 01:13:45.361434,NA,785,5233333.333333333,1,0
homedy,ban,homedy_3205297,3205297,Cần bán gấp nhà Mặt tiền DT 4m x 13.5 (nở hậu 4m50),21500000000,"21,5 Tỷ",54,5,"Đường Trường Sa - Phường 13, Quận Phú Nhuận, TP Hồ Chí Minh",Phường 13,NA,Quận Phú Nhuận,1020,Nhà phố,10.8010061,106.6797643,NA,https://homedy.com/ban-nha-mat-pho-quan-phu-nhuan-tp-ho-chi-minh/can-gap-tien-dt-4m-x-13-5-no-hau-4m50-es3205297,https://homedy.com/ban-nha-mat-pho-quan-phu-nhuan-tp-ho-chi-minh/can-gap-tien-dt-4m-x-13-5-no-hau-4m50-es3205297,2026-05-10,2026-06-07 01:13:45.361434,NA,21500,398148148.1481481,1,0
homedy,ban,homedy_3208378,3208378,"Bán đất đẹp tại Long Hòa, Cần Giờ, 13,086 tỷ, 654,3 m2 nhiều tiện ích",13090000000,"13,09 Tỷ",654,0,"Đường Duyên Hải - Xã Long Hòa, Huyện Cần Giờ, TP Hồ Chí Minh",Xã Long Hòa,NA,Huyện Cần Giờ,1040,Đất nền,10.397789673557272,106.9296097755432,NA,https://homedy.com/ban-dat-huyen-can-gio-tp-ho-chi-minh/dep-tai-long-hoa-13086-ty-6543-m2-nhieu-tien-ich-es3208378,https://homedy.com/ban-dat-huyen-can-gio-tp-ho-chi-minh/dep-tai-long-hoa-13086-ty-6543-m2-nhieu-tien-ich-es3208378,2026-05-29,2026-06-07 01:13:45.361434,NA,13090,20015290.519877676,1,0
homedy,ban,homedy_3208359,3208359,Đất Nền Gần Trung Tâm Hành Chính Củ Chi – Tiềm Năng Phát Triển Sinh Lời Cao,1300000000,"1,3 Tỷ",100,0,"Xã Thái Mỹ - Huyện Củ Chi, TP Hồ Chí Minh",Xã Thái Mỹ - Huyện Củ Chi,NA,Huyện Củ Chi,1040,Đất nền,11.0967072,106.5097461,NA,https://homedy.com/ban-dat-huyen-cu-chi-tp-ho-chi-minh/nen-gan-trung-tam-hanh-chinh-tiem-nang-phat-trien-sinh-loi-cao-es3208359,https://homedy.com/ban-dat-huyen-cu-chi-tp-ho-chi-minh/nen-gan-trung-tam-hanh-chinh-tiem-nang-phat-trien-sinh-loi-cao-es3208359,2026-05-29,2026-06-07 01:13:45.361434,NA,1300,13000000,1,0
homedy,ban,homedy_3208356,3208356,"Bán nhà khu Huy Hoàng Thạnh Mỹ Lợi, dt 8x20m, 4 tầng, giá 42,4 tỷ",42400000000,"42,4 Tỷ",160,0,"Phường Thạnh Mỹ Lợi - Quận 2, TP Hồ Chí Minh",Phường Thạnh Mỹ Lợi - Quận 2,NA,Thành phố Thủ Đức,1020,Nhà phố,10.7707318,106.7702559,NA,https://homedy.com/ban-nha-rieng-quan-2-tp-ho-chi-minh/khu-huy-hoang-thanh-my-loi-dt-8x20m-4-tang-gia-424-ty-es3208356,https://homedy.com/ban-nha-rieng-quan-2-tp-ho-chi-minh/khu-huy-hoang-thanh-my-loi-dt-8x20m-4-tang-gia-424-ty-es3208356,2026-05-29,2026-06-07 01:13:45.361434,NA,42400,265000000,1,0
homedy,ban,homedy_3208355,3208355,Căn hộ cao cấp Vlasta premier Phú Nhuận chủ đầu tư Văn Phú,9500000000,"4,3 - 9,5 Tỷ",49,0,"Đường Đào Trí - Phường Phú Thuận, Quận 7, TP Hồ Chí Minh",Phường Phú Thuận,NA,Quận 7,1010,Căn hộ,10.73785,106.729695,NA,https://homedy.com/ban-can-ho-quan-7-tp-ho-chi-minh/cao-cap-vlasta-premier-phu-nhuan-chu-dau-tu-van-es3208355,https://homedy.com/ban-can-ho-quan-7-tp-ho-chi-minh/cao-cap-vlasta-premier-phu-nhuan-chu-dau-tu-van-es3208355,2026-05-29,2026-06-07 01:13:45.361434,NA,9500,193877551.02040815,1,0
homedy,ban,homedy_3208354,3208354,"Bán khu đất vàng 465m2 mt Nguyễn Văn Trỗi, ngang 28m, dòng tiền sẵn có, giá 260 tỷ",260000000000,260 Tỷ,465,0,"Đường Nguyễn Văn Trỗi - Phường 8, Quận Phú Nhuận, TP Hồ Chí Minh",Phường 8,NA,Quận Phú Nhuận,1040,Đất nền,10.8010061,106.6797643,NA,https://homedy.com/ban-dat-quan-phu-nhuan-tp-ho-chi-minh/khu-vang-465m2-mt-nguyen-van-troi-ngang-28m-dong-tien-san-co-gia-260-ty-es3208354,https://homedy.com/ban-dat-quan-phu-nhuan-tp-ho-chi-minh/khu-vang-465m2-mt-nguyen-van-troi-ngang-28m-dong-tien-san-co-gia-260-ty-es3208354,2026-05-29,2026-06-07 01:13:45.361434,NA,260000,559139784.9462366,1,0
homedy,ban,homedy_3208350,3208350,"Bán đất đường 49B Thảo Điền, ngay bến tàu thuỷ, dt 295,7m2, 12,5x25m, giá 150 tỷ",150000000000,150 Tỷ,295.7,0,"Đường 49B - Phường Thảo Điền, Quận 2, TP Hồ Chí Minh",Phường Thảo Điền,NA,Thành phố Thủ Đức,1040,Đất nền,10.8050147,106.7461236,NA,https://homedy.com/ban-dat-nen-du-an-quan-2-tp-ho-chi-minh/duong-49b-thao-dien-ngay-ben-tau-thuy-dt-2957m2-125x25m-gia-150-ty-es3208350,https://homedy.com/ban-dat-nen-du-an-quan-2-tp-ho-chi-minh/duong-49b-thao-dien-ngay-ben-tau-thuy-dt-2957m2-125x25m-gia-150-ty-es3208350,2026-05-29,2026-06-07 01:13:45.361434,NA,150000,507270882.65133584,1,0
homedy,ban,homedy_3208351,3208351,"Bán nhà HXH 60m2 2PN, 2WC phường Hiệp Bình, Thủ Đức",6200000000,"6,2 Tỷ",58.6,2,"Đường 38 - Phường Hiệp Bình Chánh, Thành phố Thủ Đức, TP Hồ Chí Minh",Phường Hiệp Bình Chánh,NA,Thành phố Thủ Đức,1020,Nhà phố,10.8299994,106.7132913,NA,https://homedy.com/ban-nha-rieng-thanh-pho-thu-duc-tp-ho-chi-minh/hxh-60m2-2pn-2wc-phuong-hiep-binh-es3208351,https://homedy.com/ban-nha-rieng-thanh-pho-thu-duc-tp-ho-chi-minh/hxh-60m2-2pn-2wc-phuong-hiep-binh-es3208351,2026-05-29,2026-06-07 01:13:45.361434,NA,6200,105802047.78156996,1,0
homedy,ban,homedy_3205260,3205260,"Mặt tiền KD, nhà khu Him Lam Linh Chiểu Thủ Đức - 14 tỷ.",14000000000,14 Tỷ,81,5,"Đường 4 - Phường Linh Chiểu, Thành phố Thủ Đức, TP Hồ Chí Minh",Phường Linh Chiểu,NA,Thành phố Thủ Đức,1020,Nhà phố,10.8530516,106.7663015,NA,https://homedy.com/ban-nha-mat-pho-thanh-pho-thu-duc-tp-ho-chi-minh/tien-kd-khu-him-lam-linh-chieu-14-ty-es3205260,https://homedy.com/ban-nha-mat-pho-thanh-pho-thu-duc-tp-ho-chi-minh/tien-kd-khu-him-lam-linh-chieu-14-ty-es3205260,2026-05-09,2026-06-07 01:13:45.361434,NA,14000,172839506.1728395,1,0
homedy,ban,homedy_3204487,3204487,"Lô đất giá tốt - đường 10 Linh Trung, 71 m2, giá 5,95 tỷ",5950000000,"5,95 Tỷ",71,0,"Đường 10 - Phường Linh Trung, Thành phố Thủ Đức, TP Hồ Chí Minh",Phường Linh Trung,NA,Thành phố Thủ Đức,1040,Đất nền,10.8651356,106.7645982,NA,https://homedy.com/ban-dat-thanh-pho-thu-duc-tp-ho-chi-minh/lo-gia-tot-duong-10-linh-trung-71-m2-595-ty-es3204487,https://homedy.com/ban-dat-thanh-pho-thu-duc-tp-ho-chi-minh/lo-gia-tot-duong-10-linh-trung-71-m2-595-ty-es3204487,2026-05-05,2026-06-07 01:13:45.361434,NA,5950,83802816.90140845,1,0
homedy,ban,homedy_3204885,3204885,"Nhà đẹp giá tốt, khu phân lô Linh Xuân , 67m2, 6,7 tỷ.",6700000000,"6,7 Tỷ",67,4,"Đường 10 - Phường Linh Xuân, Thành phố Thủ Đức, TP Hồ Chí Minh",Phường Linh Xuân,NA,Thành phố Thủ Đức,1020,Nhà phố,10.8572104,106.7721044,NA,https://homedy.com/ban-nha-rieng-thanh-pho-thu-duc-tp-ho-chi-minh/dep-gia-tot-khu-phan-lo-linh-xuan-67m2-67-ty-es3204885,https://homedy.com/ban-nha-rieng-thanh-pho-thu-duc-tp-ho-chi-minh/dep-gia-tot-khu-phan-lo-linh-xuan-67m2-67-ty-es3204885,2026-05-07,2026-06-07 01:13:45.361434,NA,6700,100000000,1,0
homedy,ban,homedy_3202398,3202398,"Đất F0 chưa qua đầu tư, ngay làng đại học, Linh Xuân, 4,8 tỷ",4800000000,"4,8 Tỷ",70,0,"Đường Số 8 - Phường Linh Xuân, Thành phố Thủ Đức, TP Hồ Chí Minh",Phường Linh Xuân,NA,Thành phố Thủ Đức,1040,Đất nền,10.8556547,106.7716747,NA,https://homedy.com/ban-dat-thanh-pho-thu-duc-tp-ho-chi-minh/f0-chua-qua-dau-tu-ngay-lang-dai-hoc-linh-xuan-48-ty-es3202398,https://homedy.com/ban-dat-thanh-pho-thu-duc-tp-ho-chi-minh/f0-chua-qua-dau-tu-ngay-lang-dai-hoc-linh-xuan-48-ty-es3202398,2026-05-29,2026-06-07 01:13:45.361434,NA,4800,68571428.57142857,1,0
homedy,ban,homedy_3202454,3202454,"Mặt tiền KD góc Phan Văn Trị - Nguyên Hồng, 11tỷ",11000000000,11 Tỷ,63,0,"Quận Bình Thạnh - , TP Hồ Chí Minh",Không rõ,NA,Quận Bình Thạnh,1020,Bất động sản khác,10.812271,106.7040393,NA,https://homedy.com/ban-nha-mat-pho-quan-binh-thanh-tp-ho-chi-minh/tien-kd-goc-phan-van-tri-nguyen-hong-11ty-es3202454,https://homedy.com/ban-nha-mat-pho-quan-binh-thanh-tp-ho-chi-minh/tien-kd-goc-phan-van-tri-nguyen-hong-11ty-es3202454,2026-05-29,2026-06-07 01:13:45.361434,NA,11000,174603174.6031746,1,0
homedy,ban,homedy_3205934,3205934,"Chủ thiện chí bán nhanh, MTKD ngay chợ Linh Trung, dt 90m2, 11,8 tỷ",11800000000,"11,8 Tỷ",90,7,"Phường Linh Trung - Thành phố Thủ Đức, TP Hồ Chí Minh",Phường Linh Trung - Thành phố Thủ Đức,NA,Thành phố Thủ Đức,1020,Bất động sản khác,10.8646624,106.7619536,NA,https://homedy.com/ban-nha-mat-pho-thanh-pho-thu-duc-tp-ho-chi-minh/chu-thien-nhanh-mtkd-ngay-cho-linh-trung-dt-90m2-118-ty-es3205934,https://homedy.com/ban-nha-mat-pho-thanh-pho-thu-duc-tp-ho-chi-minh/chu-thien-nhanh-mtkd-ngay-cho-linh-trung-dt-90m2-118-ty-es3205934,2026-05-29,2026-06-07 01:13:45.361434,NA,11800,131111111.1111111,1,0
homedy,ban,homedy_3208281,3208281,"Bán nhà xưởng mặt tiền Nguyễn Văn Cự , Bình Tân 653m2 , ngang 12m chỉ 25,5 tỷ",25500000000,"25,5 Tỷ",653,0,"Đường Nguyễn Văn Cự - Phường Tân Tạo A, Quận Bình Tân, TP Hồ Chí Minh",Phường Tân Tạo A,NA,Quận Bình Tân,1020,Nhà phố,10.7510379,106.5918016,NA,https://homedy.com/ban-nha-mat-pho-quan-binh-tan-tp-ho-chi-minh/xuong-tien-nguyen-van-cu-653m2-ngang-12m-255-ty-es3208281,https://homedy.com/ban-nha-mat-pho-quan-binh-tan-tp-ho-chi-minh/xuong-tien-nguyen-van-cu-653m2-ngang-12m-255-ty-es3208281,2026-05-28,2026-06-07 01:13:45.361434,NA,25500,39050535.987748854,1,0
homedy,ban,homedy_3207030,3207030,"57M2/2PN - CH 26 Nguyễn Thượng Hiền ,Sổ trao tay ,Góp 5 năm ,Tầng cao ,View Landmark đẹp lung linh",2300000000,"2,3 Tỷ",57,2,"Đường Nguyễn Thượng Hiền, Phường 1, Quận Gò Vấp, TP Hồ Chí Minh",Phường 1,NA,Quận Gò Vấp,1020,Bất động sản khác,10.8148322,106.68756699999994,NA,https://homedy.com/ban-can-ho-26-nguyen-thuong-hien/57m2-2pn-ch-so-trao-tay-gop-5-nam-tang-cao-view-landmark-dep-lung-linh-es3207030,https://homedy.com/ban-can-ho-26-nguyen-thuong-hien/57m2-2pn-ch-so-trao-tay-gop-5-nam-tang-cao-view-landmark-dep-lung-linh-es3207030,2026-05-28,2026-06-07 01:13:45.361434,NA,2300,40350877.19298246,1,0
homedy,ban,homedy_3201973,3201973,"Nguyễn Thái Sơn - Gò Vấp ,2PN /55M2 , Hiện Hữu 100% , SHR , Góp 70% ,Lãi 0% ,Tầng cao View Sân Bay",2200000000,"2,2 Tỷ",55,2,"Đường Nguyễn Thái Sơn - Phường 3, Quận Gò Vấp, TP Hồ Chí Minh",Phường 3,NA,Quận Gò Vấp,1020,Bất động sản khác,10.8154508,106.6776414,NA,https://homedy.com/ban-can-ho-quan-go-vap-tp-ho-chi-minh/nguyen-thai-son-2pn-55m2-hien-huu-100-shr-gop-70-lai-0-tang-cao-view-san-bay-es3201973,https://homedy.com/ban-can-ho-quan-go-vap-tp-ho-chi-minh/nguyen-thai-son-2pn-55m2-hien-huu-100-shr-gop-70-lai-0-tang-cao-view-san-bay-es3201973,2026-04-19,2026-06-07 01:13:45.361434,NA,2200,40000000,1,0
homedy,ban,homedy_3208269,3208269,"Bán đất bờ sông Long Phước Thủ Đức, 5.000m², thích hợp compound và farmstay",82500000000,"82,5 Tỷ",5000,0,"Đường Long Thuận - Phường Long Phước, Quận 9, TP Hồ Chí Minh",Phường Long Phước,NA,Thành phố Thủ Đức,1040,Đất nền,10.8063168,106.7784645,NA,https://homedy.com/ban-dat-quan-9-tp-ho-chi-minh/bo-song-long-phuoc-thu-duc-5-000m-thich-hop-compound-va-farmstay-es3208269,https://homedy.com/ban-dat-quan-9-tp-ho-chi-minh/bo-song-long-phuoc-thu-duc-5-000m-thich-hop-compound-va-farmstay-es3208269,2026-05-28,2026-06-07 01:13:45.361434,NA,82500,16500000,1,0
homedy,ban,homedy_3208267,3208267,"Bán đất mt Lê Quý Đôn Thủ Đức, quỹ đất 1.611m² cực hiếm, phù hợp xây dự án lớn",185000000000,185 Tỷ,1611,0,"Đường Lê Quý Đôn - Phường Bình Thọ, Thành phố Thủ Đức, TP Hồ Chí Minh",Phường Bình Thọ,NA,Thành phố Thủ Đức,1040,Đất nền,10.8493783,106.7692018,NA,https://homedy.com/ban-dat-thanh-pho-thu-duc-tp-ho-chi-minh/mt-le-quy-don-1-611m-cuc-hiem-phu-hop-xay-du-an-lon-es3208267,https://homedy.com/ban-dat-thanh-pho-thu-duc-tp-ho-chi-minh/mt-le-quy-don-1-611m-cuc-hiem-phu-hop-xay-du-an-lon-es3208267,2026-05-28,2026-06-07 01:13:45.361434,NA,185000,114835505.89695841,1,0
homedy,ban,homedy_3208255,3208255,"Bán nhà An Phú Quận 2, gần Metro & Xa Lộ Hà Nội, 105m², 3 tầng, giá 25.5 tỷ",25500000000,"25,5 Tỷ",105,0,"Đường 16 - Phường An Phú, Quận 2, TP Hồ Chí Minh",Phường An Phú,NA,Thành phố Thủ Đức,1020,Nhà phố,10.799579,106.7404209,NA,https://homedy.com/ban-nha-rieng-quan-2-tp-ho-chi-minh/an-phu-gan-metro-xa-lo-ha-noi-105m-3-tang-gia-25-5-ty-es3208255,https://homedy.com/ban-nha-rieng-quan-2-tp-ho-chi-minh/an-phu-gan-metro-xa-lo-ha-noi-105m-3-tang-gia-25-5-ty-es3208255,2026-05-28,2026-06-07 01:13:45.361434,NA,25500,242857142.85714287,1,0
homedy,ban,homedy_3207871,3207871,"1 tỷ 960 căn hộ Lê Quang Định, 49m2 đã sổ, ở liền, có nội thất",1960000000,"1,96 Tỷ",49,0,"Đường Nguyễn Thượng Hiền, Phường 1, Quận Gò Vấp, TP Hồ Chí Minh",Phường 1,NA,Quận Gò Vấp,1010,Căn hộ,10.8148322,106.68756699999994,NA,https://homedy.com/ban-can-ho-26-nguyen-thuong-hien/1-ty-960-le-quang-dinh-49m2-da-so-o-lien-co-noi-that-es3207871,https://homedy.com/ban-can-ho-26-nguyen-thuong-hien/1-ty-960-le-quang-dinh-49m2-da-so-o-lien-co-noi-that-es3207871,2026-05-28,2026-06-07 01:13:45.361434,NA,1960,40000000,1,0
homedy,ban,homedy_3208231,3208231,"Nhà chính chủ cần bán gấp, khu vực cầu lớn hóc môn sổ riêng",775000000,775 Triệu,36,2,"Đường Nguyễn Văn Bứa - Xã Xuân Thới Sơn, Huyện Hóc Môn, TP Hồ Chí Minh",Xã Xuân Thới Sơn,NA,Huyện Hóc Môn,1020,Nhà phố,10.8937624,106.5832489,NA,https://homedy.com/ban-nha-rieng-huyen-hoc-mon-tp-ho-chi-minh/chinh-chu-can-gap-khu-vuc-cau-lon-so-es3208231,https://homedy.com/ban-nha-rieng-huyen-hoc-mon-tp-ho-chi-minh/chinh-chu-can-gap-khu-vuc-cau-lon-so-es3208231,2026-05-28,2026-06-07 01:13:45.361434,NA,775,21527777.777777776,1,0
homedy,ban,homedy_3208213,3208213,"Bán nhà xưởng 500m2 , 3 lầu , Bình Tân, lh 0398879796",18800000000,"18,8 Tỷ",500,10,"Phường Tân Tạo - Quận Bình Tân, TP Hồ Chí Minh",Phường Tân Tạo - Quận Bình Tân,NA,Quận Bình Tân,1020,Nhà phố,10.7510379,106.5918016,NA,https://homedy.com/ban-nha-mat-pho-quan-binh-tan-tp-ho-chi-minh/xuong-500m2-3-lau-lh-0398879796-es3208213,https://homedy.com/ban-nha-mat-pho-quan-binh-tan-tp-ho-chi-minh/xuong-500m2-3-lau-lh-0398879796-es3208213,2026-05-28,2026-06-07 01:13:45.361434,NA,18800,37600000,1,0
homedy,ban,homedy_2755456,2755456,"Bán nhà mặt tiền trần bình trọng 800m2 , 2 lầu , 60 pn ,dòng tiền 1 tỷ/tháng chỉ 102 tỷ",102000000000,102 Tỷ,800,100,"Đường Trần Bình Trọng - Phường 15, Quận Bình Thạnh, TP Hồ Chí Minh",Phường 15,NA,Quận Bình Thạnh,1020,Nhà phố,NA,NA,NA,https://homedy.com/ban-nha-mat-pho-quan-binh-thanh-tp-ho-chi-minh/tien-tran-trong-800m2-2-lau-60-pn-dong-1-ty-thang-102-es2755456,https://homedy.com/ban-nha-mat-pho-quan-binh-thanh-tp-ho-chi-minh/tien-tran-trong-800m2-2-lau-60-pn-dong-1-ty-thang-102-es2755456,2026-05-28,2026-06-07 01:13:45.361434,NA,102000,127500000,0,0
homedy,ban,homedy_3208212,3208212,Bán căn hộ 2PN2WC - 6 tỷ - 80m2 - Celesta Rise - chủ gửi bán,6000000000,6 Tỷ,80,2,"Đường Nguyễn Hữu Thọ, Xã Phước Kiển, Huyện Nhà Bè, TP Hồ Chí Minh",Xã Phước Kiển,NA,Huyện Nhà Bè,1010,Căn hộ,10.710801213039383,106.7072873359375,NA,https://homedy.com/ban-can-ho-celesta-rise/2pn2wc-6-ty-80m2-chu-gui-es3208212,https://homedy.com/ban-can-ho-celesta-rise/2pn2wc-6-ty-80m2-chu-gui-es3208212,2026-05-28,2026-06-07 01:13:45.361434,NA,6000,75000000,1,0
homedy,ban,homedy_2558537,2558537,"Biệt thự châu âu tuyệt đẹp, giáp quận 7,.hầm 5 lầu chỉ 28 tỷ",25000000000,25 Tỷ,178,9,"Đường Huỳnh Tấn Phát - Thị trấn Nhà Bè, Huyện Nhà Bè, TP Hồ Chí Minh",Thị trấn Nhà Bè,NA,Quận 7,1020,Nhà phố,NA,NA,NA,https://homedy.com/ban-nha-biet-thu-lien-ke-huyen-nha-be-tp-ho-chi-minh/chau-au-tuyet-dep-giap-quan-7-ham-5-lau-28-ty-es2558537,https://homedy.com/ban-nha-biet-thu-lien-ke-huyen-nha-be-tp-ho-chi-minh/chau-au-tuyet-dep-giap-quan-7-ham-5-lau-28-ty-es2558537,2026-05-28,2026-06-07 01:13:45.361434,NA,25000,140449438.2022472,0,0
homedy,ban,homedy_3208204,3208204,"Đất Xa Lộ Hà Nội sát Metro, 486m², ngang 28m, full thổ cư giá tốt",95000000000,95 Tỷ,486,0,"Đường Xa Lộ Hà Nội - Phường An Phú, Quận 2, TP Hồ Chí Minh",Phường An Phú,NA,Thành phố Thủ Đức,1040,Đất nền,10.7730701,106.6544302,NA,https://homedy.com/ban-dat-nen-du-an-quan-2-tp-ho-chi-minh/xa-lo-ha-noi-sat-metro-486m-ngang-28m-full-tho-cu-gia-tot-es3208204,https://homedy.com/ban-dat-nen-du-an-quan-2-tp-ho-chi-minh/xa-lo-ha-noi-sat-metro-486m-ngang-28m-full-tho-cu-gia-tot-es3208204,2026-05-28,2026-06-07 01:13:45.361434,NA,95000,195473251.0288066,1,0
homedy,ban,homedy_3208198,3208198,"Bán toà nhà CHDV xây mới 100%, 103m2, ngang 6.3m, 5 tầng, 19 phòng, HDT 110tr/th",32000000000,32 Tỷ,103,0,"Đường Điện Biên Phủ - Phường 1, Quận 3, TP Hồ Chí Minh",Phường 1,NA,Quận 3,1020,Nhà phố,10.7933512,106.6832206,NA,https://homedy.com/ban-bat-dong-san-khac-quan-3-tp-ho-chi-minh/toa-nha-chdv-xay-moi-100-103m2-ngang-6-3m-5-tang-19-phong-hdt-110tr-th-es3208198,https://homedy.com/ban-bat-dong-san-khac-quan-3-tp-ho-chi-minh/toa-nha-chdv-xay-moi-100-103m2-ngang-6-3m-5-tang-19-phong-hdt-110tr-th-es3208198,2026-05-28,2026-06-07 01:13:45.361434,NA,32000,310679611.65048546,1,0
homedy,thue,homedy_3193987,3193987,Cho Thuê Nhà Nguyên Căn Mặt Tiền Đường Phạm Hùng,38000000,38 Triệu/tháng,102,0,"Đường Phạm Hùng - Phường 4, Quận 8, TP Hồ Chí Minh",Phường 4,NA,Quận 8,1030,Nhà phố,10.7171219,106.6295254,NA,https://homedy.com/cho-thue-nha-mat-pho-quan-8-tp-ho-chi-minh/nguyen-can-tien-duong-pham-hung-es3193987,https://homedy.com/cho-thue-nha-mat-pho-quan-8-tp-ho-chi-minh/nguyen-can-tien-duong-pham-hung-es3193987,2026-06-06,2026-06-07 01:13:45.361434,NA,38,372549.01960784313,1,1
homedy,thue,homedy_3190816,3190816,"Cho thuê nhà mặt tiền đường Nguyễn Gia Trí, phường 25, quận Bình thạnh làm văn phòng Công ty.",30000000,30 Triệu/tháng,160,0,"Đường Nguyễn Gia Trí - Phường 25, Quận Bình Thạnh, TP Hồ Chí Minh",Phường 25,NA,Quận Bình Thạnh,1030,Nhà phố,10.7987615,106.7208459,NA,https://homedy.com/cho-thue-nha-mat-pho-quan-binh-thanh-tp-ho-chi-minh/tien-duong-nguyen-gia-tri-phuong-25-lam-van-phong-cong-ty-es3190816,https://homedy.com/cho-thue-nha-mat-pho-quan-binh-thanh-tp-ho-chi-minh/tien-duong-nguyen-gia-tri-phuong-25-lam-van-phong-cong-ty-es3190816,2026-06-02,2026-06-07 01:13:45.361434,NA,30,187500,1,1
homedy,thue,homedy_3157074,3157074,"Cho thuê căn hộ 2PN full nội thất đẹp tại Jamona Heights Quận 7, 14tr/tháng, LH: 0906 231 863",14000000,14 Triệu/tháng,76,2,"Đường Bùi Văn Ba, Phường Phú Thuận, Quận 7, TP Hồ Chí Minh",Phường Phú Thuận,NA,Quận 7,1010,Căn hộ,10.75009201633062,106.7362869148194,NA,https://homedy.com/cho-thue-can-ho-jamona-heights/2pn-full-noi-that-dep-tai-quan-7-14tr-thang-lh-0906-231-863-es3157074,https://homedy.com/cho-thue-can-ho-jamona-heights/2pn-full-noi-that-dep-tai-quan-7-14tr-thang-lh-0906-231-863-es3157074,2026-06-05,2026-06-07 01:13:45.361434,NA,14,184210.52631578947,1,1
homedy,thue,homedy_3058095,3058095,"Cho thuê phòng mới 100%, còn thơm mùi sơn, Bình Thành, Quận Bình Tân",2700000,"2,7 Triệu/tháng",20,0,"Phường Bình Hưng Hòa B - Quận Bình Tân, TP Hồ Chí Minh",Phường Bình Hưng Hòa B - Quận Bình Tân,NA,Quận Bình Thạnh,1050,Phòng/Cho thuê,10.801923,106.5913656,NA,https://homedy.com/cho-thue-can-ho-dich-vu-quan-binh-tan-tp-ho-chi-minh/phong-moi-100-con-thom-mui-son-thanh-es3058095,https://homedy.com/cho-thue-can-ho-dich-vu-quan-binh-tan-tp-ho-chi-minh/phong-moi-100-con-thom-mui-son-thanh-es3058095,2026-06-05,2026-06-07 01:13:45.361434,NA,2.7,135000,1,1
homedy,thue,homedy_3209279,3209279,"chung cư Cityland-Gò vấp: Căn 2p ngủ, 85m2, giá 13tr/tháng",13000000,13 Triệu/tháng,85,0,"Đường Phan Văn Trị, Phường 10, Quận Gò Vấp, TP Hồ Chí Minh",Phường 10,NA,Quận Gò Vấp,1010,Căn hộ,10.8333135,106.67071550000004,NA,https://homedy.com/cho-thue-can-ho-cityland-park-hills/chung-cu-go-vap-2p-ngu-85m2-gia-13tr-thang-es3209279,https://homedy.com/cho-thue-can-ho-cityland-park-hills/chung-cu-go-vap-2p-ngu-85m2-gia-13tr-thang-es3209279,2026-06-05,2026-06-07 01:13:45.361434,NA,13,152941.17647058822,1,1
homedy,thue,homedy_3117628,3117628,"Cho thuê căn hộ, 85 Bình Thành, Bình Hưng hòa B, Quận Bình Tân",2700000,"2,7 Triệu/tháng",20,1,"Đường Bình Thành - Phường Bình Hưng Hòa B, Quận Bình Tân, TP Hồ Chí Minh",Phường Bình Hưng Hòa B,NA,Quận Bình Thạnh,1010,Căn hộ,10.814073746038842,106.58699311125896,NA,https://homedy.com/cho-thue-can-ho-dich-vu-quan-binh-tan-tp-ho-chi-minh/85-thanh-hung-hoa-b-es3117628,https://homedy.com/cho-thue-can-ho-dich-vu-quan-binh-tan-tp-ho-chi-minh/85-thanh-hung-hoa-b-es3117628,2026-06-05,2026-06-07 01:13:45.361434,NA,2.7,135000,1,1
homedy,thue,homedy_3209149,3209149,Cho thuê nhà nguyên căn phường Trường Thọ HCM,12000000,12 Triệu/tháng,100,1,"Đường 2 - Phường Trường Thọ, Thành phố Thủ Đức, TP Hồ Chí Minh",Phường Trường Thọ,NA,Thành phố Thủ Đức,1030,Nhà phố,10.8468169,106.7596706,NA,https://homedy.com/cho-thue-nha-rieng-thanh-pho-thu-duc-tp-ho-chi-minh/nguyen-can-phuong-truong-tho-hcm-es3209149,https://homedy.com/cho-thue-nha-rieng-thanh-pho-thu-duc-tp-ho-chi-minh/nguyen-can-phuong-truong-tho-hcm-es3209149,2026-06-04,2026-06-07 01:13:45.361434,NA,12,120000,1,1
homedy,thue,homedy_3209132,3209132,"Chung cư Nguyễn Ngọc Phương căn 3p ngủ,100m2 có nội thất,giá 16tr",16000000,16 Triệu/tháng,100,0,"Đường Nguyễn Ngọc Phương, Phường 19, Quận Bình Thạnh, TP Hồ Chí Minh",Phường 19,NA,Quận Bình Thạnh,1010,Căn hộ,10.7900644,106.70810189999996,NA,https://homedy.com/cho-thue-can-ho-khu-can-ho-nguyen-ngoc-phuong/chung-cu-3p-ngu100m2-co-noi-thatgia-16tr-es3209132,https://homedy.com/cho-thue-can-ho-khu-can-ho-nguyen-ngoc-phuong/chung-cu-3p-ngu100m2-co-noi-thatgia-16tr-es3209132,2026-06-04,2026-06-07 01:13:45.361434,NA,16,160000,1,1
homedy,thue,homedy_3209103,3209103,Căn hộ 75m2-2p ngủ - C/c Phú Thọ cho thuê giá 11tr/tháng,11000000,11 Triệu/tháng,75,0,"Đường Nguyễn Thị Nhỏ, Phường 15, Quận 11, TP Hồ Chí Minh",Phường 15,NA,Quận 11,1010,Căn hộ,10.7721937,106.65283320000005,NA,https://homedy.com/cho-thue-can-ho-can-ho-phu-tho/75m2-2p-ngu-c-gia-11tr-thang-es3209103,https://homedy.com/cho-thue-can-ho-can-ho-phu-tho/75m2-2p-ngu-c-gia-11tr-thang-es3209103,2026-06-04,2026-06-07 01:13:45.361434,NA,11,146666.66666666666,1,1
homedy,thue,homedy_3209075,3209075,"Cho thuê Q7 Saigon Riverside, 2PN 2WC Full nội thất chỉ 12 triệu, ở liền OK",12000000,12 Triệu/tháng,67,2,"Đường Đào Trí, Phường Phú Thuận, Quận 7, TP Hồ Chí Minh",Phường Phú Thuận,NA,Quận 7,1030,Bất động sản khác,10.721017159133655,106.74214450104456,NA,https://homedy.com/cho-thue-can-ho-q7-saigon-riverside-complex/2pn-2wc-full-noi-that-chi-12-trieu-o-lien-ok-es3209075,https://homedy.com/cho-thue-can-ho-q7-saigon-riverside-complex/2pn-2wc-full-noi-that-chi-12-trieu-o-lien-ok-es3209075,2026-06-04,2026-06-07 01:13:45.361434,NA,12,179104.4776119403,1,1
homedy,thue,homedy_3209071,3209071,Cho thuê căn 2PN 2WC Q7 Saigon Riverside có đủ NTCB chỉ 10 triệu,10000000,10 Triệu/tháng,67,2,"Đường Đào Trí, Phường Phú Thuận, Quận 7, TP Hồ Chí Minh",Phường Phú Thuận,NA,Quận 7,1030,Bất động sản khác,10.721017159133655,106.74214450104456,NA,https://homedy.com/cho-thue-can-ho-q7-saigon-riverside-complex/2pn-2wc-co-du-ntcb-chi-10-trieu-es3209071,https://homedy.com/cho-thue-can-ho-q7-saigon-riverside-complex/2pn-2wc-co-du-ntcb-chi-10-trieu-es3209071,2026-06-04,2026-06-07 01:13:45.361434,NA,10,149253.73134328358,1,1
homedy,thue,homedy_3209070,3209070,"Cho thuê căn 1PN Q7 Saigon Riverside, Full nội thất chỉ 9 triệu",9000000,9 Triệu/tháng,53,1,"Đường Đào Trí, Phường Phú Thuận, Quận 7, TP Hồ Chí Minh",Phường Phú Thuận,NA,Quận 7,1030,Bất động sản khác,10.721017159133655,106.74214450104456,NA,https://homedy.com/cho-thue-can-ho-q7-saigon-riverside-complex/1pn-full-noi-that-chi-9-trieu-es3209070,https://homedy.com/cho-thue-can-ho-q7-saigon-riverside-complex/1pn-full-noi-that-chi-9-trieu-es3209070,2026-06-04,2026-06-07 01:13:45.361434,NA,9,169811.320754717,1,1
homedy,thue,homedy_3209069,3209069,"Cho thuê Q7 Riverside Đào Trí, 2PN 2WC Full nội thất chỉ 9 triệu.",9000000,9 Triệu/tháng,67,2,"Đường Đào Trí, Phường Phú Thuận, Quận 7, TP Hồ Chí Minh",Phường Phú Thuận,NA,Quận 7,1030,Bất động sản khác,10.721017159133655,106.74214450104456,NA,https://homedy.com/cho-thue-can-ho-q7-saigon-riverside-complex/dao-tri-2pn-2wc-full-noi-that-chi-9-trieu-es3209069,https://homedy.com/cho-thue-can-ho-q7-saigon-riverside-complex/dao-tri-2pn-2wc-full-noi-that-chi-9-trieu-es3209069,2026-06-04,2026-06-07 01:13:45.361434,NA,9,134328.35820895524,1,1
homedy,thue,homedy_3208987,3208987,"Cho thuê Lavita Charm 1PN full nội thất, tầng cao, vào ở ngay",10000000,10 Triệu/tháng,50,1,"Đường 1, Phường Trường Thọ, Thành phố Thủ Đức, TP Hồ Chí Minh",Phường Trường Thọ,NA,Thành phố Thủ Đức,1030,Bất động sản khác,10.8267881,106.7535164,NA,https://homedy.com/cho-thue-can-ho-lavita-charm/1pn-full-noi-that-tang-cao-vao-o-ngay-es3208987,https://homedy.com/cho-thue-can-ho-lavita-charm/1pn-full-noi-that-tang-cao-vao-o-ngay-es3208987,2026-06-03,2026-06-07 01:13:45.361434,NA,10,200000,1,1
homedy,thue,homedy_3208969,3208969,"Chung cư Moscow- căn 1p ngủ, NT, 6,5tr/th, vô lở liền.",6500000,"6,5 Triệu/tháng",51,0,"Phường Tân Thới Nhất, Quận 12, TP Hồ Chí Minh",Phường Tân Thới Nhất,NA,Quận 12,1010,Căn hộ,10.823471594580676,106.62446877705996,NA,https://homedy.com/cho-thue-can-ho-depot-metro-tham-luong/chung-cu-moscow-1p-ngu-nt-65tr-th-vo-lo-lien-es3208969,https://homedy.com/cho-thue-can-ho-depot-metro-tham-luong/chung-cu-moscow-1p-ngu-nt-65tr-th-vo-lo-lien-es3208969,2026-06-03,2026-06-07 01:13:45.361434,NA,6.5,127450.98039215687,1,1
homedy,thue,homedy_3208952,3208952,"Cho thuê căn 68m2 có 2p ngủ, NTCB ở C/c Phan Xích Long giá 8tr5",8500000,"8,5 Triệu/tháng",68,0,"Đường Phan Xích Long, Phường 17, Quận Phú Nhuận, TP Hồ Chí Minh",Phường 17,NA,Quận Phú Nhuận,1030,Bất động sản khác,10.7979151,106.6931972,NA,https://homedy.com/cho-thue-can-ho-phan-xich-long/68m2-co-2p-ngu-ntcb-o-c-gia-8tr5-es3208952,https://homedy.com/cho-thue-can-ho-phan-xich-long/68m2-co-2p-ngu-ntcb-o-c-gia-8tr5-es3208952,2026-06-03,2026-06-07 01:13:45.361434,NA,8.5,125000,1,1
homedy,thue,homedy_1633853,1633853,"2 Căn hộ Ehome 2 & Thủ Thiêm Garden Mặt tiền Liên Phường, 65m2, 2PN 2WC KO Nội Thất & FULL nội thất",7000000,6 - 7 Triệu/tháng,65,2,"Đường Đỗ Xuân Hợp, Phường Phước Long B, Quận 9, TP Hồ Chí Minh",Phường Phước Long B,NA,Thành phố Thủ Đức,1010,Căn hộ,10.81357,106.7754,NA,https://homedy.com/cho-thue-can-ho-ehome-2/thu-thiem-garden-mat-tien-lien-phuong-65m2-2pn-2wc-ko-noi-that-full-es1633853,https://homedy.com/cho-thue-can-ho-ehome-2/thu-thiem-garden-mat-tien-lien-phuong-65m2-2pn-2wc-ko-noi-that-full-es1633853,2026-06-02,2026-06-07 01:13:45.361434,NA,7,107692.30769230769,1,1
homedy,thue,homedy_1915358,1915358,"Nhà Phố Liên Kế Vườn MERITA Khang Điền, Liên Phường gần Đỗ Xuân Hợp, Full Nội Thất, 15 Phút Về Q1",18000000,18 Triệu/tháng,185,3,"Đường Liên Phường, Phường Phước Long B, Quận 9, TP Hồ Chí Minh",Phường Phước Long B,NA,Thành phố Thủ Đức,1030,Nhà phố,10.805576199773784,106.79068296979337,NA,https://homedy.com/cho-thue-nha-biet-thu-lien-ke-merita-khang-dien/pho-vuon-phuong-gan-do-xuan-hop-full-noi-that-15-phut-ve-q1-es1915358,https://homedy.com/cho-thue-nha-biet-thu-lien-ke-merita-khang-dien/pho-vuon-phuong-gan-do-xuan-hop-full-noi-that-15-phut-ve-q1-es1915358,2026-06-02,2026-06-07 01:13:45.361434,NA,18,97297.2972972973,1,1
homedy,thue,homedy_3208839,3208839,"Chung cư Phú Thạnh, Nguyễn Sơn, TP: 95m2, 3p ngủ, NTCB, 9,5triệu",9500000,"9,5 Triệu/tháng",95,0,"Đường Nguyễn Sơn, Phường Phú Thạnh, Quận Tân Phú, TP Hồ Chí Minh",Phường Phú Thạnh,NA,Quận Tân Phú,1010,Căn hộ,10.779728020559624,106.63126564025856,NA,https://homedy.com/cho-thue-can-ho-phu-thanh-apartment/chung-cu-nguyen-son-tp-95m2-3p-ngu-ntcb-95trieu-es3208839,https://homedy.com/cho-thue-can-ho-phu-thanh-apartment/chung-cu-nguyen-son-tp-95m2-3p-ngu-ntcb-95trieu-es3208839,2026-06-02,2026-06-07 01:13:45.361434,NA,9.5,100000,1,1
homedy,thue,homedy_3208815,3208815,"Chỉ 6,5tr/tháng căn 1p ngủ, C/c Kim Tâm Hải- Trường CHinh",6500000,"6,5 Triệu/tháng",51,1,"Đường Trường Chinh, Phường Tân Thới Nhất, Quận 12, TP Hồ Chí Minh",Phường Tân Thới Nhất,NA,Quận 12,1030,Bất động sản khác,10.830249786377,106.62292480468795,NA,https://homedy.com/cho-thue-can-ho-kim-tam-hai-apartment/chi-65tr-thang-1p-ngu-c-truong-chinh-es3208815,https://homedy.com/cho-thue-can-ho-kim-tam-hai-apartment/chi-65tr-thang-1p-ngu-c-truong-chinh-es3208815,2026-06-02,2026-06-07 01:13:45.361434,NA,6.5,127450.98039215687,1,1
homedy,thue,homedy_3208768,3208768,"Chính Chủ Cho Thuê Văn Phòng Đường Hoàng Diệu, HCM Giá Chỉ Từ 7tr5",7500000,"7,5 Triệu/tháng",28,0,"Đường Hoàng Diệu - Phường 13, Quận 4, TP Hồ Chí Minh",Phường 13,NA,Quận 4,1050,Phòng/Cho thuê,10.8752795,106.6504926,NA,https://homedy.com/cho-thue-van-phong-quan-4-tp-ho-chi-minh/chinh-chu-duong-hoang-dieu-hcm-gia-tu-7tr5-es3208768,https://homedy.com/cho-thue-van-phong-quan-4-tp-ho-chi-minh/chinh-chu-duong-hoang-dieu-hcm-gia-tu-7tr5-es3208768,2026-06-02,2026-06-07 01:13:45.361434,NA,7.5,267857.14285714284,1,1
homedy,thue,homedy_3208763,3208763,"Chung cư Thái An, Nguyễn Văn Quá, Q12: 48m2, 2p ngủ, full NT, 6,5tr",6500000,"6,5 Triệu/tháng",48,0,"Đường Nguyễn Văn Quá, Phường Đông Hưng Thuận, Quận 12, TP Hồ Chí Minh",Phường Đông Hưng Thuận,NA,Quận 12,1010,Căn hộ,10.8420757,106.63064880000002,NA,https://homedy.com/cho-thue-can-ho-thai-an-apartment/chung-cu-nguyen-van-qua-q12-48m2-2p-ngu-full-nt-65tr-es3208763,https://homedy.com/cho-thue-can-ho-thai-an-apartment/chung-cu-nguyen-van-qua-q12-48m2-2p-ngu-full-nt-65tr-es3208763,2026-06-02,2026-06-07 01:13:45.361434,NA,6.5,135416.66666666666,1,1
homedy,thue,homedy_3198045,3198045,"[CHỦNHÀ]Cho thuê biệt thự,Bình Giã,300m2,4PN,4WC,hẻm xe hơi,40triệu",40000000,40 Triệu/tháng,300,4,"Đường Bình Giã - Phường 13, Quận Tân Bình, TP Hồ Chí Minh",Phường 13,NA,Quận Tân Bình,1030,Nhà phố,10.8044247,106.6468455,NA,https://homedy.com/cho-thue-nha-biet-thu-lien-ke-quan-tan-binh-tp-ho-chi-minh/chunhacho-thubinh-gia300m24pn4wchem-xe-hoi40trieu-es3198045,https://homedy.com/cho-thue-nha-biet-thu-lien-ke-quan-tan-binh-tp-ho-chi-minh/chunhacho-thubinh-gia300m24pn4wchem-xe-hoi40trieu-es3198045,2026-06-02,2026-06-07 01:13:45.361434,NA,40,133333.33333333334,1,1
homedy,thue,homedy_3208594,3208594,Cho thuê nhà nguyên căn làm căn hộ dịch vụ Quận 9,20000000,20 Triệu/tháng,80,0,"Đường Long Thuận - Phường Long Phước, Quận 9, TP Hồ Chí Minh",Phường Long Phước,NA,Thành phố Thủ Đức,1010,Căn hộ,10.8063168,106.7784645,NA,https://homedy.com/cho-thue-nha-biet-thu-lien-ke-quan-9-tp-ho-chi-minh/nguyen-can-lam-dich-vu-es3208594,https://homedy.com/cho-thue-nha-biet-thu-lien-ke-quan-9-tp-ho-chi-minh/nguyen-can-lam-dich-vu-es3208594,2026-05-31,2026-06-07 01:13:45.361434,NA,20,250000,1,1
homedy,thue,homedy_3208488,3208488,Cho thuê căn hộ 2 phòng ngủ The park Residence,12000000,12 Triệu/tháng,55,2,"Đường Nguyễn Hữu Thọ, Xã Phước Kiển, Huyện Nhà Bè, TP Hồ Chí Minh",Xã Phước Kiển,NA,Huyện Nhà Bè,1010,Căn hộ,10.71215584620266,106.70810272747804,NA,https://homedy.com/cho-thue-can-ho-the-park-residence/2-phong-ngu-es3208488,https://homedy.com/cho-thue-can-ho-the-park-residence/2-phong-ngu-es3208488,2026-05-30,2026-06-07 01:13:45.361434,NA,12,218181.81818181818,1,1
homedy,thue,homedy_3208483,3208483,Cho thuê nhà KDC Hồng Đào Hẻm xe tải 1 trục cách Quốc lộ 13 100m,18000000,18 Triệu/tháng,189,5,"Đường Quốc Lộ 13 - Phường Hiệp Bình Phước, Thành phố Thủ Đức, TP Hồ Chí Minh",Phường Hiệp Bình Phước,NA,Thành phố Thủ Đức,1030,Nhà phố,10.861158,106.7234836,NA,https://homedy.com/cho-thue-nha-rieng-thanh-pho-thu-duc-tp-ho-chi-minh/kdc-hong-dao-hem-xe-tai-1-truc-cach-quoc-lo-13-100m-es3208483,https://homedy.com/cho-thue-nha-rieng-thanh-pho-thu-duc-tp-ho-chi-minh/kdc-hong-dao-hem-xe-tai-1-truc-cach-quoc-lo-13-100m-es3208483,2026-05-30,2026-06-07 01:13:45.361434,NA,18,95238.09523809524,1,1
homedy,thue,homedy_3208357,3208357,Cho Thuê Alnata Celadon • 2PN 160m² NT Cơ Bản Đậu Xe Trước Nhà 22 Triệu Nhận Nhà Đầu Tháng 6,22000000,22 Triệu/tháng,160,2,"Đường Tân Thắng, Phường Sơn Kỳ, Quận Tân Phú, TP Hồ Chí Minh",Phường Sơn Kỳ,NA,Quận Tân Phú,1030,Nhà phố,10.804178563119317,106.61499738693236,NA,https://homedy.com/cho-thue-can-ho-emerald-precinct/alnata-celadon-2pn-160m-nt-co-ban-dau-xe-truoc-nha-22-trieu-nhan-thang-6-es3208357,https://homedy.com/cho-thue-can-ho-emerald-precinct/alnata-celadon-2pn-160m-nt-co-ban-dau-xe-truoc-nha-22-trieu-nhan-thang-6-es3208357,2026-05-29,2026-06-07 01:13:45.361434,NA,22,137500,1,1
homedy,thue,homedy_3200177,3200177,D'edge Thảo Điền | Cho thuê 3PN Đầy Đủ Nội Thất Cao Cấp,80000000,80 Triệu/tháng,144,0,"Đường Nguyễn Văn Hưởng, Phường Thảo Điền, Quận 2, TP Hồ Chí Minh",Phường Thảo Điền,NA,Thành phố Thủ Đức,1030,Bất động sản khác,10.8160433,106.7282586,NA,https://homedy.com/cho-thue-can-ho-dedge-capitaland-thao-dien/3pn-day-du-noi-that-cao-cap-es3200177,https://homedy.com/cho-thue-can-ho-dedge-capitaland-thao-dien/3pn-day-du-noi-that-cao-cap-es3200177,2026-05-11,2026-06-07 01:13:45.361434,NA,80,555555.5555555555,1,1
homedy,thue,homedy_3200358,3200358,Sunwah Pearl | Cho Thuê GẤP 2PN Đầy Đủ Nội Thất Giá Tốt,40000000,40 Triệu/tháng,101,0,"Đường Nguyễn Hữu Cảnh, Phường 22, Quận Bình Thạnh, TP Hồ Chí Minh",Phường 22,NA,Quận Bình Thạnh,1030,Bất động sản khác,10.789637639162493,106.71770721534426,NA,https://homedy.com/cho-thue-can-ho-sunwah-pearl/gap-2pn-day-du-noi-that-gia-tot-es3200358,https://homedy.com/cho-thue-can-ho-sunwah-pearl/gap-2pn-day-du-noi-that-gia-tot-es3200358,2026-05-14,2026-06-07 01:13:45.361434,NA,40,396039.603960396,1,1
homedy,thue,homedy_3208283,3208283,"Cho thuê CH Grand Marina Saigon, 77 triệu VND, 79 m2, 2PN, full nội thất tại phố Tôn Đức Thắng",77000000,77 Triệu/tháng,79,2,"Phường Bến Nghé, Quận 1, TP Hồ Chí Minh",Phường Bến Nghé,NA,Quận 1,1030,Bất động sản khác,10.7743896,106.70628,NA,https://homedy.com/cho-thue-can-ho-grand-marina-saigon/ch-77-trieu-vnd-79-m2-2pn-full-noi-that-tai-pho-ton-duc-thang-es3208283,https://homedy.com/cho-thue-can-ho-grand-marina-saigon/ch-77-trieu-vnd-79-m2-2pn-full-noi-that-tai-pho-ton-duc-thang-es3208283,2026-05-28,2026-06-07 01:13:45.361434,NA,77,974683.5443037974,1,1
homedy,thue,homedy_3208238,3208238,"Chung cư I-Home, Phạm Văn Chiêu, GV: 85m2, 3p ngủ, nội thất, 10,5tr",10500000,"10,5 Triệu/tháng",85,0,"Đường Phạm Văn Chiêu, Phường 14, Quận Gò Vấp, TP Hồ Chí Minh",Phường 14,NA,Quận Gò Vấp,1010,Căn hộ,10.8507785,106.65178349999996,NA,https://homedy.com/cho-thue-can-ho-i-home/chung-cu-pham-van-chieu-gv-85m2-3p-ngu-noi-that-105tr-es3208238,https://homedy.com/cho-thue-can-ho-i-home/chung-cu-pham-van-chieu-gv-85m2-3p-ngu-noi-that-105tr-es3208238,2026-05-28,2026-06-07 01:13:45.361434,NA,10.5,123529.41176470589,1,1
homedy,thue,homedy_3208208,3208208,"Biệt thự sân vườn cao cấp, villa Riviera An Phú, 6PN rộng, giá $5,500/tháng",145000000,145 Triệu/tháng,289,6,"Đường Giang Văn Minh, Phường Thảo Điền, Quận 2, TP Hồ Chí Minh",Phường Thảo Điền,NA,Thành phố Thủ Đức,1040,Đất nền,10.806668457844223,106.74831414222764,NA,https://homedy.com/cho-thue-nha-biet-thu-lien-ke-villa-riviera/san-vuon-cao-cap-an-phu-6pn-rong-gia-5500-thang-es3208208,https://homedy.com/cho-thue-nha-biet-thu-lien-ke-villa-riviera/san-vuon-cao-cap-an-phu-6pn-rong-gia-5500-thang-es3208208,2026-05-28,2026-06-07 01:13:45.361434,NA,145,501730.1038062284,1,1
homedy,thue,homedy_2982451,2982451,"Cho thuê căn hộ mini, full nội thất, Lê Trọng Tấn, Quận BT",3200000,"3,2 Triệu/tháng",15,0,"Đường Lê Trọng Tấn - Phường Bình Hưng Hòa, Quận Bình Tân, TP Hồ Chí Minh",Phường Bình Hưng Hòa,NA,Quận Bình Tân,1010,Căn hộ,10.813786,106.6067093,NA,https://homedy.com/cho-thue-can-ho-dich-vu-quan-binh-tan-tp-ho-chi-minh/mini-full-noi-that-le-trong-bt-es2982451,https://homedy.com/cho-thue-can-ho-dich-vu-quan-binh-tan-tp-ho-chi-minh/mini-full-noi-that-le-trong-bt-es2982451,2026-05-28,2026-06-07 01:13:45.361434,NA,3.2,213333.33333333334,1,1
homedy,thue,homedy_3208036,3208036,"Cho thuê căn hộ Hưng Phát 1, 2 phòng ngủ, đầy đủ nội thất, giá 10 triệu.",10000000,10 Triệu/tháng,85,2,"Đường Lê Văn Lương, Xã Phước Kiển, Huyện Nhà Bè, TP Hồ Chí Minh",Xã Phước Kiển,NA,Huyện Nhà Bè,1010,Căn hộ,10.713933099660034,106.70039892196657,NA,https://homedy.com/cho-thue-can-ho-hung-phat-1/2-phong-ngu-day-du-noi-that-gia-10-trieu-es3208036,https://homedy.com/cho-thue-can-ho-hung-phat-1/2-phong-ngu-day-du-noi-that-gia-10-trieu-es3208036,2026-05-27,2026-06-07 01:13:45.361434,NA,10,117647.05882352941,1,1
homedy,thue,homedy_749341,749341,"Cho thuê căn hộ cao cấp Xi Grand Court Quận 10, 2 phòng ngủ, đầy đủ nội thất giá 16 triệu/tháng",16000000,16 Triệu/tháng,70,2,"Phường 14, Quận 10, TP Hồ Chí Minh",Phường 14,NA,Quận 10,1010,Căn hộ,10.76736,106.65999,NA,https://homedy.com/cho-thue-can-ho-xi-grand-court/cao-cap-quan-10-2-phong-ngu-day-du-noi-that-gia-16-trieu-thang-es749341,https://homedy.com/cho-thue-can-ho-xi-grand-court/cao-cap-quan-10-2-phong-ngu-day-du-noi-that-gia-16-trieu-thang-es749341,2026-05-24,2026-06-07 01:13:45.361434,NA,16,228571.42857142858,1,1
homedy,thue,homedy_3202153,3202153,Cho Thuê GẤP 2PN Sunwah Pearl NTCB View Sông Giá Tốt,30000000,30 Triệu/tháng,101,0,"Đường Nguyễn Hữu Cảnh, Phường 22, Quận Bình Thạnh, TP Hồ Chí Minh",Phường 22,NA,Quận Bình Thạnh,1030,Bất động sản khác,10.789637639162493,106.71770721534426,NA,https://homedy.com/cho-thue-can-ho-sunwah-pearl/gap-2pn-ntcb-view-song-gia-tot-es3202153,https://homedy.com/cho-thue-can-ho-sunwah-pearl/gap-2pn-ntcb-view-song-gia-tot-es3202153,2026-05-26,2026-06-07 01:13:45.361434,NA,30,297029.702970297,1,1
homedy,thue,homedy_3200207,3200207,Opal Saigon Pearl | Cho Thuê 1PN Đầy Đủ Nội Thất,19000000,19 Triệu/tháng,50,0,"Đường Nguyễn Hữu Cảnh, Phường 22, Quận Bình Thạnh, TP Hồ Chí Minh",Phường 22,NA,Quận Bình Thạnh,1030,Bất động sản khác,10.79081683130767,106.71988067144162,NA,https://homedy.com/cho-thue-can-ho-opal-tower/saigon-pearl-1pn-day-du-noi-that-es3200207,https://homedy.com/cho-thue-can-ho-opal-tower/saigon-pearl-1pn-day-du-noi-that-es3200207,2026-05-26,2026-06-07 01:13:45.361434,NA,19,380000,1,1
homedy,thue,homedy_3207880,3207880,"Chung cư Ruby, Nguyễn Sỹ Sách, TB: 87m2, 10tr/th, Full NT, 2p ngủ",10000000,10 Triệu/tháng,87,0,"Đường Nguyễn Sỹ Sách, Phường 15, Quận Tân Bình, TP Hồ Chí Minh",Phường 15,NA,Quận Tân Bình,1010,Căn hộ,10.8181822,106.63029819999996,NA,https://homedy.com/cho-thue-can-ho-ruby-garden/chung-cu-nguyen-sy-sach-tb-87m2-10tr-th-full-nt-2p-ngu-es3207880,https://homedy.com/cho-thue-can-ho-ruby-garden/chung-cu-nguyen-sy-sach-tb-87m2-10tr-th-full-nt-2p-ngu-es3207880,2026-05-26,2026-06-07 01:13:45.361434,NA,10,114942.52873563218,1,1
homedy,thue,homedy_3195419,3195419,Cho thuê căn hộ đường Lý Thường Kiệt Quận 10 gần Đại học Bách Khoa,16000000,16 Triệu/tháng,75,1,"Phường 14, Quận 10, TP Hồ Chí Minh",Phường 14,NA,Quận 10,1010,Căn hộ,10.767623055528077,106.65935749552308,NA,https://homedy.com/cho-thue-can-ho-xi-grand-court/duong-ly-thuong-kiet-quan-10-gan-dai-hoc-bach-khoa-es3195419,https://homedy.com/cho-thue-can-ho-xi-grand-court/duong-ly-thuong-kiet-quan-10-gan-dai-hoc-bach-khoa-es3195419,2026-05-24,2026-06-07 01:13:45.361434,NA,16,213333.33333333334,1,1
homedy,thue,homedy_3207510,3207510,Cho thuê nhà đường số 9 Hiệp Bình Phước gần Đại học Luật nhà thờ Fatima Bình Triệu full nội thất,27000000,27 Triệu/tháng,90,0,"Đường 9 - Phường Hiệp Bình Chánh, Thành phố Thủ Đức, TP Hồ Chí Minh",Phường Hiệp Bình Chánh,NA,Thành phố Thủ Đức,1030,Nhà phố,10.8299994,106.7132913,NA,https://homedy.com/cho-thue-nha-mat-pho-thanh-pho-thu-duc-tp-ho-chi-minh/duong-so-9-hiep-binh-phuoc-gan-dai-hoc-luat-tho-fatima-trieu-full-noi-that-es3207510,https://homedy.com/cho-thue-nha-mat-pho-thanh-pho-thu-duc-tp-ho-chi-minh/duong-so-9-hiep-binh-phuoc-gan-dai-hoc-luat-tho-fatima-trieu-full-noi-that-es3207510,2026-05-24,2026-06-07 01:13:45.361434,NA,27,300000,1,1
homedy,thue,homedy_3108179,3108179,Cho thuê mặt bằng 500m2 - Liên hệ (Call / Zalo): 0938809091 (Chính chủ),15000000,15 Triệu/tháng,500,0,"Xã Đông Thạnh - Huyện Hóc Môn, TP Hồ Chí Minh",Xã Đông Thạnh - Huyện Hóc Môn,NA,Huyện Hóc Môn,1030,Bất động sản khác,10.903352,106.6387939,NA,https://homedy.com/cho-thue-dat-nha-xuong-kho-bai-huyen-hoc-mon-tp-ho-chi-minh/mat-bang-500m2-lien-he-call-zalo-0938809091-chinh-chu-es3108179,https://homedy.com/cho-thue-dat-nha-xuong-kho-bai-huyen-hoc-mon-tp-ho-chi-minh/mat-bang-500m2-lien-he-call-zalo-0938809091-chinh-chu-es3108179,2026-05-24,2026-06-07 01:13:45.361434,NA,15,30000,1,1
homedy,thue,homedy_3207568,3207568,"Kingston Residence- Nguyễn Văn Trỗi : 87m2,2p ngủ, giá 19/tháng.",19000000,19 Triệu/tháng,87,0,"Đường Nguyễn Văn Trỗi, Phường 11, Quận Phú Nhuận, TP Hồ Chí Minh",Phường 11,NA,Quận Phú Nhuận,1030,Bất động sản khác,10.798640826320034,106.67054823040974,NA,https://homedy.com/cho-thue-can-ho-kingston-residence/nguyen-van-troi-87m22p-ngu-gia-19-thang-es3207568,https://homedy.com/cho-thue-can-ho-kingston-residence/nguyen-van-troi-87m22p-ngu-gia-19-thang-es3207568,2026-05-24,2026-06-07 01:13:45.361434,NA,19,218390.80459770115,1,1
homedy,thue,homedy_3207460,3207460,"Newton Residence,Trương Quốc Dung căn hộ 85m2, 2p ngủ,NT, 19tr/th",19000000,19 Triệu/tháng,85,0,"Đường Trương Quốc Dung, Phường 8, Quận Phú Nhuận, TP Hồ Chí Minh",Phường 8,NA,Quận Phú Nhuận,1010,Căn hộ,10.798755142945124,106.6730035911545,NA,https://homedy.com/cho-thue-can-ho-newton-residence/residencetruong-quoc-dung-85m2-2p-ngunt-19tr-th-es3207460,https://homedy.com/cho-thue-can-ho-newton-residence/residencetruong-quoc-dung-85m2-2p-ngunt-19tr-th-es3207460,2026-05-23,2026-06-07 01:13:45.361434,NA,19,223529.41176470587,1,1
homedy,thue,homedy_3207441,3207441,"Căn 1p ngủ C/c Kim Tâm Hải - Trường Chinh giá 6,6tr",6600000,"6,6 Triệu/tháng",51,1,"Đường Trường Chinh, Phường Tân Thới Nhất, Quận 12, TP Hồ Chí Minh",Phường Tân Thới Nhất,NA,Quận 12,1030,Bất động sản khác,10.830249786377,106.62292480468795,NA,https://homedy.com/cho-thue-can-ho-kim-tam-hai-apartment/1p-ngu-c-truong-chinh-gia-66tr-es3207441,https://homedy.com/cho-thue-can-ho-kim-tam-hai-apartment/1p-ngu-c-truong-chinh-gia-66tr-es3207441,2026-05-23,2026-06-07 01:13:45.361434,NA,6.6,129411.76470588235,1,1
homedy,thue,homedy_3207423,3207423,"C/C cao cấp Kingston, 225 Hoàng Văn Thụ, PN: 85m2, 2p ngủ, NTCC, 18,5tr",18500000,"18,5 Triệu/tháng",85,85,"Đường Nguyễn Văn Trỗi, Phường 11, Quận Phú Nhuận, TP Hồ Chí Minh",Phường 11,NA,Quận Phú Nhuận,1030,Bất động sản khác,10.798640826320034,106.67054823040974,NA,https://homedy.com/cho-thue-can-ho-kingston-residence/c-cao-cap-225-hoang-van-thu-pn-85m2-2p-ngu-ntcc-185tr-es3207423,https://homedy.com/cho-thue-can-ho-kingston-residence/c-cao-cap-225-hoang-van-thu-pn-85m2-2p-ngu-ntcc-185tr-es3207423,2026-05-23,2026-06-07 01:13:45.361434,NA,18.5,217647.0588235294,1,1
homedy,thue,homedy_3181932,3181932,Cho Thuê 2PN Full Nội Thất Masterise Quận 9View Hồ Bơi,12000000,12 Triệu/tháng,75,2,"Đường Nguyễn Xiển, Phường Long Thạnh Mỹ, Quận 9, TP Hồ Chí Minh",Phường Long Thạnh Mỹ,NA,Thành phố Thủ Đức,1030,Bất động sản khác,10.839712793186058,106.83980941772462,NA,https://homedy.com/cho-thue-can-ho-lumiere-boulevard/2pn-full-noi-that-masterise-quan-9view-boi-es3181932,https://homedy.com/cho-thue-can-ho-lumiere-boulevard/2pn-full-noi-that-masterise-quan-9view-boi-es3181932,2026-05-23,2026-06-07 01:13:45.361434,NA,12,160000,1,1
homedy,thue,homedy_3207385,3207385,"Cho thuê CH 3PN Hàng Hiệu Grand Marina - 124m2 - Căn Góc - View Trực diện sông Saigon, Bao PQL",180000000,180 Triệu/tháng,124,3,"Phường Bến Nghé, Quận 1, TP Hồ Chí Minh",Phường Bến Nghé,NA,Quận 1,1030,Bất động sản khác,10.7743896,106.70628,NA,https://homedy.com/cho-thue-can-ho-grand-marina-saigon/ch-3pn-hang-hieu-124m2-goc-view-truc-dien-song-bao-pql-es3207385,https://homedy.com/cho-thue-can-ho-grand-marina-saigon/ch-3pn-hang-hieu-124m2-goc-view-truc-dien-song-bao-pql-es3207385,2026-05-23,2026-06-07 01:13:45.361434,NA,180,1451612.9032258065,1,1
homedy,thue,homedy_1273805,1273805,"Cho thuê phòng trọ có gác, 25m2 lối đi, WC riêng giờ tự do đường số 8, Bình Tân - 2.0 triệu",2000000,2 Triệu/tháng,25,0,"Phường Bình Hưng Hòa - Quận Bình Tân, TP Hồ Chí Minh",Phường Bình Hưng Hòa - Quận Bình Tân,NA,Quận Bình Tân,1050,Phòng/Cho thuê,10.79719,106.60884,NA,https://homedy.com/cho-thue-nha-tro-phong-tro-quan-binh-tan-tp-ho-chi-minh/co-gac-25m2-loi-di-wc-rieng-gio-tu-do-duong-so-8-2-0-trieu-es1273805,https://homedy.com/cho-thue-nha-tro-phong-tro-quan-binh-tan-tp-ho-chi-minh/co-gac-25m2-loi-di-wc-rieng-gio-tu-do-duong-so-8-2-0-trieu-es1273805,2026-05-22,2026-06-07 01:13:45.361434,NA,2,80000,1,1
homedy,thue,homedy_3207290,3207290,"Cho thuê căn hộ 2p ngủ- 95m2, C/c Tín Phong 12 View giá 8tr/th",8000000,8 Triệu/tháng,95,0,"Đường Phan Văn Hớn, Phường Tân Thới Nhất, Quận 12, TP Hồ Chí Minh",Phường Tân Thới Nhất,NA,Quận 12,1010,Căn hộ,10.8379033,106.58721560000004,NA,https://homedy.com/cho-thue-can-ho-12-view/2p-ngu-95m2-c-tin-phong-gia-8tr-th-es3207290,https://homedy.com/cho-thue-can-ho-12-view/2p-ngu-95m2-c-tin-phong-gia-8tr-th-es3207290,2026-05-22,2026-06-07 01:13:45.361434,NA,8,84210.52631578948,1,1
homedy,thue,homedy_3207100,3207100,"Bàu Cát 2 căn hộ 3 phòng ngủ,có nội thất giá 12tr",12000000,12 Triệu/tháng,87,0,"Đường Ni Sư Huỳnh Liên, Phường 10, Quận Tân Bình, TP Hồ Chí Minh",Phường 10,NA,Quận Tân Bình,1010,Căn hộ,10.786803473855176,106.64484041373908,NA,https://homedy.com/cho-thue-can-ho-khu-chung-cu-bau-cat-ii/2-3-phong-nguco-noi-that-gia-12tr-es3207100,https://homedy.com/cho-thue-can-ho-khu-chung-cu-bau-cat-ii/2-3-phong-nguco-noi-that-gia-12tr-es3207100,2026-05-21,2026-06-07 01:13:45.361434,NA,12,137931.0344827586,1,1
homedy,thue,homedy_1389648,1389648,"Cho thuê Masteri Thảo Điền, tháp t4-bxx.08 2 phòng ngủ, +2wc giá : 22 triệu/tháng",16500000,"16,5 Triệu/tháng",71,2,"Đường Xa Lộ Hà Nội, Phường Thảo Điền, Quận 2, TP Hồ Chí Minh",Phường Thảo Điền,NA,Thành phố Thủ Đức,1050,Phòng/Cho thuê,10.802766112147756,106.74119138717651,NA,https://homedy.com/cho-thue-can-ho-masteri-thao-dien/thap-t4-bxx-08-2-phong-ngu-2wc-gia-22-trieu-thang-es1389648,https://homedy.com/cho-thue-can-ho-masteri-thao-dien/thap-t4-bxx-08-2-phong-ngu-2wc-gia-22-trieu-thang-es1389648,2026-04-24,2026-06-07 01:13:45.361434,NA,16.5,232394.3661971831,1,1
homedy,thue,homedy_3207038,3207038,"Cho thuê Mặt bằng nhà 48 Nguyễn Huy Tự, P. Tân Định, TP.HCM",15000000,15 Triệu/tháng,23,0,"Phường Đa Kao, Quận 1, TP Hồ Chí Minh",Phường Đa Kao,NA,Quận 1,1030,Nhà phố,10.7753939,106.6996249,NA,https://homedy.com/cho-thue-nha-mat-pho-quan-1-tp-ho-chi-minh/bang-48-nguyen-huy-tu-p-tan-dinh-hcm-es3207038,https://homedy.com/cho-thue-nha-mat-pho-quan-1-tp-ho-chi-minh/bang-48-nguyen-huy-tu-p-tan-dinh-hcm-es3207038,2026-05-21,2026-06-07 01:13:45.361434,NA,15,652173.9130434783,1,1
homedy,thue,homedy_3206954,3206954,"Cho thuê nhà Fideco Thảo Điền, trệt 2 lầu sân thượng, 140m², giá 90tr/tháng",90000000,90 Triệu/tháng,140,0,"Phường Thảo Điền - Quận 2, TP Hồ Chí Minh",Phường Thảo Điền - Quận 2,NA,Thành phố Thủ Đức,1030,Nhà phố,10.8011432,106.7351252,NA,https://homedy.com/cho-thue-nha-mat-pho-quan-2-tp-ho-chi-minh/fideco-thao-dien-tret-lau-san-thuong-140m-gia-90tr-thang-es3206954,https://homedy.com/cho-thue-nha-mat-pho-quan-2-tp-ho-chi-minh/fideco-thao-dien-tret-lau-san-thuong-140m-gia-90tr-thang-es3206954,2026-05-20,2026-06-07 01:13:45.361434,NA,90,642857.1428571428,1,1
homedy,thue,homedy_3206938,3206938,"Căn hộ Satra Eximland 2 phòng ngủ, 97m2, giá 17tr/th",17000000,17 Triệu/tháng,97,0,"Phường 1, Quận Phú Nhuận, TP Hồ Chí Minh",Phường 1,NA,Quận Phú Nhuận,1010,Căn hộ,10.8034619,106.68961409999996,NA,https://homedy.com/cho-thue-can-ho-satra-eximland/2-phong-ngu-97m2-gia-17tr-th-es3206938,https://homedy.com/cho-thue-can-ho-satra-eximland/2-phong-ngu-97m2-gia-17tr-th-es3206938,2026-05-20,2026-06-07 01:13:45.361434,NA,17,175257.7319587629,1,1
homedy,thue,homedy_2983068,2983068,"Delasol 74m2 24tr bao phí, view kênh đôi, nhà mới 100%, ở ngay, giáp Gold View",24000000,24 Triệu/tháng,74,2,"Đường Tôn Thất Thuyết, Phường 1, Quận 4, TP Hồ Chí Minh",Phường 1,NA,Quận 4,1030,Nhà phố,10.753634163915354,106.69009260978692,NA,https://homedy.com/cho-thue-can-ho-de-la-sol/delasol-74m2-24tr-bao-phi-view-kenh-doi-nha-moi-100-o-ngay-giap-gold-es2983068,https://homedy.com/cho-thue-can-ho-de-la-sol/delasol-74m2-24tr-bao-phi-view-kenh-doi-nha-moi-100-o-ngay-giap-gold-es2983068,2026-05-20,2026-06-07 01:13:45.361434,NA,24,324324.3243243243,1,1
homedy,thue,homedy_3206888,3206888,"Căn hộ 3p ngủ-Carillon 3- Hoàng Hoa Thám, có nội thất, giá 12tr5/tháng",12500000,"12,5 Triệu/tháng",87,0,"Đường Hoàng Hoa Thám, Phường 13, Quận Tân Bình, TP Hồ Chí Minh",Phường 13,NA,Quận Tân Bình,1010,Căn hộ,10.8051259,106.6467818,NA,https://homedy.com/cho-thue-can-ho-carillon-3/3p-ngu-hoang-hoa-tham-co-noi-that-gia-12tr5-thang-es3206888,https://homedy.com/cho-thue-can-ho-carillon-3/3p-ngu-hoang-hoa-tham-co-noi-that-gia-12tr5-thang-es3206888,2026-05-20,2026-06-07 01:13:45.361434,NA,12.5,143678.16091954024,1,1
homedy,thue,homedy_3206869,3206869,Shophouse-Giá thuê chỉ từ 32tr-Cọc 6 tháng miễn 6 tháng tiền thuê,33399000,"33,399 Triệu/tháng",67.86,0,"Phường Bình Khánh, Quận 2, TP Hồ Chí Minh",Phường Bình Khánh,NA,Thành phố Thủ Đức,1030,Nhà phố,10.7928152,106.7312015,NA,https://homedy.com/cho-thue-nha-pho-thuong-mai-shophouse-paris-hoang-kim/gia-chi-tu-32tr-coc-6-thang-mien-tien-es3206869,https://homedy.com/cho-thue-nha-pho-thuong-mai-shophouse-paris-hoang-kim/gia-chi-tu-32tr-coc-6-thang-mien-tien-es3206869,2026-05-20,2026-06-07 01:13:45.361434,NA,33.399,492175.06631299737,1,1
homedy,thue,homedy_3206797,3206797,"Chung cư Thái An 1, Nguyễn Văn Quá, Q12: 90m2, 12 triệu, nhà mới, 3PN",12000000,12 Triệu/tháng,90,3,"Đường Nguyễn Văn Quá, Phường Đông Hưng Thuận, Quận 12, TP Hồ Chí Minh",Phường Đông Hưng Thuận,NA,Quận 12,1010,Căn hộ,10.8420757,106.63064880000002,NA,https://homedy.com/cho-thue-can-ho-thai-an-apartment/chung-cu-1-nguyen-van-qua-q12-90m2-12-trieu-nha-moi-3pn-es3206797,https://homedy.com/cho-thue-can-ho-thai-an-apartment/chung-cu-1-nguyen-van-qua-q12-90m2-12-trieu-nha-moi-3pn-es3206797,2026-05-19,2026-06-07 01:13:45.361434,NA,12,133333.33333333334,1,1
homedy,thue,homedy_3206801,3206801,"Cộng Hòa Plaza cho thuê căn 3p chỉ 14tr/th, có đầy đủ nội thất.",14000000,14 Triệu/tháng,97,0,"Đường Cộng Hòa, Phường 12, Quận Tân Bình, TP Hồ Chí Minh",Phường 12,NA,Quận Tân Bình,1030,Bất động sản khác,10.8017287,106.65008940000008,NA,https://homedy.com/cho-thue-can-ho-cong-hoa-plaza/3p-chi-14tr-th-co-day-du-noi-that-es3206801,https://homedy.com/cho-thue-can-ho-cong-hoa-plaza/3p-chi-14tr-th-co-day-du-noi-that-es3206801,2026-05-19,2026-06-07 01:13:45.361434,NA,14,144329.8969072165,1,1
homedy,thue,homedy_3206791,3206791,"Chung cư Phúc Yên, Phan Huy Ích, TB: 85m2, 3p ngủ, nhà mới, 11triệu",11000000,11 Triệu/tháng,85,0,"Đường Phan Huy Ích, Phường 15, Quận Tân Bình, TP Hồ Chí Minh",Phường 15,NA,Quận Tân Bình,1010,Căn hộ,10.825843138123949,106.62943387031568,NA,https://homedy.com/cho-thue-can-ho-hope-garden-phuc-yen/chung-cu-phan-huy-ich-tb-85m2-3p-ngu-nha-moi-11trieu-es3206791,https://homedy.com/cho-thue-can-ho-hope-garden-phuc-yen/chung-cu-phan-huy-ich-tb-85m2-3p-ngu-nha-moi-11trieu-es3206791,2026-05-19,2026-06-07 01:13:45.361434,NA,11,129411.76470588235,1,1
homedy,thue,homedy_3206792,3206792,"Chỉ 9,5tr-Căn 2p ngủ rộng 76m2-C/c carilon 2 -Tân Phú",9500000,"9,5 Triệu/tháng",76,2,"Đường Trịnh Đình Thảo, Phường Hòa Thạnh, Quận Tân Phú, TP Hồ Chí Minh",Phường Hòa Thạnh,NA,Quận Tân Phú,1030,Bất động sản khác,10.775609262604412,106.634106397629,NA,https://homedy.com/cho-thue-can-ho-carillon-2/chi-95tr-2p-ngu-rong-76m2-c-carilon-tan-phu-es3206792,https://homedy.com/cho-thue-can-ho-carillon-2/chi-95tr-2p-ngu-rong-76m2-c-carilon-tan-phu-es3206792,2026-05-19,2026-06-07 01:13:45.361434,NA,9.5,125000,1,1
homedy,thue,homedy_3206777,3206777,Chung cư Screc tower-căn 2 phòng ngủ giá 12tr/th,12000000,12 Triệu/tháng,81,0,"Đường Trường Sa, Phường 12, Quận 3, TP Hồ Chí Minh",Phường 12,NA,Quận 3,1010,Căn hộ,10.7882342,106.68300650000003,NA,https://homedy.com/cho-thue-can-ho-screc-tower/chung-cu-2-phong-ngu-gia-12tr-th-es3206777,https://homedy.com/cho-thue-can-ho-screc-tower/chung-cu-2-phong-ngu-gia-12tr-th-es3206777,2026-05-19,2026-06-07 01:13:45.361434,NA,12,148148.14814814815,1,1
homedy,thue,homedy_3201656,3201656,D'edge Thảo Điền | Cho Thuê Nhanh 2PN View Landmark NTCB,31000000,31 Triệu/tháng,90,0,"Đường Nguyễn Văn Hưởng, Phường Thảo Điền, Quận 2, TP Hồ Chí Minh",Phường Thảo Điền,NA,Thành phố Thủ Đức,1030,Bất động sản khác,10.8160433,106.7282586,NA,https://homedy.com/cho-thue-can-ho-dedge-capitaland-thao-dien/nhanh-2pn-view-landmark-ntcb-es3201656,https://homedy.com/cho-thue-can-ho-dedge-capitaland-thao-dien/nhanh-2pn-view-landmark-ntcb-es3201656,2026-05-19,2026-06-07 01:13:45.361434,NA,31,344444.44444444444,1,1
homedy,thue,homedy_3206707,3206707,"Cần cho thuê GIÁ RẺ căn hộ duplex 2 tầng, Cảnh viên 2 ngay Phú mỹ hưng, Quận 7",65000000,65 Triệu/tháng,176,4,"Đường Nguyễn Lương Bằng, Phường Tân Phú, Quận 7, TP Hồ Chí Minh",Phường Tân Phú,NA,Quận 7,1010,Căn hộ,10.7292919,106.72155169999996,NA,https://homedy.com/cho-thue-can-ho-canh-vien-2/gia-re-duplex-tang-ngay-phu-my-hung-quan-7-es3206707,https://homedy.com/cho-thue-can-ho-canh-vien-2/gia-re-duplex-tang-ngay-phu-my-hung-quan-7-es3206707,2026-05-19,2026-06-07 01:13:45.361434,NA,65,369318.1818181818,1,1
homedy,thue,homedy_3206498,3206498,"Phòng mới gần trường đại học Ngoại Thương, gần các quận trung tâm thành phố, gần các chợ và bến xe",3500000,"3,5 Triệu/tháng",18,0,"Đường Xô Viết Nghệ Tĩnh - Phường 26, Quận Bình Thạnh, TP Hồ Chí Minh",Phường 26,NA,Quận Bình Thạnh,1050,Phòng/Cho thuê,10.7883675,106.6605145,NA,https://homedy.com/cho-thue-nha-tro-phong-tro-quan-binh-thanh-tp-ho-chi-minh/moi-gan-truong-dai-hoc-ngoai-thuong-cac-trung-tam-pho-va-ben-xe-es3206498,https://homedy.com/cho-thue-nha-tro-phong-tro-quan-binh-thanh-tp-ho-chi-minh/moi-gan-truong-dai-hoc-ngoai-thuong-cac-trung-tam-pho-va-ben-xe-es3206498,2026-05-17,2026-06-07 01:13:45.361434,NA,3.5,194444.44444444444,1,1
homedy,thue,homedy_3206470,3206470,"Chung cư Phú Thạnh, Nguyễn Sơn, TP: 9tr/th, 85m2, full NT, 2PN",9000000,9 Triệu/tháng,85,2,"Đường Nguyễn Sơn, Phường Phú Thạnh, Quận Tân Phú, TP Hồ Chí Minh",Phường Phú Thạnh,NA,Quận Tân Phú,1010,Căn hộ,10.779728020559624,106.63126564025856,NA,https://homedy.com/cho-thue-can-ho-phu-thanh-apartment/chung-cu-nguyen-son-tp-9tr-th-85m2-full-nt-2pn-es3206470,https://homedy.com/cho-thue-can-ho-phu-thanh-apartment/chung-cu-nguyen-son-tp-9tr-th-85m2-full-nt-2pn-es3206470,2026-05-17,2026-06-07 01:13:45.361434,NA,9,105882.35294117648,1,1
homedy,thue,homedy_3206443,3206443,Cho thuê căn hộ The Sun Avenue từ 1 đến 3PN giá từ 11.5 triệu,11600000,"11,6 Triệu/tháng",30,1,"Đường Mai Chí Thọ, Phường An Phú, Quận 2, TP Hồ Chí Minh",Phường An Phú,NA,Thành phố Thủ Đức,1010,Căn hộ,10.78617496763533,106.74923318624496,NA,https://homedy.com/cho-thue-can-ho-the-sun-avenue/tu-1-den-3pn-gia-11-5-trieu-es3206443,https://homedy.com/cho-thue-can-ho-the-sun-avenue/tu-1-den-3pn-gia-11-5-trieu-es3206443,2026-05-17,2026-06-07 01:13:45.361434,NA,11.6,386666.6666666667,1,1
homedy,thue,homedy_3206371,3206371,"Cho thuê nhà Thảo Điền Q2, hầm 4 lầu, phù hợp spa, văn phòng, giá 220tr/tháng",220000000,220 Triệu/tháng,162,0,"Đường Nguyễn Văn Hưởng - Phường Thảo Điền, Quận 2, TP Hồ Chí Minh",Phường Thảo Điền,NA,Thành phố Thủ Đức,1030,Nhà phố,10.8160433,106.7282586,NA,https://homedy.com/cho-thue-nha-biet-thu-lien-ke-quan-2-tp-ho-chi-minh/thao-dien-q2-ham-4-lau-phu-hop-spa-van-phong-gia-220tr-thang-es3206371,https://homedy.com/cho-thue-nha-biet-thu-lien-ke-quan-2-tp-ho-chi-minh/thao-dien-q2-ham-4-lau-phu-hop-spa-van-phong-gia-220tr-thang-es3206371,2026-05-16,2026-06-07 01:13:45.361434,NA,220,1358024.6913580247,1,1
homedy,thue,homedy_3206367,3206367,"Chung cư Sơn Kỳ 2, DC13, TP: 90m2, 3p ngủ, NT mới, 11tr/th",11000000,11 Triệu/tháng,90,0,"Đường CC5, Phường Sơn Kỳ, Quận Tân Phú, TP Hồ Chí Minh",Phường Sơn Kỳ,NA,Quận Tân Phú,1010,Căn hộ,10.8090653,106.60809399999994,NA,https://homedy.com/cho-thue-can-ho-tani-building-son-ky-2/chung-cu-dc13-tp-90m2-3p-ngu-nt-moi-11tr-th-es3206367,https://homedy.com/cho-thue-can-ho-tani-building-son-ky-2/chung-cu-dc13-tp-90m2-3p-ngu-nt-moi-11tr-th-es3206367,2026-05-16,2026-06-07 01:13:45.361434,NA,11,122222.22222222222,1,1
homedy,thue,homedy_3206361,3206361,"Cho thuê căn chung cư Ruby 89m2, 3p ngủ, giá 11tr/tháng.",11000000,11 Triệu/tháng,89,0,"Đường Nguyễn Sỹ Sách, Phường 15, Quận Tân Bình, TP Hồ Chí Minh",Phường 15,NA,Quận Tân Bình,1010,Căn hộ,10.8181822,106.63029819999996,NA,https://homedy.com/cho-thue-can-ho-ruby-garden/chung-cu-89m2-3p-ngu-gia-11tr-thang-es3206361,https://homedy.com/cho-thue-can-ho-ruby-garden/chung-cu-89m2-3p-ngu-gia-11tr-thang-es3206361,2026-05-16,2026-06-07 01:13:45.361434,NA,11,123595.50561797753,1,1
homedy,thue,homedy_1974092,1974092,"Căn Hộ Mới Sky 9 Liên Phường, 2Pn1Wc & 2Pn2Wc, KO & FULL Nội thất, Có Hồ Bơi Gym Yoga, Già từ 6tr5",6500000,"6,5 Triệu/tháng",50,2,"Đường Liên Phường, Phường Phú Hữu, Quận 9, TP Hồ Chí Minh",Phường Phú Hữu,NA,Thành phố Thủ Đức,1010,Căn hộ,10.80514,106.79149,NA,https://homedy.com/cho-thue-can-ho-sky-9/moi-lien-phuong-2pn1wc-2pn2wc-ko-full-noi-that-co-boi-gym-yoga-gia-tu-6tr5-es1974092,https://homedy.com/cho-thue-can-ho-sky-9/moi-lien-phuong-2pn1wc-2pn2wc-ko-full-noi-that-co-boi-gym-yoga-gia-tu-6tr5-es1974092,2026-05-15,2026-06-07 01:13:45.361434,NA,6.5,130000,1,1
homedy,ban,homedy_3199971,3199971,"Giá chỉ 1,7 tỷ. Có liền nhà mới, 44m2, 2pn, 2 toilet, 1 phòng thờ, Quận BT",1700000000,"1,7 Tỷ",44,2,"Đường Số 6 - Phường Bình Hưng Hòa B, Quận Bình Tân, TP Hồ Chí Minh",Phường Bình Hưng Hòa B,NA,Quận Bình Tân,1020,Nhà phố,10.7704159,106.5995401,NA,https://homedy.com/ban-nha-rieng-quan-binh-tan-tp-ho-chi-minh/gia-17-ty-co-lien-moi-44m2-2pn-2-toilet-1-phong-tho-bt-es3199971,https://homedy.com/ban-nha-rieng-quan-binh-tan-tp-ho-chi-minh/gia-17-ty-co-lien-moi-44m2-2pn-2-toilet-1-phong-tho-bt-es3199971,2026-05-28,2026-06-07 01:13:45.361434,NA,1700,38636363.63636363,1,0
homedy,ban,homedy_3208167,3208167,"Bán Nhà Phường 15, Quận 10, Trệt Lầu BTCT, Nhỉnh 4 Tỷ",4300000000,"4,3 Tỷ",27,2,"Đường Tô Hiến Thành - Phường 15, Quận 10, TP Hồ Chí Minh",Phường 15,NA,Quận 10,1020,Nhà phố,10.766766,106.6752862,NA,https://homedy.com/ban-nha-rieng-quan-10-tp-ho-chi-minh/phuong-15-tret-lau-btct-nhinh-4-ty-es3208167,https://homedy.com/ban-nha-rieng-quan-10-tp-ho-chi-minh/phuong-15-tret-lau-btct-nhinh-4-ty-es3208167,2026-05-28,2026-06-07 01:13:45.361434,NA,4300,159259259.25925925,1,0
homedy,ban,homedy_3208160,3208160,Mẫu nhà đẹp hiện đại mới tinh khu vực cầu lớn Hóc Môn,750000000,750 Triệu,44,3,"Đường Nguyễn Văn Bứa - Xã Xuân Thới Sơn, Huyện Hóc Môn, TP Hồ Chí Minh",Xã Xuân Thới Sơn,NA,Huyện Hóc Môn,1020,Nhà phố,10.8937624,106.5832489,NA,https://homedy.com/ban-nha-rieng-huyen-hoc-mon-tp-ho-chi-minh/mau-dep-hien-dai-moi-tinh-khu-vuc-cau-lon-es3208160,https://homedy.com/ban-nha-rieng-huyen-hoc-mon-tp-ho-chi-minh/mau-dep-hien-dai-moi-tinh-khu-vuc-cau-lon-es3208160,2026-05-28,2026-06-07 01:13:45.361434,NA,750,17045454.545454547,1,0
homedy,ban,homedy_3202717,3202717,"Bán CHDV, 43p, dòng tiền 210tr/tháng, SHR, ngân hàng cho vay, Tân Kỳ Tân Quý, Quận Bình Tân",28500000000,"28,5 Tỷ",228,0,"Đường Tân Kỳ Tân Quý - Phường Bình Hưng Hòa, Quận Bình Tân, TP Hồ Chí Minh",Phường Bình Hưng Hòa,NA,Quận Bình Tân,1020,Bất động sản khác,10.7704159,106.5995401,NA,https://homedy.com/ban-nha-rieng-quan-binh-tan-tp-ho-chi-minh/chdv-43p-dong-tien-210tr-thang-shr-ngan-hang-cho-vay-ky-quy-es3202717,https://homedy.com/ban-nha-rieng-quan-binh-tan-tp-ho-chi-minh/chdv-43p-dong-tien-210tr-thang-shr-ngan-hang-cho-vay-ky-quy-es3202717,2026-05-28,2026-06-07 01:13:45.361434,NA,28500,125000000,1,0
homedy,ban,homedy_3204753,3204753,"Duy nhất còn 1 lô, gần 300m2, SHR, giá 14,8 tỷ. MT đường Phan Văn Đối.",14800000000,"14,8 Tỷ",230,0,"Đường Phan Văn Đối - Xã Bà Điểm, Huyện Hóc Môn, TP Hồ Chí Minh",Xã Bà Điểm,NA,Huyện Hóc Môn,1020,Bất động sản khác,10.865465500000001,106.6010124,NA,https://homedy.com/ban-dat-huyen-hoc-mon-tp-ho-chi-minh/duy-nhat-con-1-lo-gan-300m2-shr-gia-148-ty-mt-duong-phan-van-doi-es3204753,https://homedy.com/ban-dat-huyen-hoc-mon-tp-ho-chi-minh/duy-nhat-con-1-lo-gan-300m2-shr-gia-148-ty-mt-duong-phan-van-doi-es3204753,2026-05-07,2026-06-07 01:13:45.361434,NA,14800,64347826.08695652,1,0
homedy,ban,homedy_3208083,3208083,Emerald Celadon – 2PN 1WC | 63m² | Full nội thất | Giá 5 tỷ 150,5150000000,"5,15 Tỷ",63,2,"Đường Tân Thắng, Phường Sơn Kỳ, Quận Tân Phú, TP Hồ Chí Minh",Phường Sơn Kỳ,NA,Quận Tân Phú,1020,Bất động sản khác,10.804178563119317,106.61499738693236,NA,https://homedy.com/ban-can-ho-emerald-precinct/celadon-2pn-1wc-63m-full-noi-that-gia-5-ty-150-es3208083,https://homedy.com/ban-can-ho-emerald-precinct/celadon-2pn-1wc-63m-full-noi-that-gia-5-ty-150-es3208083,2026-05-27,2026-06-07 01:13:45.361434,NA,5150,81746031.74603175,1,0
homedy,ban,homedy_3208037,3208037,"Căn hộ góc 3PN - 137m2 view hồ đẹp toàn cảnh Quận 1 và Landmark giá 8,2 tỷ",8199999999.999999,"8,2 Tỷ",137,0,"Đường Nguyễn Văn Linh, Phường Tân Thuận Tây, Quận 7, TP Hồ Chí Minh",Phường Tân Thuận Tây,NA,Quận 7,1010,Căn hộ,10.751321032403125,106.72332824442742,NA,https://homedy.com/ban-can-ho-the-ascent-lakeside/goc-3pn-137m2-view-dep-toan-canh-quan-1-va-landmark-gia-82-ty-es3208037,https://homedy.com/ban-can-ho-the-ascent-lakeside/goc-3pn-137m2-view-dep-toan-canh-quan-1-va-landmark-gia-82-ty-es3208037,2026-05-27,2026-06-07 01:13:45.361434,NA,8199.999999999998,59854014.59854014,1,0
homedy,ban,homedy_3208035,3208035,"Căn hộ Ascent lakeside 2PN-2WC 103m2 view hồ, quận 1-4 giá 6,2 tỷ",6200000000,"6,2 Tỷ",103,2,"Đường Nguyễn Văn Linh, Phường Tân Thuận Tây, Quận 7, TP Hồ Chí Minh",Phường Tân Thuận Tây,NA,Quận 7,1010,Căn hộ,10.751321032403125,106.72332824442742,NA,https://homedy.com/ban-can-ho-the-ascent-lakeside/2pn-2wc-103m2-view-quan-1-4-gia-62-ty-es3208035,https://homedy.com/ban-can-ho-the-ascent-lakeside/2pn-2wc-103m2-view-quan-1-4-gia-62-ty-es3208035,2026-05-27,2026-06-07 01:13:45.361434,NA,6200,60194174.75728156,1,0
homedy,ban,homedy_3208034,3208034,"Bán nhà phường tân tạo a, bình tân – 55m2 - sẵn shr - 4.9 tỷ. lh:0938800325",4900000000,"4,9 Tỷ",55,3,"Phường Tân Tạo A - Quận Bình Tân, TP Hồ Chí Minh",Phường Tân Tạo A - Quận Bình Tân,NA,Quận Bình Tân,1020,Nhà phố,10.7510379,106.5918016,NA,https://homedy.com/ban-nha-rieng-quan-binh-tan-tp-ho-chi-minh/phuong-tao-a-55m2-san-shr-4-9-ty-lh0938800325-es3208034,https://homedy.com/ban-nha-rieng-quan-binh-tan-tp-ho-chi-minh/phuong-tao-a-55m2-san-shr-4-9-ty-lh0938800325-es3208034,2026-05-27,2026-06-07 01:13:45.361434,NA,4900,89090909.0909091,1,0
homedy,ban,homedy_3208021,3208021,"Bán nhà mt trần bình trọng p1q5 (61 m2) sẵn sổ hồng, chỉ 36 tỷ. lh:0983341174",36000000000,36 Tỷ,61,0,"Phường 1 - Quận 5, TP Hồ Chí Minh",Phường 1 - Quận 5,NA,Quận 5,1020,Nhà phố,10.7672117,106.7010736,NA,https://homedy.com/ban-nha-mat-pho-quan-5-tp-ho-chi-minh/mt-tran-binh-trong-p1q5-61-m2-san-so-hong-36-ty-lh0983341174-es3208021,https://homedy.com/ban-nha-mat-pho-quan-5-tp-ho-chi-minh/mt-tran-binh-trong-p1q5-61-m2-san-so-hong-36-ty-lh0983341174-es3208021,2026-05-27,2026-06-07 01:13:45.361434,NA,36000,590163934.4262295,1,0
homedy,ban,homedy_3167775,3167775,"Bán nhà Chính Chủ, 2 tầng, SHR, mới 100%, Tỉnh Lộ 10, Quận Bình Tân",1750000000,"1,75 Tỷ",30,2,"Đường Tỉnh Lộ 10 - Phường Tân Tạo, Quận Bình Tân, TP Hồ Chí Minh",Phường Tân Tạo,NA,Quận Bình Tân,1020,Nhà phố,10.7510379,106.5918016,NA,https://homedy.com/ban-nha-rieng-quan-binh-tan-tp-ho-chi-minh/chinh-chu-2-tang-shr-moi-100-tinh-lo-10-es3167775,https://homedy.com/ban-nha-rieng-quan-binh-tan-tp-ho-chi-minh/chinh-chu-2-tang-shr-moi-100-tinh-lo-10-es3167775,2026-05-27,2026-06-07 01:13:45.361434,NA,1750,58333333.333333336,1,0
homedy,ban,homedy_3205460,3205460,"Bán đất 62m2, SHR, giá 2,550 tỷ, Tỉnh Lộ 10, Tân Tạo, Quận Bình Tân",2550000000,"2,55 Tỷ",62,0,"Đường Hồ Văn Long - Phường Tân Tạo, Quận Bình Tân, TP Hồ Chí Minh",Phường Tân Tạo,NA,Quận Bình Tân,1040,Đất nền,10.7510379,106.5918016,NA,https://homedy.com/ban-dat-quan-binh-tan-tp-ho-chi-minh/62m2-shr-gia-2550-ty-tinh-lo-10-tao-es3205460,https://homedy.com/ban-dat-quan-binh-tan-tp-ho-chi-minh/62m2-shr-gia-2550-ty-tinh-lo-10-tao-es3205460,2026-05-27,2026-06-07 01:13:45.361434,NA,2550,41129032.258064516,1,0
homedy,ban,homedy_3208013,3208013,"Nhà ngang 6m hiếm gặp ở Hóc Môn–có dòng tiền sẵn 4,8tr/th Sổ Riêng đường oto,900.000.000đ",900000000,900 Triệu,102,2,"Đường Tân Thới Nhì 14 - Xã Tân Thới Nhì, Huyện Hóc Môn, TP Hồ Chí Minh",Xã Tân Thới Nhì,NA,Huyện Hóc Môn,1020,Nhà phố,10.8937624,106.5832489,NA,https://homedy.com/ban-nha-rieng-huyen-hoc-mon-tp-ho-chi-minh/ngang-6m-hiem-gap-o-co-dong-tien-san-48tr-th-so-duong-oto900-000-000d-es3208013,https://homedy.com/ban-nha-rieng-huyen-hoc-mon-tp-ho-chi-minh/ngang-6m-hiem-gap-o-co-dong-tien-san-48tr-th-so-duong-oto900-000-000d-es3208013,2026-05-27,2026-06-07 01:13:45.361434,NA,900,8823529.411764706,1,0
homedy,ban,homedy_3204958,3204958,"Hạ gấp 2 tỷ chỉ còn 16,5 tỷ – Bán nhà 196m² sát Vạn Phúc City – đường số 9 Hiệp Bình Phước",16500000000,"16,5 Tỷ",196,0,"Đường Số 9 - Phường Hiệp Bình Phước, Thành phố Thủ Đức, TP Hồ Chí Minh",Phường Hiệp Bình Phước,NA,Thành phố Thủ Đức,1020,Nhà phố,10.8040647,106.7460498,NA,https://homedy.com/ban-nha-rieng-thanh-pho-thu-duc-tp-ho-chi-minh/ha-gap-2-ty-con-165-196m-sat-van-phuc-city-duong-so-9-hiep-binh-phuoc-es3204958,https://homedy.com/ban-nha-rieng-thanh-pho-thu-duc-tp-ho-chi-minh/ha-gap-2-ty-con-165-196m-sat-van-phuc-city-duong-so-9-hiep-binh-phuoc-es3204958,2026-05-08,2026-06-07 01:13:45.361434,NA,16500,84183673.46938775,1,0
homedy,ban,homedy_3167604,3167604,"Trả nợ bán nhà 58m2/ 1TY1 đường Lê Quốc Hưng Quận 4, ngay chợ , SHR lh Anh Duy 0792864816",1100000000,"1,1 Tỷ",58,3,"Đường Lê Quốc Hưng - Phường 12, Quận 4, TP Hồ Chí Minh",Phường 12,NA,Quận 4,1020,Nhà phố,10.8305173,106.6157456,NA,https://homedy.com/ban-nha-rieng-quan-4-tp-ho-chi-minh/tra-no-58m2-1ty1-duong-le-quoc-hung-ngay-cho-shr-lh-anh-duy-0792864816-es3167604,https://homedy.com/ban-nha-rieng-quan-4-tp-ho-chi-minh/tra-no-58m2-1ty1-duong-le-quoc-hung-ngay-cho-shr-lh-anh-duy-0792864816-es3167604,2026-05-26,2026-06-07 01:13:45.361434,NA,1100,18965517.24137931,1,0
homedy,ban,homedy_3158556,3158556,"Con Bệnh Nặng bán gấp nhà Đ. Bùi Minh Trực, P. 6, Q. 8, 58.5m2/835 Triệu LH Anh Duy 0792864816",835000000,835 Triệu,58.5,3,"Đường Bùi Minh Trực - Phường 6, Quận 8, TP Hồ Chí Minh",Phường 6,NA,Quận 8,1020,Nhà phố,10.7390739,106.6659208,NA,https://homedy.com/ban-nha-rieng-quan-8-tp-ho-chi-minh/con-benh-nang-gap-d-bui-truc-p-6-q-58-5m2-835-trieu-lh-anh-duy-0792864816-es3158556,https://homedy.com/ban-nha-rieng-quan-8-tp-ho-chi-minh/con-benh-nang-gap-d-bui-truc-p-6-q-58-5m2-835-trieu-lh-anh-duy-0792864816-es3158556,2026-05-26,2026-06-07 01:13:45.361434,NA,835,14273504.273504274,1,0
homedy,ban,homedy_3167607,3167607,Nợ bán gấp nhà Nguyễn Thái Sơn 70m2/1TY150TR ngay đại học Công Nghiệp LH Anh Duy 0792864816,1150000000,"1,15 Tỷ",70,3,"Đường Nguyễn Thái Sơn - Phường 1, Quận Gò Vấp, TP Hồ Chí Minh",Phường 1,NA,Quận Gò Vấp,1020,Nhà phố,10.8352617,106.6740588,NA,https://homedy.com/ban-nha-rieng-quan-go-vap-tp-ho-chi-minh/no-gap-nguyen-thai-son-70m2-1ty150tr-ngay-dai-hoc-cong-nghiep-lh-anh-duy-0792864816-es3167607,https://homedy.com/ban-nha-rieng-quan-go-vap-tp-ho-chi-minh/no-gap-nguyen-thai-son-70m2-1ty150tr-ngay-dai-hoc-cong-nghiep-lh-anh-duy-0792864816-es3167607,2026-05-26,2026-06-07 01:13:45.361434,NA,1150,16428571.42857143,1,0
homedy,thue,homedy_2144759,2144759,Cá Độ Thua Bán Gấp Nhà 62m2 Đặng Thùy Trâm Gía 880 Triệu Cho Thuê 5tr/tháng LH Anh Duy 0792864816,880000000,880 Triệu,62,3,"Đường Đặng Thùy Trâm - Phường 13, Quận Bình Thạnh, TP Hồ Chí Minh",Phường 13,NA,Quận Bình Thạnh,1030,Nhà phố,10.8293641,106.7028238,NA,https://homedy.com/ban-nha-rieng-quan-binh-thanh-tp-ho-chi-minh/ca-do-thua-gap-62m2-dang-thuy-tram-gia-880-trieu-cho-thue-5tr-thang-lh-anh-duy-0792864816-es2144759,https://homedy.com/ban-nha-rieng-quan-binh-thanh-tp-ho-chi-minh/ca-do-thua-gap-62m2-dang-thuy-tram-gia-880-trieu-cho-thue-5tr-thang-lh-anh-duy-0792864816-es2144759,2026-05-26,2026-06-07 01:13:45.361434,NA,880,14193548.387096774,1,1
homedy,ban,homedy_3207932,3207932,"Villa mới tinh 404m² tại KDC Tuổi Trẻ Thủ Đức, sân vườn rộng, gần cao tốc, 110 tỷ",110000000000,110 Tỷ,404,0,"Đường Đồng Văn Cống - Phường Bình Trưng Tây, Quận 2, TP Hồ Chí Minh",Phường Bình Trưng Tây,NA,Thành phố Thủ Đức,1040,Đất nền,10.7912168,106.7619557,NA,https://homedy.com/ban-nha-biet-thu-lien-ke-quan-2-tp-ho-chi-minh/villa-moi-tinh-404m-tai-kdc-tuoi-tre-duc-san-vuon-rong-gan-cao-toc-110-ty-es3207932,https://homedy.com/ban-nha-biet-thu-lien-ke-quan-2-tp-ho-chi-minh/villa-moi-tinh-404m-tai-kdc-tuoi-tre-duc-san-vuon-rong-gan-cao-toc-110-ty-es3207932,2026-05-26,2026-06-07 01:13:45.361434,NA,110000,272277227.7227723,1,0
homedy,ban,homedy_3172874,3172874,[Phường Bàn Cờ] Bán Nhà Phố 5 Tầng – Ngang 4m Nở Hậu – Gần Chợ Bàn Cờ – 11.9 Tỷ,11900000000,"11,9 Tỷ",36,3,"Phường 2, Quận 3, TP Hồ Chí Minh",Phường 2,NA,Quận 3,1020,Nhà phố,10.7819863,106.6912377,NA,https://homedy.com/ban-nha-rieng-quan-3-tp-ho-chi-minh/phuong-co-pho-5-tang-ngang-4m-no-hau-gan-cho-11-9-ty-es3172874,https://homedy.com/ban-nha-rieng-quan-3-tp-ho-chi-minh/phuong-co-pho-5-tang-ngang-4m-no-hau-gan-cho-11-9-ty-es3172874,2026-05-26,2026-06-07 01:13:45.361434,NA,11900,330555555.5555556,1,0
homedy,ban,homedy_3207924,3207924,"Bán nhà góc 2MT Lương Định Của, 203m2, ngang 10m, 1 hầm + 6 tầng, 135 tỷ",135000000000,135 Tỷ,203.5,0,"Phường An Phú, Quận 2, TP Hồ Chí Minh",Phường An Phú,NA,Thành phố Thủ Đức,1020,Nhà phố,10.7730701,106.6544302,NA,https://homedy.com/ban-bat-dong-san-khac-quan-2-tp-ho-chi-minh/nha-goc-2mt-luong-dinh-cua-203m2-ngang-10m-1-ham-6-tang-135-ty-es3207924,https://homedy.com/ban-bat-dong-san-khac-quan-2-tp-ho-chi-minh/nha-goc-2mt-luong-dinh-cua-203m2-ngang-10m-1-ham-6-tang-135-ty-es3207924,2026-05-26,2026-06-07 01:13:45.361434,NA,135000,663390663.3906634,1,0
homedy,thue,homedy_3207921,3207921,Bán gấp nhà Sổ riêng + 3 kiot gác đang cho thuê 7TR/tháng ngay chợ Việt Kiều Củ Chi giá 839 Triệu,839000000,839 Triệu,133,0,"Đường Số 30 - Xã Tân Thông Hội, Huyện Củ Chi, TP Hồ Chí Minh",Xã Tân Thông Hội,NA,Huyện Củ Chi,1030,Nhà phố,11.0967072,106.5097461,NA,https://homedy.com/ban-nha-rieng-huyen-cu-chi-tp-ho-chi-minh/gap-so-3-kiot-gac-dang-cho-thue-7tr-thang-ngay-viet-kieu-gia-839-trieu-es3207921,https://homedy.com/ban-nha-rieng-huyen-cu-chi-tp-ho-chi-minh/gap-so-3-kiot-gac-dang-cho-thue-7tr-thang-ngay-viet-kieu-gia-839-trieu-es3207921,2026-05-26,2026-06-07 01:13:45.361434,NA,839,6308270.67669173,1,1
homedy,ban,homedy_3207920,3207920,"Tòa nhà mặt tiền Bạch Đằng 328m², quy mô lớn, hầm 9 tầng, gần sân bay, 160 tỷ",160000000000,160 Tỷ,328,0,"Đường Bạch Đằng - Phường 2, Quận Tân Bình, TP Hồ Chí Minh",Phường 2,NA,Quận Tân Bình,1020,Nhà phố,10.8125589,106.6674006,NA,https://homedy.com/ban-bat-dong-san-khac-quan-tan-binh-tp-ho-chi-minh/toa-nha-mat-tien-bach-dang-328m-quy-mo-lon-ham-9-tang-gan-bay-160-ty-es3207920,https://homedy.com/ban-bat-dong-san-khac-quan-tan-binh-tp-ho-chi-minh/toa-nha-mat-tien-bach-dang-328m-quy-mo-lon-ham-9-tang-gan-bay-160-ty-es3207920,2026-05-26,2026-06-07 01:13:45.361434,NA,160000,487804878.0487805,1,0
homedy,ban,homedy_3195416,3195416,Bán căn hộ đường Lý Thường Kiệt Quận 10 gần Đại học Bách Khoa,6900000000,"6,9 Tỷ",75,1,"Phường 14, Quận 10, TP Hồ Chí Minh",Phường 14,NA,Quận 10,1010,Căn hộ,10.767623055528077,106.65935749552308,NA,https://homedy.com/ban-can-ho-xi-grand-court/duong-ly-thuong-kiet-quan-10-gan-dai-hoc-bach-khoa-es3195416,https://homedy.com/ban-can-ho-xi-grand-court/duong-ly-thuong-kiet-quan-10-gan-dai-hoc-bach-khoa-es3195416,2026-05-24,2026-06-07 01:13:45.361434,NA,6900,92000000,1,0
homedy,ban,homedy_3207916,3207916,"Vỡ nợ bán nhà 1t1l đường Bờ Bao Tân Thắng, quận Tân Phú-dt 58m2 sổ hồng riêng, hẻm xe hơi",950000000,950 Triệu,58,3,"Đường Bờ Bao Tân Thắng - Phường Sơn Kỳ, Quận Tân Phú, TP Hồ Chí Minh",Phường Sơn Kỳ,NA,Quận Tân Phú,1020,Nhà phố,10.7918681,106.6277515,NA,https://homedy.com/ban-nha-rieng-quan-tan-phu-tp-ho-chi-minh/vo-no-1t1l-duong-bo-bao-thang-dt-58m2-so-hong-hem-xe-hoi-es3207916,https://homedy.com/ban-nha-rieng-quan-tan-phu-tp-ho-chi-minh/vo-no-1t1l-duong-bo-bao-thang-dt-58m2-so-hong-hem-xe-hoi-es3207916,2026-05-26,2026-06-07 01:13:45.361434,NA,950,16379310.344827587,1,0
homedy,ban,homedy_3207912,3207912,"Kẹt nợ bán gấp nhà Nguyễn Thị Búp, quận 12, dt 45m2-sổ hồng riêng-giá bán 760tr-HXH",760000000,760 Triệu,45,0,"Đường Nguyễn Thị Búp - Phường Tân Thới Hiệp, Quận 12, TP Hồ Chí Minh",Phường Tân Thới Hiệp,NA,Quận 12,1020,Nhà phố,10.8612652,106.6642083,NA,https://homedy.com/ban-nha-rieng-quan-12-tp-ho-chi-minh/ket-no-gap-nguyen-thi-bup-dt-45m2-so-hong-gia-760tr-hxh-es3207912,https://homedy.com/ban-nha-rieng-quan-12-tp-ho-chi-minh/ket-no-gap-nguyen-thi-bup-dt-45m2-so-hong-gia-760tr-hxh-es3207912,2026-05-26,2026-06-07 01:13:45.361434,NA,760,16888888.888888888,1,0
homedy,ban,homedy_3201975,3201975,"2PN/2TỶ ,Bình Thạnh , Hiện Đại 2026 ,Ở Ngay ,Sổ Sẵn ,Thuê 13 Triệu ,PCCC/An Ninh Tốt ,Bank dài hạn",2000000000,2 Tỷ,50,2,"Đường Lê Quang Định - Phường 5, Quận Bình Thạnh, TP Hồ Chí Minh",Phường 5,NA,Quận Bình Thạnh,1020,Bất động sản khác,10.7488299,106.6424268,NA,https://homedy.com/ban-can-ho-quan-binh-thanh-tp-ho-chi-minh/2pn-2ty-hien-dai-2026-o-ngay-so-san-thue-13-trieu-pccc-an-ninh-tot-bank-han-es3201975,https://homedy.com/ban-can-ho-quan-binh-thanh-tp-ho-chi-minh/2pn-2ty-hien-dai-2026-o-ngay-so-san-thue-13-trieu-pccc-an-ninh-tot-bank-han-es3201975,2026-05-21,2026-06-07 01:13:45.361434,NA,2000,40000000,1,0
homedy,ban,homedy_3207890,3207890,"Bán CH Moonlight Park View, 1PN 1WC sổ hồng riêng nhận nhà ở ngay.LH 0933654662",3050000000,"3,05 Tỷ",52,1,"Đường Kinh Dương Vương, Phường An Lạc A, Quận Bình Tân, TP Hồ Chí Minh",Phường An Lạc A,NA,Quận Bình Tân,1020,Nhà phố,10.73655919858591,106.61367647588804,NA,https://homedy.com/ban-can-ho-moonlight-boulevard/ch-park-view-1pn-1wc-so-hong-rieng-nhan-nha-o-ngay-lh-0933654662-es3207890,https://homedy.com/ban-can-ho-moonlight-boulevard/ch-park-view-1pn-1wc-so-hong-rieng-nhan-nha-o-ngay-lh-0933654662-es3207890,2026-05-26,2026-06-07 01:13:45.361434,NA,3050,58653846.15384615,1,0
homedy,ban,homedy_3193133,3193133,Bán Nhà Mặt Tiền Nguyễn Xí P13 Bình Thạnh – 1 Trệt 2 Lầu 1 Thượng – Sổ Đỏ Hoàn Công – 14 Tỷ,14000000000,14 Tỷ,47,0,"Phường 13, Quận Bình Thạnh, TP Hồ Chí Minh",Phường 13,NA,Quận Bình Thạnh,1020,Nhà phố,10.820660562561416,106.70411109924318,NA,https://homedy.com/ban-nha-mat-pho-quan-binh-thanh-tp-ho-chi-minh/tien-nguyen-xi-p13-1-tret-2-lau-thuong-so-do-hoan-cong-14-ty-es3193133,https://homedy.com/ban-nha-mat-pho-quan-binh-thanh-tp-ho-chi-minh/tien-nguyen-xi-p13-1-tret-2-lau-thuong-so-do-hoan-cong-14-ty-es3193133,2026-05-08,2026-06-07 01:13:45.361434,NA,14000,297872340.4255319,1,0
homedy,ban,homedy_3207886,3207886,Bán Căn Nhà ở Trung Chánh Hóc Môn 106m2 1 Tỷ 050 triệu Sổ Hồng Riêng,1050000000,"1,05 Tỷ",106,2,"Đường Tô Ký - Xã Trung Chánh, Huyện Hóc Môn, TP Hồ Chí Minh",Xã Trung Chánh,NA,Huyện Hóc Môn,1020,Nhà phố,10.8692542,106.6148172,NA,https://homedy.com/ban-nha-rieng-huyen-hoc-mon-tp-ho-chi-minh/can-o-trung-chanh-106m2-1-ty-050-trieu-so-hong-es3207886,https://homedy.com/ban-nha-rieng-huyen-hoc-mon-tp-ho-chi-minh/can-o-trung-chanh-106m2-1-ty-050-trieu-so-hong-es3207886,2026-05-26,2026-06-07 01:13:45.361434,NA,1050,9905660.37735849,1,0
homedy,ban,homedy_1509457,1509457,"Stown - CTL Tham Lương 2PN giá rẻ 3.39 tỷ 61m2 ngay Trường Chinh liền kề Tân Bình, liên hệ",3390000000,"3,39 Tỷ",61,0,"Đường Dương Thị Giang, Phường Tân Thới Nhất, Quận 12, TP Hồ Chí Minh",Phường Tân Thới Nhất,NA,Quận 12,1020,Bất động sản khác,10.8227539,106.6251024,NA,https://homedy.com/ban-can-ho-stown-tham-luong/ctl-2pn-gia-re-3-39-ty-61m2-ngay-truong-chinh-lien-ke-tan-binh-he-es1509457,https://homedy.com/ban-can-ho-stown-tham-luong/ctl-2pn-gia-re-3-39-ty-61m2-ngay-truong-chinh-lien-ke-tan-binh-he-es1509457,2026-04-28,2026-06-07 01:13:45.361434,NA,3390,55573770.49180328,1,0
homedy,ban,homedy_3207879,3207879,"Bán Shophouse Vinhomes Park 1, 10x22m đất, đang kinh doanh",79000000000,79 Tỷ,219,0,"Đường Điện Biên Phủ, Phường 22, Quận Bình Thạnh, TP Hồ Chí Minh",Phường 22,NA,Quận Bình Thạnh,1040,Đất nền,10.7944850921631,106.722618103027,NA,https://homedy.com/ban-nha-pho-thuong-mai-shophouse-khu-do-thi-vinhomes-central-park/1-10x22m-dat-dang-kinh-doanh-es3207879,https://homedy.com/ban-nha-pho-thuong-mai-shophouse-khu-do-thi-vinhomes-central-park/1-10x22m-dat-dang-kinh-doanh-es3207879,2026-05-26,2026-06-07 01:13:45.361434,NA,79000,360730593.60730594,1,0
homedy,ban,homedy_3207877,3207877,"Bán nhà cấp 4 mặt tiền Quốc Hương, 8.6x20m đất, sổ hồng riêng, xây được 7 tầng",79000000000,79 Tỷ,224.4,0,"Đường Quốc Hương - Phường Thảo Điền, Quận 2, TP Hồ Chí Minh",Phường Thảo Điền,NA,Thành phố Thủ Đức,1040,Đất nền,10.8011432,106.7351252,NA,https://homedy.com/ban-dat-nen-du-an-quan-2-tp-ho-chi-minh/nha-cap-4-mat-tien-quoc-huong-8-6x20m-so-hong-rieng-xay-duoc-7-tang-es3207877,https://homedy.com/ban-dat-nen-du-an-quan-2-tp-ho-chi-minh/nha-cap-4-mat-tien-quoc-huong-8-6x20m-so-hong-rieng-xay-duoc-7-tang-es3207877,2026-05-26,2026-06-07 01:13:45.361434,NA,79000,352049910.87344027,1,0
homedy,ban,homedy_3173825,3173825,"Căn Hộ 2PN Lê Quang Định 2tỷ Full Nội Thất Như Hình, Sổ sẵn cho vay 70% - O7O.555.6O36",2000000000,2 Tỷ,50,2,"Đường Lê Quang Định - Phường 5, Quận Bình Thạnh, TP Hồ Chí Minh",Phường 5,NA,Quận Bình Thạnh,1010,Căn hộ,10.81244075275482,106.69003486633302,NA,https://homedy.com/ban-can-ho-quan-binh-thanh-tp-ho-chi-minh/2pn-le-quang-dinh-2ty-full-noi-that-nhu-hinh-so-san-cho-vay-70-o7o-555-6o36-es3173825,https://homedy.com/ban-can-ho-quan-binh-thanh-tp-ho-chi-minh/2pn-le-quang-dinh-2ty-full-noi-that-nhu-hinh-so-san-cho-vay-70-o7o-555-6o36-es3173825,2026-05-26,2026-06-07 01:13:45.361434,NA,2000,40000000,1,0
homedy,ban,homedy_3202415,3202415,Bán Gấp 2PN NTCB D'edge Thảo Điền Suất SPA Giá Siêu TỐT,10500000000,"10,5 Tỷ",90,0,"Đường Nguyễn Văn Hưởng, Phường Thảo Điền, Quận 2, TP Hồ Chí Minh",Phường Thảo Điền,NA,Thành phố Thủ Đức,1020,Bất động sản khác,10.8160433,106.7282586,NA,https://homedy.com/ban-can-ho-dedge-capitaland-thao-dien/gap-2pn-ntcb-suat-spa-gia-sieu-tot-es3202415,https://homedy.com/ban-can-ho-dedge-capitaland-thao-dien/gap-2pn-ntcb-suat-spa-gia-sieu-tot-es3202415,2026-05-26,2026-06-07 01:13:45.361434,NA,10500,116666666.66666667,1,0
homedy,ban,homedy_3207873,3207873,"Bán shophouse căn góc Vinhomes Tân Cảng, 204,5m², vị trí vàng, giá 79 tỷ",79000000000,79 Tỷ,204.5,0,"Đường Điện Biên Phủ, Phường 22, Quận Bình Thạnh, TP Hồ Chí Minh",Phường 22,NA,Quận Bình Thạnh,1020,Nhà phố,10.7944850921631,106.722618103027,NA,https://homedy.com/ban-nha-pho-thuong-mai-shophouse-khu-do-thi-vinhomes-central-park/can-goc-tan-cang-2045m-vi-tri-vang-gia-79-ty-es3207873,https://homedy.com/ban-nha-pho-thuong-mai-shophouse-khu-do-thi-vinhomes-central-park/can-goc-tan-cang-2045m-vi-tri-vang-gia-79-ty-es3207873,2026-05-26,2026-06-07 01:13:45.361434,NA,79000,386308068.4596577,1,0
homedy,ban,homedy_3192505,3192505,Bán nhà Nguyễn Thị Thập Quận 7 - KDC Him Lam - 100m2 - 5 Tầng Thang Máy - 45 Tỷ,45000000000,45 Tỷ,100,0,"Đường Nguyễn Thị Thập - Phường Tân Hưng, Quận 7, TP Hồ Chí Minh",Phường Tân Hưng,NA,Quận 7,1020,Nhà phố,10.740813513133864,106.69567422182378,NA,https://homedy.com/ban-nha-mat-pho-quan-7-tp-ho-chi-minh/nguyen-thi-thap-kdc-him-lam-100m2-5-tang-thang-may-45-ty-es3192505,https://homedy.com/ban-nha-mat-pho-quan-7-tp-ho-chi-minh/nguyen-thi-thap-kdc-him-lam-100m2-5-tang-thang-may-45-ty-es3192505,2026-05-08,2026-06-07 01:13:45.361434,NA,45000,450000000,1,0
homedy,ban,homedy_3207852,3207852,"Chính chủ bán....nhà hẻm quốc lộ 1A, P.bình chiểu-Thủ đức..! ( BANK hổ trợ 80% )",7800000000,"7,8 Tỷ",158,3,"Đường Quốc lộ 1A - Phường Bình Chiểu, Thành phố Thủ Đức, TP Hồ Chí Minh",Phường Bình Chiểu,NA,Thành phố Thủ Đức,1020,Nhà phố,10.8819382,106.7292434,NA,https://homedy.com/ban-nha-rieng-thanh-pho-thu-duc-tp-ho-chi-minh/chinh-chu-hem-quoc-lo-1a-p-binh-chieu-bank-tro-80-es3207852,https://homedy.com/ban-nha-rieng-thanh-pho-thu-duc-tp-ho-chi-minh/chinh-chu-hem-quoc-lo-1a-p-binh-chieu-bank-tro-80-es3207852,2026-05-26,2026-06-07 01:13:45.361434,NA,7800,49367088.60759494,1,0
homedy,ban,homedy_3207832,3207832,"Đất Trung Tâm Hành Chính Củ Chi – Gần Chợ, Bệnh Viện, Trường Học, Giá Tốt Hiếm Có",1300000000,"1,3 Tỷ",100,0,"Đường Trung Lập - Xã Thái Mỹ, Huyện Củ Chi, TP Hồ Chí Minh",Xã Thái Mỹ,NA,Huyện Củ Chi,1040,Đất nền,11.0967072,106.5097461,NA,https://homedy.com/ban-dat-huyen-cu-chi-tp-ho-chi-minh/trung-tam-hanh-chinh-gan-cho-benh-vien-truong-hoc-gia-tot-hiem-co-es3207832,https://homedy.com/ban-dat-huyen-cu-chi-tp-ho-chi-minh/trung-tam-hanh-chinh-gan-cho-benh-vien-truong-hoc-gia-tot-hiem-co-es3207832,2026-05-26,2026-06-07 01:13:45.361434,NA,1300,13000000,1,0
homedy,ban,homedy_3206037,3206037,"Phan Văn Trị - Bình Thạnh , CH 58M2/2 Tỷ 3 sổ sẵn , view Hồ bơi , tầng cao , ở ngay ,thuê 12 triệu",2300000000,"2,3 Tỷ",57,2,"Đường Phan Văn Trị - Phường 7, Quận Bình Thạnh, TP Hồ Chí Minh",Phường 7,NA,Quận Bình Thạnh,1020,Bất động sản khác,10.7091224,106.6232666,NA,https://homedy.com/ban-can-ho-quan-binh-thanh-tp-ho-chi-minh/phan-van-tri-ch-58m2-2-ty-3-so-san-view-boi-tang-cao-o-ngay-thue-12-trieu-es3206037,https://homedy.com/ban-can-ho-quan-binh-thanh-tp-ho-chi-minh/phan-van-tri-ch-58m2-2-ty-3-so-san-view-boi-tang-cao-o-ngay-thue-12-trieu-es3206037,2026-05-14,2026-06-07 01:13:45.361434,NA,2300,40350877.19298246,1,0
homedy,ban,homedy_3207833,3207833,"Bán đất tặng nhà khu phân lô Linh Xuân , 52m2, 4,15 tỷ.",4150000000.000001,"4,15 Tỷ",52,2,"Đường 10 - Phường Linh Xuân, Thành phố Thủ Đức, TP Hồ Chí Minh",Phường Linh Xuân,NA,Thành phố Thủ Đức,1040,Đất nền,10.8572104,106.7721044,NA,https://homedy.com/ban-nha-rieng-thanh-pho-thu-duc-tp-ho-chi-minh/dat-tang-khu-phan-lo-linh-xuan-52m2-415-ty-es3207833,https://homedy.com/ban-nha-rieng-thanh-pho-thu-duc-tp-ho-chi-minh/dat-tang-khu-phan-lo-linh-xuan-52m2-415-ty-es3207833,2026-05-26,2026-06-07 01:13:45.361434,NA,4150.000000000001,79807692.30769232,1,0
homedy,ban,homedy_3207812,3207812,"Chính chủ cần bán nhà mặt tiền giá rẻ chỉ 3,5 tỷ",3500000000,"3,5 Tỷ",59,0,"Đường Tiền Lân 15 - Xã Bà Điểm, Huyện Hóc Môn, TP Hồ Chí Minh",Xã Bà Điểm,NA,Huyện Hóc Môn,1020,Nhà phố,10.865465500000001,106.6010124,NA,https://homedy.com/ban-nha-mat-pho-huyen-hoc-mon-tp-ho-chi-minh/chinh-chu-can-tien-gia-re-35-ty-es3207812,https://homedy.com/ban-nha-mat-pho-huyen-hoc-mon-tp-ho-chi-minh/chinh-chu-can-tien-gia-re-35-ty-es3207812,2026-05-25,2026-06-07 01:13:45.361434,NA,3500,59322033.89830509,1,0
homedy,ban,homedy_3207787,3207787,"HXH, Hương Lộ 2, Bình Tân, 5.1x12m, 4 tầng, nhỉnh 5ty",5500000000,"5,5 Tỷ",60,4,"Đường Hương lộ 2 - Phường Bình Trị Đông, Quận Bình Tân, TP Hồ Chí Minh",Phường Bình Trị Đông,NA,Quận Bình Tân,1020,Bất động sản khác,10.7703543,106.5995759,NA,https://homedy.com/ban-nha-rieng-quan-binh-tan-tp-ho-chi-minh/hxh-huong-lo-2-5-1x12m-4-tang-nhinh-5ty-es3207787,https://homedy.com/ban-nha-rieng-quan-binh-tan-tp-ho-chi-minh/hxh-huong-lo-2-5-1x12m-4-tang-nhinh-5ty-es3207787,2026-05-25,2026-06-07 01:13:45.361434,NA,5500,91666666.66666667,1,0
homedy,ban,homedy_3207786,3207786,"HXH, Hương Lộ 2, Bình Tân, 4.3x9.7m, full nội thất, nhà mới ở ngay, Nhỉnh 5ty",5200000000,"5,2 Tỷ",42,2,"Đường Hương lộ 2 - Phường Bình Trị Đông, Quận Bình Tân, TP Hồ Chí Minh",Phường Bình Trị Đông,NA,Quận Bình Tân,1020,Nhà phố,10.7703543,106.5995759,NA,https://homedy.com/ban-nha-rieng-quan-binh-tan-tp-ho-chi-minh/hxh-huong-lo-2-4-3x9-7m-full-noi-that-moi-o-ngay-nhinh-5ty-es3207786,https://homedy.com/ban-nha-rieng-quan-binh-tan-tp-ho-chi-minh/hxh-huong-lo-2-4-3x9-7m-full-noi-that-moi-o-ngay-nhinh-5ty-es3207786,2026-05-25,2026-06-07 01:13:45.361434,NA,5200,123809523.8095238,1,0
homedy,ban,homedy_3207785,3207785,"HXH,Hương Lộ 2,Bình Tân, 48m2, 3 tầng, 4x12m, 4pn, nhà mới vào ở ngay",4500000000,"4,5 Tỷ",48,4,"Đường Hương lộ 2 - Phường Bình Trị Đông B, Quận Bình Tân, TP Hồ Chí Minh",Phường Bình Trị Đông B,NA,Quận Bình Tân,1020,Nhà phố,10.7703543,106.5995759,NA,https://homedy.com/ban-nha-rieng-quan-binh-tan-tp-ho-chi-minh/hxhhuong-lo-2binh-48m2-3-tang-4x12m-4pn-moi-vao-o-ngay-es3207785,https://homedy.com/ban-nha-rieng-quan-binh-tan-tp-ho-chi-minh/hxhhuong-lo-2binh-48m2-3-tang-4x12m-4pn-moi-vao-o-ngay-es3207785,2026-05-25,2026-06-07 01:13:45.361434,NA,4500,93750000,1,0
homedy,ban,homedy_3207784,3207784,"HXH 1/, Hương Lộ 2, 32m2, 2 tầng, Nhà mới xây, BTCT kiên cố, Pháp lý chuẩn",4200000000,"4,2 Tỷ",32,2,"Đường Hương lộ 2 - Phường Bình Trị Đông, Quận Bình Tân, TP Hồ Chí Minh",Phường Bình Trị Đông,NA,Quận Bình Tân,1020,Nhà phố,10.7703543,106.5995759,NA,https://homedy.com/ban-nha-rieng-quan-binh-tan-tp-ho-chi-minh/hxh-1-huong-lo-2-32m2-tang-moi-xay-btct-kien-co-phap-ly-chuan-es3207784,https://homedy.com/ban-nha-rieng-quan-binh-tan-tp-ho-chi-minh/hxh-1-huong-lo-2-32m2-tang-moi-xay-btct-kien-co-phap-ly-chuan-es3207784,2026-05-25,2026-06-07 01:13:45.361434,NA,4200,131250000,1,0
homedy,ban,homedy_3207772,3207772,Căn hộ The Eastern 59M² 1PN 1WC Full nội thất Giá bán: 2.9 tỷ.,2900000000,"2,9 Tỷ",60,1,"Đường Liên Phường, Phường Phú Hữu, Quận 9, TP Hồ Chí Minh",Phường Phú Hữu,NA,Thành phố Thủ Đức,1010,Căn hộ,10.80490577072418,106.7967395188324,NA,https://homedy.com/ban-can-ho-the-eastern/59m-1pn-1wc-full-noi-that-gia-2-9-ty-es3207772,https://homedy.com/ban-can-ho-the-eastern/59m-1pn-1wc-full-noi-that-gia-2-9-ty-es3207772,2026-05-25,2026-06-07 01:13:45.361434,NA,2900,48333333.333333336,1,0
homedy,ban,homedy_3207773,3207773,"Bán đất mặt tiền Trần Khắc Chân, Q1, 520m² nở hậu đẹp, Giá 270 tỷ",350000000000,350 Tỷ,571,0,"Đường Trần Khắc Chân - Phường Tân Định, Quận 1, TP Hồ Chí Minh",Phường Tân Định,NA,Quận 1,1040,Đất nền,10.7331408,106.7252101,NA,https://homedy.com/ban-dat-nen-du-an-quan-1-tp-ho-chi-minh/mat-tien-tran-khac-chan-q1-520m-no-hau-dep-gia-270-ty-es3207773,https://homedy.com/ban-dat-nen-du-an-quan-1-tp-ho-chi-minh/mat-tien-tran-khac-chan-q1-520m-no-hau-dep-gia-270-ty-es3207773,2026-05-25,2026-06-07 01:13:45.361434,NA,350000,612959719.7898424,1,0
homedy,ban,homedy_3207770,3207770,"Bán căn 3PN góc full nội thất đẹp, còn thương lương",11500000000,"11,5 Tỷ",89,3,"Quận 10 - , TP Hồ Chí Minh",Không rõ,NA,Quận 10,1020,Bất động sản khác,10.7725282,106.6682021,NA,https://homedy.com/ban-can-ho-quan-10-tp-ho-chi-minh/3pn-goc-full-noi-that-dep-con-thuong-luong-es3207770,https://homedy.com/ban-can-ho-quan-10-tp-ho-chi-minh/3pn-goc-full-noi-that-dep-con-thuong-luong-es3207770,2026-05-25,2026-06-07 01:13:45.361434,NA,11500,129213483.14606741,1,0
homedy,ban,homedy_3207763,3207763,Bán GẤP căn hộ Palm Heights 80M² 2PN 2WC Giá 8.2 Tỷ thương lượng,8199999999.999999,"8,2 Tỷ",80,2,"Đường Song Hành, Phường An Phú, Quận 2, TP Hồ Chí Minh",Phường An Phú,NA,Thành phố Thủ Đức,1010,Căn hộ,10.792628115021223,106.76246754989006,NA,https://homedy.com/ban-can-ho-palm-heights/gap-80m-2pn-2wc-gia-8-2-ty-thuong-luong-es3207763,https://homedy.com/ban-can-ho-palm-heights/gap-80m-2pn-2wc-gia-8-2-ty-thuong-luong-es3207763,2026-05-25,2026-06-07 01:13:45.361434,NA,8199.999999999998,102499999.99999999,1,0
homedy,ban,homedy_3207767,3207767,"Bán khách sạn 3 sao mặt tiền Lê Thánh Tôn, 146.5m2, hâm + 9 tầng, 48 phòng",350000000000,350 Tỷ,146.5,0,"Đường Lê Thánh Tôn - Phường Bến Thành, Quận 1, TP Hồ Chí Minh",Phường Bến Thành,NA,Quận 1,1050,Phòng/Cho thuê,10.7741635,106.6903807,NA,https://homedy.com/ban-bat-dong-san-khac-quan-1-tp-ho-chi-minh/khach-3-sao-mat-tien-le-thanh-ton-146-5m2-ham-9-tang-48-phong-es3207767,https://homedy.com/ban-bat-dong-san-khac-quan-1-tp-ho-chi-minh/khach-3-sao-mat-tien-le-thanh-ton-146-5m2-ham-9-tang-48-phong-es3207767,2026-05-25,2026-06-07 01:13:45.361434,NA,350000,2389078498.293515,1,0
homedy,thue,homedy_3207756,3207756,Cho thuê căn hộ Palm Heights 79M² 2PN 2WC Giá 16.5Tr/tháng,16500000,"16,5 Triệu",79,2,"Đường Song Hành, Phường An Phú, Quận 2, TP Hồ Chí Minh",Phường An Phú,NA,Thành phố Thủ Đức,1010,Căn hộ,10.792628115021223,106.76246754989006,NA,https://homedy.com/ban-can-ho-palm-heights/cho-thue-79m-2pn-2wc-gia-16-5tr-thang-es3207756,https://homedy.com/ban-can-ho-palm-heights/cho-thue-79m-2pn-2wc-gia-16-5tr-thang-es3207756,2026-05-25,2026-06-07 01:13:45.361434,NA,16.5,208860.7594936709,1,1
homedy,ban,homedy_3207760,3207760,"Bán đất Thảo Điền, đất xây CHDV, 230m2, ngang 8,5m, sổ sạch, 55.2 tỷ",55200000000,"55,2 Tỷ",230,0,"Đường Số 64 - Phường Thảo Điền, Quận 2, TP Hồ Chí Minh",Phường Thảo Điền,NA,Thành phố Thủ Đức,1040,Đất nền,10.8050147,106.7461236,NA,https://homedy.com/ban-dat-nen-du-an-quan-2-tp-ho-chi-minh/thao-dien-xay-chdv-230m2-ngang-85m-so-sach-55-ty-es3207760,https://homedy.com/ban-dat-nen-du-an-quan-2-tp-ho-chi-minh/thao-dien-xay-chdv-230m2-ngang-85m-so-sach-55-ty-es3207760,2026-05-25,2026-06-07 01:13:45.361434,NA,55200,240000000,1,0
homedy,ban,homedy_3207748,3207748,Bán Nhà 72m2 Mặt Tiền Đường Tân Quý- Tân Phú - Gần AEON Mall,12300000000,"12,3 Tỷ",72,0,"Đường Tân Quý - Phường Tân Quý, Quận Tân Phú, TP Hồ Chí Minh",Phường Tân Quý,NA,Quận Tân Phú,1020,Nhà phố,10.7918681,106.6277515,NA,https://homedy.com/ban-nha-mat-pho-quan-tan-phu-tp-ho-chi-minh/72m2-tien-duong-quy-gan-aeon-mall-es3207748,https://homedy.com/ban-nha-mat-pho-quan-tan-phu-tp-ho-chi-minh/72m2-tien-duong-quy-gan-aeon-mall-es3207748,2026-05-25,2026-06-07 01:13:45.361434,NA,12300,170833333.33333334,1,0
homedy,ban,homedy_3207714,3207714,Bán Đất Góc 2 Mặt Tiền Đoàn Hữu Trưng - An Phú The Visa - Quận 2- dt 18x35m- giá 75 tỷ,75000000000,75 Tỷ,499,0,"Đường Đoàn Hữu Trưng - Phường An Phú, Quận 2, TP Hồ Chí Minh",Phường An Phú,NA,Thành phố Thủ Đức,1040,Đất nền,10.7730701,106.6544302,NA,https://homedy.com/ban-nha-mat-pho-quan-2-tp-ho-chi-minh/dat-goc-tien-doan-huu-trung-an-phu-the-visa-dt-18x35m-gia-75-ty-es3207714,https://homedy.com/ban-nha-mat-pho-quan-2-tp-ho-chi-minh/dat-goc-tien-doan-huu-trung-an-phu-the-visa-dt-18x35m-gia-75-ty-es3207714,2026-05-25,2026-06-07 01:13:45.361434,NA,75000,150300601.2024048,1,0
homedy,ban,homedy_3207729,3207729,"cần bán gấp nhà Tân Bình giá tốt 2ty, 30m2, ngân hàng bán ra thu hồi vốn",2000000000,2 Tỷ,30,2,"Đường Nguyễn Phúc Chu - Phường 15, Quận Tân Bình, TP Hồ Chí Minh",Phường 15,NA,Quận Tân Bình,1020,Nhà phố,10.7989297,106.7209052,NA,https://homedy.com/ban-nha-rieng-quan-tan-binh-tp-ho-chi-minh/can-gap-gia-tot-2ty-30m2-ngan-hang-ra-thu-hoi-von-es3207729,https://homedy.com/ban-nha-rieng-quan-tan-binh-tp-ho-chi-minh/can-gap-gia-tot-2ty-30m2-ngan-hang-ra-thu-hoi-von-es3207729,2026-05-25,2026-06-07 01:13:45.361434,NA,2000,66666666.666666664,1,0
homedy,ban,homedy_3207724,3207724,"cần bán gấp nhà Tân Bình giá tốt 1ty950, 44m2, ngân hàng thanh lý thu hồi vốn",1950000000,"1,95 Tỷ",44,2,"Đường Âu Cơ - Phường 10, Quận Tân Bình, TP Hồ Chí Minh",Phường 10,NA,Quận Tân Bình,1020,Nhà phố,10.7883754,106.6607778,NA,https://homedy.com/ban-nha-rieng-quan-tan-binh-tp-ho-chi-minh/can-gap-gia-tot-1ty950-44m2-ngan-hang-thanh-ly-thu-hoi-von-es3207724,https://homedy.com/ban-nha-rieng-quan-tan-binh-tp-ho-chi-minh/can-gap-gia-tot-1ty950-44m2-ngan-hang-thanh-ly-thu-hoi-von-es3207724,2026-05-25,2026-06-07 01:13:45.361434,NA,1950,44318181.81818182,1,0
homedy,ban,homedy_3204953,3204953,Bán Nhà Mặt Tiền KDC Sông Đà Hiệp Bình Chánh - 100m2 - Sát Gigamall - Sổ Hồng Hoàn Công,14500000000,"14,5 Tỷ",100,0,"Đường B - Phường Hiệp Bình Chánh, Thành phố Thủ Đức, TP Hồ Chí Minh",Phường Hiệp Bình Chánh,NA,Thành phố Thủ Đức,1020,Nhà phố,10.8299994,106.7132913,NA,https://homedy.com/ban-nha-mat-pho-thanh-pho-thu-duc-tp-ho-chi-minh/tien-kdc-song-da-hiep-binh-chanh-100m2-sat-gigamall-so-hong-hoan-cong-es3204953,https://homedy.com/ban-nha-mat-pho-thanh-pho-thu-duc-tp-ho-chi-minh/tien-kdc-song-da-hiep-binh-chanh-100m2-sat-gigamall-so-hong-hoan-cong-es3204953,2026-05-08,2026-06-07 01:13:45.361434,NA,14500,145000000,1,0
homedy,ban,homedy_3204956,3204956,"Bán nhà 4 tầng 74m2- Đường 35, Hiệp bình chánh, Thủ Đức- 9.6 tỷ",9600000000,"9,6 Tỷ",74,0,"Đường Số 35 - Phường Hiệp Bình Chánh, Thành phố Thủ Đức, TP Hồ Chí Minh",Phường Hiệp Bình Chánh,NA,Thành phố Thủ Đức,1020,Nhà phố,10.8299994,106.7132913,NA,https://homedy.com/ban-nha-mat-pho-thanh-pho-thu-duc-tp-ho-chi-minh/4-tang-74m2-duong-35-hiep-binh-chanh-9-6-ty-es3204956,https://homedy.com/ban-nha-mat-pho-thanh-pho-thu-duc-tp-ho-chi-minh/4-tang-74m2-duong-35-hiep-binh-chanh-9-6-ty-es3204956,2026-05-25,2026-06-07 01:13:45.361434,NA,9600,129729729.72972973,1,0
homedy,ban,homedy_3204967,3204967,"Bán nhà đường 53 Hiệp Bình Chánh Thủ Đức, gần chợ Hiệp Bình, 6 phòng trọ thu nhập 20tr/th",8500000000,"8,5 Tỷ",130,0,"Đường Số 53 - Phường Hiệp Bình Chánh, Thành phố Thủ Đức, TP Hồ Chí Minh",Phường Hiệp Bình Chánh,NA,Thành phố Thủ Đức,1020,Nhà phố,10.8299994,106.7132913,NA,https://homedy.com/ban-nha-rieng-thanh-pho-thu-duc-tp-ho-chi-minh/duong-53-hiep-binh-chanh-gan-cho-6-phong-tro-nhap-20tr-th-es3204967,https://homedy.com/ban-nha-rieng-thanh-pho-thu-duc-tp-ho-chi-minh/duong-53-hiep-binh-chanh-gan-cho-6-phong-tro-nhap-20tr-th-es3204967,2026-05-08,2026-06-07 01:13:45.361434,NA,8500,65384615.384615384,1,0
homedy,ban,homedy_3205595,3205595,Bán nhà 4 tầng 104m2 đường S2 Tây Thạnh Tân Phú- 17 tỷ- Đang có thu nhập 50tr/th,17000000000,17 Tỷ,104,0,"Đường S2 - Phường Tây Thạnh, Quận Tân Phú, TP Hồ Chí Minh",Phường Tây Thạnh,NA,Quận Tân Phú,1020,Nhà phố,10.8131991,106.6238898,NA,https://homedy.com/ban-nha-mat-pho-quan-tan-phu-tp-ho-chi-minh/4-tang-104m2-duong-s2-tay-thanh-17-ty-dang-co-thu-nhap-50tr-th-es3205595,https://homedy.com/ban-nha-mat-pho-quan-tan-phu-tp-ho-chi-minh/4-tang-104m2-duong-s2-tay-thanh-17-ty-dang-co-thu-nhap-50tr-th-es3205595,2026-05-12,2026-06-07 01:13:45.361434,NA,17000,163461538.46153846,1,0
homedy,ban,homedy_3207699,3207699,"Bán tòa nhà văn phòng Tân Bình, DT sàn 1977m², 1 hầm + 6 tầng, dòng tiền 400tr/tháng",150000000000,150 Tỷ,319,0,"Đường Phạm Văn Bạch - Phường 15, Quận Tân Bình, TP Hồ Chí Minh",Phường 15,NA,Quận Tân Bình,1020,Nhà phố,10.7989297,106.7209052,NA,https://homedy.com/ban-bat-dong-san-khac-quan-tan-binh-tp-ho-chi-minh/toa-nha-van-phong-dt-1977m-1-ham-6-tang-tien-400tr-thang-es3207699,https://homedy.com/ban-bat-dong-san-khac-quan-tan-binh-tp-ho-chi-minh/toa-nha-van-phong-dt-1977m-1-ham-6-tang-tien-400tr-thang-es3207699,2026-05-25,2026-06-07 01:13:45.361434,NA,150000,470219435.7366771,1,0
homedy,ban,homedy_3207695,3207695,"Bán nhà Nguyễn Trãi Q5, 69,4 m², 3 tầng, vị trí kinh doanh cực đẹp, HĐT 55tr/tháng, giá 40 tỷ",40000000000,40 Tỷ,69,0,"Đường Nguyễn Trãi - Phường 3, Quận 5, TP Hồ Chí Minh",Phường 3,NA,Quận 5,1020,Nhà phố,10.7758292,106.6908575,NA,https://homedy.com/ban-nha-rieng-quan-5-tp-ho-chi-minh/nguyen-trai-q5-694-m-3-tang-vi-tri-kinh-doanh-cuc-dep-hdt-55tr-thang-gia-40-ty-es3207695,https://homedy.com/ban-nha-rieng-quan-5-tp-ho-chi-minh/nguyen-trai-q5-694-m-3-tang-vi-tri-kinh-doanh-cuc-dep-hdt-55tr-thang-gia-40-ty-es3207695,2026-05-25,2026-06-07 01:13:45.361434,NA,40000,579710144.9275362,1,0
homedy,ban,homedy_3207677,3207677,"thanh lý gấp nhà hẻm 51m2, 2ty2 giá tốt chủ nhà cần bán để trả nợ",2200000000,"2,2 Tỷ",51,3,"Đường 124 - Phường 5, Quận Tân Bình, TP Hồ Chí Minh",Phường 5,NA,Quận Tân Bình,1020,Nhà phố,10.8030699,106.6522252,NA,https://homedy.com/ban-nha-rieng-quan-tan-binh-tp-ho-chi-minh/thanh-ly-gap-hem-51m2-2ty2-gia-tot-chu-can-de-tra-no-es3207677,https://homedy.com/ban-nha-rieng-quan-tan-binh-tp-ho-chi-minh/thanh-ly-gap-hem-51m2-2ty2-gia-tot-chu-can-de-tra-no-es3207677,2026-05-25,2026-06-07 01:13:45.361434,NA,2200,43137254.90196078,1,0
homedy,ban,homedy_3207674,3207674,cần bán nhà giá ưu đãi 2ty3 70m2 do ngân hàng thanh toán ra thu hồi vốn,2300000000,"2,3 Tỷ",70,6,"Đường 6A - Xã Bình Hưng, Huyện Bình Chánh, TP Hồ Chí Minh",Xã Bình Hưng,NA,Huyện Bình Chánh,1020,Nhà phố,10.6950833,106.5909297,NA,https://homedy.com/ban-nha-rieng-huyen-binh-chanh-tp-ho-chi-minh/can-gia-uu-dai-2ty3-70m2-do-ngan-hang-thanh-toan-ra-thu-hoi-von-es3207674,https://homedy.com/ban-nha-rieng-huyen-binh-chanh-tp-ho-chi-minh/can-gia-uu-dai-2ty3-70m2-do-ngan-hang-thanh-toan-ra-thu-hoi-von-es3207674,2026-05-25,2026-06-07 01:13:45.361434,NA,2300,32857142.85714286,1,0
homedy,ban,homedy_3207668,3207668,"Đất Nền Củ Chi Mặt Tiền, Vị Trí Đẹp Tiềm Năng Tăng Giá Cao",1300000000,"1,3 Tỷ",100,0,"Đường Trung Lập - Xã Thái Mỹ, Huyện Củ Chi, TP Hồ Chí Minh",Xã Thái Mỹ,NA,Huyện Củ Chi,1040,Đất nền,11.0967072,106.5097461,NA,https://homedy.com/ban-dat-huyen-cu-chi-tp-ho-chi-minh/nen-mat-tien-vi-tri-dep-tiem-nang-tang-gia-cao-es3207668,https://homedy.com/ban-dat-huyen-cu-chi-tp-ho-chi-minh/nen-mat-tien-vi-tri-dep-tiem-nang-tang-gia-cao-es3207668,2026-05-25,2026-06-07 01:13:45.361434,NA,1300,13000000,1,0
homedy,ban,homedy_3207665,3207665,"Bán CHDV Tân Kỳ Tân Quý, 43 phòng, 6 tầng, SHR, Quận Bình Tân",28500000000,"28,5 Tỷ",230,0,"Đường Tân Kỳ Tân Quý - Phường Bình Hưng Hòa, Quận Bình Tân, TP Hồ Chí Minh",Phường Bình Hưng Hòa,NA,Quận Bình Tân,1050,Phòng/Cho thuê,10.7703543,106.5995759,NA,https://homedy.com/ban-nha-rieng-quan-binh-tan-tp-ho-chi-minh/chdv-ky-quy-43-phong-6-tang-shr-es3207665,https://homedy.com/ban-nha-rieng-quan-binh-tan-tp-ho-chi-minh/chdv-ky-quy-43-phong-6-tang-shr-es3207665,2026-05-25,2026-06-07 01:13:45.361434,NA,28500,123913043.47826087,1,0
homedy,ban,homedy_3207652,3207652,"Bán căn hộ Moonlight Boulevard 2 phòng ngủ 2 toilet, nhà mới đẹp, nhận nhà ở ngay",3500000000,"3,5 Tỷ",70,2,"Đường Kinh Dương Vương, Phường An Lạc A, Quận Bình Tân, TP Hồ Chí Minh",Phường An Lạc A,NA,Quận Bình Tân,1010,Căn hộ,10.73655919858591,106.61367647588804,NA,https://homedy.com/ban-can-ho-moonlight-boulevard/2-phong-ngu-toilet-nha-moi-dep-nhan-o-ngay-es3207652,https://homedy.com/ban-can-ho-moonlight-boulevard/2-phong-ngu-toilet-nha-moi-dep-nhan-o-ngay-es3207652,2026-05-25,2026-06-07 01:13:45.361434,NA,3500,50000000,1,0
homedy,ban,homedy_3207648,3207648,"Bán nhà MT QL1a , ngay sát Metro Q12 giá 2 tỷ 7",2700000000,"2,7 Tỷ",60,3,"Phường Thới An - Quận 12, TP Hồ Chí Minh",Phường Thới An - Quận 12,NA,Quận 12,1020,Nhà phố,10.8612652,106.6642083,NA,https://homedy.com/ban-nha-mat-pho-quan-12-tp-ho-chi-minh/mt-ql1a-ngay-sat-metro-q12-gia-2-ty-7-es3207648,https://homedy.com/ban-nha-mat-pho-quan-12-tp-ho-chi-minh/mt-ql1a-ngay-sat-metro-q12-gia-2-ty-7-es3207648,2026-05-25,2026-06-07 01:13:45.361434,NA,2700,45000000,1,0
homedy,ban,homedy_3207635,3207635,"//Bán nhà vip khu đồng bộ – ngay kdc vĩnh lộc, bình tân 63m2 (7.1,tỷ). lh:0826271379",7100000000,"7,1 Tỷ",63,5,"Phường Bình Hưng Hòa B - Quận Bình Tân, TP Hồ Chí Minh",Phường Bình Hưng Hòa B - Quận Bình Tân,NA,Quận Bình Tân,1020,Nhà phố,10.7703543,106.5995759,NA,https://homedy.com/ban-nha-mat-pho-quan-binh-tan-tp-ho-chi-minh/vip-khu-dong-bo-ngay-kdc-vinh-loc-63m2-7-1ty-lh0826271379-es3207635,https://homedy.com/ban-nha-mat-pho-quan-binh-tan-tp-ho-chi-minh/vip-khu-dong-bo-ngay-kdc-vinh-loc-63m2-7-1ty-lh0826271379-es3207635,2026-05-25,2026-06-07 01:13:45.361434,NA,7100,112698412.6984127,1,0
homedy,ban,homedy_3196364,3196364,"Bán nhanh lô đất full THỔ CƯ, 300m2, SHR, vay ngân hàng.",14800000000,"14,8 Tỷ",300,0,"Đường Phan Văn Hớn - Xã Bà Điểm, Huyện Hóc Môn, TP Hồ Chí Minh",Xã Bà Điểm,NA,Huyện Hóc Môn,1040,Đất nền,10.865465500000001,106.6010124,NA,https://homedy.com/ban-dat-huyen-hoc-mon-tp-ho-chi-minh/nhanh-lo-full-tho-cu-300m2-shr-vay-ngan-hang-es3196364,https://homedy.com/ban-dat-huyen-hoc-mon-tp-ho-chi-minh/nhanh-lo-full-tho-cu-300m2-shr-vay-ngan-hang-es3196364,2026-05-25,2026-06-07 01:13:45.361434,NA,14800,49333333.333333336,1,0
homedy,ban,homedy_3205198,3205198,"Bán nhanh lô đất 5x12m, SHR, ngân hàng cho vay, chợ Bà Hom cũ, Tỉnh Lộ 10, quận BT",2550000000,"2,55 Tỷ",60,0,"Đường Hồ Văn Long - Phường Tân Tạo, Quận Bình Tân, TP Hồ Chí Minh",Phường Tân Tạo,NA,Quận Bình Tân,1040,Đất nền,10.7510379,106.5918016,NA,https://homedy.com/ban-dat-quan-binh-tan-tp-ho-chi-minh/nhanh-lo-5x12m-shr-ngan-hang-cho-vay-ba-hom-cu-tinh-10-bt-es3205198,https://homedy.com/ban-dat-quan-binh-tan-tp-ho-chi-minh/nhanh-lo-5x12m-shr-ngan-hang-cho-vay-ba-hom-cu-tinh-10-bt-es3205198,2026-05-25,2026-06-07 01:13:45.361434,NA,2550,42500000,1,0
homedy,ban,homedy_3207235,3207235,[Siêu Phẩm CÓ 1 không 2] GÓC 3MT Số 78 đường BA VÂN - Quận Tân Bình - 2.400M2 - Chỉ 379 TỶ,379000000000,379 Tỷ,2400,0,"Đường Ba Vân - Phường 14, Quận Tân Bình, TP Hồ Chí Minh",Phường 14,NA,Quận Tân Bình,1020,Bất động sản khác,10.7907995,106.6984717,NA,https://homedy.com/ban-nha-mat-pho-quan-tan-binh-tp-ho-chi-minh/sieu-pham-co-1-khong-2-goc-3mt-so-78-duong-ba-van-400m2-379-ty-es3207235,https://homedy.com/ban-nha-mat-pho-quan-tan-binh-tp-ho-chi-minh/sieu-pham-co-1-khong-2-goc-3mt-so-78-duong-ba-van-400m2-379-ty-es3207235,2026-05-22,2026-06-07 01:13:45.361434,NA,379000,157916666.66666666,1,0
homedy,ban,homedy_3207558,3207558,Chính chủ Bán Nhà MẶT TIỀN lớn đường Nam Kỳ Khởi Nghĩa DT (8m x 25m),117000000000,117 Tỷ,150.7,0,"Đường Nam Kỳ Khởi Nghĩa - Phường 8, Quận 3, TP Hồ Chí Minh",Phường 8,NA,Quận 3,1020,Nhà phố,10.7752885,106.705369,NA,https://homedy.com/ban-nha-mat-pho-quan-3-tp-ho-chi-minh/chinh-chu-tien-lon-duong-nam-ky-khoi-nghia-dt-8m-x-25m-es3207558,https://homedy.com/ban-nha-mat-pho-quan-3-tp-ho-chi-minh/chinh-chu-tien-lon-duong-nam-ky-khoi-nghia-dt-8m-x-25m-es3207558,2026-05-24,2026-06-07 01:13:45.361434,NA,117000,776376907.7637691,1,0
homedy,ban,homedy_3207578,3207578,"Lô đất giá tốt - đường 2 Linh Xuân, 116 m2, 7,1 tỷ",7100000000,"7,1 Tỷ",116,0,"Đường 2 - Phường Linh Xuân, Thành phố Thủ Đức, TP Hồ Chí Minh",Phường Linh Xuân,NA,Thành phố Thủ Đức,1040,Đất nền,10.8696224,106.7695374,NA,https://homedy.com/ban-dat-thanh-pho-thu-duc-tp-ho-chi-minh/lo-gia-tot-duong-2-linh-xuan-116-m2-71-ty-es3207578,https://homedy.com/ban-dat-thanh-pho-thu-duc-tp-ho-chi-minh/lo-gia-tot-duong-2-linh-xuan-116-m2-71-ty-es3207578,2026-05-24,2026-06-07 01:13:45.361434,NA,7100,61206896.551724136,1,0
homedy,ban,homedy_3207569,3207569,Bán căn hộ Thủ Thiêm Dragon 75.5m² full nội thất – 2PN – giá 7.8 tỷ,7800000000,"7,8 Tỷ",75.5,2,"Phường Cát Lái - Quận 2, TP Hồ Chí Minh",Phường Cát Lái - Quận 2,NA,Thành phố Thủ Đức,1010,Căn hộ,10.761609933182994,106.7589783668518,NA,https://homedy.com/ban-can-ho-quan-2-tp-ho-chi-minh/thu-thiem-dragon-75-5m-full-noi-that-2pn-gia-7-8-ty-es3207569,https://homedy.com/ban-can-ho-quan-2-tp-ho-chi-minh/thu-thiem-dragon-75-5m-full-noi-that-2pn-gia-7-8-ty-es3207569,2026-05-24,2026-06-07 01:13:45.361434,NA,7800,103311258.2781457,1,0
homedy,ban,homedy_3207555,3207555,Bán căn hộ 2pn DT 65m2 view đẹp SHR chung cư Belleza lô B - Quận 7,3600000000,"3,6 Tỷ",65,2,"Phường Phú Mỹ - Quận 7, TP Hồ Chí Minh",Phường Phú Mỹ - Quận 7,NA,Quận 7,1010,Căn hộ,10.7141195,106.7348612,NA,https://homedy.com/ban-can-ho-quan-7-tp-ho-chi-minh/2pn-dt-65m2-view-dep-shr-chung-cu-belleza-lo-b-es3207555,https://homedy.com/ban-can-ho-quan-7-tp-ho-chi-minh/2pn-dt-65m2-view-dep-shr-chung-cu-belleza-lo-b-es3207555,2026-05-24,2026-06-07 01:13:45.361434,NA,3600,55384615.384615384,1,0
homedy,ban,homedy_1469347,1469347,"Vỡ nợ kinh doanh, bán gấp nhà đường số 19, Hiệp Bình Chánh, Thủ Đức, 1,12 tỷ, 70m2 - Sổ riêng",1120000000,"1,12 Tỷ",70,3,"Đường 19 - Phường Hiệp Bình Chánh, Thành phố Thủ Đức, TP Hồ Chí Minh",Phường Hiệp Bình Chánh,NA,Thành phố Thủ Đức,1020,Nhà phố,10.82746,106.72029,NA,https://homedy.com/ban-nha-rieng-thanh-pho-thu-duc-tp-ho-chi-minh/vo-no-kinh-doanh-gap-duong-so-19-hiep-binh-chanh-112-ty-70m2-es1469347,https://homedy.com/ban-nha-rieng-thanh-pho-thu-duc-tp-ho-chi-minh/vo-no-kinh-doanh-gap-duong-so-19-hiep-binh-chanh-112-ty-70m2-es1469347,2026-05-24,2026-06-07 01:13:45.361434,NA,1120,16000000,1,0
homedy,ban,homedy_1463115,1463115,Bán nhà riêng Quận 4 - TP Hồ Chí Minh giá 1.23 tỷ,1230000000,"1,23 Tỷ",65,5,"Đường Đoàn Văn Bơ - Phường 14, Quận 4, TP Hồ Chí Minh",Phường 14,NA,Quận 4,1020,Nhà phố,10.7577108,106.7129679,NA,https://homedy.com/ban-nha-rieng-quan-4-tp-ho-chi-minh/gia-1-23-ty-es1463115,https://homedy.com/ban-nha-rieng-quan-4-tp-ho-chi-minh/gia-1-23-ty-es1463115,2026-05-24,2026-06-07 01:13:45.361434,NA,1230,18923076.923076924,1,0
homedy,ban,homedy_3207531,3207531,"cần bán gấp nhà phố 1ty9, 36m2, chủ nhà ra định cư nước ngoài",1900000000,"1,9 Tỷ",36,2,"Phường 7 - Quận Gò Vấp, TP Hồ Chí Minh",Phường 7 - Quận Gò Vấp,NA,Quận Gò Vấp,1020,Nhà phố,10.8353538,106.6740337,NA,https://homedy.com/ban-nha-rieng-quan-go-vap-tp-ho-chi-minh/can-gap-pho-1ty9-36m2-chu-ra-dinh-cu-nuoc-ngoai-es3207531,https://homedy.com/ban-nha-rieng-quan-go-vap-tp-ho-chi-minh/can-gap-pho-1ty9-36m2-chu-ra-dinh-cu-nuoc-ngoai-es3207531,2026-05-24,2026-06-07 01:13:45.361434,NA,1900,52777777.777777776,1,0
homedy,ban,homedy_3203961,3203961,"Bán căn Penthouse Thảo Điền Green, căn 373m2 cả sân vườn, view sông, 90.7 tỷ",90700000000,"90,7 Tỷ",373,0,"Đường Nguyễn Văn Hưởng, Phường Thảo Điền, Quận 2, TP Hồ Chí Minh",Phường Thảo Điền,NA,Thành phố Thủ Đức,1040,Đất nền,10.8173109,106.730825,NA,https://homedy.com/ban-can-ho-thao-dien-green/penthouse-373m2-ca-san-vuon-view-song-90-7-ty-es3203961,https://homedy.com/ban-can-ho-thao-dien-green/penthouse-373m2-ca-san-vuon-view-song-90-7-ty-es3203961,2026-05-02,2026-06-07 01:13:45.361434,NA,90700,243163538.87399465,1,0
homedy,ban,homedy_3207489,3207489,"Ga xe lửa MT Phạm Văn Đồng 2 Tỷ ( 50m2 )- Sổ Sẵn , Bank nhẹ 10 năm , Tầng ở cao , View tuyệt vời",2000000000,2 Tỷ,50,2,"Đường Nguyễn Bỉnh Khiêm - Phường 1, Quận Gò Vấp, TP Hồ Chí Minh",Phường 1,NA,Quận Gò Vấp,1020,Bất động sản khác,10.8353538,106.6740337,NA,https://homedy.com/ban-can-ho-quan-go-vap-tp-ho-chi-minh/ga-xe-lua-mt-pham-van-dong-2-ty-50m2-so-san-bank-nhe-10-nam-tang-o-cao-view-tuyet-voi-es3207489,https://homedy.com/ban-can-ho-quan-go-vap-tp-ho-chi-minh/ga-xe-lua-mt-pham-van-dong-2-ty-50m2-so-san-bank-nhe-10-nam-tang-o-cao-view-tuyet-voi-es3207489,2026-05-24,2026-06-07 01:13:45.361434,NA,2000,40000000,1,0
homedy,ban,homedy_3207481,3207481,BÁN NHÀ 4x10m SHR 3PN Hóc Môn - 500 TRIỆU ở ngay,500000000,500 Triệu,40,2,"Đường Nguyễn Văn Bứa - Xã Xuân Thới Sơn, Huyện Hóc Môn, TP Hồ Chí Minh",Xã Xuân Thới Sơn,NA,Huyện Hóc Môn,1020,Nhà phố,10.8937624,106.5832489,NA,https://homedy.com/ban-nha-rieng-huyen-hoc-mon-tp-ho-chi-minh/4x10m-shr-3pn-500-trieu-o-ngay-es3207481,https://homedy.com/ban-nha-rieng-huyen-hoc-mon-tp-ho-chi-minh/4x10m-shr-3pn-500-trieu-o-ngay-es3207481,2026-05-23,2026-06-07 01:13:45.361434,NA,500,12500000,1,0
homedy,ban,homedy_3207450,3207450,"Bán Nhà Riêng HXH Thông Đ. Ni Sư Huỳnh Liên- Taba Bình - Dt 4,4/5,3 x 13 - Chỉ 5,1 Tỷ",5100000000,"5,1 Tỷ",43,5,"Đường Ni Sư Huỳnh Liên - Phường 10, Quận Tân Bình, TP Hồ Chí Minh",Phường 10,NA,Quận Tân Bình,1020,Nhà phố,10.7883754,106.6607778,NA,https://homedy.com/ban-nha-rieng-quan-tan-binh-tp-ho-chi-minh/hxh-thong-d-ni-su-huynh-lien-taba-dt-44-53-x-13-51-ty-es3207450,https://homedy.com/ban-nha-rieng-quan-tan-binh-tp-ho-chi-minh/hxh-thong-d-ni-su-huynh-lien-taba-dt-44-53-x-13-51-ty-es3207450,2026-05-23,2026-06-07 01:13:45.361434,NA,5100,118604651.1627907,1,0
homedy,ban,homedy_3207410,3207410,"Bán nhà lê đức thọ, 4 x 16m, 4 Tầng, hẻm ô tô, giá 6.7 tỷ",6700000000,"6,7 Tỷ",64,0,"Đường Lê Đức Thọ - Phường 15, Quận Gò Vấp, TP Hồ Chí Minh",Phường 15,NA,Quận Gò Vấp,1020,Nhà phố,10.8353538,106.6740337,NA,https://homedy.com/ban-nha-mat-pho-quan-go-vap-tp-ho-chi-minh/le-duc-tho-4-x-16m-tang-hem-o-to-gia-6-7-ty-es3207410,https://homedy.com/ban-nha-mat-pho-quan-go-vap-tp-ho-chi-minh/le-duc-tho-4-x-16m-tang-hem-o-to-gia-6-7-ty-es3207410,2026-05-23,2026-06-07 01:13:45.361434,NA,6700,104687500,1,0
homedy,ban,homedy_3207404,3207404,"Bán khách sạn góc 2 mặt tiền Hoàng Sa, Q1, 12x15m, hâm + 6 tầng, 180 tỷ",180000000000,180 Tỷ,236,0,"Đường Hoàng Sa - Phường Đa Kao, Quận 1, TP Hồ Chí Minh",Phường Đa Kao,NA,Quận 1,1020,Bất động sản khác,10.7753939,106.6996249,NA,https://homedy.com/ban-bat-dong-san-khac-quan-1-tp-ho-chi-minh/khach-goc-2-mat-tien-hoang-sa-q1-12x15m-ham-6-tang-180-ty-es3207404,https://homedy.com/ban-bat-dong-san-khac-quan-1-tp-ho-chi-minh/khach-goc-2-mat-tien-hoang-sa-q1-12x15m-ham-6-tang-180-ty-es3207404,2026-05-23,2026-06-07 01:13:45.361434,NA,180000,762711864.4067796,1,0
homedy,ban,homedy_3207400,3207400,"Bán đất Xuân Thủy Thảo Điền, 452m² ~10m × 39m, mặt tiền đẹp, đang có HĐT, giá 170 tỷ",170000000000,170 Tỷ,452,0,"Đường Xuân Thủy - Phường Thảo Điền, Quận 2, TP Hồ Chí Minh",Phường Thảo Điền,NA,Thành phố Thủ Đức,1040,Đất nền,10.8011432,106.7351252,NA,https://homedy.com/ban-dat-nen-du-an-quan-2-tp-ho-chi-minh/xuan-thuy-thao-dien-452m-10m-39m-mat-tien-dep-dang-co-hdt-gia-170-ty-es3207400,https://homedy.com/ban-dat-nen-du-an-quan-2-tp-ho-chi-minh/xuan-thuy-thao-dien-452m-10m-39m-mat-tien-dep-dang-co-hdt-gia-170-ty-es3207400,2026-05-23,2026-06-07 01:13:45.361434,NA,170000,376106194.6902655,1,0
homedy,ban,homedy_2447729,2447729,"Hưng Ngân có sổ giá 1.7 tỷ 2PN 55 - 80m2 có BC, ngay CV PM Quang Trung đường Tô Ký LH 0901808686",1700000000,"1,7 Tỷ",56,0,"Đường Tân Chánh Hiệp 21, Phường Tân Chánh Hiệp, Quận 12, TP Hồ Chí Minh",Phường Tân Chánh Hiệp,NA,Quận 12,1020,Bất động sản khác,10.85922742663174,106.63029670715332,NA,https://homedy.com/ban-can-ho-hung-ngan-garden/co-so-gia-1-7-ty-2pn-55-80m2-bc-ngay-cv-pm-quang-trung-duong-to-ky-lh-0901808686-es2447729,https://homedy.com/ban-can-ho-hung-ngan-garden/co-so-gia-1-7-ty-2pn-55-80m2-bc-ngay-cv-pm-quang-trung-duong-to-ky-lh-0901808686-es2447729,2026-03-01,2026-06-07 01:13:45.361434,NA,1700,30357142.85714286,1,0
homedy,ban,homedy_3206235,3206235,"Chính chủ cần rao bán căn hộ Hà Đô Green View 2pn có sổ hồng riêng vị trí đẹp, gần sân bay",4800000000,"4,6 - 4,8 Tỷ",82,2,"Đường Nguyễn Văn Công, Phường 3, Quận Gò Vấp, TP Hồ Chí Minh",Phường 3,NA,Quận Gò Vấp,1010,Căn hộ,10.816281629956505,106.67682097605746,NA,https://homedy.com/ban-can-ho-ha-do-green-view/chinh-chu-rao-2pn-co-so-hong-rieng-vi-tri-dep-gan-san-bay-es3206235,https://homedy.com/ban-can-ho-ha-do-green-view/chinh-chu-rao-2pn-co-so-hong-rieng-vi-tri-dep-gan-san-bay-es3206235,2026-05-15,2026-06-07 01:13:45.361434,NA,4800,58536585.36585366,1,0
homedy,ban,homedy_3206250,3206250,Cần Bán An Lộc Gò Vấp 96m2 3PN 2WC Full Nội Thất View Đẹp Giá 4.49 Tỷ có thương lượng,4490000000,"4,49 Tỷ",96,3,"Đường Nguyễn Oanh, Phường 17, Quận Gò Vấp, TP Hồ Chí Minh",Phường 17,NA,Quận Gò Vấp,1020,Bất động sản khác,10.8471345901489,106.67687988281295,NA,https://homedy.com/ban-can-ho-an-loc/go-vap-96m2-3pn-2wc-full-noi-that-view-dep-gia-4-49-ty-co-thuong-luong-es3206250,https://homedy.com/ban-can-ho-an-loc/go-vap-96m2-3pn-2wc-full-noi-that-view-dep-gia-4-49-ty-co-thuong-luong-es3206250,2026-05-15,2026-06-07 01:13:45.361434,NA,4490,46770833.333333336,1,0
homedy,ban,homedy_3207372,3207372,Đất Nền Củ Chi Full Thổ Cư Ngay Mặt Tiền Đường,1400000000,"1,4 Tỷ",100,0,"Đường Trung Lập - Xã Thái Mỹ, Huyện Củ Chi, TP Hồ Chí Minh",Xã Thái Mỹ,NA,Huyện Củ Chi,1040,Đất nền,11.0967072,106.5097461,NA,https://homedy.com/ban-dat-huyen-cu-chi-tp-ho-chi-minh/nen-full-tho-ngay-mat-tien-duong-es3207372,https://homedy.com/ban-dat-huyen-cu-chi-tp-ho-chi-minh/nen-full-tho-ngay-mat-tien-duong-es3207372,2026-05-23,2026-06-07 01:13:45.361434,NA,1400,14000000,1,0
homedy,ban,homedy_3207320,3207320,"Nợ bán nhà riêng 63m2 Xô Viết Nghệ Tĩnh, Bình Thạnh - giá 1.39 tỷ, hẻm 6m, có sổ riêng, gặp Hưng",1390000000,"1,39 Tỷ",63,3,"Đường Xô Viết Nghệ Tĩnh - Phường 22, Quận Bình Thạnh, TP Hồ Chí Minh",Phường 22,NA,Quận Bình Thạnh,1020,Nhà phố,10.8264409,106.7066125,NA,https://homedy.com/ban-can-ho-quan-binh-thanh-tp-ho-chi-minh/no-nha-rieng-63m2-xo-viet-nghe-tinh-gia-1-39-ty-hem-6m-co-so-gap-hung-es3207320,https://homedy.com/ban-can-ho-quan-binh-thanh-tp-ho-chi-minh/no-nha-rieng-63m2-xo-viet-nghe-tinh-gia-1-39-ty-hem-6m-co-so-gap-hung-es3207320,2026-05-22,2026-06-07 01:13:45.361434,NA,1390,22063492.063492063,1,0
homedy,ban,homedy_3207319,3207319,"Bán gấp chung cư Flemington Q11, 2PN 2WC 86m2 giá nhỉnh 1tỷ tầng 18 full nội thất",1500000000,"1,5 Tỷ",86,2,"Đường Lê Đại Hành - Phường 15, Quận 11, TP Hồ Chí Minh",Phường 15,NA,Quận 11,1010,Căn hộ,10.7730701,106.6544302,NA,https://homedy.com/ban-nha-rieng-quan-11-tp-ho-chi-minh/gap-chung-cu-flemington-q11-2pn-2wc-86m2-gia-nhinh-1ty-tang-18-full-noi-that-es3207319,https://homedy.com/ban-nha-rieng-quan-11-tp-ho-chi-minh/gap-chung-cu-flemington-q11-2pn-2wc-86m2-gia-nhinh-1ty-tang-18-full-noi-that-es3207319,2026-05-22,2026-06-07 01:13:45.361434,NA,1500,17441860.465116277,1,0
homedy,ban,homedy_3201305,3201305,"Đáo hạn NH bán nhà 1T 1L 68m2/950TR Âu Dương Lân, Q8, gần bv, dọn vào ở ngay",950000000,950 Triệu,68,3,"Đường Âu Dương Lân - Phường 2, Quận 8, TP Hồ Chí Minh",Phường 2,NA,Quận 8,1020,Nhà phố,10.7416082,106.6649389,NA,https://homedy.com/ban-nha-rieng-quan-8-tp-ho-chi-minh/dao-han-nh-1t-1l-68m2-950tr-au-duong-lan-q8-gan-bv-don-vao-o-ngay-es3201305,https://homedy.com/ban-nha-rieng-quan-8-tp-ho-chi-minh/dao-han-nh-1t-1l-68m2-950tr-au-duong-lan-q8-gan-bv-don-vao-o-ngay-es3201305,2026-05-22,2026-06-07 01:13:45.361434,NA,950,13970588.235294119,1,0
homedy,ban,homedy_3206110,3206110,bán gấp Nguyễn Cửu Vân BT gần trường ĐH Kinh Tế DT 61m2 giá 920 triệu liên hệ Hưng,920000000,920 Triệu,61,3,"Đường Nguyễn Cửu Vân - Phường 17, Quận Bình Thạnh, TP Hồ Chí Minh",Phường 17,NA,Quận Bình Thạnh,1020,Bất động sản khác,10.7970171,106.7031929,NA,https://homedy.com/ban-nha-rieng-quan-binh-thanh-tp-ho-chi-minh/gap-nguyen-cuu-van-bt-gan-truong-dh-kinh-te-dt-61m2-gia-920-trieu-lien-he-hung-es3206110,https://homedy.com/ban-nha-rieng-quan-binh-thanh-tp-ho-chi-minh/gap-nguyen-cuu-van-bt-gan-truong-dh-kinh-te-dt-61m2-gia-920-trieu-lien-he-hung-es3206110,2026-05-14,2026-06-07 01:13:45.361434,NA,920,15081967.213114753,1,0
homedy,ban,homedy_3207318,3207318,"Chia tài sản bán gấp 64m2 nhà đ.Trương Vĩnh Ký-gần trường học-sổ riêng-tt 720TR,",720000000,720 Triệu,64,0,"Đường Trương Vĩnh Ký - Phường Tân Sơn Nhì, Quận Tân Phú, TP Hồ Chí Minh",Phường Tân Sơn Nhì,NA,Quận Tân Phú,1020,Nhà phố,10.7918681,106.6277515,NA,https://homedy.com/ban-nha-rieng-quan-tan-phu-tp-ho-chi-minh/chia-tai-san-gap-64m2-d-truong-vinh-ky-gan-hoc-so-tt-720tr-es3207318,https://homedy.com/ban-nha-rieng-quan-tan-phu-tp-ho-chi-minh/chia-tai-san-gap-64m2-d-truong-vinh-ky-gan-hoc-so-tt-720tr-es3207318,2026-05-22,2026-06-07 01:13:45.361434,NA,720,11250000,1,0
homedy,ban,homedy_3207322,3207322,"Lh Phúc 0794062948 Cần bán gấp căn nhà ở TL10_Bình Tân chỉ 580tr/Dt 32m2, Shr bao sang tên, HXH",580000000,580 Triệu,32,2,"Đường Tỉnh Lộ 10 - Quận Bình Tân, TP Hồ Chí Minh",Không rõ,NA,Quận Bình Tân,1020,Nhà phố,10.7703543,106.5995759,NA,https://homedy.com/ban-nha-rieng-quan-binh-tan-tp-ho-chi-minh/lh-phuc-0794062948-can-gap-o-tl10-580tr-dt-32m2-shr-bao-sang-ten-hxh-es3207322,https://homedy.com/ban-nha-rieng-quan-binh-tan-tp-ho-chi-minh/lh-phuc-0794062948-can-gap-o-tl10-580tr-dt-32m2-shr-bao-sang-ten-hxh-es3207322,2026-05-22,2026-06-07 01:13:45.361434,NA,580,18125000,1,0
homedy,ban,homedy_1670075,1670075,"Chính chủ bán nhà NC trệt 2 lầu, bancon, sàn m, Phường Thới an, Q.12, TP.HCM",630000000,630 Triệu,36,2,"Đường 13 - Phường Thạnh Xuân, Quận 12, TP Hồ Chí Minh",Phường Thạnh Xuân,NA,Quận 12,1020,Nhà phố,10.8909747,106.6768213,NA,https://homedy.com/ban-nha-rieng-quan-12-tp-ho-chi-minh/chinh-chu-nc-tret-2-lau-bancon-san-m-phuong-thoi-an-q-hcm-es1670075,https://homedy.com/ban-nha-rieng-quan-12-tp-ho-chi-minh/chinh-chu-nc-tret-2-lau-bancon-san-m-phuong-thoi-an-q-hcm-es1670075,2026-05-22,2026-06-07 01:13:45.361434,NA,630,17500000,1,0
homedy,ban,homedy_3194182,3194182,"Chính chủ bán lô đất 32,5 x 49,2 = 1.599 m2 tại xã Bình Khánh, Cần Giờ, TP.HCM",16000000000,16 Tỷ,1599,0,"Đường Hà Quang Vóc - Xã Bình Khánh, Huyện Cần Giờ, TP Hồ Chí Minh",Xã Bình Khánh,NA,Huyện Cần Giờ,1040,Đất nền,10.396588,106.9086984,NA,https://homedy.com/ban-dat-huyen-can-gio-tp-ho-chi-minh/chinh-chu-lo-325-x-492-1-599-m2-tai-xa-binh-khanh-hcm-es3194182,https://homedy.com/ban-dat-huyen-can-gio-tp-ho-chi-minh/chinh-chu-lo-325-x-492-1-599-m2-tai-xa-binh-khanh-hcm-es3194182,2026-05-22,2026-06-07 01:13:45.361434,NA,16000,10006253.908692934,1,0
homedy,ban,homedy_3202924,3202924,"Chỉ 3 Căn Penthouse Thảo Điền Green – View Sông Vĩnh Viễn, Giá Từ 85 Tỷ",85400000000,"85,4 Tỷ",355,0,"Đường Nguyễn Văn Hưởng, Phường Thảo Điền, Quận 2, TP Hồ Chí Minh",Phường Thảo Điền,NA,Thành phố Thủ Đức,1020,Bất động sản khác,10.8173109,106.730825,NA,https://homedy.com/ban-can-ho-thao-dien-green/chi-3-penthouse-view-song-vinh-vien-gia-tu-85-ty-es3202924,https://homedy.com/ban-can-ho-thao-dien-green/chi-3-penthouse-view-song-vinh-vien-gia-tu-85-ty-es3202924,2026-05-22,2026-06-07 01:13:45.361434,NA,85400,240563380.28169015,1,0
homedy,ban,homedy_3207317,3207317,"Thanh lý nhà thu hồi vốn dt 30m2 đường Tân Chánh Hiệp, quận 12-giá 520tr-sổ hồng riêng",520000000,520 Triệu,30,2,"Đường Tân Chánh Hiệp 12 - Phường Tân Chánh Hiệp, Quận 12, TP Hồ Chí Minh",Phường Tân Chánh Hiệp,NA,Quận 12,1020,Nhà phố,10.8673521,106.6259541,NA,https://homedy.com/ban-nha-rieng-quan-12-tp-ho-chi-minh/thanh-ly-thu-hoi-von-dt-30m2-duong-tan-chanh-hiep-gia-520tr-so-hong-es3207317,https://homedy.com/ban-nha-rieng-quan-12-tp-ho-chi-minh/thanh-ly-thu-hoi-von-dt-30m2-duong-tan-chanh-hiep-gia-520tr-so-hong-es3207317,2026-05-22,2026-06-07 01:13:45.361434,NA,520,17333333.333333332,1,0
homedy,ban,homedy_3207316,3207316,"Nhà sổ hồng riêng chính chủ 1 lầu BTCT đường Huỳnh Văn Bánh 69m2 (chưa tính sân riêng) giá 8,9 Tỷ",8900000000,"8,9 Tỷ",69,0,"Đường Huỳnh Văn Bánh - Phường 13, Quận Phú Nhuận, TP Hồ Chí Minh",Phường 13,NA,Quận Phú Nhuận,1020,Nhà phố,10.8010061,106.6797643,NA,https://homedy.com/ban-nha-rieng-quan-phu-nhuan-tp-ho-chi-minh/so-hong-chinh-chu-1-lau-btct-duong-huynh-van-banh-69m2-chua-tinh-san-gia-89-ty-es3207316,https://homedy.com/ban-nha-rieng-quan-phu-nhuan-tp-ho-chi-minh/so-hong-chinh-chu-1-lau-btct-duong-huynh-van-banh-69m2-chua-tinh-san-gia-89-ty-es3207316,2026-05-22,2026-06-07 01:13:45.361434,NA,8900,128985507.24637681,1,0
homedy,ban,homedy_3207309,3207309,"Kẹt nợ bán gấp nhà 35m2, 1t1l đường Tôn Đản, quận 4-giá 490tr, sổ hồng riêng, hxh",490000000,490 Triệu,35,0,"Đường Tôn Đản - Phường 10, Quận 4, TP Hồ Chí Minh",Phường 10,NA,Quận 4,1020,Nhà phố,10.7607538,106.7070798,NA,https://homedy.com/ban-nha-rieng-quan-4-tp-ho-chi-minh/ket-no-gap-35m2-1t1l-duong-ton-dan-gia-490tr-so-hong-hxh-es3207309,https://homedy.com/ban-nha-rieng-quan-4-tp-ho-chi-minh/ket-no-gap-35m2-1t1l-duong-ton-dan-gia-490tr-so-hong-hxh-es3207309,2026-05-22,2026-06-07 01:13:45.361434,NA,490,14000000,1,0
homedy,ban,homedy_3204973,3204973,Bán nhà Tân Hiệp 4 Hóc Môn hẻm xe hơi 10m - 180m2 - Ngang 9m - 7.2 tỷ,7200000000,"7,2 Tỷ",180,1,"Đường Tân Hiệp 4-2 - Xã Tân Hiệp, Huyện Hóc Môn, TP Hồ Chí Minh",Xã Tân Hiệp,NA,Huyện Hóc Môn,1020,Nhà phố,10.8777329,106.5760523,NA,https://homedy.com/ban-nha-rieng-huyen-hoc-mon-tp-ho-chi-minh/tan-hiep-4-hem-xe-hoi-10m-180m2-ngang-9m-7-2-ty-es3204973,https://homedy.com/ban-nha-rieng-huyen-hoc-mon-tp-ho-chi-minh/tan-hiep-4-hem-xe-hoi-10m-180m2-ngang-9m-7-2-ty-es3204973,2026-05-08,2026-06-07 01:13:45.361434,NA,7200,40000000,1,0
homedy,ban,homedy_3207278,3207278,"Chú Triều đi định cư cần bán gấp CC Carilon 3, 1PN+, full nội thất giá chỉ 2ty550tr có thương lượng",2490000000,"2,49 Tỷ",39,2,"Đường Hoàng Hoa Thám, Phường 13, Quận Tân Bình, TP Hồ Chí Minh",Phường 13,NA,Quận Tân Bình,1020,Bất động sản khác,10.8051259,106.6467818,NA,https://homedy.com/ban-can-ho-carillon-3/chu-trieu-di-dinh-cu-gap-cc-carilon-1pn-full-noi-that-gia-chi-2ty550tr-co-thuong-luong-es3207278,https://homedy.com/ban-can-ho-carillon-3/chu-trieu-di-dinh-cu-gap-cc-carilon-1pn-full-noi-that-gia-chi-2ty550tr-co-thuong-luong-es3207278,2026-05-22,2026-06-07 01:13:45.361434,NA,2490,63846153.84615385,1,0
homedy,ban,homedy_3207274,3207274,An Dương Vương Phường 16 Quận 8 - 82M2 - Xe Hơi Ngủ Nhà - 4PN - Phòng Ngủ Trệt - Giảm Sâu 350TR,5850000000,"5,85 Tỷ",82,4,"Đường An Dương Vương - Phường 16, Quận 8, TP Hồ Chí Minh",Phường 16,NA,Quận 8,1020,Nhà phố,10.7124607,106.6239147,NA,https://homedy.com/ban-nha-rieng-quan-8-tp-ho-chi-minh/an-duong-vuong-phuong-16-82m2-xe-hoi-ngu-4pn-phong-tret-giam-sau-350tr-es3207274,https://homedy.com/ban-nha-rieng-quan-8-tp-ho-chi-minh/an-duong-vuong-phuong-16-82m2-xe-hoi-ngu-4pn-phong-tret-giam-sau-350tr-es3207274,2026-05-22,2026-06-07 01:13:45.361434,NA,5850,71341463.41463415,1,0
homedy,ban,homedy_3207273,3207273,"BÁN NHÀ ở BHTQ rộng 80m2 hẻm xe hơi gần chợ và siêu thị, TTMT",2000000000,"1,5 - 2 Tỷ",60,3,"Huyện Thanh Quan - Phường 1, Quận 3, TP Hồ Chí Minh",Phường 1,NA,Quận 3,1020,Nhà phố,10.7933512,106.6832206,NA,https://homedy.com/ban-nha-rieng-quan-3-tp-ho-chi-minh/o-bhtq-rong-80m2-hem-xe-hoi-gan-cho-va-sieu-thi-ttmt-es3207273,https://homedy.com/ban-nha-rieng-quan-3-tp-ho-chi-minh/o-bhtq-rong-80m2-hem-xe-hoi-gan-cho-va-sieu-thi-ttmt-es3207273,2026-05-22,2026-06-07 01:13:45.361434,NA,2000,33333333.333333332,1,0
homedy,ban,homedy_3207270,3207270,Nhà 3 tầng Âu Cơ - Phú Trung- Tân Phú - TP Hồ Chí Minh,1900000000,"1,9 Tỷ",50,3,"Đường Âu Cơ - Phường Phú Trung, Quận Tân Phú, TP Hồ Chí Minh",Phường Phú Trung,NA,Quận Tân Phú,1020,Nhà phố,10.7918681,106.6277515,NA,https://homedy.com/ban-nha-rieng-quan-tan-phu-tp-ho-chi-minh/3-tang-au-co-trung-es3207270,https://homedy.com/ban-nha-rieng-quan-tan-phu-tp-ho-chi-minh/3-tang-au-co-trung-es3207270,2026-05-22,2026-06-07 01:13:45.361434,NA,1900,38000000,1,0
homedy,ban,homedy_3207267,3207267,Sát mặt tiền Âu Cơ - Tân Bình - 50m2 - 3 phòng ngủ đẹp ở ngay,1800000000,"1,8 Tỷ",50,3,"Đường Âu Cơ - Phường 10, Quận Tân Bình, TP Hồ Chí Minh",Phường 10,NA,Quận Tân Bình,1050,Phòng/Cho thuê,10.7883754,106.6607778,NA,https://homedy.com/ban-nha-rieng-quan-tan-binh-tp-ho-chi-minh/sat-mat-tien-au-co-50m2-3-phong-ngu-dep-o-ngay-es3207267,https://homedy.com/ban-nha-rieng-quan-tan-binh-tp-ho-chi-minh/sat-mat-tien-au-co-50m2-3-phong-ngu-dep-o-ngay-es3207267,2026-05-22,2026-06-07 01:13:45.361434,NA,1800,36000000,1,0
homedy,ban,homedy_3207266,3207266,cần BÁN GẤP nhà ở phú nhuận hẻm xe hơi gần chợ TT thương mại và siêu thị,3000000000,"1,5 - 3 Tỷ",60,0,"Đường Chiến Thắng - Phường 10, Quận Phú Nhuận, TP Hồ Chí Minh",Phường 10,NA,Quận Phú Nhuận,1020,Nhà phố,10.7933512,106.6832206,NA,https://homedy.com/ban-nha-rieng-quan-phu-nhuan-tp-ho-chi-minh/can-gap-o-hem-xe-hoi-gan-cho-tt-thuong-mai-va-sieu-thi-es3207266,https://homedy.com/ban-nha-rieng-quan-phu-nhuan-tp-ho-chi-minh/can-gap-o-hem-xe-hoi-gan-cho-tt-thuong-mai-va-sieu-thi-es3207266,2026-05-22,2026-06-07 01:13:45.361434,NA,3000,50000000,1,0
homedy,ban,homedy_3207263,3207263,bán nhà hẻm xe hơi 60m2 full nội thất tiện ích đầy đủ gần chợ trường học bệnh viện,2000000000,"1,5 - 2 Tỷ",60,2,"Quận Bình Thạnh - , TP Hồ Chí Minh",Không rõ,NA,Quận Bình Thạnh,1020,Nhà phố,10.812271,106.7040393,NA,https://homedy.com/ban-nha-rieng-quan-binh-thanh-tp-ho-chi-minh/hem-xe-hoi-60m2-full-noi-that-tien-ich-day-du-gan-cho-truong-hoc-benh-vien-es3207263,https://homedy.com/ban-nha-rieng-quan-binh-thanh-tp-ho-chi-minh/hem-xe-hoi-60m2-full-noi-that-tien-ich-day-du-gan-cho-truong-hoc-benh-vien-es3207263,2026-05-22,2026-06-07 01:13:45.361434,NA,2000,33333333.333333332,1,0
homedy,ban,homedy_3185891,3185891,"Bán đất Long Trường Q9 – diện tích 52m² (4m ngang) – giá 3,5 tỷ",3500000000,"3,5 Tỷ",52,0,"Đường Số 1 - Phường Long Trường, Quận 9, TP Hồ Chí Minh",Phường Long Trường,NA,Thành phố Thủ Đức,1040,Đất nền,10.79625339206982,106.81745052337648,NA,https://homedy.com/ban-dat-quan-9-tp-ho-chi-minh/long-truong-q9-dien-tich-52m-4m-ngang-gia-35-ty-es3185891,https://homedy.com/ban-dat-quan-9-tp-ho-chi-minh/long-truong-q9-dien-tich-52m-4m-ngang-gia-35-ty-es3185891,2026-05-08,2026-06-07 01:13:45.361434,NA,3500,67307692.3076923,1,0
homedy,ban,homedy_3206225,3206225,"Cần bán gấp căn hộ 2PN 2WC Wilton Tower full nội thất đẹp, do gia đình định cư nước ngoài!",4480000000,"4,48 Tỷ",62.53,2,"Đường D1, Phường 25, Quận Bình Thạnh, TP Hồ Chí Minh",Phường 25,NA,Quận Bình Thạnh,1010,Căn hộ,10.802101546814017,106.71805921024249,NA,https://homedy.com/ban-can-ho-wilton-tower/gap-2pn-2wc-full-noi-that-dep-do-gia-dinh-cu-nuoc-ngoai-es3206225,https://homedy.com/ban-can-ho-wilton-tower/gap-2pn-2wc-full-noi-that-dep-do-gia-dinh-cu-nuoc-ngoai-es3206225,2026-05-15,2026-06-07 01:13:45.361434,NA,4480,71645610.10714857,1,0
homedy,ban,homedy_3207248,3207248,"Bán biệt thự hẻm Nguyễn Ư Dĩ, Thảo Điền, 340m2, ngang 19m, 2 tầng, 4PN, giá 80 tỷ",80000000000,80 Tỷ,340,4,"Phường Thảo Điền, Quận 2, TP Hồ Chí Minh",Phường Thảo Điền,NA,Thành phố Thủ Đức,1020,Nhà phố,10.8011432,106.7351252,NA,https://homedy.com/ban-nha-biet-thu-lien-ke-quan-2-tp-ho-chi-minh/hem-nguyen-u-di-thao-dien-340m2-ngang-19m-tang-4pn-gia-80-ty-es3207248,https://homedy.com/ban-nha-biet-thu-lien-ke-quan-2-tp-ho-chi-minh/hem-nguyen-u-di-thao-dien-340m2-ngang-19m-tang-4pn-gia-80-ty-es3207248,2026-05-22,2026-06-07 01:13:45.361434,NA,80000,235294117.6470588,1,0
homedy,ban,homedy_3207253,3207253,Chính Chù cần bán gấp nhà đẹp Gò Vấp HXH- Cách mặt tiền Lê Đức Thọ 100m,5200000000,"5 - 5,2 Tỷ",52,3,"Quận Gò Vấp - , TP Hồ Chí Minh",Không rõ,NA,Quận Gò Vấp,1020,Nhà phố,10.8353538,106.6740337,NA,https://homedy.com/ban-nha-rieng-quan-go-vap-tp-ho-chi-minh/chinh-chu-can-gap-dep-hxh-cach-mat-tien-le-duc-tho-100m-es3207253,https://homedy.com/ban-nha-rieng-quan-go-vap-tp-ho-chi-minh/chinh-chu-can-gap-dep-hxh-cach-mat-tien-le-duc-tho-100m-es3207253,2026-05-22,2026-06-07 01:13:45.361434,NA,5200,100000000,1,0
homedy,ban,homedy_3207244,3207244,"Bán nhà mt Mạc Thị Bưởi, lõi trung tâm Quận 1, 79m2, phù hợp showroom, giá 90 tỷ",90000000000,90 Tỷ,79,0,"Phường Bến Nghé, Quận 1, TP Hồ Chí Minh",Phường Bến Nghé,NA,Quận 1,1020,Nhà phố,10.7713225,106.7058288,NA,https://homedy.com/ban-nha-rieng-quan-1-tp-ho-chi-minh/mt-mac-thi-buoi-loi-trung-tam-79m2-phu-hop-showroom-gia-90-ty-es3207244,https://homedy.com/ban-nha-rieng-quan-1-tp-ho-chi-minh/mt-mac-thi-buoi-loi-trung-tam-79m2-phu-hop-showroom-gia-90-ty-es3207244,2026-05-22,2026-06-07 01:13:45.361434,NA,90000,1139240506.329114,1,0
homedy,ban,homedy_3207237,3207237,"Bán nhà mặt tiền Cao Thắng, Quận 10, 7 tầng, 8x16m, dòng tiền ổn định 200tr/th",110000000000,110 Tỷ,123,0,"Đường Cao Thắng - Phường 12, Quận 10, TP Hồ Chí Minh",Phường 12,NA,Quận 10,1020,Nhà phố,10.7765833,106.6913559,NA,https://homedy.com/ban-nha-rieng-quan-10-tp-ho-chi-minh/mat-tien-cao-thang-7-tang-8x16m-dong-on-dinh-200tr-th-es3207237,https://homedy.com/ban-nha-rieng-quan-10-tp-ho-chi-minh/mat-tien-cao-thang-7-tang-8x16m-dong-on-dinh-200tr-th-es3207237,2026-05-22,2026-06-07 01:13:45.361434,NA,110000,894308943.0894309,1,0
homedy,ban,homedy_3207233,3207233,"Tôi kẹt ngân hàng bán lỗ nhà 4lau MT Phạm Hùng,Q8,5.5x17m,5PN,thuê 40tr/th,17ty",17600000000,"17,6 Tỷ",88,0,"Đường Phạm Hùng - Phường 10, Quận 8, TP Hồ Chí Minh",Phường 10,NA,Quận 8,1020,Nhà phố,10.7171219,106.6295254,NA,https://homedy.com/ban-nha-rieng-quan-8-tp-ho-chi-minh/toi-ket-ngan-hang-lo-4lau-mt-pham-hungq85-5x17m5pnthue-40tr-th17ty-es3207233,https://homedy.com/ban-nha-rieng-quan-8-tp-ho-chi-minh/toi-ket-ngan-hang-lo-4lau-mt-pham-hungq85-5x17m5pnthue-40tr-th17ty-es3207233,2026-05-22,2026-06-07 01:13:45.361434,NA,17600,200000000,1,0
homedy,ban,homedy_1671766,1671766,"Chung cư PiCity cao cấp từ 2.1 tỷ, 50 - 80m2 bàn giao cuối 2021 liền kề Gò Vấp, LH phòng kinh doanh",2100000000,"2,1 Tỷ",50,2,"Đường Thạnh Xuân 13, Phường Thạnh Xuân, Quận 12, TP Hồ Chí Minh",Phường Thạnh Xuân,NA,Quận 12,1010,Căn hộ,10.86595,106.66616,NA,https://homedy.com/ban-can-ho-picity-high-park/chung-cu-cao-cap-tu-2-1-ty-50-80m2-giao-cuoi-2021-lien-ke-go-vap-lh-phong-kinh-doanh-es1671766,https://homedy.com/ban-can-ho-picity-high-park/chung-cu-cao-cap-tu-2-1-ty-50-80m2-giao-cuoi-2021-lien-ke-go-vap-lh-phong-kinh-doanh-es1671766,2026-02-27,2026-06-07 01:13:45.361434,NA,2100,42000000,1,0
homedy,ban,homedy_3207229,3207229,Siêu phẩm Lô Đất VÀNG góc 3 MẶT TIỀN số 78 BA VÂN – khu BÀU CÁT – quận TÂN BÌNH,379000000000,379 Tỷ,2400,0,"Đường Ba Vân - Phường 14, Quận Tân Bình, TP Hồ Chí Minh",Phường 14,NA,Quận Tân Bình,1040,Đất nền,10.7907995,106.6984717,NA,https://homedy.com/ban-dat-quan-tan-binh-tp-ho-chi-minh/sieu-pham-lo-vang-goc-3-mat-tien-so-78-ba-van-khu-bau-cat-es3207229,https://homedy.com/ban-dat-quan-tan-binh-tp-ho-chi-minh/sieu-pham-lo-vang-goc-3-mat-tien-so-78-ba-van-khu-bau-cat-es3207229,2026-05-22,2026-06-07 01:13:45.361434,NA,379000,157916666.66666666,1,0
homedy,ban,homedy_3173957,3173957,Đơn lập mặt biển Cần Giờ siêu VIP dành cho giới thượng lưu,90000000000,90 Tỷ,700,0,"Thị trấn Cần Thạnh - Huyện Cần Giờ, TP Hồ Chí Minh",Thị trấn Cần Thạnh - Huyện Cần Giờ,NA,Huyện Cần Giờ,1020,Bất động sản khác,10.4203348,106.9608247,NA,https://homedy.com/ban-nha-biet-thu-lien-ke-huyen-can-gio-tp-ho-chi-minh/don-lap-mat-bien-sieu-vip-danh-cho-gioi-thuong-luu-es3173957,https://homedy.com/ban-nha-biet-thu-lien-ke-huyen-can-gio-tp-ho-chi-minh/don-lap-mat-bien-sieu-vip-danh-cho-gioi-thuong-luu-es3173957,2026-05-22,2026-06-07 01:13:45.361434,NA,90000,128571428.57142857,1,0
homedy,ban,homedy_3204954,3204954,"Bán nhà 3 tầng 90m2 đường Cây Keo Tam Phú Thủ Đức – giá 10,5 tỷ",10500000000,"10,5 Tỷ",90,0,"Đường Cây Keo - Phường Tam Phú, Thành phố Thủ Đức, TP Hồ Chí Minh",Phường Tam Phú,NA,Thành phố Thủ Đức,1020,Nhà phố,10.862635,106.7437481,NA,https://homedy.com/ban-nha-rieng-thanh-pho-thu-duc-tp-ho-chi-minh/3-tang-90m2-duong-cay-keo-tam-phu-gia-105-ty-es3204954,https://homedy.com/ban-nha-rieng-thanh-pho-thu-duc-tp-ho-chi-minh/3-tang-90m2-duong-cay-keo-tam-phu-gia-105-ty-es3204954,2026-05-08,2026-06-07 01:13:45.361434,NA,10500,116666666.66666667,1,0
homedy,ban,homedy_3204891,3204891,"Cần Tiền Bán Gấp Nhà 2 Tầng, Shr, 42m2 Chu Văn An, Bình Thạnh 7,5 Tỷ. Lh O932 O32 4O3",7500000000,"7,5 Tỷ",42,3,"Đường Chu Văn An - Phường 12, Quận Bình Thạnh, TP Hồ Chí Minh",Phường 12,NA,Quận Bình Thạnh,1020,Nhà phố,10.75953,106.6516251,NA,https://homedy.com/ban-nha-rieng-quan-binh-thanh-tp-ho-chi-minh/can-tien-gap-2-tang-shr-42m2-chu-van-an-75-ty-lh-o932-o32-4o3-es3204891,https://homedy.com/ban-nha-rieng-quan-binh-thanh-tp-ho-chi-minh/can-tien-gap-2-tang-shr-42m2-chu-van-an-75-ty-lh-o932-o32-4o3-es3204891,2026-05-07,2026-06-07 01:13:45.361434,NA,7500,178571428.57142857,1,0
homedy,ban,homedy_3201639,3201639,"Hot! Bán Gấp Căn 2PN 80,90m2 The Prive Giá Tốt Chỉ 117,6 Tr/m2. Lh O932 O32 4O3",9500000000,"9,5 Tỷ",81,2,"Đường Song Hành - Phường An Phú, Quận 2, TP Hồ Chí Minh",Phường An Phú,NA,Thành phố Thủ Đức,1020,Bất động sản khác,10.7912168,106.7619557,NA,https://homedy.com/ban-can-ho-quan-2-tp-ho-chi-minh/hot-gap-2pn-8090m2-the-prive-gia-tot-1176-tr-m2-lh-o932-o32-4o3-es3201639,https://homedy.com/ban-can-ho-quan-2-tp-ho-chi-minh/hot-gap-2pn-8090m2-the-prive-gia-tot-1176-tr-m2-lh-o932-o32-4o3-es3201639,2026-05-22,2026-06-07 01:13:45.361434,NA,9500,117283950.61728396,1,0
homedy,ban,homedy_3207226,3207226,Siêu Phẩm Mặt TiỀn 32M - ChỈ 700 TriỆu - Kinh Doanh Đa Ngành,700000000,700 Triệu,250,0,"Đường Số 52 - Phường Thạnh Xuân, Quận 12, TP Hồ Chí Minh",Phường Thạnh Xuân,NA,Quận 12,1020,Bất động sản khác,10.7766343,106.69135,NA,https://homedy.com/ban-dat-quan-12-tp-ho-chi-minh/sieu-pham-mat-tien-32m-700-trieu-kinh-doanh-da-nganh-es3207226,https://homedy.com/ban-dat-quan-12-tp-ho-chi-minh/sieu-pham-mat-tien-32m-700-trieu-kinh-doanh-da-nganh-es3207226,2026-05-22,2026-06-07 01:13:45.361434,NA,700,2800000,1,0
homedy,ban,homedy_3205983,3205983,Nhà ngang 4m dài 6m Đường Nguyễn Ảnh Thủ Quận 12 giá 780 triệu còn bớt mạnh,780000000,780 Triệu,24,2,"Đường Nguyễn Ảnh Thủ - Phường Hiệp Thành, Quận 12, TP Hồ Chí Minh",Phường Hiệp Thành,NA,Quận 12,1020,Nhà phố,10.8673521,106.6259541,NA,https://homedy.com/ban-nha-rieng-quan-12-tp-ho-chi-minh/ngang-4m-dai-6m-duong-nguyen-anh-thu-gia-780-trieu-con-bot-manh-es3205983,https://homedy.com/ban-nha-rieng-quan-12-tp-ho-chi-minh/ngang-4m-dai-6m-duong-nguyen-anh-thu-gia-780-trieu-con-bot-manh-es3205983,2026-05-14,2026-06-07 01:13:45.361434,NA,780,32500000,1,0
homedy,ban,homedy_3207203,3207203,"Đất mặt tiền ngay trung tâm Củ Chi, Full thổ cư, Giá Tốt Khó Tìm",1000000000,1 Tỷ,100,0,"Đường Tỉnh Lộ 7 - Xã Thái Mỹ, Huyện Củ Chi, TP Hồ Chí Minh",Xã Thái Mỹ,NA,Huyện Củ Chi,1040,Đất nền,11.0967072,106.5097461,NA,https://homedy.com/ban-dat-huyen-cu-chi-tp-ho-chi-minh/mat-tien-ngay-trung-tam-full-tho-gia-tot-kho-tim-es3207203,https://homedy.com/ban-dat-huyen-cu-chi-tp-ho-chi-minh/mat-tien-ngay-trung-tam-full-tho-gia-tot-kho-tim-es3207203,2026-05-22,2026-06-07 01:13:45.361434,NA,1000,10000000,1,0
homedy,ban,homedy_3207167,3207167,"ngay trung tâm quận 10, cách mạng tháng tám, 5 tầng, 30m2, hẻm 8m, 8 tỷ.",8000000000,8 Tỷ,30,5,"Đường Cách Mạng Tháng Tám - Quận 10, TP Hồ Chí Minh",Không rõ,NA,Quận 10,1020,Bất động sản khác,10.7725282,106.6682021,NA,https://homedy.com/ban-nha-rieng-quan-10-tp-ho-chi-minh/ngay-trung-tam-cach-mang-thang-5-tang-30m2-hem-8m-8-ty-es3207167,https://homedy.com/ban-nha-rieng-quan-10-tp-ho-chi-minh/ngay-trung-tam-cach-mang-thang-5-tang-30m2-hem-8m-8-ty-es3207167,2026-05-22,2026-06-07 01:13:45.361434,NA,8000,266666666.66666666,1,0
homedy,ban,homedy_3207146,3207146,"Chuyển về quê bán gấp nhà đường Tô Ký, quận 12-giá 450tr, sổ riêng-hẻm xe hơi",450000000,450 Triệu,35,0,"Đường Tô Ký - Phường An Phú Đông, Quận 12, TP Hồ Chí Minh",Phường An Phú Đông,NA,Quận 12,1020,Nhà phố,10.8612652,106.6642083,NA,https://homedy.com/ban-nha-rieng-quan-12-tp-ho-chi-minh/chuyen-ve-que-gap-duong-to-ky-gia-450tr-so-hem-xe-hoi-es3207146,https://homedy.com/ban-nha-rieng-quan-12-tp-ho-chi-minh/chuyen-ve-que-gap-duong-to-ky-gia-450tr-so-hem-xe-hoi-es3207146,2026-05-21,2026-06-07 01:13:45.361434,NA,450,12857142.857142856,1,0
homedy,ban,homedy_3207141,3207141,Ly Hôn Bán Nhà Đường Quang Trung Gò Vấp - 30M2/650 triệu SHR,650000000,650 Triệu,30,3,"Đường Quang Trung - Phường 10, Quận Gò Vấp, TP Hồ Chí Minh",Phường 10,NA,Quận Gò Vấp,1020,Nhà phố,10.8353538,106.6740337,NA,https://homedy.com/ban-nha-rieng-quan-go-vap-tp-ho-chi-minh/ly-hon-duong-quang-trung-30m2-650-trieu-shr-es3207141,https://homedy.com/ban-nha-rieng-quan-go-vap-tp-ho-chi-minh/ly-hon-duong-quang-trung-30m2-650-trieu-shr-es3207141,2026-05-21,2026-06-07 01:13:45.361434,NA,650,21666666.666666668,1,0
homedy,ban,homedy_3207139,3207139,Kinh doanh thua lỗ bán gấp nhà Lê Văn Việt Quận 9 - DT 40m2/ 550 triệu LH Anh Duy,550000000,550 Triệu,40,0,"Đường Lê Văn Việt - Phường Tăng Nhơn Phú A, Quận 9, TP Hồ Chí Minh",Phường Tăng Nhơn Phú A,NA,Thành phố Thủ Đức,1020,Nhà phố,10.8441928,106.7791529,NA,https://homedy.com/ban-nha-rieng-quan-9-tp-ho-chi-minh/kinh-doanh-thua-lo-gap-le-van-viet-dt-40m2-550-trieu-lh-anh-duy-es3207139,https://homedy.com/ban-nha-rieng-quan-9-tp-ho-chi-minh/kinh-doanh-thua-lo-gap-le-van-viet-dt-40m2-550-trieu-lh-anh-duy-es3207139,2026-05-21,2026-06-07 01:13:45.361434,NA,550,13750000,1,0
homedy,ban,homedy_3207144,3207144,"Vỡ nợ bán gấp nhà 1t1l Đường Lý Thường Kiệt, quận 10-dt 40m2, giá 430tr, đã có sổ hồng",430000000,430 Triệu,40,0,"Phường 12, Quận 10, TP Hồ Chí Minh",Phường 12,NA,Quận 10,1020,Nhà phố,10.771122,106.6598834,NA,https://homedy.com/ban-nha-rieng-quan-10-tp-ho-chi-minh/vo-no-gap-1t1l-duong-ly-thuong-kiet-dt-40m2-gia-430tr-da-co-so-hong-es3207144,https://homedy.com/ban-nha-rieng-quan-10-tp-ho-chi-minh/vo-no-gap-1t1l-duong-ly-thuong-kiet-dt-40m2-gia-430tr-da-co-so-hong-es3207144,2026-05-21,2026-06-07 01:13:45.361434,NA,430,10750000,1,0
homedy,ban,homedy_3207138,3207138,Vơ Nơ Bán Nhà Đường Hưng Phú Quận 8 40m2/500 triêu Sổ hồng riêng,500000000,500 Triệu,40,0,"Đường Hưng Phú - Phường 8, Quận 8, TP Hồ Chí Minh",Phường 8,NA,Quận 8,1020,Nhà phố,10.7487581,106.6775466,NA,https://homedy.com/ban-nha-rieng-quan-8-tp-ho-chi-minh/vo-no-duong-hung-phu-40m2-500-trieu-so-hong-es3207138,https://homedy.com/ban-nha-rieng-quan-8-tp-ho-chi-minh/vo-no-duong-hung-phu-40m2-500-trieu-so-hong-es3207138,2026-05-21,2026-06-07 01:13:45.361434,NA,500,12500000,1,0
homedy,ban,homedy_3207137,3207137,"Kẹt nợ bán nhà 1t1l đường Đình Phong Phú, Thủ Đức có dt 38m2, hẻm 4m, sổ hồng riêng-giá 480tr",480000000,480 Triệu,38,0,"Đường Đình Phong Phú - Phường Tăng Nhơn Phú A, Quận 9, TP Hồ Chí Minh",Phường Tăng Nhơn Phú A,NA,Thành phố Thủ Đức,1020,Nhà phố,10.8441928,106.7791529,NA,https://homedy.com/ban-nha-rieng-quan-9-tp-ho-chi-minh/ket-no-1t1l-duong-dinh-phong-phu-thu-duc-co-dt-38m2-hem-4m-so-hong-gia-480tr-es3207137,https://homedy.com/ban-nha-rieng-quan-9-tp-ho-chi-minh/ket-no-1t1l-duong-dinh-phong-phu-thu-duc-co-dt-38m2-hem-4m-so-hong-gia-480tr-es3207137,2026-05-21,2026-06-07 01:13:45.361434,NA,480,12631578.94736842,1,0
homedy,ban,homedy_3207132,3207132,Đất nền Củ Chi Vị Trí Đẹp Giá Chỉ Hơn 1 Tỷ Phù Hợp Đầu Tư Và Sinh Sống,1500000000,"1 - 1,5 Tỷ",100,0,"Đường Tỉnh Lộ 7 - Xã Thái Mỹ, Huyện Củ Chi, TP Hồ Chí Minh",Xã Thái Mỹ,NA,Huyện Củ Chi,1040,Đất nền,11.0967072,106.5097461,NA,https://homedy.com/ban-dat-huyen-cu-chi-tp-ho-chi-minh/nen-vi-tri-dep-gia-hon-1-ty-phu-hop-dau-tu-va-sinh-song-es3207132,https://homedy.com/ban-dat-huyen-cu-chi-tp-ho-chi-minh/nen-vi-tri-dep-gia-hon-1-ty-phu-hop-dau-tu-va-sinh-song-es3207132,2026-05-21,2026-06-07 01:13:45.361434,NA,1500,15000000,1,0
homedy,ban,homedy_3207130,3207130,Cực phẩm siêu vip khuấy đảo giữa lòng quận 7,20600000000,"20,6 Tỷ",76,4,"Phường Tân Hưng - Quận 7, TP Hồ Chí Minh",Phường Tân Hưng - Quận 7,NA,Quận 7,1020,Bất động sản khác,10.7305239,106.7087488,NA,https://homedy.com/ban-nha-mat-pho-quan-7-tp-ho-chi-minh/cuc-pham-sieu-vip-khuay-dao-giua-long-es3207130,https://homedy.com/ban-nha-mat-pho-quan-7-tp-ho-chi-minh/cuc-pham-sieu-vip-khuay-dao-giua-long-es3207130,2026-05-21,2026-06-07 01:13:45.361434,NA,20600,271052631.57894737,1,0
homedy,ban,homedy_3207113,3207113,Bán nhà mặt tiền đường hòa hưng nhà mới giá rẻ 50m2,1600000000,"1,6 Tỷ",50,2,"Đường Hòa Hưng - Phường 13, Quận 10, TP Hồ Chí Minh",Phường 13,NA,Quận 10,1020,Nhà phố,10.7664812,106.6756704,NA,https://homedy.com/ban-nha-rieng-quan-10-tp-ho-chi-minh/mat-tien-duong-hoa-hung-moi-gia-re-50m2-es3207113,https://homedy.com/ban-nha-rieng-quan-10-tp-ho-chi-minh/mat-tien-duong-hoa-hung-moi-gia-re-50m2-es3207113,2026-05-21,2026-06-07 01:13:45.361434,NA,1600,32000000,1,0
homedy,ban,homedy_3207114,3207114,cần bán gấp nhà 60m2 hẻm xe hơi full nội thất tiện ích đầy đủ vị trí đẹp,1800000000,"1,5 - 1,8 Tỷ",60,2,"Quận Bình Thạnh - , TP Hồ Chí Minh",Không rõ,NA,Quận Bình Thạnh,1020,Nhà phố,10.799579,106.7404209,NA,https://homedy.com/ban-nha-rieng-quan-binh-thanh-tp-ho-chi-minh/can-gap-60m2-hem-xe-hoi-full-noi-that-tien-ich-day-du-vi-tri-dep-es3207114,https://homedy.com/ban-nha-rieng-quan-binh-thanh-tp-ho-chi-minh/can-gap-60m2-hem-xe-hoi-full-noi-that-tien-ich-day-du-vi-tri-dep-es3207114,2026-05-21,2026-06-07 01:13:45.361434,NA,1800,30000000,1,0
homedy,ban,homedy_3207109,3207109,"Chuyển chổ ở cần bán nhà ở đường Trần Bá Giao, Quận Gò Vấp, 1 tỷ 6",1600000000,"1,6 Tỷ",50,3,"Đường Trần Bá Giao - Quận Gò Vấp, TP Hồ Chí Minh",Không rõ,NA,Quận Gò Vấp,1020,Nhà phố,10.8353538,106.6740337,NA,https://homedy.com/ban-nha-rieng-quan-go-vap-tp-ho-chi-minh/chuyen-cho-o-can-duong-tran-ba-giao-1-ty-6-es3207109,https://homedy.com/ban-nha-rieng-quan-go-vap-tp-ho-chi-minh/chuyen-cho-o-can-duong-tran-ba-giao-1-ty-6-es3207109,2026-05-21,2026-06-07 01:13:45.361434,NA,1600,32000000,1,0
homedy,ban,homedy_3186216,3186216,"(Tin Thật)Chính chủ bán ch 45m2/2 tỷ 025 ,(vay 85%)full NT,SHR dọn ở,Nguyễn Thượng Hiền 0794818249",2020000000,"2,02 Tỷ",45,0,"Đường Phạm Văn Đồng - Phường 1, Quận Gò Vấp, TP Hồ Chí Minh",Phường 1,NA,Quận Gò Vấp,1020,Bất động sản khác,10.8352617,106.6740588,NA,https://homedy.com/ban-can-ho-quan-go-vap-tp-ho-chi-minh/tin-thatchinh-chu-ch-45m2-2-ty-025-vay-85full-ntshr-don-onguyen-thuong-hien-0794818249-es3186216,https://homedy.com/ban-can-ho-quan-go-vap-tp-ho-chi-minh/tin-thatchinh-chu-ch-45m2-2-ty-025-vay-85full-ntshr-don-onguyen-thuong-hien-0794818249-es3186216,2026-05-21,2026-06-07 01:13:45.361434,NA,2020,44888888.88888889,1,0
homedy,ban,homedy_3165909,3165909,"Căn hộ 5 sao 49m2/2 tỷ 205 SHR,dọn ở vay 85% (2pn)MT Phạm Văn Đồng",2200000000,"2,2 Tỷ",49,2,"Đường Phạm Văn Đồng - Phường 1, Quận Gò Vấp, TP Hồ Chí Minh",Phường 1,NA,Quận Gò Vấp,1010,Căn hộ,10.8352617,106.6740588,NA,https://homedy.com/ban-can-ho-quan-go-vap-tp-ho-chi-minh/5-sao-49m2-2-ty-205-shrdon-o-vay-85-2pnmt-pham-van-dong-es3165909,https://homedy.com/ban-can-ho-quan-go-vap-tp-ho-chi-minh/5-sao-49m2-2-ty-205-shrdon-o-vay-85-2pnmt-pham-van-dong-es3165909,2026-05-21,2026-06-07 01:13:45.361434,NA,2200,44897959.18367347,1,0
homedy,ban,homedy_3201587,3201587,"Bán Nhà Mặt tiền 56 Phan Đình Phùng, P. Cầu Kiệu, TPHCM",17500000000,"17,5 Tỷ",214,0,"Đường Phan Đình Phùng - Phường 2, Quận Phú Nhuận, TP Hồ Chí Minh",Phường 2,NA,Quận Phú Nhuận,1020,Nhà phố,NA,NA,NA,https://homedy.com/ban-nha-mat-pho-quan-phu-nhuan-tp-ho-chi-minh/tien-56-phan-dinh-phung-p-cau-kieu-tphcm-es3201587,https://homedy.com/ban-nha-mat-pho-quan-phu-nhuan-tp-ho-chi-minh/tien-56-phan-dinh-phung-p-cau-kieu-tphcm-es3201587,2026-05-21,2026-06-07 01:13:45.361434,NA,17500,81775700.93457943,0,0
homedy,ban,homedy_3207056,3207056,"Bán villa Thảo Điền 280m², hồ bơi riêng, 4 tầng, có dòng tiền 100tr/tháng, giá 100 tỷ",95000000000,95 Tỷ,280,0,"Đường 12 - Phường Thảo Điền, Quận 2, TP Hồ Chí Minh",Phường Thảo Điền,NA,Thành phố Thủ Đức,1020,Nhà phố,10.8055603,106.7460031,NA,https://homedy.com/ban-nha-biet-thu-lien-ke-quan-2-tp-ho-chi-minh/villa-thao-dien-280m-boi-rieng-4-tang-co-dong-tien-100tr-thang-gia-100-ty-es3207056,https://homedy.com/ban-nha-biet-thu-lien-ke-quan-2-tp-ho-chi-minh/villa-thao-dien-280m-boi-rieng-4-tang-co-dong-tien-100tr-thang-gia-100-ty-es3207056,2026-05-21,2026-06-07 01:13:45.361434,NA,95000,339285714.28571427,1,0
homedy,ban,homedy_3207044,3207044,"Bán nhà Nguyễn Bỉnh Khiêm Q1, 380m² sàn, có hầm + 5 lầu, HĐT 72tr/tháng, giá 43.5 tỷ",43500000000,"43,5 Tỷ",77,0,"Đường Nguyễn Bỉnh Khiêm - Phường Đa Kao, Quận 1, TP Hồ Chí Minh",Phường Đa Kao,NA,Quận 1,1020,Nhà phố,10.7753939,106.6996249,NA,https://homedy.com/ban-nha-rieng-quan-1-tp-ho-chi-minh/nguyen-binh-khiem-q1-380m-san-co-ham-5-lau-hdt-72tr-thang-gia-43-ty-es3207044,https://homedy.com/ban-nha-rieng-quan-1-tp-ho-chi-minh/nguyen-binh-khiem-q1-380m-san-co-ham-5-lau-hdt-72tr-thang-gia-43-ty-es3207044,2026-05-21,2026-06-07 01:13:45.361434,NA,43500,564935064.9350649,1,0
homedy,ban,homedy_2736158,2736158,Bán nhà riêng Quận 12 - TP Hồ Chí Minh giá 1.20 Tỷ,1200000000,"1,2 Tỷ",80,2,"Đường T25 - Phường Thạnh Xuân, Quận 12, TP Hồ Chí Minh",Phường Thạnh Xuân,NA,Quận 12,1020,Nhà phố,10.8817091,106.677315,NA,https://homedy.com/ban-nha-rieng-quan-12-tp-ho-chi-minh/gia-1-20-ty-es2736158,https://homedy.com/ban-nha-rieng-quan-12-tp-ho-chi-minh/gia-1-20-ty-es2736158,2026-05-21,2026-06-07 01:13:45.361434,NA,1200,15000000,1,0
homedy,ban,homedy_2925677,2925677,Chính Chủ Cần Bán Gấp Căn Nhà Quận 12 đi định Cư nước ngoài,1450000000,"1,45 Tỷ",40,2,"Đường T15 - Phường An Phú Đông, Quận 12, TP Hồ Chí Minh",Phường An Phú Đông,NA,Quận 12,1020,Nhà phố,10.8618441,106.6981061,NA,https://homedy.com/ban-nha-rieng-quan-12-tp-ho-chi-minh/chinh-chu-can-gap-di-dinh-cu-nuoc-ngoai-es2925677,https://homedy.com/ban-nha-rieng-quan-12-tp-ho-chi-minh/chinh-chu-can-gap-di-dinh-cu-nuoc-ngoai-es2925677,2026-05-21,2026-06-07 01:13:45.361434,NA,1450,36250000,1,0
homedy,ban,homedy_2299883,2299883,Mỗi Nhà 1 Cuốn Sổ Hồng Riêng - Phường Thạnh Lộc- Đường TL44 Quận 12,1270000000,"1,27 Tỷ",40,2,"Đường Hà Huy Giáp - Phường Thạnh Lộc, Quận 12, TP Hồ Chí Minh",Phường Thạnh Lộc,NA,Quận 12,1020,Nhà phố,10.8731713,106.6860324,NA,https://homedy.com/ban-nha-rieng-quan-12-tp-ho-chi-minh/moi-1-cuon-so-hong-phuong-thanh-loc-duong-tl44-es2299883,https://homedy.com/ban-nha-rieng-quan-12-tp-ho-chi-minh/moi-1-cuon-so-hong-phuong-thanh-loc-duong-tl44-es2299883,2026-05-21,2026-06-07 01:13:45.361434,NA,1270,31750000,1,0
homedy,ban,homedy_3197876,3197876,"Bán nhà KDC Park Riverside - Nhà đẹp, giá tốt",12200000000,"12,2 Tỷ",75,0,"Đường Bưng Ông Thoàn, Phường Phú Hữu, Quận 9, TP Hồ Chí Minh",Phường Phú Hữu,NA,Thành phố Thủ Đức,1020,Nhà phố,10.807650051686746,106.80099485941616,NA,https://homedy.com/ban-nha-rieng-khu-dan-cu-cao-cap-park-riverside/kdc-dep-gia-tot-es3197876,https://homedy.com/ban-nha-rieng-khu-dan-cu-cao-cap-park-riverside/kdc-dep-gia-tot-es3197876,2026-05-21,2026-06-07 01:13:45.361434,NA,12200,162666666.66666666,1,0
homedy,ban,homedy_3189677,3189677,"Bán Đất dự án Bách Khoa Q9, Lô đẹp đường rộng, giá tốt cần bán",12560000000,"12,56 Tỷ",182,0,"Đường Nguyễn Duy Trinh, Phường Phú Hữu, Quận 9, TP Hồ Chí Minh",Phường Phú Hữu,NA,Thành phố Thủ Đức,1040,Đất nền,10.7938552,106.80721399999992,NA,https://homedy.com/ban-dat-nen-du-an-khu-dan-cu-dai-hoc-bach-khoa/q9-lo-dep-duong-rong-gia-tot-can-es3189677,https://homedy.com/ban-dat-nen-du-an-khu-dan-cu-dai-hoc-bach-khoa/q9-lo-dep-duong-rong-gia-tot-can-es3189677,2026-05-21,2026-06-07 01:13:45.361434,NA,12560,69010989.01098901,1,0
homedy,ban,homedy_3207006,3207006,Căn hộ Moonlight Park View 2PN 2WC tặng nội thất sổ hồng có hỗ trợ vay. LH 0933 654 662,4000000000,4 Tỷ,68,2,"Đường 7, Phường An Lạc A, Quận Bình Tân, TP Hồ Chí Minh",Phường An Lạc A,NA,Quận Bình Tân,1010,Căn hộ,10.751920779714698,106.6203658280334,NA,https://homedy.com/ban-can-ho-moonlight-park-view/2pn-2wc-tang-noi-that-so-hong-co-tro-vay-lh-0933-654-662-es3207006,https://homedy.com/ban-can-ho-moonlight-park-view/2pn-2wc-tang-noi-that-so-hong-co-tro-vay-lh-0933-654-662-es3207006,2026-05-21,2026-06-07 01:13:45.361434,NA,4000,58823529.4117647,1,0
homedy,ban,homedy_3205596,3205596,chủ gấp bán giảm 300TR - tân thới nhất - 100m2 - 2 lầu - hẻm 6m nhỉnh 5 tỷ TL,5990000000,"5,99 Tỷ",100,2,"Đường Tân Thới Nhất 2 - Phường Tân Thới Nhất, Quận 12, TP Hồ Chí Minh",Phường Tân Thới Nhất,NA,Quận 12,1020,Bất động sản khác,10.8612652,106.6642083,NA,https://homedy.com/ban-nha-rieng-quan-12-tp-ho-chi-minh/chu-gap-giam-300tr-tan-thoi-nhat-100m2-2-lau-hem-6m-nhinh-5-ty-tl-es3205596,https://homedy.com/ban-nha-rieng-quan-12-tp-ho-chi-minh/chu-gap-giam-300tr-tan-thoi-nhat-100m2-2-lau-hem-6m-nhinh-5-ty-tl-es3205596,2026-05-12,2026-06-07 01:13:45.361434,NA,5990,59900000,1,0
homedy,ban,homedy_3203578,3203578,đông hưng thuận - quận 12 - hẻm xe hơi - NHÀ 2 LẦU - 3 phòng ngủ - 5.25 tỷ,5250000000,"5,25 Tỷ",64,26,"Đường Tô Ký - Phường Đông Hưng Thuận, Quận 12, TP Hồ Chí Minh",Phường Đông Hưng Thuận,NA,Quận 12,1020,Nhà phố,10.8612652,106.6642083,NA,https://homedy.com/ban-nha-rieng-quan-12-tp-ho-chi-minh/dong-hung-thuan-hem-xe-hoi-2-lau-3-phong-ngu-5-25-ty-es3203578,https://homedy.com/ban-nha-rieng-quan-12-tp-ho-chi-minh/dong-hung-thuan-hem-xe-hoi-2-lau-3-phong-ngu-5-25-ty-es3203578,2026-04-28,2026-06-07 01:13:45.361434,NA,5250,82031250,1,0
homedy,ban,homedy_3206916,3206916,nhà phan văn hớn - 100m2 - ngang 5 - nhà 6 lầu hẻm xe tải nhỉnh 12 đồng,12800000000,"12,8 Tỷ",96,4,"Đường Phan Văn Hớn - Phường Tân Thới Nhất, Quận 12, TP Hồ Chí Minh",Phường Tân Thới Nhất,NA,Quận 12,1020,Nhà phố,10.8612653,106.6642083,NA,https://homedy.com/ban-nha-rieng-quan-12-tp-ho-chi-minh/phan-van-hon-100m2-ngang-5-6-lau-hem-xe-tai-nhinh-dong-es3206916,https://homedy.com/ban-nha-rieng-quan-12-tp-ho-chi-minh/phan-van-hon-100m2-ngang-5-6-lau-hem-xe-tai-nhinh-dong-es3206916,2026-05-20,2026-06-07 01:13:45.361434,NA,12800,133333333.33333333,1,0
homedy,ban,homedy_3206971,3206971,"giảm 600tr nhà tô ngọc vân quận 12, 72m2 ngang 5m hxh giá chốt 3.7 tỷ",3700000000,"3,7 Tỷ",72,0,"Đường Tô Ngọc Vân - Phường Thạnh Xuân, Quận 12, TP Hồ Chí Minh",Phường Thạnh Xuân,NA,Quận 12,1020,Nhà phố,10.7766343,106.69135,NA,https://homedy.com/ban-nha-rieng-quan-12-tp-ho-chi-minh/giam-600tr-to-ngoc-van-72m2-ngang-5m-hxh-gia-chot-3-7-ty-es3206971,https://homedy.com/ban-nha-rieng-quan-12-tp-ho-chi-minh/giam-600tr-to-ngoc-van-72m2-ngang-5m-hxh-gia-chot-3-7-ty-es3206971,2026-05-20,2026-06-07 01:13:45.361434,NA,3700,51388888.88888889,1,0
homedy,ban,homedy_3206965,3206965,"Lh Phúc 0794062948 Bán gấp căn Phan Văn Trị_BThạnh chỉ 896tr/42,9m2. Shr bao sang sổ, HXH rộng rãi",896000000,896 Triệu,42.9,3,"Đường Phan Văn Trị - Quận Bình Thạnh, TP Hồ Chí Minh",Không rõ,NA,Quận Bình Thạnh,1020,Bất động sản khác,10.812271,106.7040393,NA,https://homedy.com/ban-nha-rieng-quan-binh-thanh-tp-ho-chi-minh/lh-phuc-0794062948-gap-can-phan-van-tri-bthanh-896tr-429m2-shr-bao-sang-so-hxh-rong-rai-es3206965,https://homedy.com/ban-nha-rieng-quan-binh-thanh-tp-ho-chi-minh/lh-phuc-0794062948-gap-can-phan-van-tri-bthanh-896tr-429m2-shr-bao-sang-so-hxh-rong-rai-es3206965,2026-05-20,2026-06-07 01:13:45.361434,NA,896,20885780.885780886,1,0
homedy,ban,homedy_3206962,3206962,Bán Gấp Nhà 1/ Hẻm 12m Quang Trung Gò Vấp Chính Chủ Thương Lượng Mạnh Dạn Pháp Lý Nhanh Gọn,11200000000,"11,2 Tỷ",75.6,0,"Đường Quang Trung - Phường 11, Quận Gò Vấp, TP Hồ Chí Minh",Phường 11,NA,Quận Gò Vấp,1020,Nhà phố,10.8353538,106.6740337,NA,https://homedy.com/ban-nha-rieng-quan-go-vap-tp-ho-chi-minh/gap-1-hem-12m-quang-trung-chinh-chu-thuong-luong-manh-dan-phap-ly-nhanh-gon-es3206962,https://homedy.com/ban-nha-rieng-quan-go-vap-tp-ho-chi-minh/gap-1-hem-12m-quang-trung-chinh-chu-thuong-luong-manh-dan-phap-ly-nhanh-gon-es3206962,2026-05-20,2026-06-07 01:13:45.361434,NA,11200,148148148.14814815,1,0
homedy,ban,homedy_3206957,3206957,"Kẹt nợ bán gấp nhà trả nợ, dt 62m2 đường Nguyễn Thị Thập, quận 7-sổ riêng, giá 980tr",980000000,980 Triệu,62,0,"Đường Nguyễn Thị Thập - Phường Tân Hưng, Quận 7, TP Hồ Chí Minh",Phường Tân Hưng,NA,Quận 7,1020,Nhà phố,10.7305239,106.7087488,NA,https://homedy.com/ban-nha-rieng-quan-7-tp-ho-chi-minh/ket-no-gap-tra-dt-62m2-duong-nguyen-thi-thap-so-gia-980tr-es3206957,https://homedy.com/ban-nha-rieng-quan-7-tp-ho-chi-minh/ket-no-gap-tra-dt-62m2-duong-nguyen-thi-thap-so-gia-980tr-es3206957,2026-05-20,2026-06-07 01:13:45.361434,NA,980,15806451.612903226,1,0
homedy,ban,homedy_3206956,3206956,"Thanh lý thu hồi vốn hxh nhà đường Nguyễn Thị Định, Cát Lái, Thủ Đức-dt 63m2, giá 940tr-sổ riêng",940000000,940 Triệu,63,3,"Đường Nguyễn Thị Định - Phường Cát Lái, Thành phố Thủ Đức, TP Hồ Chí Minh",Phường Cát Lái,NA,Thành phố Thủ Đức,1020,Nhà phố,10.7576754,106.7891795,NA,https://homedy.com/ban-nha-rieng-thanh-pho-thu-duc-tp-ho-chi-minh/ly-hoi-von-hxh-duong-nguyen-thi-dinh-cat-lai-dt-63m2-gia-940tr-so-es3206956,https://homedy.com/ban-nha-rieng-thanh-pho-thu-duc-tp-ho-chi-minh/ly-hoi-von-hxh-duong-nguyen-thi-dinh-cat-lai-dt-63m2-gia-940tr-so-es3206956,2026-05-20,2026-06-07 01:13:45.361434,NA,940,14920634.92063492,1,0
homedy,ban,homedy_3206955,3206955,"Cần vốn kinh doanh bán gấp 65m2 nhà đường Phan Xích Long, Phú Nhuận-giá 2,2 tỷ-sổ hồng riêng",2200000000,"2,2 Tỷ",65,0,"Đường Phan Xích Long - Quận Phú Nhuận, TP Hồ Chí Minh",Không rõ,NA,Quận Phú Nhuận,1020,Nhà phố,10.8010061,106.6797643,NA,https://homedy.com/ban-nha-rieng-quan-phu-nhuan-tp-ho-chi-minh/can-von-kinh-doanh-gap-65m2-duong-phan-xich-long-gia-22-ty-so-hong-es3206955,https://homedy.com/ban-nha-rieng-quan-phu-nhuan-tp-ho-chi-minh/can-von-kinh-doanh-gap-65m2-duong-phan-xich-long-gia-22-ty-so-hong-es3206955,2026-05-20,2026-06-07 01:13:45.361434,NA,2200,33846153.84615385,1,0
homedy,ban,homedy_3206950,3206950,"Bán building Điện Biên Phủ Q1, hầm 6 tầng, 90 m², HĐT 150tr/th, giá 65 tỷ",65000000000,65 Tỷ,90,0,"Đường Điện Biên Phủ - Phường Đa Kao, Quận 1, TP Hồ Chí Minh",Phường Đa Kao,NA,Quận 1,1020,Bất động sản khác,10.7753939,106.6996249,NA,https://homedy.com/ban-bat-dong-san-khac-quan-1-tp-ho-chi-minh/building-dien-bien-phu-q1-ham-6-tang-90-m-hdt-150tr-th-gia-65-ty-es3206950,https://homedy.com/ban-bat-dong-san-khac-quan-1-tp-ho-chi-minh/building-dien-bien-phu-q1-ham-6-tang-90-m-hdt-150tr-th-gia-65-ty-es3206950,2026-05-20,2026-06-07 01:13:45.361434,NA,65000,722222222.2222222,1,0
homedy,ban,homedy_3206946,3206946,"Bán khách sạn mini Hàm Nghi Q1, 9 phòng, thu nhập 45tr/th, giá 27.5 tỷ",27500000000,"27,5 Tỷ",68,0,"Đường Hàm Nghi - Phường Nguyễn Thái Bình, Quận 1, TP Hồ Chí Minh",Phường Nguyễn Thái Bình,NA,Quận 1,1050,Phòng/Cho thuê,10.7672117,106.7010736,NA,https://homedy.com/ban-bat-dong-san-khac-quan-1-tp-ho-chi-minh/khach-mini-ham-nghi-q1-9-phong-thu-nhap-45tr-th-gia-27-5-ty-es3206946,https://homedy.com/ban-bat-dong-san-khac-quan-1-tp-ho-chi-minh/khach-mini-ham-nghi-q1-9-phong-thu-nhap-45tr-th-gia-27-5-ty-es3206946,2026-05-20,2026-06-07 01:13:45.361434,NA,27500,404411764.7058824,1,0
homedy,ban,homedy_3201740,3201740,"Bán đất chính chủ,10mx20m,HXH tránh nhau 7m Thạnh Lộc 14-15 (An Phú Đông), 11.5tỷTL:0906803166",11500000000,"11,5 Tỷ",200,0,"Đường Thạnh Lộc 14 - Phường An Phú Đông, Quận 12, TP Hồ Chí Minh",Phường An Phú Đông,NA,Quận 12,1040,Đất nền,10.8612653,106.6642083,NA,https://homedy.com/ban-dat-quan-12-tp-ho-chi-minh/chinh-chu10mx20mhxh-tranh-nhau-7m-thanh-loc-14-15-an-phu-dong-11-5tytl0906803166-es3201740,https://homedy.com/ban-dat-quan-12-tp-ho-chi-minh/chinh-chu10mx20mhxh-tranh-nhau-7m-thanh-loc-14-15-an-phu-dong-11-5tytl0906803166-es3201740,2026-05-20,2026-06-07 01:13:45.361434,NA,11500,57500000,1,0
homedy,ban,homedy_3202232,3202232,"Gladia Nhà Liên Kế A6 – Một Bước Xuống Phố, Chạm Ngay Tiện Ích. Lh O932 O32 4O3",29550000000,"29,55 Tỷ",251,0,"Đường Võ Chí Công - Phường Bình Trưng Đông, Quận 2, TP Hồ Chí Minh",Phường Bình Trưng Đông,NA,Thành phố Thủ Đức,1020,Nhà phố,10.7912168,106.7619557,NA,https://homedy.com/ban-nha-biet-thu-lien-ke-quan-2-tp-ho-chi-minh/gladia-a6-mot-buoc-xuong-pho-cham-ngay-tien-ich-lh-o932-o32-4o3-es3202232,https://homedy.com/ban-nha-biet-thu-lien-ke-quan-2-tp-ho-chi-minh/gladia-a6-mot-buoc-xuong-pho-cham-ngay-tien-ich-lh-o932-o32-4o3-es3202232,2026-05-20,2026-06-07 01:13:45.361434,NA,29550,117729083.66533865,1,0
homedy,ban,homedy_3206922,3206922,nhà trường chinh - đông hưng thuận quận 12 gần 60m2 HXH thông nhỉnh 3 tỷ TL,3500000000,"3,5 Tỷ",57,0,"Đường Trường Chinh - Phường Đông Hưng Thuận, Quận 12, TP Hồ Chí Minh",Phường Đông Hưng Thuận,NA,Quận 12,1020,Nhà phố,10.8612653,106.6642083,NA,https://homedy.com/ban-nha-rieng-quan-12-tp-ho-chi-minh/truong-chinh-dong-hung-thuan-gan-60m2-hxh-thong-nhinh-3-ty-tl-es3206922,https://homedy.com/ban-nha-rieng-quan-12-tp-ho-chi-minh/truong-chinh-dong-hung-thuan-gan-60m2-hxh-thong-nhinh-3-ty-tl-es3206922,2026-05-20,2026-06-07 01:13:45.361434,NA,3500,61403508.77192982,1,0
homedy,ban,homedy_3132039,3132039,"Giải pháp gia đình nhiều con, Ven Sông, 3PN, Chỉ 7 Tỷ, SHVV, Một bước chân đến ngay trung tâm",7000000000,7 Tỷ,105,3,"Đường Nguyễn Tất Thành, Phường 18, Quận 4, TP Hồ Chí Minh",Phường 18,NA,Quận 4,1020,Bất động sản khác,10.755683271028202,106.7194407128586,NA,https://homedy.com/ban-can-ho-riva-park/giai-phap-gia-dinh-nhieu-con-ven-song-3pn-chi-7-ty-shvv-mot-buoc-chan-den-ngay-trung-tam-es3132039,https://homedy.com/ban-can-ho-riva-park/giai-phap-gia-dinh-nhieu-con-ven-song-3pn-chi-7-ty-shvv-mot-buoc-chan-den-ngay-trung-tam-es3132039,2026-05-20,2026-06-07 01:13:45.361434,NA,7000,66666666.666666664,1,0
homedy,ban,homedy_3206903,3206903,"Bán nhà Nguyễn Ư Dĩ Thảo Điền, 86,7 m², 2 tầng, HĐT 30tr/tháng, giá 24 tỷ",24000000000,24 Tỷ,86.7,0,"Phường Thảo Điền, Quận 2, TP Hồ Chí Minh",Phường Thảo Điền,NA,Thành phố Thủ Đức,1020,Nhà phố,10.8011432,106.7351252,NA,https://homedy.com/ban-nha-rieng-quan-2-tp-ho-chi-minh/nguyen-u-di-thao-dien-867-m-tang-hdt-30tr-thang-gia-24-ty-es3206903,https://homedy.com/ban-nha-rieng-quan-2-tp-ho-chi-minh/nguyen-u-di-thao-dien-867-m-tang-hdt-30tr-thang-gia-24-ty-es3206903,2026-05-20,2026-06-07 01:13:45.361434,NA,24000,276816608.9965398,1,0
homedy,ban,homedy_3206894,3206894,"Bán gấp CC 3PN + 2WC tại Empire City Thủ Thiêm, 42 tỷ (TL), 127m2, Sổ Hồng, sẵn HĐ Thuê !",42000000000,42 Tỷ,127,3,"Đường Mai Chí Thọ, Phường Thủ Thiêm, Quận 2, TP Hồ Chí Minh",Phường Thủ Thiêm,NA,Thành phố Thủ Đức,1020,Bất động sản khác,10.768681260661973,106.71548368144532,NA,https://homedy.com/ban-can-ho-empire-city-thu-thiem/gap-cc-3pn-2wc-tai-42-ty-tl-127m2-so-hong-san-hd-thue-es3206894,https://homedy.com/ban-can-ho-empire-city-thu-thiem/gap-cc-3pn-2wc-tai-42-ty-tl-127m2-so-hong-san-hd-thue-es3206894,2026-05-20,2026-06-07 01:13:45.361434,NA,42000,330708661.4173228,1,0
homedy,ban,homedy_3206897,3206897,"Bán CHDV Lê Quang Định Bình Thạnh, 15 phòng full nội thất, 7,3m × 15m, HĐT 89tr/tháng",27900000000,"27,9 Tỷ",106,0,"Đường Lê Quang Định - Phường 11, Quận Bình Thạnh, TP Hồ Chí Minh",Phường 11,NA,Quận Bình Thạnh,1050,Phòng/Cho thuê,10.767956999999999,106.6508148,NA,https://homedy.com/ban-bat-dong-san-khac-quan-binh-thanh-tp-ho-chi-minh/chdv-le-quang-dinh-15-phong-full-noi-that-73m-15m-hdt-89tr-thang-es3206897,https://homedy.com/ban-bat-dong-san-khac-quan-binh-thanh-tp-ho-chi-minh/chdv-le-quang-dinh-15-phong-full-noi-that-73m-15m-hdt-89tr-thang-es3206897,2026-05-20,2026-06-07 01:13:45.361434,NA,27900,263207547.1698113,1,0
homedy,ban,homedy_3206891,3206891,"Bán nhà Nguyễn Trãi Q1, 84,1 m², nở hậu 11.7m, phù hợp xây CHDV, giá 18.5 tỷ",18500000000,"18,5 Tỷ",84,0,"Đường Nguyễn Trãi - Phường Nguyễn Cư Trinh, Quận 1, TP Hồ Chí Minh",Phường Nguyễn Cư Trinh,NA,Quận 1,1020,Nhà phố,10.7672959,106.6847863,NA,https://homedy.com/ban-nha-rieng-quan-1-tp-ho-chi-minh/nguyen-trai-q1-841-m-no-hau-11-7m-phu-hop-xay-chdv-gia-18-5-ty-es3206891,https://homedy.com/ban-nha-rieng-quan-1-tp-ho-chi-minh/nguyen-trai-q1-841-m-no-hau-11-7m-phu-hop-xay-chdv-gia-18-5-ty-es3206891,2026-05-20,2026-06-07 01:13:45.361434,NA,18500,220238095.23809522,1,0
homedy,ban,homedy_3106319,3106319,Bán nhà 1 trệt 2 lầu Quận 12 ngay Ngã Tư ga qua gò vấp 5 phút,1330000000,"1,33 Tỷ",21,3,"Đường Tô Ngọc Vân - Phường Thạnh Xuân, Quận 12, TP Hồ Chí Minh",Phường Thạnh Xuân,NA,Quận 12,1020,Nhà phố,10.865303363727095,106.67467321307632,NA,https://homedy.com/ban-nha-rieng-quan-12-tp-ho-chi-minh/1-tret-2-lau-ngay-nga-tu-ga-qua-go-vap-5-phut-es3106319,https://homedy.com/ban-nha-rieng-quan-12-tp-ho-chi-minh/1-tret-2-lau-ngay-nga-tu-ga-qua-go-vap-5-phut-es3106319,2026-05-20,2026-06-07 01:13:45.361434,NA,1330,63333333.333333336,1,0
homedy,ban,homedy_3206868,3206868,Bán Nhà 2 Mặt Hẻm Đường Nguyễn Chí Thanh Nhỉnh 3 Tỷ,3360000000,"3,36 Tỷ",18,0,"Đường Nguyễn Chí Thanh - Phường 3, Quận 10, TP Hồ Chí Minh",Phường 3,NA,Quận 10,1020,Nhà phố,10.7770084,106.6811613,NA,https://homedy.com/ban-nha-rieng-quan-10-tp-ho-chi-minh/2-mat-hem-duong-nguyen-thanh-nhinh-3-ty-es3206868,https://homedy.com/ban-nha-rieng-quan-10-tp-ho-chi-minh/2-mat-hem-duong-nguyen-thanh-nhinh-3-ty-es3206868,2026-05-20,2026-06-07 01:13:45.361434,NA,3360,186666666.66666666,1,0
homedy,ban,homedy_1984119,1984119,Bán đất mặt tiền thuận tiện kinh doanh mua bán Suỗi Lội tại Củ Chi - TP Hồ Chí Minh giá 1.55 tỷ,1550000000,"1,55 Tỷ",110,0,"Đường Suối Lội - Xã Tân Thông Hội, Huyện Củ Chi, TP Hồ Chí Minh",Xã Tân Thông Hội,NA,Huyện Củ Chi,1040,Đất nền,10.95322,106.52553,NA,https://homedy.com/ban-dat-huyen-cu-chi-tp-ho-chi-minh/mat-tien-thuan-kinh-doanh-mua-suoi-loi-tai-gia-1-55-ty-es1984119,https://homedy.com/ban-dat-huyen-cu-chi-tp-ho-chi-minh/mat-tien-thuan-kinh-doanh-mua-suoi-loi-tai-gia-1-55-ty-es1984119,2026-05-20,2026-06-07 01:13:45.361434,NA,1550,14090909.090909092,1,0
homedy,thue,homedy_1977395,1977395,Đất mặt tiền đường Cây Bài thuận tiện cho thuê kinh doanh quận Củ Chi - TP Hồ Chí Minh giá 1.50 tỷ,1500000000,"1,5 Tỷ",121,0,"Đường Cây Bài - Xã Phước Vĩnh An, Huyện Củ Chi, TP Hồ Chí Minh",Xã Phước Vĩnh An,NA,Huyện Củ Chi,1040,Đất nền,10.9870419,106.5245575,NA,https://homedy.com/ban-dat-huyen-cu-chi-tp-ho-chi-minh/mat-tien-duong-cay-bai-thuan-cho-thue-kinh-doanh-quan-gia-1-50-ty-es1977395,https://homedy.com/ban-dat-huyen-cu-chi-tp-ho-chi-minh/mat-tien-duong-cay-bai-thuan-cho-thue-kinh-doanh-quan-gia-1-50-ty-es1977395,2026-05-20,2026-06-07 01:13:45.361434,NA,1500,12396694.214876033,1,1
homedy,thue,homedy_3193350,3193350,"Đất mặt tiền đường nhựa 12m thuận tiện cho thuê kinh doanh, Tỉnh Lộ 2,Trung Lập hạ,Củ Chi.700 triệu",700000000,700 Triệu,125,0,"Đường Tỉnh Lộ 2 - Xã Trung Lập Hạ, Huyện Củ Chi, TP Hồ Chí Minh",Xã Trung Lập Hạ,NA,Huyện Củ Chi,1040,Đất nền,11.0967072,106.5097461,NA,https://homedy.com/ban-dat-huyen-cu-chi-tp-ho-chi-minh/mat-tien-duong-nhua-12m-thuan-cho-thue-kinh-doanh-tinh-lo-2trung-lap-hacu-700-trieu-es3193350,https://homedy.com/ban-dat-huyen-cu-chi-tp-ho-chi-minh/mat-tien-duong-nhua-12m-thuan-cho-thue-kinh-doanh-tinh-lo-2trung-lap-hacu-700-trieu-es3193350,2026-05-20,2026-06-07 01:13:45.361434,NA,700,5600000,1,1
homedy,ban,homedy_3193111,3193111,"Chủ đất đầu năm đang cần vốn để mở công ty nên bán đất mặt tiền đường Lê Thị Vui,Phước Hiệp,Củ Chi",580000000,580 Triệu,140,0,"Đường Lê Thị Vui - Xã Phước Hiệp, Huyện Củ Chi, TP Hồ Chí Minh",Xã Phước Hiệp,NA,Huyện Củ Chi,1040,Đất nền,11.0967072,106.5097461,NA,https://homedy.com/ban-dat-huyen-cu-chi-tp-ho-chi-minh/chu-dau-nam-dang-can-von-de-mo-cong-ty-nen-mat-tien-duong-le-thi-vuiphuoc-hiepcu-es3193111,https://homedy.com/ban-dat-huyen-cu-chi-tp-ho-chi-minh/chu-dau-nam-dang-can-von-de-mo-cong-ty-nen-mat-tien-duong-le-thi-vuiphuoc-hiepcu-es3193111,2026-05-20,2026-06-07 01:13:45.361434,NA,580,4142857.1428571427,1,0
homedy,ban,homedy_3193888,3193888,"Đất mặt tiền đường số 30 Tân Thông Hội,Củ Chi đang cần bán gấp Giá cực tốt 550 triệu thương lượng",550000000,550 Triệu,150,0,"Đường Số 30 - Xã Tân Thông Hội, Huyện Củ Chi, TP Hồ Chí Minh",Xã Tân Thông Hội,NA,Huyện Củ Chi,1040,Đất nền,11.0967072,106.5097461,NA,https://homedy.com/ban-dat-huyen-cu-chi-tp-ho-chi-minh/mat-tien-duong-so-30-tan-thong-hoicu-dang-can-gap-gia-cuc-tot-550-trieu-thuong-luong-es3193888,https://homedy.com/ban-dat-huyen-cu-chi-tp-ho-chi-minh/mat-tien-duong-so-30-tan-thong-hoicu-dang-can-gap-gia-cuc-tot-550-trieu-thuong-luong-es3193888,2026-05-20,2026-06-07 01:13:45.361434,NA,550,3666666.6666666665,1,0
homedy,ban,homedy_3193186,3193186,"Đát mặt tiền đường Hồ Văn Tắng,Tân Phú Trung,Củ Chi, 135m2 full thổ cư, thuận tiện kinh doanh.",710000000,710 Triệu,135,0,"Đường Hồ Văn Tắng - Xã Tân Phú Trung, Huyện Củ Chi, TP Hồ Chí Minh",Xã Tân Phú Trung,NA,Huyện Củ Chi,1020,Bất động sản khác,11.0967072,106.5097461,NA,https://homedy.com/ban-dat-huyen-cu-chi-tp-ho-chi-minh/mat-tien-duong-van-tangtan-phu-trungcu-135m2-full-tho-thuan-kinh-doanh-es3193186,https://homedy.com/ban-dat-huyen-cu-chi-tp-ho-chi-minh/mat-tien-duong-van-tangtan-phu-trungcu-135m2-full-tho-thuan-kinh-doanh-es3193186,2026-05-20,2026-06-07 01:13:45.361434,NA,710,5259259.259259259,1,0
homedy,ban,homedy_3193125,3193125,"Chủ Giảm 100tr bán nhanh lô đất mặt 2 tiền đường Trần Tử Bình,Tân Thông Hội,Củ Chi.Giá 975 triệu",975000000,975 Triệu,180,0,"Xã Tân Thông Hội, Huyện Củ Chi, TP Hồ Chí Minh",Xã Tân Thông Hội,NA,Huyện Củ Chi,1040,Đất nền,11.0967072,106.5097461,NA,https://homedy.com/ban-dat-huyen-cu-chi-tp-ho-chi-minh/chu-giam-100tr-nhanh-lo-mat-2-tien-duong-tran-tu-binhtan-thong-hoicu-gia-975-trieu-es3193125,https://homedy.com/ban-dat-huyen-cu-chi-tp-ho-chi-minh/chu-giam-100tr-nhanh-lo-mat-2-tien-duong-tran-tu-binhtan-thong-hoicu-gia-975-trieu-es3193125,2026-05-20,2026-06-07 01:13:45.361434,NA,975,5416666.666666667,1,0
homedy,ban,homedy_3193347,3193347,"Đầu năm chủ lì xì 100tr bán nhanh lô đất mặt tiền đường Cao Thị Bèo,Phước Hiệp,Củ Chi. 550 triệu",550000000,550 Triệu,150,0,"Đường Cao Thị Bèo - Xã Phước Hiệp, Huyện Củ Chi, TP Hồ Chí Minh",Xã Phước Hiệp,NA,Huyện Củ Chi,1040,Đất nền,11.0967072,106.5097461,NA,https://homedy.com/ban-dat-huyen-cu-chi-tp-ho-chi-minh/dau-nam-chu-li-xi-100tr-nhanh-lo-mat-tien-duong-cao-thi-beophuoc-hiepcu-550-trieu-es3193347,https://homedy.com/ban-dat-huyen-cu-chi-tp-ho-chi-minh/dau-nam-chu-li-xi-100tr-nhanh-lo-mat-tien-duong-cao-thi-beophuoc-hiepcu-550-trieu-es3193347,2026-05-20,2026-06-07 01:13:45.361434,NA,550,3666666.6666666665,1,0
homedy,ban,homedy_3193076,3193076,"Đầu năm chủ đất lì xì 50 triệu cho lô góc 2 mặt tiền 210m2 Cực Đẹp,Nguyễn Văn Hoài,Thị Trấn Củ Chi",820000000,820 Triệu,210,0,"Đường Nguyễn Văn Hoài - Thị trấn Củ Chi, Huyện Củ Chi, TP Hồ Chí Minh",Thị trấn Củ Chi,NA,Huyện Củ Chi,1040,Đất nền,10.4848831,107.2135356,NA,https://homedy.com/ban-dat-huyen-cu-chi-tp-ho-chi-minh/dau-nam-chu-li-xi-50-trieu-cho-lo-goc-2-mat-tien-210m2-cuc-depnguyen-van-hoaithi-tran-es3193076,https://homedy.com/ban-dat-huyen-cu-chi-tp-ho-chi-minh/dau-nam-chu-li-xi-50-trieu-cho-lo-goc-2-mat-tien-210m2-cuc-depnguyen-van-hoaithi-tran-es3193076,2026-05-20,2026-06-07 01:13:45.361434,NA,820,3904761.904761905,1,0
homedy,ban,homedy_3204077,3204077,"Kẹt Tiền Bán Gấp Nhà BThạnh, DT 35m2 Giá 1ty480, SHR",1480000000,"1,48 Tỷ",35,0,"Đường Xô Viết Nghệ Tĩnh - Phường 19, Quận Bình Thạnh, TP Hồ Chí Minh",Phường 19,NA,Quận Bình Thạnh,1020,Nhà phố,NA,NA,NA,https://homedy.com/ban-nha-rieng-quan-binh-thanh-tp-ho-chi-minh/ket-tien-gap-bthanh-dt-35m2-gia-1ty480-shr-es3204077,https://homedy.com/ban-nha-rieng-quan-binh-thanh-tp-ho-chi-minh/ket-tien-gap-bthanh-dt-35m2-gia-1ty480-shr-es3204077,2026-05-03,2026-06-07 01:13:45.361434,NA,1480,42285714.28571428,0,0
homedy,ban,homedy_3204074,3204074,"Bán gấp nhà Lương Ngọc Quyến, 1tỷ450 38m2, 1T 2L, SHR",1450000000,"1,45 Tỷ",38,3,"Đường Lương Ngọc Quyến - Phường 13, Quận Bình Thạnh, TP Hồ Chí Minh",Phường 13,NA,Quận Bình Thạnh,1020,Nhà phố,10.8263833,106.7061889,NA,https://homedy.com/ban-nha-rieng-quan-binh-thanh-tp-ho-chi-minh/gap-luong-ngoc-quyen-1ty450-38m2-1t-2l-shr-es3204074,https://homedy.com/ban-nha-rieng-quan-binh-thanh-tp-ho-chi-minh/gap-luong-ngoc-quyen-1ty450-38m2-1t-2l-shr-es3204074,2026-05-03,2026-06-07 01:13:45.361434,NA,1450,38157894.7368421,1,0
homedy,ban,homedy_3202106,3202106,"Bán nhà đường Liên Khu 5-6, 2pn, 2 toilet, 1 phòng thờ, Quận Bình Tân",1700000000,"1,7 Tỷ",44,2,"Đường Liên khu 5-6 - Phường Bình Hưng Hòa B, Quận Bình Tân, TP Hồ Chí Minh",Phường Bình Hưng Hòa B,NA,Quận Bình Tân,1020,Nhà phố,10.7704159,106.5995401,NA,https://homedy.com/ban-nha-rieng-quan-binh-tan-tp-ho-chi-minh/duong-lien-khu-5-6-2pn-2-toilet-1-phong-tho-es3202106,https://homedy.com/ban-nha-rieng-quan-binh-tan-tp-ho-chi-minh/duong-lien-khu-5-6-2pn-2-toilet-1-phong-tho-es3202106,2026-05-20,2026-06-07 01:13:45.361434,NA,1700,38636363.63636363,1,0
homedy,ban,homedy_3206845,3206845,"Bán nhà mặt tiền Linh Xuân Thủ Đức, 81m2, 6,8 tỷ.",6700000000,"6,7 Tỷ",81,3,"Phường Linh Xuân - Thành phố Thủ Đức, TP Hồ Chí Minh",Phường Linh Xuân - Thành phố Thủ Đức,NA,Thành phố Thủ Đức,1020,Nhà phố,10.8642912,106.7620398,NA,https://homedy.com/ban-nha-mat-pho-thanh-pho-thu-duc-tp-ho-chi-minh/tien-linh-xuan-81m2-68-ty-es3206845,https://homedy.com/ban-nha-mat-pho-thanh-pho-thu-duc-tp-ho-chi-minh/tien-linh-xuan-81m2-68-ty-es3206845,2026-05-20,2026-06-07 01:13:45.361434,NA,6700,82716049.38271604,1,0
homedy,ban,homedy_3206806,3206806,"Chủ nhà cần bán gấp nhà đường Hoàng Diệu, quận 4-giá 650tr, sổ riêng, hẻm xe hơi",650000000,650 Triệu,58,3,"Đường Hoàng Diệu - Phường 12, Quận 4, TP Hồ Chí Minh",Phường 12,NA,Quận 4,1020,Nhà phố,10.8305173,106.6157456,NA,https://homedy.com/ban-nha-rieng-quan-4-tp-ho-chi-minh/chu-can-gap-duong-hoang-dieu-gia-650tr-so-hem-xe-hoi-es3206806,https://homedy.com/ban-nha-rieng-quan-4-tp-ho-chi-minh/chu-can-gap-duong-hoang-dieu-gia-650tr-so-hem-xe-hoi-es3206806,2026-05-19,2026-06-07 01:13:45.361434,NA,650,11206896.551724138,1,0
homedy,ban,homedy_3206805,3206805,"Li dị chia tài sản bán nhà đường Bông Sao, quận 8, dt 65m2-sổ hồng riêng- giá bán 985tr",985000000,985 Triệu,65,0,"Đường Bông Sao - Phường 5, Quận 8, TP Hồ Chí Minh",Phường 5,NA,Quận 8,1020,Nhà phố,10.7421366,106.666184,NA,https://homedy.com/ban-nha-rieng-quan-8-tp-ho-chi-minh/li-di-chia-tai-san-duong-bong-sao-dt-65m2-so-hong-gia-985tr-es3206805,https://homedy.com/ban-nha-rieng-quan-8-tp-ho-chi-minh/li-di-chia-tai-san-duong-bong-sao-dt-65m2-so-hong-gia-985tr-es3206805,2026-05-19,2026-06-07 01:13:45.361434,NA,985,15153846.153846154,1,0
homedy,ban,homedy_3206790,3206790,Chính Chủ Cần Bán Nhà Gò Vấp Làm Việc Trực Tiếp Thương Lượng Tốt,8500000000,"8,5 Tỷ",57.9,0,"Đường Phạm Văn Chiêu - Phường 14, Quận Gò Vấp, TP Hồ Chí Minh",Phường 14,NA,Quận Gò Vấp,1020,Nhà phố,10.8353538,106.6740337,NA,https://homedy.com/ban-nha-rieng-quan-go-vap-tp-ho-chi-minh/chinh-chu-can-lam-viec-truc-tiep-thuong-luong-tot-es3206790,https://homedy.com/ban-nha-rieng-quan-go-vap-tp-ho-chi-minh/chinh-chu-can-lam-viec-truc-tiep-thuong-luong-tot-es3206790,2026-05-19,2026-06-07 01:13:45.361434,NA,8500,146804835.9240069,1,0
homedy,ban,homedy_3206794,3206794,"Giảm 1ty Tôi bán nhanh 3lau mặt tiền Phạm Hùng,Q8,5.5x17m,KD ngay,17ty",17000000000,17 Tỷ,88,0,"Đường Phạm Hùng - Phường 10, Quận 8, TP Hồ Chí Minh",Phường 10,NA,Quận 8,1020,Bất động sản khác,10.7171219,106.6295254,NA,https://homedy.com/ban-nha-mat-pho-quan-8-tp-ho-chi-minh/giam-1ty-toi-nhanh-3lau-tien-pham-hungq85-5x17mkd-ngay17ty-es3206794,https://homedy.com/ban-nha-mat-pho-quan-8-tp-ho-chi-minh/giam-1ty-toi-nhanh-3lau-tien-pham-hungq85-5x17mkd-ngay17ty-es3206794,2026-05-19,2026-06-07 01:13:45.361434,NA,17000,193181818.1818182,1,0
homedy,ban,homedy_3206217,3206217,"Cần bán gấp căn 1PN Carillon Tân Bình, full nội thất, gần Metro và ga T3, giá 2,69 tỷ pháp lý đủ!!!",2690000000,"2,69 Tỷ",35,1,"Đường Hoàng Hoa Thám, Phường 13, Quận Tân Bình, TP Hồ Chí Minh",Phường 13,NA,Quận Tân Bình,1020,Bất động sản khác,10.8051259,106.6467818,NA,https://homedy.com/ban-can-ho-carillon-3/gap-1pn-tan-binh-full-noi-that-gan-metro-va-ga-t3-gia-269-ty-phap-ly-du-es3206217,https://homedy.com/ban-can-ho-carillon-3/gap-1pn-tan-binh-full-noi-that-gan-metro-va-ga-t3-gia-269-ty-phap-ly-du-es3206217,2026-05-15,2026-06-07 01:13:45.361434,NA,2690,76857142.85714285,1,0
homedy,ban,homedy_3206758,3206758,"Li dị bán gấp hxh nhà đường Sư Vạn Hạnh, quận 10-dt 68m2, sổ hồng riêng, giá bán 1,55 tỷ",1550000000,"1,55 Tỷ",68,0,"Phường 10 - Quận 10, TP Hồ Chí Minh",Phường 10 - Quận 10,NA,Quận 10,1020,Nhà phố,10.7613705,106.7054859,NA,https://homedy.com/ban-nha-rieng-quan-10-tp-ho-chi-minh/li-di-gap-hxh-duong-su-van-hanh-dt-68m2-so-hong-gia-155-ty-es3206758,https://homedy.com/ban-nha-rieng-quan-10-tp-ho-chi-minh/li-di-gap-hxh-duong-su-van-hanh-dt-68m2-so-hong-gia-155-ty-es3206758,2026-05-19,2026-06-07 01:13:45.361434,NA,1550,22794117.647058822,1,0
homedy,ban,homedy_3206749,3206749,"CẦN bán gấp đất đẹp, đường trần vân giàu, sổ hồng riêng, 110m2, giá 2 tỷ 300 Tr",2300000000,"2,3 Tỷ",110,0,"Đường Trần Văn Giàu - Xã Phạm Văn Hai, Huyện Bình Chánh, TP Hồ Chí Minh",Xã Phạm Văn Hai,NA,Huyện Bình Chánh,1040,Đất nền,10.6950833,106.5909297,NA,https://homedy.com/ban-dat-huyen-binh-chanh-tp-ho-chi-minh/can-gap-dep-duong-tran-van-giau-so-hong-rieng-110m2-gia-2-ty-300-tr-es3206749,https://homedy.com/ban-dat-huyen-binh-chanh-tp-ho-chi-minh/can-gap-dep-duong-tran-van-giau-so-hong-rieng-110m2-gia-2-ty-300-tr-es3206749,2026-05-19,2026-06-07 01:13:45.361434,NA,2300,20909090.90909091,1,0
homedy,ban,homedy_3206751,3206751,"Kẹt nợ bán gấp nhà trả nợ-dt 64m2 đường Nguyễn Văn Luông, quận 6-giá 875tr-sổ riêng",875000000,875 Triệu,64,0,"Đường Nguyễn Văn Luông - Phường 12, Quận 6, TP Hồ Chí Minh",Phường 12,NA,Quận 6,1020,Nhà phố,10.7507286,106.630413,NA,https://homedy.com/ban-nha-rieng-quan-6-tp-ho-chi-minh/ket-no-gap-tra-dt-64m2-duong-nguyen-van-luong-gia-875tr-so-es3206751,https://homedy.com/ban-nha-rieng-quan-6-tp-ho-chi-minh/ket-no-gap-tra-dt-64m2-duong-nguyen-van-luong-gia-875tr-so-es3206751,2026-05-19,2026-06-07 01:13:45.361434,NA,875,13671875,1,0
homedy,ban,homedy_1490985,1490985,"Hiệp Thành Buildings 2 phòng ngủ lô C giá rẻ 1.7 tỷ 56-96m2, mặt tiền Lê Văn Khương",1700000000,"1,7 Tỷ",56,1,"Đường Lê Văn Khương, Phường Hiệp Thành, Quận 12, TP Hồ Chí Minh",Phường Hiệp Thành,NA,Quận 12,1050,Phòng/Cho thuê,10.8893322,106.6452701,NA,https://homedy.com/ban-can-ho-hiep-thanh-buildings/2-phong-ngu-lo-c-gia-re-1-7-ty-56-96m2-mat-tien-le-van-khuong-es1490985,https://homedy.com/ban-can-ho-hiep-thanh-buildings/2-phong-ngu-lo-c-gia-re-1-7-ty-56-96m2-mat-tien-le-van-khuong-es1490985,2026-02-24,2026-06-07 01:13:45.361434,NA,1700,30357142.85714286,1,0
homedy,ban,homedy_3206725,3206725,"Bán nhà góc 2 mặt tiền Vườn Lài, Tân Phú, 230m2, ngang 14.5m, HĐT 100tr/th, giá 42 tỷ",42000000000,42 Tỷ,230,0,"Đường Vườn Lài - Phường Tân Thành, Quận Tân Phú, TP Hồ Chí Minh",Phường Tân Thành,NA,Quận Tân Phú,1020,Nhà phố,10.7607702,106.6313858,NA,https://homedy.com/ban-nha-rieng-quan-tan-phu-tp-ho-chi-minh/goc-2-mat-tien-vuon-lai-230m2-ngang-14-5m-hdt-100tr-th-gia-42-ty-es3206725,https://homedy.com/ban-nha-rieng-quan-tan-phu-tp-ho-chi-minh/goc-2-mat-tien-vuon-lai-230m2-ngang-14-5m-hdt-100tr-th-gia-42-ty-es3206725,2026-05-19,2026-06-07 01:13:45.361434,NA,42000,182608695.6521739,1,0
homedy,ban,homedy_3206717,3206717,"Bán nhà cấp 4 xây móng băng kiên cố mặt tiền 20m đường Số 3, Xã Hiệp Phước, Nhà Bè",5500000000,"5,5 Tỷ",80,1,"Đường Số 3 - Xã Long Thới, Huyện Nhà Bè, TP Hồ Chí Minh",Xã Long Thới,NA,Huyện Nhà Bè,1020,Nhà phố,10.6510014,106.7258641,NA,https://homedy.com/ban-nha-rieng-huyen-nha-be-tp-ho-chi-minh/cap-4-xay-mong-bang-kien-co-mat-tien-20m-duong-so-3-xa-hiep-phuoc-es3206717,https://homedy.com/ban-nha-rieng-huyen-nha-be-tp-ho-chi-minh/cap-4-xay-mong-bang-kien-co-mat-tien-20m-duong-so-3-xa-hiep-phuoc-es3206717,2026-05-19,2026-06-07 01:13:45.361434,NA,5500,68750000,1,0
homedy,thue,homedy_3205923,3205923,"Chính Chủ Cho thuê văn phòng (16-40m2) ngay Trung Tâm Triển Lãm Tân Bình, Ngã 4 Bảy Hiền.",7000000,3 - 7 Triệu/tháng,16,0,"Đường Xuân Hồng - Phường 12, Quận Tân Bình, TP Hồ Chí Minh",Phường 12,NA,Quận Tân Bình,1050,Phòng/Cho thuê,10.8030699,106.6522252,NA,https://homedy.com/cho-thue-van-phong-quan-tan-binh-tp-ho-chi-minh/chinh-chu-16-40m2-ngay-trung-tam-trien-lam-nga-4-bay-hien-es3205923,https://homedy.com/cho-thue-van-phong-quan-tan-binh-tp-ho-chi-minh/chinh-chu-16-40m2-ngay-trung-tam-trien-lam-nga-4-bay-hien-es3205923,2026-05-13,2026-06-07 01:13:45.361434,NA,7,437500,1,1
homedy,thue,homedy_3205858,3205858,Cho thuê Vinhomes Central Park. Căn hộ: 1 - 2 - 3 - 4 Phòng ngủ. LH: 0908132054,55000000,18 - 55 Triệu/tháng,53,1,"Đường Điện Biên Phủ, Phường 22, Quận Bình Thạnh, TP Hồ Chí Minh",Phường 22,NA,Quận Bình Thạnh,1010,Căn hộ,10.7944850921631,106.722618103027,NA,https://homedy.com/cho-thue-can-ho-khu-do-thi-vinhomes-central-park/1-2-3-4-phong-ngu-lh-0908132054-es3205858,https://homedy.com/cho-thue-can-ho-khu-do-thi-vinhomes-central-park/1-2-3-4-phong-ngu-lh-0908132054-es3205858,2026-05-13,2026-06-07 01:13:45.361434,NA,55,1037735.8490566037,1,1
homedy,thue,homedy_3202452,3202452,"Cho thuê Studio 40m2, 1 PN, Full nội thất, 5tr3/tháng !!!",5300000,"5,3 Triệu/tháng",40,1,"Đường Trương Phước Phan - Phường Bình Trị Đông, Quận Bình Tân, TP Hồ Chí Minh",Phường Bình Trị Đông,NA,Quận Bình Tân,1010,Căn hộ,10.7704159,106.5995401,NA,https://homedy.com/cho-thue-nha-tro-phong-tro-quan-binh-tan-tp-ho-chi-minh/studio-40m2-1-pn-full-noi-that-5tr3-thang-es3202452,https://homedy.com/cho-thue-nha-tro-phong-tro-quan-binh-tan-tp-ho-chi-minh/studio-40m2-1-pn-full-noi-that-5tr3-thang-es3202452,2026-04-21,2026-06-07 01:13:45.361434,NA,5.3,132500,1,1
homedy,thue,homedy_3205686,3205686,Cho Thuê 1PN Sunwah Pearl NTCB Giá TỐT Nhất Thị Trường,17000000,17 Triệu/tháng,55,0,"Đường Nguyễn Hữu Cảnh, Phường 22, Quận Bình Thạnh, TP Hồ Chí Minh",Phường 22,NA,Quận Bình Thạnh,1030,Bất động sản khác,10.789637639162493,106.71770721534426,NA,https://homedy.com/cho-thue-can-ho-sunwah-pearl/1pn-ntcb-gia-tot-nhat-thi-truong-es3205686,https://homedy.com/cho-thue-can-ho-sunwah-pearl/1pn-ntcb-gia-tot-nhat-thi-truong-es3205686,2026-05-12,2026-06-07 01:13:45.361434,NA,17,309090.9090909091,1,1
homedy,thue,homedy_3205659,3205659,"Cho thuê đất mặt tiền 178 Lê Quang Định, Bình Thạnh – Vị trí đẹp, phù hợp KD đa ngành nghề.",120000000,120 Triệu/tháng,400,0,"Đường Lê Quang Định - Phường 14, Quận Bình Thạnh, TP Hồ Chí Minh",Phường 14,NA,Quận Bình Thạnh,1040,Đất nền,10.8187622,106.7068282,NA,https://homedy.com/cho-thue-dat-mat-tien-178-le-quang-dinh-binh-thanh-vi-tri-dep-phu-hop-kd-da-nganh-nghe-es3205659,https://homedy.com/cho-thue-dat-mat-tien-178-le-quang-dinh-binh-thanh-vi-tri-dep-phu-hop-kd-da-nganh-nghe-es3205659,2026-05-12,2026-06-07 01:13:45.361434,NA,120,300000,1,1
homedy,thue,homedy_3205629,3205629,"Cho thuê căn hộ Hoàng Anh Gold House, 2 phòng ngủ, nội thất, view đẹp, giá 10 triệu/tháng",10000000,10 Triệu/tháng,96,2,"Đường Nguyễn Hữu Thọ, Xã Phước Kiển, Huyện Nhà Bè, TP Hồ Chí Minh",Xã Phước Kiển,NA,Huyện Nhà Bè,1010,Căn hộ,10.713727898299696,106.70466681772996,NA,https://homedy.com/cho-thue-can-ho-hoang-anh-gold-house/2-phong-ngu-noi-that-view-dep-gia-10-trieu-thang-es3205629,https://homedy.com/cho-thue-can-ho-hoang-anh-gold-house/2-phong-ngu-noi-that-view-dep-gia-10-trieu-thang-es3205629,2026-05-12,2026-06-07 01:13:45.361434,NA,10,104166.66666666667,1,1
homedy,thue,homedy_791686,791686,"Căn hộ chung cư mới EHome S Mizuki Park Nguyễn Văn Linh, 2PN 1PN, Ban Công, Công Viên, Từ 5triệu",7000000,5 - 7 Triệu/tháng,40,2,"Đường Nguyễn Văn Linh, Xã Bình Hưng, Huyện Bình Chánh, TP Hồ Chí Minh",Xã Bình Hưng,NA,Huyện Bình Chánh,1010,Căn hộ,10.728504,106.6920507,NA,https://homedy.com/cho-thue-can-ho-mizuki-city/chung-cu-moi-ehome-s-park-nguyen-van-linh-2pn-1pn-ban-cong-vien-tu-5trieu-es791686,https://homedy.com/cho-thue-can-ho-mizuki-city/chung-cu-moi-ehome-s-park-nguyen-van-linh-2pn-1pn-ban-cong-vien-tu-5trieu-es791686,2026-05-11,2026-06-07 01:13:45.361434,NA,7,175000,1,1
homedy,thue,homedy_1915030,1915030,"Biêt Thự VALORA FuJi Nam Long, Đỗ Xuân Hợp Liên Phường, Full Nội Thất Mới, Sân Vườn, 15 Phút Về Q1",26000000,26 Triệu/tháng,263,4,"Phường Phước Long A, Quận 9, TP Hồ Chí Minh",Phường Phước Long A,NA,Thành phố Thủ Đức,1040,Đất nền,10.8063168,106.7784645,NA,https://homedy.com/cho-thue-nha-biet-thu-lien-ke-valora-fuji/nam-long-do-xuan-hop-phuong-full-noi-that-moi-san-vuon-15-phut-ve-q1-es1915030,https://homedy.com/cho-thue-nha-biet-thu-lien-ke-valora-fuji/nam-long-do-xuan-hop-phuong-full-noi-that-moi-san-vuon-15-phut-ve-q1-es1915030,2026-05-11,2026-06-07 01:13:45.361434,NA,26,98859.31558935362,1,1
homedy,thue,homedy_1385863,1385863,Cho thuê căn hộ Mizuki Park liền kề Q7 - TP.HCM giá 8tr-12tr/tháng 2PN2WC,12000000,8 - 12 Triệu/tháng,58,2,"Đường Nguyễn Văn Linh, Xã Bình Hưng, Huyện Bình Chánh, TP Hồ Chí Minh",Xã Bình Hưng,NA,Quận 7,1010,Căn hộ,NA,NA,NA,https://homedy.com/cho-thue-can-ho-mizuki-city/park-lien-ke-q7-tp-hcm-gia-8tr-12tr-thang-2pn2wc-es1385863,https://homedy.com/cho-thue-can-ho-mizuki-city/park-lien-ke-q7-tp-hcm-gia-8tr-12tr-thang-2pn2wc-es1385863,2026-05-11,2026-06-07 01:13:45.361434,NA,12,206896.55172413794,0,1
homedy,thue,homedy_3205472,3205472,"Cho thuê villa Thảo Điền, gần 1000m², hồ bơi + sân vườn đẹp, 2 tầng, giá $7,000/th",184000000,184 Triệu/tháng,1000,0,"Đường Nguyễn Văn Hưởng - Phường Thảo Điền, Quận 2, TP Hồ Chí Minh",Phường Thảo Điền,NA,Thành phố Thủ Đức,1040,Đất nền,10.8160433,106.7282586,NA,https://homedy.com/cho-thue-nha-biet-thu-lien-ke-quan-2-tp-ho-chi-minh/villa-thao-dien-gan-1000m-boi-san-vuon-dep-tang-gia-7000-th-es3205472,https://homedy.com/cho-thue-nha-biet-thu-lien-ke-quan-2-tp-ho-chi-minh/villa-thao-dien-gan-1000m-boi-san-vuon-dep-tang-gia-7000-th-es3205472,2026-05-11,2026-06-07 01:13:45.361434,NA,184,184000,1,1
homedy,thue,homedy_3205424,3205424,"Cho thuê tòa văn phòng Nguyễn Hữu Cảnh, 8 tầng, diện tích lớn, 450tr/tháng",450000000,450 Triệu/tháng,500,0,"Đường Nguyễn Hữu Cảnh - Phường 25, Quận Bình Thạnh, TP Hồ Chí Minh",Phường 25,NA,Quận Bình Thạnh,1050,Phòng/Cho thuê,10.7987615,106.7208459,NA,https://homedy.com/cho-thue-van-phong-quan-binh-thanh-tp-ho-chi-minh/toa-nguyen-huu-canh-8-tang-dien-tich-lon-450tr-thang-es3205424,https://homedy.com/cho-thue-van-phong-quan-binh-thanh-tp-ho-chi-minh/toa-nguyen-huu-canh-8-tang-dien-tich-lon-450tr-thang-es3205424,2026-05-11,2026-06-07 01:13:45.361434,NA,450,900000,1,1
homedy,thue,homedy_3200176,3200176,D'edge Thảo Điền | Cho Thuê 2PN View Sông - Đầy Đủ Nội Thất,39000000,39 Triệu/tháng,90,0,"Đường Nguyễn Văn Hưởng, Phường Thảo Điền, Quận 2, TP Hồ Chí Minh",Phường Thảo Điền,NA,Thành phố Thủ Đức,1030,Bất động sản khác,10.8160433,106.7282586,NA,https://homedy.com/cho-thue-can-ho-dedge-capitaland-thao-dien/2pn-view-song-day-du-noi-that-es3200176,https://homedy.com/cho-thue-can-ho-dedge-capitaland-thao-dien/2pn-view-song-day-du-noi-that-es3200176,2026-05-11,2026-06-07 01:13:45.361434,NA,39,433333.3333333333,1,1
homedy,thue,homedy_3205354,3205354,"Chung cư Ngô Gia Tự, Hòa Hảo ( Q10 cũ) 80m2-2p ngủ-12tr",12000000,12 Triệu/tháng,80,0,"Phường 2, Quận 10, TP Hồ Chí Minh",Phường 2,NA,Quận 10,1010,Căn hộ,10.7200745,106.728637,NA,https://homedy.com/cho-thue-can-ho-chung-cu-ngo-gia-tu/hoa-hao-q10-80m2-2p-ngu-12tr-es3205354,https://homedy.com/cho-thue-can-ho-chung-cu-ngo-gia-tu/hoa-hao-q10-80m2-2p-ngu-12tr-es3205354,2026-05-10,2026-06-07 01:13:45.361434,NA,12,150000,1,1
homedy,thue,homedy_3205350,3205350,"C/c Kim Tâm Hải đường Trường Chinh căn 1p ngủ, nội thất,giá 6,5tr",6500000,"6,5 Triệu/tháng",50,0,"Đường Trường Chinh, Phường Tân Thới Nhất, Quận 12, TP Hồ Chí Minh",Phường Tân Thới Nhất,NA,Quận 12,1030,Bất động sản khác,10.830249786377,106.62292480468795,NA,https://homedy.com/cho-thue-can-ho-kim-tam-hai-apartment/c-duong-truong-chinh-1p-ngu-noi-thatgia-65tr-es3205350,https://homedy.com/cho-thue-can-ho-kim-tam-hai-apartment/c-duong-truong-chinh-1p-ngu-noi-thatgia-65tr-es3205350,2026-05-10,2026-06-07 01:13:45.361434,NA,6.5,130000,1,1
homedy,thue,homedy_3205348,3205348,"C/c Nguyễn Phúc Nguyên cho thuê căn 2p ngủ giá 12,5tr",12500000,"12,5 Triệu/tháng",83,0,"Đường Nguyễn Phúc Nguyên, Phường 10, Quận 3, TP Hồ Chí Minh",Phường 10,NA,Quận 3,1030,Bất động sản khác,10.7807474136353,106.67889404296898,NA,https://homedy.com/cho-thue-can-ho-nguyen-phuc-nguyen/c-2p-ngu-gia-125tr-es3205348,https://homedy.com/cho-thue-can-ho-nguyen-phuc-nguyen/c-2p-ngu-gia-125tr-es3205348,2026-05-10,2026-06-07 01:13:45.361434,NA,12.5,150602.4096385542,1,1
homedy,thue,homedy_3205338,3205338,"Chung cư Screc, 974A Trường Sa, Q3: 2p ngủ, NTCB, 12tr, 80m2",12000000,12 Triệu/tháng,80,0,"Đường Trường Sa, Phường 12, Quận 3, TP Hồ Chí Minh",Phường 12,NA,Quận 3,1010,Căn hộ,10.7882342,106.68300650000003,NA,https://homedy.com/cho-thue-can-ho-screc-tower/chung-cu-974a-truong-sa-q3-2p-ngu-ntcb-12tr-80m2-es3205338,https://homedy.com/cho-thue-can-ho-screc-tower/chung-cu-974a-truong-sa-q3-2p-ngu-ntcb-12tr-80m2-es3205338,2026-05-10,2026-06-07 01:13:45.361434,NA,12,150000,1,1
homedy,thue,homedy_3205266,3205266,Cho thuê nhà 3 tầng ( thoáng mát - rộng rãi - an ninh ),25000000,25 Triệu/tháng,150,5,"Đường Cộng Hòa - Phường 4, Quận Tân Bình, TP Hồ Chí Minh",Phường 4,NA,Quận Tân Bình,1030,Nhà phố,10.8124764,106.6675031,NA,https://homedy.com/cho-thue-nha-rieng-quan-tan-binh-tp-ho-chi-minh/3-tang-thoang-mat-rong-rai-an-ninh-es3205266,https://homedy.com/cho-thue-nha-rieng-quan-tan-binh-tp-ho-chi-minh/3-tang-thoang-mat-rong-rai-an-ninh-es3205266,2026-05-09,2026-06-07 01:13:45.361434,NA,25,166666.66666666666,1,1
homedy,thue,homedy_3205250,3205250,"Nhà Mặt Tiền đường Nguyễn Sơn, p Phú Thạnh cần cho thuê",160000000,160 Triệu/tháng,304,0,"Đường Nguyễn Sơn - Phường Phú Thạnh, Quận Tân Phú, TP Hồ Chí Minh",Phường Phú Thạnh,NA,Quận Tân Phú,1030,Nhà phố,10.7607701,106.6313858,NA,https://homedy.com/cho-thue-nha-mat-pho-quan-tan-phu-tp-ho-chi-minh/tien-duong-nguyen-son-p-thanh-can-es3205250,https://homedy.com/cho-thue-nha-mat-pho-quan-tan-phu-tp-ho-chi-minh/tien-duong-nguyen-son-p-thanh-can-es3205250,2026-05-09,2026-06-07 01:13:45.361434,NA,160,526315.7894736842,1,1
homedy,thue,homedy_3205219,3205219,"PN Techcons,Hoa sứ, cho thuê căn 2 phòng, 90m2,nội thất, 16tr/th",16000000,16 Triệu/tháng,90,0,"Đường Hoa Sứ, Phường 7, Quận Phú Nhuận, TP Hồ Chí Minh",Phường 7,NA,Quận Phú Nhuận,1050,Phòng/Cho thuê,10.7989577,106.68889339999998,NA,https://homedy.com/cho-thue-can-ho-pn-techcons/techconshoa-su-2-phong-90m2noi-that-16tr-th-es3205219,https://homedy.com/cho-thue-can-ho-pn-techcons/techconshoa-su-2-phong-90m2noi-that-16tr-th-es3205219,2026-05-09,2026-06-07 01:13:45.361434,NA,16,177777.77777777778,1,1
homedy,thue,homedy_3061945,3061945,"Cho thuê phòng trọ mơi 100%, Bình Thành, Quận Bình Tân",2700000,"2,7 Triệu/tháng",20,0,"Đường Bình Thành - Phường Bình Hưng Hòa B, Quận Bình Tân, TP Hồ Chí Minh",Phường Bình Hưng Hòa B,NA,Quận Bình Thạnh,1050,Phòng/Cho thuê,10.8140623,106.5866639,NA,https://homedy.com/cho-thue-nha-tro-phong-tro-quan-binh-tan-tp-ho-chi-minh/moi-100-thanh-es3061945,https://homedy.com/cho-thue-nha-tro-phong-tro-quan-binh-tan-tp-ho-chi-minh/moi-100-thanh-es3061945,2026-05-09,2026-06-07 01:13:45.361434,NA,2.7,135000,1,1
homedy,thue,homedy_2841282,2841282,"Thật % Cho thuê căn hộ 38m2 1Pn EVErRICH Infinity Q.5, 12Triệu",12000000,12 Triệu/tháng,38,1,"Đường An Dương Vương, Phường 4, Quận 5, TP Hồ Chí Minh",Phường 4,NA,Quận 5,1010,Căn hộ,10.760319622876947,106.68080497709047,NA,https://homedy.com/cho-thue-can-ho-the-everrich-infinity/that-38m2-1pn-q-5-12trieu-es2841282,https://homedy.com/cho-thue-can-ho-the-everrich-infinity/that-38m2-1pn-q-5-12trieu-es2841282,2026-05-09,2026-06-07 01:13:45.361434,NA,12,315789.4736842105,1,1
homedy,thue,homedy_3205053,3205053,"Cho thuê căn hộ Idico-khu C: 2p ngủ, 2wc, có đủ nội thất, 10,5tr/th",105000000,105 Triệu/tháng,74,0,"Đường Lũy Bán Bích, Phường Hòa Thạnh, Quận Tân Phú, TP Hồ Chí Minh",Phường Hòa Thạnh,NA,Quận Tân Phú,1010,Căn hộ,10.7900517,106.62819009999998,NA,https://homedy.com/cho-thue-can-ho-tan-phu-idico/khu-c-2p-ngu-2wc-co-du-noi-that-105tr-th-es3205053,https://homedy.com/cho-thue-can-ho-tan-phu-idico/khu-c-2p-ngu-2wc-co-du-noi-that-105tr-th-es3205053,2026-05-08,2026-06-07 01:13:45.361434,NA,105,1418918.9189189188,1,1
homedy,thue,homedy_3204884,3204884,"Cho Thuê Căn Góc 3PN 2WC, Hoàng Anh Gia Lai 2, Quận 7",10500000,"10,5 Triệu/tháng",100,3,"Phường Tân Hưng, Quận 7, TP Hồ Chí Minh",Phường Tân Hưng,NA,Quận 7,1030,Bất động sản khác,10.751291,106.70238999999992,NA,https://homedy.com/cho-thue-can-ho-hoang-anh-gia-lai-2/goc-3pn-2wc-quan-7-es3204884,https://homedy.com/cho-thue-can-ho-hoang-anh-gia-lai-2/goc-3pn-2wc-quan-7-es3204884,2026-05-07,2026-06-07 01:13:45.361434,NA,10.5,105000,1,1
homedy,thue,homedy_3204861,3204861,"Chung cư Screc, 974A Trường Sa, Q3: 95m2, 14 triệu, 3p ngủ",14000000,14 Triệu/tháng,95,0,"Đường Trường Sa, Phường 12, Quận 3, TP Hồ Chí Minh",Phường 12,NA,Quận 3,1010,Căn hộ,10.7882342,106.68300650000003,NA,https://homedy.com/cho-thue-can-ho-screc-tower/chung-cu-974a-truong-sa-q3-95m2-14-trieu-3p-ngu-es3204861,https://homedy.com/cho-thue-can-ho-screc-tower/chung-cu-974a-truong-sa-q3-95m2-14-trieu-3p-ngu-es3204861,2026-05-07,2026-06-07 01:13:45.361434,NA,14,147368.42105263157,1,1
homedy,thue,homedy_3204842,3204842,"Căn hộ chung cư Nguyễn Phúc Nguyên 3p ngủ, 2wc giá 14,5tr/th",14500000,"14,5 Triệu/tháng",105,0,"Đường Nguyễn Phúc Nguyên, Phường 10, Quận 3, TP Hồ Chí Minh",Phường 10,NA,Quận 3,1010,Căn hộ,10.7807474136353,106.67889404296898,NA,https://homedy.com/cho-thue-can-ho-nguyen-phuc-nguyen/chung-cu-3p-ngu-2wc-gia-145tr-th-es3204842,https://homedy.com/cho-thue-can-ho-nguyen-phuc-nguyen/chung-cu-3p-ngu-2wc-gia-145tr-th-es3204842,2026-05-07,2026-06-07 01:13:45.361434,NA,14.5,138095.2380952381,1,1
homedy,thue,homedy_3204818,3204818,"Phòng Trọ Cho Thuê Tại Quận 3 - Sạch Sẽ Thoáng Mát, Giờ Giấc Tự Do Tại Hoàng Sa",4000000,4 Triệu/tháng,30,0,"Đường Hoàng Sa - Phường 9, Quận 3, TP Hồ Chí Minh",Phường 9,NA,Quận 3,1050,Phòng/Cho thuê,10.7788914,106.6869967,NA,https://homedy.com/cho-thue-nha-tro-phong-tro-quan-3-tp-ho-chi-minh/tai-sach-se-thoang-mat-gio-giac-tu-do-hoang-sa-es3204818,https://homedy.com/cho-thue-nha-tro-phong-tro-quan-3-tp-ho-chi-minh/tai-sach-se-thoang-mat-gio-giac-tu-do-hoang-sa-es3204818,2026-05-07,2026-06-07 01:13:45.361434,NA,4,133333.33333333334,1,1
homedy,thue,homedy_3204792,3204792,"Cho thuê 2PN Newtown Apartment full nội thất đẹp, nhận nhà đầu tháng",11500000,"11,5 Triệu/tháng",93,3,"Đường 18, Phường Hiệp Bình Chánh, Thành phố Thủ Đức, TP Hồ Chí Minh",Phường Hiệp Bình Chánh,NA,Thành phố Thủ Đức,1030,Nhà phố,10.824013710022,106.71964263915991,NA,https://homedy.com/cho-thue-can-ho-newtown-apartment/2pn-full-noi-that-dep-nhan-nha-dau-thang-es3204792,https://homedy.com/cho-thue-can-ho-newtown-apartment/2pn-full-noi-that-dep-nhan-nha-dau-thang-es3204792,2026-05-07,2026-06-07 01:13:45.361434,NA,11.5,123655.91397849462,1,1
homedy,thue,homedy_3072905,3072905,"Cho thuê căn hộ, dịch vụ, giờ giấc tự do, không chung chủ, Quận Bình Tân",3000000,3 Triệu/tháng,20,0,"Đường Lê Trọng Tấn - Phường Bình Hưng Hòa, Quận Bình Tân, TP Hồ Chí Minh",Phường Bình Hưng Hòa,NA,Quận Bình Tân,1010,Căn hộ,10.813751781515505,106.60676690036615,NA,https://homedy.com/cho-thue-can-ho-dich-vu-quan-binh-tan-tp-ho-chi-minh/gio-giac-tu-do-khong-chung-chu-es3072905,https://homedy.com/cho-thue-can-ho-dich-vu-quan-binh-tan-tp-ho-chi-minh/gio-giac-tu-do-khong-chung-chu-es3072905,2026-05-07,2026-06-07 01:13:45.361434,NA,3,150000,1,1
homedy,thue,homedy_3204710,3204710,"C/c Kim Tâm Hải ,Trường Chinh cho thuê căn 2p ngủ giá 7,5tr",7500000,"7,5 Triệu/tháng",57,0,"Đường Trường Chinh, Phường Tân Thới Nhất, Quận 12, TP Hồ Chí Minh",Phường Tân Thới Nhất,NA,Quận 12,1030,Bất động sản khác,10.830249786377,106.62292480468795,NA,https://homedy.com/cho-thue-can-ho-kim-tam-hai-apartment/c-truong-chinh-2p-ngu-gia-75tr-es3204710,https://homedy.com/cho-thue-can-ho-kim-tam-hai-apartment/c-truong-chinh-2p-ngu-gia-75tr-es3204710,2026-05-06,2026-06-07 01:13:45.361434,NA,7.5,131578.94736842104,1,1
homedy,thue,homedy_2015151,2015151,Cho thuê căn hộ quận Bình Tân - TP Hồ Chí Minh giá 7tr - 12tr/tháng,12000000,7 - 12 Triệu/tháng,56,2,"Đường Võ Văn Kiệt, Phường An Lạc, Quận Bình Tân, TP Hồ Chí Minh",Phường An Lạc,NA,Quận Bình Tân,1010,Căn hộ,10.7262057,106.6200243,NA,https://homedy.com/cho-thue-can-ho-akari-city/quan-binh-tan-tp-chi-minh-gia-7tr-12tr-thang-es2015151,https://homedy.com/cho-thue-can-ho-akari-city/quan-binh-tan-tp-chi-minh-gia-7tr-12tr-thang-es2015151,2026-05-06,2026-06-07 01:13:45.361434,NA,12,214285.7142857143,1,1
homedy,thue,homedy_2762992,2762992,Cho thuê căn hộ Ehome trong khu Mizuki Park 7tr/tháng có nội thất,7000000,7 Triệu/tháng,50,1,"Đường Nguyễn Văn Linh, Xã Bình Hưng, Huyện Bình Chánh, TP Hồ Chí Minh",Xã Bình Hưng,NA,Huyện Bình Chánh,1010,Căn hộ,10.724417149392298,106.6690762675812,NA,https://homedy.com/cho-thue-can-ho-ehomes-nam-sai-gon/ehome-trong-khu-mizuki-park-7tr-thang-co-noi-that-es2762992,https://homedy.com/cho-thue-can-ho-ehomes-nam-sai-gon/ehome-trong-khu-mizuki-park-7tr-thang-co-noi-that-es2762992,2026-05-06,2026-06-07 01:13:45.361434,NA,7,140000,1,1
homedy,thue,homedy_3204637,3204637,"Cho thuê 2PN Mỹ An 73m tầng trung hướng Nam, đủ nội thất",10000000,10 Triệu/tháng,73,2,"Đường 19, Phường Hiệp Bình Chánh, Thành phố Thủ Đức, TP Hồ Chí Minh",Phường Hiệp Bình Chánh,NA,Thành phố Thủ Đức,1030,Bất động sản khác,10.8257026672363,106.72133636474598,NA,https://homedy.com/cho-thue-can-ho-my-an-3g/2pn-73m-tang-trung-huong-nam-du-noi-that-es3204637,https://homedy.com/cho-thue-can-ho-my-an-3g/2pn-73m-tang-trung-huong-nam-du-noi-that-es3204637,2026-05-06,2026-06-07 01:13:45.361434,NA,10,136986.301369863,1,1
homedy,thue,homedy_3204545,3204545,Cho thuê căn hộ cao cấp The Gold View 3PN giá tốt 2026,30000000,30 Triệu/tháng,117,3,"Đường Bến Vân Đồn, Phường 1, Quận 4, TP Hồ Chí Minh",Phường 1,NA,Quận 4,1010,Căn hộ,10.756477200817445,106.6917922496799,NA,https://homedy.com/cho-thue-can-ho-the-gold-view/cao-cap-3pn-gia-tot-2026-es3204545,https://homedy.com/cho-thue-can-ho-the-gold-view/cao-cap-3pn-gia-tot-2026-es3204545,2026-05-05,2026-06-07 01:13:45.361434,NA,30,256410.2564102564,1,1
homedy,thue,homedy_3204468,3204468,"Giá 13tr/th, C/c Richstar Tân Phú, Hoà Bình: 67m2, ban công, 2p ngủ, Nhà mới.",13000000,13 Triệu/tháng,67,2,"Đường Hòa Bình, Phường Hiệp Tân, Quận Tân Phú, TP Hồ Chí Minh",Phường Hiệp Tân,NA,Quận Tân Phú,1030,Nhà phố,10.772631963529168,106.62678552142644,NA,https://homedy.com/cho-thue-can-ho-richstar/gia-13tr-th-c-tan-phu-hoa-binh-67m2-ban-cong-2p-ngu-nha-moi-es3204468,https://homedy.com/cho-thue-can-ho-richstar/gia-13tr-th-c-tan-phu-hoa-binh-67m2-ban-cong-2p-ngu-nha-moi-es3204468,2026-05-05,2026-06-07 01:13:45.361434,NA,13,194029.85074626867,1,1
homedy,thue,homedy_3204437,3204437,"Giá 11tr/th, C/c Carillon 2, Trịnh Đình Thảo, TP, 75m2, 2PN, 2WC, Bancong.",11000000,11 Triệu/tháng,75,2,"Đường Trịnh Đình Thảo, Phường Hòa Thạnh, Quận Tân Phú, TP Hồ Chí Minh",Phường Hòa Thạnh,NA,Quận Tân Phú,1030,Bất động sản khác,10.775609262604412,106.634106397629,NA,https://homedy.com/cho-thue-can-ho-carillon-2/gia-11tr-th-c-trinh-dinh-thao-tp-75m2-2pn-2wc-bancong-es3204437,https://homedy.com/cho-thue-can-ho-carillon-2/gia-11tr-th-c-trinh-dinh-thao-tp-75m2-2pn-2wc-bancong-es3204437,2026-05-05,2026-06-07 01:13:45.361434,NA,11,146666.66666666666,1,1
homedy,thue,homedy_3204404,3204404,"C/c Phú Thạnh,Nguyễn Sơn, TP:110m2, 2p ngủ,2wc, 10tr/th.",10000000,10 Triệu/tháng,110,2,"Đường Nguyễn Sơn, Phường Phú Thạnh, Quận Tân Phú, TP Hồ Chí Minh",Phường Phú Thạnh,NA,Quận Tân Phú,1030,Bất động sản khác,10.779728020559624,106.63126564025856,NA,https://homedy.com/cho-thue-can-ho-phu-thanh-apartment/c-thanhnguyen-son-tp110m2-2p-ngu2wc-10tr-th-es3204404,https://homedy.com/cho-thue-can-ho-phu-thanh-apartment/c-thanhnguyen-son-tp110m2-2p-ngu2wc-10tr-th-es3204404,2026-05-05,2026-06-07 01:13:45.361434,NA,10,90909.09090909091,1,1
homedy,thue,homedy_3204284,3204284,"Chung cư Sơn Kỳ 2, DC 13, TP: 2p ngủ, NTCB, 65m2, 8tr/th",8000000,8 Triệu/tháng,65,2,"Đường CC5, Phường Sơn Kỳ, Quận Tân Phú, TP Hồ Chí Minh",Phường Sơn Kỳ,NA,Quận Tân Phú,1010,Căn hộ,10.8090653,106.60809399999994,NA,https://homedy.com/cho-thue-can-ho-tani-building-son-ky-2/chung-cu-dc-13-tp-2p-ngu-ntcb-65m2-8tr-th-es3204284,https://homedy.com/cho-thue-can-ho-tani-building-son-ky-2/chung-cu-dc-13-tp-2p-ngu-ntcb-65m2-8tr-th-es3204284,2026-05-04,2026-06-07 01:13:45.361434,NA,8,123076.92307692308,1,1
homedy,thue,homedy_3204278,3204278,"C/c Sơn Kì 2, ngay Aone Mall Tân Phú căn 2p ngủ 78m2 giá 8tr/th",8000000,8 Triệu/tháng,78,0,"Đường CC5, Phường Sơn Kỳ, Quận Tân Phú, TP Hồ Chí Minh",Phường Sơn Kỳ,NA,Quận Tân Phú,1030,Bất động sản khác,10.8090653,106.60809399999994,NA,https://homedy.com/cho-thue-can-ho-tani-building-son-ky-2/c-ki-ngay-aone-mall-tan-phu-2p-ngu-78m2-gia-8tr-th-es3204278,https://homedy.com/cho-thue-can-ho-tani-building-son-ky-2/c-ki-ngay-aone-mall-tan-phu-2p-ngu-78m2-gia-8tr-th-es3204278,2026-05-04,2026-06-07 01:13:45.361434,NA,8,102564.10256410256,1,1
homedy,thue,homedy_3204257,3204257,"Phú Thạnh- Nguyễn Sơn : Rộng 93m2, 2p ngủ, đủ nội thất,giá 10tr5/th",10500000,"10,5 Triệu/tháng",93,0,"Đường Nguyễn Sơn, Phường Phú Thạnh, Quận Tân Phú, TP Hồ Chí Minh",Phường Phú Thạnh,NA,Quận Tân Phú,1030,Bất động sản khác,10.779728020559624,106.63126564025856,NA,https://homedy.com/cho-thue-can-ho-phu-thanh-apartment/nguyen-son-rong-93m2-2p-ngu-du-noi-thatgia-10tr5-th-es3204257,https://homedy.com/cho-thue-can-ho-phu-thanh-apartment/nguyen-son-rong-93m2-2p-ngu-du-noi-thatgia-10tr5-th-es3204257,2026-05-04,2026-06-07 01:13:45.361434,NA,10.5,112903.2258064516,1,1
homedy,thue,homedy_3204251,3204251,"77m2, Căn góc, 2PN, 2WC, C/c Hoa Sen, Lạc Long Quân giá 10tr5/th.",10500000,"10,5 Triệu/tháng",77,2,"Đường Lạc Long Quân, Phường 10, Quận 11, TP Hồ Chí Minh",Phường 10,NA,Quận 11,1030,Bất động sản khác,10.7589861,106.64124809999998,NA,https://homedy.com/cho-thue-can-ho-khu-can-ho-hoa-sen-lotus-apartment/77m2-goc-2pn-2wc-c-lac-long-quan-gia-10tr5-th-es3204251,https://homedy.com/cho-thue-can-ho-khu-can-ho-hoa-sen-lotus-apartment/77m2-goc-2pn-2wc-c-lac-long-quan-gia-10tr5-th-es3204251,2026-05-04,2026-06-07 01:13:45.361434,NA,10.5,136363.63636363635,1,1
homedy,thue,homedy_3204223,3204223,Cho thuê căn hộ hạng sạng - DEFINE | Full nội thất - Sân vườn riêng - Thang máy riêng,120000000,120 Triệu/tháng,220,3,"Phường Thạnh Mỹ Lợi, Quận 2, TP Hồ Chí Minh",Phường Thạnh Mỹ Lợi,NA,Thành phố Thủ Đức,1010,Căn hộ,10.7707318,106.7702559,NA,https://homedy.com/cho-thue-can-ho-define/hang-sang-full-noi-that-san-vuon-rieng-thang-may-es3204223,https://homedy.com/cho-thue-can-ho-define/hang-sang-full-noi-that-san-vuon-rieng-thang-may-es3204223,2026-05-04,2026-06-07 01:13:45.361434,NA,120,545454.5454545454,1,1
homedy,thue,homedy_3204192,3204192,"C/c Ruby Garden, Nguyễn Sỹ Sách, TB: 125m2, 3PN, 3WC, Nhà sạch, Full nt, 13tr/th.",13000000,13 Triệu/tháng,125,3,"Đường Nguyễn Sỹ Sách, Phường 15, Quận Tân Bình, TP Hồ Chí Minh",Phường 15,NA,Quận Tân Bình,1030,Nhà phố,10.8181822,106.63029819999996,NA,https://homedy.com/cho-thue-can-ho-ruby-garden/c-nguyen-sy-sach-tb-125m2-3pn-3wc-nha-full-nt-13tr-th-es3204192,https://homedy.com/cho-thue-can-ho-ruby-garden/c-nguyen-sy-sach-tb-125m2-3pn-3wc-nha-full-nt-13tr-th-es3204192,2026-05-04,2026-06-07 01:13:45.361434,NA,13,104000,1,1
homedy,thue,homedy_3204189,3204189,Cho thuê căn hộ cao cấp River Panorama Quận 7 - View đẹp,14500000,"14,5 Triệu/tháng",65,2,"Đường Đào Trí, Phường Phú Thuận, Quận 7, TP Hồ Chí Minh",Phường Phú Thuận,NA,Quận 7,1010,Căn hộ,10.71464471891473,106.73993704303052,NA,https://homedy.com/cho-thue-can-ho-river-panorama/cao-cap-quan-7-view-dep-es3204189,https://homedy.com/cho-thue-can-ho-river-panorama/cao-cap-quan-7-view-dep-es3204189,2026-05-04,2026-06-07 01:13:45.361434,NA,14.5,223076.92307692306,1,1
homedy,thue,homedy_3204188,3204188,Cho thuê căn 2p ngủ C/c Hoa sen- Lạc Long Quân giá 11tr/th,11000000,11 Triệu/tháng,71,0,"Đường Lạc Long Quân, Phường 10, Quận 11, TP Hồ Chí Minh",Phường 10,NA,Quận 11,1030,Bất động sản khác,10.7589861,106.64124809999998,NA,https://homedy.com/cho-thue-can-ho-khu-can-ho-hoa-sen-lotus-apartment/2p-ngu-c-lac-long-quan-gia-11tr-th-es3204188,https://homedy.com/cho-thue-can-ho-khu-can-ho-hoa-sen-lotus-apartment/2p-ngu-c-lac-long-quan-gia-11tr-th-es3204188,2026-05-04,2026-06-07 01:13:45.361434,NA,11,154929.57746478874,1,1
homedy,thue,homedy_3204180,3204180,"Ruby Garden, Nguyễn Sỹ Sách, 110m2, 3PN, 2WC, Nội thất, 13tr/th, CGoc",13000000,13 Triệu/tháng,130,3,"Đường Nguyễn Sỹ Sách, Phường 15, Quận Tân Bình, TP Hồ Chí Minh",Phường 15,NA,Quận Tân Bình,1030,Bất động sản khác,10.8181822,106.63029819999996,NA,https://homedy.com/cho-thue-can-ho-ruby-garden/nguyen-sy-sach-110m2-3pn-2wc-noi-that-13tr-th-cgoc-es3204180,https://homedy.com/cho-thue-can-ho-ruby-garden/nguyen-sy-sach-110m2-3pn-2wc-noi-that-13tr-th-cgoc-es3204180,2026-05-04,2026-06-07 01:13:45.361434,NA,13,100000,1,1
homedy,thue,homedy_3204179,3204179,"Căn 2p ngủ C/c 8X-Trường CHinh, NTCC, giá 7,5tr/th",7500000,"7,5 Triệu/tháng",55,2,"Đường Trường Chinh, Phường Tân Thới Nhất, Quận 12, TP Hồ Chí Minh",Phường Tân Thới Nhất,NA,Quận 12,1030,Bất động sản khác,10.7942194,106.65648039999996,NA,https://homedy.com/cho-thue-can-ho-8x-plus/2p-ngu-c-truong-chinh-ntcc-gia-75tr-th-es3204179,https://homedy.com/cho-thue-can-ho-8x-plus/2p-ngu-c-truong-chinh-ntcc-gia-75tr-th-es3204179,2026-05-04,2026-06-07 01:13:45.361434,NA,7.5,136363.63636363635,1,1
homedy,thue,homedy_3204171,3204171,"C/c Kim Hồng, Vườn Lài, TP: 68m2, 2p ngủ, 8tr/th, Nhà sạch, NT.",8000000,8 Triệu/tháng,68,2,"Đường Vườn Lài, Phường Phú Thọ Hòa, Quận Tân Phú, TP Hồ Chí Minh",Phường Phú Thọ Hòa,NA,Quận Tân Phú,1030,Nhà phố,10.787721881504927,106.62669110475464,NA,https://homedy.com/cho-thue-can-ho-fortuna-vuon-lai/c-kim-hong-tp-68m2-2p-ngu-8tr-th-nha-sach-nt-es3204171,https://homedy.com/cho-thue-can-ho-fortuna-vuon-lai/c-kim-hong-tp-68m2-2p-ngu-8tr-th-nha-sach-nt-es3204171,2026-05-04,2026-06-07 01:13:45.361434,NA,8,117647.05882352941,1,1
homedy,thue,homedy_3121959,3121959,"Cho thuê căn hộ mini full nội thất, giá 3,2 triệu, quận Bình Tân",3200000,"3,2 Triệu/tháng",30,0,"Đường Hồ Văn Long - Phường Bình Hưng Hòa B, Quận Bình Tân, TP Hồ Chí Minh",Phường Bình Hưng Hòa B,NA,Quận Bình Tân,1010,Căn hộ,10.818039517741475,106.59821187774412,NA,https://homedy.com/cho-thue-can-ho-dich-vu-quan-binh-tan-tp-ho-chi-minh/mini-full-noi-that-gia-32-trieu-es3121959,https://homedy.com/cho-thue-can-ho-dich-vu-quan-binh-tan-tp-ho-chi-minh/mini-full-noi-that-gia-32-trieu-es3121959,2026-05-04,2026-06-07 01:13:45.361434,NA,3.2,106666.66666666667,1,1
homedy,thue,homedy_3204069,3204069,"Chung cư Moscow, cầu Tham Lương , Q12: 2p ngủ, 60m2, 7,5tr, full NT",7500000,"7,5 Triệu/tháng",60,0,"Đường Tân Thới Nhất 17, Phường Tân Thới Nhất, Quận 12, TP Hồ Chí Minh",Phường Tân Thới Nhất,NA,Quận 12,1010,Căn hộ,10.8228607177734,106.62487030029295,NA,https://homedy.com/cho-thue-can-ho-khu-chung-cu-moscow-tower/cau-tham-luong-q12-2p-ngu-60m2-75tr-full-nt-es3204069,https://homedy.com/cho-thue-can-ho-khu-chung-cu-moscow-tower/cau-tham-luong-q12-2p-ngu-60m2-75tr-full-nt-es3204069,2026-05-03,2026-06-07 01:13:45.361434,NA,7.5,125000,1,1
homedy,thue,homedy_3203896,3203896,"Cho thuê Nhà nguyên căn Nguyễn Văn Khối, 4pn, 5wc, 16 triệu / tháng. Nhà hướng Đông Nam",17000000,16 - 17 Triệu/tháng,182,4,"Đường Nguyễn Văn Khối - Phường 8, Quận Gò Vấp, TP Hồ Chí Minh",Phường 8,NA,Quận Gò Vấp,1030,Nhà phố,10.8353538,106.6740337,NA,https://homedy.com/cho-thue-nha-rieng-quan-go-vap-tp-ho-chi-minh/nguyen-can-van-khoi-4pn-5wc-16-trieu-thang-huong-dong-nam-es3203896,https://homedy.com/cho-thue-nha-rieng-quan-go-vap-tp-ho-chi-minh/nguyen-can-van-khoi-4pn-5wc-16-trieu-thang-huong-dong-nam-es3203896,2026-05-01,2026-06-07 01:13:45.361434,NA,17,93406.59340659341,1,1
homedy,thue,homedy_3021022,3021022,Phòng Ở Ghép Khu Dân Cư Cao Cấp Gần Khu Công Nghệ Cao TP.Thủ Đức.,1200000,"1,2 Triệu/tháng",100,0,"Đường Bưng Ông Thoàn, Phường Phú Hữu, Quận 9, TP Hồ Chí Minh",Phường Phú Hữu,NA,Thành phố Thủ Đức,1050,Phòng/Cho thuê,10.807650051686746,106.80099485941616,NA,https://homedy.com/cho-thue-nha-tro-phong-tro-khu-dan-cu-cao-cap-park-riverside/o-ghep-gan-cong-nghe-tp-thu-duc-es3021022,https://homedy.com/cho-thue-nha-tro-phong-tro-khu-dan-cu-cao-cap-park-riverside/o-ghep-gan-cong-nghe-tp-thu-duc-es3021022,2026-04-30,2026-06-07 01:13:45.361434,NA,1.2,12000,1,1
homedy,thue,homedy_3054741,3054741,Phòng ở ghép cho nam Vinhomes Grand Park thành phố Thủ Đức.,1800000,"1,8 Triệu/tháng",68,0,"Đường Nguyễn Xiển, Phường Long Thạnh Mỹ, Quận 9, TP Hồ Chí Minh",Phường Long Thạnh Mỹ,NA,Thành phố Thủ Đức,1050,Phòng/Cho thuê,10.840752715087312,106.83791680163564,NA,https://homedy.com/cho-thue-nha-tro-phong-tro-vinhomes-grand-park/o-ghep-nam-thanh-pho-thu-duc-es3054741,https://homedy.com/cho-thue-nha-tro-phong-tro-vinhomes-grand-park/o-ghep-nam-thanh-pho-thu-duc-es3054741,2026-04-30,2026-06-07 01:13:45.361434,NA,1.8,26470.58823529412,1,1
homedy,thue,homedy_3203769,3203769,"Cho thuê căn Penthouse Tropic Garden Thảo Điền, 4PN, 370m2, có sân vườn",105000000,105 Triệu/tháng,370,4,"Đường 66, Phường Thảo Điền, Quận 2, TP Hồ Chí Minh",Phường Thảo Điền,NA,Thành phố Thủ Đức,1040,Đất nền,10.813884456365823,106.72774839401256,NA,https://homedy.com/cho-thue-can-ho-tropic-garden/penthouse-thao-dien-4pn-370m2-co-san-vuon-es3203769,https://homedy.com/cho-thue-can-ho-tropic-garden/penthouse-thao-dien-4pn-370m2-co-san-vuon-es3203769,2026-04-29,2026-06-07 01:13:45.361434,NA,105,283783.7837837838,1,1
homedy,thue,homedy_3203761,3203761,"Cho thuê biệt thự Thảo Điền 800m², 2 tầng, 5PN, hồ bơi riêng, $5500/th",145000000,145 Triệu/tháng,800,5,"Phường Thảo Điền, Quận 2, TP Hồ Chí Minh",Phường Thảo Điền,NA,Thành phố Thủ Đức,1030,Nhà phố,10.8160433,106.7282586,NA,https://homedy.com/cho-thue-nha-biet-thu-lien-ke-quan-2-tp-ho-chi-minh/thao-dien-800m-tang-5pn-boi-rieng-5500-th-es3203761,https://homedy.com/cho-thue-nha-biet-thu-lien-ke-quan-2-tp-ho-chi-minh/thao-dien-800m-tang-5pn-boi-rieng-5500-th-es3203761,2026-04-29,2026-06-07 01:13:45.361434,NA,145,181250,1,1
homedy,thue,homedy_3203754,3203754,"Cho thuê căn hộ Xi Riverview Palace tầng trung, 145m2, full nội thất, 3PN",65700000,"65,7 Triệu/tháng",145,3,"Đường Thảo Điền, Phường Thảo Điền, Quận 2, TP Hồ Chí Minh",Phường Thảo Điền,NA,Thành phố Thủ Đức,1010,Căn hộ,10.802910485966729,106.7276542240204,NA,https://homedy.com/cho-thue-can-ho-xi-riverview-palace/tang-trung-145m2-full-noi-that-3pn-es3203754,https://homedy.com/cho-thue-can-ho-xi-riverview-palace/tang-trung-145m2-full-noi-that-3pn-es3203754,2026-04-29,2026-06-07 01:13:45.361434,NA,65.7,453103.4482758621,1,1
homedy,thue,homedy_3203606,3203606,"10tr/th, C/c Screc, 55m2, 1PN, 1WC, Nội Thất, Trường Sa, Q3, Nhà mới.",10000000,10 Triệu/tháng,55,1,"Đường Trường Sa, Phường 12, Quận 3, TP Hồ Chí Minh",Phường 12,NA,Quận 3,1030,Nhà phố,10.7882342,106.68300650000003,NA,https://homedy.com/cho-thue-can-ho-screc-tower/10tr-th-c-55m2-1pn-1wc-noi-that-truong-sa-q3-nha-moi-es3203606,https://homedy.com/cho-thue-can-ho-screc-tower/10tr-th-c-55m2-1pn-1wc-noi-that-truong-sa-q3-nha-moi-es3203606,2026-04-28,2026-06-07 01:13:45.361434,NA,10,181818.18181818182,1,1
homedy,thue,homedy_3203589,3203589,"Chung cư Carillon 2, Trịnh Đình Thảo, TP: 2p ngủ, 75m2, nhà mới, 10tr5",10500000,"10,5 Triệu/tháng",75,2,"Đường Trịnh Đình Thảo, Phường Hòa Thạnh, Quận Tân Phú, TP Hồ Chí Minh",Phường Hòa Thạnh,NA,Quận Tân Phú,1010,Căn hộ,10.775609262604412,106.634106397629,NA,https://homedy.com/cho-thue-can-ho-carillon-2/chung-cu-trinh-dinh-thao-tp-2p-ngu-75m2-nha-moi-10tr5-es3203589,https://homedy.com/cho-thue-can-ho-carillon-2/chung-cu-trinh-dinh-thao-tp-2p-ngu-75m2-nha-moi-10tr5-es3203589,2026-04-28,2026-06-07 01:13:45.361434,NA,10.5,140000,1,1
homedy,thue,homedy_3200174,3200174,D'edge Thảo Điền | Cho Thuê 2PN NTCB View Landmark Giá TỐT,31000000,31 Triệu/tháng,90,0,"Đường Nguyễn Văn Hưởng, Phường Thảo Điền, Quận 2, TP Hồ Chí Minh",Phường Thảo Điền,NA,Thành phố Thủ Đức,1030,Bất động sản khác,10.8160433,106.7282586,NA,https://homedy.com/cho-thue-can-ho-dedge-capitaland-thao-dien/2pn-ntcb-view-landmark-gia-tot-es3200174,https://homedy.com/cho-thue-can-ho-dedge-capitaland-thao-dien/2pn-ntcb-view-landmark-gia-tot-es3200174,2026-04-28,2026-06-07 01:13:45.361434,NA,31,344444.44444444444,1,1
homedy,thue,homedy_3203567,3203567,"Căn 2p ngủ rộng 76m2-C/c carilon 2- ban công, nội thất 10tr5/th",10500000,"10,5 Triệu/tháng",76,0,"Đường Trịnh Đình Thảo, Phường Hòa Thạnh, Quận Tân Phú, TP Hồ Chí Minh",Phường Hòa Thạnh,NA,Quận Tân Phú,1030,Bất động sản khác,10.775609262604412,106.634106397629,NA,https://homedy.com/cho-thue-can-ho-carillon-2/2p-ngu-rong-76m2-c-carilon-ban-cong-noi-that-10tr5-th-es3203567,https://homedy.com/cho-thue-can-ho-carillon-2/2p-ngu-rong-76m2-c-carilon-ban-cong-noi-that-10tr5-th-es3203567,2026-04-28,2026-06-07 01:13:45.361434,NA,10.5,138157.8947368421,1,1
homedy,thue,homedy_3203548,3203548,"Chung cư Celadon, Tân Thắng, TP: 120m2, 3p ngủ, 14tr, full NT",14000000,14 Triệu/tháng,120,0,"Đường Tân Thắng, Phường Sơn Kỳ, Quận Tân Phú, TP Hồ Chí Minh",Phường Sơn Kỳ,NA,Quận Tân Phú,1010,Căn hộ,10.8036413192749,106.61608886718795,NA,https://homedy.com/cho-thue-can-ho-khu-do-thi-celadon-city/chung-cu-tan-thang-tp-120m2-3p-ngu-14tr-full-nt-es3203548,https://homedy.com/cho-thue-can-ho-khu-do-thi-celadon-city/chung-cu-tan-thang-tp-120m2-3p-ngu-14tr-full-nt-es3203548,2026-04-28,2026-06-07 01:13:45.361434,NA,14,116666.66666666667,1,1
homedy,thue,homedy_3203538,3203538,"Ruby Garden- Nguyễn Sỹ Sách, 110m2, 3PN, 3WC, Nội thất mới, 13tr/th.",13000000,13 Triệu/tháng,120,3,"Đường Nguyễn Sỹ Sách, Phường 15, Quận Tân Bình, TP Hồ Chí Minh",Phường 15,NA,Quận Tân Bình,1030,Bất động sản khác,10.8181822,106.63029819999996,NA,https://homedy.com/cho-thue-can-ho-ruby-garden/nguyen-sy-sach-110m2-3pn-3wc-noi-that-moi-13tr-th-es3203538,https://homedy.com/cho-thue-can-ho-ruby-garden/nguyen-sy-sach-110m2-3pn-3wc-noi-that-moi-13tr-th-es3203538,2026-04-28,2026-06-07 01:13:45.361434,NA,13,108333.33333333333,1,1
homedy,thue,homedy_3203531,3203531,"C/c Carillon 2, Trịnh Đình Thảo, TP: 2p ngủ, 2WC, 70m2, 10tr5/th, NT.",1050000,"1,05 Triệu/tháng",70,2,"Đường Trịnh Đình Thảo, Phường Hòa Thạnh, Quận Tân Phú, TP Hồ Chí Minh",Phường Hòa Thạnh,NA,Quận Tân Phú,1030,Bất động sản khác,10.775609262604412,106.634106397629,NA,https://homedy.com/cho-thue-can-ho-carillon-2/c-trinh-dinh-thao-tp-2p-ngu-2wc-70m2-10tr5-th-nt-es3203531,https://homedy.com/cho-thue-can-ho-carillon-2/c-trinh-dinh-thao-tp-2p-ngu-2wc-70m2-10tr5-th-nt-es3203531,2026-04-28,2026-06-07 01:13:45.361434,NA,1.05,15000,1,1
homedy,thue,homedy_3203529,3203529,"Chung cư Ruby, Nguyễn Sỹ Sách, TP: 3p ngủ 125m2, NT đầy đủ, 13,5tr",13500000,"13,5 Triệu/tháng",125,0,"Đường Nguyễn Sỹ Sách, Phường 15, Quận Tân Bình, TP Hồ Chí Minh",Phường 15,NA,Quận Tân Bình,1010,Căn hộ,10.8181822,106.63029819999996,NA,https://homedy.com/cho-thue-can-ho-ruby-garden/chung-cu-nguyen-sy-sach-tp-3p-ngu-125m2-nt-day-du-135tr-es3203529,https://homedy.com/cho-thue-can-ho-ruby-garden/chung-cu-nguyen-sy-sach-tp-3p-ngu-125m2-nt-day-du-135tr-es3203529,2026-04-28,2026-06-07 01:13:45.361434,NA,13.5,108000,1,1
homedy,thue,homedy_3203530,3203530,"Cho thuê nhà 57/28 Dương V Cam, 1 trêt 1 lầu, 2PN,2WC",5500000,"5,5 Triệu/tháng",35.8,3,"Đường Dương Văn Cam - Phường Linh Tây, Thành phố Thủ Đức, TP Hồ Chí Minh",Phường Linh Tây,NA,Thành phố Thủ Đức,1030,Nhà phố,10.8548596,106.7550342,NA,https://homedy.com/cho-thue-nha-rieng-thanh-pho-thu-duc-tp-ho-chi-minh/57-28-duong-v-cam-1-tret-lau-2pn2wc-es3203530,https://homedy.com/cho-thue-nha-rieng-thanh-pho-thu-duc-tp-ho-chi-minh/57-28-duong-v-cam-1-tret-lau-2pn2wc-es3203530,2026-04-28,2026-06-07 01:13:45.361434,NA,5.5,153631.28491620114,1,1
homedy,thue,homedy_3203535,3203535,"Căn 3p ngủ C/c Prosper - Phan Văn Hớn đủ nội thất, giá 11tr/th",11000000,11 Triệu/tháng,85,0,"Đường Phan Văn Hớn, Phường Tân Thới Nhất, Quận 12, TP Hồ Chí Minh",Phường Tân Thới Nhất,NA,Quận 12,1030,Bất động sản khác,10.83038881105261,106.61845091051214,NA,https://homedy.com/cho-thue-can-ho-prosper-plaza/3p-ngu-c-phan-van-hon-du-noi-that-gia-11tr-th-es3203535,https://homedy.com/cho-thue-can-ho-prosper-plaza/3p-ngu-c-phan-van-hon-du-noi-that-gia-11tr-th-es3203535,2026-04-28,2026-06-07 01:13:45.361434,NA,11,129411.76470588235,1,1
homedy,thue,homedy_3203527,3203527,"C/c Richstar Tân Phú, Hoà Bình, 68m2, 2PN, WC, 13tr5/th, Nhà mới.",13500000,"13,5 Triệu/tháng",68,2,"Đường Hòa Bình, Phường Hiệp Tân, Quận Tân Phú, TP Hồ Chí Minh",Phường Hiệp Tân,NA,Quận Tân Phú,1030,Nhà phố,10.772631963529168,106.62678552142644,NA,https://homedy.com/cho-thue-can-ho-richstar/c-tan-phu-hoa-binh-68m2-2pn-wc-13tr5-th-nha-moi-es3203527,https://homedy.com/cho-thue-can-ho-richstar/c-tan-phu-hoa-binh-68m2-2pn-wc-13tr5-th-nha-moi-es3203527,2026-04-28,2026-06-07 01:13:45.361434,NA,13.5,198529.41176470587,1,1
homedy,thue,homedy_3203516,3203516,"13tr5/tháng, C/c Screc, 90m2, 2PN, 2WC, Căn góc, ngay Trường Sa, Quận 3, Nhà mới",13500000,"13,5 Triệu/tháng",90,2,"Đường Trường Sa, Phường 12, Quận 3, TP Hồ Chí Minh",Phường 12,NA,Quận 3,1030,Nhà phố,10.7882342,106.68300650000003,NA,https://homedy.com/cho-thue-can-ho-screc-tower/13tr5-thang-c-90m2-2pn-2wc-goc-ngay-truong-sa-quan-3-nha-moi-es3203516,https://homedy.com/cho-thue-can-ho-screc-tower/13tr5-thang-c-90m2-2pn-2wc-goc-ngay-truong-sa-quan-3-nha-moi-es3203516,2026-04-28,2026-06-07 01:13:45.361434,NA,13.5,150000,1,1
homedy,thue,homedy_3191944,3191944,"Cho thuê, share NGUYÊN phòng căn hộ chung cư cao cấp - 3,5 triệu/tháng (NAM ở) - Free GYM, Hồ bơi",3500000,"3,5 Triệu/tháng",56,1,"Đường Võ Văn Kiệt, Phường An Lạc, Quận Bình Tân, TP Hồ Chí Minh",Phường An Lạc,NA,Quận Bình Tân,1010,Căn hộ,10.7234012,106.6134761,NA,https://homedy.com/cho-thue-can-ho-akari-city/share-nguyen-phong-chung-cu-cao-cap-35-trieu-thang-nam-o-free-gym-boi-es3191944,https://homedy.com/cho-thue-can-ho-akari-city/share-nguyen-phong-chung-cu-cao-cap-35-trieu-thang-nam-o-free-gym-boi-es3191944,2026-04-28,2026-06-07 01:13:45.361434,NA,3.5,62500,1,1
homedy,thue,homedy_3203437,3203437,"Giá 10tr5/th, Chung cư Hoa Sen, Lạc Long Quân, Q11: 73m2, 2PN, 2WC.",10500000,"10,5 Triệu/tháng",73,2,"Đường Lạc Long Quân, Phường 10, Quận 11, TP Hồ Chí Minh",Phường 10,NA,Quận 11,1010,Căn hộ,10.7589861,106.64124809999998,NA,https://homedy.com/cho-thue-can-ho-khu-can-ho-hoa-sen-lotus-apartment/gia-10tr5-th-chung-cu-lac-long-quan-q11-73m2-2pn-2wc-es3203437,https://homedy.com/cho-thue-can-ho-khu-can-ho-hoa-sen-lotus-apartment/gia-10tr5-th-chung-cu-lac-long-quan-q11-73m2-2pn-2wc-es3203437,2026-04-27,2026-06-07 01:13:45.361434,NA,10.5,143835.61643835617,1,1
homedy,thue,homedy_3203423,3203423,"Chung cư Ruby Garden, Nguyễn Sỹ Sách, Tân Bình, 87m2, 2PN, 2WC, 10tr5/th.",10500000,"10,5 Triệu/tháng",87,2,"Đường Nguyễn Sỹ Sách, Phường 15, Quận Tân Bình, TP Hồ Chí Minh",Phường 15,NA,Quận Tân Bình,1010,Căn hộ,10.8181822,106.63029819999996,NA,https://homedy.com/cho-thue-can-ho-ruby-garden/chung-cu-nguyen-sy-sach-tan-binh-87m2-2pn-2wc-10tr5-th-es3203423,https://homedy.com/cho-thue-can-ho-ruby-garden/chung-cu-nguyen-sy-sach-tan-binh-87m2-2pn-2wc-10tr5-th-es3203423,2026-04-27,2026-06-07 01:13:45.361434,NA,10.5,120689.6551724138,1,1
homedy,thue,homedy_3203419,3203419,"C/c Richstar Tân Phú, Hoà Bình: 67m2, nhà mới, ban công, 2p ngủ, 13tr, Nhà mới.",13000000,13 Triệu/tháng,67,2,"Đường Hòa Bình, Phường Hiệp Tân, Quận Tân Phú, TP Hồ Chí Minh",Phường Hiệp Tân,NA,Quận Tân Phú,1030,Nhà phố,10.772631963529168,106.62678552142644,NA,https://homedy.com/cho-thue-can-ho-richstar/c-tan-phu-hoa-binh-67m2-nha-moi-ban-cong-2p-ngu-13tr-es3203419,https://homedy.com/cho-thue-can-ho-richstar/c-tan-phu-hoa-binh-67m2-nha-moi-ban-cong-2p-ngu-13tr-es3203419,2026-04-27,2026-06-07 01:13:45.361434,NA,13,194029.85074626867,1,1
homedy,thue,homedy_3202131,3202131,Cho thuê nhà chính chủ Quận 3 - A Phong/Chị Thảo,11000000,11 Triệu/tháng,75,0,"Phường 7 - Quận 3, TP Hồ Chí Minh",Phường 7 - Quận 3,NA,Quận 3,1030,Nhà phố,10.7901958,106.688399,NA,https://homedy.com/cho-thue-nha-rieng-quan-3-tp-ho-chi-minh/chinh-chu-a-phong-thao-es3202131,https://homedy.com/cho-thue-nha-rieng-quan-3-tp-ho-chi-minh/chinh-chu-a-phong-thao-es3202131,2026-04-20,2026-06-07 01:13:45.361434,NA,11,146666.66666666666,1,1
homedy,thue,homedy_3203272,3203272,"Ruby Garden- Nguyễn Sỹ Sách, 120m2, 3PN, 3WC, Nội thất mới, 13tr/th.",13000000,13 Triệu/tháng,120,3,"Đường Nguyễn Sỹ Sách, Phường 15, Quận Tân Bình, TP Hồ Chí Minh",Phường 15,NA,Quận Tân Bình,1030,Bất động sản khác,10.8181822,106.63029819999996,NA,https://homedy.com/cho-thue-can-ho-ruby-garden/nguyen-sy-sach-120m2-3pn-3wc-noi-that-moi-13tr-th-es3203272,https://homedy.com/cho-thue-can-ho-ruby-garden/nguyen-sy-sach-120m2-3pn-3wc-noi-that-moi-13tr-th-es3203272,2026-04-26,2026-06-07 01:13:45.361434,NA,13,108333.33333333333,1,1
homedy,thue,homedy_3203269,3203269,"Chung cư Carillon 7, Lương Minh Nguyệt, TP: 78m2, 2pn, 1wc NT hiện đại, 13tr/th",13000000,13 Triệu/tháng,78,2,"Đường Lương Minh Nguyệt, Phường Tân Thới Hòa, Quận Tân Phú, TP Hồ Chí Minh",Phường Tân Thới Hòa,NA,Quận Tân Phú,1010,Căn hộ,10.760992419670536,106.63019729080736,NA,https://homedy.com/cho-thue-can-ho-carillon-7/chung-cu-luong-minh-nguyet-tp-78m2-2pn-1wc-nt-hien-dai-13tr-th-es3203269,https://homedy.com/cho-thue-can-ho-carillon-7/chung-cu-luong-minh-nguyet-tp-78m2-2pn-1wc-nt-hien-dai-13tr-th-es3203269,2026-04-26,2026-06-07 01:13:45.361434,NA,13,166666.66666666666,1,1
homedy,thue,homedy_3203260,3203260,"Chung cư Satra Eximland,Phú Nhuận:2p ngủ,2wc, NT, 16tr/th. Nhà trống",16000000,16 Triệu/tháng,90,2,"Phường 1, Quận Phú Nhuận, TP Hồ Chí Minh",Phường 1,NA,Quận Phú Nhuận,1010,Căn hộ,10.8034619,106.68961409999996,NA,https://homedy.com/cho-thue-can-ho-satra-eximland/chung-cu-eximlandphu-nhuan2p-ngu2wc-nt-16tr-th-nha-trong-es3203260,https://homedy.com/cho-thue-can-ho-satra-eximland/chung-cu-eximlandphu-nhuan2p-ngu2wc-nt-16tr-th-nha-trong-es3203260,2026-04-26,2026-06-07 01:13:45.361434,NA,16,177777.77777777778,1,1
homedy,thue,homedy_3203239,3203239,"C/c Carillon 7, Tân Thới Hoà, TP: 2p ngủ, 1wc, Nhà mới, 13tr5/th.",13500000,"13,5 Triệu/tháng",67,2,"Đường Hòa Bình, Phường Hiệp Tân, Quận Tân Phú, TP Hồ Chí Minh",Phường Hiệp Tân,NA,Quận Tân Phú,1030,Nhà phố,10.772631963529168,106.62678552142644,NA,https://homedy.com/cho-thue-can-ho-richstar/c-carillon-7-tan-thoi-hoa-tp-2p-ngu-1wc-nha-moi-13tr5-th-es3203239,https://homedy.com/cho-thue-can-ho-richstar/c-carillon-7-tan-thoi-hoa-tp-2p-ngu-1wc-nha-moi-13tr5-th-es3203239,2026-04-26,2026-06-07 01:13:45.361434,NA,13.5,201492.53731343284,1,1
homedy,thue,homedy_3203218,3203218,"Chung cư Phú Thạnh, Thoại Ngọc Hầu, TP: 3p ngủ, 95m2, 10tr/th Nội thất",10000000,10 Triệu/tháng,95,0,"Đường Nguyễn Sơn, Phường Phú Thạnh, Quận Tân Phú, TP Hồ Chí Minh",Phường Phú Thạnh,NA,Quận Tân Phú,1010,Căn hộ,10.779728020559624,106.63126564025856,NA,https://homedy.com/cho-thue-can-ho-phu-thanh-apartment/chung-cu-thoai-ngoc-hau-tp-3p-ngu-95m2-10tr-th-noi-that-es3203218,https://homedy.com/cho-thue-can-ho-phu-thanh-apartment/chung-cu-thoai-ngoc-hau-tp-3p-ngu-95m2-10tr-th-noi-that-es3203218,2026-04-26,2026-06-07 01:13:45.361434,NA,10,105263.15789473684,1,1
homedy,thue,homedy_3191421,3191421,"Cho thuê ngắn hạn Hà Đô Centrosa Q10 2-3PN, 1.3-2tr/ngày",2000000,"1,6 - 2 Triệu/tháng",86,2,"Đường 3/2, Phường 12, Quận 10, TP Hồ Chí Minh",Phường 12,NA,Quận 10,1030,Bất động sản khác,10.775024733396965,106.67910188360588,NA,https://homedy.com/cho-thue-can-ho-khu-phuc-hop-hado-centrosa-garden/ngan-han-ha-do-q10-2-3pn-1-3-2tr-ngay-es3191421,https://homedy.com/cho-thue-can-ho-khu-phuc-hop-hado-centrosa-garden/ngan-han-ha-do-q10-2-3pn-1-3-2tr-ngay-es3191421,2026-04-25,2026-06-07 01:13:45.361434,NA,2,23255.81395348837,1,1
homedy,thue,homedy_3203097,3203097,Studio 1 phòng ngủ tách bếp - Trương Phước Phan - Giá 5tr3/tháng,5300000,"5,3 Triệu/tháng",40,1,"Đường Trương Phước Phan - Phường Bình Trị Đông, Quận Bình Tân, TP Hồ Chí Minh",Phường Bình Trị Đông,NA,Quận Bình Tân,1010,Căn hộ,10.812271,106.7040393,NA,https://homedy.com/cho-thue-nha-tro-phong-tro-quan-binh-tan-tp-ho-chi-minh/studio-1-ngu-tach-bep-truong-phuoc-phan-gia-5tr3-thang-es3203097,https://homedy.com/cho-thue-nha-tro-phong-tro-quan-binh-tan-tp-ho-chi-minh/studio-1-ngu-tach-bep-truong-phuoc-phan-gia-5tr3-thang-es3203097,2026-04-25,2026-06-07 01:13:45.361434,NA,5.3,132500,1,1
homedy,thue,homedy_3203034,3203034,"C/c Phú Thạnh,Nguyễn Sơn,Tân Phú: 90m2,2p ngủ,2wc, 11tr/th, Nội thất",11000000,11 Triệu/tháng,90,0,"Đường Nguyễn Sơn, Phường Phú Thạnh, Quận Tân Phú, TP Hồ Chí Minh",Phường Phú Thạnh,NA,Quận Tân Phú,1030,Bất động sản khác,10.779728020559624,106.63126564025856,NA,https://homedy.com/cho-thue-can-ho-phu-thanh-apartment/c-thanhnguyen-sontan-90m22p-ngu2wc-11tr-th-noi-that-es3203034,https://homedy.com/cho-thue-can-ho-phu-thanh-apartment/c-thanhnguyen-sontan-90m22p-ngu2wc-11tr-th-noi-that-es3203034,2026-04-24,2026-06-07 01:13:45.361434,NA,11,122222.22222222222,1,1
homedy,thue,homedy_3203028,3203028,"Chung cư Kim Hồng, Vườn Lài, TP: 68m2, 2p ngủ, 8tr5/th, Nội thất",8500000,"8,5 Triệu/tháng",68,2,"Đường Vườn Lài, Phường Phú Thọ Hòa, Quận Tân Phú, TP Hồ Chí Minh",Phường Phú Thọ Hòa,NA,Quận Tân Phú,1010,Căn hộ,10.787721881504927,106.62669110475464,NA,https://homedy.com/cho-thue-can-ho-fortuna-vuon-lai/chung-cu-kim-hong-tp-68m2-2p-ngu-8tr5-th-noi-that-es3203028,https://homedy.com/cho-thue-can-ho-fortuna-vuon-lai/chung-cu-kim-hong-tp-68m2-2p-ngu-8tr5-th-noi-that-es3203028,2026-04-24,2026-06-07 01:13:45.361434,NA,8.5,125000,1,1
homedy,thue,homedy_3202994,3202994,"Chung cư Thái An 4,Nguyễn Văn Quá,Q12 căn 1p, NT, giá 6tr, Nội thất",6000000,6 Triệu/tháng,55,0,"Đường Nguyễn Văn Quá, Phường Đông Hưng Thuận, Quận 12, TP Hồ Chí Minh",Phường Đông Hưng Thuận,NA,Quận 12,1010,Căn hộ,10.8420757,106.63064880000002,NA,https://homedy.com/cho-thue-can-ho-thai-an-apartment/chung-cu-4nguyen-van-quaq12-1p-nt-gia-6tr-noi-that-es3202994,https://homedy.com/cho-thue-can-ho-thai-an-apartment/chung-cu-4nguyen-van-quaq12-1p-nt-gia-6tr-noi-that-es3202994,2026-04-24,2026-06-07 01:13:45.361434,NA,6,109090.90909090909,1,1
homedy,thue,homedy_3202989,3202989,"Chung cư Richstar Tân Phú, Hoà Bình: 67m2, nhà mới, ban công, 2p ngủ, 13tr",13000000,13 Triệu/tháng,67,2,"Đường Hòa Bình, Phường Hiệp Tân, Quận Tân Phú, TP Hồ Chí Minh",Phường Hiệp Tân,NA,Quận Tân Phú,1010,Căn hộ,10.772631963529168,106.62678552142644,NA,https://homedy.com/cho-thue-can-ho-richstar/chung-cu-tan-phu-hoa-binh-67m2-nha-moi-ban-cong-2p-ngu-13tr-es3202989,https://homedy.com/cho-thue-can-ho-richstar/chung-cu-tan-phu-hoa-binh-67m2-nha-moi-ban-cong-2p-ngu-13tr-es3202989,2026-04-24,2026-06-07 01:13:45.361434,NA,13,194029.85074626867,1,1
homedy,thue,homedy_3202957,3202957,"Cho thuê biệt thự ven sông tại Nguyễn Văn Hưởng, 516m2, 3 tầng, 5PN",131500000,"131,5 Triệu/tháng",516,5,"Đường Nguyễn Văn Hưởng - Phường Thảo Điền, Quận 2, TP Hồ Chí Minh",Phường Thảo Điền,NA,Thành phố Thủ Đức,1030,Nhà phố,10.8160433,106.7282586,NA,https://homedy.com/cho-thue-nha-biet-thu-lien-ke-quan-2-tp-ho-chi-minh/ven-song-tai-nguyen-van-huong-516m2-3-tang-5pn-es3202957,https://homedy.com/cho-thue-nha-biet-thu-lien-ke-quan-2-tp-ho-chi-minh/ven-song-tai-nguyen-van-huong-516m2-3-tang-5pn-es3202957,2026-04-24,2026-06-07 01:13:45.361434,NA,131.5,254844.96124031008,1,1
homedy,thue,homedy_3202943,3202943,"Chung cư Phú Thạnh, Nguyễn Sơn, TP: 97m2, 3p ngủ, 2wc, ban công, 9tr/th",9000000,9 Triệu/tháng,97,0,"Đường Nguyễn Sơn, Phường Phú Thạnh, Quận Tân Phú, TP Hồ Chí Minh",Phường Phú Thạnh,NA,Quận Tân Phú,1010,Căn hộ,10.779728020559624,106.63126564025856,NA,https://homedy.com/cho-thue-can-ho-phu-thanh-apartment/chung-cu-nguyen-son-tp-97m2-3p-ngu-2wc-ban-cong-9tr-th-es3202943,https://homedy.com/cho-thue-can-ho-phu-thanh-apartment/chung-cu-nguyen-son-tp-97m2-3p-ngu-2wc-ban-cong-9tr-th-es3202943,2026-04-24,2026-06-07 01:13:45.361434,NA,9,92783.50515463918,1,1
homedy,thue,homedy_3202940,3202940,"Giá 7tr3/tháng, C/c Khang Gia, Phan Huy Ích, GV , 2p ngủ 75m2 Bancong",7300000,"7,3 Triệu/tháng",75,2,"Đường Phan Huy Ích, Phường 14, Quận Gò Vấp, TP Hồ Chí Minh",Phường 14,NA,Quận Gò Vấp,1030,Bất động sản khác,10.8427569,106.6368599,NA,https://homedy.com/cho-thue-can-ho-khang-gia-go-vap/7tr3-thang-c-phan-huy-ich-gv-2p-ngu-75m2-bancong-es3202940,https://homedy.com/cho-thue-can-ho-khang-gia-go-vap/7tr3-thang-c-phan-huy-ich-gv-2p-ngu-75m2-bancong-es3202940,2026-04-24,2026-06-07 01:13:45.361434,NA,7.3,97333.33333333333,1,1
homedy,thue,homedy_3202834,3202834,"C/c Phú Thạnh, Nguyễn Sơn, TP: 3PN, 2WC 110m2, Căn góc, 10tr/th",10000000,10 Triệu/tháng,110,3,"Đường Nguyễn Sơn, Phường Phú Thạnh, Quận Tân Phú, TP Hồ Chí Minh",Phường Phú Thạnh,NA,Quận Tân Phú,1030,Bất động sản khác,10.779728020559624,106.63126564025856,NA,https://homedy.com/cho-thue-can-ho-phu-thanh-apartment/c-nguyen-son-tp-3pn-2wc-110m2-goc-10tr-th-es3202834,https://homedy.com/cho-thue-can-ho-phu-thanh-apartment/c-nguyen-son-tp-3pn-2wc-110m2-goc-10tr-th-es3202834,2026-04-23,2026-06-07 01:13:45.361434,NA,10,90909.09090909091,1,1
homedy,thue,homedy_3202822,3202822,"Chung cư Thái An 2, Nguyễn Văn Quá, Q12: 1p ngủ, 6tr, Nhà mới.",6000000,6 Triệu/tháng,50,1,"Đường Nguyễn Văn Quá, Phường Đông Hưng Thuận, Quận 12, TP Hồ Chí Minh",Phường Đông Hưng Thuận,NA,Quận 12,1010,Căn hộ,10.8420757,106.63064880000002,NA,https://homedy.com/cho-thue-can-ho-thai-an-apartment/chung-cu-2-nguyen-van-qua-q12-1p-ngu-6tr-nha-moi-es3202822,https://homedy.com/cho-thue-can-ho-thai-an-apartment/chung-cu-2-nguyen-van-qua-q12-1p-ngu-6tr-nha-moi-es3202822,2026-04-23,2026-06-07 01:13:45.361434,NA,6,120000,1,1
homedy,thue,homedy_3202798,3202798,"Giá 13tr5/th, C/c Mỹ Phước, Bùi Hữu Nghĩa, BT: 3p ngủ, Full NT, 95m2",13500000,"13,5 Triệu/tháng",95,3,"Đường Bùi Hữu Nghĩa, Phường 2, Quận Bình Thạnh, TP Hồ Chí Minh",Phường 2,NA,Quận Bình Thạnh,1030,Bất động sản khác,10.798673,106.6992689,NA,https://homedy.com/cho-thue-can-ho-my-phuoc/gia-13tr5-th-c-bui-huu-nghia-bt-3p-ngu-full-nt-95m2-es3202798,https://homedy.com/cho-thue-can-ho-my-phuoc/gia-13tr5-th-c-bui-huu-nghia-bt-3p-ngu-full-nt-95m2-es3202798,2026-04-23,2026-06-07 01:13:45.361434,NA,13.5,142105.26315789475,1,1
homedy,thue,homedy_3202779,3202779,"Chung cư Phú Thạnh, Nguyễn Sơn, TP: 95m2, 3p ngủ, full NT, 10tr/th",10000000,10 Triệu/tháng,95,3,"Đường Nguyễn Sơn, Phường Phú Thạnh, Quận Tân Phú, TP Hồ Chí Minh",Phường Phú Thạnh,NA,Quận Tân Phú,1010,Căn hộ,10.779728020559624,106.63126564025856,NA,https://homedy.com/cho-thue-can-ho-phu-thanh-apartment/chung-cu-nguyen-son-tp-95m2-3p-ngu-full-nt-10tr-th-es3202779,https://homedy.com/cho-thue-can-ho-phu-thanh-apartment/chung-cu-nguyen-son-tp-95m2-3p-ngu-full-nt-10tr-th-es3202779,2026-04-23,2026-06-07 01:13:45.361434,NA,10,105263.15789473684,1,1
homedy,thue,homedy_3202757,3202757,"Căn 3PN, 3WC, 120m2, C/c Ruby Garden, Nguyễn Sỹ Sách, TB, 13tr5/th.",13500000,"13,5 Triệu/tháng",120,3,"Đường Nguyễn Sỹ Sách, Phường 15, Quận Tân Bình, TP Hồ Chí Minh",Phường 15,NA,Quận Tân Bình,1030,Bất động sản khác,10.8181822,106.63029819999996,NA,https://homedy.com/cho-thue-can-ho-ruby-garden/3pn-3wc-120m2-c-nguyen-sy-sach-tb-13tr5-th-es3202757,https://homedy.com/cho-thue-can-ho-ruby-garden/3pn-3wc-120m2-c-nguyen-sy-sach-tb-13tr5-th-es3202757,2026-04-23,2026-06-07 01:13:45.361434,NA,13.5,112500,1,1
homedy,thue,homedy_3202753,3202753,"C/c Phú Thạnh,Nguyễn Sơn,Tân Phú: 117m2, 3PN, 2WC, 9tr/th. Nhà trống",9000000,9 Triệu/tháng,117,3,"Đường Nguyễn Sơn, Phường Phú Thạnh, Quận Tân Phú, TP Hồ Chí Minh",Phường Phú Thạnh,NA,Quận Tân Phú,1030,Nhà phố,10.779728020559624,106.63126564025856,NA,https://homedy.com/cho-thue-can-ho-phu-thanh-apartment/c-thanhnguyen-sontan-117m2-3pn-2wc-9tr-th-nha-trong-es3202753,https://homedy.com/cho-thue-can-ho-phu-thanh-apartment/c-thanhnguyen-sontan-117m2-3pn-2wc-9tr-th-nha-trong-es3202753,2026-04-23,2026-06-07 01:13:45.361434,NA,9,76923.07692307692,1,1
homedy,thue,homedy_3202751,3202751,"Chung cư Sơn Kì 2, Sơn Kỳ, Tân Phú, 65m2, 2PN, Nội thất, 8tr3/th, Nội thất.",8300000.000000001,"8,3 Triệu/tháng",65,2,"Đường CC5, Phường Sơn Kỳ, Quận Tân Phú, TP Hồ Chí Minh",Phường Sơn Kỳ,NA,Quận Tân Phú,1010,Căn hộ,10.8090653,106.60809399999994,NA,https://homedy.com/cho-thue-can-ho-tani-building-son-ky-2/chung-cu-ki-tan-phu-65m2-2pn-noi-that-8tr3-th-es3202751,https://homedy.com/cho-thue-can-ho-tani-building-son-ky-2/chung-cu-ki-tan-phu-65m2-2pn-noi-that-8tr3-th-es3202751,2026-04-23,2026-06-07 01:13:45.361434,NA,8.3,127692.3076923077,1,1
homedy,thue,homedy_3194522,3194522,Cho thuê Shophouse 2 tầng Orchard Parkview - Chính Chủ,314000000,314 Triệu/tháng,800,0,"Đường Hồng Hà, Phường 9, Quận Phú Nhuận, TP Hồ Chí Minh",Phường 9,NA,Quận Phú Nhuận,1030,Nhà phố,10.8097811,106.67258420000007,NA,https://homedy.com/cho-thue-nha-pho-thuong-mai-shophouse-orchard-parkview/2-tang-chinh-chu-es3194522,https://homedy.com/cho-thue-nha-pho-thuong-mai-shophouse-orchard-parkview/2-tang-chinh-chu-es3194522,2026-04-23,2026-06-07 01:13:45.361434,NA,314,392500,1,1
homedy,thue,homedy_3202750,3202750,"Cho thuê Building Đinh Bộ Lĩnh, Bình Thạnh, DT sàn 1452m2, 1 hầm + 6 tầng",250000000,250 Triệu/tháng,231,0,"Đường Đinh Bộ Lĩnh - Phường 14, Quận Bình Thạnh, TP Hồ Chí Minh",Phường 14,NA,Quận Bình Thạnh,1030,Bất động sản khác,10.8187623,106.7068282,NA,https://homedy.com/cho-thue-van-phong-quan-binh-thanh-tp-ho-chi-minh/building-dinh-bo-linh-dt-san-1452m2-1-ham-6-tang-es3202750,https://homedy.com/cho-thue-van-phong-quan-binh-thanh-tp-ho-chi-minh/building-dinh-bo-linh-dt-san-1452m2-1-ham-6-tang-es3202750,2026-04-23,2026-06-07 01:13:45.361434,NA,250,1082251.0822510822,1,1
homedy,thue,homedy_3202615,3202615,"Chung cư Thái An 4, Nguyễn Văn Quá, Q12: 1p ngủ, 50m2, full NT, 6tr/th",6000000,6 Triệu/tháng,50,1,"Đường Nguyễn Văn Quá, Phường Đông Hưng Thuận, Quận 12, TP Hồ Chí Minh",Phường Đông Hưng Thuận,NA,Quận 12,1010,Căn hộ,10.8420757,106.63064880000002,NA,https://homedy.com/cho-thue-can-ho-thai-an-apartment/chung-cu-4-nguyen-van-qua-q12-1p-ngu-50m2-full-nt-6tr-th-es3202615,https://homedy.com/cho-thue-can-ho-thai-an-apartment/chung-cu-4-nguyen-van-qua-q12-1p-ngu-50m2-full-nt-6tr-th-es3202615,2026-04-22,2026-06-07 01:13:45.361434,NA,6,120000,1,1
homedy,thue,homedy_3202589,3202589,"Chung cư Phú Thạnh, Nguyễn Sơn, TP: 3p ngủ, 9tr/th, nhà trống, 95m2",9000000,9 Triệu/tháng,95,0,"Đường Nguyễn Sơn, Phường Phú Thạnh, Quận Tân Phú, TP Hồ Chí Minh",Phường Phú Thạnh,NA,Quận Tân Phú,1010,Căn hộ,10.779728020559624,106.63126564025856,NA,https://homedy.com/cho-thue-can-ho-phu-thanh-apartment/chung-cu-nguyen-son-tp-3p-ngu-9tr-th-nha-trong-95m2-es3202589,https://homedy.com/cho-thue-can-ho-phu-thanh-apartment/chung-cu-nguyen-son-tp-3p-ngu-9tr-th-nha-trong-95m2-es3202589,2026-04-22,2026-06-07 01:13:45.361434,NA,9,94736.84210526316,1,1
homedy,thue,homedy_3202503,3202503,"Chung cư Thái An, Nguyễn Văn Quá, Q12: 50m2, 1p ngủ, full NT, 6tr/th",6000000,6 Triệu/tháng,50,0,"Đường Nguyễn Văn Quá, Phường Đông Hưng Thuận, Quận 12, TP Hồ Chí Minh",Phường Đông Hưng Thuận,NA,Quận 12,1010,Căn hộ,10.8420757,106.63064880000002,NA,https://homedy.com/cho-thue-can-ho-thai-an-apartment/chung-cu-nguyen-van-qua-q12-50m2-1p-ngu-full-nt-6tr-th-es3202503,https://homedy.com/cho-thue-can-ho-thai-an-apartment/chung-cu-nguyen-van-qua-q12-50m2-1p-ngu-full-nt-6tr-th-es3202503,2026-04-21,2026-06-07 01:13:45.361434,NA,6,120000,1,1
