tieu_de,gia_raw,dien_tich_raw,dia_chi,quan_huyen,loai_bds,loai_gd,url,nguon,ngay_dang,gia_vnd,dien_tich_m2,lien_he,mo_ta
"Cho thuê nhà khu Tên Lửa, MT đường Số 7B, P. Bình Trị Đông B, 5 x 20m, 3.5 tấm, giá 19 triệu/tháng.",19 Triệu/tháng,100 m²,"Bình Tân, Hồ Chí Minh",Bình Tân,Nhà phố,thue,https://luachonnhadat.vn/nha-dat/cho-thue-nha-khu-ten-lua-mt-duong-so-7b-p-binh-tri-dong-b-5-x-20m-3-5-tam-gia-19-trieu-thang--1727425959.html,luachonnhadat.vn,2024-09-27,19000000,100,NA,NA
"Cho thuê nhà khu Tên Lửa, MT đường Số 25A, P. Bình Trị Đông B, 4 x 21m, 3.5 tấm, giá 17 triệu/tháng.",17 Triệu/tháng,84 m²,"Bình Tân, Hồ Chí Minh",Bình Tân,Nhà phố,thue,https://luachonnhadat.vn/nha-dat/cho-thue-nha-khu-ten-lua-mt-duong-so-25a-p-binh-tri-dong-b-4-x-21m-3-5-tam-gia-17-trieu-thang-.html,luachonnhadat.vn,2024-09-25,17000000,84,NA,NA
"Cho thuê nhà MT đường Số 16, P. Bình Hưng Hoà, 8 x 22m, 1 lầu, giá 50 triệu/tháng.",50 Triệu/tháng,176 m²,"Bình Tân, Hồ Chí Minh",Bình Tân,Nhà phố,thue,https://luachonnhadat.vn/nha-dat/cho-thue-nha-mt-duong-so-16-p-binh-hung-hoa-8-x-22m-1-lau-gia-50-trieu-thang-.html,luachonnhadat.vn,2024-09-23,50000000,176,NA,NA
"Cho thuê nhà MT đường Số 19, P. Bình Trị Đông B, 9 x 20m, 4.5 tấm + hầm, giá 120 triệu/tháng.",120 Triệu/tháng,180 m²,"Bình Tân, Hồ Chí Minh",Bình Tân,Nhà phố,thue,https://luachonnhadat.vn/nha-dat/cho-thue-nha-mt-duong-so-19-p-binh-tri-dong-b-9-x-20m-4-5-tam-ham-gia-120-trieu-thang--1726815802.html,luachonnhadat.vn,2024-09-20,120000000,180,NA,NA
"Cho thuê đất khu Tên Lửa, MT đường Số 34 nhỏ, P. Bình Trị Đông B, 10 x 20m, giá 10 triệu/tháng",10 Triệu/tháng,200 m²,"Bình Tân, Hồ Chí Minh",Bình Tân,Đất,thue,https://luachonnhadat.vn/nha-dat/cho-thue-dat-khu-ten-lua-mt-duong-so-34-nho-p-binh-tri-dong-b-10-x-20m-gia-10-trieu-thang-1726717013.html,luachonnhadat.vn,2024-09-19,10000000,200,NA,NA
"Cho thuê nhà hẻm 157 Mai Xuân Thưởng, P.4, Q.6, nhà 3 tấm, 3.3 x 18m, NH 8m, giá 18 triệu/tháng",18 Triệu/tháng,59 m²,"Quận 6, Hồ Chí Minh",Quận 6,Nhà phố,thue,https://luachonnhadat.vn/nha-dat/cho-thue-nha-hem-157-mai-xuan-thuong-p-4-q-6-nha-3-tam-3-3-x-18m-nh-8m-gia-18-trieu-thang-1726649429.html,luachonnhadat.vn,2024-09-18,18000000,59,NA,NA
"Cho thuê nhà MT đường Số 5, P. Tân Tạo A, 6 x 20m, 3.5 tấm, giá 30 triệu/tháng",30 Triệu/tháng,120 m²,"Bình Tân, Hồ Chí Minh",Bình Tân,Nhà phố,thue,https://luachonnhadat.vn/nha-dat/cho-thue-nha-mt-duong-so-5-p-tan-tao-a-6-x-20m-3-5-tam-gia-30-trieu-thang-1726025572.html,luachonnhadat.vn,2024-09-11,30000000,120,NA,NA
"Cho thuê nhà khu Nam Hùng Vương, MT đường Số 4, P. An Lạc, 4 x 23m, 2.5 tấm, giá 14 triệu/tháng",14 Triệu/tháng,92 m²,"Bình Tân, Hồ Chí Minh",Bình Tân,Nhà phố,thue,https://luachonnhadat.vn/nha-dat/cho-thue-nha-khu-nam-hung-vuong-mt-duong-so-4-p-an-lac-4-x-23m-2-5-tam-gia-14-trieu-thang.html,luachonnhadat.vn,2024-09-06,14000000,92,NA,NA
"Cho thuê nhà khu Tên Lửa, MT đường Số 1, P. Bình Trị Đông B, DT 12 x 21m, cấp 4, giá 42 triệu/tháng.",42 Triệu/tháng,252 m²,"Bình Tân, Hồ Chí Minh",Bình Tân,Nhà phố,thue,https://luachonnhadat.vn/nha-dat/cho-thue-nha-khu-ten-lua-mt-duong-so-1-p-binh-tri-dong-b-dt-12-x-21m-cap-4-gia-42-trieu-thang-.html,luachonnhadat.vn,2024-08-24,42000000,252,NA,NA
"Cho thuê nhà MT đường Tên Lửa, P, Bình Trị Đông B, 8 x 20m, 3.5 tấm, giá 60 triệu/tháng",60 Triệu/tháng,160 m²,"Bình Tân, Hồ Chí Minh",Bình Tân,Nhà phố,thue,https://luachonnhadat.vn/nha-dat/cho-thue-nha-mt-duong-ten-lua-p-binh-tri-dong-b-8-x-20m-3-5-tam-gia-60-trieu-thang.html,luachonnhadat.vn,2024-08-12,60000000,160,NA,NA
"Cho thuê nhà MT đường Nguyễn Xuân Phụng, P.2, Q.6, DT 4 x 25m, nhà 5 tấm, giá 70 triệu/tháng",70 Triệu/tháng,100 m²,"Quận 6, Hồ Chí Minh",Quận 6,Nhà phố,thue,https://luachonnhadat.vn/nha-dat/cho-thue-nha-mt-duong-nguyen-xuan-phung-p-2-q-6-dt-4-x-25m-nha-5-tam-gia-70-trieu-thang-1722844543.html,luachonnhadat.vn,2024-08-05,70000000,100,NA,NA
"Cho thuê nhà MT đường Số 57C, P. Tân Tạo, 5 x 20m, 3.5 tấm, giá 25tr/th. khu Tên Lửa Pouyuen",25 Triệu/tháng,100 m²,"Bình Tân, Hồ Chí Minh",Bình Tân,Nhà phố,thue,https://luachonnhadat.vn/nha-dat/cho-thue-nha-mt-duong-so-57c-p-tan-tao-5-x-20m-3-5-tam-gia-25tr-th-khu-ten-lua-pouyuen.html,luachonnhadat.vn,2024-07-30,25000000,100,NA,NA
"Cho thuê nhà MT đường Số 22, P.11, Q.6, DT 4 x 20m, 4.5 tấm giá 23 triệu/tháng. khu Bình Phú",23 Triệu/tháng,80 m²,"Quận 6, Hồ Chí Minh",Quận 6,Nhà phố,thue,https://luachonnhadat.vn/nha-dat/cho-thue-nha-mt-duong-so-22-p-11-q-6-dt-4-x-20m-4-5-tam-gia-23-trieu-thang-khu-binh-phu-1722050230.html,luachonnhadat.vn,2024-07-27,23000000,80,NA,NA
"Cho thuê nhà MT đường Tỉnh Lộ 10, P. Tân Tạo, 6 x 25m, 3.5 tấm, giá 43 triệu/tháng",43 Triệu/tháng,150 m²,"Bình Tân, Hồ Chí Minh",Bình Tân,Nhà phố,thue,https://luachonnhadat.vn/nha-dat/cho-thue-nha-mt-duong-tinh-lo-10-p-tan-tao-6-x-25m-3-5-tam-gia-43-trieu-thang.html,luachonnhadat.vn,2024-07-27,43000000,150,NA,NA
"Cho thuê nhà MT đường Số 32, P. Bình Trị Đông B, 5 x 20m, 3.5 tấm, giá 30 triệu/tháng. gần Aeon Mall",30 Triệu/tháng,100 m²,"Bình Tân, Hồ Chí Minh",Bình Tân,Nhà phố,thue,https://luachonnhadat.vn/nha-dat/cho-thue-nha-mt-duong-so-32-p-binh-tri-dong-b-5-x-20m-3-5-tam-gia-30-trieu-thang-gan-aeon-mall-1720594588.html,luachonnhadat.vn,2024-07-22,30000000,100,NA,NA
"Cho thuê nhà MT đường Tên Lửa, P. Bình Trị Đông B, 4.5 x 20m, 3.5 tấm, giá 44 triệu/tháng",44 Triệu/tháng,90 m²,"Bình Tân, Hồ Chí Minh",Bình Tân,Nhà phố,thue,https://luachonnhadat.vn/nha-dat/cho-thue-nha-mt-duong-ten-lua-p-binh-tri-dong-b-4-5-x-20m-3-5-tam-gia-44-trieu-thang.html,luachonnhadat.vn,2024-07-09,44000000,90,NA,NA
"Cho thuê Shophouse tầng trệt CC Moonlight Park View đường Số 7, Bình Tân, 5.5 x 16m, 28 triệu/tháng",28 Triệu/tháng,88 m²,"Bình Tân, Hồ Chí Minh",Bình Tân,Shop house,thue,https://luachonnhadat.vn/nha-dat/cho-thue-shophouse-tang-tret-cc-moonlight-park-view-duong-so-7-binh-tan-5-5-x-16m-28-trieu-thang-1720408148.html,luachonnhadat.vn,2024-07-08,28000000,88,NA,NA
"Cho thuê mặt bằng góc 2 MT đường Số 1A, P. Bình Trị Đông B, 5 x 20m, giá 34 triệu/tháng",34 Triệu/tháng,100 m²,"Bình Tân, Hồ Chí Minh",Bình Tân,Mặt bằng,thue,https://luachonnhadat.vn/nha-dat/cho-thue-mat-bang-goc-2-mt-duong-so-1a-p-binh-tri-dong-b-5-x-20m-gia-34-trieu-thang-1719904302.html,luachonnhadat.vn,2024-07-02,34000000,100,NA,NA
"Cho thuê nhà MT đường Kinh Dương Vương, P. An Lạc, 4 x 19m, 3 tấm, giá 25 triệu/tháng",25 Triệu/tháng,76 m²,"Bình Tân, Hồ Chí Minh",Bình Tân,Nhà phố,thue,https://luachonnhadat.vn/nha-dat/cho-thue-nha-mt-duong-kinh-duong-vuong-p-an-lac-4-x-19m-3-tam-gia-25-trieu-thang.html,luachonnhadat.vn,2024-07-02,25000000,76,NA,NA
"Cho thuê nhà MT đường Kinh Dương Vương, P. 13, Q. 6, DT 14 x 42m, cấp 4, giá 180 triệu/tháng",180 Triệu/tháng,588 m²,"Quận 6, Hồ Chí Minh",Quận 6,Nhà phố,thue,https://luachonnhadat.vn/nha-dat/cho-thue-nha-mt-duong-kinh-duong-vuong-p-13-q-6-dt-14-x-42m-cap-4-gia-180-trieu-thang.html,luachonnhadat.vn,2024-06-28,180000000,588,NA,NA
"Cho thuê cặp đất MT đường Số 21, P. Bình Trị Đông B. DT 8 x 22.5m, giá 18 triệu/tháng. khu Tên Lửa",18 Triệu/tháng,180 m²,"Bình Tân, Hồ Chí Minh",Bình Tân,Đất,thue,https://luachonnhadat.vn/nha-dat/cho-thue-cap-dat-mt-duong-so-21-p-binh-tri-dong-b-dt-8-x-22-5m-gia-18-trieu-thang-khu-ten-lua-1719283295.html,luachonnhadat.vn,2024-06-25,18000000,180,NA,NA
"Cho thuê nhà hẻm 574 Kinh Dương Vương, P. Bình Trị Đông B, 5.5 x 27m, cấp 4, giá 22 triệu/tháng",22 Triệu/tháng,148 m²,"Bình Tân, Hồ Chí Minh",Bình Tân,Nhà phố,thue,https://luachonnhadat.vn/nha-dat/cho-thue-nha-hem-574-kinh-duong-vuong-p-binh-tri-dong-b-5-5-x-27m-cap-4-gia-22-trieu-thang-1718870442.html,luachonnhadat.vn,2024-06-20,22000000,148,NA,NA
"Cho thuê nhà MT đường Số 7, P. An Lạc A, 4 x 15m, 2.5 tấm, giá 23 triệu/tháng. khu Tên Lửa",23 Triệu/tháng,60 m²,"Bình Tân, Hồ Chí Minh",Bình Tân,Nhà phố,thue,https://luachonnhadat.vn/nha-dat/cho-thue-nha-mt-duong-so-7-p-an-lac-a-4-x-15m-2-5-tam-gia-23-trieu-thang-khu-ten-lua-1718676357.html,luachonnhadat.vn,2024-06-18,23000000,60,NA,NA
"Cho thuê đất Góc 3 MT đường Số 7, P. Bình Trị Đông B, 28 x 40m, giá 300 triệu/tháng. khu Tên Lửa",300 Triệu/tháng,1120 m²,"Bình Tân, Hồ Chí Minh",Bình Tân,Đất,thue,https://luachonnhadat.vn/nha-dat/cho-thue-dat-goc-3-mt-duong-so-7-p-binh-tri-dong-b-28-x-40m-gia-300-trieu-thang-khu-ten-lua-1718607165.html,luachonnhadat.vn,2024-06-17,300000000,1120,NA,NA
"Cho thuê nhà MT đường Số 24A, P. Bình Trị Đông B, 4 x 20m, 3 tấm, giá 20 triệu/tháng. khu Tên Lửa",20 Triệu/tháng,80 m²,"Bình Tân, Hồ Chí Minh",Bình Tân,Nhà phố,thue,https://luachonnhadat.vn/nha-dat/cho-thue-nha-mt-duong-so-24a-p-binh-tri-dong-b-4-x-20m-3-tam-gia-20-trieu-thang-khu-ten-lua-1718354633.html,luachonnhadat.vn,2024-06-14,20000000,80,NA,NA
"Cho thuê nhà MT đường Trần Văn Giàu, P. Bình Trị Đông B, 5 x 20m, 3.5 tấm, giá 30 triệu/tháng.",30 Triệu/tháng,100 m²,"Bình Tân, Hồ Chí Minh",Bình Tân,Nhà phố,thue,https://luachonnhadat.vn/nha-dat/cho-thue-nha-mt-duong-tran-van-giau-p-binh-tri-dong-b-5-x-20m-3-5-tam-gia-30-trieu-thang--1718267846.html,luachonnhadat.vn,2024-06-13,30000000,100,NA,NA
"Cho thuê nhà MT đường An Dương Vương, P.13, Q.6, nhà 2.5 tấm, DT 4 x 20m, giá 19 triệu/tháng",19 Triệu/tháng,80 m²,"Quận 6, Hồ Chí Minh",Quận 6,Nhà phố,thue,https://luachonnhadat.vn/nha-dat/cho-thue-nha-mt-duong-an-duong-vuong-p-13-q-6-nha-2-5-tam-dt-4-x-20m-gia-19-trieu-thang-1718182729.html,luachonnhadat.vn,2024-06-12,19000000,80,NA,NA
"Cho thuê nhà MT đường Tên Lửa, P. Bình Trị Đông B, 4.5x20m, 3.5 tấm, giá 30 triệu/tháng. khu Tên Lửa",30 Triệu/tháng,90 m²,"Bình Tân, Hồ Chí Minh",Bình Tân,Nhà phố,thue,https://luachonnhadat.vn/nha-dat/cho-thue-nha-mt-duong-ten-lua-p-binh-tri-dong-b-4-5x20m-3-5-tam-gia-30-trieu-thang-khu-ten-lua-1718075226.html,luachonnhadat.vn,2024-06-11,30000000,90,NA,NA
"Cho thuê đất MT đường Số 36, P. Bình Trị Đông B, 11 x 18m, giá 15 triệu/tháng. khu Tên Lửa",15 Triệu/tháng,198 m²,"Bình Tân, Hồ Chí Minh",Bình Tân,Đất,thue,https://luachonnhadat.vn/nha-dat/cho-thue-dat-mt-duong-so-36-p-binh-tri-dong-b-11-x-18m-gia-15-trieu-thang-khu-ten-lua-1718001750.html,luachonnhadat.vn,2024-06-10,15000000,198,NA,NA
"Cho thuê nhà Góc 2 MT đường Số 18, P. Bình Trị Đông B, 6 x 20m, 3.5 tấm, giá 38tr/tháng. khu Tên Lửa",38 Triệu/tháng,120 m²,"Bình Tân, Hồ Chí Minh",Bình Tân,Nhà phố,thue,https://luachonnhadat.vn/nha-dat/cho-thue-nha-goc-2-mt-duong-so-18-p-binh-tri-dong-b-6-x-20m-3-5-tam-gia-38tr-thang-khu-ten-lua.html,luachonnhadat.vn,2024-06-10,38000000,120,NA,NA
"Cho thuê đất MT đường Số 8, P. Bình Trị Đông B, 10 x 25m, giá 25 triệu/tháng. khu Tên Lửa",25 Triệu/tháng,250 m²,"Bình Tân, Hồ Chí Minh",Bình Tân,Đất,thue,https://luachonnhadat.vn/nha-dat/cho-thue-dat-mt-duong-so-8-p-binh-tri-dong-b-10-x-25m-gia-25-trieu-thang-khu-ten-lua.html,luachonnhadat.vn,2024-06-05,25000000,250,NA,NA
"Cho thuê đất Góc 2 MT đường Số 3C, P. An Lạc A, 6 x 21m, giá 20 triệu/tháng. khu Tên Lửa",20 Triệu/tháng,126 m²,"Bình Tân, Hồ Chí Minh",Bình Tân,Đất,thue,https://luachonnhadat.vn/nha-dat/cho-thue-dat-goc-2-mt-duong-so-3c-p-an-lac-a-6-x-21m-gia-20-trieu-thang-khu-ten-lua-1717486020.html,luachonnhadat.vn,2024-06-04,20000000,126,NA,NA
"Cho thuê nhà MT lô J đường Đoàn Phú Tứ, P. An Lạc A, 4 x 20m, cấp 4, giá 8 triệu/tháng",8 Triệu/tháng,80 m²,"Bình Tân, Hồ Chí Minh",Bình Tân,Nhà phố,thue,https://luachonnhadat.vn/nha-dat/cho-thue-nha-mt-lo-j-duong-doan-phu-tu-p-an-lac-a-4-x-20m-cap-4-gia-8-trieu-thang-1717401629.html,luachonnhadat.vn,2024-06-03,8000000,80,NA,NA
"Cho thuê nhà MT đường Võ Văn Kiệt, P. An Lạc, 8 x 11m, 1 lầu, giá 25 triệu/tháng",25 Triệu/tháng,88 m²,"Bình Tân, Hồ Chí Minh",Bình Tân,Nhà phố,thue,https://luachonnhadat.vn/nha-dat/cho-thue-nha-mt-duong-vo-van-kiet-p-an-lac-8-x-11m-1-lau-gia-25-trieu-thang.html,luachonnhadat.vn,2024-05-27,25000000,88,NA,NA
"Cho thuê nhà MT đường Số 2, P.13, Q.6, nhà 2 tấm, 4 x 12m, giá 10tr/tháng. Cư xá Rada",10 Triệu/căn,48 m²,"Quận 6, Hồ Chí Minh",Quận 6,Nhà phố,thue,https://luachonnhadat.vn/nha-dat/cho-thue-nha-mt-duong-so-2-p-13-q-6-nha-2-tam-4-x-12m-gia-10tr-thang-cu-xa-rada.html,luachonnhadat.vn,2024-05-27,10000000,48,NA,NA
"Cho thuê nhà MT đường Nguyễn Thức Đường, P. An Lạc A, 4 x 20m, 3.5 tấm, giá 25 triệu/tháng",25 Triệu/tháng,80 m²,"Bình Tân, Hồ Chí Minh",Bình Tân,Nhà phố,thue,https://luachonnhadat.vn/nha-dat/cho-thue-nha-mt-duong-nguyen-thuc-duong-p-an-lac-a-4-x-20m-3-5-tam-gia-25-trieu-thang.html,luachonnhadat.vn,2024-05-22,25000000,80,NA,NA
"Cho thuê nhà Góc 2 MT đường Lê Quang Sung, P.6, Q.6, nhà 4 tấm, 4.12 x 12m, giá 32 triệu/tháng",32 Triệu/tháng,49 m²,"Quận 6, Hồ Chí Minh",Quận 6,Nhà phố,thue,https://luachonnhadat.vn/nha-dat/cho-thue-nha-goc-2-mt-duong-le-quang-sung-p-6-q-6-nha-4-tam-4-12-x-12m-gia-32-trieu-thang.html,luachonnhadat.vn,2024-05-20,32000000,49,NA,NA
"Cho thuê nhà Góc 2 MT đường Số 78, P.10, Q.6, nhà 3.5 tấm, 6 x 16m, giá 23 triệu/tháng. khu Bình Phú",23 Triệu/tháng,96 m²,"Quận 6, Hồ Chí Minh",Quận 6,Nhà phố,thue,https://luachonnhadat.vn/nha-dat/cho-thue-nha-goc-2-mt-duong-so-78-p-10-q-6-nha-3-5-tam-6-x-16m-gia-23-trieu-thang-khu-binh-phu.html,luachonnhadat.vn,2024-05-06,23000000,96,NA,NA
"Cho thuê nhà MT đường Số 1B, P. Bình Trị Đông, 4 x 20m, cấp 4, giá 10 triệu/tháng. khu Tên Lửa",10 Triệu/tháng,80 m²,"Bình Tân, Hồ Chí Minh",Bình Tân,Nhà phố,thue,https://luachonnhadat.vn/nha-dat/cho-thue-nha-mt-duong-so-1b-p-binh-tri-dong-4-x-20m-cap-4-gia-10-trieu-thang-khu-ten-lua.html,luachonnhadat.vn,2024-04-23,10000000,80,NA,NA
"Cho thuê nhà MT đường Số 25, P.10, Q.6, nhà 4 tấm, 4.5 x 20m, giá 23 triệu/tháng. khu Bình Phú",25 Triệu/tháng,90 m²,"Quận 6, Hồ Chí Minh",Quận 6,Nhà phố,thue,https://luachonnhadat.vn/nha-dat/cho-thue-nha-mt-duong-so-25-p-10-q-6-nha-4-tam-4-5-x-20m-gia-23-trieu-thang-khu-binh-phu.html,luachonnhadat.vn,2024-04-19,25000000,90,NA,NA
"Cho thuê nhà MT đường Số 7A, P. Bình Trị Đông B, 5 x 20m, 3.5 tấm, giá 28 triệu/tháng. gần Aeon Mall",28 Triệu/tháng,100 m²,"Bình Tân, Hồ Chí Minh",Bình Tân,Nhà phố,thue,https://luachonnhadat.vn/nha-dat/cho-thue-nha-mt-duong-so-7a-p-binh-tri-dong-b-5-x-20m-3-5-tam-gia-28-trieu-thang-gan-aeon-mall.html,luachonnhadat.vn,2024-04-18,28000000,100,NA,NA
"Cho thuê nhà Hẻm 541 Tỉnh Lộ 10, P. Bình Trị Đông B, 4 x 13m, cấp 4, giá 8 triệu/tháng",8 Triệu/tháng,52 m²,"Bình Tân, Hồ Chí Minh",Bình Tân,Nhà phố,thue,https://luachonnhadat.vn/nha-dat/cho-thue-nha-hem-541-tinh-lo-10-p-binh-tri-dong-b-4-x-13m-cap-4-gia-8-trieu-thang.html,luachonnhadat.vn,2024-04-16,8000000,52,NA,NA
"Cho thuê nhà Góc 2 MT đường Số 19, P. Bình Trị Đông B, 4.5 x 20m, 4.5 tấm, giá 40 triệu/tháng",40 Triệu/tháng,90 m²,"Bình Tân, Hồ Chí Minh",Bình Tân,Nhà phố,thue,https://luachonnhadat.vn/nha-dat/cho-thue-nha-goc-2-mt-duong-so-19-p-bi-nh-tri-dong-b-4-5-x-20m-4-5-tam-gia-40-trieu-thang.html,luachonnhadat.vn,2024-04-13,40000000,90,NA,NA
"Cho thuê nhà MT đường Tỉnh Lộ 10, P. Bình Trị Đông, DT 9 x 25m, cấp 4, giá 75 triệu/tháng",70 Triệu/tháng,225 m²,"Bình Tân, Hồ Chí Minh",Bình Tân,Nhà phố,thue,https://luachonnhadat.vn/nha-dat/cho-thue-nha-mt-duong-tinh-lo-10-p-binh-tri-dong-dt-9-x-25m-cap-4-gia-75-trieu-thang.html,luachonnhadat.vn,2024-04-11,70000000,225,NA,NA
"Cho thuê nhà MT đường Kinh Dương Vương, P.12, Q.6, DT 4 x 12m, 3.5 tấm, giá 25 triệu/tháng",25 Triệu/tháng,48 m²,"Quận 6, Hồ Chí Minh",Quận 6,Nhà phố,thue,https://luachonnhadat.vn/nha-dat/cho-thue-nha-mt-duong-kinh-duong-vuong-p-12-q-6-dt-4-x-12m-3-5-tam-gia-25-trieu-thang.html,luachonnhadat.vn,2024-04-10,25000000,48,NA,NA
"Cho thuê nhà MT đường Trần Văn Giàu, P. Tân Tạo, 4.5 x 18m, 3 tấm, giá 18 triệu/tháng. gần Pouyuen",18 Triệu/tháng,81 m²,"Bình Tân, Hồ Chí Minh",Bình Tân,Nhà phố,thue,https://luachonnhadat.vn/nha-dat/cho-thue-nha-mt-duong-tran-van-giau-p-tan-tao-4-5-x-18m-3-tam-gia-18-trieu-thang-gan-pouyuen.html,luachonnhadat.vn,2024-04-09,18000000,81,NA,NA
"Cho thuê nhà MT đường Số 7, P. An Lạc A, 6 x 20m, 3.5 tấm, giá 35 triệu/tháng. khu Tên Lửa",35 Triệu/tháng,120 m²,"Bình Tân, Hồ Chí Minh",Bình Tân,Nhà phố,thue,https://luachonnhadat.vn/nha-dat/cho-thue-nha-mt-duong-so-7-p-an-lac-a-6-x-20m-3-5-tam-gia-35-trieu-thang-khu-ten-lua.html,luachonnhadat.vn,2024-04-08,35000000,120,NA,NA
"Cho thuê nhà MT đường Số 46, P. Tân Tạo, 10 x 18m, 3.5 tấm, giá 40 triệu/tháng. khu Tên Lửa Pouyuen",40 Triệu/tháng,180 m²,"Bình Tân, Hồ Chí Minh",Bình Tân,Nhà phố,thue,https://luachonnhadat.vn/nha-dat/cho-thue-nha-mt-duong-so-46-p-tan-tao-10-x-18m-3-5-tam-gia-40-trieu-thang-khu-ten-lua-pouyuen.html,luachonnhadat.vn,2024-04-01,40000000,180,NA,NA
"Cho thuê đất Góc 2 MT đường Số 5, P. Bình Trị Đông B, 11 x 22m giá 25 triệu/tháng. khu Tên Lửa",25 Triệu/tháng,242 m²,"Bình Tân, Hồ Chí Minh",Bình Tân,Đất,thue,https://luachonnhadat.vn/nha-dat/cho-thue-dat-goc-2-mt-duong-so-5-p-binh-tri-dong-b-11-x-22m-gia-25-trieu-thang-khu-ten-lua.html,luachonnhadat.vn,2024-03-30,25000000,242,NA,NA
"Cho thuê nhà 2 MT đường Lê Tuấn Mậu, P.13, Q.6, nhà 2.5 tấm, 4.5 x 25m, giá 45 triệu/tháng",45 Triệu/tháng,112 m²,"Quận 6, Hồ Chí Minh",Quận 6,Nhà phố,thue,https://luachonnhadat.vn/nha-dat/cho-thue-nha-2-mt-duong-le-tuan-mau-p-13-q-6-nha-2-5-tam-4-5-x-25m-gia-45-trieu-thang.html,luachonnhadat.vn,2024-03-30,45000000,112,NA,NA
"Cho thuê kho MT đường An Dương Vương, P.16, Q.8, nhà cấp 4, DT 12.5 x 62m, giá 76 triệu/tháng",76 Triệu/tháng,775 m²,"Quận 8, Hồ Chí Minh",Quận 8,Nhà phố,thue,https://luachonnhadat.vn/nha-dat/cho-thue-kho-mt-duong-an-duong-vuong-p-16-q-8-nha-cap-4-dt-12-5-x-62m-gia-76-trieu-thang.html,luachonnhadat.vn,2024-03-22,76000000,775,NA,NA
"Cho thuê nhà MT đường Vành Đai Trong, P. Bình Trị Đông B, 6 x 20m, 3.5 tấm, giá 60 triệu/tháng",60 Triệu/tháng,120 m²,"Bình Tân, Hồ Chí Minh",Bình Tân,Nhà phố,thue,https://luachonnhadat.vn/nha-dat/cho-thue-nha-mt-duong-vanh-dai-trong-p-binh-tri-dong-b-6-x-20m-3-5-tam-gia-60-trieu-thang.html,luachonnhadat.vn,2024-03-22,60000000,120,NA,NA
"Cho thuê nhà Hẻm 933 Tỉnh Lộ 10, P. Tân Tạo, 4 x 16m, 2 tấm, giá 15 triệu/tháng",15 Triệu/tháng,64 m²,"Bình Tân, Hồ Chí Minh",Bình Tân,Nhà phố,thue,https://luachonnhadat.vn/nha-dat/cho-thue-nha-hem-933-tinh-lo-10-p-tan-tao-4-x-16m-2-tam-gia-15-trieu-thang.html,luachonnhadat.vn,2024-03-15,15000000,64,NA,NA
"Cho thuê nhà MT đường Phan Văn Khoẻ, P.5, Q.6, nhà 1 lầu, 3.5 x 18m, giá 20 triệu/tháng",20 Triệu/tháng,63 m²,"Quận 6, Hồ Chí Minh",Quận 6,Nhà phố,thue,https://luachonnhadat.vn/nha-dat/cho-thue-nha-mt-duong-phan-van-khoe-p-5-q-6-nha-1-lau-3-5-x-18m-gia-20-trieu-thang.html,luachonnhadat.vn,2024-03-06,20000000,63,NA,NA
"Cho thuê nhà Góc 2 MT đường Bình Phú, P.11, Q.6, nhà 3 tấm, 9 x 3.5m, giá 25 triệu/tháng.",25 Triệu/tháng,31 m²,"Quận 6, Hồ Chí Minh",Quận 6,Nhà phố,thue,https://luachonnhadat.vn/nha-dat/cho-thue-nha-goc-2-mt-duong-binh-phu-p-11-q-6-nha-3-tam-9-x-3-5m-gia-25-trieu-thang-.html,luachonnhadat.vn,2024-03-05,25000000,31,NA,NA
"Cho thuê nhà MT đường Phạm Văn Chí, P. 7, Q. 6, DT 5 x 16m, 3 tấm, giá 25 triệu/tháng",25 Triệu/tháng,80 m²,"Quận 6, Hồ Chí Minh",Quận 6,Nhà phố,thue,https://luachonnhadat.vn/nha-dat/cho-thue-nha-mt-duong-pham-van-chi-p-7-q-6-dt-5-x-16m-3-tam-gia-25-trieu-thang.html,luachonnhadat.vn,2024-03-04,25000000,80,NA,NA
"Cho thuê nhà góc 2 MT đường Số 34, khu Tên Lửa, 5 x 20m, 4 tấm, giá 27 triệu/tháng. gần Aeon Mall",27 Triệu/tháng,100 m²,"Bình Tân, Hồ Chí Minh",Bình Tân,Nhà phố,thue,https://luachonnhadat.vn/nha-dat/cho-thue-nha-goc-2-mt-duong-so-34-khu-ten-lua-5-x-20m-4-tam-gia-27-trieu-thang-gan-aeon-mall.html,luachonnhadat.vn,2024-03-01,27000000,100,NA,NA
"Cho thuê nhà MT đường Số 12, P. 13, Q.6, nhà 3.5 tấm, 4 x 17m, giá 18.5 triệu/tháng. Cư xá Rada",18.5 Triệu/tháng,68 m²,"Quận 6, Hồ Chí Minh",Quận 6,Nhà phố,thue,https://luachonnhadat.vn/nha-dat/cho-thue-nha-mt-duong-so-12-p-13-q-6-nha-3-5-tam-4-x-17m-gia-18-5-trieu-thang-cu-xa-rada.html,luachonnhadat.vn,2024-02-28,18500000,68,NA,NA
"Cho thuê khách sạn MT đường Số 1C, P. Bình Trị Đông B, 5 x 20m, 4 tấm, giá 25 triệu/tháng. gần Aeon",25 Triệu/tháng,100 m²,"Bình Tân, Hồ Chí Minh",Bình Tân,Khách sạn,thue,https://luachonnhadat.vn/nha-dat/cho-thue-khach-san-mt-duong-so-1c-p-binh-tri-dong-b-5-x-20m-4-tam-gia-25-trieu-thang-gan-aeon.html,luachonnhadat.vn,2024-02-28,25000000,100,NA,NA
"Cho thuê nhà MT đường Tỉnh Lộ 10, P. An Lạc A, 4.1 x 24m, NH 4.4m, 5 tấm, giá 30 triệu/tháng",30 Triệu/tháng,98 m²,"Bình Tân, Hồ Chí Minh",Bình Tân,Nhà phố,thue,https://luachonnhadat.vn/nha-dat/cho-thue-nha-mt-duong-tinh-lo-10-p-an-lac-a-4-1-x-24m-nh-4-4m-5-tam-gia-30-trieu-thang.html,luachonnhadat.vn,2024-02-23,30000000,98,NA,NA
"Cho thuê đất MT đường Số 30, P. Bình Trị Đông B, 10 x 20m, giá 15 triệu/tháng. khu Tên Lửa gần Aeon",15 Triệu/tháng,200 m²,"Bình Tân, Hồ Chí Minh",Bình Tân,Đất,thue,https://luachonnhadat.vn/nha-dat/cho-thue-dat-mt-duong-so-30-p-binh-tri-dong-b-10-x-20m-gia-15-trieu-thang-khu-ten-lua-gan-aeon.html,luachonnhadat.vn,2024-02-23,15000000,200,NA,NA
"Cho thuê nhà MT đường Số 10, P.13, Q.6, DT 4 x 17m, 1 lầu, giá 22 triệu/tháng. Cư Xá Rada",22 Triệu/tháng,68 m²,"Quận 6, Hồ Chí Minh",Quận 6,Nhà phố,thue,https://luachonnhadat.vn/nha-dat/cho-thue-nha-mt-duong-so-10-p-13-q-6-dt-4-x-17m-1-lau-gia-22-trieu-thang-cu-xa-rada.html,luachonnhadat.vn,2024-02-22,22000000,68,NA,NA
"Cho thuê nhà MT đường Bình Tây, P.1, Q.6, nhà 3.5 tấm, 4.5 x 19.5m, giá 25 triệu/tháng.",25 Triệu/tháng,87 m²,"Quận 6, Hồ Chí Minh",Quận 6,Nhà phố,thue,https://luachonnhadat.vn/nha-dat/cho-thue-nha-mt-duong-binh-tay-p-1-q-6-nha-3-5-tam-4-5-x-19-5m-gia-25-trieu-thang-.html,luachonnhadat.vn,2024-02-19,25000000,87,NA,NA
"Cho thuê nhà MT đường Lý Chiêu Hoàng, P.10, Q.6, DT 24.5 x 46.62m, cấp 4m, giá 120 triệu/tháng",120 Triệu/tháng,1141 m²,"Quận 6, Hồ Chí Minh",Quận 6,Nhà phố,thue,https://luachonnhadat.vn/nha-dat/cho-thue-nha-mt-duong-ly-chieu-hoang-p-10-q-6-dt-24-5-x-46-62m-cap-4m-gia-120-trieu-thang.html,luachonnhadat.vn,2024-01-30,120000000,1141,NA,NA
"Cho thuê đất Góc 2 MT đường Số 1, P. Bình Trị Đông B, 10 x 20m, giá 22 triệu/tháng. gần Aeon Mall",20 Triệu/tháng,200 m²,"Bình Tân, Hồ Chí Minh",Bình Tân,Đất,thue,https://luachonnhadat.vn/nha-dat/cho-thue-dat-goc-2-mt-duong-so-1-p-binh-tri-dong-b-10-x-20m-gia-22-trieu-thang-gan-aeon-mall.html,luachonnhadat.vn,2023-12-25,20000000,200,NA,NA
"Cho thuê nhà Hẻm 860 An Dương Vương, P.13, Q.6, nhà 1 lầu, 4 x 12.5m, giá 9 triệu/tháng",9 Triệu/tháng,50 m²,"Quận 6, Hồ Chí Minh",Quận 6,Nhà phố,thue,https://luachonnhadat.vn/nha-dat/cho-thue-nha-hem-860-an-duong-vuong-p-13-q-6-nha-1-lau-4-x-12-5m-gia-9-trieu-thang.html,luachonnhadat.vn,2023-12-12,9000000,50,NA,NA
"Cho thuê nhà MT đường Kinh Dương Vương, P.12, Q.6, nhà 5 tấm + hầm, 10 x 35m, giá 210 triệu/tháng",210 Triệu/tháng,350 m²,"Quận 6, Hồ Chí Minh",Quận 6,Nhà phố,thue,https://luachonnhadat.vn/nha-dat/cho-thue-nha-mt-duong-kinh-duong-vuong-p-12-q-6-nha-5-tam-ham-10-x-35m-gia-210-trieu-thang.html,luachonnhadat.vn,2023-12-04,210000000,350,NA,NA
"Cho thuê nhà Hẻm 532 Kinh Dương Vương, P. Bình Trị Đông B, 5.2 x 10m, 4.5 tấm, giá 15 triệu/tháng",15 Triệu/tháng,52 m²,"Bình Tân, Hồ Chí Minh",Bình Tân,Nhà phố,thue,https://luachonnhadat.vn/nha-dat/cho-thue-nha-hem-532-kinh-duong-vuong-p-binh-tri-dong-b-5-2-x-10m-4-5-tam-gia-15-trieu-thang.html,luachonnhadat.vn,2023-11-29,15000000,52,NA,NA
"Cho thuê kho xưởng Hẻm 735 Quốc lộ 1, P. Bình Hưng Hòa B, 30 x 50m, giá 55 triệu/tháng",55 Triệu/tháng,1500 m²,"Bình Tân, Hồ Chí Minh",Bình Tân,Nhà xưởng,thue,https://luachonnhadat.vn/nha-dat/cho-thue-kho-xuong-hem-735-quoc-lo-1-p-binh-hung-hoa-b-30-x-50m-gia-55-trieu-thang.html,luachonnhadat.vn,2023-11-04,55000000,1500,NA,NA
"Cho thuê căn hộ Block C CC Moonlight Park View, DT 70.7m2, tặng hết nội thất, 2 PN, 2WC, giá 12triệu",12 Triệu/tháng,70 m²,"Bình Tân, Hồ Chí Minh",Bình Tân,Căn hộ,thue,https://luachonnhadat.vn/nha-dat/cho-thue-can-ho-block-c-cc-moonlight-park-view-dt-70-7m2-tang-het-noi-that-2-pn-2wc-gia-12trieu.html,luachonnhadat.vn,2023-11-03,12000000,70,NA,NA
"Cho thuê nhà MT đường số 12, P. An Lạc, DT 8 x 7m, 4 tấm, giá 20 triệu/tháng. khu Tên Lửa",20 Triệu/tháng,56 m²,"Bình Tân, Hồ Chí Minh",Bình Tân,Nhà phố,thue,https://luachonnhadat.vn/nha-dat/cho-thue-nha-mt-duong-so-12-p-an-lac-dt-8-x-7m-4-tam-gia-20-trieu-thang-khu-ten-lua.html,luachonnhadat.vn,2023-10-27,20000000,56,NA,NA
"Cho thuê đất Góc 2 MT đường Số 13B, P. Bình Trị Đông B, 10 x 26m, giá 25tr/tháng. khu Tên Lửa Aoen",25 Triệu/tháng,260 m²,"Bình Tân, Hồ Chí Minh",Bình Tân,Đất,thue,https://luachonnhadat.vn/nha-dat/cho-thue-dat-goc-2-mt-duong-so-13b-p-binh-tri-dong-b-10-x-26m-gia-25tr-thang-khu-ten-lua-aoen.html,luachonnhadat.vn,2023-10-16,25000000,260,NA,NA
"Cho thuê nhà Góc 2 MT đường Kinh Dương Vương, P. An Lạc, 10 x 59m, 3 tấm, giá 200 triệu/tháng",200 Triệu/tháng,590 m²,"Bình Tân, Hồ Chí Minh",Bình Tân,Nhà phố,thue,https://luachonnhadat.vn/nha-dat/cho-thue-nha-goc-2-mt-duong-kinh-duong-vuong-p-an-lac-10-x-59m-3-tam-gia-200-trieu-thang.html,luachonnhadat.vn,2023-09-28,200000000,590,NA,NA
"Cho thuê nhà MT đường Số 14, P. An Lạc A, 8 x 13.5m, 3 tấm, giá 24 triệu/tháng. khu Tên Lửa",24 Triệu/tháng,108 m²,"Bình Tân, Hồ Chí Minh",Bình Tân,Nhà phố,thue,https://luachonnhadat.vn/nha-dat/cho-thue-nha-mt-duong-so-14-p-an-lac-a-8-x-13-5m-3-tam-gia-24-trieu-thang-khu-ten-lua.html,luachonnhadat.vn,2023-09-22,24000000,108,NA,NA
"Cho thuê nhà MT đường Số 36, P. Bình Trị Đông B, 4 x 17m, 3 tấm, giá 20 triệu/tháng. khu Tên Lửa",20 Triệu/tháng,68 m²,"Bình Tân, Hồ Chí Minh",Bình Tân,Nhà phố,thue,https://luachonnhadat.vn/nha-dat/cho-thue-nha-mt-duong-so-36-p-binh-tri-dong-b-4-x-17m-3-tam-gia-20-trieu-thang-khu-ten-lua.html,luachonnhadat.vn,2023-09-22,20000000,68,NA,NA
"Cho thuê nhà Góc 2 MT đường Minh Phụng, P.6, Q.6, nhà 1 lầu, 5.5 x 26m, NH 8m, giá 55 triệu/tháng",55 Triệu/tháng,143 m²,"Quận 6, Hồ Chí Minh",Quận 6,Nhà phố,thue,https://luachonnhadat.vn/nha-dat/cho-thue-nha-goc-2-mt-duong-minh-phung-p-6-q-6-nha-1-lau-5-5-x-26m-nh-8m-gia-55-trieu-thang.html,luachonnhadat.vn,2023-09-20,55000000,143,NA,NA
"Cho thuê nhà MT đường Trần Văn Giàu, P. Tân Tạo, 4.5 x 18m, 4 tấm, giá 22 triệu/tháng. gần Pouyuen",22 Triệu/tháng,81 m²,"Bình Tân, Hồ Chí Minh",Bình Tân,Nhà phố,thue,https://luachonnhadat.vn/nha-dat/cho-thue-nha-mt-duong-tran-van-giau-p-tan-tao-4-5-x-18m-4-tam-gia-22-trieu-thang-gan-pouyuen.html,luachonnhadat.vn,2023-09-15,22000000,81,NA,NA
"Cho thuê cặp đất MT đường Số 1, P. Bình Trị Đông B. DT 8 x 21m, giá 35 triệu/tháng. khu Tên Lửa",35 Triệu/tháng,168 m²,"Bình Tân, Hồ Chí Minh",Bình Tân,Đất,thue,https://luachonnhadat.vn/nha-dat/cho-thue-cap-dat-mt-duong-so-1-p-binh-tri-dong-b-dt-8-x-21m-gia-35-trieu-thang-khu-ten-lua.html,luachonnhadat.vn,2023-08-22,35000000,168,NA,NA
"Cho thuê nhà MT đường Số 14, P. An Lạc A, 4 x 14m, 4.5 tấm, giá 18 triệu/tháng. khu Tên Lửa",18 Triệu/tháng,56 m²,"Bình Tân, Hồ Chí Minh",Bình Tân,Nhà phố,thue,https://luachonnhadat.vn/nha-dat/cho-thue-nha-mt-duong-so-14-p-an-lac-a-4-x-14m-4-5-tam-gia-18-trieu-thang-khu-ten-lua.html,luachonnhadat.vn,2023-08-18,18000000,56,NA,NA
"Cho thuê đất MT đường Số 12A, P. Bình Trị Đông B, 10 x 20m, giá 12 triệu/tháng. khu Tên Lửa",12 Triệu/tháng,200 m²,"Bình Tân, Hồ Chí Minh",Bình Tân,Đất,thue,https://luachonnhadat.vn/nha-dat/cho-thue-dat-mt-duong-so-12a-p-binh-tri-dong-b-10-x-20m-gia-12-trieu-thang-khu-ten-lua.html,luachonnhadat.vn,2023-08-15,12000000,200,NA,NA
"Cho thuê nhà MT đường số 5, P. Bình Trị Đông B, 4 x 20m, 3.5 tấm, giá 50 triệu/tháng. khu Tên Lửa",50 Triệu/tháng,80 m²,"Bình Tân, Hồ Chí Minh",Bình Tân,Nhà phố,thue,https://luachonnhadat.vn/nha-dat/cho-thue-nha-mt-duong-so-5-p-binh-tri-dong-b-4-x-20m-3-5-tam-gia-50-trieu-thang-khu-ten-lua.html,luachonnhadat.vn,2023-08-02,50000000,80,NA,NA
"Cho thuê kho MT đường Số 18D, P. Bình Hưng Hoà A, 9.5 x 20m, có lửng, giá 20 triệu/tháng",20 Triệu/tháng,190 m²,"Bình Tân, Hồ Chí Minh",Bình Tân,Nhà phố,thue,https://luachonnhadat.vn/nha-dat/cho-thue-kho-mt-duong-so-18d-p-binh-hung-hoa-a-9-5-x-20m-co-lung-gia-20-trieu-thang.html,luachonnhadat.vn,2023-08-01,20000000,190,NA,NA
"Cho thuê kho MT đường Số 18D, P. Bình Hưng Hoà A, 8 x 18m, có lửng, giá 18 triệu/tháng",18 Triệu/tháng,144 m²,"Bình Tân, Hồ Chí Minh",Bình Tân,Nhà phố,thue,https://luachonnhadat.vn/nha-dat/cho-thue-kho-mt-duong-so-18d-p-binh-hung-hoa-a-8-x-18m-co-lung-gia-18-trieu-thang.html,luachonnhadat.vn,2023-08-01,18000000,144,NA,NA
"Cho thuê nhà MT đường Hoàng Văn Hợp, P. An Lạc A, 4.5 x 22m, NH 7.36m, 2 tấm, giá 30 triệu/tháng.",30 Triệu/tháng,99 m²,"Bình Tân, Hồ Chí Minh",Bình Tân,Nhà phố,thue,https://luachonnhadat.vn/nha-dat/cho-thue-nha-mt-duong-hoang-van-hop-p-an-lac-a-4-5-x-22m-nh-7-36m-2-tam-gia-30-trieu-thang-.html,luachonnhadat.vn,2023-08-01,30000000,99,NA,NA
"Cho thuê nhà MT đường Mã Lò, P. Bình Trị Đông A, 5 x 35m, cấp 4, giá 15 triệu/tháng",15 Triệu/tháng,175 m²,"Bình Tân, Hồ Chí Minh",Bình Tân,Nhà phố,thue,https://luachonnhadat.vn/nha-dat/cho-thue-nha-mt-duong-ma-lo-p-binh-tri-dong-a-5-x-35m-cap-4-gia-15-trieu-thang.html,luachonnhadat.vn,2023-07-31,15000000,175,NA,NA
"Cho thuê nhà MT đường Nguyễn Văn Luông, P.12, Q.6, DT 4.6 x 32m, NH 5.8m, 1 lầu, giá 50 triệu/tháng",50 Triệu/tháng,147 m²,"Quận 6, Hồ Chí Minh",Quận 6,Nhà phố,thue,https://luachonnhadat.vn/nha-dat/cho-thue-nha-mt-duong-nguyen-van-luong-p-12-q-6-dt-4-6-x-32m-nh-5-8m-1-lau-gia-50-trieu-thang.html,luachonnhadat.vn,2023-07-31,50000000,147,NA,NA
"Cho thuê nhà MT đường Số 3, P.13, Q.6, nhà 5 tấm, 4 x 19m, giá 38 triệu/tháng. Ngay chợ Phú Lâm",38 Triệu/tháng,76 m²,"Quận 6, Hồ Chí Minh",Quận 6,Nhà phố,thue,https://luachonnhadat.vn/nha-dat/cho-thue-nha-mt-duong-so-3-p-13-q-6-nha-5-tam-4-x-19m-gia-38-trieu-thang-ngay-cho-phu-lam.html,luachonnhadat.vn,2023-07-31,38000000,76,NA,NA
"Cho thuê nhà MT đường Hậu Giang, P.11, Q.6, DT 3.3 x 30m, NH 5.6m, 1 lầu, giá 30 triệu/tháng.",30 Triệu/tháng,99 m²,"Quận 6, Hồ Chí Minh",Quận 6,Nhà phố,thue,https://luachonnhadat.vn/nha-dat/cho-thue-nha-mt-duong-hau-giang-p-11-q-6-dt-3-3-x-30m-nh-5-6m-1-lau-gia-30-trieu-thang-.html,luachonnhadat.vn,2023-07-31,30000000,99,NA,NA
"Cho thuê nhà hẻm 184/ Lê Đình Cẩn, P. Tân Tạo, 4 x 17m, 4.5 tấm, giá 20 triệu/tháng",20 Triệu/tháng,68 m²,"Bình Tân, Hồ Chí Minh",Bình Tân,Nhà phố,thue,https://luachonnhadat.vn/nha-dat/cho-thue-nha-hem-184--le-dinh-can-p-tan-tao-4-x-17m-4-5-tam-gia-20-trieu-thang.html,luachonnhadat.vn,2023-07-28,20000000,68,NA,NA
"Cho thuê nhà MT đường Kinh Dương Vương, P. 12, Q. 6, DT 8 x 40m, NH 12m, tầng trệt, 200tr/tháng",200 Triệu/tháng,550 m²,"Quận 6, Hồ Chí Minh",Quận 6,Nhà phố,thue,https://luachonnhadat.vn/nha-dat/cho-thue-nha-mt-duong-kinh-duong-vuong-p-12-q-6-dt-8-x-40m-nh-12m-tang-tret-200tr-thang.html,luachonnhadat.vn,2023-07-20,200000000,550,NA,NA
"Cho thuê đất MT đường Số 28, P. Bình Trị Đông B, 4.5 x 20m, giá 10 triệu/tháng. khu Tên Lửa gần Aeon",10 Triệu/tháng,90 m²,"Bình Tân, Hồ Chí Minh",Bình Tân,Đất,thue,https://luachonnhadat.vn/nha-dat/cho-thue-dat-mt-duong-so-28-p-binh-tri-dong-b-4-5-x-20m-gia-10-trieu-thang-khu-ten-lua-gan-aeon.html,luachonnhadat.vn,2023-07-18,10000000,90,NA,NA
"Cho thuê nhà MT đường Trần Văn Giàu, P. Bình Trị Đông B, 8 x 20m, 3.5 tấm, giá 65 triệu/tháng",65 Triệu/tháng,160 m²,"Bình Tân, Hồ Chí Minh",Bình Tân,Nhà phố,thue,https://luachonnhadat.vn/nha-dat/cho-thue-nha-mt-duong-tran-van-giau-p-binh-tri-dong-b-8-x-20m-3-5-tam-gia-65-trieu-thang.html,luachonnhadat.vn,2023-07-17,65000000,160,NA,NA
"Cho thuê nhà Hẻm 413 Lê Văn Quới, P. Bình Trị Đông A, 4 x 15m, 1 lửng, giá 5.5 triệu/tháng",5.5 Triệu/tháng,60 m²,"Bình Tân, Hồ Chí Minh",Bình Tân,Nhà phố,thue,https://luachonnhadat.vn/nha-dat/cho-thue-nha-hem-413-le-van-quoi-p-binh-tri-dong-a-4-x-15m-1-lung-gia-5-5-trieu-thang.html,luachonnhadat.vn,2023-07-17,5500000,60,NA,NA
"Cho thuê nhà MT đường Số 31, P. Bình Trị Đông B, 4 x 20m, 3.5 tấm, giá 18 triệu/tháng. khu Tên Lửa",18 Triệu/tháng,80 m²,"Bình Tân, Hồ Chí Minh",Bình Tân,Nhà phố,thue,https://luachonnhadat.vn/nha-dat/cho-thue-nha-mt-duong-so-31-p-binh-tri-dong-b-4-x-20m-3-5-tam-gia-18-trieu-thang-khu-ten-lua.html,luachonnhadat.vn,2023-07-11,18000000,80,NA,NA
"Cho thuê nhà MT đường số 32, P. Bình Trị Đông B, 5 x 20m, 3.5 tấm, giá 37 triệu/tháng. gần Aeon Mall",37 Triệu/tháng,100 m²,"Bình Tân, Hồ Chí Minh",Bình Tân,Nhà phố,thue,https://luachonnhadat.vn/nha-dat/cho-thue-nha-mt-duong-so-32-p-binh-tri-dong-b-5-x-20m-3-5-tam-gia-37-trieu-thang-gan-aeon-mall.html,luachonnhadat.vn,2023-07-11,37000000,100,NA,NA
"Cho thuê nhà MT đường Số 17A, P. Bình Trị Đông B, 4.5 x 20m, 3.5 tấm, giá 30tr/tháng. đối diện Aeon",30 Triệu/tháng,90 m²,"Bình Tân, Hồ Chí Minh",Bình Tân,Nhà phố,thue,https://luachonnhadat.vn/nha-dat/cho-thue-nha-mt-duong-so-17a-p-binh-tri-dong-b-4-5-x-20m-3-5-tam-gia-30tr-thang-doi-dien-aeon.html,luachonnhadat.vn,2023-07-11,30000000,90,NA,NA
"Cho thuê nhà MT đường An Dương Vương, P. Bình Trị Đông, 3.5 tấm, 10 x 6m, giá 35 triệu/tháng",35 Triệu/tháng,60 m²,"Bình Tân, Hồ Chí Minh",Bình Tân,Nhà phố,thue,https://luachonnhadat.vn/nha-dat/cho-thue-nha-mt-duong-an-duong-vuong-p-binh-tri-dong-3-5-tam-10-x-6m-gia-35-trieu-thang.html,luachonnhadat.vn,2023-07-07,35000000,60,NA,NA
"Cho thuê nhà Hẻm 123 Lý Chiêu Hoàng, P.10, Q.6, nhà 3 tấm, 4.3 x 11m, giá 10 triệu/tháng",10 Triệu/tháng,47 m²,"Quận 6, Hồ Chí Minh",Quận 6,Nhà phố,thue,https://luachonnhadat.vn/nha-dat/cho-thue-nha-hem-123-ly-chieu-hoang-p-10-q-6-nha-3-tam-4-3-x-11m-gia-10-trieu-thang.html,luachonnhadat.vn,2023-06-05,10000000,47,NA,NA
"Cho thuê nhà Hẻm 790 Hương lộ 2, P. Bình Trị Đông A, 4 x 20m, 1 lầu, giá 11 triệu/tháng",11 Triệu/tháng,80 m²,"Bình Tân, Hồ Chí Minh",Bình Tân,Nhà phố,thue,https://luachonnhadat.vn/nha-dat/cho-thue-nha-hem-790-huong-lo-2-p-binh-tri-dong-a-4-x-20m-1-lau-gia-11-trieu-thang.html,luachonnhadat.vn,2023-06-02,11000000,80,NA,NA
"Bán nhà hẻm 182 Chiến Lược, P. Bình Trị Đông, 8 x 13m, 2 tấm, giá 6.7 tỷ",6.7 Tỷ/căn,104 m²,"Bình Tân, Hồ Chí Minh",Bình Tân,Nhà phố,ban,https://luachonnhadat.vn/nha-dat/ban-nha-hem-182-chien-luoc-p-binh-tri-dong-8-x-13m-2-tam-gia-6-7-ty.html,luachonnhadat.vn,2026-05-12,6700000000,104,NA,NA
"Bán nhà hẻm 257 Lê Đình Cẩn, P. Tân Tạo, 4.85 x 12m, 3.5 tấm, giá 6.55 tỷ",6.55 Tỷ/căn,58 m²,"Bình Tân, Hồ Chí Minh",Bình Tân,Nhà phố,ban,https://luachonnhadat.vn/nha-dat/ban-nha-hem-257-le-dinh-can-p-tan-tao-4-85-x-12m-3-5-tam-gia-6-55-ty.html,luachonnhadat.vn,2026-05-12,6550000000,58,NA,NA
"Bán nhà MT đường Ấp Chiến Lược, P. Bình Hưng Hòa A, 4 x 16m, 6 tấm, giá 12.5 tỷ",12.5 Tỷ/căn,64 m²,"Bình Tân, Hồ Chí Minh",Bình Tân,Nhà phố,ban,https://luachonnhadat.vn/nha-dat/ban-nha-mt-duong-ap-chien-luoc-p-binh-hung-hoa-a-4-x-16m-6-tam-gia-12-5-ty.html,luachonnhadat.vn,2026-05-12,12500000000,64,NA,NA
"Bán nhà MT đường Số 53, P. Tân Tạo, 5 x 16m, 3.5 Tấm, giá 10 tỷ.",10 Tỷ/căn,80 m²,"Bình Tân, Hồ Chí Minh",Bình Tân,Nhà phố,ban,https://luachonnhadat.vn/nha-dat/ban-nha-mt-duong-so-53-p-tan-tao-5-x-16m-3-5-tam-gia-10-ty-.html,luachonnhadat.vn,2026-05-12,10000000000,80,NA,NA
"Bán nhà khu Tên Lửa đối diện Aeon, MT đường Số 17A, DT 5 x 20m, 3.5 tấm, giá 28 tỷ",28 Tỷ/căn,100 m²,"Bình Tân, Hồ Chí Minh",Bình Tân,Nhà phố,ban,https://luachonnhadat.vn/nha-dat/ban-nha-khu-ten-lua-doi-dien-aeon-mt-duong-so-17a-dt-5-x-20m-3-5-tam-gia-28-ty.html,luachonnhadat.vn,2026-05-12,28000000000,100,NA,NA
"Bán nhà góc 2MT hẻm 80 đường Số 12, P. Bình Hưng Hòa, DT 5 x 14m, 1 lửng, giá 6.35 tỷ",6.35 Tỷ/căn,70 m²,"Bình Tân, Hồ Chí Minh",Bình Tân,Nhà phố,ban,https://luachonnhadat.vn/nha-dat/ban-nha-goc-2mt-hem-80-duong-so-12-p-binh-hung-hoa-dt-5-x-14m-1-lung-gia-6-35-ty.html,luachonnhadat.vn,2026-05-12,6350000000,70,NA,NA
"Bán nhà hẻm 38 đường Số 18B, P. Bình Hưng Hòa A, DT 4 x 8m, 1 lầu, giá 3.53 tỷ",3.53 Tỷ/căn,32 m²,"Bình Tân, Hồ Chí Minh",Bình Tân,Nhà phố,ban,https://luachonnhadat.vn/nha-dat/ban-nha-hem-38-duong-so-18b-p-binh-hung-hoa-a-dt-4-x-8m-1-lau-gia-3-53-ty.html,luachonnhadat.vn,2026-05-12,3530000000,32,NA,NA
"Bán nhà hẻm 38 đường Số 18B, P. Bình Hưng Hòa A, DT 7.77 x 9m, cấp 4, đang làm kho, giá 4.35 tỷ",4.35 Tỷ/căn,69 m²,"Bình Tân, Hồ Chí Minh",Bình Tân,Nhà phố,ban,https://luachonnhadat.vn/nha-dat/ban-nha-hem-38-duong-so-18b-p-binh-hung-hoa-a-dt-7-77-x-9m-cap-4-dang-lam-kho-gia-4-35-ty.html,luachonnhadat.vn,2026-05-12,4350000000,69,NA,NA
"Bán nhà khu Cư Xá Rada, MT đường Số 10, DT 7.7 x 15m, cấp 4, giá 10.5 tỷ",10.5 Tỷ/căn,115 m²,"Quận 6, Hồ Chí Minh",Quận 6,Nhà phố,ban,https://luachonnhadat.vn/nha-dat/ban-nha-khu-cu-xa-rada-mt-duong-so-10-dt-7-7-x-15m-cap-4-gia-10-5-ty.html,luachonnhadat.vn,2026-05-12,10500000000,115,NA,NA
"Bán nhà hẻm 38 Dương Bá Cung, P. An Lạc A, DT 4 x 8m, 2 tấm, giá 3.8 tỷ",3.8 Tỷ/căn,32 m²,"Bình Tân, Hồ Chí Minh",Bình Tân,Nhà phố,ban,https://luachonnhadat.vn/nha-dat/ban-nha-hem-38-duong-ba-cung-p-an-lac-a-dt-4-x-8m-2-tam-gia-3-8-ty.html,luachonnhadat.vn,2026-05-12,3800000000,32,NA,NA
"Bán đất khu Tên Lửa gần Aeon Mall, MT đường Số 7B, DT 10 x 20m, giá 27 tỷ.",27 Tỷ/nền,200 m²,"Bình Tân, Hồ Chí Minh",Bình Tân,Đất,ban,https://luachonnhadat.vn/nha-dat/ban-dat-khu-ten-lua-gan-aeon-mall-mt-duong-so-7b-dt-10-x-20m-gia-27-ty-.html,luachonnhadat.vn,2026-05-12,27000000000,200,NA,NA
"Bán nhà MT đường Số 40A, P. Tân Tạo, 5 x 18m, 3 tấm, giá 15.5 tỷ.",15.5 Tỷ/căn,90 m²,"Bình Tân, Hồ Chí Minh",Bình Tân,Nhà phố,ban,https://luachonnhadat.vn/nha-dat/ban-nha-mt-duong-so-40a-p-tan-tao-5-x-18m-3-tam-gia-15-5-ty-.html,luachonnhadat.vn,2026-05-12,15500000000,90,NA,NA
"Bán nhà hẻm 528 Phạm Văn Chí, P.8, Q.6, DT 5.25 x 11m, 3.5 tấm, giá 7.1 tỷ",7.1 Tỷ/căn,57 m²,"Quận 6, Hồ Chí Minh",Quận 6,Nhà phố,ban,https://luachonnhadat.vn/nha-dat/ban-nha-hem-528-pham-van-chi-p-8-q-6-dt-5-25-x-11m-3-5-tam-gia-7-1-ty.html,luachonnhadat.vn,2026-05-12,7100000000,57,NA,NA
"Bán nhà khu Bình Phú, MT đường Số 74, DT 4 x 17m, 3 tấm, giá 9 tỷ",9 Tỷ/căn,68 m²,"Quận 6, Hồ Chí Minh",Quận 6,Nhà phố,ban,https://luachonnhadat.vn/nha-dat/ban-nha-khu-binh-phu-mt-duong-so-74-dt-4-x-17m-3-tam-gia-9-ty.html,luachonnhadat.vn,2026-05-12,9000000000,68,NA,NA
"Bán nhà hẻm 110 Đỗ Năng Tế, P. An Lạc A, DT 4 x 15m, 4.5 tấm, giá 8 tỷ",8 Tỷ/căn,60 m²,"Bình Tân, Hồ Chí Minh",Bình Tân,Nhà phố,ban,https://luachonnhadat.vn/nha-dat/ban-nha-hem-110-do-nang-te-p-an-lac-a-dt-4-x-15m-4-5-tam-gia-8-ty.html,luachonnhadat.vn,2026-05-12,8000000000,60,NA,NA
"Bán căn hộ tầng 9 Block B The Privia Khang Điền, MT đường An Dương Vương, DT 51m2, giá 3.68 tỷ",3.68 Tỷ/căn,51 m²,"Bình Tân, Hồ Chí Minh",Bình Tân,Căn hộ,ban,https://luachonnhadat.vn/nha-dat/ban-can-ho-tang-9-block-b-the-privia-khang-dien-mt-duong-an-duong-vuong-dt-51m2-gia-3-68-ty.html,luachonnhadat.vn,2026-05-11,3680000000,51,NA,NA
"Bán nhà khu Tên Lửa, MT đường Số 12B, DT 5 x 20m, 3.5 tấm, giá 16.8 tỷ.",16.8 Tỷ/căn,100 m²,"Bình Tân, Hồ Chí Minh",Bình Tân,Nhà phố,ban,https://luachonnhadat.vn/nha-dat/ban-nha-khu-ten-lua-mt-duong-so-12b-dt-5-x-20m-3-5-tam-gia-16-8-ty-.html,luachonnhadat.vn,2026-05-11,16800000000,100,NA,NA
"Bán nhà khu Tên Lửa đối diện Aeon, MT đường Số 17A, DT 5 x 20m, 3.5 tấm, giá 26 tỷ",26 Tỷ/căn,100 m²,"Bình Tân, Hồ Chí Minh",Bình Tân,Nhà phố,ban,https://luachonnhadat.vn/nha-dat/ban-nha-khu-ten-lua-doi-dien-aeon-mt-duong-so-17a-dt-5-x-20m-3-5-tam-gia-26-ty.html,luachonnhadat.vn,2026-05-11,26000000000,100,NA,NA
"Bán nhà MT đường Số 49, P. Tân Tạo, 5 x 18m, 3.5 tấm, giá 14.5 tỷ",14.5 Tỷ/căn,90 m²,"Bình Tân, Hồ Chí Minh",Bình Tân,Nhà phố,ban,https://luachonnhadat.vn/nha-dat/ban-nha-mt-duong-so-49-p-tan-tao-5-x-18m-3-5-tam-gia-14-5-ty.html,luachonnhadat.vn,2026-05-11,14500000000,90,NA,NA
"Bán nhà MT đường Chiến Lược, P. Tân Tạo, DT 4 x 26m, 1 lửng, giá 9.5 tỷ",9.5 Tỷ/căn,104 m²,"Bình Tân, Hồ Chí Minh",Bình Tân,Nhà phố,ban,https://luachonnhadat.vn/nha-dat/ban-nha-mt-duong-chien-luoc-p-tan-tao-dt-4-x-26m-1-lung-gia-9-5-ty.html,luachonnhadat.vn,2026-05-11,9500000000,104,NA,NA
"Bán nhà hẻm 827 Tỉnh Lộ 10, P. Bình Trị Đông B, 4 x 17m, 2 tấm, giá 5.8 tỷ",5.8 Tỷ/căn,70 m²,"Bình Tân, Hồ Chí Minh",Bình Tân,Nhà phố,ban,https://luachonnhadat.vn/nha-dat/ban-nha-hem-827-tinh-lo-10-p-binh-tri-dong-b-4-x-17m-2-tam-gia-5-8-ty.html,luachonnhadat.vn,2026-05-11,5800000000,70,NA,NA
"Bán nhà hẻm 18 Trương Phước Phan, P. Bình Trị Đông, 4 x 8m, 1 lầu, giá 3.99 tỷ",3.99 Tỷ/căn,32 m²,"Bình Tân, Hồ Chí Minh",Bình Tân,Nhà phố,ban,https://luachonnhadat.vn/nha-dat/ban-nha-hem-18-truong-phuoc-phan-p-binh-tri-dong-4-x-8m-1-lau-gia-3-99-ty.html,luachonnhadat.vn,2026-05-11,3990000000,32,NA,NA
"Bán nhà MT đường Liên Khu 2-10, P. Bình Hưng Hòa A, 4 x 22m, cấp 4, giá 5.8 tỷ",5.8 Tỷ/căn,88 m²,"Bình Tân, Hồ Chí Minh",Bình Tân,Nhà phố,ban,https://luachonnhadat.vn/nha-dat/ban-nha-mt-duong-lien-khu-2-10-p-binh-hung-hoa-a-4-x-22m-cap-4-gia-5-8-ty.html,luachonnhadat.vn,2026-05-11,5800000000,88,NA,NA
"Bán nhà hẻm 64 Lê Liễu, P. Tân Quý, Q. Tân Phú, DT 4 x 17m, cấp 4, giá 5.95 tỷ",5.95 Tỷ/căn,68 m²,"Tân Phú, Hồ Chí Minh",Tân Phú,Nhà phố,ban,https://luachonnhadat.vn/nha-dat/ban-nha-hem-64-le-lieu-p-tan-quy-q-tan-phu-dt-4-x-17m-cap-4-gia-5-95-ty.html,luachonnhadat.vn,2026-05-11,5950000000,68,NA,NA
"Bán nhà khu Tên Lửa, MT đường Số 26, DT 4 x 20m, 3 tấm, giá 11.5 tỷ.",11.5 Tỷ/căn,80 m²,"Bình Tân, Hồ Chí Minh",Bình Tân,Nhà phố,ban,https://luachonnhadat.vn/nha-dat/ban-nha-khu-ten-lua-mt-duong-so-26-dt-4-x-20m-3-tam-gia-11-5-ty-.html,luachonnhadat.vn,2026-05-11,11500000000,80,NA,NA
"Bán đất MT đường Hương Lộ 2, P. Bình Trị Đông A, DT 4 x 40m, giá 13 tỷ",13 Tỷ/nền,160 m²,"Bình Tân, Hồ Chí Minh",Bình Tân,Đất,ban,https://luachonnhadat.vn/nha-dat/ban-dat-mt-duong-huong-lo-2-p-binh-tri-dong-a-dt-4-x-40m-gia-13-ty.html,luachonnhadat.vn,2026-05-11,13000000000,160,NA,NA
"NHÀ MỚI KHU TÊN LỬA, MT ĐƯỜNG SỐ 6D, 5 X 18M, 3.5 TẤM, 12.9 TỶ | GẦN AEON MALL",12.9 Tỷ/căn,95 m²,"Bình Tân, Hồ Chí Minh",Bình Tân,Nhà phố,ban,https://luachonnhadat.vn/nha-dat/nha-moi-khu-ten-lua-mt-duong-so-6d-5-x-18m-3-5-tam-12-9-ty-gan-aeon-mall.html,luachonnhadat.vn,2026-05-11,12900000000,95,NA,NA
GÓC 2 MẶT TIỀN ĐƯỜNG SỐ 23 BÌNH PHÚ - SIÊU VỊ TRÍ KINH DOANH - NGANG 5M,30 Tỷ/căn,100 m²,"Quận 6, Hồ Chí Minh",Quận 6,Nhà phố,ban,https://luachonnhadat.vn/nha-dat/goc-2-mat-tien-duong-so-23-binh-phu-sieu-vi-tri-kinh-doanh-ngang-5m.html,luachonnhadat.vn,2026-05-11,30000000000,100,NA,NA
"Bán nhà hẻm 219 Mai Xuân Thưởng, P.6, Q.6, DT 3 x 13m, 4 tấm, giá 7.9 tỷ",7.9 Tỷ/căn,39 m²,"Quận 6, Hồ Chí Minh",Quận 6,Nhà phố,ban,https://luachonnhadat.vn/nha-dat/ban-nha-hem-219-mai-xuan-thuong-p-6-q-6-dt-3-x-13m-4-tam-gia-7-9-ty.html,luachonnhadat.vn,2026-05-11,7900000000,39,NA,NA
"Bán nhà khu Tên Lửa, MT đường Tên Lửa, DT 5 x 20m, 4 tấm, giá 30 tỷ",30 Tỷ/căn,100 m²,"Bình Tân, Hồ Chí Minh",Bình Tân,Nhà phố,ban,https://luachonnhadat.vn/nha-dat/ban-nha-khu-ten-lua-mt-duong-ten-lua-dt-5-x-20m-4-tam-gia-30-ty.html,luachonnhadat.vn,2026-05-11,30000000000,100,NA,NA
"Bán nhà khu Tên Lửa, MT đường Số 7, DT 5 x 20m, 4 tấm, giá 26.3 tỷ. kinh doanh sầm uất",26.3 Tỷ/căn,100 m²,"Bình Tân, Hồ Chí Minh",Bình Tân,Nhà phố,ban,https://luachonnhadat.vn/nha-dat/ban-nha-khu-ten-lua-mt-duong-so-7-dt-5-x-20m-4-tam-gia-26-3-ty-kinh-doanh-sam-uat.html,luachonnhadat.vn,2026-05-11,26300000000,100,NA,NA
"Bán nhà MT lô H đường Nguyễn Thức Tự, P. An Lạc A, DT 2.7 x 9m, 1 lầu, giá 2.2 tỷ",2.2 Tỷ/căn,24 m²,"Bình Tân, Hồ Chí Minh",Bình Tân,Nhà phố,ban,https://luachonnhadat.vn/nha-dat/ban-nha-mt-lo-h-duong-nguyen-thuc-tu-p-an-lac-a-dt-2-7-x-9m-1-lau-gia-2-2-ty.html,luachonnhadat.vn,2026-05-11,2200000000,24,NA,NA
"Bán nhà hẻm 24 Trương Phước Phan, P. Bình Trị Đông, 4 x 8m, 1 lầu, giá 2.99 tỷ",2.99 Tỷ/căn,32 m²,"Bình Tân, Hồ Chí Minh",Bình Tân,Nhà phố,ban,https://luachonnhadat.vn/nha-dat/ban-nha-hem-24-truong-phuoc-phan-p-binh-tri-dong-4-x-8m-1-lau-gia-2-99-ty.html,luachonnhadat.vn,2026-05-11,2990000000,32,NA,NA
"Bán nhà hẻm 496 Tỉnh Lộ 10, P. Bình Trị Đông, 4 x 8m, 2 tấm, giá 3.79 tỷ.",3.79 Tỷ/căn,32 m²,"Bình Tân, Hồ Chí Minh",Bình Tân,Nhà phố,ban,https://luachonnhadat.vn/nha-dat/ban-nha-hem-496-tinh-lo-10-p-binh-tri-dong-4-x-8m-2-tam-gia-3-79-ty-.html,luachonnhadat.vn,2026-05-11,3790000000,32,NA,NA
"Bán nhà hẻm 183 Tân Hòa Đông, P.14, Q.6, DT 3.2 x 4m, 3 tấm, giá 2.2 tỷ.",2.2 Tỷ/căn,12 m²,"Quận 6, Hồ Chí Minh",Quận 6,Nhà phố,ban,https://luachonnhadat.vn/nha-dat/ban-nha-hem-183-tan-hoa-dong-p-14-q-6-dt-3-2-x-4m-3-tam-gia-2-2-ty-.html,luachonnhadat.vn,2026-05-11,2200000000,12,NA,NA
"Bán nhà hẻm 63 Chu Văn An, P.1, Q.6, DT 4.2 x 15.6m, 1 lầu, giá 6 tỷ",6 Tỷ/căn,65 m²,"Quận 6, Hồ Chí Minh",Quận 6,Nhà phố,ban,https://luachonnhadat.vn/nha-dat/ban-nha-hem-63-chu-van-an-p-1-q-6-dt-4-2-x-15-6m-1-lau-gia-6-ty.html,luachonnhadat.vn,2026-05-11,6000000000,65,NA,NA
"Bán nhà hẻm 147 đường Số 8, P. Bình Hưng Hòa, DT 4 x 14m, 2.5 tấm, giá 5.69 tỷ",5.69 Tỷ/căn,56 m²,"Bình Tân, Hồ Chí Minh",Bình Tân,Nhà phố,ban,https://luachonnhadat.vn/nha-dat/ban-nha-hem-147-duong-so-8-p-binh-hung-hoa-dt-4-x-14m-2-5-tam-gia-5-69-ty.html,luachonnhadat.vn,2026-05-11,5690000000,56,NA,NA
"Bán cặp nhà khu Tên Lửa gần Aeon, MT đường Số 13B, DT 10 x 20m, 3.5 tấm, giá 32 tỷ.",32 Tỷ/căn,200 m²,"Bình Tân, Hồ Chí Minh",Bình Tân,Nhà phố,ban,https://luachonnhadat.vn/nha-dat/ban-cap-nha-khu-ten-lua-gan-aeon-mt-duong-so-13b-dt-10-x-20m-3-5-tam-gia-32-ty-.html,luachonnhadat.vn,2026-05-11,32000000000,200,NA,NA
"Bán nhà hẻm 338 Chiến Lược, P. Bình Trị Đông A, DT 4 x 9m, 3.5 tấm, giá 4.45 tỷ",4.45 Tỷ/căn,36 m²,"Bình Tân, Hồ Chí Minh",Bình Tân,Nhà phố,ban,https://luachonnhadat.vn/nha-dat/ban-nha-hem-338-chien-luoc-p-binh-tri-dong-a-dt-4-x-9m-3-5-tam-gia-4-45-ty.html,luachonnhadat.vn,2026-05-11,4450000000,36,NA,NA
"Bán nhà Hẻm 40 Tô Hiệu, P. Tân Thới Hòa, 5 x 11m, 1 lầu, giá 4.9 tỷ",4.9 Tỷ/căn,55 m²,"Tân Phú, Hồ Chí Minh",Tân Phú,Nhà phố,ban,https://luachonnhadat.vn/nha-dat/ban-nha-hem-40-to-hieu-p-tan-thoi-hoa-5-x-11m-1-lau-gia-4-9-ty.html,luachonnhadat.vn,2026-05-11,4900000000,55,NA,NA
"Bán đất hẻm 31 Huỳnh Thiên Lộc, P. Hòa Thạnh, DT 4 x 25m, giá từ 6.7 tỷ/lô",6.7 Tỷ/nền,100 m²,"Tân Phú, Hồ Chí Minh",Tân Phú,Đất,ban,https://luachonnhadat.vn/nha-dat/ban-dat-hem-31-huynh-thien-loc-p-hoa-thanh-dt-4-x-25m-gia-tu-6-7-ty-lo.html,luachonnhadat.vn,2026-05-11,6700000000,100,NA,NA
"Bán nhà MT đường Lũy Bán Bích, P. Tân Thới Hòa, DT 2.5 x 15m, 3.5 tấm, giá 5.95 tỷ",5.95 Tỷ/căn,37 m²,"Tân Phú, Hồ Chí Minh",Tân Phú,Nhà phố,ban,https://luachonnhadat.vn/nha-dat/ban-nha-mt-duong-luy-ban-bich-p-tan-thoi-hoa-dt-2-5-x-15m-3-5-tam-gia-5-95-ty.html,luachonnhadat.vn,2026-05-11,5950000000,37,NA,NA
"Bán nhà hẻm 285 Ấp Chiến Lược, P. Bình Hưng Hòa A, DT 6 x 14m, 4.5 tấm, giá 7.2 tỷ",7.2 Tỷ/căn,84 m²,"Bình Tân, Hồ Chí Minh",Bình Tân,Nhà phố,ban,https://luachonnhadat.vn/nha-dat/ban-nha-hem-285-ap-chien-luoc-p-binh-hung-hoa-a-dt-6-x-14m-4-5-tam-gia-7-2-ty.html,luachonnhadat.vn,2026-05-11,7200000000,84,NA,NA
"✅ NHÀ BÁN KHU TÊN LỬA, CẠNH COOPMART | MT ĐƯỜNG SỐ 19E, 4.5 X 18M, 3 TẤM, 11.3 TỶ.",11.3 Tỷ/căn,67 m²,"Bình Tân, Hồ Chí Minh",Bình Tân,Nhà phố,ban,https://luachonnhadat.vn/nha-dat/-nha-ban-khu-ten-lua-canh-coopmart-mt-duong-so-19e-4-5-x-18m-3-tam-11-3-ty-.html,luachonnhadat.vn,2026-05-10,11300000000,67,NA,NA
✅ BÁN ĐẤT KHU AO SEN TÊN LỬA – MẶT TIỀN ĐƯỜNG SỐ 7A – GẦN AEON MALL – GIÁ 12.5 TỶ,12.5 Tỷ/nền,100 m²,"Bình Tân, Hồ Chí Minh",Bình Tân,Đất,ban,https://luachonnhadat.vn/nha-dat/-ban-dat-khu-ao-sen-ten-lua-mat-tien-duong-so-7a-gan-aeon-mall-gia-12-5-ty.html,luachonnhadat.vn,2026-05-10,12500000000,100,NA,NA
"Bán nhà MT đường Chiến Lược, P. Bình Trị Đông, DT 12 x 68m, 3 tấm, giá 71 tỷ",71 Tỷ/căn,816 m²,"Bình Tân, Hồ Chí Minh",Bình Tân,Nhà phố,ban,https://luachonnhadat.vn/nha-dat/ban-nha-mt-duong-chien-luoc-p-binh-tri-dong-dt-12-x-68m-3-tam-gia-71-ty.html,luachonnhadat.vn,2026-05-10,71000000000,816,NA,NA
"Bán nhà góc 2MT hẻm 753 Tỉnh Lộ 10, P. Bình Trị Đông B, DT 5.7 x 18m, NH 6m, 3 tấm, giá 11.5 tỷ",11.5 Tỷ/căn,102 m²,"Bình Tân, Hồ Chí Minh",Bình Tân,Nhà phố,ban,https://luachonnhadat.vn/nha-dat/ban-nha-goc-2mt-hem-753-tinh-lo-10-p-binh-tri-dong-b-dt-5-7-x-18m-nh-6m-3-tam-gia-11-5-ty.html,luachonnhadat.vn,2026-05-10,11500000000,102,NA,NA
"Bán nhà MT đường Khiếu Năng Tĩnh, P. An Lạc A, 4 x 16m, 3.5 tấm, giá 10.7 tỷ.",10.7 Tỷ/căn,64 m²,"Bình Tân, Hồ Chí Minh",Bình Tân,Nhà phố,ban,https://luachonnhadat.vn/nha-dat/ban-nha-mt-duong-khieu-nang-tinh-p-an-lac-a-4-x-16m-3-5-tam-gia-10-7-ty-.html,luachonnhadat.vn,2026-05-10,10700000000,64,NA,NA
NHÀ PHỐ TÊN LỬA GIÁ TỐT – MẶT TIỀN ĐƯỜNG SỐ 2B – SÁT ĐƯỜNG SỐ 7 & CHỢ – CHỈ 6.99 TỶ,6.99 Tỷ/căn,48 m²,"Bình Tân, Hồ Chí Minh",Bình Tân,Nhà phố,ban,https://luachonnhadat.vn/nha-dat/nha-pho-ten-lua-gia-tot-mat-tien-duong-so-2b-sat-duong-so-7-cho-chi-6-99-ty.html,luachonnhadat.vn,2026-05-10,6990000000,48,NA,NA
"Bán nhà khu Tên Lửa, góc 2MT đường Số 16, DT 12 x 25m, 3 tấm, giá 43 tỷ.",43 Tỷ/căn,300 m²,"Bình Tân, Hồ Chí Minh",Bình Tân,Nhà phố,ban,https://luachonnhadat.vn/nha-dat/ban-nha-khu-ten-lua-goc-2mt-duong-so-16-dt-12-x-25m-3-tam-gia-43-ty-.html,luachonnhadat.vn,2026-05-10,43000000000,300,NA,NA
"Bán nhà khu Tên Lửa, MT đường Số 7, DT 5 x 20m, 4 tấm, giá 26.5 tỷ.",26.5 Tỷ/căn,100 m²,"Bình Tân, Hồ Chí Minh",Bình Tân,Nhà phố,ban,https://luachonnhadat.vn/nha-dat/ban-nha-khu-ten-lua-mt-duong-so-7-dt-5-x-20m-4-tam-gia-26-5-ty-.html,luachonnhadat.vn,2026-05-10,26500000000,100,NA,NA
"Bán nhà khu Tên Lửa, MT đường Số 7, DT 5 x 20m, 3.5 tấm, giá 26.5 tỷ.",26.5 Tỷ/căn,100 m²,"Bình Tân, Hồ Chí Minh",Bình Tân,Nhà phố,ban,https://luachonnhadat.vn/nha-dat/ban-nha-khu-ten-lua-mt-duong-so-7-dt-5-x-20m-3-5-tam-gia-26-5-ty-.html,luachonnhadat.vn,2026-05-10,26500000000,100,NA,NA
"Bán biệt thự khu Tên Lửa, MT đường Số 11A, DT 8 x 21m, 1 lầu, giá 23.9 tỷ.",23.9 Tỷ/căn,168 m²,"Bình Tân, Hồ Chí Minh",Bình Tân,Biệt thự,ban,https://luachonnhadat.vn/nha-dat/ban-biet-thu-khu-ten-lua-mt-duong-so-11a-dt-8-x-21m-1-lau-gia-23-9-ty-.html,luachonnhadat.vn,2026-05-10,23900000000,168,NA,NA
"BÁN NHÀ GÓC 2 MẶT ĐƯỜNG NỘI BỘ KHU BÌNH PHÚ, 4.2 X 15M, 3.5 TẤM, 9.1 TỶ, GẦN ST MEGA.",9.1 Tỷ/căn,63 m²,"Quận 6, Hồ Chí Minh",Quận 6,Nhà phố,ban,https://luachonnhadat.vn/nha-dat/ban-nha-goc-2-mat-duong-noi-bo-khu-binh-phu-4-2-x-15m-3-5-tam-9-1-ty-gan-st-mega-.html,luachonnhadat.vn,2026-05-09,9100000000,63,NA,NA
"Bán nhà hẻm 341 Bến Phú Lâm, P.9, Q.6, DT 4 x 14m, 3 tấm, giá 6.5 tỷ",6.5 Tỷ/căn,56 m²,"Quận 6, Hồ Chí Minh",Quận 6,Nhà phố,ban,https://luachonnhadat.vn/nha-dat/ban-nha-hem-341-ben-phu-lam-p-9-q-6-dt-4-x-14m-3-tam-gia-6-5-ty.html,luachonnhadat.vn,2026-05-09,6500000000,56,NA,NA
"Bán nhà khu Tên Lửa, MT đường Tên Lửa, DT 9 x 20m, 3.5 tấm, giá 45 tỷ",45 Tỷ/căn,180 m²,"Bình Tân, Hồ Chí Minh",Bình Tân,Nhà phố,ban,https://luachonnhadat.vn/nha-dat/ban-nha-khu-ten-lua-mt-duong-ten-lua-dt-9-x-20m-3-5-tam-gia-45-ty.html,luachonnhadat.vn,2026-05-08,45000000000,180,NA,NA
"Bán nhà hẻm 15 đường Số 5A, P. Bình Hưng Hoà A, DT 4 x 8m, 1 lầu, giá 3.28 tỷ",3.28 Tỷ/căn,32 m²,"Bình Tân, Hồ Chí Minh",Bình Tân,Nhà phố,ban,https://luachonnhadat.vn/nha-dat/ban-nha-hem-15-duong-so-5a-p-binh-hung-hoa-a-dt-4-x-8m-1-lau-gia-3-28-ty.html,luachonnhadat.vn,2026-05-08,3280000000,32,NA,NA
"Bán nhà khu Cư Xá Rada, MT đường Số 10, P.13, Q.6, DT 8.3 x 12m, 2.5 tấm, giá 27 tỷ.",27 Tỷ/căn,99 m²,"Quận 6, Hồ Chí Minh",Quận 6,Nhà phố,ban,https://luachonnhadat.vn/nha-dat/ban-nha-khu-cu-xa-rada-mt-duong-so-10-p-13-q-6-dt-8-3-x-12m-2-5-tam-gia-27-ty-.html,luachonnhadat.vn,2026-05-08,27000000000,99,NA,NA
"Bán nhà hẻm 132 Mã Lò, P. Bình Trị Đông A, 4.2 x 12.2m, 3 tấm, giá 4.3 tỷ",4.3 Tỷ/căn,51 m²,"Bình Tân, Hồ Chí Minh",Bình Tân,Nhà phố,ban,https://luachonnhadat.vn/nha-dat/ban-nha-hem-132-ma-lo-p-binh-tri-dong-a-4-2-x-12-2m-3-tam-gia-4-3-ty.html,luachonnhadat.vn,2026-05-08,4300000000,51,NA,NA
"Bán nhà hẻm 79 đường Số 12, P.16, Q.8, DT 30 x 22m, 3.5 tấm, giá 45 tỷ",45 Tỷ/căn,660 m²,"Quận 8, Hồ Chí Minh",Quận 8,Nhà phố,ban,https://luachonnhadat.vn/nha-dat/ban-nha-hem-79-duong-so-12-p-16-q-8-dt-30-x-22m-3-5-tam-gia-45-ty.html,luachonnhadat.vn,2026-05-08,45000000000,660,NA,NA
BIỆT THỰ MỚI - KHU VIP ĐỒNG BỘ ĐƯỜNG SỐ 32 - SÁT CẬN AEON MALL,26.5 Tỷ/căn,200 m²,"Bình Tân, Hồ Chí Minh",Bình Tân,Biệt thự,ban,https://luachonnhadat.vn/nha-dat/biet-thu-moi-khu-vip-dong-bo-duong-so-32-sat-can-aeon-mall.html,luachonnhadat.vn,2026-05-08,26500000000,200,NA,NA
"Bán nhà khu Tên Lửa, MT đường Số 3, DT 4 x 20m, 3.5 tấm, giá 12.3 tỷ.",12.3 Tỷ/căn,80 m²,"Bình Tân, Hồ Chí Minh",Bình Tân,Nhà phố,ban,https://luachonnhadat.vn/nha-dat/ban-nha-khu-ten-lua-mt-duong-so-3-dt-4-x-20m-3-5-tam-gia-12-3-ty-.html,luachonnhadat.vn,2026-05-08,12300000000,80,NA,NA
"Bán nhà MT đường Lê Sao, P. Phú Thạnh, Q. Tân Phú, 8 x 18m, cấp 4, giá 18.8 tỷ",18.8 Tỷ/căn,144 m²,"Tân Phú, Hồ Chí Minh",Tân Phú,Nhà phố,ban,https://luachonnhadat.vn/nha-dat/ban-nha-mt-duong-le-sao-p-phu-thanh-q-tan-phu-8-x-18m-cap-4-gia-18-8-ty.html,luachonnhadat.vn,2026-05-08,18800000000,144,NA,NA
"Bán nhà MT đường Nguyễn Thanh Tuyền, P.2, Q. Tân Bình, DT 4 x 13.5m, 5 tấm, giá 12.7 tỷ",12.7 Tỷ/căn,54 m²,"Tân Bình, Hồ Chí Minh",Tân Bình,Nhà phố,ban,https://luachonnhadat.vn/nha-dat/ban-nha-mt-duong-nguyen-thanh-tuyen-p-2-q-tan-binh-dt-4-x-13-5m-5-tam-gia-12-7-ty.html,luachonnhadat.vn,2026-05-08,12700000000,54,NA,NA
NHÀ PHỐ 3.5 TẤM HIỆN ĐẠI – MẶT TIỀN ĐƯỜNG SỐ 6D TÊN LỬA – NGANG 5M CỰC HIẾM – GIÁ 12.3 TỶ,12.3 Tỷ/căn,90 m²,"Bình Tân, Hồ Chí Minh",Bình Tân,Nhà phố,ban,https://luachonnhadat.vn/nha-dat/nha-pho-3-5-tam-hien-dai-mat-tien-duong-so-6d-ten-lua-ngang-5m-cuc-hiem-gia-12-3-ty.html,luachonnhadat.vn,2026-05-07,12300000000,90,NA,NA
"Bán nhà MT đường Số 40A, P. Tân Tạo, 5 x 12m, 3 tấm, giá 11.9 tỷ",11.9 Tỷ/căn,60 m²,"Bình Tân, Hồ Chí Minh",Bình Tân,Nhà phố,ban,https://luachonnhadat.vn/nha-dat/ban-nha-mt-duong-so-40a-p-tan-tao-5-x-12m-3-tam-gia-11-9-ty.html,luachonnhadat.vn,2026-05-07,11900000000,60,NA,NA
"Bán nhà khu Tên Lửa, MT đường Số 12B, DT 5 x 20m, 4.5 tấm, giá 15.3 tỷ.",15.3 Tỷ/căn,100 m²,"Bình Tân, Hồ Chí Minh",Bình Tân,Nhà phố,ban,https://luachonnhadat.vn/nha-dat/ban-nha-khu-ten-lua-mt-duong-so-12b-dt-5-x-20m-4-5-tam-gia-15-3-ty-.html,luachonnhadat.vn,2026-05-07,15300000000,100,NA,NA
"Bán nhà hẻm 103 Chiến Lược, P. Bình Trị Đông, 4.46 x 11m, 2 tấm, giá 5.49 tỷ",5.49 Tỷ/căn,48 m²,"Bình Tân, Hồ Chí Minh",Bình Tân,Nhà phố,ban,https://luachonnhadat.vn/nha-dat/ban-nha-hem-103-chien-luoc-p-binh-tri-dong-4-46-x-11m-2-tam-gia-5-49-ty.html,luachonnhadat.vn,2026-05-07,5490000000,48,NA,NA
"Bán nhà hẻm 101 Tân Hoá, P.14, Q.6, DT 4.1 x 12m, 1 lửng, giá 5.8 tỷ",5.8 Tỷ/căn,49 m²,"Quận 6, Hồ Chí Minh",Quận 6,Nhà phố,ban,https://luachonnhadat.vn/nha-dat/ban-nha-hem-101-tan-hoa-p-14-q-6-dt-4-1-x-12m-1-lung-gia-5-8-ty.html,luachonnhadat.vn,2026-05-07,5800000000,49,NA,NA
"Bán nhà hẻm 27 Bình Trị Đông, P. Bình Trị Đông A, 3.3 x 9.5m, 2 tấm, giá 4.25 tỷ",4.25 Tỷ/căn,31 m²,"Bình Tân, Hồ Chí Minh",Bình Tân,Nhà phố,ban,https://luachonnhadat.vn/nha-dat/ban-nha-hem-27-binh-tri-dong-p-binh-tri-dong-a-3-3-x-9-5m-2-tam-gia-4-25-ty.html,luachonnhadat.vn,2026-05-07,4250000000,31,NA,NA
"Bán nhà hẻm 103 Liên khu 10-11, P. Bình Trị Đông, 6.8 x 20m, 2 tấm, giá 7.9 tỷ",7.9 Tỷ/căn,136 m²,"Bình Tân, Hồ Chí Minh",Bình Tân,Nhà phố,ban,https://luachonnhadat.vn/nha-dat/ban-nha-hem-103-lien-khu-10-11-p-binh-tri-dong-6-8-x-20m-2-tam-gia-7-9-ty.html,luachonnhadat.vn,2026-05-07,7900000000,136,NA,NA
"Bán nhà hẻm 184 Lê Đình Cẩn, P. Tân Tạo, 4.25 x 17m, 4 tấm, giá 6.8 tỷ",6.8 Tỷ/căn,72 m²,"Bình Tân, Hồ Chí Minh",Bình Tân,Nhà phố,ban,https://luachonnhadat.vn/nha-dat/ban-nha-hem-184-le-dinh-can-p-tan-tao-4-25-x-17m-4-tam-gia-6-8-ty.html,luachonnhadat.vn,2026-05-07,6800000000,72,NA,NA
"Bán nhà 2MT Trước - Sau hẻm 51 Khiếu Năng Tĩnh, P. An Lạc A, DT 7 x 33m, 3 tấm, giá 18 tỷ",18 Tỷ/căn,231 m²,"Bình Tân, Hồ Chí Minh",Bình Tân,Nhà phố,ban,https://luachonnhadat.vn/nha-dat/ban-nha-2mt-truoc-sau-hem-51-khieu-nang-tinh-p-an-lac-a-dt-7-x-33m-3-tam-gia-18-ty.html,luachonnhadat.vn,2026-05-07,18000000000,231,NA,NA
"Bán đất khu Nam Hùng Vương, MT đường Số 4, DT 4 x 24m, giá 7.6 tỷ",7.6 Tỷ/nền,96 m²,"Bình Tân, Hồ Chí Minh",Bình Tân,Đất,ban,https://luachonnhadat.vn/nha-dat/ban-dat-khu-nam-hung-vuong-mt-duong-so-4-dt-4-x-24m-gia-7-6-ty.html,luachonnhadat.vn,2026-05-07,7600000000,96,NA,NA
"Bán nhà khu Tên Lửa, góc 2MT đường Số 14, P. An Lạc A, 4 x 15m, 4.5 tấm, giá 12.8 tỷ",12.8 Tỷ/căn,60 m²,"Bình Tân, Hồ Chí Minh",Bình Tân,Nhà phố,ban,https://luachonnhadat.vn/nha-dat/ban-nha-khu-ten-lua-goc-2mt-duong-so-14-p-an-lac-a-4-x-15m-4-5-tam-gia-12-8-ty.html,luachonnhadat.vn,2026-05-07,12800000000,60,NA,NA
"Bán nhà khu Bình Phú, MT đường Song Hành, DT 4 x 17m, 4.5 tấm, giá 15.2 tỷ.",15.2 Tỷ/nền,68 m²,"Quận 6, Hồ Chí Minh",Quận 6,Nhà phố,ban,https://luachonnhadat.vn/nha-dat/ban-nha-khu-binh-phu-mt-duong-song-hanh-dt-4-x-17m-4-5-tam-gia-15-2-ty-.html,luachonnhadat.vn,2026-05-07,15200000000,68,NA,NA
"Bán nhà hẻm 116 Tân Hoà Đông, P.14, Q.6, DT 3.4 x 11m, 2 tấm, giá 8.6 tỷ",8.6 Tỷ/căn,37 m²,"Quận 6, Hồ Chí Minh",Quận 6,Nhà phố,ban,https://luachonnhadat.vn/nha-dat/ban-nha-hem-116-tan-hoa-dong-p-14-q-6-dt-3-4-x-11m-2-tam-gia-8-6-ty.html,luachonnhadat.vn,2026-05-07,8600000000,37,NA,NA
"Bán nhà hẻm 815 Hương Lộ 2, P. Bình Trị Đông A, 6 x 9m, 3.5 tấm, giá 7.5 tỷ",7.5 Tỷ/căn,54 m²,"Bình Tân, Hồ Chí Minh",Bình Tân,Nhà phố,ban,https://luachonnhadat.vn/nha-dat/ban-nha-hem-815-huong-lo-2-p-binh-tri-dong-a-6-x-9m-3-5-tam-gia-7-5-ty.html,luachonnhadat.vn,2026-05-07,7500000000,54,NA,NA
"Bán nhà khu Nam Hùng Vương, MT đường Số 2, P. An Lạc, 6 x 21m, 3.5 tấm, giá 9.5 tỷ.",9.5 Tỷ/căn,126 m²,"Bình Tân, Hồ Chí Minh",Bình Tân,Nhà phố,ban,https://luachonnhadat.vn/nha-dat/ban-nha-khu-nam-hung-vuong-mt-duong-so-2-p-an-lac-6-x-21m-3-5-tam-gia-9-5-ty-.html,luachonnhadat.vn,2026-05-07,9500000000,126,NA,NA
"Bán nhà hẻm 122 Miếu Gò Xoài, P. Bình Hưng Hòa A, DT 4 x 14m, 4 tấm, giá 7.2 tỷ",7.2 Tỷ/căn,56 m²,"Bình Tân, Hồ Chí Minh",Bình Tân,Nhà phố,ban,https://luachonnhadat.vn/nha-dat/ban-nha-hem-122-mieu-go-xoai-p-binh-hung-hoa-a-dt-4-x-14m-4-tam-gia-7-2-ty.html,luachonnhadat.vn,2026-05-07,7200000000,56,NA,NA
"Bán đất khu phân lô hẻm 55 Tây Lân, P. Tân Tạo, DT 4 x 18m, giá 6.05 tỷ",6.05 Tỷ/nền,72 m²,"Bình Tân, Hồ Chí Minh",Bình Tân,Đất,ban,https://luachonnhadat.vn/nha-dat/ban-dat-khu-phan-lo-hem-55-tay-lan-p-tan-tao-dt-4-x-18m-gia-6-05-ty.html,luachonnhadat.vn,2026-05-07,6050000000,72,NA,NA
"Bán nhà hẻm 879 Hương Lộ 2, P. Bình Trị Đông A, 4 x 15.5m, cấp 4, giá 4.88 tỷ",4.88 Tỷ/căn,62 m²,"Bình Tân, Hồ Chí Minh",Bình Tân,Nhà phố,ban,https://luachonnhadat.vn/nha-dat/ban-nha-hem-879-huong-lo-2-p-binh-tri-dong-a-4-x-15-5m-cap-4-gia-4-88-ty.html,luachonnhadat.vn,2026-05-07,4880000000,62,NA,NA
NHÀ PHỐ HẺM 532 KINH DƯƠNG VƯƠNG (BÌNH TRỊ ĐÔNG B) – 10 X 22M – GIÁ 21.8 TỶ | GẦN AEON MALL TÊN LỬA,21.8 Tỷ/căn,220 m²,"Bình Tân, Hồ Chí Minh",Bình Tân,Nhà phố,ban,https://luachonnhadat.vn/nha-dat/nha-pho-hem-532-kinh-duong-vuong-binh-tri-dong-b-10-x-22m-gia-21-8-ty-gan-aeon-mall-ten-lua.html,luachonnhadat.vn,2026-05-06,21800000000,220,NA,NA
"BÁN NHÀ MỚI CHÍNH CHỦ | 33 LÊ CÔNG PHÉP, 4.5 X 18M, 3.5 TẤM, 9.8 TỶ | NHÀ MỚI ĐẸP, GẦN AEON MALL",9.8 Tỷ/căn,79 m²,"Bình Tân, Hồ Chí Minh",Bình Tân,Nhà phố,ban,https://luachonnhadat.vn/nha-dat/ban-nha-moi-chinh-chu-33-le-cong-phep-4-5-x-18m-3-5-tam-9-8-ty-nha-moi-dep-gan-aeon-mall.html,luachonnhadat.vn,2026-05-06,9800000000,79,NA,NA
"BÁN NHÀ MỚI HẺM Ô TÔ AN DƯƠNG VƯƠNG | 4 X 20M, 4 TẤM, 8.3 TỶ | ẢNH THẬT 100%.",8.3 Tỷ/căn,80 m²,"Bình Tân, Hồ Chí Minh",Bình Tân,Nhà phố,ban,https://luachonnhadat.vn/nha-dat/ban-nha-moi-hem-o-to-an-duong-vuong-4-x-20m-4-tam-8-3-ty-anh-that-100-.html,luachonnhadat.vn,2026-05-06,8300000000.000001,80,NA,NA
"Bán cặp nhà MT đường Gò Xoài, P. Bình Hưng Hòa A, DT 8 x 20m, cấp 4, giá 19.5 tỷ",19.5 Tỷ/căn,160 m²,"Bình Tân, Hồ Chí Minh",Bình Tân,Nhà phố,ban,https://luachonnhadat.vn/nha-dat/ban-cap-nha-mt-duong-go-xoai-p-binh-hung-hoa-a-dt-8-x-20m-cap-4-gia-19-5-ty.html,luachonnhadat.vn,2026-05-06,19500000000,160,NA,NA
"Bán nhà hẻm 224 đường Số 8, P. Bình Hưng Hòa, DT 4.03 x 15m, 1 lửng, giá 5.38 tỷ",5.38 Tỷ/căn,60 m²,"Bình Tân, Hồ Chí Minh",Bình Tân,Nhà phố,ban,https://luachonnhadat.vn/nha-dat/ban-nha-hem-224-duong-so-8-p-binh-hung-hoa-dt-4-03-x-15m-1-lung-gia-5-38-ty.html,luachonnhadat.vn,2026-05-06,5380000000,60,NA,NA
"Bán nhà khu Tên Lửa, MT đường Số 9A, DT 4 x 12m, 2.5 tấm, giá 8.9 tỷ.",8.9 Tỷ/căn,48 m²,"Bình Tân, Hồ Chí Minh",Bình Tân,Nhà phố,ban,https://luachonnhadat.vn/nha-dat/ban-nha-khu-ten-lua-mt-duong-so-9a-dt-4-x-12m-2-5-tam-gia-8-9-ty-.html,luachonnhadat.vn,2026-05-06,8900000000,48,NA,NA
"Bán biệt thự khu Tên Lửa, MT đường Số 19, DT 10 x 22m, 3 tấm, giá 45 tỷ.",45 Tỷ/căn,220 m²,"Bình Tân, Hồ Chí Minh",Bình Tân,Biệt thự,ban,https://luachonnhadat.vn/nha-dat/ban-biet-thu-khu-ten-lua-mt-duong-so-19-dt-10-x-22m-3-tam-gia-45-ty-.html,luachonnhadat.vn,2026-05-06,45000000000,220,NA,NA
"Bán nhà mới, hẻm ô tô, 389 Tỉnh Lộ 10, P. An Lạc A, 5.12 x 15.3m, 4 tấm, giá 8.65 tỷ",8.65 Tỷ/căn,78 m²,"Bình Tân, Hồ Chí Minh",Bình Tân,Nhà phố,ban,https://luachonnhadat.vn/nha-dat/ban-nha-moi-hem-o-to-389-tinh-lo-10-p-an-lac-a-5-12-x-15-3m-4-tam-gia-8-65-ty.html,luachonnhadat.vn,2026-05-06,8650000000,78,NA,NA
"Bán khách sạn khu Tên Lửa, MT đường Số 16, DT 6 x 23m, 5 tấm, giá 26 tỷ.",26 Tỷ/căn,138 m²,"Bình Tân, Hồ Chí Minh",Bình Tân,Khách sạn,ban,https://luachonnhadat.vn/nha-dat/ban-khach-san-khu-ten-lua-mt-duong-so-16-dt-6-x-23m-5-tam-gia-26-ty-.html,luachonnhadat.vn,2026-05-06,26000000000,138,NA,NA
"Bán nhà mới, MT đường Nguyễn Triệu Luật, P. Tân Tạo, 4 x 21m, 4 tấm, giá 7.8 tỷ",7.8 Tỷ/căn,84 m²,"Bình Tân, Hồ Chí Minh",Bình Tân,Nhà phố,ban,https://luachonnhadat.vn/nha-dat/ban-nha-moi-mt-duong-nguyen-trieu-luat-p-tan-tao-4-x-21m-4-tam-gia-7-8-ty.html,luachonnhadat.vn,2026-05-05,7800000000,84,NA,NA
"Bán nhà khu Bình Phú, MT đường Số 19, DT 4 x 16.5m, 2.5 tấm, giá 11.5 tỷ",11.5 Tỷ/căn,66 m²,"Quận 6, Hồ Chí Minh",Quận 6,Nhà phố,ban,https://luachonnhadat.vn/nha-dat/ban-nha-khu-binh-phu-mt-duong-so-19-dt-4-x-16-5m-2-5-tam-gia-11-5-ty.html,luachonnhadat.vn,2026-05-05,11500000000,66,NA,NA
"Bán Shophouse Tại Moonlight Park View đường Số 7, DT 5.5 x 16m, 1 lầu, giá 8.5 tỷ",8.5 Tỷ/căn,88 m²,"Bình Tân, Hồ Chí Minh",Bình Tân,Shop house,ban,https://luachonnhadat.vn/nha-dat/ban-shophouse-tai-moonlight-park-view-duong-so-7-dt-5-5-x-16m-1-lau-gia-8-5-ty.html,luachonnhadat.vn,2026-05-05,8500000000,88,NA,NA
"Bán nhà khu Tên Lửa, MT đường Số 24, DT 4.5 x 20m, 3 tấm, giá 14.5 tỷ.",14.5 Tỷ/căn,90 m²,"Bình Tân, Hồ Chí Minh",Bình Tân,Nhà phố,ban,https://luachonnhadat.vn/nha-dat/ban-nha-khu-ten-lua-mt-duong-so-24-dt-4-5-x-20m-3-tam-gia-14-5-ty-.html,luachonnhadat.vn,2026-05-05,14500000000,90,NA,NA
"Bán nhà mới hẻm ô tô 918 Hương Lộ 2, P. Bình Trị Đông A, 4.2 x 13.5m, 4.5 tấm, giá 7.7 tỷ",7.7 Tỷ/căn,56 m²,"Bình Tân, Hồ Chí Minh",Bình Tân,Nhà phố,ban,https://luachonnhadat.vn/nha-dat/ban-nha-moi-hem-o-to-918-huong-lo-2-p-binh-tri-dong-a-4-2-x-13-5m-4-5-tam-gia-7-7-ty.html,luachonnhadat.vn,2026-05-05,7700000000,56,NA,NA
"Bán nhà góc 2MT đường Lý Đạo Thành, P.16, Q.8, DT 8.9 x 9.6m, 3.5 tấm, giá 6 tỷ.",6 Tỷ/căn,85 m²,"Quận 8, Hồ Chí Minh",Quận 8,Nhà phố,ban,https://luachonnhadat.vn/nha-dat/ban-nha-goc-2mt-duong-ly-dao-thanh-p-16-q-8-dt-8-9-x-9-6m-3-5-tam-gia-6-ty-.html,luachonnhadat.vn,2026-05-05,6000000000,85,NA,NA
"Bán nhà MT đường Liên Khu 16 -18, P. Bình Trị Đông, 4 x 24m, NH 8m, 1 lầu, giá 13.5 tỷ",13.5 Tỷ/căn,146 m²,"Bình Tân, Hồ Chí Minh",Bình Tân,Nhà phố,ban,https://luachonnhadat.vn/nha-dat/ban-nha-mt-duong-lien-khu-16-18-p-binh-tri-dong-4-x-24m-nh-8m-1-lau-gia-13-5-ty.html,luachonnhadat.vn,2026-05-05,13500000000,146,NA,NA
"Bán đất MT đường Trần Hải Phụng, P. Tân Tạo, 12 x 33m, 16.8 tỷ. (thương lượng)",16.8 Tỷ/nền,396 m²,"Bình Tân, Hồ Chí Minh",Bình Tân,Đất,ban,https://luachonnhadat.vn/nha-dat/ban-dat-mt-duong-tran-hai-phung-p-tan-tao-12-x-33m-16-8-ty-thuong-luong-.html,luachonnhadat.vn,2026-05-05,16800000000,396,NA,NA
"Bán nhà khu Tên Lửa, MT đường Số 19, DT 4.5 x 20m, 3.5 tấm, giá 15 tỷ.",15 Tỷ/căn,90 m²,"Bình Tân, Hồ Chí Minh",Bình Tân,Nhà phố,ban,https://luachonnhadat.vn/nha-dat/ban-nha-khu-ten-lua-mt-duong-so-19-dt-4-5-x-20m-3-5-tam-gia-15-ty-.html,luachonnhadat.vn,2026-05-05,15000000000,90,NA,NA
"Cho thuê đất khu Tên Lửa, góc 2MT đường Số 7A, P. Bình Trị Đông B, 22 x 25m, giá 30 triệu/tháng",30 Triệu/tháng,550 m²,"Bình Tân, Hồ Chí Minh",Bình Tân,Đất,thue,https://luachonnhadat.vn/nha-dat/cho-thue-dat-khu-ten-lua-goc-2mt-duong-so-7a-p-binh-tri-dong-b-22-x-25m-gia-30-trieu-thang.html,luachonnhadat.vn,2025-08-06,30000000,550,NA,NA
"Cho thuê nhà MT đường Nguyễn Thức Đường, P. An Lạc A, 4 x 20m, 3.5 tấm, giá 26 triệu/tháng",26 Triệu/tháng,80 m²,"Bình Tân, Hồ Chí Minh",Bình Tân,Nhà phố,thue,https://luachonnhadat.vn/nha-dat/cho-thue-nha-mt-duong-nguyen-thuc-duong-p-an-lac-a-4-x-20m-3-5-tam-gia-26-trieu-thang.html,luachonnhadat.vn,2025-08-04,26000000,80,NA,NA
"Cho thuê nhà MT đường Phạm Văn Chí, P.4, Q.6, DT 3.2 x 17m, 1 lầu, giá 15 triệu/tháng",15 Triệu/tháng,54 m²,"Quận 6, Hồ Chí Minh",Quận 6,Nhà phố,thue,https://luachonnhadat.vn/nha-dat/cho-thue-nha-mt-duong-pham-van-chi-p-4-q-6-dt-3-2-x-17m-1-lau-gia-15-trieu-thang.html,luachonnhadat.vn,2025-07-31,15000000,54,NA,NA
"Cho thuê nhà hẻm 384 Phạm Văn Chí, P.4, Q.6, DT 3.6 x 10m, 1 lầu, giá 10 triệu/tháng",10 Triệu/tháng,36 m²,"Quận 6, Hồ Chí Minh",Quận 6,Nhà phố,thue,https://luachonnhadat.vn/nha-dat/cho-thue-nha-hem-384-pham-van-chi-p-4-q-6-dt-3-6-x-10m-1-lau-gia-10-trieu-thang.html,luachonnhadat.vn,2025-07-29,10000000,36,NA,NA
"Cho thuê nhà khu Tên Lửa, MT đường Số 19, DT 4.5 x 15m, 3.5 tấm, 25 triêu/tháng",25 Triệu/căn,67 m²,"Bình Tân, Hồ Chí Minh",Bình Tân,Nhà phố,thue,https://luachonnhadat.vn/nha-dat/cho-thue-nha-khu-ten-lua-mt-duong-so-19-dt-4-5-x-15m-3-5-tam-25-trieu-thang.html,luachonnhadat.vn,2025-07-28,25000000,67,NA,NA
"Cho thuê nhà khu Tên Lửa, MT đường Số 25, DT 5 x 20m, 3.5 tấm, giá 25 triệu/tháng.",25 Triệu/tháng,100 m²,"Bình Tân, Hồ Chí Minh",Bình Tân,Nhà phố,thue,https://luachonnhadat.vn/nha-dat/cho-thue-nha-khu-ten-lua-mt-duong-so-25-dt-5-x-20m-3-5-tam-gia-25-trieu-thang-.html,luachonnhadat.vn,2025-07-26,25000000,100,NA,NA
"Cho thuê nhà MT đường Bà Hom, P.13, Q.6, DT 6 x 18m, 3.5 tấm, giá 70 triệu/tháng",70 Triệu/tháng,108 m²,"Quận 6, Hồ Chí Minh",Quận 6,Nhà phố,thue,https://luachonnhadat.vn/nha-dat/cho-thue-nha-mt-duong-ba-hom-p-13-q-6-dt-6-x-18m-3-5-tam-gia-70-trieu-thang.html,luachonnhadat.vn,2025-07-24,70000000,108,NA,NA
"Cho thuê nhà MT đường Tỉnh Lộ 10, P. An Lạc A, DT 5.5 x 21m, cấp 4, giá 32 triệu/tháng",32 Triệu/tháng,115 m²,"Bình Tân, Hồ Chí Minh",Bình Tân,Nhà phố,thue,https://luachonnhadat.vn/nha-dat/cho-thue-nha-mt-duong-tinh-lo-10-p-an-lac-a-dt-5-5-x-21m-cap-4-gia-32-trieu-thang.html,luachonnhadat.vn,2025-07-22,32000000,115,NA,NA
"Cho thuê nhà khu Tên Lửa, MT đường Số 1A, P. Bình Trị Đông B, 4 x 20m, 2 tấm, giá 15 triệu/tháng.",15 Triệu/tháng,80 m²,"Bình Tân, Hồ Chí Minh",Bình Tân,Nhà phố,thue,https://luachonnhadat.vn/nha-dat/cho-thue-nha-khu-ten-lua-mt-duong-so-1a-p-binh-tri-dong-b-4-x-20m-2-tam-gia-15-trieu-thang--1753167847.html,luachonnhadat.vn,2025-07-22,15000000,80,NA,NA
"Cho thuê nhà MT đường Tỉnh Lộ 10, P. Tân Tạo, DT 5 x 40m, 1 lầu, giá 24 triệu/tháng",24 Triệu/tháng,200 m²,"Bình Tân, Hồ Chí Minh",Bình Tân,Nhà phố,thue,https://luachonnhadat.vn/nha-dat/cho-thue-nha-mt-duong-tinh-lo-10-p-tan-tao-dt-5-x-40m-1-lau-gia-24-trieu-thang-1753082699.html,luachonnhadat.vn,2025-07-21,24000000,200,NA,NA
"Cho thuê nhà khu Bình Phú, MT đường Vành Đai, P.10, Q.6, DT 4 x 15m, 4.5 tấm, giá 50 triệu/tháng",50 Triệu/tháng,60 m²,"Quận 6, Hồ Chí Minh",Quận 6,Nhà phố,thue,https://luachonnhadat.vn/nha-dat/cho-thue-nha-khu-binh-phu-mt-duong-vanh-dai-p-10-q-6-dt-4-x-15m-4-5-tam-gia-50-trieu-thang.html,luachonnhadat.vn,2025-07-21,50000000,60,NA,NA
"Cho thuê mặt bằng hẻm 532 Sinco, P. Bình Trị Đông B, 15 x 10m, cấp 4, giá 20 triệu/tháng",20 Triệu/tháng,150 m²,"Bình Tân, Hồ Chí Minh",Bình Tân,Mặt bằng,thue,https://luachonnhadat.vn/nha-dat/cho-thue-mat-bang-hem-532-sinco-p-binh-tri-dong-b-15-x-10m-cap-4-gia-20-trieu-thang.html,luachonnhadat.vn,2025-07-21,20000000,150,NA,NA
"Cho thuê mặt bằng hẻm 532 Sinco, P. Bình Trị Đông B, 8 x 20m, cấp 4, giá 13 triệu/tháng",13 Triệu/tháng,160 m²,"Bình Tân, Hồ Chí Minh",Bình Tân,Mặt bằng,thue,https://luachonnhadat.vn/nha-dat/cho-thue-mat-bang-hem-532-sinco-p-binh-tri-dong-b-8-x-20m-cap-4-gia-13-trieu-thang.html,luachonnhadat.vn,2025-07-21,13000000,160,NA,NA
"Cho thuê nhà kho khu Bình Phú, MT đường Số 57, DT 10 x 20m, cấp 4, giá 25 triệu/tháng",25 Triệu/tháng,200 m²,"Quận 6, Hồ Chí Minh",Quận 6,Nhà phố,thue,https://luachonnhadat.vn/nha-dat/cho-thue-nha-kho-khu-binh-phu-mt-duong-so-57-dt-10-x-20m-cap-4-gia-25-trieu-thang.html,luachonnhadat.vn,2025-07-18,25000000,200,NA,NA
"Cho thuê nhà khu Bình Phú, góc 2MT đường Số 14, DT 8 x 10m, 3.5 tấm, giá 27 triệu/tháng",27 Triệu/tháng,80 m²,"Quận 6, Hồ Chí Minh",Quận 6,Nhà phố,thue,https://luachonnhadat.vn/nha-dat/cho-thue-nha-khu-binh-phu-goc-2mt-duong-so-14-dt-8-x-10m-3-5-tam-gia-27-trieu-thang.html,luachonnhadat.vn,2025-07-16,27000000,80,NA,NA
"Cho thuê nhà khu Tên Lửa, MT đường Tên Lửa nhỏ, DT 4 x 25m, 2.5 tấm, giá 24 triệu/tháng",24 Triệu/tháng,100 m²,"Bình Tân, Hồ Chí Minh",Bình Tân,Nhà phố,thue,https://luachonnhadat.vn/nha-dat/cho-thue-nha-khu-ten-lua-mt-duong-ten-lua-nho-dt-4-x-25m-2-5-tam-gia-24-trieu-thang.html,luachonnhadat.vn,2025-07-15,24000000,100,NA,NA
"Cho thuê nhà hẻm 532 Kinh Dương Vương, P. Bình Trị Đông B, 4 x 27m, 3.5 tấm, giá 23 triệu/tháng",23 Triệu/tháng,108 m²,"Bình Tân, Hồ Chí Minh",Bình Tân,Nhà phố,thue,https://luachonnhadat.vn/nha-dat/cho-thue-nha-hem-532-kinh-duong-vuong-p-binh-tri-dong-b-4-x-27m-3-5-tam-gia-23-trieu-thang-1752199336.html,luachonnhadat.vn,2025-07-11,23000000,108,NA,NA
"Cho thuê nhà MT đường Số 38, P. Tân Tạo, 4.5 x 23m, 3.5 tấm, giá 17 triệu/tháng.",17 Triệu/tháng,103 m²,"Bình Tân, Hồ Chí Minh",Bình Tân,Nhà phố,thue,https://luachonnhadat.vn/nha-dat/cho-thue-nha-mt-duong-so-38-p-tan-tao-4-5-x-23m-3-5-tam-gia-17-trieu-thang-.html,luachonnhadat.vn,2025-06-30,17000000,103,NA,NA
"Cho thuê nhà hẻm 54 Chiến Lược, P. Bình Trị Đông, DT 5.2 x 19m, 3.5 tấm, giá 20 triệu/tháng",20 Triệu/tháng,98 m²,"Bình Tân, Hồ Chí Minh",Bình Tân,Nhà phố,thue,https://luachonnhadat.vn/nha-dat/cho-thue-nha-hem-54-chien-luoc-p-binh-tri-dong-dt-5-2-x-19m-3-5-tam-gia-20-trieu-thang.html,luachonnhadat.vn,2025-06-26,20000000,98,NA,NA
"Cho thuê nhà khu Tên Lửa, MT đường Số 1, DT 6 x 20m, 3.5 tấm, giá 70 triệu/tháng",70 Triệu/tháng,120 m²,"Bình Tân, Hồ Chí Minh",Bình Tân,Nhà phố,thue,https://luachonnhadat.vn/nha-dat/cho-thue-nha-khu-ten-lua-mt-duong-so-1-dt-6-x-20m-3-5-tam-gia-70-trieu-thang.html,luachonnhadat.vn,2025-06-26,70000000,120,NA,NA
"Cho thuê nhà xưởng MT đường Đình Tân Khai, P. Bình Trị Đông, 16.7 x 38m, cấp 4, giá 80 triệu/tháng",80 Triệu/tháng,634 m²,"Bình Tân, Hồ Chí Minh",Bình Tân,Nhà xưởng,thue,https://luachonnhadat.vn/nha-dat/cho-thue-nha-xuong-mt-duong-dinh-tan-khai-p-binh-tri-dong-16-7-x-38m-cap-4-gia-80-trieu-thang.html,luachonnhadat.vn,2025-06-17,80000000,634,NA,NA
"Cho thuê biệt thự góc 2MT đường Số 3, P. Bình Trị Đông B, 10 x 20m, 3.5 tấm, giá 70 triệu/tháng.",70 Triệu/tháng,200 m²,"Bình Tân, Hồ Chí Minh",Bình Tân,Biệt thự,thue,https://luachonnhadat.vn/nha-dat/cho-thue-biet-thu-goc-2mt-duong-so-3-p-binh-tri-dong-b-10-x-20m-3-5-tam-gia-70-trieu-thang-.html,luachonnhadat.vn,2025-06-11,70000000,200,NA,NA
"Cho thuê nhà góc 2MT đường Nguyễn Văn Trỗi, P.10, Q.Phú Nhuận, 23 x 12m, 8 tấm, giá 800 triệu/tháng",800 Triệu/tháng,276 m²,"Phú Nhuận, Hồ Chí Minh",Phú Nhuận,Nhà phố,thue,https://luachonnhadat.vn/nha-dat/cho-thue-nha-goc-2mt-duong-nguyen-van-troi-p-10-q-phu-nhuan-23-x-12m-8-tam-gia-800-trieu-thang.html,luachonnhadat.vn,2025-06-06,800000000,276,NA,NA
"Cho thuê Biệt thự MT đường Số 49B, P. Tân Tạo, 10 x 20m, 2 tấm, giá 40 triệu/tháng",40 Triệu/tháng,200 m²,"Bình Tân, Hồ Chí Minh",Bình Tân,Biệt thự,thue,https://luachonnhadat.vn/nha-dat/cho-thue-biet-thu-mt-duong-so-49b-p-tan-tao-10-x-20m-2-tam-gia-40-trieu-thang.html,luachonnhadat.vn,2025-06-05,40000000,200,NA,NA
"Cho thuê nhà khu Tên Lửa, MT đường Số 29, P. Bình Trị Đông B, 4 x 20m, 2 tấm, giá 25 triệu/tháng.",25 Triệu/tháng,80 m²,"Bình Tân, Hồ Chí Minh",Bình Tân,Nhà phố,thue,https://luachonnhadat.vn/nha-dat/cho-thue-nha-khu-ten-lua-mt-duong-so-29-p-binh-tri-dong-b-4-x-20m-2-tam-gia-25-trieu-thang-.html,luachonnhadat.vn,2025-06-04,25000000,80,NA,NA
"Cho thuê nhà MT đường Số 40A, P. Tân Tạo, 5 x 16m, 3 tấm, giá 20 triệu/tháng",20 Triệu/tháng,80 m²,"Bình Tân, Hồ Chí Minh",Bình Tân,Nhà phố,thue,https://luachonnhadat.vn/nha-dat/cho-thue-nha-mt-duong-so-40a-p-tan-tao-5-x-16m-3-tam-gia-20-trieu-thang.html,luachonnhadat.vn,2025-06-02,20000000,80,NA,NA
"Cho thuê nhà hẻm 273 Tân Hòa Đông, P. Bình Trị Đông, 4 x 16m, 3 tấm, giá 10 triệu/tháng",10 Triệu/tháng,64 m²,"Bình Tân, Hồ Chí Minh",Bình Tân,Nhà phố,thue,https://luachonnhadat.vn/nha-dat/cho-thue-nha-hem-273-tan-hoa-dong-p-binh-tri-dong-4-x-16m-3-tam-gia-10-trieu-thang.html,luachonnhadat.vn,2025-05-28,10000000,64,NA,NA
"Cho thuê nhà khu Bình Phú, MT đường Số 24, DT 4 x 22m, 3.5 tấm, giá 25 triệu/tháng",25 Triệu/tháng,88 m²,"Quận 6, Hồ Chí Minh",Quận 6,Nhà phố,thue,https://luachonnhadat.vn/nha-dat/cho-thue-nha-khu-binh-phu-mt-duong-so-24-dt-4-x-22m-3-5-tam-gia-25-trieu-thang.html,luachonnhadat.vn,2025-05-19,25000000,88,NA,NA
"Cho thuê Shophouse tầng trệt CC Moonlight Park View đường Số 7, Bình Tân, 5 x 10m, 21 triệu/tháng",21 Triệu/tháng,50 m²,"Bình Tân, Hồ Chí Minh",Bình Tân,Shop house,thue,https://luachonnhadat.vn/nha-dat/cho-thue-shophouse-tang-tret-cc-moonlight-park-view-duong-so-7-binh-tan-5-x-10m-21-trieu-thang.html,luachonnhadat.vn,2025-05-16,21000000,50,NA,NA
"Cho thuê nhà MT đường Số 47, P. Tân Tạo, 9 x 18m, 3 tấm, giá 30 triệu/tháng",30 Triệu/tháng,162 m²,"Bình Tân, Hồ Chí Minh",Bình Tân,Nhà phố,thue,https://luachonnhadat.vn/nha-dat/cho-thue-nha-mt-duong-so-47-p-tan-tao-9-x-18m-3-tam-gia-30-trieu-thang.html,luachonnhadat.vn,2025-05-13,30000000,162,NA,NA
"Cho thuê nhà góc 2MT đường Tỉnh Lộ 10, P. Tân Tạo, 4.5 x 20m, 2.5 tấm, giá 30 triệu/tháng",30 Triệu/căn,90 m²,"Bình Tân, Hồ Chí Minh",Bình Tân,Nhà phố,thue,https://luachonnhadat.vn/nha-dat/cho-thue-nha-goc-2mt-duong-tinh-lo-10-p-tan-tao-4-5-x-20m-2-5-tam-gia-30-trieu-thang.html,luachonnhadat.vn,2025-05-13,30000000,90,NA,NA
"Cho thuê nhà khu Cư Xá Rada, MT đường Số 2, P.13, Q.6, DT 4 x 20m, cấp 4, giá 15 triệu/tháng",15 Triệu/tháng,80 m²,"Quận 6, Hồ Chí Minh",Quận 6,Nhà phố,thue,https://luachonnhadat.vn/nha-dat/cho-thue-nha-khu-cu-xa-rada-mt-duong-so-2-p-13-q-6-dt-4-x-20m-cap-4-gia-15-trieu-thang-1746690905.html,luachonnhadat.vn,2025-05-08,15000000,80,NA,NA
"Cho thuê nhà MT đường Lê Tuấn Mậu, P.13, Q.6, DT 4 x 10m, 3 tấm, giá 15 triệu/tháng",15 Triệu/tháng,40 m²,"Quận 6, Hồ Chí Minh",Quận 6,Nhà phố,thue,https://luachonnhadat.vn/nha-dat/cho-thue-nha-mt-duong-le-tuan-mau-p-13-q-6-dt-4-x-10m-3-tam-gia-15-trieu-thang.html,luachonnhadat.vn,2025-05-05,15000000,40,NA,NA
"Cho thuê nhà MT đường Vành Đai Trong, P. Bình Trị Đông B, 6 x 21m, mặt bằng, giá 16 triệu/tháng.",16 Triệu/tháng,126 m²,"Bình Tân, Hồ Chí Minh",Bình Tân,Mặt bằng,thue,https://luachonnhadat.vn/nha-dat/cho-thue-nha-mt-duong-vanh-dai-trong-p-binh-tri-dong-b-6-x-21m-mat-bang-gia-16-trieu-thang-.html,luachonnhadat.vn,2025-04-22,16000000,126,NA,NA
"Cho thuê mặt bằng khu Bình Phú, MT đường Chợ Lớn, P.11, Q.6, DT 4 x 20m, giá 13 triệu/tháng",13 Triệu/tháng,80 m²,"Quận 6, Hồ Chí Minh",Quận 6,Mặt bằng,thue,https://luachonnhadat.vn/nha-dat/cho-thue-mat-bang-khu-binh-phu-mt-duong-cho-lon-p-11-q-6-dt-4-x-20m-gia-13-trieu-thang-1743647916.html,luachonnhadat.vn,2025-04-03,13000000,80,NA,NA
"Cho thuê nhà khu Tên Lửa, MT đường Số 29, P. Bình Trị Đông B, 4 x 20m, 4 tấm, giá 30 triệu/tháng.",30 Triệu/tháng,80 m²,"Bình Tân, Hồ Chí Minh",Bình Tân,Nhà phố,thue,https://luachonnhadat.vn/nha-dat/cho-thue-nha-khu-ten-lua-mt-duong-so-29-p-binh-tri-dong-b-4-x-20m-4-tam-gia-30-trieu-thang--1743491629.html,luachonnhadat.vn,2025-04-01,30000000,80,NA,NA
"Cho thuê nhà khu Tên Lửa, MT đường Số 1, P. Bình Trị Đông B, 6 x 21m, 2 tấm, giá 28 triệu/tháng.",29 Triệu/tháng,126 m²,"Bình Tân, Hồ Chí Minh",Bình Tân,Nhà phố,thue,https://luachonnhadat.vn/nha-dat/cho-thue-nha-khu-ten-lua-mt-duong-so-1-p-binh-tri-dong-b-6-x-21m-2-tam-gia-28-trieu-thang-.html,luachonnhadat.vn,2025-03-25,29000000,126,NA,NA
"Cho thuê nhà khu Tên Lửa, góc 2MT đường Trần Văn Giàu, 12 x 13m, 2 tấm, giá 60 triệu/tháng",60 Triệu/tháng,156 m²,"Bình Tân, Hồ Chí Minh",Bình Tân,Nhà phố,thue,https://luachonnhadat.vn/nha-dat/cho-thue-nha-khu-ten-lua-goc-2mt-duong-tran-van-giau-12-x-13m-2-tam-gia-60-trieu-thang-1742783746.html,luachonnhadat.vn,2025-03-24,60000000,156,NA,NA
"Cho thuê nhà MT đường An Dương Vương, P. An Lạc A, 7.5 x 12m, 1 lầu, 35 triệu/tháng",35 Triệu/tháng,90 m²,"Bình Tân, Hồ Chí Minh",Bình Tân,Nhà phố,thue,https://luachonnhadat.vn/nha-dat/cho-thue-nha-mt-duong-an-duong-vuong-p-an-lac-a-7-5-x-12m-1-lau-35-trieu-thang-1742783686.html,luachonnhadat.vn,2025-03-24,35000000,90,NA,NA
"Cho thuê nhà MT đường Trần Văn Giàu, X. Lê Minh Xuân, H. Bình Chánh, 15 x 31m, 2 tấm, 19 triệu/tháng",19 Triệu/tháng,465 m²,"Bình Chánh, Hồ Chí Minh",Bình Chánh,Nhà phố,thue,https://luachonnhadat.vn/nha-dat/cho-thue-nha-mt-duong-tran-van-giau-x-le-minh-xuan-h-binh-chanh-15-x-31m-2-tam-19-trieu-thang-1742458552.html,luachonnhadat.vn,2025-03-20,19000000,465,NA,NA
"Cho thuê nhà khu Tên Lửa, góc 2MT đường Số 32, P. Bình Trị Đông B, 10 x 20m, 4.5 tấm, 85 triệu/tháng",85 Triệu/tháng,200 m²,"Bình Tân, Hồ Chí Minh",Bình Tân,Nhà phố,thue,https://luachonnhadat.vn/nha-dat/cho-thue-nha-khu-ten-lua-goc-2mt-duong-so-32-p-binh-tri-dong-b-10-x-20m-4-5-tam-85-trieu-thang.html,luachonnhadat.vn,2025-03-20,85000000,200,NA,NA
"Cho thuê nhà MT đường Mã Lò, P. Bình Trị Đông A, 5 x 17m, 2.5 tấm, giá 18 triệu/tháng",18 Triệu/tháng,85 m²,"Bình Tân, Hồ Chí Minh",Bình Tân,Nhà phố,thue,https://luachonnhadat.vn/nha-dat/cho-thue-nha-mt-duong-ma-lo-p-binh-tri-dong-a-5-x-17m-2-5-tam-gia-18-trieu-thang.html,luachonnhadat.vn,2025-03-19,18000000,85,NA,NA
"Cho thuê nhà kho hẻm 184 Lê Đình Cẩn, P. Tân Tạo, 13.9 x 20m, cấp 4, giá 27 triệu/tháng",27 Triệu/tháng,278 m²,"Bình Tân, Hồ Chí Minh",Bình Tân,Nhà phố,thue,https://luachonnhadat.vn/nha-dat/cho-thue-nha-kho-hem-184-le-dinh-can-p-tan-tao-13-9-x-20m-cap-4-gia-27-trieu-thang.html,luachonnhadat.vn,2025-03-18,27000000,278,NA,NA
"Cho thuê nhà MT đường Trần Văn Giàu, P. Tân Tạo, 4.5 x 18m, 3.5 tấm, giá 20 triệu/tháng.",20 Triệu/tháng,81 m²,"Bình Tân, Hồ Chí Minh",Bình Tân,Nhà phố,thue,https://luachonnhadat.vn/nha-dat/cho-thue-nha-mt-duong-tran-van-giau-p-tan-tao-4-5-x-18m-3-5-tam-gia-20-trieu-thang-.html,luachonnhadat.vn,2025-03-18,20000000,81,NA,NA
"Cho thuê nhà khu Tên Lửa, MT đường Số 24A, P.Bình Trị Đông B, 4.5 x 20m, 3.5 tấm, giá 22 triệu/tháng",22 Triệu/tháng,90 m²,"Bình Tân, Hồ Chí Minh",Bình Tân,Nhà phố,thue,https://luachonnhadat.vn/nha-dat/cho-thue-nha-khu-ten-lua-mt-duong-so-24a-p-binh-tri-dong-b-4-5-x-20m-3-5-tam-gia-22-trieu-thang.html,luachonnhadat.vn,2025-03-14,22000000,90,NA,NA
"Cho thuê nhà góc 2MT đường Mai Xuân Thưởng, P.1, Q.6, DT 4.5x15m, NH 8.4m, 1 lầu, giá 30 triệu/tháng",30 Triệu/tháng,67 m²,"Quận 6, Hồ Chí Minh",Quận 6,Nhà phố,thue,https://luachonnhadat.vn/nha-dat/cho-thue-nha-goc-2mt-duong-mai-xuan-thuong-p-1-q-6-dt-4-5x15m-nh-8-4m-1-lau-gia-30-trieu-thang.html,luachonnhadat.vn,2025-03-13,30000000,67,NA,NA
"Cho thuê nhà hẻm 240 Nguyễn Văn Luông, P.11, Q.6, DT 6.8 x 20m, cấp 4, giá 18 triệu/tháng",18 Triệu/tháng,136 m²,"Quận 6, Hồ Chí Minh",Quận 6,Nhà phố,thue,https://luachonnhadat.vn/nha-dat/cho-thue-nha-hem-240-nguyen-van-luong-p-11-q-6-dt-6-8-x-20m-cap-4-gia-18-trieu-thang-1741769283.html,luachonnhadat.vn,2025-03-12,18000000,136,NA,NA
"Cho thuê nhà MT đường Số 31, P.10, Q.6 ,DT 4 x 16m, 3.5 tấm, giá 20 triệu/tháng",20 Triệu/tháng,64 m²,"Quận 6, Hồ Chí Minh",Quận 6,Nhà phố,thue,https://luachonnhadat.vn/nha-dat/cho-thue-nha-mt-duong-so-31-p-10-q-6-dt-4-x-16m-3-5-tam-gia-20-trieu-thang.html,luachonnhadat.vn,2025-03-11,20000000,64,NA,NA
"Cho thuê nhà khu Bình Phú, MT đường Số 34, P.10, Q.6, DT 25 x 20m, cấp 4, giá 85 triệu/tháng",85 Triệu/tháng,500 m²,"Quận 6, Hồ Chí Minh",Quận 6,Nhà phố,thue,https://luachonnhadat.vn/nha-dat/cho-thue-nha-khu-binh-phu-mt-duong-so-34-p-10-q-6-dt-25-x-20m-cap-4-gia-85-trieu-thang-1741572125.html,luachonnhadat.vn,2025-03-10,85000000,500,NA,NA
"Cho thuê nhà khu Tên Lửa, MT đường Số 24A, P. Bình Trị Đông B, 4 x 20m, 3 tấm, giá 25 triệu/tháng.",25 Triệu/tháng,80 m²,"Bình Tân, Hồ Chí Minh",Bình Tân,Nhà phố,thue,https://luachonnhadat.vn/nha-dat/cho-thue-nha-khu-ten-lua-mt-duong-so-24a-p-binh-tri-dong-b-4-x-20m-3-tam-gia-25-trieu-thang--1741157363.html,luachonnhadat.vn,2025-03-05,25000000,80,NA,NA
"Cho thuê nhà khu Tên Lửa, MT đường Số 32, Bình Trị Đông B, 4 x 16m, 4 tấm, giá 15 triệu/tháng",15 Triệu/tháng,64 m²,"Bình Tân, Hồ Chí Minh",Bình Tân,Nhà phố,thue,https://luachonnhadat.vn/nha-dat/cho-thue-nha-khu-ten-lua-mt-duong-so-32-binh-tri-dong-b-4-x-16m-4-tam-gia-15-trieu-thang.html,luachonnhadat.vn,2025-03-04,15000000,64,NA,NA
"Cho thuê đất khu Tên Lửa, MT đường Số 1A, P. Bình Trị Đông B, 6 x 21m, giá 10 triệu/tháng",10 Triệu/tháng,126 m²,"Bình Tân, Hồ Chí Minh",Bình Tân,Đất,thue,https://luachonnhadat.vn/nha-dat/cho-thue-dat-khu-ten-lua-mt-duong-so-1a-p-binh-tri-dong-b-6-x-21m-gia-10-trieu-thang-1740968633.html,luachonnhadat.vn,2025-03-03,10000000,126,NA,NA
"Cho thuê nhà góc 2MT đường Khiếu Năng Tĩnh, P. An Lạc A, 4 x 16m, 3 tấm, giá 40 triệu/tháng",40 Triệu/tháng,64 m²,"Bình Tân, Hồ Chí Minh",Bình Tân,Nhà phố,thue,https://luachonnhadat.vn/nha-dat/cho-thue-nha-goc-2mt-duong-khieu-nang-tinh-p-an-lac-a-4-x-16m-3-tam-gia-40-trieu-thang.html,luachonnhadat.vn,2025-02-24,40000000,64,NA,NA
"Cho thuê nhà MT đường Số 55A, P. Tân Tạo, 5 x 25m, 1 lầu, giá 22 triệu/tháng.",22 Triệu/tháng,125 m²,"Bình Tân, Hồ Chí Minh",Bình Tân,Nhà phố,thue,https://luachonnhadat.vn/nha-dat/cho-thue-nha-mt-duong-so-55a-p-tan-tao-5-x-25m-1-lau-gia-22-trieu-thang--1740363149.html,luachonnhadat.vn,2025-02-24,22000000,125,NA,NA
"Cho thuê cặp nhà khu Tên Lửa, MT đường Số 7, P. Bình Trị Đông B, 12 x 23m, 4 tấm, 90 triệu/tháng.",90 Triệu/tháng,276 m²,"Bình Tân, Hồ Chí Minh",Bình Tân,Nhà phố,thue,https://luachonnhadat.vn/nha-dat/cho-thue-cap-nha-khu-ten-lua-mt-duong-so-7-p-binh-tri-dong-b-12-x-23m-4-tam-90-trieu-thang-.html,luachonnhadat.vn,2025-02-21,90000000,276,NA,NA
"Cho thuê nhà MT đường Hậu Giang, P.11, Q.6, DT 4 x 24m, 1 lầu, giá 30 triệu/tháng.",30 Triệu/tháng,96 m²,"Quận 6, Hồ Chí Minh",Quận 6,Nhà phố,thue,https://luachonnhadat.vn/nha-dat/cho-thue-nha-mt-duong-hau-giang-p-11-q-6-dt-4-x-24m-1-lau-gia-30-trieu-thang--1739157764.html,luachonnhadat.vn,2025-02-21,30000000,96,NA,NA
"Cho thuê nhà MT đường Gia Phú, P.3, Q.6, DT 5 x 17m NH 6m, 5.5 tấm, giá 50 triệu/tháng",50 Triệu/tháng,85 m²,"Quận 6, Hồ Chí Minh",Quận 6,Nhà phố,thue,https://luachonnhadat.vn/nha-dat/cho-thue-nha-mt-duong-gia-phu-p-3-q-6-dt-5-x-17m-nh-6m-5-5-tam-gia-50-trieu-thang.html,luachonnhadat.vn,2025-02-21,50000000,85,NA,NA
"Cho thuê cặp nhà MT đường Tỉnh Lộ 10, P. Tân Tạo, 9.2 x 46m, cấp 4, giá 83 triệu/tháng",83 Triệu/tháng,423 m²,"Bình Tân, Hồ Chí Minh",Bình Tân,Nhà phố,thue,https://luachonnhadat.vn/nha-dat/cho-thue-cap-nha-mt-duong-tinh-lo-10-p-tan-tao-9-2-x-46m-cap-4-gia-83-trieu-thang.html,luachonnhadat.vn,2025-02-20,83000000,423,NA,NA
"Cho thuê nhà khu Tên Lửa, MT đường Trần Văn Giàu, P. Bình Trị Đông B, 4x20m, 3.5 tấm, 18 triệu/tháng",18 Triệu/tháng,80 m²,"Bình Tân, Hồ Chí Minh",Bình Tân,Nhà phố,thue,https://luachonnhadat.vn/nha-dat/cho-thue-nha-khu-ten-lua-mt-duong-tran-van-giau-p-binh-tri-dong-b-4x20m-3-5-tam-18-trieu-thang.html,luachonnhadat.vn,2025-02-19,18000000,80,NA,NA
"Cho thuê đất khu Tên Lửa, góc 3MT đường Số 7, P. Bình Trị Đông B, 18 x 46m, giá 230 triệu/tháng",230 Triệu/tháng,828 m²,"Bình Tân, Hồ Chí Minh",Bình Tân,Đất,thue,https://luachonnhadat.vn/nha-dat/cho-thue-dat-khu-ten-lua-goc-3mt-duong-so-7-p-binh-tri-dong-b-18-x-46m-gia-230-trieu-thang.html,luachonnhadat.vn,2025-02-18,230000000,828,NA,NA
"Cho thuê nhà khu Bình Phú, 2MT Trước- Sau đường Số 49, P.10, DT 4 x 10m, 3 tấm, giá 13 triệu/tháng",13 Triệu/tháng,40 m²,"Quận 6, Hồ Chí Minh",Quận 6,Nhà phố,thue,https://luachonnhadat.vn/nha-dat/cho-thue-nha-khu-binh-phu-2mt-truoc-sau-duong-so-49-p-10-dt-4-x-10m-3-tam-gia-13-trieu-thang.html,luachonnhadat.vn,2025-02-17,13000000,40,NA,NA
"Cho thuê nhà MT đường Kinh Dương Vương, P.12, Q.6, DT 3.8 x 11m, 4.5 tấm, giá 25 triệu/tháng",25 Triệu/tháng,41 m²,"Quận 6, Hồ Chí Minh",Quận 6,Nhà phố,thue,https://luachonnhadat.vn/nha-dat/cho-thue-nha-mt-duong-kinh-duong-vuong-p-12-q-6-dt-3-8-x-11m-4-5-tam-gia-25-trieu-thang-1739517088.html,luachonnhadat.vn,2025-02-14,25000000,41,NA,NA
"Cho thuê nhà khu Tên Lửa, góc 2MT Vành Đai Trong, P. Bình Trị Đông B, 10x25m, 2 tấm, giá 70tr/tháng",70 Triệu/tháng,250 m²,"Bình Tân, Hồ Chí Minh",Bình Tân,Nhà phố,thue,https://luachonnhadat.vn/nha-dat/cho-thue-nha-khu-ten-lua-goc-2mt-vanh-dai-trong-p-binh-tri-dong-b-10x25m-2-tam-gia-70tr-thang-1739505403.html,luachonnhadat.vn,2025-02-14,70000000,250,NA,NA
"Cho thuê nhà hẻm 270 Lê Đình Cẩn, P. Tân Tạo, 5 x 12m, 1 lầu, giá 9 triệu/tháng",9 Triệu/tháng,60 m²,"Bình Tân, Hồ Chí Minh",Bình Tân,Nhà phố,thue,https://luachonnhadat.vn/nha-dat/cho-thue-nha-hem-270-le-dinh-can-p-tan-tao-5-x-12m-1-lau-gia-9-trieu-thang.html,luachonnhadat.vn,2025-02-12,9000000,60,NA,NA
"Cho thuê nhà góc 2MT đường Văn Cao, P. Phú Thạnh, Q. Tân Phú, 7.6 x 18m, 2 tấm, giá 65 triệu/tháng",65 Triệu/tháng,136 m²,"Tân Phú, Hồ Chí Minh",Tân Phú,Nhà phố,thue,https://luachonnhadat.vn/nha-dat/cho-thue-nha-goc-2mt-duong-van-cao-p-phu-thanh-q-tan-phu-7-6-x-18m-2-tam-gia-65-trieu-thang.html,luachonnhadat.vn,2025-02-11,65000000,136,NA,NA
"Cho thuê nhà hẻm 161 Ni Sư Huỳnh Liên, P. 10, Q. Tân Bình, 4 x 14m, 3.5 tấm, giá 18 triệu/tháng",18 Triệu/tháng,56 m²,"Tân Bình, Hồ Chí Minh",Tân Bình,Nhà phố,thue,https://luachonnhadat.vn/nha-dat/cho-thue-nha-hem-161-ni-su-huynh-lien-p-10-q-tan-binh-4-x-14m-3-5-tam-gia-18-trieu-thang-1739174210.html,luachonnhadat.vn,2025-02-10,18000000,56,NA,NA
"Cho thuê nhà 2 MT Trước - Sau đường Số 17A, P. Bình Trị Đông B, 3 tấm, 10 x 40m, giá 260tr/tháng.",260 Triệu/tháng,400 m²,"Bình Tân, Hồ Chí Minh",Bình Tân,Nhà phố,thue,https://luachonnhadat.vn/nha-dat/cho-thue-nha-2-mt-truoc-sau-duong-so-17a-p-binh-tri-dong-b-3-tam-10-x-40m-gia-260tr-thang-.html,luachonnhadat.vn,2025-02-10,260000000,400,NA,NA
"Cho thuê nhà MT đường Phạm Bân, P.13, Q.5, DT 4 x 19.5m, 3.5 tấm, giá 28 triệu/tháng",28 Triệu/tháng,78 m²,"Quận 5, Hồ Chí Minh",Quận 5,Nhà phố,thue,https://luachonnhadat.vn/nha-dat/cho-thue-nha-mt-duong-pham-ban-p-13-q-5-dt-4-x-19-5m-3-5-tam-gia-28-trieu-thang-1738640023.html,luachonnhadat.vn,2025-02-04,28000000,78,NA,NA
"Cho thuê nhà khu Bình Phú, MT đường Bình Phú, P.11, Q.6, DT 4 x 20m, nhà 3.5 tấm, giá 35 triệu/tháng",35 Triệu/tháng,80 m²,"Quận 6, Hồ Chí Minh",Quận 6,Nhà phố,thue,https://luachonnhadat.vn/nha-dat/cho-thue-nha-khu-binh-phu-mt-duong-binh-phu-p-11-q-6-dt-4-x-20m-nha-3-5-tam-gia-35-trieu-thang.html,luachonnhadat.vn,2025-02-04,35000000,80,NA,NA
"Cho thuê nhà MT đường Mã Lò, P. Bình Trị Đông A, 3.7 x 25m, 3 tấm, giá 15 triệu/tháng",15 Triệu/tháng,92 m²,"Bình Tân, Hồ Chí Minh",Bình Tân,Nhà phố,thue,https://luachonnhadat.vn/nha-dat/cho-thue-nha-mt-duong-ma-lo-p-binh-tri-dong-a-3-7-x-25m-3-tam-gia-15-trieu-thang.html,luachonnhadat.vn,2025-01-06,15000000,92,NA,NA
"Cho thuê nhà hẻm 331 Gia Phú, P.1, Q.6, DT 4.4 x 17.5m, 3.5 tấm, giá 19 triệu/tháng",19 Triệu/tháng,77 m²,"Quận 6, Hồ Chí Minh",Quận 6,Nhà phố,thue,https://luachonnhadat.vn/nha-dat/cho-thue-nha-hem-331-gia-phu-p-1-q-6-dt-4-4-x-17-5m-3-5-tam-gia-19-trieu-thang-1736129047.html,luachonnhadat.vn,2025-01-06,19000000,77,NA,NA
"Cho thuê nhà MT đường Hồng Bàng, P.14, Q.5, DT 4.3 x 17m, 5.5 tấm, giá 45 triệu/tháng",45 Triệu/tháng,73 m²,"Quận 5, Hồ Chí Minh",Quận 5,Nhà phố,thue,https://luachonnhadat.vn/nha-dat/cho-thue-nha-mt-duong-hong-bang-p-14-q-5-dt-4-3-x-17m-5-5-tam-gia-45-trieu-thang.html,luachonnhadat.vn,2024-12-23,45000000,73,NA,NA
"Cho thuê nhà MT đường Châu Văn Liêm, P.11, Q.5, DT 3.8 x 16m, 5.5 tấm, giá 40 triệu/tháng",40 Triệu/tháng,60 m²,"Quận 5, Hồ Chí Minh",Quận 5,Nhà phố,thue,https://luachonnhadat.vn/nha-dat/cho-thue-nha-mt-duong-chau-van-liem-p-11-q-5-dt-3-8-x-16m-5-5-tam-gia-40-trieu-thang.html,luachonnhadat.vn,2024-12-23,40000000,60,NA,NA
"Cho thuê nhà khu Bình Phú, MT đường Số 13, P.11, Q.6, DT 4 x 21m, 3.5 tấm, giá 25 triệu/tháng",25 Triệu/căn,84 m²,"Quận 6, Hồ Chí Minh",Quận 6,Nhà phố,thue,https://luachonnhadat.vn/nha-dat/cho-thue-nha-khu-binh-phu-mt-duong-so-13-p-11-q-6-dt-4-x-21m-3-5-tam-gia-25-trieu-thang.html,luachonnhadat.vn,2024-12-23,25000000,84,NA,NA
"Cho thuê nhà khu Bình Phú, MT Nguyễn Văn Luông, P.12, Q.6, DT 6 x 17m, 3.5 tấm, giá 60 triệu/tháng",60 Triệu/tháng,102 m²,"Quận 6, Hồ Chí Minh",Quận 6,Nhà phố,thue,https://luachonnhadat.vn/nha-dat/cho-thue-nha-khu-binh-phu-mt-nguyen-van-luong-p-12-q-6-dt-6-x-17m-3-5-tam-gia-60-trieu-thang.html,luachonnhadat.vn,2024-12-21,60000000,102,NA,NA
"Cho thuê mặt bằng khu Bình Phú, MT đường Số 2, P.11, Q.6, DT 12 x 17m, giá 35 triệu/tháng",35 Triệu/tháng,204 m²,"Quận 6, Hồ Chí Minh",Quận 6,Mặt bằng,thue,https://luachonnhadat.vn/nha-dat/cho-thue-mat-bang-khu-binh-phu-mt-duong-so-2-p-11-q-6-dt-12-x-17m-gia-35-trieu-thang-1734314315.html,luachonnhadat.vn,2024-12-16,35000000,204,NA,NA
"Cho thuê nhà MT đường Cư Xá Phú Lâm D, P.10, Q.6, DT 4 x 18.3m, 3.5 tấm, giá 18 triệu/tháng",18 Triệu/tháng,73 m²,"Quận 6, Hồ Chí Minh",Quận 6,Nhà phố,thue,https://luachonnhadat.vn/nha-dat/cho-thue-nha-mt-duong-cu-xa-phu-lam-d-p-10-q-6-dt-4-x-18-3m-3-5-tam-gia-18-trieu-thang-1734056164.html,luachonnhadat.vn,2024-12-13,18000000,73,NA,NA
"Cho thuê nhà MT đường Số 7, P. Bình Trị Đông B, 5 x 20m, 3.5 tấm, giá 70 triệu/tháng. khu Tên Lửa",70 Triệu/căn,100 m²,"Bình Tân, Hồ Chí Minh",Bình Tân,Nhà phố,thue,https://luachonnhadat.vn/nha-dat/cho-thue-nha-mt-duong-so-7-p-binh-tri-dong-b-5-x-20m-3-5-tam-gia-70-trieu-thang-khu-ten-lua-1734055785.html,luachonnhadat.vn,2024-12-13,70000000,100,NA,NA
"Cho thuê nhà hẻm 192 Phạm Văn Chí, P.4, Q.6, DT 3.55 x 27m, NH 4.4m, 1 lửng, giá 15 triệu/tháng",15 Triệu/tháng,95 m²,"Quận 6, Hồ Chí Minh",Quận 6,Nhà phố,thue,https://luachonnhadat.vn/nha-dat/cho-thue-nha-hem-192-pham-van-chi-p-4-q-6-dt-3-55-x-27m-nh-4-4m-1-lung-gia-15-trieu-thang-1733716732.html,luachonnhadat.vn,2024-12-09,15000000,95,NA,NA
"Cho thuê nhà MT đường Bà Hom, P.13, Q.6, DT 5 x 18m, 3.5 tấm, giá 55 triệu/tháng.",55 Triệu/tháng,90 m²,"Quận 6, Hồ Chí Minh",Quận 6,Nhà phố,thue,https://luachonnhadat.vn/nha-dat/cho-thue-nha-mt-duong-ba-hom-p-13-q-6-dt-5-x-18m-3-5-tam-gia-55-trieu-thang--1732499767.html,luachonnhadat.vn,2024-11-25,55000000,90,NA,NA
"Cho thuê nhà khu Bình Phú, MT đường Số 74, P.10, Q.6, DT 4 x 15m, 3.5 tấm, giá 16 triệu/tháng",16 Triệu/tháng,60 m²,"Quận 6, Hồ Chí Minh",Quận 6,Nhà phố,thue,https://luachonnhadat.vn/nha-dat/cho-thue-nha-khu-binh-phu-mt-duong-so-74-p-10-q-6-dt-4-x-15m-3-5-tam-gia-16-trieu-thang.html,luachonnhadat.vn,2024-11-21,16000000,60,NA,NA
"Cho thuê nhà MT đường Vành Đai Trong, P. Bình Trị Đông B, 4 x 30m, 1 lầu, giá 22 triệu/tháng.",22 Triệu/tháng,120 m²,"Bình Tân, Hồ Chí Minh",Bình Tân,Nhà phố,thue,https://luachonnhadat.vn/nha-dat/cho-thue-nha-mt-duong-vanh-dai-trong-p-binh-tri-dong-b-4-x-30m-1-lau-gia-22-trieu-thang-.html,luachonnhadat.vn,2024-11-20,22000000,120,NA,NA
"Cho thuê nhà kho hẻm 1132 Tỉnh Lộ 10, P. Tân Tạo, 35 x 40m, giá 75 triêu/tháng",75 Triệu/tháng,1400 m²,"Bình Tân, Hồ Chí Minh",Bình Tân,Nhà phố,thue,https://luachonnhadat.vn/nha-dat/cho-thue-nha-kho-hem-1132-tinh-lo-10-p-tan-tao-35-x-40m-gia-75-trieu-thang-1731643165.html,luachonnhadat.vn,2024-11-15,75000000,1400,NA,NA
"Cho thuê biệt thự khu Tên Lửa, MT đường Số 34A, P. Bình Trị Đông B, 12 x 25m, 2.5 tấm, giá 40 triệu",40 Triệu/tháng,300 m²,"Bình Tân, Hồ Chí Minh",Bình Tân,Biệt thự,thue,https://luachonnhadat.vn/nha-dat/cho-thue-biet-thu-khu-ten-lua-mt-duong-so-34a-p-binh-tri-dong-b-12-x-25m-2-5-tam-gia-40-trieu.html,luachonnhadat.vn,2024-11-14,40000000,300,NA,NA
"Cho thuê nhà khu Tên Lửa, MT đường Số 28, P. Bình Trị Đông B, 5 x 20m, 3.5 tấm, giá 22 triệu/tháng",22 Triệu/tháng,100 m²,"Bình Tân, Hồ Chí Minh",Bình Tân,Nhà phố,thue,https://luachonnhadat.vn/nha-dat/cho-thue-nha-khu-ten-lua-mt-duong-so-28-p-binh-tri-dong-b-5-x-20m-3-5-tam-gia-22-trieu-thang-1730880044.html,luachonnhadat.vn,2024-11-06,22000000,100,NA,NA
"Cho thuê nhà khu Tên Lửa, MT đường Số 21A, P. Bình Trị Đông B, 4 x 22.5m, 3.5 tấm, giá 15tr/tháng.",15 Triệu/tháng,90 m²,"Bình Tân, Hồ Chí Minh",Bình Tân,Nhà phố,thue,https://luachonnhadat.vn/nha-dat/cho-thue-nha-khu-ten-lua-mt-duong-so-21a-p-binh-tri-dong-b-4-x-22-5m-3-5-tam-gia-15tr-thang-.html,luachonnhadat.vn,2024-11-06,15000000,90,NA,NA
"Cho thuê nhà MT đường Cư Xá Phú Lâm D, P.10, Q.6, nhà 3.5 tấm, 4 x 17m, giá 20 triệu/tháng",20 Triệu/tháng,68 m²,"Quận 6, Hồ Chí Minh",Quận 6,Nhà phố,thue,https://luachonnhadat.vn/nha-dat/cho-thue-nha-mt-duong-cu-xa-phu-lam-d-p-10-q-6-nha-3-5-tam-4-x-17m-gia-20-trieu-thang-1730513512.html,luachonnhadat.vn,2024-11-02,20000000,68,NA,NA
"Cho thuê nhà hẻm 958 Lò Gốm, P.8, Q.6, nhà 3.5 tấm + xưởng, 4.65 x 22m, NH 28m, giá 35 triệu/tháng",35 Triệu/tháng,102 m²,"Quận 6, Hồ Chí Minh",Quận 6,Nhà phố,thue,https://luachonnhadat.vn/nha-dat/cho-thue-nha-hem-958-lo-gom-p-8-q-6-nha-3-5-tam-xuong-4-65-x-22m-nh-28m-gia-35-trieu-thang.html,luachonnhadat.vn,2024-10-31,35000000,102,NA,NA
"Cho thuê nhà MT đường Tỉnh Lộ 10, P. Bình Trị Đông B, DT 5 x 20m, 3 tấm + hầm, giá 60 triệu/tháng",60 Triệu/tháng,100 m²,"Bình Tân, Hồ Chí Minh",Bình Tân,Nhà phố,thue,https://luachonnhadat.vn/nha-dat/cho-thue-nha-mt-duong-tinh-lo-10-p-binh-tri-dong-b-dt-5-x-20m-3-tam-ham-gia-60-trieu-thang.html,luachonnhadat.vn,2024-10-30,60000000,100,NA,NA
"Cho thuê biệt thự góc 2MT đường Số 13B, P. Bình Trị Đông B, 10, x 27m, 3.5 tấm, giá 60 triệu/tháng",60 Triệu/tháng,270 m²,"Bình Tân, Hồ Chí Minh",Bình Tân,Biệt thự,thue,https://luachonnhadat.vn/nha-dat/cho-thue-biet-thu-goc-2mt-duong-so-13b-p-binh-tri-dong-b-10-x-27m-3-5-tam-gia-60-trieu-thang-1729909420.html,luachonnhadat.vn,2024-10-26,60000000,270,NA,NA
"Cho thuê nhà khu Tên Lửa, góc 2MT đường Số 5B, P. Bình Trị Đông B, 10x20m, 3.5 tấm, giá 60 triệu/th",60 Triệu/tháng,200 m²,"Bình Tân, Hồ Chí Minh",Bình Tân,Nhà phố,thue,https://luachonnhadat.vn/nha-dat/cho-thue-nha-khu-ten-lua-goc-2mt-duong-so-5b-p-binh-tri-dong-b-10x20m-3-5-tam-gia-60-trieu-th.html,luachonnhadat.vn,2024-10-26,60000000,200,NA,NA
"Cho thuê biệt thự MT đường Số 28, P. Bình Trị Đông B, 10 x 18.5m, 2.5 tấm, giá 40 triệu/tháng",40 Triệu/tháng,185 m²,"Bình Tân, Hồ Chí Minh",Bình Tân,Biệt thự,thue,https://luachonnhadat.vn/nha-dat/cho-thue-biet-thu-mt-duong-so-28-p-binh-tri-dong-b-10-x-18-5m-2-5-tam-gia-40-trieu-thang-1729846028.html,luachonnhadat.vn,2024-10-25,40000000,185,NA,NA
"Cho thuê nhà góc 3MT hẻm 633 Hồng Bàng, P.6, Q.6, nhà 3.5 tấm, 4 x 18m, giá 22 triệu/tháng",22 Triệu/tháng,72 m²,"Quận 6, Hồ Chí Minh",Quận 6,Nhà phố,thue,https://luachonnhadat.vn/nha-dat/cho-thue-nha-goc-3mt-hem-633-hong-bang-p-6-q-6-nha-3-5-tam-4-x-18m-gia-22-trieu-thang-1729580405.html,luachonnhadat.vn,2024-10-22,22000000,72,NA,NA
"Cho thuê kho MT đường Số 57, P. Tân Tạo, 5 x 20m, cấp 4, giá 9.5 triệu/tháng. khu Tên Lửa Pouyuen",9.5 Triệu/tháng,100 m²,"Bình Tân, Hồ Chí Minh",Bình Tân,Nhà phố,thue,https://luachonnhadat.vn/nha-dat/cho-thue-kho-mt-duong-so-57-p-tan-tao-5-x-20m-cap-4-gia-9-5-trieu-thang-khu-ten-lua-pouyuen-1729220151.html,luachonnhadat.vn,2024-10-18,9500000,100,NA,NA
"Cho thuê nhà MT đường Phan Văn Khoẻ, P.5, Q.6, nhà 3 tấm, 3.55 x 13m, giá 15 triệu/tháng",15 Triệu/tháng,46 m²,"Quận 6, Hồ Chí Minh",Quận 6,Nhà phố,thue,https://luachonnhadat.vn/nha-dat/cho-thue-nha-mt-duong-phan-van-khoe-p-5-q-6-nha-3-tam-3-55-x-13m-gia-15-trieu-thang-1729130443.html,luachonnhadat.vn,2024-10-17,15000000,46,NA,NA
"Cho thuê nhà khu Nam Hùng Vương, MT đường Số 4, P. An Lạc, 4 x 18m, 3.5 tấm, giá 20 triệu/tháng",20 Triệu/tháng,72 m²,"Bình Tân, Hồ Chí Minh",Bình Tân,Nhà phố,thue,https://luachonnhadat.vn/nha-dat/cho-thue-nha-khu-nam-hung-vuong-mt-duong-so-4-p-an-lac-4-x-18m-3-5-tam-gia-20-trieu-thang.html,luachonnhadat.vn,2024-10-15,20000000,72,NA,NA
"Cho thuê nhà MT đường Kinh Dương Vương, P. An Lạc A, nhà 1 lầu, 4 x 15m, giá 24 triệu/tháng",24 Triệu/tháng,60 m²,"Bình Tân, Hồ Chí Minh",Bình Tân,Nhà phố,thue,https://luachonnhadat.vn/nha-dat/cho-thue-nha-mt-duong-kinh-duong-vuong-p-an-lac-a-nha-1-lau-4-x-15m-gia-24-trieu-thang-1728871334.html,luachonnhadat.vn,2024-10-14,24000000,60,NA,NA
"Cho thuê nhà hẻm 21 Lê Công Phép, P. An Lạc A, 4 x 10m, 1 lầu, giá 8 triệu/tháng",8 Triệu/tháng,40 m²,"Bình Tân, Hồ Chí Minh",Bình Tân,Nhà phố,thue,https://luachonnhadat.vn/nha-dat/cho-thue-nha-hem-21-le-cong-phep-p-an-lac-a-4-x-10m-1-lau-gia-8-trieu-thang.html,luachonnhadat.vn,2024-10-09,8000000,40,NA,NA
"Cho thuê nhà khu Tên Lửa, MT đường Tên Lửa, P. Bình Trị Đông B, 11 x 25m, 6 tấm, giá 190 triệu/tháng",190 Triệu/tháng,275 m²,"Bình Tân, Hồ Chí Minh",Bình Tân,Nhà phố,thue,https://luachonnhadat.vn/nha-dat/cho-thue-nha-khu-ten-lua-mt-duong-ten-lua-p-binh-tri-dong-b-11-x-25m-6-tam-gia-190-trieu-thang.html,luachonnhadat.vn,2024-10-08,190000000,275,NA,NA
"Cho thuê nhà MT đường Văn Thân, P.8, Q.6, nhà 4 tấm, 4 x 14m, giá 21 triệu/tháng",21 Triệu/tháng,56 m²,"Quận 6, Hồ Chí Minh",Quận 6,Nhà phố,thue,https://luachonnhadat.vn/nha-dat/cho-thue-nha-mt-duong-van-than-p-8-q-6-nha-4-tam-4-x-14m-gia-21-trieu-thang-1727490241.html,luachonnhadat.vn,2024-09-28,21000000,56,NA,NA
"Bán nhà MT đường Tên Lửa (nhỏ), DT 4 x 18m, 3.5 tấm, giá 12.5 tỷ. kinh doanh đông đúc",12.5 Tỷ/căn,72 m²,"Bình Tân, Hồ Chí Minh",Bình Tân,Nhà phố,ban,https://luachonnhadat.vn/nha-dat/ban-nha-mt-duong-ten-lua-nho-dt-4-x-18m-3-5-tam-gia-12-5-ty-kinh-doanh-dong-duc.html,luachonnhadat.vn,2026-05-20,12500000000,72,NA,NA
"Bán đất hẻm 225 Lê Văn Quới, P. Bình Trị Đông, DT 4 x 15m, giá 5.2 tỷ",5.2 Tỷ/nền,60 m²,"Bình Tân, Hồ Chí Minh",Bình Tân,Đất,ban,https://luachonnhadat.vn/nha-dat/ban-dat-hem-225-le-van-quoi-p-binh-tri-dong-dt-4-x-15m-gia-5-2-ty.html,luachonnhadat.vn,2026-05-20,5200000000,60,NA,NA
"Bán 2 lô đất hẻm 26 Trương Phước Phan, P. Bình Trị Đông, DT 4.5 x 15m, giá 5.6 tỷ",5.6 Tỷ/nền,67 m²,"Bình Tân, Hồ Chí Minh",Bình Tân,Đất,ban,https://luachonnhadat.vn/nha-dat/ban-2-lo-dat-hem-26-truong-phuoc-phan-p-binh-tri-dong-dt-4-5-x-15m-gia-5-6-ty.html,luachonnhadat.vn,2026-05-20,5600000000,67,NA,NA
"Bán nhà góc 2MT đường Gò Công, P.13, Q.5, DT 6.5 x 15m, TH 2.8m, 3.5 tấm, giá 16.9 tỷ",16.9 Tỷ/căn,97 m²,"Quận 5, Hồ Chí Minh",Quận 5,Nhà phố,ban,https://luachonnhadat.vn/nha-dat/ban-nha-goc-2mt-duong-go-cong-p-13-q-5-dt-6-5-x-15m-th-2-8m-3-5-tam-gia-16-9-ty.html,luachonnhadat.vn,2026-05-20,16899999999.999998,97,NA,NA
"Bán nhà hẻm 687 Kinh Dương Vương, P. An Lạc, 8 x 25m, 3 tấm, giá 20 tỷ",20 Tỷ/căn,200 m²,"Bình Tân, Hồ Chí Minh",Bình Tân,Nhà phố,ban,https://luachonnhadat.vn/nha-dat/ban-nha-hem-687-kinh-duong-vuong-p-an-lac-8-x-25m-3-tam-gia-20-ty.html,luachonnhadat.vn,2026-05-20,20000000000,200,NA,NA
"Bán nhà mới hẻm 130 Lê Đình Cẩn, P. Tân Tạo, 4 x 10m, 3 tấm, giá 4.7 tỷ",4.7 Tỷ/căn,40 m²,"Bình Tân, Hồ Chí Minh",Bình Tân,Nhà phố,ban,https://luachonnhadat.vn/nha-dat/ban-nha-moi-hem-130-le-dinh-can-p-tan-tao-4-x-10m-3-tam-gia-4-7-ty.html,luachonnhadat.vn,2026-05-20,4700000000,40,NA,NA
"Bán nhà góc 2MT đường Ca Văn Thỉnh, P.11, Q. Tân Bình, DT 4 x 14m, 6 tấm, giá 16.9 tỷ",16.9 Tỷ/căn,56 m²,"Tân Bình, Hồ Chí Minh",Tân Bình,Nhà phố,ban,https://luachonnhadat.vn/nha-dat/ban-nha-goc-2mt-duong-ca-van-thinh-p-11-q-tan-binh-dt-4-x-14m-6-tam-gia-16-9-ty.html,luachonnhadat.vn,2026-05-20,16899999999.999998,56,NA,NA
"Bán nhà MT đường Đồng Đen, P.11, Q. Tân Bình, DT 6.4 x 27m, NH 9m, 3 tấm, giá 48 tỷ",48 Tỷ/căn,172 m²,"Tân Bình, Hồ Chí Minh",Tân Bình,Nhà phố,ban,https://luachonnhadat.vn/nha-dat/ban-nha-mt-duong-dong-den-p-11-q-tan-binh-dt-6-4-x-27m-nh-9m-3-tam-gia-48-ty.html,luachonnhadat.vn,2026-05-20,48000000000,172,NA,NA
"Bán nhà MT đường Tỉnh Lộ 10, P. Tân Tạo, 4 x 27.5m, cấp 4, giá 11.8 tỷ",11.8 Tỷ/căn,110 m²,"Bình Tân, Hồ Chí Minh",Bình Tân,Nhà phố,ban,https://luachonnhadat.vn/nha-dat/ban-nha-mt-duong-tinh-lo-10-p-tan-tao-4-x-27-5m-cap-4-gia-11-8-ty.html,luachonnhadat.vn,2026-05-20,11800000000,110,NA,NA
"Bán đất MT đường Số 59B, P. Tân Tạo, 5 x 20m, giá 8 tỷ",8 Tỷ/nền,100 m²,"Bình Tân, Hồ Chí Minh",Bình Tân,Đất,ban,https://luachonnhadat.vn/nha-dat/ban-dat-mt-duong-so-59b-p-tan-tao-5-x-20m-gia-8-ty.html,luachonnhadat.vn,2026-05-20,8000000000,100,NA,NA
"Bán nhà góc 2MT đường Mã Lò, P. Bình Trị Đông A, DT 12 x 10m, 7 tấm, giá 17 tỷ",17 Tỷ/căn,120 m²,"Bình Tân, Hồ Chí Minh",Bình Tân,Nhà phố,ban,https://luachonnhadat.vn/nha-dat/ban-nha-goc-2mt-duong-ma-lo-p-binh-tri-dong-a-dt-12-x-10m-7-tam-gia-17-ty.html,luachonnhadat.vn,2026-05-20,17000000000,120,NA,NA
"Bán nhà khu Tên Lửa, MT đường Số 7A, DT 5 x 19m, 3.5 tấm, giá 15.5 tỷ",15.5 Tỷ/căn,95 m²,"Bình Tân, Hồ Chí Minh",Bình Tân,Nhà phố,ban,https://luachonnhadat.vn/nha-dat/ban-nha-khu-ten-lua-mt-duong-so-7a-dt-5-x-19m-3-5-tam-gia-15-5-ty.html,luachonnhadat.vn,2026-05-20,15500000000,95,NA,NA
"Bán cặp nhà hẻm 541 Hương Lộ 2, P. Bình Trị Đông, DT 4 x 15m/căn, 4.5 tấm, giá 8.2 tỷ/căn",8.2 Tỷ/căn,60 m²,"Bình Tân, Hồ Chí Minh",Bình Tân,Nhà phố,ban,https://luachonnhadat.vn/nha-dat/ban-cap-nha-hem-541-huong-lo-2-p-binh-tri-dong-dt-4-x-15m-can-4-5-tam-gia-8-2-ty-can.html,luachonnhadat.vn,2026-05-20,8199999999.999999,60,NA,NA
"Bán nhà hẻm 931 Hương lộ 2, P. Bình Trị Đông A, 4 x 16m, 6 tấm, giá 8.8 tỷ",8.8 Tỷ/căn,64 m²,"Bình Tân, Hồ Chí Minh",Bình Tân,Nhà phố,ban,https://luachonnhadat.vn/nha-dat/ban-nha-hem-931-huong-lo-2-p-binh-tri-dong-a-4-x-16m-6-tam-gia-8-8-ty.html,luachonnhadat.vn,2026-05-20,8800000000,64,NA,NA
"Bán nhà trọ hẻm 50 Chiến Lược, P. Bình Trị Đông B, DT 8 x 21m, 3.5 tấm, giá 17 tỷ",17 Tỷ/tháng,168 m²,"Bình Tân, Hồ Chí Minh",Bình Tân,Nhà phố,ban,https://luachonnhadat.vn/nha-dat/ban-nha-tro-hem-50-chien-luoc-p-binh-tri-dong-b-dt-8-x-21m-3-5-tam-gia-17-ty.html,luachonnhadat.vn,2026-05-20,17000000000,168,NA,NA
"✅ BÁN TOÀ NHÀ MT LÊ VĂN QUỚI, 37 X 60M, HẦM + 6 LẦU, 280 TỶ. TDT SÀN 9794 M2",280 Tỷ/căn,2220 m²,"Bình Tân, Hồ Chí Minh",Bình Tân,Nhà phố,ban,https://luachonnhadat.vn/nha-dat/-ban-toa-nha-mt-le-van-quoi-37-x-60m-ham-6-lau-280-ty-tdt-san-9794-m2.html,luachonnhadat.vn,2026-05-19,280000000000,2220,NA,NA
"Bán nhà khu Tên Lửa, MT đường Số 1, DT 6 x 21m, 2.5 tấm, giá 24.5 tỷ.",24.5 Tỷ/căn,126 m²,"Bình Tân, Hồ Chí Minh",Bình Tân,Nhà phố,ban,https://luachonnhadat.vn/nha-dat/ban-nha-khu-ten-lua-mt-duong-so-1-dt-6-x-21m-2-5-tam-gia-24-5-ty-.html,luachonnhadat.vn,2026-05-19,24500000000,126,NA,NA
"Bán nhà khu Tên Lửa, MT đường Số 1, DT 6 x 21m, 2.5 tấm, giá 24 tỷ",24 Tỷ/căn,126 m²,"Bình Tân, Hồ Chí Minh",Bình Tân,Nhà phố,ban,https://luachonnhadat.vn/nha-dat/ban-nha-khu-ten-lua-mt-duong-so-1-dt-6-x-21m-2-5-tam-gia-24-ty.html,luachonnhadat.vn,2026-05-19,24000000000,126,NA,NA
"✅ BÁN ĐẤT GÓC 2MT 61 BÌNH LONG, P. BHH A, 14.5 X 16M, 21 TỶ.",21 Tỷ/nền,232 m²,"Bình Tân, Hồ Chí Minh",Bình Tân,Đất,ban,https://luachonnhadat.vn/nha-dat/-ban-dat-goc-2mt-61-binh-long-p-bhh-a-14-5-x-16m-21-ty-.html,luachonnhadat.vn,2026-05-19,21000000000,232,NA,NA
"✅ BÁN ĐẤT HẺM XE HƠI 61 BÌNH LONG, P. BHHA, 5 X 10M, 5.8 TỶ.",5.8 Tỷ/nền,50 m²,"Bình Tân, Hồ Chí Minh",Bình Tân,Đất,ban,https://luachonnhadat.vn/nha-dat/-ban-dat-hem-xe-hoi-61-binh-long-p-bhha-5-x-10m-5-8-ty-.html,luachonnhadat.vn,2026-05-19,5800000000,50,NA,NA
"Bán nhà mặt tiền đường Số 3, P. Tân Tạo, 7.5 x 20m, cấp 4, giá 11 tỷ – vị trí tiềm năng tăng giá.",11 Tỷ/căn,150 m²,"Bình Tân, Hồ Chí Minh",Bình Tân,Nhà phố,ban,https://luachonnhadat.vn/nha-dat/ban-nha-mat-tien-duong-so-3-p-tan-tao-7-5-x-20m-cap-4-gia-11-ty-vi-tri-tiem-nang-tang-gia-.html,luachonnhadat.vn,2026-05-19,11000000000,150,NA,NA
"Bán nhà hẻm 995 Hồng Bàng, P.12, Q.6, DT 3.7 x 11m, NH 4.8m, 4.5 tấm, giá 8.4 tỷ",8.4 Tỷ/căn,40 m²,"Quận 6, Hồ Chí Minh",Quận 6,Nhà phố,ban,https://luachonnhadat.vn/nha-dat/ban-nha-hem-995-hong-bang-p-12-q-6-dt-3-7-x-11m-nh-4-8m-4-5-tam-gia-8-4-ty.html,luachonnhadat.vn,2026-05-19,8400000000,40,NA,NA
"Bán nhà hẻm 53 đường Số 8B, P. Bình Hưng Hòa A, DT 3 x 5m, 3 tấm, giá 1.95 tỷ.",1.95 Tỷ/căn,15 m²,"Bình Tân, Hồ Chí Minh",Bình Tân,Nhà phố,ban,https://luachonnhadat.vn/nha-dat/ban-nha-hem-53-duong-so-8b-p-binh-hung-hoa-a-dt-3-x-5m-3-tam-gia-1-95-ty-.html,luachonnhadat.vn,2026-05-19,1950000000,15,NA,NA
"Bán nhà MT đường Số 8B, P. Bình Hưng Hoà A, DT 2.5 x 8m, 1 lầu, giá 2.75 tỷ",2.75 Tỷ/căn,20 m²,"Bình Tân, Hồ Chí Minh",Bình Tân,Nhà phố,ban,https://luachonnhadat.vn/nha-dat/ban-nha-mt-duong-so-8b-p-binh-hung-hoa-a-dt-2-5-x-8m-1-lau-gia-2-75-ty.html,luachonnhadat.vn,2026-05-18,2750000000,20,NA,NA
"Bán nhà trọ góc 3MT đường Vườn Lài, P. Phú Thọ Hoà, DT 5 x 30m, 5 tấm, có 17 phòng, giá 19 tỷ",19 Tỷ/căn,157 m²,"Tân Phú, Hồ Chí Minh",Tân Phú,Phòng cho thuê,ban,https://luachonnhadat.vn/nha-dat/ban-nha-tro-goc-3mt-duong-vuon-lai-p-phu-tho-hoa-dt-5-x-30m-5-tam-co-17-phong-gia-19-ty.html,luachonnhadat.vn,2026-05-18,19000000000,157,NA,NA
"Bán nhà hẻm số 6 Nguyễn Quang Diêu, P. Tân Quý, DT 4.1 x 4.1m, 3.5 tấm, giá 3.15 tỷ",3.15 Tỷ/căn,16 m²,"Tân Phú, Hồ Chí Minh",Tân Phú,Nhà phố,ban,https://luachonnhadat.vn/nha-dat/ban-nha-hem-so-6-nguyen-quang-dieu-p-tan-quy-dt-4-1-x-4-1m-3-5-tam-gia-3-15-ty.html,luachonnhadat.vn,2026-05-18,3150000000,16,NA,NA
"Bán nhà hẻm 507 Hương Lộ 3, P. Bình Hưng Hòa, DT 4 x 8m, 2.5 tấm, giá 3.75 tỷ",3.75 Tỷ/căn,32 m²,"Bình Tân, Hồ Chí Minh",Bình Tân,Nhà phố,ban,https://luachonnhadat.vn/nha-dat/ban-nha-hem-507-huong-lo-3-p-binh-hung-hoa-dt-4-x-8m-2-5-tam-gia-3-75-ty.html,luachonnhadat.vn,2026-05-18,3750000000,32,NA,NA
"Bán nhà hẻm số 5 đường Lô Tư, P. Bình Hưng Hoà A, DT 4 x 14m, 1 lầu, giá 5.79 tỷ",5.79 Tỷ/căn,56 m²,"Bình Tân, Hồ Chí Minh",Bình Tân,Nhà phố,ban,https://luachonnhadat.vn/nha-dat/ban-nha-hem-so-5-duong-lo-tu-p-binh-hung-hoa-a-dt-4-x-14m-1-lau-gia-5-79-ty.html,luachonnhadat.vn,2026-05-18,5790000000,56,NA,NA
"✳ BÁN ĐẤT HẺM 704 TÊN LỬA, P. BÌNH TRỊ ĐÔNG B, 570M2, GIÁ 40 TỶ.",40 Tỷ/nền,570 m²,"Bình Tân, Hồ Chí Minh",Bình Tân,Đất,ban,https://luachonnhadat.vn/nha-dat/-ban-dat-hem-704-ten-lua-p-binh-tri-dong-b-570m2-gia-40-ty-.html,luachonnhadat.vn,2026-05-18,40000000000,570,NA,NA
"Bán đất MT đường Trương Phước Phan, P. Bình Trị Đông, 5 x 16.5m, 8 tỷ",8 Tỷ/nền,82 m²,"Bình Tân, Hồ Chí Minh",Bình Tân,Đất,ban,https://luachonnhadat.vn/nha-dat/ban-dat-mt-duong-truong-phuoc-phan-p-binh-tri-dong-5-x-16-5m-8-ty.html,luachonnhadat.vn,2026-05-18,8000000000,82,NA,NA
"Bán nhà hẻm 72 Miếu Gò Xoài, P. Bình Hưng Hòa A, DT 4 x 12.5m, 3.5 tấm, giá 6.7 tỷ",6.7 Tỷ/căn,50 m²,"Bình Tân, Hồ Chí Minh",Bình Tân,Nhà phố,ban,https://luachonnhadat.vn/nha-dat/ban-nha-hem-72-mieu-go-xoai-p-binh-hung-hoa-a-dt-4-x-12-5m-3-5-tam-gia-6-7-ty.html,luachonnhadat.vn,2026-05-18,6700000000,50,NA,NA
"Bán nhà hẻm 97 Kinh Dương Vương, P.12, Q.6 DT 3.1 x 9.75m, 1 lầu, giá 5.75 tỷ",5.75 Tỷ/căn,30 m²,"Quận 6, Hồ Chí Minh",Quận 6,Nhà phố,ban,https://luachonnhadat.vn/nha-dat/ban-nha-hem-97-kinh-duong-vuong-p-12-q-6-dt-3-1-x-9-75m-1-lau-gia-5-75-ty.html,luachonnhadat.vn,2026-05-18,5750000000,30,NA,NA
"Bán nhà hẻm 703 Tỉnh Lộ 10, P. Bình Trị Đông B, DT 4 x 25m, cấp 4, giá 9 tỷ",9 Tỷ/căn,100 m²,"Bình Tân, Hồ Chí Minh",Bình Tân,Nhà phố,ban,https://luachonnhadat.vn/nha-dat/ban-nha-hem-703-tinh-lo-10-p-binh-tri-dong-b-dt-4-x-25m-cap-4-gia-9-ty.html,luachonnhadat.vn,2026-05-18,9000000000,100,NA,NA
"Bán đất góc 2MT đường Số 53A, P. Tân Tạo, 5 x 20m, giá 10.8 tỷ",10.8 Tỷ/nền,100 m²,"Bình Tân, Hồ Chí Minh",Bình Tân,Đất,ban,https://luachonnhadat.vn/nha-dat/ban-dat-goc-2mt-duong-so-53a-p-tan-tao-5-x-20m-gia-10-8-ty.html,luachonnhadat.vn,2026-05-18,10800000000,100,NA,NA
"Bán nhà hẻm 131 Kinh Dương Vương, P.12, Q.6, DT 8 x 20.5m, 4 tấm, giá 15.5 tỷ",15.5 Tỷ/căn,163 m²,"Quận 6, Hồ Chí Minh",Quận 6,Nhà phố,ban,https://luachonnhadat.vn/nha-dat/ban-nha-hem-131-kinh-duong-vuong-p-12-q-6-dt-8-x-20-5m-4-tam-gia-15-5-ty.html,luachonnhadat.vn,2026-05-18,15500000000,163,NA,NA
BÁN NHÀ HẺM 532 KINH DƯƠNG VƯƠNG - KINH DOANH SẦM UẤT - MẶT TIỀN ĐƯỜNG 20M | 9.5 TỶ,9.5 Tỷ/căn,78 m²,"Bình Tân, Hồ Chí Minh",Bình Tân,Nhà phố,ban,https://luachonnhadat.vn/nha-dat/ban-nha-hem-532-kinh-duong-vuong-kinh-doanh-sam-uat-mat-tien-duong-20m-9-5-ty.html,luachonnhadat.vn,2026-05-18,9500000000,78,NA,NA
"BÁN NHÀ KHU TÊN LỬA, MT VIP VÀNH ĐAI TRONG, 12 X 25M, 65 TỶ. KD SẦM UẤT.",65 Tỷ/căn,300 m²,"Bình Tân, Hồ Chí Minh",Bình Tân,Nhà phố,ban,https://luachonnhadat.vn/nha-dat/ban-nha-khu-ten-lua-mt-vip-vanh-dai-trong-12-x-25m-65-ty-kd-sam-uat-.html,luachonnhadat.vn,2026-05-18,65000000000,300,NA,NA
"Bán nhà khu Tên Lửa, MT đường Số 7, DT 6 x 23m, 1 lầu, giá 28 tỷ.",28 Tỷ/căn,138 m²,"Bình Tân, Hồ Chí Minh",Bình Tân,Nhà phố,ban,https://luachonnhadat.vn/nha-dat/ban-nha-khu-ten-lua-mt-duong-so-7-dt-6-x-23m-1-lau-gia-28-ty-.html,luachonnhadat.vn,2026-05-18,28000000000,138,NA,NA
"Bán nhà khu Bình Phú, MT đường Số 61, DT 4 x 16m, 3.5 tấm, giá 11 tỷ",11 Tỷ/căn,64 m²,"Quận 6, Hồ Chí Minh",Quận 6,Nhà phố,ban,https://luachonnhadat.vn/nha-dat/ban-nha-khu-binh-phu-mt-duong-so-61-dt-4-x-16m-3-5-tam-gia-11-ty.html,luachonnhadat.vn,2026-05-18,11000000000,64,NA,NA
"Bán nhà khu Bình Phú, MT đường Số 21, DT 4 x 18m, 3.5 tấm, giá 12 tỷ",12 Tỷ/căn,72 m²,"Quận 6, Hồ Chí Minh",Quận 6,Nhà phố,ban,https://luachonnhadat.vn/nha-dat/ban-nha-khu-binh-phu-mt-duong-so-21-dt-4-x-18m-3-5-tam-gia-12-ty.html,luachonnhadat.vn,2026-05-18,12000000000,72,NA,NA
"Bán nhà khu Tên Lửa, MT đường Số 1, DT 4 x 20m, 3.5 tấm, giá 18.3 tỷ.",18.3 Tỷ/căn,80 m²,"Bình Tân, Hồ Chí Minh",Bình Tân,Nhà phố,ban,https://luachonnhadat.vn/nha-dat/ban-nha-khu-ten-lua-mt-duong-so-1-dt-4-x-20m-3-5-tam-gia-18-3-ty-.html,luachonnhadat.vn,2026-05-18,18300000000,80,NA,NA
"Bán nhà hẻm 42 Đình Tân Khai, P. Bình Trị Đông, 4 x 16m, 2 tấm, giá 6.2 tỷ",6.2 Tỷ/căn,64 m²,"Bình Tân, Hồ Chí Minh",Bình Tân,Nhà phố,ban,https://luachonnhadat.vn/nha-dat/ban-nha-hem-42-dinh-tan-khai-p-binh-tri-dong-4-x-16m-2-tam-gia-6-2-ty.html,luachonnhadat.vn,2026-05-18,6200000000,64,NA,NA
"Bán nhà hẻm 1104 Tỉnh Lộ 10, P. Tân Tạo, 4.75 x 11m, 4.5 tấm, giá 6.85 tỷ.",6.85 Tỷ/căn,52 m²,"Bình Tân, Hồ Chí Minh",Bình Tân,Nhà phố,ban,https://luachonnhadat.vn/nha-dat/ban-nha-hem-1104-tinh-lo-10-p-tan-tao-4-75-x-11m-4-5-tam-gia-6-85-ty-.html,luachonnhadat.vn,2026-05-18,6850000000,52,NA,NA
"Bán nhà MT đường Ao Đôi, P. Bình Trị Đông A, DT 4.5 x 34m, 2 tấm, giá 14.5 tỷ",14.5 Tỷ/căn,153 m²,"Bình Tân, Hồ Chí Minh",Bình Tân,Nhà phố,ban,https://luachonnhadat.vn/nha-dat/ban-nha-mt-duong-ao-doi-p-binh-tri-dong-a-dt-4-5-x-34m-2-tam-gia-14-5-ty.html,luachonnhadat.vn,2026-05-16,14500000000,153,NA,NA
"Bán nhà hẻm ô tô 743 Tỉnh Lộ 10, DT 4 x 21.5m, 2 tấm, giá 7.9 tỷ gần Aeon Mall.",7.9 Tỷ/căn,86 m²,"Bình Tân, Hồ Chí Minh",Bình Tân,Nhà phố,ban,https://luachonnhadat.vn/nha-dat/ban-nha-hem-o-to-743-tinh-lo-10-dt-4-x-21-5m-2-tam-gia-7-9-ty-gan-aeon-mall-.html,luachonnhadat.vn,2026-05-16,7900000000,86,NA,NA
"Bán nhà góc 2MT đường Tỉnh Lộ 10, P. Tân Tạo A, DT 4.3 x 26m, NH 4.7m, 1 lầu, giá 11.5 tỷ",11.5 Tỷ/căn,111 m²,"Bình Tân, Hồ Chí Minh",Bình Tân,Nhà phố,ban,https://luachonnhadat.vn/nha-dat/ban-nha-goc-2mt-duong-tinh-lo-10-p-tan-tao-a-dt-4-3-x-26m-nh-4-7m-1-lau-gia-11-5-ty.html,luachonnhadat.vn,2026-05-16,11500000000,111,NA,NA
"Bán đất hẻm 634 Tên Lửa, P. Bình Trị Đông B, DT 4.7 x 14m, giá 5.79 tỷ",5.79 Tỷ/nền,65 m²,"Bình Tân, Hồ Chí Minh",Bình Tân,Đất,ban,https://luachonnhadat.vn/nha-dat/ban-dat-hem-634-ten-lua-p-binh-tri-dong-b-dt-4-7-x-14m-gia-5-79-ty.html,luachonnhadat.vn,2026-05-16,5790000000,65,NA,NA
"Bán nhà khu Tên Lửa, góc 2MT đường Số 24, DT 4.5 x 20m, 3.5 tấm, giá 19.2 tỷ.",19.2 Tỷ/căn,90 m²,"Bình Tân, Hồ Chí Minh",Bình Tân,Nhà phố,ban,https://luachonnhadat.vn/nha-dat/ban-nha-khu-ten-lua-goc-2mt-duong-so-24-dt-4-5-x-20m-3-5-tam-gia-19-2-ty-.html,luachonnhadat.vn,2026-05-16,19200000000,90,NA,NA
"Bán nhà góc 2MT hẻm 184 Lê Đình Cẩn, P. Tân Tạo, 4 x 17m, 4.5 tấm, giá 8.6 tỷ",8.6 Tỷ/căn,68 m²,"Bình Tân, Hồ Chí Minh",Bình Tân,Nhà phố,ban,https://luachonnhadat.vn/nha-dat/ban-nha-goc-2mt-hem-184-le-dinh-can-p-tan-tao-4-x-17m-4-5-tam-gia-8-6-ty.html,luachonnhadat.vn,2026-05-16,8600000000,68,NA,NA
"✅ BÁN NHÀ HẺM 820 HẬU GIANG, QUẬN 6, DT 5.4 x 11.5m, 3 TẤM, GIÁ 7.4 TỶ",7.4 Tỷ/căn,61 m²,"Quận 6, Hồ Chí Minh",Quận 6,Nhà phố,ban,https://luachonnhadat.vn/nha-dat/-ban-nha-hem-820-hau-giang-quan-6-dt-5-4-x-11-5m-3-tam-gia-7-4-ty.html,luachonnhadat.vn,2026-05-15,7400000000,61,NA,NA
"✅ CHÍNH CHỦ BÁN NHÀ KHU BÌNH PHÚ, MT ĐƯỜNG SỐ 22, DT 4 X 19M, 3.5 TẤM, 13.5 TỶ.",13.5 Tỷ/căn,76 m²,"Quận 6, Hồ Chí Minh",Quận 6,Nhà phố,ban,https://luachonnhadat.vn/nha-dat/-chinh-chu-ban-nha-khu-binh-phu-mt-duong-so-22-dt-4-x-19m-3-5-tam-13-5-ty-.html,luachonnhadat.vn,2026-05-15,13500000000,76,NA,NA
"Bán nhà khu Bình Phú, MT đường Số 66, DT 4 x 10m, 2 tấm, giá 6.5 tỷ. đối diện công viên",6.5 Tỷ/căn,40 m²,"Quận 6, Hồ Chí Minh",Quận 6,Nhà phố,ban,https://luachonnhadat.vn/nha-dat/ban-nha-khu-binh-phu-mt-duong-so-66-dt-4-x-10m-2-tam-gia-6-5-ty-doi-dien-cong-vien.html,luachonnhadat.vn,2026-05-15,6500000000,40,NA,NA
"BÁN NHÀ 2MT CƯ XÁ PHÚ LÂM B, PHƯỜNG 13, DT 4 X 13.5M, 4 TẤM, 7.5 TỶ.",7.5 Tỷ/căn,53 m²,"Quận 6, Hồ Chí Minh",Quận 6,Nhà phố,ban,https://luachonnhadat.vn/nha-dat/ban-nha-2mt-cu-xa-phu-lam-b-phuong-13-dt-4-x-13-5m-4-tam-7-5-ty-.html,luachonnhadat.vn,2026-05-15,7500000000,53,NA,NA
"Bán nhà MT lô L đường Cư Xá Phú Lâm D, P.10, Q.6, DT 3.5 x 12m, 4 tấm, giá 8.4 tỷ",8.4 Tỷ/căn,42 m²,"Quận 6, Hồ Chí Minh",Quận 6,Nhà phố,ban,https://luachonnhadat.vn/nha-dat/ban-nha-mt-lo-l-duong-cu-xa-phu-lam-d-p-10-q-6-dt-3-5-x-12m-4-tam-gia-8-4-ty.html,luachonnhadat.vn,2026-05-15,8400000000,42,NA,NA
"BÁN NHÀ CHÍNH CHỦ, HẺM XE HƠI 637 TỈNH LỘ 10, DT 5.6 X 16M, CẤP 4, GIÁ 5.8 TỶ.",5.8 Tỷ/căn,103 m²,"Bình Tân, Hồ Chí Minh",Bình Tân,Nhà phố,ban,https://luachonnhadat.vn/nha-dat/ban-nha-chinh-chu-hem-xe-hoi-637-tinh-lo-10-dt-5-6-x-16m-cap-4-gia-5-8-ty-.html,luachonnhadat.vn,2026-05-15,5800000000,103,NA,NA
"CHÍNH CHỦ BÁN ĐẤT KHU TÊN LỬA, MT ĐƯỜNG SỐ 21, DT 4.5 X 20M, 10.5 TỶ | GẦN CÔNG VIÊN",10.5 Tỷ/nền,90 m²,"Bình Tân, Hồ Chí Minh",Bình Tân,Đất,ban,https://luachonnhadat.vn/nha-dat/chinh-chu-ban-dat-khu-ten-lua-mt-duong-so-21-dt-4-5-x-20m-10-5-ty-gan-cong-vien.html,luachonnhadat.vn,2026-05-15,10500000000,90,NA,NA
"BÁN ĐẤT KHU AO SEN TÊN LỬA, NT ĐƯỜNG SỐ 17B, 5 X 20M, 13 TỶ, GẦN AEON MALL.",13 Tỷ/nền,100 m²,"Bình Tân, Hồ Chí Minh",Bình Tân,Đất,ban,https://luachonnhadat.vn/nha-dat/ban-dat-khu-ao-sen-ten-lua-nt-duong-so-17b-5-x-20m-13-ty-gan-aeon-mall-.html,luachonnhadat.vn,2026-05-15,13000000000,100,NA,NA
"Bán nhà hẻm 338 Chiến Lược, P. Bình Trị Đông A, 3 x 8m, 3 tấm, giá 3.65 tỷ",3.65 Tỷ/căn,24 m²,"Bình Tân, Hồ Chí Minh",Bình Tân,Nhà phố,ban,https://luachonnhadat.vn/nha-dat/ban-nha-hem-338-chien-luoc-p-binh-tri-dong-a-3-x-8m-3-tam-gia-3-65-ty.html,luachonnhadat.vn,2026-05-15,3650000000,24,NA,NA
"Bán nhà khu Bình Phú, MT đường Số 22, DT 4 x 20m, 3.5 tấm, giá 17 tỷ",17 Tỷ/căn,80 m²,"Quận 6, Hồ Chí Minh",Quận 6,Nhà phố,ban,https://luachonnhadat.vn/nha-dat/ban-nha-khu-binh-phu-mt-duong-so-22-dt-4-x-20m-3-5-tam-gia-17-ty.html,luachonnhadat.vn,2026-05-15,17000000000,80,NA,NA
"Bán nhà hẻm 81 Bùi Tư Toàn, P. An Lạc, DT 3 x 21m, 1 lầu, giá 5.05 tỷ",5.05 Tỷ/căn,63 m²,"Bình Tân, Hồ Chí Minh",Bình Tân,Nhà phố,ban,https://luachonnhadat.vn/nha-dat/ban-nha-hem-81-bui-tu-toan-p-an-lac-dt-3-x-21m-1-lau-gia-5-05-ty.html,luachonnhadat.vn,2026-05-15,5050000000,63,NA,NA
"Bán nhà MT đường Tỉnh Lộ 10, P. Tân Tạo, 4.5 x 27m, cấp 4, giá 12.5 tỷ",12.5 Tỷ/căn,121 m²,"Bình Tân, Hồ Chí Minh",Bình Tân,Nhà phố,ban,https://luachonnhadat.vn/nha-dat/ban-nha-mt-duong-tinh-lo-10-p-tan-tao-4-5-x-27m-cap-4-gia-12-5-ty.html,luachonnhadat.vn,2026-05-15,12500000000,121,NA,NA
"Bán nhà khu Tên Lửa Aeon Mall, MT đường Số 5, DT 5 x 20m, 4 tấm, giá 19 tỷ.",19 Tỷ/căn,100 m²,"Bình Tân, Hồ Chí Minh",Bình Tân,Nhà phố,ban,https://luachonnhadat.vn/nha-dat/ban-nha-khu-ten-lua-aeon-mall-mt-duong-so-5-dt-5-x-20m-4-tam-gia-19-ty-.html,luachonnhadat.vn,2026-05-15,19000000000,100,NA,NA
"Bán nhà MT lô i đường Nguyễn Thức Đường, P. An Lạc A, DT 4 x 16m, 2.5 tấm, giá 10.5 tỷ",10.5 Tỷ/căn,64 m²,"Bình Tân, Hồ Chí Minh",Bình Tân,Nhà phố,ban,https://luachonnhadat.vn/nha-dat/ban-nha-mt-lo-i-duong-nguyen-thuc-duong-p-an-lac-a-dt-4-x-16m-2-5-tam-gia-10-5-ty.html,luachonnhadat.vn,2026-05-15,10500000000,64,NA,NA
"Bán nhà MT đường Nguyễn Trọng Trí, P. An Lạc A, 5.5 x 10m, 2 tấm, giá 8.5 tỷ",8.5 Tỷ/căn,55 m²,"Bình Tân, Hồ Chí Minh",Bình Tân,Nhà phố,ban,https://luachonnhadat.vn/nha-dat/ban-nha-mt-duong-nguyen-trong-tri-p-an-lac-a-5-5-x-10m-2-tam-gia-8-5-ty.html,luachonnhadat.vn,2026-05-15,8500000000,55,NA,NA
"Bán nhà khu Tên Lửa Pouyuen, MT đường Trần Văn Giàu, DT 5 x 16m, 4 tấm, giá 11 tỷ.",11 Tỷ/căn,80 m²,"Bình Tân, Hồ Chí Minh",Bình Tân,Nhà phố,ban,https://luachonnhadat.vn/nha-dat/ban-nha-khu-ten-lua-pouyuen-mt-duong-tran-van-giau-dt-5-x-16m-4-tam-gia-11-ty-.html,luachonnhadat.vn,2026-05-15,11000000000,80,NA,NA
"Bán nhà MT đường Chiến Lược, P. Bình Trị Đông A, 4 x 25m, cấp 4, giá 8.2 tỷ",8.2 Tỷ/căn,100 m²,"Bình Tân, Hồ Chí Minh",Bình Tân,Nhà phố,ban,https://luachonnhadat.vn/nha-dat/ban-nha-mt-duong-chien-luoc-p-binh-tri-dong-a-4-x-25m-cap-4-gia-8-2-ty.html,luachonnhadat.vn,2026-05-15,8199999999.999999,100,NA,NA
"Bán dãy nhà trọ MT đường Đất Mới, P. Bình Trị Đông A, DT 9.7 x 18m, NH 11.5m, cấp 4, giá 13.5 tỷ",13.5 Tỷ/căn,174 m²,"Bình Tân, Hồ Chí Minh",Bình Tân,Đất,ban,https://luachonnhadat.vn/nha-dat/ban-day-nha-tro-mt-duong-dat-moi-p-binh-tri-dong-a-dt-9-7-x-18m-nh-11-5m-cap-4-gia-13-5-ty.html,luachonnhadat.vn,2026-05-14,13500000000,174,NA,NA
"Bán nhà góc 2MT hẻm 363 Đất Mới, P. Bình Trị Đông A, 5 x 20m, 3.5 tấm, giá 11.3 tỷ",11.3 Tỷ/căn,100 m²,"Bình Tân, Hồ Chí Minh",Bình Tân,Đất,ban,https://luachonnhadat.vn/nha-dat/ban-nha-goc-2mt-hem-363-dat-moi-p-binh-tri-dong-a-5-x-20m-3-5-tam-gia-11-3-ty.html,luachonnhadat.vn,2026-05-14,11300000000,100,NA,NA
"Bán nhà hẻm 36 đường Số 4, P. An Lạc A, 3.4 x 10.8m, 2 tấm, giá 6 tỷ",6 Tỷ/căn,36 m²,"Bình Tân, Hồ Chí Minh",Bình Tân,Nhà phố,ban,https://luachonnhadat.vn/nha-dat/ban-nha-hem-36-duong-so-4-p-an-lac-a-3-4-x-10-8m-2-tam-gia-6-ty.html,luachonnhadat.vn,2026-05-14,6000000000,36,NA,NA
"Bán nhà khu Tên Lửa, MT đường Số 1A, DT 4 x 21m, 2 tấm, giá 9.9 tỷ.",9.9 Tỷ/căn,84 m²,"Bình Tân, Hồ Chí Minh",Bình Tân,Nhà phố,ban,https://luachonnhadat.vn/nha-dat/ban-nha-khu-ten-lua-mt-duong-so-1a-dt-4-x-21m-2-tam-gia-9-9-ty-.html,luachonnhadat.vn,2026-05-14,9900000000,84,NA,NA
"Bán nhà hẻm 42 đường 702 Hồng Bàng, P.1, Q.11, DT 3.35 x 4.35m, 2.5 tấm, giá 2.88 tỷ",2.88 Tỷ/căn,14 m²,"Quận 11, Hồ Chí Minh",Quận 11,Nhà phố,ban,https://luachonnhadat.vn/nha-dat/ban-nha-hem-42-duong-702-hong-bang-p-1-q-11-dt-3-35-x-4-35m-2-5-tam-gia-2-88-ty.html,luachonnhadat.vn,2026-05-14,2880000000,14,NA,NA
"Bán nhà 2MT Trước - Sau hẻm 365 Hậu Giang, P.11, Q.6, DT 4 x 15m, 3.5 tấm, giá 8.7 tỷ",8.7 Tỷ/căn,60 m²,"Quận 6, Hồ Chí Minh",Quận 6,Nhà phố,ban,https://luachonnhadat.vn/nha-dat/ban-nha-2mt-truoc-sau-hem-365-hau-giang-p-11-q-6-dt-4-x-15m-3-5-tam-gia-8-7-ty.html,luachonnhadat.vn,2026-05-14,8700000000,60,NA,NA
"Bán nhà hẻm 58 Nguyễn Trọng Trí, P. An Lạc A, 4.7 x 6.5m, 1 lầu, giá 3.1 tỷ",3.1 Tỷ/căn,30 m²,"Bình Tân, Hồ Chí Minh",Bình Tân,Nhà phố,ban,https://luachonnhadat.vn/nha-dat/ban-nha-hem-58-nguyen-trong-tri-p-an-lac-a-4-7-x-6-5m-1-lau-gia-3-1-ty.html,luachonnhadat.vn,2026-05-14,3100000000,30,NA,NA
"Bán căn hộ dịch vụ hẻm 13 Lương Thế Vinh P. Tân Thới Hoà, DT 8.2 x 12.5m, 5 tấm, giá 10.95 tỷ",10.95 Tỷ/căn,102 m²,"Tân Phú, Hồ Chí Minh",Tân Phú,Căn hộ dịch vụ,ban,https://luachonnhadat.vn/nha-dat/ban-can-ho-dich-vu-hem-13-luong-the-vinh-p-tan-thoi-hoa-dt-8-2-x-12-5m-5-tam-gia-10-95-ty.html,luachonnhadat.vn,2026-05-14,10950000000,102,NA,NA
"Bán nhà hẻm 964 Hương lộ 2, P. Bình Trị Đông A, 4 x 29m, 1 lầu, giá 8.5 tỷ",8.5 Tỷ/căn,116 m²,"Bình Tân, Hồ Chí Minh",Bình Tân,Nhà phố,ban,https://luachonnhadat.vn/nha-dat/ban-nha-hem-964-huong-lo-2-p-binh-tri-dong-a-4-x-29m-1-lau-gia-8-5-ty.html,luachonnhadat.vn,2026-05-14,8500000000,116,NA,NA
"Bán nhà hẻm 270 Lê Đình Cẩn, P. Tân Tạo, 5 x 18m, 1 lửng, giá 5.8 tỷ",5.8 Tỷ/căn,90 m²,"Bình Tân, Hồ Chí Minh",Bình Tân,Nhà phố,ban,https://luachonnhadat.vn/nha-dat/ban-nha-hem-270-le-dinh-can-p-tan-tao-5-x-18m-1-lung-gia-5-8-ty.html,luachonnhadat.vn,2026-05-14,5800000000,90,NA,NA
"Bán nhà khu Tên Lửa gần Aoen Mall, MT đường Số 32A, DT 5 x 20m, 3.5 tấm, giá 14.2 tỷ",14.2 Tỷ/căn,100 m²,"Bình Tân, Hồ Chí Minh",Bình Tân,Nhà phố,ban,https://luachonnhadat.vn/nha-dat/ban-nha-khu-ten-lua-gan-aoen-mall-mt-duong-so-32a-dt-5-x-20m-3-5-tam-gia-14-2-ty.html,luachonnhadat.vn,2026-05-14,14200000000,100,NA,NA
"Bán nhà góc 2MT hẻm 480 Mã Lò, P. Bình Hưng Hoà A, 4 x 12.6m, 4.5 tấm, giá 7.4 tỷ",7.4 Tỷ/căn,50 m²,"Bình Tân, Hồ Chí Minh",Bình Tân,Nhà phố,ban,https://luachonnhadat.vn/nha-dat/ban-nha-goc-2mt-hem-480-ma-lo-p-binh-hung-hoa-a-4-x-12-6m-4-5-tam-gia-7-4-ty.html,luachonnhadat.vn,2026-05-14,7400000000,50,NA,NA
"BÁN NHÀ KHU TÊN LỬA, MT ĐƯỜNG SỐ 38, DT 4.5 X 23M, 3 TẤM, 10 TỶ | ĐANG CHO THUÊ 16 TRIỆU/THÁNG",10 Tỷ/căn,103 m²,"Bình Tân, Hồ Chí Minh",Bình Tân,Nhà phố,ban,https://luachonnhadat.vn/nha-dat/ban-nha-khu-ten-lua-mt-duong-so-38-dt-4-5-x-23m-3-tam-10-ty-dang-cho-thue-16-trieu-thang.html,luachonnhadat.vn,2026-05-13,10000000000,103,NA,NA
"Bán nhà hẻm 363 Đất Mới, P. Bình Trị Đông A, DT 4.5 x 10m, TH 4.05m, 2 tấm, giá 4.38 tỷ",4.38 Tỷ/căn,45 m²,"Bình Tân, Hồ Chí Minh",Bình Tân,Đất,ban,https://luachonnhadat.vn/nha-dat/ban-nha-hem-363-dat-moi-p-binh-tri-dong-a-dt-4-5-x-10m-th-4-05m-2-tam-gia-4-38-ty.html,luachonnhadat.vn,2026-05-13,4380000000,45,NA,NA
"Bán nhà hẻm 363 Đất Mới, P. Bình Trị Đông A, DT 4 x 18m, 3 tấm, giá 6.28 tỷ",6.28 Tỷ/căn,72 m²,"Bình Tân, Hồ Chí Minh",Bình Tân,Đất,ban,https://luachonnhadat.vn/nha-dat/ban-nha-hem-363-dat-moi-p-binh-tri-dong-a-dt-4-x-18m-3-tam-gia-6-28-ty.html,luachonnhadat.vn,2026-05-13,6280000000,72,NA,NA
"Bán đất hẻm 104 đường Số 10, P. Bình Hưng Hòa B, DT 4 x 19m, NH 7m, giá 4.9 tỷ",4.9 Tỷ/nền,76 m²,"Bình Tân, Hồ Chí Minh",Bình Tân,Đất,ban,https://luachonnhadat.vn/nha-dat/ban-dat-hem-104-duong-so-10-p-binh-hung-hoa-b-dt-4-x-19m-nh-7m-gia-4-9-ty.html,luachonnhadat.vn,2026-05-13,4900000000,76,NA,NA
"Bán nhà khu Tên Lửa gần Aeon Mall, MT đường Số 13C, DT 5 x 20m, 3.5 tấm, giá 15.5 tỷ.",15.5 Tỷ/nền,100 m²,"Bình Tân, Hồ Chí Minh",Bình Tân,Nhà phố,ban,https://luachonnhadat.vn/nha-dat/ban-nha-khu-ten-lua-gan-aeon-mall-mt-duong-so-13c-dt-5-x-20m-3-5-tam-gia-15-5-ty-.html,luachonnhadat.vn,2026-05-13,15500000000,100,NA,NA
"Bán nhà khu Bình Phú, góc 2MT đường Số 23, DT 15.5 x 20m, 3.5 tấm, giá 55 tỷ.",55 Tỷ/căn,310 m²,"Quận 6, Hồ Chí Minh",Quận 6,Nhà phố,ban,https://luachonnhadat.vn/nha-dat/ban-nha-khu-binh-phu-goc-2mt-duong-so-23-dt-15-5-x-20m-3-5-tam-gia-55-ty-.html,luachonnhadat.vn,2026-05-13,55000000000,310,NA,NA
"Bán nhà góc 2MT hẻm 426 Nguyễn Văn Luông, P.12, Q.6, DT 3.95 x 14.8m, NH 4.55m, 2 tấm, giá 5.5 tỷ",5.5 Tỷ/căn,58 m²,"Quận 6, Hồ Chí Minh",Quận 6,Nhà phố,ban,https://luachonnhadat.vn/nha-dat/ban-nha-goc-2mt-hem-426-nguyen-van-luong-p-12-q-6-dt-3-95-x-14-8m-nh-4-55m-2-tam-gia-5-5-ty.html,luachonnhadat.vn,2026-05-13,5500000000,58,NA,NA
"Bán nhà MT đường Cư Xá Phú Lâm D, P.10, Q.6, DT 4 x 15.5m, 2 tấm, giá 9.5 tỷ",9.5 Tỷ/căn,62 m²,"Quận 6, Hồ Chí Minh",Quận 6,Nhà phố,ban,https://luachonnhadat.vn/nha-dat/ban-nha-mt-duong-cu-xa-phu-lam-d-p-10-q-6-dt-4-x-15-5m-2-tam-gia-9-5-ty.html,luachonnhadat.vn,2026-05-13,9500000000,62,NA,NA
"Bán nhà góc 2MT hẻm 236 Mã Lò, P. Bình Trị Đông A, 4 x 13m, 5 tấm, giá 8.5 tỷ",8.5 Tỷ/căn,52 m²,"Bình Tân, Hồ Chí Minh",Bình Tân,Nhà phố,ban,https://luachonnhadat.vn/nha-dat/ban-nha-goc-2mt-hem-236-ma-lo-p-binh-tri-dong-a-4-x-13m-5-tam-gia-8-5-ty.html,luachonnhadat.vn,2026-05-13,8500000000,52,NA,NA
"Bán đất hẻm 413 Lê Văn Quới, P. Bình Trị Đông A, DT 7.2 x 12m, giá 5.85 tỷ",5.85 Tỷ/nền,86 m²,"Bình Tân, Hồ Chí Minh",Bình Tân,Đất,ban,https://luachonnhadat.vn/nha-dat/ban-dat-hem-413-le-van-quoi-p-binh-tri-dong-a-dt-7-2-x-12m-gia-5-85-ty.html,luachonnhadat.vn,2026-05-13,5850000000,86,NA,NA
"Bán nhà góc 2MT hẻm 325 Lê Văn Quới, P. Bình Trị Đông, 4.3 x 14m, 5 tấm, giá 8.9 tỷ",8.9 Tỷ/căn,60 m²,"Bình Tân, Hồ Chí Minh",Bình Tân,Nhà phố,ban,https://luachonnhadat.vn/nha-dat/ban-nha-goc-2mt-hem-325-le-van-quoi-p-binh-tri-dong-4-3-x-14m-5-tam-gia-8-9-ty.html,luachonnhadat.vn,2026-05-13,8900000000,60,NA,NA
"Bán nhà hẻm 574 Sinco, P. Bình Trị Đông B, DT 6.15 x 22.84m, cấp 4, giá 8 tỷ",8 Tỷ/căn,140 m²,"Bình Tân, Hồ Chí Minh",Bình Tân,Nhà phố,ban,https://luachonnhadat.vn/nha-dat/ban-nha-hem-574-sinco-p-binh-tri-dong-b-dt-6-15-x-22-84m-cap-4-gia-8-ty.html,luachonnhadat.vn,2026-05-13,8000000000,140,NA,NA
"Bán nhà hẻm 270 Lê Đình Cẩn, P. Tân Tạo, 4 x 12m, 1 lầu, giá 4.85 tỷ",4.85 Tỷ/căn,47 m²,"Bình Tân, Hồ Chí Minh",Bình Tân,Nhà phố,ban,https://luachonnhadat.vn/nha-dat/ban-nha-hem-270-le-dinh-can-p-tan-tao-4-x-12m-1-lau-gia-4-85-ty.html,luachonnhadat.vn,2026-05-13,4850000000,47,NA,NA
"Bán nhà hẻm 637 Tỉnh Lộ 10, P. Bình Trị Đông B, 5.4 x 14m, 1 lầu, giá 5.8 tỷ",5.8 Tỷ/căn,75 m²,"Bình Tân, Hồ Chí Minh",Bình Tân,Nhà phố,ban,https://luachonnhadat.vn/nha-dat/ban-nha-hem-637-tinh-lo-10-p-binh-tri-dong-b-5-4-x-14m-1-lau-gia-5-8-ty.html,luachonnhadat.vn,2026-05-13,5800000000,75,NA,NA
"Bán đất khu Tên Lửa, MT đường Vành Đai Trong, DT 5.3 x 20m, giá 23 tỷ.",23 Tỷ/căn,106 m²,"Bình Tân, Hồ Chí Minh",Bình Tân,Đất,ban,https://luachonnhadat.vn/nha-dat/ban-dat-khu-ten-lua-mt-duong-vanh-dai-trong-dt-5-3-x-20m-gia-23-ty-.html,luachonnhadat.vn,2026-05-13,23000000000,106,NA,NA
"Bán nhà góc 2MT hẻm 1051 Hậu Giang, P.11, Q.6, DT 7.5 x 15m, 6 tấm, 18 phòng, giá 28 tỷ",28 Tỷ/căn,112 m²,"Quận 6, Hồ Chí Minh",Quận 6,Phòng cho thuê,ban,https://luachonnhadat.vn/nha-dat/ban-nha-goc-2mt-hem-1051-hau-giang-p-11-q-6-dt-7-5-x-15m-6-tam-18-phong-gia-28-ty.html,luachonnhadat.vn,2026-05-13,28000000000,112,NA,NA
"Bán nhà MT đường Mã Lò, P. Bình Hưng Hoà A, 4.4 x 35m, cấp 4, giá 12.8 tỷ.",12.8 Tỷ/căn,154 m²,"Bình Tân, Hồ Chí Minh",Bình Tân,Nhà phố,ban,https://luachonnhadat.vn/nha-dat/ban-nha-mt-duong-ma-lo-p-binh-hung-hoa-a-4-4-x-35m-cap-4-gia-12-8-ty-.html,luachonnhadat.vn,2026-05-13,12800000000,154,NA,NA
"Bán nhà MT đường Phổ Quang, P.9, Q. Phú Nhuận, DT 4 x 17m, 3 tấm, giá 16.7 tỷ",16.7 Tỷ/căn,68 m²,"Phú Nhuận, Hồ Chí Minh",Phú Nhuận,Nhà phố,ban,https://luachonnhadat.vn/nha-dat/ban-nha-mt-duong-pho-quang-p-9-q-phu-nhuan-dt-4-x-17m-3-tam-gia-16-7-ty.html,luachonnhadat.vn,2026-05-13,16700000000,68,NA,NA
"✅ Bán nhà hẻm 714 Tân Kỳ Tân Quý, P. BHH, 4 x 25m, cấp 4, giá 10.5 tỷ. (có 3 căn liền kề)",10.5 Tỷ/căn,100 m²,"Bình Tân, Hồ Chí Minh",Bình Tân,Nhà phố,ban,https://luachonnhadat.vn/nha-dat/-ban-nha-hem-714-tan-ky-tan-quy-p-bhh-4-x-25m-cap-4-gia-10-5-ty-co-3-can-lien-ke-.html,luachonnhadat.vn,2026-05-13,10500000000,100,NA,NA
"BÁN NHÀ MT CHỢ LỚN, P BÌNH PHÚ, 4 X 20M, 2.5 TẤM, 18.5 TỶ | KINH DOANH ĐÔNG ĐÚC.",18.5 Tỷ/căn,80 m²,"Quận 6, Hồ Chí Minh",Quận 6,Nhà phố,ban,https://luachonnhadat.vn/nha-dat/ban-nha-mt-cho-lon-p-binh-phu-4-x-20m-2-5-tam-18-5-ty-kinh-doanh-dong-duc-.html,luachonnhadat.vn,2026-05-13,18500000000,80,NA,NA
"Bán nhà khu Cư xá Rada, MT đường Số 9, DT 4 x 16m, 3.5 tấm, giá 11.8 tỷ.",11.8 Tỷ/căn,64 m²,"Quận 6, Hồ Chí Minh",Quận 6,Nhà phố,ban,https://luachonnhadat.vn/nha-dat/ban-nha-khu-cu-xa-rada-mt-duong-so-9-dt-4-x-16m-3-5-tam-gia-11-8-ty-.html,luachonnhadat.vn,2026-05-12,11800000000,64,NA,NA
"Bán nhà MT đường Đỗ Đức Dục, P. Phú Thọ Hòa, DT 4.75 x 14m, 2 tấm, giá 8.6 tỷ",8.6 Tỷ/căn,66 m²,"Tân Phú, Hồ Chí Minh",Tân Phú,Nhà phố,ban,https://luachonnhadat.vn/nha-dat/ban-nha-mt-duong-do-duc-duc-p-phu-tho-hoa-dt-4-75-x-14m-2-tam-gia-8-6-ty.html,luachonnhadat.vn,2026-05-12,8600000000,66,NA,NA
"Cho thuê nhà MT đường Hoàng Văn Hợp, P. An Lạc A, 4 x 20m, 1 lửng, giá 11 triệu/tháng",11 Triệu/tháng,80 m²,"Bình Tân, Hồ Chí Minh",Bình Tân,Nhà phố,thue,https://luachonnhadat.vn/nha-dat/cho-thue-nha-mt-duong-hoang-van-hop-p-an-lac-a-4-x-20m-1-lung-gia-11-trieu-thang.html,luachonnhadat.vn,2026-03-26,11000000,80,NA,NA
"Cho thuê nhà khu Tên Lửa, MT đường Vành Đai Trong, DT 5 x 20m, cấp 4, giá 14 triệu/tháng.",14 Triệu/tháng,100 m²,"Bình Tân, Hồ Chí Minh",Bình Tân,Nhà phố,thue,https://luachonnhadat.vn/nha-dat/cho-thue-nha-khu-ten-lua-mt-duong-vanh-dai-trong-dt-5-x-20m-cap-4-gia-14-trieu-thang-.html,luachonnhadat.vn,2026-03-25,14000000,100,NA,NA
"Cho thuê nhà khu Tên Lửa, MT đường số 16, DT 6 x 25m, cấp 4, giá 12 triệu/tháng.",12 Triệu/tháng,150 m²,"Bình Tân, Hồ Chí Minh",Bình Tân,Nhà phố,thue,https://luachonnhadat.vn/nha-dat/cho-thue-nha-khu-ten-lua-mt-duong-so-16-dt-6-x-25m-cap-4-gia-12-trieu-thang-.html,luachonnhadat.vn,2026-03-25,12000000,150,NA,NA
"Cho thuê nhà khu Tên Lửa, MT đường Vành Đai Trong, DT 6 x 20m, 4.5 tấm, giá 60 triệu/tháng",60 Triệu/tháng,120 m²,"Bình Tân, Hồ Chí Minh",Bình Tân,Nhà phố,thue,https://luachonnhadat.vn/nha-dat/cho-thue-nha-khu-ten-lua-mt-duong-vanh-dai-trong-dt-6-x-20m-4-5-tam-gia-60-trieu-thang.html,luachonnhadat.vn,2026-03-24,60000000,120,NA,NA
"Cho thuê nhà khu Tên Lửa, MT đường Số 28, DT 5 x 20m, 3.5 tấm, 25 triệu/tháng.",25 Triệu/tháng,100 m²,"Bình Tân, Hồ Chí Minh",Bình Tân,Nhà phố,thue,https://luachonnhadat.vn/nha-dat/cho-thue-nha-khu-ten-lua-mt-duong-so-28-dt-5-x-20m-3-5-tam-25-trieu-thang-.html,luachonnhadat.vn,2026-03-23,25000000,100,NA,NA
"Cho thuê nhà khu Tên Lửa, MT đường Số 21, DT 4.5 x 20m, 3.5 tấm, giá 25 triệu/tháng",25 Triệu/tháng,90 m²,"Bình Tân, Hồ Chí Minh",Bình Tân,Nhà phố,thue,https://luachonnhadat.vn/nha-dat/cho-thue-nha-khu-ten-lua-mt-duong-so-21-dt-4-5-x-20m-3-5-tam-gia-25-trieu-thang.html,luachonnhadat.vn,2026-03-23,25000000,90,NA,NA
"Cho thuê nhà khu Bình Phú, MT đường Chợ Lớn, DT 4 x 20m, 3 tấm, giá 27 triệu/tháng",27 Triệu/tháng,80 m²,"Quận 6, Hồ Chí Minh",Quận 6,Nhà phố,thue,https://luachonnhadat.vn/nha-dat/cho-thue-nha-khu-binh-phu-mt-duong-cho-lon-dt-4-x-20m-3-tam-gia-27-trieu-thang.html,luachonnhadat.vn,2026-03-23,27000000,80,NA,NA
"Cho thuê nhà MT đường An Dương Vương, P. An Lạc A, DT 3.79 x 19.2m, 1 lửng, giá 15 triệu/tháng",15 Triệu/tháng,72 m²,"Bình Tân, Hồ Chí Minh",Bình Tân,Nhà phố,thue,https://luachonnhadat.vn/nha-dat/cho-thue-nha-mt-duong-an-duong-vuong-p-an-lac-a-dt-3-79-x-19-2m-1-lung-gia-15-trieu-thang.html,luachonnhadat.vn,2026-03-21,15000000,72,NA,NA
"Cho thuê nhà 2 MT Trước - Sau đường Lê Tuấn Mậu, P.13, Q.6, DT 8x25m, cấp 4, giá 29 triệu/tháng",29 Triệu/tháng,200 m²,"Quận 6, Hồ Chí Minh",Quận 6,Nhà phố,thue,https://luachonnhadat.vn/nha-dat/cho-thue-nha-2-mt-truoc-sau-duong-le-tuan-mau-p-13-q-6-dt-8x25m-cap-4-gia-29-trieu-thang.html,luachonnhadat.vn,2026-03-17,29000000,200,NA,NA
"Cho thuê mặt bằng khu Tên Lửa gần Aeon Mall, MT đường Số 32, DT 5 x 20m, giá 15 triệu/tháng.",15 Triệu/tháng,100 m²,"Bình Tân, Hồ Chí Minh",Bình Tân,Mặt bằng,thue,https://luachonnhadat.vn/nha-dat/cho-thue-mat-bang-khu-ten-lua-gan-aeon-mall-mt-duong-so-32-dt-5-x-20m-gia-15-trieu-thang-.html,luachonnhadat.vn,2026-03-13,15000000,100,NA,NA
"Cho thuê nhà khu Tên Lửa, MT đường Số 21D, DT 4 x 18m, 3.5 tấm, giá 20 triệu/tháng",20 Triệu/tháng,72 m²,"Bình Tân, Hồ Chí Minh",Bình Tân,Nhà phố,thue,https://luachonnhadat.vn/nha-dat/cho-thue-nha-khu-ten-lua-mt-duong-so-21d-dt-4-x-18m-3-5-tam-gia-20-trieu-thang-1773284877.html,luachonnhadat.vn,2026-03-12,20000000,72,NA,NA
"Cho thuê nhà MT đường Hương Lộ 2, P. Bình Trị Đông A, DT 7 x 11m, 1 lửng, giá 30 triệu/tháng",30 Triệu/tháng,77 m²,"Bình Tân, Hồ Chí Minh",Bình Tân,Nhà phố,thue,https://luachonnhadat.vn/nha-dat/cho-thue-nha-mt-duong-huong-lo-2-p-binh-tri-dong-a-dt-7-x-11m-1-lung-gia-30-trieu-thang.html,luachonnhadat.vn,2026-03-12,30000000,77,NA,NA
"Cho thuê nhà góc 2MT đường Số 53A, P. Tân Tạo, DT 5 x 20m, 3.5 tấm, giá 32 triệu/tháng",32 Triệu/tháng,100 m²,"Bình Tân, Hồ Chí Minh",Bình Tân,Nhà phố,thue,https://luachonnhadat.vn/nha-dat/cho-thue-nha-goc-2mt-duong-so-53a-p-tan-tao-dt-5-x-20m-3-5-tam-gia-32-trieu-thang.html,luachonnhadat.vn,2026-03-11,32000000,100,NA,NA
"Cho thuê nhà MT đường Tỉnh Lộ 10, P. Tân Tạo, DT 19 x 48m, 1 lửng, giá 150 triệu/tháng",150 Triệu/tháng,912 m²,"Bình Tân, Hồ Chí Minh",Bình Tân,Nhà phố,thue,https://luachonnhadat.vn/nha-dat/cho-thue-nha-mt-duong-tinh-lo-10-p-tan-tao-dt-19-x-48m-1-lung-gia-150-trieu-thang-1773194480.html,luachonnhadat.vn,2026-03-11,150000000,912,NA,NA
"Cho thuê nhà góc 2MT đường Số 50, P. Tân Tạo, DT 4 x 16m, 3.5 tấm, giá 20 triệu/tháng",20 Triệu/căn,64 m²,"Bình Tân, Hồ Chí Minh",Bình Tân,Nhà phố,thue,https://luachonnhadat.vn/nha-dat/cho-thue-nha-goc-2mt-duong-so-50-p-tan-tao-dt-4-x-16m-3-5-tam-gia-20-trieu-thang.html,luachonnhadat.vn,2026-03-03,20000000,64,NA,NA
"Cho thuê nhà hẻm 230 Mã Lò, P. Bình Trị Đông A, 4.3 x 12m, 3.5 tấm, giá 13 triệu/tháng",13 Triệu/tháng,51 m²,"Bình Tân, Hồ Chí Minh",Bình Tân,Nhà phố,thue,https://luachonnhadat.vn/nha-dat/cho-thue-nha-hem-230-ma-lo-p-binh-tri-dong-a-4-3-x-12m-3-5-tam-gia-13-trieu-thang-1772422105.html,luachonnhadat.vn,2026-03-02,13000000,51,NA,NA
"Cho thuê nhà MT đường Liên Khu 2-10, P. Bình Hưng Hoà A, DT 4 x 17m, 3 tấm, giá 17 triệu/tháng",17 Triệu/tháng,68 m²,"Bình Tân, Hồ Chí Minh",Bình Tân,Nhà phố,thue,https://luachonnhadat.vn/nha-dat/cho-thue-nha-mt-duong-lien-khu-2-10-p-binh-hung-hoa-a-dt-4-x-17m-3-tam-gia-17-trieu-thang.html,luachonnhadat.vn,2026-03-02,17000000,68,NA,NA
"Cho thuê nhà MT đường Số 57, P. Tân Tạo, 5 x 20m, 3.5 tấm, giá 29 triệu/tháng",29 Triệu/tháng,100 m²,"Bình Tân, Hồ Chí Minh",Bình Tân,Nhà phố,thue,https://luachonnhadat.vn/nha-dat/cho-thue-nha-mt-duong-so-57-p-tan-tao-5-x-20m-3-5-tam-gia-29-trieu-thang.html,luachonnhadat.vn,2026-03-02,29000000,100,NA,NA
"Cho thuê cặp nhà MT đường Hậu Giang, P.2, Q.6, DT 5.5 x 14m, 6 tấm, giá 65 triệu/tháng",65 Triệu/tháng,77 m²,"Quận 6, Hồ Chí Minh",Quận 6,Nhà phố,thue,https://luachonnhadat.vn/nha-dat/cho-thue-cap-nha-mt-duong-hau-giang-p-2-q-6-dt-5-5-x-14m-6-tam-gia-65-trieu-thang-1772076050.html,luachonnhadat.vn,2026-02-26,65000000,77,NA,NA
"Cho thuê nhà hẻm 51 đường Ông Ích Khiêm, P.5, Q.11, DT 8 x 17.5m, 4 tấm, giá 130 triệu/tháng",130 Triệu/tháng,140 m²,"Quận 11, Hồ Chí Minh",Quận 11,Nhà phố,thue,https://luachonnhadat.vn/nha-dat/cho-thue-nha-hem-51-duong-ong-ich-khiem-p-5-q-11-dt-8-x-17-5m-4-tam-gia-130-trieu-thang.html,luachonnhadat.vn,2026-01-26,130000000,140,NA,NA
"Cho thuê nhà khu Tên Lửa, MT đường Số 34, DT 4 x 20m, 3.5 tấm, giá 28 triệu/tháng",28 Triệu/tháng,80 m²,"Bình Tân, Hồ Chí Minh",Bình Tân,Nhà phố,thue,https://luachonnhadat.vn/nha-dat/cho-thue-nha-khu-ten-lua-mt-duong-so-34-dt-4-x-20m-3-5-tam-gia-28-trieu-thang.html,luachonnhadat.vn,2026-01-26,28000000,80,NA,NA
"Cho thuê nhà MT đường Bình Long, P. Bình Hưng Hòa A, 9.5 x 40m, 2 tấm, giá 75 triệu/tháng",75 Triệu/tháng,380 m²,"Bình Tân, Hồ Chí Minh",Bình Tân,Nhà phố,thue,https://luachonnhadat.vn/nha-dat/cho-thue-nha-mt-duong-binh-long-p-binh-hung-hoa-a-9-5-x-40m-2-tam-gia-75-trieu-thang.html,luachonnhadat.vn,2026-01-21,75000000,380,NA,NA
"Cho thuê nhà MT đường Võ Văn Kiệt, P.7, Q.6, DT 3.2 x 8m, 3.5 tấm, giá 16 triệu/tháng",16 Triệu/tháng,25 m²,"Quận 6, Hồ Chí Minh",Quận 6,Nhà phố,thue,https://luachonnhadat.vn/nha-dat/cho-thue-nha-mt-duong-vo-van-kiet-p-7-q-6-dt-3-2-x-8m-3-5-tam-gia-16-trieu-thang-1768528684.html,luachonnhadat.vn,2026-01-16,16000000,25,NA,NA
"Cho thuê nhà khu Tên Lửa, góc 2MT đường Số 36, DT 4 x 18m, 4.5 tấm, giá 22 triệu/tháng",22 Triệu/tháng,72 m²,"Bình Tân, Hồ Chí Minh",Bình Tân,Nhà phố,thue,https://luachonnhadat.vn/nha-dat/cho-thue-nha-khu-ten-lua-goc-2mt-duong-so-36-dt-4-x-18m-4-5-tam-gia-22-trieu-thang.html,luachonnhadat.vn,2026-01-14,22000000,72,NA,NA
"Cho thuê nhà MT đường Kinh Dương Vương, P.12, Q.6, DT 8 x 15m, 4.5 tấm, giá 80 triệu/tháng",80 Triệu/tháng,120 m²,"Quận 6, Hồ Chí Minh",Quận 6,Nhà phố,thue,https://luachonnhadat.vn/nha-dat/cho-thue-nha-mt-duong-kinh-duong-vuong-p-12-q-6-dt-8-x-15m-4-5-tam-gia-80-trieu-thang.html,luachonnhadat.vn,2026-01-07,80000000,120,NA,NA
"Cho thuê cặp nhà khu Tên Lửa, góc 2MT đường Số 27, DT 4 x 20m/căn, giá 50 triệu/tháng",50 Triệu/tháng,80 m²,"Bình Tân, Hồ Chí Minh",Bình Tân,Nhà phố,thue,https://luachonnhadat.vn/nha-dat/cho-thue-cap-nha-khu-ten-lua-goc-2mt-duong-so-27-dt-4-x-20m-can-gia-50-trieu-thang.html,luachonnhadat.vn,2026-01-05,50000000,80,NA,NA
"Cho thuê nhà khu Cư Xá Rada, MT đường Số 5, P.13, Q.6, DT 4 x 16m, 1 lửng, giá 11 triệu/tháng",11 Triệu/tháng,64 m²,"Quận 6, Hồ Chí Minh",Quận 6,Nhà phố,thue,https://luachonnhadat.vn/nha-dat/cho-thue-nha-khu-cu-xa-rada-mt-duong-so-5-p-13-q-6-dt-4-x-16m-1-lung-gia-11-trieu-thang.html,luachonnhadat.vn,2026-01-05,11000000,64,NA,NA
"Cho thuê nhà MT đường Cao Văn Lầu, P.1, Q.6, DT 4 x 18m, 4 tấm, giá 50 triệu/tháng",50 Triệu/tháng,72 m²,"Quận 6, Hồ Chí Minh",Quận 6,Nhà phố,thue,https://luachonnhadat.vn/nha-dat/cho-thue-nha-mt-duong-cao-van-lau-p-1-q-6-dt-4-x-18m-4-tam-gia-50-trieu-thang-1765936642.html,luachonnhadat.vn,2026-01-05,50000000,72,NA,NA
"Cho thuê nhà MT đường Lũy Bán Bích, P. Phú Thạnh, 4 x 14m, 3 tấm, giá 18 triệu/tháng",18 Triệu/tháng,56 m²,"Tân Phú, Hồ Chí Minh",Tân Phú,Nhà phố,thue,https://luachonnhadat.vn/nha-dat/cho-thue-nha-mt-duong-luy-ban-bich-p-phu-thanh-4-x-14m-3-tam-gia-18-trieu-thang.html,luachonnhadat.vn,2026-01-05,18000000,56,NA,NA
"Cho thuê nhà khu Tên Lửa, MT đường Tên Lửa nhỏ, 4 x 25m, cấp 4, giá 13 triệu/tháng.",13 Triệu/tháng,100 m²,"Bình Tân, Hồ Chí Minh",Bình Tân,Nhà phố,thue,https://luachonnhadat.vn/nha-dat/cho-thue-nha-khu-ten-lua-mt-duong-ten-lua-nho-4-x-25m-cap-4-gia-13-trieu-thang-.html,luachonnhadat.vn,2025-12-31,13000000,100,NA,NA
"Cho thuê nhà khu Cư Xá Rada, MT đường Số 8, DT 4 x 16m, cấp 4, giá 10 triệu/tháng",10 Triệu/tháng,64 m²,"Quận 6, Hồ Chí Minh",Quận 6,Nhà phố,thue,https://luachonnhadat.vn/nha-dat/cho-thue-nha-khu-cu-xa-rada-mt-duong-so-8-dt-4-x-16m-cap-4-gia-10-trieu-thang.html,luachonnhadat.vn,2025-12-31,10000000,64,NA,NA
"Cho thuê nhà khu Tên Lửa, MT đường Số 8, DT 6 x 20m, 3.5 tấm, giá 40 triệu/tháng.",40 Triệu/tháng,120 m²,"Bình Tân, Hồ Chí Minh",Bình Tân,Nhà phố,thue,https://luachonnhadat.vn/nha-dat/cho-thue-nha-khu-ten-lua-mt-duong-so-8-dt-6-x-20m-3-5-tam-gia-40-trieu-thang--1767060399.html,luachonnhadat.vn,2025-12-30,40000000,120,NA,NA
"Cho thuê nhà MT đường Tỉnh Lộ 10, P. Tân Tạo, DT 9 x 26m, 4.5 tấm, giá 100 triệu/tháng",100 Triệu/tháng,234 m²,"Bình Tân, Hồ Chí Minh",Bình Tân,Nhà phố,thue,https://luachonnhadat.vn/nha-dat/cho-thue-nha-mt-duong-tinh-lo-10-p-tan-tao-dt-9-x-26m-4-5-tam-gia-100-trieu-thang.html,luachonnhadat.vn,2025-12-29,100000000,234,NA,NA
"Cho thuê nhà hẻm 933 Tỉnh Lộ 10, P. Tân Tạo, 4 x 14m, 2 tấm, giá 10 triệu/tháng",10 Triệu/tháng,56 m²,"Bình Tân, Hồ Chí Minh",Bình Tân,Nhà phố,thue,https://luachonnhadat.vn/nha-dat/cho-thue-nha-hem-933-tinh-lo-10-p-tan-tao-4-x-14m-2-tam-gia-10-trieu-thang.html,luachonnhadat.vn,2025-12-26,10000000,56,NA,NA
"Cho thuê nhà MT đường Số 46, P. Tân Tạo, 5 x 20m, 4.5 tấm + hầm, giá 25 triệu/tháng",25 Triệu/tháng,100 m²,"Bình Tân, Hồ Chí Minh",Bình Tân,Nhà phố,thue,https://luachonnhadat.vn/nha-dat/cho-thue-nha-mt-duong-so-46-p-tan-tao-5-x-20m-4-5-tam-ham-gia-25-trieu-thang-1766479898.html,luachonnhadat.vn,2025-12-23,25000000,100,NA,NA
"Cho thuê nhà khu Nam Hùng Vương, MT đường Số 2, DT 4 x 23m, 3 tấm, giá 18 triệu/tháng",18 Triệu/tháng,92 m²,"Bình Tân, Hồ Chí Minh",Bình Tân,Nhà phố,thue,https://luachonnhadat.vn/nha-dat/cho-thue-nha-khu-nam-hung-vuong-mt-duong-so-2-dt-4-x-23m-3-tam-gia-18-trieu-thang-1766370296.html,luachonnhadat.vn,2025-12-22,18000000,92,NA,NA
"Cho thuê nhà khu Tên Lửa, MT đường Số 25A, DT 4 x 20m, 3.5 tấm, giá 19 triệu/tháng",19 Triệu/tháng,80 m²,"Bình Tân, Hồ Chí Minh",Bình Tân,Nhà phố,thue,https://luachonnhadat.vn/nha-dat/cho-thue-nha-khu-ten-lua-mt-duong-so-25a-dt-4-x-20m-3-5-tam-gia-19-trieu-thang.html,luachonnhadat.vn,2025-12-19,19000000,80,NA,NA
"Cho thuê nhà MT lô O Cư Xá Phú Lâm D, P.10, Q.6, DT 4 x 16m, 1 lầu, giá 11 triệu/tháng",11 Triệu/tháng,64 m²,"Quận 6, Hồ Chí Minh",Quận 6,Nhà phố,thue,https://luachonnhadat.vn/nha-dat/cho-thue-nha-mt-lo-o-cu-xa-phu-lam-d-p-10-q-6-dt-4-x-16m-1-lau-gia-11-trieu-thang.html,luachonnhadat.vn,2025-12-19,11000000,64,NA,NA
"Cho thuê nhà khu Bình Phú, MT đường Số 39, DT 3 x 10m, 4 tấm, giá 13 triệu/tháng",13 Triệu/tháng,30 m²,"Quận 6, Hồ Chí Minh",Quận 6,Nhà phố,thue,https://luachonnhadat.vn/nha-dat/cho-thue-nha-khu-binh-phu-mt-duong-so-39-dt-3-x-10m-4-tam-gia-13-trieu-thang-1765959055.html,luachonnhadat.vn,2025-12-17,13000000,30,NA,NA
"Cho thuê nhà MT đường Tỉnh Lộ 10, P. Bình Trị Đông B, DT 4 x 34m, cấp 4, giá 25 triệu/tháng",25 Triệu/tháng,136 m²,"Bình Tân, Hồ Chí Minh",Bình Tân,Nhà phố,thue,https://luachonnhadat.vn/nha-dat/cho-thue-nha-mt-duong-tinh-lo-10-p-binh-tri-dong-b-dt-4-x-34m-cap-4-gia-25-trieu-thang.html,luachonnhadat.vn,2025-12-15,25000000,136,NA,NA
"Cho thuê nhà MT đường Số 55, P. Tân Tạo, 5 x 16m, 3.5 tấm, giá 18 triệu/tháng.",18 Triệu/tháng,80 m²,"Bình Tân, Hồ Chí Minh",Bình Tân,Nhà phố,thue,https://luachonnhadat.vn/nha-dat/cho-thue-nha-mt-duong-so-55-p-tan-tao-5-x-16m-3-5-tam-gia-18-trieu-thang-.html,luachonnhadat.vn,2025-12-13,18000000,80,NA,NA
"Cho thuê nhà khu Tên Lửa, MT đường Trần Văn Giàu, DT 8 x 20m, 4 tấm, giá 65 triệu/tháng",65 Triệu/tháng,160 m²,"Bình Tân, Hồ Chí Minh",Bình Tân,Nhà phố,thue,https://luachonnhadat.vn/nha-dat/cho-thue-nha-khu-ten-lua-mt-duong-tran-van-giau-dt-8-x-20m-4-tam-gia-65-trieu-thang.html,luachonnhadat.vn,2025-12-12,65000000,160,NA,NA
"Cho thuê nhà khu MT đường Quốc Lộ 1A, P. Tân Tạo A, 12 x 30m, cấp 4, giá 23 triệu/tháng",23 Triệu/tháng,360 m²,"Bình Tân, Hồ Chí Minh",Bình Tân,Nhà phố,thue,https://luachonnhadat.vn/nha-dat/cho-thue-nha-khu-mt-duong-quoc-lo-1a-p-tan-tao-a-12-x-30m-cap-4-gia-23-trieu-thang.html,luachonnhadat.vn,2025-12-08,23000000,360,NA,NA
"Cho thuê nhà MT đường Hậu Giang, P.5, Q.6, DT 4 x 19m, 4 tấm, giá 65 triệu/tháng.",65 Triệu/tháng,76 m²,"Quận 6, Hồ Chí Minh",Quận 6,Nhà phố,thue,https://luachonnhadat.vn/nha-dat/cho-thue-nha-mt-duong-hau-giang-p-5-q-6-dt-4-x-19m-4-tam-gia-65-trieu-thang--1764906989.html,luachonnhadat.vn,2025-12-05,65000000,76,NA,NA
"Cho thuê nhà MT đường Lò Gốm, P.8, Q.6, DT 6.2 x 21m, cấp 4, giá 18 triệu/tháng",18 Triệu/tháng,130 m²,"Quận 6, Hồ Chí Minh",Quận 6,Nhà phố,thue,https://luachonnhadat.vn/nha-dat/cho-thue-nha-mt-duong-lo-gom-p-8-q-6-dt-6-2-x-21m-cap-4-gia-18-trieu-thang-1764727004.html,luachonnhadat.vn,2025-12-03,18000000,130,NA,NA
"Cho thuê nhà khu Tên Lửa, MT đường Số 1, DT 4 x 21m, 3.5 tấm, giá 23 triệu/tháng.",23 Triệu/tháng,84 m²,"Bình Tân, Hồ Chí Minh",Bình Tân,Nhà phố,thue,https://luachonnhadat.vn/nha-dat/cho-thue-nha-khu-ten-lua-mt-duong-so-1-dt-4-x-21m-3-5-tam-gia-23-trieu-thang-.html,luachonnhadat.vn,2025-12-03,23000000,84,NA,NA
"Cho thuê nhà khu Tên Lửa, góc 2MT đường Vành Đai Trong, DT 12 x 20m, 3.5 tấm, giá 180 triệu/tháng",180 Triệu/tháng,240 m²,"Bình Tân, Hồ Chí Minh",Bình Tân,Nhà phố,thue,https://luachonnhadat.vn/nha-dat/cho-thue-nha-khu-ten-lua-goc-2mt-duong-vanh-dai-trong-dt-12-x-20m-3-5-tam-gia-180-trieu-thang-1764337304.html,luachonnhadat.vn,2025-11-28,180000000,240,NA,NA
"Cho thuê nhà Góc 2MT đường Trần Văn Giàu, P. Tân Tạo, 10 x 30m, cấp 4, giá 60 triệu/tháng",60 Triệu/tháng,300 m²,"Bình Tân, Hồ Chí Minh",Bình Tân,Nhà phố,thue,https://luachonnhadat.vn/nha-dat/cho-thue-nha-goc-2mt-duong-tran-van-giau-p-tan-tao-10-x-30m-cap-4-gia-60-trieu-thang-1764215408.html,luachonnhadat.vn,2025-11-27,60000000,300,NA,NA
"Cho thuê mặt bằng khu Tên Lửa, góc 2MT đường Số 1 lô V, DT 8 x 13.5m, giá 12 triệu/tháng.",12 Triệu/tháng,108 m²,"Bình Tân, Hồ Chí Minh",Bình Tân,Mặt bằng,thue,https://luachonnhadat.vn/nha-dat/cho-thue-mat-bang-khu-ten-lua-goc-2mt-duong-so-1-lo-v-dt-8-x-13-5m-gia-12-trieu-thang-.html,luachonnhadat.vn,2025-11-27,12000000,108,NA,NA
"Cho thuê nhà MT đường Hậu Giang, P.12, Q.6, DT 5 x 22.7m, 3.5 tấm, giá 100 triệu/tháng.",100 Triệu/tháng,113 m²,"Quận 6, Hồ Chí Minh",Quận 6,Nhà phố,thue,https://luachonnhadat.vn/nha-dat/cho-thue-nha-mt-duong-hau-giang-p-12-q-6-dt-5-x-22-7m-3-5-tam-gia-100-trieu-thang--1764141966.html,luachonnhadat.vn,2025-11-26,100000000,113,NA,NA
"Cho thuê Mặt Bằng khu Tên Lửa, MT đường Số 7, DT 12 x 46m, cấp 4, giá 170 triệu/tháng.",170 Triệu/tháng,552 m²,"Bình Tân, Hồ Chí Minh",Bình Tân,Mặt bằng,thue,https://luachonnhadat.vn/nha-dat/cho-thue-mat-bang-khu-ten-lua-mt-duong-so-7-dt-12-x-46m-cap-4-gia-170-trieu-thang-.html,luachonnhadat.vn,2025-11-18,170000000,552,NA,NA
"Cho thuê nhà MT đường Hậu Giang, P.11, Q.6, DT 4.3 x 25m, 3 tấm, giá 45 triệu/tháng.",45 Triệu/tháng,107 m²,"Quận 6, Hồ Chí Minh",Quận 6,Nhà phố,thue,https://luachonnhadat.vn/nha-dat/cho-thue-nha-mt-duong-hau-giang-p-11-q-6-dt-4-3-x-25m-3-tam-gia-45-trieu-thang-.html,luachonnhadat.vn,2025-11-18,45000000,107,NA,NA
"Cho thuê nhà khu Cư Xá Rada, MT đường Số 2, DT 8 x 20m, 1 lầu, giá 20 triệu/tháng",20 Triệu/tháng,160 m²,"Quận 6, Hồ Chí Minh",Quận 6,Nhà phố,thue,https://luachonnhadat.vn/nha-dat/cho-thue-nha-khu-cu-xa-rada-mt-duong-so-2-dt-8-x-20m-1-lau-gia-20-trieu-thang.html,luachonnhadat.vn,2025-11-15,20000000,160,NA,NA
"Cho thuê biệt thự khu Hai Thành, MT đường Số 4, DT 7 x 23m, 3 tấm, giá 45 triệu/tháng",45 Triệu/tháng,161 m²,"Bình Tân, Hồ Chí Minh",Bình Tân,Biệt thự,thue,https://luachonnhadat.vn/nha-dat/cho-thue-biet-thu-khu-hai-thanh-mt-duong-so-4-dt-7-x-23m-3-tam-gia-45-trieu-thang.html,luachonnhadat.vn,2025-11-10,45000000,161,NA,NA
"Cho thuê biệt thự khu Tên Lửa, góc 2MT đường Số 19, DT 10 x 20m, 3.5 tấm, giá 75 triệu/tháng",75 Triệu/tháng,200 m²,"Bình Tân, Hồ Chí Minh",Bình Tân,Biệt thự,thue,https://luachonnhadat.vn/nha-dat/cho-thue-biet-thu-khu-ten-lua-goc-2mt-duong-so-19-dt-10-x-20m-3-5-tam-gia-75-trieu-thang.html,luachonnhadat.vn,2025-11-08,75000000,200,NA,NA
"Cho thuê Shophouse CC THE WESTERN CAPITAL Lý Chiêu Hoàng, Q.6, DT 8 x 8m, 1 lầu, giá 10 triệu/tháng.",10 Triệu/tháng,64 m²,"Quận 6, Hồ Chí Minh",Quận 6,Shop house,thue,https://luachonnhadat.vn/nha-dat/cho-thue-shophouse-cc-the-western-capital-ly-chieu-hoang-q-6-dt-8-x-8m-1-lau-gia-10-trieu-thang-.html,luachonnhadat.vn,2025-11-06,10000000,64,NA,NA
"Cho thuê nhà khu Tên Lửa, MT đường Tên Lửa, 4.5 x 20m, 3.5 tấm, giá 35 triệu/tháng.",35 Triệu/tháng,90 m²,"Bình Tân, Hồ Chí Minh",Bình Tân,Nhà phố,thue,https://luachonnhadat.vn/nha-dat/cho-thue-nha-khu-ten-lua-mt-duong-ten-lua-4-5-x-20m-3-5-tam-gia-35-trieu-thang--1762400287.html,luachonnhadat.vn,2025-11-06,35000000,90,NA,NA
"Cho thuê nhà hẻm 270 Lê Đình Cẩn, P. Tân Tạo, 4 x 17m, 3.5 tấm, giá 15 triệu/tháng",15 Triệu/tháng,68 m²,"Bình Tân, Hồ Chí Minh",Bình Tân,Nhà phố,thue,https://luachonnhadat.vn/nha-dat/cho-thue-nha-hem-270-le-dinh-can-p-tan-tao-4-x-17m-3-5-tam-gia-15-trieu-thang.html,luachonnhadat.vn,2025-11-01,15000000,68,NA,NA
"Cho thuê mặt bằng biệt thự khu Tên Lửa, MT đường Số 5, DT 10 x 20m, giá 25 triệu/tháng",25 Triệu/tháng,200 m²,"Bình Tân, Hồ Chí Minh",Bình Tân,Biệt thự,thue,https://luachonnhadat.vn/nha-dat/cho-thue-mat-bang-biet-thu-khu-ten-lua-mt-duong-so-5-dt-10-x-20m-gia-25-trieu-thang.html,luachonnhadat.vn,2025-10-31,25000000,200,NA,NA
"Cho thuê nhà MT đường Số 49, DT 4 x 18m, 3.5 tấm, giá 18 triệu/tháng",18 Triệu/tháng,72 m²,"Bình Tân, Hồ Chí Minh",Bình Tân,Nhà phố,thue,https://luachonnhadat.vn/nha-dat/cho-thue-nha-mt-duong-so-49-dt-4-x-18m-3-5-tam-gia-18-trieu-thang.html,luachonnhadat.vn,2025-10-31,18000000,72,NA,NA
"Cho thuê nhà góc 2MT đường Hương Lộ 2, P. Bình Trị Đông, 10 x 32m, 4 tấm, giá 60 triệu/tháng",60 Triệu/tháng,320 m²,"Bình Tân, Hồ Chí Minh",Bình Tân,Nhà phố,thue,https://luachonnhadat.vn/nha-dat/cho-thue-nha-goc-2mt-duong-huong-lo-2-p-binh-tri-dong-10-x-32m-4-tam-gia-60-trieu-thang.html,luachonnhadat.vn,2025-10-24,60000000,320,NA,NA
"Cho thuê biệt thự khu Hai Thành, MT đường Số 4, DT 7 x 20m, 3 tấm, giá 40 triệu/tháng",40 Triệu/tháng,140 m²,"Bình Tân, Hồ Chí Minh",Bình Tân,Biệt thự,thue,https://luachonnhadat.vn/nha-dat/cho-thue-biet-thu-khu-hai-thanh-mt-duong-so-4-dt-7-x-20m-3-tam-gia-40-trieu-thang.html,luachonnhadat.vn,2025-10-21,40000000,140,NA,NA
"Cho thuê biệt thự khu Tên Lửa, góc 2MT đường Số 11A, DT 22 x 25m, 3 tấm, giá 100 triệu/tháng",100 Triệu/tháng,550 m²,"Bình Tân, Hồ Chí Minh",Bình Tân,Biệt thự,thue,https://luachonnhadat.vn/nha-dat/cho-thue-biet-thu-khu-ten-lua-goc-2mt-duong-so-11a-dt-22-x-25m-3-tam-gia-100-trieu-thang.html,luachonnhadat.vn,2025-10-18,100000000,550,NA,NA
"Cho thuê nhà khu Tên Lửa, MT đường Tên Lửa, DT 4.5 x 20m, 4 tấm, giá 25 triệu/tháng.",25 Triệu/tháng,90 m²,"Bình Tân, Hồ Chí Minh",Bình Tân,Nhà phố,thue,https://luachonnhadat.vn/nha-dat/cho-thue-nha-khu-ten-lua-mt-duong-ten-lua-dt-4-5-x-20m-4-tam-gia-25-trieu-thang-.html,luachonnhadat.vn,2025-10-17,25000000,90,NA,NA
"Cho thuê nhà MT đường Minh Phụng, P.5, Q.6, DT 4 x 17m, 3.5 tấm, giá 33 triệu/tháng",33 Triệu/tháng,68 m²,"Quận 6, Hồ Chí Minh",Quận 6,Nhà phố,thue,https://luachonnhadat.vn/nha-dat/cho-thue-nha-mt-duong-minh-phung-p-5-q-6-dt-4-x-17m-3-5-tam-gia-33-trieu-thang.html,luachonnhadat.vn,2025-10-16,33000000,68,NA,NA
"Cho thuê đất khu Tên Lửa gần Aeon Mall, MT đường Số 7B, DT 5 x 20m, giá 5 triệu/tháng",5 Triệu/tháng,100 m²,"Bình Tân, Hồ Chí Minh",Bình Tân,Đất,thue,https://luachonnhadat.vn/nha-dat/cho-thue-dat-khu-ten-lua-gan-aeon-mall-mt-duong-so-7b-dt-5-x-20m-gia-5-trieu-thang-1760512514.html,luachonnhadat.vn,2025-10-15,5000000,100,NA,NA
"Cho thuê nhà 2 MT Trước - Sau đường Số 7, DT 10 x 40m, 1 lửng, 10 x 40m, giá 90 triệu/tháng.",90 Triệu/tháng,400 m²,"Bình Tân, Hồ Chí Minh",Bình Tân,Nhà phố,thue,https://luachonnhadat.vn/nha-dat/cho-thue-nha-2-mt-truoc-sau-duong-so-7-dt-10-x-40m-1-lung-10-x-40m-gia-90-trieu-thang-.html,luachonnhadat.vn,2025-10-15,90000000,400,NA,NA
"Cho thuê nhà MT đường Lê Quang Sung, P.6, Q.6, DT 7 x 10m, 3 tấm, giá 40 triệu/tháng",40 Triệu/tháng,70 m²,"Quận 6, Hồ Chí Minh",Quận 6,Nhà phố,thue,https://luachonnhadat.vn/nha-dat/cho-thue-nha-mt-duong-le-quang-sung-p-6-q-6-dt-7-x-10m-3-tam-gia-40-trieu-thang-1760429605.html,luachonnhadat.vn,2025-10-14,40000000,70,NA,NA
"Cho thuê nhà khu Tên Lửa, MT đường Số 6A, DT 10 x 25m, 1 lầu, giá 70 triệu/tháng.",70 Triệu/tháng,250 m²,"Bình Tân, Hồ Chí Minh",Bình Tân,Nhà phố,thue,https://luachonnhadat.vn/nha-dat/cho-thue-nha-khu-ten-lua-mt-duong-so-6a-dt-10-x-25m-1-lau-gia-70-trieu-thang-.html,luachonnhadat.vn,2025-10-13,70000000,250,NA,NA
"Cho thuê căn hộ Block B2 CC StarLight Riverside 241/42 Nguyễn Văn Luông, DT 72m2, giá 11 triệu/tháng",11 Triệu/tháng,72 m²,"Quận 6, Hồ Chí Minh",Quận 6,Căn hộ,thue,https://luachonnhadat.vn/nha-dat/cho-thue-can-ho-block-b2-cc-starlight-riverside-241-42-nguyen-van-luong-dt-72m2-gia-11-trieu-thang.html,luachonnhadat.vn,2025-10-10,11000000,72,NA,NA
"Cho thuê mặt bằng khu Tên Lửa, MT đường Vành Đai Trong, DT 6 x 20m, giá 20 triệu/tháng,",20 Triệu,120 m²,"Bình Tân, Hồ Chí Minh",Bình Tân,Mặt bằng,thue,https://luachonnhadat.vn/nha-dat/cho-thue-mat-bang-khu-ten-lua-mt-duong-vanh-dai-trong-dt-6-x-20m-gia-20-trieu-thang-.html,luachonnhadat.vn,2025-10-03,20000000,120,NA,NA
"Cho thuê nhà MT đường An Dương Vương, P.10, Q.6, DT 7.15 x 31m, 3 tấm, giá 45 triệu/tháng",45 Triệu/tháng,221 m²,"Quận 6, Hồ Chí Minh",Quận 6,Nhà phố,thue,https://luachonnhadat.vn/nha-dat/cho-thue-nha-mt-duong-an-duong-vuong-p-10-q-6-dt-7-15-x-31m-3-tam-gia-45-trieu-thang-1759370766.html,luachonnhadat.vn,2025-10-02,45000000,221,NA,NA
"Cho thuê nhà hẻm 184 Lê Đình Cẩn, P Tân Tạo, 4 x 15m, 4 tấm, giá 15 triệu/tháng",15 Triệu/tháng,60 m²,"Bình Tân, Hồ Chí Minh",Bình Tân,Nhà phố,thue,https://luachonnhadat.vn/nha-dat/cho-thue-nha-hem-184-le-dinh-can-p-tan-tao-4-x-15m-4-tam-gia-15-trieu-thang-1759301158.html,luachonnhadat.vn,2025-10-01,15000000,60,NA,NA
"Cho thuê nhà MT đường Số 46, P. Tân Tạo, 5 x 20m, 3.5 tấm, giá 26 triệu/tháng",26 Triệu/tháng,100 m²,"Bình Tân, Hồ Chí Minh",Bình Tân,Nhà phố,thue,https://luachonnhadat.vn/nha-dat/cho-thue-nha-mt-duong-so-46-p-tan-tao-5-x-20m-3-5-tam-gia-26-trieu-thang.html,luachonnhadat.vn,2025-10-01,26000000,100,NA,NA
"Cho thuê nhà MT đường Ao Đôi, P. Bình Trị Đông A, DT 14 x 40m, cấp 4, giá 65 triệu/tháng",65 Triệu/tháng,560 m²,"Bình Tân, Hồ Chí Minh",Bình Tân,Nhà phố,thue,https://luachonnhadat.vn/nha-dat/cho-thue-nha-mt-duong-ao-doi-p-binh-tri-dong-a-dt-14-x-40m-cap-4-gia-65-trieu-thang.html,luachonnhadat.vn,2025-09-30,65000000,560,NA,NA
"Cho thuê nhà khu Lê Thành, MT đường Số 1, P. An Lạc, DT 5 x 14m, 5 tấm, giá 30 triệu/tháng",30 Triệu/tháng,70 m²,"Bình Tân, Hồ Chí Minh",Bình Tân,Nhà phố,thue,https://luachonnhadat.vn/nha-dat/cho-thue-nha-khu-le-thanh-mt-duong-so-1-p-an-lac-dt-5-x-14m-5-tam-gia-30-trieu-thang.html,luachonnhadat.vn,2025-09-30,30000000,70,NA,NA
"Cho thuê nhà góc 2MT đường Minh Phụng, P.5, Q.6, DT 4.4 x 14.4m, NH 9m, cấp 4, giá 100 triệu/tháng",100 Triệu/tháng,63 m²,"Quận 6, Hồ Chí Minh",Quận 6,Nhà phố,thue,https://luachonnhadat.vn/nha-dat/cho-thue-nha-goc-2mt-duong-minh-phung-p-5-q-6-dt-4-4-x-14-4m-nh-9m-cap-4-gia-100-trieu-thang.html,luachonnhadat.vn,2025-09-29,100000000,63,NA,NA
"Cho thuê nhà khu Tên Lửa, MT đường Số 29, DT 4 x 18m, 4 tấm, giá 25 triệu/tháng.",25 Triệu/tháng,72 m²,"Bình Tân, Hồ Chí Minh",Bình Tân,Nhà phố,thue,https://luachonnhadat.vn/nha-dat/cho-thue-nha-khu-ten-lua-mt-duong-so-29-dt-4-x-18m-4-tam-gia-25-trieu-thang-.html,luachonnhadat.vn,2025-09-27,25000000,72,NA,NA
"Cho thuê nhà khu Tên Lửa, MT đường Trần Văn Giàu, DT 8 x 20m, 3 tấm, giá 50 triệu/tháng",50 Triệu/tháng,160 m²,"Bình Tân, Hồ Chí Minh",Bình Tân,Nhà phố,thue,https://luachonnhadat.vn/nha-dat/cho-thue-nha-khu-ten-lua-mt-duong-tran-van-giau-dt-8-x-20m-3-tam-gia-50-trieu-thang.html,luachonnhadat.vn,2025-09-22,50000000,160,NA,NA
"Cho thuê nhà hẻm 574 Sinco, P. Bình Trị Đông B, 5 x 13m, 3 tấm, giá 14.2 triệu/tháng",14.2 Triệu/tháng,65 m²,"Bình Tân, Hồ Chí Minh",Bình Tân,Nhà phố,thue,https://luachonnhadat.vn/nha-dat/cho-thue-nha-hem-574-sinco-p-binh-tri-dong-b-5-x-13m-3-tam-gia-14-2-trieu-thang.html,luachonnhadat.vn,2025-09-19,14200000,65,NA,NA
"Cho thuê nhà hẻm 50 Phùng Tá Chu, P. An Lạc A, 6 x 30m, cấp 4, giá 16 triệu/tháng",16 Triệu/tháng,180 m²,"Bình Tân, Hồ Chí Minh",Bình Tân,Nhà phố,thue,https://luachonnhadat.vn/nha-dat/cho-thue-nha-hem-50-phung-ta-chu-p-an-lac-a-6-x-30m-cap-4-gia-16-trieu-thang.html,luachonnhadat.vn,2025-09-19,16000000,180,NA,NA
"Cho thuê nhà hẻm 43 Trương Phước Phan, P. Bình Trị Đông, 13 x 32m, cấp 4, giá 35 triệu/tháng",35 Triệu/tháng,416 m²,"Bình Tân, Hồ Chí Minh",Bình Tân,Nhà phố,thue,https://luachonnhadat.vn/nha-dat/cho-thue-nha-hem-43-truong-phuoc-phan-p-binh-tri-dong-13-x-32m-cap-4-gia-35-trieu-thang-1758180111.html,luachonnhadat.vn,2025-09-18,35000000,416,NA,NA
"Cho thuê nhà khu Tên Lửa, MT đường Vành Đai Trong, DT 8 x 25m, 3.5 tấm, giá 120 triệu/tháng.",120 Triệu/tháng,200 m²,"Bình Tân, Hồ Chí Minh",Bình Tân,Nhà phố,thue,https://luachonnhadat.vn/nha-dat/cho-thue-nha-khu-ten-lua-mt-duong-vanh-dai-trong-dt-8-x-25m-3-5-tam-gia-120-trieu-thang-.html,luachonnhadat.vn,2025-09-18,120000000,200,NA,NA
"Cho thuê nhà khu Tên Lửa, MT đường Số 34, DT 20x 20m, 3.5 tấm, giá 160 triệu/tháng.",160 Triệu/tháng,400 m²,"Bình Tân, Hồ Chí Minh",Bình Tân,Nhà phố,thue,https://luachonnhadat.vn/nha-dat/cho-thue-nha-khu-ten-lua-mt-duong-so-34-dt-20x-20m-3-5-tam-gia-160-trieu-thang-.html,luachonnhadat.vn,2025-09-18,160000000,400,NA,NA
"Cho thuê nhà khu Tên Lửa, MT đường Số 7, DT 4 x 20m, 3.5 tấm, giá 32 triệu/tháng.",3 Triệu/tháng,80 m²,"Bình Tân, Hồ Chí Minh",Bình Tân,Nhà phố,thue,https://luachonnhadat.vn/nha-dat/cho-thue-nha-khu-ten-lua-mt-duong-so-7-dt-4-x-20m-3-5-tam-gia-32-trieu-thang--1758005554.html,luachonnhadat.vn,2025-09-16,3000000,80,NA,NA
"Cho thuê nhà hẻm 36 đường Số 1, P. Tân Tạo A, 5 x 14m, 2 tấm, giá 9 triệu/tháng",9 Triệu/tháng,70 m²,"Bình Tân, Hồ Chí Minh",Bình Tân,Nhà phố,thue,https://luachonnhadat.vn/nha-dat/cho-thue-nha-hem-36-duong-so-1-p-tan-tao-a-5-x-14m-2-tam-gia-9-trieu-thang-1758005225.html,luachonnhadat.vn,2025-09-16,9000000,70,NA,NA
"Cho thuê cặp nhà khu Tên Lửa, MT đường Số 29, DT 3.5 x 15m/căn, 1 lầu, giá 12 triệu/tháng/căn",12 Triệu/tháng,52 m²,"Bình Tân, Hồ Chí Minh",Bình Tân,Nhà phố,thue,https://luachonnhadat.vn/nha-dat/cho-thue-cap-nha-khu-ten-lua-mt-duong-so-29-dt-3-5-x-15m-can-1-lau-gia-12-trieu-thang-can.html,luachonnhadat.vn,2025-09-15,12000000,52,NA,NA
"Cho thuê nhà khu Tên Lửa, MT đường Số 6, DT 5 x 18m, 3.5 tấm, giá 30 triệu/tháng.",30 Triệu/tháng,90 m²,"Bình Tân, Hồ Chí Minh",Bình Tân,Nhà phố,thue,https://luachonnhadat.vn/nha-dat/cho-thue-nha-khu-ten-lua-mt-duong-so-6-dt-5-x-18m-3-5-tam-gia-30-trieu-thang-.html,luachonnhadat.vn,2025-09-05,30000000,90,NA,NA
"Cho thuê nhà MT đường Số 40A, P. Tân Tạo, 4 x 20m, NH 5.2m, cấp 4, giá 16 triệu/tháng",16 Triệu/tháng,80 m²,"Bình Tân, Hồ Chí Minh",Bình Tân,Nhà phố,thue,https://luachonnhadat.vn/nha-dat/cho-thue-nha-mt-duong-so-40a-p-tan-tao-4-x-20m-nh-5-2m-cap-4-gia-16-trieu-thang.html,luachonnhadat.vn,2025-09-05,16000000,80,NA,NA
"Cho thuê nhà góc 2MT hẻm số 8 Sinco, P. Bình Trị Đông B, 13.42 x 22.23m, 6 tấm, giá 120 triệu/tháng",120 Triệu/tháng,297 m²,"Bình Tân, Hồ Chí Minh",Bình Tân,Nhà phố,thue,https://luachonnhadat.vn/nha-dat/cho-thue-nha-goc-2mt-hem-so-8-sinco-p-binh-tri-dong-b-13-42-x-22-23m-6-tam-gia-120-trieu-thang.html,luachonnhadat.vn,2025-09-03,120000000,297,NA,NA
"Cho thuê kho MT đường Lê Đình Cẩn, P. Tân Tạo, 12 x 67.5m, NH 33m, giá 70 triệu/tháng",70 Triệu/tháng,1300 m²,"Bình Tân, Hồ Chí Minh",Bình Tân,Nhà phố,thue,https://luachonnhadat.vn/nha-dat/cho-thue-kho-mt-duong-le-dinh-can-p-tan-tao-12-x-67-5m-nh-33m-gia-70-trieu-thang.html,luachonnhadat.vn,2025-08-29,70000000,1300,NA,NA
"Cho thuê nhà góc 2MT đường Dương Văn Dương, P. Phú Thọ Hòa, 4 x 15.3m, 3.5 tấm, giá 60 triệu/tháng",60 Triệu/tháng,61 m²,"Tân Phú, Hồ Chí Minh",Tân Phú,Nhà phố,thue,https://luachonnhadat.vn/nha-dat/cho-thue-nha-goc-2mt-duong-duong-van-duong-p-phu-tho-hoa-4-x-15-3m-3-5-tam-gia-60-trieu-thang.html,luachonnhadat.vn,2025-08-27,60000000,61,NA,NA
"Cho thuê nhà khu Tên Lửa, góc 2MT đường số 16, DT 12 x 25m, 3.5 tấm, giá 100 triệu/tháng",100 Triệu/tháng,300 m²,"Bình Tân, Hồ Chí Minh",Bình Tân,Nhà phố,thue,https://luachonnhadat.vn/nha-dat/cho-thue-nha-khu-ten-lua-goc-2mt-duong-so-16-dt-12-x-25m-3-5-tam-gia-100-trieu-thang-1756277825.html,luachonnhadat.vn,2025-08-27,100000000,300,NA,NA
"Cho thuê nhà khu Tên Lửa, góc 2MT đường Trần Văn Giàu, 12 x 20m, 2.5 tấm, giá 180 triệu/tháng",180 Triệu/tháng,240 m²,"Bình Tân, Hồ Chí Minh",Bình Tân,Nhà phố,thue,https://luachonnhadat.vn/nha-dat/cho-thue-nha-khu-ten-lua-goc-2mt-duong-tran-van-giau-12-x-20m-2-5-tam-gia-180-trieu-thang.html,luachonnhadat.vn,2025-08-22,180000000,240,NA,NA
"Cho thuê nhà MT đường Nguyễn Trọng Trí, P. An Lạc A, 5 x 15m, 1 lầu, giá 11 triệu/tháng",11 Triệu/tháng,75 m²,"Bình Tân, Hồ Chí Minh",Bình Tân,Nhà phố,thue,https://luachonnhadat.vn/nha-dat/cho-thue-nha-mt-duong-nguyen-trong-tri-p-an-lac-a-5-x-15m-1-lau-gia-11-trieu-thang-1755761134.html,luachonnhadat.vn,2025-08-21,11000000,75,NA,NA
"Cho thuê nhà MT đường Trương Phước Phan, P. Bình Trị Đông, 5.2 x 20m, cấp 4, giá 12 triệu/tháng",12 Triệu/tháng,104 m²,"Bình Tân, Hồ Chí Minh",Bình Tân,Nhà phố,thue,https://luachonnhadat.vn/nha-dat/cho-thue-nha-mt-duong-truong-phuoc-phan-p-binh-tri-dong-5-2-x-20m-cap-4-gia-12-trieu-thang-1755746367.html,luachonnhadat.vn,2025-08-21,12000000,104,NA,NA
"Cho thuê nhà khu Tên Lửa, MT đường Vành Đai Trong, DT 8 x 21m, 3.5 tấm, giá 75 triệu/tháng",75 Triệu/tháng,168 m²,"Bình Tân, Hồ Chí Minh",Bình Tân,Nhà phố,thue,https://luachonnhadat.vn/nha-dat/cho-thue-nha-khu-ten-lua-mt-duong-vanh-dai-trong-dt-8-x-21m-3-5-tam-gia-75-trieu-thang.html,luachonnhadat.vn,2025-08-15,75000000,168,NA,NA
"Cho thuê nhà khu Tên Lửa, góc 2MT đường Số 16, DT 12 x 25m, 5 tấm, giá 150 triệu/tháng.",150 Triệu/tháng,300 m²,"Bình Tân, Hồ Chí Minh",Bình Tân,Nhà phố,thue,https://luachonnhadat.vn/nha-dat/cho-thue-nha-khu-ten-lua-goc-2mt-duong-so-16-dt-12-x-25m-5-tam-gia-150-trieu-thang--1755224625.html,luachonnhadat.vn,2025-08-15,150000000,300,NA,NA
"Cho thuê mặt bằng góc 3MT đường Hoàng Việt, P.4, Q.Tân Bình, DT 22 x 80m, 1 lầu, giá 600tr/tháng",600 Triệu/tháng,1760 m²,"Tân Bình, Hồ Chí Minh",Tân Bình,Mặt bằng,thue,https://luachonnhadat.vn/nha-dat/cho-thue-mat-bang-goc-3mt-duong-hoang-viet-p-4-q-tan-binh-dt-22-x-80m-1-lau-gia-600tr-thang.html,luachonnhadat.vn,2025-08-11,600000000,1760,NA,NA
"Cho thuê nhà khu Tên Lửa, MT đường Số 6, DT 4 x 21m, 3.5 tấm, giá 22 triệu/tháng.",22 Triệu/tháng,84 m²,"Bình Tân, Hồ Chí Minh",Bình Tân,Nhà phố,thue,https://luachonnhadat.vn/nha-dat/cho-thue-nha-khu-ten-lua-mt-duong-so-6-dt-4-x-21m-3-5-tam-gia-22-trieu-thang--1754636786.html,luachonnhadat.vn,2025-08-08,22000000,84,NA,NA
"Bán nhà khu Nam Long, MT đường Số 10, DT 4 x 14m, 1 lửng, giá 5.2 tỷ.",5.2 Tỷ/căn,56 m²,"Bình Tân, Hồ Chí Minh",Bình Tân,Nhà phố,ban,https://luachonnhadat.vn/nha-dat/ban-nha-khu-nam-long-mt-duong-so-10-dt-4-x-14m-1-lung-gia-5-3-ty-.html,luachonnhadat.vn,2026-05-26,5200000000,56,NA,NA
BÁN NHÀ 3.5 TẤM - HẺM 155 LÊ ĐÌNH CẨN - DIỆN TÍCH RỘNG - GIÁ 6.6 TỶ,6.6 Tỷ/căn,74 m²,"Bình Tân, Hồ Chí Minh",Bình Tân,Nhà phố,ban,https://luachonnhadat.vn/nha-dat/ban-nha-3-5-tam-hem-155-le-dinh-can-dien-tich-rong-gia-6-6-ty.html,luachonnhadat.vn,2026-05-26,6600000000,74,NA,NA
"Bán nhà hẻm 50 Nguyễn Quý Yêm, P. An Lạc, 4 x 16m, cấp 4, giá 5.8 tỷ",5.8 Tỷ/căn,64 m²,"Bình Tân, Hồ Chí Minh",Bình Tân,Nhà phố,ban,https://luachonnhadat.vn/nha-dat/ban-nha-hem-50-nguyen-quy-yem-p-an-lac-4-x-16m-cap-4-gia-5-8-ty.html,luachonnhadat.vn,2026-05-26,5800000000,64,NA,NA
"Bán nhà MT đường Số 53A, P. Tân Tạo, 4 x 16m, 3.5 tấm, giá 8.65 tỷ.",8.65 Tỷ/căn,64 m²,"Bình Tân, Hồ Chí Minh",Bình Tân,Nhà phố,ban,https://luachonnhadat.vn/nha-dat/ban-nha-mt-duong-so-53a-p-tan-tao-4-x-16m-3-5-tam-gia-8-65-ty-.html,luachonnhadat.vn,2026-05-26,8650000000,64,NA,NA
"Bán nhà MT đường Số 4, P. Tân Tạo A, 5 x 20m, cấp 4, giá 5.8 tỷ.",5.8 Tỷ/căn,100 m²,"Bình Tân, Hồ Chí Minh",Bình Tân,Nhà phố,ban,https://luachonnhadat.vn/nha-dat/ban-nha-mt-duong-so-4-p-tan-tao-a-5-x-20m-cap-4-gia-5-8-ty-.html,luachonnhadat.vn,2026-05-26,5800000000,100,NA,NA
"Bán đất MT đường Số 55, P. Tân Tạo, DT 4 x 25m, giá 8.8 tỷ.",8.8 Tỷ/nền,100 m²,"Bình Tân, Hồ Chí Minh",Bình Tân,Đất,ban,https://luachonnhadat.vn/nha-dat/ban-dat-mt-duong-so-55-p-tan-tao-dt-4-x-25m-gia-8-8-ty-.html,luachonnhadat.vn,2026-05-26,8800000000,100,NA,NA
"Bán nhà hẻm 150 đường 26/3, P. Bình Hưng Hoà, DT 4 x 8m, 1 lầu, giá 4.25 tỷ",4.25 Tỷ/căn,32 m²,"Bình Tân, Hồ Chí Minh",Bình Tân,Nhà phố,ban,https://luachonnhadat.vn/nha-dat/ban-nha-hem-150-duong-26-3-p-binh-hung-hoa-dt-4-x-8m-1-lau-gia-4-25-ty.html,luachonnhadat.vn,2026-05-26,4250000000,32,NA,NA
"Bán nhà hẻm 135 Gò Xoài, P. Bình Hưng Hoà A, 4 x 10m, 4 tấm, giá 5.97 tỷ",5.97 Tỷ/căn,40 m²,"Bình Tân, Hồ Chí Minh",Bình Tân,Nhà phố,ban,https://luachonnhadat.vn/nha-dat/nha-hem-6m-duong-go-xoai-3-tam-nha-moi-vao-o-ngay.html,luachonnhadat.vn,2026-05-26,5970000000,40,NA,NA
"Bán nhà hẻm 822 Hương lộ 2, P. Bình Trị Đông A, 4 x 16m, 4 tấm, giá 10.5 tỷ",10.5 Tỷ/căn,64 m²,"Bình Tân, Hồ Chí Minh",Bình Tân,Nhà phố,ban,https://luachonnhadat.vn/nha-dat/ban-nha-hem-822-huong-lo-2-p-binh-tri-dong-a-4-x-16m-4-tam-gia-10-5-ty.html,luachonnhadat.vn,2026-05-26,10500000000,64,NA,NA
"Bán nhà MT đường Miếu Bình Đông, P. Bình Hưng Hòa A, DT 3 x 12m, 3 tấm, giá 3.65 tỷ",3.65 Tỷ/căn,36 m²,"Bình Tân, Hồ Chí Minh",Bình Tân,Nhà phố,ban,https://luachonnhadat.vn/nha-dat/ban-nha-mt-duong-mieu-binh-dong-p-binh-hung-hoa-a-dt-3-x-12m-3-tam-gia-3-65-ty.html,luachonnhadat.vn,2026-05-26,3650000000,36,NA,NA
"Bán nhà khu Tên Lửa, MT đường Số 19, DT 5 x 20m, 4 tấm, giá 18 tỷ.",18 Tỷ/căn,100 m²,"Bình Tân, Hồ Chí Minh",Bình Tân,Nhà phố,ban,https://luachonnhadat.vn/nha-dat/ban-nha-khu-ten-lua-mt-duong-so-19-dt-5-x-20m-4-tam-gia-18-ty-.html,luachonnhadat.vn,2026-05-26,18000000000,100,NA,NA
"Bán nhà hẻm 418 Lê Văn Quới, P. Bình Hưng Hòa A, DT 4 x 14m, 3.5 tấm, giá 7.3 tỷ",7.3 Tỷ/căn,56 m²,"Bình Tân, Hồ Chí Minh",Bình Tân,Nhà phố,ban,https://luachonnhadat.vn/nha-dat/ban-nha-hem-418-le-van-quoi-p-binh-hung-hoa-a-dt-4-x-14m-3-5-tam-gia-7-3-ty.html,luachonnhadat.vn,2026-05-26,7300000000,56,NA,NA
"Bán 3 nền đất góc 2MT hẻm 24 Bình Trị Đông, P. Bình Trị Đông, DT 5 x 14m, giá từ 4.9 tỷ/nền",4.9 Tỷ/nền,70 m²,"Bình Tân, Hồ Chí Minh",Bình Tân,Đất,ban,https://luachonnhadat.vn/nha-dat/ban-3-nen-dat-goc-2mt-hem-24-binh-tri-dong-p-binh-tri-dong-dt-5-x-14m-gia-tu-4-9-ty-nen.html,luachonnhadat.vn,2026-05-26,4900000000,70,NA,NA
"Bán nhà hẻm 357 Tân Hòa Đông, P. Bình Trị Đông, 4 x 22m, 4.5 tấm, giá 9.9 tỷ",9.9 Tỷ/căn,88 m²,"Bình Tân, Hồ Chí Minh",Bình Tân,Nhà phố,ban,https://luachonnhadat.vn/nha-dat/ban-nha-hem-357-tan-hoa-dong-p-binh-tri-dong-4-x-22m-4-5-tam-gia-9-9-ty-1765370924.html,luachonnhadat.vn,2026-05-26,9900000000,88,NA,NA
"NHÀ BÁN GÓC 2 MẶT TIỀN ĐẲNG CẤP KHU TÊN LỬA, DT 10 X 20M, 3.5 TẤM, 42 TỶ. NHÀ MỚI ĐẸP",42 Tỷ/căn,200 m²,"Bình Tân, Hồ Chí Minh",Bình Tân,Biệt thự,ban,https://luachonnhadat.vn/nha-dat/ban-biet-thu-khu-ten-lua-goc-2mt-duong-so-19-dt-10-x-20m-3-5-tam-gia-42-ty-.html,luachonnhadat.vn,2026-05-26,42000000000,200,NA,NA
"Bán nhà khu Tên Lửa, MT đường Số 21B, DT 4 x 19m, 3.5 tấm, giá 10.5 tỷ.",10.5 Tỷ/căn,76 m²,"Bình Tân, Hồ Chí Minh",Bình Tân,Nhà phố,ban,https://luachonnhadat.vn/nha-dat/ban-nha-khu-ten-lua-mt-duong-so-21b-dt-4-x-19m-3-5-tam-gia-10-5-ty-.html,luachonnhadat.vn,2026-05-26,10500000000,76,NA,NA
"BIỆT THỰ VIP TÊN LỬA, NHÀ MỚI CÓ TẦNG HẦM - THANG MÁY, MT ĐƯỜNG SỐ 6, DT 10 X 20M, 5 TẤM, 47 TỶ.",47 Tỷ/căn,200 m²,"Bình Tân, Hồ Chí Minh",Bình Tân,Biệt thự,ban,https://luachonnhadat.vn/nha-dat/ban-biet-thu-khu-ten-lua-mt-duong-so-6-dt-10-x-20m-3-5-tam-gia-47-ty-.html,luachonnhadat.vn,2026-05-26,47000000000,200,NA,NA
"Bán nhà khu Tên Lửa, góc 2MT đường Số 11, DT 4 x 13.5m, 4 tấm, giá 10 tỷ.",10 Tỷ/căn,54 m²,"Bình Tân, Hồ Chí Minh",Bình Tân,Nhà phố,ban,https://luachonnhadat.vn/nha-dat/ban-nha-goc-2-mt-duong-so-11-p-an-lac-a-4-x-13-5m-4-tam-gia-12-5-ty-khu-ten-lua.html,luachonnhadat.vn,2026-05-26,10000000000,54,NA,NA
"Bán nhà hẻm 530 Tỉnh Lộ 10, P. Bình Trị Đông, 4.2 x 13m, 2.5 tấm, giá 5.35 tỷ",5.35 Tỷ/căn,54 m²,"Bình Tân, Hồ Chí Minh",Bình Tân,Nhà phố,ban,https://luachonnhadat.vn/nha-dat/ban-nha-hem-530-tinh-lo-10-p-binh-tri-dong-4-2-x-13m-2-5-tam-gia-5-35-ty.html,luachonnhadat.vn,2026-05-26,5350000000,54,NA,NA
"Bán nhà hẻm 635 Hương lộ 2, P. Bình Trị Đông, 3 x 11m, 1 lửng, giá 3.99 tỷ.",3.99 Tỷ/căn,33 m²,"Bình Tân, Hồ Chí Minh",Bình Tân,Nhà phố,ban,https://luachonnhadat.vn/nha-dat/ban-nha-hem-635-huong-lo-2-p-binh-tri-dong-3-x-11m-1-lung-gia-4-1-ty-.html,luachonnhadat.vn,2026-05-26,3990000000,33,NA,NA
"Bán nhà hẻm 257 Lê Đình Cẩn, P. Tân Tạo, 4 x 12m, 2 tấm, giá 4.85 tỷ",4.85 Tỷ/căn,48 m²,"Bình Tân, Hồ Chí Minh",Bình Tân,Nhà phố,ban,https://luachonnhadat.vn/nha-dat/ban-nha-hem-257-le-dinh-can-p-tan-tao-4-x-12m-2-tam-gia-4-85-ty.html,luachonnhadat.vn,2026-05-26,4850000000,48,NA,NA
"✅ BÁN KHÁCH SẠN KHU TÊN LỬA, MT TIỀN ĐƯỜNG NỘI BỘ THÔNG THOÁNG, 8 X 23M, 4.5 TẤM, 23 TỶ.",23 Tỷ/căn,184 m²,"Bình Tân, Hồ Chí Minh",Bình Tân,Khách sạn,ban,https://luachonnhadat.vn/nha-dat/ban-cap-nha-khu-ten-lua-mt-duong-so-38-p-tan-tao-8-x-23m-4-5-tam-gia-23-5-ty-1736735725.html,luachonnhadat.vn,2026-05-25,23000000000,184,NA,NA
"⭐ BÁN NHÀ ĐẤT KHU TÊN LỬA, THÁNG 5/2026 | GIÁ 10 - 15 TỶ. GẦN AEON MALL",10 Tỷ/căn,100 m²,"Bình Tân, Hồ Chí Minh",Bình Tân,Đất,ban,https://luachonnhadat.vn/nha-dat/-ban-nha-dat-khu-ten-lua-thang-5-2026-gia-10-15-ty-gan-aeon-mall.html,luachonnhadat.vn,2026-05-25,10000000000,100,NA,NA
"Bán nhà hẻm 150 đường 26/3, P. Bình Hưng Hoà, DT 4 x 6.7m, 2.5 tấm, giá 5.19 tỷ",5.19 Tỷ/căn,26 m²,"Bình Tân, Hồ Chí Minh",Bình Tân,Nhà phố,ban,https://luachonnhadat.vn/nha-dat/ban-nha-hem-150-duong-26-3-p-binh-hung-hoa-dt-4-x-6-7m-2-5-tam-gia-5-19-ty.html,luachonnhadat.vn,2026-05-25,5190000000,26,NA,NA
"Bán 5 lô đất hẻm 428 đường Số 41 (Hoàng Ngân), P.16, Q.8, DT 4 x 15.6m/nền, giá từ 4.9 tỷ/nền",4.9 Tỷ/nền,62 m²,"Quận 8, Hồ Chí Minh",Quận 8,Đất,ban,https://luachonnhadat.vn/nha-dat/ban-5-lo-dat-hem-428-duong-so-41-hoang-ngan-p-16-q-8-dt-4-x-15-6m-nen-gia-tu-4-9-ty-nen.html,luachonnhadat.vn,2026-05-25,4900000000,62,NA,NA
"Bán nhà MT đường Trương Phước Phan, P. Bình Trị Đông, 4 x 22m, cấp 4, giá 11.9 tỷ",11.9 Tỷ/căn,88 m²,"Bình Tân, Hồ Chí Minh",Bình Tân,Nhà phố,ban,https://luachonnhadat.vn/nha-dat/ban-nha-mt-duong-truong-phuoc-phan-p-binh-tri-dong-4-x-22m-cap-4-gia-12-5-ty.html,luachonnhadat.vn,2026-05-25,11900000000,88,NA,NA
"Bán nhà hẻm 36 Nguyễn Triệu Luật, P. Tân Tạo, DT 8 x 11m, 3 tấm, giá 7.5 tỷ.",7.5 Tỷ/căn,88 m²,"Bình Tân, Hồ Chí Minh",Bình Tân,Nhà phố,ban,https://luachonnhadat.vn/nha-dat/ban-nha-hem-36-nguyen-trieu-luat-p-tan-tao-4-x-11m-5-tam-gia-4-5-ty-.html,luachonnhadat.vn,2026-05-25,7500000000,88,NA,NA
"Bán nhà khu Bình Phú, MT đường Chợ Lớn, DT 8 x 15m, 4.5 tấm, giá 36 tỷ",36 Tỷ/căn,120 m²,"Quận 6, Hồ Chí Minh",Quận 6,Nhà phố,ban,https://luachonnhadat.vn/nha-dat/ban-nha-khu-binh-phu-mt-duong-cho-lon-dt-8-x-15m-4-5-tam-gia-36-ty.html,luachonnhadat.vn,2026-05-25,36000000000,120,NA,NA
"Bán đất MT Kênh Tham Lương, P. Tân Tạo, 8 x 35m, 19.5 tỷ.",19.5 Tỷ/nền,280 m²,"Bình Tân, Hồ Chí Minh",Bình Tân,Đất,ban,https://luachonnhadat.vn/nha-dat/ban-dat-mt-kenh-tham-luong-p-tan-tao-8-x-35m-19-5-ty-.html,luachonnhadat.vn,2026-05-25,19500000000,280,NA,NA
"Bán đất MT Kênh Tham Lương, P. Tân Tạo, 4 x 15m, 5.25 tỷ.",5.25 Tỷ/nền,60 m²,"Bình Tân, Hồ Chí Minh",Bình Tân,Đất,ban,https://luachonnhadat.vn/nha-dat/ban-dat-mt-kenh-tham-luong-p-tan-tao-4-x-25m-7-8-ty-co-5-lo-1750907877.html,luachonnhadat.vn,2026-05-25,5250000000,60,NA,NA
"Bán nhà hẻm 344 Chiến Lược, P. Bình Trị Đông A, 3 x 11m, 3 tấm, giá 4.07 tỷ",4.07 Tỷ/căn,33 m²,"Bình Tân, Hồ Chí Minh",Bình Tân,Nhà phố,ban,https://luachonnhadat.vn/nha-dat/ban-nha-hem-344-chien-luoc-p-binh-tri-dong-a-3-x-11m-3-tam-gia-4-2-ty.html,luachonnhadat.vn,2026-05-25,4070000000.000001,33,NA,NA
"✅ NHÀ GÓC 2MT KHU TÊN LỬA, ĐƯỜNG SỐ 7B, 4 X 15M, 4.5 TẤM, 15.2 TỶ | NHÀ MỚI ĐẸP",15.2 Tỷ/căn,60 m²,"Bình Tân, Hồ Chí Minh",Bình Tân,Nhà phố,ban,https://luachonnhadat.vn/nha-dat/-nha-goc-2mt-khu-ten-lua-duong-so-7b-4-x-15m-4-5-tam-15-2-ty-nha-moi-dep.html,luachonnhadat.vn,2026-05-25,15200000000,60,NA,NA
"Bán nhà góc 2MT đường Cao Văn Lầu, P.1, Q.6, DT 4.84 x 15.5m, 4 tấm, giá 19.4 tỷ",19.4 Tỷ/căn,75 m²,"Quận 6, Hồ Chí Minh",Quận 6,Nhà phố,ban,https://luachonnhadat.vn/nha-dat/ban-nha-goc-2mt-duong-cao-van-lau-p-1-q-6-dt-4-84-x-15-5m-4-tam-gia-19-4-ty.html,luachonnhadat.vn,2026-05-25,19400000000,75,NA,NA
"Bán nhà khu Tên Lửa, MT đường Số 5, DT 4 x 20m, 3.5 tấm + hầm, giá 14 tỷ.",14 Tỷ/căn,80 m²,"Bình Tân, Hồ Chí Minh",Bình Tân,Nhà phố,ban,https://luachonnhadat.vn/nha-dat/ban-nha-khu-ten-lua-mt-duong-so-5-dt-4-x-20m-3-5-tam-ham-gia-14-ty-.html,luachonnhadat.vn,2026-05-25,14000000000,80,NA,NA
"Bán cặp nhà MT đường Số 57A, P. Tân Tạo, DT 10 x 20m, 6 tấm, giá 20.5 tỷ",20.5 Tỷ/căn,200 m²,"Bình Tân, Hồ Chí Minh",Bình Tân,Nhà phố,ban,https://luachonnhadat.vn/nha-dat/ban-cap-nha-mt-duong-so-57a-p-tan-tao-10-x-20m-6-tam-gia-20-ty-khu-ten-lua-pouyuen.html,luachonnhadat.vn,2026-05-25,20500000000,200,NA,NA
"❖ BÁN MỚI NHÀ KHU VIP AO SEN TÊN LỬA, MT ĐƯỜNG SỐ 32, DT 5 X 20M, 3.5 TẤM, 19 TỶ. GẦN AEON MALL",19 Tỷ/căn,100 m²,"Bình Tân, Hồ Chí Minh",Bình Tân,Nhà phố,ban,https://luachonnhadat.vn/nha-dat/ban-nha-khu-ten-lua-gan-aeon-mall-mt-duong-so-32-dt-5-x-20m-3-5-tam-gia-19-6-ty-.html,luachonnhadat.vn,2026-05-25,19000000000,100,NA,NA
"✔ BÁN BIỆT THỰ KHU TÊN LỬA, MT ĐƯỜNG SỐ 5, DT 8 X 21M, 3 TẤM, 22 TỶ. GẦN AEON MALL",22 Tỷ/căn,168 m²,"Bình Tân, Hồ Chí Minh",Bình Tân,Biệt thự,ban,https://luachonnhadat.vn/nha-dat/ban-nha-khu-ten-lua-mt-duong-so-5-dt-8-x-21m-3-tam-gia-23-ty-.html,luachonnhadat.vn,2026-05-25,22000000000,168,NA,NA
"Bán nhà khu Tên Lửa, MT đường Số 26, DT 4 x 23.5m, 3 tấm, giá 14 tỷ.",14 Tỷ/căn,94 m²,"Bình Tân, Hồ Chí Minh",Bình Tân,Nhà phố,ban,https://luachonnhadat.vn/nha-dat/ban-nha-mt-duong-so-26-p-binh-tri-dong-b-4-x-23-5m-3-tam-gia-14-ty-khu-ten-lua-1721266989.html,luachonnhadat.vn,2026-05-25,14000000000,94,NA,NA
"Bán nhà hẻm 634/ Tỉnh Lộ 10, P. Bình Trị Đông B, Q, 8.2 x 36m, 2 tấm, giá 18 tỷ.",18 Tỷ/căn,296 m²,"Bình Tân, Hồ Chí Minh",Bình Tân,Nhà phố,ban,https://luachonnhadat.vn/nha-dat/ban-nha-hem-634-tinh-lo-10-p-binh-tri-dong-b-q-8-2-x-36m-2-tam-gia-18-5-ty-1755673071.html,luachonnhadat.vn,2026-05-25,18000000000,296,NA,NA
"Bán nhà hẻm 194 Chiến Lược, P. Bình Trị Đông, 5.44 x 13m, 2 tấm, giá 5.5 tỷ",5.5 Tỷ/căn,70 m²,"Bình Tân, Hồ Chí Minh",Bình Tân,Nhà phố,ban,https://luachonnhadat.vn/nha-dat/ban-nha-hem-194-chien-luoc-p-binh-tri-dong-5-44-x-13m-2-tam-gia-5-7-ty.html,luachonnhadat.vn,2026-05-25,5500000000,70,NA,NA
"Bán nhà MT đường Số 5B, P. Bình Hưng Hòa A, DT 6 x 16m, 3 tấm, giá 9.48 tỷ",9.48 Tỷ/căn,96 m²,"Bình Tân, Hồ Chí Minh",Bình Tân,Nhà phố,ban,https://luachonnhadat.vn/nha-dat/ban-nha-mt-duong-so-5b-p-binh-hung-hoa-a-dt-6-x-16m-3-tam-gia-9-48-ty.html,luachonnhadat.vn,2026-05-25,9480000000,96,NA,NA
"Bán đất hẻm 574 Sinco, P. Bình Trị Đông B, DT 4 x 20m, giá 5.5 tỷ",5.5 Tỷ/nền,80 m²,"Bình Tân, Hồ Chí Minh",Bình Tân,Đất,ban,https://luachonnhadat.vn/nha-dat/ban-dat-hem-574-sinco-p-binh-tri-dong-b-dt-4-x-20m-gia-5-5-ty.html,luachonnhadat.vn,2026-05-25,5500000000,80,NA,NA
"Bán 4 nền đất hẻm 151 Liên Khu 4-5, P. Bình Hưng Hoà B, DT 4.2 x 14.5m/nền, giá 4.5 tỷ/nền",4.5 Tỷ/nền,60 m²,"Bình Tân, Hồ Chí Minh",Bình Tân,Đất,ban,https://luachonnhadat.vn/nha-dat/ban-4-nen-dat-hem-151-lien-khu-4-5-p-binh-hung-hoa-b-dt-4-2-x-14-5m-nen-gia-4-5-ty-nen.html,luachonnhadat.vn,2026-05-25,4500000000,60,NA,NA
"Bán nhà hẻm 22 Trương Phước Phan, P. Bình Trị Đông, DT 4.3 x 13.3m, 1 lầu, giá 5.1 tỷ",5.1 Tỷ/căn,57 m²,"Bình Tân, Hồ Chí Minh",Bình Tân,Nhà phố,ban,https://luachonnhadat.vn/nha-dat/ban-nha-hem-22-truong-phuoc-phan-p-binh-tri-dong-dt-4-3-x-13-3m-1-lau-gia-5-1-ty.html,luachonnhadat.vn,2026-05-25,5100000000,57,NA,NA
"✅ BÁN NHÀ CHÍNH CHỦ Q. BÌNH TÂN, MT 478 MÃ LÒ, 4 X 40M, CẤP 4, GIÁ 9.6 TỶ",9.6 Tỷ/căn,160 m²,"Bình Tân, Hồ Chí Minh",Bình Tân,Nhà phố,ban,https://luachonnhadat.vn/nha-dat/ban-nha-mt-duong-ma-lo-p-binh-tri-dong-a-4-x-40m-cap-4-gia-9-6-ty-.html,luachonnhadat.vn,2026-05-24,9600000000,160,NA,NA
"Đất MT Nguyễn Cữu Phú, 22 x 200m (NH 41m), TDT: 4650m2 có 2654 thổ cư, ~2000 đất nông nghiệp, 125 tỷ",125 Tỷ/nền,4650 m²,"Bình Chánh, Hồ Chí Minh",Bình Chánh,Đất,ban,https://luachonnhadat.vn/nha-dat/dat-mt-nguyen-cuu-phu-22-x-200m-nh-41m-tdt-4650m2-co-2654-tho-cu-2000-dat-nong-nghiep-125-ty-1742954334.html,luachonnhadat.vn,2026-05-24,125000000000,4650,NA,NA
"✅ BÁN NHÀ MTKD ĐỐI DIỆN AEON MALL TÂN PHÚ, MT BỜ BAO TÂN THẮNG, 4 X 22M, 2 TẤM, 15.5 TỶ.",15.5 Tỷ/căn,64 m²,"Tân Phú, Hồ Chí Minh",Tân Phú,Nhà phố,ban,https://luachonnhadat.vn/nha-dat/ban-nha-mt-duong-bo-bao-tan-thang-p-son-ky-dt-4-x-16m-2-tam-gia-15-5-ty.html,luachonnhadat.vn,2026-05-24,15500000000,64,NA,NA
"HOT ⭐ GÓC 2MT KINH DOANH ĐƯỜNG TRƯƠNG PHƯỚC PHAN, 9.5 X 16M (NH 10M), CẤP 4, GIÁ 12.5 TỶ",12.5 Tỷ/nền,156 m²,"Bình Tân, Hồ Chí Minh",Bình Tân,Nhà phố,ban,https://luachonnhadat.vn/nha-dat/ban-dat-goc-2mt-duong-truong-phuoc-phan-p-binh-tri-dong-dt-9-5-x-16-5m-nh-10m-gia-12-5-ty.html,luachonnhadat.vn,2026-05-24,12500000000,156,NA,NA
"✅ BÁN ĐẤT MẶT TIỀN KINH DOANH ĐÔNG ĐÚC, MT LỘ TẺ 4 X 20M, 6.45 TỶ. GẦN CHỢ (CÓ 3 NỀN LIỀN KỀ)",6.45 Tỷ/nền,80 m²,"Bình Tân, Hồ Chí Minh",Bình Tân,Đất,ban,https://luachonnhadat.vn/nha-dat/ban-3-lo-dat-mt-duong-lo-te-p-tan-tao-a-dt-4-x-20m-gia-tu-6-45-ty-thuong-luong-.html,luachonnhadat.vn,2026-05-24,6450000000,80,NA,NA
"✅ NHÀ BÁN MT KINH DOANH KHU TÊN LỬA, MT ĐƯỜNG SỐ 19, DT 4.5 X 20M, 3.5 TẤM, 15.7 TỶ. NHÀ MỚI ĐẸP",15.7 Tỷ/căn,90 m²,"Bình Tân, Hồ Chí Minh",Bình Tân,Nhà phố,ban,https://luachonnhadat.vn/nha-dat/ban-nha-khu-ten-lua-mt-duong-so-19-dt-4-5-x-20m-3-5-tam-gia-15-7-ty-.html,luachonnhadat.vn,2026-05-24,15700000000,90,NA,NA
"✅ BÁN ĐẤT KHU AO SEN TÊN LỬA, MT ĐƯỜNG SỐ 17B, 5 X 20M, 13 TỶ, GẦN AEON MALL.",13 Tỷ/nền,100 m²,"Bình Tân, Hồ Chí Minh",Bình Tân,Đất,ban,https://luachonnhadat.vn/nha-dat/ban-dat-khu-ten-lua-gan-aeon-mall-mt-duong-so-17b-dt-5-x-20m-gia-13-ty.html,luachonnhadat.vn,2026-05-24,13000000000,100,NA,NA
"✅ BÁN BIỆT THỰ KHU TÊN LỬA, MT ĐƯỜNG SỐ 3, DT 12 X 20M, 3 TẤM, 30 TỶ. CÁCH CÔNG VIÊN 20M",30 Tỷ/căn,240 m²,"Bình Tân, Hồ Chí Minh",Bình Tân,Biệt thự,ban,https://luachonnhadat.vn/nha-dat/ban-biet-thu-khu-ten-lua-mt-duong-so-3-dt-12-x-20m-1-lau-gia-30-ty-.html,luachonnhadat.vn,2026-05-24,30000000000,240,NA,NA
"✅ SIÊU PHẨM BIỆT THỰ- ĐỐI DIỆN CÔNG VIÊN - ĐƯỜNG SỐ 32A KHU TÊN LỬA, 20 X 20M, 3 TẤM, 57 TỶ.",57 Tỷ/căn,400 m²,"Bình Tân, Hồ Chí Minh",Bình Tân,Biệt thự,ban,https://luachonnhadat.vn/nha-dat/sieu-pham-biet-thu-doi-dien-cong-vien-duong-so-32a-khu-ten-lua-20-x-20m-3-tam-.html,luachonnhadat.vn,2026-05-24,57000000000,400,NA,NA
✅ SIÊU BIỆT THỰ PHỐ KHU TÊN LỬA – MẶT TIỀN ĐƯỜNG SỐ 6A – CÓ TẦNG HẦM TIỆN LỢI.,35 Tỷ/căn,200 m²,"Bình Tân, Hồ Chí Minh",Bình Tân,Biệt thự,ban,https://luachonnhadat.vn/nha-dat/ban-biet-thu-khu-ten-lua-mt-duong-so-6a-dt-10-x-20m-3-tam-ham-gia-35-ty.html,luachonnhadat.vn,2026-05-24,35000000000,200,NA,NA
"✅ BÁN NHÀ GÓC 2MT SIÊU VIP KHU AO SEN TÊN LỬA, MT ĐƯỜNG SỐ 32, DT 10 X 20M, 48 TỶ. CẠNH AEON MALL",48 Tỷ/căn,200 m²,"Bình Tân, Hồ Chí Minh",Bình Tân,Nhà phố,ban,https://luachonnhadat.vn/nha-dat/ban-nha-khu-ten-lua-aeon-mall-goc-2mt-duong-so-32-dt-10-x-20m-3-5-tam-gia-48-ty-.html,luachonnhadat.vn,2026-05-24,48000000000,200,NA,NA
"✅ BÁN NHÀ ĐƯỜNG KINH DOANH - KHU TÊN LỬA, MT ĐƯỜNG SỐ 4, DT 6 X 22M, 3.5 TẤM, 23.9 TỶ. KD ĐÔNG ĐÚC",23.9 Tỷ/căn,132 m²,"Bình Tân, Hồ Chí Minh",Bình Tân,Nhà phố,ban,https://luachonnhadat.vn/nha-dat/ban-nha-khu-ten-lua-mt-duong-so-4-dt-6-x-22m-3-5-tam-gia-23-9-ty-.html,luachonnhadat.vn,2026-05-24,23900000000,132,NA,NA
"✅ NHÀ BÁN KHU TÊN LỬA ĐỐI DIỆN CÔNG VIÊN, MT ĐƯỜNG SỐ 5B, 5 X 20M, 3.5 TẤM, 14.5 TỶ. CẠNH AEON MALL",14.5 Tỷ/căn,100 m²,"Bình Tân, Hồ Chí Minh",Bình Tân,Nhà phố,ban,https://luachonnhadat.vn/nha-dat/ban-nha-khu-ten-lua-gan-aeon-mall-mt-duong-so-5b-dt-5-x-20m-3-5-tam-gia-14-5-ty.html,luachonnhadat.vn,2026-05-24,14500000000,100,NA,NA
"✅ BÁN BIỆT THỰ MỚI GÓC 2MT KHU TÊN LỬA, MT ĐƯỜNG SỐ 21, DT 9 X 20M, 3.5 TẤM, 31 TỶ. GẦN AEON MALL",31 Tỷ/căn,180 m²,"Bình Tân, Hồ Chí Minh",Bình Tân,Biệt thự,ban,https://luachonnhadat.vn/nha-dat/ban-biet-thu-khu-ten-lua-goc-2mt-duong-so-21-dt-9-x-20m-3-5-tam-gia-31-ty-.html,luachonnhadat.vn,2026-05-24,31000000000,180,NA,NA
"☄️ BÁN NHÀ KHU TÊN LỬA, MT ĐƯỜNG SỐ 26, NGANG 6 X 20M, 3.5 TẤM, 15.5 TỶ. GẦN AEON MALL",15.5 Tỷ/căn,120 m²,"Bình Tân, Hồ Chí Minh",Bình Tân,Nhà phố,ban,https://luachonnhadat.vn/nha-dat/-ban-nha-khu-ten-lua-mt-duong-so-26-ngang-6-x-20m-3-5-tam-15-5-ty-gan-aeon-mall.html,luachonnhadat.vn,2026-05-23,15500000000,120,NA,NA
"Bán nhà hẻm 161 Bình Trị Đông, P. Bình Trị Đông A, DT 6 x 15m, 2 tấm, giá 6.85 tỷ",6.85 Tỷ/căn,90 m²,"Bình Tân, Hồ Chí Minh",Bình Tân,Nhà phố,ban,https://luachonnhadat.vn/nha-dat/ban-nha-hem-161-binh-tri-dong-p-binh-tri-dong-a-dt-6-x-15m-2-tam-gia-6-85-ty.html,luachonnhadat.vn,2026-05-23,6850000000,90,NA,NA
"Bán căn hộ tầng 1 CC 78 Kinh Dương Vương, P.13, Q.6, DT 3.7 x 15.2m, 1 lửng, giá 5.8 tỷ",5.8 Tỷ/căn,56 m²,"Quận 6, Hồ Chí Minh",Quận 6,Căn hộ,ban,https://luachonnhadat.vn/nha-dat/ban-can-ho-tang-1-cc-78-kinh-duong-vuong-p-13-q-6-dt-3-7-x-15-2m-1-lung-gia-5-8-ty.html,luachonnhadat.vn,2026-05-23,5800000000,56,NA,NA
"Bán đất góc 2MT hẻm 532 Kinh Dương Vương, P. Bình Trị Đông B, DT 5.5 x 17m, giá 6.9 tỷ",6.9 Tỷ/nền,93 m²,"Bình Tân, Hồ Chí Minh",Bình Tân,Đất,ban,https://luachonnhadat.vn/nha-dat/ban-dat-goc-2mt-hem-532-kinh-duong-vuong-p-binh-tri-dong-b-dt-5-5-x-17m-gia-6-9-ty.html,luachonnhadat.vn,2026-05-23,6900000000,93,NA,NA
"✔ GÓC 2MT CƯ XÁ PHÚ LÂM B, QUẬN 6, DT 8 X 17.5M, CẤP 4, GIÁ 22 TỶ | CẠNH PHỐ ẨM THỰC.",22 Tỷ/căn,140 m²,"Quận 6, Hồ Chí Minh",Quận 6,Nhà phố,ban,https://luachonnhadat.vn/nha-dat/-goc-2mt-cu-xa-phu-lam-b-quan-6-dt-8-x-17-5m-cap-4-gia-22-ty-canh-pho-am-thuc-.html,luachonnhadat.vn,2026-05-22,22000000000,140,NA,NA
✔ BÁN NHÀ MẶT TIỀN KINH DƯƠNG VƯƠNG Q.6 – DT 5X23M – KẾT CẤU 5 TẤM - 34 TỶ,34 Tỷ/căn,115 m²,"Quận 6, Hồ Chí Minh",Quận 6,Nhà phố,ban,https://luachonnhadat.vn/nha-dat/-ban-nha-mat-tien-kinh-duong-vuong-q-6-dt-5x23m-ket-cau-5-tam-34-ty.html,luachonnhadat.vn,2026-05-22,34000000000,115,NA,NA
"✅ BÁN NHÀ CHÍNH CHỦ MỚI ĐẸP | KHU BÌNH PHÚ, QUẬN 6, MT ĐƯỜNG SỐ 36 | DT 4 X 18.5M, 4 TẤM, 13.4 TỶ.",13.4 Tỷ/căn,74 m²,"Quận 6, Hồ Chí Minh",Quận 6,Nhà phố,ban,https://luachonnhadat.vn/nha-dat/-ban-nha-chinh-chu-moi-dep-khu-binh-phu-quan-6-mt-duong-so-36-dt-4-x-18-5m-4-tam-13-4-ty-.html,luachonnhadat.vn,2026-05-22,13400000000,74,NA,NA
"✔ BÁN NHÀ MỚI CHÍNH CHỦ HẺM 713 AN DƯƠNG VƯƠNG, 4 X 11M, 2.5 TẤM, 5.85 TỶ.",5.85 Tỷ/căn,44 m²,"Bình Tân, Hồ Chí Minh",Bình Tân,Nhà phố,ban,https://luachonnhadat.vn/nha-dat/-ban-nha-moi-chinh-chu-hem-713-an-duong-vuong-4-x-11m-2-5-tam-5-85-ty-.html,luachonnhadat.vn,2026-05-22,5850000000,44,NA,NA
"BÁN NHÀ MỚI CHÍNH CHỦ Q. BÌNH TÂN, HẺM 108 CHIẾN LƯỢC, 4 X 12M, 2 TẤM, 4.95 TỶ",4.95 Tỷ/căn,48 m²,"Bình Tân, Hồ Chí Minh",Bình Tân,Nhà phố,ban,https://luachonnhadat.vn/nha-dat/ban-nha-moi-chinh-chu-q-binh-tan-hem-108-chien-luoc-4-x-12m-2-tam-4-95-ty.html,luachonnhadat.vn,2026-05-22,4950000000,48,NA,NA
"✔ BÁN NHÀ VÀNH ĐAI TRONG (KHU TÊN LỬA), 4 X 25M, 4 TẤM, 18 TỶ. KD ĐÔNG ĐÚC",18 Tỷ/căn,100 m²,"Bình Tân, Hồ Chí Minh",Bình Tân,Nhà phố,ban,https://luachonnhadat.vn/nha-dat/-ban-nha-vanh-dai-trong-khu-ten-lua-4-x-25m-4-tam-18-ty-kd-dong-duc.html,luachonnhadat.vn,2026-05-22,18000000000,100,NA,NA
"✅ BÁN NHÀ KHU BÌNH PHÚ, MT ĐƯỜNG SỐ 26, DT 4 X 20M, 3 TẤM, 16 TỶ.",16 Tỷ/căn,80 m²,"Quận 6, Hồ Chí Minh",Quận 6,Nhà phố,ban,https://luachonnhadat.vn/nha-dat/-ban-nha-khu-binh-phu-mt-duong-so-26-dt-4-x-20m-3-tam-16-ty-.html,luachonnhadat.vn,2026-05-22,16000000000,80,NA,NA
"Bán nhà khu Tên Lửa gần Aeon Mall, MT đường Số 1, DT 5 x 20m, 3.5 tấm, giá 20.5 tỷ.",20.5 Tỷ/căn,100 m²,"Bình Tân, Hồ Chí Minh",Bình Tân,Nhà phố,ban,https://luachonnhadat.vn/nha-dat/ban-nha-khu-ten-lua-gan-aeon-mall-mt-duong-so-1-dt-5-x-20m-3-5-tam-gia-20-5-ty--1779448311.html,luachonnhadat.vn,2026-05-22,20500000000,100,NA,NA
"Bán đất hẻm 496 Tỉnh Lộ 10, P. Bình Trị Đông, DT 4.8 x 10.5m, giá 5.3 tỷ",5.3 Tỷ/nền,50 m²,"Bình Tân, Hồ Chí Minh",Bình Tân,Đất,ban,https://luachonnhadat.vn/nha-dat/ban-dat-hem-496-tinh-lo-10-p-binh-tri-dong-dt-4-8-x-10-5m-gia-5-3-ty.html,luachonnhadat.vn,2026-05-22,5300000000,50,NA,NA
"Bán nhà KDC Lý Chiêu Hoàng, MT đường Số 7, DT 4 x 16m, 3.5 tấm, giá 9.85 tỷ",9.85 Tỷ/căn,64 m²,"Bình Tân, Hồ Chí Minh",Bình Tân,Nhà phố,ban,https://luachonnhadat.vn/nha-dat/ban-nha-kdc-ly-chieu-hoang-mt-duong-so-7-dt-4-x-16m-3-5-tam-gia-9-85-ty.html,luachonnhadat.vn,2026-05-22,9850000000,64,NA,NA
"Bán nhà góc 2MT hẻm số 1 Chiến Lược, P .Bình Trị Đông, DT 4 x 12m, 4 tấm, giá 5.1 tỷ",5.1 Tỷ/căn,48 m²,"Bình Tân, Hồ Chí Minh",Bình Tân,Nhà phố,ban,https://luachonnhadat.vn/nha-dat/ban-nha-goc-2mt-hem-so-1-chien-luoc-p-binh-tri-dong-dt-4-x-12m-4-tam-gia-5-1-ty.html,luachonnhadat.vn,2026-05-22,5100000000,48,NA,NA
"Bán nhà khu Tên Lửa Aeon Mall, MT đường Số 1, DT 5 x 20m, 3.5 tấm, giá 22 tỷ",22 Tỷ/căn,100 m²,"Bình Tân, Hồ Chí Minh",Bình Tân,Nhà phố,ban,https://luachonnhadat.vn/nha-dat/ban-nha-khu-ten-lua-aeon-mall-mt-duong-so-1-dt-5-x-20m-3-5-tam-gia-22-ty.html,luachonnhadat.vn,2026-05-22,22000000000,100,NA,NA
"Bán nhà hẻm 111 Lê Đình Cẩn, P. Tân Tạo, 4 x 14m, NH 4.2m, cấp 4, giá 4.28 tỷ",4.28 Tỷ/căn,56 m²,"Bình Tân, Hồ Chí Minh",Bình Tân,Nhà phố,ban,https://luachonnhadat.vn/nha-dat/ban-nha-hem-111-le-dinh-can-p-tan-tao-4-x-14m-nh-4-2m-cap-4-gia-4-28-ty.html,luachonnhadat.vn,2026-05-22,4280000000.000001,56,NA,NA
"Bán đất hẻm 907 Hương lộ 2, P. Bình Trị Đông A, 5.2 x 17m, giá 6.9 tỷ",6.9 Tỷ/nền,88 m²,"Bình Tân, Hồ Chí Minh",Bình Tân,Đất,ban,https://luachonnhadat.vn/nha-dat/ban-dat-hem-907-huong-lo-2-p-binh-tri-dong-a-5-2-x-17m-gia-6-9-ty.html,luachonnhadat.vn,2026-05-22,6900000000,88,NA,NA
"Bán nhà hẻm 67 Đình Nghi Xuân, P. Bình Trị Đông, DT 3 x 5m, 1 lầu, giá 1.55 tỷ",1.55 Tỷ/căn,15 m²,"Bình Tân, Hồ Chí Minh",Bình Tân,Nhà phố,ban,https://luachonnhadat.vn/nha-dat/ban-nha-hem-67-dinh-nghi-xuan-p-binh-tri-dong-dt-3-x-5m-1-lau-gia-1-55-ty.html,luachonnhadat.vn,2026-05-22,1550000000,15,NA,NA
"Bán nhà 2MT Trước Sau đường An Dương Vương, P. Bình Trị Đông, DT 5 x 15m, 3.5 tấm, giá 7.15 tỷ",7.15 Tỷ/căn,75 m²,"Bình Tân, Hồ Chí Minh",Bình Tân,Nhà phố,ban,https://luachonnhadat.vn/nha-dat/ban-nha-2mt-truoc-sau-duong-an-duong-vuong-p-binh-tri-dong-dt-5-x-15m-3-5-tam-gia-7-15-ty.html,luachonnhadat.vn,2026-05-22,7150000000,75,NA,NA
"Bán nhà hẻm 704 Hương lộ 2, P. Bình Trị Đông A, 4.5 x 15m, 3.5 tấm, giá 6.95 tỷ",6.95 Tỷ/căn,67 m²,"Bình Tân, Hồ Chí Minh",Bình Tân,Nhà phố,ban,https://luachonnhadat.vn/nha-dat/ban-nha-hem-704-huong-lo-2-p-binh-tri-dong-a-4-5-x-15m-3-5-tam-gia-6-95-ty.html,luachonnhadat.vn,2026-05-22,6950000000,67,NA,NA
"Bán nhà hẻm 322 Chiến Lược, P. Bình Trị Đông A, DT 3.5 x 9m, 2 tấm, giá 3.85 tỷ",3.85 Tỷ/căn,31 m²,"Bình Tân, Hồ Chí Minh",Bình Tân,Nhà phố,ban,https://luachonnhadat.vn/nha-dat/ban-nha-hem-322-chien-luoc-p-binh-tri-dong-a-dt-3-5-x-9m-2-tam-gia-3-85-ty.html,luachonnhadat.vn,2026-05-22,3850000000,31,NA,NA
"Bán nhà hẻm 381 Lê Văn Quới, P. Bình Trị Đông A, 6 x 10m, 4.5 tấm, giá 8.1 tỷ",8.1 Tỷ/căn,60 m²,"Bình Tân, Hồ Chí Minh",Bình Tân,Nhà phố,ban,https://luachonnhadat.vn/nha-dat/ban-nha-hem-381-le-van-quoi-p-binh-tri-dong-a-6-x-10m-4-5-tam-gia-8-1-ty.html,luachonnhadat.vn,2026-05-22,8100000000,60,NA,NA
"Bán nhà hẻm 428 Chiến Lược, P. Bình Trị Đông A, 4 x 13m, 4 tấm, giá 5.9 tỷ",5.9 Tỷ/căn,52 m²,"Bình Tân, Hồ Chí Minh",Bình Tân,Nhà phố,ban,https://luachonnhadat.vn/nha-dat/ban-nha-hem-428-chien-luoc-p-binh-tri-dong-a-4-x-13m-4-tam-gia-5-9-ty.html,luachonnhadat.vn,2026-05-22,5900000000,52,NA,NA
"✅ BÁN NHÀ 2MT KINH DOANH, TỈNH LỘ 10, DT 5 X 40M, CẤP 4, GIÁ 21 TỶ.",21 Tỷ/căn,220 m²,"Bình Tân, Hồ Chí Minh",Bình Tân,Nhà phố,ban,https://luachonnhadat.vn/nha-dat/-ban-nha-2mt-kinh-doanh-tinh-lo-10-dt-5-x-40m-cap-4-gia-21-ty-.html,luachonnhadat.vn,2026-05-22,21000000000,220,NA,NA
"Bán nhà MT lô J đường Hoàng Hưng, P. An Lạc A, DT 4 x 20m, 2 tấm giá 8 tỷ",8 Tỷ/căn,80 m²,"Bình Tân, Hồ Chí Minh",Bình Tân,Nhà phố,ban,https://luachonnhadat.vn/nha-dat/ban-nha-mt-lo-j-duong-hoang-hung-p-an-lac-a-dt-4-x-20m-2-tam-gia-8-ty.html,luachonnhadat.vn,2026-05-22,8000000000,80,NA,NA
"Bán nhà hẻm 120 Tân Hoà Đông, P.14, Q.6, DT 4.3 x 12m, cấp 4, giá 5.4 tỷ",5.4 Tỷ/căn,51 m²,"Quận 6, Hồ Chí Minh",Quận 6,Nhà phố,ban,https://luachonnhadat.vn/nha-dat/ban-nha-hem-120-tan-hoa-dong-p-14-q-6-dt-4-3-x-12m-cap-4-gia-5-4-ty.html,luachonnhadat.vn,2026-05-22,5400000000,51,NA,NA
"✅ GÓC 2 MT CƯ XÁ RA ĐA, PHƯỜNG 13, QUẬN 6 | MT ĐƯỜNG SỐ 8, DT 4 X 16M, 3.5 TẤM, 12.8 TỶ.",12.8 Tỷ/căn,64 m²,"Quận 6, Hồ Chí Minh",Quận 6,Nhà phố,ban,https://luachonnhadat.vn/nha-dat/-goc-2-mt-cu-xa-ra-da-phuong-13-quan-6-mt-duong-so-8-dt-4-x-16m-3-5-tam-12-8-ty-.html,luachonnhadat.vn,2026-05-21,12800000000,64,NA,NA
"Bán nhà hẻm số 7 đường Số 7, P. An Lạc A, DT 5 x 14.5m, 1 lầu, giá 5.8 tỷ",5.8 Tỷ/căn,72 m²,"Bình Tân, Hồ Chí Minh",Bình Tân,Nhà phố,ban,https://luachonnhadat.vn/nha-dat/ban-nha-hem-so-7-duong-so-7-p-an-lac-a-dt-5-x-14-5m-1-lau-gia-5-8-ty.html,luachonnhadat.vn,2026-05-21,5800000000,72,NA,NA
"Bán nhà 2MT hẻm 971 Hương lộ 2, P. Bình Trị Đông A, DT 8.6 x 21m, cấp 4, giá 10 tỷ, có bán lẻ",10 Tỷ/căn,180 m²,"Bình Tân, Hồ Chí Minh",Bình Tân,Nhà phố,ban,https://luachonnhadat.vn/nha-dat/ban-nha-2mt-hem-971-huong-lo-2-p-binh-tri-dong-a-dt-8-6-x-21m-cap-4-gia-10-ty-co-ban-le.html,luachonnhadat.vn,2026-05-21,10000000000,180,NA,NA
"Bán nhà hẻm 184 Lê Đình Cẩn, P. Tân Tạo, 4.12 x 16.7m, 3.5 tấm, giá 5.95 tỷ",5.95 Tỷ/căn,68 m²,"Bình Tân, Hồ Chí Minh",Bình Tân,Nhà phố,ban,https://luachonnhadat.vn/nha-dat/ban-nha-hem-184-le-dinh-can-p-tan-tao-4-12-x-16-7m-3-5-tam-gia-5-95-ty.html,luachonnhadat.vn,2026-05-21,5950000000,68,NA,NA
"Bán nhà MT lô N đường Bùi Hữu Diện, P. An Lạc A, 4 x 20m, 3.5 tấm, giá 10.8 tỷ",10.8 Tỷ/căn,80 m²,"Bình Tân, Hồ Chí Minh",Bình Tân,Nhà phố,ban,https://luachonnhadat.vn/nha-dat/ban-nha-mt-lo-n-duong-bui-huu-dien-p-an-lac-a-4-x-20m-3-5-tam-gia-10-8-ty.html,luachonnhadat.vn,2026-05-21,10800000000,80,NA,NA
"Bán nhà mới hẻm 637 Tỉnh Lộ 10, P. Bình Trị Đông B, DT 3.8 x 12.5m, NH 5.2m, 2 tấm, giá 4.5 tỷ",4.5 Tỷ/căn,47 m²,"Bình Tân, Hồ Chí Minh",Bình Tân,Nhà phố,ban,https://luachonnhadat.vn/nha-dat/ban-nha-moi-hem-637-tinh-lo-10-p-binh-tri-dong-b-dt-3-8-x-12-5m-nh-5-2m-2-tam-gia-4-5-ty.html,luachonnhadat.vn,2026-05-21,4500000000,47,NA,NA
"Bán nhà MT đường Nguyễn Trường Tộ, P. Tân Thành, DT 4.2 x 11m, 4.5 tấm, giá 9.8 tỷ",9.8 Tỷ/căn,46 m²,"Tân Phú, Hồ Chí Minh",Tân Phú,Nhà phố,ban,https://luachonnhadat.vn/nha-dat/ban-nha-mt-duong-nguyen-truong-to-p-tan-thanh-dt-4-2-x-11m-4-5-tam-gia-9-8-ty.html,luachonnhadat.vn,2026-05-21,9800000000,46,NA,NA
"Bán nhà khu Tên Lửa, MT đường Số 7, DT 5 x 20m, 3.5 tấm, giá 26.2 tỷ.",26.2 Tỷ/căn,100 m²,"Bình Tân, Hồ Chí Minh",Bình Tân,Nhà phố,ban,https://luachonnhadat.vn/nha-dat/ban-nha-khu-ten-lua-mt-duong-so-7-dt-5-x-20m-3-5-tam-gia-26-2-ty-.html,luachonnhadat.vn,2026-05-21,26200000000,100,NA,NA
"Bán đất hẻm 168 Chiến Lược, P. Bình Trị Đông, 4 x 20m, giá 4.9 tỷ",4.9 Tỷ/nền,80 m²,"Bình Tân, Hồ Chí Minh",Bình Tân,Đất,ban,https://luachonnhadat.vn/nha-dat/ban-dat-hem-168-chien-luoc-p-binh-tri-dong-4-x-20m-gia-4-9-ty.html,luachonnhadat.vn,2026-05-21,4900000000,80,NA,NA
"✔ GÓC 2 MẶT TIỀN KINH DOANH SẦM UẤT - TỈNH LỘ 10, DT 8.5 X 23M, 19.5 TỶ",19.5 Tỷ/nền,195 m²,"Bình Tân, Hồ Chí Minh",Bình Tân,Nhà phố,ban,https://luachonnhadat.vn/nha-dat/-goc-2-mat-tien-kinh-doanh-sam-uat-tinh-lo-10-dt-8-5-x-23m-19-5-ty.html,luachonnhadat.vn,2026-05-20,19500000000,195,NA,NA
"✔ BÁN ĐẤT CHÍNH CHỦ Q. BÌNH TÂN, MT ĐƯỜNG SỐ 59B, 5 X 20M, 8.1 TỶ.",8.1 Tỷ/nền,100 m²,"Bình Tân, Hồ Chí Minh",Bình Tân,Đất,ban,https://luachonnhadat.vn/nha-dat/-ban-dat-chinh-chu-q-binh-tan-mt-duong-so-59b-5-x-20m-8-1-ty-.html,luachonnhadat.vn,2026-05-20,8100000000,100,NA,NA
"Bán nhà khu Tên Lửa, MT đường Số 6, DT 5 x 18m, 3.5 tấm, giá 16.8 tỷ",16.8 Tỷ/căn,90 m²,"Bình Tân, Hồ Chí Minh",Bình Tân,Nhà phố,ban,https://luachonnhadat.vn/nha-dat/ban-nha-khu-ten-lua-mt-duong-so-6-dt-5-x-18m-3-5-tam-gia-16-8-ty.html,luachonnhadat.vn,2026-05-20,16800000000,90,NA,NA
"Bán 5 lô đất hẻm 316 Hương lộ 80, P. Bình Hưng Hòa B, DT 5 x 21m, giá 4.8 tỷ/nền",4.8 Tỷ/nền,105 m²,"Bình Tân, Hồ Chí Minh",Bình Tân,Đất,ban,https://luachonnhadat.vn/nha-dat/ban-5-lo-dat-hem-316-huong-lo-80-p-binh-hung-hoa-b-dt-5-x-21m-gia-4-8-ty-nen.html,luachonnhadat.vn,2026-05-20,4800000000,105,NA,NA
"Bán đất hẻm 730 Hương lộ 2, P. Bình Trị Đông A, 16 x 27m, giá 32.5 tỷ",32.5 Tỷ/nền,432 m²,"Bình Tân, Hồ Chí Minh",Bình Tân,Đất,ban,https://luachonnhadat.vn/nha-dat/ban-dat-hem-730-huong-lo-2-p-binh-tri-dong-a-16-x-27m-gia-32-5-ty.html,luachonnhadat.vn,2026-05-20,32500000000,432,NA,NA
"Bán nhà hẻm 985 Hương lộ 2, P. Bình Trị Đông A, 5.4 x 10m, 4 tấm, giá từ 7.6 tỷ/căn",7.6 Tỷ/căn,54 m²,"Bình Tân, Hồ Chí Minh",Bình Tân,Nhà phố,ban,https://luachonnhadat.vn/nha-dat/ban-nha-hem-985-huong-lo-2-p-binh-tri-dong-a-5-4-x-10m-4-tam-gia-tu-7-6-ty-can.html,luachonnhadat.vn,2026-05-20,7600000000,54,NA,NA
"Cho thuê nhà khu Tên Lửa, MT đường số 1B, DT 6 x 17m, 3.5 tấm, giá 22 triệu/tháng.",22 Triệu/tháng,102 m²,"Bình Tân, Hồ Chí Minh",Bình Tân,Nhà phố,thue,https://luachonnhadat.vn/nha-dat/cho-thue-nha-khu-ten-lua-mt-duong-so-1b-dt-6-x-17m-3-5-tam-gia-22-trieu-thang-.html,luachonnhadat.vn,2026-06-02,22000000,102,NA,NA
"Cho thuê nhà MT đường Hương Lộ 2, P. Bình Trị Đông A, DT 6 x 12m, 1 lửng, giá 20 triệu/tháng",20 Triệu/tháng,72 m²,"Bình Tân, Hồ Chí Minh",Bình Tân,Nhà phố,thue,https://luachonnhadat.vn/nha-dat/cho-thue-nha-mt-duong-huong-lo-2-p-binh-tri-dong-a-dt-6-x-12m-1-lung-gia-20-trieu-thang.html,luachonnhadat.vn,2026-06-02,20000000,72,NA,NA
"Cho thuê nhà khu Tên Lửa, MT đường Tên Lửa nhỏ, DT 3.5 x 10m, cấp 4, giá 9 triệu/tháng",9 Triệu/tháng,35 m²,"Bình Tân, Hồ Chí Minh",Bình Tân,Nhà phố,thue,https://luachonnhadat.vn/nha-dat/cho-thue-nha-khu-ten-lua-mt-duong-ten-lua-nho-dt-3-5-x-10m-cap-4-gia-9-trieu-thang.html,luachonnhadat.vn,2026-05-30,9000000,35,NA,NA
"Cho thuê nhà khu Tên Lửa, 2MT Trước - Sau đường Số 7, DT 6 x 25m, 3.5 tấm, giá 80 triệu/tháng",80 Triệu/tháng,150 m²,"Bình Tân, Hồ Chí Minh",Bình Tân,Nhà phố,thue,https://luachonnhadat.vn/nha-dat/cho-thue-nha-khu-ten-lua-2mt-truoc-sau-duong-so-7-dt-6-x-25m-3-5-tam-gia-80-trieu-thang.html,luachonnhadat.vn,2026-05-29,80000000,150,NA,NA
"Cho thuê Shophouse CC MoonLight, MT đường Số 7, DT 3 x 9.5m, 1 lững, giá 12 triệu/tháng.",12 Triệu/tháng,29 m²,"Bình Tân, Hồ Chí Minh",Bình Tân,Shop house,thue,https://luachonnhadat.vn/nha-dat/cho-thue-shophouse-cc-moonlight-mt-duong-so-7-dt-3-x-9-5m-1-lung-gia-13-trieu-thang-1738981682.html,luachonnhadat.vn,2026-05-28,12000000,29,NA,NA
"Cho thuê nhà khu Tên Lửa, góc 2MT đường Tên Lửa, DT 10 x 25m, 4.5 tấm, giá 330 triệu/tháng",330 Triệu/tháng,250 m²,"Bình Tân, Hồ Chí Minh",Bình Tân,Nhà phố,thue,https://luachonnhadat.vn/nha-dat/cho-thue-nha-khu-ten-lua-goc-2mt-duong-ten-lua-dt-10-x-25m-4-5-tam-gia-330-trieu-thang.html,luachonnhadat.vn,2026-05-28,330000000,250,NA,NA
"Cho thuê nhà MT đường Số 47, P. Tân Tạo, 4.5 x 17m, 2.5 tấm, giá 15 triệu/tháng.",15 Triệu/tháng,76 m²,"Bình Tân, Hồ Chí Minh",Bình Tân,Nhà phố,thue,https://luachonnhadat.vn/nha-dat/cho-thue-nha-mt-duong-so-47-p-tan-tao-4-5-x-17m-2-5-tam-gia-15-trieu-thang-.html,luachonnhadat.vn,2026-05-27,15000000,76,NA,NA
"Cho thuê nhà khu Tên Lửa, MT đường Số 21, DT 4 x 22.5m, 3.5 tấm, giá 19 triệu/tháng",19 Triệu/tháng,90 m²,"Bình Tân, Hồ Chí Minh",Bình Tân,Nhà phố,thue,https://luachonnhadat.vn/nha-dat/cho-thue-nha-mt-duong-so-21-p-binh-tri-dong-b-4-x-22-5m-3-5-tam-gia-19tr-thang-khu-ten-lua-1652233692.html,luachonnhadat.vn,2026-05-26,19000000,90,NA,NA
"Cho thuê nhà MT đường Bà Hom, P.13, Q.6, DT 4 x 16m, 1 lầu, giá 21 triệu/tháng",21 Triệu/tháng,64 m²,"Quận 6, Hồ Chí Minh",Quận 6,Nhà phố,thue,https://luachonnhadat.vn/nha-dat/cho-thue-nha-mt-duong-ba-hom-p13-q6-dt-4x16m2-1-lau-mai-che-thang-gia-25tr-thang.html,luachonnhadat.vn,2026-05-26,21000000,64,NA,NA
"Cho thuê nhà khu Bình Phú, MT đường Lý Chiêu Hoàng, DT 4.5 x 26m, NH 6m, cấp 4, giá 22 triệu/tháng",22 Triệu/tháng,117 m²,"Quận 6, Hồ Chí Minh",Quận 6,Nhà phố,thue,https://luachonnhadat.vn/nha-dat/cho-thue-nha-khu-binh-phu-mt-duong-ly-chieu-hoang-dt-4-5-x-26m-nh-6m-cap-4-gia-22-trieu-thang.html,luachonnhadat.vn,2026-05-26,22000000,117,NA,NA
"CHO THUÊ NHÀ KHU TÊN LỬA, GÓC 2MT ĐƯỜNG SỐ 19, DT 10 X 20M, 65 TRIỆU/THÁNG. KD ĐÔNG ĐÚC",65 Triệu/tháng,200 m²,"Bình Tân, Hồ Chí Minh",Bình Tân,Nhà phố,thue,https://luachonnhadat.vn/nha-dat/cho-thue-khu-ten-lua-nha-goc-2mt-duong-so-19-dt-10-x-20m-2-tam-gia-65-trieu-thang.html,luachonnhadat.vn,2026-05-25,65000000,200,NA,NA
"Cho thuê nhà MT đường Phạm Văn Chí, P.7, Q.6, DT 6.5 x 20m, 1 lầu, giá 32 triệu/tháng",32 Triệu/tháng,130 m²,"Quận 6, Hồ Chí Minh",Quận 6,Nhà phố,thue,https://luachonnhadat.vn/nha-dat/cho-thue-nha-mt-duong-pham-van-chi-p-7-q-6-dt-6-5-x-20m-1-lau-gia-32-trieu-thang-1723083129.html,luachonnhadat.vn,2026-05-25,32000000,130,NA,NA
"Cho thuê biệt thự khu Bình Phú, MT đường Số 6, DT 7 x 16m, 3 tấm + hầm, giá 25 triệu/tháng",25 Triệu/tháng,112 m²,"Quận 6, Hồ Chí Minh",Quận 6,Biệt thự,thue,https://luachonnhadat.vn/nha-dat/cho-thue-biet-thu-khu-binh-phu-mt-duong-so-6-dt-7-x-16m-tam-gia-45-trieu-thang.html,luachonnhadat.vn,2026-05-25,25000000,112,NA,NA
"Cho thuê nhà góc 2MT đường Bà Hom, P.13, Q.6, DT 5 x 11m, 2 tấm, giá 23 triệu/tháng",23 Triệu/tháng,55 m²,"Quận 6, Hồ Chí Minh",Quận 6,Nhà phố,thue,https://luachonnhadat.vn/nha-dat/cho-thue-nha-goc-2mt-duong-ba-hom-p-13-q-6-dt-5-x-11m-2-tam-gia-23-trieu-thang.html,luachonnhadat.vn,2026-05-25,23000000,55,NA,NA
"Cho thuê nhà khu Tên Lửa, MT đường Số 24A, DT 4.5 x 20m, 3.5 tấm, giá 23 triệu/tháng.",23 Triệu/tháng,90 m²,"Bình Tân, Hồ Chí Minh",Bình Tân,Nhà phố,thue,https://luachonnhadat.vn/nha-dat/cho-thue-nha-khu-ten-lua-mt-duong-so-24a-dt-4-5-x-20m-3-5-tam-gia-23-trieu-thang-.html,luachonnhadat.vn,2026-05-25,23000000,90,NA,NA
"Cho thuê nhà khu Bình Phú, MT đường Chợ Lớn, DT 8 x 15m, 4.5 tấm, giá 70 triệu/tháng",70 Triệu/tháng,120 m²,"Quận 6, Hồ Chí Minh",Quận 6,Nhà phố,thue,https://luachonnhadat.vn/nha-dat/cho-thue-nha-khu-binh-phu-mt-duong-cho-lon-dt-8-x-15m-4-5-tam-gia-80-trieu-thang.html,luachonnhadat.vn,2026-05-25,70000000,120,NA,NA
"Cho thuê mặt bằng MT đường Tỉnh Lộ 10, P. Bình Trị Đông A, DT 5 x 18m, giá 23 triệu/tháng",23 Triệu/tháng,90 m²,"Bình Tân, Hồ Chí Minh",Bình Tân,Mặt bằng,thue,https://luachonnhadat.vn/nha-dat/cho-thue-nha-mt-duong-tinh-lo-10-p-binh-tri-dong-a-dt-5-x-29m-3-tam-gia-35-trieu-thang-1751680051.html,luachonnhadat.vn,2026-05-25,23000000,90,NA,NA
"Cho thuê nhà MT đường Số 59B, P. Tân Tạo, DT 5.3 x 16m, 4 tấm, giá 26 triệu/tháng",26 Triệu/tháng,84 m²,"Bình Tân, Hồ Chí Minh",Bình Tân,Nhà phố,thue,https://luachonnhadat.vn/nha-dat/cho-thue-nha-mt-duong-so-59b-p-tan-tao-dt-5-3-x-16m-4-tam-gia-26-trieu-thang.html,luachonnhadat.vn,2026-05-25,26000000,84,NA,NA
"Cho thuê nhà khu Tên Lửa, MT đường Số 7, DT 5 x 20m, cấp 4, giá 28 triệu/tháng",28 Triệu/tháng,100 m²,"Bình Tân, Hồ Chí Minh",Bình Tân,Nhà phố,thue,https://luachonnhadat.vn/nha-dat/cho-thue-nha-khu-ten-lua-mt-duong-so-7-dt-5-x-20m-cap-4-gia-28-trieu-thang.html,luachonnhadat.vn,2026-05-23,28000000,100,NA,NA
"Cho thuê nhà khu Tên Lửa, MT đường Trần Văn Giàu, DT 5 x 20m, 3 tấm, giá 50 triệu/tháng,",50 Triệu/tháng,100 m²,"Bình Tân, Hồ Chí Minh",Bình Tân,Nhà phố,thue,https://luachonnhadat.vn/nha-dat/cho-thue-nha-khu-ten-lua-mt-duong-tran-van-giau-dt-5-x-20m-3-tam-gia-50-trieu-thang-.html,luachonnhadat.vn,2026-05-23,50000000,100,NA,NA
"Cho thuê nhà khu Tên Lửa, MT đường Số 21, DT 4.5 x 20m, 3.5 tấm, giá 22 triệu/tháng.",22 Triệu/tháng,90 m²,"Bình Tân, Hồ Chí Minh",Bình Tân,Nhà phố,thue,https://luachonnhadat.vn/nha-dat/cho-thue-nha-khu-ten-lua-mt-duong-so-21-dt-4-5-x-20m-3-5-tam-gia-22-trieu-thang-.html,luachonnhadat.vn,2026-05-23,22000000,90,NA,NA
"Cho thuê nhà MT đường Nguyễn Sơn, P. Phú Thọ Hoà, DT 6.5 x 12m, cấp 4, giá 20 triệu/tháng",20 Triệu/tháng,78 m²,"Tân Phú, Hồ Chí Minh",Tân Phú,Nhà phố,thue,https://luachonnhadat.vn/nha-dat/cho-thue-nha-mt-duong-nguyen-son-p-phu-tho-hoa-dt-6-5-x-12m-cap-4-gia-20-trieu-thang.html,luachonnhadat.vn,2026-05-22,20000000,78,NA,NA
"Cho thuê nhà MT đường Kinh Dương Vương, P.13, Q.6, DT 5 x 23m, 5 tấm, giá 70 triệu/tháng",70 Triệu/tháng,115 m²,"Quận 6, Hồ Chí Minh",Quận 6,Nhà phố,thue,https://luachonnhadat.vn/nha-dat/cho-thue-nha-mt-duong-kinh-duong-vuong-p-13-q-6-dt-5-x-23m-5-tam-gia-70-trieu-thang.html,luachonnhadat.vn,2026-05-21,70000000,115,NA,NA
"Cho thuê nhà khu Tên Lửa, MT đường Số 1, DT 12 x 20m, 3 tấm, giá 100 triệu/tháng",100 Triệu/tháng,240 m²,"Bình Tân, Hồ Chí Minh",Bình Tân,Nhà phố,thue,https://luachonnhadat.vn/nha-dat/cho-thue-nha-khu-ten-lua-mt-duong-so-1-dt-12-x-20m-3-tam-gia-100-trieu-thang.html,luachonnhadat.vn,2026-05-21,100000000,240,NA,NA
"Cho thuê nhà khu Tên Lửa, MT đường Tên Lửa, DT 4 x 21m, 3.5 tấm, giá 35 triệu/tháng.",35 Triệu/tháng,84 m²,"Bình Tân, Hồ Chí Minh",Bình Tân,Nhà phố,thue,https://luachonnhadat.vn/nha-dat/cho-thue-nha-khu-ten-lua-mt-duong-ten-lua-dt-4-x-21m-3-5-tam-gia-35-trieu-thang-.html,luachonnhadat.vn,2026-05-20,35000000,84,NA,NA
"Cho thuê nhà khu Tên Lửa Aeon Mall, MT đường Số 5, DT 5 x 20m, 3.5 tấm, giá 25 triệu/tháng",25 Triệu/tháng,100 m²,"Bình Tân, Hồ Chí Minh",Bình Tân,Nhà phố,thue,https://luachonnhadat.vn/nha-dat/cho-thue-nha-khu-ten-lua-aeon-mall-mt-duong-so-5-dt-5-x-20m-3-5-tam-gia-25-trieu-thang.html,luachonnhadat.vn,2026-05-20,25000000,100,NA,NA
"Cho thuê nhà khu Bình Phú, MT đường Số 22, DT 4 x 19m, 4.5 tấm, giá 20 triệu/tháng.",20 Triệu/tháng,76 m²,"Quận 6, Hồ Chí Minh",Quận 6,Nhà phố,thue,https://luachonnhadat.vn/nha-dat/cho-thue-nha-khu-binh-phu-mt-duong-so-22-dt-4-x-19m-4-5-tam-gia-20-trieu-thang-.html,luachonnhadat.vn,2026-05-20,20000000,76,NA,NA
"Cho thuê nhà khu Tên Lửa, MT đường Số 4, DT 6 x 22m, 3.5 tấm, giá 45 triệu/tháng.",45 Triệu/tháng,132 m²,"Bình Tân, Hồ Chí Minh",Bình Tân,Nhà phố,thue,https://luachonnhadat.vn/nha-dat/cho-thue-nha-khu-ten-lua-mt-duong-so-4-dt-6-x-22m-3-5-tam-gia-45-trieu-thang-.html,luachonnhadat.vn,2026-05-20,45000000,132,NA,NA
"Cho thuê nhà khu Tên Lửa, MT đường số 7A, DT 4 x 20m, 3 tấm, giá 22 triệu/tháng",22 Triệu/tháng,80 m²,"Bình Tân, Hồ Chí Minh",Bình Tân,Nhà phố,thue,https://luachonnhadat.vn/nha-dat/cho-thue-nha-khu-ten-lua-mt-duong-so-7a-dt-4-x-20m-3-tam-gia-22-trieu-thang.html,luachonnhadat.vn,2026-05-20,22000000,80,NA,NA
"✅ CHO THUÊ TOÀ NHÀ MT LÊ VĂN QUỚI, 37 X 60M, HẦM + 6 LẦU, 1 TỶ/THÁNG, TDT SÀN 9794 M2",1 Tỷ/tháng,1110 m²,"Bình Tân, Hồ Chí Minh",Bình Tân,Nhà phố,thue,https://luachonnhadat.vn/nha-dat/-cho-thue-toa-nha-mt-le-van-quoi-37-x-60m-ham-6-lau-1-ty-thang-tdt-san-9794-m2.html,luachonnhadat.vn,2026-05-19,1000000000,1110,NA,NA
"Cho thuê nhà khu Tên Lửa, MT đường Số 24A, DT 4.5 x 20m, 3.5 tấm, giá 24 triệu/tháng.",24 Triệu/tháng,90 m²,"Bình Tân, Hồ Chí Minh",Bình Tân,Nhà phố,thue,https://luachonnhadat.vn/nha-dat/cho-thue-nha-khu-ten-lua-mt-duong-so-24a-dt-4-5-x-20m-3-5-tam-gia-24-trieu-thang-.html,luachonnhadat.vn,2026-05-19,24000000,90,NA,NA
"Cho thuê nhà khu Tên Lửa, MT đường Số 7, DT 5 x 20m, 4 tấm, giá 50 triệu/tháng",50 Triệu/tháng,100 m²,"Bình Tân, Hồ Chí Minh",Bình Tân,Nhà phố,thue,https://luachonnhadat.vn/nha-dat/cho-thue-nha-khu-ten-lua-mt-duong-so-7-dt-5-x-20m-4-tam-gia-50-trieu-thang.html,luachonnhadat.vn,2026-05-18,50000000,100,NA,NA
"Cho thuê biệt thự khu Tên Lửa, MT đường Số 34, DT 10 x 20m, 3 tấm, giá 60 triệu/tháng",60 Triệu/tháng,200 m²,"Bình Tân, Hồ Chí Minh",Bình Tân,Biệt thự,thue,https://luachonnhadat.vn/nha-dat/cho-thue-biet-thu-khu-ten-lua-mt-duong-so-34-dt-10-x-20m-3-tam-gia-60-trieu-thang.html,luachonnhadat.vn,2026-05-18,60000000,200,NA,NA
"Cho thuê kho xưởng hẻm 218 An Dương Vương, P.16, Q.8, DT 10 x 25m, cấp 4, giá 22 triệu/tháng",22 Triệu/tháng,250 m²,"Quận 8, Hồ Chí Minh",Quận 8,Nhà xưởng,thue,https://luachonnhadat.vn/nha-dat/cho-thue-kho-xuong-hem-218-an-duong-vuong-p-16-q-8-dt-10-x-25m-cap-4-gia-22-trieu-thang.html,luachonnhadat.vn,2026-05-18,22000000,250,NA,NA
"Cho thuê nhà MT lô G khu Cư Xá Phú Lâm D, P.10, Q.6, DT 4 x 18m, 3.5 tấm, giá 24.5 triệu/tháng",24.5 Triệu/tháng,72 m²,"Quận 6, Hồ Chí Minh",Quận 6,Nhà phố,thue,https://luachonnhadat.vn/nha-dat/cho-thue-nha-mt-lo-g-khu-cu-xa-phu-lam-d-p-10-q-6-dt-4-x-18m-3-5-tam-gia-24-5-trieu-thang.html,luachonnhadat.vn,2026-05-18,24500000,72,NA,NA
"Cho thuê nhà khu Tên Lửa, góc 2MT đường Tên Lửa, DT 8 x 21m, 4 tấm, giá 200 triệu/tháng",200 Triệu/tháng,168 m²,"Bình Tân, Hồ Chí Minh",Bình Tân,Nhà phố,thue,https://luachonnhadat.vn/nha-dat/cho-thue-nha-khu-ten-lua-goc-2mt-duong-ten-lua-dt-8-x-21m-4-tam-gia-200-trieu-thang.html,luachonnhadat.vn,2026-05-15,200000000,168,NA,NA
"Cho thuê nhà khu Tên Lửa, MT đường Số 15A, DT 4 x 20m, 3 tấm, giá 26 triệu/tháng.",26 Triệu/tháng,80 m²,"Bình Tân, Hồ Chí Minh",Bình Tân,Nhà phố,thue,https://luachonnhadat.vn/nha-dat/cho-thue-nha-khu-ten-lua-mt-duong-so-15a-dt-4-x-20m-3-tam-gia-26-trieu-thang-.html,luachonnhadat.vn,2026-05-15,26000000,80,NA,NA
"Cho thuê nhà MT đường Tỉnh Lộ 10, P. Tân Tạo, 4.5 x 27m, cấp 4, giá 16 triệu/tháng",16 Triệu/tháng,121 m²,"Bình Tân, Hồ Chí Minh",Bình Tân,Nhà phố,thue,https://luachonnhadat.vn/nha-dat/cho-thue-nha-mt-duong-tinh-lo-10-p-tan-tao-4-5-x-27m-cap-4-gia-16-trieu-thang.html,luachonnhadat.vn,2026-05-15,16000000,121,NA,NA
"Cho thuê nhà khu Tên Lửa, MT đường số 7, DT 6 x 21m, cấp 4, giá 31 triệu/tháng",31 Triệu/tháng,126 m²,"Bình Tân, Hồ Chí Minh",Bình Tân,Nhà phố,thue,https://luachonnhadat.vn/nha-dat/cho-thue-nha-khu-ten-lua-mt-duong-so-7-dt-6-x-21m-cap-4-gia-31-trieu-thang.html,luachonnhadat.vn,2026-05-14,31000000,126,NA,NA
"Cho thuê nhà khu Tên Lửa, MT đường Số 28, DT 4.5 x 20m, 3.5 tấm, giá 25 triệu/tháng.",25 Triệu/tháng,90 m²,"Bình Tân, Hồ Chí Minh",Bình Tân,Nhà phố,thue,https://luachonnhadat.vn/nha-dat/cho-thue-nha-khu-ten-lua-mt-duong-so-28-dt-4-5-x-20m-3-5-tam-gia-25-trieu-thang-.html,luachonnhadat.vn,2026-05-13,25000000,90,NA,NA
"Cho thuê nhà khu Tên Lửa, MT đường Số 19, DT 9 x 15m, 4 tấm, giá 60 triệu/tháng.",60 Triệu/tháng,135 m²,"Bình Tân, Hồ Chí Minh",Bình Tân,Nhà phố,thue,https://luachonnhadat.vn/nha-dat/cho-thue-nha-khu-ten-lua-mt-duong-so-19-dt-9-x-15m-4-tam-gia-60-trieu-thang-.html,luachonnhadat.vn,2026-05-13,60000000,135,NA,NA
"Cho thuê nhà hẻm 743 Tỉnh Lộ 10, P. Bình Trị Đông B, DT 4 x 25m, cấp 4, giá 12 triệu/tháng",12 Triệu/tháng,100 m²,"Bình Tân, Hồ Chí Minh",Bình Tân,Nhà phố,thue,https://luachonnhadat.vn/nha-dat/cho-thue-nha-hem-743-tinh-lo-10-p-binh-tri-dong-b-dt-4-x-25m-cap-4-gia-12-trieu-thang.html,luachonnhadat.vn,2026-05-12,12000000,100,NA,NA
"Cho thuê nhà khu Tên Lửa, MT đường Số 1A, DT 4 x 20m, 3 tấm, giá 18 triệu/tháng",18 Triệu/tháng,80 m²,"Bình Tân, Hồ Chí Minh",Bình Tân,Nhà phố,thue,https://luachonnhadat.vn/nha-dat/cho-thue-nha-khu-ten-lua-mt-duong-so-1a-dt-4-x-20m-3-tam-gia-18-trieu-thang.html,luachonnhadat.vn,2026-05-11,18000000,80,NA,NA
"Cho thuê nhà hẻm 933 Tỉnh Lộ 10, P. Tân Tạo, 5 x 20m, cấp 4, giá 14 triệu/tháng",14 Triệu/tháng,100 m²,"Bình Tân, Hồ Chí Minh",Bình Tân,Nhà phố,thue,https://luachonnhadat.vn/nha-dat/cho-thue-nha-hem-933-tinh-lo-10-p-tan-tao-5-x-20m-cap-4-gia-14-trieu-thang.html,luachonnhadat.vn,2026-05-11,14000000,100,NA,NA
"Cho thuê nhà khu Tên Lửa, MT đường Tên Lửa, DT 4 x 23m, 3 tấm, giá 25 triệu/tháng",25 Triệu/tháng,92 m²,"Bình Tân, Hồ Chí Minh",Bình Tân,Nhà phố,thue,https://luachonnhadat.vn/nha-dat/cho-thue-nha-khu-ten-lua-mt-duong-ten-lua-dt-4-x-23m-3-tam-gia-25-trieu-thang.html,luachonnhadat.vn,2026-05-11,25000000,92,NA,NA
✅ CHO THUÊ NHÀ PHỐ – MẶT TIỀN ĐƯỜNG SỐ 34 KHU TÊN LỬA – KẾT CẤU 3.5 TẤM | GIÁ 23 TRIỆU/THÁNG,23 Triệu/tháng,80 m²,"Bình Tân, Hồ Chí Minh",Bình Tân,Nhà phố,thue,https://luachonnhadat.vn/nha-dat/-cho-thue-nha-pho-mat-tien-duong-so-34-khu-ten-lua-ket-cau-3-5-tam-gia-23-trieu-thang.html,luachonnhadat.vn,2026-05-10,23000000,80,NA,NA
"Cho thuê nhà hẻm 122 Đất Mới, P. Bình Trị Đông, 8 x 25m, 3.5 tấm, giá 40 triệu/tháng",40 Triệu/tháng,200 m²,"Bình Tân, Hồ Chí Minh",Bình Tân,Đất,thue,https://luachonnhadat.vn/nha-dat/cho-thue-nha-hem-122-dat-moi-p-binh-tri-dong-8-x-25m-3-5-tam-gia-40-trieu-thang.html,luachonnhadat.vn,2026-05-10,40000000,200,NA,NA
"Cho thuê nhà góc 2MT hẻm 753 Tỉnh Lộ 10, P. Bình Trị Đông B, 5.7 x 18m, NH 6m, 3 tấm, giá 25tr/tháng",25 Triệu/tháng,102 m²,"Bình Tân, Hồ Chí Minh",Bình Tân,Nhà phố,thue,https://luachonnhadat.vn/nha-dat/cho-thue-nha-goc-2mt-hem-753-tinh-lo-10-p-binh-tri-dong-b-5-7-x-18m-nh-6m-3-tam-gia-25tr-thang.html,luachonnhadat.vn,2026-05-09,25000000,102,NA,NA
"Cho thuê nhà MT đường Lê Công Phép, P. An Lạc, DT 10 x 8.5m, 1 lầu, giá 20 triệu/tháng",20 Triệu/tháng,85 m²,"Bình Tân, Hồ Chí Minh",Bình Tân,Nhà phố,thue,https://luachonnhadat.vn/nha-dat/cho-thue-nha-mt-duong-le-cong-phep-p-an-lac-dt-10-x-8-5m-1-lau-gia-20-trieu-thang.html,luachonnhadat.vn,2026-05-09,20000000,85,NA,NA
"CHO THUÊ NHÀ KHU TÊN LỬA, GÓC 2MT TÊN LỬA | 10 X 20M, 3.5 TẤM, 100 TRIỆU/THÁNG.",100 Triệu/tháng,200 m²,"Bình Tân, Hồ Chí Minh",Bình Tân,Nhà phố,thue,https://luachonnhadat.vn/nha-dat/cho-thue-nha-khu-ten-lua-goc-2mt-ten-lua-10-x-20m-3-5-tam-100-trieu-thang-.html,luachonnhadat.vn,2026-05-08,100000000,200,NA,NA
"Cho thuê nhà khu Tên Lửa, MT đường Số 25, DT 4 x 20m, 3.5 tấm, giá 25 triệu/tháng",25 Triệu/tháng,80 m²,"Bình Tân, Hồ Chí Minh",Bình Tân,Nhà phố,thue,https://luachonnhadat.vn/nha-dat/cho-thue-nha-khu-ten-lua-mt-duong-so-25-dt-4-x-20m-3-5-tam-gia-25-trieu-thang.html,luachonnhadat.vn,2026-05-08,25000000,80,NA,NA
"Cho thuê nhà MT đường Tỉnh Lộ 10, P. Tân Tạo, DT 6.5 x 50m, NH 9.3m, 5 tấm, giá 100 triệu/tháng",100 Triệu/tháng,325 m²,"Bình Tân, Hồ Chí Minh",Bình Tân,Nhà phố,thue,https://luachonnhadat.vn/nha-dat/cho-thue-nha-mt-duong-tinh-lo-10-p-tan-tao-dt-6-5-x-50m-nh-9-3m-5-tam-gia-100-trieu-thang.html,luachonnhadat.vn,2026-05-08,100000000,325,NA,NA
"Cho thuê nhà khu Tên Lửa, MT đường Số 7, DT 5 x 20m, 3.5 tấm, giá 45 triệu/tháng",45 Triệu/tháng,100 m²,"Bình Tân, Hồ Chí Minh",Bình Tân,Nhà phố,thue,https://luachonnhadat.vn/nha-dat/cho-thue-nha-khu-ten-lua-mt-duong-so-7-dt-5-x-20m-3-5-tam-gia-45-trieu-thang.html,luachonnhadat.vn,2026-05-07,45000000,100,NA,NA
"Cho thuê nhà khu Tên Lửa, MT đường Số 7, DT 5 x 20m, 3.5 tấm, giá 45 triệu/tháng.",45 Triệu/tháng,100 m²,"Bình Tân, Hồ Chí Minh",Bình Tân,Nhà phố,thue,https://luachonnhadat.vn/nha-dat/cho-thue-nha-khu-ten-lua-mt-duong-so-7-dt-5-x-20m-3-5-tam-gia-45-trieu-thang-.html,luachonnhadat.vn,2026-05-07,45000000,100,NA,NA
"Cho thuê nhà MT đường Tạ Mỹ Duật, P. An Lạc A, DT 8 x 20m, 3.5 tấm, giá 45 triệu/tháng",45 Triệu/tháng,160 m²,"Bình Tân, Hồ Chí Minh",Bình Tân,Nhà phố,thue,https://luachonnhadat.vn/nha-dat/cho-thue-nha-mt-duong-ta-my-duat-p-an-lac-a-dt-8-x-20m-3-5-tam-gia-45-trieu-thang.html,luachonnhadat.vn,2026-05-06,45000000,160,NA,NA
"Cho thuê nhà MT đường Hậu Giang, P.12, Q.6, DT 7.5 x 28m, 5.5 tấm, giá 130 triệu/tháng.",130 Triệu/tháng,210 m²,"Quận 6, Hồ Chí Minh",Quận 6,Nhà phố,thue,https://luachonnhadat.vn/nha-dat/cho-thue-nha-mt-duong-hau-giang-p-12-q-6-dt-7-5-x-28m-5-5-tam-gia-130-trieu-thang-.html,luachonnhadat.vn,2026-05-06,130000000,210,NA,NA
"Cho thuê nhà khu Cư Xá Rada, MT đường Số 2, DT 4 x 20m, 3.5 tấm, giá 20 triệu/tháng",20 Triệu/tháng,80 m²,"Quận 6, Hồ Chí Minh",Quận 6,Nhà phố,thue,https://luachonnhadat.vn/nha-dat/cho-thue-nha-khu-cu-xa-rada-mt-duong-so-2-dt-4-x-20m-3-5-tam-gia-20-trieu-thang.html,luachonnhadat.vn,2026-05-06,20000000,80,NA,NA
"Cho thuê nhà khu Bình Phú, MT đường Song Hành, DT 4 x 19m, 4.5 tấm, giá 21 tỷ",21 Triệu/tháng,76 m²,"Quận 6, Hồ Chí Minh",Quận 6,Nhà phố,thue,https://luachonnhadat.vn/nha-dat/cho-thue-nha-khu-binh-phu-mt-duong-song-hanh-dt-4-x-19m-4-5-tam-gia-21-ty.html,luachonnhadat.vn,2026-05-06,21000000,76,NA,NA
"Cho thuê nhà khu Tên Lửa, MT đường Số 16, DT 6 x 21.5m, 3 tấm, giá 30 triệu/tháng.",30 Triệu/tháng,129 m²,"Bình Tân, Hồ Chí Minh",Bình Tân,Nhà phố,thue,https://luachonnhadat.vn/nha-dat/cho-thue-nha-khu-ten-lua-mt-duong-so-16-dt-6-x-21-5m-3-tam-gia-30-trieu-thang-.html,luachonnhadat.vn,2026-04-29,30000000,129,NA,NA
"Cho thuê nhà góc 2MT hẻm 246 đường 26/3, P. Bình Hưng Hòa, DT 4 x 16m, 2 tấm, giá 11 triệu/tháng",11 Triệu/tháng,64 m²,"Bình Tân, Hồ Chí Minh",Bình Tân,Nhà phố,thue,https://luachonnhadat.vn/nha-dat/cho-thue-nha-goc-2mt-hem-246-duong-26-3-p-binh-hung-hoa-dt-4-x-16m-2-tam-gia-11-trieu-thang.html,luachonnhadat.vn,2026-04-28,11000000,64,NA,NA
"Cho thuê nhà khu Bình Phú, MT đường Trần Văn Kiểu, DT 4 x 20m, 3.5 tấm, giá 30 triệu/tháng",30 Triệu/tháng,80 m²,"Quận 6, Hồ Chí Minh",Quận 6,Nhà phố,thue,https://luachonnhadat.vn/nha-dat/cho-thue-nha-khu-binh-phu-mt-duong-tran-van-kieu-dt-4-x-20m-3-5-tam-gia-30-trieu-thang.html,luachonnhadat.vn,2026-04-27,30000000,80,NA,NA
"Cho thuê nhà MT đường Tân Hòa Đông, P.14, Q.6, DT 8 x 20m, NH 10m, 5 tấm, giá 60 triệu/tháng",60 Triệu/tháng,160 m²,"Quận 6, Hồ Chí Minh",Quận 6,Nhà phố,thue,https://luachonnhadat.vn/nha-dat/cho-thue-nha-mt-duong-tan-hoa-dong-p-14-q-6-dt-8-x-20m-nh-10m-5-tam-gia-60-trieu-thang.html,luachonnhadat.vn,2026-04-25,60000000,160,NA,NA
"Cho thuê nhà khu Tên Lửa, MT đường Vành Đai Trong, DT 12 x 21.5m, 5 tấm, giá 200 triệu/tháng.",200 Triệu/tháng,258 m²,"Bình Tân, Hồ Chí Minh",Bình Tân,Nhà phố,thue,https://luachonnhadat.vn/nha-dat/cho-thue-nha-khu-ten-lua-mt-duong-vanh-dai-trong-dt-12-x-21-5m-5-tam-gia-200-trieu-thang-.html,luachonnhadat.vn,2026-04-23,200000000,258,NA,NA
"Cho thuê nhà MT đường Mã Lò, P. Bình Hưng Hoà A, DT 4 x 20m, 4 tấm, giá 28 triệu/tháng",28 Triệu/tháng,80 m²,"Bình Tân, Hồ Chí Minh",Bình Tân,Nhà phố,thue,https://luachonnhadat.vn/nha-dat/cho-thue-nha-mt-duong-ma-lo-p-binh-hung-hoa-a-dt-4-x-20m-4-tam-gia-28-trieu-thang.html,luachonnhadat.vn,2026-04-21,28000000,80,NA,NA
"Cho thuê nhà khu Tên Lửa gần Aeon Mall, MT đường Số 17B, DT 5 x 20m, 3.5 tấm, giá 25 triệu/tháng.",25 Triệu/tháng,100 m²,"Bình Tân, Hồ Chí Minh",Bình Tân,Nhà phố,thue,https://luachonnhadat.vn/nha-dat/cho-thue-nha-khu-ten-lua-gan-aeon-mall-mt-duong-so-17b-dt-5-x-20m-3-5-tam-gia-25-trieu-thang-.html,luachonnhadat.vn,2026-04-20,25000000,100,NA,NA
"Cho thuê nhà khu Tên Lửa, MT đường Vành Đai Trong, DT 12 x 21.5m, 4 tấm, giá 140 triệu/tháng.",140 Triệu/tháng,258 m²,"Bình Tân, Hồ Chí Minh",Bình Tân,Nhà phố,thue,https://luachonnhadat.vn/nha-dat/cho-thue-nha-khu-ten-lua-mt-duong-vanh-dai-trong-dt-12-x-21-5m-4-tam-gia-140-trieu-thang-.html,luachonnhadat.vn,2026-04-20,140000000,258,NA,NA
"Cho thuê đất khu Tên Lửa, góc 2MT đường Số 32, DT 20 x 20m, giá 80 triệu/tháng",80 Triệu/tháng,400 m²,"Bình Tân, Hồ Chí Minh",Bình Tân,Đất,thue,https://luachonnhadat.vn/nha-dat/cho-thue-dat-khu-ten-lua-goc-2mt-duong-so-32-dt-20-x-20m-gia-80-trieu-thang.html,luachonnhadat.vn,2026-04-20,80000000,400,NA,NA
"Cho thuê nhà khu Tên Lửa, MT đường Số 4, DT 4 x 20m, 3.5 tấm, giá 27 triệu/tháng.",27 Triệu/tháng,80 m²,"Bình Tân, Hồ Chí Minh",Bình Tân,Nhà phố,thue,https://luachonnhadat.vn/nha-dat/cho-thue-nha-khu-ten-lua-mt-duong-so-4-dt-4-x-20m-3-5-tam-gia-27-trieu-thang-.html,luachonnhadat.vn,2026-04-20,27000000,80,NA,NA
"Cho thuê nhà hẻm 995 Hồng Bàng, P.12, Q.6, DT 4 x 15m, 3.5 tấm, giá 18 triệu/tháng",18 Triệu/tháng,60 m²,"Quận 6, Hồ Chí Minh",Quận 6,Nhà phố,thue,https://luachonnhadat.vn/nha-dat/cho-thue-nha-hem-995-hong-bang-p-12-q-6-dt-4-x-15m-3-5-tam-gia-18-trieu-thang.html,luachonnhadat.vn,2026-04-17,18000000,60,NA,NA
"Cho thuê nhà khu Bình Phú, 2MT Trước - Sau đường Vành Đai, DT 8 x 23m, cấp 4, giá 33 triệu/tháng.",33 Triệu/tháng,184 m²,"Quận 6, Hồ Chí Minh",Quận 6,Nhà phố,thue,https://luachonnhadat.vn/nha-dat/cho-thue-nha-khu-binh-phu-2mt-truoc-sau-duong-vanh-dai-dt-8-x-23m-cap-4-gia-33-trieu-thang-.html,luachonnhadat.vn,2026-04-17,33000000,184,NA,NA
"Cho thuê biệt thự khu Tên Lửa, góc 2MT đường Số 19B, DT 10 x 19m, 3.5 tấm, giá 70 triệu/tháng",70 Triệu/tháng,190 m²,"Bình Tân, Hồ Chí Minh",Bình Tân,Biệt thự,thue,https://luachonnhadat.vn/nha-dat/cho-thue-biet-thu-khu-ten-lua-goc-2mt-duong-so-19b-dt-10-x-19m-3-5-tam-gia-70-trieu-thang.html,luachonnhadat.vn,2026-04-17,70000000,190,NA,NA
"Cho thuê nhà khu Tên Lửa, MT đường Số 19, DT 5 x 20m, 3.5 tấm, giá 32 triệu/tháng",32 Triệu/tháng,100 m²,"Bình Tân, Hồ Chí Minh",Bình Tân,Nhà phố,thue,https://luachonnhadat.vn/nha-dat/cho-thue-nha-khu-ten-lua-mt-duong-so-19-dt-5-x-20m-3-5-tam-gia-32-trieu-thang.html,luachonnhadat.vn,2026-04-17,32000000,100,NA,NA
"Cho thuê biệt thự khu Tên Lửa, MT đường Số 3A, DT 20 x 20m, 3 tấm, giá 110 triệu/tháng",110 Triệu/tháng,400 m²,"Bình Tân, Hồ Chí Minh",Bình Tân,Biệt thự,thue,https://luachonnhadat.vn/nha-dat/cho-thue-biet-thu-khu-ten-lua-mt-duong-so-3a-dt-20-x-20m-3-tam-gia-110-trieu-thang.html,luachonnhadat.vn,2026-04-17,110000000,400,NA,NA
"Cho thuê nhà khu Tên Lửa, MT đường Tên Lửa, DT 4 x 20m, 3.5 tấm, giá 30 triệu/tháng.",30 Triệu/tháng,80 m²,"Bình Tân, Hồ Chí Minh",Bình Tân,Nhà phố,thue,https://luachonnhadat.vn/nha-dat/cho-thue-nha-khu-ten-lua-mt-duong-ten-lua-dt-4-x-20m-3-5-tam-gia-30-trieu-thang-.html,luachonnhadat.vn,2026-04-16,30000000,80,NA,NA
"Cho thuê nhà MT đường Lê Văn Quới, P. Bình Trị Đông A, DT 5 x 20m, 1 lầu, giá 20 triệu/tháng",20 Triệu/tháng,100 m²,"Bình Tân, Hồ Chí Minh",Bình Tân,Nhà phố,thue,https://luachonnhadat.vn/nha-dat/cho-thue-nha-mt-duong-le-van-quoi-p-binh-tri-dong-a-dt-5-x-20m-1-lau-gia-20-trieu-thang.html,luachonnhadat.vn,2026-04-14,20000000,100,NA,NA
"Cho thuê nhà MT đường Lê Cơ, P. An Lạc, DT 9 x 20m, 4 tấm, giá 70 triệu/tháng",70 Triệu/tháng,180 m²,"Bình Tân, Hồ Chí Minh",Bình Tân,Nhà phố,thue,https://luachonnhadat.vn/nha-dat/cho-thue-nha-mt-duong-le-co-p-an-lac-dt-9-x-20m-4-tam-gia-70-trieu-thang.html,luachonnhadat.vn,2026-04-14,70000000,180,NA,NA
"Cho thuê nhà hẻm 36 Kinh Dương Vương, P.13, Q.6, DT 4 x 20m, 4 tấm, giá 30 triệu/tháng",30 Triệu/tháng,80 m²,"Quận 6, Hồ Chí Minh",Quận 6,Nhà phố,thue,https://luachonnhadat.vn/nha-dat/cho-thue-nha-hem-36-kinh-duong-vuong-p-13-q-6-dt-4-x-20m-4-tam-gia-30-trieu-thang.html,luachonnhadat.vn,2026-04-13,30000000,80,NA,NA
"Cho thuê mặt bằng góc 2MT hẻm 574 Kinh Dương Vương, DT 9 x 16m, giá 25 triệu/tháng",25 Triệu/tháng,144 m²,"Bình Tân, Hồ Chí Minh",Bình Tân,Mặt bằng,thue,https://luachonnhadat.vn/nha-dat/cho-thue-mat-bang-goc-2mt-hem-574-kinh-duong-vuong-dt-9-x-16m-gia-25-trieu-thang.html,luachonnhadat.vn,2026-04-13,25000000,144,NA,NA
"Cho thuê nhà MT đường Kinh Dương Vương, P. An Lạc, DT 6 x 17m, 3 tấm, giá 45 triệu/tháng",45 Triệu/tháng,102 m²,"Bình Tân, Hồ Chí Minh",Bình Tân,Nhà phố,thue,https://luachonnhadat.vn/nha-dat/cho-thue-nha-mt-duong-kinh-duong-vuong-p-an-lac-dt-6-x-17m-3-tam-gia-45-trieu-thang.html,luachonnhadat.vn,2026-04-13,45000000,102,NA,NA
"Cho thuê nhà khu Tên Lửa, góc 2MT đường số 14, DT 4 x 15m, 4.5 tấm, giá 26 triệu/tháng",26 Triệu/tháng,60 m²,"Bình Tân, Hồ Chí Minh",Bình Tân,Nhà phố,thue,https://luachonnhadat.vn/nha-dat/cho-thue-nha-khu-ten-lua-goc-2mt-duong-so-14-dt-4-x-15m-4-5-tam-gia-26-trieu-thang.html,luachonnhadat.vn,2026-04-13,26000000,60,NA,NA
"Cho thuê nhà khu Tên Lửa gần Aeon, MT đường Số 7A, DT 5 x 20m, 4 tấm, giá 32 triệu/tháng",32 Triệu/tháng,100 m²,"Bình Tân, Hồ Chí Minh",Bình Tân,Nhà phố,thue,https://luachonnhadat.vn/nha-dat/cho-thue-nha-khu-ten-lua-gan-aeon-mt-duong-so-7a-dt-5-x-20m-4-tam-gia-32-trieu-thang.html,luachonnhadat.vn,2026-04-10,32000000,100,NA,NA
"Cho thuê nhà khu Tên Lửa, MT đường Vành Đai Trong, DT 6 x 20m, 3.5 tấm, giá 86 triệu/tháng.",86 Triệu/tháng,120 m²,"Bình Tân, Hồ Chí Minh",Bình Tân,Nhà phố,thue,https://luachonnhadat.vn/nha-dat/cho-thue-nha-khu-ten-lua-mt-duong-vanh-dai-trong-dt-6-x-20m-3-5-tam-gia-86-trieu-thang-.html,luachonnhadat.vn,2026-04-10,86000000,120,NA,NA
"Cho thuê nhà khu Tên Lửa, MT đường Vành Đai Trong, DT 8 x 25m, cấp 4, giá 35 triệu/tháng.",35 Triệu/tháng,200 m²,"Bình Tân, Hồ Chí Minh",Bình Tân,Nhà phố,thue,https://luachonnhadat.vn/nha-dat/cho-thue-nha-khu-ten-lua-mt-duong-vanh-dai-trong-dt-8-x-25m-cap-4-gia-35-trieu-thang-.html,luachonnhadat.vn,2026-04-09,35000000,200,NA,NA
"Cho thuê nhà MT đường Trần Thanh Mại, P. Tân Tạo A, 4 x 22m, 1 lầu, giá 16 triệu/tháng",16 Triệu/tháng,88 m²,"Bình Tân, Hồ Chí Minh",Bình Tân,Nhà phố,thue,https://luachonnhadat.vn/nha-dat/cho-thue-nha-mt-duong-tran-thanh-mai-p-tan-tao-a-4-x-22m-1-lau-gia-16-trieu-thang.html,luachonnhadat.vn,2026-04-09,16000000,88,NA,NA
"Cho thuê cặp nhà khu Tên Lửa, MT đường Số 4A, DT 8 x 20m, 3.5 tấm, giá 80 triệu/tháng",80 Triệu/tháng,160 m²,"Bình Tân, Hồ Chí Minh",Bình Tân,Nhà phố,thue,https://luachonnhadat.vn/nha-dat/cho-thue-cap-nha-khu-ten-lua-mt-duong-so-4a-dt-8-x-20m-3-5-tam-gia-80-trieu-thang.html,luachonnhadat.vn,2026-04-07,80000000,160,NA,NA
"Cho thuê nhà khu Tên Lửa, MT đường Số 24A, DT 4 x 18m, 2.5 tấm, giá 23 triệu/tháng.",23 Triệu/tháng,72 m²,"Bình Tân, Hồ Chí Minh",Bình Tân,Nhà phố,thue,https://luachonnhadat.vn/nha-dat/cho-thue-nha-khu-ten-lua-mt-duong-so-24a-dt-4-x-18m-2-5-tam-gia-23-trieu-thang-.html,luachonnhadat.vn,2026-04-07,23000000,72,NA,NA
"Cho thuê nhà góc 2MT hẻm 46 Liên Khu 16 -18, P. Bình Trị Đông, 6 x 20m, 6 tấm, giá 55 triệu/tháng",55 Triệu/tháng,120 m²,"Bình Tân, Hồ Chí Minh",Bình Tân,Nhà phố,thue,https://luachonnhadat.vn/nha-dat/cho-thue-nha-goc-2mt-hem-46-lien-khu-16-18-p-binh-tri-dong-6-x-20m-6-tam-gia-55-trieu-thang.html,luachonnhadat.vn,2026-04-06,55000000,120,NA,NA
"Cho thuê nhà khu Tên Lửa, MT đường Tên Lửa, 4.5 x 20m, 3.5 tấm, giá 40 triệu/tháng.",40 Triệu/tháng,90 m²,"Bình Tân, Hồ Chí Minh",Bình Tân,Nhà phố,thue,https://luachonnhadat.vn/nha-dat/cho-thue-nha-khu-ten-lua-mt-duong-ten-lua-4-5-x-20m-3-5-tam-gia-40-trieu-thang-.html,luachonnhadat.vn,2026-04-04,40000000,90,NA,NA
"Cho thuê nhà khu Tên Lửa, MT đường Số 3, DT 4 x 20m, 3.5 tấm, giá 18 triệu/tháng.",18 Triệu/tháng,80 m²,"Bình Tân, Hồ Chí Minh",Bình Tân,Nhà phố,thue,https://luachonnhadat.vn/nha-dat/cho-thue-nha-khu-ten-lua-mt-duong-so-3-dt-4-x-20m-3-5-tam-gia-18-trieu-thang-.html,luachonnhadat.vn,2026-04-04,18000000,80,NA,NA
"Cho thuê nhà MT đường Hậu Giang, P.19, Q.6, DT 5.4 x 33m, 3.5 tấm, giá 125 triệu/tháng.",125 Triệu/tháng,178 m²,"Quận 6, Hồ Chí Minh",Quận 6,Nhà phố,thue,https://luachonnhadat.vn/nha-dat/cho-thue-nha-mt-duong-hau-giang-p-19-q-6-dt-5-4-x-33m-3-5-tam-gia-125-trieu-thang-.html,luachonnhadat.vn,2026-04-03,125000000,178,NA,NA
"Cho thuê nhà MT đường Tân Kỳ Tân Quý, P. Bình Hưng Hòa A, DT 10 x 32m, cấp 4, giá 45 triệu/tháng",45 Triệu/tháng,320 m²,"Bình Tân, Hồ Chí Minh",Bình Tân,Nhà phố,thue,https://luachonnhadat.vn/nha-dat/cho-thue-nha-mt-duong-tan-ky-tan-quy-p-binh-hung-hoa-a-dt-10-x-32m-cap-4-gia-45-trieu-thang.html,luachonnhadat.vn,2026-04-02,45000000,320,NA,NA
"Cho thuê nhà góc 2MT đường Số 55, P. Tân Tạo, DT 5 x 16m, 2.5 tấm, 25 triệu/tháng.",25 Triệu/tháng,80 m²,"Bình Tân, Hồ Chí Minh",Bình Tân,Nhà phố,thue,https://luachonnhadat.vn/nha-dat/cho-thue-nha-goc-2mt-duong-so-55-p-tan-tao-dt-5-x-16m-2-5-tam-25-trieu-thang-.html,luachonnhadat.vn,2026-04-01,25000000,80,NA,NA
"Cho thuê nhà khu Tên Lửa, góc 2MT đường số 12, DT 4 x 13m, 3.5 tấm, giá 22 triệu/tháng",22 Triệu/tháng,52 m²,"Bình Tân, Hồ Chí Minh",Bình Tân,Nhà phố,thue,https://luachonnhadat.vn/nha-dat/cho-thue-nha-khu-ten-lua-goc-2mt-duong-so-12-dt-4-x-13m-3-5-tam-gia-22-trieu-thang.html,luachonnhadat.vn,2026-04-01,22000000,52,NA,NA
"Cho thuê nhà hẻm 270 Lê Đình Cẩn, P. Tân Tạo, 4.2 x 18m, 1 lầu, giá 12 triệu/tháng",12 Triệu/tháng,75 m²,"Bình Tân, Hồ Chí Minh",Bình Tân,Nhà phố,thue,https://luachonnhadat.vn/nha-dat/cho-thue-nha-hem-270-le-dinh-can-p-tan-tao-4-2-x-18m-1-lau-gia-12-trieu-thang.html,luachonnhadat.vn,2026-03-30,12000000,75,NA,NA
"Cho thuê nhà góc 2MT đường Số 55, P. Tân Tạo, DT 10 x 16m, 3.5 tấm, giá 80 triệu/tháng",80 Triệu/tháng,160 m²,"Bình Tân, Hồ Chí Minh",Bình Tân,Nhà phố,thue,https://luachonnhadat.vn/nha-dat/cho-thue-nha-goc-2mt-duong-so-55-p-tan-tao-dt-10-x-16m-3-5-tam-gia-80-trieu-thang.html,luachonnhadat.vn,2026-03-30,80000000,160,NA,NA
"Cho thuê nhà khu Tên Lửa đối diện Aeon, MT đường Số 17A, DT 5 x 20m, 3.5 tấm, giá 50 triệu/tháng.",50 Triệu/tháng,100 m²,"Bình Tân, Hồ Chí Minh",Bình Tân,Nhà phố,thue,https://luachonnhadat.vn/nha-dat/cho-thue-nha-khu-ten-lua-doi-dien-aeon-mt-duong-so-17a-dt-5-x-20m-3-5-tam-gia-50-trieu-thang-.html,luachonnhadat.vn,2026-03-30,50000000,100,NA,NA
"Cho thuê nhà khu Bình Phú, MT đường Số 23, DT 4 x 18m, 3.5 tấm, giá 30 triệu/tháng",30 Triệu/tháng,72 m²,"Quận 6, Hồ Chí Minh",Quận 6,Nhà phố,thue,https://luachonnhadat.vn/nha-dat/cho-thue-nha-khu-binh-phu-mt-duong-so-23-dt-4-x-18m-3-5-tam-gia-30-trieu-thang.html,luachonnhadat.vn,2026-03-30,30000000,72,NA,NA
"Cho thuê nhà khu Bình Phú, MT đường Số 18, DT 4 x 20m, 3.5 tấm, giá 15 triệu/tháng.",15 Triệu/tháng,80 m²,"Quận 6, Hồ Chí Minh",Quận 6,Nhà phố,thue,https://luachonnhadat.vn/nha-dat/cho-thue-nha-khu-binh-phu-mt-duong-so-18-dt-4-x-20m-3-5-tam-gia-15-trieu-thang-.html,luachonnhadat.vn,2026-03-27,15000000,80,NA,NA
"Cho thuê nhà MT đường Mã Lò, P. Bình Trị Đông A, 5 x 30m, cấp 4, giá 16.9 triệu/tháng",16.9 Triệu/tháng,150 m²,"Bình Tân, Hồ Chí Minh",Bình Tân,Nhà phố,thue,https://luachonnhadat.vn/nha-dat/cho-thue-nha-mt-duong-ma-lo-p-binh-tri-dong-a-5-x-30m-cap-4-gia-16-9-trieu-thang.html,luachonnhadat.vn,2026-03-27,16900000,150,NA,NA
"Cho thuê nhà xưởng MT đường Số 8, P. Tân Tạo A, 20 x 20m, cấp 4, giá 60 triệu/tháng.",60 Triệu/tháng,400 m²,"Bình Tân, Hồ Chí Minh",Bình Tân,Nhà xưởng,thue,https://luachonnhadat.vn/nha-dat/cho-thue-nha-xuong-mt-duong-so-8-p-tan-tao-a-20-x-20m-cap-4-gia-60-trieu-thang-.html,luachonnhadat.vn,2026-03-27,60000000,400,NA,NA
GÓC 2 MẶT ĐƯỜNG – HẺM XE HƠI 574 KINH DƯƠNG VƯƠNG – NGANG 7.5M CỰC ĐẸP – GIÁ CHỈ 5.9 TỶ.,5.9 Tỷ/căn,75 m²,"Bình Tân, Hồ Chí Minh",Bình Tân,Nhà phố,ban,https://luachonnhadat.vn/nha-dat/goc-2-mat-duong-hem-xe-hoi-574-kinh-duong-vuong-ngang-7-5m-cuc-dep-gia-chi-5-9-ty-.html,luachonnhadat.vn,2026-05-31,5900000000,75,NA,NA
"✅ BÁN NHÀ MT ĐƯỜNG SỐ 29, DT 4 X 20M, 3.5 TẤM, 12 TỶ. KD ĐÔNG ĐÚC",12 Tỷ/căn,80 m²,"Bình Tân, Hồ Chí Minh",Bình Tân,Nhà phố,ban,https://luachonnhadat.vn/nha-dat/ban-nha-khu-ten-lua-mt-duong-ten-lua-nho-dt-4-x-20m-3-5-tam-gia-15-ty.html,luachonnhadat.vn,2026-06-02,12000000000,80,NA,NA
NHÀ PHỐ ĐƯỜNG SỐ 3 - NGAY SÁT AEON MALL BÌNH TÂN - GIÁ ĐẦU TƯ 13.8 TỶ,13.8 Tỷ/căn,100 m²,"Bình Tân, Hồ Chí Minh",Bình Tân,Nhà phố,ban,https://luachonnhadat.vn/nha-dat/nha-pho-duong-so-3-ngay-sat-aeon-mall-binh-tan-gia-dau-tu-13-8-ty.html,luachonnhadat.vn,2026-06-01,13800000000,100,NA,NA
✴️ BÁN NHÀ GÓC 2 MẶT TIỀN CƯ XÁ PHÚ LÂM A - QUẬN 6 - GIÁ CHỈ 10.5 TỶ | CẠNH TRƯỜNG LAM SƠN,10.5 Tỷ/căn,75 m²,"Quận 6, Hồ Chí Minh",Quận 6,Nhà phố,ban,https://luachonnhadat.vn/nha-dat/-ban-nha-goc-2-mat-tien-cu-xa-phu-lam-a-quan-6-gia-chi-10-5-ty-canh-truong-lam-son.html,luachonnhadat.vn,2026-05-27,10500000000,75,NA,NA
"❖ MẶT TIỀN LÔ H CƯ XÁ PHÚ LÂM B QUẬN 6 | DT 4 x 18M, CẤP 4, TIỆN XÂY MỚI | GIÁ CHỈ 8 TỶ",8 Tỷ/căn,72 m²,"Quận 6, Hồ Chí Minh",Quận 6,Nhà phố,ban,https://luachonnhadat.vn/nha-dat/-mat-tien-lo-h-cu-xa-phu-lam-b-quan-6-dt-4-x-19m-cap-4-tien-xay-moi-gia-chi-8-ty.html,luachonnhadat.vn,2026-05-26,8000000000,72,NA,NA
"✅ BÁN NHÀ KHU AO SEN TÊN LỬA, MT ĐƯỜNG SỐ 13, DT 10 X 20M, 4.5 TẤM, 33.5 TỶ | NHÀ CÓ HẦM + THANG MÁY",33.5 Tỷ/căn,200 m²,"Bình Tân, Hồ Chí Minh",Bình Tân,Nhà phố,ban,https://luachonnhadat.vn/nha-dat/-ban-nha-khu-ao-sen-ten-lua-mt-duong-so-13-dt-10-x-20m-4-5-tam-33-5-ty-co-thang-may-.html,luachonnhadat.vn,2026-05-25,33500000000,200,NA,NA
"✅ ĐẤT RẼ NHẤT KHU TÊN LỬA, CHƯA ĐẾN 100 TRIỆU/M2 | MT ĐƯỜNG SỐ 1B, 5 X 24M, 12.2 TỶ | CẠNH CÔNG VIÊN",12.2 Tỷ/nền,120 m²,"Bình Tân, Hồ Chí Minh",Bình Tân,Đất,ban,https://luachonnhadat.vn/nha-dat/-dat-re-nhat-khu-ten-lua-chua-den-100-trieu-m2-mt-duong-so-1b-5-x-24m-12-2-ty-canh-cong-vien.html,luachonnhadat.vn,2026-05-25,12200000000,120,NA,NA
"✅ BÁN NHÀ CHÍNH CHỦ | MT KINH DOANH KHU TÊN LỬA, ĐƯỜNG SỐ 24A, 4.5 X 20M, 3.5 TẤM, 13.3 TỶ.",13.3 Tỷ/căn,90 m²,"Bình Tân, Hồ Chí Minh",Bình Tân,Nhà phố,ban,https://luachonnhadat.vn/nha-dat/-ban-nha-chinh-chu-mt-kinh-doanh-khu-ten-lua-duong-so-24a-4-5-x-20m-3-5-tam-13-3-ty-.html,luachonnhadat.vn,2026-05-24,13300000000,90,NA,NA
"✅ KHU BIỆT THỰ VIP RIÊNG BIỆT TÊN LỬA, MT ĐƯỜNG SỐ 19A, 10 X 19M, 3 TẤM, 21.5 TỶ",21.5 Tỷ/căn,190 m²,"Bình Tân, Hồ Chí Minh",Bình Tân,Biệt thự,ban,https://luachonnhadat.vn/nha-dat/ban-biet-thu-khu-ten-lua-mt-duong-so-19a-dt-10-x-19m-3-tam-gia-21-5-ty-.html,luachonnhadat.vn,2026-05-24,21500000000,190,NA,NA
"✅ BÁN ĐẤT GẦN AEON MALL | KHU AO SEN TÊN LỬA, MT ĐƯỜNG SỐ 13, DT 5 X 20M, 14.2 TỶ.",14.2 Tỷ/nền,100 m²,"Bình Tân, Hồ Chí Minh",Bình Tân,Đất,ban,https://luachonnhadat.vn/nha-dat/-ban-dat-gan-aeon-mall-khu-ao-sen-ten-lua-mt-duong-so-13-dt-5-x-20m-14-2-ty-.html,luachonnhadat.vn,2026-05-24,14200000000,100,NA,NA
"✅ BÁN NHÀ KHU TÊN LỬA, MT ĐƯỜNG SỐ 25A | 4 X 20M, 3.5 TẤM, 10.8 TỶ | NHÀ MỚI GẦN AEON MALL",10.8 Tỷ/căn,84 m²,"Bình Tân, Hồ Chí Minh",Bình Tân,Nhà phố,ban,https://luachonnhadat.vn/nha-dat/-ban-nha-khu-ten-lua-mt-duong-so-25a-4-x-20m-3-5-tam-10-8-ty-nha-moi-gan-aeon-mall.html,luachonnhadat.vn,2026-05-21,10800000000,84,NA,NA
"✅ VỊ TRÍ KINH DOANH - MẶT TIỀN TRƯƠNG PHƯỚC PHAN - ĐỐI DIỆN CHỢ, 4 X 28M, CẤP 4, GIÁ 9.8 TỶ",9.8 Tỷ/căn,112 m²,"Bình Tân, Hồ Chí Minh",Bình Tân,Nhà phố,ban,https://luachonnhadat.vn/nha-dat/-vi-tri-kinh-doanh-mat-tien-truong-phuoc-phan-doi-dien-cho-4-x-28m-cap-4-gia-9-8-ty.html,luachonnhadat.vn,2026-05-21,9800000000,112,NA,NA
"✅ BÁN NHÀ CHÍNH CHỦ, MỚI GÓC 2 MẶT HẺM 59/49 MÃ LÒ, BÌNH TRỊ ĐÔNG A – GIÁ 3.7 TỶ",3.7 Tỷ/căn,33 m²,"Bình Tân, Hồ Chí Minh",Bình Tân,Nhà phố,ban,https://luachonnhadat.vn/nha-dat/-ban-nha-chinh-chu-moi-goc-2-mat-hem-59-49-ma-lo-binh-tri-dong-a-gia-3-7-ty.html,luachonnhadat.vn,2026-05-20,3700000000,33,NA,NA
"✔ BÁN NHÀ KHU BÌNH PHÚ, GÓC 2 MẶT TIỀN ĐƯỜNG, 6.8 TỶ | GẦN SIÊU THỊ MEGA",6.8 Tỷ/căn,38 m²,"Quận 6, Hồ Chí Minh",Quận 6,Nhà phố,ban,https://luachonnhadat.vn/nha-dat/-ban-nha-khu-binh-phu-goc-2-mat-tien-duong-6-8-ty-gan-sieu-thi-mega.html,luachonnhadat.vn,2026-05-20,6800000000,38,NA,NA
"✅ BÁN ĐẤT CHÍNH CHỦ KHU TÊN LỬA | MT ĐƯỜNG SỐ 4C, DT 4 X 21M, 9.2 TỶ | NGAY CÔNG VIÊN.",9.2 Tỷ/nền,84 m²,"Bình Tân, Hồ Chí Minh",Bình Tân,Đất,ban,https://luachonnhadat.vn/nha-dat/-ban-dat-chinh-chu-khu-ten-lua-mt-duong-so-4c-dt-4-x-21m-9-2-ty-ngay-cong-vien-.html,luachonnhadat.vn,2026-05-19,9200000000,84,NA,NA
✅ VỊ TRÍ KINH DOANH - MẶT TIỀN ĐƯỜNG SỐ 6E TÊN LỬA - SÁT CHỢ CHỈ 20M - 8.3 TỶ,8.3 Tỷ/căn,72 m²,"Bình Tân, Hồ Chí Minh",Bình Tân,Nhà phố,ban,https://luachonnhadat.vn/nha-dat/-vi-tri-kinh-doanh-mat-tien-duong-so-6e-ten-lua-sat-cho-chi-20m-8-3-ty.html,luachonnhadat.vn,2026-05-19,8300000000.000001,72,NA,NA
"✅ BÁN NHÀ CHÍNH CHỦ Q. BÌNH TÂN | MT ĐƯỜNG SỐ 4, P. TÂN TẠO A, 5 X 20M, 2 TẤM, 5.5 TỶ.",5.5 Tỷ/căn,100 m²,"Bình Tân, Hồ Chí Minh",Bình Tân,Nhà phố,ban,https://luachonnhadat.vn/nha-dat/-ban-nha-chinh-chu-q-binh-tan-mt-duong-so-4-p-tan-tao-a-5-x-20m-2-tam-5-5-ty-.html,luachonnhadat.vn,2026-05-17,5500000000,100,NA,NA
"BÁN NHÀ MT KINH DOANH NGAY CHỢ | MT NGUYỄN THỨC TỰ, 3.9 X 23M (NH 4M), 3 TẤM, 11.5 TỶ.",11.5 Tỷ/căn,89 m²,"Bình Tân, Hồ Chí Minh",Bình Tân,Nhà phố,ban,https://luachonnhadat.vn/nha-dat/ban-nha-mt-kinh-doanh-ngay-cho-mt-nguyen-thuc-tu-3-9-x-23m-nh-4m-3-tam-11-5-ty-.html,luachonnhadat.vn,2026-05-06,11500000000,89,NA,NA
"BÁN NHÀ MẶT TIỀN ĐƯỜNG SỐ 53C, P. TÂN TẠO – LIỀN KỀ KHU TÊN LỬA",7.5 Tỷ/căn,80 m²,"Bình Tân, Hồ Chí Minh",Bình Tân,Nhà phố,ban,https://luachonnhadat.vn/nha-dat/ban-nha-mat-tien-duong-so-53c-p-tan-tao-lien-ke-khu-ten-lua.html,luachonnhadat.vn,2026-03-22,7500000000,80,NA,NA
"Bán nhà hẻm 541 Tỉnh Lộ 10, P. Bình Trị Đông B, 4 x 16m, 3.5 tấm, giá 6 tỷ",6 Tỷ/căn,64 m²,"Bình Tân, Hồ Chí Minh",Bình Tân,Nhà phố,ban,https://luachonnhadat.vn/nha-dat/ban-nha-hem-541-tinh-lo-10-p-binh-tri-dong-b-4-x-16m-3-5-tam-gia-6-ty.html,luachonnhadat.vn,2026-06-02,6000000000,64,NA,NA
"NHÀ GÓC 2 MT KHU TÊN LỬA, MT ĐƯỜNG SỐ 38, DT 5 X 15M, 1 LỮNG, 9.9 TỶ.",9.9 Tỷ/căn,75 m²,"Bình Tân, Hồ Chí Minh",Bình Tân,Nhà phố,ban,https://luachonnhadat.vn/nha-dat/nha-goc-2-mt-khu-ten-lua-mt-duong-so-38-dt-5-x-15m-1-lung-9-9-ty-.html,luachonnhadat.vn,2026-06-02,9900000000,75,NA,NA
"BÁN NHÀ GÓC VIP 2 MẶT TIỀN ĐƯỜNG CHỢ LỚN, QUẬN 6, DT 7 X 18M, 3.5 TẤM, 19.3 TỶ.",19.5 Tỷ/căn,126 m²,"Quận 6, Hồ Chí Minh",Quận 6,Nhà phố,ban,https://luachonnhadat.vn/nha-dat/ban-nha-khu-binh-phu-goc-2mt-duong-cho-lon-dt-7-x-18m-3-5-tam-gia-21-ty.html,luachonnhadat.vn,2026-06-02,19500000000,126,NA,NA
"Bán nhà khu Tên Lửa, MT đường Số 19, DT 9 x 20m, 5 tấm, giá 37 tỷ.",37 Tỷ/căn,180 m²,"Bình Tân, Hồ Chí Minh",Bình Tân,Nhà phố,ban,https://luachonnhadat.vn/nha-dat/ban-nha-khu-ten-lua-mt-duong-so-19-dt-9-x-20m-5-tam-gia-37-ty-.html,luachonnhadat.vn,2026-06-02,37000000000,180,NA,NA
"Bán đất hẻm 80 đường Số 6, P. An Lạc A, 4 x 22m, giá 6.5 tỷ",6.5 Tỷ/nền,88 m²,"Bình Tân, Hồ Chí Minh",Bình Tân,Đất,ban,https://luachonnhadat.vn/nha-dat/ban-dat-hem-80-duong-so-6-p-an-lac-a-4-x-22m-gia-6-1-ty.html,luachonnhadat.vn,2026-06-02,6500000000,88,NA,NA
"Bán nhà khu Bình Phú 2, MT đường Số 43, DT 3 x 10m, 3.5 tấm, giá 6.3 tỷ.",6.3 Tỷ/căn,30 m²,"Quận 6, Hồ Chí Minh",Quận 6,Nhà phố,ban,https://luachonnhadat.vn/nha-dat/ban-nha-mt-duong-so-43-p-10-q-6-nha-3-5-tam-3-x-10m-gia-4-8-ty-khu-binh-phu-2.html,luachonnhadat.vn,2026-06-02,6300000000,30,NA,NA
"Bán biệt thự MT đường An Dương Vương, P. An Lạc, DT 11 x 64m, NH 17.5m, 3 tấm, giá 115 tỷ",115 Tỷ/căn,704 m²,"Bình Tân, Hồ Chí Minh",Bình Tân,Biệt thự,ban,https://luachonnhadat.vn/nha-dat/ban-biet-thu-mt-duong-an-duong-vuong-p-an-lac-dt-11-x-64m-nh-17-5m-3-tam-gia-115-ty.html,luachonnhadat.vn,2026-06-02,115000000000,704,NA,NA
"Bán nhà khu Tên Lửa gần Aeon Mall, MT đường Số 28, DT 5 x 20m, 3.5 tấm, giá 15.5 tỷ.",15.5 Tỷ/căn,100 m²,"Bình Tân, Hồ Chí Minh",Bình Tân,Nhà phố,ban,https://luachonnhadat.vn/nha-dat/ban-nha-khu-ten-lua-gan-aeon-mall-mt-duong-so-28-dt-5-x-20m-3-5-tam-gia-15-5-ty-.html,luachonnhadat.vn,2026-06-02,15500000000,100,NA,NA
"Bán nhà khu Bình Phú, MT đường Chợ Lớn, DT 4.27 x 17.23m, NH 12.25m, 5 tấm, giá 24 tỷ",24 Tỷ/căn,73 m²,"Quận 6, Hồ Chí Minh",Quận 6,Nhà phố,ban,https://luachonnhadat.vn/nha-dat/ban-nha-khu-binh-phu-mt-duong-cho-lon-dt-4-27-x-17-23m-nh-12-25m-5-tam-gia-27-ty.html,luachonnhadat.vn,2026-06-02,24000000000,73,NA,NA
"Bán nhà hẻm 256 Mã Lò, P. Bình Trị Đông A, 5 x 25m, 4 tấm, giá 10.8 tỷ",10.8 Tỷ/căn,125 m²,"Bình Tân, Hồ Chí Minh",Bình Tân,Nhà phố,ban,https://luachonnhadat.vn/nha-dat/ban-nha-hem-256-ma-lo-p-binh-tri-dong-a-5-x-25m-4-tam-gia-11-15-ty.html,luachonnhadat.vn,2026-06-02,10800000000,125,NA,NA
"Bán nhà hẻm 267 Lê Đình Cẩn, P. Tân Tạo, DT 4 x 14m, 3.5 tấm, giá 6.3 tỷ",6.3 Tỷ/căn,56 m²,"Bình Tân, Hồ Chí Minh",Bình Tân,Nhà phố,ban,https://luachonnhadat.vn/nha-dat/ban-nha-hem-267-le-dinh-can-p-tan-tao-dt-4-x-14m-3-5-tam-gia-5-4-ty.html,luachonnhadat.vn,2026-06-02,6300000000,56,NA,NA
"Bán nhà góc 2MT đường Nguyễn Cửu Phú, P. Tân Tạo A, 4 x 20m, 4 tấm, giá 11 tỷ",11 Tỷ/căn,80 m²,"Bình Tân, Hồ Chí Minh",Bình Tân,Nhà phố,ban,https://luachonnhadat.vn/nha-dat/ban-nha-mt-duong-nguyen-cuu-phu-p-tan-tao-a-8-x-20m-4-tam-gia-21-ty.html,luachonnhadat.vn,2026-06-02,11000000000,80,NA,NA
"Bán nhà hẻm 168 Bình Trị Đông, P. Bình Trị Đông, DT 4 x 14m, 4 tấm, giá 6.9 tỷ",6.9 Tỷ/căn,56 m²,"Bình Tân, Hồ Chí Minh",Bình Tân,Nhà phố,ban,https://luachonnhadat.vn/nha-dat/ban-nha-hem-168-binh-tri-dong-p-binh-tri-dong-dt-4-x-14m-4-tam-gia-6-9-ty.html,luachonnhadat.vn,2026-06-02,6900000000,56,NA,NA
"Bán đất hẻm 243 Mã Lò, P. Bình Trị Đông A, 3.84 x 19m, giá 4.4 tỷ",4.4 Tỷ/nền,72 m²,"Bình Tân, Hồ Chí Minh",Bình Tân,Đất,ban,https://luachonnhadat.vn/nha-dat/ban-dat-hem-243-ma-lo-p-binh-tri-dong-a-3-84-x-19m-gia-4-4-ty.html,luachonnhadat.vn,2026-06-02,4400000000,72,NA,NA
"Bán nhà hẻm 700 Tỉnh Lộ 10, P. Bình Trị Đông, 4.5 x 12m, 3.5 tấm, giá 7.3 tỷ",7.3 Tỷ/căn,54 m²,"Bình Tân, Hồ Chí Minh",Bình Tân,Nhà phố,ban,https://luachonnhadat.vn/nha-dat/ban-nha-hem-700-tinh-lo-10-p-binh-tri-dong-4-5-x-12m-3-5-tam-gia-7-3-ty.html,luachonnhadat.vn,2026-06-02,7300000000,54,NA,NA
"Bán đất khu Tên Lửa, MT đường Số 39, DT 4.5 x 22.2m, giá 10.5 tỷ",10.5 Tỷ/nền,100 m²,"Bình Tân, Hồ Chí Minh",Bình Tân,Đất,ban,https://luachonnhadat.vn/nha-dat/ban-dat-khu-ten-lua-mt-duong-so-39-dt-4-5-x-22-2m-gia-10-5-ty.html,luachonnhadat.vn,2026-06-01,10500000000,100,NA,NA
"Bán nhà hẻm 48 Lê Ngã, P. Phú Trung, DT 3.3 x 3.6m, 3 tấm, giá 1.59 tỷ",1.59 Tỷ/căn,11 m²,"Tân Phú, Hồ Chí Minh",Tân Phú,Nhà phố,ban,https://luachonnhadat.vn/nha-dat/ban-nha-hem-48-le-nga-p-phu-trung-dt-3-3-x-3-6m-3-tam-gia-1-59-ty.html,luachonnhadat.vn,2026-06-01,1590000000,11,NA,NA
"Bán nhà MT đường Liên Khu 2-10, P. Bình Hưng Hòa A, 4 x 13m, cấp 4, giá 4.25 tỷ",4.25 Tỷ/căn,52 m²,"Bình Tân, Hồ Chí Minh",Bình Tân,Nhà phố,ban,https://luachonnhadat.vn/nha-dat/ban-nha-mt-duong-lien-khu-2-10-p-binh-hung-hoa-a-4-x-13m-cap-4-gia-4-25-ty.html,luachonnhadat.vn,2026-06-01,4250000000,52,NA,NA
"Bán nhà hẻm 264 Đất Mới, P. Bình Trị Đông, 4 x 14m, 3.5 tấm, giá 6.1 tỷ",6.1 Tỷ/căn,56 m²,"Bình Tân, Hồ Chí Minh",Bình Tân,Đất,ban,https://luachonnhadat.vn/nha-dat/ban-nha-hem-264-dat-moi-p-binh-tri-dong-4-x-14m-3-5-tam-gia-6-3-ty.html,luachonnhadat.vn,2026-06-01,6100000000,56,NA,NA
"BÁN NHÀ MỚI GẦN AEON MALL | MT VƯƠNG VĂN HUỐNG 4 X 19M, 2 TẤM, 8 TỶ.",8 Tỷ/căn,76 m²,"Bình Tân, Hồ Chí Minh",Bình Tân,Nhà phố,ban,https://luachonnhadat.vn/nha-dat/ban-nha-moi-gan-aeon-mall-mt-vuong-van-huong-4-x-19m-2-tam-8-ty-.html,luachonnhadat.vn,2026-06-01,8000000000,76,NA,NA
"Bán đất hẻm 360 Tân Hoà Đông, P. Bình Trị Đông, DT 4 x 14m, giá 4.65 tỷ",4.65 Tỷ/nền,56 m²,"Bình Tân, Hồ Chí Minh",Bình Tân,Đất,ban,https://luachonnhadat.vn/nha-dat/ban-dat-hem-360-tan-hoa-dong-p-binh-tri-dong-dt-4-x-14m-gia-4-65-ty.html,luachonnhadat.vn,2026-06-01,4650000000,56,NA,NA
"Bán nhà MT lô G đường Tạ Mỹ Duật, P. An Lạc A, DT 4 x 21m, 2 tấm, giá 7.25 tỷ",7.25 Tỷ/căn,84 m²,"Bình Tân, Hồ Chí Minh",Bình Tân,Nhà phố,ban,https://luachonnhadat.vn/nha-dat/ban-nha-mt-lo-g-duong-ta-my-duat-p-an-lac-a-dt-4-x-21m-2-tam-gia-7-25-ty.html,luachonnhadat.vn,2026-06-01,7250000000,84,NA,NA
"Bán nhà khu Tên Lửa, MT đường Số 12, DT 4 x 10m, 3.5 tấm, giá 7.38 tỷ",7.38 Tỷ/căn,40 m²,"Bình Tân, Hồ Chí Minh",Bình Tân,Nhà phố,ban,https://luachonnhadat.vn/nha-dat/ban-nha-khu-ten-lua-mt-duong-so-12-dt-4-x-10m-3-5-tam-gia-7-38-ty.html,luachonnhadat.vn,2026-06-01,7380000000,40,NA,NA
"Bán nhà hẻm 351 An Dương Vương, P.10, Q.6, DT 4 x 20m, 3.5 tấm, giá 10.5 tỷ",10.5 Tỷ/căn,80 m²,"Quận 6, Hồ Chí Minh",Quận 6,Nhà phố,ban,https://luachonnhadat.vn/nha-dat/ban-nha-hem-351-an-duong-vuong-p-10-q-6-dt-4-x-20m-3-5-tam-gia-10-6-ty.html,luachonnhadat.vn,2026-06-01,10500000000,80,NA,NA
"Bán nhà khu Tên Lửa, MT đường Số 21A, DT 4 x 22.5m, 3.5 tấm, giá 10.8 tỷ. cạnh công viên",10.8 Tỷ/căn,90 m²,"Bình Tân, Hồ Chí Minh",Bình Tân,Nhà phố,ban,https://luachonnhadat.vn/nha-dat/ban-nha-khu-ten-lua-mt-duong-so-21a-dt-4-x-22-5m-3-5-tam-gia-11-ty-canh-cong-vien.html,luachonnhadat.vn,2026-06-01,10800000000,90,NA,NA
"Bán nhà khu Tên Lửa, MT đường Tên Lửa mới, DT 5 x 19m, NH 5.26m, 4.5 tấm, giá 24.9 tỷ.",24.9 Tỷ/căn,95 m²,"Bình Tân, Hồ Chí Minh",Bình Tân,Nhà phố,ban,https://luachonnhadat.vn/nha-dat/ban-nha-khu-ten-lua-mt-duong-ten-lua-moi-dt-5-x-19m-nh-5-26m-4-5-tam-gia-24-9-ty-.html,luachonnhadat.vn,2026-06-01,24900000000,95,NA,NA
"Bán nhà hẻm 130 Lê Đình Cẩn, P. Tân Tạo, 4 x 7m, 1 lầu, giá 3.55 tỷ",3.55 Tỷ/căn,28 m²,"Bình Tân, Hồ Chí Minh",Bình Tân,Nhà phố,ban,https://luachonnhadat.vn/nha-dat/ban-nha-hem-130-le-dinh-can-tan-tao-binh-tan-4-x-7m-2-tam-gia-3-05-ty.html,luachonnhadat.vn,2026-06-01,3550000000,28,NA,NA
"Bán nhà xưởng MT đường Kinh Dương Vương, P. An Lạc, 6.5 x 50m, NH 9m, cấp 4, giá 30 tỷ",30 Tỷ/căn,325 m²,"Bình Tân, Hồ Chí Minh",Bình Tân,Nhà xưởng,ban,https://luachonnhadat.vn/nha-dat/ban-nha-xuong-mt-duong-kinh-duong-vuong-p-an-lac-6-5-x-50m-nh-9m-cap-4-gia-30-ty.html,luachonnhadat.vn,2026-06-01,30000000000,325,NA,NA
"Bán đất khu ao sen Tên Lửa, MT đường Số 32, DT 5 x 20m, giá 13.5 tỷ.",13.4 Tỷ/nền,100 m²,"Bình Tân, Hồ Chí Minh",Bình Tân,Đất,ban,https://luachonnhadat.vn/nha-dat/ban-dat-khu-ao-sen-ten-lua-mt-duong-so-32-dt-5-x-20m-gia-13-5-ty-.html,luachonnhadat.vn,2026-06-01,13400000000,100,NA,NA
"BIỆT THỰ GÓC 2 MT KHU TÊN LỬA, MT ĐƯỜNG SỐ 7A, 10 X 20M, 2.5 TẤM, 30.5 TỶ | GẦN AEON MALL",30.5 Tỷ/căn,225 m²,"Bình Tân, Hồ Chí Minh",Bình Tân,Biệt thự,ban,https://luachonnhadat.vn/nha-dat/biet-thu-goc-2-mt-khu-ten-lua-mt-duong-so-7a-10-x-20m-2-5-tam-30-5-ty-gan-aeon-mall.html,luachonnhadat.vn,2026-06-01,30500000000,225,NA,NA
"Bán nhà khu Tên Lửa gần Aeon Mall, góc 2MT đường Số 13C, DT 5 x 20m, 3.5 tấm, giá 19.5 tỷ.",19.5 Tỷ/căn,100 m²,"Bình Tân, Hồ Chí Minh",Bình Tân,Nhà phố,ban,https://luachonnhadat.vn/nha-dat/ban-nha-khu-ten-lua-gan-aeon-mall-goc-2mt-duong-so-13c-dt-5-x-20m-3-5-tam-gia-14-5-ty-.html,luachonnhadat.vn,2026-06-01,19500000000,100,NA,NA
"Bán nhà khu Bình Phú, MT đường Số 43, DT 3 x 10m, 2.5 tấm, giá 4.5 tỷ",4.5 Tỷ/căn,30 m²,"Quận 6, Hồ Chí Minh",Quận 6,Nhà phố,ban,https://luachonnhadat.vn/nha-dat/ban-nha-khu-binh-phu-mt-duong-so-43-dt-3-x-10m-2-5-tam-gia-4-5-ty.html,luachonnhadat.vn,2026-06-01,4500000000,30,NA,NA
"Bán nhà hẻm 80 Miếu Bình Đông, P. Bình Hưng Hoà A, DT 4 x 8m, 3 tấm, giá 3.88 tỷ",3.88 Tỷ/căn,32 m²,"Bình Tân, Hồ Chí Minh",Bình Tân,Nhà phố,ban,https://luachonnhadat.vn/nha-dat/ban-nha-hem-80-mieu-binh-dong-p-binh-hung-hoa-a-dt-4-x-8m-3-tam-gia-3-88-ty.html,luachonnhadat.vn,2026-06-01,3880000000,32,NA,NA
"Bán biệt thự khu Tên Lửa, MT đường Số 5, DT 8 x 21m, 2.5 tấm, giá 26 tỷ.",26 Tỷ/căn,168 m²,"Bình Tân, Hồ Chí Minh",Bình Tân,Biệt thự,ban,https://luachonnhadat.vn/nha-dat/ban-biet-thu-khu-ten-lua-mt-duong-so-5-dt-8-x-21m-2-5-tam-gia-26-ty-.html,luachonnhadat.vn,2026-05-30,26000000000,168,NA,NA
"✳ BÁN NHÀ MỚI ĐẸP KHU TÊN LỬA, MT ĐƯỜNG SỐ 30, DT 4 X 20M, 3.5 TẤM, 14.8 TỶ. ĐD CÔNG VIÊN",14.8 Tỷ/căn,80 m²,"Bình Tân, Hồ Chí Minh",Bình Tân,Nhà phố,ban,https://luachonnhadat.vn/nha-dat/ban-nha-khu-ten-lua-mt-duong-so-30-dt-4-x-20m-3-5-tam-gia-14-8-ty-.html,luachonnhadat.vn,2026-05-30,14800000000,80,NA,NA
"Bán 2 căn nhà góc 2MT hẻm 879 Hương lộ 2, P. Bình Trị Đông A, 6.8 x 11m, 4 tấm, giá 6.2 tỷ",6.2 Tỷ/căn,74 m²,"Bình Tân, Hồ Chí Minh",Bình Tân,Nhà phố,ban,https://luachonnhadat.vn/nha-dat/ban-2-can-nha-goc-2mt-hem-879-huong-lo-2-p-binh-tri-dong-a-6-8-x-11m-4-tam-gia-6-2-ty.html,luachonnhadat.vn,2026-05-30,6200000000,74,NA,NA
"Bán nhà hẻm 246 Lê Văn Quới, P. Bình Hưng Hòa A, 5 x 11m, 3.5 tấm, giá 7.2 tỷ",7.2 Tỷ/căn,55 m²,"Bình Tân, Hồ Chí Minh",Bình Tân,Nhà phố,ban,https://luachonnhadat.vn/nha-dat/ban-nha-hem-246-le-van-quoi-p-binh-hung-hoa-a-5-x-11m-3-5-tam-gia-7-2-ty.html,luachonnhadat.vn,2026-05-30,7200000000,55,NA,NA
"Bán nhà góc 2MT đường Thoại Ngọc Hầu, P. Phú Thạnh, DT 7.1 x 29m, 6.5 tấm, giá 38 tỷ",38 Tỷ/căn,205 m²,"Tân Phú, Hồ Chí Minh",Tân Phú,Nhà phố,ban,https://luachonnhadat.vn/nha-dat/ban-nha-goc-2mt-duong-thoai-ngoc-hau-p-phu-thanh-dt-7-1-x-29m-6-5-tam-gia-38-ty.html,luachonnhadat.vn,2026-05-30,38000000000,205,NA,NA
"Bán nhà MT đường Lê Lâm, P. Phú Thạnh, Q. Tân Phú, 5 x 19m, cấp 4, giá 11.6 tỷ",11.6 Tỷ/căn,95 m²,"Tân Phú, Hồ Chí Minh",Tân Phú,Nhà phố,ban,https://luachonnhadat.vn/nha-dat/ban-nha-mt-duong-le-lam-p-phu-thanh-q-tan-phu-5-x-19m-cap-4-gia-11-6-ty.html,luachonnhadat.vn,2026-05-30,11600000000,95,NA,NA
"✅ MẶT TIỀN ĐƯỜNG SỐ 1B KHU TÊN LỬA - CÁCH CÔNG VIÊN CHỈ 10M | 6 x 16M, 3 TẤM, 13.5 TỶ, CÓ THANG MÁY",13.5 Tỷ/căn,99 m²,"Bình Tân, Hồ Chí Minh",Bình Tân,Nhà phố,ban,https://luachonnhadat.vn/nha-dat/mat-tien-duong-so-1b-khu-ten-lua-cach-cong-vien-chi-10m-6-x-16m-3-tam-14-ty-co-thang-may.html,luachonnhadat.vn,2026-05-29,13500000000,99,NA,NA
"✅ BÁN NHÀ HẺM 588 TỈNH LỘ 10, DT 6 X 10M 1 LẦU, 3.9 TỶ. GẦN AEON MALL TÊN LỬA",3.9 Tỷ/căn,60 m²,"Bình Tân, Hồ Chí Minh",Bình Tân,Nhà phố,ban,https://luachonnhadat.vn/nha-dat/ban-nha-hem-588-tinh-lo-10-p-binh-tri-dong-dt-6-x-10m-1-lau-gia-4-05-ty.html,luachonnhadat.vn,2026-05-29,3900000000,60,NA,NA
"Bán 2 nền đất góc 2MT hẻm 468 Tân Hoà Đông, P. Bình Trị Đông, DT 8 x 11.5m, giá từ 6 tỷ/nền",6 Tỷ/nền,92 m²,"Bình Tân, Hồ Chí Minh",Bình Tân,Đất,ban,https://luachonnhadat.vn/nha-dat/ban-2-nen-dat-goc-2mt-hem-468-tan-hoa-dong-p-binh-tri-dong-dt-8-x-11-5m-gia-tu-6-ty-nen.html,luachonnhadat.vn,2026-05-29,6000000000,92,NA,NA
"Bán nhà góc 2MT hẻm 445 Tân Hòa Đông, P. Bình Trị Đông, DT 4.1 x 15m, NH 4.4m, cấp 4, giá 6.9 tỷ",6.9 Tỷ/căn,61 m²,"Bình Tân, Hồ Chí Minh",Bình Tân,Nhà phố,ban,https://luachonnhadat.vn/nha-dat/ban-nha-goc-2mt-hem-445-tan-hoa-dong-p-binh-tri-dong-dt-4-1-x-15m-nh-4-4m-cap-4-gia-7-5-ty.html,luachonnhadat.vn,2026-05-29,6900000000,61,NA,NA
"Bán nhà hẻm 504 Kinh Dương Vương, P. Bình Trị Đông B, DT 4 x 19m, NH 4.2m, 3 tấm, giá 8.4 tỷ",8.4 Tỷ/căn,76 m²,"Bình Tân, Hồ Chí Minh",Bình Tân,Nhà phố,ban,https://luachonnhadat.vn/nha-dat/ban-nha-hem-504-kinh-duong-vuong-p-binh-tri-dong-b-dt-4-x-19m-nh-4-2m-3-tam-gia-8-4-ty.html,luachonnhadat.vn,2026-05-29,8400000000,76,NA,NA
"Bán nhà khu Tên Lửa, MT đường Số 1, DT 6 x 21m, 4.5 tấm, giá 34 tỷ.",34 Tỷ/căn,126 m²,"Bình Tân, Hồ Chí Minh",Bình Tân,Nhà phố,ban,https://luachonnhadat.vn/nha-dat/ban-nha-khu-ten-lua-mt-duong-so-1-dt-6-x-21m-4-5-tam-gia-34-ty-.html,luachonnhadat.vn,2026-05-29,34000000000,126,NA,NA
"Bán nhà hẻm 840 Hương lộ 2, P. Bình Trị Đông A, 4 x 13m, 3.5 tấm, giá 6.58 tỷ",6.58 Tỷ/căn,52 m²,"Bình Tân, Hồ Chí Minh",Bình Tân,Nhà phố,ban,https://luachonnhadat.vn/nha-dat/ban-nha-hem-840-huong-lo-2-p-binh-tri-dong-a-4-x-13m-3-5-tam-gia-6-58-ty.html,luachonnhadat.vn,2026-05-29,6580000000,52,NA,NA
"Bán đất góc 2MT hẻm 532 Kinh Dương Vương, P. Bình Trị Đông B, DT 8.3 x 15.6m, giá 19.5 tỷ",19.5 Tỷ/nền,129 m²,"Bình Tân, Hồ Chí Minh",Bình Tân,Đất,ban,https://luachonnhadat.vn/nha-dat/ban-dat-goc-2mt-hem-532-kinh-duong-vuong-p-binh-tri-dong-b-dt-8-3-x-15-6m-gia-19-9-ty.html,luachonnhadat.vn,2026-05-29,19500000000,129,NA,NA
"Bán nhà khu Tên Lửa, MT đường Số 1C, DT 4 x 16m, 2.5 tấm, giá 9.5 tỷ.",9.5 Tỷ/căn,64 m²,"Bình Tân, Hồ Chí Minh",Bình Tân,Nhà phố,ban,https://luachonnhadat.vn/nha-dat/ban-nha-mt-duong-so-1c-p-an-lac-a-4-x-16m-2-5-tam-gia-7-2-ty-khu-ten-lua.html,luachonnhadat.vn,2026-05-29,9500000000,64,NA,NA
"Bán nhà hẻm 185 Bà Hom, P.13, Q.6, DT 4 x 25m, 3 tấm, giá 8 tỷ",8 Tỷ/căn,100 m²,"Quận 6, Hồ Chí Minh",Quận 6,Nhà phố,ban,https://luachonnhadat.vn/nha-dat/ban-nha-hem-191-ba-hom-p-13-q-6-dt-4-x-25m-1-lau-gia-5-7-ty.html,luachonnhadat.vn,2026-05-29,8000000000,100,NA,NA
"Bán nhà khu Tên Lửa, MT đường Số 21, P. Bình Trị Đông B, 4.5 x 20m, 3.5 tấm, giá 13.5 tỷ.",13.5 Tỷ/căn,90 m²,"Bình Tân, Hồ Chí Minh",Bình Tân,Nhà phố,ban,https://luachonnhadat.vn/nha-dat/ban-nha-khu-ten-lua-mt-duong-so-21-p-binh-tri-dong-b-4-5-x-20m-3-5-tam-gia-13-5-ty-.html,luachonnhadat.vn,2026-05-29,13500000000,90,NA,NA
"Bán nhà 2MT Trước - Sau hẻm 67 Đình Nghi Xuân, P. Bình Trị Đông, DT 4 x 16.5m, 2 tấm, giá 4.88 tỷ",4.88 Tỷ/căn,66 m²,"Bình Tân, Hồ Chí Minh",Bình Tân,Nhà phố,ban,https://luachonnhadat.vn/nha-dat/ban-nha-2mt-truoc-sau-hem-67-dinh-nghi-xuan-p-binh-tri-dong-dt-4-x-16-5m-2-tam-gia-5-1-ty.html,luachonnhadat.vn,2026-05-28,4880000000,66,NA,NA
"Bán nhà hẻm 983 Tỉnh Lộ 10, P. Tân Tạo, DT 3.85 x 12m, 1 lầu, giá 3.88 tỷ",3.88 Tỷ/căn,46 m²,"Bình Tân, Hồ Chí Minh",Bình Tân,Nhà phố,ban,https://luachonnhadat.vn/nha-dat/ban-nha-hem-983-tinh-lo-10-p-tan-tao-dt-3-85-x-12m-1-lau-gia-3-9-ty.html,luachonnhadat.vn,2026-05-28,3880000000,46,NA,NA
"Bán nhà khu Tên Lửa, MT đường Tên Lửa, DT 4.5 x 20m, 4.5 tấm, giá 23.5 tỷ.",23.5 Tỷ/căn,90 m²,"Bình Tân, Hồ Chí Minh",Bình Tân,Nhà phố,ban,https://luachonnhadat.vn/nha-dat/ban-nha-khu-ten-lua-mt-duong-ten-lua-p-binh-tri-dong-b-4-5-x-20m-4-5-tam-gia-27-ty-1740642499.html,luachonnhadat.vn,2026-05-28,23500000000,90,NA,NA
"Bán khách sạn hẻm 158 Phan Anh, P. Tân Thới Hòa, 5 x 16m, 3.5 tấm, giá 10.5 tỷ",10.5 Tỷ/căn,80 m²,"Tân Phú, Hồ Chí Minh",Tân Phú,Khách sạn,ban,https://luachonnhadat.vn/nha-dat/ban-khach-san-hem-158-phan-anh-p-tan-thoi-hoa-5-x-16m-3-5-tam-gia-11-8-ty.html,luachonnhadat.vn,2026-05-28,10500000000,80,NA,NA
"Bán nhà hẻm 1051 Hậu Giang, P.11, Q.6, DT 10 x 13m, 2 tấm, giá 13.5 tỷ",13.5 Tỷ/căn,130 m²,"Quận 6, Hồ Chí Minh",Quận 6,Nhà phố,ban,https://luachonnhadat.vn/nha-dat/ban-nha-hem-1051-hau-giang-p-11-q-6-dt-10-x-13m-2-tam-gia-13-5-ty.html,luachonnhadat.vn,2026-05-28,13500000000,130,NA,NA
"Bán nhà khu Tên Lửa gần Aeon Mall, MT đường Số 13, DT 5 x 20m, 3.5 tấm, giá 19 tỷ.",19 Tỷ/căn,100 m²,"Bình Tân, Hồ Chí Minh",Bình Tân,Nhà phố,ban,https://luachonnhadat.vn/nha-dat/ban-nha-khu-ten-lua-gan-aeon-mall-mt-duong-so-13-dt-5-x-20m-3-5-tam-gia-19-ty-.html,luachonnhadat.vn,2026-05-28,19000000000,100,NA,NA
"Bán nhà hẻm 150 đường 26/3, P. Bình Hưng Hoà, DT 4 x 7.5m, 1 lầu, giá 6.5 tỷ",6.5 Tỷ/căn,30 m²,"Bình Tân, Hồ Chí Minh",Bình Tân,Nhà phố,ban,https://luachonnhadat.vn/nha-dat/ban-nha-hem-150-duong-26-3-p-binh-hung-hoa-dt-4-x-7-5m-1-lau-gia-6-5-ty.html,luachonnhadat.vn,2026-05-28,6500000000,30,NA,NA
"Bán nhà MT đường Số 3, P. Bình Hưng Hoà, DT 4 x 14.5m, 3.5 tấm, giá 10.8 tỷ",10.8 Tỷ/căn,58 m²,"Bình Tân, Hồ Chí Minh",Bình Tân,Nhà phố,ban,https://luachonnhadat.vn/nha-dat/ban-nha-mt-duong-so-3-p-binh-hung-hoa-dt-4-x-14-5m-3-5-tam-gia-10-8-ty.html,luachonnhadat.vn,2026-05-28,10800000000,58,NA,NA
"Bán nhà khu Tên Lửa, MT đường Tên Lửa nhỏ, DT 6.1 x 12m, cấp 4, giá 11 tỷ",11 Tỷ/căn,73 m²,"Bình Tân, Hồ Chí Minh",Bình Tân,Nhà phố,ban,https://luachonnhadat.vn/nha-dat/ban-nha-khu-ten-lua-mt-duong-ten-lua-nho-dt-6-1-x-12m-cap-4-gia-11-ty.html,luachonnhadat.vn,2026-05-28,11000000000,73,NA,NA
"Bán đất khu Tên Lửa, MT đường Số 25A, DT 4 x 20m, giá 9.15 tỷ",9.15 Tỷ/nền,80 m²,"Bình Tân, Hồ Chí Minh",Bình Tân,Đất,ban,https://luachonnhadat.vn/nha-dat/ban-dat-khu-ten-lua-mt-duong-so-25a-dt-4-x-20m-gia-9-3-ty.html,luachonnhadat.vn,2026-05-28,9150000000,80,NA,NA
"Bán nhà khu Tên Lửa, góc 2MT đường Số 11A, DT 6 x 24.5m, NH 10.7m, 3.5 tấm, giá 30 tỷ",30 Tỷ/căn,203 m²,"Bình Tân, Hồ Chí Minh",Bình Tân,Nhà phố,ban,https://luachonnhadat.vn/nha-dat/ban-nha-goc-2-mt-duong-so-11a-p-binh-tri-dong-b-6x24-5m-nh-10-7m-3-5-tam-30-3-ty-khu-ten-lua.html,luachonnhadat.vn,2026-05-28,30000000000,203,NA,NA
"Bán nhà hẻm 270 Lê Đình Cẩn, P. Tân Tạo, 4 x 14m, 1 lầu, giá 5.58 tỷ",5.58 Tỷ/căn,56 m²,"Bình Tân, Hồ Chí Minh",Bình Tân,Nhà phố,ban,https://luachonnhadat.vn/nha-dat/ban-nha-hem-270-le-dinh-can-p-tan-tao-4-x-14m-1-lau-gia-4-55-ty.html,luachonnhadat.vn,2026-05-28,5580000000,56,NA,NA
"Bán đất khu Tên Lửa, MT đường Số 21A, DT 4 x 22.5m, giá 12 tỷ.",12 Tỷ/nền,90 m²,"Bình Tân, Hồ Chí Minh",Bình Tân,Đất,ban,https://luachonnhadat.vn/nha-dat/ban-dat-khu-ten-lua-mt-duong-so-21a-dt-4-x-22-5m-gia-12-ty-.html,luachonnhadat.vn,2026-05-28,12000000000,90,NA,NA
"Bán nhà hẻm 1051 Hậu Giang, P.11, Q.6, DT 5.5 x 34m, 1 lửng, giá 14 tỷ",14 Tỷ/căn,187 m²,"Quận 6, Hồ Chí Minh",Quận 6,Nhà phố,ban,https://luachonnhadat.vn/nha-dat/ban-nha-hem-1051-hau-giang-p-11-q-6-dt-5-5-x-34m-1-lung-gia-14-5-ty-1766559932.html,luachonnhadat.vn,2026-05-28,14000000000,187,NA,NA
"Bán nhà hẻm 1051 Hậu Giang, P.11, Q.6, DT 3 x 10m, 1 lầu, giá 3.65 tỷ",3.65 Tỷ/căn,30 m²,"Quận 6, Hồ Chí Minh",Quận 6,Nhà phố,ban,https://luachonnhadat.vn/nha-dat/ban-nha-hem-1051-duong-hau-giang-p-11-q-6-nha-2-tam-2-95-x-11m-gia-2-9-ty.html,luachonnhadat.vn,2026-05-28,3650000000,30,NA,NA
"Bán nhà hẻm 1159 Tỉnh Lộ 10, P. Tân Tạo, DT 5.2 x 10m, 3.5 tấm, giá 5.3 tỷ",5.3 Tỷ/căn,52 m²,"Bình Tân, Hồ Chí Minh",Bình Tân,Nhà phố,ban,https://luachonnhadat.vn/nha-dat/ban-nha-hem-1159-tinh-lo-10-p-tan-tao-dt-5-2-x-10m-3-5-tam-gia-5-6-ty-1770084138.html,luachonnhadat.vn,2026-05-28,5300000000,52,NA,NA
"Bán nhà khu Tên Lửa, MT đường Số 21, DT 4.5 x 20m, 4 tấm, giá 14.2 tỷ.",14.2 Tỷ/căn,90 m²,"Bình Tân, Hồ Chí Minh",Bình Tân,Nhà phố,ban,https://luachonnhadat.vn/nha-dat/ban-nha-khu-ten-lua-mt-duong-so-21-dt-4-5-x-20m-4-tam-gia-14-2-ty-.html,luachonnhadat.vn,2026-05-28,14200000000,90,NA,NA
"Bán nhà khu Tên Lửa CoopMart, MT đường Số 19, DT 4.5 x 15m, 3.5 tấm, giá 13.3 tỷ.",13.3 Tỷ/căn,67 m²,"Bình Tân, Hồ Chí Minh",Bình Tân,Nhà phố,ban,https://luachonnhadat.vn/nha-dat/ban-nha-khu-ten-lua-coopmart-mt-duong-so-19-dt-4-5-x-15m-3-5-tam-gia-13-3-ty-.html,luachonnhadat.vn,2026-05-28,13300000000,67,NA,NA
"Bán nhà khu Tên Lửa. MT đường Số 1C, DT 4 x 16m, 3.5 tấm, giá 9.5 tỷ.",9.5 Tỷ/căn,64 m²,"Bình Tân, Hồ Chí Minh",Bình Tân,Nhà phố,ban,https://luachonnhadat.vn/nha-dat/ban-nha-khu-ten-lua-mt-duong-so-1c-dt-4-x-16m-3-5-tam-gia-9-5-ty-.html,luachonnhadat.vn,2026-05-28,9500000000,64,NA,NA
"Bán đất hẻm 248 Phan Anh, P. Hiệp Tân, Q. Tân Phú, DT 12 x 21m, giá 18.2 tỷ",18.2 Tỷ/nền,252 m²,"Tân Phú, Hồ Chí Minh",Tân Phú,Đất,ban,https://luachonnhadat.vn/nha-dat/ban-dat-hem-248-phan-anh-p-hiep-tan-q-tan-phu-dt-12-x-21m-gia-20-2-ty.html,luachonnhadat.vn,2026-05-28,18200000000,252,NA,NA
"Bán nhà hẻm 983 Tỉnh Lộ 10, P. Tân Tạo, DT 3 x 14.5m, NH 5.9m, 2 tấm, giá 5.386 tỷ",5.386 Tỷ/căn,47 m²,"Bình Tân, Hồ Chí Minh",Bình Tân,Nhà phố,ban,https://luachonnhadat.vn/nha-dat/ban-nha-hem-983-tinh-lo-10-p-tan-tao-dt-3-x-15-7m-2-tam-gia-4-3-ty.html,luachonnhadat.vn,2026-05-28,5386000000,47,NA,NA
"Bán nhà góc 2MT hẻm 444 Phạm Văn Chí, P.8, Q.6, DT 4.05 x 4.44m, 3 tấm, giá 3.5 tỷ",3.5 Tỷ/căn,17 m²,"Quận 6, Hồ Chí Minh",Quận 6,Nhà phố,ban,https://luachonnhadat.vn/nha-dat/ban-nha-goc-2mt-hem-444-pham-van-chi-p-8-q-6-dt-4-05-x-4-44m-3-tam-gia-3-5-ty.html,luachonnhadat.vn,2026-05-27,3500000000,17,NA,NA
"Bán nhà khu Tên Lửa, MT đường Số 3A, DT 5 x 20m, 3.5 tấm, giá 15.7 tỷ. gần Aeon Mall Bình Tân",15.7 Tỷ/căn,100 m²,"Bình Tân, Hồ Chí Minh",Bình Tân,Nhà phố,ban,https://luachonnhadat.vn/nha-dat/ban-nha-khu-ten-lua-mt-duong-so-3a-dt-5-x-20m-3-5-tam-gia-15-7-ty-gan-aeon-mall-binh-tan.html,luachonnhadat.vn,2026-05-27,15700000000,100,NA,NA
"Bán đất khu Tên Lửa, MT đường Số 13B, DT 5 x 20m, giá 12 tỷ. gần công viên",12 Tỷ/nền,100 m²,"Bình Tân, Hồ Chí Minh",Bình Tân,Đất,ban,https://luachonnhadat.vn/nha-dat/ban-dat-khu-ten-lua-mt-duong-so-13b-dt-5-x-20m-gia-12-5-ty-gan-cong-vien.html,luachonnhadat.vn,2026-05-27,12000000000,100,NA,NA
"Bán nhà hẻm 79 Phan Anh, P. Bình Trị Đông, DT 4 x 20m, 4 tấm, giá 13.268 tỷ",13.268 Tỷ/căn,80 m²,"Bình Tân, Hồ Chí Minh",Bình Tân,Nhà phố,ban,https://luachonnhadat.vn/nha-dat/ban-nha-hem-79-phan-anh-p-binh-tri-dong-dt-4-x-20m-4-tam-gia-13-268-ty.html,luachonnhadat.vn,2026-05-27,13268000000,80,NA,NA
"Bán nhà hẻm 285 Lê Văn Quới, P. Bình Trị Đông, 10.8 x 9.6m, DT 73m2, 4 tấm, giá 12.5 tỷ.",12.5 Tỷ/căn,73 m²,"Bình Tân, Hồ Chí Minh",Bình Tân,Nhà phố,ban,https://luachonnhadat.vn/nha-dat/ban-nha-hem-285-le-van-quoi-p-binh-tri-dong-10-8-x-9-6m-dt-73m2-4-tam-gia-12-5-ty-.html,luachonnhadat.vn,2026-05-27,12500000000,73,NA,NA
"Bán nhà khu Tên Lửa, MT đường Số 11A, DT 4 x 25m, 3.5 tấm, giá 13 tỷ.",13 Tỷ/căn,100 m²,"Bình Tân, Hồ Chí Minh",Bình Tân,Nhà phố,ban,https://luachonnhadat.vn/nha-dat/ban-nha-khu-ten-lua-mt-duong-so-11a-dt-4-x-25m-3-5-tam-gia-14-ty-.html,luachonnhadat.vn,2026-05-27,13000000000,100,NA,NA
"Sang mặt bằng nhà hàng MT đường Tên Lửa, DT 8 x 20m, 1 lửng, giá sang toàn bộ 1.6 tỷ",1.6 Tỷ/căn,160 m²,"Bình Tân, Hồ Chí Minh",Bình Tân,Mặt bằng,ban,https://luachonnhadat.vn/nha-dat/sang-mat-bang-nha-hang-mt-duong-ten-lua-dt-8-x-20m-1-lung-gia-sang-toan-bo-1-6-ty.html,luachonnhadat.vn,2026-05-27,1600000000,160,NA,NA
"Bán đất khu Tên Lửa, MT đường Số 7A, DT 4 x 20m, giá 11.5 tỷ.",11.5 Tỷ/nền,80 m²,"Bình Tân, Hồ Chí Minh",Bình Tân,Đất,ban,https://luachonnhadat.vn/nha-dat/ban-nha-khu-ten-lua-mt-duong-so-7a-dt-4-x-20m-cap-4-gia-11-5-ty-.html,luachonnhadat.vn,2026-05-27,11500000000,80,NA,NA
"Bán nhà MT khu Cư Xá Phú Lâm D, P.10, Q.6, DT 4 x 18m, 4.5 tấm, giá 13.5 tỷ.",13.5 Tỷ/căn,72 m²,"Quận 6, Hồ Chí Minh",Quận 6,Nhà phố,ban,https://luachonnhadat.vn/nha-dat/ban-nha-mt-khu-cu-xa-phu-lam-d-p-10-q-6-dt-4-x-18m-1-lau-gia-9-3-ty-.html,luachonnhadat.vn,2026-05-26,13500000000,72,NA,NA
"Bán đất MT đường Số 10, P. Tân Tạo A, DT 5 x 20m, giá 6.05 tỷ",6.05 Tỷ/nền,100 m²,"Bình Tân, Hồ Chí Minh",Bình Tân,Đất,ban,https://luachonnhadat.vn/nha-dat/ban-dat-mt-duong-so-10-p-tan-tao-a-dt-5-x-20m-gia-5-65-ty.html,luachonnhadat.vn,2026-05-26,6050000000,100,NA,NA
