source,source_group,source_id,ad_id,title,price,price_str,area,rooms,address,ward,district_id,district_name,category_id,category_name,lat,lon,image,ad_url,source_url,posted_at,scraped_at,page_fetched,price_m,price_per_m2,has_coord,is_rent
luachonnhadat,rent,luachonnhadat_47515,luachonnhadat_47515,"Cho thuê nhà khu Tên Lửa, MT đường Số 7B, P. Bình Trị Đông B, 5 x 20m, 3.5 tấm, giá 19 triệu/tháng.",19000000,19 Triệu/tháng,100,NA,"Bình Tân, Hồ Chí Minh",Unknown,NA,Bình Tân,NA,Nhà phố,NA,NA,https://luachonnhadat.vn/vnt_upload/product/09_2024/d4f0c4b96bdae9a3fe9514c30105d9be.jpg,https://luachonnhadat.vn/nha-dat/cho-thue-nha-khu-ten-lua-mt-duong-so-7b-p-binh-tri-dong-b-5-x-20m-3-5-tam-gia-19-trieu-thang--1727425959.html,https://luachonnhadat.vn/nha-dat/cho-thue-nha-khu-ten-lua-mt-duong-so-7b-p-binh-tri-dong-b-5-x-20m-3-5-tam-gia-19-trieu-thang--1727425959.html,2024-09-27,2026-06-03T08:41:21Z,4,19,190000,0,1
luachonnhadat,rent,luachonnhadat_47219,luachonnhadat_47219,"Cho thuê nhà khu Tên Lửa, MT đường Số 25A, P. Bình Trị Đông B, 4 x 21m, 3.5 tấm, giá 17 triệu/tháng.",17000000,17 Triệu/tháng,84,NA,"Bình Tân, Hồ Chí Minh",Unknown,NA,Bình Tân,NA,Nhà phố,NA,NA,https://luachonnhadat.vn/vnt_upload/product/07_2024/ad7cc76b6d715479959c2b52e44cc9bf.jpg,https://luachonnhadat.vn/nha-dat/cho-thue-nha-khu-ten-lua-mt-duong-so-25a-p-binh-tri-dong-b-4-x-21m-3-5-tam-gia-17-trieu-thang-.html,https://luachonnhadat.vn/nha-dat/cho-thue-nha-khu-ten-lua-mt-duong-so-25a-p-binh-tri-dong-b-4-x-21m-3-5-tam-gia-17-trieu-thang-.html,2024-09-25,2026-06-03T08:41:21Z,4,17,202380.95238095237,0,1
luachonnhadat,rent,luachonnhadat_47487,luachonnhadat_47487,"Cho thuê nhà MT đường Số 16, P. Bình Hưng Hoà, 8 x 22m, 1 lầu, giá 50 triệu/tháng.",50000000,50 Triệu/tháng,176,NA,"Bình Tân, Hồ Chí Minh",Unknown,NA,Bình Tân,NA,Nhà phố,NA,NA,https://luachonnhadat.vn/vnt_upload/product/09_2024/9c09ecfb76b01f025da29197320befaa.jpg,https://luachonnhadat.vn/nha-dat/cho-thue-nha-mt-duong-so-16-p-binh-hung-hoa-8-x-22m-1-lau-gia-50-trieu-thang-.html,https://luachonnhadat.vn/nha-dat/cho-thue-nha-mt-duong-so-16-p-binh-hung-hoa-8-x-22m-1-lau-gia-50-trieu-thang-.html,2024-09-23,2026-06-03T08:41:21Z,4,50,284090.9090909091,0,1
luachonnhadat,rent,luachonnhadat_12347,luachonnhadat_12347,"Cho thuê nhà MT đường Số 19, P. Bình Trị Đông B, 9 x 20m, 4.5 tấm + hầm, giá 120 triệu/tháng.",120000000,120 Triệu/tháng,180,NA,"Bình Tân, Hồ Chí Minh",Unknown,NA,Bình Tân,NA,Nhà phố,NA,NA,https://luachonnhadat.vn/vnt_upload/product/03_2024/213.jpg.jpg,https://luachonnhadat.vn/nha-dat/cho-thue-nha-mt-duong-so-19-p-binh-tri-dong-b-9-x-20m-4-5-tam-ham-gia-120-trieu-thang--1726815802.html,https://luachonnhadat.vn/nha-dat/cho-thue-nha-mt-duong-so-19-p-binh-tri-dong-b-9-x-20m-4-5-tam-ham-gia-120-trieu-thang--1726815802.html,2024-09-20,2026-06-03T08:41:21Z,4,120,666666.6666666666,0,1
luachonnhadat,rent,luachonnhadat_47450,luachonnhadat_47450,"Cho thuê đất khu Tên Lửa, MT đường Số 34 nhỏ, P. Bình Trị Đông B, 10 x 20m, giá 10 triệu/tháng",10000000,10 Triệu/tháng,200,NA,"Bình Tân, Hồ Chí Minh",Unknown,NA,Bình Tân,NA,Đất,NA,NA,https://luachonnhadat.vn/vnt_upload/product/09_2024/13df3fd2802a868f26613a63c2fd56c7.jpg,https://luachonnhadat.vn/nha-dat/cho-thue-dat-khu-ten-lua-mt-duong-so-34-nho-p-binh-tri-dong-b-10-x-20m-gia-10-trieu-thang-1726717013.html,https://luachonnhadat.vn/nha-dat/cho-thue-dat-khu-ten-lua-mt-duong-so-34-nho-p-binh-tri-dong-b-10-x-20m-gia-10-trieu-thang-1726717013.html,2024-09-19,2026-06-03T08:41:21Z,4,10,50000,0,1
luachonnhadat,rent,luachonnhadat_47397,luachonnhadat_47397,"Cho thuê nhà hẻm 157 Mai Xuân Thưởng, P.4, Q.6, nhà 3 tấm, 3.3 x 18m, NH 8m, giá 18 triệu/tháng",18000000,18 Triệu/tháng,59,NA,"Quận 6, Hồ Chí Minh",Unknown,NA,Quận 6,NA,Nhà phố,NA,NA,https://luachonnhadat.vn/vnt_upload/product/09_2024/8fa47266c916924d425a4036acb4e486.jpg,https://luachonnhadat.vn/nha-dat/cho-thue-nha-hem-157-mai-xuan-thuong-p-4-q-6-nha-3-tam-3-3-x-18m-nh-8m-gia-18-trieu-thang-1726649429.html,https://luachonnhadat.vn/nha-dat/cho-thue-nha-hem-157-mai-xuan-thuong-p-4-q-6-nha-3-tam-3-3-x-18m-nh-8m-gia-18-trieu-thang-1726649429.html,2024-09-18,2026-06-03T08:41:21Z,4,18,305084.74576271186,0,1
luachonnhadat,rent,luachonnhadat_47421,luachonnhadat_47421,"Cho thuê nhà MT đường Số 5, P. Tân Tạo A, 6 x 20m, 3.5 tấm, giá 30 triệu/tháng",30000000,30 Triệu/tháng,120,NA,"Bình Tân, Hồ Chí Minh",Unknown,NA,Bình Tân,NA,Nhà phố,NA,NA,https://luachonnhadat.vn/vnt_upload/product/09_2024/4c531308a2fad775a2acca68fc0a181c.jpg,https://luachonnhadat.vn/nha-dat/cho-thue-nha-mt-duong-so-5-p-tan-tao-a-6-x-20m-3-5-tam-gia-30-trieu-thang-1726025572.html,https://luachonnhadat.vn/nha-dat/cho-thue-nha-mt-duong-so-5-p-tan-tao-a-6-x-20m-3-5-tam-gia-30-trieu-thang-1726025572.html,2024-09-11,2026-06-03T08:41:21Z,4,30,250000,0,1
luachonnhadat,rent,luachonnhadat_47388,luachonnhadat_47388,"Cho thuê nhà khu Nam Hùng Vương, MT đường Số 4, P. An Lạc, 4 x 23m, 2.5 tấm, giá 14 triệu/tháng",14000000,14 Triệu/tháng,92,NA,"Bình Tân, Hồ Chí Minh",Unknown,NA,Bình Tân,NA,Nhà phố,NA,NA,https://luachonnhadat.vn/vnt_upload/product/09_2024/90c27bda0c0728ca029f9b570d02c0bc.jpg,https://luachonnhadat.vn/nha-dat/cho-thue-nha-khu-nam-hung-vuong-mt-duong-so-4-p-an-lac-4-x-23m-2-5-tam-gia-14-trieu-thang.html,https://luachonnhadat.vn/nha-dat/cho-thue-nha-khu-nam-hung-vuong-mt-duong-so-4-p-an-lac-4-x-23m-2-5-tam-gia-14-trieu-thang.html,2024-09-06,2026-06-03T08:41:21Z,4,14,152173.91304347827,0,1
luachonnhadat,rent,luachonnhadat_44890,luachonnhadat_44890,"Cho thuê nhà khu Tên Lửa, MT đường Số 1, P. Bình Trị Đông B, DT 12 x 21m, cấp 4, giá 42 triệu/tháng.",42000000,42 Triệu/tháng,252,NA,"Bình Tân, Hồ Chí Minh",Unknown,NA,Bình Tân,NA,Nhà phố,NA,NA,https://luachonnhadat.vn/vnt_upload/product/09_2022/307702656_3107563706223198_3122380513247409150_n.jpg,https://luachonnhadat.vn/nha-dat/cho-thue-nha-khu-ten-lua-mt-duong-so-1-p-binh-tri-dong-b-dt-12-x-21m-cap-4-gia-42-trieu-thang-.html,https://luachonnhadat.vn/nha-dat/cho-thue-nha-khu-ten-lua-mt-duong-so-1-p-binh-tri-dong-b-dt-12-x-21m-cap-4-gia-42-trieu-thang-.html,2024-08-24,2026-06-03T08:41:21Z,4,42,166666.66666666666,0,1
luachonnhadat,rent,luachonnhadat_47195,luachonnhadat_47195,"Cho thuê nhà MT đường Tên Lửa, P, Bình Trị Đông B, 8 x 20m, 3.5 tấm, giá 60 triệu/tháng",60000000,60 Triệu/tháng,160,NA,"Bình Tân, Hồ Chí Minh",Unknown,NA,Bình Tân,NA,Nhà phố,NA,NA,https://luachonnhadat.vn/vnt_upload/product/07_2024/86abe41fed72d5d9521d837b275da9b5.jpg,https://luachonnhadat.vn/nha-dat/cho-thue-nha-mt-duong-ten-lua-p-binh-tri-dong-b-8-x-20m-3-5-tam-gia-60-trieu-thang.html,https://luachonnhadat.vn/nha-dat/cho-thue-nha-mt-duong-ten-lua-p-binh-tri-dong-b-8-x-20m-3-5-tam-gia-60-trieu-thang.html,2024-08-12,2026-06-03T08:41:21Z,4,60,375000,0,1
luachonnhadat,rent,luachonnhadat_47287,luachonnhadat_47287,"Cho thuê nhà MT đường Nguyễn Xuân Phụng, P.2, Q.6, DT 4 x 25m, nhà 5 tấm, giá 70 triệu/tháng",70000000,70 Triệu/tháng,100,NA,"Quận 6, Hồ Chí Minh",Unknown,NA,Quận 6,NA,Nhà phố,NA,NA,https://luachonnhadat.vn/vnt_upload/product/08_2024/8e2dc935373ebf2f52cf0c9714609472.jpg,https://luachonnhadat.vn/nha-dat/cho-thue-nha-mt-duong-nguyen-xuan-phung-p-2-q-6-dt-4-x-25m-nha-5-tam-gia-70-trieu-thang-1722844543.html,https://luachonnhadat.vn/nha-dat/cho-thue-nha-mt-duong-nguyen-xuan-phung-p-2-q-6-dt-4-x-25m-nha-5-tam-gia-70-trieu-thang-1722844543.html,2024-08-05,2026-06-03T08:41:21Z,4,70,700000,0,1
luachonnhadat,rent,luachonnhadat_47272,luachonnhadat_47272,"Cho thuê nhà MT đường Số 57C, P. Tân Tạo, 5 x 20m, 3.5 tấm, giá 25tr/th. khu Tên Lửa Pouyuen",25000000,25 Triệu/tháng,100,NA,"Bình Tân, Hồ Chí Minh",Unknown,NA,Bình Tân,NA,Nhà phố,NA,NA,https://luachonnhadat.vn/vnt_upload/product/07_2024/4636ea133b317780480cdbcc724640b6.jpg,https://luachonnhadat.vn/nha-dat/cho-thue-nha-mt-duong-so-57c-p-tan-tao-5-x-20m-3-5-tam-gia-25tr-th-khu-ten-lua-pouyuen.html,https://luachonnhadat.vn/nha-dat/cho-thue-nha-mt-duong-so-57c-p-tan-tao-5-x-20m-3-5-tam-gia-25tr-th-khu-ten-lua-pouyuen.html,2024-07-30,2026-06-03T08:41:21Z,4,25,250000,0,1
luachonnhadat,rent,luachonnhadat_46011,luachonnhadat_46011,"Cho thuê nhà MT đường Số 22, P.11, Q.6, DT 4 x 20m, 4.5 tấm giá 23 triệu/tháng. khu Bình Phú",23000000,23 Triệu/tháng,80,NA,"Quận 6, Hồ Chí Minh",Unknown,NA,Quận 6,NA,Nhà phố,NA,NA,https://luachonnhadat.vn/vnt_upload/product/06_2023/252.jpg,https://luachonnhadat.vn/nha-dat/cho-thue-nha-mt-duong-so-22-p-11-q-6-dt-4-x-20m-4-5-tam-gia-23-trieu-thang-khu-binh-phu-1722050230.html,https://luachonnhadat.vn/nha-dat/cho-thue-nha-mt-duong-so-22-p-11-q-6-dt-4-x-20m-4-5-tam-gia-23-trieu-thang-khu-binh-phu-1722050230.html,2024-07-27,2026-06-03T08:41:21Z,4,23,287500,0,1
luachonnhadat,rent,luachonnhadat_46759,luachonnhadat_46759,"Cho thuê nhà MT đường Tỉnh Lộ 10, P. Tân Tạo, 6 x 25m, 3.5 tấm, giá 43 triệu/tháng",43000000,43 Triệu/tháng,150,NA,"Bình Tân, Hồ Chí Minh",Unknown,NA,Bình Tân,NA,Nhà phố,NA,NA,https://luachonnhadat.vn/vnt_upload/product/03_2024/762.jpg.jpg,https://luachonnhadat.vn/nha-dat/cho-thue-nha-mt-duong-tinh-lo-10-p-tan-tao-6-x-25m-3-5-tam-gia-43-trieu-thang.html,https://luachonnhadat.vn/nha-dat/cho-thue-nha-mt-duong-tinh-lo-10-p-tan-tao-6-x-25m-3-5-tam-gia-43-trieu-thang.html,2024-07-27,2026-06-03T08:41:21Z,4,43,286666.6666666667,0,1
luachonnhadat,rent,luachonnhadat_41967,luachonnhadat_41967,"Cho thuê nhà MT đường Số 32, P. Bình Trị Đông B, 5 x 20m, 3.5 tấm, giá 30 triệu/tháng. gần Aeon Mall",30000000,30 Triệu/tháng,100,NA,"Bình Tân, Hồ Chí Minh",Unknown,NA,Bình Tân,NA,Nhà phố,NA,NA,https://luachonnhadat.vn/vnt_upload/product/07_2024/0479d9bd34670ce62ece3a89558559e0.jpg,https://luachonnhadat.vn/nha-dat/cho-thue-nha-mt-duong-so-32-p-binh-tri-dong-b-5-x-20m-3-5-tam-gia-30-trieu-thang-gan-aeon-mall-1720594588.html,https://luachonnhadat.vn/nha-dat/cho-thue-nha-mt-duong-so-32-p-binh-tri-dong-b-5-x-20m-3-5-tam-gia-30-trieu-thang-gan-aeon-mall-1720594588.html,2024-07-22,2026-06-03T08:41:21Z,4,30,300000,0,1
luachonnhadat,rent,luachonnhadat_12719,luachonnhadat_12719,"Cho thuê nhà MT đường Tên Lửa, P. Bình Trị Đông B, 4.5 x 20m, 3.5 tấm, giá 44 triệu/tháng",44000000,44 Triệu/tháng,90,NA,"Bình Tân, Hồ Chí Minh",Unknown,NA,Bình Tân,NA,Nhà phố,NA,NA,https://luachonnhadat.vn/vnt_upload/product/12_2021/573.jpg,https://luachonnhadat.vn/nha-dat/cho-thue-nha-mt-duong-ten-lua-p-binh-tri-dong-b-4-5-x-20m-3-5-tam-gia-44-trieu-thang.html,https://luachonnhadat.vn/nha-dat/cho-thue-nha-mt-duong-ten-lua-p-binh-tri-dong-b-4-5-x-20m-3-5-tam-gia-44-trieu-thang.html,2024-07-09,2026-06-03T08:41:21Z,4,44,488888.8888888889,0,1
luachonnhadat,rent,luachonnhadat_20069,luachonnhadat_20069,"Cho thuê Shophouse tầng trệt CC Moonlight Park View đường Số 7, Bình Tân, 5.5 x 16m, 28 triệu/tháng",28000000,28 Triệu/tháng,88,NA,"Bình Tân, Hồ Chí Minh",Unknown,NA,Bình Tân,NA,Shop house,NA,NA,https://luachonnhadat.vn/vnt_upload/product/06_2022/ds7.jpg,https://luachonnhadat.vn/nha-dat/cho-thue-shophouse-tang-tret-cc-moonlight-park-view-duong-so-7-binh-tan-5-5-x-16m-28-trieu-thang-1720408148.html,https://luachonnhadat.vn/nha-dat/cho-thue-shophouse-tang-tret-cc-moonlight-park-view-duong-so-7-binh-tan-5-5-x-16m-28-trieu-thang-1720408148.html,2024-07-08,2026-06-03T08:41:21Z,4,28,318181.8181818182,0,1
luachonnhadat,rent,luachonnhadat_47173,luachonnhadat_47173,"Cho thuê mặt bằng góc 2 MT đường Số 1A, P. Bình Trị Đông B, 5 x 20m, giá 34 triệu/tháng",34000000,34 Triệu/tháng,100,NA,"Bình Tân, Hồ Chí Minh",Unknown,NA,Bình Tân,NA,Mặt bằng,NA,NA,https://luachonnhadat.vn/vnt_upload/product/07_2024/d5d44c55fa011fe7391221f195551177.jpg,https://luachonnhadat.vn/nha-dat/cho-thue-mat-bang-goc-2-mt-duong-so-1a-p-binh-tri-dong-b-5-x-20m-gia-34-trieu-thang-1719904302.html,https://luachonnhadat.vn/nha-dat/cho-thue-mat-bang-goc-2-mt-duong-so-1a-p-binh-tri-dong-b-5-x-20m-gia-34-trieu-thang-1719904302.html,2024-07-02,2026-06-03T08:41:21Z,4,34,340000,0,1
luachonnhadat,rent,luachonnhadat_47033,luachonnhadat_47033,"Cho thuê nhà MT đường Kinh Dương Vương, P. An Lạc, 4 x 19m, 3 tấm, giá 25 triệu/tháng",25000000,25 Triệu/tháng,76,NA,"Bình Tân, Hồ Chí Minh",Unknown,NA,Bình Tân,NA,Nhà phố,NA,NA,https://luachonnhadat.vn/vnt_upload/product/05_2024/250.jpg.jpg,https://luachonnhadat.vn/nha-dat/cho-thue-nha-mt-duong-kinh-duong-vuong-p-an-lac-4-x-19m-3-tam-gia-25-trieu-thang.html,https://luachonnhadat.vn/nha-dat/cho-thue-nha-mt-duong-kinh-duong-vuong-p-an-lac-4-x-19m-3-tam-gia-25-trieu-thang.html,2024-07-02,2026-06-03T08:41:21Z,4,25,328947.36842105264,0,1
luachonnhadat,rent,luachonnhadat_45917,luachonnhadat_45917,"Cho thuê nhà MT đường Kinh Dương Vương, P. 13, Q. 6, DT 14 x 42m, cấp 4, giá 180 triệu/tháng",180000000,180 Triệu/tháng,588,NA,"Quận 6, Hồ Chí Minh",Unknown,NA,Quận 6,NA,Nhà phố,NA,NA,https://luachonnhadat.vn/vnt_upload/product/05_2023/464.jpg,https://luachonnhadat.vn/nha-dat/cho-thue-nha-mt-duong-kinh-duong-vuong-p-13-q-6-dt-14-x-42m-cap-4-gia-180-trieu-thang.html,https://luachonnhadat.vn/nha-dat/cho-thue-nha-mt-duong-kinh-duong-vuong-p-13-q-6-dt-14-x-42m-cap-4-gia-180-trieu-thang.html,2024-06-28,2026-06-03T08:41:21Z,4,180,306122.44897959183,0,1
luachonnhadat,rent,luachonnhadat_47148,luachonnhadat_47148,"Cho thuê cặp đất MT đường Số 21, P. Bình Trị Đông B. DT 8 x 22.5m, giá 18 triệu/tháng. khu Tên Lửa",18000000,18 Triệu/tháng,180,NA,"Bình Tân, Hồ Chí Minh",Unknown,NA,Bình Tân,NA,Đất,NA,NA,https://luachonnhadat.vn/vnt_upload/product/06_2024/28428fae192c35bb98d8400cc6118cf5.jpg,https://luachonnhadat.vn/nha-dat/cho-thue-cap-dat-mt-duong-so-21-p-binh-tri-dong-b-dt-8-x-22-5m-gia-18-trieu-thang-khu-ten-lua-1719283295.html,https://luachonnhadat.vn/nha-dat/cho-thue-cap-dat-mt-duong-so-21-p-binh-tri-dong-b-dt-8-x-22-5m-gia-18-trieu-thang-khu-ten-lua-1719283295.html,2024-06-25,2026-06-03T08:41:21Z,4,18,100000,0,1
luachonnhadat,rent,luachonnhadat_47129,luachonnhadat_47129,"Cho thuê nhà hẻm 574 Kinh Dương Vương, P. Bình Trị Đông B, 5.5 x 27m, cấp 4, giá 22 triệu/tháng",22000000,22 Triệu/tháng,148,NA,"Bình Tân, Hồ Chí Minh",Unknown,NA,Bình Tân,NA,Nhà phố,NA,NA,https://luachonnhadat.vn/vnt_upload/product/06_2024/f20c782af1ca495759536cc8aa864cb2.jpg,https://luachonnhadat.vn/nha-dat/cho-thue-nha-hem-574-kinh-duong-vuong-p-binh-tri-dong-b-5-5-x-27m-cap-4-gia-22-trieu-thang-1718870442.html,https://luachonnhadat.vn/nha-dat/cho-thue-nha-hem-574-kinh-duong-vuong-p-binh-tri-dong-b-5-5-x-27m-cap-4-gia-22-trieu-thang-1718870442.html,2024-06-20,2026-06-03T08:41:21Z,4,22,148648.64864864864,0,1
luachonnhadat,rent,luachonnhadat_4596,luachonnhadat_4596,"Cho thuê nhà MT đường Số 7, P. An Lạc A, 4 x 15m, 2.5 tấm, giá 23 triệu/tháng. khu Tên Lửa",23000000,23 Triệu/tháng,60,NA,"Bình Tân, Hồ Chí Minh",Unknown,NA,Bình Tân,NA,Nhà phố,NA,NA,https://luachonnhadat.vn/vnt_upload/product/04_2024/17.jpg.jpg,https://luachonnhadat.vn/nha-dat/cho-thue-nha-mt-duong-so-7-p-an-lac-a-4-x-15m-2-5-tam-gia-23-trieu-thang-khu-ten-lua-1718676357.html,https://luachonnhadat.vn/nha-dat/cho-thue-nha-mt-duong-so-7-p-an-lac-a-4-x-15m-2-5-tam-gia-23-trieu-thang-khu-ten-lua-1718676357.html,2024-06-18,2026-06-03T08:41:21Z,4,23,383333.3333333333,0,1
luachonnhadat,rent,luachonnhadat_47100,luachonnhadat_47100,"Cho thuê đất Góc 3 MT đường Số 7, P. Bình Trị Đông B, 28 x 40m, giá 300 triệu/tháng. khu Tên Lửa",300000000,300 Triệu/tháng,1120,NA,"Bình Tân, Hồ Chí Minh",Unknown,NA,Bình Tân,NA,Đất,NA,NA,https://luachonnhadat.vn/vnt_upload/product/06_2024/1839239edf2ad6019105a3290344ef3a.jpg,https://luachonnhadat.vn/nha-dat/cho-thue-dat-goc-3-mt-duong-so-7-p-binh-tri-dong-b-28-x-40m-gia-300-trieu-thang-khu-ten-lua-1718607165.html,https://luachonnhadat.vn/nha-dat/cho-thue-dat-goc-3-mt-duong-so-7-p-binh-tri-dong-b-28-x-40m-gia-300-trieu-thang-khu-ten-lua-1718607165.html,2024-06-17,2026-06-03T08:41:21Z,4,300,267857.14285714284,0,1
luachonnhadat,rent,luachonnhadat_46917,luachonnhadat_46917,"Cho thuê nhà MT đường Số 24A, P. Bình Trị Đông B, 4 x 20m, 3 tấm, giá 20 triệu/tháng. khu Tên Lửa",20000000,20 Triệu/tháng,80,NA,"Bình Tân, Hồ Chí Minh",Unknown,NA,Bình Tân,NA,Nhà phố,NA,NA,https://luachonnhadat.vn/vnt_upload/product/04_2024/459.jpg.jpg,https://luachonnhadat.vn/nha-dat/cho-thue-nha-mt-duong-so-24a-p-binh-tri-dong-b-4-x-20m-3-tam-gia-20-trieu-thang-khu-ten-lua-1718354633.html,https://luachonnhadat.vn/nha-dat/cho-thue-nha-mt-duong-so-24a-p-binh-tri-dong-b-4-x-20m-3-tam-gia-20-trieu-thang-khu-ten-lua-1718354633.html,2024-06-14,2026-06-03T08:41:21Z,4,20,250000,0,1
luachonnhadat,rent,luachonnhadat_5662,luachonnhadat_5662,"Cho thuê nhà MT đường Trần Văn Giàu, P. Bình Trị Đông B, 5 x 20m, 3.5 tấm, giá 30 triệu/tháng.",30000000,30 Triệu/tháng,100,NA,"Bình Tân, Hồ Chí Minh",Unknown,NA,Bình Tân,NA,Nhà phố,NA,NA,https://luachonnhadat.vn/vnt_upload/product/10_2023/logo1_1.png,https://luachonnhadat.vn/nha-dat/cho-thue-nha-mt-duong-tran-van-giau-p-binh-tri-dong-b-5-x-20m-3-5-tam-gia-30-trieu-thang--1718267846.html,https://luachonnhadat.vn/nha-dat/cho-thue-nha-mt-duong-tran-van-giau-p-binh-tri-dong-b-5-x-20m-3-5-tam-gia-30-trieu-thang--1718267846.html,2024-06-13,2026-06-03T08:41:21Z,4,30,300000,0,1
luachonnhadat,rent,luachonnhadat_47095,luachonnhadat_47095,"Cho thuê nhà MT đường An Dương Vương, P.13, Q.6, nhà 2.5 tấm, DT 4 x 20m, giá 19 triệu/tháng",19000000,19 Triệu/tháng,80,NA,"Quận 6, Hồ Chí Minh",Unknown,NA,Quận 6,NA,Nhà phố,NA,NA,https://luachonnhadat.vn/vnt_upload/product/06_2024/87dc9761b32f71055edecaf2aebd29cf.jpg,https://luachonnhadat.vn/nha-dat/cho-thue-nha-mt-duong-an-duong-vuong-p-13-q-6-nha-2-5-tam-dt-4-x-20m-gia-19-trieu-thang-1718182729.html,https://luachonnhadat.vn/nha-dat/cho-thue-nha-mt-duong-an-duong-vuong-p-13-q-6-nha-2-5-tam-dt-4-x-20m-gia-19-trieu-thang-1718182729.html,2024-06-12,2026-06-03T08:41:21Z,4,19,237500,0,1
luachonnhadat,rent,luachonnhadat_47091,luachonnhadat_47091,"Cho thuê nhà MT đường Tên Lửa, P. Bình Trị Đông B, 4.5x20m, 3.5 tấm, giá 30 triệu/tháng. khu Tên Lửa",30000000,30 Triệu/tháng,90,NA,"Bình Tân, Hồ Chí Minh",Unknown,NA,Bình Tân,NA,Nhà phố,NA,NA,https://luachonnhadat.vn/vnt_upload/product/06_2024/8578b9dce234db2a59240d63a0612ced.jpg,https://luachonnhadat.vn/nha-dat/cho-thue-nha-mt-duong-ten-lua-p-binh-tri-dong-b-4-5x20m-3-5-tam-gia-30-trieu-thang-khu-ten-lua-1718075226.html,https://luachonnhadat.vn/nha-dat/cho-thue-nha-mt-duong-ten-lua-p-binh-tri-dong-b-4-5x20m-3-5-tam-gia-30-trieu-thang-khu-ten-lua-1718075226.html,2024-06-11,2026-06-03T08:41:21Z,4,30,333333.3333333333,0,1
luachonnhadat,rent,luachonnhadat_46802,luachonnhadat_46802,"Cho thuê đất MT đường Số 36, P. Bình Trị Đông B, 11 x 18m, giá 15 triệu/tháng. khu Tên Lửa",15000000,15 Triệu/tháng,198,NA,"Bình Tân, Hồ Chí Minh",Unknown,NA,Bình Tân,NA,Đất,NA,NA,https://luachonnhadat.vn/vnt_upload/product/04_2024/451.jpg.jpg,https://luachonnhadat.vn/nha-dat/cho-thue-dat-mt-duong-so-36-p-binh-tri-dong-b-11-x-18m-gia-15-trieu-thang-khu-ten-lua-1718001750.html,https://luachonnhadat.vn/nha-dat/cho-thue-dat-mt-duong-so-36-p-binh-tri-dong-b-11-x-18m-gia-15-trieu-thang-khu-ten-lua-1718001750.html,2024-06-10,2026-06-03T08:41:21Z,4,15,75757.57575757576,0,1
luachonnhadat,rent,luachonnhadat_43888,luachonnhadat_43888,"Cho thuê nhà Góc 2 MT đường Số 18, P. Bình Trị Đông B, 6 x 20m, 3.5 tấm, giá 38tr/tháng. khu Tên Lửa",38000000,38 Triệu/tháng,120,NA,"Bình Tân, Hồ Chí Minh",Unknown,NA,Bình Tân,NA,Nhà phố,NA,NA,https://luachonnhadat.vn/vnt_upload/product/04_2022/491.jpg,https://luachonnhadat.vn/nha-dat/cho-thue-nha-goc-2-mt-duong-so-18-p-binh-tri-dong-b-6-x-20m-3-5-tam-gia-38tr-thang-khu-ten-lua.html,https://luachonnhadat.vn/nha-dat/cho-thue-nha-goc-2-mt-duong-so-18-p-binh-tri-dong-b-6-x-20m-3-5-tam-gia-38tr-thang-khu-ten-lua.html,2024-06-10,2026-06-03T08:41:21Z,4,38,316666.6666666667,0,1
luachonnhadat,rent,luachonnhadat_3850,luachonnhadat_3850,"Cho thuê đất MT đường Số 8, P. Bình Trị Đông B, 10 x 25m, giá 25 triệu/tháng. khu Tên Lửa",25000000,25 Triệu/tháng,250,NA,"Bình Tân, Hồ Chí Minh",Unknown,NA,Bình Tân,NA,Đất,NA,NA,https://luachonnhadat.vn/vnt_upload/product/11_2022/,https://luachonnhadat.vn/nha-dat/cho-thue-dat-mt-duong-so-8-p-binh-tri-dong-b-10-x-25m-gia-25-trieu-thang-khu-ten-lua.html,https://luachonnhadat.vn/nha-dat/cho-thue-dat-mt-duong-so-8-p-binh-tri-dong-b-10-x-25m-gia-25-trieu-thang-khu-ten-lua.html,2024-06-05,2026-06-03T08:41:21Z,4,25,100000,0,1
luachonnhadat,rent,luachonnhadat_47074,luachonnhadat_47074,"Cho thuê đất Góc 2 MT đường Số 3C, P. An Lạc A, 6 x 21m, giá 20 triệu/tháng. khu Tên Lửa",20000000,20 Triệu/tháng,126,NA,"Bình Tân, Hồ Chí Minh",Unknown,NA,Bình Tân,NA,Đất,NA,NA,https://luachonnhadat.vn/vnt_upload/product/06_2024/155b0c8ede33f596508864119fff83c5.jpg,https://luachonnhadat.vn/nha-dat/cho-thue-dat-goc-2-mt-duong-so-3c-p-an-lac-a-6-x-21m-gia-20-trieu-thang-khu-ten-lua-1717486020.html,https://luachonnhadat.vn/nha-dat/cho-thue-dat-goc-2-mt-duong-so-3c-p-an-lac-a-6-x-21m-gia-20-trieu-thang-khu-ten-lua-1717486020.html,2024-06-04,2026-06-03T08:41:21Z,4,20,158730.15873015873,0,1
luachonnhadat,rent,luachonnhadat_47064,luachonnhadat_47064,"Cho thuê nhà MT lô J đường Đoàn Phú Tứ, P. An Lạc A, 4 x 20m, cấp 4, giá 8 triệu/tháng",8000000,8 Triệu/tháng,80,NA,"Bình Tân, Hồ Chí Minh",Unknown,NA,Bình Tân,NA,Nhà phố,NA,NA,https://luachonnhadat.vn/vnt_upload/product/06_2024/7a35cebd7e2d6e18741f1efa97a28956.jpg,https://luachonnhadat.vn/nha-dat/cho-thue-nha-mt-lo-j-duong-doan-phu-tu-p-an-lac-a-4-x-20m-cap-4-gia-8-trieu-thang-1717401629.html,https://luachonnhadat.vn/nha-dat/cho-thue-nha-mt-lo-j-duong-doan-phu-tu-p-an-lac-a-4-x-20m-cap-4-gia-8-trieu-thang-1717401629.html,2024-06-03,2026-06-03T08:41:21Z,4,8,100000,0,1
luachonnhadat,rent,luachonnhadat_47032,luachonnhadat_47032,"Cho thuê nhà MT đường Võ Văn Kiệt, P. An Lạc, 8 x 11m, 1 lầu, giá 25 triệu/tháng",25000000,25 Triệu/tháng,88,NA,"Bình Tân, Hồ Chí Minh",Unknown,NA,Bình Tân,NA,Nhà phố,NA,NA,https://luachonnhadat.vn/vnt_upload/product/05_2024/249.jpg.jpg,https://luachonnhadat.vn/nha-dat/cho-thue-nha-mt-duong-vo-van-kiet-p-an-lac-8-x-11m-1-lau-gia-25-trieu-thang.html,https://luachonnhadat.vn/nha-dat/cho-thue-nha-mt-duong-vo-van-kiet-p-an-lac-8-x-11m-1-lau-gia-25-trieu-thang.html,2024-05-27,2026-06-03T08:41:21Z,4,25,284090.9090909091,0,1
luachonnhadat,rent,luachonnhadat_7084,luachonnhadat_7084,"Cho thuê nhà MT đường Số 2, P.13, Q.6, nhà 2 tấm, 4 x 12m, giá 10tr/tháng. Cư xá Rada",10000000,10 Triệu/căn,48,NA,"Quận 6, Hồ Chí Minh",Unknown,NA,Quận 6,NA,Nhà phố,NA,NA,https://luachonnhadat.vn/vnt_upload/product/02_2022/764.jpg,https://luachonnhadat.vn/nha-dat/cho-thue-nha-mt-duong-so-2-p-13-q-6-nha-2-tam-4-x-12m-gia-10tr-thang-cu-xa-rada.html,https://luachonnhadat.vn/nha-dat/cho-thue-nha-mt-duong-so-2-p-13-q-6-nha-2-tam-4-x-12m-gia-10tr-thang-cu-xa-rada.html,2024-05-27,2026-06-03T08:41:21Z,4,10,208333.33333333337,0,1
luachonnhadat,rent,luachonnhadat_47015,luachonnhadat_47015,"Cho thuê nhà MT đường Nguyễn Thức Đường, P. An Lạc A, 4 x 20m, 3.5 tấm, giá 25 triệu/tháng",25000000,25 Triệu/tháng,80,NA,"Bình Tân, Hồ Chí Minh",Unknown,NA,Bình Tân,NA,Nhà phố,NA,NA,https://luachonnhadat.vn/vnt_upload/product/05_2024/181.jpg.jpg,https://luachonnhadat.vn/nha-dat/cho-thue-nha-mt-duong-nguyen-thuc-duong-p-an-lac-a-4-x-20m-3-5-tam-gia-25-trieu-thang.html,https://luachonnhadat.vn/nha-dat/cho-thue-nha-mt-duong-nguyen-thuc-duong-p-an-lac-a-4-x-20m-3-5-tam-gia-25-trieu-thang.html,2024-05-22,2026-06-03T08:41:21Z,4,25,312500,0,1
luachonnhadat,rent,luachonnhadat_46997,luachonnhadat_46997,"Cho thuê nhà Góc 2 MT đường Lê Quang Sung, P.6, Q.6, nhà 4 tấm, 4.12 x 12m, giá 32 triệu/tháng",32000000,32 Triệu/tháng,49,NA,"Quận 6, Hồ Chí Minh",Unknown,NA,Quận 6,NA,Nhà phố,NA,NA,https://luachonnhadat.vn/vnt_upload/product/05_2024/63.jpg_1.jpg,https://luachonnhadat.vn/nha-dat/cho-thue-nha-goc-2-mt-duong-le-quang-sung-p-6-q-6-nha-4-tam-4-12-x-12m-gia-32-trieu-thang.html,https://luachonnhadat.vn/nha-dat/cho-thue-nha-goc-2-mt-duong-le-quang-sung-p-6-q-6-nha-4-tam-4-12-x-12m-gia-32-trieu-thang.html,2024-05-20,2026-06-03T08:41:21Z,4,32,653061.224489796,0,1
luachonnhadat,rent,luachonnhadat_46942,luachonnhadat_46942,"Cho thuê nhà Góc 2 MT đường Số 78, P.10, Q.6, nhà 3.5 tấm, 6 x 16m, giá 23 triệu/tháng. khu Bình Phú",23000000,23 Triệu/tháng,96,NA,"Quận 6, Hồ Chí Minh",Unknown,NA,Quận 6,NA,Nhà phố,NA,NA,https://luachonnhadat.vn/vnt_upload/product/05_2024/646.jpg.jpg,https://luachonnhadat.vn/nha-dat/cho-thue-nha-goc-2-mt-duong-so-78-p-10-q-6-nha-3-5-tam-6-x-16m-gia-23-trieu-thang-khu-binh-phu.html,https://luachonnhadat.vn/nha-dat/cho-thue-nha-goc-2-mt-duong-so-78-p-10-q-6-nha-3-5-tam-6-x-16m-gia-23-trieu-thang-khu-binh-phu.html,2024-05-06,2026-06-03T08:41:21Z,4,23,239583.33333333337,0,1
luachonnhadat,rent,luachonnhadat_46171,luachonnhadat_46171,"Cho thuê nhà MT đường Số 1B, P. Bình Trị Đông, 4 x 20m, cấp 4, giá 10 triệu/tháng. khu Tên Lửa",10000000,10 Triệu/tháng,80,NA,"Bình Tân, Hồ Chí Minh",Unknown,NA,Bình Tân,NA,Nhà phố,NA,NA,https://luachonnhadat.vn/vnt_upload/product/08_2023/613.jpg,https://luachonnhadat.vn/nha-dat/cho-thue-nha-mt-duong-so-1b-p-binh-tri-dong-4-x-20m-cap-4-gia-10-trieu-thang-khu-ten-lua.html,https://luachonnhadat.vn/nha-dat/cho-thue-nha-mt-duong-so-1b-p-binh-tri-dong-4-x-20m-cap-4-gia-10-trieu-thang-khu-ten-lua.html,2024-04-23,2026-06-03T08:41:21Z,4,10,125000,0,1
luachonnhadat,rent,luachonnhadat_46870,luachonnhadat_46870,"Cho thuê nhà MT đường Số 25, P.10, Q.6, nhà 4 tấm, 4.5 x 20m, giá 23 triệu/tháng. khu Bình Phú",25000000,25 Triệu/tháng,90,NA,"Quận 6, Hồ Chí Minh",Unknown,NA,Quận 6,NA,Nhà phố,NA,NA,https://luachonnhadat.vn/vnt_upload/product/04_2024/985.jpg.jpg,https://luachonnhadat.vn/nha-dat/cho-thue-nha-mt-duong-so-25-p-10-q-6-nha-4-tam-4-5-x-20m-gia-23-trieu-thang-khu-binh-phu.html,https://luachonnhadat.vn/nha-dat/cho-thue-nha-mt-duong-so-25-p-10-q-6-nha-4-tam-4-5-x-20m-gia-23-trieu-thang-khu-binh-phu.html,2024-04-19,2026-06-03T08:41:21Z,4,25,277777.77777777775,0,1
luachonnhadat,rent,luachonnhadat_46868,luachonnhadat_46868,"Cho thuê nhà MT đường Số 7A, P. Bình Trị Đông B, 5 x 20m, 3.5 tấm, giá 28 triệu/tháng. gần Aeon Mall",28000000,28 Triệu/tháng,100,NA,"Bình Tân, Hồ Chí Minh",Unknown,NA,Bình Tân,NA,Nhà phố,NA,NA,https://luachonnhadat.vn/vnt_upload/product/04_2024/979.jpg.jpg,https://luachonnhadat.vn/nha-dat/cho-thue-nha-mt-duong-so-7a-p-binh-tri-dong-b-5-x-20m-3-5-tam-gia-28-trieu-thang-gan-aeon-mall.html,https://luachonnhadat.vn/nha-dat/cho-thue-nha-mt-duong-so-7a-p-binh-tri-dong-b-5-x-20m-3-5-tam-gia-28-trieu-thang-gan-aeon-mall.html,2024-04-18,2026-06-03T08:41:21Z,4,28,280000,0,1
luachonnhadat,rent,luachonnhadat_46856,luachonnhadat_46856,"Cho thuê nhà Hẻm 541 Tỉnh Lộ 10, P. Bình Trị Đông B, 4 x 13m, cấp 4, giá 8 triệu/tháng",8000000,8 Triệu/tháng,52,NA,"Bình Tân, Hồ Chí Minh",Unknown,NA,Bình Tân,NA,Nhà phố,NA,NA,https://luachonnhadat.vn/vnt_upload/product/04_2024/876.jpg.jpg,https://luachonnhadat.vn/nha-dat/cho-thue-nha-hem-541-tinh-lo-10-p-binh-tri-dong-b-4-x-13m-cap-4-gia-8-trieu-thang.html,https://luachonnhadat.vn/nha-dat/cho-thue-nha-hem-541-tinh-lo-10-p-binh-tri-dong-b-4-x-13m-cap-4-gia-8-trieu-thang.html,2024-04-16,2026-06-03T08:41:21Z,4,8,153846.15384615384,0,1
luachonnhadat,rent,luachonnhadat_46838,luachonnhadat_46838,"Cho thuê nhà Góc 2 MT đường Số 19, P. Bình Trị Đông B, 4.5 x 20m, 4.5 tấm, giá 40 triệu/tháng",40000000,40 Triệu/tháng,90,NA,"Bình Tân, Hồ Chí Minh",Unknown,NA,Bình Tân,NA,Nhà phố,NA,NA,https://luachonnhadat.vn/vnt_upload/product/04_2024/794.jpg.jpg,https://luachonnhadat.vn/nha-dat/cho-thue-nha-goc-2-mt-duong-so-19-p-bi-nh-tri-dong-b-4-5-x-20m-4-5-tam-gia-40-trieu-thang.html,https://luachonnhadat.vn/nha-dat/cho-thue-nha-goc-2-mt-duong-so-19-p-bi-nh-tri-dong-b-4-5-x-20m-4-5-tam-gia-40-trieu-thang.html,2024-04-13,2026-06-03T08:41:21Z,4,40,444444.4444444445,0,1
luachonnhadat,rent,luachonnhadat_46808,luachonnhadat_46808,"Cho thuê nhà MT đường Tỉnh Lộ 10, P. Bình Trị Đông, DT 9 x 25m, cấp 4, giá 75 triệu/tháng",70000000,70 Triệu/tháng,225,NA,"Bình Tân, Hồ Chí Minh",Unknown,NA,Bình Tân,NA,Nhà phố,NA,NA,https://luachonnhadat.vn/vnt_upload/product/04_2024/489.jpg.jpg,https://luachonnhadat.vn/nha-dat/cho-thue-nha-mt-duong-tinh-lo-10-p-binh-tri-dong-dt-9-x-25m-cap-4-gia-75-trieu-thang.html,https://luachonnhadat.vn/nha-dat/cho-thue-nha-mt-duong-tinh-lo-10-p-binh-tri-dong-dt-9-x-25m-cap-4-gia-75-trieu-thang.html,2024-04-11,2026-06-03T08:41:21Z,4,70,311111.1111111111,0,1
luachonnhadat,rent,luachonnhadat_46193,luachonnhadat_46193,"Cho thuê nhà MT đường Kinh Dương Vương, P.12, Q.6, DT 4 x 12m, 3.5 tấm, giá 25 triệu/tháng",25000000,25 Triệu/tháng,48,NA,"Quận 6, Hồ Chí Minh",Unknown,NA,Quận 6,NA,Nhà phố,NA,NA,https://luachonnhadat.vn/vnt_upload/product/08_2023/882_1.jpg,https://luachonnhadat.vn/nha-dat/cho-thue-nha-mt-duong-kinh-duong-vuong-p-12-q-6-dt-4-x-12m-3-5-tam-gia-25-trieu-thang.html,https://luachonnhadat.vn/nha-dat/cho-thue-nha-mt-duong-kinh-duong-vuong-p-12-q-6-dt-4-x-12m-3-5-tam-gia-25-trieu-thang.html,2024-04-10,2026-06-03T08:41:21Z,4,25,520833.3333333333,0,1
luachonnhadat,rent,luachonnhadat_40546,luachonnhadat_40546,"Cho thuê nhà MT đường Trần Văn Giàu, P. Tân Tạo, 4.5 x 18m, 3 tấm, giá 18 triệu/tháng. gần Pouyuen",18000000,18 Triệu/tháng,81,NA,"Bình Tân, Hồ Chí Minh",Unknown,NA,Bình Tân,NA,Nhà phố,NA,NA,https://luachonnhadat.vn/vnt_upload/product/08_2023/769.jpg,https://luachonnhadat.vn/nha-dat/cho-thue-nha-mt-duong-tran-van-giau-p-tan-tao-4-5-x-18m-3-tam-gia-18-trieu-thang-gan-pouyuen.html,https://luachonnhadat.vn/nha-dat/cho-thue-nha-mt-duong-tran-van-giau-p-tan-tao-4-5-x-18m-3-tam-gia-18-trieu-thang-gan-pouyuen.html,2024-04-09,2026-06-03T08:41:21Z,4,18,222222.22222222225,0,1
luachonnhadat,rent,luachonnhadat_45963,luachonnhadat_45963,"Cho thuê nhà MT đường Số 7, P. An Lạc A, 6 x 20m, 3.5 tấm, giá 35 triệu/tháng. khu Tên Lửa",35000000,35 Triệu/tháng,120,NA,"Bình Tân, Hồ Chí Minh",Unknown,NA,Bình Tân,NA,Nhà phố,NA,NA,https://luachonnhadat.vn/vnt_upload/product/05_2023/925.jpg,https://luachonnhadat.vn/nha-dat/cho-thue-nha-mt-duong-so-7-p-an-lac-a-6-x-20m-3-5-tam-gia-35-trieu-thang-khu-ten-lua.html,https://luachonnhadat.vn/nha-dat/cho-thue-nha-mt-duong-so-7-p-an-lac-a-6-x-20m-3-5-tam-gia-35-trieu-thang-khu-ten-lua.html,2024-04-08,2026-06-03T08:41:21Z,4,35,291666.6666666667,0,1
luachonnhadat,rent,luachonnhadat_45965,luachonnhadat_45965,"Cho thuê nhà MT đường Số 46, P. Tân Tạo, 10 x 18m, 3.5 tấm, giá 40 triệu/tháng. khu Tên Lửa Pouyuen",40000000,40 Triệu/tháng,180,NA,"Bình Tân, Hồ Chí Minh",Unknown,NA,Bình Tân,NA,Nhà phố,NA,NA,https://luachonnhadat.vn/vnt_upload/product/05_2023/936.jpg,https://luachonnhadat.vn/nha-dat/cho-thue-nha-mt-duong-so-46-p-tan-tao-10-x-18m-3-5-tam-gia-40-trieu-thang-khu-ten-lua-pouyuen.html,https://luachonnhadat.vn/nha-dat/cho-thue-nha-mt-duong-so-46-p-tan-tao-10-x-18m-3-5-tam-gia-40-trieu-thang-khu-ten-lua-pouyuen.html,2024-04-01,2026-06-03T08:41:21Z,4,40,222222.22222222225,0,1
luachonnhadat,rent,luachonnhadat_6927,luachonnhadat_6927,"Cho thuê đất Góc 2 MT đường Số 5, P. Bình Trị Đông B, 11 x 22m giá 25 triệu/tháng. khu Tên Lửa",25000000,25 Triệu/tháng,242,NA,"Bình Tân, Hồ Chí Minh",Unknown,NA,Bình Tân,NA,Đất,NA,NA,https://luachonnhadat.vn/vnt_upload/product/10_2022/577.jpg,https://luachonnhadat.vn/nha-dat/cho-thue-dat-goc-2-mt-duong-so-5-p-binh-tri-dong-b-11-x-22m-gia-25-trieu-thang-khu-ten-lua.html,https://luachonnhadat.vn/nha-dat/cho-thue-dat-goc-2-mt-duong-so-5-p-binh-tri-dong-b-11-x-22m-gia-25-trieu-thang-khu-ten-lua.html,2024-03-30,2026-06-03T08:41:21Z,4,25,103305.78512396694,0,1
luachonnhadat,rent,luachonnhadat_46091,luachonnhadat_46091,"Cho thuê nhà 2 MT đường Lê Tuấn Mậu, P.13, Q.6, nhà 2.5 tấm, 4.5 x 25m, giá 45 triệu/tháng",45000000,45 Triệu/tháng,112,NA,"Quận 6, Hồ Chí Minh",Unknown,NA,Quận 6,NA,Nhà phố,NA,NA,https://luachonnhadat.vn/vnt_upload/product/07_2023/59.jpg,https://luachonnhadat.vn/nha-dat/cho-thue-nha-2-mt-duong-le-tuan-mau-p-13-q-6-nha-2-5-tam-4-5-x-25m-gia-45-trieu-thang.html,https://luachonnhadat.vn/nha-dat/cho-thue-nha-2-mt-duong-le-tuan-mau-p-13-q-6-nha-2-5-tam-4-5-x-25m-gia-45-trieu-thang.html,2024-03-30,2026-06-03T08:41:21Z,4,45,401785.71428571426,0,1
luachonnhadat,rent,luachonnhadat_46769,luachonnhadat_46769,"Cho thuê kho MT đường An Dương Vương, P.16, Q.8, nhà cấp 4, DT 12.5 x 62m, giá 76 triệu/tháng",76000000,76 Triệu/tháng,775,NA,"Quận 8, Hồ Chí Minh",Unknown,NA,Quận 8,NA,Nhà phố,NA,NA,https://luachonnhadat.vn/vnt_upload/product/03_2024/19.jpg.jpg,https://luachonnhadat.vn/nha-dat/cho-thue-kho-mt-duong-an-duong-vuong-p-16-q-8-nha-cap-4-dt-12-5-x-62m-gia-76-trieu-thang.html,https://luachonnhadat.vn/nha-dat/cho-thue-kho-mt-duong-an-duong-vuong-p-16-q-8-nha-cap-4-dt-12-5-x-62m-gia-76-trieu-thang.html,2024-03-22,2026-06-03T08:41:21Z,4,76,98064.51612903226,0,1
luachonnhadat,rent,luachonnhadat_46768,luachonnhadat_46768,"Cho thuê nhà MT đường Vành Đai Trong, P. Bình Trị Đông B, 6 x 20m, 3.5 tấm, giá 60 triệu/tháng",60000000,60 Triệu/tháng,120,NA,"Bình Tân, Hồ Chí Minh",Unknown,NA,Bình Tân,NA,Nhà phố,NA,NA,https://luachonnhadat.vn/vnt_upload/product/03_2024/10.jpg.jpg,https://luachonnhadat.vn/nha-dat/cho-thue-nha-mt-duong-vanh-dai-trong-p-binh-tri-dong-b-6-x-20m-3-5-tam-gia-60-trieu-thang.html,https://luachonnhadat.vn/nha-dat/cho-thue-nha-mt-duong-vanh-dai-trong-p-binh-tri-dong-b-6-x-20m-3-5-tam-gia-60-trieu-thang.html,2024-03-22,2026-06-03T08:41:21Z,4,60,500000,0,1
luachonnhadat,rent,luachonnhadat_43450,luachonnhadat_43450,"Cho thuê nhà Hẻm 933 Tỉnh Lộ 10, P. Tân Tạo, 4 x 16m, 2 tấm, giá 15 triệu/tháng",15000000,15 Triệu/tháng,64,NA,"Bình Tân, Hồ Chí Minh",Unknown,NA,Bình Tân,NA,Nhà phố,NA,NA,https://luachonnhadat.vn/vnt_upload/product/01_2022/944_1.jpg,https://luachonnhadat.vn/nha-dat/cho-thue-nha-hem-933-tinh-lo-10-p-tan-tao-4-x-16m-2-tam-gia-15-trieu-thang.html,https://luachonnhadat.vn/nha-dat/cho-thue-nha-hem-933-tinh-lo-10-p-tan-tao-4-x-16m-2-tam-gia-15-trieu-thang.html,2024-03-15,2026-06-03T08:41:21Z,4,15,234375,0,1
luachonnhadat,rent,luachonnhadat_46717,luachonnhadat_46717,"Cho thuê nhà MT đường Phan Văn Khoẻ, P.5, Q.6, nhà 1 lầu, 3.5 x 18m, giá 20 triệu/tháng",20000000,20 Triệu/tháng,63,NA,"Quận 6, Hồ Chí Minh",Unknown,NA,Quận 6,NA,Nhà phố,NA,NA,https://luachonnhadat.vn/vnt_upload/product/03_2024/340.jpg,https://luachonnhadat.vn/nha-dat/cho-thue-nha-mt-duong-phan-van-khoe-p-5-q-6-nha-1-lau-3-5-x-18m-gia-20-trieu-thang.html,https://luachonnhadat.vn/nha-dat/cho-thue-nha-mt-duong-phan-van-khoe-p-5-q-6-nha-1-lau-3-5-x-18m-gia-20-trieu-thang.html,2024-03-06,2026-06-03T08:41:21Z,4,20,317460.31746031746,0,1
luachonnhadat,rent,luachonnhadat_43976,luachonnhadat_43976,"Cho thuê nhà Góc 2 MT đường Bình Phú, P.11, Q.6, nhà 3 tấm, 9 x 3.5m, giá 25 triệu/tháng.",25000000,25 Triệu/tháng,31,NA,"Quận 6, Hồ Chí Minh",Unknown,NA,Quận 6,NA,Nhà phố,NA,NA,https://luachonnhadat.vn/vnt_upload/product/05_2022/6_2.jpg,https://luachonnhadat.vn/nha-dat/cho-thue-nha-goc-2-mt-duong-binh-phu-p-11-q-6-nha-3-tam-9-x-3-5m-gia-25-trieu-thang-.html,https://luachonnhadat.vn/nha-dat/cho-thue-nha-goc-2-mt-duong-binh-phu-p-11-q-6-nha-3-tam-9-x-3-5m-gia-25-trieu-thang-.html,2024-03-05,2026-06-03T08:41:21Z,4,25,806451.6129032258,0,1
luachonnhadat,rent,luachonnhadat_46679,luachonnhadat_46679,"Cho thuê nhà MT đường Phạm Văn Chí, P. 7, Q. 6, DT 5 x 16m, 3 tấm, giá 25 triệu/tháng",25000000,25 Triệu/tháng,80,NA,"Quận 6, Hồ Chí Minh",Unknown,NA,Quận 6,NA,Nhà phố,NA,NA,https://luachonnhadat.vn/vnt_upload/product/02_2024/762.jpg,https://luachonnhadat.vn/nha-dat/cho-thue-nha-mt-duong-pham-van-chi-p-7-q-6-dt-5-x-16m-3-tam-gia-25-trieu-thang.html,https://luachonnhadat.vn/nha-dat/cho-thue-nha-mt-duong-pham-van-chi-p-7-q-6-dt-5-x-16m-3-tam-gia-25-trieu-thang.html,2024-03-04,2026-06-03T08:41:21Z,4,25,312500,0,1
luachonnhadat,rent,luachonnhadat_46700,luachonnhadat_46700,"Cho thuê nhà góc 2 MT đường Số 34, khu Tên Lửa, 5 x 20m, 4 tấm, giá 27 triệu/tháng. gần Aeon Mall",27000000,27 Triệu/tháng,100,NA,"Bình Tân, Hồ Chí Minh",Unknown,NA,Bình Tân,NA,Nhà phố,NA,NA,https://luachonnhadat.vn/vnt_upload/product/03_2024/48.jpg,https://luachonnhadat.vn/nha-dat/cho-thue-nha-goc-2-mt-duong-so-34-khu-ten-lua-5-x-20m-4-tam-gia-27-trieu-thang-gan-aeon-mall.html,https://luachonnhadat.vn/nha-dat/cho-thue-nha-goc-2-mt-duong-so-34-khu-ten-lua-5-x-20m-4-tam-gia-27-trieu-thang-gan-aeon-mall.html,2024-03-01,2026-06-03T08:41:21Z,4,27,270000,0,1
luachonnhadat,rent,luachonnhadat_46694,luachonnhadat_46694,"Cho thuê nhà MT đường Số 12, P. 13, Q.6, nhà 3.5 tấm, 4 x 17m, giá 18.5 triệu/tháng. Cư xá Rada",18500000,18.5 Triệu/tháng,68,NA,"Quận 6, Hồ Chí Minh",Unknown,NA,Quận 6,NA,Nhà phố,NA,NA,https://luachonnhadat.vn/vnt_upload/product/02_2024/987.jpg,https://luachonnhadat.vn/nha-dat/cho-thue-nha-mt-duong-so-12-p-13-q-6-nha-3-5-tam-4-x-17m-gia-18-5-trieu-thang-cu-xa-rada.html,https://luachonnhadat.vn/nha-dat/cho-thue-nha-mt-duong-so-12-p-13-q-6-nha-3-5-tam-4-x-17m-gia-18-5-trieu-thang-cu-xa-rada.html,2024-02-28,2026-06-03T08:41:21Z,4,18.5,272058.82352941175,0,1
luachonnhadat,rent,luachonnhadat_42054,luachonnhadat_42054,"Cho thuê khách sạn MT đường Số 1C, P. Bình Trị Đông B, 5 x 20m, 4 tấm, giá 25 triệu/tháng. gần Aeon",25000000,25 Triệu/tháng,100,NA,"Bình Tân, Hồ Chí Minh",Unknown,NA,Bình Tân,NA,Khách sạn,NA,NA,https://luachonnhadat.vn/vnt_upload/product/11_2021/764.jpg,https://luachonnhadat.vn/nha-dat/cho-thue-khach-san-mt-duong-so-1c-p-binh-tri-dong-b-5-x-20m-4-tam-gia-25-trieu-thang-gan-aeon.html,https://luachonnhadat.vn/nha-dat/cho-thue-khach-san-mt-duong-so-1c-p-binh-tri-dong-b-5-x-20m-4-tam-gia-25-trieu-thang-gan-aeon.html,2024-02-28,2026-06-03T08:41:21Z,4,25,250000,0,1
luachonnhadat,rent,luachonnhadat_46398,luachonnhadat_46398,"Cho thuê nhà MT đường Tỉnh Lộ 10, P. An Lạc A, 4.1 x 24m, NH 4.4m, 5 tấm, giá 30 triệu/tháng",30000000,30 Triệu/tháng,98,NA,"Bình Tân, Hồ Chí Minh",Unknown,NA,Bình Tân,NA,Nhà phố,NA,NA,https://luachonnhadat.vn/vnt_upload/product/11_2023/551.jpg,https://luachonnhadat.vn/nha-dat/cho-thue-nha-mt-duong-tinh-lo-10-p-an-lac-a-4-1-x-24m-nh-4-4m-5-tam-gia-30-trieu-thang.html,https://luachonnhadat.vn/nha-dat/cho-thue-nha-mt-duong-tinh-lo-10-p-an-lac-a-4-1-x-24m-nh-4-4m-5-tam-gia-30-trieu-thang.html,2024-02-23,2026-06-03T08:41:21Z,4,30,306122.44897959183,0,1
luachonnhadat,rent,luachonnhadat_46613,luachonnhadat_46613,"Cho thuê đất MT đường Số 30, P. Bình Trị Đông B, 10 x 20m, giá 15 triệu/tháng. khu Tên Lửa gần Aeon",15000000,15 Triệu/tháng,200,NA,"Bình Tân, Hồ Chí Minh",Unknown,NA,Bình Tân,NA,Đất,NA,NA,https://luachonnhadat.vn/vnt_upload/product/01_2024/289.jpg,https://luachonnhadat.vn/nha-dat/cho-thue-dat-mt-duong-so-30-p-binh-tri-dong-b-10-x-20m-gia-15-trieu-thang-khu-ten-lua-gan-aeon.html,https://luachonnhadat.vn/nha-dat/cho-thue-dat-mt-duong-so-30-p-binh-tri-dong-b-10-x-20m-gia-15-trieu-thang-khu-ten-lua-gan-aeon.html,2024-02-23,2026-06-03T08:41:21Z,4,15,75000,0,1
luachonnhadat,rent,luachonnhadat_46596,luachonnhadat_46596,"Cho thuê nhà MT đường Số 10, P.13, Q.6, DT 4 x 17m, 1 lầu, giá 22 triệu/tháng. Cư Xá Rada",22000000,22 Triệu/tháng,68,NA,"Quận 6, Hồ Chí Minh",Unknown,NA,Quận 6,NA,Nhà phố,NA,NA,https://luachonnhadat.vn/vnt_upload/product/01_2024/148.jpg,https://luachonnhadat.vn/nha-dat/cho-thue-nha-mt-duong-so-10-p-13-q-6-dt-4-x-17m-1-lau-gia-22-trieu-thang-cu-xa-rada.html,https://luachonnhadat.vn/nha-dat/cho-thue-nha-mt-duong-so-10-p-13-q-6-dt-4-x-17m-1-lau-gia-22-trieu-thang-cu-xa-rada.html,2024-02-22,2026-06-03T08:41:21Z,4,22,323529.4117647059,0,1
luachonnhadat,rent,luachonnhadat_45537,luachonnhadat_45537,"Cho thuê nhà MT đường Bình Tây, P.1, Q.6, nhà 3.5 tấm, 4.5 x 19.5m, giá 25 triệu/tháng.",25000000,25 Triệu/tháng,87,NA,"Quận 6, Hồ Chí Minh",Unknown,NA,Quận 6,NA,Nhà phố,NA,NA,https://luachonnhadat.vn/vnt_upload/product/12_2022/114.jpg,https://luachonnhadat.vn/nha-dat/cho-thue-nha-mt-duong-binh-tay-p-1-q-6-nha-3-5-tam-4-5-x-19-5m-gia-25-trieu-thang-.html,https://luachonnhadat.vn/nha-dat/cho-thue-nha-mt-duong-binh-tay-p-1-q-6-nha-3-5-tam-4-5-x-19-5m-gia-25-trieu-thang-.html,2024-02-19,2026-06-03T08:41:21Z,4,25,287356.3218390805,0,1
luachonnhadat,rent,luachonnhadat_45384,luachonnhadat_45384,"Cho thuê nhà MT đường Lý Chiêu Hoàng, P.10, Q.6, DT 24.5 x 46.62m, cấp 4m, giá 120 triệu/tháng",120000000,120 Triệu/tháng,1141,NA,"Quận 6, Hồ Chí Minh",Unknown,NA,Quận 6,NA,Nhà phố,NA,NA,https://luachonnhadat.vn/vnt_upload/product/10_2022/311576236_845525486639214_7866010128873391206_n.jpg,https://luachonnhadat.vn/nha-dat/cho-thue-nha-mt-duong-ly-chieu-hoang-p-10-q-6-dt-24-5-x-46-62m-cap-4m-gia-120-trieu-thang.html,https://luachonnhadat.vn/nha-dat/cho-thue-nha-mt-duong-ly-chieu-hoang-p-10-q-6-dt-24-5-x-46-62m-cap-4m-gia-120-trieu-thang.html,2024-01-30,2026-06-03T08:41:21Z,4,120,105170.902716915,0,1
luachonnhadat,rent,luachonnhadat_46543,luachonnhadat_46543,"Cho thuê đất Góc 2 MT đường Số 1, P. Bình Trị Đông B, 10 x 20m, giá 22 triệu/tháng. gần Aeon Mall",20000000,20 Triệu/tháng,200,NA,"Bình Tân, Hồ Chí Minh",Unknown,NA,Bình Tân,NA,Đất,NA,NA,https://luachonnhadat.vn/vnt_upload/product/12_2023/663.jpg,https://luachonnhadat.vn/nha-dat/cho-thue-dat-goc-2-mt-duong-so-1-p-binh-tri-dong-b-10-x-20m-gia-22-trieu-thang-gan-aeon-mall.html,https://luachonnhadat.vn/nha-dat/cho-thue-dat-goc-2-mt-duong-so-1-p-binh-tri-dong-b-10-x-20m-gia-22-trieu-thang-gan-aeon-mall.html,2023-12-25,2026-06-03T08:41:21Z,4,20,100000,0,1
luachonnhadat,rent,luachonnhadat_46503,luachonnhadat_46503,"Cho thuê nhà Hẻm 860 An Dương Vương, P.13, Q.6, nhà 1 lầu, 4 x 12.5m, giá 9 triệu/tháng",9000000,9 Triệu/tháng,50,NA,"Quận 6, Hồ Chí Minh",Unknown,NA,Quận 6,NA,Nhà phố,NA,NA,https://luachonnhadat.vn/vnt_upload/product/12_2023/376.jpg,https://luachonnhadat.vn/nha-dat/cho-thue-nha-hem-860-an-duong-vuong-p-13-q-6-nha-1-lau-4-x-12-5m-gia-9-trieu-thang.html,https://luachonnhadat.vn/nha-dat/cho-thue-nha-hem-860-an-duong-vuong-p-13-q-6-nha-1-lau-4-x-12-5m-gia-9-trieu-thang.html,2023-12-12,2026-06-03T08:41:21Z,4,9,180000,0,1
luachonnhadat,rent,luachonnhadat_43896,luachonnhadat_43896,"Cho thuê nhà MT đường Kinh Dương Vương, P.12, Q.6, nhà 5 tấm + hầm, 10 x 35m, giá 210 triệu/tháng",210000000,210 Triệu/tháng,350,NA,"Quận 6, Hồ Chí Minh",Unknown,NA,Quận 6,NA,Nhà phố,NA,NA,https://luachonnhadat.vn/vnt_upload/product/04_2022/553.jpg,https://luachonnhadat.vn/nha-dat/cho-thue-nha-mt-duong-kinh-duong-vuong-p-12-q-6-nha-5-tam-ham-10-x-35m-gia-210-trieu-thang.html,https://luachonnhadat.vn/nha-dat/cho-thue-nha-mt-duong-kinh-duong-vuong-p-12-q-6-nha-5-tam-ham-10-x-35m-gia-210-trieu-thang.html,2023-12-04,2026-06-03T08:41:21Z,4,210,600000,0,1
luachonnhadat,rent,luachonnhadat_46472,luachonnhadat_46472,"Cho thuê nhà Hẻm 532 Kinh Dương Vương, P. Bình Trị Đông B, 5.2 x 10m, 4.5 tấm, giá 15 triệu/tháng",15000000,15 Triệu/tháng,52,NA,"Bình Tân, Hồ Chí Minh",Unknown,NA,Bình Tân,NA,Nhà phố,NA,NA,https://luachonnhadat.vn/vnt_upload/product/11_2023/94.jpg,https://luachonnhadat.vn/nha-dat/cho-thue-nha-hem-532-kinh-duong-vuong-p-binh-tri-dong-b-5-2-x-10m-4-5-tam-gia-15-trieu-thang.html,https://luachonnhadat.vn/nha-dat/cho-thue-nha-hem-532-kinh-duong-vuong-p-binh-tri-dong-b-5-2-x-10m-4-5-tam-gia-15-trieu-thang.html,2023-11-29,2026-06-03T08:41:21Z,4,15,288461.53846153844,0,1
luachonnhadat,rent,luachonnhadat_46413,luachonnhadat_46413,"Cho thuê kho xưởng Hẻm 735 Quốc lộ 1, P. Bình Hưng Hòa B, 30 x 50m, giá 55 triệu/tháng",55000000,55 Triệu/tháng,1500,NA,"Bình Tân, Hồ Chí Minh",Unknown,NA,Bình Tân,NA,Nhà xưởng,NA,NA,https://luachonnhadat.vn/vnt_upload/product/10_2023/logo1_1.png,https://luachonnhadat.vn/nha-dat/cho-thue-kho-xuong-hem-735-quoc-lo-1-p-binh-hung-hoa-b-30-x-50m-gia-55-trieu-thang.html,https://luachonnhadat.vn/nha-dat/cho-thue-kho-xuong-hem-735-quoc-lo-1-p-binh-hung-hoa-b-30-x-50m-gia-55-trieu-thang.html,2023-11-04,2026-06-03T08:41:21Z,4,55,36666.666666666664,0,1
luachonnhadat,rent,luachonnhadat_46399,luachonnhadat_46399,"Cho thuê căn hộ Block C CC Moonlight Park View, DT 70.7m2, tặng hết nội thất, 2 PN, 2WC, giá 12triệu",12000000,12 Triệu/tháng,70,NA,"Bình Tân, Hồ Chí Minh",Unknown,NA,Bình Tân,NA,Căn hộ,NA,NA,https://luachonnhadat.vn/vnt_upload/product/11_2023/552.jpg,https://luachonnhadat.vn/nha-dat/cho-thue-can-ho-block-c-cc-moonlight-park-view-dt-70-7m2-tang-het-noi-that-2-pn-2wc-gia-12trieu.html,https://luachonnhadat.vn/nha-dat/cho-thue-can-ho-block-c-cc-moonlight-park-view-dt-70-7m2-tang-het-noi-that-2-pn-2wc-gia-12trieu.html,2023-11-03,2026-06-03T08:41:21Z,4,12,171428.57142857142,0,1
luachonnhadat,rent,luachonnhadat_44755,luachonnhadat_44755,"Cho thuê nhà MT đường số 12, P. An Lạc, DT 8 x 7m, 4 tấm, giá 20 triệu/tháng. khu Tên Lửa",20000000,20 Triệu/tháng,56,NA,"Bình Tân, Hồ Chí Minh",Unknown,NA,Bình Tân,NA,Nhà phố,NA,NA,https://luachonnhadat.vn/vnt_upload/product/09_2022/12_1.jpg,https://luachonnhadat.vn/nha-dat/cho-thue-nha-mt-duong-so-12-p-an-lac-dt-8-x-7m-4-tam-gia-20-trieu-thang-khu-ten-lua.html,https://luachonnhadat.vn/nha-dat/cho-thue-nha-mt-duong-so-12-p-an-lac-dt-8-x-7m-4-tam-gia-20-trieu-thang-khu-ten-lua.html,2023-10-27,2026-06-03T08:41:21Z,4,20,357142.85714285716,0,1
luachonnhadat,rent,luachonnhadat_43727,luachonnhadat_43727,"Cho thuê đất Góc 2 MT đường Số 13B, P. Bình Trị Đông B, 10 x 26m, giá 25tr/tháng. khu Tên Lửa Aoen",25000000,25 Triệu/tháng,260,NA,"Bình Tân, Hồ Chí Minh",Unknown,NA,Bình Tân,NA,Đất,NA,NA,https://luachonnhadat.vn/vnt_upload/product/03_2022/227.jpg,https://luachonnhadat.vn/nha-dat/cho-thue-dat-goc-2-mt-duong-so-13b-p-binh-tri-dong-b-10-x-26m-gia-25tr-thang-khu-ten-lua-aoen.html,https://luachonnhadat.vn/nha-dat/cho-thue-dat-goc-2-mt-duong-so-13b-p-binh-tri-dong-b-10-x-26m-gia-25tr-thang-khu-ten-lua-aoen.html,2023-10-16,2026-06-03T08:41:21Z,4,25,96153.84615384616,0,1
luachonnhadat,rent,luachonnhadat_2581,luachonnhadat_2581,"Cho thuê nhà Góc 2 MT đường Kinh Dương Vương, P. An Lạc, 10 x 59m, 3 tấm, giá 200 triệu/tháng",200000000,200 Triệu/tháng,590,NA,"Bình Tân, Hồ Chí Minh",Unknown,NA,Bình Tân,NA,Nhà phố,NA,NA,https://luachonnhadat.vn/vnt_upload/product/07_2022/813.jpg,https://luachonnhadat.vn/nha-dat/cho-thue-nha-goc-2-mt-duong-kinh-duong-vuong-p-an-lac-10-x-59m-3-tam-gia-200-trieu-thang.html,https://luachonnhadat.vn/nha-dat/cho-thue-nha-goc-2-mt-duong-kinh-duong-vuong-p-an-lac-10-x-59m-3-tam-gia-200-trieu-thang.html,2023-09-28,2026-06-03T08:41:21Z,4,200,338983.0508474576,0,1
luachonnhadat,rent,luachonnhadat_46275,luachonnhadat_46275,"Cho thuê nhà MT đường Số 14, P. An Lạc A, 8 x 13.5m, 3 tấm, giá 24 triệu/tháng. khu Tên Lửa",24000000,24 Triệu/tháng,108,NA,"Bình Tân, Hồ Chí Minh",Unknown,NA,Bình Tân,NA,Nhà phố,NA,NA,https://luachonnhadat.vn/vnt_upload/product/09_2023/616.jpg,https://luachonnhadat.vn/nha-dat/cho-thue-nha-mt-duong-so-14-p-an-lac-a-8-x-13-5m-3-tam-gia-24-trieu-thang-khu-ten-lua.html,https://luachonnhadat.vn/nha-dat/cho-thue-nha-mt-duong-so-14-p-an-lac-a-8-x-13-5m-3-tam-gia-24-trieu-thang-khu-ten-lua.html,2023-09-22,2026-06-03T08:41:21Z,4,24,222222.22222222225,0,1
luachonnhadat,rent,luachonnhadat_46084,luachonnhadat_46084,"Cho thuê nhà MT đường Số 36, P. Bình Trị Đông B, 4 x 17m, 3 tấm, giá 20 triệu/tháng. khu Tên Lửa",20000000,20 Triệu/tháng,68,NA,"Bình Tân, Hồ Chí Minh",Unknown,NA,Bình Tân,NA,Nhà phố,NA,NA,https://luachonnhadat.vn/vnt_upload/product/07_2023/13.jpg,https://luachonnhadat.vn/nha-dat/cho-thue-nha-mt-duong-so-36-p-binh-tri-dong-b-4-x-17m-3-tam-gia-20-trieu-thang-khu-ten-lua.html,https://luachonnhadat.vn/nha-dat/cho-thue-nha-mt-duong-so-36-p-binh-tri-dong-b-4-x-17m-3-tam-gia-20-trieu-thang-khu-ten-lua.html,2023-09-22,2026-06-03T08:41:21Z,4,20,294117.64705882355,0,1
luachonnhadat,rent,luachonnhadat_46266,luachonnhadat_46266,"Cho thuê nhà Góc 2 MT đường Minh Phụng, P.6, Q.6, nhà 1 lầu, 5.5 x 26m, NH 8m, giá 55 triệu/tháng",55000000,55 Triệu/tháng,143,NA,"Quận 6, Hồ Chí Minh",Unknown,NA,Quận 6,NA,Nhà phố,NA,NA,https://luachonnhadat.vn/vnt_upload/product/09_2023/498_1.jpg,https://luachonnhadat.vn/nha-dat/cho-thue-nha-goc-2-mt-duong-minh-phung-p-6-q-6-nha-1-lau-5-5-x-26m-nh-8m-gia-55-trieu-thang.html,https://luachonnhadat.vn/nha-dat/cho-thue-nha-goc-2-mt-duong-minh-phung-p-6-q-6-nha-1-lau-5-5-x-26m-nh-8m-gia-55-trieu-thang.html,2023-09-20,2026-06-03T08:41:21Z,4,55,384615.3846153846,0,1
luachonnhadat,rent,luachonnhadat_46249,luachonnhadat_46249,"Cho thuê nhà MT đường Trần Văn Giàu, P. Tân Tạo, 4.5 x 18m, 4 tấm, giá 22 triệu/tháng. gần Pouyuen",22000000,22 Triệu/tháng,81,NA,"Bình Tân, Hồ Chí Minh",Unknown,NA,Bình Tân,NA,Nhà phố,NA,NA,https://luachonnhadat.vn/vnt_upload/product/09_2023/362.jpg,https://luachonnhadat.vn/nha-dat/cho-thue-nha-mt-duong-tran-van-giau-p-tan-tao-4-5-x-18m-4-tam-gia-22-trieu-thang-gan-pouyuen.html,https://luachonnhadat.vn/nha-dat/cho-thue-nha-mt-duong-tran-van-giau-p-tan-tao-4-5-x-18m-4-tam-gia-22-trieu-thang-gan-pouyuen.html,2023-09-15,2026-06-03T08:41:21Z,4,22,271604.93827160494,0,1
luachonnhadat,rent,luachonnhadat_41228,luachonnhadat_41228,"Cho thuê cặp đất MT đường Số 1, P. Bình Trị Đông B. DT 8 x 21m, giá 35 triệu/tháng. khu Tên Lửa",35000000,35 Triệu/tháng,168,NA,"Bình Tân, Hồ Chí Minh",Unknown,NA,Bình Tân,NA,Đất,NA,NA,https://luachonnhadat.vn/vnt_upload/product/12_2022/206.jpg,https://luachonnhadat.vn/nha-dat/cho-thue-cap-dat-mt-duong-so-1-p-binh-tri-dong-b-dt-8-x-21m-gia-35-trieu-thang-khu-ten-lua.html,https://luachonnhadat.vn/nha-dat/cho-thue-cap-dat-mt-duong-so-1-p-binh-tri-dong-b-dt-8-x-21m-gia-35-trieu-thang-khu-ten-lua.html,2023-08-22,2026-06-03T08:41:21Z,4,35,208333.33333333337,0,1
luachonnhadat,rent,luachonnhadat_46191,luachonnhadat_46191,"Cho thuê nhà MT đường Số 14, P. An Lạc A, 4 x 14m, 4.5 tấm, giá 18 triệu/tháng. khu Tên Lửa",18000000,18 Triệu/tháng,56,NA,"Bình Tân, Hồ Chí Minh",Unknown,NA,Bình Tân,NA,Nhà phố,NA,NA,https://luachonnhadat.vn/vnt_upload/product/08_2023/827.jpg,https://luachonnhadat.vn/nha-dat/cho-thue-nha-mt-duong-so-14-p-an-lac-a-4-x-14m-4-5-tam-gia-18-trieu-thang-khu-ten-lua.html,https://luachonnhadat.vn/nha-dat/cho-thue-nha-mt-duong-so-14-p-an-lac-a-4-x-14m-4-5-tam-gia-18-trieu-thang-khu-ten-lua.html,2023-08-18,2026-06-03T08:41:21Z,4,18,321428.5714285714,0,1
luachonnhadat,rent,luachonnhadat_46182,luachonnhadat_46182,"Cho thuê đất MT đường Số 12A, P. Bình Trị Đông B, 10 x 20m, giá 12 triệu/tháng. khu Tên Lửa",12000000,12 Triệu/tháng,200,NA,"Bình Tân, Hồ Chí Minh",Unknown,NA,Bình Tân,NA,Đất,NA,NA,https://luachonnhadat.vn/vnt_upload/product/08_2023/770.jpg,https://luachonnhadat.vn/nha-dat/cho-thue-dat-mt-duong-so-12a-p-binh-tri-dong-b-10-x-20m-gia-12-trieu-thang-khu-ten-lua.html,https://luachonnhadat.vn/nha-dat/cho-thue-dat-mt-duong-so-12a-p-binh-tri-dong-b-10-x-20m-gia-12-trieu-thang-khu-ten-lua.html,2023-08-15,2026-06-03T08:41:21Z,4,12,60000,0,1
luachonnhadat,rent,luachonnhadat_46120,luachonnhadat_46120,"Cho thuê nhà MT đường số 5, P. Bình Trị Đông B, 4 x 20m, 3.5 tấm, giá 50 triệu/tháng. khu Tên Lửa",50000000,50 Triệu/tháng,80,NA,"Bình Tân, Hồ Chí Minh",Unknown,NA,Bình Tân,NA,Nhà phố,NA,NA,https://luachonnhadat.vn/vnt_upload/product/07_2023/261.jpg,https://luachonnhadat.vn/nha-dat/cho-thue-nha-mt-duong-so-5-p-binh-tri-dong-b-4-x-20m-3-5-tam-gia-50-trieu-thang-khu-ten-lua.html,https://luachonnhadat.vn/nha-dat/cho-thue-nha-mt-duong-so-5-p-binh-tri-dong-b-4-x-20m-3-5-tam-gia-50-trieu-thang-khu-ten-lua.html,2023-08-02,2026-06-03T08:41:21Z,4,50,625000,0,1
luachonnhadat,rent,luachonnhadat_46138,luachonnhadat_46138,"Cho thuê kho MT đường Số 18D, P. Bình Hưng Hoà A, 9.5 x 20m, có lửng, giá 20 triệu/tháng",20000000,20 Triệu/tháng,190,NA,"Bình Tân, Hồ Chí Minh",Unknown,NA,Bình Tân,NA,Nhà phố,NA,NA,https://luachonnhadat.vn/vnt_upload/product/08_2023/348.jpg,https://luachonnhadat.vn/nha-dat/cho-thue-kho-mt-duong-so-18d-p-binh-hung-hoa-a-9-5-x-20m-co-lung-gia-20-trieu-thang.html,https://luachonnhadat.vn/nha-dat/cho-thue-kho-mt-duong-so-18d-p-binh-hung-hoa-a-9-5-x-20m-co-lung-gia-20-trieu-thang.html,2023-08-01,2026-06-03T08:41:21Z,4,20,105263.15789473684,0,1
luachonnhadat,rent,luachonnhadat_46137,luachonnhadat_46137,"Cho thuê kho MT đường Số 18D, P. Bình Hưng Hoà A, 8 x 18m, có lửng, giá 18 triệu/tháng",18000000,18 Triệu/tháng,144,NA,"Bình Tân, Hồ Chí Minh",Unknown,NA,Bình Tân,NA,Nhà phố,NA,NA,https://luachonnhadat.vn/vnt_upload/product/08_2023/347.jpg,https://luachonnhadat.vn/nha-dat/cho-thue-kho-mt-duong-so-18d-p-binh-hung-hoa-a-8-x-18m-co-lung-gia-18-trieu-thang.html,https://luachonnhadat.vn/nha-dat/cho-thue-kho-mt-duong-so-18d-p-binh-hung-hoa-a-8-x-18m-co-lung-gia-18-trieu-thang.html,2023-08-01,2026-06-03T08:41:21Z,4,18,125000,0,1
luachonnhadat,rent,luachonnhadat_46136,luachonnhadat_46136,"Cho thuê nhà MT đường Hoàng Văn Hợp, P. An Lạc A, 4.5 x 22m, NH 7.36m, 2 tấm, giá 30 triệu/tháng.",30000000,30 Triệu/tháng,99,NA,"Bình Tân, Hồ Chí Minh",Unknown,NA,Bình Tân,NA,Nhà phố,NA,NA,https://luachonnhadat.vn/vnt_upload/product/08_2023/346.jpg,https://luachonnhadat.vn/nha-dat/cho-thue-nha-mt-duong-hoang-van-hop-p-an-lac-a-4-5-x-22m-nh-7-36m-2-tam-gia-30-trieu-thang-.html,https://luachonnhadat.vn/nha-dat/cho-thue-nha-mt-duong-hoang-van-hop-p-an-lac-a-4-5-x-22m-nh-7-36m-2-tam-gia-30-trieu-thang-.html,2023-08-01,2026-06-03T08:41:21Z,4,30,303030.30303030304,0,1
luachonnhadat,rent,luachonnhadat_46132,luachonnhadat_46132,"Cho thuê nhà MT đường Mã Lò, P. Bình Trị Đông A, 5 x 35m, cấp 4, giá 15 triệu/tháng",15000000,15 Triệu/tháng,175,NA,"Bình Tân, Hồ Chí Minh",Unknown,NA,Bình Tân,NA,Nhà phố,NA,NA,https://luachonnhadat.vn/vnt_upload/product/07_2023/326_1.jpg,https://luachonnhadat.vn/nha-dat/cho-thue-nha-mt-duong-ma-lo-p-binh-tri-dong-a-5-x-35m-cap-4-gia-15-trieu-thang.html,https://luachonnhadat.vn/nha-dat/cho-thue-nha-mt-duong-ma-lo-p-binh-tri-dong-a-5-x-35m-cap-4-gia-15-trieu-thang.html,2023-07-31,2026-06-03T08:41:21Z,4,15,85714.28571428571,0,1
luachonnhadat,rent,luachonnhadat_46113,luachonnhadat_46113,"Cho thuê nhà MT đường Nguyễn Văn Luông, P.12, Q.6, DT 4.6 x 32m, NH 5.8m, 1 lầu, giá 50 triệu/tháng",50000000,50 Triệu/tháng,147,NA,"Quận 6, Hồ Chí Minh",Unknown,NA,Quận 6,NA,Nhà phố,NA,NA,https://luachonnhadat.vn/vnt_upload/product/07_2023/221.jpg,https://luachonnhadat.vn/nha-dat/cho-thue-nha-mt-duong-nguyen-van-luong-p-12-q-6-dt-4-6-x-32m-nh-5-8m-1-lau-gia-50-trieu-thang.html,https://luachonnhadat.vn/nha-dat/cho-thue-nha-mt-duong-nguyen-van-luong-p-12-q-6-dt-4-6-x-32m-nh-5-8m-1-lau-gia-50-trieu-thang.html,2023-07-31,2026-06-03T08:41:21Z,4,50,340136.0544217687,0,1
luachonnhadat,rent,luachonnhadat_46115,luachonnhadat_46115,"Cho thuê nhà MT đường Số 3, P.13, Q.6, nhà 5 tấm, 4 x 19m, giá 38 triệu/tháng. Ngay chợ Phú Lâm",38000000,38 Triệu/tháng,76,NA,"Quận 6, Hồ Chí Minh",Unknown,NA,Quận 6,NA,Nhà phố,NA,NA,https://luachonnhadat.vn/vnt_upload/product/07_2023/237_1.jpg,https://luachonnhadat.vn/nha-dat/cho-thue-nha-mt-duong-so-3-p-13-q-6-nha-5-tam-4-x-19m-gia-38-trieu-thang-ngay-cho-phu-lam.html,https://luachonnhadat.vn/nha-dat/cho-thue-nha-mt-duong-so-3-p-13-q-6-nha-5-tam-4-x-19m-gia-38-trieu-thang-ngay-cho-phu-lam.html,2023-07-31,2026-06-03T08:41:21Z,4,38,500000,0,1
luachonnhadat,rent,luachonnhadat_46122,luachonnhadat_46122,"Cho thuê nhà MT đường Hậu Giang, P.11, Q.6, DT 3.3 x 30m, NH 5.6m, 1 lầu, giá 30 triệu/tháng.",30000000,30 Triệu/tháng,99,NA,"Quận 6, Hồ Chí Minh",Unknown,NA,Quận 6,NA,Nhà phố,NA,NA,https://luachonnhadat.vn/vnt_upload/product/07_2023/278.jpg,https://luachonnhadat.vn/nha-dat/cho-thue-nha-mt-duong-hau-giang-p-11-q-6-dt-3-3-x-30m-nh-5-6m-1-lau-gia-30-trieu-thang-.html,https://luachonnhadat.vn/nha-dat/cho-thue-nha-mt-duong-hau-giang-p-11-q-6-dt-3-3-x-30m-nh-5-6m-1-lau-gia-30-trieu-thang-.html,2023-07-31,2026-06-03T08:41:21Z,4,30,303030.30303030304,0,1
luachonnhadat,rent,luachonnhadat_43642,luachonnhadat_43642,"Cho thuê nhà hẻm 184/ Lê Đình Cẩn, P. Tân Tạo, 4 x 17m, 4.5 tấm, giá 20 triệu/tháng",20000000,20 Triệu/tháng,68,NA,"Bình Tân, Hồ Chí Minh",Unknown,NA,Bình Tân,NA,Nhà phố,NA,NA,https://luachonnhadat.vn/vnt_upload/product/03_2022/573.jpg,https://luachonnhadat.vn/nha-dat/cho-thue-nha-hem-184--le-dinh-can-p-tan-tao-4-x-17m-4-5-tam-gia-20-trieu-thang.html,https://luachonnhadat.vn/nha-dat/cho-thue-nha-hem-184--le-dinh-can-p-tan-tao-4-x-17m-4-5-tam-gia-20-trieu-thang.html,2023-07-28,2026-06-03T08:41:21Z,4,20,294117.64705882355,0,1
luachonnhadat,rent,luachonnhadat_43992,luachonnhadat_43992,"Cho thuê nhà MT đường Kinh Dương Vương, P. 12, Q. 6, DT 8 x 40m, NH 12m, tầng trệt, 200tr/tháng",200000000,200 Triệu/tháng,550,NA,"Quận 6, Hồ Chí Minh",Unknown,NA,Quận 6,NA,Nhà phố,NA,NA,https://luachonnhadat.vn/vnt_upload/product/05_2022/409.jpg,https://luachonnhadat.vn/nha-dat/cho-thue-nha-mt-duong-kinh-duong-vuong-p-12-q-6-dt-8-x-40m-nh-12m-tang-tret-200tr-thang.html,https://luachonnhadat.vn/nha-dat/cho-thue-nha-mt-duong-kinh-duong-vuong-p-12-q-6-dt-8-x-40m-nh-12m-tang-tret-200tr-thang.html,2023-07-20,2026-06-03T08:41:21Z,4,200,363636.3636363637,0,1
luachonnhadat,rent,luachonnhadat_46102,luachonnhadat_46102,"Cho thuê đất MT đường Số 28, P. Bình Trị Đông B, 4.5 x 20m, giá 10 triệu/tháng. khu Tên Lửa gần Aeon",10000000,10 Triệu/tháng,90,NA,"Bình Tân, Hồ Chí Minh",Unknown,NA,Bình Tân,NA,Đất,NA,NA,https://luachonnhadat.vn/vnt_upload/product/07_2023/185.jpg,https://luachonnhadat.vn/nha-dat/cho-thue-dat-mt-duong-so-28-p-binh-tri-dong-b-4-5-x-20m-gia-10-trieu-thang-khu-ten-lua-gan-aeon.html,https://luachonnhadat.vn/nha-dat/cho-thue-dat-mt-duong-so-28-p-binh-tri-dong-b-4-5-x-20m-gia-10-trieu-thang-khu-ten-lua-gan-aeon.html,2023-07-18,2026-06-03T08:41:21Z,4,10,111111.11111111112,0,1
luachonnhadat,rent,luachonnhadat_46099,luachonnhadat_46099,"Cho thuê nhà MT đường Trần Văn Giàu, P. Bình Trị Đông B, 8 x 20m, 3.5 tấm, giá 65 triệu/tháng",65000000,65 Triệu/tháng,160,NA,"Bình Tân, Hồ Chí Minh",Unknown,NA,Bình Tân,NA,Nhà phố,NA,NA,https://luachonnhadat.vn/vnt_upload/product/07_2023/144.jpg,https://luachonnhadat.vn/nha-dat/cho-thue-nha-mt-duong-tran-van-giau-p-binh-tri-dong-b-8-x-20m-3-5-tam-gia-65-trieu-thang.html,https://luachonnhadat.vn/nha-dat/cho-thue-nha-mt-duong-tran-van-giau-p-binh-tri-dong-b-8-x-20m-3-5-tam-gia-65-trieu-thang.html,2023-07-17,2026-06-03T08:41:21Z,4,65,406250,0,1
luachonnhadat,rent,luachonnhadat_46068,luachonnhadat_46068,"Cho thuê nhà Hẻm 413 Lê Văn Quới, P. Bình Trị Đông A, 4 x 15m, 1 lửng, giá 5.5 triệu/tháng",5500000,5.5 Triệu/tháng,60,NA,"Bình Tân, Hồ Chí Minh",Unknown,NA,Bình Tân,NA,Nhà phố,NA,NA,https://luachonnhadat.vn/vnt_upload/product/07_2023/863.jpg,https://luachonnhadat.vn/nha-dat/cho-thue-nha-hem-413-le-van-quoi-p-binh-tri-dong-a-4-x-15m-1-lung-gia-5-5-trieu-thang.html,https://luachonnhadat.vn/nha-dat/cho-thue-nha-hem-413-le-van-quoi-p-binh-tri-dong-a-4-x-15m-1-lung-gia-5-5-trieu-thang.html,2023-07-17,2026-06-03T08:41:21Z,4,5.5,91666.66666666669,0,1
luachonnhadat,rent,luachonnhadat_40347,luachonnhadat_40347,"Cho thuê nhà MT đường Số 31, P. Bình Trị Đông B, 4 x 20m, 3.5 tấm, giá 18 triệu/tháng. khu Tên Lửa",18000000,18 Triệu/tháng,80,NA,"Bình Tân, Hồ Chí Minh",Unknown,NA,Bình Tân,NA,Nhà phố,NA,NA,https://luachonnhadat.vn/vnt_upload/product/05_2023/102.jpg,https://luachonnhadat.vn/nha-dat/cho-thue-nha-mt-duong-so-31-p-binh-tri-dong-b-4-x-20m-3-5-tam-gia-18-trieu-thang-khu-ten-lua.html,https://luachonnhadat.vn/nha-dat/cho-thue-nha-mt-duong-so-31-p-binh-tri-dong-b-4-x-20m-3-5-tam-gia-18-trieu-thang-khu-ten-lua.html,2023-07-11,2026-06-03T08:41:21Z,4,18,225000,0,1
luachonnhadat,rent,luachonnhadat_46085,luachonnhadat_46085,"Cho thuê nhà MT đường số 32, P. Bình Trị Đông B, 5 x 20m, 3.5 tấm, giá 37 triệu/tháng. gần Aeon Mall",37000000,37 Triệu/tháng,100,NA,"Bình Tân, Hồ Chí Minh",Unknown,NA,Bình Tân,NA,Nhà phố,NA,NA,https://luachonnhadat.vn/vnt_upload/product/10_2023/logo1_1.png,https://luachonnhadat.vn/nha-dat/cho-thue-nha-mt-duong-so-32-p-binh-tri-dong-b-5-x-20m-3-5-tam-gia-37-trieu-thang-gan-aeon-mall.html,https://luachonnhadat.vn/nha-dat/cho-thue-nha-mt-duong-so-32-p-binh-tri-dong-b-5-x-20m-3-5-tam-gia-37-trieu-thang-gan-aeon-mall.html,2023-07-11,2026-06-03T08:41:21Z,4,37,370000,0,1
luachonnhadat,rent,luachonnhadat_43755,luachonnhadat_43755,"Cho thuê nhà MT đường Số 17A, P. Bình Trị Đông B, 4.5 x 20m, 3.5 tấm, giá 30tr/tháng. đối diện Aeon",30000000,30 Triệu/tháng,90,NA,"Bình Tân, Hồ Chí Minh",Unknown,NA,Bình Tân,NA,Nhà phố,NA,NA,https://luachonnhadat.vn/vnt_upload/product/03_2022/568.jpg,https://luachonnhadat.vn/nha-dat/cho-thue-nha-mt-duong-so-17a-p-binh-tri-dong-b-4-5-x-20m-3-5-tam-gia-30tr-thang-doi-dien-aeon.html,https://luachonnhadat.vn/nha-dat/cho-thue-nha-mt-duong-so-17a-p-binh-tri-dong-b-4-5-x-20m-3-5-tam-gia-30tr-thang-doi-dien-aeon.html,2023-07-11,2026-06-03T08:41:21Z,4,30,333333.3333333333,0,1
luachonnhadat,rent,luachonnhadat_46069,luachonnhadat_46069,"Cho thuê nhà MT đường An Dương Vương, P. Bình Trị Đông, 3.5 tấm, 10 x 6m, giá 35 triệu/tháng",35000000,35 Triệu/tháng,60,NA,"Bình Tân, Hồ Chí Minh",Unknown,NA,Bình Tân,NA,Nhà phố,NA,NA,https://luachonnhadat.vn/vnt_upload/product/07_2023/870_1.jpg,https://luachonnhadat.vn/nha-dat/cho-thue-nha-mt-duong-an-duong-vuong-p-binh-tri-dong-3-5-tam-10-x-6m-gia-35-trieu-thang.html,https://luachonnhadat.vn/nha-dat/cho-thue-nha-mt-duong-an-duong-vuong-p-binh-tri-dong-3-5-tam-10-x-6m-gia-35-trieu-thang.html,2023-07-07,2026-06-03T08:41:21Z,4,35,583333.3333333334,0,1
luachonnhadat,rent,luachonnhadat_46009,luachonnhadat_46009,"Cho thuê nhà Hẻm 123 Lý Chiêu Hoàng, P.10, Q.6, nhà 3 tấm, 4.3 x 11m, giá 10 triệu/tháng",10000000,10 Triệu/tháng,47,NA,"Quận 6, Hồ Chí Minh",Unknown,NA,Quận 6,NA,Nhà phố,NA,NA,https://luachonnhadat.vn/vnt_upload/product/06_2023/246.jpg,https://luachonnhadat.vn/nha-dat/cho-thue-nha-hem-123-ly-chieu-hoang-p-10-q-6-nha-3-tam-4-3-x-11m-gia-10-trieu-thang.html,https://luachonnhadat.vn/nha-dat/cho-thue-nha-hem-123-ly-chieu-hoang-p-10-q-6-nha-3-tam-4-3-x-11m-gia-10-trieu-thang.html,2023-06-05,2026-06-03T08:41:21Z,4,10,212765.95744680852,0,1
luachonnhadat,rent,luachonnhadat_46006,luachonnhadat_46006,"Cho thuê nhà Hẻm 790 Hương lộ 2, P. Bình Trị Đông A, 4 x 20m, 1 lầu, giá 11 triệu/tháng",11000000,11 Triệu/tháng,80,NA,"Bình Tân, Hồ Chí Minh",Unknown,NA,Bình Tân,NA,Nhà phố,NA,NA,https://luachonnhadat.vn/vnt_upload/product/06_2023/207_1.jpg,https://luachonnhadat.vn/nha-dat/cho-thue-nha-hem-790-huong-lo-2-p-binh-tri-dong-a-4-x-20m-1-lau-gia-11-trieu-thang.html,https://luachonnhadat.vn/nha-dat/cho-thue-nha-hem-790-huong-lo-2-p-binh-tri-dong-a-4-x-20m-1-lau-gia-11-trieu-thang.html,2023-06-02,2026-06-03T08:41:21Z,4,11,137500,0,1
luachonnhadat,sale,luachonnhadat_50090,luachonnhadat_50090,"Bán nhà hẻm 182 Chiến Lược, P. Bình Trị Đông, 8 x 13m, 2 tấm, giá 6.7 tỷ",6700000000,6.7 Tỷ/căn,104,NA,"Bình Tân, Hồ Chí Minh",Unknown,NA,Bình Tân,NA,Nhà phố,NA,NA,https://luachonnhadat.vn/vnt_upload/product/05_2026/1d08c4d553802a96f92699dffaf82673.jpg,https://luachonnhadat.vn/nha-dat/ban-nha-hem-182-chien-luoc-p-binh-tri-dong-8-x-13m-2-tam-gia-6-7-ty.html,https://luachonnhadat.vn/nha-dat/ban-nha-hem-182-chien-luoc-p-binh-tri-dong-8-x-13m-2-tam-gia-6-7-ty.html,2026-05-12,2026-06-03T08:41:19Z,4,6700,64423076.92307692,0,0
luachonnhadat,sale,luachonnhadat_10456,luachonnhadat_10456,"Bán nhà hẻm 257 Lê Đình Cẩn, P. Tân Tạo, 4.85 x 12m, 3.5 tấm, giá 6.55 tỷ",6550000000,6.55 Tỷ/căn,58,NA,"Bình Tân, Hồ Chí Minh",Unknown,NA,Bình Tân,NA,Nhà phố,NA,NA,https://luachonnhadat.vn/vnt_upload/product/04_2026/cce082e74a0f26c79531a786c311b2a2.jpg,https://luachonnhadat.vn/nha-dat/ban-nha-hem-257-le-dinh-can-p-tan-tao-4-85-x-12m-3-5-tam-gia-6-55-ty.html,https://luachonnhadat.vn/nha-dat/ban-nha-hem-257-le-dinh-can-p-tan-tao-4-85-x-12m-3-5-tam-gia-6-55-ty.html,2026-05-12,2026-06-03T08:41:19Z,4,6550,112931034.48275864,0,0
luachonnhadat,sale,luachonnhadat_50089,luachonnhadat_50089,"Bán nhà MT đường Ấp Chiến Lược, P. Bình Hưng Hòa A, 4 x 16m, 6 tấm, giá 12.5 tỷ",12500000000,12.5 Tỷ/căn,64,NA,"Bình Tân, Hồ Chí Minh",Unknown,NA,Bình Tân,NA,Nhà phố,NA,NA,https://luachonnhadat.vn/vnt_upload/product/05_2026/b423018e69142ddaf4a9bcf541a83000.jpg,https://luachonnhadat.vn/nha-dat/ban-nha-mt-duong-ap-chien-luoc-p-binh-hung-hoa-a-4-x-16m-6-tam-gia-12-5-ty.html,https://luachonnhadat.vn/nha-dat/ban-nha-mt-duong-ap-chien-luoc-p-binh-hung-hoa-a-4-x-16m-6-tam-gia-12-5-ty.html,2026-05-12,2026-06-03T08:41:19Z,4,12500,195312500,0,0
luachonnhadat,sale,luachonnhadat_28642,luachonnhadat_28642,"Bán nhà MT đường Số 53, P. Tân Tạo, 5 x 16m, 3.5 Tấm, giá 10 tỷ.",10000000000,10 Tỷ/căn,80,NA,"Bình Tân, Hồ Chí Minh",Unknown,NA,Bình Tân,NA,Nhà phố,NA,NA,https://luachonnhadat.vn/vnt_upload/product/03_2026/12e309f6d4aca2c29f0365beb2d3d526.jpg,https://luachonnhadat.vn/nha-dat/ban-nha-mt-duong-so-53-p-tan-tao-5-x-16m-3-5-tam-gia-10-ty-.html,https://luachonnhadat.vn/nha-dat/ban-nha-mt-duong-so-53-p-tan-tao-5-x-16m-3-5-tam-gia-10-ty-.html,2026-05-12,2026-06-03T08:41:19Z,4,10000,125000000,0,0
luachonnhadat,sale,luachonnhadat_47579,luachonnhadat_47579,"Bán nhà khu Tên Lửa đối diện Aeon, MT đường Số 17A, DT 5 x 20m, 3.5 tấm, giá 28 tỷ",28000000000,28 Tỷ/căn,100,NA,"Bình Tân, Hồ Chí Minh",Unknown,NA,Bình Tân,NA,Nhà phố,NA,NA,https://luachonnhadat.vn/vnt_upload/product/10_2024/63fab4b447a8a91374b2f759e430ce57.jpg,https://luachonnhadat.vn/nha-dat/ban-nha-khu-ten-lua-doi-dien-aeon-mt-duong-so-17a-dt-5-x-20m-3-5-tam-gia-28-ty.html,https://luachonnhadat.vn/nha-dat/ban-nha-khu-ten-lua-doi-dien-aeon-mt-duong-so-17a-dt-5-x-20m-3-5-tam-gia-28-ty.html,2026-05-12,2026-06-03T08:41:19Z,4,28000,280000000,0,0
luachonnhadat,sale,luachonnhadat_50087,luachonnhadat_50087,"Bán nhà góc 2MT hẻm 80 đường Số 12, P. Bình Hưng Hòa, DT 5 x 14m, 1 lửng, giá 6.35 tỷ",6350000000,6.35 Tỷ/căn,70,NA,"Bình Tân, Hồ Chí Minh",Unknown,NA,Bình Tân,NA,Nhà phố,NA,NA,https://luachonnhadat.vn/vnt_upload/product/05_2026/f53cd6876b47567cc55880e33039db24.jpg,https://luachonnhadat.vn/nha-dat/ban-nha-goc-2mt-hem-80-duong-so-12-p-binh-hung-hoa-dt-5-x-14m-1-lung-gia-6-35-ty.html,https://luachonnhadat.vn/nha-dat/ban-nha-goc-2mt-hem-80-duong-so-12-p-binh-hung-hoa-dt-5-x-14m-1-lung-gia-6-35-ty.html,2026-05-12,2026-06-03T08:41:19Z,4,6350,90714285.71428572,0,0
luachonnhadat,sale,luachonnhadat_50086,luachonnhadat_50086,"Bán nhà hẻm 38 đường Số 18B, P. Bình Hưng Hòa A, DT 4 x 8m, 1 lầu, giá 3.53 tỷ",3530000000,3.53 Tỷ/căn,32,NA,"Bình Tân, Hồ Chí Minh",Unknown,NA,Bình Tân,NA,Nhà phố,NA,NA,https://luachonnhadat.vn/vnt_upload/product/05_2026/927a5056c04a7f7b18258382dacc882e.jpg,https://luachonnhadat.vn/nha-dat/ban-nha-hem-38-duong-so-18b-p-binh-hung-hoa-a-dt-4-x-8m-1-lau-gia-3-53-ty.html,https://luachonnhadat.vn/nha-dat/ban-nha-hem-38-duong-so-18b-p-binh-hung-hoa-a-dt-4-x-8m-1-lau-gia-3-53-ty.html,2026-05-12,2026-06-03T08:41:19Z,4,3530,110312500,0,0
luachonnhadat,sale,luachonnhadat_49737,luachonnhadat_49737,"Bán nhà hẻm 38 đường Số 18B, P. Bình Hưng Hòa A, DT 7.77 x 9m, cấp 4, đang làm kho, giá 4.35 tỷ",4350000000,4.35 Tỷ/căn,69,NA,"Bình Tân, Hồ Chí Minh",Unknown,NA,Bình Tân,NA,Nhà phố,NA,NA,https://luachonnhadat.vn/vnt_upload/product/03_2026/b81693fe9d1b5e8f3d05923469763973.jpg,https://luachonnhadat.vn/nha-dat/ban-nha-hem-38-duong-so-18b-p-binh-hung-hoa-a-dt-7-77-x-9m-cap-4-dang-lam-kho-gia-4-35-ty.html,https://luachonnhadat.vn/nha-dat/ban-nha-hem-38-duong-so-18b-p-binh-hung-hoa-a-dt-7-77-x-9m-cap-4-dang-lam-kho-gia-4-35-ty.html,2026-05-12,2026-06-03T08:41:19Z,4,4350,63043478.26086956,0,0
luachonnhadat,sale,luachonnhadat_47592,luachonnhadat_47592,"Bán nhà khu Cư Xá Rada, MT đường Số 10, DT 7.7 x 15m, cấp 4, giá 10.5 tỷ",10500000000,10.5 Tỷ/căn,115,NA,"Quận 6, Hồ Chí Minh",Unknown,NA,Quận 6,NA,Nhà phố,NA,NA,https://luachonnhadat.vn/vnt_upload/product/11_2024/dc22cef8f72c8a81f1a88a6aeff90daf.jpg,https://luachonnhadat.vn/nha-dat/ban-nha-khu-cu-xa-rada-mt-duong-so-10-dt-7-7-x-15m-cap-4-gia-10-5-ty.html,https://luachonnhadat.vn/nha-dat/ban-nha-khu-cu-xa-rada-mt-duong-so-10-dt-7-7-x-15m-cap-4-gia-10-5-ty.html,2026-05-12,2026-06-03T08:41:19Z,4,10500,91304347.82608695,0,0
luachonnhadat,sale,luachonnhadat_49768,luachonnhadat_49768,"Bán nhà hẻm 38 Dương Bá Cung, P. An Lạc A, DT 4 x 8m, 2 tấm, giá 3.8 tỷ",3800000000,3.8 Tỷ/căn,32,NA,"Bình Tân, Hồ Chí Minh",Unknown,NA,Bình Tân,NA,Nhà phố,NA,NA,https://luachonnhadat.vn/vnt_upload/product/03_2026/cbe7b70f8bf34c0918b9fea4faa961be.jpg,https://luachonnhadat.vn/nha-dat/ban-nha-hem-38-duong-ba-cung-p-an-lac-a-dt-4-x-8m-2-tam-gia-3-8-ty.html,https://luachonnhadat.vn/nha-dat/ban-nha-hem-38-duong-ba-cung-p-an-lac-a-dt-4-x-8m-2-tam-gia-3-8-ty.html,2026-05-12,2026-06-03T08:41:19Z,4,3800,118750000,0,0
luachonnhadat,sale,luachonnhadat_49925,luachonnhadat_49925,"Bán đất khu Tên Lửa gần Aeon Mall, MT đường Số 7B, DT 10 x 20m, giá 27 tỷ.",27000000000,27 Tỷ/nền,200,NA,"Bình Tân, Hồ Chí Minh",Unknown,NA,Bình Tân,NA,Đất,NA,NA,https://luachonnhadat.vn/vnt_upload/product/04_2026/3166e4a10e24d6fe8e8fe2e12c7907f9.jpg,https://luachonnhadat.vn/nha-dat/ban-dat-khu-ten-lua-gan-aeon-mall-mt-duong-so-7b-dt-10-x-20m-gia-27-ty-.html,https://luachonnhadat.vn/nha-dat/ban-dat-khu-ten-lua-gan-aeon-mall-mt-duong-so-7b-dt-10-x-20m-gia-27-ty-.html,2026-05-12,2026-06-03T08:41:19Z,4,27000,135000000,0,0
luachonnhadat,sale,luachonnhadat_46670,luachonnhadat_46670,"Bán nhà MT đường Số 40A, P. Tân Tạo, 5 x 18m, 3 tấm, giá 15.5 tỷ.",15500000000,15.5 Tỷ/căn,90,NA,"Bình Tân, Hồ Chí Minh",Unknown,NA,Bình Tân,NA,Nhà phố,NA,NA,https://luachonnhadat.vn/vnt_upload/product/09_2024/a0f476e6c272197437f066025457fa3d.jpg,https://luachonnhadat.vn/nha-dat/ban-nha-mt-duong-so-40a-p-tan-tao-5-x-18m-3-tam-gia-15-5-ty-.html,https://luachonnhadat.vn/nha-dat/ban-nha-mt-duong-so-40a-p-tan-tao-5-x-18m-3-tam-gia-15-5-ty-.html,2026-05-12,2026-06-03T08:41:19Z,4,15500,172222222.2222222,0,0
luachonnhadat,sale,luachonnhadat_50085,luachonnhadat_50085,"Bán nhà hẻm 528 Phạm Văn Chí, P.8, Q.6, DT 5.25 x 11m, 3.5 tấm, giá 7.1 tỷ",7100000000,7.1 Tỷ/căn,57,NA,"Quận 6, Hồ Chí Minh",Unknown,NA,Quận 6,NA,Nhà phố,NA,NA,https://luachonnhadat.vn/vnt_upload/product/05_2026/6648f1318a3957bb54e37fce8322c8ec.jpg,https://luachonnhadat.vn/nha-dat/ban-nha-hem-528-pham-van-chi-p-8-q-6-dt-5-25-x-11m-3-5-tam-gia-7-1-ty.html,https://luachonnhadat.vn/nha-dat/ban-nha-hem-528-pham-van-chi-p-8-q-6-dt-5-25-x-11m-3-5-tam-gia-7-1-ty.html,2026-05-12,2026-06-03T08:41:19Z,4,7100,124561403.50877193,0,0
luachonnhadat,sale,luachonnhadat_50084,luachonnhadat_50084,"Bán nhà khu Bình Phú, MT đường Số 74, DT 4 x 17m, 3 tấm, giá 9 tỷ",9000000000,9 Tỷ/căn,68,NA,"Quận 6, Hồ Chí Minh",Unknown,NA,Quận 6,NA,Nhà phố,NA,NA,https://luachonnhadat.vn/vnt_upload/product/05_2026/898c571bb2ca9e2a07fae3ceaf9d9e58.jpg,https://luachonnhadat.vn/nha-dat/ban-nha-khu-binh-phu-mt-duong-so-74-dt-4-x-17m-3-tam-gia-9-ty.html,https://luachonnhadat.vn/nha-dat/ban-nha-khu-binh-phu-mt-duong-so-74-dt-4-x-17m-3-tam-gia-9-ty.html,2026-05-12,2026-06-03T08:41:19Z,4,9000,132352941.1764706,0,0
luachonnhadat,sale,luachonnhadat_41485,luachonnhadat_41485,"Bán nhà hẻm 110 Đỗ Năng Tế, P. An Lạc A, DT 4 x 15m, 4.5 tấm, giá 8 tỷ",8000000000,8 Tỷ/căn,60,NA,"Bình Tân, Hồ Chí Minh",Unknown,NA,Bình Tân,NA,Nhà phố,NA,NA,https://luachonnhadat.vn/vnt_upload/product/07_2020/447_1.jpg,https://luachonnhadat.vn/nha-dat/ban-nha-hem-110-do-nang-te-p-an-lac-a-dt-4-x-15m-4-5-tam-gia-8-ty.html,https://luachonnhadat.vn/nha-dat/ban-nha-hem-110-do-nang-te-p-an-lac-a-dt-4-x-15m-4-5-tam-gia-8-ty.html,2026-05-12,2026-06-03T08:41:19Z,4,8000,133333333.33333331,0,0
luachonnhadat,sale,luachonnhadat_49591,luachonnhadat_49591,"Bán căn hộ tầng 9 Block B The Privia Khang Điền, MT đường An Dương Vương, DT 51m2, giá 3.68 tỷ",3680000000,3.68 Tỷ/căn,51,NA,"Bình Tân, Hồ Chí Minh",Unknown,NA,Bình Tân,NA,Căn hộ,NA,NA,https://luachonnhadat.vn/vnt_upload/product/02_2026/63c5f0f70d1b2b7eb9c859b6273617ad.jpg,https://luachonnhadat.vn/nha-dat/ban-can-ho-tang-9-block-b-the-privia-khang-dien-mt-duong-an-duong-vuong-dt-51m2-gia-3-68-ty.html,https://luachonnhadat.vn/nha-dat/ban-can-ho-tang-9-block-b-the-privia-khang-dien-mt-duong-an-duong-vuong-dt-51m2-gia-3-68-ty.html,2026-05-11,2026-06-03T08:41:19Z,4,3680,72156862.74509804,0,0
luachonnhadat,sale,luachonnhadat_49098,luachonnhadat_49098,"Bán nhà khu Tên Lửa, MT đường Số 12B, DT 5 x 20m, 3.5 tấm, giá 16.8 tỷ.",16800000000,16.8 Tỷ/căn,100,NA,"Bình Tân, Hồ Chí Minh",Unknown,NA,Bình Tân,NA,Nhà phố,NA,NA,https://luachonnhadat.vn/vnt_upload/product/10_2025/97b88c049b400bf0da60eef296858b60.jpg,https://luachonnhadat.vn/nha-dat/ban-nha-khu-ten-lua-mt-duong-so-12b-dt-5-x-20m-3-5-tam-gia-16-8-ty-.html,https://luachonnhadat.vn/nha-dat/ban-nha-khu-ten-lua-mt-duong-so-12b-dt-5-x-20m-3-5-tam-gia-16-8-ty-.html,2026-05-11,2026-06-03T08:41:19Z,4,16800,168000000,0,0
luachonnhadat,sale,luachonnhadat_48654,luachonnhadat_48654,"Bán nhà khu Tên Lửa đối diện Aeon, MT đường Số 17A, DT 5 x 20m, 3.5 tấm, giá 26 tỷ",26000000000,26 Tỷ/căn,100,NA,"Bình Tân, Hồ Chí Minh",Unknown,NA,Bình Tân,NA,Nhà phố,NA,NA,https://luachonnhadat.vn/vnt_upload/product/09_2025/029b8fc1fdcc2f16c08ec158e0a544e0.jpeg,https://luachonnhadat.vn/nha-dat/ban-nha-khu-ten-lua-doi-dien-aeon-mt-duong-so-17a-dt-5-x-20m-3-5-tam-gia-26-ty.html,https://luachonnhadat.vn/nha-dat/ban-nha-khu-ten-lua-doi-dien-aeon-mt-duong-so-17a-dt-5-x-20m-3-5-tam-gia-26-ty.html,2026-05-11,2026-06-03T08:41:19Z,4,26000,260000000,0,0
luachonnhadat,sale,luachonnhadat_50082,luachonnhadat_50082,"Bán nhà MT đường Số 49, P. Tân Tạo, 5 x 18m, 3.5 tấm, giá 14.5 tỷ",14500000000,14.5 Tỷ/căn,90,NA,"Bình Tân, Hồ Chí Minh",Unknown,NA,Bình Tân,NA,Nhà phố,NA,NA,https://luachonnhadat.vn/vnt_upload/product/05_2026/b769d2f268fbb3211c572eb7a001f06b.jpg,https://luachonnhadat.vn/nha-dat/ban-nha-mt-duong-so-49-p-tan-tao-5-x-18m-3-5-tam-gia-14-5-ty.html,https://luachonnhadat.vn/nha-dat/ban-nha-mt-duong-so-49-p-tan-tao-5-x-18m-3-5-tam-gia-14-5-ty.html,2026-05-11,2026-06-03T08:41:19Z,4,14500,161111111.1111111,0,0
luachonnhadat,sale,luachonnhadat_50081,luachonnhadat_50081,"Bán nhà MT đường Chiến Lược, P. Tân Tạo, DT 4 x 26m, 1 lửng, giá 9.5 tỷ",9500000000,9.5 Tỷ/căn,104,NA,"Bình Tân, Hồ Chí Minh",Unknown,NA,Bình Tân,NA,Nhà phố,NA,NA,https://luachonnhadat.vn/vnt_upload/product/05_2026/90a934bcde71142b51702333c6af1680.jpg,https://luachonnhadat.vn/nha-dat/ban-nha-mt-duong-chien-luoc-p-tan-tao-dt-4-x-26m-1-lung-gia-9-5-ty.html,https://luachonnhadat.vn/nha-dat/ban-nha-mt-duong-chien-luoc-p-tan-tao-dt-4-x-26m-1-lung-gia-9-5-ty.html,2026-05-11,2026-06-03T08:41:19Z,4,9500,91346153.84615384,0,0
luachonnhadat,sale,luachonnhadat_49506,luachonnhadat_49506,"Bán nhà hẻm 827 Tỉnh Lộ 10, P. Bình Trị Đông B, 4 x 17m, 2 tấm, giá 5.8 tỷ",5800000000,5.8 Tỷ/căn,70,NA,"Bình Tân, Hồ Chí Minh",Unknown,NA,Bình Tân,NA,Nhà phố,NA,NA,https://luachonnhadat.vn/vnt_upload/product/03_2026/f6c3ef2efa9a485b394ce52aad3ccc1b.jpg,https://luachonnhadat.vn/nha-dat/ban-nha-hem-827-tinh-lo-10-p-binh-tri-dong-b-4-x-17m-2-tam-gia-5-8-ty.html,https://luachonnhadat.vn/nha-dat/ban-nha-hem-827-tinh-lo-10-p-binh-tri-dong-b-4-x-17m-2-tam-gia-5-8-ty.html,2026-05-11,2026-06-03T08:41:19Z,4,5800,82857142.85714285,0,0
luachonnhadat,sale,luachonnhadat_49653,luachonnhadat_49653,"Bán nhà hẻm 18 Trương Phước Phan, P. Bình Trị Đông, 4 x 8m, 1 lầu, giá 3.99 tỷ",3990000000,3.99 Tỷ/căn,32,NA,"Bình Tân, Hồ Chí Minh",Unknown,NA,Bình Tân,NA,Nhà phố,NA,NA,https://luachonnhadat.vn/vnt_upload/product/03_2026/df8973baa684ca4dcf94c0271e383535.jpg,https://luachonnhadat.vn/nha-dat/ban-nha-hem-18-truong-phuoc-phan-p-binh-tri-dong-4-x-8m-1-lau-gia-3-99-ty.html,https://luachonnhadat.vn/nha-dat/ban-nha-hem-18-truong-phuoc-phan-p-binh-tri-dong-4-x-8m-1-lau-gia-3-99-ty.html,2026-05-11,2026-06-03T08:41:19Z,4,3990,124687500,0,0
luachonnhadat,sale,luachonnhadat_49947,luachonnhadat_49947,"Bán nhà MT đường Liên Khu 2-10, P. Bình Hưng Hòa A, 4 x 22m, cấp 4, giá 5.8 tỷ",5800000000,5.8 Tỷ/căn,88,NA,"Bình Tân, Hồ Chí Minh",Unknown,NA,Bình Tân,NA,Nhà phố,NA,NA,https://luachonnhadat.vn/vnt_upload/product/04_2026/08544869004aaf6d7bd841ada490d9c9.jpg,https://luachonnhadat.vn/nha-dat/ban-nha-mt-duong-lien-khu-2-10-p-binh-hung-hoa-a-4-x-22m-cap-4-gia-5-8-ty.html,https://luachonnhadat.vn/nha-dat/ban-nha-mt-duong-lien-khu-2-10-p-binh-hung-hoa-a-4-x-22m-cap-4-gia-5-8-ty.html,2026-05-11,2026-06-03T08:41:19Z,4,5800,65909090.90909091,0,0
luachonnhadat,sale,luachonnhadat_50035,luachonnhadat_50035,"Bán nhà hẻm 64 Lê Liễu, P. Tân Quý, Q. Tân Phú, DT 4 x 17m, cấp 4, giá 5.95 tỷ",5950000000,5.95 Tỷ/căn,68,NA,"Tân Phú, Hồ Chí Minh",Unknown,NA,Tân Phú,NA,Nhà phố,NA,NA,https://luachonnhadat.vn/vnt_upload/product/05_2026/66dc35b62bc1bd4f86246563cdd4643a.jpg,https://luachonnhadat.vn/nha-dat/ban-nha-hem-64-le-lieu-p-tan-quy-q-tan-phu-dt-4-x-17m-cap-4-gia-5-95-ty.html,https://luachonnhadat.vn/nha-dat/ban-nha-hem-64-le-lieu-p-tan-quy-q-tan-phu-dt-4-x-17m-cap-4-gia-5-95-ty.html,2026-05-11,2026-06-03T08:41:19Z,4,5950,87500000,0,0
luachonnhadat,sale,luachonnhadat_41425,luachonnhadat_41425,"Bán nhà khu Tên Lửa, MT đường Số 26, DT 4 x 20m, 3 tấm, giá 11.5 tỷ.",11500000000,11.5 Tỷ/căn,80,NA,"Bình Tân, Hồ Chí Minh",Unknown,NA,Bình Tân,NA,Nhà phố,NA,NA,https://luachonnhadat.vn/vnt_upload/product/07_2020/233_1.jpg,https://luachonnhadat.vn/nha-dat/ban-nha-khu-ten-lua-mt-duong-so-26-dt-4-x-20m-3-tam-gia-11-5-ty-.html,https://luachonnhadat.vn/nha-dat/ban-nha-khu-ten-lua-mt-duong-so-26-dt-4-x-20m-3-tam-gia-11-5-ty-.html,2026-05-11,2026-06-03T08:41:19Z,4,11500,143750000,0,0
luachonnhadat,sale,luachonnhadat_49820,luachonnhadat_49820,"Bán đất MT đường Hương Lộ 2, P. Bình Trị Đông A, DT 4 x 40m, giá 13 tỷ",13000000000,13 Tỷ/nền,160,NA,"Bình Tân, Hồ Chí Minh",Unknown,NA,Bình Tân,NA,Đất,NA,NA,https://luachonnhadat.vn/vnt_upload/product/03_2026/2817c5e98d5785a1d16be3d392557e2c.jpg,https://luachonnhadat.vn/nha-dat/ban-dat-mt-duong-huong-lo-2-p-binh-tri-dong-a-dt-4-x-40m-gia-13-ty.html,https://luachonnhadat.vn/nha-dat/ban-dat-mt-duong-huong-lo-2-p-binh-tri-dong-a-dt-4-x-40m-gia-13-ty.html,2026-05-11,2026-06-03T08:41:19Z,4,13000,81250000,0,0
luachonnhadat,sale,luachonnhadat_1019,luachonnhadat_1019,"NHÀ MỚI KHU TÊN LỬA, MT ĐƯỜNG SỐ 6D, 5 X 18M, 3.5 TẤM, 12.9 TỶ | GẦN AEON MALL",12900000000,12.9 Tỷ/căn,95,NA,"Bình Tân, Hồ Chí Minh",Unknown,NA,Bình Tân,NA,Nhà phố,NA,NA,https://luachonnhadat.vn/vnt_upload/product/05_2026/8a88219179b209e1a58363f71f87cbf8.jpg,https://luachonnhadat.vn/nha-dat/nha-moi-khu-ten-lua-mt-duong-so-6d-5-x-18m-3-5-tam-12-9-ty-gan-aeon-mall.html,https://luachonnhadat.vn/nha-dat/nha-moi-khu-ten-lua-mt-duong-so-6d-5-x-18m-3-5-tam-12-9-ty-gan-aeon-mall.html,2026-05-11,2026-06-03T08:41:19Z,4,12900,135789473.68421054,0,0
luachonnhadat,sale,luachonnhadat_41578,luachonnhadat_41578,GÓC 2 MẶT TIỀN ĐƯỜNG SỐ 23 BÌNH PHÚ - SIÊU VỊ TRÍ KINH DOANH - NGANG 5M,30000000000,30 Tỷ/căn,100,NA,"Quận 6, Hồ Chí Minh",Unknown,NA,Quận 6,NA,Nhà phố,NA,NA,https://luachonnhadat.vn/vnt_upload/product/06_2025/fe6d0028e9ed324b569cf130125efbb5.jpg,https://luachonnhadat.vn/nha-dat/goc-2-mat-tien-duong-so-23-binh-phu-sieu-vi-tri-kinh-doanh-ngang-5m.html,https://luachonnhadat.vn/nha-dat/goc-2-mat-tien-duong-so-23-binh-phu-sieu-vi-tri-kinh-doanh-ngang-5m.html,2026-05-11,2026-06-03T08:41:19Z,4,30000,300000000,0,0
luachonnhadat,sale,luachonnhadat_48828,luachonnhadat_48828,"Bán nhà hẻm 219 Mai Xuân Thưởng, P.6, Q.6, DT 3 x 13m, 4 tấm, giá 7.9 tỷ",7900000000,7.9 Tỷ/căn,39,NA,"Quận 6, Hồ Chí Minh",Unknown,NA,Quận 6,NA,Nhà phố,NA,NA,https://luachonnhadat.vn/vnt_upload/product/09_2025/e1166075a434bde19af3e0bd458736fe.jpg,https://luachonnhadat.vn/nha-dat/ban-nha-hem-219-mai-xuan-thuong-p-6-q-6-dt-3-x-13m-4-tam-gia-7-9-ty.html,https://luachonnhadat.vn/nha-dat/ban-nha-hem-219-mai-xuan-thuong-p-6-q-6-dt-3-x-13m-4-tam-gia-7-9-ty.html,2026-05-11,2026-06-03T08:41:19Z,4,7900,202564102.56410256,0,0
luachonnhadat,sale,luachonnhadat_49919,luachonnhadat_49919,"Bán nhà khu Tên Lửa, MT đường Tên Lửa, DT 5 x 20m, 4 tấm, giá 30 tỷ",30000000000,30 Tỷ/căn,100,NA,"Bình Tân, Hồ Chí Minh",Unknown,NA,Bình Tân,NA,Nhà phố,NA,NA,https://luachonnhadat.vn/vnt_upload/product/04_2026/217e69098f323ec726b8812e9471ccaa.jpg,https://luachonnhadat.vn/nha-dat/ban-nha-khu-ten-lua-mt-duong-ten-lua-dt-5-x-20m-4-tam-gia-30-ty.html,https://luachonnhadat.vn/nha-dat/ban-nha-khu-ten-lua-mt-duong-ten-lua-dt-5-x-20m-4-tam-gia-30-ty.html,2026-05-11,2026-06-03T08:41:19Z,4,30000,300000000,0,0
luachonnhadat,sale,luachonnhadat_46424,luachonnhadat_46424,"Bán nhà khu Tên Lửa, MT đường Số 7, DT 5 x 20m, 4 tấm, giá 26.3 tỷ. kinh doanh sầm uất",26300000000,26.3 Tỷ/căn,100,NA,"Bình Tân, Hồ Chí Minh",Unknown,NA,Bình Tân,NA,Nhà phố,NA,NA,https://luachonnhadat.vn/vnt_upload/product/09_2025/182b8edc919f291b17a7c7916fab66dd.jpg,https://luachonnhadat.vn/nha-dat/ban-nha-khu-ten-lua-mt-duong-so-7-dt-5-x-20m-4-tam-gia-26-3-ty-kinh-doanh-sam-uat.html,https://luachonnhadat.vn/nha-dat/ban-nha-khu-ten-lua-mt-duong-so-7-dt-5-x-20m-4-tam-gia-26-3-ty-kinh-doanh-sam-uat.html,2026-05-11,2026-06-03T08:41:19Z,4,26300,263000000,0,0
luachonnhadat,sale,luachonnhadat_49999,luachonnhadat_49999,"Bán nhà MT lô H đường Nguyễn Thức Tự, P. An Lạc A, DT 2.7 x 9m, 1 lầu, giá 2.2 tỷ",2200000000,2.2 Tỷ/căn,24,NA,"Bình Tân, Hồ Chí Minh",Unknown,NA,Bình Tân,NA,Nhà phố,NA,NA,https://luachonnhadat.vn/vnt_upload/product/04_2026/5b9d7b02e6cf25d78549ed13f50f085e.jpg,https://luachonnhadat.vn/nha-dat/ban-nha-mt-lo-h-duong-nguyen-thuc-tu-p-an-lac-a-dt-2-7-x-9m-1-lau-gia-2-2-ty.html,https://luachonnhadat.vn/nha-dat/ban-nha-mt-lo-h-duong-nguyen-thuc-tu-p-an-lac-a-dt-2-7-x-9m-1-lau-gia-2-2-ty.html,2026-05-11,2026-06-03T08:41:19Z,4,2200,91666666.66666669,0,0
luachonnhadat,sale,luachonnhadat_49894,luachonnhadat_49894,"Bán nhà hẻm 24 Trương Phước Phan, P. Bình Trị Đông, 4 x 8m, 1 lầu, giá 2.99 tỷ",2990000000,2.99 Tỷ/căn,32,NA,"Bình Tân, Hồ Chí Minh",Unknown,NA,Bình Tân,NA,Nhà phố,NA,NA,https://luachonnhadat.vn/vnt_upload/product/04_2026/a5e72caf2b8dbfb24dd530b0d55c4172.jpg,https://luachonnhadat.vn/nha-dat/ban-nha-hem-24-truong-phuoc-phan-p-binh-tri-dong-4-x-8m-1-lau-gia-2-99-ty.html,https://luachonnhadat.vn/nha-dat/ban-nha-hem-24-truong-phuoc-phan-p-binh-tri-dong-4-x-8m-1-lau-gia-2-99-ty.html,2026-05-11,2026-06-03T08:41:19Z,4,2990,93437500,0,0
luachonnhadat,sale,luachonnhadat_49722,luachonnhadat_49722,"Bán nhà hẻm 496 Tỉnh Lộ 10, P. Bình Trị Đông, 4 x 8m, 2 tấm, giá 3.79 tỷ.",3790000000,3.79 Tỷ/căn,32,NA,"Bình Tân, Hồ Chí Minh",Unknown,NA,Bình Tân,NA,Nhà phố,NA,NA,https://luachonnhadat.vn/vnt_upload/product/03_2026/e11c97c7bb6b4098a5240309e4923c34.jpg,https://luachonnhadat.vn/nha-dat/ban-nha-hem-496-tinh-lo-10-p-binh-tri-dong-4-x-8m-2-tam-gia-3-79-ty-.html,https://luachonnhadat.vn/nha-dat/ban-nha-hem-496-tinh-lo-10-p-binh-tri-dong-4-x-8m-2-tam-gia-3-79-ty-.html,2026-05-11,2026-06-03T08:41:19Z,4,3790,118437500,0,0
luachonnhadat,sale,luachonnhadat_49726,luachonnhadat_49726,"Bán nhà hẻm 183 Tân Hòa Đông, P.14, Q.6, DT 3.2 x 4m, 3 tấm, giá 2.2 tỷ.",2200000000,2.2 Tỷ/căn,12,NA,"Quận 6, Hồ Chí Minh",Unknown,NA,Quận 6,NA,Nhà phố,NA,NA,https://luachonnhadat.vn/vnt_upload/product/03_2026/8f7c866935e0153e6ee4a98c1dde0ae4.jpg,https://luachonnhadat.vn/nha-dat/ban-nha-hem-183-tan-hoa-dong-p-14-q-6-dt-3-2-x-4m-3-tam-gia-2-2-ty-.html,https://luachonnhadat.vn/nha-dat/ban-nha-hem-183-tan-hoa-dong-p-14-q-6-dt-3-2-x-4m-3-tam-gia-2-2-ty-.html,2026-05-11,2026-06-03T08:41:19Z,4,2200,183333333.33333337,0,0
luachonnhadat,sale,luachonnhadat_45072,luachonnhadat_45072,"Bán nhà hẻm 63 Chu Văn An, P.1, Q.6, DT 4.2 x 15.6m, 1 lầu, giá 6 tỷ",6000000000,6 Tỷ/căn,65,NA,"Quận 6, Hồ Chí Minh",Unknown,NA,Quận 6,NA,Nhà phố,NA,NA,https://luachonnhadat.vn/vnt_upload/product/10_2022/310_1.jpg,https://luachonnhadat.vn/nha-dat/ban-nha-hem-63-chu-van-an-p-1-q-6-dt-4-2-x-15-6m-1-lau-gia-6-ty.html,https://luachonnhadat.vn/nha-dat/ban-nha-hem-63-chu-van-an-p-1-q-6-dt-4-2-x-15-6m-1-lau-gia-6-ty.html,2026-05-11,2026-06-03T08:41:19Z,4,6000,92307692.3076923,0,0
luachonnhadat,sale,luachonnhadat_50080,luachonnhadat_50080,"Bán nhà hẻm 147 đường Số 8, P. Bình Hưng Hòa, DT 4 x 14m, 2.5 tấm, giá 5.69 tỷ",5690000000,5.69 Tỷ/căn,56,NA,"Bình Tân, Hồ Chí Minh",Unknown,NA,Bình Tân,NA,Nhà phố,NA,NA,https://luachonnhadat.vn/vnt_upload/product/05_2026/90b01027fdccdb223ec0853d990d04ae.jpg,https://luachonnhadat.vn/nha-dat/ban-nha-hem-147-duong-so-8-p-binh-hung-hoa-dt-4-x-14m-2-5-tam-gia-5-69-ty.html,https://luachonnhadat.vn/nha-dat/ban-nha-hem-147-duong-so-8-p-binh-hung-hoa-dt-4-x-14m-2-5-tam-gia-5-69-ty.html,2026-05-11,2026-06-03T08:41:19Z,4,5690,101607142.85714284,0,0
luachonnhadat,sale,luachonnhadat_50052,luachonnhadat_50052,"Bán cặp nhà khu Tên Lửa gần Aeon, MT đường Số 13B, DT 10 x 20m, 3.5 tấm, giá 32 tỷ.",32000000000,32 Tỷ/căn,200,NA,"Bình Tân, Hồ Chí Minh",Unknown,NA,Bình Tân,NA,Nhà phố,NA,NA,https://luachonnhadat.vn/vnt_upload/product/05_2026/b670f315fc271d32360eabab1ea12b3d.jpg,https://luachonnhadat.vn/nha-dat/ban-cap-nha-khu-ten-lua-gan-aeon-mt-duong-so-13b-dt-10-x-20m-3-5-tam-gia-32-ty-.html,https://luachonnhadat.vn/nha-dat/ban-cap-nha-khu-ten-lua-gan-aeon-mt-duong-so-13b-dt-10-x-20m-3-5-tam-gia-32-ty-.html,2026-05-11,2026-06-03T08:41:19Z,4,32000,160000000,0,0
luachonnhadat,sale,luachonnhadat_44639,luachonnhadat_44639,"Bán nhà hẻm 338 Chiến Lược, P. Bình Trị Đông A, DT 4 x 9m, 3.5 tấm, giá 4.45 tỷ",4450000000,4.45 Tỷ/căn,36,NA,"Bình Tân, Hồ Chí Minh",Unknown,NA,Bình Tân,NA,Nhà phố,NA,NA,https://luachonnhadat.vn/vnt_upload/product/08_2022/715.jpg,https://luachonnhadat.vn/nha-dat/ban-nha-hem-338-chien-luoc-p-binh-tri-dong-a-dt-4-x-9m-3-5-tam-gia-4-45-ty.html,https://luachonnhadat.vn/nha-dat/ban-nha-hem-338-chien-luoc-p-binh-tri-dong-a-dt-4-x-9m-3-5-tam-gia-4-45-ty.html,2026-05-11,2026-06-03T08:41:19Z,4,4450,123611111.1111111,0,0
luachonnhadat,sale,luachonnhadat_50078,luachonnhadat_50078,"Bán nhà Hẻm 40 Tô Hiệu, P. Tân Thới Hòa, 5 x 11m, 1 lầu, giá 4.9 tỷ",4900000000,4.9 Tỷ/căn,55,NA,"Tân Phú, Hồ Chí Minh",Unknown,NA,Tân Phú,NA,Nhà phố,NA,NA,https://luachonnhadat.vn/vnt_upload/product/05_2026/de9775664b65edfc4c4bbe21040d7eaf.jpg,https://luachonnhadat.vn/nha-dat/ban-nha-hem-40-to-hieu-p-tan-thoi-hoa-5-x-11m-1-lau-gia-4-9-ty.html,https://luachonnhadat.vn/nha-dat/ban-nha-hem-40-to-hieu-p-tan-thoi-hoa-5-x-11m-1-lau-gia-4-9-ty.html,2026-05-11,2026-06-03T08:41:19Z,4,4900,89090909.0909091,0,0
luachonnhadat,sale,luachonnhadat_50077,luachonnhadat_50077,"Bán đất hẻm 31 Huỳnh Thiên Lộc, P. Hòa Thạnh, DT 4 x 25m, giá từ 6.7 tỷ/lô",6700000000,6.7 Tỷ/nền,100,NA,"Tân Phú, Hồ Chí Minh",Unknown,NA,Tân Phú,NA,Đất,NA,NA,https://luachonnhadat.vn/vnt_upload/product/05_2026/32346f10555e58df4c6d5bbd75df1611.jpg,https://luachonnhadat.vn/nha-dat/ban-dat-hem-31-huynh-thien-loc-p-hoa-thanh-dt-4-x-25m-gia-tu-6-7-ty-lo.html,https://luachonnhadat.vn/nha-dat/ban-dat-hem-31-huynh-thien-loc-p-hoa-thanh-dt-4-x-25m-gia-tu-6-7-ty-lo.html,2026-05-11,2026-06-03T08:41:19Z,4,6700,67000000,0,0
luachonnhadat,sale,luachonnhadat_50074,luachonnhadat_50074,"Bán nhà MT đường Lũy Bán Bích, P. Tân Thới Hòa, DT 2.5 x 15m, 3.5 tấm, giá 5.95 tỷ",5950000000,5.95 Tỷ/căn,37,NA,"Tân Phú, Hồ Chí Minh",Unknown,NA,Tân Phú,NA,Nhà phố,NA,NA,https://luachonnhadat.vn/vnt_upload/product/05_2026/ca2201deaf280d5079850d221d5169fb.jpg,https://luachonnhadat.vn/nha-dat/ban-nha-mt-duong-luy-ban-bich-p-tan-thoi-hoa-dt-2-5-x-15m-3-5-tam-gia-5-95-ty.html,https://luachonnhadat.vn/nha-dat/ban-nha-mt-duong-luy-ban-bich-p-tan-thoi-hoa-dt-2-5-x-15m-3-5-tam-gia-5-95-ty.html,2026-05-11,2026-06-03T08:41:19Z,4,5950,160810810.8108108,0,0
luachonnhadat,sale,luachonnhadat_50073,luachonnhadat_50073,"Bán nhà hẻm 285 Ấp Chiến Lược, P. Bình Hưng Hòa A, DT 6 x 14m, 4.5 tấm, giá 7.2 tỷ",7200000000,7.2 Tỷ/căn,84,NA,"Bình Tân, Hồ Chí Minh",Unknown,NA,Bình Tân,NA,Nhà phố,NA,NA,https://luachonnhadat.vn/vnt_upload/product/05_2026/c8d9b08d0484961a2b4721e0d29f737b.jpg,https://luachonnhadat.vn/nha-dat/ban-nha-hem-285-ap-chien-luoc-p-binh-hung-hoa-a-dt-6-x-14m-4-5-tam-gia-7-2-ty.html,https://luachonnhadat.vn/nha-dat/ban-nha-hem-285-ap-chien-luoc-p-binh-hung-hoa-a-dt-6-x-14m-4-5-tam-gia-7-2-ty.html,2026-05-11,2026-06-03T08:41:19Z,4,7200,85714285.71428572,0,0
luachonnhadat,sale,luachonnhadat_47652,luachonnhadat_47652,"✅ NHÀ BÁN KHU TÊN LỬA, CẠNH COOPMART | MT ĐƯỜNG SỐ 19E, 4.5 X 18M, 3 TẤM, 11.3 TỶ.",11300000000,11.3 Tỷ/căn,67,NA,"Bình Tân, Hồ Chí Minh",Unknown,NA,Bình Tân,NA,Nhà phố,NA,NA,https://luachonnhadat.vn/vnt_upload/product/05_2026/99df1b1cdf18022da6be83b603522ab3.jpeg,https://luachonnhadat.vn/nha-dat/-nha-ban-khu-ten-lua-canh-coopmart-mt-duong-so-19e-4-5-x-18m-3-tam-11-3-ty-.html,https://luachonnhadat.vn/nha-dat/-nha-ban-khu-ten-lua-canh-coopmart-mt-duong-so-19e-4-5-x-18m-3-tam-11-3-ty-.html,2026-05-10,2026-06-03T08:41:19Z,4,11300,168656716.41791046,0,0
luachonnhadat,sale,luachonnhadat_48727,luachonnhadat_48727,✅ BÁN ĐẤT KHU AO SEN TÊN LỬA – MẶT TIỀN ĐƯỜNG SỐ 7A – GẦN AEON MALL – GIÁ 12.5 TỶ,12500000000,12.5 Tỷ/nền,100,NA,"Bình Tân, Hồ Chí Minh",Unknown,NA,Bình Tân,NA,Đất,NA,NA,https://luachonnhadat.vn/vnt_upload/product/04_2026/9fa587f8fb5aaf1d8f01a5036784b243.jpeg,https://luachonnhadat.vn/nha-dat/-ban-dat-khu-ao-sen-ten-lua-mat-tien-duong-so-7a-gan-aeon-mall-gia-12-5-ty.html,https://luachonnhadat.vn/nha-dat/-ban-dat-khu-ao-sen-ten-lua-mat-tien-duong-so-7a-gan-aeon-mall-gia-12-5-ty.html,2026-05-10,2026-06-03T08:41:19Z,4,12500,125000000,0,0
luachonnhadat,sale,luachonnhadat_40232,luachonnhadat_40232,"Bán nhà MT đường Chiến Lược, P. Bình Trị Đông, DT 12 x 68m, 3 tấm, giá 71 tỷ",71000000000,71 Tỷ/căn,816,NA,"Bình Tân, Hồ Chí Minh",Unknown,NA,Bình Tân,NA,Nhà phố,NA,NA,https://luachonnhadat.vn/vnt_upload/product/05_2026/a18c27bc4c4d1b5545db10df37a39564.jpg,https://luachonnhadat.vn/nha-dat/ban-nha-mt-duong-chien-luoc-p-binh-tri-dong-dt-12-x-68m-3-tam-gia-71-ty.html,https://luachonnhadat.vn/nha-dat/ban-nha-mt-duong-chien-luoc-p-binh-tri-dong-dt-12-x-68m-3-tam-gia-71-ty.html,2026-05-10,2026-06-03T08:41:19Z,4,71000,87009803.92156863,0,0
luachonnhadat,sale,luachonnhadat_41797,luachonnhadat_41797,"Bán nhà góc 2MT hẻm 753 Tỉnh Lộ 10, P. Bình Trị Đông B, DT 5.7 x 18m, NH 6m, 3 tấm, giá 11.5 tỷ",11500000000,11.5 Tỷ/căn,102,NA,"Bình Tân, Hồ Chí Minh",Unknown,NA,Bình Tân,NA,Nhà phố,NA,NA,https://luachonnhadat.vn/vnt_upload/product/05_2026/06a8bd85fbe4ab1df4bd2e056bba7fa5.jpg,https://luachonnhadat.vn/nha-dat/ban-nha-goc-2mt-hem-753-tinh-lo-10-p-binh-tri-dong-b-dt-5-7-x-18m-nh-6m-3-tam-gia-11-5-ty.html,https://luachonnhadat.vn/nha-dat/ban-nha-goc-2mt-hem-753-tinh-lo-10-p-binh-tri-dong-b-dt-5-7-x-18m-nh-6m-3-tam-gia-11-5-ty.html,2026-05-10,2026-06-03T08:41:19Z,4,11500,112745098.03921568,0,0
luachonnhadat,sale,luachonnhadat_44188,luachonnhadat_44188,"Bán nhà MT đường Khiếu Năng Tĩnh, P. An Lạc A, 4 x 16m, 3.5 tấm, giá 10.7 tỷ.",10700000000,10.7 Tỷ/căn,64,NA,"Bình Tân, Hồ Chí Minh",Unknown,NA,Bình Tân,NA,Nhà phố,NA,NA,https://luachonnhadat.vn/vnt_upload/product/06_2022/97.jpg,https://luachonnhadat.vn/nha-dat/ban-nha-mt-duong-khieu-nang-tinh-p-an-lac-a-4-x-16m-3-5-tam-gia-10-7-ty-.html,https://luachonnhadat.vn/nha-dat/ban-nha-mt-duong-khieu-nang-tinh-p-an-lac-a-4-x-16m-3-5-tam-gia-10-7-ty-.html,2026-05-10,2026-06-03T08:41:19Z,4,10700,167187500,0,0
luachonnhadat,sale,luachonnhadat_41064,luachonnhadat_41064,NHÀ PHỐ TÊN LỬA GIÁ TỐT – MẶT TIỀN ĐƯỜNG SỐ 2B – SÁT ĐƯỜNG SỐ 7 & CHỢ – CHỈ 6.99 TỶ,6990000000,6.99 Tỷ/căn,48,NA,"Bình Tân, Hồ Chí Minh",Unknown,NA,Bình Tân,NA,Nhà phố,NA,NA,https://luachonnhadat.vn/vnt_upload/product/05_2026/679c1168f1b00a57f982bdbaa1174628.jpeg,https://luachonnhadat.vn/nha-dat/nha-pho-ten-lua-gia-tot-mat-tien-duong-so-2b-sat-duong-so-7-cho-chi-6-99-ty.html,https://luachonnhadat.vn/nha-dat/nha-pho-ten-lua-gia-tot-mat-tien-duong-so-2b-sat-duong-so-7-cho-chi-6-99-ty.html,2026-05-10,2026-06-03T08:41:19Z,4,6990,145625000,0,0
luachonnhadat,sale,luachonnhadat_45716,luachonnhadat_45716,"Bán nhà khu Tên Lửa, góc 2MT đường Số 16, DT 12 x 25m, 3 tấm, giá 43 tỷ.",43000000000,43 Tỷ/căn,300,NA,"Bình Tân, Hồ Chí Minh",Unknown,NA,Bình Tân,NA,Nhà phố,NA,NA,https://luachonnhadat.vn/vnt_upload/product/05_2026/526be9189a93662c904bceda89df4c23.jpeg,https://luachonnhadat.vn/nha-dat/ban-nha-khu-ten-lua-goc-2mt-duong-so-16-dt-12-x-25m-3-tam-gia-43-ty-.html,https://luachonnhadat.vn/nha-dat/ban-nha-khu-ten-lua-goc-2mt-duong-so-16-dt-12-x-25m-3-tam-gia-43-ty-.html,2026-05-10,2026-06-03T08:41:19Z,4,43000,143333333.33333334,0,0
luachonnhadat,sale,luachonnhadat_8508,luachonnhadat_8508,"Bán nhà khu Tên Lửa, MT đường Số 7, DT 5 x 20m, 4 tấm, giá 26.5 tỷ.",26500000000,26.5 Tỷ/căn,100,NA,"Bình Tân, Hồ Chí Minh",Unknown,NA,Bình Tân,NA,Nhà phố,NA,NA,https://luachonnhadat.vn/vnt_upload/product/05_2026/0fbbed2acf5c965ed2effdcea74c9e0e.jpeg,https://luachonnhadat.vn/nha-dat/ban-nha-khu-ten-lua-mt-duong-so-7-dt-5-x-20m-4-tam-gia-26-5-ty-.html,https://luachonnhadat.vn/nha-dat/ban-nha-khu-ten-lua-mt-duong-so-7-dt-5-x-20m-4-tam-gia-26-5-ty-.html,2026-05-10,2026-06-03T08:41:19Z,4,26500,265000000,0,0
luachonnhadat,sale,luachonnhadat_43706,luachonnhadat_43706,"Bán nhà khu Tên Lửa, MT đường Số 7, DT 5 x 20m, 3.5 tấm, giá 26.5 tỷ.",26500000000,26.5 Tỷ/căn,100,NA,"Bình Tân, Hồ Chí Minh",Unknown,NA,Bình Tân,NA,Nhà phố,NA,NA,https://luachonnhadat.vn/vnt_upload/product/05_2026/50a130b18fe46061e31f5e6bbbc69ac4.jpeg,https://luachonnhadat.vn/nha-dat/ban-nha-khu-ten-lua-mt-duong-so-7-dt-5-x-20m-3-5-tam-gia-26-5-ty-.html,https://luachonnhadat.vn/nha-dat/ban-nha-khu-ten-lua-mt-duong-so-7-dt-5-x-20m-3-5-tam-gia-26-5-ty-.html,2026-05-10,2026-06-03T08:41:19Z,4,26500,265000000,0,0
luachonnhadat,sale,luachonnhadat_4417,luachonnhadat_4417,"Bán biệt thự khu Tên Lửa, MT đường Số 11A, DT 8 x 21m, 1 lầu, giá 23.9 tỷ.",23900000000,23.9 Tỷ/căn,168,NA,"Bình Tân, Hồ Chí Minh",Unknown,NA,Bình Tân,NA,Biệt thự,NA,NA,https://luachonnhadat.vn/vnt_upload/product/05_2026/b2e460353d7310071b470bc918a06f63.jpg,https://luachonnhadat.vn/nha-dat/ban-biet-thu-khu-ten-lua-mt-duong-so-11a-dt-8-x-21m-1-lau-gia-23-9-ty-.html,https://luachonnhadat.vn/nha-dat/ban-biet-thu-khu-ten-lua-mt-duong-so-11a-dt-8-x-21m-1-lau-gia-23-9-ty-.html,2026-05-10,2026-06-03T08:41:19Z,4,23900,142261904.76190478,0,0
luachonnhadat,sale,luachonnhadat_44117,luachonnhadat_44117,"BÁN NHÀ GÓC 2 MẶT ĐƯỜNG NỘI BỘ KHU BÌNH PHÚ, 4.2 X 15M, 3.5 TẤM, 9.1 TỶ, GẦN ST MEGA.",9100000000,9.1 Tỷ/căn,63,NA,"Quận 6, Hồ Chí Minh",Unknown,NA,Quận 6,NA,Nhà phố,NA,NA,https://luachonnhadat.vn/vnt_upload/product/05_2026/79c34fe8d7db51f0ccd40d49538395e0.jpg,https://luachonnhadat.vn/nha-dat/ban-nha-goc-2-mat-duong-noi-bo-khu-binh-phu-4-2-x-15m-3-5-tam-9-1-ty-gan-st-mega-.html,https://luachonnhadat.vn/nha-dat/ban-nha-goc-2-mat-duong-noi-bo-khu-binh-phu-4-2-x-15m-3-5-tam-9-1-ty-gan-st-mega-.html,2026-05-09,2026-06-03T08:41:19Z,4,9100,144444444.44444445,0,0
luachonnhadat,sale,luachonnhadat_48776,luachonnhadat_48776,"Bán nhà hẻm 341 Bến Phú Lâm, P.9, Q.6, DT 4 x 14m, 3 tấm, giá 6.5 tỷ",6500000000,6.5 Tỷ/căn,56,NA,"Quận 6, Hồ Chí Minh",Unknown,NA,Quận 6,NA,Nhà phố,NA,NA,https://luachonnhadat.vn/vnt_upload/product/08_2025/e4d715c4f7c9b6908a0c9f2d45d57376.jpg,https://luachonnhadat.vn/nha-dat/ban-nha-hem-341-ben-phu-lam-p-9-q-6-dt-4-x-14m-3-tam-gia-6-5-ty.html,https://luachonnhadat.vn/nha-dat/ban-nha-hem-341-ben-phu-lam-p-9-q-6-dt-4-x-14m-3-tam-gia-6-5-ty.html,2026-05-09,2026-06-03T08:41:19Z,4,6500,116071428.57142857,0,0
luachonnhadat,sale,luachonnhadat_47681,luachonnhadat_47681,"Bán nhà khu Tên Lửa, MT đường Tên Lửa, DT 9 x 20m, 3.5 tấm, giá 45 tỷ",45000000000,45 Tỷ/căn,180,NA,"Bình Tân, Hồ Chí Minh",Unknown,NA,Bình Tân,NA,Nhà phố,NA,NA,https://luachonnhadat.vn/vnt_upload/product/11_2024/7e60f39f9134514cbd674ea77d9d71de.jpg,https://luachonnhadat.vn/nha-dat/ban-nha-khu-ten-lua-mt-duong-ten-lua-dt-9-x-20m-3-5-tam-gia-45-ty.html,https://luachonnhadat.vn/nha-dat/ban-nha-khu-ten-lua-mt-duong-ten-lua-dt-9-x-20m-3-5-tam-gia-45-ty.html,2026-05-08,2026-06-03T08:41:19Z,4,45000,250000000,0,0
luachonnhadat,sale,luachonnhadat_49669,luachonnhadat_49669,"Bán nhà hẻm 15 đường Số 5A, P. Bình Hưng Hoà A, DT 4 x 8m, 1 lầu, giá 3.28 tỷ",3280000000,3.28 Tỷ/căn,32,NA,"Bình Tân, Hồ Chí Minh",Unknown,NA,Bình Tân,NA,Nhà phố,NA,NA,https://luachonnhadat.vn/vnt_upload/product/03_2026/b999b80d631f4f9d922fbcb2cbdd10c7.jpg,https://luachonnhadat.vn/nha-dat/ban-nha-hem-15-duong-so-5a-p-binh-hung-hoa-a-dt-4-x-8m-1-lau-gia-3-28-ty.html,https://luachonnhadat.vn/nha-dat/ban-nha-hem-15-duong-so-5a-p-binh-hung-hoa-a-dt-4-x-8m-1-lau-gia-3-28-ty.html,2026-05-08,2026-06-03T08:41:19Z,4,3280,102500000,0,0
luachonnhadat,sale,luachonnhadat_50068,luachonnhadat_50068,"Bán nhà khu Cư Xá Rada, MT đường Số 10, P.13, Q.6, DT 8.3 x 12m, 2.5 tấm, giá 27 tỷ.",27000000000,27 Tỷ/căn,99,NA,"Quận 6, Hồ Chí Minh",Unknown,NA,Quận 6,NA,Nhà phố,NA,NA,https://luachonnhadat.vn/vnt_upload/product/05_2026/7031c3605fda9f570346d01abe4c1a8c.jpg,https://luachonnhadat.vn/nha-dat/ban-nha-khu-cu-xa-rada-mt-duong-so-10-p-13-q-6-dt-8-3-x-12m-2-5-tam-gia-27-ty-.html,https://luachonnhadat.vn/nha-dat/ban-nha-khu-cu-xa-rada-mt-duong-so-10-p-13-q-6-dt-8-3-x-12m-2-5-tam-gia-27-ty-.html,2026-05-08,2026-06-03T08:41:19Z,4,27000,272727272.72727275,0,0
luachonnhadat,sale,luachonnhadat_48970,luachonnhadat_48970,"Bán nhà hẻm 132 Mã Lò, P. Bình Trị Đông A, 4.2 x 12.2m, 3 tấm, giá 4.3 tỷ",4300000000,4.3 Tỷ/căn,51,NA,"Bình Tân, Hồ Chí Minh",Unknown,NA,Bình Tân,NA,Nhà phố,NA,NA,https://luachonnhadat.vn/vnt_upload/product/10_2025/50922c71f2b5f0b89fe8b474f73bb852.jpg,https://luachonnhadat.vn/nha-dat/ban-nha-hem-132-ma-lo-p-binh-tri-dong-a-4-2-x-12-2m-3-tam-gia-4-3-ty.html,https://luachonnhadat.vn/nha-dat/ban-nha-hem-132-ma-lo-p-binh-tri-dong-a-4-2-x-12-2m-3-tam-gia-4-3-ty.html,2026-05-08,2026-06-03T08:41:19Z,4,4300,84313725.49019608,0,0
luachonnhadat,sale,luachonnhadat_47339,luachonnhadat_47339,"Bán nhà hẻm 79 đường Số 12, P.16, Q.8, DT 30 x 22m, 3.5 tấm, giá 45 tỷ",45000000000,45 Tỷ/căn,660,NA,"Quận 8, Hồ Chí Minh",Unknown,NA,Quận 8,NA,Nhà phố,NA,NA,https://luachonnhadat.vn/vnt_upload/product/08_2024/4dc82db0d7ff004ff20d7e1459e832b1.jpg,https://luachonnhadat.vn/nha-dat/ban-nha-hem-79-duong-so-12-p-16-q-8-dt-30-x-22m-3-5-tam-gia-45-ty.html,https://luachonnhadat.vn/nha-dat/ban-nha-hem-79-duong-so-12-p-16-q-8-dt-30-x-22m-3-5-tam-gia-45-ty.html,2026-05-08,2026-06-03T08:41:19Z,4,45000,68181818.18181819,0,0
luachonnhadat,sale,luachonnhadat_40915,luachonnhadat_40915,BIỆT THỰ MỚI - KHU VIP ĐỒNG BỘ ĐƯỜNG SỐ 32 - SÁT CẬN AEON MALL,26500000000,26.5 Tỷ/căn,200,NA,"Bình Tân, Hồ Chí Minh",Unknown,NA,Bình Tân,NA,Biệt thự,NA,NA,https://luachonnhadat.vn/vnt_upload/product/04_2026/faf664540ae7e74a8d6bd638d757aed5.jpeg,https://luachonnhadat.vn/nha-dat/biet-thu-moi-khu-vip-dong-bo-duong-so-32-sat-can-aeon-mall.html,https://luachonnhadat.vn/nha-dat/biet-thu-moi-khu-vip-dong-bo-duong-so-32-sat-can-aeon-mall.html,2026-05-08,2026-06-03T08:41:19Z,4,26500,132500000,0,0
luachonnhadat,sale,luachonnhadat_50067,luachonnhadat_50067,"Bán nhà khu Tên Lửa, MT đường Số 3, DT 4 x 20m, 3.5 tấm, giá 12.3 tỷ.",12300000000,12.3 Tỷ/căn,80,NA,"Bình Tân, Hồ Chí Minh",Unknown,NA,Bình Tân,NA,Nhà phố,NA,NA,https://luachonnhadat.vn/vnt_upload/product/05_2026/9244b5609f9ee053e9f18ab308d5e99f.jpg,https://luachonnhadat.vn/nha-dat/ban-nha-khu-ten-lua-mt-duong-so-3-dt-4-x-20m-3-5-tam-gia-12-3-ty-.html,https://luachonnhadat.vn/nha-dat/ban-nha-khu-ten-lua-mt-duong-so-3-dt-4-x-20m-3-5-tam-gia-12-3-ty-.html,2026-05-08,2026-06-03T08:41:19Z,4,12300,153750000,0,0
luachonnhadat,sale,luachonnhadat_50066,luachonnhadat_50066,"Bán nhà MT đường Lê Sao, P. Phú Thạnh, Q. Tân Phú, 8 x 18m, cấp 4, giá 18.8 tỷ",18800000000,18.8 Tỷ/căn,144,NA,"Tân Phú, Hồ Chí Minh",Unknown,NA,Tân Phú,NA,Nhà phố,NA,NA,https://luachonnhadat.vn/vnt_upload/product/05_2026/13f17ca0cacc21b3fc3e28701a7a4a79.jpg,https://luachonnhadat.vn/nha-dat/ban-nha-mt-duong-le-sao-p-phu-thanh-q-tan-phu-8-x-18m-cap-4-gia-18-8-ty.html,https://luachonnhadat.vn/nha-dat/ban-nha-mt-duong-le-sao-p-phu-thanh-q-tan-phu-8-x-18m-cap-4-gia-18-8-ty.html,2026-05-08,2026-06-03T08:41:19Z,4,18800,130555555.55555557,0,0
luachonnhadat,sale,luachonnhadat_50065,luachonnhadat_50065,"Bán nhà MT đường Nguyễn Thanh Tuyền, P.2, Q. Tân Bình, DT 4 x 13.5m, 5 tấm, giá 12.7 tỷ",12700000000,12.7 Tỷ/căn,54,NA,"Tân Bình, Hồ Chí Minh",Unknown,NA,Tân Bình,NA,Nhà phố,NA,NA,https://luachonnhadat.vn/vnt_upload/product/05_2026/280b25cc6b3a6512efca64c20b36fbf7.jpg,https://luachonnhadat.vn/nha-dat/ban-nha-mt-duong-nguyen-thanh-tuyen-p-2-q-tan-binh-dt-4-x-13-5m-5-tam-gia-12-7-ty.html,https://luachonnhadat.vn/nha-dat/ban-nha-mt-duong-nguyen-thanh-tuyen-p-2-q-tan-binh-dt-4-x-13-5m-5-tam-gia-12-7-ty.html,2026-05-08,2026-06-03T08:41:19Z,4,12700,235185185.1851852,0,0
luachonnhadat,sale,luachonnhadat_8418,luachonnhadat_8418,NHÀ PHỐ 3.5 TẤM HIỆN ĐẠI – MẶT TIỀN ĐƯỜNG SỐ 6D TÊN LỬA – NGANG 5M CỰC HIẾM – GIÁ 12.3 TỶ,12300000000,12.3 Tỷ/căn,90,NA,"Bình Tân, Hồ Chí Minh",Unknown,NA,Bình Tân,NA,Nhà phố,NA,NA,https://luachonnhadat.vn/vnt_upload/product/05_2026/6746a9cfc250f002ef0e4b062b9a0036.jpeg,https://luachonnhadat.vn/nha-dat/nha-pho-3-5-tam-hien-dai-mat-tien-duong-so-6d-ten-lua-ngang-5m-cuc-hiem-gia-12-3-ty.html,https://luachonnhadat.vn/nha-dat/nha-pho-3-5-tam-hien-dai-mat-tien-duong-so-6d-ten-lua-ngang-5m-cuc-hiem-gia-12-3-ty.html,2026-05-07,2026-06-03T08:41:19Z,4,12300,136666666.66666666,0,0
luachonnhadat,sale,luachonnhadat_50064,luachonnhadat_50064,"Bán nhà MT đường Số 40A, P. Tân Tạo, 5 x 12m, 3 tấm, giá 11.9 tỷ",11900000000,11.9 Tỷ/căn,60,NA,"Bình Tân, Hồ Chí Minh",Unknown,NA,Bình Tân,NA,Nhà phố,NA,NA,https://luachonnhadat.vn/vnt_upload/product/05_2026/5732918ee0deb2e1e8f9eec103916047.jpg,https://luachonnhadat.vn/nha-dat/ban-nha-mt-duong-so-40a-p-tan-tao-5-x-12m-3-tam-gia-11-9-ty.html,https://luachonnhadat.vn/nha-dat/ban-nha-mt-duong-so-40a-p-tan-tao-5-x-12m-3-tam-gia-11-9-ty.html,2026-05-07,2026-06-03T08:41:19Z,4,11900,198333333.33333337,0,0
luachonnhadat,sale,luachonnhadat_48912,luachonnhadat_48912,"Bán nhà khu Tên Lửa, MT đường Số 12B, DT 5 x 20m, 4.5 tấm, giá 15.3 tỷ.",15300000000,15.3 Tỷ/căn,100,NA,"Bình Tân, Hồ Chí Minh",Unknown,NA,Bình Tân,NA,Nhà phố,NA,NA,https://luachonnhadat.vn/vnt_upload/product/05_2026/dbdb837cc1fbe5db009dc170c1895dae.jpeg,https://luachonnhadat.vn/nha-dat/ban-nha-khu-ten-lua-mt-duong-so-12b-dt-5-x-20m-4-5-tam-gia-15-3-ty-.html,https://luachonnhadat.vn/nha-dat/ban-nha-khu-ten-lua-mt-duong-so-12b-dt-5-x-20m-4-5-tam-gia-15-3-ty-.html,2026-05-07,2026-06-03T08:41:19Z,4,15300,153000000,0,0
luachonnhadat,sale,luachonnhadat_49326,luachonnhadat_49326,"Bán nhà hẻm 103 Chiến Lược, P. Bình Trị Đông, 4.46 x 11m, 2 tấm, giá 5.49 tỷ",5490000000,5.49 Tỷ/căn,48,NA,"Bình Tân, Hồ Chí Minh",Unknown,NA,Bình Tân,NA,Nhà phố,NA,NA,https://luachonnhadat.vn/vnt_upload/product/12_2025/516ec6bd5116139d8a024a126b12e2e1.jpg,https://luachonnhadat.vn/nha-dat/ban-nha-hem-103-chien-luoc-p-binh-tri-dong-4-46-x-11m-2-tam-gia-5-49-ty.html,https://luachonnhadat.vn/nha-dat/ban-nha-hem-103-chien-luoc-p-binh-tri-dong-4-46-x-11m-2-tam-gia-5-49-ty.html,2026-05-07,2026-06-03T08:41:19Z,4,5490,114375000,0,0
luachonnhadat,sale,luachonnhadat_50063,luachonnhadat_50063,"Bán nhà hẻm 101 Tân Hoá, P.14, Q.6, DT 4.1 x 12m, 1 lửng, giá 5.8 tỷ",5800000000,5.8 Tỷ/căn,49,NA,"Quận 6, Hồ Chí Minh",Unknown,NA,Quận 6,NA,Nhà phố,NA,NA,https://luachonnhadat.vn/vnt_upload/product/05_2026/514450ac0cb2d4b9aa94f8a7f60ffa1c.jpg,https://luachonnhadat.vn/nha-dat/ban-nha-hem-101-tan-hoa-p-14-q-6-dt-4-1-x-12m-1-lung-gia-5-8-ty.html,https://luachonnhadat.vn/nha-dat/ban-nha-hem-101-tan-hoa-p-14-q-6-dt-4-1-x-12m-1-lung-gia-5-8-ty.html,2026-05-07,2026-06-03T08:41:19Z,4,5800,118367346.93877552,0,0
luachonnhadat,sale,luachonnhadat_49795,luachonnhadat_49795,"Bán nhà hẻm 27 Bình Trị Đông, P. Bình Trị Đông A, 3.3 x 9.5m, 2 tấm, giá 4.25 tỷ",4250000000,4.25 Tỷ/căn,31,NA,"Bình Tân, Hồ Chí Minh",Unknown,NA,Bình Tân,NA,Nhà phố,NA,NA,https://luachonnhadat.vn/vnt_upload/product/03_2026/086227951d6cc17621511365b2e3cd8d.jpg,https://luachonnhadat.vn/nha-dat/ban-nha-hem-27-binh-tri-dong-p-binh-tri-dong-a-3-3-x-9-5m-2-tam-gia-4-25-ty.html,https://luachonnhadat.vn/nha-dat/ban-nha-hem-27-binh-tri-dong-p-binh-tri-dong-a-3-3-x-9-5m-2-tam-gia-4-25-ty.html,2026-05-07,2026-06-03T08:41:19Z,4,4250,137096774.19354838,0,0
luachonnhadat,sale,luachonnhadat_50060,luachonnhadat_50060,"Bán nhà hẻm 103 Liên khu 10-11, P. Bình Trị Đông, 6.8 x 20m, 2 tấm, giá 7.9 tỷ",7900000000,7.9 Tỷ/căn,136,NA,"Bình Tân, Hồ Chí Minh",Unknown,NA,Bình Tân,NA,Nhà phố,NA,NA,https://luachonnhadat.vn/vnt_upload/product/05_2026/bce2f2022129a3dbfc2afb813f18fff2.jpg,https://luachonnhadat.vn/nha-dat/ban-nha-hem-103-lien-khu-10-11-p-binh-tri-dong-6-8-x-20m-2-tam-gia-7-9-ty.html,https://luachonnhadat.vn/nha-dat/ban-nha-hem-103-lien-khu-10-11-p-binh-tri-dong-6-8-x-20m-2-tam-gia-7-9-ty.html,2026-05-07,2026-06-03T08:41:19Z,4,7900,58088235.294117644,0,0
luachonnhadat,sale,luachonnhadat_41512,luachonnhadat_41512,"Bán nhà hẻm 184 Lê Đình Cẩn, P. Tân Tạo, 4.25 x 17m, 4 tấm, giá 6.8 tỷ",6800000000,6.8 Tỷ/căn,72,NA,"Bình Tân, Hồ Chí Minh",Unknown,NA,Bình Tân,NA,Nhà phố,NA,NA,https://luachonnhadat.vn/vnt_upload/product/07_2020/692_1.jpg,https://luachonnhadat.vn/nha-dat/ban-nha-hem-184-le-dinh-can-p-tan-tao-4-25-x-17m-4-tam-gia-6-8-ty.html,https://luachonnhadat.vn/nha-dat/ban-nha-hem-184-le-dinh-can-p-tan-tao-4-25-x-17m-4-tam-gia-6-8-ty.html,2026-05-07,2026-06-03T08:41:19Z,4,6800,94444444.44444443,0,0
luachonnhadat,sale,luachonnhadat_49466,luachonnhadat_49466,"Bán nhà 2MT Trước - Sau hẻm 51 Khiếu Năng Tĩnh, P. An Lạc A, DT 7 x 33m, 3 tấm, giá 18 tỷ",18000000000,18 Tỷ/căn,231,NA,"Bình Tân, Hồ Chí Minh",Unknown,NA,Bình Tân,NA,Nhà phố,NA,NA,https://luachonnhadat.vn/vnt_upload/product/01_2026/dcd9bcb8d63ba8adaa0fb48383dbc7c1.jpg,https://luachonnhadat.vn/nha-dat/ban-nha-2mt-truoc-sau-hem-51-khieu-nang-tinh-p-an-lac-a-dt-7-x-33m-3-tam-gia-18-ty.html,https://luachonnhadat.vn/nha-dat/ban-nha-2mt-truoc-sau-hem-51-khieu-nang-tinh-p-an-lac-a-dt-7-x-33m-3-tam-gia-18-ty.html,2026-05-07,2026-06-03T08:41:19Z,4,18000,77922077.92207792,0,0
luachonnhadat,sale,luachonnhadat_49927,luachonnhadat_49927,"Bán đất khu Nam Hùng Vương, MT đường Số 4, DT 4 x 24m, giá 7.6 tỷ",7600000000,7.6 Tỷ/nền,96,NA,"Bình Tân, Hồ Chí Minh",Unknown,NA,Bình Tân,NA,Đất,NA,NA,https://luachonnhadat.vn/vnt_upload/product/04_2026/9b829bd50bbe7cb74b2b38c6f6c57d1b.jpg,https://luachonnhadat.vn/nha-dat/ban-dat-khu-nam-hung-vuong-mt-duong-so-4-dt-4-x-24m-gia-7-6-ty.html,https://luachonnhadat.vn/nha-dat/ban-dat-khu-nam-hung-vuong-mt-duong-so-4-dt-4-x-24m-gia-7-6-ty.html,2026-05-07,2026-06-03T08:41:19Z,4,7600,79166666.66666667,0,0
luachonnhadat,sale,luachonnhadat_2891,luachonnhadat_2891,"Bán nhà khu Tên Lửa, góc 2MT đường Số 14, P. An Lạc A, 4 x 15m, 4.5 tấm, giá 12.8 tỷ",12800000000,12.8 Tỷ/căn,60,NA,"Bình Tân, Hồ Chí Minh",Unknown,NA,Bình Tân,NA,Nhà phố,NA,NA,https://luachonnhadat.vn/vnt_upload/product/03_2026/aed67a7d0dd4af320164680925b7e82b.jpeg,https://luachonnhadat.vn/nha-dat/ban-nha-khu-ten-lua-goc-2mt-duong-so-14-p-an-lac-a-4-x-15m-4-5-tam-gia-12-8-ty.html,https://luachonnhadat.vn/nha-dat/ban-nha-khu-ten-lua-goc-2mt-duong-so-14-p-an-lac-a-4-x-15m-4-5-tam-gia-12-8-ty.html,2026-05-07,2026-06-03T08:41:19Z,4,12800,213333333.33333337,0,0
luachonnhadat,sale,luachonnhadat_39721,luachonnhadat_39721,"Bán nhà khu Bình Phú, MT đường Song Hành, DT 4 x 17m, 4.5 tấm, giá 15.2 tỷ.",15200000000,15.2 Tỷ/nền,68,NA,"Quận 6, Hồ Chí Minh",Unknown,NA,Quận 6,NA,Nhà phố,NA,NA,https://luachonnhadat.vn/vnt_upload/product/05_2025/4156881b653d95882ed5cc32a6fd5130.jpg,https://luachonnhadat.vn/nha-dat/ban-nha-khu-binh-phu-mt-duong-song-hanh-dt-4-x-17m-4-5-tam-gia-15-2-ty-.html,https://luachonnhadat.vn/nha-dat/ban-nha-khu-binh-phu-mt-duong-song-hanh-dt-4-x-17m-4-5-tam-gia-15-2-ty-.html,2026-05-07,2026-06-03T08:41:19Z,4,15200,223529411.7647059,0,0
luachonnhadat,sale,luachonnhadat_49511,luachonnhadat_49511,"Bán nhà hẻm 116 Tân Hoà Đông, P.14, Q.6, DT 3.4 x 11m, 2 tấm, giá 8.6 tỷ",8600000000,8.6 Tỷ/căn,37,NA,"Quận 6, Hồ Chí Minh",Unknown,NA,Quận 6,NA,Nhà phố,NA,NA,https://luachonnhadat.vn/vnt_upload/product/01_2026/d4eb5bbb03756780fd0ff29a4557ee95.jpg,https://luachonnhadat.vn/nha-dat/ban-nha-hem-116-tan-hoa-dong-p-14-q-6-dt-3-4-x-11m-2-tam-gia-8-6-ty.html,https://luachonnhadat.vn/nha-dat/ban-nha-hem-116-tan-hoa-dong-p-14-q-6-dt-3-4-x-11m-2-tam-gia-8-6-ty.html,2026-05-07,2026-06-03T08:41:19Z,4,8600,232432432.43243244,0,0
luachonnhadat,sale,luachonnhadat_45822,luachonnhadat_45822,"Bán nhà hẻm 815 Hương Lộ 2, P. Bình Trị Đông A, 6 x 9m, 3.5 tấm, giá 7.5 tỷ",7500000000,7.5 Tỷ/căn,54,NA,"Bình Tân, Hồ Chí Minh",Unknown,NA,Bình Tân,NA,Nhà phố,NA,NA,https://luachonnhadat.vn/vnt_upload/product/04_2023/251.jpg,https://luachonnhadat.vn/nha-dat/ban-nha-hem-815-huong-lo-2-p-binh-tri-dong-a-6-x-9m-3-5-tam-gia-7-5-ty.html,https://luachonnhadat.vn/nha-dat/ban-nha-hem-815-huong-lo-2-p-binh-tri-dong-a-6-x-9m-3-5-tam-gia-7-5-ty.html,2026-05-07,2026-06-03T08:41:19Z,4,7500,138888888.8888889,0,0
luachonnhadat,sale,luachonnhadat_50059,luachonnhadat_50059,"Bán nhà khu Nam Hùng Vương, MT đường Số 2, P. An Lạc, 6 x 21m, 3.5 tấm, giá 9.5 tỷ.",9500000000,9.5 Tỷ/căn,126,NA,"Bình Tân, Hồ Chí Minh",Unknown,NA,Bình Tân,NA,Nhà phố,NA,NA,https://luachonnhadat.vn/vnt_upload/product/05_2026/6320205805060220d34d4cd15eda6ab6.jpg,https://luachonnhadat.vn/nha-dat/ban-nha-khu-nam-hung-vuong-mt-duong-so-2-p-an-lac-6-x-21m-3-5-tam-gia-9-5-ty-.html,https://luachonnhadat.vn/nha-dat/ban-nha-khu-nam-hung-vuong-mt-duong-so-2-p-an-lac-6-x-21m-3-5-tam-gia-9-5-ty-.html,2026-05-07,2026-06-03T08:41:19Z,4,9500,75396825.3968254,0,0
luachonnhadat,sale,luachonnhadat_50058,luachonnhadat_50058,"Bán nhà hẻm 122 Miếu Gò Xoài, P. Bình Hưng Hòa A, DT 4 x 14m, 4 tấm, giá 7.2 tỷ",7200000000,7.2 Tỷ/căn,56,NA,"Bình Tân, Hồ Chí Minh",Unknown,NA,Bình Tân,NA,Nhà phố,NA,NA,https://luachonnhadat.vn/vnt_upload/product/05_2026/a2a36040487a764143701e103c44a30a.jpg,https://luachonnhadat.vn/nha-dat/ban-nha-hem-122-mieu-go-xoai-p-binh-hung-hoa-a-dt-4-x-14m-4-tam-gia-7-2-ty.html,https://luachonnhadat.vn/nha-dat/ban-nha-hem-122-mieu-go-xoai-p-binh-hung-hoa-a-dt-4-x-14m-4-tam-gia-7-2-ty.html,2026-05-07,2026-06-03T08:41:19Z,4,7200,128571428.57142857,0,0
luachonnhadat,sale,luachonnhadat_50057,luachonnhadat_50057,"Bán đất khu phân lô hẻm 55 Tây Lân, P. Tân Tạo, DT 4 x 18m, giá 6.05 tỷ",6050000000,6.05 Tỷ/nền,72,NA,"Bình Tân, Hồ Chí Minh",Unknown,NA,Bình Tân,NA,Đất,NA,NA,https://luachonnhadat.vn/vnt_upload/product/05_2026/e55ca91762280dff7b55e14b7a5dcd5a.jpg,https://luachonnhadat.vn/nha-dat/ban-dat-khu-phan-lo-hem-55-tay-lan-p-tan-tao-dt-4-x-18m-gia-6-05-ty.html,https://luachonnhadat.vn/nha-dat/ban-dat-khu-phan-lo-hem-55-tay-lan-p-tan-tao-dt-4-x-18m-gia-6-05-ty.html,2026-05-07,2026-06-03T08:41:19Z,4,6050,84027777.77777778,0,0
luachonnhadat,sale,luachonnhadat_50056,luachonnhadat_50056,"Bán nhà hẻm 879 Hương Lộ 2, P. Bình Trị Đông A, 4 x 15.5m, cấp 4, giá 4.88 tỷ",4880000000,4.88 Tỷ/căn,62,NA,"Bình Tân, Hồ Chí Minh",Unknown,NA,Bình Tân,NA,Nhà phố,NA,NA,https://luachonnhadat.vn/vnt_upload/product/05_2026/2914716053116ad60e6088eef52dee11.jpg,https://luachonnhadat.vn/nha-dat/ban-nha-hem-879-huong-lo-2-p-binh-tri-dong-a-4-x-15-5m-cap-4-gia-4-88-ty.html,https://luachonnhadat.vn/nha-dat/ban-nha-hem-879-huong-lo-2-p-binh-tri-dong-a-4-x-15-5m-cap-4-gia-4-88-ty.html,2026-05-07,2026-06-03T08:41:19Z,4,4880,78709677.41935484,0,0
luachonnhadat,sale,luachonnhadat_49338,luachonnhadat_49338,NHÀ PHỐ HẺM 532 KINH DƯƠNG VƯƠNG (BÌNH TRỊ ĐÔNG B) – 10 X 22M – GIÁ 21.8 TỶ | GẦN AEON MALL TÊN LỬA,21800000000,21.8 Tỷ/căn,220,NA,"Bình Tân, Hồ Chí Minh",Unknown,NA,Bình Tân,NA,Nhà phố,NA,NA,https://luachonnhadat.vn/vnt_upload/product/12_2025/d0351830ae0869a4943531cd7ab6f5ca.jpg,https://luachonnhadat.vn/nha-dat/nha-pho-hem-532-kinh-duong-vuong-binh-tri-dong-b-10-x-22m-gia-21-8-ty-gan-aeon-mall-ten-lua.html,https://luachonnhadat.vn/nha-dat/nha-pho-hem-532-kinh-duong-vuong-binh-tri-dong-b-10-x-22m-gia-21-8-ty-gan-aeon-mall-ten-lua.html,2026-05-06,2026-06-03T08:41:19Z,4,21800,99090909.0909091,0,0
luachonnhadat,sale,luachonnhadat_46121,luachonnhadat_46121,"BÁN NHÀ MỚI CHÍNH CHỦ | 33 LÊ CÔNG PHÉP, 4.5 X 18M, 3.5 TẤM, 9.8 TỶ | NHÀ MỚI ĐẸP, GẦN AEON MALL",9800000000,9.8 Tỷ/căn,79,NA,"Bình Tân, Hồ Chí Minh",Unknown,NA,Bình Tân,NA,Nhà phố,NA,NA,https://luachonnhadat.vn/vnt_upload/product/10_2025/c4c519d6175cca28f286ba7c7770ab95.jpeg,https://luachonnhadat.vn/nha-dat/ban-nha-moi-chinh-chu-33-le-cong-phep-4-5-x-18m-3-5-tam-9-8-ty-nha-moi-dep-gan-aeon-mall.html,https://luachonnhadat.vn/nha-dat/ban-nha-moi-chinh-chu-33-le-cong-phep-4-5-x-18m-3-5-tam-9-8-ty-nha-moi-dep-gan-aeon-mall.html,2026-05-06,2026-06-03T08:41:19Z,4,9800,124050632.9113924,0,0
luachonnhadat,sale,luachonnhadat_44357,luachonnhadat_44357,"BÁN NHÀ MỚI HẺM Ô TÔ AN DƯƠNG VƯƠNG | 4 X 20M, 4 TẤM, 8.3 TỶ | ẢNH THẬT 100%.",8300000000.000001,8.3 Tỷ/căn,80,NA,"Bình Tân, Hồ Chí Minh",Unknown,NA,Bình Tân,NA,Nhà phố,NA,NA,https://luachonnhadat.vn/vnt_upload/product/05_2026/9894eb7898bcb79cea5505b00a78d45c.jpg,https://luachonnhadat.vn/nha-dat/ban-nha-moi-hem-o-to-an-duong-vuong-4-x-20m-4-tam-8-3-ty-anh-that-100-.html,https://luachonnhadat.vn/nha-dat/ban-nha-moi-hem-o-to-an-duong-vuong-4-x-20m-4-tam-8-3-ty-anh-that-100-.html,2026-05-06,2026-06-03T08:41:19Z,4,8300.000000000002,103750000,0,0
luachonnhadat,sale,luachonnhadat_50054,luachonnhadat_50054,"Bán cặp nhà MT đường Gò Xoài, P. Bình Hưng Hòa A, DT 8 x 20m, cấp 4, giá 19.5 tỷ",19500000000,19.5 Tỷ/căn,160,NA,"Bình Tân, Hồ Chí Minh",Unknown,NA,Bình Tân,NA,Nhà phố,NA,NA,https://luachonnhadat.vn/vnt_upload/product/05_2026/f139b1fa8f46302715c9383a23a5dd56.jpg,https://luachonnhadat.vn/nha-dat/ban-cap-nha-mt-duong-go-xoai-p-binh-hung-hoa-a-dt-8-x-20m-cap-4-gia-19-5-ty.html,https://luachonnhadat.vn/nha-dat/ban-cap-nha-mt-duong-go-xoai-p-binh-hung-hoa-a-dt-8-x-20m-cap-4-gia-19-5-ty.html,2026-05-06,2026-06-03T08:41:19Z,4,19500,121875000,0,0
luachonnhadat,sale,luachonnhadat_50053,luachonnhadat_50053,"Bán nhà hẻm 224 đường Số 8, P. Bình Hưng Hòa, DT 4.03 x 15m, 1 lửng, giá 5.38 tỷ",5380000000,5.38 Tỷ/căn,60,NA,"Bình Tân, Hồ Chí Minh",Unknown,NA,Bình Tân,NA,Nhà phố,NA,NA,https://luachonnhadat.vn/vnt_upload/product/05_2026/c0a09a2309e1035cd405dc80489529dd.jpg,https://luachonnhadat.vn/nha-dat/ban-nha-hem-224-duong-so-8-p-binh-hung-hoa-dt-4-03-x-15m-1-lung-gia-5-38-ty.html,https://luachonnhadat.vn/nha-dat/ban-nha-hem-224-duong-so-8-p-binh-hung-hoa-dt-4-03-x-15m-1-lung-gia-5-38-ty.html,2026-05-06,2026-06-03T08:41:19Z,4,5380,89666666.66666667,0,0
luachonnhadat,sale,luachonnhadat_41541,luachonnhadat_41541,"Bán nhà khu Tên Lửa, MT đường Số 9A, DT 4 x 12m, 2.5 tấm, giá 8.9 tỷ.",8900000000,8.9 Tỷ/căn,48,NA,"Bình Tân, Hồ Chí Minh",Unknown,NA,Bình Tân,NA,Nhà phố,NA,NA,https://luachonnhadat.vn/vnt_upload/product/07_2020/831.jpg,https://luachonnhadat.vn/nha-dat/ban-nha-khu-ten-lua-mt-duong-so-9a-dt-4-x-12m-2-5-tam-gia-8-9-ty-.html,https://luachonnhadat.vn/nha-dat/ban-nha-khu-ten-lua-mt-duong-so-9a-dt-4-x-12m-2-5-tam-gia-8-9-ty-.html,2026-05-06,2026-06-03T08:41:19Z,4,8900,185416666.66666663,0,0
luachonnhadat,sale,luachonnhadat_48661,luachonnhadat_48661,"Bán biệt thự khu Tên Lửa, MT đường Số 19, DT 10 x 22m, 3 tấm, giá 45 tỷ.",45000000000,45 Tỷ/căn,220,NA,"Bình Tân, Hồ Chí Minh",Unknown,NA,Bình Tân,NA,Biệt thự,NA,NA,https://luachonnhadat.vn/vnt_upload/product/08_2025/ffd92aaca5abf1a3a12e70d9968f2aab.jpg,https://luachonnhadat.vn/nha-dat/ban-biet-thu-khu-ten-lua-mt-duong-so-19-dt-10-x-22m-3-tam-gia-45-ty-.html,https://luachonnhadat.vn/nha-dat/ban-biet-thu-khu-ten-lua-mt-duong-so-19-dt-10-x-22m-3-tam-gia-45-ty-.html,2026-05-06,2026-06-03T08:41:19Z,4,45000,204545454.54545453,0,0
luachonnhadat,sale,luachonnhadat_49663,luachonnhadat_49663,"Bán nhà mới, hẻm ô tô, 389 Tỉnh Lộ 10, P. An Lạc A, 5.12 x 15.3m, 4 tấm, giá 8.65 tỷ",8650000000,8.65 Tỷ/căn,78,NA,"Bình Tân, Hồ Chí Minh",Unknown,NA,Bình Tân,NA,Nhà phố,NA,NA,https://luachonnhadat.vn/vnt_upload/product/04_2026/3c711da56bcee9f62ce8fe33068e6266.jpg,https://luachonnhadat.vn/nha-dat/ban-nha-moi-hem-o-to-389-tinh-lo-10-p-an-lac-a-5-12-x-15-3m-4-tam-gia-8-65-ty.html,https://luachonnhadat.vn/nha-dat/ban-nha-moi-hem-o-to-389-tinh-lo-10-p-an-lac-a-5-12-x-15-3m-4-tam-gia-8-65-ty.html,2026-05-06,2026-06-03T08:41:19Z,4,8650,110897435.8974359,0,0
luachonnhadat,sale,luachonnhadat_4051,luachonnhadat_4051,"Bán khách sạn khu Tên Lửa, MT đường Số 16, DT 6 x 23m, 5 tấm, giá 26 tỷ.",26000000000,26 Tỷ/căn,138,NA,"Bình Tân, Hồ Chí Minh",Unknown,NA,Bình Tân,NA,Khách sạn,NA,NA,https://luachonnhadat.vn/vnt_upload/product/06_2022/10.jpg,https://luachonnhadat.vn/nha-dat/ban-khach-san-khu-ten-lua-mt-duong-so-16-dt-6-x-23m-5-tam-gia-26-ty-.html,https://luachonnhadat.vn/nha-dat/ban-khach-san-khu-ten-lua-mt-duong-so-16-dt-6-x-23m-5-tam-gia-26-ty-.html,2026-05-06,2026-06-03T08:41:19Z,4,26000,188405797.10144928,0,0
luachonnhadat,sale,luachonnhadat_50046,luachonnhadat_50046,"Bán nhà mới, MT đường Nguyễn Triệu Luật, P. Tân Tạo, 4 x 21m, 4 tấm, giá 7.8 tỷ",7800000000,7.8 Tỷ/căn,84,NA,"Bình Tân, Hồ Chí Minh",Unknown,NA,Bình Tân,NA,Nhà phố,NA,NA,https://luachonnhadat.vn/vnt_upload/product/05_2026/60e5958fe62abbfd24670b8f72bc3377.jpeg,https://luachonnhadat.vn/nha-dat/ban-nha-moi-mt-duong-nguyen-trieu-luat-p-tan-tao-4-x-21m-4-tam-gia-7-8-ty.html,https://luachonnhadat.vn/nha-dat/ban-nha-moi-mt-duong-nguyen-trieu-luat-p-tan-tao-4-x-21m-4-tam-gia-7-8-ty.html,2026-05-05,2026-06-03T08:41:19Z,4,7800,92857142.85714284,0,0
luachonnhadat,sale,luachonnhadat_49293,luachonnhadat_49293,"Bán nhà khu Bình Phú, MT đường Số 19, DT 4 x 16.5m, 2.5 tấm, giá 11.5 tỷ",11500000000,11.5 Tỷ/căn,66,NA,"Quận 6, Hồ Chí Minh",Unknown,NA,Quận 6,NA,Nhà phố,NA,NA,https://luachonnhadat.vn/vnt_upload/product/05_2026/ca2e2653684fd3fd1cfed2238f0ffee1.jpeg,https://luachonnhadat.vn/nha-dat/ban-nha-khu-binh-phu-mt-duong-so-19-dt-4-x-16-5m-2-5-tam-gia-11-5-ty.html,https://luachonnhadat.vn/nha-dat/ban-nha-khu-binh-phu-mt-duong-so-19-dt-4-x-16-5m-2-5-tam-gia-11-5-ty.html,2026-05-05,2026-06-03T08:41:19Z,4,11500,174242424.24242425,0,0
luachonnhadat,sale,luachonnhadat_20067,luachonnhadat_20067,"Bán Shophouse Tại Moonlight Park View đường Số 7, DT 5.5 x 16m, 1 lầu, giá 8.5 tỷ",8500000000,8.5 Tỷ/căn,88,NA,"Bình Tân, Hồ Chí Minh",Unknown,NA,Bình Tân,NA,Shop house,NA,NA,https://luachonnhadat.vn/vnt_upload/product/07_2022/233.jpg,https://luachonnhadat.vn/nha-dat/ban-shophouse-tai-moonlight-park-view-duong-so-7-dt-5-5-x-16m-1-lau-gia-8-5-ty.html,https://luachonnhadat.vn/nha-dat/ban-shophouse-tai-moonlight-park-view-duong-so-7-dt-5-5-x-16m-1-lau-gia-8-5-ty.html,2026-05-05,2026-06-03T08:41:19Z,4,8500,96590909.0909091,0,0
luachonnhadat,sale,luachonnhadat_40602,luachonnhadat_40602,"Bán nhà khu Tên Lửa, MT đường Số 24, DT 4.5 x 20m, 3 tấm, giá 14.5 tỷ.",14500000000,14.5 Tỷ/căn,90,NA,"Bình Tân, Hồ Chí Minh",Unknown,NA,Bình Tân,NA,Nhà phố,NA,NA,https://luachonnhadat.vn/vnt_upload/product/11_2019/729.jpg,https://luachonnhadat.vn/nha-dat/ban-nha-khu-ten-lua-mt-duong-so-24-dt-4-5-x-20m-3-tam-gia-14-5-ty-.html,https://luachonnhadat.vn/nha-dat/ban-nha-khu-ten-lua-mt-duong-so-24-dt-4-5-x-20m-3-tam-gia-14-5-ty-.html,2026-05-05,2026-06-03T08:41:19Z,4,14500,161111111.1111111,0,0
luachonnhadat,sale,luachonnhadat_49502,luachonnhadat_49502,"Bán nhà mới hẻm ô tô 918 Hương Lộ 2, P. Bình Trị Đông A, 4.2 x 13.5m, 4.5 tấm, giá 7.7 tỷ",7700000000,7.7 Tỷ/căn,56,NA,"Bình Tân, Hồ Chí Minh",Unknown,NA,Bình Tân,NA,Nhà phố,NA,NA,https://luachonnhadat.vn/vnt_upload/product/02_2026/cd920d7266d1d9a4e4f8b5808963a750.jpg,https://luachonnhadat.vn/nha-dat/ban-nha-moi-hem-o-to-918-huong-lo-2-p-binh-tri-dong-a-4-2-x-13-5m-4-5-tam-gia-7-7-ty.html,https://luachonnhadat.vn/nha-dat/ban-nha-moi-hem-o-to-918-huong-lo-2-p-binh-tri-dong-a-4-2-x-13-5m-4-5-tam-gia-7-7-ty.html,2026-05-05,2026-06-03T08:41:19Z,4,7700,137500000,0,0
luachonnhadat,sale,luachonnhadat_43268,luachonnhadat_43268,"Bán nhà góc 2MT đường Lý Đạo Thành, P.16, Q.8, DT 8.9 x 9.6m, 3.5 tấm, giá 6 tỷ.",6000000000,6 Tỷ/căn,85,NA,"Quận 8, Hồ Chí Minh",Unknown,NA,Quận 8,NA,Nhà phố,NA,NA,https://luachonnhadat.vn/vnt_upload/product/11_2021/347.jpg,https://luachonnhadat.vn/nha-dat/ban-nha-goc-2mt-duong-ly-dao-thanh-p-16-q-8-dt-8-9-x-9-6m-3-5-tam-gia-6-ty-.html,https://luachonnhadat.vn/nha-dat/ban-nha-goc-2mt-duong-ly-dao-thanh-p-16-q-8-dt-8-9-x-9-6m-3-5-tam-gia-6-ty-.html,2026-05-05,2026-06-03T08:41:19Z,4,6000,70588235.29411764,0,0
luachonnhadat,sale,luachonnhadat_44091,luachonnhadat_44091,"Bán nhà MT đường Liên Khu 16 -18, P. Bình Trị Đông, 4 x 24m, NH 8m, 1 lầu, giá 13.5 tỷ",13500000000,13.5 Tỷ/căn,146,NA,"Bình Tân, Hồ Chí Minh",Unknown,NA,Bình Tân,NA,Nhà phố,NA,NA,https://luachonnhadat.vn/vnt_upload/product/02_2025/cd86390e287499f529daef34df5ed625.jpg,https://luachonnhadat.vn/nha-dat/ban-nha-mt-duong-lien-khu-16-18-p-binh-tri-dong-4-x-24m-nh-8m-1-lau-gia-13-5-ty.html,https://luachonnhadat.vn/nha-dat/ban-nha-mt-duong-lien-khu-16-18-p-binh-tri-dong-4-x-24m-nh-8m-1-lau-gia-13-5-ty.html,2026-05-05,2026-06-03T08:41:19Z,4,13500,92465753.42465754,0,0
luachonnhadat,sale,luachonnhadat_46418,luachonnhadat_46418,"Bán đất MT đường Trần Hải Phụng, P. Tân Tạo, 12 x 33m, 16.8 tỷ. (thương lượng)",16800000000,16.8 Tỷ/nền,396,NA,"Bình Tân, Hồ Chí Minh",Unknown,NA,Bình Tân,NA,Đất,NA,NA,https://luachonnhadat.vn/vnt_upload/product/05_2026/1c9e1b85aa6d1a4f821c07ffdc2bbf5e.jpg,https://luachonnhadat.vn/nha-dat/ban-dat-mt-duong-tran-hai-phung-p-tan-tao-12-x-33m-16-8-ty-thuong-luong-.html,https://luachonnhadat.vn/nha-dat/ban-dat-mt-duong-tran-hai-phung-p-tan-tao-12-x-33m-16-8-ty-thuong-luong-.html,2026-05-05,2026-06-03T08:41:19Z,4,16800,42424242.42424242,0,0
luachonnhadat,sale,luachonnhadat_49410,luachonnhadat_49410,"Bán nhà khu Tên Lửa, MT đường Số 19, DT 4.5 x 20m, 3.5 tấm, giá 15 tỷ.",15000000000,15 Tỷ/căn,90,NA,"Bình Tân, Hồ Chí Minh",Unknown,NA,Bình Tân,NA,Nhà phố,NA,NA,https://luachonnhadat.vn/vnt_upload/product/12_2025/3cc1c23032c35e70398bcdda14c16edb.jpg,https://luachonnhadat.vn/nha-dat/ban-nha-khu-ten-lua-mt-duong-so-19-dt-4-5-x-20m-3-5-tam-gia-15-ty-.html,https://luachonnhadat.vn/nha-dat/ban-nha-khu-ten-lua-mt-duong-so-19-dt-4-5-x-20m-3-5-tam-gia-15-ty-.html,2026-05-05,2026-06-03T08:41:19Z,4,15000,166666666.66666666,0,0
luachonnhadat,rent,luachonnhadat_48671,luachonnhadat_48671,"Cho thuê đất khu Tên Lửa, góc 2MT đường Số 7A, P. Bình Trị Đông B, 22 x 25m, giá 30 triệu/tháng",30000000,30 Triệu/tháng,550,NA,"Bình Tân, Hồ Chí Minh",Unknown,NA,Bình Tân,NA,Đất,NA,NA,https://luachonnhadat.vn/vnt_upload/product/08_2025/e15d011f7c745da0ac9269d34661d958.jpg,https://luachonnhadat.vn/nha-dat/cho-thue-dat-khu-ten-lua-goc-2mt-duong-so-7a-p-binh-tri-dong-b-22-x-25m-gia-30-trieu-thang.html,https://luachonnhadat.vn/nha-dat/cho-thue-dat-khu-ten-lua-goc-2mt-duong-so-7a-p-binh-tri-dong-b-22-x-25m-gia-30-trieu-thang.html,2025-08-06,2026-06-03T08:41:18Z,3,30,54545.454545454544,0,1
luachonnhadat,rent,luachonnhadat_48664,luachonnhadat_48664,"Cho thuê nhà MT đường Nguyễn Thức Đường, P. An Lạc A, 4 x 20m, 3.5 tấm, giá 26 triệu/tháng",26000000,26 Triệu/tháng,80,NA,"Bình Tân, Hồ Chí Minh",Unknown,NA,Bình Tân,NA,Nhà phố,NA,NA,https://luachonnhadat.vn/vnt_upload/product/08_2025/7d9bd868c10d7174c9ed54daf1bba2c4.jpg,https://luachonnhadat.vn/nha-dat/cho-thue-nha-mt-duong-nguyen-thuc-duong-p-an-lac-a-4-x-20m-3-5-tam-gia-26-trieu-thang.html,https://luachonnhadat.vn/nha-dat/cho-thue-nha-mt-duong-nguyen-thuc-duong-p-an-lac-a-4-x-20m-3-5-tam-gia-26-trieu-thang.html,2025-08-04,2026-06-03T08:41:18Z,3,26,325000,0,1
luachonnhadat,rent,luachonnhadat_48643,luachonnhadat_48643,"Cho thuê nhà MT đường Phạm Văn Chí, P.4, Q.6, DT 3.2 x 17m, 1 lầu, giá 15 triệu/tháng",15000000,15 Triệu/tháng,54,NA,"Quận 6, Hồ Chí Minh",Unknown,NA,Quận 6,NA,Nhà phố,NA,NA,https://luachonnhadat.vn/vnt_upload/product/07_2025/ad1c996ec736b37946f53f33fedbdb57.jpg,https://luachonnhadat.vn/nha-dat/cho-thue-nha-mt-duong-pham-van-chi-p-4-q-6-dt-3-2-x-17m-1-lau-gia-15-trieu-thang.html,https://luachonnhadat.vn/nha-dat/cho-thue-nha-mt-duong-pham-van-chi-p-4-q-6-dt-3-2-x-17m-1-lau-gia-15-trieu-thang.html,2025-07-31,2026-06-03T08:41:18Z,3,15,277777.77777777775,0,1
luachonnhadat,rent,luachonnhadat_48627,luachonnhadat_48627,"Cho thuê nhà hẻm 384 Phạm Văn Chí, P.4, Q.6, DT 3.6 x 10m, 1 lầu, giá 10 triệu/tháng",10000000,10 Triệu/tháng,36,NA,"Quận 6, Hồ Chí Minh",Unknown,NA,Quận 6,NA,Nhà phố,NA,NA,https://luachonnhadat.vn/vnt_upload/product/07_2025/167867d74ef12aa70359e12bf94b72b3.jpg,https://luachonnhadat.vn/nha-dat/cho-thue-nha-hem-384-pham-van-chi-p-4-q-6-dt-3-6-x-10m-1-lau-gia-10-trieu-thang.html,https://luachonnhadat.vn/nha-dat/cho-thue-nha-hem-384-pham-van-chi-p-4-q-6-dt-3-6-x-10m-1-lau-gia-10-trieu-thang.html,2025-07-29,2026-06-03T08:41:18Z,3,10,277777.77777777775,0,1
luachonnhadat,rent,luachonnhadat_44185,luachonnhadat_44185,"Cho thuê nhà khu Tên Lửa, MT đường Số 19, DT 4.5 x 15m, 3.5 tấm, 25 triêu/tháng",25000000,25 Triệu/căn,67,NA,"Bình Tân, Hồ Chí Minh",Unknown,NA,Bình Tân,NA,Nhà phố,NA,NA,https://luachonnhadat.vn/vnt_upload/product/06_2022/286165338_130126996325543_945477207274377742_n.jpg,https://luachonnhadat.vn/nha-dat/cho-thue-nha-khu-ten-lua-mt-duong-so-19-dt-4-5-x-15m-3-5-tam-25-trieu-thang.html,https://luachonnhadat.vn/nha-dat/cho-thue-nha-khu-ten-lua-mt-duong-so-19-dt-4-5-x-15m-3-5-tam-25-trieu-thang.html,2025-07-28,2026-06-03T08:41:18Z,3,25,373134.32835820894,0,1
luachonnhadat,rent,luachonnhadat_47989,luachonnhadat_47989,"Cho thuê nhà khu Tên Lửa, MT đường Số 25, DT 5 x 20m, 3.5 tấm, giá 25 triệu/tháng.",25000000,25 Triệu/tháng,100,NA,"Bình Tân, Hồ Chí Minh",Unknown,NA,Bình Tân,NA,Nhà phố,NA,NA,https://luachonnhadat.vn/vnt_upload/product/02_2025/7077b9e6171f9407484a85ed52ee9d10.jpg,https://luachonnhadat.vn/nha-dat/cho-thue-nha-khu-ten-lua-mt-duong-so-25-dt-5-x-20m-3-5-tam-gia-25-trieu-thang-.html,https://luachonnhadat.vn/nha-dat/cho-thue-nha-khu-ten-lua-mt-duong-so-25-dt-5-x-20m-3-5-tam-gia-25-trieu-thang-.html,2025-07-26,2026-06-03T08:41:18Z,3,25,250000,0,1
luachonnhadat,rent,luachonnhadat_48608,luachonnhadat_48608,"Cho thuê nhà MT đường Bà Hom, P.13, Q.6, DT 6 x 18m, 3.5 tấm, giá 70 triệu/tháng",70000000,70 Triệu/tháng,108,NA,"Quận 6, Hồ Chí Minh",Unknown,NA,Quận 6,NA,Nhà phố,NA,NA,https://luachonnhadat.vn/vnt_upload/product/07_2025/4335209418e0a4dccb6d4ba2bccf5947.jpg,https://luachonnhadat.vn/nha-dat/cho-thue-nha-mt-duong-ba-hom-p-13-q-6-dt-6-x-18m-3-5-tam-gia-70-trieu-thang.html,https://luachonnhadat.vn/nha-dat/cho-thue-nha-mt-duong-ba-hom-p-13-q-6-dt-6-x-18m-3-5-tam-gia-70-trieu-thang.html,2025-07-24,2026-06-03T08:41:18Z,3,70,648148.1481481482,0,1
luachonnhadat,rent,luachonnhadat_48599,luachonnhadat_48599,"Cho thuê nhà MT đường Tỉnh Lộ 10, P. An Lạc A, DT 5.5 x 21m, cấp 4, giá 32 triệu/tháng",32000000,32 Triệu/tháng,115,NA,"Bình Tân, Hồ Chí Minh",Unknown,NA,Bình Tân,NA,Nhà phố,NA,NA,https://luachonnhadat.vn/vnt_upload/product/07_2025/7832b01cf7f16b0eb0594019e6f35989.jpg,https://luachonnhadat.vn/nha-dat/cho-thue-nha-mt-duong-tinh-lo-10-p-an-lac-a-dt-5-5-x-21m-cap-4-gia-32-trieu-thang.html,https://luachonnhadat.vn/nha-dat/cho-thue-nha-mt-duong-tinh-lo-10-p-an-lac-a-dt-5-5-x-21m-cap-4-gia-32-trieu-thang.html,2025-07-22,2026-06-03T08:41:18Z,3,32,278260.8695652174,0,1
luachonnhadat,rent,luachonnhadat_47602,luachonnhadat_47602,"Cho thuê nhà khu Tên Lửa, MT đường Số 1A, P. Bình Trị Đông B, 4 x 20m, 2 tấm, giá 15 triệu/tháng.",15000000,15 Triệu/tháng,80,NA,"Bình Tân, Hồ Chí Minh",Unknown,NA,Bình Tân,NA,Nhà phố,NA,NA,https://luachonnhadat.vn/vnt_upload/product/10_2024/a65542d35460da4befd812f5073d881d.jpg,https://luachonnhadat.vn/nha-dat/cho-thue-nha-khu-ten-lua-mt-duong-so-1a-p-binh-tri-dong-b-4-x-20m-2-tam-gia-15-trieu-thang--1753167847.html,https://luachonnhadat.vn/nha-dat/cho-thue-nha-khu-ten-lua-mt-duong-so-1a-p-binh-tri-dong-b-4-x-20m-2-tam-gia-15-trieu-thang--1753167847.html,2025-07-22,2026-06-03T08:41:18Z,3,15,187500,0,1
luachonnhadat,rent,luachonnhadat_48592,luachonnhadat_48592,"Cho thuê nhà MT đường Tỉnh Lộ 10, P. Tân Tạo, DT 5 x 40m, 1 lầu, giá 24 triệu/tháng",24000000,24 Triệu/tháng,200,NA,"Bình Tân, Hồ Chí Minh",Unknown,NA,Bình Tân,NA,Nhà phố,NA,NA,https://luachonnhadat.vn/vnt_upload/product/07_2025/712d6b2f2d7c30bf81fbabe99c34def1.jpg,https://luachonnhadat.vn/nha-dat/cho-thue-nha-mt-duong-tinh-lo-10-p-tan-tao-dt-5-x-40m-1-lau-gia-24-trieu-thang-1753082699.html,https://luachonnhadat.vn/nha-dat/cho-thue-nha-mt-duong-tinh-lo-10-p-tan-tao-dt-5-x-40m-1-lau-gia-24-trieu-thang-1753082699.html,2025-07-21,2026-06-03T08:41:18Z,3,24,120000,0,1
luachonnhadat,rent,luachonnhadat_48587,luachonnhadat_48587,"Cho thuê nhà khu Bình Phú, MT đường Vành Đai, P.10, Q.6, DT 4 x 15m, 4.5 tấm, giá 50 triệu/tháng",50000000,50 Triệu/tháng,60,NA,"Quận 6, Hồ Chí Minh",Unknown,NA,Quận 6,NA,Nhà phố,NA,NA,https://luachonnhadat.vn/vnt_upload/product/07_2025/050acc46773e10627f794790c5f9cb91.jpg,https://luachonnhadat.vn/nha-dat/cho-thue-nha-khu-binh-phu-mt-duong-vanh-dai-p-10-q-6-dt-4-x-15m-4-5-tam-gia-50-trieu-thang.html,https://luachonnhadat.vn/nha-dat/cho-thue-nha-khu-binh-phu-mt-duong-vanh-dai-p-10-q-6-dt-4-x-15m-4-5-tam-gia-50-trieu-thang.html,2025-07-21,2026-06-03T08:41:18Z,3,50,833333.3333333334,0,1
luachonnhadat,rent,luachonnhadat_48585,luachonnhadat_48585,"Cho thuê mặt bằng hẻm 532 Sinco, P. Bình Trị Đông B, 15 x 10m, cấp 4, giá 20 triệu/tháng",20000000,20 Triệu/tháng,150,NA,"Bình Tân, Hồ Chí Minh",Unknown,NA,Bình Tân,NA,Mặt bằng,NA,NA,https://luachonnhadat.vn/vnt_upload/product/07_2025/6e23e69c8621b436970777decdee9cfa.jpg,https://luachonnhadat.vn/nha-dat/cho-thue-mat-bang-hem-532-sinco-p-binh-tri-dong-b-15-x-10m-cap-4-gia-20-trieu-thang.html,https://luachonnhadat.vn/nha-dat/cho-thue-mat-bang-hem-532-sinco-p-binh-tri-dong-b-15-x-10m-cap-4-gia-20-trieu-thang.html,2025-07-21,2026-06-03T08:41:18Z,3,20,133333.33333333334,0,1
luachonnhadat,rent,luachonnhadat_48584,luachonnhadat_48584,"Cho thuê mặt bằng hẻm 532 Sinco, P. Bình Trị Đông B, 8 x 20m, cấp 4, giá 13 triệu/tháng",13000000,13 Triệu/tháng,160,NA,"Bình Tân, Hồ Chí Minh",Unknown,NA,Bình Tân,NA,Mặt bằng,NA,NA,https://luachonnhadat.vn/vnt_upload/product/07_2025/160cc65bf8cd6ec94170433278bc7ba7.jpg,https://luachonnhadat.vn/nha-dat/cho-thue-mat-bang-hem-532-sinco-p-binh-tri-dong-b-8-x-20m-cap-4-gia-13-trieu-thang.html,https://luachonnhadat.vn/nha-dat/cho-thue-mat-bang-hem-532-sinco-p-binh-tri-dong-b-8-x-20m-cap-4-gia-13-trieu-thang.html,2025-07-21,2026-06-03T08:41:18Z,3,13,81250,0,1
luachonnhadat,rent,luachonnhadat_48580,luachonnhadat_48580,"Cho thuê nhà kho khu Bình Phú, MT đường Số 57, DT 10 x 20m, cấp 4, giá 25 triệu/tháng",25000000,25 Triệu/tháng,200,NA,"Quận 6, Hồ Chí Minh",Unknown,NA,Quận 6,NA,Nhà phố,NA,NA,https://luachonnhadat.vn/vnt_upload/product/07_2025/fa4ba4b2cbac1f704eddae593d3700ca.jpg,https://luachonnhadat.vn/nha-dat/cho-thue-nha-kho-khu-binh-phu-mt-duong-so-57-dt-10-x-20m-cap-4-gia-25-trieu-thang.html,https://luachonnhadat.vn/nha-dat/cho-thue-nha-kho-khu-binh-phu-mt-duong-so-57-dt-10-x-20m-cap-4-gia-25-trieu-thang.html,2025-07-18,2026-06-03T08:41:18Z,3,25,125000,0,1
luachonnhadat,rent,luachonnhadat_48572,luachonnhadat_48572,"Cho thuê nhà khu Bình Phú, góc 2MT đường Số 14, DT 8 x 10m, 3.5 tấm, giá 27 triệu/tháng",27000000,27 Triệu/tháng,80,NA,"Quận 6, Hồ Chí Minh",Unknown,NA,Quận 6,NA,Nhà phố,NA,NA,https://luachonnhadat.vn/vnt_upload/product/07_2025/293d8897b50735f97f24fea95ab34363.jpg,https://luachonnhadat.vn/nha-dat/cho-thue-nha-khu-binh-phu-goc-2mt-duong-so-14-dt-8-x-10m-3-5-tam-gia-27-trieu-thang.html,https://luachonnhadat.vn/nha-dat/cho-thue-nha-khu-binh-phu-goc-2mt-duong-so-14-dt-8-x-10m-3-5-tam-gia-27-trieu-thang.html,2025-07-16,2026-06-03T08:41:18Z,3,27,337500,0,1
luachonnhadat,rent,luachonnhadat_7649,luachonnhadat_7649,"Cho thuê nhà khu Tên Lửa, MT đường Tên Lửa nhỏ, DT 4 x 25m, 2.5 tấm, giá 24 triệu/tháng",24000000,24 Triệu/tháng,100,NA,"Bình Tân, Hồ Chí Minh",Unknown,NA,Bình Tân,NA,Nhà phố,NA,NA,https://luachonnhadat.vn/vnt_upload/product/07_2025/6811b166d2acd3bb4d0208c8a9b365d7.jpg,https://luachonnhadat.vn/nha-dat/cho-thue-nha-khu-ten-lua-mt-duong-ten-lua-nho-dt-4-x-25m-2-5-tam-gia-24-trieu-thang.html,https://luachonnhadat.vn/nha-dat/cho-thue-nha-khu-ten-lua-mt-duong-ten-lua-nho-dt-4-x-25m-2-5-tam-gia-24-trieu-thang.html,2025-07-15,2026-06-03T08:41:18Z,3,24,240000,0,1
luachonnhadat,rent,luachonnhadat_48543,luachonnhadat_48543,"Cho thuê nhà hẻm 532 Kinh Dương Vương, P. Bình Trị Đông B, 4 x 27m, 3.5 tấm, giá 23 triệu/tháng",23000000,23 Triệu/tháng,108,NA,"Bình Tân, Hồ Chí Minh",Unknown,NA,Bình Tân,NA,Nhà phố,NA,NA,https://luachonnhadat.vn/vnt_upload/product/07_2025/a54e9b3f9b1dc181d0b094da2cc02cd3.jpg,https://luachonnhadat.vn/nha-dat/cho-thue-nha-hem-532-kinh-duong-vuong-p-binh-tri-dong-b-4-x-27m-3-5-tam-gia-23-trieu-thang-1752199336.html,https://luachonnhadat.vn/nha-dat/cho-thue-nha-hem-532-kinh-duong-vuong-p-binh-tri-dong-b-4-x-27m-3-5-tam-gia-23-trieu-thang-1752199336.html,2025-07-11,2026-06-03T08:41:18Z,3,23,212962.96296296295,0,1
luachonnhadat,rent,luachonnhadat_47531,luachonnhadat_47531,"Cho thuê nhà MT đường Số 38, P. Tân Tạo, 4.5 x 23m, 3.5 tấm, giá 17 triệu/tháng.",17000000,17 Triệu/tháng,103,NA,"Bình Tân, Hồ Chí Minh",Unknown,NA,Bình Tân,NA,Nhà phố,NA,NA,https://luachonnhadat.vn/vnt_upload/product/10_2024/4d6cbbd3c42a2bb26e170603a6a6cd90.jpg,https://luachonnhadat.vn/nha-dat/cho-thue-nha-mt-duong-so-38-p-tan-tao-4-5-x-23m-3-5-tam-gia-17-trieu-thang-.html,https://luachonnhadat.vn/nha-dat/cho-thue-nha-mt-duong-so-38-p-tan-tao-4-5-x-23m-3-5-tam-gia-17-trieu-thang-.html,2025-06-30,2026-06-03T08:41:18Z,3,17,165048.5436893204,0,1
luachonnhadat,rent,luachonnhadat_48499,luachonnhadat_48499,"Cho thuê nhà hẻm 54 Chiến Lược, P. Bình Trị Đông, DT 5.2 x 19m, 3.5 tấm, giá 20 triệu/tháng",20000000,20 Triệu/tháng,98,NA,"Bình Tân, Hồ Chí Minh",Unknown,NA,Bình Tân,NA,Nhà phố,NA,NA,https://luachonnhadat.vn/vnt_upload/product/06_2025/3451c8ab1b7614556b802d257c17b535.jpg,https://luachonnhadat.vn/nha-dat/cho-thue-nha-hem-54-chien-luoc-p-binh-tri-dong-dt-5-2-x-19m-3-5-tam-gia-20-trieu-thang.html,https://luachonnhadat.vn/nha-dat/cho-thue-nha-hem-54-chien-luoc-p-binh-tri-dong-dt-5-2-x-19m-3-5-tam-gia-20-trieu-thang.html,2025-06-26,2026-06-03T08:41:18Z,3,20,204081.6326530612,0,1
luachonnhadat,rent,luachonnhadat_46723,luachonnhadat_46723,"Cho thuê nhà khu Tên Lửa, MT đường Số 1, DT 6 x 20m, 3.5 tấm, giá 70 triệu/tháng",70000000,70 Triệu/tháng,120,NA,"Bình Tân, Hồ Chí Minh",Unknown,NA,Bình Tân,NA,Nhà phố,NA,NA,https://luachonnhadat.vn/vnt_upload/product/03_2024/402.jpg,https://luachonnhadat.vn/nha-dat/cho-thue-nha-khu-ten-lua-mt-duong-so-1-dt-6-x-20m-3-5-tam-gia-70-trieu-thang.html,https://luachonnhadat.vn/nha-dat/cho-thue-nha-khu-ten-lua-mt-duong-so-1-dt-6-x-20m-3-5-tam-gia-70-trieu-thang.html,2025-06-26,2026-06-03T08:41:18Z,3,70,583333.3333333334,0,1
luachonnhadat,rent,luachonnhadat_48463,luachonnhadat_48463,"Cho thuê nhà xưởng MT đường Đình Tân Khai, P. Bình Trị Đông, 16.7 x 38m, cấp 4, giá 80 triệu/tháng",80000000,80 Triệu/tháng,634,NA,"Bình Tân, Hồ Chí Minh",Unknown,NA,Bình Tân,NA,Nhà xưởng,NA,NA,https://luachonnhadat.vn/vnt_upload/product/06_2025/4dd77a3e5af2ee432968596c02b61ee4.jpg,https://luachonnhadat.vn/nha-dat/cho-thue-nha-xuong-mt-duong-dinh-tan-khai-p-binh-tri-dong-16-7-x-38m-cap-4-gia-80-trieu-thang.html,https://luachonnhadat.vn/nha-dat/cho-thue-nha-xuong-mt-duong-dinh-tan-khai-p-binh-tri-dong-16-7-x-38m-cap-4-gia-80-trieu-thang.html,2025-06-17,2026-06-03T08:41:18Z,3,80,126182.96529968454,0,1
luachonnhadat,rent,luachonnhadat_47121,luachonnhadat_47121,"Cho thuê biệt thự góc 2MT đường Số 3, P. Bình Trị Đông B, 10 x 20m, 3.5 tấm, giá 70 triệu/tháng.",70000000,70 Triệu/tháng,200,NA,"Bình Tân, Hồ Chí Minh",Unknown,NA,Bình Tân,NA,Biệt thự,NA,NA,https://luachonnhadat.vn/vnt_upload/product/06_2024/c02f78702eb826e921a5b6a860c30913.jpg,https://luachonnhadat.vn/nha-dat/cho-thue-biet-thu-goc-2mt-duong-so-3-p-binh-tri-dong-b-10-x-20m-3-5-tam-gia-70-trieu-thang-.html,https://luachonnhadat.vn/nha-dat/cho-thue-biet-thu-goc-2mt-duong-so-3-p-binh-tri-dong-b-10-x-20m-3-5-tam-gia-70-trieu-thang-.html,2025-06-11,2026-06-03T08:41:18Z,3,70,350000,0,1
luachonnhadat,rent,luachonnhadat_48427,luachonnhadat_48427,"Cho thuê nhà góc 2MT đường Nguyễn Văn Trỗi, P.10, Q.Phú Nhuận, 23 x 12m, 8 tấm, giá 800 triệu/tháng",800000000,800 Triệu/tháng,276,NA,"Phú Nhuận, Hồ Chí Minh",Unknown,NA,Phú Nhuận,NA,Nhà phố,NA,NA,https://luachonnhadat.vn/vnt_upload/product/06_2025/39cc320a097b1686c9988f9260f4880d.jpg,https://luachonnhadat.vn/nha-dat/cho-thue-nha-goc-2mt-duong-nguyen-van-troi-p-10-q-phu-nhuan-23-x-12m-8-tam-gia-800-trieu-thang.html,https://luachonnhadat.vn/nha-dat/cho-thue-nha-goc-2mt-duong-nguyen-van-troi-p-10-q-phu-nhuan-23-x-12m-8-tam-gia-800-trieu-thang.html,2025-06-06,2026-06-03T08:41:18Z,3,800,2898550.724637681,0,1
luachonnhadat,rent,luachonnhadat_48271,luachonnhadat_48271,"Cho thuê Biệt thự MT đường Số 49B, P. Tân Tạo, 10 x 20m, 2 tấm, giá 40 triệu/tháng",40000000,40 Triệu/tháng,200,NA,"Bình Tân, Hồ Chí Minh",Unknown,NA,Bình Tân,NA,Biệt thự,NA,NA,https://luachonnhadat.vn/vnt_upload/product/04_2025/39d07b89f294c77206c29d0c6ca14173.jpg,https://luachonnhadat.vn/nha-dat/cho-thue-biet-thu-mt-duong-so-49b-p-tan-tao-10-x-20m-2-tam-gia-40-trieu-thang.html,https://luachonnhadat.vn/nha-dat/cho-thue-biet-thu-mt-duong-so-49b-p-tan-tao-10-x-20m-2-tam-gia-40-trieu-thang.html,2025-06-05,2026-06-03T08:41:18Z,3,40,200000,0,1
luachonnhadat,rent,luachonnhadat_47473,luachonnhadat_47473,"Cho thuê nhà khu Tên Lửa, MT đường Số 29, P. Bình Trị Đông B, 4 x 20m, 2 tấm, giá 25 triệu/tháng.",25000000,25 Triệu/tháng,80,NA,"Bình Tân, Hồ Chí Minh",Unknown,NA,Bình Tân,NA,Nhà phố,NA,NA,https://luachonnhadat.vn/vnt_upload/product/09_2024/de8a41b0061040c5c4fe64b85aa62281.jpg,https://luachonnhadat.vn/nha-dat/cho-thue-nha-khu-ten-lua-mt-duong-so-29-p-binh-tri-dong-b-4-x-20m-2-tam-gia-25-trieu-thang-.html,https://luachonnhadat.vn/nha-dat/cho-thue-nha-khu-ten-lua-mt-duong-so-29-p-binh-tri-dong-b-4-x-20m-2-tam-gia-25-trieu-thang-.html,2025-06-04,2026-06-03T08:41:18Z,3,25,312500,0,1
luachonnhadat,rent,luachonnhadat_47374,luachonnhadat_47374,"Cho thuê nhà MT đường Số 40A, P. Tân Tạo, 5 x 16m, 3 tấm, giá 20 triệu/tháng",20000000,20 Triệu/tháng,80,NA,"Bình Tân, Hồ Chí Minh",Unknown,NA,Bình Tân,NA,Nhà phố,NA,NA,https://luachonnhadat.vn/vnt_upload/product/08_2024/80dde5d3fe23c73002d4f0906f195634.jpg,https://luachonnhadat.vn/nha-dat/cho-thue-nha-mt-duong-so-40a-p-tan-tao-5-x-16m-3-tam-gia-20-trieu-thang.html,https://luachonnhadat.vn/nha-dat/cho-thue-nha-mt-duong-so-40a-p-tan-tao-5-x-16m-3-tam-gia-20-trieu-thang.html,2025-06-02,2026-06-03T08:41:18Z,3,20,250000,0,1
luachonnhadat,rent,luachonnhadat_48052,luachonnhadat_48052,"Cho thuê nhà hẻm 273 Tân Hòa Đông, P. Bình Trị Đông, 4 x 16m, 3 tấm, giá 10 triệu/tháng",10000000,10 Triệu/tháng,64,NA,"Bình Tân, Hồ Chí Minh",Unknown,NA,Bình Tân,NA,Nhà phố,NA,NA,https://luachonnhadat.vn/vnt_upload/product/03_2025/fd247e6047e77800053b643e9ce0b223.jpg,https://luachonnhadat.vn/nha-dat/cho-thue-nha-hem-273-tan-hoa-dong-p-binh-tri-dong-4-x-16m-3-tam-gia-10-trieu-thang.html,https://luachonnhadat.vn/nha-dat/cho-thue-nha-hem-273-tan-hoa-dong-p-binh-tri-dong-4-x-16m-3-tam-gia-10-trieu-thang.html,2025-05-28,2026-06-03T08:41:18Z,3,10,156250,0,1
luachonnhadat,rent,luachonnhadat_48356,luachonnhadat_48356,"Cho thuê nhà khu Bình Phú, MT đường Số 24, DT 4 x 22m, 3.5 tấm, giá 25 triệu/tháng",25000000,25 Triệu/tháng,88,NA,"Quận 6, Hồ Chí Minh",Unknown,NA,Quận 6,NA,Nhà phố,NA,NA,https://luachonnhadat.vn/vnt_upload/product/05_2025/b71d1f21dcef8db09570cdcbb4f36483.jpg,https://luachonnhadat.vn/nha-dat/cho-thue-nha-khu-binh-phu-mt-duong-so-24-dt-4-x-22m-3-5-tam-gia-25-trieu-thang.html,https://luachonnhadat.vn/nha-dat/cho-thue-nha-khu-binh-phu-mt-duong-so-24-dt-4-x-22m-3-5-tam-gia-25-trieu-thang.html,2025-05-19,2026-06-03T08:41:18Z,3,25,284090.9090909091,0,1
luachonnhadat,rent,luachonnhadat_48347,luachonnhadat_48347,"Cho thuê Shophouse tầng trệt CC Moonlight Park View đường Số 7, Bình Tân, 5 x 10m, 21 triệu/tháng",21000000,21 Triệu/tháng,50,NA,"Bình Tân, Hồ Chí Minh",Unknown,NA,Bình Tân,NA,Shop house,NA,NA,https://luachonnhadat.vn/vnt_upload/product/05_2025/7ecce5009943461025febf52d4e84ff4.jpg,https://luachonnhadat.vn/nha-dat/cho-thue-shophouse-tang-tret-cc-moonlight-park-view-duong-so-7-binh-tan-5-x-10m-21-trieu-thang.html,https://luachonnhadat.vn/nha-dat/cho-thue-shophouse-tang-tret-cc-moonlight-park-view-duong-so-7-binh-tan-5-x-10m-21-trieu-thang.html,2025-05-16,2026-06-03T08:41:18Z,3,21,420000,0,1
luachonnhadat,rent,luachonnhadat_48330,luachonnhadat_48330,"Cho thuê nhà MT đường Số 47, P. Tân Tạo, 9 x 18m, 3 tấm, giá 30 triệu/tháng",30000000,30 Triệu/tháng,162,NA,"Bình Tân, Hồ Chí Minh",Unknown,NA,Bình Tân,NA,Nhà phố,NA,NA,https://luachonnhadat.vn/vnt_upload/product/05_2025/c7fd84ec0762fbc54d12bb91297e31e7.jpg,https://luachonnhadat.vn/nha-dat/cho-thue-nha-mt-duong-so-47-p-tan-tao-9-x-18m-3-tam-gia-30-trieu-thang.html,https://luachonnhadat.vn/nha-dat/cho-thue-nha-mt-duong-so-47-p-tan-tao-9-x-18m-3-tam-gia-30-trieu-thang.html,2025-05-13,2026-06-03T08:41:18Z,3,30,185185.1851851852,0,1
luachonnhadat,rent,luachonnhadat_24698,luachonnhadat_24698,"Cho thuê nhà góc 2MT đường Tỉnh Lộ 10, P. Tân Tạo, 4.5 x 20m, 2.5 tấm, giá 30 triệu/tháng",30000000,30 Triệu/căn,90,NA,"Bình Tân, Hồ Chí Minh",Unknown,NA,Bình Tân,NA,Nhà phố,NA,NA,https://luachonnhadat.vn/vnt_upload/product/05_2025/3cb43523451189f9227fdcd6377fc83d.jpg,https://luachonnhadat.vn/nha-dat/cho-thue-nha-goc-2mt-duong-tinh-lo-10-p-tan-tao-4-5-x-20m-2-5-tam-gia-30-trieu-thang.html,https://luachonnhadat.vn/nha-dat/cho-thue-nha-goc-2mt-duong-tinh-lo-10-p-tan-tao-4-5-x-20m-2-5-tam-gia-30-trieu-thang.html,2025-05-13,2026-06-03T08:41:18Z,3,30,333333.3333333333,0,1
luachonnhadat,rent,luachonnhadat_48309,luachonnhadat_48309,"Cho thuê nhà khu Cư Xá Rada, MT đường Số 2, P.13, Q.6, DT 4 x 20m, cấp 4, giá 15 triệu/tháng",15000000,15 Triệu/tháng,80,NA,"Quận 6, Hồ Chí Minh",Unknown,NA,Quận 6,NA,Nhà phố,NA,NA,https://luachonnhadat.vn/vnt_upload/product/05_2025/9c98732600137ae10921a2d92ade1851.jpg,https://luachonnhadat.vn/nha-dat/cho-thue-nha-khu-cu-xa-rada-mt-duong-so-2-p-13-q-6-dt-4-x-20m-cap-4-gia-15-trieu-thang-1746690905.html,https://luachonnhadat.vn/nha-dat/cho-thue-nha-khu-cu-xa-rada-mt-duong-so-2-p-13-q-6-dt-4-x-20m-cap-4-gia-15-trieu-thang-1746690905.html,2025-05-08,2026-06-03T08:41:18Z,3,15,187500,0,1
luachonnhadat,rent,luachonnhadat_48298,luachonnhadat_48298,"Cho thuê nhà MT đường Lê Tuấn Mậu, P.13, Q.6, DT 4 x 10m, 3 tấm, giá 15 triệu/tháng",15000000,15 Triệu/tháng,40,NA,"Quận 6, Hồ Chí Minh",Unknown,NA,Quận 6,NA,Nhà phố,NA,NA,https://luachonnhadat.vn/vnt_upload/product/05_2025/a136196110d723ec80b656d0ab245275.jpg,https://luachonnhadat.vn/nha-dat/cho-thue-nha-mt-duong-le-tuan-mau-p-13-q-6-dt-4-x-10m-3-tam-gia-15-trieu-thang.html,https://luachonnhadat.vn/nha-dat/cho-thue-nha-mt-duong-le-tuan-mau-p-13-q-6-dt-4-x-10m-3-tam-gia-15-trieu-thang.html,2025-05-05,2026-06-03T08:41:18Z,3,15,375000,0,1
luachonnhadat,rent,luachonnhadat_46798,luachonnhadat_46798,"Cho thuê nhà MT đường Vành Đai Trong, P. Bình Trị Đông B, 6 x 21m, mặt bằng, giá 16 triệu/tháng.",16000000,16 Triệu/tháng,126,NA,"Bình Tân, Hồ Chí Minh",Unknown,NA,Bình Tân,NA,Mặt bằng,NA,NA,https://luachonnhadat.vn/vnt_upload/product/04_2024/403.jpg.jpg,https://luachonnhadat.vn/nha-dat/cho-thue-nha-mt-duong-vanh-dai-trong-p-binh-tri-dong-b-6-x-21m-mat-bang-gia-16-trieu-thang-.html,https://luachonnhadat.vn/nha-dat/cho-thue-nha-mt-duong-vanh-dai-trong-p-binh-tri-dong-b-6-x-21m-mat-bang-gia-16-trieu-thang-.html,2025-04-22,2026-06-03T08:41:18Z,3,16,126984.12698412698,0,1
luachonnhadat,rent,luachonnhadat_48188,luachonnhadat_48188,"Cho thuê mặt bằng khu Bình Phú, MT đường Chợ Lớn, P.11, Q.6, DT 4 x 20m, giá 13 triệu/tháng",13000000,13 Triệu/tháng,80,NA,"Quận 6, Hồ Chí Minh",Unknown,NA,Quận 6,NA,Mặt bằng,NA,NA,https://luachonnhadat.vn/vnt_upload/product/04_2025/6d1a10f006fbeccedae8c79bcc643f59.jpg,https://luachonnhadat.vn/nha-dat/cho-thue-mat-bang-khu-binh-phu-mt-duong-cho-lon-p-11-q-6-dt-4-x-20m-gia-13-trieu-thang-1743647916.html,https://luachonnhadat.vn/nha-dat/cho-thue-mat-bang-khu-binh-phu-mt-duong-cho-lon-p-11-q-6-dt-4-x-20m-gia-13-trieu-thang-1743647916.html,2025-04-03,2026-06-03T08:41:18Z,3,13,162500,0,1
luachonnhadat,rent,luachonnhadat_48175,luachonnhadat_48175,"Cho thuê nhà khu Tên Lửa, MT đường Số 29, P. Bình Trị Đông B, 4 x 20m, 4 tấm, giá 30 triệu/tháng.",30000000,30 Triệu/tháng,80,NA,"Bình Tân, Hồ Chí Minh",Unknown,NA,Bình Tân,NA,Nhà phố,NA,NA,https://luachonnhadat.vn/vnt_upload/product/04_2025/ff2ff9e3a1099ca21ca1dbcfe5be319d.jpg,https://luachonnhadat.vn/nha-dat/cho-thue-nha-khu-ten-lua-mt-duong-so-29-p-binh-tri-dong-b-4-x-20m-4-tam-gia-30-trieu-thang--1743491629.html,https://luachonnhadat.vn/nha-dat/cho-thue-nha-khu-ten-lua-mt-duong-so-29-p-binh-tri-dong-b-4-x-20m-4-tam-gia-30-trieu-thang--1743491629.html,2025-04-01,2026-06-03T08:41:18Z,3,30,375000,0,1
luachonnhadat,rent,luachonnhadat_43349,luachonnhadat_43349,"Cho thuê nhà khu Tên Lửa, MT đường Số 1, P. Bình Trị Đông B, 6 x 21m, 2 tấm, giá 28 triệu/tháng.",29000000,29 Triệu/tháng,126,NA,"Bình Tân, Hồ Chí Minh",Unknown,NA,Bình Tân,NA,Nhà phố,NA,NA,https://luachonnhadat.vn/vnt_upload/product/12_2021/29.jpg,https://luachonnhadat.vn/nha-dat/cho-thue-nha-khu-ten-lua-mt-duong-so-1-p-binh-tri-dong-b-6-x-21m-2-tam-gia-28-trieu-thang-.html,https://luachonnhadat.vn/nha-dat/cho-thue-nha-khu-ten-lua-mt-duong-so-1-p-binh-tri-dong-b-6-x-21m-2-tam-gia-28-trieu-thang-.html,2025-03-25,2026-06-03T08:41:18Z,3,29,230158.73015873015,0,1
luachonnhadat,rent,luachonnhadat_48129,luachonnhadat_48129,"Cho thuê nhà khu Tên Lửa, góc 2MT đường Trần Văn Giàu, 12 x 13m, 2 tấm, giá 60 triệu/tháng",60000000,60 Triệu/tháng,156,NA,"Bình Tân, Hồ Chí Minh",Unknown,NA,Bình Tân,NA,Nhà phố,NA,NA,https://luachonnhadat.vn/vnt_upload/product/03_2025/17aab3d5b3ddf3546d72088d4923b960.jpg,https://luachonnhadat.vn/nha-dat/cho-thue-nha-khu-ten-lua-goc-2mt-duong-tran-van-giau-12-x-13m-2-tam-gia-60-trieu-thang-1742783746.html,https://luachonnhadat.vn/nha-dat/cho-thue-nha-khu-ten-lua-goc-2mt-duong-tran-van-giau-12-x-13m-2-tam-gia-60-trieu-thang-1742783746.html,2025-03-24,2026-06-03T08:41:18Z,3,60,384615.3846153846,0,1
luachonnhadat,rent,luachonnhadat_48132,luachonnhadat_48132,"Cho thuê nhà MT đường An Dương Vương, P. An Lạc A, 7.5 x 12m, 1 lầu, 35 triệu/tháng",35000000,35 Triệu/tháng,90,NA,"Bình Tân, Hồ Chí Minh",Unknown,NA,Bình Tân,NA,Nhà phố,NA,NA,https://luachonnhadat.vn/vnt_upload/product/03_2025/da711b9beeabde84c81c581169f1bd34.jpg,https://luachonnhadat.vn/nha-dat/cho-thue-nha-mt-duong-an-duong-vuong-p-an-lac-a-7-5-x-12m-1-lau-35-trieu-thang-1742783686.html,https://luachonnhadat.vn/nha-dat/cho-thue-nha-mt-duong-an-duong-vuong-p-an-lac-a-7-5-x-12m-1-lau-35-trieu-thang-1742783686.html,2025-03-24,2026-06-03T08:41:18Z,3,35,388888.8888888889,0,1
luachonnhadat,rent,luachonnhadat_48121,luachonnhadat_48121,"Cho thuê nhà MT đường Trần Văn Giàu, X. Lê Minh Xuân, H. Bình Chánh, 15 x 31m, 2 tấm, 19 triệu/tháng",19000000,19 Triệu/tháng,465,NA,"Bình Chánh, Hồ Chí Minh",Unknown,NA,Bình Chánh,NA,Nhà phố,NA,NA,https://luachonnhadat.vn/vnt_upload/product/03_2025/f39b80ca7a3a34770d711f58b2f01c7e.jpg,https://luachonnhadat.vn/nha-dat/cho-thue-nha-mt-duong-tran-van-giau-x-le-minh-xuan-h-binh-chanh-15-x-31m-2-tam-19-trieu-thang-1742458552.html,https://luachonnhadat.vn/nha-dat/cho-thue-nha-mt-duong-tran-van-giau-x-le-minh-xuan-h-binh-chanh-15-x-31m-2-tam-19-trieu-thang-1742458552.html,2025-03-20,2026-06-03T08:41:18Z,3,19,40860.21505376344,0,1
luachonnhadat,rent,luachonnhadat_48120,luachonnhadat_48120,"Cho thuê nhà khu Tên Lửa, góc 2MT đường Số 32, P. Bình Trị Đông B, 10 x 20m, 4.5 tấm, 85 triệu/tháng",85000000,85 Triệu/tháng,200,NA,"Bình Tân, Hồ Chí Minh",Unknown,NA,Bình Tân,NA,Nhà phố,NA,NA,https://luachonnhadat.vn/vnt_upload/product/03_2025/91193412a0404363a8b6a090cb3b639e.jpg,https://luachonnhadat.vn/nha-dat/cho-thue-nha-khu-ten-lua-goc-2mt-duong-so-32-p-binh-tri-dong-b-10-x-20m-4-5-tam-85-trieu-thang.html,https://luachonnhadat.vn/nha-dat/cho-thue-nha-khu-ten-lua-goc-2mt-duong-so-32-p-binh-tri-dong-b-10-x-20m-4-5-tam-85-trieu-thang.html,2025-03-20,2026-06-03T08:41:18Z,3,85,425000,0,1
luachonnhadat,rent,luachonnhadat_47535,luachonnhadat_47535,"Cho thuê nhà MT đường Mã Lò, P. Bình Trị Đông A, 5 x 17m, 2.5 tấm, giá 18 triệu/tháng",18000000,18 Triệu/tháng,85,NA,"Bình Tân, Hồ Chí Minh",Unknown,NA,Bình Tân,NA,Nhà phố,NA,NA,https://luachonnhadat.vn/vnt_upload/product/10_2024/6b3cb5780451a9781eb3e2c07ca87b01.jpg,https://luachonnhadat.vn/nha-dat/cho-thue-nha-mt-duong-ma-lo-p-binh-tri-dong-a-5-x-17m-2-5-tam-gia-18-trieu-thang.html,https://luachonnhadat.vn/nha-dat/cho-thue-nha-mt-duong-ma-lo-p-binh-tri-dong-a-5-x-17m-2-5-tam-gia-18-trieu-thang.html,2025-03-19,2026-06-03T08:41:18Z,3,18,211764.70588235295,0,1
luachonnhadat,rent,luachonnhadat_48096,luachonnhadat_48096,"Cho thuê nhà kho hẻm 184 Lê Đình Cẩn, P. Tân Tạo, 13.9 x 20m, cấp 4, giá 27 triệu/tháng",27000000,27 Triệu/tháng,278,NA,"Bình Tân, Hồ Chí Minh",Unknown,NA,Bình Tân,NA,Nhà phố,NA,NA,https://luachonnhadat.vn/vnt_upload/product/03_2025/cd21ca4b4f93e54458ce922bbf18cd7c.jpg,https://luachonnhadat.vn/nha-dat/cho-thue-nha-kho-hem-184-le-dinh-can-p-tan-tao-13-9-x-20m-cap-4-gia-27-trieu-thang.html,https://luachonnhadat.vn/nha-dat/cho-thue-nha-kho-hem-184-le-dinh-can-p-tan-tao-13-9-x-20m-cap-4-gia-27-trieu-thang.html,2025-03-18,2026-06-03T08:41:18Z,3,27,97122.30215827338,0,1
luachonnhadat,rent,luachonnhadat_48095,luachonnhadat_48095,"Cho thuê nhà MT đường Trần Văn Giàu, P. Tân Tạo, 4.5 x 18m, 3.5 tấm, giá 20 triệu/tháng.",20000000,20 Triệu/tháng,81,NA,"Bình Tân, Hồ Chí Minh",Unknown,NA,Bình Tân,NA,Nhà phố,NA,NA,https://luachonnhadat.vn/vnt_upload/product/03_2025/6d4be44301fcb903a35041afd0c8a59b.jpg,https://luachonnhadat.vn/nha-dat/cho-thue-nha-mt-duong-tran-van-giau-p-tan-tao-4-5-x-18m-3-5-tam-gia-20-trieu-thang-.html,https://luachonnhadat.vn/nha-dat/cho-thue-nha-mt-duong-tran-van-giau-p-tan-tao-4-5-x-18m-3-5-tam-gia-20-trieu-thang-.html,2025-03-18,2026-06-03T08:41:18Z,3,20,246913.58024691357,0,1
luachonnhadat,rent,luachonnhadat_48079,luachonnhadat_48079,"Cho thuê nhà khu Tên Lửa, MT đường Số 24A, P.Bình Trị Đông B, 4.5 x 20m, 3.5 tấm, giá 22 triệu/tháng",22000000,22 Triệu/tháng,90,NA,"Bình Tân, Hồ Chí Minh",Unknown,NA,Bình Tân,NA,Nhà phố,NA,NA,https://luachonnhadat.vn/vnt_upload/product/03_2025/976e20c6f483ec89d08a75de2a6ee89f.jpg,https://luachonnhadat.vn/nha-dat/cho-thue-nha-khu-ten-lua-mt-duong-so-24a-p-binh-tri-dong-b-4-5-x-20m-3-5-tam-gia-22-trieu-thang.html,https://luachonnhadat.vn/nha-dat/cho-thue-nha-khu-ten-lua-mt-duong-so-24a-p-binh-tri-dong-b-4-5-x-20m-3-5-tam-gia-22-trieu-thang.html,2025-03-14,2026-06-03T08:41:18Z,3,22,244444.44444444444,0,1
luachonnhadat,rent,luachonnhadat_48075,luachonnhadat_48075,"Cho thuê nhà góc 2MT đường Mai Xuân Thưởng, P.1, Q.6, DT 4.5x15m, NH 8.4m, 1 lầu, giá 30 triệu/tháng",30000000,30 Triệu/tháng,67,NA,"Quận 6, Hồ Chí Minh",Unknown,NA,Quận 6,NA,Nhà phố,NA,NA,https://luachonnhadat.vn/vnt_upload/product/03_2025/63459ef5ca22e78eb1a22964fcf4a6db.jpg,https://luachonnhadat.vn/nha-dat/cho-thue-nha-goc-2mt-duong-mai-xuan-thuong-p-1-q-6-dt-4-5x15m-nh-8-4m-1-lau-gia-30-trieu-thang.html,https://luachonnhadat.vn/nha-dat/cho-thue-nha-goc-2mt-duong-mai-xuan-thuong-p-1-q-6-dt-4-5x15m-nh-8-4m-1-lau-gia-30-trieu-thang.html,2025-03-13,2026-06-03T08:41:18Z,3,30,447761.1940298508,0,1
luachonnhadat,rent,luachonnhadat_48068,luachonnhadat_48068,"Cho thuê nhà hẻm 240 Nguyễn Văn Luông, P.11, Q.6, DT 6.8 x 20m, cấp 4, giá 18 triệu/tháng",18000000,18 Triệu/tháng,136,NA,"Quận 6, Hồ Chí Minh",Unknown,NA,Quận 6,NA,Nhà phố,NA,NA,https://luachonnhadat.vn/vnt_upload/product/03_2025/5650e4883c1486e64e384f32c1f3b529.jpg,https://luachonnhadat.vn/nha-dat/cho-thue-nha-hem-240-nguyen-van-luong-p-11-q-6-dt-6-8-x-20m-cap-4-gia-18-trieu-thang-1741769283.html,https://luachonnhadat.vn/nha-dat/cho-thue-nha-hem-240-nguyen-van-luong-p-11-q-6-dt-6-8-x-20m-cap-4-gia-18-trieu-thang-1741769283.html,2025-03-12,2026-06-03T08:41:18Z,3,18,132352.9411764706,0,1
luachonnhadat,rent,luachonnhadat_48058,luachonnhadat_48058,"Cho thuê nhà MT đường Số 31, P.10, Q.6 ,DT 4 x 16m, 3.5 tấm, giá 20 triệu/tháng",20000000,20 Triệu/tháng,64,NA,"Quận 6, Hồ Chí Minh",Unknown,NA,Quận 6,NA,Nhà phố,NA,NA,https://luachonnhadat.vn/vnt_upload/product/03_2025/c361f4a5c7c3e1a0f8025b1e1a09399b.jpg,https://luachonnhadat.vn/nha-dat/cho-thue-nha-mt-duong-so-31-p-10-q-6-dt-4-x-16m-3-5-tam-gia-20-trieu-thang.html,https://luachonnhadat.vn/nha-dat/cho-thue-nha-mt-duong-so-31-p-10-q-6-dt-4-x-16m-3-5-tam-gia-20-trieu-thang.html,2025-03-11,2026-06-03T08:41:18Z,3,20,312500,0,1
luachonnhadat,rent,luachonnhadat_48047,luachonnhadat_48047,"Cho thuê nhà khu Bình Phú, MT đường Số 34, P.10, Q.6, DT 25 x 20m, cấp 4, giá 85 triệu/tháng",85000000,85 Triệu/tháng,500,NA,"Quận 6, Hồ Chí Minh",Unknown,NA,Quận 6,NA,Nhà phố,NA,NA,https://luachonnhadat.vn/vnt_upload/product/03_2025/173fcdca71cfa8adbf607edc9a200300.jpg,https://luachonnhadat.vn/nha-dat/cho-thue-nha-khu-binh-phu-mt-duong-so-34-p-10-q-6-dt-25-x-20m-cap-4-gia-85-trieu-thang-1741572125.html,https://luachonnhadat.vn/nha-dat/cho-thue-nha-khu-binh-phu-mt-duong-so-34-p-10-q-6-dt-25-x-20m-cap-4-gia-85-trieu-thang-1741572125.html,2025-03-10,2026-06-03T08:41:18Z,3,85,170000,0,1
luachonnhadat,rent,luachonnhadat_48034,luachonnhadat_48034,"Cho thuê nhà khu Tên Lửa, MT đường Số 24A, P. Bình Trị Đông B, 4 x 20m, 3 tấm, giá 25 triệu/tháng.",25000000,25 Triệu/tháng,80,NA,"Bình Tân, Hồ Chí Minh",Unknown,NA,Bình Tân,NA,Nhà phố,NA,NA,https://luachonnhadat.vn/vnt_upload/product/03_2025/2e55c7b45c8fc759841ac6d6559ba826.jpg,https://luachonnhadat.vn/nha-dat/cho-thue-nha-khu-ten-lua-mt-duong-so-24a-p-binh-tri-dong-b-4-x-20m-3-tam-gia-25-trieu-thang--1741157363.html,https://luachonnhadat.vn/nha-dat/cho-thue-nha-khu-ten-lua-mt-duong-so-24a-p-binh-tri-dong-b-4-x-20m-3-tam-gia-25-trieu-thang--1741157363.html,2025-03-05,2026-06-03T08:41:18Z,3,25,312500,0,1
luachonnhadat,rent,luachonnhadat_40942,luachonnhadat_40942,"Cho thuê nhà khu Tên Lửa, MT đường Số 32, Bình Trị Đông B, 4 x 16m, 4 tấm, giá 15 triệu/tháng",15000000,15 Triệu/tháng,64,NA,"Bình Tân, Hồ Chí Minh",Unknown,NA,Bình Tân,NA,Nhà phố,NA,NA,https://luachonnhadat.vn/vnt_upload/product/03_2025/fb8ad21b7e0ad9497164c61b54215e20.jpg,https://luachonnhadat.vn/nha-dat/cho-thue-nha-khu-ten-lua-mt-duong-so-32-binh-tri-dong-b-4-x-16m-4-tam-gia-15-trieu-thang.html,https://luachonnhadat.vn/nha-dat/cho-thue-nha-khu-ten-lua-mt-duong-so-32-binh-tri-dong-b-4-x-16m-4-tam-gia-15-trieu-thang.html,2025-03-04,2026-06-03T08:41:18Z,3,15,234375,0,1
luachonnhadat,rent,luachonnhadat_48020,luachonnhadat_48020,"Cho thuê đất khu Tên Lửa, MT đường Số 1A, P. Bình Trị Đông B, 6 x 21m, giá 10 triệu/tháng",10000000,10 Triệu/tháng,126,NA,"Bình Tân, Hồ Chí Minh",Unknown,NA,Bình Tân,NA,Đất,NA,NA,https://luachonnhadat.vn/vnt_upload/product/03_2025/937a41e4cbacc7b56e85adb17a973f7b.jpg,https://luachonnhadat.vn/nha-dat/cho-thue-dat-khu-ten-lua-mt-duong-so-1a-p-binh-tri-dong-b-6-x-21m-gia-10-trieu-thang-1740968633.html,https://luachonnhadat.vn/nha-dat/cho-thue-dat-khu-ten-lua-mt-duong-so-1a-p-binh-tri-dong-b-6-x-21m-gia-10-trieu-thang-1740968633.html,2025-03-03,2026-06-03T08:41:18Z,3,10,79365.07936507936,0,1
luachonnhadat,rent,luachonnhadat_40880,luachonnhadat_40880,"Cho thuê nhà góc 2MT đường Khiếu Năng Tĩnh, P. An Lạc A, 4 x 16m, 3 tấm, giá 40 triệu/tháng",40000000,40 Triệu/tháng,64,NA,"Bình Tân, Hồ Chí Minh",Unknown,NA,Bình Tân,NA,Nhà phố,NA,NA,https://luachonnhadat.vn/vnt_upload/product/02_2025/b529c22f457edca2e3328af2f7fb5f75.jpg,https://luachonnhadat.vn/nha-dat/cho-thue-nha-goc-2mt-duong-khieu-nang-tinh-p-an-lac-a-4-x-16m-3-tam-gia-40-trieu-thang.html,https://luachonnhadat.vn/nha-dat/cho-thue-nha-goc-2mt-duong-khieu-nang-tinh-p-an-lac-a-4-x-16m-3-tam-gia-40-trieu-thang.html,2025-02-24,2026-06-03T08:41:18Z,3,40,625000,0,1
luachonnhadat,rent,luachonnhadat_47985,luachonnhadat_47985,"Cho thuê nhà MT đường Số 55A, P. Tân Tạo, 5 x 25m, 1 lầu, giá 22 triệu/tháng.",22000000,22 Triệu/tháng,125,NA,"Bình Tân, Hồ Chí Minh",Unknown,NA,Bình Tân,NA,Nhà phố,NA,NA,https://luachonnhadat.vn/vnt_upload/product/02_2025/9bbd62d8a951a8420cfa8ec7ee798a19.jpg,https://luachonnhadat.vn/nha-dat/cho-thue-nha-mt-duong-so-55a-p-tan-tao-5-x-25m-1-lau-gia-22-trieu-thang--1740363149.html,https://luachonnhadat.vn/nha-dat/cho-thue-nha-mt-duong-so-55a-p-tan-tao-5-x-25m-1-lau-gia-22-trieu-thang--1740363149.html,2025-02-24,2026-06-03T08:41:18Z,3,22,176000,0,1
luachonnhadat,rent,luachonnhadat_45769,luachonnhadat_45769,"Cho thuê cặp nhà khu Tên Lửa, MT đường Số 7, P. Bình Trị Đông B, 12 x 23m, 4 tấm, 90 triệu/tháng.",90000000,90 Triệu/tháng,276,NA,"Bình Tân, Hồ Chí Minh",Unknown,NA,Bình Tân,NA,Nhà phố,NA,NA,https://luachonnhadat.vn/vnt_upload/product/03_2023/921.jpg,https://luachonnhadat.vn/nha-dat/cho-thue-cap-nha-khu-ten-lua-mt-duong-so-7-p-binh-tri-dong-b-12-x-23m-4-tam-90-trieu-thang-.html,https://luachonnhadat.vn/nha-dat/cho-thue-cap-nha-khu-ten-lua-mt-duong-so-7-p-binh-tri-dong-b-12-x-23m-4-tam-90-trieu-thang-.html,2025-02-21,2026-06-03T08:41:18Z,3,90,326086.95652173914,0,1
luachonnhadat,rent,luachonnhadat_46195,luachonnhadat_46195,"Cho thuê nhà MT đường Hậu Giang, P.11, Q.6, DT 4 x 24m, 1 lầu, giá 30 triệu/tháng.",30000000,30 Triệu/tháng,96,NA,"Quận 6, Hồ Chí Minh",Unknown,NA,Quận 6,NA,Nhà phố,NA,NA,https://luachonnhadat.vn/vnt_upload/product/08_2023/887.jpg,https://luachonnhadat.vn/nha-dat/cho-thue-nha-mt-duong-hau-giang-p-11-q-6-dt-4-x-24m-1-lau-gia-30-trieu-thang--1739157764.html,https://luachonnhadat.vn/nha-dat/cho-thue-nha-mt-duong-hau-giang-p-11-q-6-dt-4-x-24m-1-lau-gia-30-trieu-thang--1739157764.html,2025-02-21,2026-06-03T08:41:18Z,3,30,312500,0,1
luachonnhadat,rent,luachonnhadat_6222,luachonnhadat_6222,"Cho thuê nhà MT đường Gia Phú, P.3, Q.6, DT 5 x 17m NH 6m, 5.5 tấm, giá 50 triệu/tháng",50000000,50 Triệu/tháng,85,NA,"Quận 6, Hồ Chí Minh",Unknown,NA,Quận 6,NA,Nhà phố,NA,NA,https://luachonnhadat.vn/vnt_upload/product/04_2024/396.jpg.jpg,https://luachonnhadat.vn/nha-dat/cho-thue-nha-mt-duong-gia-phu-p-3-q-6-dt-5-x-17m-nh-6m-5-5-tam-gia-50-trieu-thang.html,https://luachonnhadat.vn/nha-dat/cho-thue-nha-mt-duong-gia-phu-p-3-q-6-dt-5-x-17m-nh-6m-5-5-tam-gia-50-trieu-thang.html,2025-02-21,2026-06-03T08:41:18Z,3,50,588235.2941176471,0,1
luachonnhadat,rent,luachonnhadat_47905,luachonnhadat_47905,"Cho thuê cặp nhà MT đường Tỉnh Lộ 10, P. Tân Tạo, 9.2 x 46m, cấp 4, giá 83 triệu/tháng",83000000,83 Triệu/tháng,423,NA,"Bình Tân, Hồ Chí Minh",Unknown,NA,Bình Tân,NA,Nhà phố,NA,NA,https://luachonnhadat.vn/vnt_upload/product/02_2025/2c825d9e72cbc6aa5265acfdab1fd93b.jpg,https://luachonnhadat.vn/nha-dat/cho-thue-cap-nha-mt-duong-tinh-lo-10-p-tan-tao-9-2-x-46m-cap-4-gia-83-trieu-thang.html,https://luachonnhadat.vn/nha-dat/cho-thue-cap-nha-mt-duong-tinh-lo-10-p-tan-tao-9-2-x-46m-cap-4-gia-83-trieu-thang.html,2025-02-20,2026-06-03T08:41:18Z,3,83,196217.4940898345,0,1
luachonnhadat,rent,luachonnhadat_47961,luachonnhadat_47961,"Cho thuê nhà khu Tên Lửa, MT đường Trần Văn Giàu, P. Bình Trị Đông B, 4x20m, 3.5 tấm, 18 triệu/tháng",18000000,18 Triệu/tháng,80,NA,"Bình Tân, Hồ Chí Minh",Unknown,NA,Bình Tân,NA,Nhà phố,NA,NA,https://luachonnhadat.vn/vnt_upload/product/02_2025/63da33d8e8757679bcccef3c0edb3cd3.jpg,https://luachonnhadat.vn/nha-dat/cho-thue-nha-khu-ten-lua-mt-duong-tran-van-giau-p-binh-tri-dong-b-4x20m-3-5-tam-18-trieu-thang.html,https://luachonnhadat.vn/nha-dat/cho-thue-nha-khu-ten-lua-mt-duong-tran-van-giau-p-binh-tri-dong-b-4x20m-3-5-tam-18-trieu-thang.html,2025-02-19,2026-06-03T08:41:18Z,3,18,225000,0,1
luachonnhadat,rent,luachonnhadat_40767,luachonnhadat_40767,"Cho thuê đất khu Tên Lửa, góc 3MT đường Số 7, P. Bình Trị Đông B, 18 x 46m, giá 230 triệu/tháng",230000000,230 Triệu/tháng,828,NA,"Bình Tân, Hồ Chí Minh",Unknown,NA,Bình Tân,NA,Đất,NA,NA,https://luachonnhadat.vn/vnt_upload/product/07_2022/ds7.jpg,https://luachonnhadat.vn/nha-dat/cho-thue-dat-khu-ten-lua-goc-3mt-duong-so-7-p-binh-tri-dong-b-18-x-46m-gia-230-trieu-thang.html,https://luachonnhadat.vn/nha-dat/cho-thue-dat-khu-ten-lua-goc-3mt-duong-so-7-p-binh-tri-dong-b-18-x-46m-gia-230-trieu-thang.html,2025-02-18,2026-06-03T08:41:18Z,3,230,277777.77777777775,0,1
luachonnhadat,rent,luachonnhadat_47857,luachonnhadat_47857,"Cho thuê nhà khu Bình Phú, 2MT Trước- Sau đường Số 49, P.10, DT 4 x 10m, 3 tấm, giá 13 triệu/tháng",13000000,13 Triệu/tháng,40,NA,"Quận 6, Hồ Chí Minh",Unknown,NA,Quận 6,NA,Nhà phố,NA,NA,https://luachonnhadat.vn/vnt_upload/product/01_2025/c1d7bf07d497f6999efe598066d14405.jpg,https://luachonnhadat.vn/nha-dat/cho-thue-nha-khu-binh-phu-2mt-truoc-sau-duong-so-49-p-10-dt-4-x-10m-3-tam-gia-13-trieu-thang.html,https://luachonnhadat.vn/nha-dat/cho-thue-nha-khu-binh-phu-2mt-truoc-sau-duong-so-49-p-10-dt-4-x-10m-3-tam-gia-13-trieu-thang.html,2025-02-17,2026-06-03T08:41:18Z,3,13,325000,0,1
luachonnhadat,rent,luachonnhadat_47929,luachonnhadat_47929,"Cho thuê nhà MT đường Kinh Dương Vương, P.12, Q.6, DT 3.8 x 11m, 4.5 tấm, giá 25 triệu/tháng",25000000,25 Triệu/tháng,41,NA,"Quận 6, Hồ Chí Minh",Unknown,NA,Quận 6,NA,Nhà phố,NA,NA,https://luachonnhadat.vn/vnt_upload/product/02_2025/44848ceef0737f5624804efe1cd340c5.jpg,https://luachonnhadat.vn/nha-dat/cho-thue-nha-mt-duong-kinh-duong-vuong-p-12-q-6-dt-3-8-x-11m-4-5-tam-gia-25-trieu-thang-1739517088.html,https://luachonnhadat.vn/nha-dat/cho-thue-nha-mt-duong-kinh-duong-vuong-p-12-q-6-dt-3-8-x-11m-4-5-tam-gia-25-trieu-thang-1739517088.html,2025-02-14,2026-06-03T08:41:18Z,3,25,609756.0975609756,0,1
luachonnhadat,rent,luachonnhadat_47880,luachonnhadat_47880,"Cho thuê nhà khu Tên Lửa, góc 2MT Vành Đai Trong, P. Bình Trị Đông B, 10x25m, 2 tấm, giá 70tr/tháng",70000000,70 Triệu/tháng,250,NA,"Bình Tân, Hồ Chí Minh",Unknown,NA,Bình Tân,NA,Nhà phố,NA,NA,https://luachonnhadat.vn/vnt_upload/product/01_2025/f8a88d8513e406786f7bd43d5cd83690.jpg,https://luachonnhadat.vn/nha-dat/cho-thue-nha-khu-ten-lua-goc-2mt-vanh-dai-trong-p-binh-tri-dong-b-10x25m-2-tam-gia-70tr-thang-1739505403.html,https://luachonnhadat.vn/nha-dat/cho-thue-nha-khu-ten-lua-goc-2mt-vanh-dai-trong-p-binh-tri-dong-b-10x25m-2-tam-gia-70tr-thang-1739505403.html,2025-02-14,2026-06-03T08:41:18Z,3,70,280000,0,1
luachonnhadat,rent,luachonnhadat_47919,luachonnhadat_47919,"Cho thuê nhà hẻm 270 Lê Đình Cẩn, P. Tân Tạo, 5 x 12m, 1 lầu, giá 9 triệu/tháng",9000000,9 Triệu/tháng,60,NA,"Bình Tân, Hồ Chí Minh",Unknown,NA,Bình Tân,NA,Nhà phố,NA,NA,https://luachonnhadat.vn/vnt_upload/product/02_2025/29ae2fee4117339dd3fc94dd48f0143c.jpg,https://luachonnhadat.vn/nha-dat/cho-thue-nha-hem-270-le-dinh-can-p-tan-tao-5-x-12m-1-lau-gia-9-trieu-thang.html,https://luachonnhadat.vn/nha-dat/cho-thue-nha-hem-270-le-dinh-can-p-tan-tao-5-x-12m-1-lau-gia-9-trieu-thang.html,2025-02-12,2026-06-03T08:41:18Z,3,9,150000,0,1
luachonnhadat,rent,luachonnhadat_47917,luachonnhadat_47917,"Cho thuê nhà góc 2MT đường Văn Cao, P. Phú Thạnh, Q. Tân Phú, 7.6 x 18m, 2 tấm, giá 65 triệu/tháng",65000000,65 Triệu/tháng,136,NA,"Tân Phú, Hồ Chí Minh",Unknown,NA,Tân Phú,NA,Nhà phố,NA,NA,https://luachonnhadat.vn/vnt_upload/product/02_2025/c6babb3fc16596216eac721b02766b98.jpg,https://luachonnhadat.vn/nha-dat/cho-thue-nha-goc-2mt-duong-van-cao-p-phu-thanh-q-tan-phu-7-6-x-18m-2-tam-gia-65-trieu-thang.html,https://luachonnhadat.vn/nha-dat/cho-thue-nha-goc-2mt-duong-van-cao-p-phu-thanh-q-tan-phu-7-6-x-18m-2-tam-gia-65-trieu-thang.html,2025-02-11,2026-06-03T08:41:18Z,3,65,477941.17647058825,0,1
luachonnhadat,rent,luachonnhadat_47906,luachonnhadat_47906,"Cho thuê nhà hẻm 161 Ni Sư Huỳnh Liên, P. 10, Q. Tân Bình, 4 x 14m, 3.5 tấm, giá 18 triệu/tháng",18000000,18 Triệu/tháng,56,NA,"Tân Bình, Hồ Chí Minh",Unknown,NA,Tân Bình,NA,Nhà phố,NA,NA,https://luachonnhadat.vn/vnt_upload/product/02_2025/81c8d5e0f34ad229e24e87abcd5c3742.jpg,https://luachonnhadat.vn/nha-dat/cho-thue-nha-hem-161-ni-su-huynh-lien-p-10-q-tan-binh-4-x-14m-3-5-tam-gia-18-trieu-thang-1739174210.html,https://luachonnhadat.vn/nha-dat/cho-thue-nha-hem-161-ni-su-huynh-lien-p-10-q-tan-binh-4-x-14m-3-5-tam-gia-18-trieu-thang-1739174210.html,2025-02-10,2026-06-03T08:41:18Z,3,18,321428.5714285714,0,1
luachonnhadat,rent,luachonnhadat_44021,luachonnhadat_44021,"Cho thuê nhà 2 MT Trước - Sau đường Số 17A, P. Bình Trị Đông B, 3 tấm, 10 x 40m, giá 260tr/tháng.",260000000,260 Triệu/tháng,400,NA,"Bình Tân, Hồ Chí Minh",Unknown,NA,Bình Tân,NA,Nhà phố,NA,NA,https://luachonnhadat.vn/vnt_upload/product/05_2022/644.jpg,https://luachonnhadat.vn/nha-dat/cho-thue-nha-2-mt-truoc-sau-duong-so-17a-p-binh-tri-dong-b-3-tam-10-x-40m-gia-260tr-thang-.html,https://luachonnhadat.vn/nha-dat/cho-thue-nha-2-mt-truoc-sau-duong-so-17a-p-binh-tri-dong-b-3-tam-10-x-40m-gia-260tr-thang-.html,2025-02-10,2026-06-03T08:41:18Z,3,260,650000,0,1
luachonnhadat,rent,luachonnhadat_47557,luachonnhadat_47557,"Cho thuê nhà MT đường Phạm Bân, P.13, Q.5, DT 4 x 19.5m, 3.5 tấm, giá 28 triệu/tháng",28000000,28 Triệu/tháng,78,NA,"Quận 5, Hồ Chí Minh",Unknown,NA,Quận 5,NA,Nhà phố,NA,NA,https://luachonnhadat.vn/vnt_upload/product/10_2024/95045397e3c7ee0640909320bf4c2385.jpg,https://luachonnhadat.vn/nha-dat/cho-thue-nha-mt-duong-pham-ban-p-13-q-5-dt-4-x-19-5m-3-5-tam-gia-28-trieu-thang-1738640023.html,https://luachonnhadat.vn/nha-dat/cho-thue-nha-mt-duong-pham-ban-p-13-q-5-dt-4-x-19-5m-3-5-tam-gia-28-trieu-thang-1738640023.html,2025-02-04,2026-06-03T08:41:18Z,3,28,358974.358974359,0,1
luachonnhadat,rent,luachonnhadat_5532,luachonnhadat_5532,"Cho thuê nhà khu Bình Phú, MT đường Bình Phú, P.11, Q.6, DT 4 x 20m, nhà 3.5 tấm, giá 35 triệu/tháng",35000000,35 Triệu/tháng,80,NA,"Quận 6, Hồ Chí Minh",Unknown,NA,Quận 6,NA,Nhà phố,NA,NA,https://luachonnhadat.vn/vnt_upload/product/07_2024/524f31eac515a0a9722e82c4aa7d1177.jpg,https://luachonnhadat.vn/nha-dat/cho-thue-nha-khu-binh-phu-mt-duong-binh-phu-p-11-q-6-dt-4-x-20m-nha-3-5-tam-gia-35-trieu-thang.html,https://luachonnhadat.vn/nha-dat/cho-thue-nha-khu-binh-phu-mt-duong-binh-phu-p-11-q-6-dt-4-x-20m-nha-3-5-tam-gia-35-trieu-thang.html,2025-02-04,2026-06-03T08:41:18Z,3,35,437500,0,1
luachonnhadat,rent,luachonnhadat_47861,luachonnhadat_47861,"Cho thuê nhà MT đường Mã Lò, P. Bình Trị Đông A, 3.7 x 25m, 3 tấm, giá 15 triệu/tháng",15000000,15 Triệu/tháng,92,NA,"Bình Tân, Hồ Chí Minh",Unknown,NA,Bình Tân,NA,Nhà phố,NA,NA,https://luachonnhadat.vn/vnt_upload/product/01_2025/0f8ade32653dec1b78ede88d36345828.jpg,https://luachonnhadat.vn/nha-dat/cho-thue-nha-mt-duong-ma-lo-p-binh-tri-dong-a-3-7-x-25m-3-tam-gia-15-trieu-thang.html,https://luachonnhadat.vn/nha-dat/cho-thue-nha-mt-duong-ma-lo-p-binh-tri-dong-a-3-7-x-25m-3-tam-gia-15-trieu-thang.html,2025-01-06,2026-06-03T08:41:18Z,3,15,163043.47826086957,0,1
luachonnhadat,rent,luachonnhadat_45625,luachonnhadat_45625,"Cho thuê nhà hẻm 331 Gia Phú, P.1, Q.6, DT 4.4 x 17.5m, 3.5 tấm, giá 19 triệu/tháng",19000000,19 Triệu/tháng,77,NA,"Quận 6, Hồ Chí Minh",Unknown,NA,Quận 6,NA,Nhà phố,NA,NA,https://luachonnhadat.vn/vnt_upload/product/02_2023/793.jpg,https://luachonnhadat.vn/nha-dat/cho-thue-nha-hem-331-gia-phu-p-1-q-6-dt-4-4-x-17-5m-3-5-tam-gia-19-trieu-thang-1736129047.html,https://luachonnhadat.vn/nha-dat/cho-thue-nha-hem-331-gia-phu-p-1-q-6-dt-4-4-x-17-5m-3-5-tam-gia-19-trieu-thang-1736129047.html,2025-01-06,2026-06-03T08:41:18Z,3,19,246753.24675324676,0,1
luachonnhadat,rent,luachonnhadat_47826,luachonnhadat_47826,"Cho thuê nhà MT đường Hồng Bàng, P.14, Q.5, DT 4.3 x 17m, 5.5 tấm, giá 45 triệu/tháng",45000000,45 Triệu/tháng,73,NA,"Quận 5, Hồ Chí Minh",Unknown,NA,Quận 5,NA,Nhà phố,NA,NA,https://luachonnhadat.vn/vnt_upload/product/12_2024/ea5ea1c69fa7bba4a88210cdb7f3495d.jpg,https://luachonnhadat.vn/nha-dat/cho-thue-nha-mt-duong-hong-bang-p-14-q-5-dt-4-3-x-17m-5-5-tam-gia-45-trieu-thang.html,https://luachonnhadat.vn/nha-dat/cho-thue-nha-mt-duong-hong-bang-p-14-q-5-dt-4-3-x-17m-5-5-tam-gia-45-trieu-thang.html,2024-12-23,2026-06-03T08:41:18Z,3,45,616438.3561643836,0,1
luachonnhadat,rent,luachonnhadat_47825,luachonnhadat_47825,"Cho thuê nhà MT đường Châu Văn Liêm, P.11, Q.5, DT 3.8 x 16m, 5.5 tấm, giá 40 triệu/tháng",40000000,40 Triệu/tháng,60,NA,"Quận 5, Hồ Chí Minh",Unknown,NA,Quận 5,NA,Nhà phố,NA,NA,https://luachonnhadat.vn/vnt_upload/product/12_2024/250cbbe26392d8104f31da4b0152ed42.jpg,https://luachonnhadat.vn/nha-dat/cho-thue-nha-mt-duong-chau-van-liem-p-11-q-5-dt-3-8-x-16m-5-5-tam-gia-40-trieu-thang.html,https://luachonnhadat.vn/nha-dat/cho-thue-nha-mt-duong-chau-van-liem-p-11-q-5-dt-3-8-x-16m-5-5-tam-gia-40-trieu-thang.html,2024-12-23,2026-06-03T08:41:18Z,3,40,666666.6666666666,0,1
luachonnhadat,rent,luachonnhadat_44298,luachonnhadat_44298,"Cho thuê nhà khu Bình Phú, MT đường Số 13, P.11, Q.6, DT 4 x 21m, 3.5 tấm, giá 25 triệu/tháng",25000000,25 Triệu/căn,84,NA,"Quận 6, Hồ Chí Minh",Unknown,NA,Quận 6,NA,Nhà phố,NA,NA,https://luachonnhadat.vn/vnt_upload/product/06_2022/290722377_1062601961318425_1284749234484134706_n.jpg,https://luachonnhadat.vn/nha-dat/cho-thue-nha-khu-binh-phu-mt-duong-so-13-p-11-q-6-dt-4-x-21m-3-5-tam-gia-25-trieu-thang.html,https://luachonnhadat.vn/nha-dat/cho-thue-nha-khu-binh-phu-mt-duong-so-13-p-11-q-6-dt-4-x-21m-3-5-tam-gia-25-trieu-thang.html,2024-12-23,2026-06-03T08:41:18Z,3,25,297619.04761904763,0,1
luachonnhadat,rent,luachonnhadat_45424,luachonnhadat_45424,"Cho thuê nhà khu Bình Phú, MT Nguyễn Văn Luông, P.12, Q.6, DT 6 x 17m, 3.5 tấm, giá 60 triệu/tháng",60000000,60 Triệu/tháng,102,NA,"Quận 6, Hồ Chí Minh",Unknown,NA,Quận 6,NA,Nhà phố,NA,NA,https://luachonnhadat.vn/vnt_upload/product/11_2022/314319788_1155493132029307_4791344447871166207_n.jpg,https://luachonnhadat.vn/nha-dat/cho-thue-nha-khu-binh-phu-mt-nguyen-van-luong-p-12-q-6-dt-6-x-17m-3-5-tam-gia-60-trieu-thang.html,https://luachonnhadat.vn/nha-dat/cho-thue-nha-khu-binh-phu-mt-nguyen-van-luong-p-12-q-6-dt-6-x-17m-3-5-tam-gia-60-trieu-thang.html,2024-12-21,2026-06-03T08:41:18Z,3,60,588235.2941176471,0,1
luachonnhadat,rent,luachonnhadat_47612,luachonnhadat_47612,"Cho thuê mặt bằng khu Bình Phú, MT đường Số 2, P.11, Q.6, DT 12 x 17m, giá 35 triệu/tháng",35000000,35 Triệu/tháng,204,NA,"Quận 6, Hồ Chí Minh",Unknown,NA,Quận 6,NA,Mặt bằng,NA,NA,https://luachonnhadat.vn/vnt_upload/product/10_2024/a28b34b9c7d2892bd54ad2f4fa3d72aa.jpg,https://luachonnhadat.vn/nha-dat/cho-thue-mat-bang-khu-binh-phu-mt-duong-so-2-p-11-q-6-dt-12-x-17m-gia-35-trieu-thang-1734314315.html,https://luachonnhadat.vn/nha-dat/cho-thue-mat-bang-khu-binh-phu-mt-duong-so-2-p-11-q-6-dt-12-x-17m-gia-35-trieu-thang-1734314315.html,2024-12-16,2026-06-03T08:41:18Z,3,35,171568.6274509804,0,1
luachonnhadat,rent,luachonnhadat_45783,luachonnhadat_45783,"Cho thuê nhà MT đường Cư Xá Phú Lâm D, P.10, Q.6, DT 4 x 18.3m, 3.5 tấm, giá 18 triệu/tháng",18000000,18 Triệu/tháng,73,NA,"Quận 6, Hồ Chí Minh",Unknown,NA,Quận 6,NA,Nhà phố,NA,NA,https://luachonnhadat.vn/vnt_upload/product/03_2023/1040.jpg,https://luachonnhadat.vn/nha-dat/cho-thue-nha-mt-duong-cu-xa-phu-lam-d-p-10-q-6-dt-4-x-18-3m-3-5-tam-gia-18-trieu-thang-1734056164.html,https://luachonnhadat.vn/nha-dat/cho-thue-nha-mt-duong-cu-xa-phu-lam-d-p-10-q-6-dt-4-x-18-3m-3-5-tam-gia-18-trieu-thang-1734056164.html,2024-12-13,2026-06-03T08:41:18Z,3,18,246575.34246575343,0,1
luachonnhadat,rent,luachonnhadat_45359,luachonnhadat_45359,"Cho thuê nhà MT đường Số 7, P. Bình Trị Đông B, 5 x 20m, 3.5 tấm, giá 70 triệu/tháng. khu Tên Lửa",70000000,70 Triệu/căn,100,NA,"Bình Tân, Hồ Chí Minh",Unknown,NA,Bình Tân,NA,Nhà phố,NA,NA,https://luachonnhadat.vn/vnt_upload/product/10_2022/800.jpg,https://luachonnhadat.vn/nha-dat/cho-thue-nha-mt-duong-so-7-p-binh-tri-dong-b-5-x-20m-3-5-tam-gia-70-trieu-thang-khu-ten-lua-1734055785.html,https://luachonnhadat.vn/nha-dat/cho-thue-nha-mt-duong-so-7-p-binh-tri-dong-b-5-x-20m-3-5-tam-gia-70-trieu-thang-khu-ten-lua-1734055785.html,2024-12-13,2026-06-03T08:41:18Z,3,70,700000,0,1
luachonnhadat,rent,luachonnhadat_47779,luachonnhadat_47779,"Cho thuê nhà hẻm 192 Phạm Văn Chí, P.4, Q.6, DT 3.55 x 27m, NH 4.4m, 1 lửng, giá 15 triệu/tháng",15000000,15 Triệu/tháng,95,NA,"Quận 6, Hồ Chí Minh",Unknown,NA,Quận 6,NA,Nhà phố,NA,NA,https://luachonnhadat.vn/vnt_upload/product/12_2024/5d342b908b2ab29cc2114d82354cae73.jpg,https://luachonnhadat.vn/nha-dat/cho-thue-nha-hem-192-pham-van-chi-p-4-q-6-dt-3-55-x-27m-nh-4-4m-1-lung-gia-15-trieu-thang-1733716732.html,https://luachonnhadat.vn/nha-dat/cho-thue-nha-hem-192-pham-van-chi-p-4-q-6-dt-3-55-x-27m-nh-4-4m-1-lung-gia-15-trieu-thang-1733716732.html,2024-12-09,2026-06-03T08:41:18Z,3,15,157894.73684210525,0,1
luachonnhadat,rent,luachonnhadat_47715,luachonnhadat_47715,"Cho thuê nhà MT đường Bà Hom, P.13, Q.6, DT 5 x 18m, 3.5 tấm, giá 55 triệu/tháng.",55000000,55 Triệu/tháng,90,NA,"Quận 6, Hồ Chí Minh",Unknown,NA,Quận 6,NA,Nhà phố,NA,NA,https://luachonnhadat.vn/vnt_upload/product/11_2024/689a19f3b09c29bd35d6e30f5609efee.jpg,https://luachonnhadat.vn/nha-dat/cho-thue-nha-mt-duong-ba-hom-p-13-q-6-dt-5-x-18m-3-5-tam-gia-55-trieu-thang--1732499767.html,https://luachonnhadat.vn/nha-dat/cho-thue-nha-mt-duong-ba-hom-p-13-q-6-dt-5-x-18m-3-5-tam-gia-55-trieu-thang--1732499767.html,2024-11-25,2026-06-03T08:41:18Z,3,55,611111.1111111111,0,1
luachonnhadat,rent,luachonnhadat_47548,luachonnhadat_47548,"Cho thuê nhà khu Bình Phú, MT đường Số 74, P.10, Q.6, DT 4 x 15m, 3.5 tấm, giá 16 triệu/tháng",16000000,16 Triệu/tháng,60,NA,"Quận 6, Hồ Chí Minh",Unknown,NA,Quận 6,NA,Nhà phố,NA,NA,https://luachonnhadat.vn/vnt_upload/product/10_2024/7602de710906f4054907e26d20ba3dc8.jpg,https://luachonnhadat.vn/nha-dat/cho-thue-nha-khu-binh-phu-mt-duong-so-74-p-10-q-6-dt-4-x-15m-3-5-tam-gia-16-trieu-thang.html,https://luachonnhadat.vn/nha-dat/cho-thue-nha-khu-binh-phu-mt-duong-so-74-p-10-q-6-dt-4-x-15m-3-5-tam-gia-16-trieu-thang.html,2024-11-21,2026-06-03T08:41:18Z,3,16,266666.6666666667,0,1
luachonnhadat,rent,luachonnhadat_47310,luachonnhadat_47310,"Cho thuê nhà MT đường Vành Đai Trong, P. Bình Trị Đông B, 4 x 30m, 1 lầu, giá 22 triệu/tháng.",22000000,22 Triệu/tháng,120,NA,"Bình Tân, Hồ Chí Minh",Unknown,NA,Bình Tân,NA,Nhà phố,NA,NA,https://luachonnhadat.vn/vnt_upload/product/08_2024/feed3393146f66c233a13f48128c0689.jpg,https://luachonnhadat.vn/nha-dat/cho-thue-nha-mt-duong-vanh-dai-trong-p-binh-tri-dong-b-4-x-30m-1-lau-gia-22-trieu-thang-.html,https://luachonnhadat.vn/nha-dat/cho-thue-nha-mt-duong-vanh-dai-trong-p-binh-tri-dong-b-4-x-30m-1-lau-gia-22-trieu-thang-.html,2024-11-20,2026-06-03T08:41:18Z,3,22,183333.33333333337,0,1
luachonnhadat,rent,luachonnhadat_47674,luachonnhadat_47674,"Cho thuê nhà kho hẻm 1132 Tỉnh Lộ 10, P. Tân Tạo, 35 x 40m, giá 75 triêu/tháng",75000000,75 Triệu/tháng,1400,NA,"Bình Tân, Hồ Chí Minh",Unknown,NA,Bình Tân,NA,Nhà phố,NA,NA,https://luachonnhadat.vn/vnt_upload/product/11_2024/aa355438be6efba9a9ac85c38d880513.jpg,https://luachonnhadat.vn/nha-dat/cho-thue-nha-kho-hem-1132-tinh-lo-10-p-tan-tao-35-x-40m-gia-75-trieu-thang-1731643165.html,https://luachonnhadat.vn/nha-dat/cho-thue-nha-kho-hem-1132-tinh-lo-10-p-tan-tao-35-x-40m-gia-75-trieu-thang-1731643165.html,2024-11-15,2026-06-03T08:41:18Z,3,75,53571.42857142857,0,1
luachonnhadat,rent,luachonnhadat_4794,luachonnhadat_4794,"Cho thuê biệt thự khu Tên Lửa, MT đường Số 34A, P. Bình Trị Đông B, 12 x 25m, 2.5 tấm, giá 40 triệu",40000000,40 Triệu/tháng,300,NA,"Bình Tân, Hồ Chí Minh",Unknown,NA,Bình Tân,NA,Biệt thự,NA,NA,https://luachonnhadat.vn/vnt_upload/product/11_2024/329b517e168be6bb44ed3fa19246f734.jpg,https://luachonnhadat.vn/nha-dat/cho-thue-biet-thu-khu-ten-lua-mt-duong-so-34a-p-binh-tri-dong-b-12-x-25m-2-5-tam-gia-40-trieu.html,https://luachonnhadat.vn/nha-dat/cho-thue-biet-thu-khu-ten-lua-mt-duong-so-34a-p-binh-tri-dong-b-12-x-25m-2-5-tam-gia-40-trieu.html,2024-11-14,2026-06-03T08:41:18Z,3,40,133333.33333333334,0,1
luachonnhadat,rent,luachonnhadat_45527,luachonnhadat_45527,"Cho thuê nhà khu Tên Lửa, MT đường Số 28, P. Bình Trị Đông B, 5 x 20m, 3.5 tấm, giá 22 triệu/tháng",22000000,22 Triệu/tháng,100,NA,"Bình Tân, Hồ Chí Minh",Unknown,NA,Bình Tân,NA,Nhà phố,NA,NA,https://luachonnhadat.vn/vnt_upload/product/12_2022/4_3.jpg,https://luachonnhadat.vn/nha-dat/cho-thue-nha-khu-ten-lua-mt-duong-so-28-p-binh-tri-dong-b-5-x-20m-3-5-tam-gia-22-trieu-thang-1730880044.html,https://luachonnhadat.vn/nha-dat/cho-thue-nha-khu-ten-lua-mt-duong-so-28-p-binh-tri-dong-b-5-x-20m-3-5-tam-gia-22-trieu-thang-1730880044.html,2024-11-06,2026-06-03T08:41:18Z,3,22,220000,0,1
luachonnhadat,rent,luachonnhadat_46318,luachonnhadat_46318,"Cho thuê nhà khu Tên Lửa, MT đường Số 21A, P. Bình Trị Đông B, 4 x 22.5m, 3.5 tấm, giá 15tr/tháng.",15000000,15 Triệu/tháng,90,NA,"Bình Tân, Hồ Chí Minh",Unknown,NA,Bình Tân,NA,Nhà phố,NA,NA,https://luachonnhadat.vn/vnt_upload/product/10_2023/949.jpg,https://luachonnhadat.vn/nha-dat/cho-thue-nha-khu-ten-lua-mt-duong-so-21a-p-binh-tri-dong-b-4-x-22-5m-3-5-tam-gia-15tr-thang-.html,https://luachonnhadat.vn/nha-dat/cho-thue-nha-khu-ten-lua-mt-duong-so-21a-p-binh-tri-dong-b-4-x-22-5m-3-5-tam-gia-15tr-thang-.html,2024-11-06,2026-06-03T08:41:18Z,3,15,166666.66666666666,0,1
luachonnhadat,rent,luachonnhadat_47419,luachonnhadat_47419,"Cho thuê nhà MT đường Cư Xá Phú Lâm D, P.10, Q.6, nhà 3.5 tấm, 4 x 17m, giá 20 triệu/tháng",20000000,20 Triệu/tháng,68,NA,"Quận 6, Hồ Chí Minh",Unknown,NA,Quận 6,NA,Nhà phố,NA,NA,https://luachonnhadat.vn/vnt_upload/product/09_2024/d96cee9acf189c1f95ecb2f5605fba87.jpg,https://luachonnhadat.vn/nha-dat/cho-thue-nha-mt-duong-cu-xa-phu-lam-d-p-10-q-6-nha-3-5-tam-4-x-17m-gia-20-trieu-thang-1730513512.html,https://luachonnhadat.vn/nha-dat/cho-thue-nha-mt-duong-cu-xa-phu-lam-d-p-10-q-6-nha-3-5-tam-4-x-17m-gia-20-trieu-thang-1730513512.html,2024-11-02,2026-06-03T08:41:18Z,3,20,294117.64705882355,0,1
luachonnhadat,rent,luachonnhadat_47621,luachonnhadat_47621,"Cho thuê nhà hẻm 958 Lò Gốm, P.8, Q.6, nhà 3.5 tấm + xưởng, 4.65 x 22m, NH 28m, giá 35 triệu/tháng",35000000,35 Triệu/tháng,102,NA,"Quận 6, Hồ Chí Minh",Unknown,NA,Quận 6,NA,Nhà phố,NA,NA,https://luachonnhadat.vn/vnt_upload/product/10_2024/877c2ac9c9d0929958e570eb22ed0393.jpg,https://luachonnhadat.vn/nha-dat/cho-thue-nha-hem-958-lo-gom-p-8-q-6-nha-3-5-tam-xuong-4-65-x-22m-nh-28m-gia-35-trieu-thang.html,https://luachonnhadat.vn/nha-dat/cho-thue-nha-hem-958-lo-gom-p-8-q-6-nha-3-5-tam-xuong-4-65-x-22m-nh-28m-gia-35-trieu-thang.html,2024-10-31,2026-06-03T08:41:18Z,3,35,343137.2549019608,0,1
luachonnhadat,rent,luachonnhadat_47617,luachonnhadat_47617,"Cho thuê nhà MT đường Tỉnh Lộ 10, P. Bình Trị Đông B, DT 5 x 20m, 3 tấm + hầm, giá 60 triệu/tháng",60000000,60 Triệu/tháng,100,NA,"Bình Tân, Hồ Chí Minh",Unknown,NA,Bình Tân,NA,Nhà phố,NA,NA,https://luachonnhadat.vn/vnt_upload/product/10_2024/a62d93b3224dcf70e58d2d5c4205bd21.jpg,https://luachonnhadat.vn/nha-dat/cho-thue-nha-mt-duong-tinh-lo-10-p-binh-tri-dong-b-dt-5-x-20m-3-tam-ham-gia-60-trieu-thang.html,https://luachonnhadat.vn/nha-dat/cho-thue-nha-mt-duong-tinh-lo-10-p-binh-tri-dong-b-dt-5-x-20m-3-tam-ham-gia-60-trieu-thang.html,2024-10-30,2026-06-03T08:41:18Z,3,60,600000,0,1
luachonnhadat,rent,luachonnhadat_45552,luachonnhadat_45552,"Cho thuê biệt thự góc 2MT đường Số 13B, P. Bình Trị Đông B, 10, x 27m, 3.5 tấm, giá 60 triệu/tháng",60000000,60 Triệu/tháng,270,NA,"Bình Tân, Hồ Chí Minh",Unknown,NA,Bình Tân,NA,Biệt thự,NA,NA,https://luachonnhadat.vn/vnt_upload/product/12_2022/224.jpg,https://luachonnhadat.vn/nha-dat/cho-thue-biet-thu-goc-2mt-duong-so-13b-p-binh-tri-dong-b-10-x-27m-3-5-tam-gia-60-trieu-thang-1729909420.html,https://luachonnhadat.vn/nha-dat/cho-thue-biet-thu-goc-2mt-duong-so-13b-p-binh-tri-dong-b-10-x-27m-3-5-tam-gia-60-trieu-thang-1729909420.html,2024-10-26,2026-06-03T08:41:18Z,3,60,222222.22222222225,0,1
luachonnhadat,rent,luachonnhadat_47607,luachonnhadat_47607,"Cho thuê nhà khu Tên Lửa, góc 2MT đường Số 5B, P. Bình Trị Đông B, 10x20m, 3.5 tấm, giá 60 triệu/th",60000000,60 Triệu/tháng,200,NA,"Bình Tân, Hồ Chí Minh",Unknown,NA,Bình Tân,NA,Nhà phố,NA,NA,https://luachonnhadat.vn/vnt_upload/product/10_2024/6f4581d897186f0ced04a44afb44c19c.jpg,https://luachonnhadat.vn/nha-dat/cho-thue-nha-khu-ten-lua-goc-2mt-duong-so-5b-p-binh-tri-dong-b-10x20m-3-5-tam-gia-60-trieu-th.html,https://luachonnhadat.vn/nha-dat/cho-thue-nha-khu-ten-lua-goc-2mt-duong-so-5b-p-binh-tri-dong-b-10x20m-3-5-tam-gia-60-trieu-th.html,2024-10-26,2026-06-03T08:41:18Z,3,60,300000,0,1
luachonnhadat,rent,luachonnhadat_46926,luachonnhadat_46926,"Cho thuê biệt thự MT đường Số 28, P. Bình Trị Đông B, 10 x 18.5m, 2.5 tấm, giá 40 triệu/tháng",40000000,40 Triệu/tháng,185,NA,"Bình Tân, Hồ Chí Minh",Unknown,NA,Bình Tân,NA,Biệt thự,NA,NA,https://luachonnhadat.vn/vnt_upload/product/04_2024/400.jpg.jpg,https://luachonnhadat.vn/nha-dat/cho-thue-biet-thu-mt-duong-so-28-p-binh-tri-dong-b-10-x-18-5m-2-5-tam-gia-40-trieu-thang-1729846028.html,https://luachonnhadat.vn/nha-dat/cho-thue-biet-thu-mt-duong-so-28-p-binh-tri-dong-b-10-x-18-5m-2-5-tam-gia-40-trieu-thang-1729846028.html,2024-10-25,2026-06-03T08:41:18Z,3,40,216216.2162162162,0,1
luachonnhadat,rent,luachonnhadat_47590,luachonnhadat_47590,"Cho thuê nhà góc 3MT hẻm 633 Hồng Bàng, P.6, Q.6, nhà 3.5 tấm, 4 x 18m, giá 22 triệu/tháng",22000000,22 Triệu/tháng,72,NA,"Quận 6, Hồ Chí Minh",Unknown,NA,Quận 6,NA,Nhà phố,NA,NA,https://luachonnhadat.vn/vnt_upload/product/10_2024/e010b2881981526074002872e89de461.jpg,https://luachonnhadat.vn/nha-dat/cho-thue-nha-goc-3mt-hem-633-hong-bang-p-6-q-6-nha-3-5-tam-4-x-18m-gia-22-trieu-thang-1729580405.html,https://luachonnhadat.vn/nha-dat/cho-thue-nha-goc-3mt-hem-633-hong-bang-p-6-q-6-nha-3-5-tam-4-x-18m-gia-22-trieu-thang-1729580405.html,2024-10-22,2026-06-03T08:41:18Z,3,22,305555.55555555556,0,1
luachonnhadat,rent,luachonnhadat_46160,luachonnhadat_46160,"Cho thuê kho MT đường Số 57, P. Tân Tạo, 5 x 20m, cấp 4, giá 9.5 triệu/tháng. khu Tên Lửa Pouyuen",9500000,9.5 Triệu/tháng,100,NA,"Bình Tân, Hồ Chí Minh",Unknown,NA,Bình Tân,NA,Nhà phố,NA,NA,https://luachonnhadat.vn/vnt_upload/product/08_2023/527_1.jpg,https://luachonnhadat.vn/nha-dat/cho-thue-kho-mt-duong-so-57-p-tan-tao-5-x-20m-cap-4-gia-9-5-trieu-thang-khu-ten-lua-pouyuen-1729220151.html,https://luachonnhadat.vn/nha-dat/cho-thue-kho-mt-duong-so-57-p-tan-tao-5-x-20m-cap-4-gia-9-5-trieu-thang-khu-ten-lua-pouyuen-1729220151.html,2024-10-18,2026-06-03T08:41:18Z,3,9.5,95000,0,1
luachonnhadat,rent,luachonnhadat_47583,luachonnhadat_47583,"Cho thuê nhà MT đường Phan Văn Khoẻ, P.5, Q.6, nhà 3 tấm, 3.55 x 13m, giá 15 triệu/tháng",15000000,15 Triệu/tháng,46,NA,"Quận 6, Hồ Chí Minh",Unknown,NA,Quận 6,NA,Nhà phố,NA,NA,https://luachonnhadat.vn/vnt_upload/product/10_2024/6c005aa568f53bc627c8c3fc3a25b90b.jpg,https://luachonnhadat.vn/nha-dat/cho-thue-nha-mt-duong-phan-van-khoe-p-5-q-6-nha-3-tam-3-55-x-13m-gia-15-trieu-thang-1729130443.html,https://luachonnhadat.vn/nha-dat/cho-thue-nha-mt-duong-phan-van-khoe-p-5-q-6-nha-3-tam-3-55-x-13m-gia-15-trieu-thang-1729130443.html,2024-10-17,2026-06-03T08:41:18Z,3,15,326086.95652173914,0,1
luachonnhadat,rent,luachonnhadat_47576,luachonnhadat_47576,"Cho thuê nhà khu Nam Hùng Vương, MT đường Số 4, P. An Lạc, 4 x 18m, 3.5 tấm, giá 20 triệu/tháng",20000000,20 Triệu/tháng,72,NA,"Bình Tân, Hồ Chí Minh",Unknown,NA,Bình Tân,NA,Nhà phố,NA,NA,https://luachonnhadat.vn/vnt_upload/product/10_2024/93d80dce216df16fb8060deb5aabce10.jpg,https://luachonnhadat.vn/nha-dat/cho-thue-nha-khu-nam-hung-vuong-mt-duong-so-4-p-an-lac-4-x-18m-3-5-tam-gia-20-trieu-thang.html,https://luachonnhadat.vn/nha-dat/cho-thue-nha-khu-nam-hung-vuong-mt-duong-so-4-p-an-lac-4-x-18m-3-5-tam-gia-20-trieu-thang.html,2024-10-15,2026-06-03T08:41:18Z,3,20,277777.77777777775,0,1
luachonnhadat,rent,luachonnhadat_47570,luachonnhadat_47570,"Cho thuê nhà MT đường Kinh Dương Vương, P. An Lạc A, nhà 1 lầu, 4 x 15m, giá 24 triệu/tháng",24000000,24 Triệu/tháng,60,NA,"Bình Tân, Hồ Chí Minh",Unknown,NA,Bình Tân,NA,Nhà phố,NA,NA,https://luachonnhadat.vn/vnt_upload/product/10_2024/5c7027fa5395e9eaf607e75a07eb7fff.jpg,https://luachonnhadat.vn/nha-dat/cho-thue-nha-mt-duong-kinh-duong-vuong-p-an-lac-a-nha-1-lau-4-x-15m-gia-24-trieu-thang-1728871334.html,https://luachonnhadat.vn/nha-dat/cho-thue-nha-mt-duong-kinh-duong-vuong-p-an-lac-a-nha-1-lau-4-x-15m-gia-24-trieu-thang-1728871334.html,2024-10-14,2026-06-03T08:41:18Z,3,24,400000,0,1
luachonnhadat,rent,luachonnhadat_47558,luachonnhadat_47558,"Cho thuê nhà hẻm 21 Lê Công Phép, P. An Lạc A, 4 x 10m, 1 lầu, giá 8 triệu/tháng",8000000,8 Triệu/tháng,40,NA,"Bình Tân, Hồ Chí Minh",Unknown,NA,Bình Tân,NA,Nhà phố,NA,NA,https://luachonnhadat.vn/vnt_upload/product/10_2024/0ccae566cfb7faf712bd7f65b21b9aa5.jpg,https://luachonnhadat.vn/nha-dat/cho-thue-nha-hem-21-le-cong-phep-p-an-lac-a-4-x-10m-1-lau-gia-8-trieu-thang.html,https://luachonnhadat.vn/nha-dat/cho-thue-nha-hem-21-le-cong-phep-p-an-lac-a-4-x-10m-1-lau-gia-8-trieu-thang.html,2024-10-09,2026-06-03T08:41:18Z,3,8,200000,0,1
luachonnhadat,rent,luachonnhadat_47556,luachonnhadat_47556,"Cho thuê nhà khu Tên Lửa, MT đường Tên Lửa, P. Bình Trị Đông B, 11 x 25m, 6 tấm, giá 190 triệu/tháng",190000000,190 Triệu/tháng,275,NA,"Bình Tân, Hồ Chí Minh",Unknown,NA,Bình Tân,NA,Nhà phố,NA,NA,https://luachonnhadat.vn/vnt_upload/product/10_2024/92bf185623fd2b36d76f96c04fbf243c.jpg,https://luachonnhadat.vn/nha-dat/cho-thue-nha-khu-ten-lua-mt-duong-ten-lua-p-binh-tri-dong-b-11-x-25m-6-tam-gia-190-trieu-thang.html,https://luachonnhadat.vn/nha-dat/cho-thue-nha-khu-ten-lua-mt-duong-ten-lua-p-binh-tri-dong-b-11-x-25m-6-tam-gia-190-trieu-thang.html,2024-10-08,2026-06-03T08:41:18Z,3,190,690909.0909090909,0,1
luachonnhadat,rent,luachonnhadat_44693,luachonnhadat_44693,"Cho thuê nhà MT đường Văn Thân, P.8, Q.6, nhà 4 tấm, 4 x 14m, giá 21 triệu/tháng",21000000,21 Triệu/tháng,56,NA,"Quận 6, Hồ Chí Minh",Unknown,NA,Quận 6,NA,Nhà phố,NA,NA,https://luachonnhadat.vn/vnt_upload/product/09_2022/23.jpg,https://luachonnhadat.vn/nha-dat/cho-thue-nha-mt-duong-van-than-p-8-q-6-nha-4-tam-4-x-14m-gia-21-trieu-thang-1727490241.html,https://luachonnhadat.vn/nha-dat/cho-thue-nha-mt-duong-van-than-p-8-q-6-nha-4-tam-4-x-14m-gia-21-trieu-thang-1727490241.html,2024-09-28,2026-06-03T08:41:18Z,3,21,375000,0,1
luachonnhadat,sale,luachonnhadat_42420,luachonnhadat_42420,"Bán nhà MT đường Tên Lửa (nhỏ), DT 4 x 18m, 3.5 tấm, giá 12.5 tỷ. kinh doanh đông đúc",12500000000,12.5 Tỷ/căn,72,NA,"Bình Tân, Hồ Chí Minh",Unknown,NA,Bình Tân,NA,Nhà phố,NA,NA,https://luachonnhadat.vn/vnt_upload/product/04_2026/d44d9069355dc726e012de87d6c5d19c.jpeg,https://luachonnhadat.vn/nha-dat/ban-nha-mt-duong-ten-lua-nho-dt-4-x-18m-3-5-tam-gia-12-5-ty-kinh-doanh-dong-duc.html,https://luachonnhadat.vn/nha-dat/ban-nha-mt-duong-ten-lua-nho-dt-4-x-18m-3-5-tam-gia-12-5-ty-kinh-doanh-dong-duc.html,2026-05-20,2026-06-03T08:41:16Z,3,12500,173611111.1111111,0,0
luachonnhadat,sale,luachonnhadat_49788,luachonnhadat_49788,"Bán đất hẻm 225 Lê Văn Quới, P. Bình Trị Đông, DT 4 x 15m, giá 5.2 tỷ",5200000000,5.2 Tỷ/nền,60,NA,"Bình Tân, Hồ Chí Minh",Unknown,NA,Bình Tân,NA,Đất,NA,NA,https://luachonnhadat.vn/vnt_upload/product/03_2026/a4998ca08ebb0b1155ee63d61bc54432.jpeg,https://luachonnhadat.vn/nha-dat/ban-dat-hem-225-le-van-quoi-p-binh-tri-dong-dt-4-x-15m-gia-5-2-ty.html,https://luachonnhadat.vn/nha-dat/ban-dat-hem-225-le-van-quoi-p-binh-tri-dong-dt-4-x-15m-gia-5-2-ty.html,2026-05-20,2026-06-03T08:41:16Z,3,5200,86666666.66666667,0,0
luachonnhadat,sale,luachonnhadat_50045,luachonnhadat_50045,"Bán 2 lô đất hẻm 26 Trương Phước Phan, P. Bình Trị Đông, DT 4.5 x 15m, giá 5.6 tỷ",5600000000,5.6 Tỷ/nền,67,NA,"Bình Tân, Hồ Chí Minh",Unknown,NA,Bình Tân,NA,Đất,NA,NA,https://luachonnhadat.vn/vnt_upload/product/05_2026/e25e05846354a6c81a2b0ff8db0f5666.jpg,https://luachonnhadat.vn/nha-dat/ban-2-lo-dat-hem-26-truong-phuoc-phan-p-binh-tri-dong-dt-4-5-x-15m-gia-5-6-ty.html,https://luachonnhadat.vn/nha-dat/ban-2-lo-dat-hem-26-truong-phuoc-phan-p-binh-tri-dong-dt-4-5-x-15m-gia-5-6-ty.html,2026-05-20,2026-06-03T08:41:16Z,3,5600,83582089.5522388,0,0
luachonnhadat,sale,luachonnhadat_48877,luachonnhadat_48877,"Bán nhà góc 2MT đường Gò Công, P.13, Q.5, DT 6.5 x 15m, TH 2.8m, 3.5 tấm, giá 16.9 tỷ",16899999999.999998,16.9 Tỷ/căn,97,NA,"Quận 5, Hồ Chí Minh",Unknown,NA,Quận 5,NA,Nhà phố,NA,NA,https://luachonnhadat.vn/vnt_upload/product/09_2025/25c45aaea88aaaf8aa00489fecb1b966.jpg,https://luachonnhadat.vn/nha-dat/ban-nha-goc-2mt-duong-go-cong-p-13-q-5-dt-6-5-x-15m-th-2-8m-3-5-tam-gia-16-9-ty.html,https://luachonnhadat.vn/nha-dat/ban-nha-goc-2mt-duong-go-cong-p-13-q-5-dt-6-5-x-15m-th-2-8m-3-5-tam-gia-16-9-ty.html,2026-05-20,2026-06-03T08:41:16Z,3,16899.999999999996,174226804.12371132,0,0
luachonnhadat,sale,luachonnhadat_47741,luachonnhadat_47741,"Bán nhà hẻm 687 Kinh Dương Vương, P. An Lạc, 8 x 25m, 3 tấm, giá 20 tỷ",20000000000,20 Tỷ/căn,200,NA,"Bình Tân, Hồ Chí Minh",Unknown,NA,Bình Tân,NA,Nhà phố,NA,NA,https://luachonnhadat.vn/vnt_upload/product/11_2024/1b4bacf44e00c97b5ed432204eb38407.jpg,https://luachonnhadat.vn/nha-dat/ban-nha-hem-687-kinh-duong-vuong-p-an-lac-8-x-25m-3-tam-gia-20-ty.html,https://luachonnhadat.vn/nha-dat/ban-nha-hem-687-kinh-duong-vuong-p-an-lac-8-x-25m-3-tam-gia-20-ty.html,2026-05-20,2026-06-03T08:41:16Z,3,20000,100000000,0,0
luachonnhadat,sale,luachonnhadat_42308,luachonnhadat_42308,"Bán nhà mới hẻm 130 Lê Đình Cẩn, P. Tân Tạo, 4 x 10m, 3 tấm, giá 4.7 tỷ",4700000000,4.7 Tỷ/căn,40,NA,"Bình Tân, Hồ Chí Minh",Unknown,NA,Bình Tân,NA,Nhà phố,NA,NA,https://luachonnhadat.vn/vnt_upload/product/04_2026/5c80040c0dc6db1e983fbe6a342bbcbe.png,https://luachonnhadat.vn/nha-dat/ban-nha-moi-hem-130-le-dinh-can-p-tan-tao-4-x-10m-3-tam-gia-4-7-ty.html,https://luachonnhadat.vn/nha-dat/ban-nha-moi-hem-130-le-dinh-can-p-tan-tao-4-x-10m-3-tam-gia-4-7-ty.html,2026-05-20,2026-06-03T08:41:16Z,3,4700,117500000,0,0
luachonnhadat,sale,luachonnhadat_49986,luachonnhadat_49986,"Bán nhà góc 2MT đường Ca Văn Thỉnh, P.11, Q. Tân Bình, DT 4 x 14m, 6 tấm, giá 16.9 tỷ",16899999999.999998,16.9 Tỷ/căn,56,NA,"Tân Bình, Hồ Chí Minh",Unknown,NA,Tân Bình,NA,Nhà phố,NA,NA,https://luachonnhadat.vn/vnt_upload/product/04_2026/7812289e2737a67f767eb7e99090131f.jpg,https://luachonnhadat.vn/nha-dat/ban-nha-goc-2mt-duong-ca-van-thinh-p-11-q-tan-binh-dt-4-x-14m-6-tam-gia-16-9-ty.html,https://luachonnhadat.vn/nha-dat/ban-nha-goc-2mt-duong-ca-van-thinh-p-11-q-tan-binh-dt-4-x-14m-6-tam-gia-16-9-ty.html,2026-05-20,2026-06-03T08:41:16Z,3,16899.999999999996,301785714.28571427,0,0
luachonnhadat,sale,luachonnhadat_48137,luachonnhadat_48137,"Bán nhà MT đường Đồng Đen, P.11, Q. Tân Bình, DT 6.4 x 27m, NH 9m, 3 tấm, giá 48 tỷ",48000000000,48 Tỷ/căn,172,NA,"Tân Bình, Hồ Chí Minh",Unknown,NA,Tân Bình,NA,Nhà phố,NA,NA,https://luachonnhadat.vn/vnt_upload/product/03_2025/8c69bc2c92be0f7ac3d106f21eb27e70.jpg,https://luachonnhadat.vn/nha-dat/ban-nha-mt-duong-dong-den-p-11-q-tan-binh-dt-6-4-x-27m-nh-9m-3-tam-gia-48-ty.html,https://luachonnhadat.vn/nha-dat/ban-nha-mt-duong-dong-den-p-11-q-tan-binh-dt-6-4-x-27m-nh-9m-3-tam-gia-48-ty.html,2026-05-20,2026-06-03T08:41:16Z,3,48000,279069767.44186044,0,0
luachonnhadat,sale,luachonnhadat_45958,luachonnhadat_45958,"Bán nhà MT đường Tỉnh Lộ 10, P. Tân Tạo, 4 x 27.5m, cấp 4, giá 11.8 tỷ",11800000000,11.8 Tỷ/căn,110,NA,"Bình Tân, Hồ Chí Minh",Unknown,NA,Bình Tân,NA,Nhà phố,NA,NA,https://luachonnhadat.vn/vnt_upload/product/05_2023/889.jpg,https://luachonnhadat.vn/nha-dat/ban-nha-mt-duong-tinh-lo-10-p-tan-tao-4-x-27-5m-cap-4-gia-11-8-ty.html,https://luachonnhadat.vn/nha-dat/ban-nha-mt-duong-tinh-lo-10-p-tan-tao-4-x-27-5m-cap-4-gia-11-8-ty.html,2026-05-20,2026-06-03T08:41:16Z,3,11800,107272727.27272728,0,0
luachonnhadat,sale,luachonnhadat_48894,luachonnhadat_48894,"Bán đất MT đường Số 59B, P. Tân Tạo, 5 x 20m, giá 8 tỷ",8000000000,8 Tỷ/nền,100,NA,"Bình Tân, Hồ Chí Minh",Unknown,NA,Bình Tân,NA,Đất,NA,NA,https://luachonnhadat.vn/vnt_upload/product/04_2026/62e32c0a20d4dadd1ab596e36ef5bedb.jpeg,https://luachonnhadat.vn/nha-dat/ban-dat-mt-duong-so-59b-p-tan-tao-5-x-20m-gia-8-ty.html,https://luachonnhadat.vn/nha-dat/ban-dat-mt-duong-so-59b-p-tan-tao-5-x-20m-gia-8-ty.html,2026-05-20,2026-06-03T08:41:16Z,3,8000,80000000,0,0
luachonnhadat,sale,luachonnhadat_47756,luachonnhadat_47756,"Bán nhà góc 2MT đường Mã Lò, P. Bình Trị Đông A, DT 12 x 10m, 7 tấm, giá 17 tỷ",17000000000,17 Tỷ/căn,120,NA,"Bình Tân, Hồ Chí Minh",Unknown,NA,Bình Tân,NA,Nhà phố,NA,NA,https://luachonnhadat.vn/vnt_upload/product/03_2026/9f069395d68fe9effacb4b06617ea337.jpg,https://luachonnhadat.vn/nha-dat/ban-nha-goc-2mt-duong-ma-lo-p-binh-tri-dong-a-dt-12-x-10m-7-tam-gia-17-ty.html,https://luachonnhadat.vn/nha-dat/ban-nha-goc-2mt-duong-ma-lo-p-binh-tri-dong-a-dt-12-x-10m-7-tam-gia-17-ty.html,2026-05-20,2026-06-03T08:41:16Z,3,17000,141666666.66666666,0,0
luachonnhadat,sale,luachonnhadat_40297,luachonnhadat_40297,"Bán nhà khu Tên Lửa, MT đường Số 7A, DT 5 x 19m, 3.5 tấm, giá 15.5 tỷ",15500000000,15.5 Tỷ/căn,95,NA,"Bình Tân, Hồ Chí Minh",Unknown,NA,Bình Tân,NA,Nhà phố,NA,NA,https://luachonnhadat.vn/vnt_upload/product/04_2026/319429c121bf081e4a7c94e4cc7a2487.png,https://luachonnhadat.vn/nha-dat/ban-nha-khu-ten-lua-mt-duong-so-7a-dt-5-x-19m-3-5-tam-gia-15-5-ty.html,https://luachonnhadat.vn/nha-dat/ban-nha-khu-ten-lua-mt-duong-so-7a-dt-5-x-19m-3-5-tam-gia-15-5-ty.html,2026-05-20,2026-06-03T08:41:16Z,3,15500,163157894.7368421,0,0
luachonnhadat,sale,luachonnhadat_50142,luachonnhadat_50142,"Bán cặp nhà hẻm 541 Hương Lộ 2, P. Bình Trị Đông, DT 4 x 15m/căn, 4.5 tấm, giá 8.2 tỷ/căn",8199999999.999999,8.2 Tỷ/căn,60,NA,"Bình Tân, Hồ Chí Minh",Unknown,NA,Bình Tân,NA,Nhà phố,NA,NA,https://luachonnhadat.vn/vnt_upload/product/05_2026/66f0fecb23532243012e7fca0badefb7.jpg,https://luachonnhadat.vn/nha-dat/ban-cap-nha-hem-541-huong-lo-2-p-binh-tri-dong-dt-4-x-15m-can-4-5-tam-gia-8-2-ty-can.html,https://luachonnhadat.vn/nha-dat/ban-cap-nha-hem-541-huong-lo-2-p-binh-tri-dong-dt-4-x-15m-can-4-5-tam-gia-8-2-ty-can.html,2026-05-20,2026-06-03T08:41:16Z,3,8199.999999999998,136666666.66666666,0,0
luachonnhadat,sale,luachonnhadat_50141,luachonnhadat_50141,"Bán nhà hẻm 931 Hương lộ 2, P. Bình Trị Đông A, 4 x 16m, 6 tấm, giá 8.8 tỷ",8800000000,8.8 Tỷ/căn,64,NA,"Bình Tân, Hồ Chí Minh",Unknown,NA,Bình Tân,NA,Nhà phố,NA,NA,https://luachonnhadat.vn/vnt_upload/product/05_2026/572a6a7bd97aea1d1d1a126bd6b43860.jpg,https://luachonnhadat.vn/nha-dat/ban-nha-hem-931-huong-lo-2-p-binh-tri-dong-a-4-x-16m-6-tam-gia-8-8-ty.html,https://luachonnhadat.vn/nha-dat/ban-nha-hem-931-huong-lo-2-p-binh-tri-dong-a-4-x-16m-6-tam-gia-8-8-ty.html,2026-05-20,2026-06-03T08:41:16Z,3,8800,137500000,0,0
luachonnhadat,sale,luachonnhadat_50139,luachonnhadat_50139,"Bán nhà trọ hẻm 50 Chiến Lược, P. Bình Trị Đông B, DT 8 x 21m, 3.5 tấm, giá 17 tỷ",17000000000,17 Tỷ/tháng,168,NA,"Bình Tân, Hồ Chí Minh",Unknown,NA,Bình Tân,NA,Nhà phố,NA,NA,https://luachonnhadat.vn/vnt_upload/product/05_2026/4293d2043b4df0b9d513de679e3e0f2e.jpg,https://luachonnhadat.vn/nha-dat/ban-nha-tro-hem-50-chien-luoc-p-binh-tri-dong-b-dt-8-x-21m-3-5-tam-gia-17-ty.html,https://luachonnhadat.vn/nha-dat/ban-nha-tro-hem-50-chien-luoc-p-binh-tri-dong-b-dt-8-x-21m-3-5-tam-gia-17-ty.html,2026-05-20,2026-06-03T08:41:16Z,3,17000,101190476.1904762,0,0
luachonnhadat,sale,luachonnhadat_50137,luachonnhadat_50137,"✅ BÁN TOÀ NHÀ MT LÊ VĂN QUỚI, 37 X 60M, HẦM + 6 LẦU, 280 TỶ. TDT SÀN 9794 M2",280000000000,280 Tỷ/căn,2220,NA,"Bình Tân, Hồ Chí Minh",Unknown,NA,Bình Tân,NA,Nhà phố,NA,NA,https://luachonnhadat.vn/vnt_upload/product/05_2026/38b5f0073b6ddb866fa26c11d3b7a745.jpg,https://luachonnhadat.vn/nha-dat/-ban-toa-nha-mt-le-van-quoi-37-x-60m-ham-6-lau-280-ty-tdt-san-9794-m2.html,https://luachonnhadat.vn/nha-dat/-ban-toa-nha-mt-le-van-quoi-37-x-60m-ham-6-lau-280-ty-tdt-san-9794-m2.html,2026-05-19,2026-06-03T08:41:16Z,3,280000,126126126.12612613,0,0
luachonnhadat,sale,luachonnhadat_49313,luachonnhadat_49313,"Bán nhà khu Tên Lửa, MT đường Số 1, DT 6 x 21m, 2.5 tấm, giá 24.5 tỷ.",24500000000,24.5 Tỷ/căn,126,NA,"Bình Tân, Hồ Chí Minh",Unknown,NA,Bình Tân,NA,Nhà phố,NA,NA,https://luachonnhadat.vn/vnt_upload/product/04_2026/92dfef4739b81821e72e8bc10637ddff.jpeg,https://luachonnhadat.vn/nha-dat/ban-nha-khu-ten-lua-mt-duong-so-1-dt-6-x-21m-2-5-tam-gia-24-5-ty-.html,https://luachonnhadat.vn/nha-dat/ban-nha-khu-ten-lua-mt-duong-so-1-dt-6-x-21m-2-5-tam-gia-24-5-ty-.html,2026-05-19,2026-06-03T08:41:16Z,3,24500,194444444.44444445,0,0
luachonnhadat,sale,luachonnhadat_1017,luachonnhadat_1017,"Bán nhà khu Tên Lửa, MT đường Số 1, DT 6 x 21m, 2.5 tấm, giá 24 tỷ",24000000000,24 Tỷ/căn,126,NA,"Bình Tân, Hồ Chí Minh",Unknown,NA,Bình Tân,NA,Nhà phố,NA,NA,https://luachonnhadat.vn/vnt_upload/product/04_2026/0dacd4faef0fe3867db5c1b85e0d4b16.jpg,https://luachonnhadat.vn/nha-dat/ban-nha-khu-ten-lua-mt-duong-so-1-dt-6-x-21m-2-5-tam-gia-24-ty.html,https://luachonnhadat.vn/nha-dat/ban-nha-khu-ten-lua-mt-duong-so-1-dt-6-x-21m-2-5-tam-gia-24-ty.html,2026-05-19,2026-06-03T08:41:16Z,3,24000,190476190.47619048,0,0
luachonnhadat,sale,luachonnhadat_50134,luachonnhadat_50134,"✅ BÁN ĐẤT GÓC 2MT 61 BÌNH LONG, P. BHH A, 14.5 X 16M, 21 TỶ.",21000000000,21 Tỷ/nền,232,NA,"Bình Tân, Hồ Chí Minh",Unknown,NA,Bình Tân,NA,Đất,NA,NA,https://luachonnhadat.vn/vnt_upload/product/05_2026/2ed2789e008c1b8c4f5528afc5a08cb7.jpg,https://luachonnhadat.vn/nha-dat/-ban-dat-goc-2mt-61-binh-long-p-bhh-a-14-5-x-16m-21-ty-.html,https://luachonnhadat.vn/nha-dat/-ban-dat-goc-2mt-61-binh-long-p-bhh-a-14-5-x-16m-21-ty-.html,2026-05-19,2026-06-03T08:41:16Z,3,21000,90517241.37931034,0,0
luachonnhadat,sale,luachonnhadat_50135,luachonnhadat_50135,"✅ BÁN ĐẤT HẺM XE HƠI 61 BÌNH LONG, P. BHHA, 5 X 10M, 5.8 TỶ.",5800000000,5.8 Tỷ/nền,50,NA,"Bình Tân, Hồ Chí Minh",Unknown,NA,Bình Tân,NA,Đất,NA,NA,https://luachonnhadat.vn/vnt_upload/product/05_2026/ce2d36d50ebfe775d75135d476765d97.jpg,https://luachonnhadat.vn/nha-dat/-ban-dat-hem-xe-hoi-61-binh-long-p-bhha-5-x-10m-5-8-ty-.html,https://luachonnhadat.vn/nha-dat/-ban-dat-hem-xe-hoi-61-binh-long-p-bhha-5-x-10m-5-8-ty-.html,2026-05-19,2026-06-03T08:41:16Z,3,5800,116000000,0,0
luachonnhadat,sale,luachonnhadat_46771,luachonnhadat_46771,"Bán nhà mặt tiền đường Số 3, P. Tân Tạo, 7.5 x 20m, cấp 4, giá 11 tỷ – vị trí tiềm năng tăng giá.",11000000000,11 Tỷ/căn,150,NA,"Bình Tân, Hồ Chí Minh",Unknown,NA,Bình Tân,NA,Nhà phố,NA,NA,https://luachonnhadat.vn/vnt_upload/product/03_2026/0fdb6b7785961dafeb5aec12f7ef620a.jpg,https://luachonnhadat.vn/nha-dat/ban-nha-mat-tien-duong-so-3-p-tan-tao-7-5-x-20m-cap-4-gia-11-ty-vi-tri-tiem-nang-tang-gia-.html,https://luachonnhadat.vn/nha-dat/ban-nha-mat-tien-duong-so-3-p-tan-tao-7-5-x-20m-cap-4-gia-11-ty-vi-tri-tiem-nang-tang-gia-.html,2026-05-19,2026-06-03T08:41:16Z,3,11000,73333333.33333333,0,0
luachonnhadat,sale,luachonnhadat_50133,luachonnhadat_50133,"Bán nhà hẻm 995 Hồng Bàng, P.12, Q.6, DT 3.7 x 11m, NH 4.8m, 4.5 tấm, giá 8.4 tỷ",8400000000,8.4 Tỷ/căn,40,NA,"Quận 6, Hồ Chí Minh",Unknown,NA,Quận 6,NA,Nhà phố,NA,NA,https://luachonnhadat.vn/vnt_upload/product/05_2026/5fae77c4b86811739b9ec80bf4199fba.jpg,https://luachonnhadat.vn/nha-dat/ban-nha-hem-995-hong-bang-p-12-q-6-dt-3-7-x-11m-nh-4-8m-4-5-tam-gia-8-4-ty.html,https://luachonnhadat.vn/nha-dat/ban-nha-hem-995-hong-bang-p-12-q-6-dt-3-7-x-11m-nh-4-8m-4-5-tam-gia-8-4-ty.html,2026-05-19,2026-06-03T08:41:16Z,3,8400,210000000,0,0
luachonnhadat,sale,luachonnhadat_50125,luachonnhadat_50125,"Bán nhà hẻm 53 đường Số 8B, P. Bình Hưng Hòa A, DT 3 x 5m, 3 tấm, giá 1.95 tỷ.",1950000000,1.95 Tỷ/căn,15,NA,"Bình Tân, Hồ Chí Minh",Unknown,NA,Bình Tân,NA,Nhà phố,NA,NA,https://luachonnhadat.vn/vnt_upload/product/05_2026/b4b461e2a6cb11ed9135040853f9932b.jpg,https://luachonnhadat.vn/nha-dat/ban-nha-hem-53-duong-so-8b-p-binh-hung-hoa-a-dt-3-x-5m-3-tam-gia-1-95-ty-.html,https://luachonnhadat.vn/nha-dat/ban-nha-hem-53-duong-so-8b-p-binh-hung-hoa-a-dt-3-x-5m-3-tam-gia-1-95-ty-.html,2026-05-19,2026-06-03T08:41:16Z,3,1950,130000000,0,0
luachonnhadat,sale,luachonnhadat_50132,luachonnhadat_50132,"Bán nhà MT đường Số 8B, P. Bình Hưng Hoà A, DT 2.5 x 8m, 1 lầu, giá 2.75 tỷ",2750000000,2.75 Tỷ/căn,20,NA,"Bình Tân, Hồ Chí Minh",Unknown,NA,Bình Tân,NA,Nhà phố,NA,NA,https://luachonnhadat.vn/vnt_upload/product/05_2026/564363f0cf5073d893d25cc22de58a6a.jpg,https://luachonnhadat.vn/nha-dat/ban-nha-mt-duong-so-8b-p-binh-hung-hoa-a-dt-2-5-x-8m-1-lau-gia-2-75-ty.html,https://luachonnhadat.vn/nha-dat/ban-nha-mt-duong-so-8b-p-binh-hung-hoa-a-dt-2-5-x-8m-1-lau-gia-2-75-ty.html,2026-05-18,2026-06-03T08:41:16Z,3,2750,137500000,0,0
luachonnhadat,sale,luachonnhadat_50131,luachonnhadat_50131,"Bán nhà trọ góc 3MT đường Vườn Lài, P. Phú Thọ Hoà, DT 5 x 30m, 5 tấm, có 17 phòng, giá 19 tỷ",19000000000,19 Tỷ/căn,157,NA,"Tân Phú, Hồ Chí Minh",Unknown,NA,Tân Phú,NA,Phòng cho thuê,NA,NA,https://luachonnhadat.vn/vnt_upload/product/05_2026/e619db03e90db60f2298d6c1819f287c.jpg,https://luachonnhadat.vn/nha-dat/ban-nha-tro-goc-3mt-duong-vuon-lai-p-phu-tho-hoa-dt-5-x-30m-5-tam-co-17-phong-gia-19-ty.html,https://luachonnhadat.vn/nha-dat/ban-nha-tro-goc-3mt-duong-vuon-lai-p-phu-tho-hoa-dt-5-x-30m-5-tam-co-17-phong-gia-19-ty.html,2026-05-18,2026-06-03T08:41:16Z,3,19000,121019108.28025478,0,0
luachonnhadat,sale,luachonnhadat_50130,luachonnhadat_50130,"Bán nhà hẻm số 6 Nguyễn Quang Diêu, P. Tân Quý, DT 4.1 x 4.1m, 3.5 tấm, giá 3.15 tỷ",3150000000,3.15 Tỷ/căn,16,NA,"Tân Phú, Hồ Chí Minh",Unknown,NA,Tân Phú,NA,Nhà phố,NA,NA,https://luachonnhadat.vn/vnt_upload/product/05_2026/b31e5e33fcc929225cc3be2ba520631f.jpg,https://luachonnhadat.vn/nha-dat/ban-nha-hem-so-6-nguyen-quang-dieu-p-tan-quy-dt-4-1-x-4-1m-3-5-tam-gia-3-15-ty.html,https://luachonnhadat.vn/nha-dat/ban-nha-hem-so-6-nguyen-quang-dieu-p-tan-quy-dt-4-1-x-4-1m-3-5-tam-gia-3-15-ty.html,2026-05-18,2026-06-03T08:41:16Z,3,3150,196875000,0,0
luachonnhadat,sale,luachonnhadat_50129,luachonnhadat_50129,"Bán nhà hẻm 507 Hương Lộ 3, P. Bình Hưng Hòa, DT 4 x 8m, 2.5 tấm, giá 3.75 tỷ",3750000000,3.75 Tỷ/căn,32,NA,"Bình Tân, Hồ Chí Minh",Unknown,NA,Bình Tân,NA,Nhà phố,NA,NA,https://luachonnhadat.vn/vnt_upload/product/05_2026/68077dfbbfd19e02488f2c67e5ccc829.jpg,https://luachonnhadat.vn/nha-dat/ban-nha-hem-507-huong-lo-3-p-binh-hung-hoa-dt-4-x-8m-2-5-tam-gia-3-75-ty.html,https://luachonnhadat.vn/nha-dat/ban-nha-hem-507-huong-lo-3-p-binh-hung-hoa-dt-4-x-8m-2-5-tam-gia-3-75-ty.html,2026-05-18,2026-06-03T08:41:16Z,3,3750,117187500,0,0
luachonnhadat,sale,luachonnhadat_50128,luachonnhadat_50128,"Bán nhà hẻm số 5 đường Lô Tư, P. Bình Hưng Hoà A, DT 4 x 14m, 1 lầu, giá 5.79 tỷ",5790000000,5.79 Tỷ/căn,56,NA,"Bình Tân, Hồ Chí Minh",Unknown,NA,Bình Tân,NA,Nhà phố,NA,NA,https://luachonnhadat.vn/vnt_upload/product/05_2026/5657824e2155a9be7278897601fecf75.jpg,https://luachonnhadat.vn/nha-dat/ban-nha-hem-so-5-duong-lo-tu-p-binh-hung-hoa-a-dt-4-x-14m-1-lau-gia-5-79-ty.html,https://luachonnhadat.vn/nha-dat/ban-nha-hem-so-5-duong-lo-tu-p-binh-hung-hoa-a-dt-4-x-14m-1-lau-gia-5-79-ty.html,2026-05-18,2026-06-03T08:41:16Z,3,5790,103392857.14285716,0,0
luachonnhadat,sale,luachonnhadat_50119,luachonnhadat_50119,"✳ BÁN ĐẤT HẺM 704 TÊN LỬA, P. BÌNH TRỊ ĐÔNG B, 570M2, GIÁ 40 TỶ.",40000000000,40 Tỷ/nền,570,NA,"Bình Tân, Hồ Chí Minh",Unknown,NA,Bình Tân,NA,Đất,NA,NA,https://luachonnhadat.vn/vnt_upload/product/05_2026/396ca635b61253f0d68659c992b65535.jpeg,https://luachonnhadat.vn/nha-dat/-ban-dat-hem-704-ten-lua-p-binh-tri-dong-b-570m2-gia-40-ty-.html,https://luachonnhadat.vn/nha-dat/-ban-dat-hem-704-ten-lua-p-binh-tri-dong-b-570m2-gia-40-ty-.html,2026-05-18,2026-06-03T08:41:16Z,3,40000,70175438.59649123,0,0
luachonnhadat,sale,luachonnhadat_49852,luachonnhadat_49852,"Bán đất MT đường Trương Phước Phan, P. Bình Trị Đông, 5 x 16.5m, 8 tỷ",8000000000,8 Tỷ/nền,82,NA,"Bình Tân, Hồ Chí Minh",Unknown,NA,Bình Tân,NA,Đất,NA,NA,https://luachonnhadat.vn/vnt_upload/product/04_2026/c28bb97996df23eb00b8e0daed371f1d.jpeg,https://luachonnhadat.vn/nha-dat/ban-dat-mt-duong-truong-phuoc-phan-p-binh-tri-dong-5-x-16-5m-8-ty.html,https://luachonnhadat.vn/nha-dat/ban-dat-mt-duong-truong-phuoc-phan-p-binh-tri-dong-5-x-16-5m-8-ty.html,2026-05-18,2026-06-03T08:41:16Z,3,8000,97560975.6097561,0,0
luachonnhadat,sale,luachonnhadat_50127,luachonnhadat_50127,"Bán nhà hẻm 72 Miếu Gò Xoài, P. Bình Hưng Hòa A, DT 4 x 12.5m, 3.5 tấm, giá 6.7 tỷ",6700000000,6.7 Tỷ/căn,50,NA,"Bình Tân, Hồ Chí Minh",Unknown,NA,Bình Tân,NA,Nhà phố,NA,NA,https://luachonnhadat.vn/vnt_upload/product/05_2026/ec204c1b99efb83f2baa4a1f60433517.jpg,https://luachonnhadat.vn/nha-dat/ban-nha-hem-72-mieu-go-xoai-p-binh-hung-hoa-a-dt-4-x-12-5m-3-5-tam-gia-6-7-ty.html,https://luachonnhadat.vn/nha-dat/ban-nha-hem-72-mieu-go-xoai-p-binh-hung-hoa-a-dt-4-x-12-5m-3-5-tam-gia-6-7-ty.html,2026-05-18,2026-06-03T08:41:16Z,3,6700,134000000,0,0
luachonnhadat,sale,luachonnhadat_49343,luachonnhadat_49343,"Bán nhà hẻm 97 Kinh Dương Vương, P.12, Q.6 DT 3.1 x 9.75m, 1 lầu, giá 5.75 tỷ",5750000000,5.75 Tỷ/căn,30,NA,"Quận 6, Hồ Chí Minh",Unknown,NA,Quận 6,NA,Nhà phố,NA,NA,https://luachonnhadat.vn/vnt_upload/product/12_2025/41833992095e29aa0f50891d599d5cd4.jpg,https://luachonnhadat.vn/nha-dat/ban-nha-hem-97-kinh-duong-vuong-p-12-q-6-dt-3-1-x-9-75m-1-lau-gia-5-75-ty.html,https://luachonnhadat.vn/nha-dat/ban-nha-hem-97-kinh-duong-vuong-p-12-q-6-dt-3-1-x-9-75m-1-lau-gia-5-75-ty.html,2026-05-18,2026-06-03T08:41:16Z,3,5750,191666666.66666663,0,0
luachonnhadat,sale,luachonnhadat_45747,luachonnhadat_45747,"Bán nhà hẻm 703 Tỉnh Lộ 10, P. Bình Trị Đông B, DT 4 x 25m, cấp 4, giá 9 tỷ",9000000000,9 Tỷ/căn,100,NA,"Bình Tân, Hồ Chí Minh",Unknown,NA,Bình Tân,NA,Nhà phố,NA,NA,https://luachonnhadat.vn/vnt_upload/product/03_2023/742.jpg,https://luachonnhadat.vn/nha-dat/ban-nha-hem-703-tinh-lo-10-p-binh-tri-dong-b-dt-4-x-25m-cap-4-gia-9-ty.html,https://luachonnhadat.vn/nha-dat/ban-nha-hem-703-tinh-lo-10-p-binh-tri-dong-b-dt-4-x-25m-cap-4-gia-9-ty.html,2026-05-18,2026-06-03T08:41:16Z,3,9000,90000000,0,0
luachonnhadat,sale,luachonnhadat_48512,luachonnhadat_48512,"Bán đất góc 2MT đường Số 53A, P. Tân Tạo, 5 x 20m, giá 10.8 tỷ",10800000000,10.8 Tỷ/nền,100,NA,"Bình Tân, Hồ Chí Minh",Unknown,NA,Bình Tân,NA,Đất,NA,NA,https://luachonnhadat.vn/vnt_upload/product/07_2025/30525dcfdc0345f5d95a7f610addccc2.jpg,https://luachonnhadat.vn/nha-dat/ban-dat-goc-2mt-duong-so-53a-p-tan-tao-5-x-20m-gia-10-8-ty.html,https://luachonnhadat.vn/nha-dat/ban-dat-goc-2mt-duong-so-53a-p-tan-tao-5-x-20m-gia-10-8-ty.html,2026-05-18,2026-06-03T08:41:16Z,3,10800,108000000,0,0
luachonnhadat,sale,luachonnhadat_42362,luachonnhadat_42362,"Bán nhà hẻm 131 Kinh Dương Vương, P.12, Q.6, DT 8 x 20.5m, 4 tấm, giá 15.5 tỷ",15500000000,15.5 Tỷ/căn,163,NA,"Quận 6, Hồ Chí Minh",Unknown,NA,Quận 6,NA,Nhà phố,NA,NA,https://luachonnhadat.vn/vnt_upload/product/02_2021/288.jpg,https://luachonnhadat.vn/nha-dat/ban-nha-hem-131-kinh-duong-vuong-p-12-q-6-dt-8-x-20-5m-4-tam-gia-15-5-ty.html,https://luachonnhadat.vn/nha-dat/ban-nha-hem-131-kinh-duong-vuong-p-12-q-6-dt-8-x-20-5m-4-tam-gia-15-5-ty.html,2026-05-18,2026-06-03T08:41:16Z,3,15500,95092024.5398773,0,0
luachonnhadat,sale,luachonnhadat_49702,luachonnhadat_49702,BÁN NHÀ HẺM 532 KINH DƯƠNG VƯƠNG - KINH DOANH SẦM UẤT - MẶT TIỀN ĐƯỜNG 20M | 9.5 TỶ,9500000000,9.5 Tỷ/căn,78,NA,"Bình Tân, Hồ Chí Minh",Unknown,NA,Bình Tân,NA,Nhà phố,NA,NA,https://luachonnhadat.vn/vnt_upload/product/04_2026/d93238dcbdcab799cb8b5791ab62dc28.jpg,https://luachonnhadat.vn/nha-dat/ban-nha-hem-532-kinh-duong-vuong-kinh-doanh-sam-uat-mat-tien-duong-20m-9-5-ty.html,https://luachonnhadat.vn/nha-dat/ban-nha-hem-532-kinh-duong-vuong-kinh-doanh-sam-uat-mat-tien-duong-20m-9-5-ty.html,2026-05-18,2026-06-03T08:41:16Z,3,9500,121794871.7948718,0,0
luachonnhadat,sale,luachonnhadat_42879,luachonnhadat_42879,"BÁN NHÀ KHU TÊN LỬA, MT VIP VÀNH ĐAI TRONG, 12 X 25M, 65 TỶ. KD SẦM UẤT.",65000000000,65 Tỷ/căn,300,NA,"Bình Tân, Hồ Chí Minh",Unknown,NA,Bình Tân,NA,Nhà phố,NA,NA,https://luachonnhadat.vn/vnt_upload/product/05_2026/1dd90f1bb5cf6671be0938d8fdf252b0.jpeg,https://luachonnhadat.vn/nha-dat/ban-nha-khu-ten-lua-mt-vip-vanh-dai-trong-12-x-25m-65-ty-kd-sam-uat-.html,https://luachonnhadat.vn/nha-dat/ban-nha-khu-ten-lua-mt-vip-vanh-dai-trong-12-x-25m-65-ty-kd-sam-uat-.html,2026-05-18,2026-06-03T08:41:16Z,3,65000,216666666.66666663,0,0
luachonnhadat,sale,luachonnhadat_43963,luachonnhadat_43963,"Bán nhà khu Tên Lửa, MT đường Số 7, DT 6 x 23m, 1 lầu, giá 28 tỷ.",28000000000,28 Tỷ/căn,138,NA,"Bình Tân, Hồ Chí Minh",Unknown,NA,Bình Tân,NA,Nhà phố,NA,NA,https://luachonnhadat.vn/vnt_upload/product/04_2022/222_2.jpg,https://luachonnhadat.vn/nha-dat/ban-nha-khu-ten-lua-mt-duong-so-7-dt-6-x-23m-1-lau-gia-28-ty-.html,https://luachonnhadat.vn/nha-dat/ban-nha-khu-ten-lua-mt-duong-so-7-dt-6-x-23m-1-lau-gia-28-ty-.html,2026-05-18,2026-06-03T08:41:16Z,3,28000,202898550.7246377,0,0
luachonnhadat,sale,luachonnhadat_50121,luachonnhadat_50121,"Bán nhà khu Bình Phú, MT đường Số 61, DT 4 x 16m, 3.5 tấm, giá 11 tỷ",11000000000,11 Tỷ/căn,64,NA,"Quận 6, Hồ Chí Minh",Unknown,NA,Quận 6,NA,Nhà phố,NA,NA,https://luachonnhadat.vn/vnt_upload/product/05_2026/3de28826211de9b6e5c150f29d1c22b2.jpg,https://luachonnhadat.vn/nha-dat/ban-nha-khu-binh-phu-mt-duong-so-61-dt-4-x-16m-3-5-tam-gia-11-ty.html,https://luachonnhadat.vn/nha-dat/ban-nha-khu-binh-phu-mt-duong-so-61-dt-4-x-16m-3-5-tam-gia-11-ty.html,2026-05-18,2026-06-03T08:41:16Z,3,11000,171875000,0,0
luachonnhadat,sale,luachonnhadat_50124,luachonnhadat_50124,"Bán nhà khu Bình Phú, MT đường Số 21, DT 4 x 18m, 3.5 tấm, giá 12 tỷ",12000000000,12 Tỷ/căn,72,NA,"Quận 6, Hồ Chí Minh",Unknown,NA,Quận 6,NA,Nhà phố,NA,NA,https://luachonnhadat.vn/vnt_upload/product/05_2026/7df6d92c000bdbaa43c6eafa2e7d4b48.jpg,https://luachonnhadat.vn/nha-dat/ban-nha-khu-binh-phu-mt-duong-so-21-dt-4-x-18m-3-5-tam-gia-12-ty.html,https://luachonnhadat.vn/nha-dat/ban-nha-khu-binh-phu-mt-duong-so-21-dt-4-x-18m-3-5-tam-gia-12-ty.html,2026-05-18,2026-06-03T08:41:16Z,3,12000,166666666.66666666,0,0
luachonnhadat,sale,luachonnhadat_50123,luachonnhadat_50123,"Bán nhà khu Tên Lửa, MT đường Số 1, DT 4 x 20m, 3.5 tấm, giá 18.3 tỷ.",18300000000,18.3 Tỷ/căn,80,NA,"Bình Tân, Hồ Chí Minh",Unknown,NA,Bình Tân,NA,Nhà phố,NA,NA,https://luachonnhadat.vn/vnt_upload/product/05_2026/537285676a5630fef7b2f6b37ccce3aa.jpg,https://luachonnhadat.vn/nha-dat/ban-nha-khu-ten-lua-mt-duong-so-1-dt-4-x-20m-3-5-tam-gia-18-3-ty-.html,https://luachonnhadat.vn/nha-dat/ban-nha-khu-ten-lua-mt-duong-so-1-dt-4-x-20m-3-5-tam-gia-18-3-ty-.html,2026-05-18,2026-06-03T08:41:16Z,3,18300,228750000,0,0
luachonnhadat,sale,luachonnhadat_50122,luachonnhadat_50122,"Bán nhà hẻm 42 Đình Tân Khai, P. Bình Trị Đông, 4 x 16m, 2 tấm, giá 6.2 tỷ",6200000000,6.2 Tỷ/căn,64,NA,"Bình Tân, Hồ Chí Minh",Unknown,NA,Bình Tân,NA,Nhà phố,NA,NA,https://luachonnhadat.vn/vnt_upload/product/05_2026/5258a22c3bcaf700fa11fea387902e3c.jpg,https://luachonnhadat.vn/nha-dat/ban-nha-hem-42-dinh-tan-khai-p-binh-tri-dong-4-x-16m-2-tam-gia-6-2-ty.html,https://luachonnhadat.vn/nha-dat/ban-nha-hem-42-dinh-tan-khai-p-binh-tri-dong-4-x-16m-2-tam-gia-6-2-ty.html,2026-05-18,2026-06-03T08:41:16Z,3,6200,96875000,0,0
luachonnhadat,sale,luachonnhadat_50120,luachonnhadat_50120,"Bán nhà hẻm 1104 Tỉnh Lộ 10, P. Tân Tạo, 4.75 x 11m, 4.5 tấm, giá 6.85 tỷ.",6850000000,6.85 Tỷ/căn,52,NA,"Bình Tân, Hồ Chí Minh",Unknown,NA,Bình Tân,NA,Nhà phố,NA,NA,https://luachonnhadat.vn/vnt_upload/product/05_2026/582de137d068f73e37bac4cb27199e33.jpg,https://luachonnhadat.vn/nha-dat/ban-nha-hem-1104-tinh-lo-10-p-tan-tao-4-75-x-11m-4-5-tam-gia-6-85-ty-.html,https://luachonnhadat.vn/nha-dat/ban-nha-hem-1104-tinh-lo-10-p-tan-tao-4-75-x-11m-4-5-tam-gia-6-85-ty-.html,2026-05-18,2026-06-03T08:41:16Z,3,6850,131730769.23076925,0,0
luachonnhadat,sale,luachonnhadat_49845,luachonnhadat_49845,"Bán nhà MT đường Ao Đôi, P. Bình Trị Đông A, DT 4.5 x 34m, 2 tấm, giá 14.5 tỷ",14500000000,14.5 Tỷ/căn,153,NA,"Bình Tân, Hồ Chí Minh",Unknown,NA,Bình Tân,NA,Nhà phố,NA,NA,https://luachonnhadat.vn/vnt_upload/product/04_2026/cba07957c2186b994a100035f02f63de.jpg,https://luachonnhadat.vn/nha-dat/ban-nha-mt-duong-ao-doi-p-binh-tri-dong-a-dt-4-5-x-34m-2-tam-gia-14-5-ty.html,https://luachonnhadat.vn/nha-dat/ban-nha-mt-duong-ao-doi-p-binh-tri-dong-a-dt-4-5-x-34m-2-tam-gia-14-5-ty.html,2026-05-16,2026-06-03T08:41:16Z,3,14500,94771241.83006535,0,0
luachonnhadat,sale,luachonnhadat_49724,luachonnhadat_49724,"Bán nhà hẻm ô tô 743 Tỉnh Lộ 10, DT 4 x 21.5m, 2 tấm, giá 7.9 tỷ gần Aeon Mall.",7900000000,7.9 Tỷ/căn,86,NA,"Bình Tân, Hồ Chí Minh",Unknown,NA,Bình Tân,NA,Nhà phố,NA,NA,https://luachonnhadat.vn/vnt_upload/product/03_2026/72161ef2234895defad5b89cdf010b58.jpg,https://luachonnhadat.vn/nha-dat/ban-nha-hem-o-to-743-tinh-lo-10-dt-4-x-21-5m-2-tam-gia-7-9-ty-gan-aeon-mall-.html,https://luachonnhadat.vn/nha-dat/ban-nha-hem-o-to-743-tinh-lo-10-dt-4-x-21-5m-2-tam-gia-7-9-ty-gan-aeon-mall-.html,2026-05-16,2026-06-03T08:41:16Z,3,7900,91860465.11627908,0,0
luachonnhadat,sale,luachonnhadat_49689,luachonnhadat_49689,"Bán nhà góc 2MT đường Tỉnh Lộ 10, P. Tân Tạo A, DT 4.3 x 26m, NH 4.7m, 1 lầu, giá 11.5 tỷ",11500000000,11.5 Tỷ/căn,111,NA,"Bình Tân, Hồ Chí Minh",Unknown,NA,Bình Tân,NA,Nhà phố,NA,NA,https://luachonnhadat.vn/vnt_upload/product/03_2026/b89035d918ea74f4a3ff779b34c1a9e5.jpg,https://luachonnhadat.vn/nha-dat/ban-nha-goc-2mt-duong-tinh-lo-10-p-tan-tao-a-dt-4-3-x-26m-nh-4-7m-1-lau-gia-11-5-ty.html,https://luachonnhadat.vn/nha-dat/ban-nha-goc-2mt-duong-tinh-lo-10-p-tan-tao-a-dt-4-3-x-26m-nh-4-7m-1-lau-gia-11-5-ty.html,2026-05-16,2026-06-03T08:41:16Z,3,11500,103603603.6036036,0,0
luachonnhadat,sale,luachonnhadat_49282,luachonnhadat_49282,"Bán đất hẻm 634 Tên Lửa, P. Bình Trị Đông B, DT 4.7 x 14m, giá 5.79 tỷ",5790000000,5.79 Tỷ/nền,65,NA,"Bình Tân, Hồ Chí Minh",Unknown,NA,Bình Tân,NA,Đất,NA,NA,https://luachonnhadat.vn/vnt_upload/product/12_2025/d173de436bbcda0778fc010bdad27e53.jpg,https://luachonnhadat.vn/nha-dat/ban-dat-hem-634-ten-lua-p-binh-tri-dong-b-dt-4-7-x-14m-gia-5-79-ty.html,https://luachonnhadat.vn/nha-dat/ban-dat-hem-634-ten-lua-p-binh-tri-dong-b-dt-4-7-x-14m-gia-5-79-ty.html,2026-05-16,2026-06-03T08:41:16Z,3,5790,89076923.07692307,0,0
luachonnhadat,sale,luachonnhadat_49580,luachonnhadat_49580,"Bán nhà khu Tên Lửa, góc 2MT đường Số 24, DT 4.5 x 20m, 3.5 tấm, giá 19.2 tỷ.",19200000000,19.2 Tỷ/căn,90,NA,"Bình Tân, Hồ Chí Minh",Unknown,NA,Bình Tân,NA,Nhà phố,NA,NA,https://luachonnhadat.vn/vnt_upload/product/02_2026/b7f4b97e4ca99e4bc4661d0e2830b971.jpg,https://luachonnhadat.vn/nha-dat/ban-nha-khu-ten-lua-goc-2mt-duong-so-24-dt-4-5-x-20m-3-5-tam-gia-19-2-ty-.html,https://luachonnhadat.vn/nha-dat/ban-nha-khu-ten-lua-goc-2mt-duong-so-24-dt-4-5-x-20m-3-5-tam-gia-19-2-ty-.html,2026-05-16,2026-06-03T08:41:16Z,3,19200,213333333.33333337,0,0
luachonnhadat,sale,luachonnhadat_41727,luachonnhadat_41727,"Bán nhà góc 2MT hẻm 184 Lê Đình Cẩn, P. Tân Tạo, 4 x 17m, 4.5 tấm, giá 8.6 tỷ",8600000000,8.6 Tỷ/căn,68,NA,"Bình Tân, Hồ Chí Minh",Unknown,NA,Bình Tân,NA,Nhà phố,NA,NA,https://luachonnhadat.vn/vnt_upload/product/04_2026/4db313a1f172ec9af068bae368055170.png,https://luachonnhadat.vn/nha-dat/ban-nha-goc-2mt-hem-184-le-dinh-can-p-tan-tao-4-x-17m-4-5-tam-gia-8-6-ty.html,https://luachonnhadat.vn/nha-dat/ban-nha-goc-2mt-hem-184-le-dinh-can-p-tan-tao-4-x-17m-4-5-tam-gia-8-6-ty.html,2026-05-16,2026-06-03T08:41:16Z,3,8600,126470588.23529412,0,0
luachonnhadat,sale,luachonnhadat_49230,luachonnhadat_49230,"✅ BÁN NHÀ HẺM 820 HẬU GIANG, QUẬN 6, DT 5.4 x 11.5m, 3 TẤM, GIÁ 7.4 TỶ",7400000000,7.4 Tỷ/căn,61,NA,"Quận 6, Hồ Chí Minh",Unknown,NA,Quận 6,NA,Nhà phố,NA,NA,https://luachonnhadat.vn/vnt_upload/product/05_2026/61bca894d8efc3a7c3e7bfa45014b7e5.jpg,https://luachonnhadat.vn/nha-dat/-ban-nha-hem-820-hau-giang-quan-6-dt-5-4-x-11-5m-3-tam-gia-7-4-ty.html,https://luachonnhadat.vn/nha-dat/-ban-nha-hem-820-hau-giang-quan-6-dt-5-4-x-11-5m-3-tam-gia-7-4-ty.html,2026-05-15,2026-06-03T08:41:16Z,3,7400,121311475.40983608,0,0
luachonnhadat,sale,luachonnhadat_44373,luachonnhadat_44373,"✅ CHÍNH CHỦ BÁN NHÀ KHU BÌNH PHÚ, MT ĐƯỜNG SỐ 22, DT 4 X 19M, 3.5 TẤM, 13.5 TỶ.",13500000000,13.5 Tỷ/căn,76,NA,"Quận 6, Hồ Chí Minh",Unknown,NA,Quận 6,NA,Nhà phố,NA,NA,https://luachonnhadat.vn/vnt_upload/product/05_2026/813bad4e8b22d33e3c86e0dcc8a72313.jpg,https://luachonnhadat.vn/nha-dat/-chinh-chu-ban-nha-khu-binh-phu-mt-duong-so-22-dt-4-x-19m-3-5-tam-13-5-ty-.html,https://luachonnhadat.vn/nha-dat/-chinh-chu-ban-nha-khu-binh-phu-mt-duong-so-22-dt-4-x-19m-3-5-tam-13-5-ty-.html,2026-05-15,2026-06-03T08:41:16Z,3,13500,177631578.9473684,0,0
luachonnhadat,sale,luachonnhadat_48549,luachonnhadat_48549,"Bán nhà khu Bình Phú, MT đường Số 66, DT 4 x 10m, 2 tấm, giá 6.5 tỷ. đối diện công viên",6500000000,6.5 Tỷ/căn,40,NA,"Quận 6, Hồ Chí Minh",Unknown,NA,Quận 6,NA,Nhà phố,NA,NA,https://luachonnhadat.vn/vnt_upload/product/07_2025/8fb2240438b13702458e49c313eccf8f.jpg,https://luachonnhadat.vn/nha-dat/ban-nha-khu-binh-phu-mt-duong-so-66-dt-4-x-10m-2-tam-gia-6-5-ty-doi-dien-cong-vien.html,https://luachonnhadat.vn/nha-dat/ban-nha-khu-binh-phu-mt-duong-so-66-dt-4-x-10m-2-tam-gia-6-5-ty-doi-dien-cong-vien.html,2026-05-15,2026-06-03T08:41:16Z,3,6500,162500000,0,0
luachonnhadat,sale,luachonnhadat_44739,luachonnhadat_44739,"BÁN NHÀ 2MT CƯ XÁ PHÚ LÂM B, PHƯỜNG 13, DT 4 X 13.5M, 4 TẤM, 7.5 TỶ.",7500000000,7.5 Tỷ/căn,53,NA,"Quận 6, Hồ Chí Minh",Unknown,NA,Quận 6,NA,Nhà phố,NA,NA,https://luachonnhadat.vn/vnt_upload/product/05_2026/edc089d6d458fd54a765a8d72c91a3dd.jpg,https://luachonnhadat.vn/nha-dat/ban-nha-2mt-cu-xa-phu-lam-b-phuong-13-dt-4-x-13-5m-4-tam-7-5-ty-.html,https://luachonnhadat.vn/nha-dat/ban-nha-2mt-cu-xa-phu-lam-b-phuong-13-dt-4-x-13-5m-4-tam-7-5-ty-.html,2026-05-15,2026-06-03T08:41:16Z,3,7500,141509433.96226415,0,0
luachonnhadat,sale,luachonnhadat_49060,luachonnhadat_49060,"Bán nhà MT lô L đường Cư Xá Phú Lâm D, P.10, Q.6, DT 3.5 x 12m, 4 tấm, giá 8.4 tỷ",8400000000,8.4 Tỷ/căn,42,NA,"Quận 6, Hồ Chí Minh",Unknown,NA,Quận 6,NA,Nhà phố,NA,NA,https://luachonnhadat.vn/vnt_upload/product/05_2026/d253d4d60435942ebb0cd591e92d3240.jpg,https://luachonnhadat.vn/nha-dat/ban-nha-mt-lo-l-duong-cu-xa-phu-lam-d-p-10-q-6-dt-3-5-x-12m-4-tam-gia-8-4-ty.html,https://luachonnhadat.vn/nha-dat/ban-nha-mt-lo-l-duong-cu-xa-phu-lam-d-p-10-q-6-dt-3-5-x-12m-4-tam-gia-8-4-ty.html,2026-05-15,2026-06-03T08:41:16Z,3,8400,200000000,0,0
luachonnhadat,sale,luachonnhadat_44862,luachonnhadat_44862,"BÁN NHÀ CHÍNH CHỦ, HẺM XE HƠI 637 TỈNH LỘ 10, DT 5.6 X 16M, CẤP 4, GIÁ 5.8 TỶ.",5800000000,5.8 Tỷ/căn,103,NA,"Bình Tân, Hồ Chí Minh",Unknown,NA,Bình Tân,NA,Nhà phố,NA,NA,https://luachonnhadat.vn/vnt_upload/product/05_2026/c3be7beaad716ae0e99b1c1f995834fe.jpg,https://luachonnhadat.vn/nha-dat/ban-nha-chinh-chu-hem-xe-hoi-637-tinh-lo-10-dt-5-6-x-16m-cap-4-gia-5-8-ty-.html,https://luachonnhadat.vn/nha-dat/ban-nha-chinh-chu-hem-xe-hoi-637-tinh-lo-10-dt-5-6-x-16m-cap-4-gia-5-8-ty-.html,2026-05-15,2026-06-03T08:41:16Z,3,5800,56310679.61165048,0,0
luachonnhadat,sale,luachonnhadat_40504,luachonnhadat_40504,"CHÍNH CHỦ BÁN ĐẤT KHU TÊN LỬA, MT ĐƯỜNG SỐ 21, DT 4.5 X 20M, 10.5 TỶ | GẦN CÔNG VIÊN",10500000000,10.5 Tỷ/nền,90,NA,"Bình Tân, Hồ Chí Minh",Unknown,NA,Bình Tân,NA,Đất,NA,NA,https://luachonnhadat.vn/vnt_upload/product/04_2026/6d5bbbfb233622919cd6ac368bf82c3d.jpeg,https://luachonnhadat.vn/nha-dat/chinh-chu-ban-dat-khu-ten-lua-mt-duong-so-21-dt-4-5-x-20m-10-5-ty-gan-cong-vien.html,https://luachonnhadat.vn/nha-dat/chinh-chu-ban-dat-khu-ten-lua-mt-duong-so-21-dt-4-5-x-20m-10-5-ty-gan-cong-vien.html,2026-05-15,2026-06-03T08:41:16Z,3,10500,116666666.66666669,0,0
luachonnhadat,sale,luachonnhadat_47151,luachonnhadat_47151,"BÁN ĐẤT KHU AO SEN TÊN LỬA, NT ĐƯỜNG SỐ 17B, 5 X 20M, 13 TỶ, GẦN AEON MALL.",13000000000,13 Tỷ/nền,100,NA,"Bình Tân, Hồ Chí Minh",Unknown,NA,Bình Tân,NA,Đất,NA,NA,https://luachonnhadat.vn/vnt_upload/product/04_2026/3292a211bcec9d14ab7e31fa3c0a76b1.jpeg,https://luachonnhadat.vn/nha-dat/ban-dat-khu-ao-sen-ten-lua-nt-duong-so-17b-5-x-20m-13-ty-gan-aeon-mall-.html,https://luachonnhadat.vn/nha-dat/ban-dat-khu-ao-sen-ten-lua-nt-duong-so-17b-5-x-20m-13-ty-gan-aeon-mall-.html,2026-05-15,2026-06-03T08:41:16Z,3,13000,130000000,0,0
luachonnhadat,sale,luachonnhadat_50079,luachonnhadat_50079,"Bán nhà hẻm 338 Chiến Lược, P. Bình Trị Đông A, 3 x 8m, 3 tấm, giá 3.65 tỷ",3650000000,3.65 Tỷ/căn,24,NA,"Bình Tân, Hồ Chí Minh",Unknown,NA,Bình Tân,NA,Nhà phố,NA,NA,https://luachonnhadat.vn/vnt_upload/product/05_2026/3820974bcd4139c44a397e3451920426.jpg,https://luachonnhadat.vn/nha-dat/ban-nha-hem-338-chien-luoc-p-binh-tri-dong-a-3-x-8m-3-tam-gia-3-65-ty.html,https://luachonnhadat.vn/nha-dat/ban-nha-hem-338-chien-luoc-p-binh-tri-dong-a-3-x-8m-3-tam-gia-3-65-ty.html,2026-05-15,2026-06-03T08:41:16Z,3,3650,152083333.33333334,0,0
luachonnhadat,sale,luachonnhadat_50115,luachonnhadat_50115,"Bán nhà khu Bình Phú, MT đường Số 22, DT 4 x 20m, 3.5 tấm, giá 17 tỷ",17000000000,17 Tỷ/căn,80,NA,"Quận 6, Hồ Chí Minh",Unknown,NA,Quận 6,NA,Nhà phố,NA,NA,https://luachonnhadat.vn/vnt_upload/product/05_2026/eb4ea4864b571b6780813eac3a43882f.jpg,https://luachonnhadat.vn/nha-dat/ban-nha-khu-binh-phu-mt-duong-so-22-dt-4-x-20m-3-5-tam-gia-17-ty.html,https://luachonnhadat.vn/nha-dat/ban-nha-khu-binh-phu-mt-duong-so-22-dt-4-x-20m-3-5-tam-gia-17-ty.html,2026-05-15,2026-06-03T08:41:16Z,3,17000,212500000,0,0
luachonnhadat,sale,luachonnhadat_50043,luachonnhadat_50043,"Bán nhà hẻm 81 Bùi Tư Toàn, P. An Lạc, DT 3 x 21m, 1 lầu, giá 5.05 tỷ",5050000000,5.05 Tỷ/căn,63,NA,"Bình Tân, Hồ Chí Minh",Unknown,NA,Bình Tân,NA,Nhà phố,NA,NA,https://luachonnhadat.vn/vnt_upload/product/05_2026/603e80ef7c4a9fe6614bdb188235808a.jpg,https://luachonnhadat.vn/nha-dat/ban-nha-hem-81-bui-tu-toan-p-an-lac-dt-3-x-21m-1-lau-gia-5-05-ty.html,https://luachonnhadat.vn/nha-dat/ban-nha-hem-81-bui-tu-toan-p-an-lac-dt-3-x-21m-1-lau-gia-5-05-ty.html,2026-05-15,2026-06-03T08:41:16Z,3,5050,80158730.15873016,0,0
luachonnhadat,sale,luachonnhadat_40582,luachonnhadat_40582,"Bán nhà MT đường Tỉnh Lộ 10, P. Tân Tạo, 4.5 x 27m, cấp 4, giá 12.5 tỷ",12500000000,12.5 Tỷ/căn,121,NA,"Bình Tân, Hồ Chí Minh",Unknown,NA,Bình Tân,NA,Nhà phố,NA,NA,https://luachonnhadat.vn/vnt_upload/product/04_2024/TL_10_BT_QUA_QL1A.jpg.jpg,https://luachonnhadat.vn/nha-dat/ban-nha-mt-duong-tinh-lo-10-p-tan-tao-4-5-x-27m-cap-4-gia-12-5-ty.html,https://luachonnhadat.vn/nha-dat/ban-nha-mt-duong-tinh-lo-10-p-tan-tao-4-5-x-27m-cap-4-gia-12-5-ty.html,2026-05-15,2026-06-03T08:41:16Z,3,12500,103305785.12396696,0,0
luachonnhadat,sale,luachonnhadat_39921,luachonnhadat_39921,"Bán nhà khu Tên Lửa Aeon Mall, MT đường Số 5, DT 5 x 20m, 4 tấm, giá 19 tỷ.",19000000000,19 Tỷ/căn,100,NA,"Bình Tân, Hồ Chí Minh",Unknown,NA,Bình Tân,NA,Nhà phố,NA,NA,https://luachonnhadat.vn/vnt_upload/product/04_2026/0f2ce8a3745b514ba76daef8d83493e6.jpeg,https://luachonnhadat.vn/nha-dat/ban-nha-khu-ten-lua-aeon-mall-mt-duong-so-5-dt-5-x-20m-4-tam-gia-19-ty-.html,https://luachonnhadat.vn/nha-dat/ban-nha-khu-ten-lua-aeon-mall-mt-duong-so-5-dt-5-x-20m-4-tam-gia-19-ty-.html,2026-05-15,2026-06-03T08:41:16Z,3,19000,190000000,0,0
luachonnhadat,sale,luachonnhadat_50114,luachonnhadat_50114,"Bán nhà MT lô i đường Nguyễn Thức Đường, P. An Lạc A, DT 4 x 16m, 2.5 tấm, giá 10.5 tỷ",10500000000,10.5 Tỷ/căn,64,NA,"Bình Tân, Hồ Chí Minh",Unknown,NA,Bình Tân,NA,Nhà phố,NA,NA,https://luachonnhadat.vn/vnt_upload/product/05_2026/347356c59fdbee5fd20a33e0023ad148.jpg,https://luachonnhadat.vn/nha-dat/ban-nha-mt-lo-i-duong-nguyen-thuc-duong-p-an-lac-a-dt-4-x-16m-2-5-tam-gia-10-5-ty.html,https://luachonnhadat.vn/nha-dat/ban-nha-mt-lo-i-duong-nguyen-thuc-duong-p-an-lac-a-dt-4-x-16m-2-5-tam-gia-10-5-ty.html,2026-05-15,2026-06-03T08:41:16Z,3,10500,164062500,0,0
luachonnhadat,sale,luachonnhadat_42479,luachonnhadat_42479,"Bán nhà MT đường Nguyễn Trọng Trí, P. An Lạc A, 5.5 x 10m, 2 tấm, giá 8.5 tỷ",8500000000,8.5 Tỷ/căn,55,NA,"Bình Tân, Hồ Chí Minh",Unknown,NA,Bình Tân,NA,Nhà phố,NA,NA,https://luachonnhadat.vn/vnt_upload/product/01_2026/721f908ca32f530c5cc7c210b1f8f143.jpg,https://luachonnhadat.vn/nha-dat/ban-nha-mt-duong-nguyen-trong-tri-p-an-lac-a-5-5-x-10m-2-tam-gia-8-5-ty.html,https://luachonnhadat.vn/nha-dat/ban-nha-mt-duong-nguyen-trong-tri-p-an-lac-a-5-5-x-10m-2-tam-gia-8-5-ty.html,2026-05-15,2026-06-03T08:41:16Z,3,8500,154545454.54545453,0,0
luachonnhadat,sale,luachonnhadat_42577,luachonnhadat_42577,"Bán nhà khu Tên Lửa Pouyuen, MT đường Trần Văn Giàu, DT 5 x 16m, 4 tấm, giá 11 tỷ.",11000000000,11 Tỷ/căn,80,NA,"Bình Tân, Hồ Chí Minh",Unknown,NA,Bình Tân,NA,Nhà phố,NA,NA,https://luachonnhadat.vn/vnt_upload/product/03_2021/264.jpg,https://luachonnhadat.vn/nha-dat/ban-nha-khu-ten-lua-pouyuen-mt-duong-tran-van-giau-dt-5-x-16m-4-tam-gia-11-ty-.html,https://luachonnhadat.vn/nha-dat/ban-nha-khu-ten-lua-pouyuen-mt-duong-tran-van-giau-dt-5-x-16m-4-tam-gia-11-ty-.html,2026-05-15,2026-06-03T08:41:16Z,3,11000,137500000,0,0
luachonnhadat,sale,luachonnhadat_40573,luachonnhadat_40573,"Bán nhà MT đường Chiến Lược, P. Bình Trị Đông A, 4 x 25m, cấp 4, giá 8.2 tỷ",8199999999.999999,8.2 Tỷ/căn,100,NA,"Bình Tân, Hồ Chí Minh",Unknown,NA,Bình Tân,NA,Nhà phố,NA,NA,https://luachonnhadat.vn/vnt_upload/product/12_2024/e46ea9de568c003b7cdd50bd3d30f2cf.jpg,https://luachonnhadat.vn/nha-dat/ban-nha-mt-duong-chien-luoc-p-binh-tri-dong-a-4-x-25m-cap-4-gia-8-2-ty.html,https://luachonnhadat.vn/nha-dat/ban-nha-mt-duong-chien-luoc-p-binh-tri-dong-a-4-x-25m-cap-4-gia-8-2-ty.html,2026-05-15,2026-06-03T08:41:16Z,3,8199.999999999998,81999999.99999999,0,0
luachonnhadat,sale,luachonnhadat_49779,luachonnhadat_49779,"Bán dãy nhà trọ MT đường Đất Mới, P. Bình Trị Đông A, DT 9.7 x 18m, NH 11.5m, cấp 4, giá 13.5 tỷ",13500000000,13.5 Tỷ/căn,174,NA,"Bình Tân, Hồ Chí Minh",Unknown,NA,Bình Tân,NA,Đất,NA,NA,https://luachonnhadat.vn/vnt_upload/product/03_2026/98d786f541a62b9519ab50d015a5bad1.jpg,https://luachonnhadat.vn/nha-dat/ban-day-nha-tro-mt-duong-dat-moi-p-binh-tri-dong-a-dt-9-7-x-18m-nh-11-5m-cap-4-gia-13-5-ty.html,https://luachonnhadat.vn/nha-dat/ban-day-nha-tro-mt-duong-dat-moi-p-binh-tri-dong-a-dt-9-7-x-18m-nh-11-5m-cap-4-gia-13-5-ty.html,2026-05-14,2026-06-03T08:41:16Z,3,13500,77586206.89655173,0,0
luachonnhadat,sale,luachonnhadat_38375,luachonnhadat_38375,"Bán nhà góc 2MT hẻm 363 Đất Mới, P. Bình Trị Đông A, 5 x 20m, 3.5 tấm, giá 11.3 tỷ",11300000000,11.3 Tỷ/căn,100,NA,"Bình Tân, Hồ Chí Minh",Unknown,NA,Bình Tân,NA,Đất,NA,NA,https://luachonnhadat.vn/vnt_upload/product/03_2023/6_4.jpg,https://luachonnhadat.vn/nha-dat/ban-nha-goc-2mt-hem-363-dat-moi-p-binh-tri-dong-a-5-x-20m-3-5-tam-gia-11-3-ty.html,https://luachonnhadat.vn/nha-dat/ban-nha-goc-2mt-hem-363-dat-moi-p-binh-tri-dong-a-5-x-20m-3-5-tam-gia-11-3-ty.html,2026-05-14,2026-06-03T08:41:16Z,3,11300,113000000,0,0
luachonnhadat,sale,luachonnhadat_42278,luachonnhadat_42278,"Bán nhà hẻm 36 đường Số 4, P. An Lạc A, 3.4 x 10.8m, 2 tấm, giá 6 tỷ",6000000000,6 Tỷ/căn,36,NA,"Bình Tân, Hồ Chí Minh",Unknown,NA,Bình Tân,NA,Nhà phố,NA,NA,https://luachonnhadat.vn/vnt_upload/product/05_2026/88200d27e380493f453caa1b65c48fb0.jpg,https://luachonnhadat.vn/nha-dat/ban-nha-hem-36-duong-so-4-p-an-lac-a-3-4-x-10-8m-2-tam-gia-6-ty.html,https://luachonnhadat.vn/nha-dat/ban-nha-hem-36-duong-so-4-p-an-lac-a-3-4-x-10-8m-2-tam-gia-6-ty.html,2026-05-14,2026-06-03T08:41:16Z,3,6000,166666666.66666666,0,0
luachonnhadat,sale,luachonnhadat_49928,luachonnhadat_49928,"Bán nhà khu Tên Lửa, MT đường Số 1A, DT 4 x 21m, 2 tấm, giá 9.9 tỷ.",9900000000,9.9 Tỷ/căn,84,NA,"Bình Tân, Hồ Chí Minh",Unknown,NA,Bình Tân,NA,Nhà phố,NA,NA,https://luachonnhadat.vn/vnt_upload/product/04_2026/3ba68302e23a33761e7651820f7a0f91.jpg,https://luachonnhadat.vn/nha-dat/ban-nha-khu-ten-lua-mt-duong-so-1a-dt-4-x-21m-2-tam-gia-9-9-ty-.html,https://luachonnhadat.vn/nha-dat/ban-nha-khu-ten-lua-mt-duong-so-1a-dt-4-x-21m-2-tam-gia-9-9-ty-.html,2026-05-14,2026-06-03T08:41:16Z,3,9900,117857142.85714284,0,0
luachonnhadat,sale,luachonnhadat_50110,luachonnhadat_50110,"Bán nhà hẻm 42 đường 702 Hồng Bàng, P.1, Q.11, DT 3.35 x 4.35m, 2.5 tấm, giá 2.88 tỷ",2880000000,2.88 Tỷ/căn,14,NA,"Quận 11, Hồ Chí Minh",Unknown,NA,Quận 11,NA,Nhà phố,NA,NA,https://luachonnhadat.vn/vnt_upload/product/05_2026/e73385e8f8f0e11e79d6717ed8d5da2e.jpg,https://luachonnhadat.vn/nha-dat/ban-nha-hem-42-duong-702-hong-bang-p-1-q-11-dt-3-35-x-4-35m-2-5-tam-gia-2-88-ty.html,https://luachonnhadat.vn/nha-dat/ban-nha-hem-42-duong-702-hong-bang-p-1-q-11-dt-3-35-x-4-35m-2-5-tam-gia-2-88-ty.html,2026-05-14,2026-06-03T08:41:16Z,3,2880,205714285.7142857,0,0
luachonnhadat,sale,luachonnhadat_49782,luachonnhadat_49782,"Bán nhà 2MT Trước - Sau hẻm 365 Hậu Giang, P.11, Q.6, DT 4 x 15m, 3.5 tấm, giá 8.7 tỷ",8700000000,8.7 Tỷ/căn,60,NA,"Quận 6, Hồ Chí Minh",Unknown,NA,Quận 6,NA,Nhà phố,NA,NA,https://luachonnhadat.vn/vnt_upload/product/03_2026/d874262f469ac6ada224d953941b3fc6.jpg,https://luachonnhadat.vn/nha-dat/ban-nha-2mt-truoc-sau-hem-365-hau-giang-p-11-q-6-dt-4-x-15m-3-5-tam-gia-8-7-ty.html,https://luachonnhadat.vn/nha-dat/ban-nha-2mt-truoc-sau-hem-365-hau-giang-p-11-q-6-dt-4-x-15m-3-5-tam-gia-8-7-ty.html,2026-05-14,2026-06-03T08:41:16Z,3,8700,145000000,0,0
luachonnhadat,sale,luachonnhadat_50108,luachonnhadat_50108,"Bán nhà hẻm 58 Nguyễn Trọng Trí, P. An Lạc A, 4.7 x 6.5m, 1 lầu, giá 3.1 tỷ",3100000000,3.1 Tỷ/căn,30,NA,"Bình Tân, Hồ Chí Minh",Unknown,NA,Bình Tân,NA,Nhà phố,NA,NA,https://luachonnhadat.vn/vnt_upload/product/05_2026/607bcc82fcee5d30b1c3fe0267dcc068.jpg,https://luachonnhadat.vn/nha-dat/ban-nha-hem-58-nguyen-trong-tri-p-an-lac-a-4-7-x-6-5m-1-lau-gia-3-1-ty.html,https://luachonnhadat.vn/nha-dat/ban-nha-hem-58-nguyen-trong-tri-p-an-lac-a-4-7-x-6-5m-1-lau-gia-3-1-ty.html,2026-05-14,2026-06-03T08:41:16Z,3,3100,103333333.33333331,0,0
luachonnhadat,sale,luachonnhadat_50105,luachonnhadat_50105,"Bán căn hộ dịch vụ hẻm 13 Lương Thế Vinh P. Tân Thới Hoà, DT 8.2 x 12.5m, 5 tấm, giá 10.95 tỷ",10950000000,10.95 Tỷ/căn,102,NA,"Tân Phú, Hồ Chí Minh",Unknown,NA,Tân Phú,NA,Căn hộ dịch vụ,NA,NA,https://luachonnhadat.vn/vnt_upload/product/05_2026/1ba133f7380b6bee5d9674d2ff411788.jpg,https://luachonnhadat.vn/nha-dat/ban-can-ho-dich-vu-hem-13-luong-the-vinh-p-tan-thoi-hoa-dt-8-2-x-12-5m-5-tam-gia-10-95-ty.html,https://luachonnhadat.vn/nha-dat/ban-can-ho-dich-vu-hem-13-luong-the-vinh-p-tan-thoi-hoa-dt-8-2-x-12-5m-5-tam-gia-10-95-ty.html,2026-05-14,2026-06-03T08:41:16Z,3,10950,107352941.1764706,0,0
luachonnhadat,sale,luachonnhadat_50107,luachonnhadat_50107,"Bán nhà hẻm 964 Hương lộ 2, P. Bình Trị Đông A, 4 x 29m, 1 lầu, giá 8.5 tỷ",8500000000,8.5 Tỷ/căn,116,NA,"Bình Tân, Hồ Chí Minh",Unknown,NA,Bình Tân,NA,Nhà phố,NA,NA,https://luachonnhadat.vn/vnt_upload/product/05_2026/bb4f360352471e8cf249e5ad9c80a5e5.jpg,https://luachonnhadat.vn/nha-dat/ban-nha-hem-964-huong-lo-2-p-binh-tri-dong-a-4-x-29m-1-lau-gia-8-5-ty.html,https://luachonnhadat.vn/nha-dat/ban-nha-hem-964-huong-lo-2-p-binh-tri-dong-a-4-x-29m-1-lau-gia-8-5-ty.html,2026-05-14,2026-06-03T08:41:16Z,3,8500,73275862.06896552,0,0
luachonnhadat,sale,luachonnhadat_49227,luachonnhadat_49227,"Bán nhà hẻm 270 Lê Đình Cẩn, P. Tân Tạo, 5 x 18m, 1 lửng, giá 5.8 tỷ",5800000000,5.8 Tỷ/căn,90,NA,"Bình Tân, Hồ Chí Minh",Unknown,NA,Bình Tân,NA,Nhà phố,NA,NA,https://luachonnhadat.vn/vnt_upload/product/11_2025/926cd994151da592436afaf908deef54.jpg,https://luachonnhadat.vn/nha-dat/ban-nha-hem-270-le-dinh-can-p-tan-tao-5-x-18m-1-lung-gia-5-8-ty.html,https://luachonnhadat.vn/nha-dat/ban-nha-hem-270-le-dinh-can-p-tan-tao-5-x-18m-1-lung-gia-5-8-ty.html,2026-05-14,2026-06-03T08:41:16Z,3,5800,64444444.44444445,0,0
luachonnhadat,sale,luachonnhadat_46775,luachonnhadat_46775,"Bán nhà khu Tên Lửa gần Aoen Mall, MT đường Số 32A, DT 5 x 20m, 3.5 tấm, giá 14.2 tỷ",14200000000,14.2 Tỷ/căn,100,NA,"Bình Tân, Hồ Chí Minh",Unknown,NA,Bình Tân,NA,Nhà phố,NA,NA,https://luachonnhadat.vn/vnt_upload/product/03_2024/79.jpg.jpg,https://luachonnhadat.vn/nha-dat/ban-nha-khu-ten-lua-gan-aoen-mall-mt-duong-so-32a-dt-5-x-20m-3-5-tam-gia-14-2-ty.html,https://luachonnhadat.vn/nha-dat/ban-nha-khu-ten-lua-gan-aoen-mall-mt-duong-so-32a-dt-5-x-20m-3-5-tam-gia-14-2-ty.html,2026-05-14,2026-06-03T08:41:16Z,3,14200,142000000,0,0
luachonnhadat,sale,luachonnhadat_49011,luachonnhadat_49011,"Bán nhà góc 2MT hẻm 480 Mã Lò, P. Bình Hưng Hoà A, 4 x 12.6m, 4.5 tấm, giá 7.4 tỷ",7400000000,7.4 Tỷ/căn,50,NA,"Bình Tân, Hồ Chí Minh",Unknown,NA,Bình Tân,NA,Nhà phố,NA,NA,https://luachonnhadat.vn/vnt_upload/product/10_2025/77a8c3cf705b948591762e4058c75557.jpg,https://luachonnhadat.vn/nha-dat/ban-nha-goc-2mt-hem-480-ma-lo-p-binh-hung-hoa-a-4-x-12-6m-4-5-tam-gia-7-4-ty.html,https://luachonnhadat.vn/nha-dat/ban-nha-goc-2mt-hem-480-ma-lo-p-binh-hung-hoa-a-4-x-12-6m-4-5-tam-gia-7-4-ty.html,2026-05-14,2026-06-03T08:41:16Z,3,7400,148000000,0,0
luachonnhadat,sale,luachonnhadat_47800,luachonnhadat_47800,"BÁN NHÀ KHU TÊN LỬA, MT ĐƯỜNG SỐ 38, DT 4.5 X 23M, 3 TẤM, 10 TỶ | ĐANG CHO THUÊ 16 TRIỆU/THÁNG",10000000000,10 Tỷ/căn,103,NA,"Bình Tân, Hồ Chí Minh",Unknown,NA,Bình Tân,NA,Nhà phố,NA,NA,https://luachonnhadat.vn/vnt_upload/product/05_2026/62091fb628c304b01dddf2db54476e53.jpeg,https://luachonnhadat.vn/nha-dat/ban-nha-khu-ten-lua-mt-duong-so-38-dt-4-5-x-23m-3-tam-10-ty-dang-cho-thue-16-trieu-thang.html,https://luachonnhadat.vn/nha-dat/ban-nha-khu-ten-lua-mt-duong-so-38-dt-4-5-x-23m-3-tam-10-ty-dang-cho-thue-16-trieu-thang.html,2026-05-13,2026-06-03T08:41:16Z,3,10000,97087378.6407767,0,0
luachonnhadat,sale,luachonnhadat_50104,luachonnhadat_50104,"Bán nhà hẻm 363 Đất Mới, P. Bình Trị Đông A, DT 4.5 x 10m, TH 4.05m, 2 tấm, giá 4.38 tỷ",4380000000,4.38 Tỷ/căn,45,NA,"Bình Tân, Hồ Chí Minh",Unknown,NA,Bình Tân,NA,Đất,NA,NA,https://luachonnhadat.vn/vnt_upload/product/05_2026/fadf7b2c0347f04941167ce33f585ce0.jpg,https://luachonnhadat.vn/nha-dat/ban-nha-hem-363-dat-moi-p-binh-tri-dong-a-dt-4-5-x-10m-th-4-05m-2-tam-gia-4-38-ty.html,https://luachonnhadat.vn/nha-dat/ban-nha-hem-363-dat-moi-p-binh-tri-dong-a-dt-4-5-x-10m-th-4-05m-2-tam-gia-4-38-ty.html,2026-05-13,2026-06-03T08:41:16Z,3,4380,97333333.33333331,0,0
luachonnhadat,sale,luachonnhadat_49786,luachonnhadat_49786,"Bán nhà hẻm 363 Đất Mới, P. Bình Trị Đông A, DT 4 x 18m, 3 tấm, giá 6.28 tỷ",6280000000,6.28 Tỷ/căn,72,NA,"Bình Tân, Hồ Chí Minh",Unknown,NA,Bình Tân,NA,Đất,NA,NA,https://luachonnhadat.vn/vnt_upload/product/03_2026/eb94d8245a43be57beaa02019dd38900.jpg,https://luachonnhadat.vn/nha-dat/ban-nha-hem-363-dat-moi-p-binh-tri-dong-a-dt-4-x-18m-3-tam-gia-6-28-ty.html,https://luachonnhadat.vn/nha-dat/ban-nha-hem-363-dat-moi-p-binh-tri-dong-a-dt-4-x-18m-3-tam-gia-6-28-ty.html,2026-05-13,2026-06-03T08:41:16Z,3,6280,87222222.22222222,0,0
luachonnhadat,sale,luachonnhadat_50103,luachonnhadat_50103,"Bán đất hẻm 104 đường Số 10, P. Bình Hưng Hòa B, DT 4 x 19m, NH 7m, giá 4.9 tỷ",4900000000,4.9 Tỷ/nền,76,NA,"Bình Tân, Hồ Chí Minh",Unknown,NA,Bình Tân,NA,Đất,NA,NA,https://luachonnhadat.vn/vnt_upload/product/05_2026/2e33f69944e26bd17b7361cb669d6ece.jpg,https://luachonnhadat.vn/nha-dat/ban-dat-hem-104-duong-so-10-p-binh-hung-hoa-b-dt-4-x-19m-nh-7m-gia-4-9-ty.html,https://luachonnhadat.vn/nha-dat/ban-dat-hem-104-duong-so-10-p-binh-hung-hoa-b-dt-4-x-19m-nh-7m-gia-4-9-ty.html,2026-05-13,2026-06-03T08:41:16Z,3,4900,64473684.21052632,0,0
luachonnhadat,sale,luachonnhadat_41610,luachonnhadat_41610,"Bán nhà khu Tên Lửa gần Aeon Mall, MT đường Số 13C, DT 5 x 20m, 3.5 tấm, giá 15.5 tỷ.",15500000000,15.5 Tỷ/nền,100,NA,"Bình Tân, Hồ Chí Minh",Unknown,NA,Bình Tân,NA,Nhà phố,NA,NA,https://luachonnhadat.vn/vnt_upload/product/08_2020/153.jpg,https://luachonnhadat.vn/nha-dat/ban-nha-khu-ten-lua-gan-aeon-mall-mt-duong-so-13c-dt-5-x-20m-3-5-tam-gia-15-5-ty-.html,https://luachonnhadat.vn/nha-dat/ban-nha-khu-ten-lua-gan-aeon-mall-mt-duong-so-13c-dt-5-x-20m-3-5-tam-gia-15-5-ty-.html,2026-05-13,2026-06-03T08:41:16Z,3,15500,155000000,0,0
luachonnhadat,sale,luachonnhadat_5456,luachonnhadat_5456,"Bán nhà khu Bình Phú, góc 2MT đường Số 23, DT 15.5 x 20m, 3.5 tấm, giá 55 tỷ.",55000000000,55 Tỷ/căn,310,NA,"Quận 6, Hồ Chí Minh",Unknown,NA,Quận 6,NA,Nhà phố,NA,NA,https://luachonnhadat.vn/vnt_upload/product/04_2026/6b51bc03fed43ea374bfd43b09c9a579.jpg,https://luachonnhadat.vn/nha-dat/ban-nha-khu-binh-phu-goc-2mt-duong-so-23-dt-15-5-x-20m-3-5-tam-gia-55-ty-.html,https://luachonnhadat.vn/nha-dat/ban-nha-khu-binh-phu-goc-2mt-duong-so-23-dt-15-5-x-20m-3-5-tam-gia-55-ty-.html,2026-05-13,2026-06-03T08:41:16Z,3,55000,177419354.83870968,0,0
luachonnhadat,sale,luachonnhadat_43462,luachonnhadat_43462,"Bán nhà góc 2MT hẻm 426 Nguyễn Văn Luông, P.12, Q.6, DT 3.95 x 14.8m, NH 4.55m, 2 tấm, giá 5.5 tỷ",5500000000,5.5 Tỷ/căn,58,NA,"Quận 6, Hồ Chí Minh",Unknown,NA,Quận 6,NA,Nhà phố,NA,NA,https://luachonnhadat.vn/vnt_upload/product/01_2022/115.jpg,https://luachonnhadat.vn/nha-dat/ban-nha-goc-2mt-hem-426-nguyen-van-luong-p-12-q-6-dt-3-95-x-14-8m-nh-4-55m-2-tam-gia-5-5-ty.html,https://luachonnhadat.vn/nha-dat/ban-nha-goc-2mt-hem-426-nguyen-van-luong-p-12-q-6-dt-3-95-x-14-8m-nh-4-55m-2-tam-gia-5-5-ty.html,2026-05-13,2026-06-03T08:41:16Z,3,5500,94827586.20689656,0,0
luachonnhadat,sale,luachonnhadat_50101,luachonnhadat_50101,"Bán nhà MT đường Cư Xá Phú Lâm D, P.10, Q.6, DT 4 x 15.5m, 2 tấm, giá 9.5 tỷ",9500000000,9.5 Tỷ/căn,62,NA,"Quận 6, Hồ Chí Minh",Unknown,NA,Quận 6,NA,Nhà phố,NA,NA,https://luachonnhadat.vn/vnt_upload/product/05_2026/3cd5e2a5e72977570f461c33acabdb33.jpg,https://luachonnhadat.vn/nha-dat/ban-nha-mt-duong-cu-xa-phu-lam-d-p-10-q-6-dt-4-x-15-5m-2-tam-gia-9-5-ty.html,https://luachonnhadat.vn/nha-dat/ban-nha-mt-duong-cu-xa-phu-lam-d-p-10-q-6-dt-4-x-15-5m-2-tam-gia-9-5-ty.html,2026-05-13,2026-06-03T08:41:16Z,3,9500,153225806.4516129,0,0
luachonnhadat,sale,luachonnhadat_50099,luachonnhadat_50099,"Bán nhà góc 2MT hẻm 236 Mã Lò, P. Bình Trị Đông A, 4 x 13m, 5 tấm, giá 8.5 tỷ",8500000000,8.5 Tỷ/căn,52,NA,"Bình Tân, Hồ Chí Minh",Unknown,NA,Bình Tân,NA,Nhà phố,NA,NA,https://luachonnhadat.vn/vnt_upload/product/05_2026/31c0393d52602ecddf1081c4f142c985.jpg,https://luachonnhadat.vn/nha-dat/ban-nha-goc-2mt-hem-236-ma-lo-p-binh-tri-dong-a-4-x-13m-5-tam-gia-8-5-ty.html,https://luachonnhadat.vn/nha-dat/ban-nha-goc-2mt-hem-236-ma-lo-p-binh-tri-dong-a-4-x-13m-5-tam-gia-8-5-ty.html,2026-05-13,2026-06-03T08:41:16Z,3,8500,163461538.46153846,0,0
luachonnhadat,sale,luachonnhadat_50098,luachonnhadat_50098,"Bán đất hẻm 413 Lê Văn Quới, P. Bình Trị Đông A, DT 7.2 x 12m, giá 5.85 tỷ",5850000000,5.85 Tỷ/nền,86,NA,"Bình Tân, Hồ Chí Minh",Unknown,NA,Bình Tân,NA,Đất,NA,NA,https://luachonnhadat.vn/vnt_upload/product/05_2026/7cfa95c5ad4e04ff94ac5589452dc456.jpg,https://luachonnhadat.vn/nha-dat/ban-dat-hem-413-le-van-quoi-p-binh-tri-dong-a-dt-7-2-x-12m-gia-5-85-ty.html,https://luachonnhadat.vn/nha-dat/ban-dat-hem-413-le-van-quoi-p-binh-tri-dong-a-dt-7-2-x-12m-gia-5-85-ty.html,2026-05-13,2026-06-03T08:41:16Z,3,5850,68023255.81395349,0,0
luachonnhadat,sale,luachonnhadat_50097,luachonnhadat_50097,"Bán nhà góc 2MT hẻm 325 Lê Văn Quới, P. Bình Trị Đông, 4.3 x 14m, 5 tấm, giá 8.9 tỷ",8900000000,8.9 Tỷ/căn,60,NA,"Bình Tân, Hồ Chí Minh",Unknown,NA,Bình Tân,NA,Nhà phố,NA,NA,https://luachonnhadat.vn/vnt_upload/product/05_2026/7c50f0b0dfafe0003a97a5fc777c0461.jpg,https://luachonnhadat.vn/nha-dat/ban-nha-goc-2mt-hem-325-le-van-quoi-p-binh-tri-dong-4-3-x-14m-5-tam-gia-8-9-ty.html,https://luachonnhadat.vn/nha-dat/ban-nha-goc-2mt-hem-325-le-van-quoi-p-binh-tri-dong-4-3-x-14m-5-tam-gia-8-9-ty.html,2026-05-13,2026-06-03T08:41:16Z,3,8900,148333333.33333334,0,0
luachonnhadat,sale,luachonnhadat_48310,luachonnhadat_48310,"Bán nhà hẻm 574 Sinco, P. Bình Trị Đông B, DT 6.15 x 22.84m, cấp 4, giá 8 tỷ",8000000000,8 Tỷ/căn,140,NA,"Bình Tân, Hồ Chí Minh",Unknown,NA,Bình Tân,NA,Nhà phố,NA,NA,https://luachonnhadat.vn/vnt_upload/product/05_2025/ac6a40d80116f26e32dce619b061ec6b.jpg,https://luachonnhadat.vn/nha-dat/ban-nha-hem-574-sinco-p-binh-tri-dong-b-dt-6-15-x-22-84m-cap-4-gia-8-ty.html,https://luachonnhadat.vn/nha-dat/ban-nha-hem-574-sinco-p-binh-tri-dong-b-dt-6-15-x-22-84m-cap-4-gia-8-ty.html,2026-05-13,2026-06-03T08:41:16Z,3,8000,57142857.14285714,0,0
luachonnhadat,sale,luachonnhadat_49807,luachonnhadat_49807,"Bán nhà hẻm 270 Lê Đình Cẩn, P. Tân Tạo, 4 x 12m, 1 lầu, giá 4.85 tỷ",4850000000,4.85 Tỷ/căn,47,NA,"Bình Tân, Hồ Chí Minh",Unknown,NA,Bình Tân,NA,Nhà phố,NA,NA,https://luachonnhadat.vn/vnt_upload/product/03_2026/c638e474249657e9b9ccd5e7c98aa43a.jpg,https://luachonnhadat.vn/nha-dat/ban-nha-hem-270-le-dinh-can-p-tan-tao-4-x-12m-1-lau-gia-4-85-ty.html,https://luachonnhadat.vn/nha-dat/ban-nha-hem-270-le-dinh-can-p-tan-tao-4-x-12m-1-lau-gia-4-85-ty.html,2026-05-13,2026-06-03T08:41:16Z,3,4850,103191489.36170211,0,0
luachonnhadat,sale,luachonnhadat_2227,luachonnhadat_2227,"Bán nhà hẻm 637 Tỉnh Lộ 10, P. Bình Trị Đông B, 5.4 x 14m, 1 lầu, giá 5.8 tỷ",5800000000,5.8 Tỷ/căn,75,NA,"Bình Tân, Hồ Chí Minh",Unknown,NA,Bình Tân,NA,Nhà phố,NA,NA,https://luachonnhadat.vn/vnt_upload/product/04_2026/22d7c36edd204f09ff4f4de7445535f7.jpg,https://luachonnhadat.vn/nha-dat/ban-nha-hem-637-tinh-lo-10-p-binh-tri-dong-b-5-4-x-14m-1-lau-gia-5-8-ty.html,https://luachonnhadat.vn/nha-dat/ban-nha-hem-637-tinh-lo-10-p-binh-tri-dong-b-5-4-x-14m-1-lau-gia-5-8-ty.html,2026-05-13,2026-06-03T08:41:16Z,3,5800,77333333.33333333,0,0
luachonnhadat,sale,luachonnhadat_41274,luachonnhadat_41274,"Bán đất khu Tên Lửa, MT đường Vành Đai Trong, DT 5.3 x 20m, giá 23 tỷ.",23000000000,23 Tỷ/căn,106,NA,"Bình Tân, Hồ Chí Minh",Unknown,NA,Bình Tân,NA,Đất,NA,NA,https://luachonnhadat.vn/vnt_upload/product/06_2024/13ac9553765ff3fa0bd9f5ec4fbf46bd.jpeg,https://luachonnhadat.vn/nha-dat/ban-dat-khu-ten-lua-mt-duong-vanh-dai-trong-dt-5-3-x-20m-gia-23-ty-.html,https://luachonnhadat.vn/nha-dat/ban-dat-khu-ten-lua-mt-duong-vanh-dai-trong-dt-5-3-x-20m-gia-23-ty-.html,2026-05-13,2026-06-03T08:41:16Z,3,23000,216981132.0754717,0,0
luachonnhadat,sale,luachonnhadat_46772,luachonnhadat_46772,"Bán nhà góc 2MT hẻm 1051 Hậu Giang, P.11, Q.6, DT 7.5 x 15m, 6 tấm, 18 phòng, giá 28 tỷ",28000000000,28 Tỷ/căn,112,NA,"Quận 6, Hồ Chí Minh",Unknown,NA,Quận 6,NA,Phòng cho thuê,NA,NA,https://luachonnhadat.vn/vnt_upload/product/03_2024/50.jpg.jpg,https://luachonnhadat.vn/nha-dat/ban-nha-goc-2mt-hem-1051-hau-giang-p-11-q-6-dt-7-5-x-15m-6-tam-18-phong-gia-28-ty.html,https://luachonnhadat.vn/nha-dat/ban-nha-goc-2mt-hem-1051-hau-giang-p-11-q-6-dt-7-5-x-15m-6-tam-18-phong-gia-28-ty.html,2026-05-13,2026-06-03T08:41:16Z,3,28000,250000000,0,0
luachonnhadat,sale,luachonnhadat_50094,luachonnhadat_50094,"Bán nhà MT đường Mã Lò, P. Bình Hưng Hoà A, 4.4 x 35m, cấp 4, giá 12.8 tỷ.",12800000000,12.8 Tỷ/căn,154,NA,"Bình Tân, Hồ Chí Minh",Unknown,NA,Bình Tân,NA,Nhà phố,NA,NA,https://luachonnhadat.vn/vnt_upload/product/05_2026/fc70bd4662be210017a806793b29ce51.jpg,https://luachonnhadat.vn/nha-dat/ban-nha-mt-duong-ma-lo-p-binh-hung-hoa-a-4-4-x-35m-cap-4-gia-12-8-ty-.html,https://luachonnhadat.vn/nha-dat/ban-nha-mt-duong-ma-lo-p-binh-hung-hoa-a-4-4-x-35m-cap-4-gia-12-8-ty-.html,2026-05-13,2026-06-03T08:41:16Z,3,12800,83116883.11688311,0,0
luachonnhadat,sale,luachonnhadat_49997,luachonnhadat_49997,"Bán nhà MT đường Phổ Quang, P.9, Q. Phú Nhuận, DT 4 x 17m, 3 tấm, giá 16.7 tỷ",16700000000,16.7 Tỷ/căn,68,NA,"Phú Nhuận, Hồ Chí Minh",Unknown,NA,Phú Nhuận,NA,Nhà phố,NA,NA,https://luachonnhadat.vn/vnt_upload/product/04_2026/e86017bb88095ff68946b6137d0870be.jpg,https://luachonnhadat.vn/nha-dat/ban-nha-mt-duong-pho-quang-p-9-q-phu-nhuan-dt-4-x-17m-3-tam-gia-16-7-ty.html,https://luachonnhadat.vn/nha-dat/ban-nha-mt-duong-pho-quang-p-9-q-phu-nhuan-dt-4-x-17m-3-tam-gia-16-7-ty.html,2026-05-13,2026-06-03T08:41:16Z,3,16700,245588235.2941177,0,0
luachonnhadat,sale,luachonnhadat_50093,luachonnhadat_50093,"✅ Bán nhà hẻm 714 Tân Kỳ Tân Quý, P. BHH, 4 x 25m, cấp 4, giá 10.5 tỷ. (có 3 căn liền kề)",10500000000,10.5 Tỷ/căn,100,NA,"Bình Tân, Hồ Chí Minh",Unknown,NA,Bình Tân,NA,Nhà phố,NA,NA,https://luachonnhadat.vn/vnt_upload/product/05_2026/63c9c99b43142bc3bba8528dff0fe235.jpg,https://luachonnhadat.vn/nha-dat/-ban-nha-hem-714-tan-ky-tan-quy-p-bhh-4-x-25m-cap-4-gia-10-5-ty-co-3-can-lien-ke-.html,https://luachonnhadat.vn/nha-dat/-ban-nha-hem-714-tan-ky-tan-quy-p-bhh-4-x-25m-cap-4-gia-10-5-ty-co-3-can-lien-ke-.html,2026-05-13,2026-06-03T08:41:16Z,3,10500,105000000,0,0
luachonnhadat,sale,luachonnhadat_50055,luachonnhadat_50055,"BÁN NHÀ MT CHỢ LỚN, P BÌNH PHÚ, 4 X 20M, 2.5 TẤM, 18.5 TỶ | KINH DOANH ĐÔNG ĐÚC.",18500000000,18.5 Tỷ/căn,80,NA,"Quận 6, Hồ Chí Minh",Unknown,NA,Quận 6,NA,Nhà phố,NA,NA,https://luachonnhadat.vn/vnt_upload/product/05_2026/67a0a36294db14949eab91801c052119.jpg,https://luachonnhadat.vn/nha-dat/ban-nha-mt-cho-lon-p-binh-phu-4-x-20m-2-5-tam-18-5-ty-kinh-doanh-dong-duc-.html,https://luachonnhadat.vn/nha-dat/ban-nha-mt-cho-lon-p-binh-phu-4-x-20m-2-5-tam-18-5-ty-kinh-doanh-dong-duc-.html,2026-05-13,2026-06-03T08:41:16Z,3,18500,231250000,0,0
luachonnhadat,sale,luachonnhadat_33999,luachonnhadat_33999,"Bán nhà khu Cư xá Rada, MT đường Số 9, DT 4 x 16m, 3.5 tấm, giá 11.8 tỷ.",11800000000,11.8 Tỷ/căn,64,NA,"Quận 6, Hồ Chí Minh",Unknown,NA,Quận 6,NA,Nhà phố,NA,NA,https://luachonnhadat.vn/vnt_upload/product/09_2019/136_1.jpg,https://luachonnhadat.vn/nha-dat/ban-nha-khu-cu-xa-rada-mt-duong-so-9-dt-4-x-16m-3-5-tam-gia-11-8-ty-.html,https://luachonnhadat.vn/nha-dat/ban-nha-khu-cu-xa-rada-mt-duong-so-9-dt-4-x-16m-3-5-tam-gia-11-8-ty-.html,2026-05-12,2026-06-03T08:41:16Z,3,11800,184375000,0,0
luachonnhadat,sale,luachonnhadat_50091,luachonnhadat_50091,"Bán nhà MT đường Đỗ Đức Dục, P. Phú Thọ Hòa, DT 4.75 x 14m, 2 tấm, giá 8.6 tỷ",8600000000,8.6 Tỷ/căn,66,NA,"Tân Phú, Hồ Chí Minh",Unknown,NA,Tân Phú,NA,Nhà phố,NA,NA,https://luachonnhadat.vn/vnt_upload/product/05_2026/ace7e38ce0b79714eec9daa4454bcfb3.jpg,https://luachonnhadat.vn/nha-dat/ban-nha-mt-duong-do-duc-duc-p-phu-tho-hoa-dt-4-75-x-14m-2-tam-gia-8-6-ty.html,https://luachonnhadat.vn/nha-dat/ban-nha-mt-duong-do-duc-duc-p-phu-tho-hoa-dt-4-75-x-14m-2-tam-gia-8-6-ty.html,2026-05-12,2026-06-03T08:41:16Z,3,8600,130303030.3030303,0,0
luachonnhadat,rent,luachonnhadat_49781,luachonnhadat_49781,"Cho thuê nhà MT đường Hoàng Văn Hợp, P. An Lạc A, 4 x 20m, 1 lửng, giá 11 triệu/tháng",11000000,11 Triệu/tháng,80,NA,"Bình Tân, Hồ Chí Minh",Unknown,NA,Bình Tân,NA,Nhà phố,NA,NA,https://luachonnhadat.vn/vnt_upload/product/03_2026/3adde75ac8451833fe8113335021b084.jpg,https://luachonnhadat.vn/nha-dat/cho-thue-nha-mt-duong-hoang-van-hop-p-an-lac-a-4-x-20m-1-lung-gia-11-trieu-thang.html,https://luachonnhadat.vn/nha-dat/cho-thue-nha-mt-duong-hoang-van-hop-p-an-lac-a-4-x-20m-1-lung-gia-11-trieu-thang.html,2026-03-26,2026-06-03T08:41:15Z,2,11,137500,0,1
luachonnhadat,rent,luachonnhadat_49778,luachonnhadat_49778,"Cho thuê nhà khu Tên Lửa, MT đường Vành Đai Trong, DT 5 x 20m, cấp 4, giá 14 triệu/tháng.",14000000,14 Triệu/tháng,100,NA,"Bình Tân, Hồ Chí Minh",Unknown,NA,Bình Tân,NA,Nhà phố,NA,NA,https://luachonnhadat.vn/vnt_upload/product/03_2026/048bd2bd588331cbd1f0adef79a474bd.jpg,https://luachonnhadat.vn/nha-dat/cho-thue-nha-khu-ten-lua-mt-duong-vanh-dai-trong-dt-5-x-20m-cap-4-gia-14-trieu-thang-.html,https://luachonnhadat.vn/nha-dat/cho-thue-nha-khu-ten-lua-mt-duong-vanh-dai-trong-dt-5-x-20m-cap-4-gia-14-trieu-thang-.html,2026-03-25,2026-06-03T08:41:15Z,2,14,140000,0,1
luachonnhadat,rent,luachonnhadat_49777,luachonnhadat_49777,"Cho thuê nhà khu Tên Lửa, MT đường số 16, DT 6 x 25m, cấp 4, giá 12 triệu/tháng.",12000000,12 Triệu/tháng,150,NA,"Bình Tân, Hồ Chí Minh",Unknown,NA,Bình Tân,NA,Nhà phố,NA,NA,https://luachonnhadat.vn/vnt_upload/product/03_2026/e77d090454d09a6e59eed57e0fc230f7.jpg,https://luachonnhadat.vn/nha-dat/cho-thue-nha-khu-ten-lua-mt-duong-so-16-dt-6-x-25m-cap-4-gia-12-trieu-thang-.html,https://luachonnhadat.vn/nha-dat/cho-thue-nha-khu-ten-lua-mt-duong-so-16-dt-6-x-25m-cap-4-gia-12-trieu-thang-.html,2026-03-25,2026-06-03T08:41:15Z,2,12,80000,0,1
luachonnhadat,rent,luachonnhadat_45785,luachonnhadat_45785,"Cho thuê nhà khu Tên Lửa, MT đường Vành Đai Trong, DT 6 x 20m, 4.5 tấm, giá 60 triệu/tháng",60000000,60 Triệu/tháng,120,NA,"Bình Tân, Hồ Chí Minh",Unknown,NA,Bình Tân,NA,Nhà phố,NA,NA,https://luachonnhadat.vn/vnt_upload/product/03_2023/458_1.jpg,https://luachonnhadat.vn/nha-dat/cho-thue-nha-khu-ten-lua-mt-duong-vanh-dai-trong-dt-6-x-20m-4-5-tam-gia-60-trieu-thang.html,https://luachonnhadat.vn/nha-dat/cho-thue-nha-khu-ten-lua-mt-duong-vanh-dai-trong-dt-6-x-20m-4-5-tam-gia-60-trieu-thang.html,2026-03-24,2026-06-03T08:41:15Z,2,60,500000,0,1
luachonnhadat,rent,luachonnhadat_47022,luachonnhadat_47022,"Cho thuê nhà khu Tên Lửa, MT đường Số 28, DT 5 x 20m, 3.5 tấm, 25 triệu/tháng.",25000000,25 Triệu/tháng,100,NA,"Bình Tân, Hồ Chí Minh",Unknown,NA,Bình Tân,NA,Nhà phố,NA,NA,https://luachonnhadat.vn/vnt_upload/product/05_2024/230.jpg.jpg,https://luachonnhadat.vn/nha-dat/cho-thue-nha-khu-ten-lua-mt-duong-so-28-dt-5-x-20m-3-5-tam-25-trieu-thang-.html,https://luachonnhadat.vn/nha-dat/cho-thue-nha-khu-ten-lua-mt-duong-so-28-dt-5-x-20m-3-5-tam-25-trieu-thang-.html,2026-03-23,2026-06-03T08:41:15Z,2,25,250000,0,1
luachonnhadat,rent,luachonnhadat_49422,luachonnhadat_49422,"Cho thuê nhà khu Tên Lửa, MT đường Số 21, DT 4.5 x 20m, 3.5 tấm, giá 25 triệu/tháng",25000000,25 Triệu/tháng,90,NA,"Bình Tân, Hồ Chí Minh",Unknown,NA,Bình Tân,NA,Nhà phố,NA,NA,https://luachonnhadat.vn/vnt_upload/product/12_2025/16d015691ac3c828dff6c6647b619b78.jpg,https://luachonnhadat.vn/nha-dat/cho-thue-nha-khu-ten-lua-mt-duong-so-21-dt-4-5-x-20m-3-5-tam-gia-25-trieu-thang.html,https://luachonnhadat.vn/nha-dat/cho-thue-nha-khu-ten-lua-mt-duong-so-21-dt-4-5-x-20m-3-5-tam-gia-25-trieu-thang.html,2026-03-23,2026-06-03T08:41:15Z,2,25,277777.77777777775,0,1
luachonnhadat,rent,luachonnhadat_49758,luachonnhadat_49758,"Cho thuê nhà khu Bình Phú, MT đường Chợ Lớn, DT 4 x 20m, 3 tấm, giá 27 triệu/tháng",27000000,27 Triệu/tháng,80,NA,"Quận 6, Hồ Chí Minh",Unknown,NA,Quận 6,NA,Nhà phố,NA,NA,https://luachonnhadat.vn/vnt_upload/product/03_2026/bcd981eb43661e76e4ffabd6708c82ba.jpg,https://luachonnhadat.vn/nha-dat/cho-thue-nha-khu-binh-phu-mt-duong-cho-lon-dt-4-x-20m-3-tam-gia-27-trieu-thang.html,https://luachonnhadat.vn/nha-dat/cho-thue-nha-khu-binh-phu-mt-duong-cho-lon-dt-4-x-20m-3-tam-gia-27-trieu-thang.html,2026-03-23,2026-06-03T08:41:15Z,2,27,337500,0,1
luachonnhadat,rent,luachonnhadat_49752,luachonnhadat_49752,"Cho thuê nhà MT đường An Dương Vương, P. An Lạc A, DT 3.79 x 19.2m, 1 lửng, giá 15 triệu/tháng",15000000,15 Triệu/tháng,72,NA,"Bình Tân, Hồ Chí Minh",Unknown,NA,Bình Tân,NA,Nhà phố,NA,NA,https://luachonnhadat.vn/vnt_upload/product/03_2026/03f77db1285664ac0d55f651228bd92e.jpg,https://luachonnhadat.vn/nha-dat/cho-thue-nha-mt-duong-an-duong-vuong-p-an-lac-a-dt-3-79-x-19-2m-1-lung-gia-15-trieu-thang.html,https://luachonnhadat.vn/nha-dat/cho-thue-nha-mt-duong-an-duong-vuong-p-an-lac-a-dt-3-79-x-19-2m-1-lung-gia-15-trieu-thang.html,2026-03-21,2026-06-03T08:41:15Z,2,15,208333.33333333337,0,1
luachonnhadat,rent,luachonnhadat_47518,luachonnhadat_47518,"Cho thuê nhà 2 MT Trước - Sau đường Lê Tuấn Mậu, P.13, Q.6, DT 8x25m, cấp 4, giá 29 triệu/tháng",29000000,29 Triệu/tháng,200,NA,"Quận 6, Hồ Chí Minh",Unknown,NA,Quận 6,NA,Nhà phố,NA,NA,https://luachonnhadat.vn/vnt_upload/product/09_2024/59cd8b579015b04217fab3c1370c079c.jpg,https://luachonnhadat.vn/nha-dat/cho-thue-nha-2-mt-truoc-sau-duong-le-tuan-mau-p-13-q-6-dt-8x25m-cap-4-gia-29-trieu-thang.html,https://luachonnhadat.vn/nha-dat/cho-thue-nha-2-mt-truoc-sau-duong-le-tuan-mau-p-13-q-6-dt-8x25m-cap-4-gia-29-trieu-thang.html,2026-03-17,2026-06-03T08:41:15Z,2,29,145000,0,1
luachonnhadat,rent,luachonnhadat_49701,luachonnhadat_49701,"Cho thuê mặt bằng khu Tên Lửa gần Aeon Mall, MT đường Số 32, DT 5 x 20m, giá 15 triệu/tháng.",15000000,15 Triệu/tháng,100,NA,"Bình Tân, Hồ Chí Minh",Unknown,NA,Bình Tân,NA,Mặt bằng,NA,NA,https://luachonnhadat.vn/vnt_upload/product/03_2026/44c7185981774d8aa4d8f5f14e4bfd39.jpg,https://luachonnhadat.vn/nha-dat/cho-thue-mat-bang-khu-ten-lua-gan-aeon-mall-mt-duong-so-32-dt-5-x-20m-gia-15-trieu-thang-.html,https://luachonnhadat.vn/nha-dat/cho-thue-mat-bang-khu-ten-lua-gan-aeon-mall-mt-duong-so-32-dt-5-x-20m-gia-15-trieu-thang-.html,2026-03-13,2026-06-03T08:41:15Z,2,15,150000,0,1
luachonnhadat,rent,luachonnhadat_49459,luachonnhadat_49459,"Cho thuê nhà khu Tên Lửa, MT đường Số 21D, DT 4 x 18m, 3.5 tấm, giá 20 triệu/tháng",20000000,20 Triệu/tháng,72,NA,"Bình Tân, Hồ Chí Minh",Unknown,NA,Bình Tân,NA,Nhà phố,NA,NA,https://luachonnhadat.vn/vnt_upload/product/01_2026/1685bd2e787cbd07a5b0ed7f45dee709.jpg,https://luachonnhadat.vn/nha-dat/cho-thue-nha-khu-ten-lua-mt-duong-so-21d-dt-4-x-18m-3-5-tam-gia-20-trieu-thang-1773284877.html,https://luachonnhadat.vn/nha-dat/cho-thue-nha-khu-ten-lua-mt-duong-so-21d-dt-4-x-18m-3-5-tam-gia-20-trieu-thang-1773284877.html,2026-03-12,2026-06-03T08:41:15Z,2,20,277777.77777777775,0,1
luachonnhadat,rent,luachonnhadat_49696,luachonnhadat_49696,"Cho thuê nhà MT đường Hương Lộ 2, P. Bình Trị Đông A, DT 7 x 11m, 1 lửng, giá 30 triệu/tháng",30000000,30 Triệu/tháng,77,NA,"Bình Tân, Hồ Chí Minh",Unknown,NA,Bình Tân,NA,Nhà phố,NA,NA,https://luachonnhadat.vn/vnt_upload/product/03_2026/e756fa4ba34d63cf4e1c046d53e3aa72.jpg,https://luachonnhadat.vn/nha-dat/cho-thue-nha-mt-duong-huong-lo-2-p-binh-tri-dong-a-dt-7-x-11m-1-lung-gia-30-trieu-thang.html,https://luachonnhadat.vn/nha-dat/cho-thue-nha-mt-duong-huong-lo-2-p-binh-tri-dong-a-dt-7-x-11m-1-lung-gia-30-trieu-thang.html,2026-03-12,2026-06-03T08:41:15Z,2,30,389610.3896103896,0,1
luachonnhadat,rent,luachonnhadat_49685,luachonnhadat_49685,"Cho thuê nhà góc 2MT đường Số 53A, P. Tân Tạo, DT 5 x 20m, 3.5 tấm, giá 32 triệu/tháng",32000000,32 Triệu/tháng,100,NA,"Bình Tân, Hồ Chí Minh",Unknown,NA,Bình Tân,NA,Nhà phố,NA,NA,https://luachonnhadat.vn/vnt_upload/product/03_2026/effa4b6f9bc14c041c1f4ec746c264aa.jpg,https://luachonnhadat.vn/nha-dat/cho-thue-nha-goc-2mt-duong-so-53a-p-tan-tao-dt-5-x-20m-3-5-tam-gia-32-trieu-thang.html,https://luachonnhadat.vn/nha-dat/cho-thue-nha-goc-2mt-duong-so-53a-p-tan-tao-dt-5-x-20m-3-5-tam-gia-32-trieu-thang.html,2026-03-11,2026-06-03T08:41:15Z,2,32,320000,0,1
luachonnhadat,rent,luachonnhadat_49681,luachonnhadat_49681,"Cho thuê nhà MT đường Tỉnh Lộ 10, P. Tân Tạo, DT 19 x 48m, 1 lửng, giá 150 triệu/tháng",150000000,150 Triệu/tháng,912,NA,"Bình Tân, Hồ Chí Minh",Unknown,NA,Bình Tân,NA,Nhà phố,NA,NA,https://luachonnhadat.vn/vnt_upload/product/03_2026/03a4830f79d102f2f254fc37d2806a98.jpg,https://luachonnhadat.vn/nha-dat/cho-thue-nha-mt-duong-tinh-lo-10-p-tan-tao-dt-19-x-48m-1-lung-gia-150-trieu-thang-1773194480.html,https://luachonnhadat.vn/nha-dat/cho-thue-nha-mt-duong-tinh-lo-10-p-tan-tao-dt-19-x-48m-1-lung-gia-150-trieu-thang-1773194480.html,2026-03-11,2026-06-03T08:41:15Z,2,150,164473.68421052632,0,1
luachonnhadat,rent,luachonnhadat_44077,luachonnhadat_44077,"Cho thuê nhà góc 2MT đường Số 50, P. Tân Tạo, DT 4 x 16m, 3.5 tấm, giá 20 triệu/tháng",20000000,20 Triệu/căn,64,NA,"Bình Tân, Hồ Chí Minh",Unknown,NA,Bình Tân,NA,Nhà phố,NA,NA,https://luachonnhadat.vn/vnt_upload/product/05_2022/280740246_5307138899324705_8490492404140742502_n.jpg,https://luachonnhadat.vn/nha-dat/cho-thue-nha-goc-2mt-duong-so-50-p-tan-tao-dt-4-x-16m-3-5-tam-gia-20-trieu-thang.html,https://luachonnhadat.vn/nha-dat/cho-thue-nha-goc-2mt-duong-so-50-p-tan-tao-dt-4-x-16m-3-5-tam-gia-20-trieu-thang.html,2026-03-03,2026-06-03T08:41:15Z,2,20,312500,0,1
luachonnhadat,rent,luachonnhadat_48596,luachonnhadat_48596,"Cho thuê nhà hẻm 230 Mã Lò, P. Bình Trị Đông A, 4.3 x 12m, 3.5 tấm, giá 13 triệu/tháng",13000000,13 Triệu/tháng,51,NA,"Bình Tân, Hồ Chí Minh",Unknown,NA,Bình Tân,NA,Nhà phố,NA,NA,https://luachonnhadat.vn/vnt_upload/product/07_2025/cecc643fdd6c495e98eeb55fc97c36bb.jpg,https://luachonnhadat.vn/nha-dat/cho-thue-nha-hem-230-ma-lo-p-binh-tri-dong-a-4-3-x-12m-3-5-tam-gia-13-trieu-thang-1772422105.html,https://luachonnhadat.vn/nha-dat/cho-thue-nha-hem-230-ma-lo-p-binh-tri-dong-a-4-3-x-12m-3-5-tam-gia-13-trieu-thang-1772422105.html,2026-03-02,2026-06-03T08:41:15Z,2,13,254901.9607843137,0,1
luachonnhadat,rent,luachonnhadat_49463,luachonnhadat_49463,"Cho thuê nhà MT đường Liên Khu 2-10, P. Bình Hưng Hoà A, DT 4 x 17m, 3 tấm, giá 17 triệu/tháng",17000000,17 Triệu/tháng,68,NA,"Bình Tân, Hồ Chí Minh",Unknown,NA,Bình Tân,NA,Nhà phố,NA,NA,https://luachonnhadat.vn/vnt_upload/product/01_2026/fd4ce99e81f9a094e57118d19213eed1.jpg,https://luachonnhadat.vn/nha-dat/cho-thue-nha-mt-duong-lien-khu-2-10-p-binh-hung-hoa-a-dt-4-x-17m-3-tam-gia-17-trieu-thang.html,https://luachonnhadat.vn/nha-dat/cho-thue-nha-mt-duong-lien-khu-2-10-p-binh-hung-hoa-a-dt-4-x-17m-3-tam-gia-17-trieu-thang.html,2026-03-02,2026-06-03T08:41:15Z,2,17,250000,0,1
luachonnhadat,rent,luachonnhadat_49611,luachonnhadat_49611,"Cho thuê nhà MT đường Số 57, P. Tân Tạo, 5 x 20m, 3.5 tấm, giá 29 triệu/tháng",29000000,29 Triệu/tháng,100,NA,"Bình Tân, Hồ Chí Minh",Unknown,NA,Bình Tân,NA,Nhà phố,NA,NA,https://luachonnhadat.vn/vnt_upload/product/03_2026/6bf4c5379f7a36d6b1f2370edfa088a6.jpg,https://luachonnhadat.vn/nha-dat/cho-thue-nha-mt-duong-so-57-p-tan-tao-5-x-20m-3-5-tam-gia-29-trieu-thang.html,https://luachonnhadat.vn/nha-dat/cho-thue-nha-mt-duong-so-57-p-tan-tao-5-x-20m-3-5-tam-gia-29-trieu-thang.html,2026-03-02,2026-06-03T08:41:15Z,2,29,290000,0,1
luachonnhadat,rent,luachonnhadat_49587,luachonnhadat_49587,"Cho thuê cặp nhà MT đường Hậu Giang, P.2, Q.6, DT 5.5 x 14m, 6 tấm, giá 65 triệu/tháng",65000000,65 Triệu/tháng,77,NA,"Quận 6, Hồ Chí Minh",Unknown,NA,Quận 6,NA,Nhà phố,NA,NA,https://luachonnhadat.vn/vnt_upload/product/02_2026/fd0a722e30f84b97160f16ca28fdad0c.jpg,https://luachonnhadat.vn/nha-dat/cho-thue-cap-nha-mt-duong-hau-giang-p-2-q-6-dt-5-5-x-14m-6-tam-gia-65-trieu-thang-1772076050.html,https://luachonnhadat.vn/nha-dat/cho-thue-cap-nha-mt-duong-hau-giang-p-2-q-6-dt-5-5-x-14m-6-tam-gia-65-trieu-thang-1772076050.html,2026-02-26,2026-06-03T08:41:15Z,2,65,844155.8441558442,0,1
luachonnhadat,rent,luachonnhadat_49527,luachonnhadat_49527,"Cho thuê nhà hẻm 51 đường Ông Ích Khiêm, P.5, Q.11, DT 8 x 17.5m, 4 tấm, giá 130 triệu/tháng",130000000,130 Triệu/tháng,140,NA,"Quận 11, Hồ Chí Minh",Unknown,NA,Quận 11,NA,Nhà phố,NA,NA,https://luachonnhadat.vn/vnt_upload/product/01_2026/71e087d9f2eaafd8448fd56060644263.jpg,https://luachonnhadat.vn/nha-dat/cho-thue-nha-hem-51-duong-ong-ich-khiem-p-5-q-11-dt-8-x-17-5m-4-tam-gia-130-trieu-thang.html,https://luachonnhadat.vn/nha-dat/cho-thue-nha-hem-51-duong-ong-ich-khiem-p-5-q-11-dt-8-x-17-5m-4-tam-gia-130-trieu-thang.html,2026-01-26,2026-06-03T08:41:15Z,2,130,928571.4285714284,0,1
luachonnhadat,rent,luachonnhadat_49520,luachonnhadat_49520,"Cho thuê nhà khu Tên Lửa, MT đường Số 34, DT 4 x 20m, 3.5 tấm, giá 28 triệu/tháng",28000000,28 Triệu/tháng,80,NA,"Bình Tân, Hồ Chí Minh",Unknown,NA,Bình Tân,NA,Nhà phố,NA,NA,https://luachonnhadat.vn/vnt_upload/product/01_2026/58e239172123059d6dbf7bf67d7e47ce.jpg,https://luachonnhadat.vn/nha-dat/cho-thue-nha-khu-ten-lua-mt-duong-so-34-dt-4-x-20m-3-5-tam-gia-28-trieu-thang.html,https://luachonnhadat.vn/nha-dat/cho-thue-nha-khu-ten-lua-mt-duong-so-34-dt-4-x-20m-3-5-tam-gia-28-trieu-thang.html,2026-01-26,2026-06-03T08:41:15Z,2,28,350000,0,1
luachonnhadat,rent,luachonnhadat_49503,luachonnhadat_49503,"Cho thuê nhà MT đường Bình Long, P. Bình Hưng Hòa A, 9.5 x 40m, 2 tấm, giá 75 triệu/tháng",75000000,75 Triệu/tháng,380,NA,"Bình Tân, Hồ Chí Minh",Unknown,NA,Bình Tân,NA,Nhà phố,NA,NA,https://luachonnhadat.vn/vnt_upload/product/01_2026/f698949d140fc73f0f9006b11847831b.jpg,https://luachonnhadat.vn/nha-dat/cho-thue-nha-mt-duong-binh-long-p-binh-hung-hoa-a-9-5-x-40m-2-tam-gia-75-trieu-thang.html,https://luachonnhadat.vn/nha-dat/cho-thue-nha-mt-duong-binh-long-p-binh-hung-hoa-a-9-5-x-40m-2-tam-gia-75-trieu-thang.html,2026-01-21,2026-06-03T08:41:15Z,2,75,197368.42105263157,0,1
luachonnhadat,rent,luachonnhadat_49485,luachonnhadat_49485,"Cho thuê nhà MT đường Võ Văn Kiệt, P.7, Q.6, DT 3.2 x 8m, 3.5 tấm, giá 16 triệu/tháng",16000000,16 Triệu/tháng,25,NA,"Quận 6, Hồ Chí Minh",Unknown,NA,Quận 6,NA,Nhà phố,NA,NA,https://luachonnhadat.vn/vnt_upload/product/01_2026/c375d25605f6a4ecbb249f60a1966ebd.jpg,https://luachonnhadat.vn/nha-dat/cho-thue-nha-mt-duong-vo-van-kiet-p-7-q-6-dt-3-2-x-8m-3-5-tam-gia-16-trieu-thang-1768528684.html,https://luachonnhadat.vn/nha-dat/cho-thue-nha-mt-duong-vo-van-kiet-p-7-q-6-dt-3-2-x-8m-3-5-tam-gia-16-trieu-thang-1768528684.html,2026-01-16,2026-06-03T08:41:15Z,2,16,640000,0,1
luachonnhadat,rent,luachonnhadat_49470,luachonnhadat_49470,"Cho thuê nhà khu Tên Lửa, góc 2MT đường Số 36, DT 4 x 18m, 4.5 tấm, giá 22 triệu/tháng",22000000,22 Triệu/tháng,72,NA,"Bình Tân, Hồ Chí Minh",Unknown,NA,Bình Tân,NA,Nhà phố,NA,NA,https://luachonnhadat.vn/vnt_upload/product/01_2026/aeeeddd03d0da0a4eaf1621319cb5038.jpg,https://luachonnhadat.vn/nha-dat/cho-thue-nha-khu-ten-lua-goc-2mt-duong-so-36-dt-4-x-18m-4-5-tam-gia-22-trieu-thang.html,https://luachonnhadat.vn/nha-dat/cho-thue-nha-khu-ten-lua-goc-2mt-duong-so-36-dt-4-x-18m-4-5-tam-gia-22-trieu-thang.html,2026-01-14,2026-06-03T08:41:15Z,2,22,305555.55555555556,0,1
luachonnhadat,rent,luachonnhadat_2717,luachonnhadat_2717,"Cho thuê nhà MT đường Kinh Dương Vương, P.12, Q.6, DT 8 x 15m, 4.5 tấm, giá 80 triệu/tháng",80000000,80 Triệu/tháng,120,NA,"Quận 6, Hồ Chí Minh",Unknown,NA,Quận 6,NA,Nhà phố,NA,NA,https://luachonnhadat.vn/vnt_upload/product/07_2022/KDV_BT_1.jpg,https://luachonnhadat.vn/nha-dat/cho-thue-nha-mt-duong-kinh-duong-vuong-p-12-q-6-dt-8-x-15m-4-5-tam-gia-80-trieu-thang.html,https://luachonnhadat.vn/nha-dat/cho-thue-nha-mt-duong-kinh-duong-vuong-p-12-q-6-dt-8-x-15m-4-5-tam-gia-80-trieu-thang.html,2026-01-07,2026-06-03T08:41:15Z,2,80,666666.6666666666,0,1
luachonnhadat,rent,luachonnhadat_43201,luachonnhadat_43201,"Cho thuê cặp nhà khu Tên Lửa, góc 2MT đường Số 27, DT 4 x 20m/căn, giá 50 triệu/tháng",50000000,50 Triệu/tháng,80,NA,"Bình Tân, Hồ Chí Minh",Unknown,NA,Bình Tân,NA,Nhà phố,NA,NA,https://luachonnhadat.vn/vnt_upload/product/11_2021/660.jpg,https://luachonnhadat.vn/nha-dat/cho-thue-cap-nha-khu-ten-lua-goc-2mt-duong-so-27-dt-4-x-20m-can-gia-50-trieu-thang.html,https://luachonnhadat.vn/nha-dat/cho-thue-cap-nha-khu-ten-lua-goc-2mt-duong-so-27-dt-4-x-20m-can-gia-50-trieu-thang.html,2026-01-05,2026-06-03T08:41:15Z,2,50,625000,0,1
luachonnhadat,rent,luachonnhadat_48171,luachonnhadat_48171,"Cho thuê nhà khu Cư Xá Rada, MT đường Số 5, P.13, Q.6, DT 4 x 16m, 1 lửng, giá 11 triệu/tháng",11000000,11 Triệu/tháng,64,NA,"Quận 6, Hồ Chí Minh",Unknown,NA,Quận 6,NA,Nhà phố,NA,NA,https://luachonnhadat.vn/vnt_upload/product/03_2025/418133892bdce9cb5059298e24f69134.jpg,https://luachonnhadat.vn/nha-dat/cho-thue-nha-khu-cu-xa-rada-mt-duong-so-5-p-13-q-6-dt-4-x-16m-1-lung-gia-11-trieu-thang.html,https://luachonnhadat.vn/nha-dat/cho-thue-nha-khu-cu-xa-rada-mt-duong-so-5-p-13-q-6-dt-4-x-16m-1-lung-gia-11-trieu-thang.html,2026-01-05,2026-06-03T08:41:15Z,2,11,171875,0,1
luachonnhadat,rent,luachonnhadat_49341,luachonnhadat_49341,"Cho thuê nhà MT đường Cao Văn Lầu, P.1, Q.6, DT 4 x 18m, 4 tấm, giá 50 triệu/tháng",50000000,50 Triệu/tháng,72,NA,"Quận 6, Hồ Chí Minh",Unknown,NA,Quận 6,NA,Nhà phố,NA,NA,https://luachonnhadat.vn/vnt_upload/product/12_2025/f8c1357a939d62fae2527aa4106956be.jpg,https://luachonnhadat.vn/nha-dat/cho-thue-nha-mt-duong-cao-van-lau-p-1-q-6-dt-4-x-18m-4-tam-gia-50-trieu-thang-1765936642.html,https://luachonnhadat.vn/nha-dat/cho-thue-nha-mt-duong-cao-van-lau-p-1-q-6-dt-4-x-18m-4-tam-gia-50-trieu-thang-1765936642.html,2026-01-05,2026-06-03T08:41:15Z,2,50,694444.4444444445,0,1
luachonnhadat,rent,luachonnhadat_49433,luachonnhadat_49433,"Cho thuê nhà MT đường Lũy Bán Bích, P. Phú Thạnh, 4 x 14m, 3 tấm, giá 18 triệu/tháng",18000000,18 Triệu/tháng,56,NA,"Tân Phú, Hồ Chí Minh",Unknown,NA,Tân Phú,NA,Nhà phố,NA,NA,https://luachonnhadat.vn/vnt_upload/product/01_2026/445f6849945c0e2d30941728afd46abe.jpg,https://luachonnhadat.vn/nha-dat/cho-thue-nha-mt-duong-luy-ban-bich-p-phu-thanh-4-x-14m-3-tam-gia-18-trieu-thang.html,https://luachonnhadat.vn/nha-dat/cho-thue-nha-mt-duong-luy-ban-bich-p-phu-thanh-4-x-14m-3-tam-gia-18-trieu-thang.html,2026-01-05,2026-06-03T08:41:15Z,2,18,321428.5714285714,0,1
luachonnhadat,rent,luachonnhadat_41005,luachonnhadat_41005,"Cho thuê nhà khu Tên Lửa, MT đường Tên Lửa nhỏ, 4 x 25m, cấp 4, giá 13 triệu/tháng.",13000000,13 Triệu/tháng,100,NA,"Bình Tân, Hồ Chí Minh",Unknown,NA,Bình Tân,NA,Nhà phố,NA,NA,https://luachonnhadat.vn/vnt_upload/product/12_2025/250023375e2b2721c878b574e8388b57.jpg,https://luachonnhadat.vn/nha-dat/cho-thue-nha-khu-ten-lua-mt-duong-ten-lua-nho-4-x-25m-cap-4-gia-13-trieu-thang-.html,https://luachonnhadat.vn/nha-dat/cho-thue-nha-khu-ten-lua-mt-duong-ten-lua-nho-4-x-25m-cap-4-gia-13-trieu-thang-.html,2025-12-31,2026-06-03T08:41:15Z,2,13,130000,0,1
luachonnhadat,rent,luachonnhadat_49423,luachonnhadat_49423,"Cho thuê nhà khu Cư Xá Rada, MT đường Số 8, DT 4 x 16m, cấp 4, giá 10 triệu/tháng",10000000,10 Triệu/tháng,64,NA,"Quận 6, Hồ Chí Minh",Unknown,NA,Quận 6,NA,Nhà phố,NA,NA,https://luachonnhadat.vn/vnt_upload/product/12_2025/c4aedfcbe0192fcdb45dfef7ffac9b12.jpg,https://luachonnhadat.vn/nha-dat/cho-thue-nha-khu-cu-xa-rada-mt-duong-so-8-dt-4-x-16m-cap-4-gia-10-trieu-thang.html,https://luachonnhadat.vn/nha-dat/cho-thue-nha-khu-cu-xa-rada-mt-duong-so-8-dt-4-x-16m-cap-4-gia-10-trieu-thang.html,2025-12-31,2026-06-03T08:41:15Z,2,10,156250,0,1
luachonnhadat,rent,luachonnhadat_44311,luachonnhadat_44311,"Cho thuê nhà khu Tên Lửa, MT đường Số 8, DT 6 x 20m, 3.5 tấm, giá 40 triệu/tháng.",40000000,40 Triệu/tháng,120,NA,"Bình Tân, Hồ Chí Minh",Unknown,NA,Bình Tân,NA,Nhà phố,NA,NA,https://luachonnhadat.vn/vnt_upload/product/06_2022/289958479_414038007317403_8306506985457366537_n.jpg,https://luachonnhadat.vn/nha-dat/cho-thue-nha-khu-ten-lua-mt-duong-so-8-dt-6-x-20m-3-5-tam-gia-40-trieu-thang--1767060399.html,https://luachonnhadat.vn/nha-dat/cho-thue-nha-khu-ten-lua-mt-duong-so-8-dt-6-x-20m-3-5-tam-gia-40-trieu-thang--1767060399.html,2025-12-30,2026-06-03T08:41:15Z,2,40,333333.3333333333,0,1
luachonnhadat,rent,luachonnhadat_49407,luachonnhadat_49407,"Cho thuê nhà MT đường Tỉnh Lộ 10, P. Tân Tạo, DT 9 x 26m, 4.5 tấm, giá 100 triệu/tháng",100000000,100 Triệu/tháng,234,NA,"Bình Tân, Hồ Chí Minh",Unknown,NA,Bình Tân,NA,Nhà phố,NA,NA,https://luachonnhadat.vn/vnt_upload/product/12_2025/29d2f0aab36d06d3dde6158a619ebc87.jpg,https://luachonnhadat.vn/nha-dat/cho-thue-nha-mt-duong-tinh-lo-10-p-tan-tao-dt-9-x-26m-4-5-tam-gia-100-trieu-thang.html,https://luachonnhadat.vn/nha-dat/cho-thue-nha-mt-duong-tinh-lo-10-p-tan-tao-dt-9-x-26m-4-5-tam-gia-100-trieu-thang.html,2025-12-29,2026-06-03T08:41:15Z,2,100,427350.4273504274,0,1
luachonnhadat,rent,luachonnhadat_47782,luachonnhadat_47782,"Cho thuê nhà hẻm 933 Tỉnh Lộ 10, P. Tân Tạo, 4 x 14m, 2 tấm, giá 10 triệu/tháng",10000000,10 Triệu/tháng,56,NA,"Bình Tân, Hồ Chí Minh",Unknown,NA,Bình Tân,NA,Nhà phố,NA,NA,https://luachonnhadat.vn/vnt_upload/product/12_2024/e6a37013097642151dbc8226ec8b61e2.jpg,https://luachonnhadat.vn/nha-dat/cho-thue-nha-hem-933-tinh-lo-10-p-tan-tao-4-x-14m-2-tam-gia-10-trieu-thang.html,https://luachonnhadat.vn/nha-dat/cho-thue-nha-hem-933-tinh-lo-10-p-tan-tao-4-x-14m-2-tam-gia-10-trieu-thang.html,2025-12-26,2026-06-03T08:41:15Z,2,10,178571.42857142858,0,1
luachonnhadat,rent,luachonnhadat_49393,luachonnhadat_49393,"Cho thuê nhà MT đường Số 46, P. Tân Tạo, 5 x 20m, 4.5 tấm + hầm, giá 25 triệu/tháng",25000000,25 Triệu/tháng,100,NA,"Bình Tân, Hồ Chí Minh",Unknown,NA,Bình Tân,NA,Nhà phố,NA,NA,https://luachonnhadat.vn/vnt_upload/product/12_2025/a1a541c71e16e0bde5486ef7da70851f.jpg,https://luachonnhadat.vn/nha-dat/cho-thue-nha-mt-duong-so-46-p-tan-tao-5-x-20m-4-5-tam-ham-gia-25-trieu-thang-1766479898.html,https://luachonnhadat.vn/nha-dat/cho-thue-nha-mt-duong-so-46-p-tan-tao-5-x-20m-4-5-tam-ham-gia-25-trieu-thang-1766479898.html,2025-12-23,2026-06-03T08:41:15Z,2,25,250000,0,1
luachonnhadat,rent,luachonnhadat_49363,luachonnhadat_49363,"Cho thuê nhà khu Nam Hùng Vương, MT đường Số 2, DT 4 x 23m, 3 tấm, giá 18 triệu/tháng",18000000,18 Triệu/tháng,92,NA,"Bình Tân, Hồ Chí Minh",Unknown,NA,Bình Tân,NA,Nhà phố,NA,NA,https://luachonnhadat.vn/vnt_upload/product/12_2025/fb0d8068bda21963f8c6b1f87622a094.jpg,https://luachonnhadat.vn/nha-dat/cho-thue-nha-khu-nam-hung-vuong-mt-duong-so-2-dt-4-x-23m-3-tam-gia-18-trieu-thang-1766370296.html,https://luachonnhadat.vn/nha-dat/cho-thue-nha-khu-nam-hung-vuong-mt-duong-so-2-dt-4-x-23m-3-tam-gia-18-trieu-thang-1766370296.html,2025-12-22,2026-06-03T08:41:15Z,2,18,195652.1739130435,0,1
luachonnhadat,rent,luachonnhadat_49367,luachonnhadat_49367,"Cho thuê nhà khu Tên Lửa, MT đường Số 25A, DT 4 x 20m, 3.5 tấm, giá 19 triệu/tháng",19000000,19 Triệu/tháng,80,NA,"Bình Tân, Hồ Chí Minh",Unknown,NA,Bình Tân,NA,Nhà phố,NA,NA,https://luachonnhadat.vn/vnt_upload/product/12_2025/7b55eb5241908291a8a281a7f065fa41.jpg,https://luachonnhadat.vn/nha-dat/cho-thue-nha-khu-ten-lua-mt-duong-so-25a-dt-4-x-20m-3-5-tam-gia-19-trieu-thang.html,https://luachonnhadat.vn/nha-dat/cho-thue-nha-khu-ten-lua-mt-duong-so-25a-dt-4-x-20m-3-5-tam-gia-19-trieu-thang.html,2025-12-19,2026-06-03T08:41:15Z,2,19,237500,0,1
luachonnhadat,rent,luachonnhadat_49359,luachonnhadat_49359,"Cho thuê nhà MT lô O Cư Xá Phú Lâm D, P.10, Q.6, DT 4 x 16m, 1 lầu, giá 11 triệu/tháng",11000000,11 Triệu/tháng,64,NA,"Quận 6, Hồ Chí Minh",Unknown,NA,Quận 6,NA,Nhà phố,NA,NA,https://luachonnhadat.vn/vnt_upload/product/12_2025/711f99de78ab4fce4ce6ec1fcaea4d3b.jpg,https://luachonnhadat.vn/nha-dat/cho-thue-nha-mt-lo-o-cu-xa-phu-lam-d-p-10-q-6-dt-4-x-16m-1-lau-gia-11-trieu-thang.html,https://luachonnhadat.vn/nha-dat/cho-thue-nha-mt-lo-o-cu-xa-phu-lam-d-p-10-q-6-dt-4-x-16m-1-lau-gia-11-trieu-thang.html,2025-12-19,2026-06-03T08:41:15Z,2,11,171875,0,1
luachonnhadat,rent,luachonnhadat_49342,luachonnhadat_49342,"Cho thuê nhà khu Bình Phú, MT đường Số 39, DT 3 x 10m, 4 tấm, giá 13 triệu/tháng",13000000,13 Triệu/tháng,30,NA,"Quận 6, Hồ Chí Minh",Unknown,NA,Quận 6,NA,Nhà phố,NA,NA,https://luachonnhadat.vn/vnt_upload/product/12_2025/5bbeef11a39c5620f9da972cf6ef3c1c.jpg,https://luachonnhadat.vn/nha-dat/cho-thue-nha-khu-binh-phu-mt-duong-so-39-dt-3-x-10m-4-tam-gia-13-trieu-thang-1765959055.html,https://luachonnhadat.vn/nha-dat/cho-thue-nha-khu-binh-phu-mt-duong-so-39-dt-3-x-10m-4-tam-gia-13-trieu-thang-1765959055.html,2025-12-17,2026-06-03T08:41:15Z,2,13,433333.3333333333,0,1
luachonnhadat,rent,luachonnhadat_49334,luachonnhadat_49334,"Cho thuê nhà MT đường Tỉnh Lộ 10, P. Bình Trị Đông B, DT 4 x 34m, cấp 4, giá 25 triệu/tháng",25000000,25 Triệu/tháng,136,NA,"Bình Tân, Hồ Chí Minh",Unknown,NA,Bình Tân,NA,Nhà phố,NA,NA,https://luachonnhadat.vn/vnt_upload/product/12_2025/03953993d5e2f1e72a82bd711b23ae91.jpg,https://luachonnhadat.vn/nha-dat/cho-thue-nha-mt-duong-tinh-lo-10-p-binh-tri-dong-b-dt-4-x-34m-cap-4-gia-25-trieu-thang.html,https://luachonnhadat.vn/nha-dat/cho-thue-nha-mt-duong-tinh-lo-10-p-binh-tri-dong-b-dt-4-x-34m-cap-4-gia-25-trieu-thang.html,2025-12-15,2026-06-03T08:41:15Z,2,25,183823.5294117647,0,1
luachonnhadat,rent,luachonnhadat_39427,luachonnhadat_39427,"Cho thuê nhà MT đường Số 55, P. Tân Tạo, 5 x 16m, 3.5 tấm, giá 18 triệu/tháng.",18000000,18 Triệu/tháng,80,NA,"Bình Tân, Hồ Chí Minh",Unknown,NA,Bình Tân,NA,Nhà phố,NA,NA,https://luachonnhadat.vn/vnt_upload/product/08_2023/816.jpg,https://luachonnhadat.vn/nha-dat/cho-thue-nha-mt-duong-so-55-p-tan-tao-5-x-16m-3-5-tam-gia-18-trieu-thang-.html,https://luachonnhadat.vn/nha-dat/cho-thue-nha-mt-duong-so-55-p-tan-tao-5-x-16m-3-5-tam-gia-18-trieu-thang-.html,2025-12-13,2026-06-03T08:41:15Z,2,18,225000,0,1
luachonnhadat,rent,luachonnhadat_45884,luachonnhadat_45884,"Cho thuê nhà khu Tên Lửa, MT đường Trần Văn Giàu, DT 8 x 20m, 4 tấm, giá 65 triệu/tháng",65000000,65 Triệu/tháng,160,NA,"Bình Tân, Hồ Chí Minh",Unknown,NA,Bình Tân,NA,Nhà phố,NA,NA,https://luachonnhadat.vn/vnt_upload/product/04_2023/223.jpg,https://luachonnhadat.vn/nha-dat/cho-thue-nha-khu-ten-lua-mt-duong-tran-van-giau-dt-8-x-20m-4-tam-gia-65-trieu-thang.html,https://luachonnhadat.vn/nha-dat/cho-thue-nha-khu-ten-lua-mt-duong-tran-van-giau-dt-8-x-20m-4-tam-gia-65-trieu-thang.html,2025-12-12,2026-06-03T08:41:15Z,2,65,406250,0,1
luachonnhadat,rent,luachonnhadat_49296,luachonnhadat_49296,"Cho thuê nhà khu MT đường Quốc Lộ 1A, P. Tân Tạo A, 12 x 30m, cấp 4, giá 23 triệu/tháng",23000000,23 Triệu/tháng,360,NA,"Bình Tân, Hồ Chí Minh",Unknown,NA,Bình Tân,NA,Nhà phố,NA,NA,https://luachonnhadat.vn/vnt_upload/product/12_2025/415118951a129dd74c0907a79d726b05.jpg,https://luachonnhadat.vn/nha-dat/cho-thue-nha-khu-mt-duong-quoc-lo-1a-p-tan-tao-a-12-x-30m-cap-4-gia-23-trieu-thang.html,https://luachonnhadat.vn/nha-dat/cho-thue-nha-khu-mt-duong-quoc-lo-1a-p-tan-tao-a-12-x-30m-cap-4-gia-23-trieu-thang.html,2025-12-08,2026-06-03T08:41:15Z,2,23,63888.88888888889,0,1
luachonnhadat,rent,luachonnhadat_49279,luachonnhadat_49279,"Cho thuê nhà MT đường Hậu Giang, P.5, Q.6, DT 4 x 19m, 4 tấm, giá 65 triệu/tháng.",65000000,65 Triệu/tháng,76,NA,"Quận 6, Hồ Chí Minh",Unknown,NA,Quận 6,NA,Nhà phố,NA,NA,https://luachonnhadat.vn/vnt_upload/product/12_2025/aadd9ec1c614cd1174467166959653a7.jpg,https://luachonnhadat.vn/nha-dat/cho-thue-nha-mt-duong-hau-giang-p-5-q-6-dt-4-x-19m-4-tam-gia-65-trieu-thang--1764906989.html,https://luachonnhadat.vn/nha-dat/cho-thue-nha-mt-duong-hau-giang-p-5-q-6-dt-4-x-19m-4-tam-gia-65-trieu-thang--1764906989.html,2025-12-05,2026-06-03T08:41:15Z,2,65,855263.1578947369,0,1
luachonnhadat,rent,luachonnhadat_5499,luachonnhadat_5499,"Cho thuê nhà MT đường Lò Gốm, P.8, Q.6, DT 6.2 x 21m, cấp 4, giá 18 triệu/tháng",18000000,18 Triệu/tháng,130,NA,"Quận 6, Hồ Chí Minh",Unknown,NA,Quận 6,NA,Nhà phố,NA,NA,https://luachonnhadat.vn/vnt_upload/product/12_2025/b724c4aa92f49f8361718c0978a10b81.jpg,https://luachonnhadat.vn/nha-dat/cho-thue-nha-mt-duong-lo-gom-p-8-q-6-dt-6-2-x-21m-cap-4-gia-18-trieu-thang-1764727004.html,https://luachonnhadat.vn/nha-dat/cho-thue-nha-mt-duong-lo-gom-p-8-q-6-dt-6-2-x-21m-cap-4-gia-18-trieu-thang-1764727004.html,2025-12-03,2026-06-03T08:41:15Z,2,18,138461.53846153847,0,1
luachonnhadat,rent,luachonnhadat_48397,luachonnhadat_48397,"Cho thuê nhà khu Tên Lửa, MT đường Số 1, DT 4 x 21m, 3.5 tấm, giá 23 triệu/tháng.",23000000,23 Triệu/tháng,84,NA,"Bình Tân, Hồ Chí Minh",Unknown,NA,Bình Tân,NA,Nhà phố,NA,NA,https://luachonnhadat.vn/vnt_upload/product/05_2025/5a7a335a75c809382b224be32f55ef8b.jpg,https://luachonnhadat.vn/nha-dat/cho-thue-nha-khu-ten-lua-mt-duong-so-1-dt-4-x-21m-3-5-tam-gia-23-trieu-thang-.html,https://luachonnhadat.vn/nha-dat/cho-thue-nha-khu-ten-lua-mt-duong-so-1-dt-4-x-21m-3-5-tam-gia-23-trieu-thang-.html,2025-12-03,2026-06-03T08:41:15Z,2,23,273809.5238095238,0,1
luachonnhadat,rent,luachonnhadat_39763,luachonnhadat_39763,"Cho thuê nhà khu Tên Lửa, góc 2MT đường Vành Đai Trong, DT 12 x 20m, 3.5 tấm, giá 180 triệu/tháng",180000000,180 Triệu/tháng,240,NA,"Bình Tân, Hồ Chí Minh",Unknown,NA,Bình Tân,NA,Nhà phố,NA,NA,https://luachonnhadat.vn/vnt_upload/product/11_2025/a9edf2106fa77a20569fd0804bb82dad.jpg,https://luachonnhadat.vn/nha-dat/cho-thue-nha-khu-ten-lua-goc-2mt-duong-vanh-dai-trong-dt-12-x-20m-3-5-tam-gia-180-trieu-thang-1764337304.html,https://luachonnhadat.vn/nha-dat/cho-thue-nha-khu-ten-lua-goc-2mt-duong-vanh-dai-trong-dt-12-x-20m-3-5-tam-gia-180-trieu-thang-1764337304.html,2025-11-28,2026-06-03T08:41:15Z,2,180,750000,0,1
luachonnhadat,rent,luachonnhadat_49234,luachonnhadat_49234,"Cho thuê nhà Góc 2MT đường Trần Văn Giàu, P. Tân Tạo, 10 x 30m, cấp 4, giá 60 triệu/tháng",60000000,60 Triệu/tháng,300,NA,"Bình Tân, Hồ Chí Minh",Unknown,NA,Bình Tân,NA,Nhà phố,NA,NA,https://luachonnhadat.vn/vnt_upload/product/11_2025/3071ab3f2ea619c3d9581ca82d222f73.jpg,https://luachonnhadat.vn/nha-dat/cho-thue-nha-goc-2mt-duong-tran-van-giau-p-tan-tao-10-x-30m-cap-4-gia-60-trieu-thang-1764215408.html,https://luachonnhadat.vn/nha-dat/cho-thue-nha-goc-2mt-duong-tran-van-giau-p-tan-tao-10-x-30m-cap-4-gia-60-trieu-thang-1764215408.html,2025-11-27,2026-06-03T08:41:15Z,2,60,200000,0,1
luachonnhadat,rent,luachonnhadat_49236,luachonnhadat_49236,"Cho thuê mặt bằng khu Tên Lửa, góc 2MT đường Số 1 lô V, DT 8 x 13.5m, giá 12 triệu/tháng.",12000000,12 Triệu/tháng,108,NA,"Bình Tân, Hồ Chí Minh",Unknown,NA,Bình Tân,NA,Mặt bằng,NA,NA,https://luachonnhadat.vn/vnt_upload/product/11_2025/211f579497fc7bff68b5e4470ee89d09.jpg,https://luachonnhadat.vn/nha-dat/cho-thue-mat-bang-khu-ten-lua-goc-2mt-duong-so-1-lo-v-dt-8-x-13-5m-gia-12-trieu-thang-.html,https://luachonnhadat.vn/nha-dat/cho-thue-mat-bang-khu-ten-lua-goc-2mt-duong-so-1-lo-v-dt-8-x-13-5m-gia-12-trieu-thang-.html,2025-11-27,2026-06-03T08:41:15Z,2,12,111111.11111111112,0,1
luachonnhadat,rent,luachonnhadat_49221,luachonnhadat_49221,"Cho thuê nhà MT đường Hậu Giang, P.12, Q.6, DT 5 x 22.7m, 3.5 tấm, giá 100 triệu/tháng.",100000000,100 Triệu/tháng,113,NA,"Quận 6, Hồ Chí Minh",Unknown,NA,Quận 6,NA,Nhà phố,NA,NA,https://luachonnhadat.vn/vnt_upload/product/11_2025/682643235805b8b8adfffd6adeef6ed8.jpg,https://luachonnhadat.vn/nha-dat/cho-thue-nha-mt-duong-hau-giang-p-12-q-6-dt-5-x-22-7m-3-5-tam-gia-100-trieu-thang--1764141966.html,https://luachonnhadat.vn/nha-dat/cho-thue-nha-mt-duong-hau-giang-p-12-q-6-dt-5-x-22-7m-3-5-tam-gia-100-trieu-thang--1764141966.html,2025-11-26,2026-06-03T08:41:15Z,2,100,884955.7522123894,0,1
luachonnhadat,rent,luachonnhadat_46539,luachonnhadat_46539,"Cho thuê Mặt Bằng khu Tên Lửa, MT đường Số 7, DT 12 x 46m, cấp 4, giá 170 triệu/tháng.",170000000,170 Triệu/tháng,552,NA,"Bình Tân, Hồ Chí Minh",Unknown,NA,Bình Tân,NA,Mặt bằng,NA,NA,https://luachonnhadat.vn/vnt_upload/product/12_2023/644.jpg,https://luachonnhadat.vn/nha-dat/cho-thue-mat-bang-khu-ten-lua-mt-duong-so-7-dt-12-x-46m-cap-4-gia-170-trieu-thang-.html,https://luachonnhadat.vn/nha-dat/cho-thue-mat-bang-khu-ten-lua-mt-duong-so-7-dt-12-x-46m-cap-4-gia-170-trieu-thang-.html,2025-11-18,2026-06-03T08:41:15Z,2,170,307971.0144927536,0,1
luachonnhadat,rent,luachonnhadat_49183,luachonnhadat_49183,"Cho thuê nhà MT đường Hậu Giang, P.11, Q.6, DT 4.3 x 25m, 3 tấm, giá 45 triệu/tháng.",45000000,45 Triệu/tháng,107,NA,"Quận 6, Hồ Chí Minh",Unknown,NA,Quận 6,NA,Nhà phố,NA,NA,https://luachonnhadat.vn/vnt_upload/product/11_2025/1bb4b5f5b9e8a4489abdad557a648a67.jpg,https://luachonnhadat.vn/nha-dat/cho-thue-nha-mt-duong-hau-giang-p-11-q-6-dt-4-3-x-25m-3-tam-gia-45-trieu-thang-.html,https://luachonnhadat.vn/nha-dat/cho-thue-nha-mt-duong-hau-giang-p-11-q-6-dt-4-3-x-25m-3-tam-gia-45-trieu-thang-.html,2025-11-18,2026-06-03T08:41:15Z,2,45,420560.7476635514,0,1
luachonnhadat,rent,luachonnhadat_49169,luachonnhadat_49169,"Cho thuê nhà khu Cư Xá Rada, MT đường Số 2, DT 8 x 20m, 1 lầu, giá 20 triệu/tháng",20000000,20 Triệu/tháng,160,NA,"Quận 6, Hồ Chí Minh",Unknown,NA,Quận 6,NA,Nhà phố,NA,NA,https://luachonnhadat.vn/vnt_upload/product/11_2025/91a68da76271fb38411b0626984fcde1.jpg,https://luachonnhadat.vn/nha-dat/cho-thue-nha-khu-cu-xa-rada-mt-duong-so-2-dt-8-x-20m-1-lau-gia-20-trieu-thang.html,https://luachonnhadat.vn/nha-dat/cho-thue-nha-khu-cu-xa-rada-mt-duong-so-2-dt-8-x-20m-1-lau-gia-20-trieu-thang.html,2025-11-15,2026-06-03T08:41:15Z,2,20,125000,0,1
luachonnhadat,rent,luachonnhadat_47877,luachonnhadat_47877,"Cho thuê biệt thự khu Hai Thành, MT đường Số 4, DT 7 x 23m, 3 tấm, giá 45 triệu/tháng",45000000,45 Triệu/tháng,161,NA,"Bình Tân, Hồ Chí Minh",Unknown,NA,Bình Tân,NA,Biệt thự,NA,NA,https://luachonnhadat.vn/vnt_upload/product/01_2025/68f1f2dbb6f514a87a37071f1ade15eb.jpg,https://luachonnhadat.vn/nha-dat/cho-thue-biet-thu-khu-hai-thanh-mt-duong-so-4-dt-7-x-23m-3-tam-gia-45-trieu-thang.html,https://luachonnhadat.vn/nha-dat/cho-thue-biet-thu-khu-hai-thanh-mt-duong-so-4-dt-7-x-23m-3-tam-gia-45-trieu-thang.html,2025-11-10,2026-06-03T08:41:15Z,2,45,279503.1055900621,0,1
luachonnhadat,rent,luachonnhadat_49131,luachonnhadat_49131,"Cho thuê biệt thự khu Tên Lửa, góc 2MT đường Số 19, DT 10 x 20m, 3.5 tấm, giá 75 triệu/tháng",75000000,75 Triệu/tháng,200,NA,"Bình Tân, Hồ Chí Minh",Unknown,NA,Bình Tân,NA,Biệt thự,NA,NA,https://luachonnhadat.vn/vnt_upload/product/11_2025/8084ba761050f69fcf5a0a2be77470be.jpg,https://luachonnhadat.vn/nha-dat/cho-thue-biet-thu-khu-ten-lua-goc-2mt-duong-so-19-dt-10-x-20m-3-5-tam-gia-75-trieu-thang.html,https://luachonnhadat.vn/nha-dat/cho-thue-biet-thu-khu-ten-lua-goc-2mt-duong-so-19-dt-10-x-20m-3-5-tam-gia-75-trieu-thang.html,2025-11-08,2026-06-03T08:41:15Z,2,75,375000,0,1
luachonnhadat,rent,luachonnhadat_49127,luachonnhadat_49127,"Cho thuê Shophouse CC THE WESTERN CAPITAL Lý Chiêu Hoàng, Q.6, DT 8 x 8m, 1 lầu, giá 10 triệu/tháng.",10000000,10 Triệu/tháng,64,NA,"Quận 6, Hồ Chí Minh",Unknown,NA,Quận 6,NA,Shop house,NA,NA,https://luachonnhadat.vn/vnt_upload/product/11_2025/e8de5b47feb91d68e0f0f54b47d6b4ea.jpg,https://luachonnhadat.vn/nha-dat/cho-thue-shophouse-cc-the-western-capital-ly-chieu-hoang-q-6-dt-8-x-8m-1-lau-gia-10-trieu-thang-.html,https://luachonnhadat.vn/nha-dat/cho-thue-shophouse-cc-the-western-capital-ly-chieu-hoang-q-6-dt-8-x-8m-1-lau-gia-10-trieu-thang-.html,2025-11-06,2026-06-03T08:41:15Z,2,10,156250,0,1
luachonnhadat,rent,luachonnhadat_49126,luachonnhadat_49126,"Cho thuê nhà khu Tên Lửa, MT đường Tên Lửa, 4.5 x 20m, 3.5 tấm, giá 35 triệu/tháng.",35000000,35 Triệu/tháng,90,NA,"Bình Tân, Hồ Chí Minh",Unknown,NA,Bình Tân,NA,Nhà phố,NA,NA,https://luachonnhadat.vn/vnt_upload/product/11_2025/b2338e06d3b332820547f05ca6ebc0ce.jpg,https://luachonnhadat.vn/nha-dat/cho-thue-nha-khu-ten-lua-mt-duong-ten-lua-4-5-x-20m-3-5-tam-gia-35-trieu-thang--1762400287.html,https://luachonnhadat.vn/nha-dat/cho-thue-nha-khu-ten-lua-mt-duong-ten-lua-4-5-x-20m-3-5-tam-gia-35-trieu-thang--1762400287.html,2025-11-06,2026-06-03T08:41:15Z,2,35,388888.8888888889,0,1
luachonnhadat,rent,luachonnhadat_49105,luachonnhadat_49105,"Cho thuê nhà hẻm 270 Lê Đình Cẩn, P. Tân Tạo, 4 x 17m, 3.5 tấm, giá 15 triệu/tháng",15000000,15 Triệu/tháng,68,NA,"Bình Tân, Hồ Chí Minh",Unknown,NA,Bình Tân,NA,Nhà phố,NA,NA,https://luachonnhadat.vn/vnt_upload/product/11_2025/bf1d03d609c0203959c780c0590f88a5.jpg,https://luachonnhadat.vn/nha-dat/cho-thue-nha-hem-270-le-dinh-can-p-tan-tao-4-x-17m-3-5-tam-gia-15-trieu-thang.html,https://luachonnhadat.vn/nha-dat/cho-thue-nha-hem-270-le-dinh-can-p-tan-tao-4-x-17m-3-5-tam-gia-15-trieu-thang.html,2025-11-01,2026-06-03T08:41:15Z,2,15,220588.23529411765,0,1
luachonnhadat,rent,luachonnhadat_49093,luachonnhadat_49093,"Cho thuê mặt bằng biệt thự khu Tên Lửa, MT đường Số 5, DT 10 x 20m, giá 25 triệu/tháng",25000000,25 Triệu/tháng,200,NA,"Bình Tân, Hồ Chí Minh",Unknown,NA,Bình Tân,NA,Biệt thự,NA,NA,https://luachonnhadat.vn/vnt_upload/product/10_2025/0a6eca452bb28dde464e2fb40ec65166.jpg,https://luachonnhadat.vn/nha-dat/cho-thue-mat-bang-biet-thu-khu-ten-lua-mt-duong-so-5-dt-10-x-20m-gia-25-trieu-thang.html,https://luachonnhadat.vn/nha-dat/cho-thue-mat-bang-biet-thu-khu-ten-lua-mt-duong-so-5-dt-10-x-20m-gia-25-trieu-thang.html,2025-10-31,2026-06-03T08:41:15Z,2,25,125000,0,1
luachonnhadat,rent,luachonnhadat_44080,luachonnhadat_44080,"Cho thuê nhà MT đường Số 49, DT 4 x 18m, 3.5 tấm, giá 18 triệu/tháng",18000000,18 Triệu/tháng,72,NA,"Bình Tân, Hồ Chí Minh",Unknown,NA,Bình Tân,NA,Nhà phố,NA,NA,https://luachonnhadat.vn/vnt_upload/product/05_2022/280557324_5307157569322838_8137795625704373065_n.jpg,https://luachonnhadat.vn/nha-dat/cho-thue-nha-mt-duong-so-49-dt-4-x-18m-3-5-tam-gia-18-trieu-thang.html,https://luachonnhadat.vn/nha-dat/cho-thue-nha-mt-duong-so-49-dt-4-x-18m-3-5-tam-gia-18-trieu-thang.html,2025-10-31,2026-06-03T08:41:15Z,2,18,250000,0,1
luachonnhadat,rent,luachonnhadat_49070,luachonnhadat_49070,"Cho thuê nhà góc 2MT đường Hương Lộ 2, P. Bình Trị Đông, 10 x 32m, 4 tấm, giá 60 triệu/tháng",60000000,60 Triệu/tháng,320,NA,"Bình Tân, Hồ Chí Minh",Unknown,NA,Bình Tân,NA,Nhà phố,NA,NA,https://luachonnhadat.vn/vnt_upload/product/10_2025/c0477f72af276ecda6494d03bb882889.jpg,https://luachonnhadat.vn/nha-dat/cho-thue-nha-goc-2mt-duong-huong-lo-2-p-binh-tri-dong-10-x-32m-4-tam-gia-60-trieu-thang.html,https://luachonnhadat.vn/nha-dat/cho-thue-nha-goc-2mt-duong-huong-lo-2-p-binh-tri-dong-10-x-32m-4-tam-gia-60-trieu-thang.html,2025-10-24,2026-06-03T08:41:15Z,2,60,187500,0,1
luachonnhadat,rent,luachonnhadat_20146,luachonnhadat_20146,"Cho thuê biệt thự khu Hai Thành, MT đường Số 4, DT 7 x 20m, 3 tấm, giá 40 triệu/tháng",40000000,40 Triệu/tháng,140,NA,"Bình Tân, Hồ Chí Minh",Unknown,NA,Bình Tân,NA,Biệt thự,NA,NA,https://luachonnhadat.vn/vnt_upload/product/02_2022/505.jpg,https://luachonnhadat.vn/nha-dat/cho-thue-biet-thu-khu-hai-thanh-mt-duong-so-4-dt-7-x-20m-3-tam-gia-40-trieu-thang.html,https://luachonnhadat.vn/nha-dat/cho-thue-biet-thu-khu-hai-thanh-mt-duong-so-4-dt-7-x-20m-3-tam-gia-40-trieu-thang.html,2025-10-21,2026-06-03T08:41:15Z,2,40,285714.28571428574,0,1
luachonnhadat,rent,luachonnhadat_49041,luachonnhadat_49041,"Cho thuê biệt thự khu Tên Lửa, góc 2MT đường Số 11A, DT 22 x 25m, 3 tấm, giá 100 triệu/tháng",100000000,100 Triệu/tháng,550,NA,"Bình Tân, Hồ Chí Minh",Unknown,NA,Bình Tân,NA,Biệt thự,NA,NA,https://luachonnhadat.vn/vnt_upload/product/10_2025/6cfd90b54d58fcd977853d1839647aef.jpg,https://luachonnhadat.vn/nha-dat/cho-thue-biet-thu-khu-ten-lua-goc-2mt-duong-so-11a-dt-22-x-25m-3-tam-gia-100-trieu-thang.html,https://luachonnhadat.vn/nha-dat/cho-thue-biet-thu-khu-ten-lua-goc-2mt-duong-so-11a-dt-22-x-25m-3-tam-gia-100-trieu-thang.html,2025-10-18,2026-06-03T08:41:15Z,2,100,181818.18181818185,0,1
luachonnhadat,rent,luachonnhadat_43816,luachonnhadat_43816,"Cho thuê nhà khu Tên Lửa, MT đường Tên Lửa, DT 4.5 x 20m, 4 tấm, giá 25 triệu/tháng.",25000000,25 Triệu/tháng,90,NA,"Bình Tân, Hồ Chí Minh",Unknown,NA,Bình Tân,NA,Nhà phố,NA,NA,https://luachonnhadat.vn/vnt_upload/product/04_2022/9.jpg,https://luachonnhadat.vn/nha-dat/cho-thue-nha-khu-ten-lua-mt-duong-ten-lua-dt-4-5-x-20m-4-tam-gia-25-trieu-thang-.html,https://luachonnhadat.vn/nha-dat/cho-thue-nha-khu-ten-lua-mt-duong-ten-lua-dt-4-5-x-20m-4-tam-gia-25-trieu-thang-.html,2025-10-17,2026-06-03T08:41:15Z,2,25,277777.77777777775,0,1
luachonnhadat,rent,luachonnhadat_49027,luachonnhadat_49027,"Cho thuê nhà MT đường Minh Phụng, P.5, Q.6, DT 4 x 17m, 3.5 tấm, giá 33 triệu/tháng",33000000,33 Triệu/tháng,68,NA,"Quận 6, Hồ Chí Minh",Unknown,NA,Quận 6,NA,Nhà phố,NA,NA,https://luachonnhadat.vn/vnt_upload/product/10_2025/2698539c5ffe59fb2d4adeaf09532ef2.jpg,https://luachonnhadat.vn/nha-dat/cho-thue-nha-mt-duong-minh-phung-p-5-q-6-dt-4-x-17m-3-5-tam-gia-33-trieu-thang.html,https://luachonnhadat.vn/nha-dat/cho-thue-nha-mt-duong-minh-phung-p-5-q-6-dt-4-x-17m-3-5-tam-gia-33-trieu-thang.html,2025-10-16,2026-06-03T08:41:15Z,2,33,485294.1176470588,0,1
luachonnhadat,rent,luachonnhadat_49012,luachonnhadat_49012,"Cho thuê đất khu Tên Lửa gần Aeon Mall, MT đường Số 7B, DT 5 x 20m, giá 5 triệu/tháng",5000000,5 Triệu/tháng,100,NA,"Bình Tân, Hồ Chí Minh",Unknown,NA,Bình Tân,NA,Đất,NA,NA,https://luachonnhadat.vn/vnt_upload/product/10_2025/85b285fcda4d31204bba7e3ee38e269c.jpg,https://luachonnhadat.vn/nha-dat/cho-thue-dat-khu-ten-lua-gan-aeon-mall-mt-duong-so-7b-dt-5-x-20m-gia-5-trieu-thang-1760512514.html,https://luachonnhadat.vn/nha-dat/cho-thue-dat-khu-ten-lua-gan-aeon-mall-mt-duong-so-7b-dt-5-x-20m-gia-5-trieu-thang-1760512514.html,2025-10-15,2026-06-03T08:41:15Z,2,5,50000,0,1
luachonnhadat,rent,luachonnhadat_43937,luachonnhadat_43937,"Cho thuê nhà 2 MT Trước - Sau đường Số 7, DT 10 x 40m, 1 lửng, 10 x 40m, giá 90 triệu/tháng.",90000000,90 Triệu/tháng,400,NA,"Bình Tân, Hồ Chí Minh",Unknown,NA,Bình Tân,NA,Nhà phố,NA,NA,https://luachonnhadat.vn/vnt_upload/product/04_2022/3_2.jpg,https://luachonnhadat.vn/nha-dat/cho-thue-nha-2-mt-truoc-sau-duong-so-7-dt-10-x-40m-1-lung-10-x-40m-gia-90-trieu-thang-.html,https://luachonnhadat.vn/nha-dat/cho-thue-nha-2-mt-truoc-sau-duong-so-7-dt-10-x-40m-1-lung-10-x-40m-gia-90-trieu-thang-.html,2025-10-15,2026-06-03T08:41:15Z,2,90,225000,0,1
luachonnhadat,rent,luachonnhadat_48989,luachonnhadat_48989,"Cho thuê nhà MT đường Lê Quang Sung, P.6, Q.6, DT 7 x 10m, 3 tấm, giá 40 triệu/tháng",40000000,40 Triệu/tháng,70,NA,"Quận 6, Hồ Chí Minh",Unknown,NA,Quận 6,NA,Nhà phố,NA,NA,https://luachonnhadat.vn/vnt_upload/product/10_2025/3afbdb03464d362b56e6f9b181885d84.jpg,https://luachonnhadat.vn/nha-dat/cho-thue-nha-mt-duong-le-quang-sung-p-6-q-6-dt-7-x-10m-3-tam-gia-40-trieu-thang-1760429605.html,https://luachonnhadat.vn/nha-dat/cho-thue-nha-mt-duong-le-quang-sung-p-6-q-6-dt-7-x-10m-3-tam-gia-40-trieu-thang-1760429605.html,2025-10-14,2026-06-03T08:41:15Z,2,40,571428.5714285715,0,1
luachonnhadat,rent,luachonnhadat_32531,luachonnhadat_32531,"Cho thuê nhà khu Tên Lửa, MT đường Số 6A, DT 10 x 25m, 1 lầu, giá 70 triệu/tháng.",70000000,70 Triệu/tháng,250,NA,"Bình Tân, Hồ Chí Minh",Unknown,NA,Bình Tân,NA,Nhà phố,NA,NA,https://luachonnhadat.vn/vnt_upload/product/10_2025/28cde4693cd8e9465faedab09ccc3735.jpg,https://luachonnhadat.vn/nha-dat/cho-thue-nha-khu-ten-lua-mt-duong-so-6a-dt-10-x-25m-1-lau-gia-70-trieu-thang-.html,https://luachonnhadat.vn/nha-dat/cho-thue-nha-khu-ten-lua-mt-duong-so-6a-dt-10-x-25m-1-lau-gia-70-trieu-thang-.html,2025-10-13,2026-06-03T08:41:15Z,2,70,280000,0,1
luachonnhadat,rent,luachonnhadat_49000,luachonnhadat_49000,"Cho thuê căn hộ Block B2 CC StarLight Riverside 241/42 Nguyễn Văn Luông, DT 72m2, giá 11 triệu/tháng",11000000,11 Triệu/tháng,72,NA,"Quận 6, Hồ Chí Minh",Unknown,NA,Quận 6,NA,Căn hộ,NA,NA,https://luachonnhadat.vn/vnt_upload/product/10_2025/82cccb2f1e0665ad27654e08f4357ab6.jpg,https://luachonnhadat.vn/nha-dat/cho-thue-can-ho-block-b2-cc-starlight-riverside-241-42-nguyen-van-luong-dt-72m2-gia-11-trieu-thang.html,https://luachonnhadat.vn/nha-dat/cho-thue-can-ho-block-b2-cc-starlight-riverside-241-42-nguyen-van-luong-dt-72m2-gia-11-trieu-thang.html,2025-10-10,2026-06-03T08:41:15Z,2,11,152777.77777777778,0,1
luachonnhadat,rent,luachonnhadat_44299,luachonnhadat_44299,"Cho thuê mặt bằng khu Tên Lửa, MT đường Vành Đai Trong, DT 6 x 20m, giá 20 triệu/tháng,",20000000,20 Triệu,120,NA,"Bình Tân, Hồ Chí Minh",Unknown,NA,Bình Tân,NA,Mặt bằng,NA,NA,https://luachonnhadat.vn/vnt_upload/product/06_2022/290748304_1062611057984182_5134665657812006507_n.jpg,https://luachonnhadat.vn/nha-dat/cho-thue-mat-bang-khu-ten-lua-mt-duong-vanh-dai-trong-dt-6-x-20m-gia-20-trieu-thang-.html,https://luachonnhadat.vn/nha-dat/cho-thue-mat-bang-khu-ten-lua-mt-duong-vanh-dai-trong-dt-6-x-20m-gia-20-trieu-thang-.html,2025-10-03,2026-06-03T08:41:15Z,2,20,166666.66666666666,0,1
luachonnhadat,rent,luachonnhadat_5788,luachonnhadat_5788,"Cho thuê nhà MT đường An Dương Vương, P.10, Q.6, DT 7.15 x 31m, 3 tấm, giá 45 triệu/tháng",45000000,45 Triệu/tháng,221,NA,"Quận 6, Hồ Chí Minh",Unknown,NA,Quận 6,NA,Nhà phố,NA,NA,https://luachonnhadat.vn/vnt_upload/product/05_2024/294.jpg.jpg,https://luachonnhadat.vn/nha-dat/cho-thue-nha-mt-duong-an-duong-vuong-p-10-q-6-dt-7-15-x-31m-3-tam-gia-45-trieu-thang-1759370766.html,https://luachonnhadat.vn/nha-dat/cho-thue-nha-mt-duong-an-duong-vuong-p-10-q-6-dt-7-15-x-31m-3-tam-gia-45-trieu-thang-1759370766.html,2025-10-02,2026-06-03T08:41:15Z,2,45,203619.90950226245,0,1
luachonnhadat,rent,luachonnhadat_48702,luachonnhadat_48702,"Cho thuê nhà hẻm 184 Lê Đình Cẩn, P Tân Tạo, 4 x 15m, 4 tấm, giá 15 triệu/tháng",15000000,15 Triệu/tháng,60,NA,"Bình Tân, Hồ Chí Minh",Unknown,NA,Bình Tân,NA,Nhà phố,NA,NA,https://luachonnhadat.vn/vnt_upload/product/08_2025/002125df3cfe9545d7b2d6335d1f0861.jpg,https://luachonnhadat.vn/nha-dat/cho-thue-nha-hem-184-le-dinh-can-p-tan-tao-4-x-15m-4-tam-gia-15-trieu-thang-1759301158.html,https://luachonnhadat.vn/nha-dat/cho-thue-nha-hem-184-le-dinh-can-p-tan-tao-4-x-15m-4-tam-gia-15-trieu-thang-1759301158.html,2025-10-01,2026-06-03T08:41:15Z,2,15,250000,0,1
luachonnhadat,rent,luachonnhadat_48944,luachonnhadat_48944,"Cho thuê nhà MT đường Số 46, P. Tân Tạo, 5 x 20m, 3.5 tấm, giá 26 triệu/tháng",26000000,26 Triệu/tháng,100,NA,"Bình Tân, Hồ Chí Minh",Unknown,NA,Bình Tân,NA,Nhà phố,NA,NA,https://luachonnhadat.vn/vnt_upload/product/10_2025/62d8672f6074429def35b1a2d15657fb.jpg,https://luachonnhadat.vn/nha-dat/cho-thue-nha-mt-duong-so-46-p-tan-tao-5-x-20m-3-5-tam-gia-26-trieu-thang.html,https://luachonnhadat.vn/nha-dat/cho-thue-nha-mt-duong-so-46-p-tan-tao-5-x-20m-3-5-tam-gia-26-trieu-thang.html,2025-10-01,2026-06-03T08:41:15Z,2,26,260000,0,1
luachonnhadat,rent,luachonnhadat_48943,luachonnhadat_48943,"Cho thuê nhà MT đường Ao Đôi, P. Bình Trị Đông A, DT 14 x 40m, cấp 4, giá 65 triệu/tháng",65000000,65 Triệu/tháng,560,NA,"Bình Tân, Hồ Chí Minh",Unknown,NA,Bình Tân,NA,Nhà phố,NA,NA,https://luachonnhadat.vn/vnt_upload/product/09_2025/6cbecc53b513c13991556af309a17ca1.jpg,https://luachonnhadat.vn/nha-dat/cho-thue-nha-mt-duong-ao-doi-p-binh-tri-dong-a-dt-14-x-40m-cap-4-gia-65-trieu-thang.html,https://luachonnhadat.vn/nha-dat/cho-thue-nha-mt-duong-ao-doi-p-binh-tri-dong-a-dt-14-x-40m-cap-4-gia-65-trieu-thang.html,2025-09-30,2026-06-03T08:41:15Z,2,65,116071.42857142857,0,1
luachonnhadat,rent,luachonnhadat_48942,luachonnhadat_48942,"Cho thuê nhà khu Lê Thành, MT đường Số 1, P. An Lạc, DT 5 x 14m, 5 tấm, giá 30 triệu/tháng",30000000,30 Triệu/tháng,70,NA,"Bình Tân, Hồ Chí Minh",Unknown,NA,Bình Tân,NA,Nhà phố,NA,NA,https://luachonnhadat.vn/vnt_upload/product/09_2025/b0de81e718cfb70a3e290e17f5bdb2b9.jpg,https://luachonnhadat.vn/nha-dat/cho-thue-nha-khu-le-thanh-mt-duong-so-1-p-an-lac-dt-5-x-14m-5-tam-gia-30-trieu-thang.html,https://luachonnhadat.vn/nha-dat/cho-thue-nha-khu-le-thanh-mt-duong-so-1-p-an-lac-dt-5-x-14m-5-tam-gia-30-trieu-thang.html,2025-09-30,2026-06-03T08:41:15Z,2,30,428571.4285714286,0,1
luachonnhadat,rent,luachonnhadat_48927,luachonnhadat_48927,"Cho thuê nhà góc 2MT đường Minh Phụng, P.5, Q.6, DT 4.4 x 14.4m, NH 9m, cấp 4, giá 100 triệu/tháng",100000000,100 Triệu/tháng,63,NA,"Quận 6, Hồ Chí Minh",Unknown,NA,Quận 6,NA,Nhà phố,NA,NA,https://luachonnhadat.vn/vnt_upload/product/09_2025/953e02c85b16ee999ead05ca07232e8a.jpg,https://luachonnhadat.vn/nha-dat/cho-thue-nha-goc-2mt-duong-minh-phung-p-5-q-6-dt-4-4-x-14-4m-nh-9m-cap-4-gia-100-trieu-thang.html,https://luachonnhadat.vn/nha-dat/cho-thue-nha-goc-2mt-duong-minh-phung-p-5-q-6-dt-4-4-x-14-4m-nh-9m-cap-4-gia-100-trieu-thang.html,2025-09-29,2026-06-03T08:41:15Z,2,100,1587301.5873015872,0,1
luachonnhadat,rent,luachonnhadat_48926,luachonnhadat_48926,"Cho thuê nhà khu Tên Lửa, MT đường Số 29, DT 4 x 18m, 4 tấm, giá 25 triệu/tháng.",25000000,25 Triệu/tháng,72,NA,"Bình Tân, Hồ Chí Minh",Unknown,NA,Bình Tân,NA,Nhà phố,NA,NA,https://luachonnhadat.vn/vnt_upload/product/09_2025/b63a28703de209ecd6141b5aea2f8be8.jpg,https://luachonnhadat.vn/nha-dat/cho-thue-nha-khu-ten-lua-mt-duong-so-29-dt-4-x-18m-4-tam-gia-25-trieu-thang-.html,https://luachonnhadat.vn/nha-dat/cho-thue-nha-khu-ten-lua-mt-duong-so-29-dt-4-x-18m-4-tam-gia-25-trieu-thang-.html,2025-09-27,2026-06-03T08:41:15Z,2,25,347222.22222222225,0,1
luachonnhadat,rent,luachonnhadat_48523,luachonnhadat_48523,"Cho thuê nhà khu Tên Lửa, MT đường Trần Văn Giàu, DT 8 x 20m, 3 tấm, giá 50 triệu/tháng",50000000,50 Triệu/tháng,160,NA,"Bình Tân, Hồ Chí Minh",Unknown,NA,Bình Tân,NA,Nhà phố,NA,NA,https://luachonnhadat.vn/vnt_upload/product/07_2025/95f338035338cd1a28120979f7c3548b.jpg,https://luachonnhadat.vn/nha-dat/cho-thue-nha-khu-ten-lua-mt-duong-tran-van-giau-dt-8-x-20m-3-tam-gia-50-trieu-thang.html,https://luachonnhadat.vn/nha-dat/cho-thue-nha-khu-ten-lua-mt-duong-tran-van-giau-dt-8-x-20m-3-tam-gia-50-trieu-thang.html,2025-09-22,2026-06-03T08:41:15Z,2,50,312500,0,1
luachonnhadat,rent,luachonnhadat_48879,luachonnhadat_48879,"Cho thuê nhà hẻm 574 Sinco, P. Bình Trị Đông B, 5 x 13m, 3 tấm, giá 14.2 triệu/tháng",14200000,14.2 Triệu/tháng,65,NA,"Bình Tân, Hồ Chí Minh",Unknown,NA,Bình Tân,NA,Nhà phố,NA,NA,https://luachonnhadat.vn/vnt_upload/product/09_2025/6f4487236e6eaadc185fa678eb3ea203.jpg,https://luachonnhadat.vn/nha-dat/cho-thue-nha-hem-574-sinco-p-binh-tri-dong-b-5-x-13m-3-tam-gia-14-2-trieu-thang.html,https://luachonnhadat.vn/nha-dat/cho-thue-nha-hem-574-sinco-p-binh-tri-dong-b-5-x-13m-3-tam-gia-14-2-trieu-thang.html,2025-09-19,2026-06-03T08:41:15Z,2,14.2,218461.53846153847,0,1
luachonnhadat,rent,luachonnhadat_47066,luachonnhadat_47066,"Cho thuê nhà hẻm 50 Phùng Tá Chu, P. An Lạc A, 6 x 30m, cấp 4, giá 16 triệu/tháng",16000000,16 Triệu/tháng,180,NA,"Bình Tân, Hồ Chí Minh",Unknown,NA,Bình Tân,NA,Nhà phố,NA,NA,https://luachonnhadat.vn/vnt_upload/product/06_2024/13deac2470bc6adce10ee8591fa97d9b.jpg,https://luachonnhadat.vn/nha-dat/cho-thue-nha-hem-50-phung-ta-chu-p-an-lac-a-6-x-30m-cap-4-gia-16-trieu-thang.html,https://luachonnhadat.vn/nha-dat/cho-thue-nha-hem-50-phung-ta-chu-p-an-lac-a-6-x-30m-cap-4-gia-16-trieu-thang.html,2025-09-19,2026-06-03T08:41:15Z,2,16,88888.88888888889,0,1
luachonnhadat,rent,luachonnhadat_48864,luachonnhadat_48864,"Cho thuê nhà hẻm 43 Trương Phước Phan, P. Bình Trị Đông, 13 x 32m, cấp 4, giá 35 triệu/tháng",35000000,35 Triệu/tháng,416,NA,"Bình Tân, Hồ Chí Minh",Unknown,NA,Bình Tân,NA,Nhà phố,NA,NA,https://luachonnhadat.vn/vnt_upload/product/09_2025/c8f00c2fe4b380b13d03a6e248bfa0e8.jpg,https://luachonnhadat.vn/nha-dat/cho-thue-nha-hem-43-truong-phuoc-phan-p-binh-tri-dong-13-x-32m-cap-4-gia-35-trieu-thang-1758180111.html,https://luachonnhadat.vn/nha-dat/cho-thue-nha-hem-43-truong-phuoc-phan-p-binh-tri-dong-13-x-32m-cap-4-gia-35-trieu-thang-1758180111.html,2025-09-18,2026-06-03T08:41:15Z,2,35,84134.61538461539,0,1
luachonnhadat,rent,luachonnhadat_48866,luachonnhadat_48866,"Cho thuê nhà khu Tên Lửa, MT đường Vành Đai Trong, DT 8 x 25m, 3.5 tấm, giá 120 triệu/tháng.",120000000,120 Triệu/tháng,200,NA,"Bình Tân, Hồ Chí Minh",Unknown,NA,Bình Tân,NA,Nhà phố,NA,NA,https://luachonnhadat.vn/vnt_upload/product/10_2023/logo1_1.png,https://luachonnhadat.vn/nha-dat/cho-thue-nha-khu-ten-lua-mt-duong-vanh-dai-trong-dt-8-x-25m-3-5-tam-gia-120-trieu-thang-.html,https://luachonnhadat.vn/nha-dat/cho-thue-nha-khu-ten-lua-mt-duong-vanh-dai-trong-dt-8-x-25m-3-5-tam-gia-120-trieu-thang-.html,2025-09-18,2026-06-03T08:41:15Z,2,120,600000,0,1
luachonnhadat,rent,luachonnhadat_48865,luachonnhadat_48865,"Cho thuê nhà khu Tên Lửa, MT đường Số 34, DT 20x 20m, 3.5 tấm, giá 160 triệu/tháng.",160000000,160 Triệu/tháng,400,NA,"Bình Tân, Hồ Chí Minh",Unknown,NA,Bình Tân,NA,Nhà phố,NA,NA,https://luachonnhadat.vn/vnt_upload/product/09_2025/7ceb75e7fd1639bb3dcf3bfbf801e5f6.jpg,https://luachonnhadat.vn/nha-dat/cho-thue-nha-khu-ten-lua-mt-duong-so-34-dt-20x-20m-3-5-tam-gia-160-trieu-thang-.html,https://luachonnhadat.vn/nha-dat/cho-thue-nha-khu-ten-lua-mt-duong-so-34-dt-20x-20m-3-5-tam-gia-160-trieu-thang-.html,2025-09-18,2026-06-03T08:41:15Z,2,160,400000,0,1
luachonnhadat,rent,luachonnhadat_44691,luachonnhadat_44691,"Cho thuê nhà khu Tên Lửa, MT đường Số 7, DT 4 x 20m, 3.5 tấm, giá 32 triệu/tháng.",3000000,3 Triệu/tháng,80,NA,"Bình Tân, Hồ Chí Minh",Unknown,NA,Bình Tân,NA,Nhà phố,NA,NA,https://luachonnhadat.vn/vnt_upload/product/09_2022/22.jpg,https://luachonnhadat.vn/nha-dat/cho-thue-nha-khu-ten-lua-mt-duong-so-7-dt-4-x-20m-3-5-tam-gia-32-trieu-thang--1758005554.html,https://luachonnhadat.vn/nha-dat/cho-thue-nha-khu-ten-lua-mt-duong-so-7-dt-4-x-20m-3-5-tam-gia-32-trieu-thang--1758005554.html,2025-09-16,2026-06-03T08:41:15Z,2,3,37500,0,1
luachonnhadat,rent,luachonnhadat_48850,luachonnhadat_48850,"Cho thuê nhà hẻm 36 đường Số 1, P. Tân Tạo A, 5 x 14m, 2 tấm, giá 9 triệu/tháng",9000000,9 Triệu/tháng,70,NA,"Bình Tân, Hồ Chí Minh",Unknown,NA,Bình Tân,NA,Nhà phố,NA,NA,https://luachonnhadat.vn/vnt_upload/product/09_2025/672daab195b841f336e7f454dcb5ca71.jpg,https://luachonnhadat.vn/nha-dat/cho-thue-nha-hem-36-duong-so-1-p-tan-tao-a-5-x-14m-2-tam-gia-9-trieu-thang-1758005225.html,https://luachonnhadat.vn/nha-dat/cho-thue-nha-hem-36-duong-so-1-p-tan-tao-a-5-x-14m-2-tam-gia-9-trieu-thang-1758005225.html,2025-09-16,2026-06-03T08:41:15Z,2,9,128571.42857142857,0,1
luachonnhadat,rent,luachonnhadat_48837,luachonnhadat_48837,"Cho thuê cặp nhà khu Tên Lửa, MT đường Số 29, DT 3.5 x 15m/căn, 1 lầu, giá 12 triệu/tháng/căn",12000000,12 Triệu/tháng,52,NA,"Bình Tân, Hồ Chí Minh",Unknown,NA,Bình Tân,NA,Nhà phố,NA,NA,https://luachonnhadat.vn/vnt_upload/product/09_2025/9019c45571c69fe7963d471421680ed2.jpg,https://luachonnhadat.vn/nha-dat/cho-thue-cap-nha-khu-ten-lua-mt-duong-so-29-dt-3-5-x-15m-can-1-lau-gia-12-trieu-thang-can.html,https://luachonnhadat.vn/nha-dat/cho-thue-cap-nha-khu-ten-lua-mt-duong-so-29-dt-3-5-x-15m-can-1-lau-gia-12-trieu-thang-can.html,2025-09-15,2026-06-03T08:41:15Z,2,12,230769.2307692308,0,1
luachonnhadat,rent,luachonnhadat_48796,luachonnhadat_48796,"Cho thuê nhà khu Tên Lửa, MT đường Số 6, DT 5 x 18m, 3.5 tấm, giá 30 triệu/tháng.",30000000,30 Triệu/tháng,90,NA,"Bình Tân, Hồ Chí Minh",Unknown,NA,Bình Tân,NA,Nhà phố,NA,NA,https://luachonnhadat.vn/vnt_upload/product/09_2025/cc6fbe83ef06cc4051cccaaaa3dc59d3.jpg,https://luachonnhadat.vn/nha-dat/cho-thue-nha-khu-ten-lua-mt-duong-so-6-dt-5-x-18m-3-5-tam-gia-30-trieu-thang-.html,https://luachonnhadat.vn/nha-dat/cho-thue-nha-khu-ten-lua-mt-duong-so-6-dt-5-x-18m-3-5-tam-gia-30-trieu-thang-.html,2025-09-05,2026-06-03T08:41:15Z,2,30,333333.3333333333,0,1
luachonnhadat,rent,luachonnhadat_48795,luachonnhadat_48795,"Cho thuê nhà MT đường Số 40A, P. Tân Tạo, 4 x 20m, NH 5.2m, cấp 4, giá 16 triệu/tháng",16000000,16 Triệu/tháng,80,NA,"Bình Tân, Hồ Chí Minh",Unknown,NA,Bình Tân,NA,Nhà phố,NA,NA,https://luachonnhadat.vn/vnt_upload/product/09_2025/78e7d058ca7c39c8b2f64ff59e83c749.jpg,https://luachonnhadat.vn/nha-dat/cho-thue-nha-mt-duong-so-40a-p-tan-tao-4-x-20m-nh-5-2m-cap-4-gia-16-trieu-thang.html,https://luachonnhadat.vn/nha-dat/cho-thue-nha-mt-duong-so-40a-p-tan-tao-4-x-20m-nh-5-2m-cap-4-gia-16-trieu-thang.html,2025-09-05,2026-06-03T08:41:15Z,2,16,200000,0,1
luachonnhadat,rent,luachonnhadat_48782,luachonnhadat_48782,"Cho thuê nhà góc 2MT hẻm số 8 Sinco, P. Bình Trị Đông B, 13.42 x 22.23m, 6 tấm, giá 120 triệu/tháng",120000000,120 Triệu/tháng,297,NA,"Bình Tân, Hồ Chí Minh",Unknown,NA,Bình Tân,NA,Nhà phố,NA,NA,https://luachonnhadat.vn/vnt_upload/product/09_2025/bec58c7023dced2b2cdc6c5ed763aad2.jpg,https://luachonnhadat.vn/nha-dat/cho-thue-nha-goc-2mt-hem-so-8-sinco-p-binh-tri-dong-b-13-42-x-22-23m-6-tam-gia-120-trieu-thang.html,https://luachonnhadat.vn/nha-dat/cho-thue-nha-goc-2mt-hem-so-8-sinco-p-binh-tri-dong-b-13-42-x-22-23m-6-tam-gia-120-trieu-thang.html,2025-09-03,2026-06-03T08:41:15Z,2,120,404040.404040404,0,1
luachonnhadat,rent,luachonnhadat_46654,luachonnhadat_46654,"Cho thuê kho MT đường Lê Đình Cẩn, P. Tân Tạo, 12 x 67.5m, NH 33m, giá 70 triệu/tháng",70000000,70 Triệu/tháng,1300,NA,"Bình Tân, Hồ Chí Minh",Unknown,NA,Bình Tân,NA,Nhà phố,NA,NA,https://luachonnhadat.vn/vnt_upload/product/01_2024/601.jpg,https://luachonnhadat.vn/nha-dat/cho-thue-kho-mt-duong-le-dinh-can-p-tan-tao-12-x-67-5m-nh-33m-gia-70-trieu-thang.html,https://luachonnhadat.vn/nha-dat/cho-thue-kho-mt-duong-le-dinh-can-p-tan-tao-12-x-67-5m-nh-33m-gia-70-trieu-thang.html,2025-08-29,2026-06-03T08:41:15Z,2,70,53846.15384615384,0,1
luachonnhadat,rent,luachonnhadat_48767,luachonnhadat_48767,"Cho thuê nhà góc 2MT đường Dương Văn Dương, P. Phú Thọ Hòa, 4 x 15.3m, 3.5 tấm, giá 60 triệu/tháng",60000000,60 Triệu/tháng,61,NA,"Tân Phú, Hồ Chí Minh",Unknown,NA,Tân Phú,NA,Nhà phố,NA,NA,https://luachonnhadat.vn/vnt_upload/product/08_2025/5829fcab8e31592c2c59f1ef9160a73f.jpg,https://luachonnhadat.vn/nha-dat/cho-thue-nha-goc-2mt-duong-duong-van-duong-p-phu-tho-hoa-4-x-15-3m-3-5-tam-gia-60-trieu-thang.html,https://luachonnhadat.vn/nha-dat/cho-thue-nha-goc-2mt-duong-duong-van-duong-p-phu-tho-hoa-4-x-15-3m-3-5-tam-gia-60-trieu-thang.html,2025-08-27,2026-06-03T08:41:15Z,2,60,983606.5573770492,0,1
luachonnhadat,rent,luachonnhadat_48762,luachonnhadat_48762,"Cho thuê nhà khu Tên Lửa, góc 2MT đường số 16, DT 12 x 25m, 3.5 tấm, giá 100 triệu/tháng",100000000,100 Triệu/tháng,300,NA,"Bình Tân, Hồ Chí Minh",Unknown,NA,Bình Tân,NA,Nhà phố,NA,NA,https://luachonnhadat.vn/vnt_upload/product/08_2025/368e96562a725a7f4b9e31b97e73f275.jpg,https://luachonnhadat.vn/nha-dat/cho-thue-nha-khu-ten-lua-goc-2mt-duong-so-16-dt-12-x-25m-3-5-tam-gia-100-trieu-thang-1756277825.html,https://luachonnhadat.vn/nha-dat/cho-thue-nha-khu-ten-lua-goc-2mt-duong-so-16-dt-12-x-25m-3-5-tam-gia-100-trieu-thang-1756277825.html,2025-08-27,2026-06-03T08:41:15Z,2,100,333333.3333333333,0,1
luachonnhadat,rent,luachonnhadat_45575,luachonnhadat_45575,"Cho thuê nhà khu Tên Lửa, góc 2MT đường Trần Văn Giàu, 12 x 20m, 2.5 tấm, giá 180 triệu/tháng",180000000,180 Triệu/tháng,240,NA,"Bình Tân, Hồ Chí Minh",Unknown,NA,Bình Tân,NA,Nhà phố,NA,NA,https://luachonnhadat.vn/vnt_upload/product/01_2023/316_1.jpg,https://luachonnhadat.vn/nha-dat/cho-thue-nha-khu-ten-lua-goc-2mt-duong-tran-van-giau-12-x-20m-2-5-tam-gia-180-trieu-thang.html,https://luachonnhadat.vn/nha-dat/cho-thue-nha-khu-ten-lua-goc-2mt-duong-tran-van-giau-12-x-20m-2-5-tam-gia-180-trieu-thang.html,2025-08-22,2026-06-03T08:41:15Z,2,180,750000,0,1
luachonnhadat,rent,luachonnhadat_46506,luachonnhadat_46506,"Cho thuê nhà MT đường Nguyễn Trọng Trí, P. An Lạc A, 5 x 15m, 1 lầu, giá 11 triệu/tháng",11000000,11 Triệu/tháng,75,NA,"Bình Tân, Hồ Chí Minh",Unknown,NA,Bình Tân,NA,Nhà phố,NA,NA,https://luachonnhadat.vn/vnt_upload/product/12_2023/382.jpg,https://luachonnhadat.vn/nha-dat/cho-thue-nha-mt-duong-nguyen-trong-tri-p-an-lac-a-5-x-15m-1-lau-gia-11-trieu-thang-1755761134.html,https://luachonnhadat.vn/nha-dat/cho-thue-nha-mt-duong-nguyen-trong-tri-p-an-lac-a-5-x-15m-1-lau-gia-11-trieu-thang-1755761134.html,2025-08-21,2026-06-03T08:41:15Z,2,11,146666.66666666666,0,1
luachonnhadat,rent,luachonnhadat_48734,luachonnhadat_48734,"Cho thuê nhà MT đường Trương Phước Phan, P. Bình Trị Đông, 5.2 x 20m, cấp 4, giá 12 triệu/tháng",12000000,12 Triệu/tháng,104,NA,"Bình Tân, Hồ Chí Minh",Unknown,NA,Bình Tân,NA,Nhà phố,NA,NA,https://luachonnhadat.vn/vnt_upload/product/08_2025/82aedbf1d026d16fd963d3c173f51db3.jpg,https://luachonnhadat.vn/nha-dat/cho-thue-nha-mt-duong-truong-phuoc-phan-p-binh-tri-dong-5-2-x-20m-cap-4-gia-12-trieu-thang-1755746367.html,https://luachonnhadat.vn/nha-dat/cho-thue-nha-mt-duong-truong-phuoc-phan-p-binh-tri-dong-5-2-x-20m-cap-4-gia-12-trieu-thang-1755746367.html,2025-08-21,2026-06-03T08:41:15Z,2,12,115384.6153846154,0,1
luachonnhadat,rent,luachonnhadat_46238,luachonnhadat_46238,"Cho thuê nhà khu Tên Lửa, MT đường Vành Đai Trong, DT 8 x 21m, 3.5 tấm, giá 75 triệu/tháng",75000000,75 Triệu/tháng,168,NA,"Bình Tân, Hồ Chí Minh",Unknown,NA,Bình Tân,NA,Nhà phố,NA,NA,https://luachonnhadat.vn/vnt_upload/product/09_2023/291.jpg,https://luachonnhadat.vn/nha-dat/cho-thue-nha-khu-ten-lua-mt-duong-vanh-dai-trong-dt-8-x-21m-3-5-tam-gia-75-trieu-thang.html,https://luachonnhadat.vn/nha-dat/cho-thue-nha-khu-ten-lua-mt-duong-vanh-dai-trong-dt-8-x-21m-3-5-tam-gia-75-trieu-thang.html,2025-08-15,2026-06-03T08:41:15Z,2,75,446428.5714285714,0,1
luachonnhadat,rent,luachonnhadat_48701,luachonnhadat_48701,"Cho thuê nhà khu Tên Lửa, góc 2MT đường Số 16, DT 12 x 25m, 5 tấm, giá 150 triệu/tháng.",150000000,150 Triệu/tháng,300,NA,"Bình Tân, Hồ Chí Minh",Unknown,NA,Bình Tân,NA,Nhà phố,NA,NA,https://luachonnhadat.vn/vnt_upload/product/08_2025/20410334ec78e55cd5910c711542a2da.jpg,https://luachonnhadat.vn/nha-dat/cho-thue-nha-khu-ten-lua-goc-2mt-duong-so-16-dt-12-x-25m-5-tam-gia-150-trieu-thang--1755224625.html,https://luachonnhadat.vn/nha-dat/cho-thue-nha-khu-ten-lua-goc-2mt-duong-so-16-dt-12-x-25m-5-tam-gia-150-trieu-thang--1755224625.html,2025-08-15,2026-06-03T08:41:15Z,2,150,500000,0,1
luachonnhadat,rent,luachonnhadat_48686,luachonnhadat_48686,"Cho thuê mặt bằng góc 3MT đường Hoàng Việt, P.4, Q.Tân Bình, DT 22 x 80m, 1 lầu, giá 600tr/tháng",600000000,600 Triệu/tháng,1760,NA,"Tân Bình, Hồ Chí Minh",Unknown,NA,Tân Bình,NA,Mặt bằng,NA,NA,https://luachonnhadat.vn/vnt_upload/product/08_2025/ee4a9f733e6969d3dc9b0afae2985f83.jpg,https://luachonnhadat.vn/nha-dat/cho-thue-mat-bang-goc-3mt-duong-hoang-viet-p-4-q-tan-binh-dt-22-x-80m-1-lau-gia-600tr-thang.html,https://luachonnhadat.vn/nha-dat/cho-thue-mat-bang-goc-3mt-duong-hoang-viet-p-4-q-tan-binh-dt-22-x-80m-1-lau-gia-600tr-thang.html,2025-08-11,2026-06-03T08:41:15Z,2,600,340909.0909090909,0,1
luachonnhadat,rent,luachonnhadat_46483,luachonnhadat_46483,"Cho thuê nhà khu Tên Lửa, MT đường Số 6, DT 4 x 21m, 3.5 tấm, giá 22 triệu/tháng.",22000000,22 Triệu/tháng,84,NA,"Bình Tân, Hồ Chí Minh",Unknown,NA,Bình Tân,NA,Nhà phố,NA,NA,https://luachonnhadat.vn/vnt_upload/product/12_2023/260.jpg,https://luachonnhadat.vn/nha-dat/cho-thue-nha-khu-ten-lua-mt-duong-so-6-dt-4-x-21m-3-5-tam-gia-22-trieu-thang--1754636786.html,https://luachonnhadat.vn/nha-dat/cho-thue-nha-khu-ten-lua-mt-duong-so-6-dt-4-x-21m-3-5-tam-gia-22-trieu-thang--1754636786.html,2025-08-08,2026-06-03T08:41:15Z,2,22,261904.7619047619,0,1
luachonnhadat,sale,luachonnhadat_49376,luachonnhadat_49376,"Bán nhà khu Nam Long, MT đường Số 10, DT 4 x 14m, 1 lửng, giá 5.2 tỷ.",5200000000,5.2 Tỷ/căn,56,NA,"Bình Tân, Hồ Chí Minh",Unknown,NA,Bình Tân,NA,Nhà phố,NA,NA,https://luachonnhadat.vn/vnt_upload/product/12_2025/219e8346dd02becda0ad5602b6e1d020.jpg,https://luachonnhadat.vn/nha-dat/ban-nha-khu-nam-long-mt-duong-so-10-dt-4-x-14m-1-lung-gia-5-3-ty-.html,https://luachonnhadat.vn/nha-dat/ban-nha-khu-nam-long-mt-duong-so-10-dt-4-x-14m-1-lung-gia-5-3-ty-.html,2026-05-26,2026-06-03T08:41:14Z,2,5200,92857142.85714284,0,0
luachonnhadat,sale,luachonnhadat_49978,luachonnhadat_49978,BÁN NHÀ 3.5 TẤM - HẺM 155 LÊ ĐÌNH CẨN - DIỆN TÍCH RỘNG - GIÁ 6.6 TỶ,6600000000,6.6 Tỷ/căn,74,NA,"Bình Tân, Hồ Chí Minh",Unknown,NA,Bình Tân,NA,Nhà phố,NA,NA,https://luachonnhadat.vn/vnt_upload/product/04_2026/6071b9c8a57c2ccf7bc8494bac1053dc.jpeg,https://luachonnhadat.vn/nha-dat/ban-nha-3-5-tam-hem-155-le-dinh-can-dien-tich-rong-gia-6-6-ty.html,https://luachonnhadat.vn/nha-dat/ban-nha-3-5-tam-hem-155-le-dinh-can-dien-tich-rong-gia-6-6-ty.html,2026-05-26,2026-06-03T08:41:14Z,2,6600,89189189.1891892,0,0
luachonnhadat,sale,luachonnhadat_49182,luachonnhadat_49182,"Bán nhà hẻm 50 Nguyễn Quý Yêm, P. An Lạc, 4 x 16m, cấp 4, giá 5.8 tỷ",5800000000,5.8 Tỷ/căn,64,NA,"Bình Tân, Hồ Chí Minh",Unknown,NA,Bình Tân,NA,Nhà phố,NA,NA,https://luachonnhadat.vn/vnt_upload/product/11_2025/2867ac2fa9bdf551662faab37f69d11d.jpg,https://luachonnhadat.vn/nha-dat/ban-nha-hem-50-nguyen-quy-yem-p-an-lac-4-x-16m-cap-4-gia-5-8-ty.html,https://luachonnhadat.vn/nha-dat/ban-nha-hem-50-nguyen-quy-yem-p-an-lac-4-x-16m-cap-4-gia-5-8-ty.html,2026-05-26,2026-06-03T08:41:14Z,2,5800,90625000,0,0
luachonnhadat,sale,luachonnhadat_42462,luachonnhadat_42462,"Bán nhà MT đường Số 53A, P. Tân Tạo, 4 x 16m, 3.5 tấm, giá 8.65 tỷ.",8650000000,8.65 Tỷ/căn,64,NA,"Bình Tân, Hồ Chí Minh",Unknown,NA,Bình Tân,NA,Nhà phố,NA,NA,https://luachonnhadat.vn/vnt_upload/product/03_2021/329.jpg,https://luachonnhadat.vn/nha-dat/ban-nha-mt-duong-so-53a-p-tan-tao-4-x-16m-3-5-tam-gia-8-65-ty-.html,https://luachonnhadat.vn/nha-dat/ban-nha-mt-duong-so-53a-p-tan-tao-4-x-16m-3-5-tam-gia-8-65-ty-.html,2026-05-26,2026-06-03T08:41:14Z,2,8650,135156250,0,0
luachonnhadat,sale,luachonnhadat_49589,luachonnhadat_49589,"Bán nhà MT đường Số 4, P. Tân Tạo A, 5 x 20m, cấp 4, giá 5.8 tỷ.",5800000000,5.8 Tỷ/căn,100,NA,"Bình Tân, Hồ Chí Minh",Unknown,NA,Bình Tân,NA,Nhà phố,NA,NA,https://luachonnhadat.vn/vnt_upload/product/02_2026/e9bcf67a5582a51caedcea08e71e0a32.jpg,https://luachonnhadat.vn/nha-dat/ban-nha-mt-duong-so-4-p-tan-tao-a-5-x-20m-cap-4-gia-5-8-ty-.html,https://luachonnhadat.vn/nha-dat/ban-nha-mt-duong-so-4-p-tan-tao-a-5-x-20m-cap-4-gia-5-8-ty-.html,2026-05-26,2026-06-03T08:41:14Z,2,5800,58000000,0,0
luachonnhadat,sale,luachonnhadat_2353,luachonnhadat_2353,"Bán đất MT đường Số 55, P. Tân Tạo, DT 4 x 25m, giá 8.8 tỷ.",8800000000,8.8 Tỷ/nền,100,NA,"Bình Tân, Hồ Chí Minh",Unknown,NA,Bình Tân,NA,Đất,NA,NA,https://luachonnhadat.vn/vnt_upload/product/12_2021/472.jpg,https://luachonnhadat.vn/nha-dat/ban-dat-mt-duong-so-55-p-tan-tao-dt-4-x-25m-gia-8-8-ty-.html,https://luachonnhadat.vn/nha-dat/ban-dat-mt-duong-so-55-p-tan-tao-dt-4-x-25m-gia-8-8-ty-.html,2026-05-26,2026-06-03T08:41:14Z,2,8800,88000000,0,0
luachonnhadat,sale,luachonnhadat_50183,luachonnhadat_50183,"Bán nhà hẻm 150 đường 26/3, P. Bình Hưng Hoà, DT 4 x 8m, 1 lầu, giá 4.25 tỷ",4250000000,4.25 Tỷ/căn,32,NA,"Bình Tân, Hồ Chí Minh",Unknown,NA,Bình Tân,NA,Nhà phố,NA,NA,https://luachonnhadat.vn/vnt_upload/product/05_2026/8986a1043a46147a6879f96155457ac0.jpg,https://luachonnhadat.vn/nha-dat/ban-nha-hem-150-duong-26-3-p-binh-hung-hoa-dt-4-x-8m-1-lau-gia-4-25-ty.html,https://luachonnhadat.vn/nha-dat/ban-nha-hem-150-duong-26-3-p-binh-hung-hoa-dt-4-x-8m-1-lau-gia-4-25-ty.html,2026-05-26,2026-06-03T08:41:14Z,2,4250,132812500,0,0
luachonnhadat,sale,luachonnhadat_1434,luachonnhadat_1434,"Bán nhà hẻm 135 Gò Xoài, P. Bình Hưng Hoà A, 4 x 10m, 4 tấm, giá 5.97 tỷ",5970000000,5.97 Tỷ/căn,40,NA,"Bình Tân, Hồ Chí Minh",Unknown,NA,Bình Tân,NA,Nhà phố,NA,NA,https://luachonnhadat.vn/vnt_upload/product/05_2026/9ce3434173c0c5fbe7072ba64ead06da.jpg,https://luachonnhadat.vn/nha-dat/nha-hem-6m-duong-go-xoai-3-tam-nha-moi-vao-o-ngay.html,https://luachonnhadat.vn/nha-dat/nha-hem-6m-duong-go-xoai-3-tam-nha-moi-vao-o-ngay.html,2026-05-26,2026-06-03T08:41:14Z,2,5970,149250000,0,0
luachonnhadat,sale,luachonnhadat_50182,luachonnhadat_50182,"Bán nhà hẻm 822 Hương lộ 2, P. Bình Trị Đông A, 4 x 16m, 4 tấm, giá 10.5 tỷ",10500000000,10.5 Tỷ/căn,64,NA,"Bình Tân, Hồ Chí Minh",Unknown,NA,Bình Tân,NA,Nhà phố,NA,NA,https://luachonnhadat.vn/vnt_upload/product/05_2026/f1ba1f8896c1e1fcd0772ea174a87be5.jpg,https://luachonnhadat.vn/nha-dat/ban-nha-hem-822-huong-lo-2-p-binh-tri-dong-a-4-x-16m-4-tam-gia-10-5-ty.html,https://luachonnhadat.vn/nha-dat/ban-nha-hem-822-huong-lo-2-p-binh-tri-dong-a-4-x-16m-4-tam-gia-10-5-ty.html,2026-05-26,2026-06-03T08:41:14Z,2,10500,164062500,0,0
luachonnhadat,sale,luachonnhadat_50181,luachonnhadat_50181,"Bán nhà MT đường Miếu Bình Đông, P. Bình Hưng Hòa A, DT 3 x 12m, 3 tấm, giá 3.65 tỷ",3650000000,3.65 Tỷ/căn,36,NA,"Bình Tân, Hồ Chí Minh",Unknown,NA,Bình Tân,NA,Nhà phố,NA,NA,https://luachonnhadat.vn/vnt_upload/product/05_2026/5bc529e19a9f00dc6e8a8981353f4b1a.jpg,https://luachonnhadat.vn/nha-dat/ban-nha-mt-duong-mieu-binh-dong-p-binh-hung-hoa-a-dt-3-x-12m-3-tam-gia-3-65-ty.html,https://luachonnhadat.vn/nha-dat/ban-nha-mt-duong-mieu-binh-dong-p-binh-hung-hoa-a-dt-3-x-12m-3-tam-gia-3-65-ty.html,2026-05-26,2026-06-03T08:41:14Z,2,3650,101388888.8888889,0,0
luachonnhadat,sale,luachonnhadat_1903,luachonnhadat_1903,"Bán nhà khu Tên Lửa, MT đường Số 19, DT 5 x 20m, 4 tấm, giá 18 tỷ.",18000000000,18 Tỷ/căn,100,NA,"Bình Tân, Hồ Chí Minh",Unknown,NA,Bình Tân,NA,Nhà phố,NA,NA,https://luachonnhadat.vn/vnt_upload/product/10_2025/9bd184d7ff64acd6c0e0086b042de66b.jpeg,https://luachonnhadat.vn/nha-dat/ban-nha-khu-ten-lua-mt-duong-so-19-dt-5-x-20m-4-tam-gia-18-ty-.html,https://luachonnhadat.vn/nha-dat/ban-nha-khu-ten-lua-mt-duong-so-19-dt-5-x-20m-4-tam-gia-18-ty-.html,2026-05-26,2026-06-03T08:41:14Z,2,18000,180000000,0,0
luachonnhadat,sale,luachonnhadat_50180,luachonnhadat_50180,"Bán nhà hẻm 418 Lê Văn Quới, P. Bình Hưng Hòa A, DT 4 x 14m, 3.5 tấm, giá 7.3 tỷ",7300000000,7.3 Tỷ/căn,56,NA,"Bình Tân, Hồ Chí Minh",Unknown,NA,Bình Tân,NA,Nhà phố,NA,NA,https://luachonnhadat.vn/vnt_upload/product/05_2026/e9d92976a8a66ac3ecfac4829a64d444.jpg,https://luachonnhadat.vn/nha-dat/ban-nha-hem-418-le-van-quoi-p-binh-hung-hoa-a-dt-4-x-14m-3-5-tam-gia-7-3-ty.html,https://luachonnhadat.vn/nha-dat/ban-nha-hem-418-le-van-quoi-p-binh-hung-hoa-a-dt-4-x-14m-3-5-tam-gia-7-3-ty.html,2026-05-26,2026-06-03T08:41:14Z,2,7300,130357142.85714284,0,0
luachonnhadat,sale,luachonnhadat_50179,luachonnhadat_50179,"Bán 3 nền đất góc 2MT hẻm 24 Bình Trị Đông, P. Bình Trị Đông, DT 5 x 14m, giá từ 4.9 tỷ/nền",4900000000,4.9 Tỷ/nền,70,NA,"Bình Tân, Hồ Chí Minh",Unknown,NA,Bình Tân,NA,Đất,NA,NA,https://luachonnhadat.vn/vnt_upload/product/05_2026/4d45e5ad48ad3336a82f7bb1d878edeb.jpg,https://luachonnhadat.vn/nha-dat/ban-3-nen-dat-goc-2mt-hem-24-binh-tri-dong-p-binh-tri-dong-dt-5-x-14m-gia-tu-4-9-ty-nen.html,https://luachonnhadat.vn/nha-dat/ban-3-nen-dat-goc-2mt-hem-24-binh-tri-dong-p-binh-tri-dong-dt-5-x-14m-gia-tu-4-9-ty-nen.html,2026-05-26,2026-06-03T08:41:14Z,2,4900,70000000,0,0
luachonnhadat,sale,luachonnhadat_49307,luachonnhadat_49307,"Bán nhà hẻm 357 Tân Hòa Đông, P. Bình Trị Đông, 4 x 22m, 4.5 tấm, giá 9.9 tỷ",9900000000,9.9 Tỷ/căn,88,NA,"Bình Tân, Hồ Chí Minh",Unknown,NA,Bình Tân,NA,Nhà phố,NA,NA,https://luachonnhadat.vn/vnt_upload/product/12_2025/12b4a3844006efdbcad44e8a9d6ca427.jpg,https://luachonnhadat.vn/nha-dat/ban-nha-hem-357-tan-hoa-dong-p-binh-tri-dong-4-x-22m-4-5-tam-gia-9-9-ty-1765370924.html,https://luachonnhadat.vn/nha-dat/ban-nha-hem-357-tan-hoa-dong-p-binh-tri-dong-4-x-22m-4-5-tam-gia-9-9-ty-1765370924.html,2026-05-26,2026-06-03T08:41:14Z,2,9900,112500000,0,0
luachonnhadat,sale,luachonnhadat_42482,luachonnhadat_42482,"NHÀ BÁN GÓC 2 MẶT TIỀN ĐẲNG CẤP KHU TÊN LỬA, DT 10 X 20M, 3.5 TẤM, 42 TỶ. NHÀ MỚI ĐẸP",42000000000,42 Tỷ/căn,200,NA,"Bình Tân, Hồ Chí Minh",Unknown,NA,Bình Tân,NA,Biệt thự,NA,NA,https://luachonnhadat.vn/vnt_upload/product/04_2025/92c08b319ced8dbf19f04e4218890a78.jpg,https://luachonnhadat.vn/nha-dat/ban-biet-thu-khu-ten-lua-goc-2mt-duong-so-19-dt-10-x-20m-3-5-tam-gia-42-ty-.html,https://luachonnhadat.vn/nha-dat/ban-biet-thu-khu-ten-lua-goc-2mt-duong-so-19-dt-10-x-20m-3-5-tam-gia-42-ty-.html,2026-05-26,2026-06-03T08:41:14Z,2,42000,210000000,0,0
luachonnhadat,sale,luachonnhadat_48398,luachonnhadat_48398,"Bán nhà khu Tên Lửa, MT đường Số 21B, DT 4 x 19m, 3.5 tấm, giá 10.5 tỷ.",10500000000,10.5 Tỷ/căn,76,NA,"Bình Tân, Hồ Chí Minh",Unknown,NA,Bình Tân,NA,Nhà phố,NA,NA,https://luachonnhadat.vn/vnt_upload/product/06_2025/6d3fae2ab237c2dbc5766d5b6b01fc15.jpg,https://luachonnhadat.vn/nha-dat/ban-nha-khu-ten-lua-mt-duong-so-21b-dt-4-x-19m-3-5-tam-gia-10-5-ty-.html,https://luachonnhadat.vn/nha-dat/ban-nha-khu-ten-lua-mt-duong-so-21b-dt-4-x-19m-3-5-tam-gia-10-5-ty-.html,2026-05-26,2026-06-03T08:41:14Z,2,10500,138157894.7368421,0,0
luachonnhadat,sale,luachonnhadat_21088,luachonnhadat_21088,"BIỆT THỰ VIP TÊN LỬA, NHÀ MỚI CÓ TẦNG HẦM - THANG MÁY, MT ĐƯỜNG SỐ 6, DT 10 X 20M, 5 TẤM, 47 TỶ.",47000000000,47 Tỷ/căn,200,NA,"Bình Tân, Hồ Chí Minh",Unknown,NA,Bình Tân,NA,Biệt thự,NA,NA,https://luachonnhadat.vn/vnt_upload/product/05_2026/a2a8d653b1e67d26e549d7edcb5dc19c.jpeg,https://luachonnhadat.vn/nha-dat/ban-biet-thu-khu-ten-lua-mt-duong-so-6-dt-10-x-20m-3-5-tam-gia-47-ty-.html,https://luachonnhadat.vn/nha-dat/ban-biet-thu-khu-ten-lua-mt-duong-so-6-dt-10-x-20m-3-5-tam-gia-47-ty-.html,2026-05-26,2026-06-03T08:41:14Z,2,47000,235000000,0,0
luachonnhadat,sale,luachonnhadat_45729,luachonnhadat_45729,"Bán nhà khu Tên Lửa, góc 2MT đường Số 11, DT 4 x 13.5m, 4 tấm, giá 10 tỷ.",10000000000,10 Tỷ/căn,54,NA,"Bình Tân, Hồ Chí Minh",Unknown,NA,Bình Tân,NA,Nhà phố,NA,NA,https://luachonnhadat.vn/vnt_upload/product/03_2023/608.jpg,https://luachonnhadat.vn/nha-dat/ban-nha-goc-2-mt-duong-so-11-p-an-lac-a-4-x-13-5m-4-tam-gia-12-5-ty-khu-ten-lua.html,https://luachonnhadat.vn/nha-dat/ban-nha-goc-2-mt-duong-so-11-p-an-lac-a-4-x-13-5m-4-tam-gia-12-5-ty-khu-ten-lua.html,2026-05-26,2026-06-03T08:41:14Z,2,10000,185185185.1851852,0,0
luachonnhadat,sale,luachonnhadat_44329,luachonnhadat_44329,"Bán nhà hẻm 530 Tỉnh Lộ 10, P. Bình Trị Đông, 4.2 x 13m, 2.5 tấm, giá 5.35 tỷ",5350000000,5.35 Tỷ/căn,54,NA,"Bình Tân, Hồ Chí Minh",Unknown,NA,Bình Tân,NA,Nhà phố,NA,NA,https://luachonnhadat.vn/vnt_upload/product/03_2026/f001e4e1dbe3d359612064deab4a40ce.jpg,https://luachonnhadat.vn/nha-dat/ban-nha-hem-530-tinh-lo-10-p-binh-tri-dong-4-2-x-13m-2-5-tam-gia-5-35-ty.html,https://luachonnhadat.vn/nha-dat/ban-nha-hem-530-tinh-lo-10-p-binh-tri-dong-4-2-x-13m-2-5-tam-gia-5-35-ty.html,2026-05-26,2026-06-03T08:41:14Z,2,5350,99074074.07407407,0,0
luachonnhadat,sale,luachonnhadat_48923,luachonnhadat_48923,"Bán nhà hẻm 635 Hương lộ 2, P. Bình Trị Đông, 3 x 11m, 1 lửng, giá 3.99 tỷ.",3990000000,3.99 Tỷ/căn,33,NA,"Bình Tân, Hồ Chí Minh",Unknown,NA,Bình Tân,NA,Nhà phố,NA,NA,https://luachonnhadat.vn/vnt_upload/product/09_2025/4e8b6d80f88ea9de9dcdd9f0f170f3b0.jpg,https://luachonnhadat.vn/nha-dat/ban-nha-hem-635-huong-lo-2-p-binh-tri-dong-3-x-11m-1-lung-gia-4-1-ty-.html,https://luachonnhadat.vn/nha-dat/ban-nha-hem-635-huong-lo-2-p-binh-tri-dong-3-x-11m-1-lung-gia-4-1-ty-.html,2026-05-26,2026-06-03T08:41:14Z,2,3990,120909090.9090909,0,0
luachonnhadat,sale,luachonnhadat_49960,luachonnhadat_49960,"Bán nhà hẻm 257 Lê Đình Cẩn, P. Tân Tạo, 4 x 12m, 2 tấm, giá 4.85 tỷ",4850000000,4.85 Tỷ/căn,48,NA,"Bình Tân, Hồ Chí Minh",Unknown,NA,Bình Tân,NA,Nhà phố,NA,NA,https://luachonnhadat.vn/vnt_upload/product/04_2026/b28e4f91f227ac75293090a11952847c.jpg,https://luachonnhadat.vn/nha-dat/ban-nha-hem-257-le-dinh-can-p-tan-tao-4-x-12m-2-tam-gia-4-85-ty.html,https://luachonnhadat.vn/nha-dat/ban-nha-hem-257-le-dinh-can-p-tan-tao-4-x-12m-2-tam-gia-4-85-ty.html,2026-05-26,2026-06-03T08:41:14Z,2,4850,101041666.66666669,0,0
luachonnhadat,sale,luachonnhadat_2270,luachonnhadat_2270,"✅ BÁN KHÁCH SẠN KHU TÊN LỬA, MT TIỀN ĐƯỜNG NỘI BỘ THÔNG THOÁNG, 8 X 23M, 4.5 TẤM, 23 TỶ.",23000000000,23 Tỷ/căn,184,NA,"Bình Tân, Hồ Chí Minh",Unknown,NA,Bình Tân,NA,Khách sạn,NA,NA,https://luachonnhadat.vn/vnt_upload/product/07_2023/3_3.jpg,https://luachonnhadat.vn/nha-dat/ban-cap-nha-khu-ten-lua-mt-duong-so-38-p-tan-tao-8-x-23m-4-5-tam-gia-23-5-ty-1736735725.html,https://luachonnhadat.vn/nha-dat/ban-cap-nha-khu-ten-lua-mt-duong-so-38-p-tan-tao-8-x-23m-4-5-tam-gia-23-5-ty-1736735725.html,2026-05-25,2026-06-03T08:41:14Z,2,23000,125000000,0,0
luachonnhadat,sale,luachonnhadat_50177,luachonnhadat_50177,"⭐ BÁN NHÀ ĐẤT KHU TÊN LỬA, THÁNG 5/2026 | GIÁ 10 - 15 TỶ. GẦN AEON MALL",10000000000,10 Tỷ/căn,100,NA,"Bình Tân, Hồ Chí Minh",Unknown,NA,Bình Tân,NA,Đất,NA,NA,https://luachonnhadat.vn/vnt_upload/product/05_2026/797404e0fb5c726c69315e96f0b9411d.png,https://luachonnhadat.vn/nha-dat/-ban-nha-dat-khu-ten-lua-thang-5-2026-gia-10-15-ty-gan-aeon-mall.html,https://luachonnhadat.vn/nha-dat/-ban-nha-dat-khu-ten-lua-thang-5-2026-gia-10-15-ty-gan-aeon-mall.html,2026-05-25,2026-06-03T08:41:14Z,2,10000,100000000,0,0
luachonnhadat,sale,luachonnhadat_50175,luachonnhadat_50175,"Bán nhà hẻm 150 đường 26/3, P. Bình Hưng Hoà, DT 4 x 6.7m, 2.5 tấm, giá 5.19 tỷ",5190000000,5.19 Tỷ/căn,26,NA,"Bình Tân, Hồ Chí Minh",Unknown,NA,Bình Tân,NA,Nhà phố,NA,NA,https://luachonnhadat.vn/vnt_upload/product/05_2026/c23497008ea8359d6a9ed33ff8f03541.jpg,https://luachonnhadat.vn/nha-dat/ban-nha-hem-150-duong-26-3-p-binh-hung-hoa-dt-4-x-6-7m-2-5-tam-gia-5-19-ty.html,https://luachonnhadat.vn/nha-dat/ban-nha-hem-150-duong-26-3-p-binh-hung-hoa-dt-4-x-6-7m-2-5-tam-gia-5-19-ty.html,2026-05-25,2026-06-03T08:41:14Z,2,5190,199615384.6153846,0,0
luachonnhadat,sale,luachonnhadat_50173,luachonnhadat_50173,"Bán 5 lô đất hẻm 428 đường Số 41 (Hoàng Ngân), P.16, Q.8, DT 4 x 15.6m/nền, giá từ 4.9 tỷ/nền",4900000000,4.9 Tỷ/nền,62,NA,"Quận 8, Hồ Chí Minh",Unknown,NA,Quận 8,NA,Đất,NA,NA,https://luachonnhadat.vn/vnt_upload/product/05_2026/2a72aae225255aff466d5442f8297602.jpg,https://luachonnhadat.vn/nha-dat/ban-5-lo-dat-hem-428-duong-so-41-hoang-ngan-p-16-q-8-dt-4-x-15-6m-nen-gia-tu-4-9-ty-nen.html,https://luachonnhadat.vn/nha-dat/ban-5-lo-dat-hem-428-duong-so-41-hoang-ngan-p-16-q-8-dt-4-x-15-6m-nen-gia-tu-4-9-ty-nen.html,2026-05-25,2026-06-03T08:41:14Z,2,4900,79032258.06451613,0,0
luachonnhadat,sale,luachonnhadat_48647,luachonnhadat_48647,"Bán nhà MT đường Trương Phước Phan, P. Bình Trị Đông, 4 x 22m, cấp 4, giá 11.9 tỷ",11900000000,11.9 Tỷ/căn,88,NA,"Bình Tân, Hồ Chí Minh",Unknown,NA,Bình Tân,NA,Nhà phố,NA,NA,https://luachonnhadat.vn/vnt_upload/product/07_2025/590a68a87921ce0be5de174b3a6d1f6f.jpg,https://luachonnhadat.vn/nha-dat/ban-nha-mt-duong-truong-phuoc-phan-p-binh-tri-dong-4-x-22m-cap-4-gia-12-5-ty.html,https://luachonnhadat.vn/nha-dat/ban-nha-mt-duong-truong-phuoc-phan-p-binh-tri-dong-4-x-22m-cap-4-gia-12-5-ty.html,2026-05-25,2026-06-03T08:41:14Z,2,11900,135227272.72727272,0,0
luachonnhadat,sale,luachonnhadat_46825,luachonnhadat_46825,"Bán nhà hẻm 36 Nguyễn Triệu Luật, P. Tân Tạo, DT 8 x 11m, 3 tấm, giá 7.5 tỷ.",7500000000,7.5 Tỷ/căn,88,NA,"Bình Tân, Hồ Chí Minh",Unknown,NA,Bình Tân,NA,Nhà phố,NA,NA,https://luachonnhadat.vn/vnt_upload/product/04_2024/644.jpg.jpg,https://luachonnhadat.vn/nha-dat/ban-nha-hem-36-nguyen-trieu-luat-p-tan-tao-4-x-11m-5-tam-gia-4-5-ty-.html,https://luachonnhadat.vn/nha-dat/ban-nha-hem-36-nguyen-trieu-luat-p-tan-tao-4-x-11m-5-tam-gia-4-5-ty-.html,2026-05-25,2026-06-03T08:41:14Z,2,7500,85227272.72727273,0,0
luachonnhadat,sale,luachonnhadat_50172,luachonnhadat_50172,"Bán nhà khu Bình Phú, MT đường Chợ Lớn, DT 8 x 15m, 4.5 tấm, giá 36 tỷ",36000000000,36 Tỷ/căn,120,NA,"Quận 6, Hồ Chí Minh",Unknown,NA,Quận 6,NA,Nhà phố,NA,NA,https://luachonnhadat.vn/vnt_upload/product/05_2026/29b8942c1cc1215794632351209ecca4.jpg,https://luachonnhadat.vn/nha-dat/ban-nha-khu-binh-phu-mt-duong-cho-lon-dt-8-x-15m-4-5-tam-gia-36-ty.html,https://luachonnhadat.vn/nha-dat/ban-nha-khu-binh-phu-mt-duong-cho-lon-dt-8-x-15m-4-5-tam-gia-36-ty.html,2026-05-25,2026-06-03T08:41:14Z,2,36000,300000000,0,0
luachonnhadat,sale,luachonnhadat_50171,luachonnhadat_50171,"Bán đất MT Kênh Tham Lương, P. Tân Tạo, 8 x 35m, 19.5 tỷ.",19500000000,19.5 Tỷ/nền,280,NA,"Bình Tân, Hồ Chí Minh",Unknown,NA,Bình Tân,NA,Đất,NA,NA,https://luachonnhadat.vn/vnt_upload/product/10_2023/logo1_1.png,https://luachonnhadat.vn/nha-dat/ban-dat-mt-kenh-tham-luong-p-tan-tao-8-x-35m-19-5-ty-.html,https://luachonnhadat.vn/nha-dat/ban-dat-mt-kenh-tham-luong-p-tan-tao-8-x-35m-19-5-ty-.html,2026-05-25,2026-06-03T08:41:14Z,2,19500,69642857.14285715,0,0
luachonnhadat,sale,luachonnhadat_48496,luachonnhadat_48496,"Bán đất MT Kênh Tham Lương, P. Tân Tạo, 4 x 15m, 5.25 tỷ.",5250000000,5.25 Tỷ/nền,60,NA,"Bình Tân, Hồ Chí Minh",Unknown,NA,Bình Tân,NA,Đất,NA,NA,https://luachonnhadat.vn/vnt_upload/product/06_2025/56a83c611bc022f51789d268eb1b35aa.png,https://luachonnhadat.vn/nha-dat/ban-dat-mt-kenh-tham-luong-p-tan-tao-4-x-25m-7-8-ty-co-5-lo-1750907877.html,https://luachonnhadat.vn/nha-dat/ban-dat-mt-kenh-tham-luong-p-tan-tao-4-x-25m-7-8-ty-co-5-lo-1750907877.html,2026-05-25,2026-06-03T08:41:14Z,2,5250,87500000,0,0
luachonnhadat,sale,luachonnhadat_49961,luachonnhadat_49961,"Bán nhà hẻm 344 Chiến Lược, P. Bình Trị Đông A, 3 x 11m, 3 tấm, giá 4.07 tỷ",4070000000.000001,4.07 Tỷ/căn,33,NA,"Bình Tân, Hồ Chí Minh",Unknown,NA,Bình Tân,NA,Nhà phố,NA,NA,https://luachonnhadat.vn/vnt_upload/product/04_2026/cc400606fd78fc55b7f430117e05a9c3.jpg,https://luachonnhadat.vn/nha-dat/ban-nha-hem-344-chien-luoc-p-binh-tri-dong-a-3-x-11m-3-tam-gia-4-2-ty.html,https://luachonnhadat.vn/nha-dat/ban-nha-hem-344-chien-luoc-p-binh-tri-dong-a-3-x-11m-3-tam-gia-4-2-ty.html,2026-05-25,2026-06-03T08:41:14Z,2,4070.000000000001,123333333.33333334,0,0
luachonnhadat,sale,luachonnhadat_43779,luachonnhadat_43779,"✅ NHÀ GÓC 2MT KHU TÊN LỬA, ĐƯỜNG SỐ 7B, 4 X 15M, 4.5 TẤM, 15.2 TỶ | NHÀ MỚI ĐẸP",15200000000,15.2 Tỷ/căn,60,NA,"Bình Tân, Hồ Chí Minh",Unknown,NA,Bình Tân,NA,Nhà phố,NA,NA,https://luachonnhadat.vn/vnt_upload/product/05_2026/c62fa507126a5f919e9e3852ecf4ab5e.jpeg,https://luachonnhadat.vn/nha-dat/-nha-goc-2mt-khu-ten-lua-duong-so-7b-4-x-15m-4-5-tam-15-2-ty-nha-moi-dep.html,https://luachonnhadat.vn/nha-dat/-nha-goc-2mt-khu-ten-lua-duong-so-7b-4-x-15m-4-5-tam-15-2-ty-nha-moi-dep.html,2026-05-25,2026-06-03T08:41:14Z,2,15200,253333333.33333337,0,0
luachonnhadat,sale,luachonnhadat_48401,luachonnhadat_48401,"Bán nhà góc 2MT đường Cao Văn Lầu, P.1, Q.6, DT 4.84 x 15.5m, 4 tấm, giá 19.4 tỷ",19400000000,19.4 Tỷ/căn,75,NA,"Quận 6, Hồ Chí Minh",Unknown,NA,Quận 6,NA,Nhà phố,NA,NA,https://luachonnhadat.vn/vnt_upload/product/06_2025/b998932bb8cb251cf391a54d5894e075.jpg,https://luachonnhadat.vn/nha-dat/ban-nha-goc-2mt-duong-cao-van-lau-p-1-q-6-dt-4-84-x-15-5m-4-tam-gia-19-4-ty.html,https://luachonnhadat.vn/nha-dat/ban-nha-goc-2mt-duong-cao-van-lau-p-1-q-6-dt-4-84-x-15-5m-4-tam-gia-19-4-ty.html,2026-05-25,2026-06-03T08:41:14Z,2,19400,258666666.66666663,0,0
luachonnhadat,sale,luachonnhadat_46426,luachonnhadat_46426,"Bán nhà khu Tên Lửa, MT đường Số 5, DT 4 x 20m, 3.5 tấm + hầm, giá 14 tỷ.",14000000000,14 Tỷ/căn,80,NA,"Bình Tân, Hồ Chí Minh",Unknown,NA,Bình Tân,NA,Nhà phố,NA,NA,https://luachonnhadat.vn/vnt_upload/product/06_2025/69a4fb4ed58c1fad3b7d524cea5f9515.jpeg,https://luachonnhadat.vn/nha-dat/ban-nha-khu-ten-lua-mt-duong-so-5-dt-4-x-20m-3-5-tam-ham-gia-14-ty-.html,https://luachonnhadat.vn/nha-dat/ban-nha-khu-ten-lua-mt-duong-so-5-dt-4-x-20m-3-5-tam-ham-gia-14-ty-.html,2026-05-25,2026-06-03T08:41:14Z,2,14000,175000000,0,0
luachonnhadat,sale,luachonnhadat_40198,luachonnhadat_40198,"Bán cặp nhà MT đường Số 57A, P. Tân Tạo, DT 10 x 20m, 6 tấm, giá 20.5 tỷ",20500000000,20.5 Tỷ/căn,200,NA,"Bình Tân, Hồ Chí Minh",Unknown,NA,Bình Tân,NA,Nhà phố,NA,NA,https://luachonnhadat.vn/vnt_upload/product/09_2019/468.jpg,https://luachonnhadat.vn/nha-dat/ban-cap-nha-mt-duong-so-57a-p-tan-tao-10-x-20m-6-tam-gia-20-ty-khu-ten-lua-pouyuen.html,https://luachonnhadat.vn/nha-dat/ban-cap-nha-mt-duong-so-57a-p-tan-tao-10-x-20m-6-tam-gia-20-ty-khu-ten-lua-pouyuen.html,2026-05-25,2026-06-03T08:41:14Z,2,20500,102500000,0,0
luachonnhadat,sale,luachonnhadat_49481,luachonnhadat_49481,"❖ BÁN MỚI NHÀ KHU VIP AO SEN TÊN LỬA, MT ĐƯỜNG SỐ 32, DT 5 X 20M, 3.5 TẤM, 19 TỶ. GẦN AEON MALL",19000000000,19 Tỷ/căn,100,NA,"Bình Tân, Hồ Chí Minh",Unknown,NA,Bình Tân,NA,Nhà phố,NA,NA,https://luachonnhadat.vn/vnt_upload/product/01_2026/b0006e403eae91f6ad0a17820647e208.jpg,https://luachonnhadat.vn/nha-dat/ban-nha-khu-ten-lua-gan-aeon-mall-mt-duong-so-32-dt-5-x-20m-3-5-tam-gia-19-6-ty-.html,https://luachonnhadat.vn/nha-dat/ban-nha-khu-ten-lua-gan-aeon-mall-mt-duong-so-32-dt-5-x-20m-3-5-tam-gia-19-6-ty-.html,2026-05-25,2026-06-03T08:41:14Z,2,19000,190000000,0,0
luachonnhadat,sale,luachonnhadat_48937,luachonnhadat_48937,"✔ BÁN BIỆT THỰ KHU TÊN LỬA, MT ĐƯỜNG SỐ 5, DT 8 X 21M, 3 TẤM, 22 TỶ. GẦN AEON MALL",22000000000,22 Tỷ/căn,168,NA,"Bình Tân, Hồ Chí Minh",Unknown,NA,Bình Tân,NA,Biệt thự,NA,NA,https://luachonnhadat.vn/vnt_upload/product/05_2026/7da2d09f4f0fe582c9df7822beb4def7.jpeg,https://luachonnhadat.vn/nha-dat/ban-nha-khu-ten-lua-mt-duong-so-5-dt-8-x-21m-3-tam-gia-23-ty-.html,https://luachonnhadat.vn/nha-dat/ban-nha-khu-ten-lua-mt-duong-so-5-dt-8-x-21m-3-tam-gia-23-ty-.html,2026-05-25,2026-06-03T08:41:14Z,2,22000,130952380.95238096,0,0
luachonnhadat,sale,luachonnhadat_44349,luachonnhadat_44349,"Bán nhà khu Tên Lửa, MT đường Số 26, DT 4 x 23.5m, 3 tấm, giá 14 tỷ.",14000000000,14 Tỷ/căn,94,NA,"Bình Tân, Hồ Chí Minh",Unknown,NA,Bình Tân,NA,Nhà phố,NA,NA,https://luachonnhadat.vn/vnt_upload/product/07_2022/543.jpg,https://luachonnhadat.vn/nha-dat/ban-nha-mt-duong-so-26-p-binh-tri-dong-b-4-x-23-5m-3-tam-gia-14-ty-khu-ten-lua-1721266989.html,https://luachonnhadat.vn/nha-dat/ban-nha-mt-duong-so-26-p-binh-tri-dong-b-4-x-23-5m-3-tam-gia-14-ty-khu-ten-lua-1721266989.html,2026-05-25,2026-06-03T08:41:14Z,2,14000,148936170.21276596,0,0
luachonnhadat,sale,luachonnhadat_2523,luachonnhadat_2523,"Bán nhà hẻm 634/ Tỉnh Lộ 10, P. Bình Trị Đông B, Q, 8.2 x 36m, 2 tấm, giá 18 tỷ.",18000000000,18 Tỷ/căn,296,NA,"Bình Tân, Hồ Chí Minh",Unknown,NA,Bình Tân,NA,Nhà phố,NA,NA,https://luachonnhadat.vn/vnt_upload/product/06_2025/1ad3d570c0bb7491dde2225c535f5904.jpg,https://luachonnhadat.vn/nha-dat/ban-nha-hem-634-tinh-lo-10-p-binh-tri-dong-b-q-8-2-x-36m-2-tam-gia-18-5-ty-1755673071.html,https://luachonnhadat.vn/nha-dat/ban-nha-hem-634-tinh-lo-10-p-binh-tri-dong-b-q-8-2-x-36m-2-tam-gia-18-5-ty-1755673071.html,2026-05-25,2026-06-03T08:41:14Z,2,18000,60810810.81081081,0,0
luachonnhadat,sale,luachonnhadat_49385,luachonnhadat_49385,"Bán nhà hẻm 194 Chiến Lược, P. Bình Trị Đông, 5.44 x 13m, 2 tấm, giá 5.5 tỷ",5500000000,5.5 Tỷ/căn,70,NA,"Bình Tân, Hồ Chí Minh",Unknown,NA,Bình Tân,NA,Nhà phố,NA,NA,https://luachonnhadat.vn/vnt_upload/product/12_2025/2877fc149350dfbe6579129293fab34c.jpg,https://luachonnhadat.vn/nha-dat/ban-nha-hem-194-chien-luoc-p-binh-tri-dong-5-44-x-13m-2-tam-gia-5-7-ty.html,https://luachonnhadat.vn/nha-dat/ban-nha-hem-194-chien-luoc-p-binh-tri-dong-5-44-x-13m-2-tam-gia-5-7-ty.html,2026-05-25,2026-06-03T08:41:14Z,2,5500,78571428.57142857,0,0
luachonnhadat,sale,luachonnhadat_49785,luachonnhadat_49785,"Bán nhà MT đường Số 5B, P. Bình Hưng Hòa A, DT 6 x 16m, 3 tấm, giá 9.48 tỷ",9480000000,9.48 Tỷ/căn,96,NA,"Bình Tân, Hồ Chí Minh",Unknown,NA,Bình Tân,NA,Nhà phố,NA,NA,https://luachonnhadat.vn/vnt_upload/product/03_2026/ef11eac239197d56984e27e7248aa5a2.jpg,https://luachonnhadat.vn/nha-dat/ban-nha-mt-duong-so-5b-p-binh-hung-hoa-a-dt-6-x-16m-3-tam-gia-9-48-ty.html,https://luachonnhadat.vn/nha-dat/ban-nha-mt-duong-so-5b-p-binh-hung-hoa-a-dt-6-x-16m-3-tam-gia-9-48-ty.html,2026-05-25,2026-06-03T08:41:14Z,2,9480,98750000,0,0
luachonnhadat,sale,luachonnhadat_50165,luachonnhadat_50165,"Bán đất hẻm 574 Sinco, P. Bình Trị Đông B, DT 4 x 20m, giá 5.5 tỷ",5500000000,5.5 Tỷ/nền,80,NA,"Bình Tân, Hồ Chí Minh",Unknown,NA,Bình Tân,NA,Đất,NA,NA,https://luachonnhadat.vn/vnt_upload/product/05_2026/70946ab4819bc7d3b095f30f1fe9d82b.jpg,https://luachonnhadat.vn/nha-dat/ban-dat-hem-574-sinco-p-binh-tri-dong-b-dt-4-x-20m-gia-5-5-ty.html,https://luachonnhadat.vn/nha-dat/ban-dat-hem-574-sinco-p-binh-tri-dong-b-dt-4-x-20m-gia-5-5-ty.html,2026-05-25,2026-06-03T08:41:14Z,2,5500,68750000,0,0
luachonnhadat,sale,luachonnhadat_50164,luachonnhadat_50164,"Bán 4 nền đất hẻm 151 Liên Khu 4-5, P. Bình Hưng Hoà B, DT 4.2 x 14.5m/nền, giá 4.5 tỷ/nền",4500000000,4.5 Tỷ/nền,60,NA,"Bình Tân, Hồ Chí Minh",Unknown,NA,Bình Tân,NA,Đất,NA,NA,https://luachonnhadat.vn/vnt_upload/product/05_2026/7256fc4aa40fad586185b1620ef16a94.jpg,https://luachonnhadat.vn/nha-dat/ban-4-nen-dat-hem-151-lien-khu-4-5-p-binh-hung-hoa-b-dt-4-2-x-14-5m-nen-gia-4-5-ty-nen.html,https://luachonnhadat.vn/nha-dat/ban-4-nen-dat-hem-151-lien-khu-4-5-p-binh-hung-hoa-b-dt-4-2-x-14-5m-nen-gia-4-5-ty-nen.html,2026-05-25,2026-06-03T08:41:14Z,2,4500,75000000,0,0
luachonnhadat,sale,luachonnhadat_50163,luachonnhadat_50163,"Bán nhà hẻm 22 Trương Phước Phan, P. Bình Trị Đông, DT 4.3 x 13.3m, 1 lầu, giá 5.1 tỷ",5100000000,5.1 Tỷ/căn,57,NA,"Bình Tân, Hồ Chí Minh",Unknown,NA,Bình Tân,NA,Nhà phố,NA,NA,https://luachonnhadat.vn/vnt_upload/product/05_2026/dc39cdeb8b7438f1236dec61feee0b61.jpg,https://luachonnhadat.vn/nha-dat/ban-nha-hem-22-truong-phuoc-phan-p-binh-tri-dong-dt-4-3-x-13-3m-1-lau-gia-5-1-ty.html,https://luachonnhadat.vn/nha-dat/ban-nha-hem-22-truong-phuoc-phan-p-binh-tri-dong-dt-4-3-x-13-3m-1-lau-gia-5-1-ty.html,2026-05-25,2026-06-03T08:41:14Z,2,5100,89473684.21052632,0,0
luachonnhadat,sale,luachonnhadat_49623,luachonnhadat_49623,"✅ BÁN NHÀ CHÍNH CHỦ Q. BÌNH TÂN, MT 478 MÃ LÒ, 4 X 40M, CẤP 4, GIÁ 9.6 TỶ",9600000000,9.6 Tỷ/căn,160,NA,"Bình Tân, Hồ Chí Minh",Unknown,NA,Bình Tân,NA,Nhà phố,NA,NA,https://luachonnhadat.vn/vnt_upload/product/03_2026/46d8d5036d42ecba9c68a283dc59ddcc.jpg,https://luachonnhadat.vn/nha-dat/ban-nha-mt-duong-ma-lo-p-binh-tri-dong-a-4-x-40m-cap-4-gia-9-6-ty-.html,https://luachonnhadat.vn/nha-dat/ban-nha-mt-duong-ma-lo-p-binh-tri-dong-a-4-x-40m-cap-4-gia-9-6-ty-.html,2026-05-24,2026-06-03T08:41:14Z,2,9600,60000000,0,0
luachonnhadat,sale,luachonnhadat_48143,luachonnhadat_48143,"Đất MT Nguyễn Cữu Phú, 22 x 200m (NH 41m), TDT: 4650m2 có 2654 thổ cư, ~2000 đất nông nghiệp, 125 tỷ",125000000000,125 Tỷ/nền,4650,NA,"Bình Chánh, Hồ Chí Minh",Unknown,NA,Bình Chánh,NA,Đất,NA,NA,https://luachonnhadat.vn/vnt_upload/product/03_2025/660545b7929d07ce370f68ba29f15d38.png,https://luachonnhadat.vn/nha-dat/dat-mt-nguyen-cuu-phu-22-x-200m-nh-41m-tdt-4650m2-co-2654-tho-cu-2000-dat-nong-nghiep-125-ty-1742954334.html,https://luachonnhadat.vn/nha-dat/dat-mt-nguyen-cuu-phu-22-x-200m-nh-41m-tdt-4650m2-co-2654-tho-cu-2000-dat-nong-nghiep-125-ty-1742954334.html,2026-05-24,2026-06-03T08:41:14Z,2,125000,26881720.430107526,0,0
luachonnhadat,sale,luachonnhadat_50092,luachonnhadat_50092,"✅ BÁN NHÀ MTKD ĐỐI DIỆN AEON MALL TÂN PHÚ, MT BỜ BAO TÂN THẮNG, 4 X 22M, 2 TẤM, 15.5 TỶ.",15500000000,15.5 Tỷ/căn,64,NA,"Tân Phú, Hồ Chí Minh",Unknown,NA,Tân Phú,NA,Nhà phố,NA,NA,https://luachonnhadat.vn/vnt_upload/product/05_2026/76610329d238f62b8a316ad1c7e9b023.jpg,https://luachonnhadat.vn/nha-dat/ban-nha-mt-duong-bo-bao-tan-thang-p-son-ky-dt-4-x-16m-2-tam-gia-15-5-ty.html,https://luachonnhadat.vn/nha-dat/ban-nha-mt-duong-bo-bao-tan-thang-p-son-ky-dt-4-x-16m-2-tam-gia-15-5-ty.html,2026-05-24,2026-06-03T08:41:14Z,2,15500,242187500,0,0
luachonnhadat,sale,luachonnhadat_50160,luachonnhadat_50160,"HOT ⭐ GÓC 2MT KINH DOANH ĐƯỜNG TRƯƠNG PHƯỚC PHAN, 9.5 X 16M (NH 10M), CẤP 4, GIÁ 12.5 TỶ",12500000000,12.5 Tỷ/nền,156,NA,"Bình Tân, Hồ Chí Minh",Unknown,NA,Bình Tân,NA,Nhà phố,NA,NA,https://luachonnhadat.vn/vnt_upload/product/05_2026/fd0a0116699517fd95dd21fe35cf2203.jpg,https://luachonnhadat.vn/nha-dat/ban-dat-goc-2mt-duong-truong-phuoc-phan-p-binh-tri-dong-dt-9-5-x-16-5m-nh-10m-gia-12-5-ty.html,https://luachonnhadat.vn/nha-dat/ban-dat-goc-2mt-duong-truong-phuoc-phan-p-binh-tri-dong-dt-9-5-x-16-5m-nh-10m-gia-12-5-ty.html,2026-05-24,2026-06-03T08:41:14Z,2,12500,80128205.12820514,0,0
luachonnhadat,sale,luachonnhadat_49687,luachonnhadat_49687,"✅ BÁN ĐẤT MẶT TIỀN KINH DOANH ĐÔNG ĐÚC, MT LỘ TẺ 4 X 20M, 6.45 TỶ. GẦN CHỢ (CÓ 3 NỀN LIỀN KỀ)",6450000000,6.45 Tỷ/nền,80,NA,"Bình Tân, Hồ Chí Minh",Unknown,NA,Bình Tân,NA,Đất,NA,NA,https://luachonnhadat.vn/vnt_upload/product/03_2026/3bf7cfd3989ff1c0f734335e5fc3364c.jpg,https://luachonnhadat.vn/nha-dat/ban-3-lo-dat-mt-duong-lo-te-p-tan-tao-a-dt-4-x-20m-gia-tu-6-45-ty-thuong-luong-.html,https://luachonnhadat.vn/nha-dat/ban-3-lo-dat-mt-duong-lo-te-p-tan-tao-a-dt-4-x-20m-gia-tu-6-45-ty-thuong-luong-.html,2026-05-24,2026-06-03T08:41:14Z,2,6450,80625000,0,0
luachonnhadat,sale,luachonnhadat_48185,luachonnhadat_48185,"✅ NHÀ BÁN MT KINH DOANH KHU TÊN LỬA, MT ĐƯỜNG SỐ 19, DT 4.5 X 20M, 3.5 TẤM, 15.7 TỶ. NHÀ MỚI ĐẸP",15700000000,15.7 Tỷ/căn,90,NA,"Bình Tân, Hồ Chí Minh",Unknown,NA,Bình Tân,NA,Nhà phố,NA,NA,https://luachonnhadat.vn/vnt_upload/product/05_2026/99b693329772e32e16dcf567a845c006.jpg,https://luachonnhadat.vn/nha-dat/ban-nha-khu-ten-lua-mt-duong-so-19-dt-4-5-x-20m-3-5-tam-gia-15-7-ty-.html,https://luachonnhadat.vn/nha-dat/ban-nha-khu-ten-lua-mt-duong-so-19-dt-4-5-x-20m-3-5-tam-gia-15-7-ty-.html,2026-05-24,2026-06-03T08:41:14Z,2,15700,174444444.44444445,0,0
luachonnhadat,sale,luachonnhadat_40102,luachonnhadat_40102,"✅ BÁN ĐẤT KHU AO SEN TÊN LỬA, MT ĐƯỜNG SỐ 17B, 5 X 20M, 13 TỶ, GẦN AEON MALL.",13000000000,13 Tỷ/nền,100,NA,"Bình Tân, Hồ Chí Minh",Unknown,NA,Bình Tân,NA,Đất,NA,NA,https://luachonnhadat.vn/vnt_upload/product/04_2026/dc209395874574c0732889c535bc1b18.png,https://luachonnhadat.vn/nha-dat/ban-dat-khu-ten-lua-gan-aeon-mall-mt-duong-so-17b-dt-5-x-20m-gia-13-ty.html,https://luachonnhadat.vn/nha-dat/ban-dat-khu-ten-lua-gan-aeon-mall-mt-duong-so-17b-dt-5-x-20m-gia-13-ty.html,2026-05-24,2026-06-03T08:41:14Z,2,13000,130000000,0,0
luachonnhadat,sale,luachonnhadat_42081,luachonnhadat_42081,"✅ BÁN BIỆT THỰ KHU TÊN LỬA, MT ĐƯỜNG SỐ 3, DT 12 X 20M, 3 TẤM, 30 TỶ. CÁCH CÔNG VIÊN 20M",30000000000,30 Tỷ/căn,240,NA,"Bình Tân, Hồ Chí Minh",Unknown,NA,Bình Tân,NA,Biệt thự,NA,NA,https://luachonnhadat.vn/vnt_upload/product/04_2026/ff06b79c5040fe4d9aa9a32f8c273cc8.jpg,https://luachonnhadat.vn/nha-dat/ban-biet-thu-khu-ten-lua-mt-duong-so-3-dt-12-x-20m-1-lau-gia-30-ty-.html,https://luachonnhadat.vn/nha-dat/ban-biet-thu-khu-ten-lua-mt-duong-so-3-dt-12-x-20m-1-lau-gia-30-ty-.html,2026-05-24,2026-06-03T08:41:14Z,2,30000,125000000,0,0
luachonnhadat,sale,luachonnhadat_49521,luachonnhadat_49521,"✅ SIÊU PHẨM BIỆT THỰ- ĐỐI DIỆN CÔNG VIÊN - ĐƯỜNG SỐ 32A KHU TÊN LỬA, 20 X 20M, 3 TẤM, 57 TỶ.",57000000000,57 Tỷ/căn,400,NA,"Bình Tân, Hồ Chí Minh",Unknown,NA,Bình Tân,NA,Biệt thự,NA,NA,https://luachonnhadat.vn/vnt_upload/product/04_2026/dfb875456eb57a09b4da3f18b2d1790d.jpg,https://luachonnhadat.vn/nha-dat/sieu-pham-biet-thu-doi-dien-cong-vien-duong-so-32a-khu-ten-lua-20-x-20m-3-tam-.html,https://luachonnhadat.vn/nha-dat/sieu-pham-biet-thu-doi-dien-cong-vien-duong-so-32a-khu-ten-lua-20-x-20m-3-tam-.html,2026-05-24,2026-06-03T08:41:14Z,2,57000,142500000,0,0
luachonnhadat,sale,luachonnhadat_46360,luachonnhadat_46360,✅ SIÊU BIỆT THỰ PHỐ KHU TÊN LỬA – MẶT TIỀN ĐƯỜNG SỐ 6A – CÓ TẦNG HẦM TIỆN LỢI.,35000000000,35 Tỷ/căn,200,NA,"Bình Tân, Hồ Chí Minh",Unknown,NA,Bình Tân,NA,Biệt thự,NA,NA,https://luachonnhadat.vn/vnt_upload/product/04_2026/77c1124223236e42b8eaf459550c993f.jpg,https://luachonnhadat.vn/nha-dat/ban-biet-thu-khu-ten-lua-mt-duong-so-6a-dt-10-x-20m-3-tam-ham-gia-35-ty.html,https://luachonnhadat.vn/nha-dat/ban-biet-thu-khu-ten-lua-mt-duong-so-6a-dt-10-x-20m-3-tam-ham-gia-35-ty.html,2026-05-24,2026-06-03T08:41:14Z,2,35000,175000000,0,0
luachonnhadat,sale,luachonnhadat_40025,luachonnhadat_40025,"✅ BÁN NHÀ GÓC 2MT SIÊU VIP KHU AO SEN TÊN LỬA, MT ĐƯỜNG SỐ 32, DT 10 X 20M, 48 TỶ. CẠNH AEON MALL",48000000000,48 Tỷ/căn,200,NA,"Bình Tân, Hồ Chí Minh",Unknown,NA,Bình Tân,NA,Nhà phố,NA,NA,https://luachonnhadat.vn/vnt_upload/product/04_2026/b268503c59d8a737e490e6d55e26c7fd.png,https://luachonnhadat.vn/nha-dat/ban-nha-khu-ten-lua-aeon-mall-goc-2mt-duong-so-32-dt-10-x-20m-3-5-tam-gia-48-ty-.html,https://luachonnhadat.vn/nha-dat/ban-nha-khu-ten-lua-aeon-mall-goc-2mt-duong-so-32-dt-10-x-20m-3-5-tam-gia-48-ty-.html,2026-05-24,2026-06-03T08:41:14Z,2,48000,240000000,0,0
luachonnhadat,sale,luachonnhadat_42817,luachonnhadat_42817,"✅ BÁN NHÀ ĐƯỜNG KINH DOANH - KHU TÊN LỬA, MT ĐƯỜNG SỐ 4, DT 6 X 22M, 3.5 TẤM, 23.9 TỶ. KD ĐÔNG ĐÚC",23900000000,23.9 Tỷ/căn,132,NA,"Bình Tân, Hồ Chí Minh",Unknown,NA,Bình Tân,NA,Nhà phố,NA,NA,https://luachonnhadat.vn/vnt_upload/product/04_2026/0e86facdc88914eab1786b89693915e5.jpeg,https://luachonnhadat.vn/nha-dat/ban-nha-khu-ten-lua-mt-duong-so-4-dt-6-x-22m-3-5-tam-gia-23-9-ty-.html,https://luachonnhadat.vn/nha-dat/ban-nha-khu-ten-lua-mt-duong-so-4-dt-6-x-22m-3-5-tam-gia-23-9-ty-.html,2026-05-24,2026-06-03T08:41:14Z,2,23900,181060606.0606061,0,0
luachonnhadat,sale,luachonnhadat_48362,luachonnhadat_48362,"✅ NHÀ BÁN KHU TÊN LỬA ĐỐI DIỆN CÔNG VIÊN, MT ĐƯỜNG SỐ 5B, 5 X 20M, 3.5 TẤM, 14.5 TỶ. CẠNH AEON MALL",14500000000,14.5 Tỷ/căn,100,NA,"Bình Tân, Hồ Chí Minh",Unknown,NA,Bình Tân,NA,Nhà phố,NA,NA,https://luachonnhadat.vn/vnt_upload/product/09_2025/cbfddeb6fc31875de3f95c0f44d07558.jpeg,https://luachonnhadat.vn/nha-dat/ban-nha-khu-ten-lua-gan-aeon-mall-mt-duong-so-5b-dt-5-x-20m-3-5-tam-gia-14-5-ty.html,https://luachonnhadat.vn/nha-dat/ban-nha-khu-ten-lua-gan-aeon-mall-mt-duong-so-5b-dt-5-x-20m-3-5-tam-gia-14-5-ty.html,2026-05-24,2026-06-03T08:41:14Z,2,14500,145000000,0,0
luachonnhadat,sale,luachonnhadat_2212,luachonnhadat_2212,"✅ BÁN BIỆT THỰ MỚI GÓC 2MT KHU TÊN LỬA, MT ĐƯỜNG SỐ 21, DT 9 X 20M, 3.5 TẤM, 31 TỶ. GẦN AEON MALL",31000000000,31 Tỷ/căn,180,NA,"Bình Tân, Hồ Chí Minh",Unknown,NA,Bình Tân,NA,Biệt thự,NA,NA,https://luachonnhadat.vn/vnt_upload/product/08_2025/84a73170f929352f43af701cfa91115c.jpg,https://luachonnhadat.vn/nha-dat/ban-biet-thu-khu-ten-lua-goc-2mt-duong-so-21-dt-9-x-20m-3-5-tam-gia-31-ty-.html,https://luachonnhadat.vn/nha-dat/ban-biet-thu-khu-ten-lua-goc-2mt-duong-so-21-dt-9-x-20m-3-5-tam-gia-31-ty-.html,2026-05-24,2026-06-03T08:41:14Z,2,31000,172222222.2222222,0,0
luachonnhadat,sale,luachonnhadat_44413,luachonnhadat_44413,"☄️ BÁN NHÀ KHU TÊN LỬA, MT ĐƯỜNG SỐ 26, NGANG 6 X 20M, 3.5 TẤM, 15.5 TỶ. GẦN AEON MALL",15500000000,15.5 Tỷ/căn,120,NA,"Bình Tân, Hồ Chí Minh",Unknown,NA,Bình Tân,NA,Nhà phố,NA,NA,https://luachonnhadat.vn/vnt_upload/product/05_2026/caee72d27682aafc4dd145378ca13291.jpeg,https://luachonnhadat.vn/nha-dat/-ban-nha-khu-ten-lua-mt-duong-so-26-ngang-6-x-20m-3-5-tam-15-5-ty-gan-aeon-mall.html,https://luachonnhadat.vn/nha-dat/-ban-nha-khu-ten-lua-mt-duong-so-26-ngang-6-x-20m-3-5-tam-15-5-ty-gan-aeon-mall.html,2026-05-23,2026-06-03T08:41:14Z,2,15500,129166666.66666669,0,0
luachonnhadat,sale,luachonnhadat_49318,luachonnhadat_49318,"Bán nhà hẻm 161 Bình Trị Đông, P. Bình Trị Đông A, DT 6 x 15m, 2 tấm, giá 6.85 tỷ",6850000000,6.85 Tỷ/căn,90,NA,"Bình Tân, Hồ Chí Minh",Unknown,NA,Bình Tân,NA,Nhà phố,NA,NA,https://luachonnhadat.vn/vnt_upload/product/12_2025/1ace3cfd5cc42fe7e67626e6c6a21cfc.jpg,https://luachonnhadat.vn/nha-dat/ban-nha-hem-161-binh-tri-dong-p-binh-tri-dong-a-dt-6-x-15m-2-tam-gia-6-85-ty.html,https://luachonnhadat.vn/nha-dat/ban-nha-hem-161-binh-tri-dong-p-binh-tri-dong-a-dt-6-x-15m-2-tam-gia-6-85-ty.html,2026-05-23,2026-06-03T08:41:14Z,2,6850,76111111.1111111,0,0
luachonnhadat,sale,luachonnhadat_50161,luachonnhadat_50161,"Bán căn hộ tầng 1 CC 78 Kinh Dương Vương, P.13, Q.6, DT 3.7 x 15.2m, 1 lửng, giá 5.8 tỷ",5800000000,5.8 Tỷ/căn,56,NA,"Quận 6, Hồ Chí Minh",Unknown,NA,Quận 6,NA,Căn hộ,NA,NA,https://luachonnhadat.vn/vnt_upload/product/05_2026/b00766fcbfbee877cab30060de705cd5.jpg,https://luachonnhadat.vn/nha-dat/ban-can-ho-tang-1-cc-78-kinh-duong-vuong-p-13-q-6-dt-3-7-x-15-2m-1-lung-gia-5-8-ty.html,https://luachonnhadat.vn/nha-dat/ban-can-ho-tang-1-cc-78-kinh-duong-vuong-p-13-q-6-dt-3-7-x-15-2m-1-lung-gia-5-8-ty.html,2026-05-23,2026-06-03T08:41:14Z,2,5800,103571428.57142857,0,0
luachonnhadat,sale,luachonnhadat_50113,luachonnhadat_50113,"Bán đất góc 2MT hẻm 532 Kinh Dương Vương, P. Bình Trị Đông B, DT 5.5 x 17m, giá 6.9 tỷ",6900000000,6.9 Tỷ/nền,93,NA,"Bình Tân, Hồ Chí Minh",Unknown,NA,Bình Tân,NA,Đất,NA,NA,https://luachonnhadat.vn/vnt_upload/product/05_2026/cf09e109cbd3945d2d3e1cd12d14968e.jpg,https://luachonnhadat.vn/nha-dat/ban-dat-goc-2mt-hem-532-kinh-duong-vuong-p-binh-tri-dong-b-dt-5-5-x-17m-gia-6-9-ty.html,https://luachonnhadat.vn/nha-dat/ban-dat-goc-2mt-hem-532-kinh-duong-vuong-p-binh-tri-dong-b-dt-5-5-x-17m-gia-6-9-ty.html,2026-05-23,2026-06-03T08:41:14Z,2,6900,74193548.38709678,0,0
luachonnhadat,sale,luachonnhadat_49051,luachonnhadat_49051,"✔ GÓC 2MT CƯ XÁ PHÚ LÂM B, QUẬN 6, DT 8 X 17.5M, CẤP 4, GIÁ 22 TỶ | CẠNH PHỐ ẨM THỰC.",22000000000,22 Tỷ/căn,140,NA,"Quận 6, Hồ Chí Minh",Unknown,NA,Quận 6,NA,Nhà phố,NA,NA,https://luachonnhadat.vn/vnt_upload/product/05_2026/8e9966d86d8f59dcc0f36e1698049540.jpg,https://luachonnhadat.vn/nha-dat/-goc-2mt-cu-xa-phu-lam-b-quan-6-dt-8-x-17-5m-cap-4-gia-22-ty-canh-pho-am-thuc-.html,https://luachonnhadat.vn/nha-dat/-goc-2mt-cu-xa-phu-lam-b-quan-6-dt-8-x-17-5m-cap-4-gia-22-ty-canh-pho-am-thuc-.html,2026-05-22,2026-06-03T08:41:14Z,2,22000,157142857.14285713,0,0
luachonnhadat,sale,luachonnhadat_41982,luachonnhadat_41982,✔ BÁN NHÀ MẶT TIỀN KINH DƯƠNG VƯƠNG Q.6 – DT 5X23M – KẾT CẤU 5 TẤM - 34 TỶ,34000000000,34 Tỷ/căn,115,NA,"Quận 6, Hồ Chí Minh",Unknown,NA,Quận 6,NA,Nhà phố,NA,NA,https://luachonnhadat.vn/vnt_upload/product/05_2026/9fb49761933096711f71cb3668f6675b.jpg,https://luachonnhadat.vn/nha-dat/-ban-nha-mat-tien-kinh-duong-vuong-q-6-dt-5x23m-ket-cau-5-tam-34-ty.html,https://luachonnhadat.vn/nha-dat/-ban-nha-mat-tien-kinh-duong-vuong-q-6-dt-5x23m-ket-cau-5-tam-34-ty.html,2026-05-22,2026-06-03T08:41:14Z,2,34000,295652173.9130435,0,0
luachonnhadat,sale,luachonnhadat_49984,luachonnhadat_49984,"✅ BÁN NHÀ CHÍNH CHỦ MỚI ĐẸP | KHU BÌNH PHÚ, QUẬN 6, MT ĐƯỜNG SỐ 36 | DT 4 X 18.5M, 4 TẤM, 13.4 TỶ.",13400000000,13.4 Tỷ/căn,74,NA,"Quận 6, Hồ Chí Minh",Unknown,NA,Quận 6,NA,Nhà phố,NA,NA,https://luachonnhadat.vn/vnt_upload/product/05_2026/83afd95b8a251964e5e0ca83ae4f90b2.jpg,https://luachonnhadat.vn/nha-dat/-ban-nha-chinh-chu-moi-dep-khu-binh-phu-quan-6-mt-duong-so-36-dt-4-x-18-5m-4-tam-13-4-ty-.html,https://luachonnhadat.vn/nha-dat/-ban-nha-chinh-chu-moi-dep-khu-binh-phu-quan-6-mt-duong-so-36-dt-4-x-18-5m-4-tam-13-4-ty-.html,2026-05-22,2026-06-03T08:41:14Z,2,13400,181081081.0810811,0,0
luachonnhadat,sale,luachonnhadat_50050,luachonnhadat_50050,"✔ BÁN NHÀ MỚI CHÍNH CHỦ HẺM 713 AN DƯƠNG VƯƠNG, 4 X 11M, 2.5 TẤM, 5.85 TỶ.",5850000000,5.85 Tỷ/căn,44,NA,"Bình Tân, Hồ Chí Minh",Unknown,NA,Bình Tân,NA,Nhà phố,NA,NA,https://luachonnhadat.vn/vnt_upload/product/05_2026/d5765a160319544fdf12e92dd028de2c.jpeg,https://luachonnhadat.vn/nha-dat/-ban-nha-moi-chinh-chu-hem-713-an-duong-vuong-4-x-11m-2-5-tam-5-85-ty-.html,https://luachonnhadat.vn/nha-dat/-ban-nha-moi-chinh-chu-hem-713-an-duong-vuong-4-x-11m-2-5-tam-5-85-ty-.html,2026-05-22,2026-06-03T08:41:14Z,2,5850,132954545.45454544,0,0
luachonnhadat,sale,luachonnhadat_50156,luachonnhadat_50156,"BÁN NHÀ MỚI CHÍNH CHỦ Q. BÌNH TÂN, HẺM 108 CHIẾN LƯỢC, 4 X 12M, 2 TẤM, 4.95 TỶ",4950000000,4.95 Tỷ/căn,48,NA,"Bình Tân, Hồ Chí Minh",Unknown,NA,Bình Tân,NA,Nhà phố,NA,NA,https://luachonnhadat.vn/vnt_upload/product/05_2026/92a5d27f8f064671ea46b9c390869945.jpg,https://luachonnhadat.vn/nha-dat/ban-nha-moi-chinh-chu-q-binh-tan-hem-108-chien-luoc-4-x-12m-2-tam-4-95-ty.html,https://luachonnhadat.vn/nha-dat/ban-nha-moi-chinh-chu-q-binh-tan-hem-108-chien-luoc-4-x-12m-2-tam-4-95-ty.html,2026-05-22,2026-06-03T08:41:14Z,2,4950,103125000,0,0
luachonnhadat,sale,luachonnhadat_2519,luachonnhadat_2519,"✔ BÁN NHÀ VÀNH ĐAI TRONG (KHU TÊN LỬA), 4 X 25M, 4 TẤM, 18 TỶ. KD ĐÔNG ĐÚC",18000000000,18 Tỷ/căn,100,NA,"Bình Tân, Hồ Chí Minh",Unknown,NA,Bình Tân,NA,Nhà phố,NA,NA,https://luachonnhadat.vn/vnt_upload/product/05_2026/cf4a3b113b2ba654f5f09b9edc315fa9.jpg,https://luachonnhadat.vn/nha-dat/-ban-nha-vanh-dai-trong-khu-ten-lua-4-x-25m-4-tam-18-ty-kd-dong-duc.html,https://luachonnhadat.vn/nha-dat/-ban-nha-vanh-dai-trong-khu-ten-lua-4-x-25m-4-tam-18-ty-kd-dong-duc.html,2026-05-22,2026-06-03T08:41:14Z,2,18000,180000000,0,0
luachonnhadat,sale,luachonnhadat_5632,luachonnhadat_5632,"✅ BÁN NHÀ KHU BÌNH PHÚ, MT ĐƯỜNG SỐ 26, DT 4 X 20M, 3 TẤM, 16 TỶ.",16000000000,16 Tỷ/căn,80,NA,"Quận 6, Hồ Chí Minh",Unknown,NA,Quận 6,NA,Nhà phố,NA,NA,https://luachonnhadat.vn/vnt_upload/product/05_2026/ecb3783338c0e96504129aa8efac02dd.jpg,https://luachonnhadat.vn/nha-dat/-ban-nha-khu-binh-phu-mt-duong-so-26-dt-4-x-20m-3-tam-16-ty-.html,https://luachonnhadat.vn/nha-dat/-ban-nha-khu-binh-phu-mt-duong-so-26-dt-4-x-20m-3-tam-16-ty-.html,2026-05-22,2026-06-03T08:41:14Z,2,16000,200000000,0,0
luachonnhadat,sale,luachonnhadat_50152,luachonnhadat_50152,"Bán nhà khu Tên Lửa gần Aeon Mall, MT đường Số 1, DT 5 x 20m, 3.5 tấm, giá 20.5 tỷ.",20500000000,20.5 Tỷ/căn,100,NA,"Bình Tân, Hồ Chí Minh",Unknown,NA,Bình Tân,NA,Nhà phố,NA,NA,https://luachonnhadat.vn/vnt_upload/product/05_2026/2dc1ebd3a6e8a3730e621ebfe2506dce.jpg,https://luachonnhadat.vn/nha-dat/ban-nha-khu-ten-lua-gan-aeon-mall-mt-duong-so-1-dt-5-x-20m-3-5-tam-gia-20-5-ty--1779448311.html,https://luachonnhadat.vn/nha-dat/ban-nha-khu-ten-lua-gan-aeon-mall-mt-duong-so-1-dt-5-x-20m-3-5-tam-gia-20-5-ty--1779448311.html,2026-05-22,2026-06-03T08:41:14Z,2,20500,205000000,0,0
luachonnhadat,sale,luachonnhadat_50158,luachonnhadat_50158,"Bán đất hẻm 496 Tỉnh Lộ 10, P. Bình Trị Đông, DT 4.8 x 10.5m, giá 5.3 tỷ",5300000000,5.3 Tỷ/nền,50,NA,"Bình Tân, Hồ Chí Minh",Unknown,NA,Bình Tân,NA,Đất,NA,NA,https://luachonnhadat.vn/vnt_upload/product/05_2026/6a19969a4b15f350b666fdb0f7190936.jpg,https://luachonnhadat.vn/nha-dat/ban-dat-hem-496-tinh-lo-10-p-binh-tri-dong-dt-4-8-x-10-5m-gia-5-3-ty.html,https://luachonnhadat.vn/nha-dat/ban-dat-hem-496-tinh-lo-10-p-binh-tri-dong-dt-4-8-x-10-5m-gia-5-3-ty.html,2026-05-22,2026-06-03T08:41:14Z,2,5300,106000000,0,0
luachonnhadat,sale,luachonnhadat_49873,luachonnhadat_49873,"Bán nhà KDC Lý Chiêu Hoàng, MT đường Số 7, DT 4 x 16m, 3.5 tấm, giá 9.85 tỷ",9850000000,9.85 Tỷ/căn,64,NA,"Bình Tân, Hồ Chí Minh",Unknown,NA,Bình Tân,NA,Nhà phố,NA,NA,https://luachonnhadat.vn/vnt_upload/product/05_2026/58c73e8a898eb4181026edb9286805f1.jpeg,https://luachonnhadat.vn/nha-dat/ban-nha-kdc-ly-chieu-hoang-mt-duong-so-7-dt-4-x-16m-3-5-tam-gia-9-85-ty.html,https://luachonnhadat.vn/nha-dat/ban-nha-kdc-ly-chieu-hoang-mt-duong-so-7-dt-4-x-16m-3-5-tam-gia-9-85-ty.html,2026-05-22,2026-06-03T08:41:14Z,2,9850,153906250,0,0
luachonnhadat,sale,luachonnhadat_50149,luachonnhadat_50149,"Bán nhà góc 2MT hẻm số 1 Chiến Lược, P .Bình Trị Đông, DT 4 x 12m, 4 tấm, giá 5.1 tỷ",5100000000,5.1 Tỷ/căn,48,NA,"Bình Tân, Hồ Chí Minh",Unknown,NA,Bình Tân,NA,Nhà phố,NA,NA,https://luachonnhadat.vn/vnt_upload/product/05_2026/5c7f171ea989f56497de886b46d1dbb8.jpg,https://luachonnhadat.vn/nha-dat/ban-nha-goc-2mt-hem-so-1-chien-luoc-p-binh-tri-dong-dt-4-x-12m-4-tam-gia-5-1-ty.html,https://luachonnhadat.vn/nha-dat/ban-nha-goc-2mt-hem-so-1-chien-luoc-p-binh-tri-dong-dt-4-x-12m-4-tam-gia-5-1-ty.html,2026-05-22,2026-06-03T08:41:14Z,2,5100,106250000,0,0
luachonnhadat,sale,luachonnhadat_48026,luachonnhadat_48026,"Bán nhà khu Tên Lửa Aeon Mall, MT đường Số 1, DT 5 x 20m, 3.5 tấm, giá 22 tỷ",22000000000,22 Tỷ/căn,100,NA,"Bình Tân, Hồ Chí Minh",Unknown,NA,Bình Tân,NA,Nhà phố,NA,NA,https://luachonnhadat.vn/vnt_upload/product/04_2026/f949e0f8c559619eecf78525bda391e2.jpg,https://luachonnhadat.vn/nha-dat/ban-nha-khu-ten-lua-aeon-mall-mt-duong-so-1-dt-5-x-20m-3-5-tam-gia-22-ty.html,https://luachonnhadat.vn/nha-dat/ban-nha-khu-ten-lua-aeon-mall-mt-duong-so-1-dt-5-x-20m-3-5-tam-gia-22-ty.html,2026-05-22,2026-06-03T08:41:14Z,2,22000,220000000,0,0
luachonnhadat,sale,luachonnhadat_50016,luachonnhadat_50016,"Bán nhà hẻm 111 Lê Đình Cẩn, P. Tân Tạo, 4 x 14m, NH 4.2m, cấp 4, giá 4.28 tỷ",4280000000.000001,4.28 Tỷ/căn,56,NA,"Bình Tân, Hồ Chí Minh",Unknown,NA,Bình Tân,NA,Nhà phố,NA,NA,https://luachonnhadat.vn/vnt_upload/product/04_2026/0a7dd62dbfda120960b926867a712b59.jpg,https://luachonnhadat.vn/nha-dat/ban-nha-hem-111-le-dinh-can-p-tan-tao-4-x-14m-nh-4-2m-cap-4-gia-4-28-ty.html,https://luachonnhadat.vn/nha-dat/ban-nha-hem-111-le-dinh-can-p-tan-tao-4-x-14m-nh-4-2m-cap-4-gia-4-28-ty.html,2026-05-22,2026-06-03T08:41:14Z,2,4280.000000000001,76428571.42857143,0,0
luachonnhadat,sale,luachonnhadat_48939,luachonnhadat_48939,"Bán đất hẻm 907 Hương lộ 2, P. Bình Trị Đông A, 5.2 x 17m, giá 6.9 tỷ",6900000000,6.9 Tỷ/nền,88,NA,"Bình Tân, Hồ Chí Minh",Unknown,NA,Bình Tân,NA,Đất,NA,NA,https://luachonnhadat.vn/vnt_upload/product/09_2025/de9013c9b5044ee5c5b762256fd1bf01.jpg,https://luachonnhadat.vn/nha-dat/ban-dat-hem-907-huong-lo-2-p-binh-tri-dong-a-5-2-x-17m-gia-6-9-ty.html,https://luachonnhadat.vn/nha-dat/ban-dat-hem-907-huong-lo-2-p-binh-tri-dong-a-5-2-x-17m-gia-6-9-ty.html,2026-05-22,2026-06-03T08:41:14Z,2,6900,78409090.9090909,0,0
luachonnhadat,sale,luachonnhadat_50025,luachonnhadat_50025,"Bán nhà hẻm 67 Đình Nghi Xuân, P. Bình Trị Đông, DT 3 x 5m, 1 lầu, giá 1.55 tỷ",1550000000,1.55 Tỷ/căn,15,NA,"Bình Tân, Hồ Chí Minh",Unknown,NA,Bình Tân,NA,Nhà phố,NA,NA,https://luachonnhadat.vn/vnt_upload/product/04_2026/3f8c2caeccc06e467bb6d233d506f6a1.jpg,https://luachonnhadat.vn/nha-dat/ban-nha-hem-67-dinh-nghi-xuan-p-binh-tri-dong-dt-3-x-5m-1-lau-gia-1-55-ty.html,https://luachonnhadat.vn/nha-dat/ban-nha-hem-67-dinh-nghi-xuan-p-binh-tri-dong-dt-3-x-5m-1-lau-gia-1-55-ty.html,2026-05-22,2026-06-03T08:41:14Z,2,1550,103333333.33333331,0,0
luachonnhadat,sale,luachonnhadat_49384,luachonnhadat_49384,"Bán nhà 2MT Trước Sau đường An Dương Vương, P. Bình Trị Đông, DT 5 x 15m, 3.5 tấm, giá 7.15 tỷ",7150000000,7.15 Tỷ/căn,75,NA,"Bình Tân, Hồ Chí Minh",Unknown,NA,Bình Tân,NA,Nhà phố,NA,NA,https://luachonnhadat.vn/vnt_upload/product/12_2025/0f964fd97529c8a531f8f112f0356f4a.jpg,https://luachonnhadat.vn/nha-dat/ban-nha-2mt-truoc-sau-duong-an-duong-vuong-p-binh-tri-dong-dt-5-x-15m-3-5-tam-gia-7-15-ty.html,https://luachonnhadat.vn/nha-dat/ban-nha-2mt-truoc-sau-duong-an-duong-vuong-p-binh-tri-dong-dt-5-x-15m-3-5-tam-gia-7-15-ty.html,2026-05-22,2026-06-03T08:41:14Z,2,7150,95333333.33333331,0,0
luachonnhadat,sale,luachonnhadat_50154,luachonnhadat_50154,"Bán nhà hẻm 704 Hương lộ 2, P. Bình Trị Đông A, 4.5 x 15m, 3.5 tấm, giá 6.95 tỷ",6950000000,6.95 Tỷ/căn,67,NA,"Bình Tân, Hồ Chí Minh",Unknown,NA,Bình Tân,NA,Nhà phố,NA,NA,https://luachonnhadat.vn/vnt_upload/product/05_2026/662e4ed45e12e70cdf3527a78e246c85.jpg,https://luachonnhadat.vn/nha-dat/ban-nha-hem-704-huong-lo-2-p-binh-tri-dong-a-4-5-x-15m-3-5-tam-gia-6-95-ty.html,https://luachonnhadat.vn/nha-dat/ban-nha-hem-704-huong-lo-2-p-binh-tri-dong-a-4-5-x-15m-3-5-tam-gia-6-95-ty.html,2026-05-22,2026-06-03T08:41:14Z,2,6950,103731343.28358208,0,0
luachonnhadat,sale,luachonnhadat_50153,luachonnhadat_50153,"Bán nhà hẻm 322 Chiến Lược, P. Bình Trị Đông A, DT 3.5 x 9m, 2 tấm, giá 3.85 tỷ",3850000000,3.85 Tỷ/căn,31,NA,"Bình Tân, Hồ Chí Minh",Unknown,NA,Bình Tân,NA,Nhà phố,NA,NA,https://luachonnhadat.vn/vnt_upload/product/05_2026/e4ac2ef3bfd8885035badf6934002984.jpg,https://luachonnhadat.vn/nha-dat/ban-nha-hem-322-chien-luoc-p-binh-tri-dong-a-dt-3-5-x-9m-2-tam-gia-3-85-ty.html,https://luachonnhadat.vn/nha-dat/ban-nha-hem-322-chien-luoc-p-binh-tri-dong-a-dt-3-5-x-9m-2-tam-gia-3-85-ty.html,2026-05-22,2026-06-03T08:41:14Z,2,3850,124193548.38709678,0,0
luachonnhadat,sale,luachonnhadat_48008,luachonnhadat_48008,"Bán nhà hẻm 381 Lê Văn Quới, P. Bình Trị Đông A, 6 x 10m, 4.5 tấm, giá 8.1 tỷ",8100000000,8.1 Tỷ/căn,60,NA,"Bình Tân, Hồ Chí Minh",Unknown,NA,Bình Tân,NA,Nhà phố,NA,NA,https://luachonnhadat.vn/vnt_upload/product/02_2025/756e9d783c9f466d2eec846870b8cc62.jpg,https://luachonnhadat.vn/nha-dat/ban-nha-hem-381-le-van-quoi-p-binh-tri-dong-a-6-x-10m-4-5-tam-gia-8-1-ty.html,https://luachonnhadat.vn/nha-dat/ban-nha-hem-381-le-van-quoi-p-binh-tri-dong-a-6-x-10m-4-5-tam-gia-8-1-ty.html,2026-05-22,2026-06-03T08:41:14Z,2,8100,135000000,0,0
luachonnhadat,sale,luachonnhadat_49904,luachonnhadat_49904,"Bán nhà hẻm 428 Chiến Lược, P. Bình Trị Đông A, 4 x 13m, 4 tấm, giá 5.9 tỷ",5900000000,5.9 Tỷ/căn,52,NA,"Bình Tân, Hồ Chí Minh",Unknown,NA,Bình Tân,NA,Nhà phố,NA,NA,https://luachonnhadat.vn/vnt_upload/product/04_2026/d60073f86b539f407d7b95bad36c2fef.jpg,https://luachonnhadat.vn/nha-dat/ban-nha-hem-428-chien-luoc-p-binh-tri-dong-a-4-x-13m-4-tam-gia-5-9-ty.html,https://luachonnhadat.vn/nha-dat/ban-nha-hem-428-chien-luoc-p-binh-tri-dong-a-4-x-13m-4-tam-gia-5-9-ty.html,2026-05-22,2026-06-03T08:41:14Z,2,5900,113461538.46153846,0,0
luachonnhadat,sale,luachonnhadat_2089,luachonnhadat_2089,"✅ BÁN NHÀ 2MT KINH DOANH, TỈNH LỘ 10, DT 5 X 40M, CẤP 4, GIÁ 21 TỶ.",21000000000,21 Tỷ/căn,220,NA,"Bình Tân, Hồ Chí Minh",Unknown,NA,Bình Tân,NA,Nhà phố,NA,NA,https://luachonnhadat.vn/vnt_upload/product/05_2026/6e27c043b762cd6e8ac4d9a7d16a6a0d.jpg,https://luachonnhadat.vn/nha-dat/-ban-nha-2mt-kinh-doanh-tinh-lo-10-dt-5-x-40m-cap-4-gia-21-ty-.html,https://luachonnhadat.vn/nha-dat/-ban-nha-2mt-kinh-doanh-tinh-lo-10-dt-5-x-40m-cap-4-gia-21-ty-.html,2026-05-22,2026-06-03T08:41:14Z,2,21000,95454545.45454544,0,0
luachonnhadat,sale,luachonnhadat_49704,luachonnhadat_49704,"Bán nhà MT lô J đường Hoàng Hưng, P. An Lạc A, DT 4 x 20m, 2 tấm giá 8 tỷ",8000000000,8 Tỷ/căn,80,NA,"Bình Tân, Hồ Chí Minh",Unknown,NA,Bình Tân,NA,Nhà phố,NA,NA,https://luachonnhadat.vn/vnt_upload/product/03_2026/23ad849cc12f706cb5f3205c9ef88046.jpg,https://luachonnhadat.vn/nha-dat/ban-nha-mt-lo-j-duong-hoang-hung-p-an-lac-a-dt-4-x-20m-2-tam-gia-8-ty.html,https://luachonnhadat.vn/nha-dat/ban-nha-mt-lo-j-duong-hoang-hung-p-an-lac-a-dt-4-x-20m-2-tam-gia-8-ty.html,2026-05-22,2026-06-03T08:41:14Z,2,8000,100000000,0,0
luachonnhadat,sale,luachonnhadat_50151,luachonnhadat_50151,"Bán nhà hẻm 120 Tân Hoà Đông, P.14, Q.6, DT 4.3 x 12m, cấp 4, giá 5.4 tỷ",5400000000,5.4 Tỷ/căn,51,NA,"Quận 6, Hồ Chí Minh",Unknown,NA,Quận 6,NA,Nhà phố,NA,NA,https://luachonnhadat.vn/vnt_upload/product/05_2026/efc62f58e71b814d87300109b4789c06.jpg,https://luachonnhadat.vn/nha-dat/ban-nha-hem-120-tan-hoa-dong-p-14-q-6-dt-4-3-x-12m-cap-4-gia-5-4-ty.html,https://luachonnhadat.vn/nha-dat/ban-nha-hem-120-tan-hoa-dong-p-14-q-6-dt-4-3-x-12m-cap-4-gia-5-4-ty.html,2026-05-22,2026-06-03T08:41:14Z,2,5400,105882352.94117647,0,0
luachonnhadat,sale,luachonnhadat_50048,luachonnhadat_50048,"✅ GÓC 2 MT CƯ XÁ RA ĐA, PHƯỜNG 13, QUẬN 6 | MT ĐƯỜNG SỐ 8, DT 4 X 16M, 3.5 TẤM, 12.8 TỶ.",12800000000,12.8 Tỷ/căn,64,NA,"Quận 6, Hồ Chí Minh",Unknown,NA,Quận 6,NA,Nhà phố,NA,NA,https://luachonnhadat.vn/vnt_upload/product/05_2026/6dca4de9bc2eb86fc23defda2296aa35.png,https://luachonnhadat.vn/nha-dat/-goc-2-mt-cu-xa-ra-da-phuong-13-quan-6-mt-duong-so-8-dt-4-x-16m-3-5-tam-12-8-ty-.html,https://luachonnhadat.vn/nha-dat/-goc-2-mt-cu-xa-ra-da-phuong-13-quan-6-mt-duong-so-8-dt-4-x-16m-3-5-tam-12-8-ty-.html,2026-05-21,2026-06-03T08:41:14Z,2,12800,200000000,0,0
luachonnhadat,sale,luachonnhadat_49522,luachonnhadat_49522,"Bán nhà hẻm số 7 đường Số 7, P. An Lạc A, DT 5 x 14.5m, 1 lầu, giá 5.8 tỷ",5800000000,5.8 Tỷ/căn,72,NA,"Bình Tân, Hồ Chí Minh",Unknown,NA,Bình Tân,NA,Nhà phố,NA,NA,https://luachonnhadat.vn/vnt_upload/product/01_2026/d77938bad5752c2a71080b63b88efe36.jpg,https://luachonnhadat.vn/nha-dat/ban-nha-hem-so-7-duong-so-7-p-an-lac-a-dt-5-x-14-5m-1-lau-gia-5-8-ty.html,https://luachonnhadat.vn/nha-dat/ban-nha-hem-so-7-duong-so-7-p-an-lac-a-dt-5-x-14-5m-1-lau-gia-5-8-ty.html,2026-05-21,2026-06-03T08:41:14Z,2,5800,80555555.55555555,0,0
luachonnhadat,sale,luachonnhadat_45452,luachonnhadat_45452,"Bán nhà 2MT hẻm 971 Hương lộ 2, P. Bình Trị Đông A, DT 8.6 x 21m, cấp 4, giá 10 tỷ, có bán lẻ",10000000000,10 Tỷ/căn,180,NA,"Bình Tân, Hồ Chí Minh",Unknown,NA,Bình Tân,NA,Nhà phố,NA,NA,https://luachonnhadat.vn/vnt_upload/product/11_2022/362.jpg,https://luachonnhadat.vn/nha-dat/ban-nha-2mt-hem-971-huong-lo-2-p-binh-tri-dong-a-dt-8-6-x-21m-cap-4-gia-10-ty-co-ban-le.html,https://luachonnhadat.vn/nha-dat/ban-nha-2mt-hem-971-huong-lo-2-p-binh-tri-dong-a-dt-8-6-x-21m-cap-4-gia-10-ty-co-ban-le.html,2026-05-21,2026-06-03T08:41:14Z,2,10000,55555555.55555555,0,0
luachonnhadat,sale,luachonnhadat_50150,luachonnhadat_50150,"Bán nhà hẻm 184 Lê Đình Cẩn, P. Tân Tạo, 4.12 x 16.7m, 3.5 tấm, giá 5.95 tỷ",5950000000,5.95 Tỷ/căn,68,NA,"Bình Tân, Hồ Chí Minh",Unknown,NA,Bình Tân,NA,Nhà phố,NA,NA,https://luachonnhadat.vn/vnt_upload/product/05_2026/f2b80b9a5032fec380f678d08236d0ed.jpg,https://luachonnhadat.vn/nha-dat/ban-nha-hem-184-le-dinh-can-p-tan-tao-4-12-x-16-7m-3-5-tam-gia-5-95-ty.html,https://luachonnhadat.vn/nha-dat/ban-nha-hem-184-le-dinh-can-p-tan-tao-4-12-x-16-7m-3-5-tam-gia-5-95-ty.html,2026-05-21,2026-06-03T08:41:14Z,2,5950,87500000,0,0
luachonnhadat,sale,luachonnhadat_43028,luachonnhadat_43028,"Bán nhà MT lô N đường Bùi Hữu Diện, P. An Lạc A, 4 x 20m, 3.5 tấm, giá 10.8 tỷ",10800000000,10.8 Tỷ/căn,80,NA,"Bình Tân, Hồ Chí Minh",Unknown,NA,Bình Tân,NA,Nhà phố,NA,NA,https://luachonnhadat.vn/vnt_upload/product/06_2021/42_1.jpg,https://luachonnhadat.vn/nha-dat/ban-nha-mt-lo-n-duong-bui-huu-dien-p-an-lac-a-4-x-20m-3-5-tam-gia-10-8-ty.html,https://luachonnhadat.vn/nha-dat/ban-nha-mt-lo-n-duong-bui-huu-dien-p-an-lac-a-4-x-20m-3-5-tam-gia-10-8-ty.html,2026-05-21,2026-06-03T08:41:14Z,2,10800,135000000,0,0
luachonnhadat,sale,luachonnhadat_26269,luachonnhadat_26269,"Bán nhà mới hẻm 637 Tỉnh Lộ 10, P. Bình Trị Đông B, DT 3.8 x 12.5m, NH 5.2m, 2 tấm, giá 4.5 tỷ",4500000000,4.5 Tỷ/căn,47,NA,"Bình Tân, Hồ Chí Minh",Unknown,NA,Bình Tân,NA,Nhà phố,NA,NA,https://luachonnhadat.vn/vnt_upload/product/03_2026/b16b2eeaa2044c9a14c7731898897b19.jpg,https://luachonnhadat.vn/nha-dat/ban-nha-moi-hem-637-tinh-lo-10-p-binh-tri-dong-b-dt-3-8-x-12-5m-nh-5-2m-2-tam-gia-4-5-ty.html,https://luachonnhadat.vn/nha-dat/ban-nha-moi-hem-637-tinh-lo-10-p-binh-tri-dong-b-dt-3-8-x-12-5m-nh-5-2m-2-tam-gia-4-5-ty.html,2026-05-21,2026-06-03T08:41:14Z,2,4500,95744680.85106383,0,0
luachonnhadat,sale,luachonnhadat_50148,luachonnhadat_50148,"Bán nhà MT đường Nguyễn Trường Tộ, P. Tân Thành, DT 4.2 x 11m, 4.5 tấm, giá 9.8 tỷ",9800000000,9.8 Tỷ/căn,46,NA,"Tân Phú, Hồ Chí Minh",Unknown,NA,Tân Phú,NA,Nhà phố,NA,NA,https://luachonnhadat.vn/vnt_upload/product/05_2026/aa68cb32fe87e63cc9a7c58602896a47.jpg,https://luachonnhadat.vn/nha-dat/ban-nha-mt-duong-nguyen-truong-to-p-tan-thanh-dt-4-2-x-11m-4-5-tam-gia-9-8-ty.html,https://luachonnhadat.vn/nha-dat/ban-nha-mt-duong-nguyen-truong-to-p-tan-thanh-dt-4-2-x-11m-4-5-tam-gia-9-8-ty.html,2026-05-21,2026-06-03T08:41:14Z,2,9800,213043478.26086956,0,0
luachonnhadat,sale,luachonnhadat_49349,luachonnhadat_49349,"Bán nhà khu Tên Lửa, MT đường Số 7, DT 5 x 20m, 3.5 tấm, giá 26.2 tỷ.",26200000000,26.2 Tỷ/căn,100,NA,"Bình Tân, Hồ Chí Minh",Unknown,NA,Bình Tân,NA,Nhà phố,NA,NA,https://luachonnhadat.vn/vnt_upload/product/12_2025/b61db0264f009422d2e25c5051cd7875.jpg,https://luachonnhadat.vn/nha-dat/ban-nha-khu-ten-lua-mt-duong-so-7-dt-5-x-20m-3-5-tam-gia-26-2-ty-.html,https://luachonnhadat.vn/nha-dat/ban-nha-khu-ten-lua-mt-duong-so-7-dt-5-x-20m-3-5-tam-gia-26-2-ty-.html,2026-05-21,2026-06-03T08:41:14Z,2,26200,262000000,0,0
luachonnhadat,sale,luachonnhadat_49856,luachonnhadat_49856,"Bán đất hẻm 168 Chiến Lược, P. Bình Trị Đông, 4 x 20m, giá 4.9 tỷ",4900000000,4.9 Tỷ/nền,80,NA,"Bình Tân, Hồ Chí Minh",Unknown,NA,Bình Tân,NA,Đất,NA,NA,https://luachonnhadat.vn/vnt_upload/product/04_2026/307cc3fc8f8d80f284983ee7f0c9ab69.jpg,https://luachonnhadat.vn/nha-dat/ban-dat-hem-168-chien-luoc-p-binh-tri-dong-4-x-20m-gia-4-9-ty.html,https://luachonnhadat.vn/nha-dat/ban-dat-hem-168-chien-luoc-p-binh-tri-dong-4-x-20m-gia-4-9-ty.html,2026-05-21,2026-06-03T08:41:14Z,2,4900,61250000,0,0
luachonnhadat,sale,luachonnhadat_49688,luachonnhadat_49688,"✔ GÓC 2 MẶT TIỀN KINH DOANH SẦM UẤT - TỈNH LỘ 10, DT 8.5 X 23M, 19.5 TỶ",19500000000,19.5 Tỷ/nền,195,NA,"Bình Tân, Hồ Chí Minh",Unknown,NA,Bình Tân,NA,Nhà phố,NA,NA,https://luachonnhadat.vn/vnt_upload/product/03_2026/ae0fb2fc8bb4cc539d5fff5604f3243a.jpg,https://luachonnhadat.vn/nha-dat/-goc-2-mat-tien-kinh-doanh-sam-uat-tinh-lo-10-dt-8-5-x-23m-19-5-ty.html,https://luachonnhadat.vn/nha-dat/-goc-2-mat-tien-kinh-doanh-sam-uat-tinh-lo-10-dt-8-5-x-23m-19-5-ty.html,2026-05-20,2026-06-03T08:41:14Z,2,19500,100000000,0,0
luachonnhadat,sale,luachonnhadat_47792,luachonnhadat_47792,"✔ BÁN ĐẤT CHÍNH CHỦ Q. BÌNH TÂN, MT ĐƯỜNG SỐ 59B, 5 X 20M, 8.1 TỶ.",8100000000,8.1 Tỷ/nền,100,NA,"Bình Tân, Hồ Chí Minh",Unknown,NA,Bình Tân,NA,Đất,NA,NA,https://luachonnhadat.vn/vnt_upload/product/12_2024/04a153fdd16f48b48b22927aadd159b1.jpg,https://luachonnhadat.vn/nha-dat/-ban-dat-chinh-chu-q-binh-tan-mt-duong-so-59b-5-x-20m-8-1-ty-.html,https://luachonnhadat.vn/nha-dat/-ban-dat-chinh-chu-q-binh-tan-mt-duong-so-59b-5-x-20m-8-1-ty-.html,2026-05-20,2026-06-03T08:41:14Z,2,8100,81000000,0,0
luachonnhadat,sale,luachonnhadat_42827,luachonnhadat_42827,"Bán nhà khu Tên Lửa, MT đường Số 6, DT 5 x 18m, 3.5 tấm, giá 16.8 tỷ",16800000000,16.8 Tỷ/căn,90,NA,"Bình Tân, Hồ Chí Minh",Unknown,NA,Bình Tân,NA,Nhà phố,NA,NA,https://luachonnhadat.vn/vnt_upload/product/05_2021/196.jpg,https://luachonnhadat.vn/nha-dat/ban-nha-khu-ten-lua-mt-duong-so-6-dt-5-x-18m-3-5-tam-gia-16-8-ty.html,https://luachonnhadat.vn/nha-dat/ban-nha-khu-ten-lua-mt-duong-so-6-dt-5-x-18m-3-5-tam-gia-16-8-ty.html,2026-05-20,2026-06-03T08:41:14Z,2,16800,186666666.66666663,0,0
luachonnhadat,sale,luachonnhadat_50146,luachonnhadat_50146,"Bán 5 lô đất hẻm 316 Hương lộ 80, P. Bình Hưng Hòa B, DT 5 x 21m, giá 4.8 tỷ/nền",4800000000,4.8 Tỷ/nền,105,NA,"Bình Tân, Hồ Chí Minh",Unknown,NA,Bình Tân,NA,Đất,NA,NA,https://luachonnhadat.vn/vnt_upload/product/05_2026/5802971e81947f3ba866add3486ab727.jpg,https://luachonnhadat.vn/nha-dat/ban-5-lo-dat-hem-316-huong-lo-80-p-binh-hung-hoa-b-dt-5-x-21m-gia-4-8-ty-nen.html,https://luachonnhadat.vn/nha-dat/ban-5-lo-dat-hem-316-huong-lo-80-p-binh-hung-hoa-b-dt-5-x-21m-gia-4-8-ty-nen.html,2026-05-20,2026-06-03T08:41:14Z,2,4800,45714285.71428572,0,0
luachonnhadat,sale,luachonnhadat_50145,luachonnhadat_50145,"Bán đất hẻm 730 Hương lộ 2, P. Bình Trị Đông A, 16 x 27m, giá 32.5 tỷ",32500000000,32.5 Tỷ/nền,432,NA,"Bình Tân, Hồ Chí Minh",Unknown,NA,Bình Tân,NA,Đất,NA,NA,https://luachonnhadat.vn/vnt_upload/product/05_2026/f85871668add555bfb9264f02a1fd7da.jpg,https://luachonnhadat.vn/nha-dat/ban-dat-hem-730-huong-lo-2-p-binh-tri-dong-a-16-x-27m-gia-32-5-ty.html,https://luachonnhadat.vn/nha-dat/ban-dat-hem-730-huong-lo-2-p-binh-tri-dong-a-16-x-27m-gia-32-5-ty.html,2026-05-20,2026-06-03T08:41:14Z,2,32500,75231481.48148148,0,0
luachonnhadat,sale,luachonnhadat_49062,luachonnhadat_49062,"Bán nhà hẻm 985 Hương lộ 2, P. Bình Trị Đông A, 5.4 x 10m, 4 tấm, giá từ 7.6 tỷ/căn",7600000000,7.6 Tỷ/căn,54,NA,"Bình Tân, Hồ Chí Minh",Unknown,NA,Bình Tân,NA,Nhà phố,NA,NA,https://luachonnhadat.vn/vnt_upload/product/12_2025/93eec5f56c7ec3a194a64ebf2c6ab3e7.jpeg,https://luachonnhadat.vn/nha-dat/ban-nha-hem-985-huong-lo-2-p-binh-tri-dong-a-5-4-x-10m-4-tam-gia-tu-7-6-ty-can.html,https://luachonnhadat.vn/nha-dat/ban-nha-hem-985-huong-lo-2-p-binh-tri-dong-a-5-4-x-10m-4-tam-gia-tu-7-6-ty-can.html,2026-05-20,2026-06-03T08:41:14Z,2,7600,140740740.74074075,0,0
luachonnhadat,rent,luachonnhadat_49697,luachonnhadat_49697,"Cho thuê nhà khu Tên Lửa, MT đường số 1B, DT 6 x 17m, 3.5 tấm, giá 22 triệu/tháng.",22000000,22 Triệu/tháng,102,NA,"Bình Tân, Hồ Chí Minh",Unknown,NA,Bình Tân,NA,Nhà phố,NA,NA,https://luachonnhadat.vn/vnt_upload/product/03_2026/38ed1017ccd904c41cb5775b2481d5ec.jpg,https://luachonnhadat.vn/nha-dat/cho-thue-nha-khu-ten-lua-mt-duong-so-1b-dt-6-x-17m-3-5-tam-gia-22-trieu-thang-.html,https://luachonnhadat.vn/nha-dat/cho-thue-nha-khu-ten-lua-mt-duong-so-1b-dt-6-x-17m-3-5-tam-gia-22-trieu-thang-.html,2026-06-02,2026-06-03T08:41:13Z,1,22,215686.27450980392,0,1
luachonnhadat,rent,luachonnhadat_49972,luachonnhadat_49972,"Cho thuê nhà MT đường Hương Lộ 2, P. Bình Trị Đông A, DT 6 x 12m, 1 lửng, giá 20 triệu/tháng",20000000,20 Triệu/tháng,72,NA,"Bình Tân, Hồ Chí Minh",Unknown,NA,Bình Tân,NA,Nhà phố,NA,NA,https://luachonnhadat.vn/vnt_upload/product/04_2026/f158224caa91398defc723b8c4b28471.jpg,https://luachonnhadat.vn/nha-dat/cho-thue-nha-mt-duong-huong-lo-2-p-binh-tri-dong-a-dt-6-x-12m-1-lung-gia-20-trieu-thang.html,https://luachonnhadat.vn/nha-dat/cho-thue-nha-mt-duong-huong-lo-2-p-binh-tri-dong-a-dt-6-x-12m-1-lung-gia-20-trieu-thang.html,2026-06-02,2026-06-03T08:41:13Z,1,20,277777.77777777775,0,1
luachonnhadat,rent,luachonnhadat_50197,luachonnhadat_50197,"Cho thuê nhà khu Tên Lửa, MT đường Tên Lửa nhỏ, DT 3.5 x 10m, cấp 4, giá 9 triệu/tháng",9000000,9 Triệu/tháng,35,NA,"Bình Tân, Hồ Chí Minh",Unknown,NA,Bình Tân,NA,Nhà phố,NA,NA,https://luachonnhadat.vn/vnt_upload/product/05_2026/13134fdac78acf068f8f1f8938432a05.jpg,https://luachonnhadat.vn/nha-dat/cho-thue-nha-khu-ten-lua-mt-duong-ten-lua-nho-dt-3-5-x-10m-cap-4-gia-9-trieu-thang.html,https://luachonnhadat.vn/nha-dat/cho-thue-nha-khu-ten-lua-mt-duong-ten-lua-nho-dt-3-5-x-10m-cap-4-gia-9-trieu-thang.html,2026-05-30,2026-06-03T08:41:13Z,1,9,257142.85714285713,0,1
luachonnhadat,rent,luachonnhadat_50192,luachonnhadat_50192,"Cho thuê nhà khu Tên Lửa, 2MT Trước - Sau đường Số 7, DT 6 x 25m, 3.5 tấm, giá 80 triệu/tháng",80000000,80 Triệu/tháng,150,NA,"Bình Tân, Hồ Chí Minh",Unknown,NA,Bình Tân,NA,Nhà phố,NA,NA,https://luachonnhadat.vn/vnt_upload/product/05_2026/538e817dacbf50b9cc6b127df3787923.jpg,https://luachonnhadat.vn/nha-dat/cho-thue-nha-khu-ten-lua-2mt-truoc-sau-duong-so-7-dt-6-x-25m-3-5-tam-gia-80-trieu-thang.html,https://luachonnhadat.vn/nha-dat/cho-thue-nha-khu-ten-lua-2mt-truoc-sau-duong-so-7-dt-6-x-25m-3-5-tam-gia-80-trieu-thang.html,2026-05-29,2026-06-03T08:41:13Z,1,80,533333.3333333334,0,1
luachonnhadat,rent,luachonnhadat_10839,luachonnhadat_10839,"Cho thuê Shophouse CC MoonLight, MT đường Số 7, DT 3 x 9.5m, 1 lững, giá 12 triệu/tháng.",12000000,12 Triệu/tháng,29,NA,"Bình Tân, Hồ Chí Minh",Unknown,NA,Bình Tân,NA,Shop house,NA,NA,https://luachonnhadat.vn/vnt_upload/product/12_2018/trung_tam_thuong_mai_moonlight_park_view.jpg,https://luachonnhadat.vn/nha-dat/cho-thue-shophouse-cc-moonlight-mt-duong-so-7-dt-3-x-9-5m-1-lung-gia-13-trieu-thang-1738981682.html,https://luachonnhadat.vn/nha-dat/cho-thue-shophouse-cc-moonlight-mt-duong-so-7-dt-3-x-9-5m-1-lung-gia-13-trieu-thang-1738981682.html,2026-05-28,2026-06-03T08:41:13Z,1,12,413793.1034482759,0,1
luachonnhadat,rent,luachonnhadat_50188,luachonnhadat_50188,"Cho thuê nhà khu Tên Lửa, góc 2MT đường Tên Lửa, DT 10 x 25m, 4.5 tấm, giá 330 triệu/tháng",330000000,330 Triệu/tháng,250,NA,"Bình Tân, Hồ Chí Minh",Unknown,NA,Bình Tân,NA,Nhà phố,NA,NA,https://luachonnhadat.vn/vnt_upload/product/05_2026/238de111ae6b5872d12a91b6787d7b8b.jpg,https://luachonnhadat.vn/nha-dat/cho-thue-nha-khu-ten-lua-goc-2mt-duong-ten-lua-dt-10-x-25m-4-5-tam-gia-330-trieu-thang.html,https://luachonnhadat.vn/nha-dat/cho-thue-nha-khu-ten-lua-goc-2mt-duong-ten-lua-dt-10-x-25m-4-5-tam-gia-330-trieu-thang.html,2026-05-28,2026-06-03T08:41:13Z,1,330,1320000,0,1
luachonnhadat,rent,luachonnhadat_50169,luachonnhadat_50169,"Cho thuê nhà MT đường Số 47, P. Tân Tạo, 4.5 x 17m, 2.5 tấm, giá 15 triệu/tháng.",15000000,15 Triệu/tháng,76,NA,"Bình Tân, Hồ Chí Minh",Unknown,NA,Bình Tân,NA,Nhà phố,NA,NA,https://luachonnhadat.vn/vnt_upload/product/05_2026/02933520dbe86058e3680c5bb2f280c0.jpg,https://luachonnhadat.vn/nha-dat/cho-thue-nha-mt-duong-so-47-p-tan-tao-4-5-x-17m-2-5-tam-gia-15-trieu-thang-.html,https://luachonnhadat.vn/nha-dat/cho-thue-nha-mt-duong-so-47-p-tan-tao-4-5-x-17m-2-5-tam-gia-15-trieu-thang-.html,2026-05-27,2026-06-03T08:41:13Z,1,15,197368.42105263157,0,1
luachonnhadat,rent,luachonnhadat_40868,luachonnhadat_40868,"Cho thuê nhà khu Tên Lửa, MT đường Số 21, DT 4 x 22.5m, 3.5 tấm, giá 19 triệu/tháng",19000000,19 Triệu/tháng,90,NA,"Bình Tân, Hồ Chí Minh",Unknown,NA,Bình Tân,NA,Nhà phố,NA,NA,https://luachonnhadat.vn/vnt_upload/product/05_2026/42712c4e93fcbc22b6982ecb16bcf5be.jpg,https://luachonnhadat.vn/nha-dat/cho-thue-nha-mt-duong-so-21-p-binh-tri-dong-b-4-x-22-5m-3-5-tam-gia-19tr-thang-khu-ten-lua-1652233692.html,https://luachonnhadat.vn/nha-dat/cho-thue-nha-mt-duong-so-21-p-binh-tri-dong-b-4-x-22-5m-3-5-tam-gia-19tr-thang-khu-ten-lua-1652233692.html,2026-05-26,2026-06-03T08:41:13Z,1,19,211111.11111111112,0,1
luachonnhadat,rent,luachonnhadat_43073,luachonnhadat_43073,"Cho thuê nhà MT đường Bà Hom, P.13, Q.6, DT 4 x 16m, 1 lầu, giá 21 triệu/tháng",21000000,21 Triệu/tháng,64,NA,"Quận 6, Hồ Chí Minh",Unknown,NA,Quận 6,NA,Nhà phố,NA,NA,https://luachonnhadat.vn/vnt_upload/product/05_2026/1f145ca0862af49c58404d1fe47463ae.jpg,https://luachonnhadat.vn/nha-dat/cho-thue-nha-mt-duong-ba-hom-p13-q6-dt-4x16m2-1-lau-mai-che-thang-gia-25tr-thang.html,https://luachonnhadat.vn/nha-dat/cho-thue-nha-mt-duong-ba-hom-p13-q6-dt-4x16m2-1-lau-mai-che-thang-gia-25tr-thang.html,2026-05-26,2026-06-03T08:41:13Z,1,21,328125,0,1
luachonnhadat,rent,luachonnhadat_50176,luachonnhadat_50176,"Cho thuê nhà khu Bình Phú, MT đường Lý Chiêu Hoàng, DT 4.5 x 26m, NH 6m, cấp 4, giá 22 triệu/tháng",22000000,22 Triệu/tháng,117,NA,"Quận 6, Hồ Chí Minh",Unknown,NA,Quận 6,NA,Nhà phố,NA,NA,https://luachonnhadat.vn/vnt_upload/product/05_2026/c00c3b24c5a65b4e67d365b9ed43ae57.jpg,https://luachonnhadat.vn/nha-dat/cho-thue-nha-khu-binh-phu-mt-duong-ly-chieu-hoang-dt-4-5-x-26m-nh-6m-cap-4-gia-22-trieu-thang.html,https://luachonnhadat.vn/nha-dat/cho-thue-nha-khu-binh-phu-mt-duong-ly-chieu-hoang-dt-4-5-x-26m-nh-6m-cap-4-gia-22-trieu-thang.html,2026-05-26,2026-06-03T08:41:13Z,1,22,188034.18803418803,0,1
luachonnhadat,rent,luachonnhadat_3106,luachonnhadat_3106,"CHO THUÊ NHÀ KHU TÊN LỬA, GÓC 2MT ĐƯỜNG SỐ 19, DT 10 X 20M, 65 TRIỆU/THÁNG. KD ĐÔNG ĐÚC",65000000,65 Triệu/tháng,200,NA,"Bình Tân, Hồ Chí Minh",Unknown,NA,Bình Tân,NA,Nhà phố,NA,NA,https://luachonnhadat.vn/vnt_upload/product/05_2026/6d3d0c2ac02f2102017a7371518a94fe.jpg,https://luachonnhadat.vn/nha-dat/cho-thue-khu-ten-lua-nha-goc-2mt-duong-so-19-dt-10-x-20m-2-tam-gia-65-trieu-thang.html,https://luachonnhadat.vn/nha-dat/cho-thue-khu-ten-lua-nha-goc-2mt-duong-so-19-dt-10-x-20m-2-tam-gia-65-trieu-thang.html,2026-05-25,2026-06-03T08:41:13Z,1,65,325000,0,1
luachonnhadat,rent,luachonnhadat_47298,luachonnhadat_47298,"Cho thuê nhà MT đường Phạm Văn Chí, P.7, Q.6, DT 6.5 x 20m, 1 lầu, giá 32 triệu/tháng",32000000,32 Triệu/tháng,130,NA,"Quận 6, Hồ Chí Minh",Unknown,NA,Quận 6,NA,Nhà phố,NA,NA,https://luachonnhadat.vn/vnt_upload/product/08_2024/56f0a7e5b147bfca007546e9eeb95265.jpg,https://luachonnhadat.vn/nha-dat/cho-thue-nha-mt-duong-pham-van-chi-p-7-q-6-dt-6-5-x-20m-1-lau-gia-32-trieu-thang-1723083129.html,https://luachonnhadat.vn/nha-dat/cho-thue-nha-mt-duong-pham-van-chi-p-7-q-6-dt-6-5-x-20m-1-lau-gia-32-trieu-thang-1723083129.html,2026-05-25,2026-06-03T08:41:13Z,1,32,246153.84615384616,0,1
luachonnhadat,rent,luachonnhadat_50174,luachonnhadat_50174,"Cho thuê biệt thự khu Bình Phú, MT đường Số 6, DT 7 x 16m, 3 tấm + hầm, giá 25 triệu/tháng",25000000,25 Triệu/tháng,112,NA,"Quận 6, Hồ Chí Minh",Unknown,NA,Quận 6,NA,Biệt thự,NA,NA,https://luachonnhadat.vn/vnt_upload/product/05_2026/343ee88a35629f905872f8f767c7d01b.jpg,https://luachonnhadat.vn/nha-dat/cho-thue-biet-thu-khu-binh-phu-mt-duong-so-6-dt-7-x-16m-tam-gia-45-trieu-thang.html,https://luachonnhadat.vn/nha-dat/cho-thue-biet-thu-khu-binh-phu-mt-duong-so-6-dt-7-x-16m-tam-gia-45-trieu-thang.html,2026-05-25,2026-06-03T08:41:13Z,1,25,223214.2857142857,0,1
luachonnhadat,rent,luachonnhadat_50170,luachonnhadat_50170,"Cho thuê nhà góc 2MT đường Bà Hom, P.13, Q.6, DT 5 x 11m, 2 tấm, giá 23 triệu/tháng",23000000,23 Triệu/tháng,55,NA,"Quận 6, Hồ Chí Minh",Unknown,NA,Quận 6,NA,Nhà phố,NA,NA,https://luachonnhadat.vn/vnt_upload/product/05_2026/a8003e8974e7697ac0ab3a1e7328d834.jpg,https://luachonnhadat.vn/nha-dat/cho-thue-nha-goc-2mt-duong-ba-hom-p-13-q-6-dt-5-x-11m-2-tam-gia-23-trieu-thang.html,https://luachonnhadat.vn/nha-dat/cho-thue-nha-goc-2mt-duong-ba-hom-p-13-q-6-dt-5-x-11m-2-tam-gia-23-trieu-thang.html,2026-05-25,2026-06-03T08:41:13Z,1,23,418181.8181818182,0,1
luachonnhadat,rent,luachonnhadat_50167,luachonnhadat_50167,"Cho thuê nhà khu Tên Lửa, MT đường Số 24A, DT 4.5 x 20m, 3.5 tấm, giá 23 triệu/tháng.",23000000,23 Triệu/tháng,90,NA,"Bình Tân, Hồ Chí Minh",Unknown,NA,Bình Tân,NA,Nhà phố,NA,NA,https://luachonnhadat.vn/vnt_upload/product/05_2026/d7b313207f788baf9c697560ead94f36.jpg,https://luachonnhadat.vn/nha-dat/cho-thue-nha-khu-ten-lua-mt-duong-so-24a-dt-4-5-x-20m-3-5-tam-gia-23-trieu-thang-.html,https://luachonnhadat.vn/nha-dat/cho-thue-nha-khu-ten-lua-mt-duong-so-24a-dt-4-5-x-20m-3-5-tam-gia-23-trieu-thang-.html,2026-05-25,2026-06-03T08:41:13Z,1,23,255555.55555555556,0,1
luachonnhadat,rent,luachonnhadat_50031,luachonnhadat_50031,"Cho thuê nhà khu Bình Phú, MT đường Chợ Lớn, DT 8 x 15m, 4.5 tấm, giá 70 triệu/tháng",70000000,70 Triệu/tháng,120,NA,"Quận 6, Hồ Chí Minh",Unknown,NA,Quận 6,NA,Nhà phố,NA,NA,https://luachonnhadat.vn/vnt_upload/product/05_2026/57d6d34edfef13cf504000712eb69de3.jpg,https://luachonnhadat.vn/nha-dat/cho-thue-nha-khu-binh-phu-mt-duong-cho-lon-dt-8-x-15m-4-5-tam-gia-80-trieu-thang.html,https://luachonnhadat.vn/nha-dat/cho-thue-nha-khu-binh-phu-mt-duong-cho-lon-dt-8-x-15m-4-5-tam-gia-80-trieu-thang.html,2026-05-25,2026-06-03T08:41:13Z,1,70,583333.3333333334,0,1
luachonnhadat,rent,luachonnhadat_48507,luachonnhadat_48507,"Cho thuê mặt bằng MT đường Tỉnh Lộ 10, P. Bình Trị Đông A, DT 5 x 18m, giá 23 triệu/tháng",23000000,23 Triệu/tháng,90,NA,"Bình Tân, Hồ Chí Minh",Unknown,NA,Bình Tân,NA,Mặt bằng,NA,NA,https://luachonnhadat.vn/vnt_upload/product/06_2025/1ff567eec3fa3f8a6bf648408e9da161.jpg,https://luachonnhadat.vn/nha-dat/cho-thue-nha-mt-duong-tinh-lo-10-p-binh-tri-dong-a-dt-5-x-29m-3-tam-gia-35-trieu-thang-1751680051.html,https://luachonnhadat.vn/nha-dat/cho-thue-nha-mt-duong-tinh-lo-10-p-binh-tri-dong-a-dt-5-x-29m-3-tam-gia-35-trieu-thang-1751680051.html,2026-05-25,2026-06-03T08:41:13Z,1,23,255555.55555555556,0,1
luachonnhadat,rent,luachonnhadat_50168,luachonnhadat_50168,"Cho thuê nhà MT đường Số 59B, P. Tân Tạo, DT 5.3 x 16m, 4 tấm, giá 26 triệu/tháng",26000000,26 Triệu/tháng,84,NA,"Bình Tân, Hồ Chí Minh",Unknown,NA,Bình Tân,NA,Nhà phố,NA,NA,https://luachonnhadat.vn/vnt_upload/product/05_2026/f1f012e50be73e8f7111672a93bbcbd5.jpg,https://luachonnhadat.vn/nha-dat/cho-thue-nha-mt-duong-so-59b-p-tan-tao-dt-5-3-x-16m-4-tam-gia-26-trieu-thang.html,https://luachonnhadat.vn/nha-dat/cho-thue-nha-mt-duong-so-59b-p-tan-tao-dt-5-3-x-16m-4-tam-gia-26-trieu-thang.html,2026-05-25,2026-06-03T08:41:13Z,1,26,309523.8095238095,0,1
luachonnhadat,rent,luachonnhadat_50162,luachonnhadat_50162,"Cho thuê nhà khu Tên Lửa, MT đường Số 7, DT 5 x 20m, cấp 4, giá 28 triệu/tháng",28000000,28 Triệu/tháng,100,NA,"Bình Tân, Hồ Chí Minh",Unknown,NA,Bình Tân,NA,Nhà phố,NA,NA,https://luachonnhadat.vn/vnt_upload/product/05_2026/e730d4d1fa78582c839e04e1152bd11f.jpg,https://luachonnhadat.vn/nha-dat/cho-thue-nha-khu-ten-lua-mt-duong-so-7-dt-5-x-20m-cap-4-gia-28-trieu-thang.html,https://luachonnhadat.vn/nha-dat/cho-thue-nha-khu-ten-lua-mt-duong-so-7-dt-5-x-20m-cap-4-gia-28-trieu-thang.html,2026-05-23,2026-06-03T08:41:13Z,1,28,280000,0,1
luachonnhadat,rent,luachonnhadat_44304,luachonnhadat_44304,"Cho thuê nhà khu Tên Lửa, MT đường Trần Văn Giàu, DT 5 x 20m, 3 tấm, giá 50 triệu/tháng,",50000000,50 Triệu/tháng,100,NA,"Bình Tân, Hồ Chí Minh",Unknown,NA,Bình Tân,NA,Nhà phố,NA,NA,https://luachonnhadat.vn/vnt_upload/product/06_2022/290611587_1062761061302515_3916142428566746430_n.jpg,https://luachonnhadat.vn/nha-dat/cho-thue-nha-khu-ten-lua-mt-duong-tran-van-giau-dt-5-x-20m-3-tam-gia-50-trieu-thang-.html,https://luachonnhadat.vn/nha-dat/cho-thue-nha-khu-ten-lua-mt-duong-tran-van-giau-dt-5-x-20m-3-tam-gia-50-trieu-thang-.html,2026-05-23,2026-06-03T08:41:13Z,1,50,500000,0,1
luachonnhadat,rent,luachonnhadat_50159,luachonnhadat_50159,"Cho thuê nhà khu Tên Lửa, MT đường Số 21, DT 4.5 x 20m, 3.5 tấm, giá 22 triệu/tháng.",22000000,22 Triệu/tháng,90,NA,"Bình Tân, Hồ Chí Minh",Unknown,NA,Bình Tân,NA,Nhà phố,NA,NA,https://luachonnhadat.vn/vnt_upload/product/05_2026/fbd3d0916f7d2b52476d9351214d6822.jpg,https://luachonnhadat.vn/nha-dat/cho-thue-nha-khu-ten-lua-mt-duong-so-21-dt-4-5-x-20m-3-5-tam-gia-22-trieu-thang-.html,https://luachonnhadat.vn/nha-dat/cho-thue-nha-khu-ten-lua-mt-duong-so-21-dt-4-5-x-20m-3-5-tam-gia-22-trieu-thang-.html,2026-05-23,2026-06-03T08:41:13Z,1,22,244444.44444444444,0,1
luachonnhadat,rent,luachonnhadat_50157,luachonnhadat_50157,"Cho thuê nhà MT đường Nguyễn Sơn, P. Phú Thọ Hoà, DT 6.5 x 12m, cấp 4, giá 20 triệu/tháng",20000000,20 Triệu/tháng,78,NA,"Tân Phú, Hồ Chí Minh",Unknown,NA,Tân Phú,NA,Nhà phố,NA,NA,https://luachonnhadat.vn/vnt_upload/product/05_2026/552fe34b5aca3052686e7a8bfcb0a19f.jpg,https://luachonnhadat.vn/nha-dat/cho-thue-nha-mt-duong-nguyen-son-p-phu-tho-hoa-dt-6-5-x-12m-cap-4-gia-20-trieu-thang.html,https://luachonnhadat.vn/nha-dat/cho-thue-nha-mt-duong-nguyen-son-p-phu-tho-hoa-dt-6-5-x-12m-cap-4-gia-20-trieu-thang.html,2026-05-22,2026-06-03T08:41:13Z,1,20,256410.2564102564,0,1
luachonnhadat,rent,luachonnhadat_41984,luachonnhadat_41984,"Cho thuê nhà MT đường Kinh Dương Vương, P.13, Q.6, DT 5 x 23m, 5 tấm, giá 70 triệu/tháng",70000000,70 Triệu/tháng,115,NA,"Quận 6, Hồ Chí Minh",Unknown,NA,Quận 6,NA,Nhà phố,NA,NA,https://luachonnhadat.vn/vnt_upload/product/02_2022/650.jpg,https://luachonnhadat.vn/nha-dat/cho-thue-nha-mt-duong-kinh-duong-vuong-p-13-q-6-dt-5-x-23m-5-tam-gia-70-trieu-thang.html,https://luachonnhadat.vn/nha-dat/cho-thue-nha-mt-duong-kinh-duong-vuong-p-13-q-6-dt-5-x-23m-5-tam-gia-70-trieu-thang.html,2026-05-21,2026-06-03T08:41:13Z,1,70,608695.6521739131,0,1
luachonnhadat,rent,luachonnhadat_45400,luachonnhadat_45400,"Cho thuê nhà khu Tên Lửa, MT đường Số 1, DT 12 x 20m, 3 tấm, giá 100 triệu/tháng",100000000,100 Triệu/tháng,240,NA,"Bình Tân, Hồ Chí Minh",Unknown,NA,Bình Tân,NA,Nhà phố,NA,NA,https://luachonnhadat.vn/vnt_upload/product/10_2022/312932452_848476906344072_3361259822328957065_n.jpg,https://luachonnhadat.vn/nha-dat/cho-thue-nha-khu-ten-lua-mt-duong-so-1-dt-12-x-20m-3-tam-gia-100-trieu-thang.html,https://luachonnhadat.vn/nha-dat/cho-thue-nha-khu-ten-lua-mt-duong-so-1-dt-12-x-20m-3-tam-gia-100-trieu-thang.html,2026-05-21,2026-06-03T08:41:13Z,1,100,416666.6666666667,0,1
luachonnhadat,rent,luachonnhadat_50126,luachonnhadat_50126,"Cho thuê nhà khu Tên Lửa, MT đường Tên Lửa, DT 4 x 21m, 3.5 tấm, giá 35 triệu/tháng.",35000000,35 Triệu/tháng,84,NA,"Bình Tân, Hồ Chí Minh",Unknown,NA,Bình Tân,NA,Nhà phố,NA,NA,https://luachonnhadat.vn/vnt_upload/product/05_2026/631f2828293185b8e8286942bf34eb21.jpg,https://luachonnhadat.vn/nha-dat/cho-thue-nha-khu-ten-lua-mt-duong-ten-lua-dt-4-x-21m-3-5-tam-gia-35-trieu-thang-.html,https://luachonnhadat.vn/nha-dat/cho-thue-nha-khu-ten-lua-mt-duong-ten-lua-dt-4-x-21m-3-5-tam-gia-35-trieu-thang-.html,2026-05-20,2026-06-03T08:41:13Z,1,35,416666.6666666667,0,1
luachonnhadat,rent,luachonnhadat_50147,luachonnhadat_50147,"Cho thuê nhà khu Tên Lửa Aeon Mall, MT đường Số 5, DT 5 x 20m, 3.5 tấm, giá 25 triệu/tháng",25000000,25 Triệu/tháng,100,NA,"Bình Tân, Hồ Chí Minh",Unknown,NA,Bình Tân,NA,Nhà phố,NA,NA,https://luachonnhadat.vn/vnt_upload/product/05_2026/e6c81eafef5a0b62782b4b91c0d863e4.jpg,https://luachonnhadat.vn/nha-dat/cho-thue-nha-khu-ten-lua-aeon-mall-mt-duong-so-5-dt-5-x-20m-3-5-tam-gia-25-trieu-thang.html,https://luachonnhadat.vn/nha-dat/cho-thue-nha-khu-ten-lua-aeon-mall-mt-duong-so-5-dt-5-x-20m-3-5-tam-gia-25-trieu-thang.html,2026-05-20,2026-06-03T08:41:13Z,1,25,250000,0,1
luachonnhadat,rent,luachonnhadat_50136,luachonnhadat_50136,"Cho thuê nhà khu Bình Phú, MT đường Số 22, DT 4 x 19m, 4.5 tấm, giá 20 triệu/tháng.",20000000,20 Triệu/tháng,76,NA,"Quận 6, Hồ Chí Minh",Unknown,NA,Quận 6,NA,Nhà phố,NA,NA,https://luachonnhadat.vn/vnt_upload/product/05_2026/78a6191a4002ab296df7361f8eeae44c.jpg,https://luachonnhadat.vn/nha-dat/cho-thue-nha-khu-binh-phu-mt-duong-so-22-dt-4-x-19m-4-5-tam-gia-20-trieu-thang-.html,https://luachonnhadat.vn/nha-dat/cho-thue-nha-khu-binh-phu-mt-duong-so-22-dt-4-x-19m-4-5-tam-gia-20-trieu-thang-.html,2026-05-20,2026-06-03T08:41:13Z,1,20,263157.8947368421,0,1
luachonnhadat,rent,luachonnhadat_45557,luachonnhadat_45557,"Cho thuê nhà khu Tên Lửa, MT đường Số 4, DT 6 x 22m, 3.5 tấm, giá 45 triệu/tháng.",45000000,45 Triệu/tháng,132,NA,"Bình Tân, Hồ Chí Minh",Unknown,NA,Bình Tân,NA,Nhà phố,NA,NA,https://luachonnhadat.vn/vnt_upload/product/04_2026/f1638c881bbaf338c0484f7f0cbf4ef9.jpeg,https://luachonnhadat.vn/nha-dat/cho-thue-nha-khu-ten-lua-mt-duong-so-4-dt-6-x-22m-3-5-tam-gia-45-trieu-thang-.html,https://luachonnhadat.vn/nha-dat/cho-thue-nha-khu-ten-lua-mt-duong-so-4-dt-6-x-22m-3-5-tam-gia-45-trieu-thang-.html,2026-05-20,2026-06-03T08:41:13Z,1,45,340909.0909090909,0,1
luachonnhadat,rent,luachonnhadat_50144,luachonnhadat_50144,"Cho thuê nhà khu Tên Lửa, MT đường số 7A, DT 4 x 20m, 3 tấm, giá 22 triệu/tháng",22000000,22 Triệu/tháng,80,NA,"Bình Tân, Hồ Chí Minh",Unknown,NA,Bình Tân,NA,Nhà phố,NA,NA,https://luachonnhadat.vn/vnt_upload/product/05_2026/4c686a5dc3171caeaca55e4cea0de214.jpg,https://luachonnhadat.vn/nha-dat/cho-thue-nha-khu-ten-lua-mt-duong-so-7a-dt-4-x-20m-3-tam-gia-22-trieu-thang.html,https://luachonnhadat.vn/nha-dat/cho-thue-nha-khu-ten-lua-mt-duong-so-7a-dt-4-x-20m-3-tam-gia-22-trieu-thang.html,2026-05-20,2026-06-03T08:41:13Z,1,22,275000,0,1
luachonnhadat,rent,luachonnhadat_50138,luachonnhadat_50138,"✅ CHO THUÊ TOÀ NHÀ MT LÊ VĂN QUỚI, 37 X 60M, HẦM + 6 LẦU, 1 TỶ/THÁNG, TDT SÀN 9794 M2",1000000000,1 Tỷ/tháng,1110,NA,"Bình Tân, Hồ Chí Minh",Unknown,NA,Bình Tân,NA,Nhà phố,NA,NA,https://luachonnhadat.vn/vnt_upload/product/05_2026/5bd7df02624cde336816e6abe32c83b4.jpg,https://luachonnhadat.vn/nha-dat/-cho-thue-toa-nha-mt-le-van-quoi-37-x-60m-ham-6-lau-1-ty-thang-tdt-san-9794-m2.html,https://luachonnhadat.vn/nha-dat/-cho-thue-toa-nha-mt-le-van-quoi-37-x-60m-ham-6-lau-1-ty-thang-tdt-san-9794-m2.html,2026-05-19,2026-06-03T08:41:13Z,1,1000,900900.900900901,0,1
luachonnhadat,rent,luachonnhadat_41162,luachonnhadat_41162,"Cho thuê nhà khu Tên Lửa, MT đường Số 24A, DT 4.5 x 20m, 3.5 tấm, giá 24 triệu/tháng.",24000000,24 Triệu/tháng,90,NA,"Bình Tân, Hồ Chí Minh",Unknown,NA,Bình Tân,NA,Nhà phố,NA,NA,https://luachonnhadat.vn/vnt_upload/product/05_2020/53377828_411466719659016_6143037576816099328_n.jpg,https://luachonnhadat.vn/nha-dat/cho-thue-nha-khu-ten-lua-mt-duong-so-24a-dt-4-5-x-20m-3-5-tam-gia-24-trieu-thang-.html,https://luachonnhadat.vn/nha-dat/cho-thue-nha-khu-ten-lua-mt-duong-so-24a-dt-4-5-x-20m-3-5-tam-gia-24-trieu-thang-.html,2026-05-19,2026-06-03T08:41:13Z,1,24,266666.6666666667,0,1
luachonnhadat,rent,luachonnhadat_39858,luachonnhadat_39858,"Cho thuê nhà khu Tên Lửa, MT đường Số 7, DT 5 x 20m, 4 tấm, giá 50 triệu/tháng",50000000,50 Triệu/tháng,100,NA,"Bình Tân, Hồ Chí Minh",Unknown,NA,Bình Tân,NA,Nhà phố,NA,NA,https://luachonnhadat.vn/vnt_upload/product/04_2024/476.jpg.jpg,https://luachonnhadat.vn/nha-dat/cho-thue-nha-khu-ten-lua-mt-duong-so-7-dt-5-x-20m-4-tam-gia-50-trieu-thang.html,https://luachonnhadat.vn/nha-dat/cho-thue-nha-khu-ten-lua-mt-duong-so-7-dt-5-x-20m-4-tam-gia-50-trieu-thang.html,2026-05-18,2026-06-03T08:41:13Z,1,50,500000,0,1
luachonnhadat,rent,luachonnhadat_4341,luachonnhadat_4341,"Cho thuê biệt thự khu Tên Lửa, MT đường Số 34, DT 10 x 20m, 3 tấm, giá 60 triệu/tháng",60000000,60 Triệu/tháng,200,NA,"Bình Tân, Hồ Chí Minh",Unknown,NA,Bình Tân,NA,Biệt thự,NA,NA,https://luachonnhadat.vn/vnt_upload/product/02_2023/904.jpg,https://luachonnhadat.vn/nha-dat/cho-thue-biet-thu-khu-ten-lua-mt-duong-so-34-dt-10-x-20m-3-tam-gia-60-trieu-thang.html,https://luachonnhadat.vn/nha-dat/cho-thue-biet-thu-khu-ten-lua-mt-duong-so-34-dt-10-x-20m-3-tam-gia-60-trieu-thang.html,2026-05-18,2026-06-03T08:41:13Z,1,60,300000,0,1
luachonnhadat,rent,luachonnhadat_48204,luachonnhadat_48204,"Cho thuê kho xưởng hẻm 218 An Dương Vương, P.16, Q.8, DT 10 x 25m, cấp 4, giá 22 triệu/tháng",22000000,22 Triệu/tháng,250,NA,"Quận 8, Hồ Chí Minh",Unknown,NA,Quận 8,NA,Nhà xưởng,NA,NA,https://luachonnhadat.vn/vnt_upload/product/04_2025/c25df503043d4dd8d6d24d27b3c3116b.jpg,https://luachonnhadat.vn/nha-dat/cho-thue-kho-xuong-hem-218-an-duong-vuong-p-16-q-8-dt-10-x-25m-cap-4-gia-22-trieu-thang.html,https://luachonnhadat.vn/nha-dat/cho-thue-kho-xuong-hem-218-an-duong-vuong-p-16-q-8-dt-10-x-25m-cap-4-gia-22-trieu-thang.html,2026-05-18,2026-06-03T08:41:13Z,1,22,88000,0,1
luachonnhadat,rent,luachonnhadat_49739,luachonnhadat_49739,"Cho thuê nhà MT lô G khu Cư Xá Phú Lâm D, P.10, Q.6, DT 4 x 18m, 3.5 tấm, giá 24.5 triệu/tháng",24500000,24.5 Triệu/tháng,72,NA,"Quận 6, Hồ Chí Minh",Unknown,NA,Quận 6,NA,Nhà phố,NA,NA,https://luachonnhadat.vn/vnt_upload/product/03_2026/bfa88d103f657326cd36738fe687cb0b.jpg,https://luachonnhadat.vn/nha-dat/cho-thue-nha-mt-lo-g-khu-cu-xa-phu-lam-d-p-10-q-6-dt-4-x-18m-3-5-tam-gia-24-5-trieu-thang.html,https://luachonnhadat.vn/nha-dat/cho-thue-nha-mt-lo-g-khu-cu-xa-phu-lam-d-p-10-q-6-dt-4-x-18m-3-5-tam-gia-24-5-trieu-thang.html,2026-05-18,2026-06-03T08:41:13Z,1,24.5,340277.77777777775,0,1
luachonnhadat,rent,luachonnhadat_50118,luachonnhadat_50118,"Cho thuê nhà khu Tên Lửa, góc 2MT đường Tên Lửa, DT 8 x 21m, 4 tấm, giá 200 triệu/tháng",200000000,200 Triệu/tháng,168,NA,"Bình Tân, Hồ Chí Minh",Unknown,NA,Bình Tân,NA,Nhà phố,NA,NA,https://luachonnhadat.vn/vnt_upload/product/05_2026/8f2c4906666aa4cfa4585cb654c8442f.jpg,https://luachonnhadat.vn/nha-dat/cho-thue-nha-khu-ten-lua-goc-2mt-duong-ten-lua-dt-8-x-21m-4-tam-gia-200-trieu-thang.html,https://luachonnhadat.vn/nha-dat/cho-thue-nha-khu-ten-lua-goc-2mt-duong-ten-lua-dt-8-x-21m-4-tam-gia-200-trieu-thang.html,2026-05-15,2026-06-03T08:41:13Z,1,200,1190476.1904761903,0,1
luachonnhadat,rent,luachonnhadat_50117,luachonnhadat_50117,"Cho thuê nhà khu Tên Lửa, MT đường Số 15A, DT 4 x 20m, 3 tấm, giá 26 triệu/tháng.",26000000,26 Triệu/tháng,80,NA,"Bình Tân, Hồ Chí Minh",Unknown,NA,Bình Tân,NA,Nhà phố,NA,NA,https://luachonnhadat.vn/vnt_upload/product/05_2026/60c6342924b695c702ea84d931be9b12.jpg,https://luachonnhadat.vn/nha-dat/cho-thue-nha-khu-ten-lua-mt-duong-so-15a-dt-4-x-20m-3-tam-gia-26-trieu-thang-.html,https://luachonnhadat.vn/nha-dat/cho-thue-nha-khu-ten-lua-mt-duong-so-15a-dt-4-x-20m-3-tam-gia-26-trieu-thang-.html,2026-05-15,2026-06-03T08:41:13Z,1,26,325000,0,1
luachonnhadat,rent,luachonnhadat_46030,luachonnhadat_46030,"Cho thuê nhà MT đường Tỉnh Lộ 10, P. Tân Tạo, 4.5 x 27m, cấp 4, giá 16 triệu/tháng",16000000,16 Triệu/tháng,121,NA,"Bình Tân, Hồ Chí Minh",Unknown,NA,Bình Tân,NA,Nhà phố,NA,NA,https://luachonnhadat.vn/vnt_upload/product/06_2023/492.jpg,https://luachonnhadat.vn/nha-dat/cho-thue-nha-mt-duong-tinh-lo-10-p-tan-tao-4-5-x-27m-cap-4-gia-16-trieu-thang.html,https://luachonnhadat.vn/nha-dat/cho-thue-nha-mt-duong-tinh-lo-10-p-tan-tao-4-5-x-27m-cap-4-gia-16-trieu-thang.html,2026-05-15,2026-06-03T08:41:13Z,1,16,132231.40495867768,0,1
luachonnhadat,rent,luachonnhadat_50106,luachonnhadat_50106,"Cho thuê nhà khu Tên Lửa, MT đường số 7, DT 6 x 21m, cấp 4, giá 31 triệu/tháng",31000000,31 Triệu/tháng,126,NA,"Bình Tân, Hồ Chí Minh",Unknown,NA,Bình Tân,NA,Nhà phố,NA,NA,https://luachonnhadat.vn/vnt_upload/product/05_2026/7ad6f76af1849fadc91fb16a7cfe28cc.jpg,https://luachonnhadat.vn/nha-dat/cho-thue-nha-khu-ten-lua-mt-duong-so-7-dt-6-x-21m-cap-4-gia-31-trieu-thang.html,https://luachonnhadat.vn/nha-dat/cho-thue-nha-khu-ten-lua-mt-duong-so-7-dt-6-x-21m-cap-4-gia-31-trieu-thang.html,2026-05-14,2026-06-03T08:41:13Z,1,31,246031.74603174604,0,1
luachonnhadat,rent,luachonnhadat_40721,luachonnhadat_40721,"Cho thuê nhà khu Tên Lửa, MT đường Số 28, DT 4.5 x 20m, 3.5 tấm, giá 25 triệu/tháng.",25000000,25 Triệu/tháng,90,NA,"Bình Tân, Hồ Chí Minh",Unknown,NA,Bình Tân,NA,Nhà phố,NA,NA,https://luachonnhadat.vn/vnt_upload/product/05_2026/4c8525dc1a4cd8b723d21c9019aba653.jpg,https://luachonnhadat.vn/nha-dat/cho-thue-nha-khu-ten-lua-mt-duong-so-28-dt-4-5-x-20m-3-5-tam-gia-25-trieu-thang-.html,https://luachonnhadat.vn/nha-dat/cho-thue-nha-khu-ten-lua-mt-duong-so-28-dt-4-5-x-20m-3-5-tam-gia-25-trieu-thang-.html,2026-05-13,2026-06-03T08:41:13Z,1,25,277777.77777777775,0,1
luachonnhadat,rent,luachonnhadat_50095,luachonnhadat_50095,"Cho thuê nhà khu Tên Lửa, MT đường Số 19, DT 9 x 15m, 4 tấm, giá 60 triệu/tháng.",60000000,60 Triệu/tháng,135,NA,"Bình Tân, Hồ Chí Minh",Unknown,NA,Bình Tân,NA,Nhà phố,NA,NA,https://luachonnhadat.vn/vnt_upload/product/05_2026/a585da0ab856d906be215fd0458442f3.jpg,https://luachonnhadat.vn/nha-dat/cho-thue-nha-khu-ten-lua-mt-duong-so-19-dt-9-x-15m-4-tam-gia-60-trieu-thang-.html,https://luachonnhadat.vn/nha-dat/cho-thue-nha-khu-ten-lua-mt-duong-so-19-dt-9-x-15m-4-tam-gia-60-trieu-thang-.html,2026-05-13,2026-06-03T08:41:13Z,1,60,444444.4444444445,0,1
luachonnhadat,rent,luachonnhadat_50088,luachonnhadat_50088,"Cho thuê nhà hẻm 743 Tỉnh Lộ 10, P. Bình Trị Đông B, DT 4 x 25m, cấp 4, giá 12 triệu/tháng",12000000,12 Triệu/tháng,100,NA,"Bình Tân, Hồ Chí Minh",Unknown,NA,Bình Tân,NA,Nhà phố,NA,NA,https://luachonnhadat.vn/vnt_upload/product/05_2026/48ca383687040f75a32724c8240832c8.jpg,https://luachonnhadat.vn/nha-dat/cho-thue-nha-hem-743-tinh-lo-10-p-binh-tri-dong-b-dt-4-x-25m-cap-4-gia-12-trieu-thang.html,https://luachonnhadat.vn/nha-dat/cho-thue-nha-hem-743-tinh-lo-10-p-binh-tri-dong-b-dt-4-x-25m-cap-4-gia-12-trieu-thang.html,2026-05-12,2026-06-03T08:41:13Z,1,12,120000,0,1
luachonnhadat,rent,luachonnhadat_17635,luachonnhadat_17635,"Cho thuê nhà khu Tên Lửa, MT đường Số 1A, DT 4 x 20m, 3 tấm, giá 18 triệu/tháng",18000000,18 Triệu/tháng,80,NA,"Bình Tân, Hồ Chí Minh",Unknown,NA,Bình Tân,NA,Nhà phố,NA,NA,https://luachonnhadat.vn/vnt_upload/product/02_2022/341.jpg,https://luachonnhadat.vn/nha-dat/cho-thue-nha-khu-ten-lua-mt-duong-so-1a-dt-4-x-20m-3-tam-gia-18-trieu-thang.html,https://luachonnhadat.vn/nha-dat/cho-thue-nha-khu-ten-lua-mt-duong-so-1a-dt-4-x-20m-3-tam-gia-18-trieu-thang.html,2026-05-11,2026-06-03T08:41:13Z,1,18,225000,0,1
luachonnhadat,rent,luachonnhadat_50075,luachonnhadat_50075,"Cho thuê nhà hẻm 933 Tỉnh Lộ 10, P. Tân Tạo, 5 x 20m, cấp 4, giá 14 triệu/tháng",14000000,14 Triệu/tháng,100,NA,"Bình Tân, Hồ Chí Minh",Unknown,NA,Bình Tân,NA,Nhà phố,NA,NA,https://luachonnhadat.vn/vnt_upload/product/05_2026/ccace7614374a322e285f316547b90fd.jpg,https://luachonnhadat.vn/nha-dat/cho-thue-nha-hem-933-tinh-lo-10-p-tan-tao-5-x-20m-cap-4-gia-14-trieu-thang.html,https://luachonnhadat.vn/nha-dat/cho-thue-nha-hem-933-tinh-lo-10-p-tan-tao-5-x-20m-cap-4-gia-14-trieu-thang.html,2026-05-11,2026-06-03T08:41:13Z,1,14,140000,0,1
luachonnhadat,rent,luachonnhadat_50076,luachonnhadat_50076,"Cho thuê nhà khu Tên Lửa, MT đường Tên Lửa, DT 4 x 23m, 3 tấm, giá 25 triệu/tháng",25000000,25 Triệu/tháng,92,NA,"Bình Tân, Hồ Chí Minh",Unknown,NA,Bình Tân,NA,Nhà phố,NA,NA,https://luachonnhadat.vn/vnt_upload/product/05_2026/dfd3aee9c90e8589ee5232d6b73ed7a1.jpg,https://luachonnhadat.vn/nha-dat/cho-thue-nha-khu-ten-lua-mt-duong-ten-lua-dt-4-x-23m-3-tam-gia-25-trieu-thang.html,https://luachonnhadat.vn/nha-dat/cho-thue-nha-khu-ten-lua-mt-duong-ten-lua-dt-4-x-23m-3-tam-gia-25-trieu-thang.html,2026-05-11,2026-06-03T08:41:13Z,1,25,271739.1304347826,0,1
luachonnhadat,rent,luachonnhadat_50012,luachonnhadat_50012,✅ CHO THUÊ NHÀ PHỐ – MẶT TIỀN ĐƯỜNG SỐ 34 KHU TÊN LỬA – KẾT CẤU 3.5 TẤM | GIÁ 23 TRIỆU/THÁNG,23000000,23 Triệu/tháng,80,NA,"Bình Tân, Hồ Chí Minh",Unknown,NA,Bình Tân,NA,Nhà phố,NA,NA,https://luachonnhadat.vn/vnt_upload/product/05_2026/721c1df9b41bc612d45860caa535b739.jpg,https://luachonnhadat.vn/nha-dat/-cho-thue-nha-pho-mat-tien-duong-so-34-khu-ten-lua-ket-cau-3-5-tam-gia-23-trieu-thang.html,https://luachonnhadat.vn/nha-dat/-cho-thue-nha-pho-mat-tien-duong-so-34-khu-ten-lua-ket-cau-3-5-tam-gia-23-trieu-thang.html,2026-05-10,2026-06-03T08:41:13Z,1,23,287500,0,1
luachonnhadat,rent,luachonnhadat_48817,luachonnhadat_48817,"Cho thuê nhà hẻm 122 Đất Mới, P. Bình Trị Đông, 8 x 25m, 3.5 tấm, giá 40 triệu/tháng",40000000,40 Triệu/tháng,200,NA,"Bình Tân, Hồ Chí Minh",Unknown,NA,Bình Tân,NA,Đất,NA,NA,https://luachonnhadat.vn/vnt_upload/product/05_2026/756dff186adecb68ecf797ee2e89f091.jpg,https://luachonnhadat.vn/nha-dat/cho-thue-nha-hem-122-dat-moi-p-binh-tri-dong-8-x-25m-3-5-tam-gia-40-trieu-thang.html,https://luachonnhadat.vn/nha-dat/cho-thue-nha-hem-122-dat-moi-p-binh-tri-dong-8-x-25m-3-5-tam-gia-40-trieu-thang.html,2026-05-10,2026-06-03T08:41:13Z,1,40,200000,0,1
luachonnhadat,rent,luachonnhadat_50070,luachonnhadat_50070,"Cho thuê nhà góc 2MT hẻm 753 Tỉnh Lộ 10, P. Bình Trị Đông B, 5.7 x 18m, NH 6m, 3 tấm, giá 25tr/tháng",25000000,25 Triệu/tháng,102,NA,"Bình Tân, Hồ Chí Minh",Unknown,NA,Bình Tân,NA,Nhà phố,NA,NA,https://luachonnhadat.vn/vnt_upload/product/05_2026/febcdc09adbfb93e0984a7a811a7a032.jpg,https://luachonnhadat.vn/nha-dat/cho-thue-nha-goc-2mt-hem-753-tinh-lo-10-p-binh-tri-dong-b-5-7-x-18m-nh-6m-3-tam-gia-25tr-thang.html,https://luachonnhadat.vn/nha-dat/cho-thue-nha-goc-2mt-hem-753-tinh-lo-10-p-binh-tri-dong-b-5-7-x-18m-nh-6m-3-tam-gia-25tr-thang.html,2026-05-09,2026-06-03T08:41:13Z,1,25,245098.0392156863,0,1
luachonnhadat,rent,luachonnhadat_25178,luachonnhadat_25178,"Cho thuê nhà MT đường Lê Công Phép, P. An Lạc, DT 10 x 8.5m, 1 lầu, giá 20 triệu/tháng",20000000,20 Triệu/tháng,85,NA,"Bình Tân, Hồ Chí Minh",Unknown,NA,Bình Tân,NA,Nhà phố,NA,NA,https://luachonnhadat.vn/vnt_upload/product/05_2026/9f6111b01bbc5126c4ff9b51aaf137b2.jpg,https://luachonnhadat.vn/nha-dat/cho-thue-nha-mt-duong-le-cong-phep-p-an-lac-dt-10-x-8-5m-1-lau-gia-20-trieu-thang.html,https://luachonnhadat.vn/nha-dat/cho-thue-nha-mt-duong-le-cong-phep-p-an-lac-dt-10-x-8-5m-1-lau-gia-20-trieu-thang.html,2026-05-09,2026-06-03T08:41:13Z,1,20,235294.11764705885,0,1
luachonnhadat,rent,luachonnhadat_49854,luachonnhadat_49854,"CHO THUÊ NHÀ KHU TÊN LỬA, GÓC 2MT TÊN LỬA | 10 X 20M, 3.5 TẤM, 100 TRIỆU/THÁNG.",100000000,100 Triệu/tháng,200,NA,"Bình Tân, Hồ Chí Minh",Unknown,NA,Bình Tân,NA,Nhà phố,NA,NA,https://luachonnhadat.vn/vnt_upload/product/05_2026/9a482710b1fc69587c0d4eb4056b21c3.jpg,https://luachonnhadat.vn/nha-dat/cho-thue-nha-khu-ten-lua-goc-2mt-ten-lua-10-x-20m-3-5-tam-100-trieu-thang-.html,https://luachonnhadat.vn/nha-dat/cho-thue-nha-khu-ten-lua-goc-2mt-ten-lua-10-x-20m-3-5-tam-100-trieu-thang-.html,2026-05-08,2026-06-03T08:41:13Z,1,100,500000,0,1
luachonnhadat,rent,luachonnhadat_50069,luachonnhadat_50069,"Cho thuê nhà khu Tên Lửa, MT đường Số 25, DT 4 x 20m, 3.5 tấm, giá 25 triệu/tháng",25000000,25 Triệu/tháng,80,NA,"Bình Tân, Hồ Chí Minh",Unknown,NA,Bình Tân,NA,Nhà phố,NA,NA,https://luachonnhadat.vn/vnt_upload/product/05_2026/d6d5ebd5896fd7e8ffc066a9de984358.jpg,https://luachonnhadat.vn/nha-dat/cho-thue-nha-khu-ten-lua-mt-duong-so-25-dt-4-x-20m-3-5-tam-gia-25-trieu-thang.html,https://luachonnhadat.vn/nha-dat/cho-thue-nha-khu-ten-lua-mt-duong-so-25-dt-4-x-20m-3-5-tam-gia-25-trieu-thang.html,2026-05-08,2026-06-03T08:41:13Z,1,25,312500,0,1
luachonnhadat,rent,luachonnhadat_44047,luachonnhadat_44047,"Cho thuê nhà MT đường Tỉnh Lộ 10, P. Tân Tạo, DT 6.5 x 50m, NH 9.3m, 5 tấm, giá 100 triệu/tháng",100000000,100 Triệu/tháng,325,NA,"Bình Tân, Hồ Chí Minh",Unknown,NA,Bình Tân,NA,Nhà phố,NA,NA,https://luachonnhadat.vn/vnt_upload/product/05_2022/80.jpg,https://luachonnhadat.vn/nha-dat/cho-thue-nha-mt-duong-tinh-lo-10-p-tan-tao-dt-6-5-x-50m-nh-9-3m-5-tam-gia-100-trieu-thang.html,https://luachonnhadat.vn/nha-dat/cho-thue-nha-mt-duong-tinh-lo-10-p-tan-tao-dt-6-5-x-50m-nh-9-3m-5-tam-gia-100-trieu-thang.html,2026-05-08,2026-06-03T08:41:13Z,1,100,307692.3076923077,0,1
luachonnhadat,rent,luachonnhadat_49403,luachonnhadat_49403,"Cho thuê nhà khu Tên Lửa, MT đường Số 7, DT 5 x 20m, 3.5 tấm, giá 45 triệu/tháng",45000000,45 Triệu/tháng,100,NA,"Bình Tân, Hồ Chí Minh",Unknown,NA,Bình Tân,NA,Nhà phố,NA,NA,https://luachonnhadat.vn/vnt_upload/product/12_2025/dee3ad756eef6d7661ec63ef9433e418.jpg,https://luachonnhadat.vn/nha-dat/cho-thue-nha-khu-ten-lua-mt-duong-so-7-dt-5-x-20m-3-5-tam-gia-45-trieu-thang.html,https://luachonnhadat.vn/nha-dat/cho-thue-nha-khu-ten-lua-mt-duong-so-7-dt-5-x-20m-3-5-tam-gia-45-trieu-thang.html,2026-05-07,2026-06-03T08:41:13Z,1,45,450000,0,1
luachonnhadat,rent,luachonnhadat_46210,luachonnhadat_46210,"Cho thuê nhà khu Tên Lửa, MT đường Số 7, DT 5 x 20m, 3.5 tấm, giá 45 triệu/tháng.",45000000,45 Triệu/tháng,100,NA,"Bình Tân, Hồ Chí Minh",Unknown,NA,Bình Tân,NA,Nhà phố,NA,NA,https://luachonnhadat.vn/vnt_upload/product/08_2023/27.jpg,https://luachonnhadat.vn/nha-dat/cho-thue-nha-khu-ten-lua-mt-duong-so-7-dt-5-x-20m-3-5-tam-gia-45-trieu-thang-.html,https://luachonnhadat.vn/nha-dat/cho-thue-nha-khu-ten-lua-mt-duong-so-7-dt-5-x-20m-3-5-tam-gia-45-trieu-thang-.html,2026-05-07,2026-06-03T08:41:13Z,1,45,450000,0,1
luachonnhadat,rent,luachonnhadat_45381,luachonnhadat_45381,"Cho thuê nhà MT đường Tạ Mỹ Duật, P. An Lạc A, DT 8 x 20m, 3.5 tấm, giá 45 triệu/tháng",45000000,45 Triệu/tháng,160,NA,"Bình Tân, Hồ Chí Minh",Unknown,NA,Bình Tân,NA,Nhà phố,NA,NA,https://luachonnhadat.vn/vnt_upload/product/10_2022/312564844_3296652173884047_3181486332017190926_n.jpg,https://luachonnhadat.vn/nha-dat/cho-thue-nha-mt-duong-ta-my-duat-p-an-lac-a-dt-8-x-20m-3-5-tam-gia-45-trieu-thang.html,https://luachonnhadat.vn/nha-dat/cho-thue-nha-mt-duong-ta-my-duat-p-an-lac-a-dt-8-x-20m-3-5-tam-gia-45-trieu-thang.html,2026-05-06,2026-06-03T08:41:13Z,1,45,281250,0,1
luachonnhadat,rent,luachonnhadat_50011,luachonnhadat_50011,"Cho thuê nhà MT đường Hậu Giang, P.12, Q.6, DT 7.5 x 28m, 5.5 tấm, giá 130 triệu/tháng.",130000000,130 Triệu/tháng,210,NA,"Quận 6, Hồ Chí Minh",Unknown,NA,Quận 6,NA,Nhà phố,NA,NA,https://luachonnhadat.vn/vnt_upload/product/04_2026/671a97c35d0191404ded8a99de54463b.jpg,https://luachonnhadat.vn/nha-dat/cho-thue-nha-mt-duong-hau-giang-p-12-q-6-dt-7-5-x-28m-5-5-tam-gia-130-trieu-thang-.html,https://luachonnhadat.vn/nha-dat/cho-thue-nha-mt-duong-hau-giang-p-12-q-6-dt-7-5-x-28m-5-5-tam-gia-130-trieu-thang-.html,2026-05-06,2026-06-03T08:41:13Z,1,130,619047.619047619,0,1
luachonnhadat,rent,luachonnhadat_48304,luachonnhadat_48304,"Cho thuê nhà khu Cư Xá Rada, MT đường Số 2, DT 4 x 20m, 3.5 tấm, giá 20 triệu/tháng",20000000,20 Triệu/tháng,80,NA,"Quận 6, Hồ Chí Minh",Unknown,NA,Quận 6,NA,Nhà phố,NA,NA,https://luachonnhadat.vn/vnt_upload/product/05_2025/f7662cded3a63e6626274bc613028668.jpg,https://luachonnhadat.vn/nha-dat/cho-thue-nha-khu-cu-xa-rada-mt-duong-so-2-dt-4-x-20m-3-5-tam-gia-20-trieu-thang.html,https://luachonnhadat.vn/nha-dat/cho-thue-nha-khu-cu-xa-rada-mt-duong-so-2-dt-4-x-20m-3-5-tam-gia-20-trieu-thang.html,2026-05-06,2026-06-03T08:41:13Z,1,20,250000,0,1
luachonnhadat,rent,luachonnhadat_4540,luachonnhadat_4540,"Cho thuê nhà khu Bình Phú, MT đường Song Hành, DT 4 x 19m, 4.5 tấm, giá 21 tỷ",21000000,21 Triệu/tháng,76,NA,"Quận 6, Hồ Chí Minh",Unknown,NA,Quận 6,NA,Nhà phố,NA,NA,https://luachonnhadat.vn/vnt_upload/product/04_2026/d7ffcd03db9081bb3f2720f165b03a00.jpg,https://luachonnhadat.vn/nha-dat/cho-thue-nha-khu-binh-phu-mt-duong-song-hanh-dt-4-x-19m-4-5-tam-gia-21-ty.html,https://luachonnhadat.vn/nha-dat/cho-thue-nha-khu-binh-phu-mt-duong-song-hanh-dt-4-x-19m-4-5-tam-gia-21-ty.html,2026-05-06,2026-06-03T08:41:13Z,1,21,276315.7894736842,0,1
luachonnhadat,rent,luachonnhadat_50022,luachonnhadat_50022,"Cho thuê nhà khu Tên Lửa, MT đường Số 16, DT 6 x 21.5m, 3 tấm, giá 30 triệu/tháng.",30000000,30 Triệu/tháng,129,NA,"Bình Tân, Hồ Chí Minh",Unknown,NA,Bình Tân,NA,Nhà phố,NA,NA,https://luachonnhadat.vn/vnt_upload/product/04_2026/0ab9f1a525fc1d5767475e67701d6d33.jpg,https://luachonnhadat.vn/nha-dat/cho-thue-nha-khu-ten-lua-mt-duong-so-16-dt-6-x-21-5m-3-tam-gia-30-trieu-thang-.html,https://luachonnhadat.vn/nha-dat/cho-thue-nha-khu-ten-lua-mt-duong-so-16-dt-6-x-21-5m-3-tam-gia-30-trieu-thang-.html,2026-04-29,2026-06-03T08:41:13Z,1,30,232558.13953488372,0,1
luachonnhadat,rent,luachonnhadat_50017,luachonnhadat_50017,"Cho thuê nhà góc 2MT hẻm 246 đường 26/3, P. Bình Hưng Hòa, DT 4 x 16m, 2 tấm, giá 11 triệu/tháng",11000000,11 Triệu/tháng,64,NA,"Bình Tân, Hồ Chí Minh",Unknown,NA,Bình Tân,NA,Nhà phố,NA,NA,https://luachonnhadat.vn/vnt_upload/product/04_2026/c151ad5d066ad04ed12360f274eda102.jpg,https://luachonnhadat.vn/nha-dat/cho-thue-nha-goc-2mt-hem-246-duong-26-3-p-binh-hung-hoa-dt-4-x-16m-2-tam-gia-11-trieu-thang.html,https://luachonnhadat.vn/nha-dat/cho-thue-nha-goc-2mt-hem-246-duong-26-3-p-binh-hung-hoa-dt-4-x-16m-2-tam-gia-11-trieu-thang.html,2026-04-28,2026-06-03T08:41:13Z,1,11,171875,0,1
luachonnhadat,rent,luachonnhadat_50002,luachonnhadat_50002,"Cho thuê nhà khu Bình Phú, MT đường Trần Văn Kiểu, DT 4 x 20m, 3.5 tấm, giá 30 triệu/tháng",30000000,30 Triệu/tháng,80,NA,"Quận 6, Hồ Chí Minh",Unknown,NA,Quận 6,NA,Nhà phố,NA,NA,https://luachonnhadat.vn/vnt_upload/product/04_2026/3aac56dd5843bf3150c0e0e3e79463a6.jpg,https://luachonnhadat.vn/nha-dat/cho-thue-nha-khu-binh-phu-mt-duong-tran-van-kieu-dt-4-x-20m-3-5-tam-gia-30-trieu-thang.html,https://luachonnhadat.vn/nha-dat/cho-thue-nha-khu-binh-phu-mt-duong-tran-van-kieu-dt-4-x-20m-3-5-tam-gia-30-trieu-thang.html,2026-04-27,2026-06-03T08:41:13Z,1,30,375000,0,1
luachonnhadat,rent,luachonnhadat_49432,luachonnhadat_49432,"Cho thuê nhà MT đường Tân Hòa Đông, P.14, Q.6, DT 8 x 20m, NH 10m, 5 tấm, giá 60 triệu/tháng",60000000,60 Triệu/tháng,160,NA,"Quận 6, Hồ Chí Minh",Unknown,NA,Quận 6,NA,Nhà phố,NA,NA,https://luachonnhadat.vn/vnt_upload/product/01_2026/9a559d8f061a0178a97bbbb1d0040546.jpg,https://luachonnhadat.vn/nha-dat/cho-thue-nha-mt-duong-tan-hoa-dong-p-14-q-6-dt-8-x-20m-nh-10m-5-tam-gia-60-trieu-thang.html,https://luachonnhadat.vn/nha-dat/cho-thue-nha-mt-duong-tan-hoa-dong-p-14-q-6-dt-8-x-20m-nh-10m-5-tam-gia-60-trieu-thang.html,2026-04-25,2026-06-03T08:41:13Z,1,60,375000,0,1
luachonnhadat,rent,luachonnhadat_49092,luachonnhadat_49092,"Cho thuê nhà khu Tên Lửa, MT đường Vành Đai Trong, DT 12 x 21.5m, 5 tấm, giá 200 triệu/tháng.",200000000,200 Triệu/tháng,258,NA,"Bình Tân, Hồ Chí Minh",Unknown,NA,Bình Tân,NA,Nhà phố,NA,NA,https://luachonnhadat.vn/vnt_upload/product/10_2025/f50ff3e56a60bb5f612bc0049c25cb46.jpg,https://luachonnhadat.vn/nha-dat/cho-thue-nha-khu-ten-lua-mt-duong-vanh-dai-trong-dt-12-x-21-5m-5-tam-gia-200-trieu-thang-.html,https://luachonnhadat.vn/nha-dat/cho-thue-nha-khu-ten-lua-mt-duong-vanh-dai-trong-dt-12-x-21-5m-5-tam-gia-200-trieu-thang-.html,2026-04-23,2026-06-03T08:41:13Z,1,200,775193.7984496125,0,1
luachonnhadat,rent,luachonnhadat_49973,luachonnhadat_49973,"Cho thuê nhà MT đường Mã Lò, P. Bình Hưng Hoà A, DT 4 x 20m, 4 tấm, giá 28 triệu/tháng",28000000,28 Triệu/tháng,80,NA,"Bình Tân, Hồ Chí Minh",Unknown,NA,Bình Tân,NA,Nhà phố,NA,NA,https://luachonnhadat.vn/vnt_upload/product/04_2026/4ba309ca8bc5e35f3383e129ef8b10b3.jpg,https://luachonnhadat.vn/nha-dat/cho-thue-nha-mt-duong-ma-lo-p-binh-hung-hoa-a-dt-4-x-20m-4-tam-gia-28-trieu-thang.html,https://luachonnhadat.vn/nha-dat/cho-thue-nha-mt-duong-ma-lo-p-binh-hung-hoa-a-dt-4-x-20m-4-tam-gia-28-trieu-thang.html,2026-04-21,2026-06-03T08:41:13Z,1,28,350000,0,1
luachonnhadat,rent,luachonnhadat_49603,luachonnhadat_49603,"Cho thuê nhà khu Tên Lửa gần Aeon Mall, MT đường Số 17B, DT 5 x 20m, 3.5 tấm, giá 25 triệu/tháng.",25000000,25 Triệu/tháng,100,NA,"Bình Tân, Hồ Chí Minh",Unknown,NA,Bình Tân,NA,Nhà phố,NA,NA,https://luachonnhadat.vn/vnt_upload/product/02_2026/c86243c859a41ab04bb1d195cf88bd71.jpg,https://luachonnhadat.vn/nha-dat/cho-thue-nha-khu-ten-lua-gan-aeon-mall-mt-duong-so-17b-dt-5-x-20m-3-5-tam-gia-25-trieu-thang-.html,https://luachonnhadat.vn/nha-dat/cho-thue-nha-khu-ten-lua-gan-aeon-mall-mt-duong-so-17b-dt-5-x-20m-3-5-tam-gia-25-trieu-thang-.html,2026-04-20,2026-06-03T08:41:13Z,1,25,250000,0,1
luachonnhadat,rent,luachonnhadat_49865,luachonnhadat_49865,"Cho thuê nhà khu Tên Lửa, MT đường Vành Đai Trong, DT 12 x 21.5m, 4 tấm, giá 140 triệu/tháng.",140000000,140 Triệu/tháng,258,NA,"Bình Tân, Hồ Chí Minh",Unknown,NA,Bình Tân,NA,Nhà phố,NA,NA,https://luachonnhadat.vn/vnt_upload/product/04_2026/ac22d326aaf72d666280fd9839eaf07b.jpg,https://luachonnhadat.vn/nha-dat/cho-thue-nha-khu-ten-lua-mt-duong-vanh-dai-trong-dt-12-x-21-5m-4-tam-gia-140-trieu-thang-.html,https://luachonnhadat.vn/nha-dat/cho-thue-nha-khu-ten-lua-mt-duong-vanh-dai-trong-dt-12-x-21-5m-4-tam-gia-140-trieu-thang-.html,2026-04-20,2026-06-03T08:41:13Z,1,140,542635.6589147287,0,1
luachonnhadat,rent,luachonnhadat_40508,luachonnhadat_40508,"Cho thuê đất khu Tên Lửa, góc 2MT đường Số 32, DT 20 x 20m, giá 80 triệu/tháng",80000000,80 Triệu/tháng,400,NA,"Bình Tân, Hồ Chí Minh",Unknown,NA,Bình Tân,NA,Đất,NA,NA,https://luachonnhadat.vn/vnt_upload/product/01_2024/170.jpg,https://luachonnhadat.vn/nha-dat/cho-thue-dat-khu-ten-lua-goc-2mt-duong-so-32-dt-20-x-20m-gia-80-trieu-thang.html,https://luachonnhadat.vn/nha-dat/cho-thue-dat-khu-ten-lua-goc-2mt-duong-so-32-dt-20-x-20m-gia-80-trieu-thang.html,2026-04-20,2026-06-03T08:41:13Z,1,80,200000,0,1
luachonnhadat,rent,luachonnhadat_42384,luachonnhadat_42384,"Cho thuê nhà khu Tên Lửa, MT đường Số 4, DT 4 x 20m, 3.5 tấm, giá 27 triệu/tháng.",27000000,27 Triệu/tháng,80,NA,"Bình Tân, Hồ Chí Minh",Unknown,NA,Bình Tân,NA,Nhà phố,NA,NA,https://luachonnhadat.vn/vnt_upload/product/03_2024/863.jpg.jpg,https://luachonnhadat.vn/nha-dat/cho-thue-nha-khu-ten-lua-mt-duong-so-4-dt-4-x-20m-3-5-tam-gia-27-trieu-thang-.html,https://luachonnhadat.vn/nha-dat/cho-thue-nha-khu-ten-lua-mt-duong-so-4-dt-4-x-20m-3-5-tam-gia-27-trieu-thang-.html,2026-04-20,2026-06-03T08:41:13Z,1,27,337500,0,1
luachonnhadat,rent,luachonnhadat_49914,luachonnhadat_49914,"Cho thuê nhà hẻm 995 Hồng Bàng, P.12, Q.6, DT 4 x 15m, 3.5 tấm, giá 18 triệu/tháng",18000000,18 Triệu/tháng,60,NA,"Quận 6, Hồ Chí Minh",Unknown,NA,Quận 6,NA,Nhà phố,NA,NA,https://luachonnhadat.vn/vnt_upload/product/04_2026/4c7499e0edad3597767d3fc43edba324.jpg,https://luachonnhadat.vn/nha-dat/cho-thue-nha-hem-995-hong-bang-p-12-q-6-dt-4-x-15m-3-5-tam-gia-18-trieu-thang.html,https://luachonnhadat.vn/nha-dat/cho-thue-nha-hem-995-hong-bang-p-12-q-6-dt-4-x-15m-3-5-tam-gia-18-trieu-thang.html,2026-04-17,2026-06-03T08:41:13Z,1,18,300000,0,1
luachonnhadat,rent,luachonnhadat_46281,luachonnhadat_46281,"Cho thuê nhà khu Bình Phú, 2MT Trước - Sau đường Vành Đai, DT 8 x 23m, cấp 4, giá 33 triệu/tháng.",33000000,33 Triệu/tháng,184,NA,"Quận 6, Hồ Chí Minh",Unknown,NA,Quận 6,NA,Nhà phố,NA,NA,https://luachonnhadat.vn/vnt_upload/product/09_2023/648.jpg,https://luachonnhadat.vn/nha-dat/cho-thue-nha-khu-binh-phu-2mt-truoc-sau-duong-vanh-dai-dt-8-x-23m-cap-4-gia-33-trieu-thang-.html,https://luachonnhadat.vn/nha-dat/cho-thue-nha-khu-binh-phu-2mt-truoc-sau-duong-vanh-dai-dt-8-x-23m-cap-4-gia-33-trieu-thang-.html,2026-04-17,2026-06-03T08:41:13Z,1,33,179347.8260869565,0,1
luachonnhadat,rent,luachonnhadat_46074,luachonnhadat_46074,"Cho thuê biệt thự khu Tên Lửa, góc 2MT đường Số 19B, DT 10 x 19m, 3.5 tấm, giá 70 triệu/tháng",70000000,70 Triệu/tháng,190,NA,"Bình Tân, Hồ Chí Minh",Unknown,NA,Bình Tân,NA,Biệt thự,NA,NA,https://luachonnhadat.vn/vnt_upload/product/07_2023/245.jpg,https://luachonnhadat.vn/nha-dat/cho-thue-biet-thu-khu-ten-lua-goc-2mt-duong-so-19b-dt-10-x-19m-3-5-tam-gia-70-trieu-thang.html,https://luachonnhadat.vn/nha-dat/cho-thue-biet-thu-khu-ten-lua-goc-2mt-duong-so-19b-dt-10-x-19m-3-5-tam-gia-70-trieu-thang.html,2026-04-17,2026-06-03T08:41:13Z,1,70,368421.05263157893,0,1
luachonnhadat,rent,luachonnhadat_43905,luachonnhadat_43905,"Cho thuê nhà khu Tên Lửa, MT đường Số 19, DT 5 x 20m, 3.5 tấm, giá 32 triệu/tháng",32000000,32 Triệu/tháng,100,NA,"Bình Tân, Hồ Chí Minh",Unknown,NA,Bình Tân,NA,Nhà phố,NA,NA,https://luachonnhadat.vn/vnt_upload/product/04_2022/623.jpg,https://luachonnhadat.vn/nha-dat/cho-thue-nha-khu-ten-lua-mt-duong-so-19-dt-5-x-20m-3-5-tam-gia-32-trieu-thang.html,https://luachonnhadat.vn/nha-dat/cho-thue-nha-khu-ten-lua-mt-duong-so-19-dt-5-x-20m-3-5-tam-gia-32-trieu-thang.html,2026-04-17,2026-06-03T08:41:13Z,1,32,320000,0,1
luachonnhadat,rent,luachonnhadat_49945,luachonnhadat_49945,"Cho thuê biệt thự khu Tên Lửa, MT đường Số 3A, DT 20 x 20m, 3 tấm, giá 110 triệu/tháng",110000000,110 Triệu/tháng,400,NA,"Bình Tân, Hồ Chí Minh",Unknown,NA,Bình Tân,NA,Biệt thự,NA,NA,https://luachonnhadat.vn/vnt_upload/product/04_2026/7c878fc87eb77743e2d098f518ec474a.jpg,https://luachonnhadat.vn/nha-dat/cho-thue-biet-thu-khu-ten-lua-mt-duong-so-3a-dt-20-x-20m-3-tam-gia-110-trieu-thang.html,https://luachonnhadat.vn/nha-dat/cho-thue-biet-thu-khu-ten-lua-mt-duong-so-3a-dt-20-x-20m-3-tam-gia-110-trieu-thang.html,2026-04-17,2026-06-03T08:41:13Z,1,110,275000,0,1
luachonnhadat,rent,luachonnhadat_49939,luachonnhadat_49939,"Cho thuê nhà khu Tên Lửa, MT đường Tên Lửa, DT 4 x 20m, 3.5 tấm, giá 30 triệu/tháng.",30000000,30 Triệu/tháng,80,NA,"Bình Tân, Hồ Chí Minh",Unknown,NA,Bình Tân,NA,Nhà phố,NA,NA,https://luachonnhadat.vn/vnt_upload/product/04_2026/790955cb85fee2e3333baded83f61363.jpg,https://luachonnhadat.vn/nha-dat/cho-thue-nha-khu-ten-lua-mt-duong-ten-lua-dt-4-x-20m-3-5-tam-gia-30-trieu-thang-.html,https://luachonnhadat.vn/nha-dat/cho-thue-nha-khu-ten-lua-mt-duong-ten-lua-dt-4-x-20m-3-5-tam-gia-30-trieu-thang-.html,2026-04-16,2026-06-03T08:41:13Z,1,30,375000,0,1
luachonnhadat,rent,luachonnhadat_49930,luachonnhadat_49930,"Cho thuê nhà MT đường Lê Văn Quới, P. Bình Trị Đông A, DT 5 x 20m, 1 lầu, giá 20 triệu/tháng",20000000,20 Triệu/tháng,100,NA,"Bình Tân, Hồ Chí Minh",Unknown,NA,Bình Tân,NA,Nhà phố,NA,NA,https://luachonnhadat.vn/vnt_upload/product/04_2026/0733f19ecc5a1ca5b306b458519ba9aa.jpg,https://luachonnhadat.vn/nha-dat/cho-thue-nha-mt-duong-le-van-quoi-p-binh-tri-dong-a-dt-5-x-20m-1-lau-gia-20-trieu-thang.html,https://luachonnhadat.vn/nha-dat/cho-thue-nha-mt-duong-le-van-quoi-p-binh-tri-dong-a-dt-5-x-20m-1-lau-gia-20-trieu-thang.html,2026-04-14,2026-06-03T08:41:13Z,1,20,200000,0,1
luachonnhadat,rent,luachonnhadat_49926,luachonnhadat_49926,"Cho thuê nhà MT đường Lê Cơ, P. An Lạc, DT 9 x 20m, 4 tấm, giá 70 triệu/tháng",70000000,70 Triệu/tháng,180,NA,"Bình Tân, Hồ Chí Minh",Unknown,NA,Bình Tân,NA,Nhà phố,NA,NA,https://luachonnhadat.vn/vnt_upload/product/04_2026/779c169b55b666c659b19503ba581c39.jpg,https://luachonnhadat.vn/nha-dat/cho-thue-nha-mt-duong-le-co-p-an-lac-dt-9-x-20m-4-tam-gia-70-trieu-thang.html,https://luachonnhadat.vn/nha-dat/cho-thue-nha-mt-duong-le-co-p-an-lac-dt-9-x-20m-4-tam-gia-70-trieu-thang.html,2026-04-14,2026-06-03T08:41:13Z,1,70,388888.8888888889,0,1
luachonnhadat,rent,luachonnhadat_49868,luachonnhadat_49868,"Cho thuê nhà hẻm 36 Kinh Dương Vương, P.13, Q.6, DT 4 x 20m, 4 tấm, giá 30 triệu/tháng",30000000,30 Triệu/tháng,80,NA,"Quận 6, Hồ Chí Minh",Unknown,NA,Quận 6,NA,Nhà phố,NA,NA,https://luachonnhadat.vn/vnt_upload/product/04_2026/0bbe6a73976c4d303bc19bebf936068b.jpg,https://luachonnhadat.vn/nha-dat/cho-thue-nha-hem-36-kinh-duong-vuong-p-13-q-6-dt-4-x-20m-4-tam-gia-30-trieu-thang.html,https://luachonnhadat.vn/nha-dat/cho-thue-nha-hem-36-kinh-duong-vuong-p-13-q-6-dt-4-x-20m-4-tam-gia-30-trieu-thang.html,2026-04-13,2026-06-03T08:41:13Z,1,30,375000,0,1
luachonnhadat,rent,luachonnhadat_49901,luachonnhadat_49901,"Cho thuê mặt bằng góc 2MT hẻm 574 Kinh Dương Vương, DT 9 x 16m, giá 25 triệu/tháng",25000000,25 Triệu/tháng,144,NA,"Bình Tân, Hồ Chí Minh",Unknown,NA,Bình Tân,NA,Mặt bằng,NA,NA,https://luachonnhadat.vn/vnt_upload/product/04_2026/0e524ee04240f0e80d94758b208b7da1.jpg,https://luachonnhadat.vn/nha-dat/cho-thue-mat-bang-goc-2mt-hem-574-kinh-duong-vuong-dt-9-x-16m-gia-25-trieu-thang.html,https://luachonnhadat.vn/nha-dat/cho-thue-mat-bang-goc-2mt-hem-574-kinh-duong-vuong-dt-9-x-16m-gia-25-trieu-thang.html,2026-04-13,2026-06-03T08:41:13Z,1,25,173611.11111111112,0,1
luachonnhadat,rent,luachonnhadat_49902,luachonnhadat_49902,"Cho thuê nhà MT đường Kinh Dương Vương, P. An Lạc, DT 6 x 17m, 3 tấm, giá 45 triệu/tháng",45000000,45 Triệu/tháng,102,NA,"Bình Tân, Hồ Chí Minh",Unknown,NA,Bình Tân,NA,Nhà phố,NA,NA,https://luachonnhadat.vn/vnt_upload/product/04_2026/1c534976582041a4f28d4dc10e51f24b.jpg,https://luachonnhadat.vn/nha-dat/cho-thue-nha-mt-duong-kinh-duong-vuong-p-an-lac-dt-6-x-17m-3-tam-gia-45-trieu-thang.html,https://luachonnhadat.vn/nha-dat/cho-thue-nha-mt-duong-kinh-duong-vuong-p-an-lac-dt-6-x-17m-3-tam-gia-45-trieu-thang.html,2026-04-13,2026-06-03T08:41:13Z,1,45,441176.4705882353,0,1
luachonnhadat,rent,luachonnhadat_49915,luachonnhadat_49915,"Cho thuê nhà khu Tên Lửa, góc 2MT đường số 14, DT 4 x 15m, 4.5 tấm, giá 26 triệu/tháng",26000000,26 Triệu/tháng,60,NA,"Bình Tân, Hồ Chí Minh",Unknown,NA,Bình Tân,NA,Nhà phố,NA,NA,https://luachonnhadat.vn/vnt_upload/product/04_2026/cec9cede35c86368235ecab2fcbca75b.jpg,https://luachonnhadat.vn/nha-dat/cho-thue-nha-khu-ten-lua-goc-2mt-duong-so-14-dt-4-x-15m-4-5-tam-gia-26-trieu-thang.html,https://luachonnhadat.vn/nha-dat/cho-thue-nha-khu-ten-lua-goc-2mt-duong-so-14-dt-4-x-15m-4-5-tam-gia-26-trieu-thang.html,2026-04-13,2026-06-03T08:41:13Z,1,26,433333.3333333333,0,1
luachonnhadat,rent,luachonnhadat_49898,luachonnhadat_49898,"Cho thuê nhà khu Tên Lửa gần Aeon, MT đường Số 7A, DT 5 x 20m, 4 tấm, giá 32 triệu/tháng",32000000,32 Triệu/tháng,100,NA,"Bình Tân, Hồ Chí Minh",Unknown,NA,Bình Tân,NA,Nhà phố,NA,NA,https://luachonnhadat.vn/vnt_upload/product/04_2026/da7d5b6348eab4e8eff3d64a66831aea.jpg,https://luachonnhadat.vn/nha-dat/cho-thue-nha-khu-ten-lua-gan-aeon-mt-duong-so-7a-dt-5-x-20m-4-tam-gia-32-trieu-thang.html,https://luachonnhadat.vn/nha-dat/cho-thue-nha-khu-ten-lua-gan-aeon-mt-duong-so-7a-dt-5-x-20m-4-tam-gia-32-trieu-thang.html,2026-04-10,2026-06-03T08:41:13Z,1,32,320000,0,1
luachonnhadat,rent,luachonnhadat_49871,luachonnhadat_49871,"Cho thuê nhà khu Tên Lửa, MT đường Vành Đai Trong, DT 6 x 20m, 3.5 tấm, giá 86 triệu/tháng.",86000000,86 Triệu/tháng,120,NA,"Bình Tân, Hồ Chí Minh",Unknown,NA,Bình Tân,NA,Nhà phố,NA,NA,https://luachonnhadat.vn/vnt_upload/product/04_2026/d76472e08d90ed01c4a513df76d10dc8.jpg,https://luachonnhadat.vn/nha-dat/cho-thue-nha-khu-ten-lua-mt-duong-vanh-dai-trong-dt-6-x-20m-3-5-tam-gia-86-trieu-thang-.html,https://luachonnhadat.vn/nha-dat/cho-thue-nha-khu-ten-lua-mt-duong-vanh-dai-trong-dt-6-x-20m-3-5-tam-gia-86-trieu-thang-.html,2026-04-10,2026-06-03T08:41:13Z,1,86,716666.6666666666,0,1
luachonnhadat,rent,luachonnhadat_6587,luachonnhadat_6587,"Cho thuê nhà khu Tên Lửa, MT đường Vành Đai Trong, DT 8 x 25m, cấp 4, giá 35 triệu/tháng.",35000000,35 Triệu/tháng,200,NA,"Bình Tân, Hồ Chí Minh",Unknown,NA,Bình Tân,NA,Nhà phố,NA,NA,https://luachonnhadat.vn/vnt_upload/product/03_2022/146.jpg,https://luachonnhadat.vn/nha-dat/cho-thue-nha-khu-ten-lua-mt-duong-vanh-dai-trong-dt-8-x-25m-cap-4-gia-35-trieu-thang-.html,https://luachonnhadat.vn/nha-dat/cho-thue-nha-khu-ten-lua-mt-duong-vanh-dai-trong-dt-8-x-25m-cap-4-gia-35-trieu-thang-.html,2026-04-09,2026-06-03T08:41:13Z,1,35,175000,0,1
luachonnhadat,rent,luachonnhadat_48769,luachonnhadat_48769,"Cho thuê nhà MT đường Trần Thanh Mại, P. Tân Tạo A, 4 x 22m, 1 lầu, giá 16 triệu/tháng",16000000,16 Triệu/tháng,88,NA,"Bình Tân, Hồ Chí Minh",Unknown,NA,Bình Tân,NA,Nhà phố,NA,NA,https://luachonnhadat.vn/vnt_upload/product/08_2025/b888bd3b6e6c1bbb7bea8f92df3ee75e.jpg,https://luachonnhadat.vn/nha-dat/cho-thue-nha-mt-duong-tran-thanh-mai-p-tan-tao-a-4-x-22m-1-lau-gia-16-trieu-thang.html,https://luachonnhadat.vn/nha-dat/cho-thue-nha-mt-duong-tran-thanh-mai-p-tan-tao-a-4-x-22m-1-lau-gia-16-trieu-thang.html,2026-04-09,2026-06-03T08:41:13Z,1,16,181818.18181818185,0,1
luachonnhadat,rent,luachonnhadat_49870,luachonnhadat_49870,"Cho thuê cặp nhà khu Tên Lửa, MT đường Số 4A, DT 8 x 20m, 3.5 tấm, giá 80 triệu/tháng",80000000,80 Triệu/tháng,160,NA,"Bình Tân, Hồ Chí Minh",Unknown,NA,Bình Tân,NA,Nhà phố,NA,NA,https://luachonnhadat.vn/vnt_upload/product/04_2026/47c207e24e4d9c5db486f2fca9891f24.jpg,https://luachonnhadat.vn/nha-dat/cho-thue-cap-nha-khu-ten-lua-mt-duong-so-4a-dt-8-x-20m-3-5-tam-gia-80-trieu-thang.html,https://luachonnhadat.vn/nha-dat/cho-thue-cap-nha-khu-ten-lua-mt-duong-so-4a-dt-8-x-20m-3-5-tam-gia-80-trieu-thang.html,2026-04-07,2026-06-03T08:41:13Z,1,80,500000,0,1
luachonnhadat,rent,luachonnhadat_49881,luachonnhadat_49881,"Cho thuê nhà khu Tên Lửa, MT đường Số 24A, DT 4 x 18m, 2.5 tấm, giá 23 triệu/tháng.",23000000,23 Triệu/tháng,72,NA,"Bình Tân, Hồ Chí Minh",Unknown,NA,Bình Tân,NA,Nhà phố,NA,NA,https://luachonnhadat.vn/vnt_upload/product/04_2026/066db0452879d4eca2eeebef86dc4abc.jpg,https://luachonnhadat.vn/nha-dat/cho-thue-nha-khu-ten-lua-mt-duong-so-24a-dt-4-x-18m-2-5-tam-gia-23-trieu-thang-.html,https://luachonnhadat.vn/nha-dat/cho-thue-nha-khu-ten-lua-mt-duong-so-24a-dt-4-x-18m-2-5-tam-gia-23-trieu-thang-.html,2026-04-07,2026-06-03T08:41:13Z,1,23,319444.44444444444,0,1
luachonnhadat,rent,luachonnhadat_6513,luachonnhadat_6513,"Cho thuê nhà góc 2MT hẻm 46 Liên Khu 16 -18, P. Bình Trị Đông, 6 x 20m, 6 tấm, giá 55 triệu/tháng",55000000,55 Triệu/tháng,120,NA,"Bình Tân, Hồ Chí Minh",Unknown,NA,Bình Tân,NA,Nhà phố,NA,NA,https://luachonnhadat.vn/vnt_upload/product/04_2026/187ba46afb642f7a5c1ea90e400ccd8d.jpg,https://luachonnhadat.vn/nha-dat/cho-thue-nha-goc-2mt-hem-46-lien-khu-16-18-p-binh-tri-dong-6-x-20m-6-tam-gia-55-trieu-thang.html,https://luachonnhadat.vn/nha-dat/cho-thue-nha-goc-2mt-hem-46-lien-khu-16-18-p-binh-tri-dong-6-x-20m-6-tam-gia-55-trieu-thang.html,2026-04-06,2026-06-03T08:41:13Z,1,55,458333.3333333333,0,1
luachonnhadat,rent,luachonnhadat_49853,luachonnhadat_49853,"Cho thuê nhà khu Tên Lửa, MT đường Tên Lửa, 4.5 x 20m, 3.5 tấm, giá 40 triệu/tháng.",40000000,40 Triệu/tháng,90,NA,"Bình Tân, Hồ Chí Minh",Unknown,NA,Bình Tân,NA,Nhà phố,NA,NA,https://luachonnhadat.vn/vnt_upload/product/04_2026/3fa823f579251b36b2a608812b30bcdd.jpg,https://luachonnhadat.vn/nha-dat/cho-thue-nha-khu-ten-lua-mt-duong-ten-lua-4-5-x-20m-3-5-tam-gia-40-trieu-thang-.html,https://luachonnhadat.vn/nha-dat/cho-thue-nha-khu-ten-lua-mt-duong-ten-lua-4-5-x-20m-3-5-tam-gia-40-trieu-thang-.html,2026-04-04,2026-06-03T08:41:13Z,1,40,444444.4444444445,0,1
luachonnhadat,rent,luachonnhadat_41007,luachonnhadat_41007,"Cho thuê nhà khu Tên Lửa, MT đường Số 3, DT 4 x 20m, 3.5 tấm, giá 18 triệu/tháng.",18000000,18 Triệu/tháng,80,NA,"Bình Tân, Hồ Chí Minh",Unknown,NA,Bình Tân,NA,Nhà phố,NA,NA,https://luachonnhadat.vn/vnt_upload/product/04_2026/246f91746114a99d1d6a60acc124e2e4.jpg,https://luachonnhadat.vn/nha-dat/cho-thue-nha-khu-ten-lua-mt-duong-so-3-dt-4-x-20m-3-5-tam-gia-18-trieu-thang-.html,https://luachonnhadat.vn/nha-dat/cho-thue-nha-khu-ten-lua-mt-duong-so-3-dt-4-x-20m-3-5-tam-gia-18-trieu-thang-.html,2026-04-04,2026-06-03T08:41:13Z,1,18,225000,0,1
luachonnhadat,rent,luachonnhadat_45996,luachonnhadat_45996,"Cho thuê nhà MT đường Hậu Giang, P.19, Q.6, DT 5.4 x 33m, 3.5 tấm, giá 125 triệu/tháng.",125000000,125 Triệu/tháng,178,NA,"Quận 6, Hồ Chí Minh",Unknown,NA,Quận 6,NA,Nhà phố,NA,NA,https://luachonnhadat.vn/vnt_upload/product/05_2023/182.jpg,https://luachonnhadat.vn/nha-dat/cho-thue-nha-mt-duong-hau-giang-p-19-q-6-dt-5-4-x-33m-3-5-tam-gia-125-trieu-thang-.html,https://luachonnhadat.vn/nha-dat/cho-thue-nha-mt-duong-hau-giang-p-19-q-6-dt-5-4-x-33m-3-5-tam-gia-125-trieu-thang-.html,2026-04-03,2026-06-03T08:41:13Z,1,125,702247.1910112359,0,1
luachonnhadat,rent,luachonnhadat_49846,luachonnhadat_49846,"Cho thuê nhà MT đường Tân Kỳ Tân Quý, P. Bình Hưng Hòa A, DT 10 x 32m, cấp 4, giá 45 triệu/tháng",45000000,45 Triệu/tháng,320,NA,"Bình Tân, Hồ Chí Minh",Unknown,NA,Bình Tân,NA,Nhà phố,NA,NA,https://luachonnhadat.vn/vnt_upload/product/04_2026/ad5baa6f84641c3d23522664ad96c92f.jpg,https://luachonnhadat.vn/nha-dat/cho-thue-nha-mt-duong-tan-ky-tan-quy-p-binh-hung-hoa-a-dt-10-x-32m-cap-4-gia-45-trieu-thang.html,https://luachonnhadat.vn/nha-dat/cho-thue-nha-mt-duong-tan-ky-tan-quy-p-binh-hung-hoa-a-dt-10-x-32m-cap-4-gia-45-trieu-thang.html,2026-04-02,2026-06-03T08:41:13Z,1,45,140625,0,1
luachonnhadat,rent,luachonnhadat_44517,luachonnhadat_44517,"Cho thuê nhà góc 2MT đường Số 55, P. Tân Tạo, DT 5 x 16m, 2.5 tấm, 25 triệu/tháng.",25000000,25 Triệu/tháng,80,NA,"Bình Tân, Hồ Chí Minh",Unknown,NA,Bình Tân,NA,Nhà phố,NA,NA,https://luachonnhadat.vn/vnt_upload/product/08_2022/297133036_3069324846713751_6335936023809866723_n.jpg,https://luachonnhadat.vn/nha-dat/cho-thue-nha-goc-2mt-duong-so-55-p-tan-tao-dt-5-x-16m-2-5-tam-25-trieu-thang-.html,https://luachonnhadat.vn/nha-dat/cho-thue-nha-goc-2mt-duong-so-55-p-tan-tao-dt-5-x-16m-2-5-tam-25-trieu-thang-.html,2026-04-01,2026-06-03T08:41:13Z,1,25,312500,0,1
luachonnhadat,rent,luachonnhadat_49829,luachonnhadat_49829,"Cho thuê nhà khu Tên Lửa, góc 2MT đường số 12, DT 4 x 13m, 3.5 tấm, giá 22 triệu/tháng",22000000,22 Triệu/tháng,52,NA,"Bình Tân, Hồ Chí Minh",Unknown,NA,Bình Tân,NA,Nhà phố,NA,NA,https://luachonnhadat.vn/vnt_upload/product/04_2026/ac57310a48ba62054821f4bf428bf665.jpg,https://luachonnhadat.vn/nha-dat/cho-thue-nha-khu-ten-lua-goc-2mt-duong-so-12-dt-4-x-13m-3-5-tam-gia-22-trieu-thang.html,https://luachonnhadat.vn/nha-dat/cho-thue-nha-khu-ten-lua-goc-2mt-duong-so-12-dt-4-x-13m-3-5-tam-gia-22-trieu-thang.html,2026-04-01,2026-06-03T08:41:13Z,1,22,423076.92307692306,0,1
luachonnhadat,rent,luachonnhadat_48399,luachonnhadat_48399,"Cho thuê nhà hẻm 270 Lê Đình Cẩn, P. Tân Tạo, 4.2 x 18m, 1 lầu, giá 12 triệu/tháng",12000000,12 Triệu/tháng,75,NA,"Bình Tân, Hồ Chí Minh",Unknown,NA,Bình Tân,NA,Nhà phố,NA,NA,https://luachonnhadat.vn/vnt_upload/product/06_2025/ef531c4c407db9345f3a6007c3d6baf4.jpg,https://luachonnhadat.vn/nha-dat/cho-thue-nha-hem-270-le-dinh-can-p-tan-tao-4-2-x-18m-1-lau-gia-12-trieu-thang.html,https://luachonnhadat.vn/nha-dat/cho-thue-nha-hem-270-le-dinh-can-p-tan-tao-4-2-x-18m-1-lau-gia-12-trieu-thang.html,2026-03-30,2026-06-03T08:41:13Z,1,12,160000,0,1
luachonnhadat,rent,luachonnhadat_49812,luachonnhadat_49812,"Cho thuê nhà góc 2MT đường Số 55, P. Tân Tạo, DT 10 x 16m, 3.5 tấm, giá 80 triệu/tháng",80000000,80 Triệu/tháng,160,NA,"Bình Tân, Hồ Chí Minh",Unknown,NA,Bình Tân,NA,Nhà phố,NA,NA,https://luachonnhadat.vn/vnt_upload/product/03_2026/17b4fb33f170b416de2288f0eb10954c.jpg,https://luachonnhadat.vn/nha-dat/cho-thue-nha-goc-2mt-duong-so-55-p-tan-tao-dt-10-x-16m-3-5-tam-gia-80-trieu-thang.html,https://luachonnhadat.vn/nha-dat/cho-thue-nha-goc-2mt-duong-so-55-p-tan-tao-dt-10-x-16m-3-5-tam-gia-80-trieu-thang.html,2026-03-30,2026-06-03T08:41:13Z,1,80,500000,0,1
luachonnhadat,rent,luachonnhadat_43179,luachonnhadat_43179,"Cho thuê nhà khu Tên Lửa đối diện Aeon, MT đường Số 17A, DT 5 x 20m, 3.5 tấm, giá 50 triệu/tháng.",50000000,50 Triệu/tháng,100,NA,"Bình Tân, Hồ Chí Minh",Unknown,NA,Bình Tân,NA,Nhà phố,NA,NA,https://luachonnhadat.vn/vnt_upload/product/11_2021/522.jpg,https://luachonnhadat.vn/nha-dat/cho-thue-nha-khu-ten-lua-doi-dien-aeon-mt-duong-so-17a-dt-5-x-20m-3-5-tam-gia-50-trieu-thang-.html,https://luachonnhadat.vn/nha-dat/cho-thue-nha-khu-ten-lua-doi-dien-aeon-mt-duong-so-17a-dt-5-x-20m-3-5-tam-gia-50-trieu-thang-.html,2026-03-30,2026-06-03T08:41:13Z,1,50,500000,0,1
luachonnhadat,rent,luachonnhadat_49818,luachonnhadat_49818,"Cho thuê nhà khu Bình Phú, MT đường Số 23, DT 4 x 18m, 3.5 tấm, giá 30 triệu/tháng",30000000,30 Triệu/tháng,72,NA,"Quận 6, Hồ Chí Minh",Unknown,NA,Quận 6,NA,Nhà phố,NA,NA,https://luachonnhadat.vn/vnt_upload/product/03_2026/6c31603fde912eeea63a9af9decc13c1.jpg,https://luachonnhadat.vn/nha-dat/cho-thue-nha-khu-binh-phu-mt-duong-so-23-dt-4-x-18m-3-5-tam-gia-30-trieu-thang.html,https://luachonnhadat.vn/nha-dat/cho-thue-nha-khu-binh-phu-mt-duong-so-23-dt-4-x-18m-3-5-tam-gia-30-trieu-thang.html,2026-03-30,2026-06-03T08:41:13Z,1,30,416666.6666666667,0,1
luachonnhadat,rent,luachonnhadat_49698,luachonnhadat_49698,"Cho thuê nhà khu Bình Phú, MT đường Số 18, DT 4 x 20m, 3.5 tấm, giá 15 triệu/tháng.",15000000,15 Triệu/tháng,80,NA,"Quận 6, Hồ Chí Minh",Unknown,NA,Quận 6,NA,Nhà phố,NA,NA,https://luachonnhadat.vn/vnt_upload/product/03_2026/6ccfb3154c0bbbe5a6855becfc24c14b.jpg,https://luachonnhadat.vn/nha-dat/cho-thue-nha-khu-binh-phu-mt-duong-so-18-dt-4-x-20m-3-5-tam-gia-15-trieu-thang-.html,https://luachonnhadat.vn/nha-dat/cho-thue-nha-khu-binh-phu-mt-duong-so-18-dt-4-x-20m-3-5-tam-gia-15-trieu-thang-.html,2026-03-27,2026-06-03T08:41:13Z,1,15,187500,0,1
luachonnhadat,rent,luachonnhadat_49798,luachonnhadat_49798,"Cho thuê nhà MT đường Mã Lò, P. Bình Trị Đông A, 5 x 30m, cấp 4, giá 16.9 triệu/tháng",16900000,16.9 Triệu/tháng,150,NA,"Bình Tân, Hồ Chí Minh",Unknown,NA,Bình Tân,NA,Nhà phố,NA,NA,https://luachonnhadat.vn/vnt_upload/product/03_2026/2e194b0cbc7574438067518e18962497.jpg,https://luachonnhadat.vn/nha-dat/cho-thue-nha-mt-duong-ma-lo-p-binh-tri-dong-a-5-x-30m-cap-4-gia-16-9-trieu-thang.html,https://luachonnhadat.vn/nha-dat/cho-thue-nha-mt-duong-ma-lo-p-binh-tri-dong-a-5-x-30m-cap-4-gia-16-9-trieu-thang.html,2026-03-27,2026-06-03T08:41:13Z,1,16.9,112666.66666666669,0,1
luachonnhadat,rent,luachonnhadat_49796,luachonnhadat_49796,"Cho thuê nhà xưởng MT đường Số 8, P. Tân Tạo A, 20 x 20m, cấp 4, giá 60 triệu/tháng.",60000000,60 Triệu/tháng,400,NA,"Bình Tân, Hồ Chí Minh",Unknown,NA,Bình Tân,NA,Nhà xưởng,NA,NA,https://luachonnhadat.vn/vnt_upload/product/03_2026/a036ff1a6241b298a1f5b475af554c7d.jpg,https://luachonnhadat.vn/nha-dat/cho-thue-nha-xuong-mt-duong-so-8-p-tan-tao-a-20-x-20m-cap-4-gia-60-trieu-thang-.html,https://luachonnhadat.vn/nha-dat/cho-thue-nha-xuong-mt-duong-so-8-p-tan-tao-a-20-x-20m-cap-4-gia-60-trieu-thang-.html,2026-03-27,2026-06-03T08:41:13Z,1,60,150000,0,1
luachonnhadat,sale,luachonnhadat_49584,luachonnhadat_49584,GÓC 2 MẶT ĐƯỜNG – HẺM XE HƠI 574 KINH DƯƠNG VƯƠNG – NGANG 7.5M CỰC ĐẸP – GIÁ CHỈ 5.9 TỶ.,5900000000,5.9 Tỷ/căn,75,NA,"Bình Tân, Hồ Chí Minh",Unknown,NA,Bình Tân,NA,Nhà phố,NA,NA,https://luachonnhadat.vn/vnt_upload/product/05_2026/2ccb22f51a4925e50f142089ab365e24.png,https://luachonnhadat.vn/nha-dat/goc-2-mat-duong-hem-xe-hoi-574-kinh-duong-vuong-ngang-7-5m-cuc-dep-gia-chi-5-9-ty-.html,https://luachonnhadat.vn/nha-dat/goc-2-mat-duong-hem-xe-hoi-574-kinh-duong-vuong-ngang-7-5m-cuc-dep-gia-chi-5-9-ty-.html,2026-05-31,2026-06-03T08:41:12Z,1,5900,78666666.66666667,0,0
luachonnhadat,sale,luachonnhadat_49874,luachonnhadat_49874,"✅ BÁN NHÀ MT ĐƯỜNG SỐ 29, DT 4 X 20M, 3.5 TẤM, 12 TỶ. KD ĐÔNG ĐÚC",12000000000,12 Tỷ/căn,80,NA,"Bình Tân, Hồ Chí Minh",Unknown,NA,Bình Tân,NA,Nhà phố,NA,NA,https://luachonnhadat.vn/vnt_upload/product/04_2026/c23379e93fd46497a3347686e0c8a690.png,https://luachonnhadat.vn/nha-dat/ban-nha-khu-ten-lua-mt-duong-ten-lua-nho-dt-4-x-20m-3-5-tam-gia-15-ty.html,https://luachonnhadat.vn/nha-dat/ban-nha-khu-ten-lua-mt-duong-ten-lua-nho-dt-4-x-20m-3-5-tam-gia-15-ty.html,2026-06-02,2026-06-03T08:41:12Z,1,12000,150000000,0,0
luachonnhadat,sale,luachonnhadat_49534,luachonnhadat_49534,NHÀ PHỐ ĐƯỜNG SỐ 3 - NGAY SÁT AEON MALL BÌNH TÂN - GIÁ ĐẦU TƯ 13.8 TỶ,13800000000,13.8 Tỷ/căn,100,NA,"Bình Tân, Hồ Chí Minh",Unknown,NA,Bình Tân,NA,Nhà phố,NA,NA,https://luachonnhadat.vn/vnt_upload/product/04_2026/ca562777031f53132651808d88ca9cfc.png,https://luachonnhadat.vn/nha-dat/nha-pho-duong-so-3-ngay-sat-aeon-mall-binh-tan-gia-dau-tu-13-8-ty.html,https://luachonnhadat.vn/nha-dat/nha-pho-duong-so-3-ngay-sat-aeon-mall-binh-tan-gia-dau-tu-13-8-ty.html,2026-06-01,2026-06-03T08:41:12Z,1,13800,138000000,0,0
luachonnhadat,sale,luachonnhadat_48907,luachonnhadat_48907,✴️ BÁN NHÀ GÓC 2 MẶT TIỀN CƯ XÁ PHÚ LÂM A - QUẬN 6 - GIÁ CHỈ 10.5 TỶ | CẠNH TRƯỜNG LAM SƠN,10500000000,10.5 Tỷ/căn,75,NA,"Quận 6, Hồ Chí Minh",Unknown,NA,Quận 6,NA,Nhà phố,NA,NA,https://luachonnhadat.vn/vnt_upload/product/04_2026/f9692dfba64e261dfbc7281b2df9c899.png,https://luachonnhadat.vn/nha-dat/-ban-nha-goc-2-mat-tien-cu-xa-phu-lam-a-quan-6-gia-chi-10-5-ty-canh-truong-lam-son.html,https://luachonnhadat.vn/nha-dat/-ban-nha-goc-2-mat-tien-cu-xa-phu-lam-a-quan-6-gia-chi-10-5-ty-canh-truong-lam-son.html,2026-05-27,2026-06-03T08:41:12Z,1,10500,140000000,0,0
luachonnhadat,sale,luachonnhadat_43663,luachonnhadat_43663,"❖ MẶT TIỀN LÔ H CƯ XÁ PHÚ LÂM B QUẬN 6 | DT 4 x 18M, CẤP 4, TIỆN XÂY MỚI | GIÁ CHỈ 8 TỶ",8000000000,8 Tỷ/căn,72,NA,"Quận 6, Hồ Chí Minh",Unknown,NA,Quận 6,NA,Nhà phố,NA,NA,https://luachonnhadat.vn/vnt_upload/product/05_2026/be4fc5f154235b406fed86eabc03083f.jpeg,https://luachonnhadat.vn/nha-dat/-mat-tien-lo-h-cu-xa-phu-lam-b-quan-6-dt-4-x-19m-cap-4-tien-xay-moi-gia-chi-8-ty.html,https://luachonnhadat.vn/nha-dat/-mat-tien-lo-h-cu-xa-phu-lam-b-quan-6-dt-4-x-19m-cap-4-tien-xay-moi-gia-chi-8-ty.html,2026-05-26,2026-06-03T08:41:12Z,1,8000,111111111.1111111,0,0
luachonnhadat,sale,luachonnhadat_43283,luachonnhadat_43283,"✅ BÁN NHÀ KHU AO SEN TÊN LỬA, MT ĐƯỜNG SỐ 13, DT 10 X 20M, 4.5 TẤM, 33.5 TỶ | NHÀ CÓ HẦM + THANG MÁY",33500000000,33.5 Tỷ/căn,200,NA,"Bình Tân, Hồ Chí Minh",Unknown,NA,Bình Tân,NA,Nhà phố,NA,NA,https://luachonnhadat.vn/vnt_upload/product/04_2026/694bf67f97cb4c5c457e1134c203f2b2.png,https://luachonnhadat.vn/nha-dat/-ban-nha-khu-ao-sen-ten-lua-mt-duong-so-13-dt-10-x-20m-4-5-tam-33-5-ty-co-thang-may-.html,https://luachonnhadat.vn/nha-dat/-ban-nha-khu-ao-sen-ten-lua-mt-duong-so-13-dt-10-x-20m-4-5-tam-33-5-ty-co-thang-may-.html,2026-05-25,2026-06-03T08:41:12Z,1,33500,167500000,0,0
luachonnhadat,sale,luachonnhadat_49472,luachonnhadat_49472,"✅ ĐẤT RẼ NHẤT KHU TÊN LỬA, CHƯA ĐẾN 100 TRIỆU/M2 | MT ĐƯỜNG SỐ 1B, 5 X 24M, 12.2 TỶ | CẠNH CÔNG VIÊN",12200000000,12.2 Tỷ/nền,120,NA,"Bình Tân, Hồ Chí Minh",Unknown,NA,Bình Tân,NA,Đất,NA,NA,https://luachonnhadat.vn/vnt_upload/product/03_2026/8f82afa6e62e869a787d63c4576eee94.png,https://luachonnhadat.vn/nha-dat/-dat-re-nhat-khu-ten-lua-chua-den-100-trieu-m2-mt-duong-so-1b-5-x-24m-12-2-ty-canh-cong-vien.html,https://luachonnhadat.vn/nha-dat/-dat-re-nhat-khu-ten-lua-chua-den-100-trieu-m2-mt-duong-so-1b-5-x-24m-12-2-ty-canh-cong-vien.html,2026-05-25,2026-06-03T08:41:12Z,1,12200,101666666.66666669,0,0
luachonnhadat,sale,luachonnhadat_2330,luachonnhadat_2330,"✅ BÁN NHÀ CHÍNH CHỦ | MT KINH DOANH KHU TÊN LỬA, ĐƯỜNG SỐ 24A, 4.5 X 20M, 3.5 TẤM, 13.3 TỶ.",13300000000,13.3 Tỷ/căn,90,NA,"Bình Tân, Hồ Chí Minh",Unknown,NA,Bình Tân,NA,Nhà phố,NA,NA,https://luachonnhadat.vn/vnt_upload/product/04_2026/2c799e09096da2371284e14ddba6f89b.png,https://luachonnhadat.vn/nha-dat/-ban-nha-chinh-chu-mt-kinh-doanh-khu-ten-lua-duong-so-24a-4-5-x-20m-3-5-tam-13-3-ty-.html,https://luachonnhadat.vn/nha-dat/-ban-nha-chinh-chu-mt-kinh-doanh-khu-ten-lua-duong-so-24a-4-5-x-20m-3-5-tam-13-3-ty-.html,2026-05-24,2026-06-03T08:41:12Z,1,13300,147777777.7777778,0,0
luachonnhadat,sale,luachonnhadat_39453,luachonnhadat_39453,"✅ KHU BIỆT THỰ VIP RIÊNG BIỆT TÊN LỬA, MT ĐƯỜNG SỐ 19A, 10 X 19M, 3 TẤM, 21.5 TỶ",21500000000,21.5 Tỷ/căn,190,NA,"Bình Tân, Hồ Chí Minh",Unknown,NA,Bình Tân,NA,Biệt thự,NA,NA,https://luachonnhadat.vn/vnt_upload/product/05_2026/56da7bcfd2f94d5e479ee614f06b000f.jpg,https://luachonnhadat.vn/nha-dat/ban-biet-thu-khu-ten-lua-mt-duong-so-19a-dt-10-x-19m-3-tam-gia-21-5-ty-.html,https://luachonnhadat.vn/nha-dat/ban-biet-thu-khu-ten-lua-mt-duong-so-19a-dt-10-x-19m-3-tam-gia-21-5-ty-.html,2026-05-24,2026-06-03T08:41:12Z,1,21500,113157894.73684213,0,0
luachonnhadat,sale,luachonnhadat_42430,luachonnhadat_42430,"✅ BÁN ĐẤT GẦN AEON MALL | KHU AO SEN TÊN LỬA, MT ĐƯỜNG SỐ 13, DT 5 X 20M, 14.2 TỶ.",14200000000,14.2 Tỷ/nền,100,NA,"Bình Tân, Hồ Chí Minh",Unknown,NA,Bình Tân,NA,Đất,NA,NA,https://luachonnhadat.vn/vnt_upload/product/03_2026/32e31d8425b05f4baad4ef4e8ddfbb75.png,https://luachonnhadat.vn/nha-dat/-ban-dat-gan-aeon-mall-khu-ao-sen-ten-lua-mt-duong-so-13-dt-5-x-20m-14-2-ty-.html,https://luachonnhadat.vn/nha-dat/-ban-dat-gan-aeon-mall-khu-ao-sen-ten-lua-mt-duong-so-13-dt-5-x-20m-14-2-ty-.html,2026-05-24,2026-06-03T08:41:12Z,1,14200,142000000,0,0
luachonnhadat,sale,luachonnhadat_45204,luachonnhadat_45204,"✅ BÁN NHÀ KHU TÊN LỬA, MT ĐƯỜNG SỐ 25A | 4 X 20M, 3.5 TẤM, 10.8 TỶ | NHÀ MỚI GẦN AEON MALL",10800000000,10.8 Tỷ/căn,84,NA,"Bình Tân, Hồ Chí Minh",Unknown,NA,Bình Tân,NA,Nhà phố,NA,NA,https://luachonnhadat.vn/vnt_upload/product/04_2026/32ce7743bf5be94265e42779efe535b1.jpeg,https://luachonnhadat.vn/nha-dat/-ban-nha-khu-ten-lua-mt-duong-so-25a-4-x-20m-3-5-tam-10-8-ty-nha-moi-gan-aeon-mall.html,https://luachonnhadat.vn/nha-dat/-ban-nha-khu-ten-lua-mt-duong-so-25a-4-x-20m-3-5-tam-10-8-ty-nha-moi-gan-aeon-mall.html,2026-05-21,2026-06-03T08:41:12Z,1,10800,128571428.57142857,0,0
luachonnhadat,sale,luachonnhadat_49994,luachonnhadat_49994,"✅ VỊ TRÍ KINH DOANH - MẶT TIỀN TRƯƠNG PHƯỚC PHAN - ĐỐI DIỆN CHỢ, 4 X 28M, CẤP 4, GIÁ 9.8 TỶ",9800000000,9.8 Tỷ/căn,112,NA,"Bình Tân, Hồ Chí Minh",Unknown,NA,Bình Tân,NA,Nhà phố,NA,NA,https://luachonnhadat.vn/vnt_upload/product/04_2026/a0a11b3c5ec6585160e31f0e3ee2df46.jpg,https://luachonnhadat.vn/nha-dat/-vi-tri-kinh-doanh-mat-tien-truong-phuoc-phan-doi-dien-cho-4-x-28m-cap-4-gia-9-8-ty.html,https://luachonnhadat.vn/nha-dat/-vi-tri-kinh-doanh-mat-tien-truong-phuoc-phan-doi-dien-cho-4-x-28m-cap-4-gia-9-8-ty.html,2026-05-21,2026-06-03T08:41:12Z,1,9800,87500000,0,0
luachonnhadat,sale,luachonnhadat_48423,luachonnhadat_48423,"✅ BÁN NHÀ CHÍNH CHỦ, MỚI GÓC 2 MẶT HẺM 59/49 MÃ LÒ, BÌNH TRỊ ĐÔNG A – GIÁ 3.7 TỶ",3700000000,3.7 Tỷ/căn,33,NA,"Bình Tân, Hồ Chí Minh",Unknown,NA,Bình Tân,NA,Nhà phố,NA,NA,https://luachonnhadat.vn/vnt_upload/product/03_2026/4e0ce70e4c36a75019e36405e4344c68.jpg,https://luachonnhadat.vn/nha-dat/-ban-nha-chinh-chu-moi-goc-2-mat-hem-59-49-ma-lo-binh-tri-dong-a-gia-3-7-ty.html,https://luachonnhadat.vn/nha-dat/-ban-nha-chinh-chu-moi-goc-2-mat-hem-59-49-ma-lo-binh-tri-dong-a-gia-3-7-ty.html,2026-05-20,2026-06-03T08:41:12Z,1,3700,112121212.12121212,0,0
luachonnhadat,sale,luachonnhadat_49831,luachonnhadat_49831,"✔ BÁN NHÀ KHU BÌNH PHÚ, GÓC 2 MẶT TIỀN ĐƯỜNG, 6.8 TỶ | GẦN SIÊU THỊ MEGA",6800000000,6.8 Tỷ/căn,38,NA,"Quận 6, Hồ Chí Minh",Unknown,NA,Quận 6,NA,Nhà phố,NA,NA,https://luachonnhadat.vn/vnt_upload/product/04_2026/a85f56167c8ec0cc03e7fc7b1818ab89.png,https://luachonnhadat.vn/nha-dat/-ban-nha-khu-binh-phu-goc-2-mat-tien-duong-6-8-ty-gan-sieu-thi-mega.html,https://luachonnhadat.vn/nha-dat/-ban-nha-khu-binh-phu-goc-2-mat-tien-duong-6-8-ty-gan-sieu-thi-mega.html,2026-05-20,2026-06-03T08:41:12Z,1,6800,178947368.42105263,0,0
luachonnhadat,sale,luachonnhadat_49528,luachonnhadat_49528,"✅ BÁN ĐẤT CHÍNH CHỦ KHU TÊN LỬA | MT ĐƯỜNG SỐ 4C, DT 4 X 21M, 9.2 TỶ | NGAY CÔNG VIÊN.",9200000000,9.2 Tỷ/nền,84,NA,"Bình Tân, Hồ Chí Minh",Unknown,NA,Bình Tân,NA,Đất,NA,NA,https://luachonnhadat.vn/vnt_upload/product/02_2026/30222411e993856b9ae4da14fea7eae8.jpg,https://luachonnhadat.vn/nha-dat/-ban-dat-chinh-chu-khu-ten-lua-mt-duong-so-4c-dt-4-x-21m-9-2-ty-ngay-cong-vien-.html,https://luachonnhadat.vn/nha-dat/-ban-dat-chinh-chu-khu-ten-lua-mt-duong-so-4c-dt-4-x-21m-9-2-ty-ngay-cong-vien-.html,2026-05-19,2026-06-03T08:41:12Z,1,9200,109523809.52380952,0,0
luachonnhadat,sale,luachonnhadat_48652,luachonnhadat_48652,✅ VỊ TRÍ KINH DOANH - MẶT TIỀN ĐƯỜNG SỐ 6E TÊN LỬA - SÁT CHỢ CHỈ 20M - 8.3 TỶ,8300000000.000001,8.3 Tỷ/căn,72,NA,"Bình Tân, Hồ Chí Minh",Unknown,NA,Bình Tân,NA,Nhà phố,NA,NA,https://luachonnhadat.vn/vnt_upload/product/05_2026/966f61d7ffcb88d0072f8523ac13ae7c.jpeg,https://luachonnhadat.vn/nha-dat/-vi-tri-kinh-doanh-mat-tien-duong-so-6e-ten-lua-sat-cho-chi-20m-8-3-ty.html,https://luachonnhadat.vn/nha-dat/-vi-tri-kinh-doanh-mat-tien-duong-so-6e-ten-lua-sat-cho-chi-20m-8-3-ty.html,2026-05-19,2026-06-03T08:41:12Z,1,8300.000000000002,115277777.7777778,0,0
luachonnhadat,sale,luachonnhadat_43940,luachonnhadat_43940,"✅ BÁN NHÀ CHÍNH CHỦ Q. BÌNH TÂN | MT ĐƯỜNG SỐ 4, P. TÂN TẠO A, 5 X 20M, 2 TẤM, 5.5 TỶ.",5500000000,5.5 Tỷ/căn,100,NA,"Bình Tân, Hồ Chí Minh",Unknown,NA,Bình Tân,NA,Nhà phố,NA,NA,https://luachonnhadat.vn/vnt_upload/product/05_2026/3665056f4a6da9f691fc96a406cd0329.jpeg,https://luachonnhadat.vn/nha-dat/-ban-nha-chinh-chu-q-binh-tan-mt-duong-so-4-p-tan-tao-a-5-x-20m-2-tam-5-5-ty-.html,https://luachonnhadat.vn/nha-dat/-ban-nha-chinh-chu-q-binh-tan-mt-duong-so-4-p-tan-tao-a-5-x-20m-2-tam-5-5-ty-.html,2026-05-17,2026-06-03T08:41:12Z,1,5500,55000000,0,0
luachonnhadat,sale,luachonnhadat_48683,luachonnhadat_48683,"BÁN NHÀ MT KINH DOANH NGAY CHỢ | MT NGUYỄN THỨC TỰ, 3.9 X 23M (NH 4M), 3 TẤM, 11.5 TỶ.",11500000000,11.5 Tỷ/căn,89,NA,"Bình Tân, Hồ Chí Minh",Unknown,NA,Bình Tân,NA,Nhà phố,NA,NA,https://luachonnhadat.vn/vnt_upload/product/04_2026/817c4a348bb157a71283b1675812ca0a.png,https://luachonnhadat.vn/nha-dat/ban-nha-mt-kinh-doanh-ngay-cho-mt-nguyen-thuc-tu-3-9-x-23m-nh-4m-3-tam-11-5-ty-.html,https://luachonnhadat.vn/nha-dat/ban-nha-mt-kinh-doanh-ngay-cho-mt-nguyen-thuc-tu-3-9-x-23m-nh-4m-3-tam-11-5-ty-.html,2026-05-06,2026-06-03T08:41:12Z,1,11500,129213483.1460674,0,0
luachonnhadat,sale,luachonnhadat_41363,luachonnhadat_41363,"BÁN NHÀ MẶT TIỀN ĐƯỜNG SỐ 53C, P. TÂN TẠO – LIỀN KỀ KHU TÊN LỬA",7500000000,7.5 Tỷ/căn,80,NA,"Bình Tân, Hồ Chí Minh",Unknown,NA,Bình Tân,NA,Nhà phố,NA,NA,https://luachonnhadat.vn/vnt_upload/product/03_2026/ab688093d06316290965dab2e0d25a07.jpg,https://luachonnhadat.vn/nha-dat/ban-nha-mat-tien-duong-so-53c-p-tan-tao-lien-ke-khu-ten-lua.html,https://luachonnhadat.vn/nha-dat/ban-nha-mat-tien-duong-so-53c-p-tan-tao-lien-ke-khu-ten-lua.html,2026-03-22,2026-06-03T08:41:12Z,1,7500,93750000,0,0
luachonnhadat,sale,luachonnhadat_40294,luachonnhadat_40294,"Bán nhà hẻm 541 Tỉnh Lộ 10, P. Bình Trị Đông B, 4 x 16m, 3.5 tấm, giá 6 tỷ",6000000000,6 Tỷ/căn,64,NA,"Bình Tân, Hồ Chí Minh",Unknown,NA,Bình Tân,NA,Nhà phố,NA,NA,https://luachonnhadat.vn/vnt_upload/product/04_2026/72083a0797eb534972734ed63e364478.png,https://luachonnhadat.vn/nha-dat/ban-nha-hem-541-tinh-lo-10-p-binh-tri-dong-b-4-x-16m-3-5-tam-gia-6-ty.html,https://luachonnhadat.vn/nha-dat/ban-nha-hem-541-tinh-lo-10-p-binh-tri-dong-b-4-x-16m-3-5-tam-gia-6-ty.html,2026-06-02,2026-06-03T08:41:12Z,1,6000,93750000,0,0
luachonnhadat,sale,luachonnhadat_47807,luachonnhadat_47807,"NHÀ GÓC 2 MT KHU TÊN LỬA, MT ĐƯỜNG SỐ 38, DT 5 X 15M, 1 LỮNG, 9.9 TỶ.",9900000000,9.9 Tỷ/căn,75,NA,"Bình Tân, Hồ Chí Minh",Unknown,NA,Bình Tân,NA,Nhà phố,NA,NA,https://luachonnhadat.vn/vnt_upload/product/04_2026/4834688c6a5d874139d7112f640acd79.jpeg,https://luachonnhadat.vn/nha-dat/nha-goc-2-mt-khu-ten-lua-mt-duong-so-38-dt-5-x-15m-1-lung-9-9-ty-.html,https://luachonnhadat.vn/nha-dat/nha-goc-2-mt-khu-ten-lua-mt-duong-so-38-dt-5-x-15m-1-lung-9-9-ty-.html,2026-06-02,2026-06-03T08:41:12Z,1,9900,132000000,0,0
luachonnhadat,sale,luachonnhadat_39999,luachonnhadat_39999,"BÁN NHÀ GÓC VIP 2 MẶT TIỀN ĐƯỜNG CHỢ LỚN, QUẬN 6, DT 7 X 18M, 3.5 TẤM, 19.3 TỶ.",19500000000,19.5 Tỷ/căn,126,NA,"Quận 6, Hồ Chí Minh",Unknown,NA,Quận 6,NA,Nhà phố,NA,NA,https://luachonnhadat.vn/vnt_upload/product/06_2026/2f5a50341a19e3b14a6f4be56915133e.jpg,https://luachonnhadat.vn/nha-dat/ban-nha-khu-binh-phu-goc-2mt-duong-cho-lon-dt-7-x-18m-3-5-tam-gia-21-ty.html,https://luachonnhadat.vn/nha-dat/ban-nha-khu-binh-phu-goc-2mt-duong-cho-lon-dt-7-x-18m-3-5-tam-gia-21-ty.html,2026-06-02,2026-06-03T08:41:12Z,1,19500,154761904.76190478,0,0
luachonnhadat,sale,luachonnhadat_41635,luachonnhadat_41635,"Bán nhà khu Tên Lửa, MT đường Số 19, DT 9 x 20m, 5 tấm, giá 37 tỷ.",37000000000,37 Tỷ/căn,180,NA,"Bình Tân, Hồ Chí Minh",Unknown,NA,Bình Tân,NA,Nhà phố,NA,NA,https://luachonnhadat.vn/vnt_upload/product/09_2025/2262ac4e51fd4ac001c7390b123048c7.jpeg,https://luachonnhadat.vn/nha-dat/ban-nha-khu-ten-lua-mt-duong-so-19-dt-9-x-20m-5-tam-gia-37-ty-.html,https://luachonnhadat.vn/nha-dat/ban-nha-khu-ten-lua-mt-duong-so-19-dt-9-x-20m-5-tam-gia-37-ty-.html,2026-06-02,2026-06-03T08:41:12Z,1,37000,205555555.55555555,0,0
luachonnhadat,sale,luachonnhadat_47000,luachonnhadat_47000,"Bán đất hẻm 80 đường Số 6, P. An Lạc A, 4 x 22m, giá 6.5 tỷ",6500000000,6.5 Tỷ/nền,88,NA,"Bình Tân, Hồ Chí Minh",Unknown,NA,Bình Tân,NA,Đất,NA,NA,https://luachonnhadat.vn/vnt_upload/product/09_2025/ad15420192e509d7ab28bbba6190744b.jpeg,https://luachonnhadat.vn/nha-dat/ban-dat-hem-80-duong-so-6-p-an-lac-a-4-x-22m-gia-6-1-ty.html,https://luachonnhadat.vn/nha-dat/ban-dat-hem-80-duong-so-6-p-an-lac-a-4-x-22m-gia-6-1-ty.html,2026-06-02,2026-06-03T08:41:12Z,1,6500,73863636.36363636,0,0
luachonnhadat,sale,luachonnhadat_41334,luachonnhadat_41334,"Bán nhà khu Bình Phú 2, MT đường Số 43, DT 3 x 10m, 3.5 tấm, giá 6.3 tỷ.",6300000000,6.3 Tỷ/căn,30,NA,"Quận 6, Hồ Chí Minh",Unknown,NA,Quận 6,NA,Nhà phố,NA,NA,https://luachonnhadat.vn/vnt_upload/product/temp/4af2199657dc813607c862f14116160b.jpg,https://luachonnhadat.vn/nha-dat/ban-nha-mt-duong-so-43-p-10-q-6-nha-3-5-tam-3-x-10m-gia-4-8-ty-khu-binh-phu-2.html,https://luachonnhadat.vn/nha-dat/ban-nha-mt-duong-so-43-p-10-q-6-nha-3-5-tam-3-x-10m-gia-4-8-ty-khu-binh-phu-2.html,2026-06-02,2026-06-03T08:41:12Z,1,6300,210000000,0,0
luachonnhadat,sale,luachonnhadat_50205,luachonnhadat_50205,"Bán biệt thự MT đường An Dương Vương, P. An Lạc, DT 11 x 64m, NH 17.5m, 3 tấm, giá 115 tỷ",115000000000,115 Tỷ/căn,704,NA,"Bình Tân, Hồ Chí Minh",Unknown,NA,Bình Tân,NA,Biệt thự,NA,NA,https://luachonnhadat.vn/vnt_upload/product/06_2026/75d0753c4781631051f23097aa685e3c.jpg,https://luachonnhadat.vn/nha-dat/ban-biet-thu-mt-duong-an-duong-vuong-p-an-lac-dt-11-x-64m-nh-17-5m-3-tam-gia-115-ty.html,https://luachonnhadat.vn/nha-dat/ban-biet-thu-mt-duong-an-duong-vuong-p-an-lac-dt-11-x-64m-nh-17-5m-3-tam-gia-115-ty.html,2026-06-02,2026-06-03T08:41:12Z,1,115000,163352272.72727272,0,0
luachonnhadat,sale,luachonnhadat_50204,luachonnhadat_50204,"Bán nhà khu Tên Lửa gần Aeon Mall, MT đường Số 28, DT 5 x 20m, 3.5 tấm, giá 15.5 tỷ.",15500000000,15.5 Tỷ/căn,100,NA,"Bình Tân, Hồ Chí Minh",Unknown,NA,Bình Tân,NA,Nhà phố,NA,NA,https://luachonnhadat.vn/vnt_upload/product/06_2026/0516a07e19b2122b301ecee8f84b6426.jpg,https://luachonnhadat.vn/nha-dat/ban-nha-khu-ten-lua-gan-aeon-mall-mt-duong-so-28-dt-5-x-20m-3-5-tam-gia-15-5-ty-.html,https://luachonnhadat.vn/nha-dat/ban-nha-khu-ten-lua-gan-aeon-mall-mt-duong-so-28-dt-5-x-20m-3-5-tam-gia-15-5-ty-.html,2026-06-02,2026-06-03T08:41:12Z,1,15500,155000000,0,0
luachonnhadat,sale,luachonnhadat_48308,luachonnhadat_48308,"Bán nhà khu Bình Phú, MT đường Chợ Lớn, DT 4.27 x 17.23m, NH 12.25m, 5 tấm, giá 24 tỷ",24000000000,24 Tỷ/căn,73,NA,"Quận 6, Hồ Chí Minh",Unknown,NA,Quận 6,NA,Nhà phố,NA,NA,https://luachonnhadat.vn/vnt_upload/product/05_2025/ae271f96bf117a77efa1512731981965.jpg,https://luachonnhadat.vn/nha-dat/ban-nha-khu-binh-phu-mt-duong-cho-lon-dt-4-27-x-17-23m-nh-12-25m-5-tam-gia-27-ty.html,https://luachonnhadat.vn/nha-dat/ban-nha-khu-binh-phu-mt-duong-cho-lon-dt-4-27-x-17-23m-nh-12-25m-5-tam-gia-27-ty.html,2026-06-02,2026-06-03T08:41:12Z,1,24000,328767123.2876712,0,0
luachonnhadat,sale,luachonnhadat_49710,luachonnhadat_49710,"Bán nhà hẻm 256 Mã Lò, P. Bình Trị Đông A, 5 x 25m, 4 tấm, giá 10.8 tỷ",10800000000,10.8 Tỷ/căn,125,NA,"Bình Tân, Hồ Chí Minh",Unknown,NA,Bình Tân,NA,Nhà phố,NA,NA,https://luachonnhadat.vn/vnt_upload/product/03_2026/f17eefec1db0781a083e468ea883f883.jpg,https://luachonnhadat.vn/nha-dat/ban-nha-hem-256-ma-lo-p-binh-tri-dong-a-5-x-25m-4-tam-gia-11-15-ty.html,https://luachonnhadat.vn/nha-dat/ban-nha-hem-256-ma-lo-p-binh-tri-dong-a-5-x-25m-4-tam-gia-11-15-ty.html,2026-06-02,2026-06-03T08:41:12Z,1,10800,86400000,0,0
luachonnhadat,sale,luachonnhadat_50072,luachonnhadat_50072,"Bán nhà hẻm 267 Lê Đình Cẩn, P. Tân Tạo, DT 4 x 14m, 3.5 tấm, giá 6.3 tỷ",6300000000,6.3 Tỷ/căn,56,NA,"Bình Tân, Hồ Chí Minh",Unknown,NA,Bình Tân,NA,Nhà phố,NA,NA,https://luachonnhadat.vn/vnt_upload/product/05_2026/883ec65744f55a428028a7353a6fb9b6.jpg,https://luachonnhadat.vn/nha-dat/ban-nha-hem-267-le-dinh-can-p-tan-tao-dt-4-x-14m-3-5-tam-gia-5-4-ty.html,https://luachonnhadat.vn/nha-dat/ban-nha-hem-267-le-dinh-can-p-tan-tao-dt-4-x-14m-3-5-tam-gia-5-4-ty.html,2026-06-02,2026-06-03T08:41:12Z,1,6300,112500000,0,0
luachonnhadat,sale,luachonnhadat_47643,luachonnhadat_47643,"Bán nhà góc 2MT đường Nguyễn Cửu Phú, P. Tân Tạo A, 4 x 20m, 4 tấm, giá 11 tỷ",11000000000,11 Tỷ/căn,80,NA,"Bình Tân, Hồ Chí Minh",Unknown,NA,Bình Tân,NA,Nhà phố,NA,NA,https://luachonnhadat.vn/vnt_upload/product/11_2024/34e61eae31fdb517753807cb5e1d531b.jpg,https://luachonnhadat.vn/nha-dat/ban-nha-mt-duong-nguyen-cuu-phu-p-tan-tao-a-8-x-20m-4-tam-gia-21-ty.html,https://luachonnhadat.vn/nha-dat/ban-nha-mt-duong-nguyen-cuu-phu-p-tan-tao-a-8-x-20m-4-tam-gia-21-ty.html,2026-06-02,2026-06-03T08:41:12Z,1,11000,137500000,0,0
luachonnhadat,sale,luachonnhadat_50037,luachonnhadat_50037,"Bán nhà hẻm 168 Bình Trị Đông, P. Bình Trị Đông, DT 4 x 14m, 4 tấm, giá 6.9 tỷ",6900000000,6.9 Tỷ/căn,56,NA,"Bình Tân, Hồ Chí Minh",Unknown,NA,Bình Tân,NA,Nhà phố,NA,NA,https://luachonnhadat.vn/vnt_upload/product/05_2026/7127f4bf1a6fd0609aaa68d424574649.jpg,https://luachonnhadat.vn/nha-dat/ban-nha-hem-168-binh-tri-dong-p-binh-tri-dong-dt-4-x-14m-4-tam-gia-6-9-ty.html,https://luachonnhadat.vn/nha-dat/ban-nha-hem-168-binh-tri-dong-p-binh-tri-dong-dt-4-x-14m-4-tam-gia-6-9-ty.html,2026-06-02,2026-06-03T08:41:12Z,1,6900,123214285.71428572,0,0
luachonnhadat,sale,luachonnhadat_49666,luachonnhadat_49666,"Bán đất hẻm 243 Mã Lò, P. Bình Trị Đông A, 3.84 x 19m, giá 4.4 tỷ",4400000000,4.4 Tỷ/nền,72,NA,"Bình Tân, Hồ Chí Minh",Unknown,NA,Bình Tân,NA,Đất,NA,NA,https://luachonnhadat.vn/vnt_upload/product/03_2026/be86dff718614a422fe29ea4a391ed61.jpg,https://luachonnhadat.vn/nha-dat/ban-dat-hem-243-ma-lo-p-binh-tri-dong-a-3-84-x-19m-gia-4-4-ty.html,https://luachonnhadat.vn/nha-dat/ban-dat-hem-243-ma-lo-p-binh-tri-dong-a-3-84-x-19m-gia-4-4-ty.html,2026-06-02,2026-06-03T08:41:12Z,1,4400,61111111.11111111,0,0
luachonnhadat,sale,luachonnhadat_49329,luachonnhadat_49329,"Bán nhà hẻm 700 Tỉnh Lộ 10, P. Bình Trị Đông, 4.5 x 12m, 3.5 tấm, giá 7.3 tỷ",7300000000,7.3 Tỷ/căn,54,NA,"Bình Tân, Hồ Chí Minh",Unknown,NA,Bình Tân,NA,Nhà phố,NA,NA,https://luachonnhadat.vn/vnt_upload/product/12_2025/5305bfa40afff5b4109d79e2cbdc2ef6.jpg,https://luachonnhadat.vn/nha-dat/ban-nha-hem-700-tinh-lo-10-p-binh-tri-dong-4-5-x-12m-3-5-tam-gia-7-3-ty.html,https://luachonnhadat.vn/nha-dat/ban-nha-hem-700-tinh-lo-10-p-binh-tri-dong-4-5-x-12m-3-5-tam-gia-7-3-ty.html,2026-06-02,2026-06-03T08:41:12Z,1,7300,135185185.1851852,0,0
luachonnhadat,sale,luachonnhadat_1588,luachonnhadat_1588,"Bán đất khu Tên Lửa, MT đường Số 39, DT 4.5 x 22.2m, giá 10.5 tỷ",10500000000,10.5 Tỷ/nền,100,NA,"Bình Tân, Hồ Chí Minh",Unknown,NA,Bình Tân,NA,Đất,NA,NA,https://luachonnhadat.vn/vnt_upload/product/02_2025/004a3a6ecb210ad4e2e7fcb28a820bf9.jpg,https://luachonnhadat.vn/nha-dat/ban-dat-khu-ten-lua-mt-duong-so-39-dt-4-5-x-22-2m-gia-10-5-ty.html,https://luachonnhadat.vn/nha-dat/ban-dat-khu-ten-lua-mt-duong-so-39-dt-4-5-x-22-2m-gia-10-5-ty.html,2026-06-01,2026-06-03T08:41:12Z,1,10500,105000000,0,0
luachonnhadat,sale,luachonnhadat_50203,luachonnhadat_50203,"Bán nhà hẻm 48 Lê Ngã, P. Phú Trung, DT 3.3 x 3.6m, 3 tấm, giá 1.59 tỷ",1590000000,1.59 Tỷ/căn,11,NA,"Tân Phú, Hồ Chí Minh",Unknown,NA,Tân Phú,NA,Nhà phố,NA,NA,https://luachonnhadat.vn/vnt_upload/product/06_2026/eb3de4c79ee2b29760713d4f2d89a3dc.jpg,https://luachonnhadat.vn/nha-dat/ban-nha-hem-48-le-nga-p-phu-trung-dt-3-3-x-3-6m-3-tam-gia-1-59-ty.html,https://luachonnhadat.vn/nha-dat/ban-nha-hem-48-le-nga-p-phu-trung-dt-3-3-x-3-6m-3-tam-gia-1-59-ty.html,2026-06-01,2026-06-03T08:41:12Z,1,1590,144545454.54545453,0,0
luachonnhadat,sale,luachonnhadat_50202,luachonnhadat_50202,"Bán nhà MT đường Liên Khu 2-10, P. Bình Hưng Hòa A, 4 x 13m, cấp 4, giá 4.25 tỷ",4250000000,4.25 Tỷ/căn,52,NA,"Bình Tân, Hồ Chí Minh",Unknown,NA,Bình Tân,NA,Nhà phố,NA,NA,https://luachonnhadat.vn/vnt_upload/product/06_2026/8ddf13a5c2a874f2292456bade189fef.jpg,https://luachonnhadat.vn/nha-dat/ban-nha-mt-duong-lien-khu-2-10-p-binh-hung-hoa-a-4-x-13m-cap-4-gia-4-25-ty.html,https://luachonnhadat.vn/nha-dat/ban-nha-mt-duong-lien-khu-2-10-p-binh-hung-hoa-a-4-x-13m-cap-4-gia-4-25-ty.html,2026-06-01,2026-06-03T08:41:12Z,1,4250,81730769.23076923,0,0
luachonnhadat,sale,luachonnhadat_50096,luachonnhadat_50096,"Bán nhà hẻm 264 Đất Mới, P. Bình Trị Đông, 4 x 14m, 3.5 tấm, giá 6.1 tỷ",6100000000,6.1 Tỷ/căn,56,NA,"Bình Tân, Hồ Chí Minh",Unknown,NA,Bình Tân,NA,Đất,NA,NA,https://luachonnhadat.vn/vnt_upload/product/05_2026/04b5276a649bdbd76e918ac107d0907c.jpg,https://luachonnhadat.vn/nha-dat/ban-nha-hem-264-dat-moi-p-binh-tri-dong-4-x-14m-3-5-tam-gia-6-3-ty.html,https://luachonnhadat.vn/nha-dat/ban-nha-hem-264-dat-moi-p-binh-tri-dong-4-x-14m-3-5-tam-gia-6-3-ty.html,2026-06-01,2026-06-03T08:41:12Z,1,6100,108928571.42857143,0,0
luachonnhadat,sale,luachonnhadat_43229,luachonnhadat_43229,"BÁN NHÀ MỚI GẦN AEON MALL | MT VƯƠNG VĂN HUỐNG 4 X 19M, 2 TẤM, 8 TỶ.",8000000000,8 Tỷ/căn,76,NA,"Bình Tân, Hồ Chí Minh",Unknown,NA,Bình Tân,NA,Nhà phố,NA,NA,https://luachonnhadat.vn/vnt_upload/product/03_2026/aca9d095d7374deffef9a9e0a03c2559.jpg,https://luachonnhadat.vn/nha-dat/ban-nha-moi-gan-aeon-mall-mt-vuong-van-huong-4-x-19m-2-tam-8-ty-.html,https://luachonnhadat.vn/nha-dat/ban-nha-moi-gan-aeon-mall-mt-vuong-van-huong-4-x-19m-2-tam-8-ty-.html,2026-06-01,2026-06-03T08:41:12Z,1,8000,105263157.89473684,0,0
luachonnhadat,sale,luachonnhadat_50201,luachonnhadat_50201,"Bán đất hẻm 360 Tân Hoà Đông, P. Bình Trị Đông, DT 4 x 14m, giá 4.65 tỷ",4650000000,4.65 Tỷ/nền,56,NA,"Bình Tân, Hồ Chí Minh",Unknown,NA,Bình Tân,NA,Đất,NA,NA,https://luachonnhadat.vn/vnt_upload/product/06_2026/06d180d421fd319db5021e63b665f7bc.jpg,https://luachonnhadat.vn/nha-dat/ban-dat-hem-360-tan-hoa-dong-p-binh-tri-dong-dt-4-x-14m-gia-4-65-ty.html,https://luachonnhadat.vn/nha-dat/ban-dat-hem-360-tan-hoa-dong-p-binh-tri-dong-dt-4-x-14m-gia-4-65-ty.html,2026-06-01,2026-06-03T08:41:12Z,1,4650,83035714.28571428,0,0
luachonnhadat,sale,luachonnhadat_50200,luachonnhadat_50200,"Bán nhà MT lô G đường Tạ Mỹ Duật, P. An Lạc A, DT 4 x 21m, 2 tấm, giá 7.25 tỷ",7250000000,7.25 Tỷ/căn,84,NA,"Bình Tân, Hồ Chí Minh",Unknown,NA,Bình Tân,NA,Nhà phố,NA,NA,https://luachonnhadat.vn/vnt_upload/product/06_2026/b40b2e777c73d33a8d82158190818e64.jpg,https://luachonnhadat.vn/nha-dat/ban-nha-mt-lo-g-duong-ta-my-duat-p-an-lac-a-dt-4-x-21m-2-tam-gia-7-25-ty.html,https://luachonnhadat.vn/nha-dat/ban-nha-mt-lo-g-duong-ta-my-duat-p-an-lac-a-dt-4-x-21m-2-tam-gia-7-25-ty.html,2026-06-01,2026-06-03T08:41:12Z,1,7250,86309523.8095238,0,0
luachonnhadat,sale,luachonnhadat_1512,luachonnhadat_1512,"Bán nhà khu Tên Lửa, MT đường Số 12, DT 4 x 10m, 3.5 tấm, giá 7.38 tỷ",7380000000,7.38 Tỷ/căn,40,NA,"Bình Tân, Hồ Chí Minh",Unknown,NA,Bình Tân,NA,Nhà phố,NA,NA,https://luachonnhadat.vn/vnt_upload/product/03_2026/47a3f0656dea4e06cdf50e5bfa847b89.png,https://luachonnhadat.vn/nha-dat/ban-nha-khu-ten-lua-mt-duong-so-12-dt-4-x-10m-3-5-tam-gia-7-38-ty.html,https://luachonnhadat.vn/nha-dat/ban-nha-khu-ten-lua-mt-duong-so-12-dt-4-x-10m-3-5-tam-gia-7-38-ty.html,2026-06-01,2026-06-03T08:41:12Z,1,7380,184500000,0,0
luachonnhadat,sale,luachonnhadat_47673,luachonnhadat_47673,"Bán nhà hẻm 351 An Dương Vương, P.10, Q.6, DT 4 x 20m, 3.5 tấm, giá 10.5 tỷ",10500000000,10.5 Tỷ/căn,80,NA,"Quận 6, Hồ Chí Minh",Unknown,NA,Quận 6,NA,Nhà phố,NA,NA,https://luachonnhadat.vn/vnt_upload/product/11_2024/220a34dbaef828a4d3313bd719cf7f1d.jpg,https://luachonnhadat.vn/nha-dat/ban-nha-hem-351-an-duong-vuong-p-10-q-6-dt-4-x-20m-3-5-tam-gia-10-6-ty.html,https://luachonnhadat.vn/nha-dat/ban-nha-hem-351-an-duong-vuong-p-10-q-6-dt-4-x-20m-3-5-tam-gia-10-6-ty.html,2026-06-01,2026-06-03T08:41:12Z,1,10500,131250000,0,0
luachonnhadat,sale,luachonnhadat_42709,luachonnhadat_42709,"Bán nhà khu Tên Lửa, MT đường Số 21A, DT 4 x 22.5m, 3.5 tấm, giá 10.8 tỷ. cạnh công viên",10800000000,10.8 Tỷ/căn,90,NA,"Bình Tân, Hồ Chí Minh",Unknown,NA,Bình Tân,NA,Nhà phố,NA,NA,https://luachonnhadat.vn/vnt_upload/product/04_2026/0902d06282497de92b2a5168bda811e8.jpeg,https://luachonnhadat.vn/nha-dat/ban-nha-khu-ten-lua-mt-duong-so-21a-dt-4-x-22-5m-3-5-tam-gia-11-ty-canh-cong-vien.html,https://luachonnhadat.vn/nha-dat/ban-nha-khu-ten-lua-mt-duong-so-21a-dt-4-x-22-5m-3-5-tam-gia-11-ty-canh-cong-vien.html,2026-06-01,2026-06-03T08:41:12Z,1,10800,120000000,0,0
luachonnhadat,sale,luachonnhadat_50143,luachonnhadat_50143,"Bán nhà khu Tên Lửa, MT đường Tên Lửa mới, DT 5 x 19m, NH 5.26m, 4.5 tấm, giá 24.9 tỷ.",24900000000,24.9 Tỷ/căn,95,NA,"Bình Tân, Hồ Chí Minh",Unknown,NA,Bình Tân,NA,Nhà phố,NA,NA,https://luachonnhadat.vn/vnt_upload/product/05_2026/b7c5bdce740dc3971aef9906cc03db99.jpg,https://luachonnhadat.vn/nha-dat/ban-nha-khu-ten-lua-mt-duong-ten-lua-moi-dt-5-x-19m-nh-5-26m-4-5-tam-gia-24-9-ty-.html,https://luachonnhadat.vn/nha-dat/ban-nha-khu-ten-lua-mt-duong-ten-lua-moi-dt-5-x-19m-nh-5-26m-4-5-tam-gia-24-9-ty-.html,2026-06-01,2026-06-03T08:41:12Z,1,24900,262105263.15789473,0,0
luachonnhadat,sale,luachonnhadat_40265,luachonnhadat_40265,"Bán nhà hẻm 130 Lê Đình Cẩn, P. Tân Tạo, 4 x 7m, 1 lầu, giá 3.55 tỷ",3550000000,3.55 Tỷ/căn,28,NA,"Bình Tân, Hồ Chí Minh",Unknown,NA,Bình Tân,NA,Nhà phố,NA,NA,https://luachonnhadat.vn/vnt_upload/product/09_2019/898.jpg,https://luachonnhadat.vn/nha-dat/ban-nha-hem-130-le-dinh-can-tan-tao-binh-tan-4-x-7m-2-tam-gia-3-05-ty.html,https://luachonnhadat.vn/nha-dat/ban-nha-hem-130-le-dinh-can-tan-tao-binh-tan-4-x-7m-2-tam-gia-3-05-ty.html,2026-06-01,2026-06-03T08:41:12Z,1,3550,126785714.28571428,0,0
luachonnhadat,sale,luachonnhadat_47701,luachonnhadat_47701,"Bán nhà xưởng MT đường Kinh Dương Vương, P. An Lạc, 6.5 x 50m, NH 9m, cấp 4, giá 30 tỷ",30000000000,30 Tỷ/căn,325,NA,"Bình Tân, Hồ Chí Minh",Unknown,NA,Bình Tân,NA,Nhà xưởng,NA,NA,https://luachonnhadat.vn/vnt_upload/product/11_2024/344773e9841d05aac179874988e9d8e8.jpg,https://luachonnhadat.vn/nha-dat/ban-nha-xuong-mt-duong-kinh-duong-vuong-p-an-lac-6-5-x-50m-nh-9m-cap-4-gia-30-ty.html,https://luachonnhadat.vn/nha-dat/ban-nha-xuong-mt-duong-kinh-duong-vuong-p-an-lac-6-5-x-50m-nh-9m-cap-4-gia-30-ty.html,2026-06-01,2026-06-03T08:41:12Z,1,30000,92307692.3076923,0,0
luachonnhadat,sale,luachonnhadat_43189,luachonnhadat_43189,"Bán đất khu ao sen Tên Lửa, MT đường Số 32, DT 5 x 20m, giá 13.5 tỷ.",13400000000,13.4 Tỷ/nền,100,NA,"Bình Tân, Hồ Chí Minh",Unknown,NA,Bình Tân,NA,Đất,NA,NA,https://luachonnhadat.vn/vnt_upload/product/10_2025/41d421842beba559e5b58941e13ef090.jpg,https://luachonnhadat.vn/nha-dat/ban-dat-khu-ao-sen-ten-lua-mt-duong-so-32-dt-5-x-20m-gia-13-5-ty-.html,https://luachonnhadat.vn/nha-dat/ban-dat-khu-ao-sen-ten-lua-mt-duong-so-32-dt-5-x-20m-gia-13-5-ty-.html,2026-06-01,2026-06-03T08:41:12Z,1,13400,134000000,0,0
luachonnhadat,sale,luachonnhadat_46666,luachonnhadat_46666,"BIỆT THỰ GÓC 2 MT KHU TÊN LỬA, MT ĐƯỜNG SỐ 7A, 10 X 20M, 2.5 TẤM, 30.5 TỶ | GẦN AEON MALL",30500000000,30.5 Tỷ/căn,225,NA,"Bình Tân, Hồ Chí Minh",Unknown,NA,Bình Tân,NA,Biệt thự,NA,NA,https://luachonnhadat.vn/vnt_upload/product/07_2024/ecc3d18c8a6d111c424a2b70da489258.jpg,https://luachonnhadat.vn/nha-dat/biet-thu-goc-2-mt-khu-ten-lua-mt-duong-so-7a-10-x-20m-2-5-tam-30-5-ty-gan-aeon-mall.html,https://luachonnhadat.vn/nha-dat/biet-thu-goc-2-mt-khu-ten-lua-mt-duong-so-7a-10-x-20m-2-5-tam-30-5-ty-gan-aeon-mall.html,2026-06-01,2026-06-03T08:41:12Z,1,30500,135555555.55555555,0,0
luachonnhadat,sale,luachonnhadat_48699,luachonnhadat_48699,"Bán nhà khu Tên Lửa gần Aeon Mall, góc 2MT đường Số 13C, DT 5 x 20m, 3.5 tấm, giá 19.5 tỷ.",19500000000,19.5 Tỷ/căn,100,NA,"Bình Tân, Hồ Chí Minh",Unknown,NA,Bình Tân,NA,Nhà phố,NA,NA,https://luachonnhadat.vn/vnt_upload/product/08_2025/623aeae020f82ce01464be6d5d92b83c.jpg,https://luachonnhadat.vn/nha-dat/ban-nha-khu-ten-lua-gan-aeon-mall-goc-2mt-duong-so-13c-dt-5-x-20m-3-5-tam-gia-14-5-ty-.html,https://luachonnhadat.vn/nha-dat/ban-nha-khu-ten-lua-gan-aeon-mall-goc-2mt-duong-so-13c-dt-5-x-20m-3-5-tam-gia-14-5-ty-.html,2026-06-01,2026-06-03T08:41:12Z,1,19500,195000000,0,0
luachonnhadat,sale,luachonnhadat_50198,luachonnhadat_50198,"Bán nhà khu Bình Phú, MT đường Số 43, DT 3 x 10m, 2.5 tấm, giá 4.5 tỷ",4500000000,4.5 Tỷ/căn,30,NA,"Quận 6, Hồ Chí Minh",Unknown,NA,Quận 6,NA,Nhà phố,NA,NA,https://luachonnhadat.vn/vnt_upload/product/06_2026/284f31e53b3dd21f7ed883607c083139.jpg,https://luachonnhadat.vn/nha-dat/ban-nha-khu-binh-phu-mt-duong-so-43-dt-3-x-10m-2-5-tam-gia-4-5-ty.html,https://luachonnhadat.vn/nha-dat/ban-nha-khu-binh-phu-mt-duong-so-43-dt-3-x-10m-2-5-tam-gia-4-5-ty.html,2026-06-01,2026-06-03T08:41:12Z,1,4500,150000000,0,0
luachonnhadat,sale,luachonnhadat_50199,luachonnhadat_50199,"Bán nhà hẻm 80 Miếu Bình Đông, P. Bình Hưng Hoà A, DT 4 x 8m, 3 tấm, giá 3.88 tỷ",3880000000,3.88 Tỷ/căn,32,NA,"Bình Tân, Hồ Chí Minh",Unknown,NA,Bình Tân,NA,Nhà phố,NA,NA,https://luachonnhadat.vn/vnt_upload/product/06_2026/e063da677bf3265a019b52bb14e0597f.jpg,https://luachonnhadat.vn/nha-dat/ban-nha-hem-80-mieu-binh-dong-p-binh-hung-hoa-a-dt-4-x-8m-3-tam-gia-3-88-ty.html,https://luachonnhadat.vn/nha-dat/ban-nha-hem-80-mieu-binh-dong-p-binh-hung-hoa-a-dt-4-x-8m-3-tam-gia-3-88-ty.html,2026-06-01,2026-06-03T08:41:12Z,1,3880,121250000,0,0
luachonnhadat,sale,luachonnhadat_49993,luachonnhadat_49993,"Bán biệt thự khu Tên Lửa, MT đường Số 5, DT 8 x 21m, 2.5 tấm, giá 26 tỷ.",26000000000,26 Tỷ/căn,168,NA,"Bình Tân, Hồ Chí Minh",Unknown,NA,Bình Tân,NA,Biệt thự,NA,NA,https://luachonnhadat.vn/vnt_upload/product/04_2026/6154fd2653e0cab19697a2fd2dab768a.jpg,https://luachonnhadat.vn/nha-dat/ban-biet-thu-khu-ten-lua-mt-duong-so-5-dt-8-x-21m-2-5-tam-gia-26-ty-.html,https://luachonnhadat.vn/nha-dat/ban-biet-thu-khu-ten-lua-mt-duong-so-5-dt-8-x-21m-2-5-tam-gia-26-ty-.html,2026-05-30,2026-06-03T08:41:12Z,1,26000,154761904.76190478,0,0
luachonnhadat,sale,luachonnhadat_43345,luachonnhadat_43345,"✳ BÁN NHÀ MỚI ĐẸP KHU TÊN LỬA, MT ĐƯỜNG SỐ 30, DT 4 X 20M, 3.5 TẤM, 14.8 TỶ. ĐD CÔNG VIÊN",14800000000,14.8 Tỷ/căn,80,NA,"Bình Tân, Hồ Chí Minh",Unknown,NA,Bình Tân,NA,Nhà phố,NA,NA,https://luachonnhadat.vn/vnt_upload/product/05_2026/e308c0f89bddae354dda0a7dee760a1f.png,https://luachonnhadat.vn/nha-dat/ban-nha-khu-ten-lua-mt-duong-so-30-dt-4-x-20m-3-5-tam-gia-14-8-ty-.html,https://luachonnhadat.vn/nha-dat/ban-nha-khu-ten-lua-mt-duong-so-30-dt-4-x-20m-3-5-tam-gia-14-8-ty-.html,2026-05-30,2026-06-03T08:41:12Z,1,14800,185000000,0,0
luachonnhadat,sale,luachonnhadat_42873,luachonnhadat_42873,"Bán 2 căn nhà góc 2MT hẻm 879 Hương lộ 2, P. Bình Trị Đông A, 6.8 x 11m, 4 tấm, giá 6.2 tỷ",6200000000,6.2 Tỷ/căn,74,NA,"Bình Tân, Hồ Chí Minh",Unknown,NA,Bình Tân,NA,Nhà phố,NA,NA,https://luachonnhadat.vn/vnt_upload/product/05_2026/8dd8f79302b152d6bf04954c370e4090.jpeg,https://luachonnhadat.vn/nha-dat/ban-2-can-nha-goc-2mt-hem-879-huong-lo-2-p-binh-tri-dong-a-6-8-x-11m-4-tam-gia-6-2-ty.html,https://luachonnhadat.vn/nha-dat/ban-2-can-nha-goc-2mt-hem-879-huong-lo-2-p-binh-tri-dong-a-6-8-x-11m-4-tam-gia-6-2-ty.html,2026-05-30,2026-06-03T08:41:12Z,1,6200,83783783.78378378,0,0
luachonnhadat,sale,luachonnhadat_50194,luachonnhadat_50194,"Bán nhà hẻm 246 Lê Văn Quới, P. Bình Hưng Hòa A, 5 x 11m, 3.5 tấm, giá 7.2 tỷ",7200000000,7.2 Tỷ/căn,55,NA,"Bình Tân, Hồ Chí Minh",Unknown,NA,Bình Tân,NA,Nhà phố,NA,NA,https://luachonnhadat.vn/vnt_upload/product/05_2026/782c205deaaad2e39975bd475e2d1044.jpg,https://luachonnhadat.vn/nha-dat/ban-nha-hem-246-le-van-quoi-p-binh-hung-hoa-a-5-x-11m-3-5-tam-gia-7-2-ty.html,https://luachonnhadat.vn/nha-dat/ban-nha-hem-246-le-van-quoi-p-binh-hung-hoa-a-5-x-11m-3-5-tam-gia-7-2-ty.html,2026-05-30,2026-06-03T08:41:12Z,1,7200,130909090.9090909,0,0
luachonnhadat,sale,luachonnhadat_50196,luachonnhadat_50196,"Bán nhà góc 2MT đường Thoại Ngọc Hầu, P. Phú Thạnh, DT 7.1 x 29m, 6.5 tấm, giá 38 tỷ",38000000000,38 Tỷ/căn,205,NA,"Tân Phú, Hồ Chí Minh",Unknown,NA,Tân Phú,NA,Nhà phố,NA,NA,https://luachonnhadat.vn/vnt_upload/product/05_2026/9a20c40d6f6f21ecb072d92e3c6d27f2.jpg,https://luachonnhadat.vn/nha-dat/ban-nha-goc-2mt-duong-thoai-ngoc-hau-p-phu-thanh-dt-7-1-x-29m-6-5-tam-gia-38-ty.html,https://luachonnhadat.vn/nha-dat/ban-nha-goc-2mt-duong-thoai-ngoc-hau-p-phu-thanh-dt-7-1-x-29m-6-5-tam-gia-38-ty.html,2026-05-30,2026-06-03T08:41:12Z,1,38000,185365853.65853655,0,0
luachonnhadat,sale,luachonnhadat_50195,luachonnhadat_50195,"Bán nhà MT đường Lê Lâm, P. Phú Thạnh, Q. Tân Phú, 5 x 19m, cấp 4, giá 11.6 tỷ",11600000000,11.6 Tỷ/căn,95,NA,"Tân Phú, Hồ Chí Minh",Unknown,NA,Tân Phú,NA,Nhà phố,NA,NA,https://luachonnhadat.vn/vnt_upload/product/05_2026/606cd7ea976572a9b591b8a36ea394c3.jpg,https://luachonnhadat.vn/nha-dat/ban-nha-mt-duong-le-lam-p-phu-thanh-q-tan-phu-5-x-19m-cap-4-gia-11-6-ty.html,https://luachonnhadat.vn/nha-dat/ban-nha-mt-duong-le-lam-p-phu-thanh-q-tan-phu-5-x-19m-cap-4-gia-11-6-ty.html,2026-05-30,2026-06-03T08:41:12Z,1,11600,122105263.15789472,0,0
luachonnhadat,sale,luachonnhadat_2835,luachonnhadat_2835,"✅ MẶT TIỀN ĐƯỜNG SỐ 1B KHU TÊN LỬA - CÁCH CÔNG VIÊN CHỈ 10M | 6 x 16M, 3 TẤM, 13.5 TỶ, CÓ THANG MÁY",13500000000,13.5 Tỷ/căn,99,NA,"Bình Tân, Hồ Chí Minh",Unknown,NA,Bình Tân,NA,Nhà phố,NA,NA,https://luachonnhadat.vn/vnt_upload/product/04_2026/d9349653d6e4c820f32b88cff25a7056.jpeg,https://luachonnhadat.vn/nha-dat/mat-tien-duong-so-1b-khu-ten-lua-cach-cong-vien-chi-10m-6-x-16m-3-tam-14-ty-co-thang-may.html,https://luachonnhadat.vn/nha-dat/mat-tien-duong-so-1b-khu-ten-lua-cach-cong-vien-chi-10m-6-x-16m-3-tam-14-ty-co-thang-may.html,2026-05-29,2026-06-03T08:41:12Z,1,13500,136363636.36363637,0,0
luachonnhadat,sale,luachonnhadat_35094,luachonnhadat_35094,"✅ BÁN NHÀ HẺM 588 TỈNH LỘ 10, DT 6 X 10M 1 LẦU, 3.9 TỶ. GẦN AEON MALL TÊN LỬA",3900000000,3.9 Tỷ/căn,60,NA,"Bình Tân, Hồ Chí Minh",Unknown,NA,Bình Tân,NA,Nhà phố,NA,NA,https://luachonnhadat.vn/vnt_upload/product/05_2026/cbd226ea1bb2d9f9c4c4051085251ae7.jpg,https://luachonnhadat.vn/nha-dat/ban-nha-hem-588-tinh-lo-10-p-binh-tri-dong-dt-6-x-10m-1-lau-gia-4-05-ty.html,https://luachonnhadat.vn/nha-dat/ban-nha-hem-588-tinh-lo-10-p-binh-tri-dong-dt-6-x-10m-1-lau-gia-4-05-ty.html,2026-05-29,2026-06-03T08:41:12Z,1,3900,65000000,0,0
luachonnhadat,sale,luachonnhadat_50166,luachonnhadat_50166,"Bán 2 nền đất góc 2MT hẻm 468 Tân Hoà Đông, P. Bình Trị Đông, DT 8 x 11.5m, giá từ 6 tỷ/nền",6000000000,6 Tỷ/nền,92,NA,"Bình Tân, Hồ Chí Minh",Unknown,NA,Bình Tân,NA,Đất,NA,NA,https://luachonnhadat.vn/vnt_upload/product/05_2026/c7422901b699fdb3a884de2d1fe960dd.jpg,https://luachonnhadat.vn/nha-dat/ban-2-nen-dat-goc-2mt-hem-468-tan-hoa-dong-p-binh-tri-dong-dt-8-x-11-5m-gia-tu-6-ty-nen.html,https://luachonnhadat.vn/nha-dat/ban-2-nen-dat-goc-2mt-hem-468-tan-hoa-dong-p-binh-tri-dong-dt-8-x-11-5m-gia-tu-6-ty-nen.html,2026-05-29,2026-06-03T08:41:12Z,1,6000,65217391.30434783,0,0
luachonnhadat,sale,luachonnhadat_50040,luachonnhadat_50040,"Bán nhà góc 2MT hẻm 445 Tân Hòa Đông, P. Bình Trị Đông, DT 4.1 x 15m, NH 4.4m, cấp 4, giá 6.9 tỷ",6900000000,6.9 Tỷ/căn,61,NA,"Bình Tân, Hồ Chí Minh",Unknown,NA,Bình Tân,NA,Nhà phố,NA,NA,https://luachonnhadat.vn/vnt_upload/product/05_2026/4912a559feec1dfac05407187ae3a218.jpg,https://luachonnhadat.vn/nha-dat/ban-nha-goc-2mt-hem-445-tan-hoa-dong-p-binh-tri-dong-dt-4-1-x-15m-nh-4-4m-cap-4-gia-7-5-ty.html,https://luachonnhadat.vn/nha-dat/ban-nha-goc-2mt-hem-445-tan-hoa-dong-p-binh-tri-dong-dt-4-1-x-15m-nh-4-4m-cap-4-gia-7-5-ty.html,2026-05-29,2026-06-03T08:41:12Z,1,6900,113114754.09836066,0,0
luachonnhadat,sale,luachonnhadat_50061,luachonnhadat_50061,"Bán nhà hẻm 504 Kinh Dương Vương, P. Bình Trị Đông B, DT 4 x 19m, NH 4.2m, 3 tấm, giá 8.4 tỷ",8400000000,8.4 Tỷ/căn,76,NA,"Bình Tân, Hồ Chí Minh",Unknown,NA,Bình Tân,NA,Nhà phố,NA,NA,https://luachonnhadat.vn/vnt_upload/product/05_2026/17e791a2e24114b90530efd42b316eb6.jpg,https://luachonnhadat.vn/nha-dat/ban-nha-hem-504-kinh-duong-vuong-p-binh-tri-dong-b-dt-4-x-19m-nh-4-2m-3-tam-gia-8-4-ty.html,https://luachonnhadat.vn/nha-dat/ban-nha-hem-504-kinh-duong-vuong-p-binh-tri-dong-b-dt-4-x-19m-nh-4-2m-3-tam-gia-8-4-ty.html,2026-05-29,2026-06-03T08:41:12Z,1,8400,110526315.78947368,0,0
luachonnhadat,sale,luachonnhadat_40462,luachonnhadat_40462,"Bán nhà khu Tên Lửa, MT đường Số 1, DT 6 x 21m, 4.5 tấm, giá 34 tỷ.",34000000000,34 Tỷ/căn,126,NA,"Bình Tân, Hồ Chí Minh",Unknown,NA,Bình Tân,NA,Nhà phố,NA,NA,https://luachonnhadat.vn/vnt_upload/product/09_2025/ab127be35006bcf1e9e144a17cb0dddf.jpeg,https://luachonnhadat.vn/nha-dat/ban-nha-khu-ten-lua-mt-duong-so-1-dt-6-x-21m-4-5-tam-gia-34-ty-.html,https://luachonnhadat.vn/nha-dat/ban-nha-khu-ten-lua-mt-duong-so-1-dt-6-x-21m-4-5-tam-gia-34-ty-.html,2026-05-29,2026-06-03T08:41:12Z,1,34000,269841269.84126985,0,0
luachonnhadat,sale,luachonnhadat_49435,luachonnhadat_49435,"Bán nhà hẻm 840 Hương lộ 2, P. Bình Trị Đông A, 4 x 13m, 3.5 tấm, giá 6.58 tỷ",6580000000,6.58 Tỷ/căn,52,NA,"Bình Tân, Hồ Chí Minh",Unknown,NA,Bình Tân,NA,Nhà phố,NA,NA,https://luachonnhadat.vn/vnt_upload/product/01_2026/d510197e2a085f447a90a444b6056ae1.jpg,https://luachonnhadat.vn/nha-dat/ban-nha-hem-840-huong-lo-2-p-binh-tri-dong-a-4-x-13m-3-5-tam-gia-6-58-ty.html,https://luachonnhadat.vn/nha-dat/ban-nha-hem-840-huong-lo-2-p-binh-tri-dong-a-4-x-13m-3-5-tam-gia-6-58-ty.html,2026-05-29,2026-06-03T08:41:12Z,1,6580,126538461.53846154,0,0
luachonnhadat,sale,luachonnhadat_50112,luachonnhadat_50112,"Bán đất góc 2MT hẻm 532 Kinh Dương Vương, P. Bình Trị Đông B, DT 8.3 x 15.6m, giá 19.5 tỷ",19500000000,19.5 Tỷ/nền,129,NA,"Bình Tân, Hồ Chí Minh",Unknown,NA,Bình Tân,NA,Đất,NA,NA,https://luachonnhadat.vn/vnt_upload/product/05_2026/7f620827acf95cff481df8ed97fd85c5.jpg,https://luachonnhadat.vn/nha-dat/ban-dat-goc-2mt-hem-532-kinh-duong-vuong-p-binh-tri-dong-b-dt-8-3-x-15-6m-gia-19-9-ty.html,https://luachonnhadat.vn/nha-dat/ban-dat-goc-2mt-hem-532-kinh-duong-vuong-p-binh-tri-dong-b-dt-8-3-x-15-6m-gia-19-9-ty.html,2026-05-29,2026-06-03T08:41:12Z,1,19500,151162790.69767442,0,0
luachonnhadat,sale,luachonnhadat_42948,luachonnhadat_42948,"Bán nhà khu Tên Lửa, MT đường Số 1C, DT 4 x 16m, 2.5 tấm, giá 9.5 tỷ.",9500000000,9.5 Tỷ/căn,64,NA,"Bình Tân, Hồ Chí Minh",Unknown,NA,Bình Tân,NA,Nhà phố,NA,NA,https://luachonnhadat.vn/vnt_upload/product/05_2021/115_1.jpg,https://luachonnhadat.vn/nha-dat/ban-nha-mt-duong-so-1c-p-an-lac-a-4-x-16m-2-5-tam-gia-7-2-ty-khu-ten-lua.html,https://luachonnhadat.vn/nha-dat/ban-nha-mt-duong-so-1c-p-an-lac-a-4-x-16m-2-5-tam-gia-7-2-ty-khu-ten-lua.html,2026-05-29,2026-06-03T08:41:12Z,1,9500,148437500,0,0
luachonnhadat,sale,luachonnhadat_48365,luachonnhadat_48365,"Bán nhà hẻm 185 Bà Hom, P.13, Q.6, DT 4 x 25m, 3 tấm, giá 8 tỷ",8000000000,8 Tỷ/căn,100,NA,"Quận 6, Hồ Chí Minh",Unknown,NA,Quận 6,NA,Nhà phố,NA,NA,https://luachonnhadat.vn/vnt_upload/product/05_2025/102449fa21605fb275e6cc451421c786.jpg,https://luachonnhadat.vn/nha-dat/ban-nha-hem-191-ba-hom-p-13-q-6-dt-4-x-25m-1-lau-gia-5-7-ty.html,https://luachonnhadat.vn/nha-dat/ban-nha-hem-191-ba-hom-p-13-q-6-dt-4-x-25m-1-lau-gia-5-7-ty.html,2026-05-29,2026-06-03T08:41:12Z,1,8000,80000000,0,0
luachonnhadat,sale,luachonnhadat_50193,luachonnhadat_50193,"Bán nhà khu Tên Lửa, MT đường Số 21, P. Bình Trị Đông B, 4.5 x 20m, 3.5 tấm, giá 13.5 tỷ.",13500000000,13.5 Tỷ/căn,90,NA,"Bình Tân, Hồ Chí Minh",Unknown,NA,Bình Tân,NA,Nhà phố,NA,NA,https://luachonnhadat.vn/vnt_upload/product/05_2026/e2be2dd5f054ba5aa24188f96078b95b.jpg,https://luachonnhadat.vn/nha-dat/ban-nha-khu-ten-lua-mt-duong-so-21-p-binh-tri-dong-b-4-5-x-20m-3-5-tam-gia-13-5-ty-.html,https://luachonnhadat.vn/nha-dat/ban-nha-khu-ten-lua-mt-duong-so-21-p-binh-tri-dong-b-4-5-x-20m-3-5-tam-gia-13-5-ty-.html,2026-05-29,2026-06-03T08:41:12Z,1,13500,150000000,0,0
luachonnhadat,sale,luachonnhadat_50155,luachonnhadat_50155,"Bán nhà 2MT Trước - Sau hẻm 67 Đình Nghi Xuân, P. Bình Trị Đông, DT 4 x 16.5m, 2 tấm, giá 4.88 tỷ",4880000000,4.88 Tỷ/căn,66,NA,"Bình Tân, Hồ Chí Minh",Unknown,NA,Bình Tân,NA,Nhà phố,NA,NA,https://luachonnhadat.vn/vnt_upload/product/05_2026/ba362ef04772848e37742762ecfbfd9a.jpg,https://luachonnhadat.vn/nha-dat/ban-nha-2mt-truoc-sau-hem-67-dinh-nghi-xuan-p-binh-tri-dong-dt-4-x-16-5m-2-tam-gia-5-1-ty.html,https://luachonnhadat.vn/nha-dat/ban-nha-2mt-truoc-sau-hem-67-dinh-nghi-xuan-p-binh-tri-dong-dt-4-x-16-5m-2-tam-gia-5-1-ty.html,2026-05-28,2026-06-03T08:41:12Z,1,4880,73939393.93939394,0,0
luachonnhadat,sale,luachonnhadat_49655,luachonnhadat_49655,"Bán nhà hẻm 983 Tỉnh Lộ 10, P. Tân Tạo, DT 3.85 x 12m, 1 lầu, giá 3.88 tỷ",3880000000,3.88 Tỷ/căn,46,NA,"Bình Tân, Hồ Chí Minh",Unknown,NA,Bình Tân,NA,Nhà phố,NA,NA,https://luachonnhadat.vn/vnt_upload/product/03_2026/e223444d4f12522b5ec9b8d3cf6b335b.jpg,https://luachonnhadat.vn/nha-dat/ban-nha-hem-983-tinh-lo-10-p-tan-tao-dt-3-85-x-12m-1-lau-gia-3-9-ty.html,https://luachonnhadat.vn/nha-dat/ban-nha-hem-983-tinh-lo-10-p-tan-tao-dt-3-85-x-12m-1-lau-gia-3-9-ty.html,2026-05-28,2026-06-03T08:41:12Z,1,3880,84347826.08695652,0,0
luachonnhadat,sale,luachonnhadat_44313,luachonnhadat_44313,"Bán nhà khu Tên Lửa, MT đường Tên Lửa, DT 4.5 x 20m, 4.5 tấm, giá 23.5 tỷ.",23500000000,23.5 Tỷ/căn,90,NA,"Bình Tân, Hồ Chí Minh",Unknown,NA,Bình Tân,NA,Nhà phố,NA,NA,https://luachonnhadat.vn/vnt_upload/product/06_2022/4_2.jpg,https://luachonnhadat.vn/nha-dat/ban-nha-khu-ten-lua-mt-duong-ten-lua-p-binh-tri-dong-b-4-5-x-20m-4-5-tam-gia-27-ty-1740642499.html,https://luachonnhadat.vn/nha-dat/ban-nha-khu-ten-lua-mt-duong-ten-lua-p-binh-tri-dong-b-4-5-x-20m-4-5-tam-gia-27-ty-1740642499.html,2026-05-28,2026-06-03T08:41:12Z,1,23500,261111111.1111111,0,0
luachonnhadat,sale,luachonnhadat_49068,luachonnhadat_49068,"Bán khách sạn hẻm 158 Phan Anh, P. Tân Thới Hòa, 5 x 16m, 3.5 tấm, giá 10.5 tỷ",10500000000,10.5 Tỷ/căn,80,NA,"Tân Phú, Hồ Chí Minh",Unknown,NA,Tân Phú,NA,Khách sạn,NA,NA,https://luachonnhadat.vn/vnt_upload/product/10_2025/9c818a53153e758be93a29ade6e69267.jpg,https://luachonnhadat.vn/nha-dat/ban-khach-san-hem-158-phan-anh-p-tan-thoi-hoa-5-x-16m-3-5-tam-gia-11-8-ty.html,https://luachonnhadat.vn/nha-dat/ban-khach-san-hem-158-phan-anh-p-tan-thoi-hoa-5-x-16m-3-5-tam-gia-11-8-ty.html,2026-05-28,2026-06-03T08:41:12Z,1,10500,131250000,0,0
luachonnhadat,sale,luachonnhadat_50140,luachonnhadat_50140,"Bán nhà hẻm 1051 Hậu Giang, P.11, Q.6, DT 10 x 13m, 2 tấm, giá 13.5 tỷ",13500000000,13.5 Tỷ/căn,130,NA,"Quận 6, Hồ Chí Minh",Unknown,NA,Quận 6,NA,Nhà phố,NA,NA,https://luachonnhadat.vn/vnt_upload/product/05_2026/e07e70ae5f556632d6be4acd2c586c01.jpg,https://luachonnhadat.vn/nha-dat/ban-nha-hem-1051-hau-giang-p-11-q-6-dt-10-x-13m-2-tam-gia-13-5-ty.html,https://luachonnhadat.vn/nha-dat/ban-nha-hem-1051-hau-giang-p-11-q-6-dt-10-x-13m-2-tam-gia-13-5-ty.html,2026-05-28,2026-06-03T08:41:12Z,1,13500,103846153.84615384,0,0
luachonnhadat,sale,luachonnhadat_50191,luachonnhadat_50191,"Bán nhà khu Tên Lửa gần Aeon Mall, MT đường Số 13, DT 5 x 20m, 3.5 tấm, giá 19 tỷ.",19000000000,19 Tỷ/căn,100,NA,"Bình Tân, Hồ Chí Minh",Unknown,NA,Bình Tân,NA,Nhà phố,NA,NA,https://luachonnhadat.vn/vnt_upload/product/05_2026/b9d331fa1c0f0072ce057b9f26f62686.jpg,https://luachonnhadat.vn/nha-dat/ban-nha-khu-ten-lua-gan-aeon-mall-mt-duong-so-13-dt-5-x-20m-3-5-tam-gia-19-ty-.html,https://luachonnhadat.vn/nha-dat/ban-nha-khu-ten-lua-gan-aeon-mall-mt-duong-so-13-dt-5-x-20m-3-5-tam-gia-19-ty-.html,2026-05-28,2026-06-03T08:41:12Z,1,19000,190000000,0,0
luachonnhadat,sale,luachonnhadat_50190,luachonnhadat_50190,"Bán nhà hẻm 150 đường 26/3, P. Bình Hưng Hoà, DT 4 x 7.5m, 1 lầu, giá 6.5 tỷ",6500000000,6.5 Tỷ/căn,30,NA,"Bình Tân, Hồ Chí Minh",Unknown,NA,Bình Tân,NA,Nhà phố,NA,NA,https://luachonnhadat.vn/vnt_upload/product/05_2026/ce8e3fc44f2991bb5b431d7ab97e90ea.jpg,https://luachonnhadat.vn/nha-dat/ban-nha-hem-150-duong-26-3-p-binh-hung-hoa-dt-4-x-7-5m-1-lau-gia-6-5-ty.html,https://luachonnhadat.vn/nha-dat/ban-nha-hem-150-duong-26-3-p-binh-hung-hoa-dt-4-x-7-5m-1-lau-gia-6-5-ty.html,2026-05-28,2026-06-03T08:41:12Z,1,6500,216666666.66666663,0,0
luachonnhadat,sale,luachonnhadat_50189,luachonnhadat_50189,"Bán nhà MT đường Số 3, P. Bình Hưng Hoà, DT 4 x 14.5m, 3.5 tấm, giá 10.8 tỷ",10800000000,10.8 Tỷ/căn,58,NA,"Bình Tân, Hồ Chí Minh",Unknown,NA,Bình Tân,NA,Nhà phố,NA,NA,https://luachonnhadat.vn/vnt_upload/product/05_2026/ed1d0ddc851e6efeabcd21549cace617.jpg,https://luachonnhadat.vn/nha-dat/ban-nha-mt-duong-so-3-p-binh-hung-hoa-dt-4-x-14-5m-3-5-tam-gia-10-8-ty.html,https://luachonnhadat.vn/nha-dat/ban-nha-mt-duong-so-3-p-binh-hung-hoa-dt-4-x-14-5m-3-5-tam-gia-10-8-ty.html,2026-05-28,2026-06-03T08:41:12Z,1,10800,186206896.55172417,0,0
luachonnhadat,sale,luachonnhadat_1628,luachonnhadat_1628,"Bán nhà khu Tên Lửa, MT đường Tên Lửa nhỏ, DT 6.1 x 12m, cấp 4, giá 11 tỷ",11000000000,11 Tỷ/căn,73,NA,"Bình Tân, Hồ Chí Minh",Unknown,NA,Bình Tân,NA,Nhà phố,NA,NA,https://luachonnhadat.vn/vnt_upload/product/04_2026/880da2f49f4e6f7fb7ffd696bb11c1b0.jpeg,https://luachonnhadat.vn/nha-dat/ban-nha-khu-ten-lua-mt-duong-ten-lua-nho-dt-6-1-x-12m-cap-4-gia-11-ty.html,https://luachonnhadat.vn/nha-dat/ban-nha-khu-ten-lua-mt-duong-ten-lua-nho-dt-6-1-x-12m-cap-4-gia-11-ty.html,2026-05-28,2026-06-03T08:41:12Z,1,11000,150684931.50684932,0,0
luachonnhadat,sale,luachonnhadat_43131,luachonnhadat_43131,"Bán đất khu Tên Lửa, MT đường Số 25A, DT 4 x 20m, giá 9.15 tỷ",9150000000,9.15 Tỷ/nền,80,NA,"Bình Tân, Hồ Chí Minh",Unknown,NA,Bình Tân,NA,Đất,NA,NA,https://luachonnhadat.vn/vnt_upload/product/10_2021/15.jpg,https://luachonnhadat.vn/nha-dat/ban-dat-khu-ten-lua-mt-duong-so-25a-dt-4-x-20m-gia-9-3-ty.html,https://luachonnhadat.vn/nha-dat/ban-dat-khu-ten-lua-mt-duong-so-25a-dt-4-x-20m-gia-9-3-ty.html,2026-05-28,2026-06-03T08:41:12Z,1,9150,114375000,0,0
luachonnhadat,sale,luachonnhadat_11683,luachonnhadat_11683,"Bán nhà khu Tên Lửa, góc 2MT đường Số 11A, DT 6 x 24.5m, NH 10.7m, 3.5 tấm, giá 30 tỷ",30000000000,30 Tỷ/căn,203,NA,"Bình Tân, Hồ Chí Minh",Unknown,NA,Bình Tân,NA,Nhà phố,NA,NA,https://luachonnhadat.vn/vnt_upload/product/12_2018/002_overall_view_northeast_side_1.jpg,https://luachonnhadat.vn/nha-dat/ban-nha-goc-2-mt-duong-so-11a-p-binh-tri-dong-b-6x24-5m-nh-10-7m-3-5-tam-30-3-ty-khu-ten-lua.html,https://luachonnhadat.vn/nha-dat/ban-nha-goc-2-mt-duong-so-11a-p-binh-tri-dong-b-6x24-5m-nh-10-7m-3-5-tam-30-3-ty-khu-ten-lua.html,2026-05-28,2026-06-03T08:41:12Z,1,30000,147783251.2315271,0,0
luachonnhadat,sale,luachonnhadat_49567,luachonnhadat_49567,"Bán nhà hẻm 270 Lê Đình Cẩn, P. Tân Tạo, 4 x 14m, 1 lầu, giá 5.58 tỷ",5580000000,5.58 Tỷ/căn,56,NA,"Bình Tân, Hồ Chí Minh",Unknown,NA,Bình Tân,NA,Nhà phố,NA,NA,https://luachonnhadat.vn/vnt_upload/product/02_2026/ad4e74d7fd13b79e973972dee0c07957.jpg,https://luachonnhadat.vn/nha-dat/ban-nha-hem-270-le-dinh-can-p-tan-tao-4-x-14m-1-lau-gia-4-55-ty.html,https://luachonnhadat.vn/nha-dat/ban-nha-hem-270-le-dinh-can-p-tan-tao-4-x-14m-1-lau-gia-4-55-ty.html,2026-05-28,2026-06-03T08:41:12Z,1,5580,99642857.14285716,0,0
luachonnhadat,sale,luachonnhadat_2253,luachonnhadat_2253,"Bán đất khu Tên Lửa, MT đường Số 21A, DT 4 x 22.5m, giá 12 tỷ.",12000000000,12 Tỷ/nền,90,NA,"Bình Tân, Hồ Chí Minh",Unknown,NA,Bình Tân,NA,Đất,NA,NA,https://luachonnhadat.vn/vnt_upload/product/04_2026/284f4525d3c51465740519eb857588b0.jpg,https://luachonnhadat.vn/nha-dat/ban-dat-khu-ten-lua-mt-duong-so-21a-dt-4-x-22-5m-gia-12-ty-.html,https://luachonnhadat.vn/nha-dat/ban-dat-khu-ten-lua-mt-duong-so-21a-dt-4-x-22-5m-gia-12-ty-.html,2026-05-28,2026-06-03T08:41:12Z,1,12000,133333333.33333331,0,0
luachonnhadat,sale,luachonnhadat_49397,luachonnhadat_49397,"Bán nhà hẻm 1051 Hậu Giang, P.11, Q.6, DT 5.5 x 34m, 1 lửng, giá 14 tỷ",14000000000,14 Tỷ/căn,187,NA,"Quận 6, Hồ Chí Minh",Unknown,NA,Quận 6,NA,Nhà phố,NA,NA,https://luachonnhadat.vn/vnt_upload/product/12_2025/6f5f492e46de48e8b195e9fc0687bdba.jpg,https://luachonnhadat.vn/nha-dat/ban-nha-hem-1051-hau-giang-p-11-q-6-dt-5-5-x-34m-1-lung-gia-14-5-ty-1766559932.html,https://luachonnhadat.vn/nha-dat/ban-nha-hem-1051-hau-giang-p-11-q-6-dt-5-5-x-34m-1-lung-gia-14-5-ty-1766559932.html,2026-05-28,2026-06-03T08:41:12Z,1,14000,74866310.16042781,0,0
luachonnhadat,sale,luachonnhadat_7388,luachonnhadat_7388,"Bán nhà hẻm 1051 Hậu Giang, P.11, Q.6, DT 3 x 10m, 1 lầu, giá 3.65 tỷ",3650000000,3.65 Tỷ/căn,30,NA,"Quận 6, Hồ Chí Minh",Unknown,NA,Quận 6,NA,Nhà phố,NA,NA,https://luachonnhadat.vn/vnt_upload/product/05_2026/55916b6ffb8ef8b06770ba7d9f7195ca.jpg,https://luachonnhadat.vn/nha-dat/ban-nha-hem-1051-duong-hau-giang-p-11-q-6-nha-2-tam-2-95-x-11m-gia-2-9-ty.html,https://luachonnhadat.vn/nha-dat/ban-nha-hem-1051-duong-hau-giang-p-11-q-6-nha-2-tam-2-95-x-11m-gia-2-9-ty.html,2026-05-28,2026-06-03T08:41:12Z,1,3650,121666666.66666669,0,0
luachonnhadat,sale,luachonnhadat_49537,luachonnhadat_49537,"Bán nhà hẻm 1159 Tỉnh Lộ 10, P. Tân Tạo, DT 5.2 x 10m, 3.5 tấm, giá 5.3 tỷ",5300000000,5.3 Tỷ/căn,52,NA,"Bình Tân, Hồ Chí Minh",Unknown,NA,Bình Tân,NA,Nhà phố,NA,NA,https://luachonnhadat.vn/vnt_upload/product/02_2026/fcc36774e4b74fd953fe0e5c543c8791.jpg,https://luachonnhadat.vn/nha-dat/ban-nha-hem-1159-tinh-lo-10-p-tan-tao-dt-5-2-x-10m-3-5-tam-gia-5-6-ty-1770084138.html,https://luachonnhadat.vn/nha-dat/ban-nha-hem-1159-tinh-lo-10-p-tan-tao-dt-5-2-x-10m-3-5-tam-gia-5-6-ty-1770084138.html,2026-05-28,2026-06-03T08:41:12Z,1,5300,101923076.92307691,0,0
luachonnhadat,sale,luachonnhadat_50102,luachonnhadat_50102,"Bán nhà khu Tên Lửa, MT đường Số 21, DT 4.5 x 20m, 4 tấm, giá 14.2 tỷ.",14200000000,14.2 Tỷ/căn,90,NA,"Bình Tân, Hồ Chí Minh",Unknown,NA,Bình Tân,NA,Nhà phố,NA,NA,https://luachonnhadat.vn/vnt_upload/product/05_2026/ef05f26027c370fc3d65e7c2c07cd775.jpg,https://luachonnhadat.vn/nha-dat/ban-nha-khu-ten-lua-mt-duong-so-21-dt-4-5-x-20m-4-tam-gia-14-2-ty-.html,https://luachonnhadat.vn/nha-dat/ban-nha-khu-ten-lua-mt-duong-so-21-dt-4-5-x-20m-4-tam-gia-14-2-ty-.html,2026-05-28,2026-06-03T08:41:12Z,1,14200,157777777.7777778,0,0
luachonnhadat,sale,luachonnhadat_43767,luachonnhadat_43767,"Bán nhà khu Tên Lửa CoopMart, MT đường Số 19, DT 4.5 x 15m, 3.5 tấm, giá 13.3 tỷ.",13300000000,13.3 Tỷ/căn,67,NA,"Bình Tân, Hồ Chí Minh",Unknown,NA,Bình Tân,NA,Nhà phố,NA,NA,https://luachonnhadat.vn/vnt_upload/product/03_2026/4986d61e6140f69e3d338c7d96d750d1.jpg,https://luachonnhadat.vn/nha-dat/ban-nha-khu-ten-lua-coopmart-mt-duong-so-19-dt-4-5-x-15m-3-5-tam-gia-13-3-ty-.html,https://luachonnhadat.vn/nha-dat/ban-nha-khu-ten-lua-coopmart-mt-duong-so-19-dt-4-5-x-15m-3-5-tam-gia-13-3-ty-.html,2026-05-28,2026-06-03T08:41:12Z,1,13300,198507462.68656716,0,0
luachonnhadat,sale,luachonnhadat_45777,luachonnhadat_45777,"Bán nhà khu Tên Lửa. MT đường Số 1C, DT 4 x 16m, 3.5 tấm, giá 9.5 tỷ.",9500000000,9.5 Tỷ/căn,64,NA,"Bình Tân, Hồ Chí Minh",Unknown,NA,Bình Tân,NA,Nhà phố,NA,NA,https://luachonnhadat.vn/vnt_upload/product/03_2023/984.jpg,https://luachonnhadat.vn/nha-dat/ban-nha-khu-ten-lua-mt-duong-so-1c-dt-4-x-16m-3-5-tam-gia-9-5-ty-.html,https://luachonnhadat.vn/nha-dat/ban-nha-khu-ten-lua-mt-duong-so-1c-dt-4-x-16m-3-5-tam-gia-9-5-ty-.html,2026-05-28,2026-06-03T08:41:12Z,1,9500,148437500,0,0
luachonnhadat,sale,luachonnhadat_50051,luachonnhadat_50051,"Bán đất hẻm 248 Phan Anh, P. Hiệp Tân, Q. Tân Phú, DT 12 x 21m, giá 18.2 tỷ",18200000000,18.2 Tỷ/nền,252,NA,"Tân Phú, Hồ Chí Minh",Unknown,NA,Tân Phú,NA,Đất,NA,NA,https://luachonnhadat.vn/vnt_upload/product/05_2026/46f714a6a5b0b222f75aea9c836ceeb2.jpg,https://luachonnhadat.vn/nha-dat/ban-dat-hem-248-phan-anh-p-hiep-tan-q-tan-phu-dt-12-x-21m-gia-20-2-ty.html,https://luachonnhadat.vn/nha-dat/ban-dat-hem-248-phan-anh-p-hiep-tan-q-tan-phu-dt-12-x-21m-gia-20-2-ty.html,2026-05-28,2026-06-03T08:41:12Z,1,18200,72222222.22222222,0,0
luachonnhadat,sale,luachonnhadat_49026,luachonnhadat_49026,"Bán nhà hẻm 983 Tỉnh Lộ 10, P. Tân Tạo, DT 3 x 14.5m, NH 5.9m, 2 tấm, giá 5.386 tỷ",5386000000,5.386 Tỷ/căn,47,NA,"Bình Tân, Hồ Chí Minh",Unknown,NA,Bình Tân,NA,Nhà phố,NA,NA,https://luachonnhadat.vn/vnt_upload/product/10_2025/32db75b8738a6a45558cbc24b3726e87.jpg,https://luachonnhadat.vn/nha-dat/ban-nha-hem-983-tinh-lo-10-p-tan-tao-dt-3-x-15-7m-2-tam-gia-4-3-ty.html,https://luachonnhadat.vn/nha-dat/ban-nha-hem-983-tinh-lo-10-p-tan-tao-dt-3-x-15-7m-2-tam-gia-4-3-ty.html,2026-05-28,2026-06-03T08:41:12Z,1,5386,114595744.68085106,0,0
luachonnhadat,sale,luachonnhadat_50186,luachonnhadat_50186,"Bán nhà góc 2MT hẻm 444 Phạm Văn Chí, P.8, Q.6, DT 4.05 x 4.44m, 3 tấm, giá 3.5 tỷ",3500000000,3.5 Tỷ/căn,17,NA,"Quận 6, Hồ Chí Minh",Unknown,NA,Quận 6,NA,Nhà phố,NA,NA,https://luachonnhadat.vn/vnt_upload/product/05_2026/5d4b75fbe4979bbd8994fddf77807203.jpg,https://luachonnhadat.vn/nha-dat/ban-nha-goc-2mt-hem-444-pham-van-chi-p-8-q-6-dt-4-05-x-4-44m-3-tam-gia-3-5-ty.html,https://luachonnhadat.vn/nha-dat/ban-nha-goc-2mt-hem-444-pham-van-chi-p-8-q-6-dt-4-05-x-4-44m-3-tam-gia-3-5-ty.html,2026-05-27,2026-06-03T08:41:12Z,1,3500,205882352.94117647,0,0
luachonnhadat,sale,luachonnhadat_2135,luachonnhadat_2135,"Bán nhà khu Tên Lửa, MT đường Số 3A, DT 5 x 20m, 3.5 tấm, giá 15.7 tỷ. gần Aeon Mall Bình Tân",15700000000,15.7 Tỷ/căn,100,NA,"Bình Tân, Hồ Chí Minh",Unknown,NA,Bình Tân,NA,Nhà phố,NA,NA,https://luachonnhadat.vn/vnt_upload/product/04_2026/572dbef4c1755a8bf71ca9156dec62ed.jpg,https://luachonnhadat.vn/nha-dat/ban-nha-khu-ten-lua-mt-duong-so-3a-dt-5-x-20m-3-5-tam-gia-15-7-ty-gan-aeon-mall-binh-tan.html,https://luachonnhadat.vn/nha-dat/ban-nha-khu-ten-lua-mt-duong-so-3a-dt-5-x-20m-3-5-tam-gia-15-7-ty-gan-aeon-mall-binh-tan.html,2026-05-27,2026-06-03T08:41:12Z,1,15700,157000000,0,0
luachonnhadat,sale,luachonnhadat_45370,luachonnhadat_45370,"Bán đất khu Tên Lửa, MT đường Số 13B, DT 5 x 20m, giá 12 tỷ. gần công viên",12000000000,12 Tỷ/nền,100,NA,"Bình Tân, Hồ Chí Minh",Unknown,NA,Bình Tân,NA,Đất,NA,NA,https://luachonnhadat.vn/vnt_upload/product/04_2026/d9ca233117dab82ce992c8ece6da57e5.png,https://luachonnhadat.vn/nha-dat/ban-dat-khu-ten-lua-mt-duong-so-13b-dt-5-x-20m-gia-12-5-ty-gan-cong-vien.html,https://luachonnhadat.vn/nha-dat/ban-dat-khu-ten-lua-mt-duong-so-13b-dt-5-x-20m-gia-12-5-ty-gan-cong-vien.html,2026-05-27,2026-06-03T08:41:12Z,1,12000,120000000,0,0
luachonnhadat,sale,luachonnhadat_50187,luachonnhadat_50187,"Bán nhà hẻm 79 Phan Anh, P. Bình Trị Đông, DT 4 x 20m, 4 tấm, giá 13.268 tỷ",13268000000,13.268 Tỷ/căn,80,NA,"Bình Tân, Hồ Chí Minh",Unknown,NA,Bình Tân,NA,Nhà phố,NA,NA,https://luachonnhadat.vn/vnt_upload/product/05_2026/b4f277286f18a0bbc6452e53d96c32bd.jpg,https://luachonnhadat.vn/nha-dat/ban-nha-hem-79-phan-anh-p-binh-tri-dong-dt-4-x-20m-4-tam-gia-13-268-ty.html,https://luachonnhadat.vn/nha-dat/ban-nha-hem-79-phan-anh-p-binh-tri-dong-dt-4-x-20m-4-tam-gia-13-268-ty.html,2026-05-27,2026-06-03T08:41:12Z,1,13268,165850000,0,0
luachonnhadat,sale,luachonnhadat_50185,luachonnhadat_50185,"Bán nhà hẻm 285 Lê Văn Quới, P. Bình Trị Đông, 10.8 x 9.6m, DT 73m2, 4 tấm, giá 12.5 tỷ.",12500000000,12.5 Tỷ/căn,73,NA,"Bình Tân, Hồ Chí Minh",Unknown,NA,Bình Tân,NA,Nhà phố,NA,NA,https://luachonnhadat.vn/vnt_upload/product/05_2026/50ecbd3ec3602030537bf4771911bbc1.jpg,https://luachonnhadat.vn/nha-dat/ban-nha-hem-285-le-van-quoi-p-binh-tri-dong-10-8-x-9-6m-dt-73m2-4-tam-gia-12-5-ty-.html,https://luachonnhadat.vn/nha-dat/ban-nha-hem-285-le-van-quoi-p-binh-tri-dong-10-8-x-9-6m-dt-73m2-4-tam-gia-12-5-ty-.html,2026-05-27,2026-06-03T08:41:12Z,1,12500,171232876.71232876,0,0
luachonnhadat,sale,luachonnhadat_49499,luachonnhadat_49499,"Bán nhà khu Tên Lửa, MT đường Số 11A, DT 4 x 25m, 3.5 tấm, giá 13 tỷ.",13000000000,13 Tỷ/căn,100,NA,"Bình Tân, Hồ Chí Minh",Unknown,NA,Bình Tân,NA,Nhà phố,NA,NA,https://luachonnhadat.vn/vnt_upload/product/01_2026/389c11ed84e3c6d3789fa2641628df70.jpg,https://luachonnhadat.vn/nha-dat/ban-nha-khu-ten-lua-mt-duong-so-11a-dt-4-x-25m-3-5-tam-gia-14-ty-.html,https://luachonnhadat.vn/nha-dat/ban-nha-khu-ten-lua-mt-duong-so-11a-dt-4-x-25m-3-5-tam-gia-14-ty-.html,2026-05-27,2026-06-03T08:41:12Z,1,13000,130000000,0,0
luachonnhadat,sale,luachonnhadat_50184,luachonnhadat_50184,"Sang mặt bằng nhà hàng MT đường Tên Lửa, DT 8 x 20m, 1 lửng, giá sang toàn bộ 1.6 tỷ",1600000000,1.6 Tỷ/căn,160,NA,"Bình Tân, Hồ Chí Minh",Unknown,NA,Bình Tân,NA,Mặt bằng,NA,NA,https://luachonnhadat.vn/vnt_upload/product/05_2026/19d553136bfa6e60da618b68e5a1e1d8.jpg,https://luachonnhadat.vn/nha-dat/sang-mat-bang-nha-hang-mt-duong-ten-lua-dt-8-x-20m-1-lung-gia-sang-toan-bo-1-6-ty.html,https://luachonnhadat.vn/nha-dat/sang-mat-bang-nha-hang-mt-duong-ten-lua-dt-8-x-20m-1-lung-gia-sang-toan-bo-1-6-ty.html,2026-05-27,2026-06-03T08:41:12Z,1,1600,10000000,0,0
luachonnhadat,sale,luachonnhadat_47559,luachonnhadat_47559,"Bán đất khu Tên Lửa, MT đường Số 7A, DT 4 x 20m, giá 11.5 tỷ.",11500000000,11.5 Tỷ/nền,80,NA,"Bình Tân, Hồ Chí Minh",Unknown,NA,Bình Tân,NA,Đất,NA,NA,https://luachonnhadat.vn/vnt_upload/product/04_2026/0c06906ba31e429b123fe8e09ff827ef.jpg,https://luachonnhadat.vn/nha-dat/ban-nha-khu-ten-lua-mt-duong-so-7a-dt-4-x-20m-cap-4-gia-11-5-ty-.html,https://luachonnhadat.vn/nha-dat/ban-nha-khu-ten-lua-mt-duong-so-7a-dt-4-x-20m-cap-4-gia-11-5-ty-.html,2026-05-27,2026-06-03T08:41:12Z,1,11500,143750000,0,0
luachonnhadat,sale,luachonnhadat_44035,luachonnhadat_44035,"Bán nhà MT khu Cư Xá Phú Lâm D, P.10, Q.6, DT 4 x 18m, 4.5 tấm, giá 13.5 tỷ.",13500000000,13.5 Tỷ/căn,72,NA,"Quận 6, Hồ Chí Minh",Unknown,NA,Quận 6,NA,Nhà phố,NA,NA,https://luachonnhadat.vn/vnt_upload/product/05_2022/694.jpg,https://luachonnhadat.vn/nha-dat/ban-nha-mt-khu-cu-xa-phu-lam-d-p-10-q-6-dt-4-x-18m-1-lau-gia-9-3-ty-.html,https://luachonnhadat.vn/nha-dat/ban-nha-mt-khu-cu-xa-phu-lam-d-p-10-q-6-dt-4-x-18m-1-lau-gia-9-3-ty-.html,2026-05-26,2026-06-03T08:41:12Z,1,13500,187500000,0,0
luachonnhadat,sale,luachonnhadat_49590,luachonnhadat_49590,"Bán đất MT đường Số 10, P. Tân Tạo A, DT 5 x 20m, giá 6.05 tỷ",6050000000,6.05 Tỷ/nền,100,NA,"Bình Tân, Hồ Chí Minh",Unknown,NA,Bình Tân,NA,Đất,NA,NA,https://luachonnhadat.vn/vnt_upload/product/02_2026/3e673d9c18badfed36d066ce84bf88a0.jpg,https://luachonnhadat.vn/nha-dat/ban-dat-mt-duong-so-10-p-tan-tao-a-dt-5-x-20m-gia-5-65-ty.html,https://luachonnhadat.vn/nha-dat/ban-dat-mt-duong-so-10-p-tan-tao-a-dt-5-x-20m-gia-5-65-ty.html,2026-05-26,2026-06-03T08:41:12Z,1,6050,60500000,0,0
