source,source_group,source_id,ad_id,title,price,price_str,area,rooms,address,ward,district_id,district_name,category_id,category_name,lat,lon,image,ad_url,source_url,posted_at,scraped_at,page_fetched,price_m,price_per_m2,has_coord,is_rent
muaban,rent_all,muaban_70946882,muaban_70946882,"🎁CỌC 500K CÓ PHÒNG NGAY - Duplex gác xếp mới xây ngay gần VLU, IUH",3800000,"3,8 triệu/tháng",40,NA,"Phường 5,Quận Gò Vấp,TP.HCM",Phường 5,NA,Quận Gò Vấp,1040,Đất,NA,NA,NA,https://muaban.net/bat-dong-san/cho-thue-nha-tro-phong-tro-quan-go-vap-ho-chi-minh/coc-500k-co-phong-ngay-duplex-gac-xep-moi-xay-ngay-gan-vlu-iuh-id70946882,https://muaban.net/bat-dong-san/cho-thue-nha-dat-ho-chi-minh?page=10,2026-06-03,2026-06-03 14:54:58.651341,10,3.8,95000,0,1
muaban,rent_all,muaban_70946884,muaban_70946884,Nhà DT 4×16_ 4 Phòng_ Sát Hàng Xanh -Q1_ Chỉ 15tr,15000000,15 triệu/tháng,64,4,"Phường 24,Quận Bình Thạnh,TP.HCM",Phường 24,NA,Quận Bình Thạnh,1030,Nhà đất cho thuê,NA,NA,NA,https://muaban.net/bat-dong-san/nha-hem-ngo-quan-binh-thanh-ho-chi-minh/nha-dt-4-16-4-phong-sat-hang-xanh-q1-chi-15tr-id70946884,https://muaban.net/bat-dong-san/cho-thue-nha-dat-ho-chi-minh?page=10,2026-06-03,2026-06-03 14:54:58.644708,10,15,234375,0,1
muaban,rent_all,muaban_70946885,muaban_70946885,🏙️ Studio Rivergate Quận 4 27m² Full Nội Thất | Sát Quận 1,13000000,13 triệu/tháng,27,NA,"Quận 4,TP.HCM",Unknown,NA,Quận 4,1030,Nhà đất cho thuê,NA,NA,NA,https://muaban.net/bat-dong-san/cho-thue-officetel-du-an-river-gate-quan-4-ho-chi-minh/studio-rivergate-quan-4-27m-full-noi-that-sat-quan-1-id70946885,https://muaban.net/bat-dong-san/cho-thue-nha-dat-ho-chi-minh?page=10,2026-06-03,2026-06-03 14:54:58.635173,10,13,481481.48148148146,0,1
muaban,rent_all,muaban_70946965,muaban_70946965,Phòng trọ có ban công riêng gần nhà ga T3 Tân Sơn Nhất,3200000,"3,2 triệu/tháng",25,NA,"Phường 13,Quận Tân Bình,TP.HCM",Phường 13,NA,Quận Tân Bình,1050,Phòng trọ,NA,NA,NA,https://muaban.net/bat-dong-san/cho-thue-nha-tro-phong-tro-quan-tan-binh-ho-chi-minh/phong-tro-co-ban-cong-rieng-gan-nha-ga-t3-tan-son-nhat-id70946965,https://muaban.net/bat-dong-san/cho-thue-nha-dat-ho-chi-minh?page=10,2026-06-03,2026-06-03 14:54:58.627899,10,3.2,128000,0,1
muaban,rent_all,muaban_70947021,muaban_70947021,"Cho thuê nhà kho mt Tây Thạnh DT 400m2 Sàn 1 trệt 1 lầu, sẵn điện 3fa",29000000,29 triệu/tháng,400,NA,"Phường Tây Thạnh,Quận Tân Phú,TP.HCM",Phường Tây Thạnh,NA,Quận Tân Phú,1040,Đất,NA,NA,NA,https://muaban.net/bat-dong-san/cho-thue-mat-bang-kinh-doanh-quan-tan-phu-ho-chi-minh/cho-thue-nha-kho-mt-tay-thanh-dt-400m2-san-1-tret-1-lau-san-dien-3fa-id70947021,https://muaban.net/bat-dong-san/cho-thue-nha-dat-ho-chi-minh?page=10,2026-06-03,2026-06-03 14:54:58.620978,10,29,72500,0,1
muaban,rent_all,muaban_70947054,muaban_70947054,Phòng CHDV mới đầy đủ nội thất cao cấp 4.5tr đường Vành Đai Trong,4500000,"4,5 triệu/tháng",30,NA,"Phường Bình Trị Đông B,Quận Bình Tân,TP.HCM",Phường Bình Trị Đông B,NA,Quận Bình Tân,1030,Nhà đất cho thuê,NA,NA,NA,https://muaban.net/bat-dong-san/cho-thue-nha-tro-phong-tro-quan-binh-tan-ho-chi-minh/phong-chdv-moi-day-du-noi-that-cao-cap-4-5tr-duong-vanh-dai-trong-id70947054,https://muaban.net/bat-dong-san/cho-thue-nha-dat-ho-chi-minh?page=10,2026-06-03,2026-06-03 14:54:58.613938,10,4.5,150000,0,1
muaban,rent_all,muaban_70947079,muaban_70947079,2PN 3 BAN CÔNG MÁY GIẶT RIÊNG - MẶT TIỀN NGÔ ĐỨC KẾ BÌNH THẠNH,8199999.999999999,"8,2 triệu/tháng",50,NA,"Phường 12,Quận Bình Thạnh,TP.HCM",Phường 12,NA,Quận Bình Thạnh,1040,Đất,NA,NA,NA,https://muaban.net/bat-dong-san/cho-thue-nha-tro-phong-tro-quan-binh-thanh-ho-chi-minh/2pn-3-ban-cong-may-giat-rieng-mat-tien-ngo-duc-ke-binh-thanh-id70947079,https://muaban.net/bat-dong-san/cho-thue-nha-dat-ho-chi-minh?page=10,2026-06-03,2026-06-03 14:54:58.606809,10,8.2,163999.99999999997,0,1
muaban,rent_all,muaban_70947092,muaban_70947092,CĂN HỘ BAN CÔNG - MÁY GIẶT RIÊNG NGAY NGÃ 6 CỘNG HÒA,6700000,"6,7 triệu/tháng",40,1,"Phường 4,Quận 5,TP.HCM",Phường 4,NA,Quận 5,1010,Căn hộ/Chung cư,NA,NA,NA,https://muaban.net/bat-dong-san/khach-san-can-ho-dich-vu-quan-5-ho-chi-minh/can-ho-ban-cong-may-giat-rieng-ngay-nga-6-cong-hoa-id70947092,https://muaban.net/bat-dong-san/cho-thue-nha-dat-ho-chi-minh?page=10,2026-06-03,2026-06-03 14:54:58.5996,10,6.7,167500,0,1
muaban,rent_all,muaban_70947104,muaban_70947104,-🏡CĂN HỘ DỊCH VỤ 🚥BANCOL THOÁNG MÁT 💥TÂN SƠN NHÌ 💥TÂN QUÝ -💥TÂN HƯƠNG,4400000,"4,4 triệu/tháng",40,NA,"Phường Tân Sơn Nhì,Quận Tân Phú,TP.HCM",Phường Tân Sơn Nhì,NA,Quận Tân Phú,1010,Căn hộ/Chung cư,NA,NA,NA,https://muaban.net/bat-dong-san/cho-thue-nha-tro-phong-tro-quan-tan-phu-ho-chi-minh/can-ho-dich-vu-bancol-thoang-mat-tan-son-nhi-tan-quy-tan-huong-id70947104,https://muaban.net/bat-dong-san/cho-thue-nha-dat-ho-chi-minh?page=10,2026-06-03,2026-06-03 14:54:58.59303,10,4.4,110000,0,1
muaban,rent_all,muaban_70947112,muaban_70947112,Cho thuê nhà xưởng mới xây 100% trong KCN Lê Minh Xuân 3,800000000,800 triệu/tháng,7.5,NA,"Xã Bình Lợi,Huyện Bình Chánh,TP.HCM",Xã Bình Lợi,NA,Huyện Bình Chánh,1030,Văn phòng/Mặt bằng,NA,NA,NA,https://muaban.net/bat-dong-san/cho-thue-mat-bang-kinh-doanh-huyen-binh-chanh-ho-chi-minh/cho-thue-nha-xuong-moi-xay-100-trong-kcn-le-minh-xuan-3-id70947112,https://muaban.net/bat-dong-san/cho-thue-nha-dat-ho-chi-minh?page=10,2026-06-03,2026-06-03 14:54:58.586357,10,800,106666666.66666667,0,1
muaban,rent_all,muaban_70947111,muaban_70947111,căn hộ 1 phòng ngủ. chung cư Orchard Parkview. gần sb Tân Sơn Nhất,15000000,15 triệu/tháng,55,1,"Phường 9,Quận Phú Nhuận,TP.HCM",Phường 9,NA,Quận Phú Nhuận,1010,Căn hộ/Chung cư,NA,NA,NA,https://muaban.net/bat-dong-san/cho-thue-can-ho-chung-cu-quan-phu-nhuan-ho-chi-minh/can-ho-1-phong-ngu-chung-cu-orchard-parkview-gan-sb-tan-son-nhat-id70947111,https://muaban.net/bat-dong-san/cho-thue-nha-dat-ho-chi-minh?page=10,2026-06-03,2026-06-03 14:54:58.576722,10,15,272727.2727272727,0,1
muaban,rent_all,muaban_70947117,muaban_70947117,Cho thuê hẻm xe công Trương Công Định 300m giá 30tr,30000000,30 triệu/tháng,330,NA,"Phường 14,Quận Tân Bình,TP.HCM",Phường 14,NA,Quận Tân Bình,1030,Kho xưởng,NA,NA,NA,https://muaban.net/bat-dong-san/cho-thue-mat-bang-kinh-doanh-quan-tan-binh-ho-chi-minh/cho-thue-hem-xe-cong-truong-cong-dinh-300m-gia-30tr-id70947117,https://muaban.net/bat-dong-san/cho-thue-nha-dat-ho-chi-minh?page=10,2026-06-03,2026-06-03 14:54:58.569727,10,30,90909.09090909091,0,1
muaban,rent_all,muaban_70947122,muaban_70947122,"Cho thuê trọ ,đũ tiện nghi gần chợ , Aeon , trường học",1800000,"1,8 triệu/tháng",25,NA,"Phường Bình Hưng Hòa B,Quận Bình Tân,TP.HCM",Phường Bình Hưng Hòa B,NA,Quận Bình Tân,1050,Phòng trọ,NA,NA,NA,https://muaban.net/bat-dong-san/cho-thue-nha-tro-phong-tro-quan-binh-tan-ho-chi-minh/cho-thue-tro-du-tien-nghi-gan-cho-aeon-truong-hoc-id70947122,https://muaban.net/bat-dong-san/cho-thue-nha-dat-ho-chi-minh?page=10,2026-06-03,2026-06-03 14:54:58.562726,10,1.8,72000,0,1
muaban,rent_all,muaban_68016011,muaban_68016011,"Cho thuê nhà đường Đoàn Văn Bơ, Phường Xóm Chiếu, Quận 4 cũ, giá 8tr",8000000,8 triệu/tháng,40,1,"Phường 16,Quận 4,TP.HCM",Phường 16,NA,Quận 4,1030,Nhà đất cho thuê,NA,NA,NA,https://muaban.net/bat-dong-san/nha-hem-ngo-quan-4-ho-chi-minh/cho-thue-nha-duong-doan-van-bo-phuong-xom-chieu-quan-4-cu-gia-8tr-id68016011,https://muaban.net/bat-dong-san/cho-thue-nha-dat-ho-chi-minh?page=10,2026-06-03,2026-06-03 14:54:58.555792,10,8,200000,0,1
muaban,rent_all,muaban_69494151,muaban_69494151,"CHO THUÊ NHÀ ĐƯỜNG TRẦN QUANG KHẢI, PHƯỜNG TÂN ĐỊNH, QUẬN 1",6500000,"6,5 triệu/tháng",22,2,"Phường Tân Định,Quận 1,TP.HCM",Phường Tân Định,NA,Quận 1,1030,Nhà đất cho thuê,NA,NA,NA,https://muaban.net/bat-dong-san/nha-hem-ngo-quan-1-ho-chi-minh/cho-thue-nha-duong-tran-quang-khai-phuong-tan-dinh-quan-1-id69494151,https://muaban.net/bat-dong-san/cho-thue-nha-dat-ho-chi-minh?page=10,2026-06-03,2026-06-03 14:54:58.546946,10,6.5,295454.54545454547,0,1
muaban,rent_all,muaban_70945539,muaban_70945539,"CHÍNH CHỦ CHO THUÊ PHÒNG DV TẠI BIỆT THỰ LAVILA KIẾN Á, NHÀ BÈ, 4.3TR",4300000,"4,3 triệu/tháng",26,NA,"Xã Phước Kiển,Huyện Nhà Bè,TP.HCM",Xã Phước Kiển,NA,Huyện Nhà Bè,1010,Căn hộ/Chung cư,NA,NA,NA,https://muaban.net/bat-dong-san/cho-thue-nha-tro-phong-tro-huyen-nha-be-ho-chi-minh/chinh-chu-cho-thue-phong-dv-tai-biet-thu-lavila-kien-a-nha-be-4-3tr-id70945539,https://muaban.net/bat-dong-san/cho-thue-nha-dat-ho-chi-minh?page=10,2026-06-03,2026-06-03 14:54:58.537214,10,4.3,165384.61538461538,0,1
muaban,rent_all,muaban_70947148,muaban_70947148,11tr_4x18m_lửng đẹp_MT Lê Sao_cho thuê nhà Quận Tân Phú,11000000,11 triệu/tháng,72,2,"Phường Phú Thạnh,Quận Tân Phú,TP.HCM",Phường Phú Thạnh,NA,Quận Tân Phú,1030,Nhà đất cho thuê,NA,NA,NA,https://muaban.net/bat-dong-san/nha-mat-tien-quan-tan-phu-ho-chi-minh/11tr-4x18m-lung-dep-mt-le-sao-cho-thue-nha-quan-tan-phu-id70947148,https://muaban.net/bat-dong-san/cho-thue-nha-dat-ho-chi-minh?page=10,2026-06-03,2026-06-03 14:54:58.529123,10,11,152777.77777777778,0,1
muaban,rent_all,muaban_70788809,muaban_70788809,Cho thuê nhà Bình quới Thanh Đa rộng có sân 60m2 lâu dài. Giá rẻ 4tr,4000000,4 triệu/tháng,60,NA,"Phường 28,Quận Bình Thạnh,TP.HCM",Phường 28,NA,Quận Bình Thạnh,1030,Nhà đất cho thuê,NA,NA,NA,https://muaban.net/bat-dong-san/nha-hem-ngo-quan-binh-thanh-ho-chi-minh/cho-thue-nha-binh-quoi-thanh-da-60m2-lau-dai-gia-re-4-5tr-thang-id70788809,https://muaban.net/bat-dong-san/cho-thue-nha-dat-ho-chi-minh?page=10,2026-06-03,2026-06-03 14:54:58.520983,10,4,66666.66666666667,0,1
muaban,rent_all,muaban_70947165,muaban_70947165,Cho thuê nhà Nguyễn Bỉnh Khiêm,4500000,"4,5 triệu/tháng",20,NA,"Phường 1,Quận Gò Vấp,TP.HCM",Phường 1,NA,Quận Gò Vấp,1030,Văn phòng/Mặt bằng,NA,NA,NA,https://muaban.net/bat-dong-san/cho-thue-nha-tro-phong-tro-quan-go-vap-ho-chi-minh/cho-thue-nha-nguye-n-bi-nh-khiem-id70947165,https://muaban.net/bat-dong-san/cho-thue-nha-dat-ho-chi-minh?page=10,2026-06-03,2026-06-03 14:54:58.499312,10,4.5,225000,0,1
muaban,rent_all,muaban_70761815,muaban_70761815,"[CHÍNHCHỦ]Cho thuê biệt thự,Bình Giã,300m2,4PN,4WC,hẻm xe hơi,40triệu",300000000,"[CHÍNHCHỦ]Cho thuê biệt thự,Bình Giã,300m2,4PN,4WC,hẻm xe hơi,40triệu",300,4,TP.HCM,Unknown,NA,Unknown,1030,Nhà đất cho thuê,NA,NA,NA,https://muaban.net/bat-dong-san/biet-thu-villa-quan-tan-binh-ho-chi-minh/chinhchu-cho-thue-biet-thu-binh-gia-300m2-4pn-4wc-hem-xe-hoi-38trieu-id70761815,https://muaban.net/bat-dong-san/cho-thue-nha-dat-ho-chi-minh?page=10,2026-06-03,2026-06-03 14:54:58.485898,10,300,1000000,0,1
muaban,sale_all,muaban_70942361,muaban_70942361,"BÁN NHÀ MẶT TIỀN ĐƯỜNG LÊ LAI, P.4, Q. GÒ VẤP",14000000000,14 tỷ,137,NA,"🌹Bán nhà mặt tiền đường Lê Lai, P.4, Q. Gò Vấp, TPHCM. Nhà nằm gần đường Nguyễn Thái Sơn. Diện tích : 5,26 x 18,6 CN 98m2 Kết cấu : 1 trệt, 1 lầu Giá bán : 14 tỷ ( thương lượng ) ☎️Liên hệ : 0907 - 90. 94. 99",Unknown,NA,Q. Gò Vấp,1020,Nhà ở,NA,NA,NA,https://muaban.net/bat-dong-san/ban-nha-mat-tien-quan-go-vap-ho-chi-minh/ban-nha-mat-tien-duong-le-lai-p-4-q-go-vap-id70942361,https://muaban.net/bat-dong-san/ban-nha-dat-chung-cu-ho-chi-minh?page=10,2026-06-03,2026-06-03 14:54:45.783254,10,14000,102189781.02189781,0,0
muaban,sale_all,muaban_70808354,muaban_70808354,Chủ đăng bán Nhà C4 4x21m đường 12m cách Mega Q6 2km ko tiếp môi giới,7350000000,"7,35 tỷ",82,3,"Quận Bình Tân,TP.HCM",Unknown,NA,Quận Bình Tân,1030,Kho xưởng,NA,NA,NA,https://muaban.net/bat-dong-san/ban-nha-mat-tien-du-an-kdc-nam-hung-vuong-quan-binh-tan-ho-chi-minh/ngaychu-ban-nha-c4-sh-duong16m-ra-mega-binh-phu-2km-ko-tiep-trunggian-id70808354,https://muaban.net/bat-dong-san/ban-nha-dat-chung-cu-ho-chi-minh?page=10,2026-06-03,2026-06-03 14:54:45.776705,10,7350,89634146.34146342,0,0
muaban,sale_all,muaban_70391855,muaban_70391855,"Bán nhà đường nhựa 6m, Võ Văn Tần, P6, Q3 (cũ). DT 4,2m x 18m, 3 lầu",21500000000,"21,5 tỷ",80,5,"Phường 6 (Phường Võ Thị Sáu),Quận 3,TP.HCM",Phường 6 (Phường Võ Thị Sáu),NA,Quận 3,1040,Đất,NA,NA,NA,https://muaban.net/bat-dong-san/ban-nha-hem-ngo-quan-3-ho-chi-minh/ban-nha-duong-nhua-6m-vo-van-tan-p6-q3-cu-dt-4m-x-18m-3-lau-id70391855,https://muaban.net/bat-dong-san/ban-nha-dat-chung-cu-ho-chi-minh?page=10,2026-06-03,2026-06-03 14:54:45.769639,10,21500,268750000,0,0
muaban,sale_all,muaban_70653561,muaban_70653561,Bán đất nền dự án tại Khu dân cư 6B Intresco ven sông mát mẻ,10000000000,10 tỷ,100,NA,"Xã Bình Hưng,Huyện Bình Chánh,TP.HCM",Xã Bình Hưng,NA,Huyện Bình Chánh,1010,Căn hộ/Chung cư,NA,NA,NA,https://muaban.net/bat-dong-san/ban-dat-du-an-khu-dan-cu-huyen-binh-chanh-ho-chi-minh/ban-dat-nen-du-an-tai-khu-dan-cu-6b-intresco-ven-song-mat-me-id70653561,https://muaban.net/bat-dong-san/ban-nha-dat-chung-cu-ho-chi-minh?page=10,2026-06-03,2026-06-03 14:54:45.762843,10,10000,100000000,0,0
muaban,sale_all,muaban_70932455,muaban_70932455,"CC Nguyễn Văn Đậu view Landmark 2 tỷ/2PN sổ sẵn, full nội thất vay 70%",2000000000,"CC Nguyễn Văn Đậu view Landmark 2 tỷ/2PN sổ sẵn, full nội thất vay 70%",50,2,"Phường 5,Quận Bình Thạnh,TP.HCM",Phường 5,NA,Quận Bình Thạnh,1010,Căn hộ/Chung cư,NA,NA,NA,https://muaban.net/bat-dong-san/ban-can-ho-chung-cu-quan-binh-thanh-ho-chi-minh/cc-nguyen-van-dau-view-landmark-2-ty-2pn-so-san-full-noi-that-vay-70-id70932455,https://muaban.net/bat-dong-san/ban-nha-dat-chung-cu-ho-chi-minh?page=10,2026-06-03,2026-06-03 14:54:45.75637,10,2000,40000000,0,0
muaban,sale_all,muaban_70922157,muaban_70922157,"Định cư nước ngoài, Bán gấp Giá rẻ nhà MT hẻm xe hơi P.11, Quận 8",10500000000,"10,5 tỷ",62,NA,"Phường 11,Quận 8,TP.HCM",Phường 11,NA,Quận 8,1020,Nhà ở,NA,NA,NA,https://muaban.net/bat-dong-san/ban-nha-mat-tien-quan-8-ho-chi-minh/dinh-cu-nuoc-ngoai-ban-gap-gia-re-nha-mt-hem-xe-hoi-p-11-quan-8-id70922157,https://muaban.net/bat-dong-san/ban-nha-dat-chung-cu-ho-chi-minh?page=10,2026-06-03,2026-06-03 14:54:45.74746,10,10500,169354838.70967743,0,0
muaban,sale_all,muaban_70757606,muaban_70757606,"Chính chủ bán gấp nhà và đất 1 sẹc cách mặt tiền Đỗ V Dậy 20m, Hóc Môn",8500000000,"8,5 tỷ",803,NA,"Mình chính chủ cần bán gấp nhà và đất 1 xẹt cách mặt tiền Đỗ Văn Dậy chỉ 20m , khu tiềm năng đón đầu cửa Tây của TPHCM . * DT : 12 x 54 nở hậu , tổng diện tích hiện trạng thực tế 803m2 , trong đó có 300m2 thổ cư ( ảnh ) . * Giá cần bán gấp : 8,5tỷ",Unknown,NA,Unknown,1040,Đất,NA,NA,NA,https://muaban.net/bat-dong-san/ban-nha-mat-tien-huyen-hoc-mon-ho-chi-minh/chinh-chu-ban-gap-nha-va-dat-1-sec-cach-mat-tien-do-v-day-20m-hoc-mon-id70757606,https://muaban.net/bat-dong-san/ban-nha-dat-chung-cu-ho-chi-minh?page=10,2026-06-03,2026-06-03 14:54:45.740201,10,8500,10585305.105853051,0,0
muaban,sale_all,muaban_70898761,muaban_70898761,Nhà hẻm 302 Đường Hai bà Trưng phường Tân Định TP HCM cần bán,10000000000,10 tỷ,40,1,"Phường Tân Định,Quận 1,TP.HCM",Phường Tân Định,NA,Quận 1,1030,Kho xưởng,NA,NA,NA,https://muaban.net/bat-dong-san/ban-nha-hem-ngo-quan-1-ho-chi-minh/nha-hem-302-duong-hai-ba-trung-phuong-tan-dinh-tp-hcm-can-ban-id70898761,https://muaban.net/bat-dong-san/ban-nha-dat-chung-cu-ho-chi-minh?page=10,2026-06-03,2026-06-03 14:54:45.733,10,10000,250000000,0,0
muaban,sale_all,muaban_70937340,muaban_70937340,"NHÀ GIÁ RẺ TÂY THẠNH ,TÂN PHÚ ,CẠNH SIÊU THỊ AEON MALL",4050000000,"4,05 tỷ",40,3,"Phường Tây Thạnh,Quận Tân Phú,TP.HCM",Phường Tây Thạnh,NA,Quận Tân Phú,1020,Nhà ở,NA,NA,NA,https://muaban.net/bat-dong-san/ban-nha-hem-ngo-quan-tan-phu-ho-chi-minh/nha-gia-re-tay-thanh-tan-phu-canh-sieu-thi-aeon-mall-id70937340,https://muaban.net/bat-dong-san/ban-nha-dat-chung-cu-ho-chi-minh?page=10,2026-06-03,2026-06-03 14:54:45.726028,10,4050,101250000,0,0
muaban,sale_all,muaban_70365851,muaban_70365851,"4,3 Tỷ Nhà mặt tiền đường số 3 - Linh Xuân, Thủ Đức",4300000000,"4,3 Tỷ Nhà mặt tiền đường số 3 - Linh Xuân, Thủ Đức",60,5,"Phường Linh Xuân,TP. Thủ Đức - Quận Thủ Đức,TP.HCM",Phường Linh Xuân,NA,TP. Thủ Đức - Quận Thủ Đức,1020,Nhà ở,NA,NA,NA,https://muaban.net/bat-dong-san/ban-nha-mat-tien-quan-thu-duc-ho-chi-minh/4-35-ty-nha-mat-tien-duong-so-3-linh-xuan-thu-duc-id70365851,https://muaban.net/bat-dong-san/ban-nha-dat-chung-cu-ho-chi-minh?page=10,2026-06-03,2026-06-03 14:54:45.718701,10,4300,71666666.66666667,0,0
muaban,sale_all,muaban_70933116,muaban_70933116,Bán GẤP Tòa nhà 6x22m-7 tầng - MT Nguyễn Duy Dương (góc Ngô Gia Tự),48500000000,"48,5 tỷ",135,NA,"Phường 4,Quận 10,TP.HCM",Phường 4,NA,Quận 10,1030,Văn phòng/Mặt bằng,NA,NA,NA,https://muaban.net/bat-dong-san/ban-nha-mat-tien-quan-10-ho-chi-minh/ban-gap-toa-nha-6x22m-7-tang-mt-nguyen-duy-duong-goc-ngo-gia-tu-id70933116,https://muaban.net/bat-dong-san/ban-nha-dat-chung-cu-ho-chi-minh?page=10,2026-06-03,2026-06-03 14:54:45.711177,10,48500,359259259.2592593,0,0
muaban,sale_all,muaban_70796210,muaban_70796210,"CẦN BÁN NHÀ TRỊNH QUANG NGHỊ, PHƯỜNG 7, QUẬN 8, SỔ HỒNG CHÍNH CHỦ",8900000000,"8,9 tỷ",120,4,"Cần bán nhà: địa chỉ 108 Đường 105B Trịnh Quang Nghị, Phường 7, Quận 8, Thành phố Hồ Chí Minh - Diện tích: 5x24m = 120m2, 3 lầu, 4 phòng ngủ, 5 toilet, khu dân cư Phú Lợi. Nhà đang cho thuê có dòng tiền ổn định. - Giá : 8,9 tỷ, sổ hồng chính chủ,",Phường 7,NA,Quận 8,1020,Nhà ở,NA,NA,NA,https://muaban.net/bat-dong-san/ban-nha-mat-tien-quan-8-ho-chi-minh/can-ban-nha-trinh-quang-nghi-phuong-7-quan-8-so-hong-chinh-chu-id70796210,https://muaban.net/bat-dong-san/ban-nha-dat-chung-cu-ho-chi-minh?page=10,2026-06-03,2026-06-03 14:54:45.70478,10,8900,74166666.66666667,0,0
muaban,sale_all,muaban_70885789,muaban_70885789,"Bán nhà mới 100% hẻm xe hơi tới nhà đường Lạc Long Quân, P.5, Q.11",4600000000,"4,6 tỷ",22.4,2,"Phường 5,Quận 11,TP.HCM",Phường 5,NA,Quận 11,1020,Nhà ở,NA,NA,NA,https://muaban.net/bat-dong-san/ban-nha-hem-ngo-quan-11-ho-chi-minh/ban-nha-moi-100-hem-xe-hoi-toi-nha-duong-lac-long-quan-p-5-q-11-id70885789,https://muaban.net/bat-dong-san/ban-nha-dat-chung-cu-ho-chi-minh?page=10,2026-06-03,2026-06-03 14:54:45.697964,10,4600,205357142.85714287,0,0
muaban,sale_all,muaban_70826340,muaban_70826340,"NHÀ HXH HOÀNG HOA THÁM.P7.BÌNH THẠNH.DT 36M2.TRỆT,LẦU, 2PN.2WC.6,85 Tỷ",7000000000,"NHÀ HXH HOÀNG HOA THÁM.P7.BÌNH THẠNH.DT 36M2.TRỆT,LẦU, 2PN.2WC.6,85 Tỷ",36,2,"Phường 7,Quận Bình Thạnh,TP.HCM",Phường 7,NA,Quận Bình Thạnh,1020,Nhà ở,NA,NA,NA,https://muaban.net/bat-dong-san/ban-nha-hem-ngo-quan-binh-thanh-ho-chi-minh/nha-hxh-hoang-hoa-tham-p7-binh-thanh-dt-36m2-tret-lau-2pn-2wc-6-85-ty-id70826340,https://muaban.net/bat-dong-san/ban-nha-dat-chung-cu-ho-chi-minh?page=10,2026-06-03,2026-06-03 14:54:45.688484,10,7000,194444444.44444445,0,0
muaban,sale_all,muaban_69678597,muaban_69678597,"Bán nhà MT chính k300 khu vip, p12, k300 dt 8x17m hầm 3 lầu u st",35500000000,"35,5 tỷ",560,5,"Phường 12,Quận Tân Bình,TP.HCM",Phường 12,NA,Quận Tân Bình,1020,Nhà ở,NA,NA,NA,https://muaban.net/bat-dong-san/ban-nha-mat-tien-quan-tan-binh-ho-chi-minh/ban-nha-mt-chinh-k300-khu-vip-p12-k300-dt-8x20m-2-lau-st-id69678597,https://muaban.net/bat-dong-san/ban-nha-dat-chung-cu-ho-chi-minh?page=10,2026-06-03,2026-06-03 14:54:45.679354,10,35500,63392857.14285714,0,0
muaban,sale_all,muaban_70645207,muaban_70645207,"BÁN MẶT TIỀN NGUYỄN DUY TRINH – P. BÌNH TRƯNG ĐÔNG, QUẬN 2",180000000000,180 tỷ,896,5,"Phường Bình Trưng Tây,TP. Thủ Đức - Quận 2,TP.HCM",Phường Bình Trưng Tây,NA,TP. Thủ Đức - Quận 2,1010,Căn hộ/Chung cư,NA,NA,NA,https://muaban.net/bat-dong-san/ban-nha-mat-tien-quan-2-ho-chi-minh/ban-mat-tien-nguyen-duy-trinh-p-binh-trung-dong-quan-2-id70645207,https://muaban.net/bat-dong-san/ban-nha-dat-chung-cu-ho-chi-minh?page=10,2026-06-03,2026-06-03 14:54:45.669829,10,180000,200892857.14285713,0,0
muaban,sale_all,muaban_70942363,muaban_70942363,"🏡 HÀNG HIẾM - NHÀ HẺM 2174 HUỲNH TẤN PHÁT, NHÀ BÈ - GIÁ ƯU ĐÃI",1350000000,"1,35 tỷ",22.8,2,"Xã Phú Xuân,Huyện Nhà Bè,TP.HCM",Xã Phú Xuân,NA,Huyện Nhà Bè,1020,Nhà ở,NA,NA,NA,https://muaban.net/bat-dong-san/ban-nha-hem-ngo-huyen-nha-be-ho-chi-minh/hang-hiem-nha-hem-2174-huynh-tan-phat-nha-be-gia-uu-dai-id70942363,https://muaban.net/bat-dong-san/ban-nha-dat-chung-cu-ho-chi-minh?page=10,2026-06-03,2026-06-03 14:54:45.660996,10,1350,59210526.31578947,0,0
muaban,sale_all,muaban_70929083,muaban_70929083,"Bán nhà Bình Tiên, P.8, Quận 6, ngang 2m dài 8m,",2590000000,"2,59 tỷ",16,NA,"Phường 8,Quận 6,TP.HCM",Phường 8,NA,Quận 6,1020,Nhà ở,NA,NA,NA,https://muaban.net/bat-dong-san/ban-nha-mat-tien-quan-6-ho-chi-minh/ban-nha-binh-tien-p-8-quan-6-ngang-2m-dai-8m-id70929083,https://muaban.net/bat-dong-san/ban-nha-dat-chung-cu-ho-chi-minh?page=10,2026-06-03,2026-06-03 14:54:45.6519,10,2590,161875000,0,0
muaban,sale_all,muaban_70933082,muaban_70933082,"Đất 2 Mặt tiền đường Hoàng Hoa Thám, Phường 7, Bình Thạnh, DT 309,7m2",87000000000,87 tỷ,309.7,NA,"Phường 7,Quận Bình Thạnh,TP.HCM",Phường 7,NA,Quận Bình Thạnh,1040,Đất,NA,NA,NA,https://muaban.net/bat-dong-san/ban-dat-tho-cu-quan-binh-thanh-ho-chi-minh/dat-2-mat-tien-duong-hoang-hoa-tham-phuong-7-binh-thanh-dt-309-7m2-id70933082,https://muaban.net/bat-dong-san/ban-nha-dat-chung-cu-ho-chi-minh?page=10,2026-06-03,2026-06-03 14:54:45.640375,10,87000,280917016.46754926,0,0
muaban,sale_all,muaban_70933070,muaban_70933070,"Biệt Thự Số 8 Nguyễn Thông, P. 7, Quận 3, DT 14,42 x 23m,",330000000000,330 tỷ,341,NA,"Phường 7 (Phường Võ Thị Sáu),Quận 3,TP.HCM",Phường 7 (Phường Võ Thị Sáu),NA,Quận 3,1020,Nhà ở,NA,NA,NA,https://muaban.net/bat-dong-san/ban-nha-mat-tien-quan-3-ho-chi-minh/biet-thu-so-8-nguyen-thong-p-7-quan-3-dt-14-42-x-23m-id70933070,https://muaban.net/bat-dong-san/ban-nha-dat-chung-cu-ho-chi-minh?page=10,2026-06-03,2026-06-03 14:54:45.618188,10,330000,967741935.483871,0,0
muaban,rent_all,muaban_70365098,muaban_70365098,Cho thuê nhà xưởng 4500m2 vừa hết hợp đồng tại ngã ba đông quang,165000000,165 triệu/tháng,4500,NA,"Phường Hiệp Thành,Quận 12,TP.HCM",Phường Hiệp Thành,NA,Quận 12,1040,Đất,NA,NA,NA,https://muaban.net/bat-dong-san/cho-thue-nha-xuong-nha-kho-quan-12-ho-chi-minh/cho-thue-nha-xuong-1200m2-vua-het-hop-dong-tai-nga-ba-dong-quang-id70365098,https://muaban.net/bat-dong-san/cho-thue-nha-dat-ho-chi-minh?page=9,2026-06-03,2026-06-03 14:54:34.281383,9,165,36666.666666666664,0,1
muaban,rent_all,muaban_70800843,muaban_70800843,"Cho thuê nhà Mặt tiền 143 Đường 3 Tháng 2, Q10. DT 4x28- Kết cấu 4 Lầu",80000000,80 triệu/tháng,110,8,"Phường 11,Quận 10,TP.HCM",Phường 11,NA,Quận 10,1030,Nhà đất cho thuê,NA,NA,NA,https://muaban.net/bat-dong-san/nha-mat-tien-quan-10-ho-chi-minh/cho-thue-nha-mat-tien-duong-3-thang-2-q10-dt-4x28-ket-cau-4-lau-id70800843,https://muaban.net/bat-dong-san/cho-thue-nha-dat-ho-chi-minh?page=9,2026-06-03,2026-06-03 14:54:34.274017,9,80,727272.7272727273,0,1
muaban,rent_all,muaban_70635073,muaban_70635073,"Cho thuê nhà MT Âu Cơ, P.9, Q.TB, 4,5 x 16M, 1T-2L, gần chợ Tân Phước",34000000,34 triệu/tháng,72,4,"Phường 9,Quận Tân Bình,TP.HCM",Phường 9,NA,Quận Tân Bình,1030,Kho xưởng,NA,NA,NA,https://muaban.net/bat-dong-san/nha-mat-tien-quan-tan-binh-ho-chi-minh/cho-thue-nha-mt-au-co-p-9-q-tb-4-5-x-16m-1t-2l-gan-cho-tan-phuoc-id70635073,https://muaban.net/bat-dong-san/cho-thue-nha-dat-ho-chi-minh?page=9,2026-06-03,2026-06-03 14:54:34.259902,9,34,472222.22222222225,0,1
muaban,rent_all,muaban_70947235,muaban_70947235,Cho thuê nhà góc 2 MTKD Gò dầu Tân Phú,20000000,20 triệu/tháng,72,NA,"Phường Tân Quý,Quận Tân Phú,TP.HCM",Phường Tân Quý,NA,Quận Tân Phú,1030,Nhà đất cho thuê,NA,NA,NA,https://muaban.net/bat-dong-san/cho-thue-mat-bang-kinh-doanh-quan-tan-phu-ho-chi-minh/cho-thue-nha-goc-2-mtkd-go-dau-tan-phu-id70947235,https://muaban.net/bat-dong-san/cho-thue-nha-dat-ho-chi-minh?page=9,2026-06-03,2026-06-03 14:54:34.252898,9,20,277777.77777777775,0,1
muaban,rent_all,muaban_70910978,muaban_70910978,Cho thuê nhà mặt tiền 182 Nguyễn Thái Bình- Giá 10Tr,10000000,10 triệu/tháng,10,1,"Phường 12,Quận Tân Bình,TP.HCM",Phường 12,NA,Quận Tân Bình,1030,Văn phòng/Mặt bằng,NA,NA,NA,https://muaban.net/bat-dong-san/nha-mat-tien-quan-tan-binh-ho-chi-minh/cho-thue-nha-mat-tien-182-nguyen-thai-binh-gia-10tr-id70910978,https://muaban.net/bat-dong-san/cho-thue-nha-dat-ho-chi-minh?page=9,2026-06-03,2026-06-03 14:54:34.246275,9,10,1000000,0,1
muaban,rent_all,muaban_70947254,muaban_70947254,Cho thuê 2 căn hộ Serenity 259 Điện Biên Phủ Q.3 - 123m2,2000000000,Cho thuê 2 căn hộ Serenity 259 Điện Biên Phủ Q.3 - 123m2,123,NA,TP.HCM,Unknown,NA,Unknown,1010,Căn hộ/Chung cư,NA,NA,NA,https://muaban.net/bat-dong-san/cho-thue-can-ho-chung-cu-du-an-serenity-sky-villas-quan-3-ho-chi-minh/cho-thue-2-can-ho-serenity-259-dien-bien-phu-q-3-123m2-id70947254,https://muaban.net/bat-dong-san/cho-thue-nha-dat-ho-chi-minh?page=9,2026-06-03,2026-06-03 14:54:34.239354,9,2000,16260162.601626016,0,1
muaban,rent_all,muaban_70947296,muaban_70947296,Mình cho thuê căn hộ chung cư nguyễn kim 86m2- 3PN giá 11 triệu,86000000,Mình cho thuê căn hộ chung cư nguyễn kim 86m2- 3PN giá 11 triệu,86,3,TP.HCM,Unknown,NA,Unknown,1010,Căn hộ/Chung cư,NA,NA,NA,https://muaban.net/bat-dong-san/cho-thue-can-ho-chung-cu-du-an-chung-cu-nguyen-kim-quan-10-ho-chi-minh/minh-cho-thue-can-ho-chung-cu-nguyen-kim-86m2-3pn-gia-11-trieu-id70947296,https://muaban.net/bat-dong-san/cho-thue-nha-dat-ho-chi-minh?page=9,2026-06-03,2026-06-03 14:54:34.224579,9,86,1000000,0,1
muaban,rent_all,muaban_70947311,muaban_70947311,"Chung cư Topaz, Trịnh ĐÌnh Thảo, TP: 2p ngủ, nhà trống, 9tr/th",9000000,9 triệu/tháng,75,2,"Quận Tân Phú,TP.HCM",Unknown,NA,Quận Tân Phú,1010,Căn hộ/Chung cư,NA,NA,NA,https://muaban.net/bat-dong-san/cho-thue-can-ho-chung-cu-du-an-topaz-garden-quan-tan-phu-ho-chi-minh/chung-cu-topaz-trinh-dinh-thao-tp-2p-ngu-nha-trong-9tr-th-id70947311,https://muaban.net/bat-dong-san/cho-thue-nha-dat-ho-chi-minh?page=9,2026-06-03,2026-06-03 14:54:34.219282,9,9,120000,0,1
muaban,rent_all,muaban_70947310,muaban_70947310,Cho thuê mặt tiền kinh doanh 120m2,5000000,5 triệu/tháng,120,NA,"Xã Vĩnh Lộc A,Huyện Bình Chánh,TP.HCM",Xã Vĩnh Lộc A,NA,Huyện Bình Chánh,1030,Văn phòng/Mặt bằng,NA,NA,NA,https://muaban.net/bat-dong-san/cho-thue-mat-bang-kinh-doanh-huyen-binh-chanh-ho-chi-minh/cho-thue-mat-tien-kinh-doanh-120m2-id70947310,https://muaban.net/bat-dong-san/cho-thue-nha-dat-ho-chi-minh?page=9,2026-06-03,2026-06-03 14:54:34.212354,9,5,41666.666666666664,0,1
muaban,rent_all,muaban_70947328,muaban_70947328,Chính chủ cho thuê căn hộ Vincom Đồng Khởi Q.1- Tầng 25 view nhà thờ,118000000,118 triệu/tháng,170,2,"Quận 1,TP.HCM",Unknown,NA,Quận 1,1010,Căn hộ/Chung cư,NA,NA,NA,https://muaban.net/bat-dong-san/cho-thue-can-ho-chung-cu-du-an-vincom-center-quan-1-ho-chi-minh/chinh-chu-cho-thue-can-ho-vincom-dong-khoi-q-1-tang-25-view-nha-tho-id70947328,https://muaban.net/bat-dong-san/cho-thue-nha-dat-ho-chi-minh?page=9,2026-06-03,2026-06-03 14:54:34.205364,9,118,694117.6470588235,0,1
muaban,rent_all,muaban_70947330,muaban_70947330,"Chung cư Phú Thọ, Nguyễn Thị Nhỏ, Q11: 75m2, 2p ngủ, NTCB, 10,5tr",10500000,"10,5 triệu/tháng",75,NA,"Quận 11,TP.HCM",Unknown,NA,Quận 11,1010,Căn hộ/Chung cư,NA,NA,NA,https://muaban.net/bat-dong-san/cho-thue-can-ho-chung-cu-du-an-chung-cu-phu-tho-quan-11-ho-chi-minh/chung-cu-phu-tho-nguyen-thi-nho-q11-75m2-2p-ngu-ntcb-10-5tr-id70947330,https://muaban.net/bat-dong-san/cho-thue-nha-dat-ho-chi-minh?page=9,2026-06-03,2026-06-03 14:54:34.197772,9,10.5,140000,0,1
muaban,rent_all,muaban_70947348,muaban_70947348,Cho thuê Văn phòng Office (Tầng 2) tại Nguyễn Thị Thập,7000000,7 triệu/tháng,42,NA,"Phường Tân Phú,Quận 7,TP.HCM",Phường Tân Phú,NA,Quận 7,1030,Văn phòng/Mặt bằng,NA,NA,NA,https://muaban.net/bat-dong-san/cho-thue-officetel-quan-7-ho-chi-minh/cho-thue-van-phong-office-tang-2-tai-nguyen-thi-thap-id70947348,https://muaban.net/bat-dong-san/cho-thue-nha-dat-ho-chi-minh?page=9,2026-06-03,2026-06-03 14:54:34.171877,9,7,166666.66666666666,0,1
muaban,rent_all,muaban_70947354,muaban_70947354,"Cho thuê C/c Ruby Garden căn 87m2, 2p ngủ, nội thất, 10tr/th",10000000,10 triệu/tháng,87,NA,"Quận Tân Bình,TP.HCM",Unknown,NA,Quận Tân Bình,1010,Căn hộ/Chung cư,NA,NA,NA,https://muaban.net/bat-dong-san/cho-thue-can-ho-chung-cu-du-an-ruby-garden-quan-tan-binh-ho-chi-minh/cho-thue-c-c-ruby-garden-can-87m2-2p-ngu-noi-that-10tr-th-id70947354,https://muaban.net/bat-dong-san/cho-thue-nha-dat-ho-chi-minh?page=9,2026-06-03,2026-06-03 14:54:34.164422,9,10,114942.52873563218,0,1
muaban,rent_all,muaban_70947362,muaban_70947362,CHO THUÊ 2700m2 NHÀ XƯỞNG GIÁ 39tr/ tháng .,39000000,39 triệu/tháng,2700,NA,"Xã Nhuận Đức,Huyện Củ Chi,TP.HCM",Xã Nhuận Đức,NA,Huyện Củ Chi,1040,Đất,NA,NA,NA,https://muaban.net/bat-dong-san/cho-thue-nha-xuong-nha-kho-huyen-cu-chi-ho-chi-minh/cho-thue-2700m2-nha-xuong-gia-39tr-thang-id70947362,https://muaban.net/bat-dong-san/cho-thue-nha-dat-ho-chi-minh?page=9,2026-06-03,2026-06-03 14:54:34.155073,9,39,14444.444444444445,0,1
muaban,rent_all,muaban_70947363,muaban_70947363,"CHO THUÊ NHÀ HẺM 3M (BG) N.K.K.NGHĨA, P VÕ THỊ SÁU, Q.3 16TR",16000000,16 triệu/tháng,40,NA,"Phường 7 (Phường Võ Thị Sáu),Quận 3,TP.HCM",Phường 7 (Phường Võ Thị Sáu),NA,Quận 3,1030,Nhà đất cho thuê,NA,NA,NA,https://muaban.net/bat-dong-san/nha-hem-ngo-quan-3-ho-chi-minh/cho-thue-nha-hem-3m-bg-n-k-k-nghia-p-vo-thi-sau-q-3-16tr-id70947363,https://muaban.net/bat-dong-san/cho-thue-nha-dat-ho-chi-minh?page=9,2026-06-03,2026-06-03 14:54:34.145615,9,16,400000,0,1
muaban,rent_all,muaban_70947364,muaban_70947364,"Cho thuê nhà 3 tầng , đường 16m . H- Đông Nam",25000000,25 triệu/tháng,100,4,"Phường An Phú,TP. Thủ Đức - Quận 2,TP.HCM",Phường An Phú,NA,TP. Thủ Đức - Quận 2,1030,Nhà đất cho thuê,NA,NA,NA,https://muaban.net/bat-dong-san/nha-mat-tien-quan-2-ho-chi-minh/cho-thue-nha-3-tang-duong-16m-h-dong-nam-id70947364,https://muaban.net/bat-dong-san/cho-thue-nha-dat-ho-chi-minh?page=9,2026-06-03,2026-06-03 14:54:34.135504,9,25,250000,0,1
muaban,sale_all,muaban_70944561,muaban_70944561,Chính chủ cần bán nhà MT ĐỘC LẬP tiện kinh doanh buôn bán,5700000000,"5,7 tỷ",41,NA,"Phường Phú Thọ Hòa,Quận Tân Phú,TP.HCM",Phường Phú Thọ Hòa,NA,Quận Tân Phú,1020,Nhà ở,NA,NA,NA,https://muaban.net/bat-dong-san/ban-nha-mat-tien-quan-tan-phu-ho-chi-minh/chinh-chu-can-ban-nha-mt-doc-lap-tien-kinh-doanh-buon-ban-id70944561,https://muaban.net/bat-dong-san/ban-nha-dat-chung-cu-ho-chi-minh?page=9,2026-06-03,2026-06-03 14:54:23.620783,9,5700,139024390.24390244,0,0
muaban,sale_all,muaban_70746806,muaban_70746806,"Bán nhà hẻm 8m Vườn Lài 4 x 16m đúc 2 lầu ST giá 8,5 tỷ",8000000000,"Bán nhà hẻm 8m Vườn Lài 4 x 16m đúc 2 lầu ST giá 8,5 tỷ",64,NA,"Phường Tân Thành,Quận Tân Phú,TP.HCM",Phường Tân Thành,NA,Quận Tân Phú,1020,Nhà ở,NA,NA,NA,https://muaban.net/bat-dong-san/ban-nha-hem-ngo-quan-tan-phu-ho-chi-minh/ban-nha-hem-8m-vuon-lai-4-x-16m-duc-2-lau-st-gia-8-5-ty-id70746806,https://muaban.net/bat-dong-san/ban-nha-dat-chung-cu-ho-chi-minh?page=9,2026-06-03,2026-06-03 14:54:23.614168,9,8000,125000000,0,0
muaban,sale_all,muaban_69650951,muaban_69650951,"Chính chủ bán nhà Quang Trung, P.10 Gò Vấp, 5x14.5m, 72m2, giá 5.68 tỷ",10000000000,"Chính chủ bán nhà Quang Trung, P.10 Gò Vấp, 5x14.5m, 72m2, giá 5.68 tỷ",14.5,NA,TP.HCM,Unknown,NA,Unknown,1020,Nhà ở,NA,NA,NA,https://muaban.net/bat-dong-san/ban-nha-hem-ngo-quan-go-vap-ho-chi-minh/chinh-chu-ban-nha-quang-trung-p-10-go-vap-5x14-5m-72m2-gia-6-ty-id69650951,https://muaban.net/bat-dong-san/ban-nha-dat-chung-cu-ho-chi-minh?page=9,2026-06-03,2026-06-03 14:54:23.598151,9,10000,689655172.4137931,0,0
muaban,sale_all,muaban_70945699,muaban_70945699,"Nhà bán hẻm xe tải 6m, 1 trệt, 2 lầu đường thông ra chợ Hoàng Hoa Thám",9800000000,"9,8 tỷ",58,4,"Phường 13,Quận Tân Bình,TP.HCM",Phường 13,NA,Quận Tân Bình,1020,Nhà ở,NA,NA,NA,https://muaban.net/bat-dong-san/ban-nha-hem-ngo-quan-tan-binh-ho-chi-minh/nha-ban-hem-xe-tai-6m-1-tret-2-lau-duong-thong-ra-cho-hoang-hoa-tham-id70945699,https://muaban.net/bat-dong-san/ban-nha-dat-chung-cu-ho-chi-minh?page=9,2026-06-03,2026-06-03 14:54:23.592728,9,9800,168965517.24137932,0,0
muaban,sale_all,muaban_70885630,muaban_70885630,"Bán nhà nát hẻm 6m 50/ Gò Dầu 4 x 20m giá 7,2 tỷ",6000000000,"Bán nhà nát hẻm 6m 50/ Gò Dầu 4 x 20m giá 7,2 tỷ",80,NA,"Phường Tân Sơn Nhì,Quận Tân Phú,TP.HCM",Phường Tân Sơn Nhì,NA,Quận Tân Phú,1020,Nhà ở,NA,NA,NA,https://muaban.net/bat-dong-san/ban-nha-hem-ngo-quan-tan-phu-ho-chi-minh/ban-nha-nat-hem-6m-50-go-dau-4-x-20m-gia-7-2-ty-id70885630,https://muaban.net/bat-dong-san/ban-nha-dat-chung-cu-ho-chi-minh?page=9,2026-06-03,2026-06-03 14:54:23.586256,9,6000,75000000,0,0
muaban,sale_all,muaban_70670423,muaban_70670423,SIÊU PHẨM TRUNG TÂM NGÃ TƯ HÀNG XANH ĐƯỜNG D - XÔ VIẾT NGHỆ TĨNH,5280000000,"5,28 tỷ",28,4,"Phường 25,Quận Bình Thạnh,TP.HCM",Phường 25,NA,Quận Bình Thạnh,1040,Đất,NA,NA,NA,https://muaban.net/bat-dong-san/ban-nha-hem-ngo-quan-binh-thanh-ho-chi-minh/sieu-pham-trung-tam-nga-tu-hang-xanh-duong-d-xo-viet-nghe-tinh-id70670423,https://muaban.net/bat-dong-san/ban-nha-dat-chung-cu-ho-chi-minh?page=9,2026-06-03,2026-06-03 14:54:23.579573,9,5280,188571428.57142857,0,0
muaban,sale_all,muaban_70909647,muaban_70909647,"nhà đúc 2 lầu đường số 3, giáp Thạch Lam , dt: 4x11",4600000000,"4,6 tỷ",44,3,"Phường Bình Hưng Hòa A,Quận Bình Tân,TP.HCM",Phường Bình Hưng Hòa A,NA,Quận Bình Tân,1020,Nhà ở,NA,NA,NA,https://muaban.net/bat-dong-san/ban-nha-hem-ngo-quan-binh-tan-ho-chi-minh/nha-duc-2-lau-duong-so-3-giap-thach-lam-dt-4x11-id70909647,https://muaban.net/bat-dong-san/ban-nha-dat-chung-cu-ho-chi-minh?page=9,2026-06-03,2026-06-03 14:54:23.572832,9,4600,104545454.54545455,0,0
muaban,sale_all,muaban_70942356,muaban_70942356,"Bán lô đất đẹp khu phân lô đồng bộ đường 6m Quang Trung, Gò Vấp, 4x13m",5500000000,"5,5 tỷ",50,NA,"Phường 12,Quận Gò Vấp,TP.HCM",Phường 12,NA,Quận Gò Vấp,1040,Đất,NA,NA,NA,https://muaban.net/bat-dong-san/ban-dat-tho-cu-quan-go-vap-ho-chi-minh/ban-lo-dat-dep-khu-phan-lo-dong-bo-duong-6m-quang-trung-go-vap-4x13m-id70942356,https://muaban.net/bat-dong-san/ban-nha-dat-chung-cu-ho-chi-minh?page=9,2026-06-03,2026-06-03 14:54:23.566083,9,5500,110000000,0,0
muaban,sale_all,muaban_70942413,muaban_70942413,Chủ sang nước ngoài - Bán gấp nhà 56m2 giá 2 TỶ 290 - đường Lê Văn Thọ,56000000000,Chủ sang nước ngoài - Bán gấp nhà 56m2 giá 2 TỶ 290 - đường Lê Văn Thọ,56,NA,TP.HCM,Unknown,NA,Unknown,1020,Nhà ở,NA,NA,NA,https://muaban.net/bat-dong-san/ban-nha-hem-ngo-quan-go-vap-ho-chi-minh/chu-sang-nuoc-ngoai-ban-gap-nha-52m2-gia-2-ty-290-duong-le-van-tho-id70942413,https://muaban.net/bat-dong-san/ban-nha-dat-chung-cu-ho-chi-minh?page=9,2026-06-03,2026-06-03 14:54:23.554142,9,56000,1000000000,0,0
muaban,sale_all,muaban_70735405,muaban_70735405,"Bán nhà 660A/17 Ấp 35, Quốc lộ 1A, xã Bình Chánh, TP.HCM",3000000000,3 tỷ,55,NA,"Bán nhà 660A/17 Ấp 35, Quốc lộ 1A, xã Bình Chánh, TP.HCM",Unknown,NA,Unknown,1030,Kho xưởng,NA,NA,NA,https://muaban.net/bat-dong-san/ban-nha-hem-ngo-huyen-binh-chanh-ho-chi-minh/ban-nha-660a-17-ap-35-quoc-lo-1a-xa-binh-chanh-tp-hcm-id70735405,https://muaban.net/bat-dong-san/ban-nha-dat-chung-cu-ho-chi-minh?page=9,2026-06-03,2026-06-03 14:54:23.546548,9,3000,54545454.54545455,0,0
muaban,sale_all,muaban_70932432,muaban_70932432,"Bán lô đất 365,9m2 đường số 10 Phường Hiệp Bình Chánh Thủ Đức.",13000000000,13 tỷ,365.9,NA,"Phường Hiệp Bình Chánh,TP. Thủ Đức - Quận Thủ Đức,TP.HCM",Phường Hiệp Bình Chánh,NA,TP. Thủ Đức - Quận Thủ Đức,1040,Đất,NA,NA,NA,https://muaban.net/bat-dong-san/ban-dat-tho-cu-quan-thu-duc-ho-chi-minh/ban-lo-dat-365-9m2-duong-so-10-phuong-hiep-binh-chanh-thu-duc-id70932432,https://muaban.net/bat-dong-san/ban-nha-dat-chung-cu-ho-chi-minh?page=9,2026-06-03,2026-06-03 14:54:23.539836,9,13000,35528833.01448484,0,0
muaban,sale_all,muaban_70776644,muaban_70776644,"Cần tiền bán gấp mt lã Xuân oai p long trường q9 15x55m 40,5 tỷ",9000000000,"Cần tiền bán gấp mt lã Xuân oai p long trường q9 15x55m 40,5 tỷ",827,NA,"Phường Long Trường,TP. Thủ Đức - Quận 9,TP.HCM",Phường Long Trường,NA,TP. Thủ Đức - Quận 9,1040,Đất,NA,NA,NA,https://muaban.net/bat-dong-san/ban-dat-tho-cu-quan-9-ho-chi-minh/can-ban-mt-la-xuan-oai-p-long-truong-q9-15x53m-37-ty-id70776644,https://muaban.net/bat-dong-san/ban-nha-dat-chung-cu-ho-chi-minh?page=9,2026-06-03,2026-06-03 14:54:23.532616,9,9000,10882708.585247884,0,0
muaban,sale_all,muaban_70690668,muaban_70690668,"Bán/cho thuê Căn Hộ Chung Cư Phú Thọ, Quận 11 – 64m², full nội thất",3990000000,"3,99 tỷ",64,NA,"Quận 11,TP.HCM",Unknown,NA,Quận 11,1010,Căn hộ/Chung cư,NA,NA,NA,https://muaban.net/bat-dong-san/ban-can-ho-chung-cu-du-an-chung-cu-phu-tho-quan-11-ho-chi-minh/ban-hoac-cho-thue-can-ho-chung-cu-phu-tho-phuong-5-quan-11-64m-id70690668,https://muaban.net/bat-dong-san/ban-nha-dat-chung-cu-ho-chi-minh?page=9,2026-06-03,2026-06-03 14:54:23.525906,9,3990,62343750,0,0
muaban,sale_all,muaban_70941982,muaban_70941982,BÁN NHÀ MẶT TIỀN CHỢ BÌNH TÂY : 1B LÊ TẤN KẾ - P. 2 - Q. 6 - TPHCM,30500000000,"30,5 tỷ",98.4,4,BÁN NHÀ MẶT TIỀN CHỢ BÌNH TÂY : 1B LÊ TẤN KẾ - P. 2 - Q. 6 - TPHCM,Unknown,NA,Unknown,1030,Kho xưởng,NA,NA,NA,https://muaban.net/bat-dong-san/ban-nha-mat-tien-quan-6-ho-chi-minh/ban-nha-mat-tien-cho-binh-tay-1b-le-tan-ke-p-2-q-6-tphcm-id70941982,https://muaban.net/bat-dong-san/ban-nha-dat-chung-cu-ho-chi-minh?page=9,2026-06-03,2026-06-03 14:54:23.517838,9,30500,309959349.5934959,0,0
muaban,sale_all,muaban_70921932,muaban_70921932,Bán nhà hẻm thông 791 Trần Xuân Soạn Quận 7,4800000000,"4,8 tỷ",38.4,3,"Phường Tân Hưng,Quận 7,TP.HCM",Phường Tân Hưng,NA,Quận 7,1020,Nhà ở,NA,NA,NA,https://muaban.net/bat-dong-san/ban-nha-hem-ngo-quan-7-ho-chi-minh/ban-nha-hem-thong-791-tran-xuan-soan-quan-7-id70921932,https://muaban.net/bat-dong-san/ban-nha-dat-chung-cu-ho-chi-minh?page=9,2026-06-03,2026-06-03 14:54:23.50931,9,4800,125000000,0,0
muaban,sale_all,muaban_70944313,muaban_70944313,Giá tốtBán đất hẻm 439 đường Tân Thới Hiệp 21,6150000000,"6,15 tỷ",100,NA,"Phường Tân Thới Hiệp,Quận 12,TP.HCM",Phường Tân Thới Hiệp,NA,Quận 12,1040,Đất,NA,NA,NA,https://muaban.net/bat-dong-san/ban-dat-tho-cu-quan-12-ho-chi-minh/ban-dat-hem-439-duong-tan-thoi-hiep-21-id70944313,https://muaban.net/bat-dong-san/ban-nha-dat-chung-cu-ho-chi-minh?page=9,2026-06-03,2026-06-03 14:54:23.499664,9,6150,61500000,0,0
muaban,rent_all,muaban_70947372,muaban_70947372,Cho thuê mặt bằng mặt tiền đường,15000000,15 triệu/tháng,60,NA,"Phường Tân Hưng,Quận 7,TP.HCM",Phường Tân Hưng,NA,Quận 7,1030,Văn phòng/Mặt bằng,NA,NA,NA,https://muaban.net/bat-dong-san/cho-thue-mat-bang-kinh-doanh-quan-7-ho-chi-minh/cho-thue-mat-bang-mat-tien-duong-id70947372,https://muaban.net/bat-dong-san/cho-thue-nha-dat-ho-chi-minh?page=8,2026-06-03,2026-06-03 14:54:12.271749,8,15,250000,0,1
muaban,rent_all,muaban_70947381,muaban_70947381,"Cho thuê căn 2p ngủ Chung cư Nhiêu Tứ, giá 8,5tr/th",8500000,"8,5 triệu/tháng",65,2,"Phường 7,Quận Phú Nhuận,TP.HCM",Phường 7,NA,Quận Phú Nhuận,1010,Căn hộ/Chung cư,NA,NA,NA,https://muaban.net/bat-dong-san/cho-thue-can-ho-chung-cu-quan-phu-nhuan-ho-chi-minh/cho-thue-can-2p-ngu-chung-cu-nhieu-tu-gia-8-5tr-th-id70947381,https://muaban.net/bat-dong-san/cho-thue-nha-dat-ho-chi-minh?page=8,2026-06-03,2026-06-03 14:54:12.256878,8,8.5,130769.23076923077,0,1
muaban,rent_all,muaban_70947408,muaban_70947408,🏡PHÒNG MỚI XÂY ĐẸP KENG NHIỀU TIỆN ÍCH CÓ THỂ Ở NGAY🏡,3500000,"3,5 triệu/tháng",30,NA,"Phường Bình Hưng Hòa B,Quận Bình Tân,TP.HCM",Phường Bình Hưng Hòa B,NA,Quận Bình Tân,1030,Nhà đất cho thuê,NA,NA,NA,https://muaban.net/bat-dong-san/cho-thue-nha-tro-phong-tro-quan-binh-tan-ho-chi-minh/phong-moi-xay-dep-keng-nhieu-tien-ich-co-the-o-ngay-id70947408,https://muaban.net/bat-dong-san/cho-thue-nha-dat-ho-chi-minh?page=8,2026-06-03,2026-06-03 14:54:12.239888,8,3.5,116666.66666666667,0,1
muaban,rent_all,muaban_70947407,muaban_70947407,📍 Phòng Đẹp Nằm Ngay Lê Văn Quới - Tiện Ra Hoà Bình 📍,4200000,"4,2 triệu/tháng",20,1,"Phường Bình Trị Đông,Quận Bình Tân,TP.HCM",Phường Bình Trị Đông,NA,Quận Bình Tân,1030,Kho xưởng,NA,NA,NA,https://muaban.net/bat-dong-san/khach-san-can-ho-dich-vu-quan-binh-tan-ho-chi-minh/phong-dep-nam-ngay-le-van-quoi-tien-ra-hoa-binh-id70947407,https://muaban.net/bat-dong-san/cho-thue-nha-dat-ho-chi-minh?page=8,2026-06-03,2026-06-03 14:54:12.232443,8,4.2,210000,0,1
muaban,rent_all,muaban_70849553,muaban_70849553,C/hộ 2PN Masteri Thảo Điền giá thuê cực rẻ,17800000,"17,8 triệu/tháng",74,2,"TP. Thủ Đức - Quận 2,TP.HCM",Unknown,NA,TP. Thủ Đức - Quận 2,1030,Nhà đất cho thuê,NA,NA,NA,https://muaban.net/bat-dong-san/cho-thue-can-ho-chung-cu-du-an-masteri-thao-dien-5590-quan-2-ho-chi-minh/c-ho-2pn-masteri-thao-dien-gia-thue-cuc-re-id70849553,https://muaban.net/bat-dong-san/cho-thue-nha-dat-ho-chi-minh?page=8,2026-06-03,2026-06-03 14:54:12.225507,8,17.8,240540.54054054053,0,1
muaban,rent_all,muaban_70947422,muaban_70947422,🥰Cho thuê nhà nguyên căn dài hạn,5000000,5 triệu/tháng,25,1,"Phường Bình Trị Đông,Quận Bình Tân,TP.HCM",Phường Bình Trị Đông,NA,Quận Bình Tân,1030,Kho xưởng,NA,NA,NA,https://muaban.net/bat-dong-san/nha-hem-ngo-quan-binh-tan-ho-chi-minh/cho-thue-nha-nguyen-can-dai-han-id70947422,https://muaban.net/bat-dong-san/cho-thue-nha-dat-ho-chi-minh?page=8,2026-06-03,2026-06-03 14:54:12.217437,8,5,200000,0,1
muaban,rent_all,muaban_70947423,muaban_70947423,PHÒNG GIÁ RẺ NGAY TRƯỜNG CHINH - SIÊU RỘNG - THANG MÁY - MÁY LẠNH,2900000,"2,9 triệu/tháng",30,NA,"Phường Tân Hưng Thuận,Quận 12,TP.HCM",Phường Tân Hưng Thuận,NA,Quận 12,1030,Văn phòng/Mặt bằng,NA,NA,NA,https://muaban.net/bat-dong-san/cho-thue-nha-tro-phong-tro-quan-12-ho-chi-minh/phong-gia-re-ngay-truong-chinh-sieu-rong-thang-may-may-lanh-id70947423,https://muaban.net/bat-dong-san/cho-thue-nha-dat-ho-chi-minh?page=8,2026-06-03,2026-06-03 14:54:12.209941,8,2.9,96666.66666666667,0,1
muaban,rent_all,muaban_70947424,muaban_70947424,Cho Thuê Phòng Có Gác Ngay Đặng Thuỳ Trâm - Bình Lợi - Văn Lang CS3,5500000,"5,5 triệu/tháng",40,2,"Phường 13,Quận Bình Thạnh,TP.HCM",Phường 13,NA,Quận Bình Thạnh,1030,Nhà đất cho thuê,NA,NA,NA,https://muaban.net/bat-dong-san/cho-thue-can-ho-chung-cu-quan-binh-thanh-ho-chi-minh/cho-thue-phong-co-gac-ngay-dang-thuy-tram-binh-loi-van-lang-cs3-id70947424,https://muaban.net/bat-dong-san/cho-thue-nha-dat-ho-chi-minh?page=8,2026-06-03,2026-06-03 14:54:12.202601,8,5.5,137500,0,1
muaban,rent_all,muaban_70947425,muaban_70947425,8 X 10M CĂN GÓC 3 MẶT HẺM NGUYỄN VĂN LUÔNG,15000000,15 triệu/tháng,80,3,"Phường 12,Quận 6,TP.HCM",Phường 12,NA,Quận 6,1030,Nhà đất cho thuê,NA,NA,NA,https://muaban.net/bat-dong-san/nha-hem-ngo-quan-6-ho-chi-minh/8-x-10m-can-goc-3-mat-hem-nguyen-van-luong-id70947425,https://muaban.net/bat-dong-san/cho-thue-nha-dat-ho-chi-minh?page=8,2026-06-03,2026-06-03 14:54:12.195662,8,15,187500,0,1
muaban,rent_all,muaban_70947428,muaban_70947428,CHO THUÊ NHÀ MẶT TIỀN TRUNG TÂM CĂN PHÒNG VÀ NGÂN HÀNG,11110000,"11,11 triệu/tháng",30,3,"Phường 1,Quận Phú Nhuận,TP.HCM",Phường 1,NA,Quận Phú Nhuận,1030,Văn phòng/Mặt bằng,NA,NA,NA,https://muaban.net/bat-dong-san/nha-mat-tien-quan-phu-nhuan-ho-chi-minh/cho-thue-nha-mat-tien-trung-tam-can-phong-va-ngan-hang-id70947428,https://muaban.net/bat-dong-san/cho-thue-nha-dat-ho-chi-minh?page=8,2026-06-03,2026-06-03 14:54:12.188481,8,11.11,370333.3333333333,0,1
muaban,rent_all,muaban_70947432,muaban_70947432,CHO THUÊ STUDIO 38M2 NGUYỄN VĂN ĐẬU - BAN CÔNG - GẦN CHỢ BÀ CHIỂU,6200000,"6,2 triệu/tháng",38,1,"Phường 6,Quận Bình Thạnh,TP.HCM",Phường 6,NA,Quận Bình Thạnh,1030,Văn phòng/Mặt bằng,NA,NA,NA,https://muaban.net/bat-dong-san/khach-san-can-ho-dich-vu-quan-binh-thanh-ho-chi-minh/cho-thue-studio-38m2-nguyen-van-dau-ban-cong-gan-cho-ba-chieu-id70947432,https://muaban.net/bat-dong-san/cho-thue-nha-dat-ho-chi-minh?page=8,2026-06-03,2026-06-03 14:54:12.176394,8,6.2,163157.8947368421,0,1
muaban,rent_all,muaban_70947431,muaban_70947431,Cho thuê phòng trọ giá rẻ khu vực Thủ Đức,1400000,"1,4 triệu/tháng",12.6,NA,"Phường Bình Thọ,TP. Thủ Đức - Quận Thủ Đức,TP.HCM",Phường Bình Thọ,NA,TP. Thủ Đức - Quận Thủ Đức,1050,Phòng trọ,NA,NA,NA,https://muaban.net/bat-dong-san/cho-thue-nha-tro-phong-tro-quan-thu-duc-ho-chi-minh/cho-thue-phong-tro-gia-re-khu-vuc-thu-duc-id70947431,https://muaban.net/bat-dong-san/cho-thue-nha-dat-ho-chi-minh?page=8,2026-06-03,2026-06-03 14:54:12.167944,8,1.4,111111.11111111111,0,1
muaban,rent_all,muaban_70947440,muaban_70947440,"CHO THUÊ NHÀ PHỐ MẶT TIỀN NGUYỄN THỊ THẬP KDC HIM LAM, QUẬN 7",80000000,80 triệu/tháng,450,NA,"Phường Tân Hưng,Quận 7,TP.HCM",Phường Tân Hưng,NA,Quận 7,1040,Đất,NA,NA,NA,https://muaban.net/bat-dong-san/cho-thue-mat-bang-kinh-doanh-quan-7-ho-chi-minh/cho-thue-nha-pho-mat-tien-nguyen-thi-thap-kdc-him-lam-quan-7-id70947440,https://muaban.net/bat-dong-san/cho-thue-nha-dat-ho-chi-minh?page=8,2026-06-03,2026-06-03 14:54:12.153508,8,80,177777.77777777778,0,1
muaban,rent_all,muaban_70947439,muaban_70947439,Cho Thuê Phòng Giá Rẻ Đầy Đủ Nội Thất Ngay Phạm Ngũ Lão Quận 1,4000000,4 triệu/tháng,20,NA,"Phường Phạm Ngũ Lão,Quận 1,TP.HCM",Phường Phạm Ngũ Lão,NA,Quận 1,1030,Nhà đất cho thuê,NA,NA,NA,https://muaban.net/bat-dong-san/cho-thue-nha-tro-phong-tro-quan-1-ho-chi-minh/cho-thue-phong-gia-re-day-du-noi-that-ngay-pham-ngu-lao-quan-1-id70947439,https://muaban.net/bat-dong-san/cho-thue-nha-dat-ho-chi-minh?page=8,2026-06-03,2026-06-03 14:54:12.130472,8,4,200000,0,1
muaban,rent_all,muaban_70947459,muaban_70947459,Ngay Ngã 4! Mặt Tiền Phan Đăng Lưu 240m2 3 Lầu Nhà Mới Có Vỉa Hè,38000000,38 triệu/tháng,240,NA,"Phường 7,Quận Phú Nhuận,TP.HCM",Phường 7,NA,Quận Phú Nhuận,1030,Nhà đất cho thuê,NA,NA,NA,https://muaban.net/bat-dong-san/cho-thue-mat-bang-kinh-doanh-quan-phu-nhuan-ho-chi-minh/ngay-nga-4-mat-tien-phan-dang-luu-240m2-3-lau-nha-moi-co-via-he-id70947459,https://muaban.net/bat-dong-san/cho-thue-nha-dat-ho-chi-minh?page=8,2026-06-03,2026-06-03 14:54:12.104466,8,38,158333.33333333334,0,1
muaban,rent_all,muaban_70947464,muaban_70947464,Cho CHDV 7 PN 7 WC ! Mặt Tiền Hoàng Hoa Thám 250m2 4 Tầng KD Tự Do,32000000,32 triệu/tháng,250,7,"Phường 6,Quận Bình Thạnh,TP.HCM",Phường 6,NA,Quận Bình Thạnh,1030,Nhà đất cho thuê,NA,NA,NA,https://muaban.net/bat-dong-san/cho-thue-mat-bang-kinh-doanh-quan-binh-thanh-ho-chi-minh/cho-chdv-7-pn-7-wc-mat-tien-hoang-hoa-tham-250m2-4-tang-kd-tu-do-id70947464,https://muaban.net/bat-dong-san/cho-thue-nha-dat-ho-chi-minh?page=8,2026-06-03,2026-06-03 14:54:12.037695,8,32,128000,0,1
muaban,rent_all,muaban_70947465,muaban_70947465,18tr ! Mặt Tiền Nguyễn Thiện Thuật Ngang 5m Cho Quán Ăn Sát BùiĐìnhTúy,18000000,18 triệu/tháng,60,NA,"Phường 14,Quận Bình Thạnh,TP.HCM",Phường 14,NA,Quận Bình Thạnh,1030,Văn phòng/Mặt bằng,NA,NA,NA,https://muaban.net/bat-dong-san/cho-thue-mat-bang-kinh-doanh-quan-binh-thanh-ho-chi-minh/18tr-mat-tien-nguyen-thien-thuat-ngang-5m-cho-quan-an-sat-buidinhtuy-id70947465,https://muaban.net/bat-dong-san/cho-thue-nha-dat-ho-chi-minh?page=8,2026-06-03,2026-06-03 14:54:12.02835,8,18,300000,0,1
muaban,rent_all,muaban_70947462,muaban_70947462,CHO THUÊ CĂN HỘ RICHMOND CITY – FULL NỘI THẤT – Ở NGAY,9000000,9 triệu/tháng,53,1,"Quận Bình Thạnh,TP.HCM",Unknown,NA,Quận Bình Thạnh,1010,Căn hộ/Chung cư,NA,NA,NA,https://muaban.net/bat-dong-san/cho-thue-can-ho-chung-cu-du-an-richmond-city-quan-binh-thanh-ho-chi-minh/cho-thue-can-ho-richmond-city-full-noi-that-o-ngay-id70947462,https://muaban.net/bat-dong-san/cho-thue-nha-dat-ho-chi-minh?page=8,2026-06-03,2026-06-03 14:54:12.020239,8,9,169811.320754717,0,1
muaban,sale_all,muaban_70939529,muaban_70939529,"HẠ GẤP 2 TỶ , BÁN ĐỊNH CƯ , GIÁP QUẬN 10 , 70m2 NGANG 5m NỞ HẬU .",2000000000,"HẠ GẤP 2 TỶ , BÁN ĐỊNH CƯ , GIÁP QUẬN 10 , 70m2 NGANG 5m NỞ HẬU .",70,NA,TP.HCM,Unknown,NA,Unknown,1020,Nhà ở,NA,NA,NA,https://muaban.net/bat-dong-san/ban-nha-hem-ngo-quan-tan-binh-ho-chi-minh/ha-gap-2-ty-ban-dinh-cu-giap-quan-10-70m2-ngang-5m-no-hau-id70939529,https://muaban.net/bat-dong-san/ban-nha-dat-chung-cu-ho-chi-minh?page=8,2026-06-03,2026-06-03 14:54:01.499687,8,2000,28571428.57142857,0,0
muaban,sale_all,muaban_70929657,muaban_70929657,MẶT TIỀN NGUYỄN SUÝ - NGAY CHỢ NGUYỄN SUÝ TÂN PHÚ 10.9 TỶ,10900000000,MẶT TIỀN NGUYỄN SUÝ - NGAY CHỢ NGUYỄN SUÝ TÂN PHÚ 10.9 TỶ,52,4,"Phường Tân Quý,Quận Tân Phú,TP.HCM",Phường Tân Quý,NA,Quận Tân Phú,1030,Văn phòng/Mặt bằng,NA,NA,NA,https://muaban.net/bat-dong-san/ban-nha-mat-tien-quan-tan-phu-ho-chi-minh/mat-tien-nguyen-suy-ngay-cho-nguyen-suy-tan-phu-10-9-ty-id70929657,https://muaban.net/bat-dong-san/ban-nha-dat-chung-cu-ho-chi-minh?page=8,2026-06-03,2026-06-03 14:54:01.493603,8,10900,209615384.6153846,0,0
muaban,sale_all,muaban_69507730,muaban_69507730,"Bán nhà 161D/104/70 nhà 3MT đường Lạc Long Quân, P.3, Q.11",1500000000,"1,5 tỷ",12,NA,"Phường 3,Quận 11,TP.HCM",Phường 3,NA,Quận 11,1020,Nhà ở,NA,NA,NA,https://muaban.net/bat-dong-san/ban-nha-hem-ngo-quan-11-ho-chi-minh/ban-nha-161d-104-70-nha-3mt-duong-lac-long-quan-p-3-q-11-id69507730,https://muaban.net/bat-dong-san/ban-nha-dat-chung-cu-ho-chi-minh?page=8,2026-06-03,2026-06-03 14:54:01.486632,8,1500,125000000,0,0
muaban,sale_all,muaban_70857129,muaban_70857129,Bán nhà hẻm 6m 437/3 Hoàng Văn Thụ 45m2 3 tầng giá 4 tỷ,6000000000,Bán nhà hẻm 6m 437/3 Hoàng Văn Thụ 45m2 3 tầng giá 4 tỷ,6,NA,TP.HCM,Unknown,NA,Unknown,1020,Nhà ở,NA,NA,NA,https://muaban.net/bat-dong-san/ban-nha-hem-ngo-quan-tan-binh-ho-chi-minh/ban-nha-437-3-hoang-van-thu-45m2-3-tang-gia-4-ty-id70857129,https://muaban.net/bat-dong-san/ban-nha-dat-chung-cu-ho-chi-minh?page=8,2026-06-03,2026-06-03 14:54:01.478766,8,6000,1000000000,0,0
muaban,sale_all,muaban_70921945,muaban_70921945,Bán nhà hẻm 3m Hoàng Quốc Việt Quận 7,1250000000,"1,25 tỷ",18,2,"Phường Phú Thuận,Quận 7,TP.HCM",Phường Phú Thuận,NA,Quận 7,1020,Nhà ở,NA,NA,NA,https://muaban.net/bat-dong-san/ban-nha-hem-ngo-quan-7-ho-chi-minh/ban-nha-hem-3m-hoang-quoc-viet-quan-7-id70921945,https://muaban.net/bat-dong-san/ban-nha-dat-chung-cu-ho-chi-minh?page=8,2026-06-03,2026-06-03 14:54:01.473065,8,1250,69444444.44444445,0,0
muaban,sale_all,muaban_70921939,muaban_70921939,Bán nhà sổ hồng riêng Nguyễn Văn Quỳ Quận 7,2350000000,"2,35 tỷ",17,3,"Phường Phú Thuận,Quận 7,TP.HCM",Phường Phú Thuận,NA,Quận 7,1030,Kho xưởng,NA,NA,NA,https://muaban.net/bat-dong-san/ban-nha-hem-ngo-quan-7-ho-chi-minh/ban-nha-so-hong-rieng-nguyen-van-quy-quan-7-id70921939,https://muaban.net/bat-dong-san/ban-nha-dat-chung-cu-ho-chi-minh?page=8,2026-06-03,2026-06-03 14:54:01.46137,8,2350,138235294.11764705,0,0
muaban,sale_all,muaban_70893370,muaban_70893370,"Chính chủ bán đất Thủ Đức, số 10 Đường 41 – 98.71m², full thổ cư",8390000000.000001,"8,39 tỷ",98.71,NA,"Chính chủ cần bán đất tại số 10, Đường 41, Phường Thủ Đức, TP.HCM. Diện tích 98.71m², ngang 4m, dài 24m, full thổ cư, sổ hồng riêng. Nhà đất hướng Tây Bắc, đường vào rộng 5m, ô tô quay đầu thoải mái. Vị trí rất thuận tiện, cách đường Phạm Văn Đồng",Phường Thủ Đức,NA,Phường Thủ Đức,1040,Đất,NA,NA,NA,https://muaban.net/bat-dong-san/ban-dat-tho-cu-quan-thu-duc-ho-chi-minh/chinh-chu-ban-dat-thu-duc-so-10-duong-41-98-71m-full-tho-cu-id70893370,https://muaban.net/bat-dong-san/ban-nha-dat-chung-cu-ho-chi-minh?page=8,2026-06-03,2026-06-03 14:54:01.454773,8,8390.000000000002,84996454.25995341,0,0
muaban,sale_all,muaban_70833961,muaban_70833961,"nhà cấp 4, 68m2, 2 PN,Phước Kiển, Giá 1,55 tỷ",4000000000,"nhà cấp 4, 68m2, 2 PN,Phước Kiển, Giá 1,55 tỷ",68,2,TP.HCM,Unknown,NA,Unknown,1020,Nhà ở,NA,NA,NA,https://muaban.net/bat-dong-san/ban-nha-hem-ngo-huyen-nha-be-ho-chi-minh/nha-cap-4-68m2-2-pn-phuoc-kien-gia-1-55-ty-id70833961,https://muaban.net/bat-dong-san/ban-nha-dat-chung-cu-ho-chi-minh?page=8,2026-06-03,2026-06-03 14:54:01.44721,8,4000,58823529.4117647,0,0
muaban,sale_all,muaban_70939169,muaban_70939169,"Chình chủ cần bán căn hộ chung cư Thuận Việt Quận 11, diện tích 98m2,",6500000000,"6,5 tỷ",98,NA,"Bán gấp CC 3PN Đẹp, 6,5 tỷ, 98m² tại Lý Thường Kiệt, Q11, HCM. Căn hộ chung cư Thuận Việt. Đường Lý Thường Kiệt, Phường Phú Thọ, Hồ Chí Minh (địa chỉ cũ: Quận 11, Hồ Chí Minh), với diện tích 98m², giá bán chỉ 6,5 tỷ. Có 3PN, 2WC, nội thất đầy đủ,",Phường Phú Thọ,NA,Hồ Chí Minh (địa chỉ cũ: Quận 11,1010,Căn hộ/Chung cư,NA,NA,NA,https://muaban.net/bat-dong-san/ban-can-ho-chung-cu-du-an-chung-cu-phu-tho-thuan-viet-quan-11-ho-chi-minh/chinh-chu-can-ban-can-ho-chung-cu-thuan-viet-quan-11-dien-tich-98m2-id70939169,https://muaban.net/bat-dong-san/ban-nha-dat-chung-cu-ho-chi-minh?page=8,2026-06-03,2026-06-03 14:54:01.4415,8,6500,66326530.6122449,0,0
muaban,sale_all,muaban_70482885,muaban_70482885,"Bán nhà mới 100%, Phú Thọ Hòa - Lạc Long Quân, Phường 5, Quận 11",2000000000,2 tỷ,11.2,NA,"Phường 5,Quận 11,TP.HCM",Phường 5,NA,Quận 11,1020,Nhà ở,NA,NA,NA,https://muaban.net/bat-dong-san/ban-nha-hem-ngo-quan-11-ho-chi-minh/ban-nha-phu-tho-hoa-lac-long-quan-phuong-5-quan-11-id70482885,https://muaban.net/bat-dong-san/ban-nha-dat-chung-cu-ho-chi-minh?page=8,2026-06-03,2026-06-03 14:54:01.433301,8,2000,178571428.5714286,0,0
muaban,sale_all,muaban_70944294,muaban_70944294,"Duy nhất có 102 , Nhà Dương Quảng Hàm 59m2 chỉ 2 Tỷ 890tr- Sổ hồng riê",102000000000,"Duy nhất có 102 , Nhà Dương Quảng Hàm 59m2 chỉ 2 Tỷ 890tr- Sổ hồng riê",59,NA,TP.HCM,Unknown,NA,Unknown,1020,Nhà ở,NA,NA,NA,https://muaban.net/bat-dong-san/ban-nha-mat-tien-quan-go-vap-ho-chi-minh/duy-nhat-co-102-nha-duong-quang-ham-59m2-chi-2-ty-890tr-so-hong-rie-id70944294,https://muaban.net/bat-dong-san/ban-nha-dat-chung-cu-ho-chi-minh?page=8,2026-06-03,2026-06-03 14:54:01.426565,8,102000,1728813559.322034,0,0
muaban,sale_all,muaban_70932394,muaban_70932394,"Nhà Ngay Chợ Hiệp Thành,ht13, 5x6,5m,1 lầu 2 PN, ban công,nhà đẹp",1850000000,"1,85 tỷ",32.5,2,"Phường Hiệp Thành,Quận 12,TP.HCM",Phường Hiệp Thành,NA,Quận 12,1020,Nhà ở,NA,NA,NA,https://muaban.net/bat-dong-san/ban-nha-hem-ngo-quan-12-ho-chi-minh/nha-ngay-cho-hiep-thanh-ht13-5x6-5m-1-lau-2-pn-ban-cong-nha-dep-id70932394,https://muaban.net/bat-dong-san/ban-nha-dat-chung-cu-ho-chi-minh?page=8,2026-06-03,2026-06-03 14:54:01.42127,8,1850,56923076.92307692,0,0
muaban,sale_all,muaban_70696003,muaban_70696003,"CHÍNH CHỦ BÁN NHÀ 145,8 m2, NGUYỄN THỊ THẢNH, HM, HẺM XE TẢI,",4950000000,"4,95 tỷ",145.8,NA,"Xã Thới Tam Thôn,Huyện Hóc Môn,TP.HCM",Xã Thới Tam Thôn,NA,Huyện Hóc Môn,1020,Nhà ở,NA,NA,NA,https://muaban.net/bat-dong-san/ban-nha-hem-ngo-huyen-hoc-mon-ho-chi-minh/chinh-chu-ba-n-nha-145-8-m2-nguyen-thi-thanh-hm-he-m-xe-tai-id70696003,https://muaban.net/bat-dong-san/ban-nha-dat-chung-cu-ho-chi-minh?page=8,2026-06-03,2026-06-03 14:54:01.414018,8,4950,33950617.28395061,0,0
muaban,sale_all,muaban_70939147,muaban_70939147,"Bán Toà nhà 1 Hầm, 8 Tầng MT Lê Văn Duyệt. P1. Bình Thạnh",220000000000,220 tỷ,450,NA,"Phường 1,Quận Bình Thạnh,TP.HCM",Phường 1,NA,Quận Bình Thạnh,1020,Nhà ở,NA,NA,NA,https://muaban.net/bat-dong-san/ban-nha-mat-tien-quan-binh-thanh-ho-chi-minh/ban-toa-nha-1-ham-8-tang-mt-le-van-duyet-p1-binh-thanh-id70939147,https://muaban.net/bat-dong-san/ban-nha-dat-chung-cu-ho-chi-minh?page=8,2026-06-03,2026-06-03 14:54:01.406262,8,220000,488888888.8888889,0,0
muaban,sale_all,muaban_70933042,muaban_70933042,"Bán biệt Thự 38/ Trần Khắc Chân, P.Tân Định, Quận 1, DT 13x20m, 85 tỷ",38000000000,"Bán biệt Thự 38/ Trần Khắc Chân, P.Tân Định, Quận 1, DT 13x20m, 85 tỷ",264,NA,"Phường Tân Định,Quận 1,TP.HCM",Phường Tân Định,NA,Quận 1,1020,Nhà ở,NA,NA,NA,https://muaban.net/bat-dong-san/ban-biet-thu-villa-penthouse-quan-1-ho-chi-minh/ban-biet-thu-38-tran-khac-chan-p-tan-dinh-quan-1-dt-13x20m-85-ty-id70933042,https://muaban.net/bat-dong-san/ban-nha-dat-chung-cu-ho-chi-minh?page=8,2026-06-03,2026-06-03 14:54:01.390635,8,38000,143939393.93939394,0,0
muaban,sale_all,muaban_70945597,muaban_70945597,Bán NHà MTKD Độc lập 78m2 Ngân hàng Hỗ Trợ 10 tỷ,78000000000,Bán NHà MTKD Độc lập 78m2 Ngân hàng Hỗ Trợ 10 tỷ,78,NA,TP.HCM,Unknown,NA,Unknown,1020,Nhà ở,NA,NA,NA,https://muaban.net/bat-dong-san/ban-nha-mat-tien-quan-tan-phu-ho-chi-minh/ban-nha-mtkd-doc-lap-78m2-ngan-hang-ho-tro-10-ty-id70945597,https://muaban.net/bat-dong-san/ban-nha-dat-chung-cu-ho-chi-minh?page=8,2026-06-03,2026-06-03 14:54:01.381922,8,78000,1000000000,0,0
muaban,sale_all,muaban_70580449,muaban_70580449,"Bán nhà hẻm 5m Gò Dầu 4,3 x 13m gác lửng giá 5,9 tỷ",5000000000,"Bán nhà hẻm 5m Gò Dầu 4,3 x 13m gác lửng giá 5,9 tỷ",52,NA,"Phường Phú Thọ Hòa,Quận Tân Phú,TP.HCM",Phường Phú Thọ Hòa,NA,Quận Tân Phú,1020,Nhà ở,NA,NA,NA,https://muaban.net/bat-dong-san/ban-nha-hem-ngo-quan-tan-phu-ho-chi-minh/ban-nha-hem-5m-go-dau-4-x-13m-gac-lung-gia-5-9-ty-id70580449,https://muaban.net/bat-dong-san/ban-nha-dat-chung-cu-ho-chi-minh?page=8,2026-06-03,2026-06-03 14:54:01.375624,8,5000,96153846.15384616,0,0
muaban,sale_all,muaban_70942404,muaban_70942404,Chủ về quê cần bán gấp nhà 52m2 đường Lê Đức Thọ giá 2 TỶ 290 hẻm oto,52000000000,Chủ về quê cần bán gấp nhà 52m2 đường Lê Đức Thọ giá 2 TỶ 290 hẻm oto,52,NA,TP.HCM,Unknown,NA,Unknown,1020,Nhà ở,NA,NA,NA,https://muaban.net/bat-dong-san/ban-nha-hem-ngo-quan-go-vap-ho-chi-minh/chu-ve-que-can-ban-gap-nha-52m2-duong-le-duc-tho-gia-2-ty-290-hem-oto-id70942404,https://muaban.net/bat-dong-san/ban-nha-dat-chung-cu-ho-chi-minh?page=8,2026-06-03,2026-06-03 14:54:01.351773,8,52000,1000000000,0,0
muaban,rent_all,muaban_70947463,muaban_70947463,Ngay Ngã 4 ! MặT Tiền Đinh Bộ Lĩnh 200m2 Ngay Đèn Xanh Đỏ Nguyễn Xí,17000000,17 triệu/tháng,200,NA,"Phường 26,Quận Bình Thạnh,TP.HCM",Phường 26,NA,Quận Bình Thạnh,1030,Nhà đất cho thuê,NA,NA,NA,https://muaban.net/bat-dong-san/cho-thue-mat-bang-kinh-doanh-quan-binh-thanh-ho-chi-minh/ngay-nga-4-mat-tien-dinh-bo-linh-200m2-ngay-den-xanh-do-nguyen-xi-id70947463,https://muaban.net/bat-dong-san/cho-thue-nha-dat-ho-chi-minh?page=7,2026-06-03,2026-06-03 14:53:49.632935,7,17,85000,0,1
muaban,rent_all,muaban_70947480,muaban_70947480,"Mặt bằng 21m² Quận 10 gần chợ, đông khách vãng lai",17000000,17 triệu/tháng,21,NA,"Phường 8,Quận 10,TP.HCM",Phường 8,NA,Quận 10,1030,Văn phòng/Mặt bằng,NA,NA,NA,https://muaban.net/bat-dong-san/cho-thue-mat-bang-kinh-doanh-quan-10-ho-chi-minh/mat-bang-21m-quan-10-gan-cho-dong-khach-vang-lai-id70947480,https://muaban.net/bat-dong-san/cho-thue-nha-dat-ho-chi-minh?page=7,2026-06-03,2026-06-03 14:53:49.62606,7,17,809523.8095238095,0,1
muaban,rent_all,muaban_70947477,muaban_70947477,Cho thuê nhà mặt tiền nguyên căn,12000000,12 triệu/tháng,80,3,"Phường Bình Hưng Hòa A,Quận Bình Tân,TP.HCM",Phường Bình Hưng Hòa A,NA,Quận Bình Tân,1040,Đất,NA,NA,NA,https://muaban.net/bat-dong-san/nha-mat-tien-quan-binh-tan-ho-chi-minh/cho-thue-nha-mat-tien-nguyen-can-id70947477,https://muaban.net/bat-dong-san/cho-thue-nha-dat-ho-chi-minh?page=7,2026-06-03,2026-06-03 14:53:49.616088,7,12,150000,0,1
muaban,rent_all,muaban_70947492,muaban_70947492,Mặt Tiền Hoa Sứ ngang 4.5m 8 P.Ngủ Kinh Doanh Tự DO Đối Diện Copmart,48000000,48 triệu/tháng,400,NA,"Phường 7,Quận Phú Nhuận,TP.HCM",Phường 7,NA,Quận Phú Nhuận,1030,Nhà đất cho thuê,NA,NA,NA,https://muaban.net/bat-dong-san/cho-thue-mat-bang-kinh-doanh-quan-phu-nhuan-ho-chi-minh/mat-tien-hoa-su-ngang-4-5m-8-p-ngu-kinh-doanh-tu-do-doi-dien-copmart-id70947492,https://muaban.net/bat-dong-san/cho-thue-nha-dat-ho-chi-minh?page=7,2026-06-03,2026-06-03 14:53:49.609404,7,48,120000,0,1
muaban,rent_all,muaban_70947494,muaban_70947494,Cho thuê mặt bằng kinh doanh tự do khu dân cư đông đúc,4500000,"4,5 triệu/tháng",24,NA,"CHO THUÊ MẶT BẰNG KINH DOANH - 4,5 TRIỆU/THÁNG Địa chỉ: 57 đường T6 phường Tây Thạnh quận Tân Phú TPHCM Mặt bằng phù hợp bán đồ ăn sáng, thức ăn nhanh, trà sữa, nước uống, ăn vặt hoặc kinh doanh tự do. 📍 Nằm trên trục đường chính của khu dân cư",Unknown,NA,5 TRIỆU/THÁNG Địa chỉ: 57 đường T6 phường Tây Thạnh quận Tân Phú TPHCM Mặt bằng phù hợp bán đồ ăn sáng,1030,Văn phòng/Mặt bằng,NA,NA,NA,https://muaban.net/bat-dong-san/cho-thue-mat-bang-kinh-doanh-quan-tan-phu-ho-chi-minh/cho-thue-mat-bang-kinh-doanh-tu-do-khu-dan-cu-dong-duc-id70947494,https://muaban.net/bat-dong-san/cho-thue-nha-dat-ho-chi-minh?page=7,2026-06-03,2026-06-03 14:53:49.602857,7,4.5,187500,0,1
muaban,rent_all,muaban_70947493,muaban_70947493,Cho Thuê Phòng Giá Rẻ Cửa Sổ Trời Gần Khu Celadon Aeon Mall Tân Phú,3500000,"3,5 triệu/tháng",30,NA,"Phường Sơn Kỳ,Quận Tân Phú,TP.HCM",Phường Sơn Kỳ,NA,Quận Tân Phú,1030,Kho xưởng,NA,NA,NA,https://muaban.net/bat-dong-san/cho-thue-nha-tro-phong-tro-quan-tan-phu-ho-chi-minh/cho-thue-phong-gia-re-cua-so-troi-gan-khu-celadon-aeon-mall-tan-phu-id70947493,https://muaban.net/bat-dong-san/cho-thue-nha-dat-ho-chi-minh?page=7,2026-06-03,2026-06-03 14:53:49.596312,7,3.5,116666.66666666667,0,1
muaban,rent_all,muaban_70947528,muaban_70947528,"cho thuê nhà mặt tiền 4X25M - 2 tầng - Tân Chánh Hiệp 8, Quận 12",10000000,10 triệu/tháng,80,2,"Phường Tân Chánh Hiệp,Quận 12,TP.HCM",Phường Tân Chánh Hiệp,NA,Quận 12,1030,Văn phòng/Mặt bằng,NA,NA,NA,https://muaban.net/bat-dong-san/nha-mat-tien-quan-12-ho-chi-minh/cho-thue-nha-mat-tien-4x25m-2-tang-tan-chanh-hiep-8-quan-12-id70947528,https://muaban.net/bat-dong-san/cho-thue-nha-dat-ho-chi-minh?page=7,2026-06-03,2026-06-03 14:53:49.588953,7,10,125000,0,1
muaban,rent_all,muaban_70947540,muaban_70947540,"Phòng full nội thất, máy lạnh (1 người ở)",2100000,"2,1 triệu/tháng",10,NA,"Phường Hiệp Bình Chánh,TP. Thủ Đức - Quận Thủ Đức,TP.HCM",Phường Hiệp Bình Chánh,NA,TP. Thủ Đức - Quận Thủ Đức,1050,Phòng trọ,NA,NA,NA,https://muaban.net/bat-dong-san/cho-thue-nha-tro-phong-tro-quan-thu-duc-ho-chi-minh/phong-full-noi-that-may-lanh-1-nguoi-o-id70947540,https://muaban.net/bat-dong-san/cho-thue-nha-dat-ho-chi-minh?page=7,2026-06-03,2026-06-03 14:53:49.582282,7,2.1,210000,0,1
muaban,rent_all,muaban_70947556,muaban_70947556,"cho thuê nhà mới xây mặt tiền Cách mạng tháng 8, p5.",45000000,45 triệu/tháng,100,5,"Phường 5,Quận Tân Bình,TP.HCM",Phường 5,NA,Quận Tân Bình,1030,Nhà đất cho thuê,NA,NA,NA,https://muaban.net/bat-dong-san/nha-mat-tien-quan-tan-binh-ho-chi-minh/cho-thue-nha-moi-xay-mat-tien-cach-mang-thang-8-p5-id70947556,https://muaban.net/bat-dong-san/cho-thue-nha-dat-ho-chi-minh?page=7,2026-06-03,2026-06-03 14:53:49.575488,7,45,450000,0,1
muaban,rent_all,muaban_70947558,muaban_70947558,MẶT TIỀN NGANG 18M - 4 TẦNG GÀN CHỢ BẾN THÀNH,180000000,180 triệu/tháng,180,NA,"Phường Nguyễn Thái Bình,Quận 1,TP.HCM",Phường Nguyễn Thái Bình,NA,Quận 1,1030,Văn phòng/Mặt bằng,NA,NA,NA,https://muaban.net/bat-dong-san/cho-thue-mat-bang-kinh-doanh-quan-1-ho-chi-minh/mat-tien-ngang-18m-4-tang-gan-cho-ben-thanh-id70947558,https://muaban.net/bat-dong-san/cho-thue-nha-dat-ho-chi-minh?page=7,2026-06-03,2026-06-03 14:53:49.568856,7,180,1000000,0,1
muaban,rent_all,muaban_70947559,muaban_70947559,STUDIO 2 CỬA SỔ TRỜI FULL NỘI THẤT NGAY TRUNG TÂM Q7,3900000,"3,9 triệu/tháng",30,1,"Dự án: Thông tin chi tiết: CHO THUÊ CĂN HỘ Quận 7 Vị Trí: Đường 458 Huỳnh Tấn Phát , Phường Bình Thuận, Quận 7, Hồ Chí Minh. ✔️ Studio full hết nội thất 4.2 ✔️ Studio chỉ máy lạnh 3.9 // TIỆN ÍCH TOÀ NHÀ - Bảo vệ 24/7 & An ninh - Có 2 Thang máy",Phường Bình Thuận,NA,Quận 7,1010,Căn hộ/Chung cư,NA,NA,NA,https://muaban.net/bat-dong-san/khach-san-can-ho-dich-vu-quan-7-ho-chi-minh/studio-2-cua-so-troi-full-noi-that-ngay-trung-tam-q7-id70947559,https://muaban.net/bat-dong-san/cho-thue-nha-dat-ho-chi-minh?page=7,2026-06-03,2026-06-03 14:53:49.560017,7,3.9,130000,0,1
muaban,rent_all,muaban_70947561,muaban_70947561,"Nhà 4 tầng Mặt tiền Phạm Văn Chí, 4m x 9m, 3PN, 2WC, nhà còn mới đẹp",11000000,11 triệu/tháng,36,2,"Phường 4,Quận 6,TP.HCM",Phường 4,NA,Quận 6,1040,Đất,NA,NA,NA,https://muaban.net/bat-dong-san/nha-mat-tien-quan-6-ho-chi-minh/nha-4-tang-mat-tien-pham-van-chi-4m-x-9m-3pn-2wc-nha-con-moi-dep-id70947561,https://muaban.net/bat-dong-san/cho-thue-nha-dat-ho-chi-minh?page=7,2026-06-03,2026-06-03 14:53:49.552985,7,11,305555.55555555556,0,1
muaban,rent_all,muaban_70627836,muaban_70627836,"Cho thuê căn hộ 90m2, 13.5 triệu, 2PN, 2WC tại Cao ốc Lương Định Của",90000000,"Cho thuê căn hộ 90m2, 13.5 triệu, 2PN, 2WC tại Cao ốc Lương Định Của",90,2,TP.HCM,Unknown,NA,Unknown,1010,Căn hộ/Chung cư,NA,NA,NA,https://muaban.net/bat-dong-san/cho-thue-can-ho-chung-cu-du-an-chung-cu-cao-cap-luong-dinh-cua-quan-2-ho-chi-minh/cho-thue-can-ho-90m2-12-trieu-vnd-2pn-2wc-tai-cao-oc-luong-dinh-cua-id70627836,https://muaban.net/bat-dong-san/cho-thue-nha-dat-ho-chi-minh?page=7,2026-06-03,2026-06-03 14:53:49.546406,7,90,1000000,0,1
muaban,rent_all,muaban_70947586,muaban_70947586,CHO THUÊ NHÀ ĐẦY ĐỦ NỘI THẤT PHƯỜNG AN PHÚ GẦN TRẦN NÃO GIÁ 65 TRIỆU,65000000,CHO THUÊ NHÀ ĐẦY ĐỦ NỘI THẤT PHƯỜNG AN PHÚ GẦN TRẦN NÃO GIÁ 65 TRIỆU,100,5,"Phường An Phú,TP. Thủ Đức - Quận 2,TP.HCM",Phường An Phú,NA,TP. Thủ Đức - Quận 2,1030,Văn phòng/Mặt bằng,NA,NA,NA,https://muaban.net/bat-dong-san/nha-mat-tien-quan-2-ho-chi-minh/cho-thue-nha-day-du-noi-that-phuong-an-phu-gan-tran-nao-gia-65-trieu-id70947586,https://muaban.net/bat-dong-san/cho-thue-nha-dat-ho-chi-minh?page=7,2026-06-03,2026-06-03 14:53:49.530989,7,65,650000,0,1
muaban,rent_all,muaban_70947588,muaban_70947588,"🔥 CHO THUÊ TÒA NHÀ MẶT TIÈN QUỐC LỘ 13, P.26,BÌNH THẠNH_DT: 15 x 15",120000000,120 triệu/tháng,225,NA,"📍 Vị trí mặt tiền Quốc Lộ 13, kết nối thuận tiện trung tâm TP.HCM và TP. Thủ Đức. 📐 Diện tích: 15 x 15m, các lầu diện tích 15 x 9m. 🏢 Kết cấu: Hầm, trệt, lửng, 5 lầu, có thang máy và hệ thống PCCC đạt chuẩn. 💼 Phù hợp làm văn phòng công ty,",Unknown,NA,kết nối thuận tiện trung tâm TP.HCM và TP. Thủ Đức. 📐 Diện tích: 15 x 15m,1040,Đất,NA,NA,NA,https://muaban.net/bat-dong-san/nha-mat-tien-quan-binh-thanh-ho-chi-minh/cho-thue-toa-nha-mat-tien-quoc-lo-13-p-26-binh-thanh-dt-15-x-15-id70947588,https://muaban.net/bat-dong-san/cho-thue-nha-dat-ho-chi-minh?page=7,2026-06-03,2026-06-03 14:53:49.521675,7,120,533333.3333333334,0,1
muaban,rent_all,muaban_70947587,muaban_70947587,CHO THUÊ TÒA NHÀ MẶT TIỀN 439 CỘNG HÒA – VỊ TRÍ NHẬN DIỆN THƯƠNG HIỆU,155000000,155 triệu/tháng,328.4,NA,"🔥 CHO THUÊ TÒA NHÀ MẶT TIỀN CỘNG HÒA – VỊ TRÍ NHẬN DIỆN THƯƠNG HIỆU CỰC TỐT 🔥 📍 Địa chỉ: 439 Cộng Hòa, Phường 15, Quận Tân Bình, TP.HCM 📐 Diện tích đất: Ngang 11.4m x Dài 28m Nở hậu nhẹ 11.5m Công nhận: 328,4m² 🏢 Kết cấu: 1 Trệt + 3 Lầu +",Phường 15,NA,Quận Tân Bình,1040,Đất,NA,NA,NA,https://muaban.net/bat-dong-san/nha-mat-tien-quan-tan-binh-ho-chi-minh/cho-thue-toa-nha-mat-tien-cong-hoa-vi-tri-nhan-dien-thuong-hieu-cuc-id70947587,https://muaban.net/bat-dong-san/cho-thue-nha-dat-ho-chi-minh?page=7,2026-06-03,2026-06-03 14:53:49.51217,7,155,471985.38367844094,0,1
muaban,rent_all,muaban_70947613,muaban_70947613,🔥 VILLA MẶT TIỀN SÔNG – QUẬN 9 | KHÔNG GIAN SỐNG ĐẲNG CẤP,32000000,32 triệu/tháng,386,2,"Phường Phú Hữu,TP. Thủ Đức - Quận 9,TP.HCM",Phường Phú Hữu,NA,TP. Thủ Đức - Quận 9,1030,Kho xưởng,NA,NA,NA,https://muaban.net/bat-dong-san/biet-thu-villa-quan-9-ho-chi-minh/villa-mat-tien-song-quan-9-khong-gian-song-dang-cap-id70947613,https://muaban.net/bat-dong-san/cho-thue-nha-dat-ho-chi-minh?page=7,2026-06-03,2026-06-03 14:53:49.503576,7,32,82901.55440414508,0,1
muaban,rent_all,muaban_70811563,muaban_70811563,"Villa compound Trần Não, 300m2, 5 phòng ngủ, đầy đủ nội thất, 80 tr/th",80000000,80 triệu/tháng,300,NA,"Cho thuê biệt thự Compound ngay Trần Não, phường Bình An, quận 2 nay phường An Khánh, TPHCM - Khuôn viên 16m X 18m, DTSD khoảng 400m2 - Kết cấu 3 tầng, nhà đẹp đầy đủ nội thất dọn vào ở ngay - Có gara ô tô và sân để xe - Khu bảo vệ an ninh 24/7 -",Unknown,NA,Unknown,1030,Kho xưởng,NA,NA,NA,https://muaban.net/bat-dong-san/biet-thu-villa-quan-2-ho-chi-minh/villa-compound-tran-nao-300m2-5-phong-ngu-day-du-noi-that-80-tr-th-id70811563,https://muaban.net/bat-dong-san/cho-thue-nha-dat-ho-chi-minh?page=7,2026-06-03,2026-06-03 14:53:49.493795,7,80,266666.6666666667,0,1
muaban,rent_all,muaban_70925412,muaban_70925412,"Cho thuê nhà hẻm 3 m, cách chợ Tân Bình 100m.",11000000,11 triệu/tháng,100,2,"Cho thuê nhà cách chợ Tân Bình 100m địa chỉ 18/11-11A Đường Thủ Khoa Huân, (P8, Tân Bình) phường Tân Hoà. TPHCM. - Diện tích sử dụng: 109 m2 - 2 tầng, có ban công. 1 khách, 1 bếp, 1 nhà VD, 2 phòng ngủ. Nhà thoáng mát. Nhà trống giao ngay. - khu",Unknown,NA,Tân Bình) phường Tân Hoà. TPHCM. - Diện tích sử dụng: 109 m2 - 2 tầng,1050,Phòng trọ,NA,NA,NA,https://muaban.net/bat-dong-san/nha-hem-ngo-quan-tan-binh-ho-chi-minh/cho-thue-nha-hem-3-m-cach-cho-tan-binh-100m-id70925412,https://muaban.net/bat-dong-san/cho-thue-nha-dat-ho-chi-minh?page=7,2026-06-03,2026-06-03 14:53:49.469809,7,11,110000,0,1
muaban,sale_all,muaban_70944504,muaban_70944504,"Bán nhà mặt tiền Điện Biên Phủ, Phường 15, Bình Thạnh, 12x21m, 92 tỷ",15000000000,"Bán nhà mặt tiền Điện Biên Phủ, Phường 15, Bình Thạnh, 12x21m, 92 tỷ",252,NA,"Phường 15,Quận Bình Thạnh,TP.HCM",Phường 15,NA,Quận Bình Thạnh,1020,Nhà ở,NA,NA,NA,https://muaban.net/bat-dong-san/ban-nha-mat-tien-quan-binh-thanh-ho-chi-minh/ban-nha-mat-tien-dien-bien-phu-phuong-15-binh-thanh-12x21m-92-ty-id70944504,https://muaban.net/bat-dong-san/ban-nha-dat-chung-cu-ho-chi-minh?page=7,2026-06-03,2026-06-03 14:53:38.113782,7,15000,59523809.52380952,0,0
muaban,sale_all,muaban_69067456,muaban_69067456,"Bán nhà mặt tiền đường 10m Cô Giang, Phú Nhuận, 3x16m, 2 lầu, 10.5 tỷ",10000000000,"Bán nhà mặt tiền đường 10m Cô Giang, Phú Nhuận, 3x16m, 2 lầu, 10.5 tỷ",48,NA,"Phường 2,Quận Phú Nhuận,TP.HCM",Phường 2,NA,Quận Phú Nhuận,1020,Nhà ở,NA,NA,NA,https://muaban.net/bat-dong-san/ban-nha-mat-tien-quan-phu-nhuan-ho-chi-minh/ban-nha-mat-tien-duong-10m-co-giang-phu-nhuan-3x16m-2-lau-10-5-ty-id69067456,https://muaban.net/bat-dong-san/ban-nha-dat-chung-cu-ho-chi-minh?page=7,2026-06-03,2026-06-03 14:53:38.107402,7,10000,208333333.33333334,0,0
muaban,sale_all,muaban_70857357,muaban_70857357,"Bán đất tặng nhà 91.5m2 4,5tỷ bề ngang khủng 6,5m, hẻm ô tô thông",91500000000,"Bán đất tặng nhà 91.5m2 4,5tỷ bề ngang khủng 6,5m, hẻm ô tô thông",91.5,NA,TP.HCM,Unknown,NA,Unknown,1040,Đất,NA,NA,NA,https://muaban.net/bat-dong-san/ban-nha-hem-ngo-quan-12-ho-chi-minh/ban-dat-tang-nha-91-5m2-4-5ty-be-ngang-khung-6-5m-hem-o-to-thong-id70857357,https://muaban.net/bat-dong-san/ban-nha-dat-chung-cu-ho-chi-minh?page=7,2026-06-03,2026-06-03 14:53:38.100635,7,91500,1000000000,0,0
muaban,sale_all,muaban_69804725,muaban_69804725,Bán nhà phố đường thạnh Xuân 25 phường thới an tphcm,6600000000,"6,6 tỷ",64,5,"Phường Thạnh Xuân,Quận 12,TP.HCM",Phường Thạnh Xuân,NA,Quận 12,1020,Nhà ở,NA,NA,NA,https://muaban.net/bat-dong-san/ban-nha-hem-ngo-quan-12-ho-chi-minh/ban-nha-pho-1-tret-3-lau-thanh-xuan-22-q12-tphcm-id69804725,https://muaban.net/bat-dong-san/ban-nha-dat-chung-cu-ho-chi-minh?page=7,2026-06-03,2026-06-03 14:53:38.09581,7,6600,103125000,0,0
muaban,sale_all,muaban_70939153,muaban_70939153,Hẻm chính 791 Khu Kiều Đàm Phường Tân Hưng Q7. Dt 4x21m Giá TL,12800000000,"12,8 tỷ",84.2,NA,"Phường Tân Hưng,Quận 7,TP.HCM",Phường Tân Hưng,NA,Quận 7,1040,Đất,NA,NA,NA,https://muaban.net/bat-dong-san/ban-dat-tho-cu-quan-7-ho-chi-minh/hem-chinh-791-khu-kieu-dam-phuong-tan-hung-q7-dt-4x21m-gia-tl-id70939153,https://muaban.net/bat-dong-san/ban-nha-dat-chung-cu-ho-chi-minh?page=7,2026-06-03,2026-06-03 14:53:38.087179,7,12800,152019002.37529692,0,0
muaban,sale_all,muaban_70945679,muaban_70945679,Nhà mặt tiền 54b Tân Quý 4x22m vị trí đắc địa đang cho thuê 23tr/tháng,54000000000,Nhà mặt tiền 54b Tân Quý 4x22m vị trí đắc địa đang cho thuê 23tr/tháng,88,1,"Phường Tân Quý,Quận Tân Phú,TP.HCM",Phường Tân Quý,NA,Quận Tân Phú,1020,Nhà ở,NA,NA,NA,https://muaban.net/bat-dong-san/ban-nha-mat-tien-quan-tan-phu-ho-chi-minh/nha-mat-tien-54b-tan-quy-4x22m-vi-tri-dac-dia-dang-cho-thue-23tr-thang-id70945679,https://muaban.net/bat-dong-san/ban-nha-dat-chung-cu-ho-chi-minh?page=7,2026-06-03,2026-06-03 14:53:38.079972,7,54000,613636363.6363636,0,0
muaban,sale_all,muaban_70536919,muaban_70536919,"Góc 3mt 22/21 Trương Hoàng Thanh , 223m2 sàn, 5 tầng, có hđ thuê 63tr",18900000000,"18,9 tỷ",223,NA,"Phường 13,Quận Tân Bình,TP.HCM",Phường 13,NA,Quận Tân Bình,1010,Căn hộ/Chung cư,NA,NA,NA,https://muaban.net/bat-dong-san/ban-nha-mat-tien-quan-tan-binh-ho-chi-minh/goc-2-mat-nb-nguyen-thai-binh-223m2-san-5-tang-co-hd-thue-63tr-id70536919,https://muaban.net/bat-dong-san/ban-nha-dat-chung-cu-ho-chi-minh?page=7,2026-06-03,2026-06-03 14:53:38.073085,7,18900,84753363.22869955,0,0
muaban,sale_all,muaban_70936573,muaban_70936573,"Bán nhà mặt tiền 68m2, 15,5 tỷ 4 lầu ngay khu Bàu Cát Quận Tân Bình",68000000000,"Bán nhà mặt tiền 68m2, 15,5 tỷ 4 lầu ngay khu Bàu Cát Quận Tân Bình",68,NA,TP.HCM,Unknown,NA,Unknown,1020,Nhà ở,NA,NA,NA,https://muaban.net/bat-dong-san/ban-nha-mat-tien-quan-tan-binh-ho-chi-minh/ban-nha-mat-tien-68m2-15-5-ty-4-lau-ngay-khu-bau-cat-quan-tan-binh-id70936573,https://muaban.net/bat-dong-san/ban-nha-dat-chung-cu-ho-chi-minh?page=7,2026-06-03,2026-06-03 14:53:38.064102,7,68000,1000000000,0,0
muaban,sale_all,muaban_70868175,muaban_70868175,"Bán Nhà : 88/8 Xuân Thới Thượng, xã Xuân Thới Thượng, Hóc Môn dt:4x19m",4200000000,"4,2 tỷ",76,NA,"Xã Xuân Thới Thượng,Huyện Hóc Môn,TP.HCM",Xã Xuân Thới Thượng,NA,Huyện Hóc Môn,1020,Nhà ở,NA,NA,NA,https://muaban.net/bat-dong-san/ban-nha-hem-ngo-huyen-hoc-mon-ho-chi-minh/ban-nha-88-8-xuan-thoi-thuong-xa-xuan-thoi-thuong-hoc-mon-dt-4x19m-id70868175,https://muaban.net/bat-dong-san/ban-nha-dat-chung-cu-ho-chi-minh?page=7,2026-06-03,2026-06-03 14:53:38.059055,7,4200,55263157.89473684,0,0
muaban,sale_all,muaban_70734979,muaban_70734979,Nhà thật chính chủ gửi bán gấp hẻm oto 5m đường Lê Lai P3 Gò Vấp,2350000000,"2,35 tỷ",52.5,4,"Phường 3,Quận Gò Vấp,TP.HCM",Phường 3,NA,Quận Gò Vấp,1020,Nhà ở,NA,NA,NA,https://muaban.net/bat-dong-san/ban-nha-hem-ngo-quan-go-vap-ho-chi-minh/nha-that-chinh-chu-gui-ban-gap-hem-oto-5m-duong-le-lai-p3-go-vap-id70734979,https://muaban.net/bat-dong-san/ban-nha-dat-chung-cu-ho-chi-minh?page=7,2026-06-03,2026-06-03 14:53:38.038252,7,2350,44761904.76190476,0,0
muaban,sale_all,muaban_70308319,muaban_70308319,"Bán Lô đất 2 Mặt tiền đường số 3,đối diện KDC vạn phúc",46300000000,"46,3 tỷ",450,NA,"Phường Hiệp Bình Phước,TP. Thủ Đức - Quận Thủ Đức,TP.HCM",Phường Hiệp Bình Phước,NA,TP. Thủ Đức - Quận Thủ Đức,1040,Đất,NA,NA,NA,https://muaban.net/bat-dong-san/ban-dat-tho-cu-quan-thu-duc-ho-chi-minh/ban-lo-dat-2-mat-tien-duong-so-3-doi-dien-kdc-van-phuc-id70308319,https://muaban.net/bat-dong-san/ban-nha-dat-chung-cu-ho-chi-minh?page=7,2026-06-03,2026-06-03 14:53:38.029549,7,46300,102888888.8888889,0,0
muaban,sale_all,muaban_70921942,muaban_70921942,"BÁN NHÀ HẺM HỒNG BÀNG, Q.11 - Nhà trống vào ở ngay.",5490000000,"5,49 tỷ",46,2,"Phường 1,Quận 11,TP.HCM",Phường 1,NA,Quận 11,1040,Đất,NA,NA,NA,https://muaban.net/bat-dong-san/ban-nha-hem-ngo-quan-11-ho-chi-minh/ban-nha-hem-hong-bang-q-11-nha-trong-vao-o-ngay-id70921942,https://muaban.net/bat-dong-san/ban-nha-dat-chung-cu-ho-chi-minh?page=7,2026-06-03,2026-06-03 14:53:38.022148,7,5490,119347826.08695652,0,0
muaban,sale_all,muaban_70785018,muaban_70785018,"Bán nhà mặt tiền tại Đường Năm Châu, Phường Bảy Hiền,TP HCM, 12,9 tỷ",12900000000,"Bán nhà mặt tiền tại Đường Năm Châu, Phường Bảy Hiền,TP HCM, 12,9 tỷ",90,6,"Phường 11,Quận Tân Bình,TP.HCM",Phường 11,NA,Quận Tân Bình,1040,Đất,NA,NA,NA,https://muaban.net/bat-dong-san/ban-nha-mat-tien-quan-tan-binh-ho-chi-minh/ban-nha-mat-tien-tai-duong-nam-chau-phuong-bay-hien-tp-hcm-13-5-ty-id70785018,https://muaban.net/bat-dong-san/ban-nha-dat-chung-cu-ho-chi-minh?page=7,2026-06-03,2026-06-03 14:53:38.014223,7,12900,143333333.33333334,0,0
muaban,sale_all,muaban_70932377,muaban_70932377,"Bán nhà 100m2 - 2 mặt tiền đường Lê Minh Xuân, Tân Bình",30000000000,30 tỷ,100,NA,"Phường 8,Quận Tân Bình,TP.HCM",Phường 8,NA,Quận Tân Bình,1020,Nhà ở,NA,NA,NA,https://muaban.net/bat-dong-san/ban-nha-mat-tien-quan-tan-binh-ho-chi-minh/ban-nha-100m2-2-mat-tien-duong-le-minh-xuan-tan-binh-id70932377,https://muaban.net/bat-dong-san/ban-nha-dat-chung-cu-ho-chi-minh?page=7,2026-06-03,2026-06-03 14:53:38.00573,7,30000,300000000,0,0
muaban,sale_all,muaban_70496775,muaban_70496775,"Bán nhà MT Tân Sơn Nhì 4 x 16m đúc 2 lầu st giá 17,8 tỷ",4000000000,"Bán nhà MT Tân Sơn Nhì 4 x 16m đúc 2 lầu st giá 17,8 tỷ",64,NA,"Phường Tân Sơn Nhì,Quận Tân Phú,TP.HCM",Phường Tân Sơn Nhì,NA,Quận Tân Phú,1020,Nhà ở,NA,NA,NA,https://muaban.net/bat-dong-san/ban-nha-mat-tien-quan-tan-phu-ho-chi-minh/ban-nha-mt-tan-son-nhi-4-x-16m-duc-2-lau-st-gia-17-8-ty-id70496775,https://muaban.net/bat-dong-san/ban-nha-dat-chung-cu-ho-chi-minh?page=7,2026-06-03,2026-06-03 14:53:37.9887,7,4000,62500000,0,0
muaban,sale_all,muaban_70945740,muaban_70945740,CHÍNH CHỦ BÁN NHÀ CƯ XÁ BÌNH THỚI ĐƯỜNG SỐ 05 GIÁ : 15.3 TỶ TL,5000000000,CHÍNH CHỦ BÁN NHÀ CƯ XÁ BÌNH THỚI ĐƯỜNG SỐ 05 GIÁ : 15.3 TỶ TL,60,4,"Quận 11,TP.HCM",Unknown,NA,Quận 11,1020,Nhà ở,NA,NA,NA,https://muaban.net/bat-dong-san/ban-nha-mat-tien-du-an-cu-xa-binh-thoi-quan-11-ho-chi-minh/chinh-chu-ban-nha-cu-xa-binh-thoi-duong-so-05-gia-15-3-ty-tl-id70945740,https://muaban.net/bat-dong-san/ban-nha-dat-chung-cu-ho-chi-minh?page=7,2026-06-03,2026-06-03 14:53:37.979669,7,5000,83333333.33333333,0,0
muaban,sale_all,muaban_70947139,muaban_70947139,Bán nhà Mặt Tiền đường Huỳnh Tấn Phát.Phường Phú Thuận.(Quận 7),18250000000,"18,25 tỷ",110,NA,"Phường Phú Thuận,Quận 7,TP.HCM",Phường Phú Thuận,NA,Quận 7,1020,Nhà ở,NA,NA,NA,https://muaban.net/bat-dong-san/ban-nha-mat-tien-quan-7-ho-chi-minh/ban-nha-mat-tien-duong-huynh-tan-phat-phuong-phu-thuan-quan-7-id70947139,https://muaban.net/bat-dong-san/ban-nha-dat-chung-cu-ho-chi-minh?page=7,2026-06-03,2026-06-03 14:53:37.968264,7,18250,165909090.9090909,0,0
muaban,rent_all,muaban_70947624,muaban_70947624,"Chung cư The Useful, Lạc Long Quân, TB: 75m2, 2p ngủ, NTCB, 10tr/th",10000000,10 triệu/tháng,75,NA,"Quận Tân Bình,TP.HCM",Unknown,NA,Quận Tân Bình,1010,Căn hộ/Chung cư,NA,NA,NA,https://muaban.net/bat-dong-san/cho-thue-can-ho-chung-cu-du-an-the-useful-apartment-quan-tan-binh-ho-chi-minh/chung-cu-the-useful-lac-long-quan-tb-75m2-2p-ngu-ntcb-10tr-th-id70947624,https://muaban.net/bat-dong-san/cho-thue-nha-dat-ho-chi-minh?page=6,2026-06-03,2026-06-03 14:53:27.508348,6,10,133333.33333333334,0,1
muaban,rent_all,muaban_70928943,muaban_70928943,Cho thuê xưởng 1450m2 vừa hết hợp đồng tại đường QL1A đông hưng thuận,60000000,60 triệu/tháng,1450,NA,"Phường Đông Hưng Thuận,Quận 12,TP.HCM",Phường Đông Hưng Thuận,NA,Quận 12,1040,Đất,NA,NA,NA,https://muaban.net/bat-dong-san/cho-thue-nha-xuong-nha-kho-quan-12-ho-chi-minh/cho-thue-xuong-1450m2-vua-het-hop-dong-tai-duong-ql1a-dong-hung-thuan-id70928943,https://muaban.net/bat-dong-san/cho-thue-nha-dat-ho-chi-minh?page=6,2026-06-03,2026-06-03 14:53:27.499219,6,60,41379.31034482759,0,1
muaban,rent_all,muaban_70935046,muaban_70935046,RẺ ĐẸP - NHÀ MỚI - 2PN2WC - HXH - 6.5TR/THÁNG,2000000,RẺ ĐẸP - NHÀ MỚI - 2PN2WC - HXH - 6.5TR/THÁNG,23,2,"Phường 14,Quận Gò Vấp,TP.HCM",Phường 14,NA,Quận Gò Vấp,1030,Nhà đất cho thuê,NA,NA,NA,https://muaban.net/bat-dong-san/nha-hem-ngo-quan-go-vap-ho-chi-minh/re-dep-nha-moi-2pn2wc-hxh-6-5tr-thang-id70935046,https://muaban.net/bat-dong-san/cho-thue-nha-dat-ho-chi-minh?page=6,2026-06-03,2026-06-03 14:53:27.488552,6,2,86956.52173913043,0,1
muaban,rent_all,muaban_70940805,muaban_70940805,🔥🔥 NHÀ 3 TẦNG 3PN 3WC NGAY GIGAMAL HBC THỦ ĐỨC,15000000,15 triệu/tháng,60,3,"Phường Linh Đông,TP. Thủ Đức - Quận Thủ Đức,TP.HCM",Phường Linh Đông,NA,TP. Thủ Đức - Quận Thủ Đức,1040,Đất,NA,NA,NA,https://muaban.net/bat-dong-san/nha-mat-tien-quan-thu-duc-ho-chi-minh/nha-3-tang-3pn-3wc-ngay-gigamal-hbc-thu-duc-id70940805,https://muaban.net/bat-dong-san/cho-thue-nha-dat-ho-chi-minh?page=6,2026-06-03,2026-06-03 14:53:27.479487,6,15,250000,0,1
muaban,rent_all,muaban_70938145,muaban_70938145,🔥 Khai Trương Hệ Thống Căn Hộ | Ngay Etown Cộng Hoà | Full Nội Thất,7000000,7 triệu/tháng,40,1,"Phường 13,Quận Tân Bình,TP.HCM",Phường 13,NA,Quận Tân Bình,1010,Căn hộ/Chung cư,NA,NA,NA,https://muaban.net/bat-dong-san/khach-san-can-ho-dich-vu-quan-tan-binh-ho-chi-minh/khai-truong-he-thong-can-ho-ngay-etown-cong-hoa-full-noi-that-id70938145,https://muaban.net/bat-dong-san/cho-thue-nha-dat-ho-chi-minh?page=6,2026-06-03,2026-06-03 14:53:27.461259,6,7,175000,0,1
muaban,rent_all,muaban_70932310,muaban_70932310,Tìm bạn nữ ở ghép chung cư Tecco Linh Đông,2200000,"2,2 triệu/tháng",32,1,"Phường Linh Đông,TP. Thủ Đức - Quận Thủ Đức,TP.HCM",Phường Linh Đông,NA,TP. Thủ Đức - Quận Thủ Đức,1010,Căn hộ/Chung cư,NA,NA,NA,https://muaban.net/bat-dong-san/cho-thue-can-ho-chung-cu-quan-thu-duc-ho-chi-minh/tim-ban-nu-o-ghep-chung-cu-tecco-linh-dong-id70932310,https://muaban.net/bat-dong-san/cho-thue-nha-dat-ho-chi-minh?page=6,2026-06-03,2026-06-03 14:53:27.454321,6,2.2,68750,0,1
muaban,rent_all,muaban_70936538,muaban_70936538,"Cho thuê xưởng 800m2 trần cao 8m, Trung tâm thị trấn hóc môn, HCM",50000000,50 triệu/tháng,800,NA,"Thị Trấn Hóc Môn,Huyện Hóc Môn,TP.HCM",Unknown,NA,Huyện Hóc Môn,1030,Kho xưởng,NA,NA,NA,https://muaban.net/bat-dong-san/cho-thue-nha-xuong-nha-kho-huyen-hoc-mon-ho-chi-minh/cho-thue-xuong-800m2-tran-cao-8m-trung-tam-thi-tran-hoc-mon-hcm-id70936538,https://muaban.net/bat-dong-san/cho-thue-nha-dat-ho-chi-minh?page=6,2026-06-03,2026-06-03 14:53:27.447698,6,50,62500,0,1
muaban,rent_all,muaban_70946129,muaban_70946129,"Cho thuê phòng 30m2 cho 1-3 người, KDC Bình Lợi, P.13, BT giá từ 3.4tr",3400000,"3,4 triệu/tháng",30,NA,"Phường 13,Quận Bình Thạnh,TP.HCM",Phường 13,NA,Quận Bình Thạnh,1030,Văn phòng/Mặt bằng,NA,NA,NA,https://muaban.net/bat-dong-san/cho-thue-nha-tro-phong-tro-quan-binh-thanh-ho-chi-minh/cho-thue-phong-30m2-cho-1-3-nguoi-kdc-binh-loi-p-13-bt-gia-tu-3-4tr-id70946129,https://muaban.net/bat-dong-san/cho-thue-nha-dat-ho-chi-minh?page=6,2026-06-03,2026-06-03 14:53:27.43728,6,3.4,113333.33333333333,0,1
muaban,rent_all,muaban_70936658,muaban_70936658,"KHÁCH SẠN 208B HOÀNG VĂN THỤ, PHÚ NHUẬN",590000000,590 triệu/tháng,360,45,"Phường 10,Quận Phú Nhuận,TP.HCM",Phường 10,NA,Quận Phú Nhuận,1030,Nhà đất cho thuê,NA,NA,NA,https://muaban.net/bat-dong-san/nha-mat-tien-quan-phu-nhuan-ho-chi-minh/khach-san-208b-hoang-van-thu-phu-nhuan-id70936658,https://muaban.net/bat-dong-san/cho-thue-nha-dat-ho-chi-minh?page=6,2026-06-03,2026-06-03 14:53:27.42965,6,590,1638888.888888889,0,1
muaban,rent_all,muaban_70820820,muaban_70820820,"652 ĐƯỜNG 3 THÁNG 2, P.14, QUẬN 10",40000000,40 triệu/tháng,80,NA,"Phường 15,Quận 10,TP.HCM",Phường 15,NA,Quận 10,1030,Văn phòng/Mặt bằng,NA,NA,NA,https://muaban.net/bat-dong-san/nha-mat-tien-quan-10-ho-chi-minh/652-duong-3-thang-2-p-14-quan-10-id70820820,https://muaban.net/bat-dong-san/cho-thue-nha-dat-ho-chi-minh?page=6,2026-06-03,2026-06-03 14:53:27.422031,6,40,500000,0,1
muaban,rent_all,muaban_70939725,muaban_70939725,"Cho Thuê Nhà Mặt Tiền 150 Tô Ký, P.Tân Chánh Hiệp, Quận 12.",33000000,33 triệu/tháng,360,NA,"Phường Tân Chánh Hiệp,Quận 12,TP.HCM",Phường Tân Chánh Hiệp,NA,Quận 12,1030,Nhà đất cho thuê,NA,NA,NA,https://muaban.net/bat-dong-san/nha-mat-tien-quan-12-ho-chi-minh/cho-thue-nha-mat-tien-150-to-ky-p-tan-chanh-hiep-quan-12-id70939725,https://muaban.net/bat-dong-san/cho-thue-nha-dat-ho-chi-minh?page=6,2026-06-03,2026-06-03 14:53:27.414829,6,33,91666.66666666667,0,1
muaban,rent_all,muaban_70944112,muaban_70944112,"Cho thuê phòng đối diện phần mềm Quang Trung, đường Tô Ký-Trung Mỹ Tây",2500000,"2,5 triệu/tháng",24,NA,"Phường Trung Mỹ Tây,Quận 12,TP.HCM",Phường Trung Mỹ Tây,NA,Quận 12,1030,Nhà đất cho thuê,NA,NA,NA,https://muaban.net/bat-dong-san/cho-thue-nha-tro-phong-tro-quan-12-ho-chi-minh/cho-thue-phong-doi-dien-phan-mem-quang-trung-duong-to-ky-trung-my-tay-id70944112,https://muaban.net/bat-dong-san/cho-thue-nha-dat-ho-chi-minh?page=6,2026-06-03,2026-06-03 14:53:27.40789,6,2.5,104166.66666666667,0,1
muaban,rent_all,muaban_70902178,muaban_70902178,"Cho thuê mặt bằng mặt tiền đường Xuân Thuỷ, Phường Thảo Điền, TP HCM",15000000,15 triệu/tháng,20,NA,"Cho thuê mặt bằng mặt tiền 12 đường Xuân Thuỷ, phường Thảo Điền, TPHCM, kios Thanh Hằng - Diện tích: ngang 2m, sâu 10m - Có sân để xe - Giá thuê 15 triệu đồng / tháng, mặt bằng đẹp tiện kinh doanh nhiều ngành nghề. LH: 0931. 427. 135 Thanh Hằng.",Unknown,NA,Unknown,1030,Văn phòng/Mặt bằng,NA,NA,NA,https://muaban.net/bat-dong-san/cho-thue-cua-hang-shophouse-quan-2-ho-chi-minh/cho-thue-kios-12-mat-tien-duong-xuan-thuy-phuong-thao-dien-tp-hcm-id70902178,https://muaban.net/bat-dong-san/cho-thue-nha-dat-ho-chi-minh?page=6,2026-06-03,2026-06-03 14:53:27.400442,6,15,750000,0,1
muaban,rent_all,muaban_70493926,muaban_70493926,"Cho thuê phòng trọ hẻm 994/29B, gần chợ Gò Ô Môi, phường Tân Mỹ",2700000,"2,7 triệu/tháng",30,NA,"Cho thuê phòng trọ hẻm 994/29B, gần chợ Gò Ô Môi, phường Tân Mỹ, TP.HCM - Nhà gần Cầu Phú Thuận, uỷ ban Quận 7, triển lãm cách Cầu Ánh Sao 5 phút - Diện tích 30m2 - Giá 2.700.000đ/1 phòng, điện giá nhà nước, nước 18.000/1 khối, camera ngoài cổng và",Unknown,NA,uỷ ban Quận 7,1050,Phòng trọ,NA,NA,NA,https://muaban.net/bat-dong-san/cho-thue-nha-tro-phong-tro-quan-7-ho-chi-minh/cho-thue-phong-tro-hem-994-29b-gan-cho-go-o-moi-phuong-tan-my-id70493926,https://muaban.net/bat-dong-san/cho-thue-nha-dat-ho-chi-minh?page=6,2026-06-03,2026-06-03 14:53:27.392159,6,2.7,90000,0,1
muaban,rent_all,muaban_70878360,muaban_70878360,"Cho thuê văn phòng ngay Trung Tâm Triển Lãm Tân Bình, Ngã 4 Bảy Hiền.",3000000,3 triệu/tháng,16,NA,"Phường 12,Quận Tân Bình,TP.HCM",Phường 12,NA,Quận Tân Bình,1030,Văn phòng/Mặt bằng,NA,NA,NA,https://muaban.net/bat-dong-san/van-phong-quan-tan-binh-ho-chi-minh/cho-thue-van-phong-ngay-trung-tam-trien-lam-tan-binh-nga-4-bay-hien-id70878360,https://muaban.net/bat-dong-san/cho-thue-nha-dat-ho-chi-minh?page=6,2026-06-03,2026-06-03 14:53:27.370787,6,3,187500,0,1
muaban,rent_all,muaban_70871431,muaban_70871431,"Cho thuê nhà mặt tiền Đường số 7, P.Hạnh Thông, giáp Gò Vấp",30000000,30 triệu/tháng,86,NA,"Phường 4,Quận Phú Nhuận,TP.HCM",Phường 4,NA,Quận Phú Nhuận,1030,Nhà đất cho thuê,NA,NA,NA,https://muaban.net/bat-dong-san/nha-mat-tien-quan-phu-nhuan-ho-chi-minh/cho-thue-nha-mat-tien-duong-so-7-p-hanh-thong-giap-go-vap-id70871431,https://muaban.net/bat-dong-san/cho-thue-nha-dat-ho-chi-minh?page=6,2026-06-03,2026-06-03 14:53:27.360193,6,30,348837.20930232556,0,1
muaban,rent_all,muaban_70754296,muaban_70754296,"Cho thuê phòng trọ tại Trung tâm quận Tân Phú, gần Trường học, Chợ",3000000,3 triệu/tháng,15,NA,"Phường Phú Thạnh,Quận Tân Phú,TP.HCM",Phường Phú Thạnh,NA,Quận Tân Phú,1050,Phòng trọ,NA,NA,NA,https://muaban.net/bat-dong-san/cho-thue-nha-tro-phong-tro-quan-tan-phu-ho-chi-minh/cho-thue-phong-tro-tai-trung-tam-quan-tan-phu-gan-truong-hoc-cho-id70754296,https://muaban.net/bat-dong-san/cho-thue-nha-dat-ho-chi-minh?page=6,2026-06-03,2026-06-03 14:53:27.349865,6,3,200000,0,1
muaban,rent_all,muaban_70946054,muaban_70946054,"Cho thuê nhà hẻm 312 Quang Trung, Phường Gò Vấp, TP.HCM",6500000,"6,5 triệu/tháng",60,2,"Cho thuê nhà hẻm 312 Quang Trung, Phường Gò Vấp, TP.HCM",Phường Gò Vấp,NA,Phường Gò Vấp,1030,Nhà đất cho thuê,NA,NA,NA,https://muaban.net/bat-dong-san/nha-hem-ngo-quan-go-vap-ho-chi-minh/cho-thue-nha-hem-312-quang-trung-phuong-go-vap-tp-hcm-id70946054,https://muaban.net/bat-dong-san/cho-thue-nha-dat-ho-chi-minh?page=6,2026-06-03,2026-06-03 14:53:27.323156,6,6.5,108333.33333333333,0,1
muaban,sale_all,muaban_70932490,muaban_70932490,"Chính Chủ cắt lỗ CH Nguyễn Thái Sơn ,2PN / 2tỷ2 ,Sổ trao tay, Ở ngay",2000000000,"Chính Chủ cắt lỗ CH Nguyễn Thái Sơn ,2PN / 2tỷ2 ,Sổ trao tay, Ở ngay",55,2,"Phường 3,Quận Gò Vấp,TP.HCM",Phường 3,NA,Quận Gò Vấp,1010,Căn hộ/Chung cư,NA,NA,NA,https://muaban.net/bat-dong-san/ban-can-ho-chung-cu-quan-go-vap-ho-chi-minh/chinh-chu-cat-lo-ch-nguyen-thai-son-2pn-2ty2-so-trao-tay-o-ngay-id70932490,https://muaban.net/bat-dong-san/ban-nha-dat-chung-cu-ho-chi-minh?page=6,2026-06-03,2026-06-03 14:53:15.910685,6,2000,36363636.36363637,0,0
muaban,sale_all,muaban_70947178,muaban_70947178,🏡 NHÀ PHƯỚC BÌNH – TP THỦ ĐỨC | 1 TRỆT 2 LẦU | NGANG 4M DÀI ~23M,10990000000,"10,99 tỷ",87,3,"Phường Phước Bình,TP. Thủ Đức - Quận 9,TP.HCM",Phường Phước Bình,NA,TP. Thủ Đức - Quận 9,1030,Kho xưởng,NA,NA,NA,https://muaban.net/bat-dong-san/ban-nha-mat-tien-quan-9-ho-chi-minh/nha-phuoc-binh-tp-thu-duc-1-tret-2-lau-ngang-4m-dai-23m-id70947178,https://muaban.net/bat-dong-san/ban-nha-dat-chung-cu-ho-chi-minh?page=6,2026-06-03,2026-06-03 14:53:15.904037,6,10990,126321839.08045977,0,0
muaban,sale_all,muaban_70947223,muaban_70947223,"2,1tỷ Căn 2PN Nguyễn Bỉnh Khiêm Full NT sổ sẵn vay 70% góp 8tr/tháng",2100000000,"2,1tỷ Căn 2PN Nguyễn Bỉnh Khiêm Full NT sổ sẵn vay 70% góp 8tr/tháng",52,2,"Phường 1,Quận Gò Vấp,TP.HCM",Phường 1,NA,Quận Gò Vấp,1010,Căn hộ/Chung cư,NA,NA,NA,https://muaban.net/bat-dong-san/ban-can-ho-chung-cu-quan-go-vap-ho-chi-minh/2-1ty-can-2pn-nguyen-binh-khiem-full-nt-so-san-vay-70-gop-8tr-thang-id70947223,https://muaban.net/bat-dong-san/ban-nha-dat-chung-cu-ho-chi-minh?page=6,2026-06-03,2026-06-03 14:53:15.897366,6,2100,40384615.384615384,0,0
muaban,sale_all,muaban_69094476,muaban_69094476,Chỉ Còn 1 Căn Hạ Giá Bán Nhanh KDC A.D.Vương gần V.V.Kiệt p16 Q8 SHR,7700000000,"7,7 tỷ",52,5,"Phường 16,Quận 8,TP.HCM",Phường 16,NA,Quận 8,1020,Nhà ở,NA,NA,NA,https://muaban.net/bat-dong-san/ban-nha-mat-tien-quan-8-ho-chi-minh/chi-con-1-can-ha-gia-ban-nhanh-kdc-a-d-vuong-gan-v-v-kiet-p16-q8-shr-id69094476,https://muaban.net/bat-dong-san/ban-nha-dat-chung-cu-ho-chi-minh?page=6,2026-06-03,2026-06-03 14:53:15.888237,6,7700,148076923.07692307,0,0
muaban,sale_all,muaban_69301078,muaban_69301078,"Nhà giá tốt 1,8 tỷ đường Trần Thị Cờ P.Thới An Q12 DT 46.5m2, sổ sẵn",1800000000,"Nhà giá tốt 1,8 tỷ đường Trần Thị Cờ P.Thới An Q12 DT 46.5m2, sổ sẵn",46.5,NA,TP.HCM,Unknown,NA,Unknown,1020,Nhà ở,NA,NA,NA,https://muaban.net/bat-dong-san/ban-nha-hem-ngo-quan-12-ho-chi-minh/nha-gia-tot-1-8-ty-duong-tran-thi-co-p-thoi-an-q12-dt-46-5m2-so-san-id69301078,https://muaban.net/bat-dong-san/ban-nha-dat-chung-cu-ho-chi-minh?page=6,2026-06-03,2026-06-03 14:53:15.881581,6,1800,38709677.41935484,0,0
muaban,sale_all,muaban_70947240,muaban_70947240,"2 Tỷ 4 ( 60m2 ) CH hoàn thiện 2026 , Sổ sẵn ,ở ngay ,Full NT , Góp 70%",2000000000,"2 Tỷ 4 ( 60m2 ) CH hoàn thiện 2026 , Sổ sẵn ,ở ngay ,Full NT , Góp 70%",60,NA,TP.HCM,Unknown,NA,Unknown,1020,Nhà ở,NA,NA,NA,https://muaban.net/bat-dong-san/ban-can-ho-chung-cu-quan-binh-thanh-ho-chi-minh/2-ty-4-60m2-ch-hoan-thien-2026-so-san-o-ngay-full-nt-gop-70-id70947240,https://muaban.net/bat-dong-san/ban-nha-dat-chung-cu-ho-chi-minh?page=6,2026-06-03,2026-06-03 14:53:15.876578,6,2000,33333333.333333332,0,0
muaban,sale_all,muaban_70861450,muaban_70861450,SIÊU PHẨM MINI – NGANG 5M – HẺM THÔNG – GIÁ CHỈ HƠN 4 TỶ,5000000000,SIÊU PHẨM MINI – NGANG 5M – HẺM THÔNG – GIÁ CHỈ HƠN 4 TỶ,35.4,2,"Phường 12,Quận Gò Vấp,TP.HCM",Phường 12,NA,Quận Gò Vấp,1020,Nhà ở,NA,NA,NA,https://muaban.net/bat-dong-san/ban-nha-hem-ngo-quan-go-vap-ho-chi-minh/sieu-pham-mini-ngang-5m-hem-thong-gia-chi-hon-4-ty-id70861450,https://muaban.net/bat-dong-san/ban-nha-dat-chung-cu-ho-chi-minh?page=6,2026-06-03,2026-06-03 14:53:15.871351,6,5000,141242937.85310736,0,0
muaban,sale_all,muaban_70947201,muaban_70947201,Bán nhà như hình ngay Phạm Văn Chiêu P9 Gò Vấp,2800000000,"2,8 tỷ",25,2,"Phường 9,Quận Gò Vấp,TP.HCM",Phường 9,NA,Quận Gò Vấp,1020,Nhà ở,NA,NA,NA,https://muaban.net/bat-dong-san/ban-nha-hem-ngo-quan-go-vap-ho-chi-minh/ban-nha-nhu-hinh-ngay-pham-van-chieu-p9-go-vap-id70947201,https://muaban.net/bat-dong-san/ban-nha-dat-chung-cu-ho-chi-minh?page=6,2026-06-03,2026-06-03 14:53:15.864509,6,2800,112000000,0,0
muaban,sale_all,muaban_70939775,muaban_70939775,"Bán nhà giá tốt gần MT Lê Đức Thọ, P.16, Q.Gò Vấp – 42m2",3500000000,"3,5 tỷ",42,NA,"Phường 16,Quận Gò Vấp,TP.HCM",Phường 16,NA,Quận Gò Vấp,1020,Nhà ở,NA,NA,NA,https://muaban.net/bat-dong-san/ban-nha-hem-ngo-quan-go-vap-ho-chi-minh/ban-nha-gia-tot-gan-mt-le-duc-tho-p-16-q-go-vap-42m2-id70939775,https://muaban.net/bat-dong-san/ban-nha-dat-chung-cu-ho-chi-minh?page=6,2026-06-03,2026-06-03 14:53:15.857691,6,3500,83333333.33333333,0,0
muaban,sale_all,muaban_70941941,muaban_70941941,Chính chủ bán gấp nhà Gò Vấp 52m2 giá 2tỷ360triệu đường Lê Đức Thọ.,52000000000,Chính chủ bán gấp nhà Gò Vấp 52m2 giá 2tỷ360triệu đường Lê Đức Thọ.,52,NA,TP.HCM,Unknown,NA,Unknown,1020,Nhà ở,NA,NA,NA,https://muaban.net/bat-dong-san/ban-nha-hem-ngo-quan-go-vap-ho-chi-minh/chinh-chu-ban-gap-nha-go-vap-52m2-gia-2ty360trieu-duong-le-duc-tho-id70941941,https://muaban.net/bat-dong-san/ban-nha-dat-chung-cu-ho-chi-minh?page=6,2026-06-03,2026-06-03 14:53:15.850555,6,52000,1000000000,0,0
muaban,sale_all,muaban_70947276,muaban_70947276,BÁN BIỆT THỰ HXH 8M ĐƯỜNG HOÀNG DƯ KHƯƠNG DT: 8*23M GIÁ 46.5 TỶ TL,8000000000,BÁN BIỆT THỰ HXH 8M ĐƯỜNG HOÀNG DƯ KHƯƠNG DT: 8*23M GIÁ 46.5 TỶ TL,180,5,"Phường 12,Quận 10,TP.HCM",Phường 12,NA,Quận 10,1020,Nhà ở,NA,NA,NA,https://muaban.net/bat-dong-san/ban-nha-hem-ngo-quan-10-ho-chi-minh/ban-biet-thu-hxh-8m-duong-hoang-du-khuong-dt-8-23m-gia-46-5-ty-tl-id70947276,https://muaban.net/bat-dong-san/ban-nha-dat-chung-cu-ho-chi-minh?page=6,2026-06-03,2026-06-03 14:53:15.845612,6,8000,44444444.44444445,0,0
muaban,sale_all,muaban_70947291,muaban_70947291,"Chính chủ bán Nhà Nhỏ Xinh 33B Đường Số 53 Lâm Văn Bền, 1 Trệt 2 lầu",620000000,620 triệu,12,2,"Phường Tân Hưng,Quận 7,TP.HCM",Phường Tân Hưng,NA,Quận 7,1020,Nhà ở,NA,NA,NA,https://muaban.net/bat-dong-san/ban-nha-hem-ngo-quan-7-ho-chi-minh/chinh-chu-ban-nha-nho-xinh-33b-duong-so-53-lam-van-ben-1-tret-2-lau-id70947291,https://muaban.net/bat-dong-san/ban-nha-dat-chung-cu-ho-chi-minh?page=6,2026-06-03,2026-06-03 14:53:15.838514,6,620,51666666.666666664,0,0
muaban,sale_all,muaban_70939204,muaban_70939204,"Tầng Cao CH Góc 53m2/2 tỷ 12 ,sổ bao Vat , Ngắm nhìn TPHCM ,Mua ở ngay",53000000000,"Tầng Cao CH Góc 53m2/2 tỷ 12 ,sổ bao Vat , Ngắm nhìn TPHCM ,Mua ở ngay",53,NA,"Tầng Cao CH Góc 53m2/2 tỷ 12 ,sổ bao Vat , Ngắm nhìn TPHCM ,Mua ở ngay",Unknown,NA,Unknown,1020,Nhà ở,NA,NA,NA,https://muaban.net/bat-dong-san/ban-can-ho-chung-cu-quan-tan-binh-ho-chi-minh/tang-cao-ch-goc-53m2-2-ty-12-so-bao-vat-ngam-nhin-tphcm-mua-o-ngay-id70939204,https://muaban.net/bat-dong-san/ban-nha-dat-chung-cu-ho-chi-minh?page=6,2026-06-03,2026-06-03 14:53:15.82915,6,53000,1000000000,0,0
muaban,sale_all,muaban_70947303,muaban_70947303,"Chính chủ bán căn 53.3m² Đường số 51, Thủ Đức xây 1 trệt 3 lầu. Sổ sẵn",2550000000,"2,55 tỷ",53.3,NA,"Phường Hiệp Bình Chánh,TP. Thủ Đức - Quận Thủ Đức,TP.HCM",Phường Hiệp Bình Chánh,NA,TP. Thủ Đức - Quận Thủ Đức,1020,Nhà ở,NA,NA,NA,https://muaban.net/bat-dong-san/ban-nha-hem-ngo-quan-thu-duc-ho-chi-minh/ha-gia-300tr-can-53-7m-duong-so-22-thu-duc-xay-4-tang-so-san-id70947303,https://muaban.net/bat-dong-san/ban-nha-dat-chung-cu-ho-chi-minh?page=6,2026-06-03,2026-06-03 14:53:15.823378,6,2550,47842401.50093809,0,0
muaban,sale_all,muaban_70947316,muaban_70947316,"Bán gấp nhà DT 52,1m2 giá 2tỷ550 đường Lê Đức Thọ P16 Gò Vấp",52100000000,"Bán gấp nhà DT 52,1m2 giá 2tỷ550 đường Lê Đức Thọ P16 Gò Vấp",52.1,NA,TP.HCM,Unknown,NA,Unknown,1020,Nhà ở,NA,NA,NA,https://muaban.net/bat-dong-san/ban-nha-hem-ngo-quan-go-vap-ho-chi-minh/ban-gap-nha-dt-52-1m2-gia-2ty550-duong-le-duc-tho-p16-go-vap-id70947316,https://muaban.net/bat-dong-san/ban-nha-dat-chung-cu-ho-chi-minh?page=6,2026-06-03,2026-06-03 14:53:15.814663,6,52100,1000000000,0,0
muaban,sale_all,muaban_70632302,muaban_70632302,Bán nhà mặt phố 490 Ngô Gia Tự Phường Vườn Lài TP HCM,72000000000,72 tỷ,79.5,7,"Phường 4,Quận 10,TP.HCM",Phường 4,NA,Quận 10,1020,Nhà ở,NA,NA,NA,https://muaban.net/bat-dong-san/ban-nha-mat-tien-quan-10-ho-chi-minh/ban-nha-mat-pho-490-ngo-gia-tu-phuong-vuon-lai-tp-hcm-id70632302,https://muaban.net/bat-dong-san/ban-nha-dat-chung-cu-ho-chi-minh?page=6,2026-06-03,2026-06-03 14:53:15.808639,6,72000,905660377.3584906,0,0
muaban,sale_all,muaban_70947518,muaban_70947518,KẾ QUẬN 10 - XE HƠI ĐẬU TRƯỚC NHÀ - 48m2 3 TẦNG SỔ A4 - NHỈNH 6 TỶ,10000000000,KẾ QUẬN 10 - XE HƠI ĐẬU TRƯỚC NHÀ - 48m2 3 TẦNG SỔ A4 - NHỈNH 6 TỶ,48,NA,TP.HCM,Unknown,NA,Unknown,1020,Nhà ở,NA,NA,NA,https://muaban.net/bat-dong-san/ban-nha-hem-ngo-quan-tan-binh-ho-chi-minh/ke-quan-10-xe-hoi-dau-truoc-nha-48m2-3-tang-so-a4-nhinh-6-ty-id70947518,https://muaban.net/bat-dong-san/ban-nha-dat-chung-cu-ho-chi-minh?page=6,2026-06-03,2026-06-03 14:53:15.80013,6,10000,208333333.33333334,0,0
muaban,sale_all,muaban_70947568,muaban_70947568,"Bán nhà Nguyên Văn Luông, P.11, Quận 6. Nhà mới, vô ở liền",1700000000,"1,7 tỷ",18,NA,"Phường 11,Quận 6,TP.HCM",Phường 11,NA,Quận 6,1040,Đất,NA,NA,NA,https://muaban.net/bat-dong-san/ban-nha-mat-tien-quan-6-ho-chi-minh/ban-nha-nguyen-van-luong-p-11-quan-6-nha-moi-vo-o-lien-id70947568,https://muaban.net/bat-dong-san/ban-nha-dat-chung-cu-ho-chi-minh?page=6,2026-06-03,2026-06-03 14:53:15.793865,6,1700,94444444.44444445,0,0
muaban,sale_all,muaban_70844013,muaban_70844013,Bán nhà 68m²-ngang 6.2m giá 7.5 tỷ full nội thất tại Khánh Hội Quận 4,68000000000,Bán nhà 68m²-ngang 6.2m giá 7.5 tỷ full nội thất tại Khánh Hội Quận 4,68,NA,TP.HCM,Unknown,NA,Unknown,1020,Nhà ở,NA,NA,NA,https://muaban.net/bat-dong-san/ban-nha-hem-ngo-quan-4-ho-chi-minh/ban-nha-68m-ngang-6-2m-gia-7-5-ty-full-noi-that-tai-khanh-hoi-quan-4-id70844013,https://muaban.net/bat-dong-san/ban-nha-dat-chung-cu-ho-chi-minh?page=6,2026-06-03,2026-06-03 14:53:15.783884,6,68000,1000000000,0,0
muaban,sale_all,muaban_70785000,muaban_70785000,CHUYÊN BÁN ĐẤT NAM RẠCH CHIẾC Q2,12300000000,"12,3 tỷ",80,NA,"Bán nhà phố KDC Nam Rạch Chiếc 30ha , đường 12m P An Phú , ( Quận 2 cũ ) Tp Hồ Chí Minh , Việt Nam DT 80m2 ( 5 x 16m ) gồm 1 trệt , 3 tầng , 7PN / 8WC , đầy đủ nội thất , thang máy . đang cho thuê căn hộ dịch vụ Gần đường Song Hành , cách trung tâm",Unknown,NA,( Quận 2 cũ ) Tp Hồ Chí Minh,1010,Căn hộ/Chung cư,NA,NA,NA,https://muaban.net/bat-dong-san/ban-dat-du-an-khu-dan-cu-quan-2-ho-chi-minh/chuyen-ban-dat-nam-rach-chiec-q2-id70785000,https://muaban.net/bat-dong-san/ban-nha-dat-chung-cu-ho-chi-minh?page=6,2026-06-03,2026-06-03 14:53:15.776989,6,12300,153750000,0,0
muaban,rent_all,muaban_70939536,muaban_70939536,"Cho thuê nhà 1 tầng mới, mặt tiền 8m, 7A Đỗ Xuân Hợp, Quận 2, 70m2",35000000,35 triệu/tháng,8,NA,"Phường Bình Trưng Đông,TP. Thủ Đức - Quận 2,TP.HCM",Phường Bình Trưng Đông,NA,TP. Thủ Đức - Quận 2,1050,Phòng trọ,NA,NA,NA,https://muaban.net/bat-dong-san/nha-mat-tien-quan-2-ho-chi-minh/cho-thue-nha-1-tang-moi-mat-tien-8m-7a-do-xuan-hop-quan-2-70m2-id70939536,https://muaban.net/bat-dong-san/cho-thue-nha-dat-ho-chi-minh?page=5,2026-06-03,2026-06-03 14:53:05.142013,5,35,4375000,0,1
muaban,rent_all,muaban_70609814,muaban_70609814,"Cho thuê nhà nguyên căn mặt tiền Lê Quang Định, Bình Thạnh, 43m2, 3lầu",40000000,40 triệu/tháng,43,NA,"Cho thuê nhà nguyên căn mặt tiền Lê Quang Định – Bình Thạnh 📍 Địa chỉ: 384 Lê Quang Định, P. Bình Lợi Trung, TP.HCM 🏠 Kết cấu: 1 trệt + 3 lầu 📐 Diện tích sử dụng: 43 m² 🧭 Hướng: Đông Nam 💼 Phù hợp kinh doanh: Văn phòng công ty, spa, salon tóc",Unknown,NA,Cho thuê nhà nguyên căn mặt tiền Lê Quang Định – Bình Thạnh 📍 Địa chỉ: 384 Lê Quang Định,1030,Văn phòng/Mặt bằng,NA,NA,NA,https://muaban.net/bat-dong-san/nha-mat-tien-quan-binh-thanh-ho-chi-minh/cho-thue-nha-nguyen-can-mat-tien-le-quang-dinh-binh-thanh-43m2-3lau-id70609814,https://muaban.net/bat-dong-san/cho-thue-nha-dat-ho-chi-minh?page=5,2026-06-03,2026-06-03 14:53:05.134002,5,40,930232.5581395349,0,1
muaban,rent_all,muaban_70933143,muaban_70933143,"Cho thuê villa đối diện công viên cực đẹp, full nội thất cao cấp",55000000,55 triệu/tháng,160,5,"Phường An Phú,TP. Thủ Đức - Quận 2,TP.HCM",Phường An Phú,NA,TP. Thủ Đức - Quận 2,1040,Đất,NA,NA,NA,https://muaban.net/bat-dong-san/biet-thu-villa-quan-2-ho-chi-minh/cho-thue-villa-doi-dien-cong-vien-cuc-dep-full-noi-that-cao-cap-id70933143,https://muaban.net/bat-dong-san/cho-thue-nha-dat-ho-chi-minh?page=5,2026-06-03,2026-06-03 14:53:05.126757,5,55,343750,0,1
muaban,rent_all,muaban_70864458,muaban_70864458,"Cho thuê nhà nguyên căn 8/3 Co Giang , Q1 ( miễn trung gian )",16000000,16 triệu/tháng,56,3,"Phường Cầu Ông Lãnh,Quận 1,TP.HCM",Phường Cầu Ông Lãnh,NA,Quận 1,1030,Nhà đất cho thuê,NA,NA,NA,https://muaban.net/bat-dong-san/nha-hem-ngo-quan-1-ho-chi-minh/cho-thue-nha-nguyen-can-8-3-co-giang-q1-mien-trung-gian-id70864458,https://muaban.net/bat-dong-san/cho-thue-nha-dat-ho-chi-minh?page=5,2026-06-03,2026-06-03 14:53:05.119938,5,16,285714.28571428574,0,1
muaban,rent_all,muaban_70944688,muaban_70944688,"Cho thuê nhà gần Metro Bình Phú, P.11, Quận 6",13000000,13 triệu/tháng,72,NA,"Phường 11,Quận 6,TP.HCM",Phường 11,NA,Quận 6,1030,Nhà đất cho thuê,NA,NA,NA,https://muaban.net/bat-dong-san/nha-mat-tien-quan-6-ho-chi-minh/cho-thue-nha-gan-metro-binh-phu-p-11-quan-6-id70944688,https://muaban.net/bat-dong-san/cho-thue-nha-dat-ho-chi-minh?page=5,2026-06-03,2026-06-03 14:53:05.112792,5,13,180555.55555555556,0,1
muaban,rent_all,muaban_70899020,muaban_70899020,Cho thuê phòng trọ quận 10 đường CMT8 (gần sân khấu Lan Anh),4200000,"4,2 triệu/tháng",35,NA,"Phường 13,Quận 10,TP.HCM",Phường 13,NA,Quận 10,1050,Phòng trọ,NA,NA,NA,https://muaban.net/bat-dong-san/cho-thue-nha-tro-phong-tro-quan-10-ho-chi-minh/cho-thue-phong-tro-quan-10-duong-cmt8-gan-san-khau-lan-anh-id70899020,https://muaban.net/bat-dong-san/cho-thue-nha-dat-ho-chi-minh?page=5,2026-06-03,2026-06-03 14:53:05.104138,5,4.2,120000,0,1
muaban,rent_all,muaban_70929703,muaban_70929703,"Cho thuê nhà gần công viên Phú Lâm, P.13, Q.6 Ngang 4m dài 14m, 2 lầu",10000000,10 triệu/tháng,56,NA,"Phường 13,Quận 6,TP.HCM",Phường 13,NA,Quận 6,1030,Nhà đất cho thuê,NA,NA,NA,https://muaban.net/bat-dong-san/nha-hem-ngo-quan-6-ho-chi-minh/cho-thue-nha-hem-820-hau-giang-p-13-q-6-id70929703,https://muaban.net/bat-dong-san/cho-thue-nha-dat-ho-chi-minh?page=5,2026-06-03,2026-06-03 14:53:05.097536,5,10,178571.42857142858,0,1
muaban,rent_all,muaban_70937253,muaban_70937253,"CHO THUÊ CĂN HỘ ÂU CƠ TOWER, FULL NỘI THẤT CAO CẤP",12500000,"12,5 triệu/tháng",65,2,"Quận Tân Phú,TP.HCM",Unknown,NA,Quận Tân Phú,1010,Căn hộ/Chung cư,NA,NA,NA,https://muaban.net/bat-dong-san/cho-thue-can-ho-chung-cu-du-an-au-co-tower-quan-tan-phu-ho-chi-minh/cho-thue-can-ho-au-co-tower-full-noi-that-cao-cap-id70937253,https://muaban.net/bat-dong-san/cho-thue-nha-dat-ho-chi-minh?page=5,2026-06-03,2026-06-03 14:53:05.090552,5,12.5,192307.6923076923,0,1
muaban,rent_all,muaban_70861398,muaban_70861398,"Cho thuê nhà 513/1L Điện Biên Phủ Q3 cách MT 20m -1 trệt 3 lầu, 3PN",20000000,20 triệu/tháng,40,3,"Phường 3,Quận 3,TP.HCM",Phường 3,NA,Quận 3,1030,Nhà đất cho thuê,NA,NA,NA,https://muaban.net/bat-dong-san/nha-hem-ngo-quan-3-ho-chi-minh/cho-thue-nha-hem-513-1l-dien-bien-phu-phuong-ban-co-quan-3-cu-id70861398,https://muaban.net/bat-dong-san/cho-thue-nha-dat-ho-chi-minh?page=5,2026-06-03,2026-06-03 14:53:05.083494,5,20,500000,0,1
muaban,rent_all,muaban_70725834,muaban_70725834,PHÒNG TRỌ CÓ BAN CÔNG . LÊ VĂN QUỚI . HƯƠNG LỘ 2 - MÃ LÒ,3300000,"3,3 triệu/tháng",25,NA,"Phường Bình Trị Đông A,Quận Bình Tân,TP.HCM",Phường Bình Trị Đông A,NA,Quận Bình Tân,1050,Phòng trọ,NA,NA,NA,https://muaban.net/bat-dong-san/cho-thue-nha-tro-phong-tro-quan-binh-tan-ho-chi-minh/phong-tro-co-ban-cong-le-van-quoi-huong-lo-2-ma-lo-id70725834,https://muaban.net/bat-dong-san/cho-thue-nha-dat-ho-chi-minh?page=5,2026-06-03,2026-06-03 14:53:05.076372,5,3.3,132000,0,1
muaban,rent_all,muaban_70725995,muaban_70725995,"1016m2 MT 175 CAO THẮNG, GẦN HÀ ĐÔ",245000000,245 triệu/tháng,1016,NA,"Phường 12,Quận 10,TP.HCM",Phường 12,NA,Quận 10,1030,Nhà đất cho thuê,NA,NA,NA,https://muaban.net/bat-dong-san/nha-mat-tien-quan-10-ho-chi-minh/cho-thue-sieu-pham-mt-175-cao-thang-20x45m-1l-id70725995,https://muaban.net/bat-dong-san/cho-thue-nha-dat-ho-chi-minh?page=5,2026-06-03,2026-06-03 14:53:05.069122,5,245,241141.73228346457,0,1
muaban,rent_all,muaban_70922825,muaban_70922825,CHO THUÊ HOẶC BÁN NHÀ SÁT MẶT TIỀN XE TẢI PHẠM ĐÔN Q5,11500000,"11,5 triệu/tháng",50,2,"Cho thuê hoặc bán nhà Quận 5 gần bệnh viện ĐHYD Quận 5 TPHCM - Địa chỉ: 18/4 trệt Phạm Đôn, phường Chợ Lớn (Phường 10 Quận 5), TPHCM. - Giá cho thuê: 11,5trieu/tháng, cọc 2 tháng. Cho thuê ngắn hạn dài hạn đều được. - Giá bán: 4ty368trieu vnđ. Chủ",phường Chợ Lớn (Phường 10 Quận 5),NA,phường Chợ Lớn (Phường 10 Quận 5),1030,Nhà đất cho thuê,NA,NA,NA,https://muaban.net/bat-dong-san/nha-hem-ngo-quan-5-ho-chi-minh/cho-thue-hoac-ban-nha-sat-mat-tien-xe-tai-pham-don-q5-id70922825,https://muaban.net/bat-dong-san/cho-thue-nha-dat-ho-chi-minh?page=5,2026-06-03,2026-06-03 14:53:05.062059,5,11.5,230000,0,1
muaban,rent_all,muaban_70508419,muaban_70508419,CHO THUÊ PHÒNG ĐẦY ĐỦ TIỆN NGHI TẠI CMT8-Q10,3000000,3 triệu/tháng,12,NA,"Phường 13,Quận 10,TP.HCM",Phường 13,NA,Quận 10,1030,Nhà đất cho thuê,NA,NA,NA,https://muaban.net/bat-dong-san/cho-thue-nha-tro-phong-tro-quan-10-ho-chi-minh/cho-thue-phong-day-du-tien-nghi-tai-cmt8-q10-id70508419,https://muaban.net/bat-dong-san/cho-thue-nha-dat-ho-chi-minh?page=5,2026-06-03,2026-06-03 14:53:05.045186,5,3,250000,0,1
muaban,rent_all,muaban_70945705,muaban_70945705,"Cho thuê Phòng DTSD 26m2, đầy đủ tiện nghi, đường số 2, P.Tân Quy, Q.7",4000000,4 triệu/tháng,26,NA,"Phường Tân Quy,Quận 7,TP.HCM",Phường Tân Quy,NA,Quận 7,1030,Nhà đất cho thuê,NA,NA,NA,https://muaban.net/bat-dong-san/cho-thue-nha-tro-phong-tro-quan-7-ho-chi-minh/cho-thue-phong-dtsd-26m2-day-du-tien-nghi-duong-so-2-p-tan-quy-q-7-id70945705,https://muaban.net/bat-dong-san/cho-thue-nha-dat-ho-chi-minh?page=5,2026-06-03,2026-06-03 14:53:05.037451,5,4,153846.15384615384,0,1
muaban,rent_all,muaban_70944229,muaban_70944229,"Cho Thuê Nhà Nguyên Căn: hẻm nhựa 4,5m Nguyễn Thị Nhỏ P.9 Q.Tân Bình",6000000,6 triệu/tháng,17.5,NA,"Phường 9,Quận Tân Bình,TP.HCM",Phường 9,NA,Quận Tân Bình,1030,Nhà đất cho thuê,NA,NA,NA,https://muaban.net/bat-dong-san/nha-hem-ngo-quan-tan-binh-ho-chi-minh/cho-thue-nha-mat-tien-hem-nhua-4-5m-nguyen-thi-nho-p-9-q-tan-binh-id70944229,https://muaban.net/bat-dong-san/cho-thue-nha-dat-ho-chi-minh?page=5,2026-06-03,2026-06-03 14:53:05.028965,5,6,342857.14285714284,0,1
muaban,rent_all,muaban_70945683,muaban_70945683,"Cho thuê căn hộ liền kề 24m2, 1 trệt 1 lầu, đường 33 Tân Kiểng, Quận 7",4500000,"4,5 triệu/tháng",24,NA,"Phường Tân Kiểng,Quận 7,TP.HCM",Phường Tân Kiểng,NA,Quận 7,1010,Căn hộ/Chung cư,NA,NA,NA,https://muaban.net/bat-dong-san/cho-thue-nha-tro-phong-tro-quan-7-ho-chi-minh/cho-thue-can-ho-lien-ke-24m2-1-tret-1-lau-duong-33-tan-kieng-quan-7-id70945683,https://muaban.net/bat-dong-san/cho-thue-nha-dat-ho-chi-minh?page=5,2026-06-03,2026-06-03 14:53:05.020378,5,4.5,187500,0,1
muaban,rent_all,muaban_68927246,muaban_68927246,"Cho thuê phòng trọ 1024/7 Huỳnh Tấn Phát (cách mặt tiền HTP 25m), Q.7",2000000,2 triệu/tháng,20,NA,"Cho thuê phòng trọ 1024/7 Huỳnh Tấn Phát (cách mặt tiền HTP 25m), cho (1-2) người lớn ở, có căn cước công dân, P.Tân Phú, Quận 7, TP.HCM. - Phòng trọ có điện, nước, phòng vệ sinh, bếp riêng, gác suốt, diện tích sử dụng trên 20m2. - Giá 2 triệu/tháng",Unknown,NA,Quận 7,1050,Phòng trọ,NA,NA,NA,https://muaban.net/bat-dong-san/cho-thue-nha-tro-phong-tro-quan-7-ho-chi-minh/cho-thue-phong-tro-1024-7-huynh-tan-phat-cach-mat-tien-htp-25m-q-7-id68927246,https://muaban.net/bat-dong-san/cho-thue-nha-dat-ho-chi-minh?page=5,2026-06-03,2026-06-03 14:53:05.01113,5,2,100000,0,1
muaban,rent_all,muaban_70922017,muaban_70922017,Cho Thuê Nhà NC Mặt Tiền Chợ 8PN 8 WC Q Phú Nhuận,35000000,35 triệu/tháng,63,8,"Phường 9,Quận Phú Nhuận,TP.HCM",Phường 9,NA,Quận Phú Nhuận,1030,Nhà đất cho thuê,NA,NA,NA,https://muaban.net/bat-dong-san/nha-mat-tien-quan-phu-nhuan-ho-chi-minh/cho-thue-nha-nc-mat-tien-8pn-8-wc-q-phu-nhuan-id70922017,https://muaban.net/bat-dong-san/cho-thue-nha-dat-ho-chi-minh?page=5,2026-06-03,2026-06-03 14:53:05.002158,5,35,555555.5555555555,0,1
muaban,rent_all,muaban_70946062,muaban_70946062,"Cho thuê nhà nguyên căn Đặng Thùy Trâm - 5 x 20m - mới xây sạch đẹp,",19000000,19 triệu/tháng,100,NA,"Phường 13,Quận Bình Thạnh,TP.HCM",Phường 13,NA,Quận Bình Thạnh,1030,Kho xưởng,NA,NA,NA,https://muaban.net/bat-dong-san/nha-hem-ngo-quan-binh-thanh-ho-chi-minh/cho-thue-nha-nguyen-can-dang-thuy-tram-5-x-20m-moi-xay-sach-dep-id70946062,https://muaban.net/bat-dong-san/cho-thue-nha-dat-ho-chi-minh?page=5,2026-06-03,2026-06-03 14:53:04.992321,5,19,190000,0,1
muaban,sale_all,muaban_70653563,muaban_70653563,Bán nhà hẻm đường Trần Khắc Chân Q.1,5150000000,"5,15 tỷ",25,2,"Phường Tân Định,Quận 1,TP.HCM",Phường Tân Định,NA,Quận 1,1020,Nhà ở,NA,NA,NA,https://muaban.net/bat-dong-san/ban-nha-hem-ngo-quan-1-ho-chi-minh/ban-nha-hem-duong-tran-khac-chan-q-1-id70653563,https://muaban.net/bat-dong-san/ban-nha-dat-chung-cu-ho-chi-minh?page=5,2026-06-03,2026-06-03 14:52:53.652457,5,5150,206000000,0,0
muaban,sale_all,muaban_69633984,muaban_69633984,"Bán Nhà Trần Bá Giao, P5, GV, ngay bờ sông Vàm Thuật, thoáng mát",21000000000,21 tỷ,200,NA,"Phường 5,Quận Gò Vấp,TP.HCM",Phường 5,NA,Quận Gò Vấp,1020,Nhà ở,NA,NA,NA,https://muaban.net/bat-dong-san/ban-nha-mat-tien-quan-go-vap-ho-chi-minh/ban-nha-tran-ba-giao-p5-gv-ngay-bo-song-vam-thuat-thoang-mat-id69633984,https://muaban.net/bat-dong-san/ban-nha-dat-chung-cu-ho-chi-minh?page=5,2026-06-03,2026-06-03 14:52:53.645986,5,21000,105000000,0,0
muaban,sale_all,muaban_70893258,muaban_70893258,"Bán nhà Mặt tiền đường Mương Lệ, Phường Bình Hưng Hòa B, Bình Tân",5990000000,"5,99 tỷ",52,2,"Phường Bình Hưng Hòa B,Quận Bình Tân,TP.HCM",Phường Bình Hưng Hòa B,NA,Quận Bình Tân,1020,Nhà ở,NA,NA,NA,https://muaban.net/bat-dong-san/ban-nha-mat-tien-quan-binh-tan-ho-chi-minh/ban-nha-mat-tien-duong-muong-le-phuong-binh-hung-hoa-b-binh-tan-id70893258,https://muaban.net/bat-dong-san/ban-nha-dat-chung-cu-ho-chi-minh?page=5,2026-06-03,2026-06-03 14:52:53.63907,5,5990,115192307.6923077,0,0
muaban,sale_all,muaban_70934106,muaban_70934106,Siêu phẩm mặt tiền 256 Phan Huy Ích 4x20 1 lủng 5 lầu thang máy 12.5 t,12500000000,"12,5 tỷ",60,7,"Phường 12,Quận Gò Vấp,TP.HCM",Phường 12,NA,Quận Gò Vấp,1020,Nhà ở,NA,NA,NA,https://muaban.net/bat-dong-san/ban-nha-mat-tien-quan-go-vap-ho-chi-minh/sieu-pham-mat-tien-256-phan-huy-ich-4x20-1-lung-5-lau-thang-may-12-5-t-id70934106,https://muaban.net/bat-dong-san/ban-nha-dat-chung-cu-ho-chi-minh?page=5,2026-06-03,2026-06-03 14:52:53.632324,5,12500,208333333.33333334,0,0
muaban,sale_all,muaban_70929720,muaban_70929720,CHỦ CẦN BÁN GẤP: NHÀ MẶT TIỀN NGUYỄN CHÍ THANH Q10 – 125M² NGANG 9M,75000000000,75 tỷ,125,NA,"💎 CHỦ CẦN BÁN GẤP: NHÀ MẶT TIỀN NGUYỄN CHÍ THANH Q10 – 125M² NGANG 9M HIẾM CÓ – KINH DOANH ĐỈNH, DÒNG TIỀN TỐT 💎 📍 Vị trí: Mặt tiền đường Nguyễn Chí Thanh, Phường 9, Quận 10, TP.HCM – Tuyến đường huyết mạch sầm uất, kinh doanh đa ngành nghề, cốt",Phường 9,NA,Quận 10,1020,Nhà ở,NA,NA,NA,https://muaban.net/bat-dong-san/ban-nha-mat-tien-quan-10-ho-chi-minh/chu-can-ban-gap-nha-mat-tien-nguyen-chi-thanh-q10-125m-ngang-9m-id70929720,https://muaban.net/bat-dong-san/ban-nha-dat-chung-cu-ho-chi-minh?page=5,2026-06-03,2026-06-03 14:52:53.625496,5,75000,600000000,0,0
muaban,sale_all,muaban_70920183,muaban_70920183,"Bán nhà mặt tiền kinh doanh đường Tô Hiến Thành, Phường Hòa Hưng, HCM",30500000000,"30,5 tỷ",97,NA,"BÁN NHÀ MẶT TIỀN TÔ HIẾN THÀNH – QUẬN 10 – GIẢM MẠNH CÒN 30,5 TỶ THÔNG TIN CHI TIẾT Địa chỉ: 142 Tô Hiến Thành, Phường Hòa Hưng (Phường 15, Quận 10 cũ), TP.Hồ Chí Minh Diện tích thực tế: 4,1m x 23,5m, Diện tích công nhận: 71,5m², Kết cấu: Lửng + 2",Phường Hòa Hưng (Phường 15,NA,Quận 10 cũ),1020,Nhà ở,NA,NA,NA,https://muaban.net/bat-dong-san/ban-nha-mat-tien-quan-10-ho-chi-minh/ban-nha-mat-tien-kinh-doanh-duong-to-hien-thanh-phuong-hoa-hung-hcm-id70920183,https://muaban.net/bat-dong-san/ban-nha-dat-chung-cu-ho-chi-minh?page=5,2026-06-03,2026-06-03 14:52:53.618869,5,30500,314432989.69072163,0,0
muaban,sale_all,muaban_70523553,muaban_70523553,"Cần bán nhà nhỏ, số 210/76 Nguyễn Văn Luông, Phường Bình Phú",1700000000,"1,7 tỷ",29.8,NA,"Phường 11,Quận 6,TP.HCM",Phường 11,NA,Quận 6,1020,Nhà ở,NA,NA,NA,https://muaban.net/bat-dong-san/ban-nha-hem-ngo-quan-6-ho-chi-minh/can-ban-nha-nho-so-210-76-nguyen-van-luong-phuong-binh-phu-id70523553,https://muaban.net/bat-dong-san/ban-nha-dat-chung-cu-ho-chi-minh?page=5,2026-06-03,2026-06-03 14:52:53.611739,5,1700,57046979.86577181,0,0
muaban,sale_all,muaban_70508441,muaban_70508441,"Chính chủ bán căn hộ An Khánh mặt tiền Song Hành Xa Lộ Hà Nội, 88m2",5400000000,"5,4 tỷ",88,NA,"Phường An Phú,TP. Thủ Đức - Quận 2,TP.HCM",Phường An Phú,NA,TP. Thủ Đức - Quận 2,1010,Căn hộ/Chung cư,NA,NA,NA,https://muaban.net/bat-dong-san/ban-can-ho-chung-cu-quan-2-ho-chi-minh/ban-gap-can-chung-cu-an-khanh-mat-tien-song-hanh-xa-lo-ha-noi-88m2-id70508441,https://muaban.net/bat-dong-san/ban-nha-dat-chung-cu-ho-chi-minh?page=5,2026-06-03,2026-06-03 14:52:53.604915,5,5400,61363636.36363637,0,0
muaban,sale_all,muaban_70944192,muaban_70944192,"BÁN NHÀ 261/37F ĐƯỜNG CHU VĂN AN, P.12, Q. BÌNH THẠNH",6400000000,"6,4 tỷ",30,NA,"Phường 12,Quận Bình Thạnh,TP.HCM",Phường 12,NA,Quận Bình Thạnh,1040,Đất,NA,NA,NA,https://muaban.net/bat-dong-san/ban-nha-hem-ngo-quan-binh-thanh-ho-chi-minh/ban-nha-261-37f-duong-chu-van-an-p-12-q-binh-thanh-id70944192,https://muaban.net/bat-dong-san/ban-nha-dat-chung-cu-ho-chi-minh?page=5,2026-06-03,2026-06-03 14:52:53.595533,5,6400,213333333.33333334,0,0
muaban,sale_all,muaban_70929883,muaban_70929883,"Bán nhà 95 Liên Tỉnh 5, P.Bình Đông, gần chợ Nhị Thiên Đường",13600000000,"13,6 tỷ",75.6,4,"Phường 5,Quận 8,TP.HCM",Phường 5,NA,Quận 8,1020,Nhà ở,NA,NA,NA,https://muaban.net/bat-dong-san/ban-nha-mat-tien-quan-8-ho-chi-minh/ban-nha-95-lien-tinh-5-p-binh-dong-gan-cho-nhi-thien-duong-id70929883,https://muaban.net/bat-dong-san/ban-nha-dat-chung-cu-ho-chi-minh?page=5,2026-06-03,2026-06-03 14:52:53.5885,5,13600,179894179.8941799,0,0
muaban,sale_all,muaban_70540247,muaban_70540247,Siêu Phẩm đường 10m sát Phan Huy Ích 1 lửng 4 lầu thang máy 4x16,13800000000,"13,8 tỷ",65,7,"Phường 14,Quận Gò Vấp,TP.HCM",Phường 14,NA,Quận Gò Vấp,1020,Nhà ở,NA,NA,NA,https://muaban.net/bat-dong-san/ban-nha-mat-tien-quan-go-vap-ho-chi-minh/sieu-pham-duong-10m-sat-phan-huy-ich-1-lung-4-lau-thang-may-4x16-id70540247,https://muaban.net/bat-dong-san/ban-nha-dat-chung-cu-ho-chi-minh?page=5,2026-06-03,2026-06-03 14:52:53.581642,5,13800,212307692.30769232,0,0
muaban,sale_all,muaban_70893255,muaban_70893255,"Bán nhà 2 mặt tiền đường Bình Thành, Phường Bình Hưng Hòa B, Bình Tân",6400000000,"6,4 tỷ",170,8,"Phường Bình Hưng Hòa B,Quận Bình Tân,TP.HCM",Phường Bình Hưng Hòa B,NA,Quận Bình Tân,1020,Nhà ở,NA,NA,NA,https://muaban.net/bat-dong-san/ban-nha-mat-tien-quan-binh-tan-ho-chi-minh/ban-nha-2-mat-tien-duong-binh-thanh-phuong-binh-hung-hoa-b-binh-tan-id70893255,https://muaban.net/bat-dong-san/ban-nha-dat-chung-cu-ho-chi-minh?page=5,2026-06-03,2026-06-03 14:52:53.575019,5,6400,37647058.823529415,0,0
muaban,sale_all,muaban_70920160,muaban_70920160,"Bán 672m2 full ODT, 1/50m đường Lê Thị Riêng, Thới An, Q12. Chốt 17,5t",17500000000,"17,5 tỷ",672,NA,"Hàng ngộp, chủ cắt lỗ bán nhanh. 672m2, full đất ODT, hẻm xe tải, 1/50m đường Lê Thị Riêng. Thới An, Q12. TPHCM. mặt tiền bám hẻm 17m, nở hậu 30, trên đất sẵn 1 xưởng nhỏ, đất trống còn lại đang cho thuê làm bãi xe. Cách đường Lê Thị Riêng, đúng",Unknown,NA,Unknown,1040,Đất,NA,NA,NA,https://muaban.net/bat-dong-san/ban-dat-tho-cu-quan-12-ho-chi-minh/ban-672m2-full-odt-1-50m-duong-le-thi-rieng-thoi-an-q12-chot-17-5t-id70920160,https://muaban.net/bat-dong-san/ban-nha-dat-chung-cu-ho-chi-minh?page=5,2026-06-03,2026-06-03 14:52:53.56678,5,17500,26041666.666666668,0,0
muaban,sale_all,muaban_70939706,muaban_70939706,Nhà phong thuỷ tốt Nguyễn Văn Lượng P17 Q. Gò Vấp DT 44.8m2 giá 2tỷ300,17000000000,Nhà phong thuỷ tốt Nguyễn Văn Lượng P17 Q. Gò Vấp DT 44.8m2 giá 2tỷ300,44.8,NA,TP.HCM,Unknown,NA,Unknown,1020,Nhà ở,NA,NA,NA,https://muaban.net/bat-dong-san/ban-nha-hem-ngo-quan-go-vap-ho-chi-minh/nha-phong-thuy-tot-nguyen-van-luong-p17-q-go-vap-dt-44-8m2-gia-2ty300-id70939706,https://muaban.net/bat-dong-san/ban-nha-dat-chung-cu-ho-chi-minh?page=5,2026-06-03,2026-06-03 14:52:53.557765,5,17000,379464285.71428573,0,0
muaban,sale_all,muaban_69215007,muaban_69215007,"Khu dân cư 36 căn An Phú Đông 27, Quận 12, Tphcm",5000000000,5 tỷ,80,NA,"Phường An Phú Đông,Quận 12,TP.HCM",Phường An Phú Đông,NA,Quận 12,1050,Phòng trọ,NA,NA,NA,https://muaban.net/bat-dong-san/ban-dat-du-an-khu-dan-cu-quan-12-ho-chi-minh/khu-dan-cu-36-can-an-phu-dong-27-quan-12-tphcm-id69215007,https://muaban.net/bat-dong-san/ban-nha-dat-chung-cu-ho-chi-minh?page=5,2026-06-03,2026-06-03 14:52:53.550573,5,5000,62500000,0,0
muaban,sale_all,muaban_70703251,muaban_70703251,"Bán nhà mặt tiền Đề Thám, Quận 1: 3.65m nở hậu 3.8m x24m, gần Cô Giang",32000000000,32 tỷ,72.3,3,"Phường Cô Giang,Quận 1,TP.HCM",Phường Cô Giang,NA,Quận 1,1020,Nhà ở,NA,NA,NA,https://muaban.net/bat-dong-san/ban-nha-mat-tien-quan-1-ho-chi-minh/ban-nha-mat-tien-de-tham-quan-1-3-65m-no-hau-3-8m-x24m-gan-co-giang-id70703251,https://muaban.net/bat-dong-san/ban-nha-dat-chung-cu-ho-chi-minh?page=5,2026-06-03,2026-06-03 14:52:53.542688,5,32000,442600276.6251729,0,0
muaban,sale_all,muaban_70929077,muaban_70929077,"BÁN NHÀ HXH ĐƯỜNG PHAN ĐÌNH PHÙNG, Q. PHÚ NHUẬN",14800000000,"14,8 tỷ",108,NA,"Phường 17,Quận Phú Nhuận,TP.HCM",Phường 17,NA,Quận Phú Nhuận,1020,Nhà ở,NA,NA,NA,https://muaban.net/bat-dong-san/ban-nha-hem-ngo-quan-phu-nhuan-ho-chi-minh/ban-nha-hxh-duong-phan-dinh-phung-q-phu-nhuan-id70929077,https://muaban.net/bat-dong-san/ban-nha-dat-chung-cu-ho-chi-minh?page=5,2026-06-03,2026-06-03 14:52:53.522898,5,14800,137037037.03703704,0,0
muaban,sale_all,muaban_69815418,muaban_69815418,"B.thự mini góc 2 mặt tiền, 3lầu, mới 100%, hẻm đẹp khu c.cấp Lê Văn Sỹ",8199999999.999999,"8,2 tỷ",45,4,"Phường 14,Quận 3,TP.HCM",Phường 14,NA,Quận 3,1030,Văn phòng/Mặt bằng,NA,NA,NA,https://muaban.net/bat-dong-san/ban-nha-hem-ngo-quan-3-ho-chi-minh/b-thu-mini-goc-2-mat-tien-3lau-moi-100-hem-dep-khu-c-cap-le-van-sy-id69815418,https://muaban.net/bat-dong-san/ban-nha-dat-chung-cu-ho-chi-minh?page=5,2026-06-03,2026-06-03 14:52:53.510159,5,8199.999999999998,182222222.2222222,0,0
muaban,rent_all,muaban_70931067,muaban_70931067,cho thuê nguyên căn mặt tiền hẻm thông kd nhỏ,16000000,16 triệu/tháng,36,2,"Phường 22,Quận Bình Thạnh,TP.HCM",Phường 22,NA,Quận Bình Thạnh,1030,Nhà đất cho thuê,NA,NA,NA,https://muaban.net/bat-dong-san/nha-hem-ngo-quan-binh-thanh-ho-chi-minh/cho-thue-nguyen-can-mat-tien-hem-thong-kd-nho-id70931067,https://muaban.net/bat-dong-san/cho-thue-nha-dat-ho-chi-minh?page=4,2026-06-03,2026-06-03 14:52:42.402923,4,16,444444.44444444444,0,1
muaban,rent_all,muaban_70877712,muaban_70877712,"Cho thuê nhà nguyên căn hoặc bán nhà khu phố Tây Phạm Ngủ Lão, Q1, HCM",15000000,15 triệu/tháng,54,NA,"Phường Phạm Ngũ Lão,Quận 1,TP.HCM",Phường Phạm Ngũ Lão,NA,Quận 1,1010,Căn hộ/Chung cư,NA,NA,NA,https://muaban.net/bat-dong-san/nha-hem-ngo-quan-1-ho-chi-minh/cho-thue-nha-nguyen-can-hoac-ban-nha-khu-pho-tay-pham-ngu-lao-q1-hcm-id70877712,https://muaban.net/bat-dong-san/cho-thue-nha-dat-ho-chi-minh?page=4,2026-06-03,2026-06-03 14:52:42.392716,4,15,277777.77777777775,0,1
muaban,rent_all,muaban_70936663,muaban_70936663,"Phòng trọ CAO CẤP 35/63/4 Xô Viết Nghệ Tĩnh, P17, Bình Thạnh",4500000,"4,5 triệu/tháng",20,NA,"Phòng trọ Bình Thạnh Cao cấp giá Bình Dân 35/63/4 Xô Viết Nghệ Tĩnh, Phường Gia Định (Phường 17, Bình Thạnh cũ), TP.HCM Chỗ để xe tối đa 2 xe/ phòng, điện theo giá nhà nước, nước 70k/người, dv (wifi,rác...50k/người), nội thất: Giường, tủ, máy lạnh",Phường Gia Định (Phường 17,NA,Bình Thạnh cũ),1050,Phòng trọ,NA,NA,NA,https://muaban.net/bat-dong-san/cho-thue-nha-tro-phong-tro-quan-binh-thanh-ho-chi-minh/phong-tro-cao-cap-35-63-4-xo-viet-nghe-tinh-p17-binh-thanh-id70936663,https://muaban.net/bat-dong-san/cho-thue-nha-dat-ho-chi-minh?page=4,2026-06-03,2026-06-03 14:52:42.386194,4,4.5,225000,0,1
muaban,rent_all,muaban_70179281,muaban_70179281,"Cho thuê phòng trung tâm quận 1, đầy đủ tiện nghi, có balcon",4500000,"4,5 triệu/tháng",20,NA,"Phường Tân Định,Quận 1,TP.HCM",Phường Tân Định,NA,Quận 1,1030,Nhà đất cho thuê,NA,NA,NA,https://muaban.net/bat-dong-san/cho-thue-nha-tro-phong-tro-quan-1-ho-chi-minh/cho-thue-phong-trung-tam-quan-1-day-du-tien-nghi-co-balcon-id70179281,https://muaban.net/bat-dong-san/cho-thue-nha-dat-ho-chi-minh?page=4,2026-06-03,2026-06-03 14:52:42.379456,4,4.5,225000,0,1
muaban,rent_all,muaban_70944489,muaban_70944489,"🔥 CHO THUÊ MẶT BẰNG KINH DOANH – HẺM SỐ 2 NGUYỄN THÀNH Ý, QUẬN 1",10000000,10 triệu/tháng,20.5,NA,"Phường Đa Kao,Quận 1,TP.HCM",Phường Đa Kao,NA,Quận 1,1010,Căn hộ/Chung cư,NA,NA,NA,https://muaban.net/bat-dong-san/cho-thue-mat-bang-kinh-doanh-quan-1-ho-chi-minh/cho-thue-mat-bang-kinh-doanh-hem-so-2-nguyen-thanh-y-quan-1-id70944489,https://muaban.net/bat-dong-san/cho-thue-nha-dat-ho-chi-minh?page=4,2026-06-03,2026-06-03 14:52:42.372357,4,10,487804.8780487805,0,1
muaban,rent_all,muaban_70899524,muaban_70899524,Cho thuê nhà MT trung tâm quận 12,9000000,9 triệu/tháng,136,NA,"Phường Hiệp Thành,Quận 12,TP.HCM",Phường Hiệp Thành,NA,Quận 12,1030,Kho xưởng,NA,NA,NA,https://muaban.net/bat-dong-san/cho-thue-mat-bang-kinh-doanh-quan-12-ho-chi-minh/cho-thue-nha-mt-trung-tam-quan-12-id70899524,https://muaban.net/bat-dong-san/cho-thue-nha-dat-ho-chi-minh?page=4,2026-06-03,2026-06-03 14:52:42.365307,4,9,66176.4705882353,0,1
muaban,rent_all,muaban_70945587,muaban_70945587,"Nhà cho thuê mặt tiền đường Nguyễn Bá Tòng, gần ngã tư Bảy Hiền",16000000,16 triệu/tháng,60,2,"Phường 11,Quận Tân Bình,TP.HCM",Phường 11,NA,Quận Tân Bình,1030,Văn phòng/Mặt bằng,NA,NA,NA,https://muaban.net/bat-dong-san/nha-mat-tien-quan-tan-binh-ho-chi-minh/nha-cho-thue-mat-tien-duong-nguyen-ba-tong-gan-nga-tu-bay-hien-id70945587,https://muaban.net/bat-dong-san/cho-thue-nha-dat-ho-chi-minh?page=4,2026-06-03,2026-06-03 14:52:42.358537,4,16,266666.6666666667,0,1
muaban,rent_all,muaban_70923402,muaban_70923402,"Cho thuê nhà mới xây Nguyễn Khoái, Phường 2, Vĩnh Hội, 1 lầu, 2 phòng",11500000,"11,5 triệu/tháng",49,2,"Phường 2,Quận 4,TP.HCM",Phường 2,NA,Quận 4,1030,Kho xưởng,NA,NA,NA,https://muaban.net/bat-dong-san/nha-hem-ngo-quan-4-ho-chi-minh/cho-thue-nha-moi-xay-nguyen-khoai-phuong-2-vinh-hoi-1-lau-2-phong-id70923402,https://muaban.net/bat-dong-san/cho-thue-nha-dat-ho-chi-minh?page=4,2026-06-03,2026-06-03 14:52:42.351619,4,11.5,234693.8775510204,0,1
muaban,rent_all,muaban_70898710,muaban_70898710,"Cho thuê nhà 33 Hoa Sứ, Phường 7, Phú Nhuận 4,5x16m, 1 lửng, 4 tầng",50000000,50 triệu/tháng,72,8,"Phường 7,Quận Phú Nhuận,TP.HCM",Phường 7,NA,Quận Phú Nhuận,1030,Nhà đất cho thuê,NA,NA,NA,https://muaban.net/bat-dong-san/nha-mat-tien-quan-phu-nhuan-ho-chi-minh/cho-thue-nha-33-hoa-su-phuong-7-phu-nhuan-4-5x16m-1-lung-4-tang-id70898710,https://muaban.net/bat-dong-san/cho-thue-nha-dat-ho-chi-minh?page=4,2026-06-03,2026-06-03 14:52:42.344776,4,50,694444.4444444445,0,1
muaban,rent_all,muaban_70925628,muaban_70925628,"Cho thuê căn nhà mặt tiền số 19 đường số 3, Tân Kiểng, Quận 7",25000000,25 triệu/tháng,80,NA,"Phường Tân Kiểng,Quận 7,TP.HCM",Phường Tân Kiểng,NA,Quận 7,1030,Nhà đất cho thuê,NA,NA,NA,https://muaban.net/bat-dong-san/nha-mat-tien-quan-7-ho-chi-minh/cho-thue-ca-n-nha-ma-t-tie-n-so-19-duong-so-3-tan-kieng-quan-7-id70925628,https://muaban.net/bat-dong-san/cho-thue-nha-dat-ho-chi-minh?page=4,2026-06-03,2026-06-03 14:52:42.335421,4,25,312500,0,1
muaban,rent_all,muaban_70933153,muaban_70933153,"Cho thuê căn hộ chung cư 43 Hồ Văn Huê,, Phường 9 , Phú Nhuận",6500000,"6,5 triệu/tháng",60,2,"Phường 9,Quận Phú Nhuận,TP.HCM",Phường 9,NA,Quận Phú Nhuận,1010,Căn hộ/Chung cư,NA,NA,NA,https://muaban.net/bat-dong-san/cho-thue-can-ho-chung-cu-quan-phu-nhuan-ho-chi-minh/cho-thue-can-ho-chung-cu-43-ho-van-hue-phuong-9-phu-nhuan-id70933153,https://muaban.net/bat-dong-san/cho-thue-nha-dat-ho-chi-minh?page=4,2026-06-03,2026-06-03 14:52:42.328897,4,6.5,108333.33333333333,0,1
muaban,rent_all,muaban_70946017,muaban_70946017,"GÓC 2 MẶT TIỀN LÊ VĂN DUYỆT GIÁP Q1, 6,7X13M 4 LẦU 70 TRIỆU",2000000000,"GÓC 2 MẶT TIỀN LÊ VĂN DUYỆT GIÁP Q1, 6,7X13M 4 LẦU 70 TRIỆU",88,4,"Phường 1,Quận Bình Thạnh,TP.HCM",Phường 1,NA,Quận Bình Thạnh,1030,Kho xưởng,NA,NA,NA,https://muaban.net/bat-dong-san/nha-mat-tien-quan-binh-thanh-ho-chi-minh/goc-2-mat-tien-le-van-duyet-giap-q1-6-7x13m-4-lau-70-trieu-id70946017,https://muaban.net/bat-dong-san/cho-thue-nha-dat-ho-chi-minh?page=4,2026-06-03,2026-06-03 14:52:42.322075,4,2000,22727272.727272727,0,1
muaban,rent_all,muaban_70922088,muaban_70922088,"Phòng chính chủ cho thuê 1800k, bảo vệ 24/24",1800000,"1,8 triệu/tháng",16,NA,"Phường Bình Thuận,Quận 7,TP.HCM",Phường Bình Thuận,NA,Quận 7,1030,Nhà đất cho thuê,NA,NA,NA,https://muaban.net/bat-dong-san/cho-thue-nha-tro-phong-tro-quan-7-ho-chi-minh/phong-chinh-chu-cho-thue-2000k-bao-ve-24-24-id70922088,https://muaban.net/bat-dong-san/cho-thue-nha-dat-ho-chi-minh?page=4,2026-06-03,2026-06-03 14:52:42.308461,4,1.8,112500,0,1
muaban,rent_all,muaban_70922003,muaban_70922003,"CHO THUÊ PHÒNG TRỌ GIÁ RẺ TẠI ĐƯỜNG BẾN VÂN ĐỒN, PHƯỜNG , QUẬN 4 CŨ",2500000,"2,5 triệu/tháng",13,NA,"Phường 9,Quận 4,TP.HCM",Phường 9,NA,Quận 4,1050,Phòng trọ,NA,NA,NA,https://muaban.net/bat-dong-san/cho-thue-nha-tro-phong-tro-quan-4-ho-chi-minh/cho-thue-phong-tro-gia-re-tai-duong-ben-van-don-phuong-quan-4-cu-id70922003,https://muaban.net/bat-dong-san/cho-thue-nha-dat-ho-chi-minh?page=4,2026-06-03,2026-06-03 14:52:42.299941,4,2.5,192307.6923076923,0,1
muaban,rent_all,muaban_70941927,muaban_70941927,CHO THUÊ CĂN HỘ VINHOMES GRAND PARK - Nhà HOA HẬU Doanh Nhân Hoàn Vũ,8990000,"8,99 triệu/tháng",64,NA,"TP. Thủ Đức - Quận 9,TP.HCM",Unknown,NA,TP. Thủ Đức - Quận 9,1010,Căn hộ/Chung cư,NA,NA,NA,https://muaban.net/bat-dong-san/cho-thue-can-ho-chung-cu-du-an-vinhomes-grand-park-quan-9-ho-chi-minh/cho-thue-can-ho-vinhomes-grand-park-nha-hoa-hau-doanh-nhan-hoan-vu-id70941927,https://muaban.net/bat-dong-san/cho-thue-nha-dat-ho-chi-minh?page=4,2026-06-03,2026-06-03 14:52:42.291371,4,8.99,140468.75,0,1
muaban,rent_all,muaban_70945478,muaban_70945478,"CHO THUÊ NHÀ MT 68 NGUYỄN VĂN TRÁNG, QUẬN 1",500000000,500 triệu/tháng,550,NA,"Phường Bến Thành,Quận 1,TP.HCM",Phường Bến Thành,NA,Quận 1,1030,Nhà đất cho thuê,NA,NA,NA,https://muaban.net/bat-dong-san/nha-mat-tien-quan-1-ho-chi-minh/cho-thue-nha-mt-68-nguyen-van-trang-quan-1-id70945478,https://muaban.net/bat-dong-san/cho-thue-nha-dat-ho-chi-minh?page=4,2026-06-03,2026-06-03 14:52:42.28344,4,500,909090.9090909091,0,1
muaban,rent_all,muaban_70945615,muaban_70945615,"Cho thuê phòng trọ có WCR, có chổ để xe số 83/6 Bà Hạt, P. Vườn Lài",1700000,"1,7 triệu/tháng",15,NA,"Cho thuê phòng trọ có toilet riêng, có chổ để xe, sang 6h mở cửa đến 12h đêm đóng cửa. - Giá từ 1,7 triệu/tháng -> 2,5 triệu/tháng, phòng ở 2 đến 3 người, nước 100k/người, điện 4000/1kg - Địa chỉ: 83/6 đường Bà Hạt, Phường Vườn Lài, TPHCM ĐT.",Phường Vườn Lài,NA,Unknown,1050,Phòng trọ,NA,NA,NA,https://muaban.net/bat-dong-san/cho-thue-nha-tro-phong-tro-quan-10-ho-chi-minh/cho-thue-phong-tro-co-wcr-co-cho-de-xe-so-83-6-ba-hat-p-vuon-lai-id70945615,https://muaban.net/bat-dong-san/cho-thue-nha-dat-ho-chi-minh?page=4,2026-06-03,2026-06-03 14:52:42.265254,4,1.7,113333.33333333333,0,1
muaban,rent_all,muaban_70873913,muaban_70873913,Cho thuê nhà Phòng Trọ 4x5m gồm có 1 trệt + 1 gác lửng,3700000,"3,7 triệu/tháng",20,NA,"Phường Tân Hưng,Quận 7,TP.HCM",Phường Tân Hưng,NA,Quận 7,1050,Phòng trọ,NA,NA,NA,https://muaban.net/bat-dong-san/cho-thue-nha-tro-phong-tro-quan-7-ho-chi-minh/cho-thue-nha-phong-tro-4x5m-gom-co-1-tret-1-gac-lung-id70873913,https://muaban.net/bat-dong-san/cho-thue-nha-dat-ho-chi-minh?page=4,2026-06-03,2026-06-03 14:52:42.254054,4,3.7,185000,0,1
muaban,rent_all,muaban_70687190,muaban_70687190,Cho nữ thuê phòng khu vực p.12 quận 6 chờ giấc đi về tự do khu yên tĩn,3170000,"3,17 triệu/tháng",25,NA,"Phường 12,Quận 6,TP.HCM",Phường 12,NA,Quận 6,1030,Nhà đất cho thuê,NA,NA,NA,https://muaban.net/bat-dong-san/cho-thue-nha-tro-phong-tro-quan-6-ho-chi-minh/cho-nu-thue-phong-khu-vuc-p-12-quan-6-cho-giac-di-ve-tu-do-khu-yen-tin-id70687190,https://muaban.net/bat-dong-san/cho-thue-nha-dat-ho-chi-minh?page=4,2026-06-03,2026-06-03 14:52:42.242098,4,3.17,126800,0,1
muaban,sale_all,muaban_70926104,muaban_70926104,Chính chủ bán nhà đất vuông đẹp Đông Thạnh Hóc Môn sổ hồng 2mặt hẻm 6m,15930000000,"15,93 tỷ",514,NA,"Xã Đông Thạnh,Huyện Hóc Môn,TP.HCM",Xã Đông Thạnh,NA,Huyện Hóc Môn,1040,Đất,NA,NA,NA,https://muaban.net/bat-dong-san/ban-nha-hem-ngo-huyen-hoc-mon-ho-chi-minh/chinh-chu-ban-nha-dat-vuong-dep-dong-thanh-hoc-mon-so-hong-2mat-hem-6m-id70926104,https://muaban.net/bat-dong-san/ban-nha-dat-chung-cu-ho-chi-minh?page=4,2026-06-03,2026-06-03 14:52:31.266159,4,15930,30992217.898832686,0,0
muaban,sale_all,muaban_70922696,muaban_70922696,"Bán đất 151m2 , full thổ cư. Phù hợp xây CHDV",9800000000,"9,8 tỷ",151,NA,"Phường Tăng Nhơn Phú A,TP. Thủ Đức - Quận 9,TP.HCM",Phường Tăng Nhơn Phú A,NA,TP. Thủ Đức - Quận 9,1040,Đất,NA,NA,NA,https://muaban.net/bat-dong-san/ban-dat-tho-cu-quan-9-ho-chi-minh/ban-dat-151m2-full-tho-cu-phu-hop-xay-chdv-id70922696,https://muaban.net/bat-dong-san/ban-nha-dat-chung-cu-ho-chi-minh?page=4,2026-06-03,2026-06-03 14:52:31.25774,4,9800,64900662.25165563,0,0
muaban,sale_all,muaban_69537941,muaban_69537941,"Chính chủ bán dãy trọ 256m2, đường 13, Quận 2, gồm 14 phòng TN 60tr/th",33500000000,"33,5 tỷ",256,NA,"Phường An Khánh,TP. Thủ Đức - Quận 2,TP.HCM",Phường An Khánh,NA,TP. Thủ Đức - Quận 2,1050,Phòng trọ,NA,NA,NA,https://muaban.net/bat-dong-san/ban-nha-hem-ngo-quan-2-ho-chi-minh/chinh-chu-ban-day-tro-14phong-tn-55tr-th-duong-13-p-an-khanh-quan-2-id69537941,https://muaban.net/bat-dong-san/ban-nha-dat-chung-cu-ho-chi-minh?page=4,2026-06-03,2026-06-03 14:52:31.25008,4,33500,130859375,0,0
muaban,sale_all,muaban_70934137,muaban_70934137,Nhá ngay chợ Tân Sơn - thang máy 4x16 1 lủng 5 lầu đường Bùi Quang Là,11500000000,"11,5 tỷ",60,6,"Phường 12,Quận Gò Vấp,TP.HCM",Phường 12,NA,Quận Gò Vấp,1020,Nhà ở,NA,NA,NA,https://muaban.net/bat-dong-san/ban-nha-mat-tien-quan-go-vap-ho-chi-minh/nha-ngay-cho-tan-son-thang-may-4x16-1-lung-5-lau-duong-bui-quang-la-id70934137,https://muaban.net/bat-dong-san/ban-nha-dat-chung-cu-ho-chi-minh?page=4,2026-06-03,2026-06-03 14:52:31.242894,4,11500,191666666.66666666,0,0
muaban,sale_all,muaban_70933100,muaban_70933100,bds dòng tiền - CHDV CAO CẤP_ tòa nhà mặt tiền,13200000000,"13,2 tỷ",112,16,"🔥 CHDV CAO CẤP – NGANG 8M HIẾM – 16 PHÒNG – FULL NỘI THẤT – DÒNG TIỀN 65TR/THÁNG 🔥 💎 Sản phẩm đầu tư “mua là có tiền ngay” – khu Đông TP.HCM 📍 105 Cầu Xây 2, Tăng Nhơn Phú * Diện tích: 8 x 14,85m (~118m²) – ngang lớn cực hiếm * Quy mô: 16",Unknown,NA,Unknown,1020,Nhà ở,NA,NA,NA,https://muaban.net/bat-dong-san/ban-nha-mat-tien-quan-9-ho-chi-minh/bds-dong-tien-chdv-cao-cap-toa-nha-mat-tien-id70933100,https://muaban.net/bat-dong-san/ban-nha-dat-chung-cu-ho-chi-minh?page=4,2026-06-03,2026-06-03 14:52:31.229818,4,13200,117857142.85714285,0,0
muaban,sale_all,muaban_70922372,muaban_70922372,"Bán nhà hẻm xe tải 10m đường Trường Chinh, Phường 14, Quận Tân Bình",8700000000,"8,7 tỷ",57.6,3,"BÁN NHÀ HẺM NHỰA 10M THÔNG BA VÂN – KHU BÀU CÁT – GIÁ TỐT THÔNG TIN CHI TIẾT Địa chỉ: 449/89/8 Trường Chinh, Phường 14, Quận Tân Bình, TP.HCM Khu vực: Hẻm nhựa 10m thông Ba Vân – khu bàn cờ cực đẹp Gần: Trường Mầm Non 14, Chung cư Harmona, Khu Bàu",Phường 14,NA,Quận Tân Bình,1010,Căn hộ/Chung cư,NA,NA,NA,https://muaban.net/bat-dong-san/ban-nha-hem-ngo-quan-tan-binh-ho-chi-minh/ban-nha-hem-xe-tai-10m-duong-truong-chinh-phuong-14-quan-tan-binh-id70922372,https://muaban.net/bat-dong-san/ban-nha-dat-chung-cu-ho-chi-minh?page=4,2026-06-03,2026-06-03 14:52:31.223159,4,8700,151041666.66666666,0,0
muaban,sale_all,muaban_70740086,muaban_70740086,Bán nhà căn góc 2 mặt tiền đường số 8- sát TTTM AOEN tân phú,9300000000,"9,3 tỷ",105,1,"Phường Bình Hưng Hòa,Quận Bình Tân,TP.HCM",Phường Bình Hưng Hòa,NA,Quận Bình Tân,1020,Nhà ở,NA,NA,NA,https://muaban.net/bat-dong-san/ban-nha-mat-tien-quan-binh-tan-ho-chi-minh/ban-nha-can-goc-2-mat-tien-duong-so-8-sat-tttm-aoen-tan-phu-id70740086,https://muaban.net/bat-dong-san/ban-nha-dat-chung-cu-ho-chi-minh?page=4,2026-06-03,2026-06-03 14:52:31.216493,4,9300,88571428.57142857,0,0
muaban,sale_all,muaban_69898044,muaban_69898044,"CHỦ GIẢM NGAY 500TR CĂN NHÀ MẶT TIỀN 468 LÊ VĂN LƯƠNG, P.TÂN PHONG, Q7",14500000000,"14,5 tỷ",80,5,"Phường Tân Phong,Quận 7,TP.HCM",Phường Tân Phong,NA,Quận 7,1020,Nhà ở,NA,NA,NA,https://muaban.net/bat-dong-san/ban-nha-mat-tien-quan-7-ho-chi-minh/ban-nha-chinh-chu-mat-tien-468-le-van-luong-p-tan-phong-quan-7-id69898044,https://muaban.net/bat-dong-san/ban-nha-dat-chung-cu-ho-chi-minh?page=4,2026-06-03,2026-06-03 14:52:31.201468,4,14500,181250000,0,0
muaban,sale_all,muaban_70936034,muaban_70936034,"CH PHẠM VĂN ĐỒNG,SHR,HĐ thuê 13tr/tháng NTH, Căn 2PN, Cắt lổ 2tỷ1,",13000000000,"CH PHẠM VĂN ĐỒNG,SHR,HĐ thuê 13tr/tháng NTH, Căn 2PN, Cắt lổ 2tỷ1,",51,2,"Phường 1,Quận Gò Vấp,TP.HCM",Phường 1,NA,Quận Gò Vấp,1010,Căn hộ/Chung cư,NA,NA,NA,https://muaban.net/bat-dong-san/ban-can-ho-chung-cu-quan-go-vap-ho-chi-minh/ch-pham-van-dong-shr-hd-thue-13tr-thang-nth-can-2pn-cat-lo-2ty1-id70936034,https://muaban.net/bat-dong-san/ban-nha-dat-chung-cu-ho-chi-minh?page=4,2026-06-03,2026-06-03 14:52:31.194075,4,13000,254901960.78431374,0,0
muaban,sale_all,muaban_70776508,muaban_70776508,Vi trí vàng 53m/2PN/ 2 tỷ 160 /vay 70% full nội thất / SHR,53000000000,Vi trí vàng 53m/2PN/ 2 tỷ 160 /vay 70% full nội thất / SHR,53,2,"Phường 11,Quận Bình Thạnh,TP.HCM",Phường 11,NA,Quận Bình Thạnh,1020,Nhà ở,NA,NA,NA,https://muaban.net/bat-dong-san/ban-can-ho-chung-cu-quan-binh-thanh-ho-chi-minh/vi-tri-vang-53m-2pn-2-ty-160-vay-70-full-noi-that-shr-id70776508,https://muaban.net/bat-dong-san/ban-nha-dat-chung-cu-ho-chi-minh?page=4,2026-06-03,2026-06-03 14:52:31.179147,4,53000,1000000000,0,0
muaban,sale_all,muaban_70864484,muaban_70864484,"Bán Nhà 341/32B Lạc Long Quân P.5 Q.11 Tp.HCM, DT 3,8x11m trệt lửng 4L",13500000000,"13,5 tỷ",38,NA,"Phường 5,Quận 11,TP.HCM",Phường 5,NA,Quận 11,1020,Nhà ở,NA,NA,NA,https://muaban.net/bat-dong-san/ban-nha-hem-ngo-quan-11-ho-chi-minh/ban-nha-341-32b-lac-long-quan-p-5-q-11-tp-hcm-dt-3-8x11m-6-tang-id70864484,https://muaban.net/bat-dong-san/ban-nha-dat-chung-cu-ho-chi-minh?page=4,2026-06-03,2026-06-03 14:52:31.171747,4,13500,355263157.8947368,0,0
muaban,sale_all,muaban_70886544,muaban_70886544,"Chính chủ cần bán hai căn hộ Cantavil An Phú, Quận 2, 98m2, 3PN, 2WC",8800000000,"8,8 tỷ",98,3,"Phường An Phú,TP. Thủ Đức - Quận 2,TP.HCM",Phường An Phú,NA,TP. Thủ Đức - Quận 2,1010,Căn hộ/Chung cư,NA,NA,NA,https://muaban.net/bat-dong-san/ban-can-ho-chung-cu-quan-2-ho-chi-minh/chinh-chu-can-ban-hai-can-ho-cantavil-an-phu-quan-2-98m2-3pn-2wc-id70886544,https://muaban.net/bat-dong-san/ban-nha-dat-chung-cu-ho-chi-minh?page=4,2026-06-03,2026-06-03 14:52:31.16319,4,8800,89795918.36734694,0,0
muaban,sale_all,muaban_70936607,muaban_70936607,"Bán CHDV ngay chợ Vườn Lài, đang có dòng tiền ổn định",8600000000,"8,6 tỷ",87,9,"Phường An Phú Đông,Quận 12,TP.HCM",Phường An Phú Đông,NA,Quận 12,1020,Nhà ở,NA,NA,NA,https://muaban.net/bat-dong-san/ban-nha-hem-ngo-quan-12-ho-chi-minh/ban-chdv-ngay-cho-vuon-lai-dang-co-dong-tien-on-dinh-id70936607,https://muaban.net/bat-dong-san/ban-nha-dat-chung-cu-ho-chi-minh?page=4,2026-06-03,2026-06-03 14:52:31.151595,4,8600,98850574.71264368,0,0
muaban,sale_all,muaban_70921919,muaban_70921919,CHÍNH CHỦ BÁN NHÀ GÒ VẤP - HẺM XE HƠI THÔNG - NGAY TRUNG TÂM P.16,6500000000,"6,5 tỷ",72.6,2,"Phường 16,Quận Gò Vấp,TP.HCM",Phường 16,NA,Quận Gò Vấp,1020,Nhà ở,NA,NA,NA,https://muaban.net/bat-dong-san/ban-nha-hem-ngo-quan-go-vap-ho-chi-minh/chinh-chu-ban-nha-go-vap-hem-xe-hoi-thong-ngay-trung-tam-p-16-id70921919,https://muaban.net/bat-dong-san/ban-nha-dat-chung-cu-ho-chi-minh?page=4,2026-06-03,2026-06-03 14:52:31.142926,4,6500,89531680.44077136,0,0
muaban,sale_all,muaban_70944165,muaban_70944165,"Nhượng đất tổ 10 Lê Văn Lương, Ấp 2, xã Phước Kiển, Huyện Nhà Bè",5200000000,"5,2 tỷ",102.6,NA,"Nhượng đất số 1243/38A tổ 10 Lê Văn Lương, Ấp 2, xã Phước Kiển, Huyện Nhà Bè, Thành phố Hồ Chí Minh. Diện tích 102,6 m2, đất ở 87 m2, đất trồng lúa nước còn lại 15,6 m2, đất ở lâu dài, đất trồng lúa nước thời hạn đến ngày 15/10/2030 giá bán 5,2 tỷ.",Unknown,NA,Huyện Nhà Bè,1040,Đất,NA,NA,NA,https://muaban.net/bat-dong-san/ban-dat-tho-cu-huyen-nha-be-ho-chi-minh/nhuong-dat-to-10-le-van-luong-ap-2-xa-phuoc-kien-huyen-nha-be-id70944165,https://muaban.net/bat-dong-san/ban-nha-dat-chung-cu-ho-chi-minh?page=4,2030-10-15,2026-06-03 14:52:31.129038,4,5200,50682261.208577,0,0
muaban,sale_all,muaban_70808563,muaban_70808563,"Bán Nhà Mặt Tiền đường số 2 Khu Cư Xá Chu Văn An, P26, Bình Thạnh",15200000000,"15,2 tỷ",73,NA,"Phường 26,Quận Bình Thạnh,TP.HCM",Phường 26,NA,Quận Bình Thạnh,1040,Đất,NA,NA,NA,https://muaban.net/bat-dong-san/ban-nha-mat-tien-quan-binh-thanh-ho-chi-minh/ban-nha-khu-cu-xa-chu-van-an-p26-binh-thanh-gan-cho-truong-hoc-id70808563,https://muaban.net/bat-dong-san/ban-nha-dat-chung-cu-ho-chi-minh?page=4,2026-06-03,2026-06-03 14:52:31.112063,4,15200,208219178.0821918,0,0
muaban,sale_all,muaban_70853818,muaban_70853818,"Bán nhà hẻm xe hơi gần mặt tiền Hai Bà Trưng Quận 3, 3,5x23,5m, nở hậu",21800000000,"21,8 tỷ",93.6,NA,"Phường 6 (Phường Võ Thị Sáu),Quận 3,TP.HCM",Phường 6 (Phường Võ Thị Sáu),NA,Quận 3,1040,Đất,NA,NA,NA,https://muaban.net/bat-dong-san/ban-nha-hem-ngo-quan-3-ho-chi-minh/ban-nha-hem-xe-hoi-gan-mat-tien-hai-ba-trung-quan-3-3-5x23-5m-no-hau-id70853818,https://muaban.net/bat-dong-san/ban-nha-dat-chung-cu-ho-chi-minh?page=4,2026-06-03,2026-06-03 14:52:31.10029,4,21800,232905982.9059829,0,0
muaban,rent_all,muaban_70820673,muaban_70820673,"Nhà 3 tầng mới đẹp,4m x 17m,3PN, 3WC,FULL nội thất,Mặt tiền nội bộ 12m",10000000,10 triệu/tháng,68,3,"Phường 13,Quận 6,TP.HCM",Phường 13,NA,Quận 6,1030,Nhà đất cho thuê,NA,NA,NA,https://muaban.net/bat-dong-san/nha-mat-tien-quan-6-ho-chi-minh/nha-3-tang-moi-dep-4m-x-17m-3pn-3wc-full-noi-that-mt-noi-bo-12m-id70820673,https://muaban.net/bat-dong-san/cho-thue-nha-dat-ho-chi-minh?page=3,2026-06-03,2026-06-03 14:52:20.434331,3,10,147058.82352941178,0,1
muaban,rent_all,muaban_70945659,muaban_70945659,"Cho thuê phần phía sau nhà mặt tiền 114 Lê Thị Riêng, Quận 1, 8x15m",40000000,40 triệu/tháng,120,NA,"Phường Bến Thành,Quận 1,TP.HCM",Phường Bến Thành,NA,Quận 1,1040,Đất,NA,NA,NA,https://muaban.net/bat-dong-san/nha-hem-ngo-quan-1-ho-chi-minh/cho-thue-phan-phia-sau-nha-mat-tien-114-le-thi-rieng-quan-1-8x15m-id70945659,https://muaban.net/bat-dong-san/cho-thue-nha-dat-ho-chi-minh?page=3,2026-06-03,2026-06-03 14:52:20.426639,3,40,333333.3333333333,0,1
muaban,rent_all,muaban_70718269,muaban_70718269,"Cho thuê căn hộ chung cư Him Lam, 100m2, đường Ba Tơ phường 7 quận 8",5500000,"5,5 triệu/tháng",100,NA,"Phường 7,Quận 8,TP.HCM",Phường 7,NA,Quận 8,1010,Căn hộ/Chung cư,NA,NA,NA,https://muaban.net/bat-dong-san/cho-thue-nha-tro-phong-tro-quan-8-ho-chi-minh/cho-thue-can-ho-chung-cu-him-lam-100m2-duong-ba-to-phuong-7-quan-8-id70718269,https://muaban.net/bat-dong-san/cho-thue-nha-dat-ho-chi-minh?page=3,2026-06-03,2026-06-03 14:52:20.420026,3,5.5,55000,0,1
muaban,rent_all,muaban_70910245,muaban_70910245,"Cho thuê căn hộ lầu 4, 100m2, 3PN, 2WC, 1 balcon, 1 sân phơi, TK đẹp",9000000,9 triệu/tháng,100,3,"Quận 8,TP.HCM",Unknown,NA,Quận 8,1010,Căn hộ/Chung cư,NA,NA,NA,https://muaban.net/bat-dong-san/cho-thue-can-ho-chung-cu-du-an-good-house-apartments-quan-8-ho-chi-minh/cho-thue-can-ho-lau-4-100m2-3pn-2wc-1-balcon-1-san-phoi-tk-dep-id70910245,https://muaban.net/bat-dong-san/cho-thue-nha-dat-ho-chi-minh?page=3,2026-06-03,2026-06-03 14:52:20.412994,3,9,90000,0,1
muaban,rent_all,muaban_70933161,muaban_70933161,"Cho thuê phòng số 101 Cù Lao, Phường 2, Quận Phú Nhuận",4000000,4 triệu/tháng,22,NA,"Phường 2,Quận Phú Nhuận,TP.HCM",Phường 2,NA,Quận Phú Nhuận,1030,Nhà đất cho thuê,NA,NA,NA,https://muaban.net/bat-dong-san/cho-thue-nha-tro-phong-tro-quan-phu-nhuan-ho-chi-minh/cho-thue-phong-so-101-cu-lao-phuong-2-quan-phu-nhuan-id70933161,https://muaban.net/bat-dong-san/cho-thue-nha-dat-ho-chi-minh?page=3,2026-06-03,2026-06-03 14:52:20.405869,3,4,181818.18181818182,0,1
muaban,rent_all,muaban_70933056,muaban_70933056,CHO THUÊ PHÒNG TRỌ QUẬN TÂN BÌNH,1600000,"1,6 triệu/tháng",10,NA,"Phường 10,Quận Tân Bình,TP.HCM",Phường 10,NA,Quận Tân Bình,1050,Phòng trọ,NA,NA,NA,https://muaban.net/bat-dong-san/cho-thue-nha-tro-phong-tro-quan-tan-binh-ho-chi-minh/cho-thue-phong-tro-quan-tan-binh-id70933056,https://muaban.net/bat-dong-san/cho-thue-nha-dat-ho-chi-minh?page=3,2026-06-03,2026-06-03 14:52:20.399246,3,1.6,160000,0,1
muaban,rent_all,muaban_70932504,muaban_70932504,Căn Hộ Full Nội Thất Gần Chợ Bến Thành – Thuê Dài Hạn/Homestay,5000000,5 triệu/tháng,30,1,"Phường Bến Thành,Quận 1,TP.HCM",Phường Bến Thành,NA,Quận 1,1010,Căn hộ/Chung cư,NA,NA,NA,https://muaban.net/bat-dong-san/cho-thue-can-ho-chung-cu-quan-1-ho-chi-minh/can-ho-full-noi-that-gan-cho-ben-thanh-thue-dai-han-homestay-id70932504,https://muaban.net/bat-dong-san/cho-thue-nha-dat-ho-chi-minh?page=3,2026-06-03,2026-06-03 14:52:20.383421,3,5,166666.66666666666,0,1
muaban,rent_all,muaban_70939767,muaban_70939767,Cho thuê nhà Him Lam góc 2 mặt tiền đối diện công viên,70000000,70 triệu/tháng,150,NA,"Quận 7,TP.HCM",Unknown,NA,Quận 7,1030,Nhà đất cho thuê,NA,NA,NA,https://muaban.net/bat-dong-san/nha-mat-tien-du-an-kdc-him-lam-tan-hung-quan-7-ho-chi-minh/cho-thue-nha-him-lam-goc-2-mat-tien-doi-dien-cong-vien-id70939767,https://muaban.net/bat-dong-san/cho-thue-nha-dat-ho-chi-minh?page=3,2026-06-03,2026-06-03 14:52:20.376739,3,70,466666.6666666667,0,1
muaban,rent_all,muaban_70770124,muaban_70770124,"Cho thuê nhà nguyên căn 9x25m khu vip đường Nguyễn Huy Tưởng, Q.BT",45000000,45 triệu/tháng,300,NA,"Phường 6,Quận Bình Thạnh,TP.HCM",Phường 6,NA,Quận Bình Thạnh,1030,Văn phòng/Mặt bằng,NA,NA,NA,https://muaban.net/bat-dong-san/nha-hem-ngo-quan-binh-thanh-ho-chi-minh/cho-thue-nha-nguyen-can-9x25m-khu-vip-duong-nguyen-huy-tuong-q-bt-id70770124,https://muaban.net/bat-dong-san/cho-thue-nha-dat-ho-chi-minh?page=3,2026-06-03,2026-06-03 14:52:20.370135,3,45,150000,0,1
muaban,rent_all,muaban_70945603,muaban_70945603,CHO THUÊ VĂN PHÒNG HOẶC SPA (TẦNG 1),7500000,"7,5 triệu/tháng",70,NA,"Phường Đông Hưng Thuận,Quận 12,TP.HCM",Phường Đông Hưng Thuận,NA,Quận 12,1030,Văn phòng/Mặt bằng,NA,NA,NA,https://muaban.net/bat-dong-san/van-phong-quan-12-ho-chi-minh/cho-thue-van-phong-hoac-spa-tang-1-id70945603,https://muaban.net/bat-dong-san/cho-thue-nha-dat-ho-chi-minh?page=3,2026-06-03,2026-06-03 14:52:20.363241,3,7.5,107142.85714285714,0,1
muaban,rent_all,muaban_70936500,muaban_70936500,"Cho thuê phòng Xô Viết Nghệ Tĩnh, phường 26, Bình Thạnh, giá rẻ",2000000,2 triệu/tháng,18,NA,"Phường 26,Quận Bình Thạnh,TP.HCM",Phường 26,NA,Quận Bình Thạnh,1030,Nhà đất cho thuê,NA,NA,NA,https://muaban.net/bat-dong-san/cho-thue-nha-tro-phong-tro-quan-binh-thanh-ho-chi-minh/cho-thue-phong-xo-viet-nghe-tinh-phuong-26-binh-thanh-gia-re-id70936500,https://muaban.net/bat-dong-san/cho-thue-nha-dat-ho-chi-minh?page=3,2026-06-03,2026-06-03 14:52:20.356425,3,2,111111.11111111111,0,1
muaban,rent_all,muaban_70929629,muaban_70929629,Kho xưởng 4 phía cây xanh gió mát như Nhà vườn nghỉ dưỡng,5500000,"5,5 triệu/tháng",50,NA,"Xã Hiệp Phước,Huyện Nhà Bè,TP.HCM",Xã Hiệp Phước,NA,Huyện Nhà Bè,1030,Văn phòng/Mặt bằng,NA,NA,NA,https://muaban.net/bat-dong-san/cho-thue-nha-xuong-nha-kho-huyen-nha-be-ho-chi-minh/kho-xuong-4-phia-san-vuon-chill-nhu-nghi-duong-id70929629,https://muaban.net/bat-dong-san/cho-thue-nha-dat-ho-chi-minh?page=3,2026-06-03,2026-06-03 14:52:20.349618,3,5.5,110000,0,1
muaban,rent_all,muaban_70753623,muaban_70753623,CHO THUÊ VĂN PHÒNG TRỌN GÓI - MẶT TIỀN ĐƯỜNG NUYỄN SƠN,7000000,7 triệu/tháng,20,NA,"Phường Phú Thạnh,Quận Tân Phú,TP.HCM",Phường Phú Thạnh,NA,Quận Tân Phú,1050,Phòng trọ,NA,NA,NA,https://muaban.net/bat-dong-san/van-phong-quan-tan-phu-ho-chi-minh/van-phong-tron-goi-cho-thue-gia-tot-5-10-nguoi-tai-quan-tan-phu-id70753623,https://muaban.net/bat-dong-san/cho-thue-nha-dat-ho-chi-minh?page=3,2026-06-03,2026-06-03 14:52:20.342464,3,7,350000,0,1
muaban,rent_all,muaban_69692746,muaban_69692746,"Cho Thuê Mặt Bằng: 637C Trần Hưng Đạo - P.1 - Q.5 -dt:4x12m trệt, lững",13000000,13 triệu/tháng,48,NA,"Phường 1,Quận 5,TP.HCM",Phường 1,NA,Quận 5,1030,Văn phòng/Mặt bằng,NA,NA,NA,https://muaban.net/bat-dong-san/nha-hem-ngo-quan-5-ho-chi-minh/cho-thue-mat-bang-637c-tran-hung-dao-p-1-q-5-dt-4x12m-tret-lung-id69692746,https://muaban.net/bat-dong-san/cho-thue-nha-dat-ho-chi-minh?page=3,2026-06-03,2026-06-03 14:52:20.326078,3,13,270833.3333333333,0,1
muaban,rent_all,muaban_70947213,muaban_70947213,Cho thuê phòng trọ tại Khu dân cư An Sương,3500000,"3,5 triệu/tháng",20,NA,"Phường Tân Hưng Thuận,Quận 12,TP.HCM",Phường Tân Hưng Thuận,NA,Quận 12,1050,Phòng trọ,NA,NA,NA,https://muaban.net/bat-dong-san/cho-thue-nha-tro-phong-tro-quan-12-ho-chi-minh/cho-thue-phong-tro-tai-khu-dan-cu-an-suong-id70947213,https://muaban.net/bat-dong-san/cho-thue-nha-dat-ho-chi-minh?page=3,2026-06-03,2026-06-03 14:52:20.31728,3,3.5,175000,0,1
muaban,rent_all,muaban_70725138,muaban_70725138,Kho nhỏ cho thuê đường xe tải,5000000,5 triệu/tháng,50,NA,"Phường Tân Tạo,Quận Bình Tân,TP.HCM",Phường Tân Tạo,NA,Quận Bình Tân,1030,Kho xưởng,NA,NA,NA,https://muaban.net/bat-dong-san/cho-thue-nha-xuong-nha-kho-quan-binh-tan-ho-chi-minh/kho-nho-cho-thue-duong-xe-tai-id70725138,https://muaban.net/bat-dong-san/cho-thue-nha-dat-ho-chi-minh?page=3,2026-06-03,2026-06-03 14:52:20.308909,3,5,100000,0,1
muaban,rent_all,muaban_70947342,muaban_70947342,"CHÍNH CHỦ CHO THUÊ MẶT BẰNG RỘNG, MỚI, ĐẸP, 15.000.000/ THÁNG",15000000,15 triệu/tháng,88,NA,"Phường 14,Quận Bình Thạnh,TP.HCM",Phường 14,NA,Quận Bình Thạnh,1030,Văn phòng/Mặt bằng,NA,NA,NA,https://muaban.net/bat-dong-san/van-phong-quan-binh-thanh-ho-chi-minh/chinh-chu-cho-thue-mat-bang-rong-moi-dep-15-000-000-thang-id70947342,https://muaban.net/bat-dong-san/cho-thue-nha-dat-ho-chi-minh?page=3,2026-06-03,2026-06-03 14:52:20.299926,3,15,170454.54545454544,0,1
muaban,rent_all,muaban_70947412,muaban_70947412,"Cho thuê nhà Hậu Giang gần Nguyễn Văn Luông, P.11, Quận 6, hẻm xe hơi",5500000,"5,5 triệu/tháng",56,NA,"Phường 11,Quận 6,TP.HCM",Phường 11,NA,Quận 6,1030,Nhà đất cho thuê,NA,NA,NA,https://muaban.net/bat-dong-san/nha-hem-ngo-quan-6-ho-chi-minh/cho-thue-nha-hau-giang-gan-nguyen-van-luong-p-11-quan-6-hem-xe-hoi-id70947412,https://muaban.net/bat-dong-san/cho-thue-nha-dat-ho-chi-minh?page=3,2026-06-03,2026-06-03 14:52:20.290545,3,5.5,98214.28571428571,0,1
muaban,sale_all,muaban_70874434,muaban_70874434,"Chính chủ bán nhà ngang khủng đường Man Thiện, Quận 9, thổ cư 100%",15500000000,"15,5 tỷ",236,NA,"Bán nhà số 204 Man Thiện, phường Tăng Nhơn Phú (phường Tăng Nhơn Phú A cũ), TPHCM - Diện tích: Ngang 14,5m x dài 17 m, công nhận 236 m2, thổ cư 100%, vuông vức, thích hợp xây căn hộ cao cấp - Giá bán 15,5 tỷ . Liên hệ chính chủ: A Vũ 0909. 091.",Unknown,NA,Unknown,1010,Căn hộ/Chung cư,NA,NA,NA,https://muaban.net/bat-dong-san/ban-nha-mat-tien-quan-9-ho-chi-minh/chinh-chu-ban-nha-ngang-khung-duong-man-thien-quan-9-tho-cu-100-id70874434,https://muaban.net/bat-dong-san/ban-nha-dat-chung-cu-ho-chi-minh?page=3,2026-06-03,2026-06-03 14:52:08.901127,3,15500,65677966.10169491,0,0
muaban,sale_all,muaban_68932194,muaban_68932194,Cần bán rẻ nhà mặt tiền quận Phú Nhuận (sẽ giảm sâu),14000000000,14 tỷ,43,NA,"Phường 17,Quận Phú Nhuận,TP.HCM",Phường 17,NA,Quận Phú Nhuận,1020,Nhà ở,NA,NA,NA,https://muaban.net/bat-dong-san/ban-nha-mat-tien-quan-phu-nhuan-ho-chi-minh/can-ban-re-nha-mat-tien-quan-phu-nhuan-se-giam-sau-id68932194,https://muaban.net/bat-dong-san/ban-nha-dat-chung-cu-ho-chi-minh?page=3,2026-06-03,2026-06-03 14:52:08.891889,3,14000,325581395.3488372,0,0
muaban,sale_all,muaban_70945677,muaban_70945677,"Bán nhà gàn chùa Nghệ Sỹ, 5/1 Nguyễn Văn Khối, Gò Vấp, 2 lầu kiên cố",8100000000,"8,1 tỷ",52,3,"Phường 11,Quận Gò Vấp,TP.HCM",Phường 11,NA,Quận Gò Vấp,1030,Văn phòng/Mặt bằng,NA,NA,NA,https://muaban.net/bat-dong-san/ban-nha-hem-ngo-quan-go-vap-ho-chi-minh/ban-nha-gan-chua-nghe-sy-5-1-nguyen-van-khoi-go-vap-2-lau-kien-co-id70945677,https://muaban.net/bat-dong-san/ban-nha-dat-chung-cu-ho-chi-minh?page=3,2026-06-03,2026-06-03 14:52:08.885229,3,8100,155769230.76923078,0,0
muaban,sale_all,muaban_70828961,muaban_70828961,"Nhà đẹp, trệt lầu ở Lê Văn Lương Nhà Bè",860000000,860 triệu,21,2,"Xã Nhơn Đức,Huyện Nhà Bè,TP.HCM",Xã Nhơn Đức,NA,Huyện Nhà Bè,1040,Đất,NA,NA,NA,https://muaban.net/bat-dong-san/ban-nha-hem-ngo-huyen-nha-be-ho-chi-minh/nha-dep-tret-lau-o-le-van-luong-nha-be-id70828961,https://muaban.net/bat-dong-san/ban-nha-dat-chung-cu-ho-chi-minh?page=3,2026-06-03,2026-06-03 14:52:08.878272,3,860,40952380.952380955,0,0
muaban,sale_all,muaban_70498501,muaban_70498501,"Chính chủ bán gấp căn hộ chung cư Thế Kỷ 21, 86 Tân Cảng, Bình Thạnh",5400000000,"5,4 tỷ",80,2,"Phường 25,Quận Bình Thạnh,TP.HCM",Phường 25,NA,Quận Bình Thạnh,1010,Căn hộ/Chung cư,NA,NA,NA,https://muaban.net/bat-dong-san/ban-can-ho-chung-cu-quan-binh-thanh-ho-chi-minh/ban-gap-can-chung-cu-the-ky-21-86-tan-cang-binh-thanh-lau-cao-dep-id70498501,https://muaban.net/bat-dong-san/ban-nha-dat-chung-cu-ho-chi-minh?page=3,2026-06-03,2026-06-03 14:52:08.870096,3,5400,67500000,0,0
muaban,sale_all,muaban_70922407,muaban_70922407,"Bán nhà Hẻm nhựa 10m thông Hoàng Hoa Thám, Phường 13, Quận Tân Bình",9600000000,"9,6 tỷ",47.4,2,"Phường 13,Quận Tân Bình,TP.HCM",Phường 13,NA,Quận Tân Bình,1020,Nhà ở,NA,NA,NA,https://muaban.net/bat-dong-san/ban-nha-hem-ngo-quan-tan-binh-ho-chi-minh/ban-nha-hem-nhua-10m-thong-hoang-hoa-tham-phuong-13-quan-tan-binh-id70922407,https://muaban.net/bat-dong-san/ban-nha-dat-chung-cu-ho-chi-minh?page=3,2026-06-03,2026-06-03 14:52:08.862654,3,9600,202531645.56962025,0,0
muaban,sale_all,muaban_70703195,muaban_70703195,VIP-CHỈ 1 LÔ-DIỆN TÍCH KHỦNG 5x22-4 Tỷ-KDC Anh Tuấn Riverside,1000000000,VIP-CHỈ 1 LÔ-DIỆN TÍCH KHỦNG 5x22-4 Tỷ-KDC Anh Tuấn Riverside,100,NA,"Thị Trấn Nhà Bè,Huyện Nhà Bè,TP.HCM",Unknown,NA,Huyện Nhà Bè,1040,Đất,NA,NA,NA,https://muaban.net/bat-dong-san/ban-dat-tho-cu-huyen-nha-be-ho-chi-minh/vip-ban-dat-5x22-4-ty-kdc-anh-tuan-riverside-id70703195,https://muaban.net/bat-dong-san/ban-nha-dat-chung-cu-ho-chi-minh?page=3,2026-06-03,2026-06-03 14:52:08.855316,3,1000,10000000,0,0
muaban,sale_all,muaban_70921971,muaban_70921971,Cần tiền bán gấp nhà mặt tiền 176 Hồ Văn Huê,30500000000,"30,5 tỷ",90,NA,"Cần tiền bán gấp nhà mặt tiền 176 Hồ Văn Huê, Phường Đức Nhuận, TP.HCM, diện tích ngang 5m x 18m, nhà 1 trệt 2 lầu, nhà đang cho thuê. Pháp lý sổ hồng, giá bán 30 tỉ 500 triệu (TL). Liên hệ 093******* A. Tuấn ( chính chủ)",Phường Đức Nhuận,NA,Unknown,1020,Nhà ở,NA,NA,NA,https://muaban.net/bat-dong-san/ban-nha-mat-tien-quan-phu-nhuan-ho-chi-minh/can-tien-ban-gap-nha-mat-tien-176-ho-van-hue-id70921971,https://muaban.net/bat-dong-san/ban-nha-dat-chung-cu-ho-chi-minh?page=3,2026-06-03,2026-06-03 14:52:08.84781,3,30500,338888888.8888889,0,0
muaban,sale_all,muaban_70917306,muaban_70917306,CHÍNH CHỦ BÁN NHÀ MẶT TIỀN LỚN ĐƯỜNG NAM KỲ KHỞI NGHĨA DT (8m x 25m),117000000000,117 tỷ,150.7,7,"Phường 8 (Phường Võ Thị Sáu),Quận 3,TP.HCM",Phường 8 (Phường Võ Thị Sáu),NA,Quận 3,1030,Kho xưởng,NA,NA,NA,https://muaban.net/bat-dong-san/ban-nha-mat-tien-quan-3-ho-chi-minh/chinh-chu-ban-nha-mat-tien-lon-duong-nam-ky-khoi-nghia-dt-8m-x-25m-id70917306,https://muaban.net/bat-dong-san/ban-nha-dat-chung-cu-ho-chi-minh?page=3,2026-06-03,2026-06-03 14:52:08.840547,3,117000,776376907.7637691,0,0
muaban,sale_all,muaban_70944172,muaban_70944172,Cần bán nhà địa chỉ số 265/7/6 Phạm Ngũ Lão phường Phạm Ngũ Lão quận 1,9500000000,"9,5 tỷ",37,NA,"Cần bán nhà địa chỉ số 265/7/6 Phạm Ngũ Lão phường Phạm Ngũ Lão quận 1 thành phố Hồ Chí Minh - Tổng diện tích sử dụng là 74 mét vuông, diện tích xây dựng 37 m2, kết cấu nhà tường gạch, vách ván, sàn gỗ, mái fibro, số tầng: 1 cộng gác gỗ. Giá tiền",Unknown,NA,Unknown,1020,Nhà ở,NA,NA,NA,https://muaban.net/bat-dong-san/ban-nha-hem-ngo-quan-1-ho-chi-minh/can-ban-nha-dia-chi-so-265-7-6-pham-ngu-lao-phuong-pham-ngu-lao-quan-1-id70944172,https://muaban.net/bat-dong-san/ban-nha-dat-chung-cu-ho-chi-minh?page=3,2026-06-03,2026-06-03 14:52:08.831328,3,9500,256756756.75675675,0,0
muaban,sale_all,muaban_70913296,muaban_70913296,"Chính Chủ Bán Căn Hộ 2 Phòng Ngủ, Sunrise CityView Quận 7 –View Hồ Bơi",2000000000,"Chính Chủ Bán Căn Hộ 2 Phòng Ngủ, Sunrise CityView Quận 7 –View Hồ Bơi",76,2,"BÁN CĂN HỘ 2 PHÒNG NGỦ (76m2) - SUNRISE CITYVIEW QUẬN 7, TPHCM - VIEW HỒ BƠI 📍 Địa chỉ: Chung cư Sunrise CityView, 33 Nguyễn Hữu Thọ, Phường Tân Hưng, Quận 7, TP.HCM 📌 Căn hộ số A07.10, Tầng 7, Block A – View trực diện hồ bơi, thoáng mát, đẹp",Phường Tân Hưng,NA,Quận 7,1010,Căn hộ/Chung cư,NA,NA,NA,https://muaban.net/bat-dong-san/ban-can-ho-chung-cu-du-an-sunrise-city-quan-7-ho-chi-minh/chinh-chu-ban-can-ho-2-phong-ngu-sunrise-cityview-quan-7-view-ho-boi-id70913296,https://muaban.net/bat-dong-san/ban-nha-dat-chung-cu-ho-chi-minh?page=3,2026-06-03,2026-06-03 14:52:08.824498,3,2000,26315789.47368421,0,0
muaban,sale_all,muaban_70218317,muaban_70218317,"Chính chủ bán nhà 2 mặt tiền cực đẹp Dương Quảng Hàm, P.5, Gò Vấp",18000000000,18 tỷ,122.5,NA,"Phường 5,Quận Gò Vấp,TP.HCM",Phường 5,NA,Quận Gò Vấp,1020,Nhà ở,NA,NA,NA,https://muaban.net/bat-dong-san/ban-nha-mat-tien-quan-go-vap-ho-chi-minh/chinh-chu-ban-nha-2-mat-tien-cuc-dep-duong-quang-ham-p-5-go-vap-id70218317,https://muaban.net/bat-dong-san/ban-nha-dat-chung-cu-ho-chi-minh?page=3,2026-06-03,2026-06-03 14:52:08.817779,3,18000,146938775.51020408,0,0
muaban,sale_all,muaban_70796626,muaban_70796626,BÁN NHÀ LÂM VĂN BỀN 5X20-4 TẦNG - CHỈ 11 TỶ 900,5000000000,BÁN NHÀ LÂM VĂN BỀN 5X20-4 TẦNG - CHỈ 11 TỶ 900,84,4,"Phường Tân Hưng,Quận 7,TP.HCM",Phường Tân Hưng,NA,Quận 7,1020,Nhà ở,NA,NA,NA,https://muaban.net/bat-dong-san/ban-nha-hem-ngo-quan-7-ho-chi-minh/ban-gap-nha-kieu-dam-q7-hem-xe-hoi-6m-ham-5-tang-12-ty-5-id70796626,https://muaban.net/bat-dong-san/ban-nha-dat-chung-cu-ho-chi-minh?page=3,2026-06-03,2026-06-03 14:52:08.8108,3,5000,59523809.52380952,0,0
muaban,sale_all,muaban_70922760,muaban_70922760,Cần Bán 2 Căn Nhà Quốc Lộ 1K và Đường Phú Châu Quận Thủ Đức,7900000000,"7,9 tỷ",133,NA,"Phường Linh Xuân,TP. Thủ Đức - Quận Thủ Đức,TP.HCM",Phường Linh Xuân,NA,TP. Thủ Đức - Quận Thủ Đức,1020,Nhà ở,NA,NA,NA,https://muaban.net/bat-dong-san/ban-nha-mat-tien-quan-thu-duc-ho-chi-minh/can-ban-2-can-nha-quoc-lo-1k-va-duong-phu-chau-quan-thu-duc-id70922760,https://muaban.net/bat-dong-san/ban-nha-dat-chung-cu-ho-chi-minh?page=3,2026-06-03,2026-06-03 14:52:08.803887,3,7900,59398496.2406015,0,0
muaban,sale_all,muaban_70033772,muaban_70033772,"bán 4 căn nhà mặt tiền giá: 4,35tỷ, 9 tỷ số 419 bạch đằng bình Thạnh",4000000000,"bán 4 căn nhà mặt tiền giá: 4,35tỷ, 9 tỷ số 419 bạch đằng bình Thạnh",56,3,"Phường 15,Quận Bình Thạnh,TP.HCM",Phường 15,NA,Quận Bình Thạnh,1020,Nhà ở,NA,NA,NA,https://muaban.net/bat-dong-san/ban-nha-hem-ngo-quan-binh-thanh-ho-chi-minh/nha-ban-gia-4-25-ty-so-345-16-phan-van-tri-binh-thanh-3-lau-va-sthg-id70033772,https://muaban.net/bat-dong-san/ban-nha-dat-chung-cu-ho-chi-minh?page=3,2026-06-03,2026-06-03 14:52:08.795466,3,4000,71428571.42857143,0,0
muaban,sale_all,muaban_70910221,muaban_70910221,"350 tỷ, 3550m2,Bán đất 3 MT số 544 Nguyễn Duy Trinh-Bình Trưng Đông,Q2",350000000000,"350 tỷ, 3550m2,Bán đất 3 MT số 544 Nguyễn Duy Trinh-Bình Trưng Đông,Q2",3550,NA,TP.HCM,Unknown,NA,Unknown,1040,Đất,NA,NA,NA,https://muaban.net/bat-dong-san/ban-dat-tho-cu-quan-2-ho-chi-minh/500-ty-3550m2-ban-dat-3-mt-so-54-nguyen-duy-trinh-binh-trung-dong-q2-id70910221,https://muaban.net/bat-dong-san/ban-nha-dat-chung-cu-ho-chi-minh?page=3,2026-06-03,2026-06-03 14:52:08.787499,3,350000,98591549.29577465,0,0
muaban,sale_all,muaban_70076053,muaban_70076053,"BÁN GẤP CĂN NHÀ - GIÁ RẺ CHÍNH CHỦ, Bùi Đình Túy, Bình Thạnh, 6 tỷ",6000000000,"BÁN GẤP CĂN NHÀ - GIÁ RẺ CHÍNH CHỦ, Bùi Đình Túy, Bình Thạnh, 6 tỷ",56,2,"Phường 12,Quận Bình Thạnh,TP.HCM",Phường 12,NA,Quận Bình Thạnh,1020,Nhà ở,NA,NA,NA,https://muaban.net/bat-dong-san/ban-nha-hem-ngo-quan-binh-thanh-ho-chi-minh/ban-gap-2-can-nha-gia-re-chinh-chu-bui-dinh-tuy-va-no-trang-long-id70076053,https://muaban.net/bat-dong-san/ban-nha-dat-chung-cu-ho-chi-minh?page=3,2026-06-03,2026-06-03 14:52:08.781436,3,6000,107142857.14285715,0,0
muaban,sale_all,muaban_70934073,muaban_70934073,Nhà thang máy quang trung ngay kenh tham luong 3.8x15 - 5 tầng 8.8 tỷ,3800000000,Nhà thang máy quang trung ngay kenh tham luong 3.8x15 - 5 tầng 8.8 tỷ,50,5,"Phường 14,Quận Gò Vấp,TP.HCM",Phường 14,NA,Quận Gò Vấp,1020,Nhà ở,NA,NA,NA,https://muaban.net/bat-dong-san/ban-nha-mat-tien-quan-go-vap-ho-chi-minh/nha-thang-may-quang-trung-ngay-kenh-tham-luong-3-8x15-5-tang-8-8-ty-id70934073,https://muaban.net/bat-dong-san/ban-nha-dat-chung-cu-ho-chi-minh?page=3,2026-06-03,2026-06-03 14:52:08.753846,3,3800,76000000,0,0
muaban,sale_all,muaban_70719200,muaban_70719200,"Chính chủ cần bán gấp toà nhà số 1A Thạch Thị Thanh, Quận 1 DTSD 400m2",42000000000,42 tỷ,400,NA,"Phường Tân Định,Quận 1,TP.HCM",Phường Tân Định,NA,Quận 1,1040,Đất,NA,NA,NA,https://muaban.net/bat-dong-san/ban-nha-mat-tien-quan-1-ho-chi-minh/chinh-chu-can-ban-gap-toa-nha-so-1a-thach-thi-thanh-quan-1-dtsd-400m2-id70719200,https://muaban.net/bat-dong-san/ban-nha-dat-chung-cu-ho-chi-minh?page=3,2026-06-03,2026-06-03 14:52:08.7436,3,42000,105000000,0,0
muaban,rent_all,muaban_70896205,muaban_70896205,Chính chủ cho thuê nhà nguyên căn.,22000000,22 triệu/tháng,180,5,"Phường Phú Thọ Hòa,Quận Tân Phú,TP.HCM",Phường Phú Thọ Hòa,NA,Quận Tân Phú,1030,Văn phòng/Mặt bằng,NA,NA,NA,https://muaban.net/bat-dong-san/nha-mat-tien-quan-tan-phu-ho-chi-minh/chinh-chu-cho-thue-nha-nguyen-can-id70896205,https://muaban.net/bat-dong-san/cho-thue-nha-dat-ho-chi-minh?page=2,2026-06-03,2026-06-03 14:51:57.354108,2,22,122222.22222222222,0,1
muaban,rent_all,muaban_70945598,muaban_70945598,"Cho thuê nhà nguyên căn - hẻm Nguyễn Văn Nguyễn-Hoàng Sa, Q1",33000000,33 triệu/tháng,56,3,"Phường Tân Định,Quận 1,TP.HCM",Phường Tân Định,NA,Quận 1,1030,Văn phòng/Mặt bằng,NA,NA,NA,https://muaban.net/bat-dong-san/nha-hem-ngo-quan-1-ho-chi-minh/cho-thue-nha-nguyen-can-hem-nguyen-van-nguyen-hoang-sa-q1-id70945598,https://muaban.net/bat-dong-san/cho-thue-nha-dat-ho-chi-minh?page=2,2026-06-03,2026-06-03 14:51:57.338401,2,33,589285.7142857143,0,1
muaban,rent_all,muaban_70939267,muaban_70939267,Phòng máy lạnh trong nhà vườn cho thuê,3900000,"3,9 triệu/tháng",27,NA,"Phường 5,Quận Gò Vấp,TP.HCM",Phường 5,NA,Quận Gò Vấp,1030,Kho xưởng,NA,NA,NA,https://muaban.net/bat-dong-san/cho-thue-nha-tro-phong-tro-quan-go-vap-ho-chi-minh/phong-may-lanh-trong-nha-vuon-cho-thue-id70939267,https://muaban.net/bat-dong-san/cho-thue-nha-dat-ho-chi-minh?page=2,2026-06-03,2026-06-03 14:51:57.331791,2,3.9,144444.44444444444,0,1
muaban,rent_all,muaban_70936001,muaban_70936001,"CHO THUÊ NHÀ NGUYÊN CĂN ĐƯỜNG CÔ GIANG, QUẬN 1 CŨ, TIỆN MỌI NGÀNH",25000000,25 triệu/tháng,60,NA,"Phường Cô Giang,Quận 1,TP.HCM",Phường Cô Giang,NA,Quận 1,1030,Văn phòng/Mặt bằng,NA,NA,NA,https://muaban.net/bat-dong-san/nha-hem-ngo-quan-1-ho-chi-minh/cho-thue-nha-nguyen-can-duong-co-giang-quan-1-cu-tien-moi-nganh-id70936001,https://muaban.net/bat-dong-san/cho-thue-nha-dat-ho-chi-minh?page=2,2026-06-03,2026-06-03 14:51:57.325192,2,25,416666.6666666667,0,1
muaban,rent_all,muaban_70856708,muaban_70856708,"Cho thuê nhà nguyên căn mặt tiền Nơ Trang Long, Bình Thạnh 180m2-35tr",35000000,35 triệu/tháng,180,NA,"Phường 13,Quận Bình Thạnh,TP.HCM",Phường 13,NA,Quận Bình Thạnh,1030,Nhà đất cho thuê,NA,NA,NA,https://muaban.net/bat-dong-san/nha-mat-tien-quan-binh-thanh-ho-chi-minh/cho-thue-nha-nguyen-can-mat-tien-no-trang-long-binh-thanh-180m2-39tr-id70856708,https://muaban.net/bat-dong-san/cho-thue-nha-dat-ho-chi-minh?page=2,2026-06-03,2026-06-03 14:51:57.318526,2,35,194444.44444444444,0,1
muaban,rent_all,muaban_70935905,muaban_70935905,"CHÍNH CHỦ CHO THUÊ NHÀ ĐƯỜNG SỐ 8 PHƯỜNG BÌNH HƯNG HÒA, QUẬN BÌNH TÂN",7000000,7 triệu/tháng,60,NA,"Phường Bình Hưng Hòa B,Quận Bình Tân,TP.HCM",Phường Bình Hưng Hòa B,NA,Quận Bình Tân,1030,Nhà đất cho thuê,NA,NA,NA,https://muaban.net/bat-dong-san/nha-hem-ngo-quan-binh-tan-ho-chi-minh/chinh-chu-cjo-thue-nha-duong-so-8-phuong-binh-hung-hoa-quan-binh-tan-id70935905,https://muaban.net/bat-dong-san/cho-thue-nha-dat-ho-chi-minh?page=2,2026-06-03,2026-06-03 14:51:57.311346,2,7,116666.66666666667,0,1
muaban,rent_all,muaban_70834423,muaban_70834423,"Cho thuê phòng rộng, mát, tiện nghi, 42/48C Hoàng Hoa Thám, Bình Thạnh",3000000,3 triệu/tháng,21,NA,"Phường 7,Quận Bình Thạnh,TP.HCM",Phường 7,NA,Quận Bình Thạnh,1030,Nhà đất cho thuê,NA,NA,NA,https://muaban.net/bat-dong-san/cho-thue-nha-tro-phong-tro-quan-binh-thanh-ho-chi-minh/cho-thue-phong-rong-mat-tien-nghi-42-48c-hoang-hoa-tham-binh-thanh-id70834423,https://muaban.net/bat-dong-san/cho-thue-nha-dat-ho-chi-minh?page=2,2026-06-03,2026-06-03 14:51:57.304652,2,3,142857.14285714287,0,1
muaban,rent_all,muaban_70933102,muaban_70933102,Cho thuê phòng - sđt 0909.095.878 hoặc 077.374.3746,5500000,"5,5 triệu/tháng",45,NA,"Phường 22,Quận Bình Thạnh,TP.HCM",Phường 22,NA,Quận Bình Thạnh,1030,Nhà đất cho thuê,NA,NA,NA,https://muaban.net/bat-dong-san/cho-thue-nha-tro-phong-tro-quan-binh-thanh-ho-chi-minh/cho-thue-phong-sdt-0909-095-878-hoac-077-374-3746-id70933102,https://muaban.net/bat-dong-san/cho-thue-nha-dat-ho-chi-minh?page=2,2026-06-03,2026-06-03 14:51:57.297853,2,5.5,122222.22222222222,0,1
muaban,rent_all,muaban_70939434,muaban_70939434,Cho Thuê Phòng Đầy Đủ Nội Thất đẹp,2800000,"2,8 triệu/tháng",22,NA,"Phường Tân Quý,Quận Tân Phú,TP.HCM",Phường Tân Quý,NA,Quận Tân Phú,1030,Kho xưởng,NA,NA,NA,https://muaban.net/bat-dong-san/cho-thue-nha-tro-phong-tro-quan-tan-phu-ho-chi-minh/cho-thue-phong-day-du-noi-that-dep-id70939434,https://muaban.net/bat-dong-san/cho-thue-nha-dat-ho-chi-minh?page=2,2026-06-03,2026-06-03 14:51:57.289038,2,2.8,127272.72727272728,0,1
muaban,rent_all,muaban_70856800,muaban_70856800,TÊN LỬA-BÌNH TÂN 2 căn góc 8m x 21m x 3 lầu,200000000,200 triệu/tháng,170,NA,"Phường Bình Trị Đông B,Quận Bình Tân,TP.HCM",Phường Bình Trị Đông B,NA,Quận Bình Tân,1030,Văn phòng/Mặt bằng,NA,NA,NA,https://muaban.net/bat-dong-san/cho-thue-mat-bang-kinh-doanh-quan-binh-tan-ho-chi-minh/ten-lua-binh-tan-2-can-goc-8m-x-21m-x-3-lau-id70856800,https://muaban.net/bat-dong-san/cho-thue-nha-dat-ho-chi-minh?page=2,2026-06-03,2026-06-03 14:51:57.282213,2,200,1176470.5882352942,0,1
muaban,rent_all,muaban_70762634,muaban_70762634,"Cho thuê phòng Nơ Trang Long và Nguyễn Khuyến giá từ 2,6 triệu - 5,5tr",2600000,"Cho thuê phòng Nơ Trang Long và Nguyễn Khuyến giá từ 2,6 triệu - 5,5tr",30,NA,"Phường 13,Quận Bình Thạnh,TP.HCM",Phường 13,NA,Quận Bình Thạnh,1030,Kho xưởng,NA,NA,NA,https://muaban.net/bat-dong-san/cho-thue-nha-tro-phong-tro-quan-binh-thanh-ho-chi-minh/cho-thue-phong-no-trang-long-va-nguyen-khuyen-gia-tu-2-6-trieu-5-5tr-id70762634,https://muaban.net/bat-dong-san/cho-thue-nha-dat-ho-chi-minh?page=2,2026-06-03,2026-06-03 14:51:57.275661,2,2.6,86666.66666666667,0,1
muaban,rent_all,muaban_70944261,muaban_70944261,"Cho Thuê Mặt Bằng : 144/9 Âu Cơ, P.9, Q.Tân Bình, Tp.HCM - dt:3x15m",13000000,13 triệu/tháng,45,NA,"Phường 9,Quận Tân Bình,TP.HCM",Phường 9,NA,Quận Tân Bình,1030,Văn phòng/Mặt bằng,NA,NA,NA,https://muaban.net/bat-dong-san/cho-thue-mat-bang-kinh-doanh-quan-tan-binh-ho-chi-minh/cho-thue-mat-bang-144-9-au-co-phuong-tan-hoa-tp-hcm-dt-3x15m-id70944261,https://muaban.net/bat-dong-san/cho-thue-nha-dat-ho-chi-minh?page=2,2026-06-03,2026-06-03 14:51:57.269066,2,13,288888.8888888889,0,1
muaban,rent_all,muaban_70525620,muaban_70525620,Cho thuê nhà trọ giá rẻ tại quận 7,1700000,"1,7 triệu/tháng",16,NA,"Phường Bình Thuận,Quận 7,TP.HCM",Phường Bình Thuận,NA,Quận 7,1050,Phòng trọ,NA,NA,NA,https://muaban.net/bat-dong-san/cho-thue-nha-tro-phong-tro-quan-7-ho-chi-minh/cho-thue-nha-tro-gia-re-tai-quan-7-id70525620,https://muaban.net/bat-dong-san/cho-thue-nha-dat-ho-chi-minh?page=2,2026-06-03,2026-06-03 14:51:57.262047,2,1.7,106250,0,1
muaban,rent_all,muaban_70903043,muaban_70903043,Cho thuê mặt bằng 14.000m2 (105x130m). Mặt tiền đường Nguyễn Hũu Thọ,25000000,25 triệu/tháng,14,NA,"Xã Long Thới,Huyện Nhà Bè,TP.HCM",Xã Long Thới,NA,Huyện Nhà Bè,1030,Văn phòng/Mặt bằng,NA,NA,NA,https://muaban.net/bat-dong-san/cho-thue-dat-huyen-nha-be-ho-chi-minh/cho-thue-mat-bang-14-000m2-105x130m-mat-tien-duong-nguyen-huu-tho-id70903043,https://muaban.net/bat-dong-san/cho-thue-nha-dat-ho-chi-minh?page=2,2026-06-03,2026-06-03 14:51:57.254245,2,25,1785714.2857142857,0,1
muaban,rent_all,muaban_70508748,muaban_70508748,Cho thuê phòng trọ giá rẻ quận 2,1700000,"1,7 triệu/tháng",15,NA,"Phường Cát Lái,TP. Thủ Đức - Quận 2,TP.HCM",Phường Cát Lái,NA,TP. Thủ Đức - Quận 2,1050,Phòng trọ,NA,NA,NA,https://muaban.net/bat-dong-san/cho-thue-nha-tro-phong-tro-quan-2-ho-chi-minh/cho-thue-phong-tro-gia-re-quan-2-id70508748,https://muaban.net/bat-dong-san/cho-thue-nha-dat-ho-chi-minh?page=2,2026-06-03,2026-06-03 14:51:57.245619,2,1.7,113333.33333333333,0,1
muaban,rent_all,muaban_70934069,muaban_70934069,"CHO THUÊ NHÀ ĐẸP HOA LAN,PHÚ NHUẬN(HẦM,3 LẦU,7PN,5WC) PHAN XÍCH LONG",44000000,44 triệu/tháng,64,7,"Phường 2,Quận Phú Nhuận,TP.HCM",Phường 2,NA,Quận Phú Nhuận,1030,Nhà đất cho thuê,NA,NA,NA,https://muaban.net/bat-dong-san/nha-mat-tien-quan-phu-nhuan-ho-chi-minh/cho-thue-nha-dep-hoa-lan-phu-nhuan-ham-3-lau-7pn-5wc-phan-xich-long-id70934069,https://muaban.net/bat-dong-san/cho-thue-nha-dat-ho-chi-minh?page=2,2026-06-03,2026-06-03 14:51:57.23741,2,44,687500,0,1
muaban,rent_all,muaban_70670880,muaban_70670880,"Nhà Cho Thuê Nguyên Căn 23 Võ Thành Trang P.11 Q.Tân Bình - dt:3,6x35m",23000000,23 triệu/tháng,160,NA,"Phường 11,Quận Tân Bình,TP.HCM",Phường 11,NA,Quận Tân Bình,1030,Nhà đất cho thuê,NA,NA,NA,https://muaban.net/bat-dong-san/nha-mat-tien-quan-tan-binh-ho-chi-minh/nha-cho-thue-nguyen-can-23-vo-thanh-trang-p-11-q-tan-binh-dt-3-5x40m-id70670880,https://muaban.net/bat-dong-san/cho-thue-nha-dat-ho-chi-minh?page=2,2026-06-03,2026-06-03 14:51:57.219198,2,23,143750,0,1
muaban,rent_all,muaban_70922613,muaban_70922613,CHO THUÊ KHO XƯỞNG MẶT TIỀN,27000000,27 triệu/tháng,300,NA,"CHO THUÊ KHO - XƯỞNG : - Kích thước : Ngang 6m x dài 25m - Diện tích sàn : 150m2 . Có gác suốt - Diện tích sử dụng : 300m2 - Địa chỉ : Số 26 đường DC 11, Phường Tây Thạnh , TP.HCM - Giá thuê : 27 triệu / tháng Liên hệ :",Unknown,NA,Unknown,1030,Kho xưởng,NA,NA,NA,https://muaban.net/bat-dong-san/cho-thue-nha-xuong-nha-kho-quan-tan-phu-ho-chi-minh/cho-thue-kho-xuo-ng-ma-t-tie-n-id70922613,https://muaban.net/bat-dong-san/cho-thue-nha-dat-ho-chi-minh?page=2,2026-06-03,2026-06-03 14:51:57.210539,2,27,90000,0,1
muaban,rent_all,muaban_70836475,muaban_70836475,"Cho thuê nhà 218 Hoà Hảo, Phường Vườn Lài, TP. HCM",150000000,150 triệu/tháng,78,NA,"Phường 2,Quận 10,TP.HCM",Phường 2,NA,Quận 10,1030,Văn phòng/Mặt bằng,NA,NA,NA,https://muaban.net/bat-dong-san/nha-mat-tien-quan-10-ho-chi-minh/cho-thue-nha-218-hoa-hao-phuong-vuon-lai-tp-hcm-id70836475,https://muaban.net/bat-dong-san/cho-thue-nha-dat-ho-chi-minh?page=2,2026-06-03,2026-06-03 14:51:57.199648,2,150,1923076.923076923,0,1
muaban,sale_all,muaban_70913273,muaban_70913273,"Cần bán nhà mặt tiền đường Hàn Hải Nguyên, Phường Bình Thới",13000000000,13 tỷ,47.4,NA,"Phường 10,Quận 11,TP.HCM",Phường 10,NA,Quận 11,1020,Nhà ở,NA,NA,NA,https://muaban.net/bat-dong-san/ban-nha-mat-tien-quan-11-ho-chi-minh/can-ban-nha-mat-tien-duong-han-hai-nguyen-phuong-binh-thoi-id70913273,https://muaban.net/bat-dong-san/ban-nha-dat-chung-cu-ho-chi-minh?page=2,2026-06-03,2026-06-03 14:51:45.960241,2,13000,274261603.37552744,0,0
muaban,sale_all,muaban_70157041,muaban_70157041,"CHÍNH CHỦ BÁN GẤP NHÀ 2 MẶT TIỀN VÕ VĂN KIỆT QUẬN 6, GIÁ RẺ CHO NHÀ ĐT",105000000000,105 tỷ,306,NA,"CHÍNH CHỦ BÁN GẤP NHÀ 2 MẶT TIỀN VÕ VĂN KIỆT - QUẬN 6, GIÁ RẺ CHO NHÀ ĐẦU TƯ 🔥 Vị trí cực đẹp - Trung tâm Chợ Lớn - Mặt tiền đường Võ Văn Kiệt, Phường 1, Quận 6, TP.HCM ✅ Hai mặt tiền thông thoáng, trực diện sông Sài Gòn – không gian sống trong",Phường 1,NA,Quận 6,1030,Kho xưởng,NA,NA,NA,https://muaban.net/bat-dong-san/ban-nha-mat-tien-quan-6-ho-chi-minh/chinh-chu-ban-gap-nha-2-mat-tien-vo-van-kiet-quan-6-gia-re-cho-nha-dt-id70157041,https://muaban.net/bat-dong-san/ban-nha-dat-chung-cu-ho-chi-minh?page=2,2026-06-03,2026-06-03 14:51:45.953185,2,105000,343137254.9019608,0,0
muaban,sale_all,muaban_70947191,muaban_70947191,"BÁN NHÀ 2 MẶT TIỀN HXH ĐƯỜNG CÁCH MẠNG THÁNG 8, P.7, Q. TÂN BÌNH",13800000000,"13,8 tỷ",80,NA,"Phường 7,Quận Tân Bình,TP.HCM",Phường 7,NA,Quận Tân Bình,1020,Nhà ở,NA,NA,NA,https://muaban.net/bat-dong-san/ban-nha-hem-ngo-quan-tan-binh-ho-chi-minh/ban-nha-2-mat-tien-hxh-duong-cach-mang-thang-8-p-7-q-tan-binh-id70947191,https://muaban.net/bat-dong-san/ban-nha-dat-chung-cu-ho-chi-minh?page=2,2026-06-03,2026-06-03 14:51:45.945775,2,13800,172500000,0,0
muaban,sale_all,muaban_70509072,muaban_70509072,"Bán nhà diện tích 51m2 (5*10,1): 1 trệt 1 lửng 3 lầu, xây lệt tầng gồm",8800000000,"8,8 tỷ",51,NA,"Phường 14,Quận Gò Vấp,TP.HCM",Phường 14,NA,Quận Gò Vấp,1020,Nhà ở,NA,NA,NA,https://muaban.net/bat-dong-san/ban-nha-hem-ngo-quan-go-vap-ho-chi-minh/ban-nha-dien-tich-51m2-5-10-5-1-tret-1-lung-3-lau-xay-let-tang-gom-id70509072,https://muaban.net/bat-dong-san/ban-nha-dat-chung-cu-ho-chi-minh?page=2,2026-06-03,2026-06-03 14:51:45.938877,2,8800,172549019.60784313,0,0
muaban,sale_all,muaban_70922659,muaban_70922659,"Bán nhà 2 mặt tiền hẻm xe hơi 6m Liên Khu 4-5, 4x25m, có 2 căn cấp 4",5900000000,"5,9 tỷ",98.2,NA,"Phường Bình Hưng Hòa B,Quận Bình Tân,TP.HCM",Phường Bình Hưng Hòa B,NA,Quận Bình Tân,1030,Kho xưởng,NA,NA,NA,https://muaban.net/bat-dong-san/ban-nha-hem-ngo-quan-binh-tan-ho-chi-minh/ban-nha-2-mat-tien-hem-xe-hoi-6m-lien-khu-4-5-4x25m-co-2-can-cap-4-id70922659,https://muaban.net/bat-dong-san/ban-nha-dat-chung-cu-ho-chi-minh?page=2,2026-06-03,2026-06-03 14:51:45.931347,2,5900,60081466.395112015,0,0
muaban,sale_all,muaban_70932831,muaban_70932831,"Chính chủ bán đất MT TA11 Thới An Q12, 82,2m², đường ôtô, sổ riêng",4500000000,"4,5 tỷ",82.2,NA,"Chính chủ bán lô đất mặt tiền đường TA11 giao với đường Lê Thị Riêng, phường Thới An, Quận 12, TP.HCM. 📍 Vị trí đẹp, khu dân cư đông đúc, tiềm năng phát triển cao Gần chợ Thới An, Coopmart, UBND Quận 12 Đường trước đất rộng 4.5m, xe hơi tránh",Unknown,NA,UBND Quận 12 Đường trước đất rộng 4.5m,1040,Đất,NA,NA,NA,https://muaban.net/bat-dong-san/ban-dat-tho-cu-quan-12-ho-chi-minh/chinh-chu-ban-dat-mt-ta11-thoi-an-q12-82-2m-duong-oto-so-rieng-id70932831,https://muaban.net/bat-dong-san/ban-nha-dat-chung-cu-ho-chi-minh?page=2,2026-06-03,2026-06-03 14:51:45.922026,2,4500,54744525.54744525,0,0
muaban,sale_all,muaban_70947346,muaban_70947346,"BÁN NHÀ MẶT TIỀN ĐƯỜNG HOA PHƯỢNG, P.2, Q. PHÚ NHUẬN",30000000000,30 tỷ,72,NA,"🌹Bán nhà mặt tiền đường Hoa Phượng, P.2, Q. Phú Nhuận, TPHCM. Diện tích : 4 x 18 Kết cấu : 1 trệt, 3 lầu Giá bán : 30 tỷ ( thương lượng giá tốt với chủ nhà ) ☎️Liên hệ : 0907 - 90. 94. 99 👉NHẬN KÝ GỞI MUA BÁN NHÀ ĐẤT.",Unknown,NA,Q. Phú Nhuận,1040,Đất,NA,NA,NA,https://muaban.net/bat-dong-san/ban-nha-mat-tien-quan-phu-nhuan-ho-chi-minh/ban-nha-mat-tien-duong-hoa-phuong-p-2-q-phu-nhuan-id70947346,https://muaban.net/bat-dong-san/ban-nha-dat-chung-cu-ho-chi-minh?page=2,2026-06-03,2026-06-03 14:51:45.91477,2,30000,416666666.6666667,0,0
muaban,sale_all,muaban_70944349,muaban_70944349,"Bán Nhà Mặt Tiền 30 Đường 5A Cư Xá Bình Thới, Quận 11, 5 Tầng",15000000000,15 tỷ,75.3,NA,"Chính chủ bán nhà mặt tiền vị trí đẹp tại Cư xá Bình Thới, Quận 11 Địa chỉ: Số 30 Đường 5A, Cư xá Bình Thới, Phường 8, Quận 11, TP.HCM. 🔹 Diện tích đất: 75,3m² 🔹Ngang 3,85m dài 21,11m (lọt lòng không tính vách tường) 🔹 Diện tích sàn xây dựng:",Phường 8,NA,Quận 11,1040,Đất,NA,NA,NA,https://muaban.net/bat-dong-san/ban-nha-mat-tien-quan-11-ho-chi-minh/ban-nha-mat-tien-30-duong-5a-cu-xa-binh-thoi-quan-11-5-tang-id70944349,https://muaban.net/bat-dong-san/ban-nha-dat-chung-cu-ho-chi-minh?page=2,2026-06-03,2026-06-03 14:51:45.901217,2,15000,199203187.25099602,0,0
muaban,sale_all,muaban_68740949,muaban_68740949,Bán đất + 03 nhà xưởng mặt tiền đường số 12,210000000000,210 tỷ,5.564,NA,"Phường Trường Thọ,TP. Thủ Đức - Quận Thủ Đức,TP.HCM",Phường Trường Thọ,NA,TP. Thủ Đức - Quận Thủ Đức,1040,Đất,NA,NA,NA,https://muaban.net/bat-dong-san/ban-nha-mat-tien-quan-thu-duc-ho-chi-minh/ban-dat-03-nha-xuong-mat-tien-duong-so-12-id68740949,https://muaban.net/bat-dong-san/ban-nha-dat-chung-cu-ho-chi-minh?page=2,2026-06-03,2026-06-03 14:51:45.893665,2,210000,37742631200.57513,0,0
muaban,sale_all,muaban_69483386,muaban_69483386,GIẢM GIÁ MẠNH: Nhà Biệt Thự đơn lẻ - Vinhome Grandpark,76000000000,76 tỷ,432,4,"TP. Thủ Đức - Quận 9,TP.HCM",Unknown,NA,TP. Thủ Đức - Quận 9,1040,Đất,NA,NA,NA,https://muaban.net/bat-dong-san/ban-biet-thu-villa-penthouse-du-an-the-manhattan-vinhomes-grand-park-quan-9-ho-chi-minh/giam-gia-manh-nha-biet-thu-don-le-vinhome-grandpark-id69483386,https://muaban.net/bat-dong-san/ban-nha-dat-chung-cu-ho-chi-minh?page=2,2026-06-03,2026-06-03 14:51:45.886431,2,76000,175925925.92592594,0,0
muaban,sale_all,muaban_70849324,muaban_70849324,"Bán nhà hẻm xe hơi 7 chỗ Nguyễn Kiệm, P.Đức Nhuận, Phú Nhuận, DT 76m2",9600000000,"9,6 tỷ",76,NA,"Phường 4,Quận Phú Nhuận,TP.HCM",Phường 4,NA,Quận Phú Nhuận,1040,Đất,NA,NA,NA,https://muaban.net/bat-dong-san/ban-nha-hem-ngo-quan-phu-nhuan-ho-chi-minh/ban-nha-hem-xe-hoi-7-cho-nguyen-kiem-p-duc-nhuan-phu-nhuan-dt-76m2-id70849324,https://muaban.net/bat-dong-san/ban-nha-dat-chung-cu-ho-chi-minh?page=2,2026-06-03,2026-06-03 14:51:45.879064,2,9600,126315789.4736842,0,0
muaban,sale_all,muaban_70935886,muaban_70935886,"Nhà trệt , lửng 2 lầu đầy đủ nội thất ở Lê Văn Lương Nhà Bè",920000000,920 triệu,18,3,"Xã Nhơn Đức,Huyện Nhà Bè,TP.HCM",Xã Nhơn Đức,NA,Huyện Nhà Bè,1040,Đất,NA,NA,NA,https://muaban.net/bat-dong-san/ban-nha-hem-ngo-huyen-nha-be-ho-chi-minh/nha-tret-lung-2-lau-day-du-noi-that-o-le-van-luong-nha-be-id70935886,https://muaban.net/bat-dong-san/ban-nha-dat-chung-cu-ho-chi-minh?page=2,2026-06-03,2026-06-03 14:51:45.861223,2,920,51111111.11111111,0,0
muaban,sale_all,muaban_70932395,muaban_70932395,CHÍNH CHỦ BÁN NHÀ 80 M2. HẺM XE HƠI. DC 5/11 HẠNH THÔNG .F3. GÒ VẤP.,9100000000,"9,1 tỷ",79.8,3,"Phường 3,Quận Gò Vấp,TP.HCM",Phường 3,NA,Quận Gò Vấp,1020,Nhà ở,NA,NA,NA,https://muaban.net/bat-dong-san/ban-nha-hem-ngo-quan-go-vap-ho-chi-minh/chinh-chu-ban-nha-80-m2-hem-xe-hoi-dc-5-11-hanh-thong-f3-go-vap-id70932395,https://muaban.net/bat-dong-san/ban-nha-dat-chung-cu-ho-chi-minh?page=2,2026-06-03,2026-06-03 14:51:45.843461,2,9100,114035087.71929824,0,0
muaban,sale_all,muaban_70808372,muaban_70808372,"Bán nhà Hẻm xe hơi 8m đường Nam Thới 9, Xã Thới Tam Thôn (Hóc Môn cũ)",6700000000,"6,7 tỷ",100,NA,"BÁN NHÀ HẺM XE HƠI 8M ĐƯỜNG NAM THỚI 9 – 1 TRỆT 2 LẦU MỚI ĐẸP – NỞ HẬU TÀI LỘC THÔNG TIN CHI TIẾT Vị trí: Hẻm xe hơi 8m đường Nam Thới 9, Xã Thới Tam Thôn (Hóc Môn cũ), TP.Hồ Chí Minh Diện tích đất: 6,66m x 14m (nở hậu ~115,5m²), Diện tích xây dựng:",Xã Thới Tam Thôn (Hóc Môn cũ),NA,Unknown,1040,Đất,NA,NA,NA,https://muaban.net/bat-dong-san/ban-nha-mat-tien-huyen-hoc-mon-ho-chi-minh/ban-nha-hem-xe-hoi-8m-duong-nam-thoi-9-xa-thoi-tam-thon-hoc-mon-cu-id70808372,https://muaban.net/bat-dong-san/ban-nha-dat-chung-cu-ho-chi-minh?page=2,2026-06-03,2026-06-03 14:51:45.834975,2,6700,67000000,0,0
muaban,sale_all,muaban_70925363,muaban_70925363,"Bán căn hộ CC Thủ Thiêm Sky p.Thảo Điền Q2, 56,8m2, 2PN, 2WC, 4,55 tỷ",2000000000,"Bán căn hộ CC Thủ Thiêm Sky p.Thảo Điền Q2, 56,8m2, 2PN, 2WC, 4,55 tỷ",56.8,2,TP.HCM,Unknown,NA,Unknown,1010,Căn hộ/Chung cư,NA,NA,NA,https://muaban.net/bat-dong-san/ban-can-ho-chung-cu-du-an-thu-thiem-sky-quan-2-ho-chi-minh/ban-can-ho-cc-thu-thiem-sky-p-thao-dien-q2-56-8m2-2pn-2wc-4-55-ty-id70925363,https://muaban.net/bat-dong-san/ban-nha-dat-chung-cu-ho-chi-minh?page=2,2026-06-03,2026-06-03 14:51:45.825874,2,2000,35211267.6056338,0,0
muaban,sale_all,muaban_70852932,muaban_70852932,"Bán nhà chính chủ mặt phố Thiên Phước, 15,8 tỷ, Tân Bình",15800000000,"Bán nhà chính chủ mặt phố Thiên Phước, 15,8 tỷ, Tân Bình",60,3,"Phường 9,Quận Tân Bình,TP.HCM",Phường 9,NA,Quận Tân Bình,1030,Kho xưởng,NA,NA,NA,https://muaban.net/bat-dong-san/ban-nha-mat-tien-quan-tan-binh-ho-chi-minh/ban-nha-chinh-chu-mat-pho-thien-phuoc-15-8-ty-tan-binh-id70852932,https://muaban.net/bat-dong-san/ban-nha-dat-chung-cu-ho-chi-minh?page=2,2026-06-03,2026-06-03 14:51:45.802004,2,15800,263333333.33333334,0,0
muaban,rent_all,muaban_70945330,muaban_70945330,"NHÀ KHU DÂN CƯ - TÂN QUY ĐÔNG , P. TÂN PHONG Q7",28000000,28 triệu/tháng,100,5,"Phường Tân Phong,Quận 7,TP.HCM",Phường Tân Phong,NA,Quận 7,1030,Nhà đất cho thuê,NA,NA,NA,https://muaban.net/bat-dong-san/nha-mat-tien-quan-7-ho-chi-minh/nha-khu-dan-cu-tan-quy-dong-p-tan-phong-q7-id70945330,https://muaban.net/bat-dong-san/cho-thue-nha-dat-ho-chi-minh,2026-06-03,2026-06-03 14:51:34.973038,1,28,280000,0,1
muaban,rent_all,muaban_70939120,muaban_70939120,"Cho Thuê Phòng Trọ 12m² Có Gác Lửng, Đầy Đủ Tiện Nghi, P.17 Phú Nhuận",3500000,"3,5 triệu/tháng",12,NA,"Cho thuê phòng trọ khép kín, đầy đủ tiện nghi, thích hợp cho 1–2 người ở. 📍 Địa chỉ: 61/10 Phan Đình Phùng, Phường 17, Quận Phú Nhuận, TP.HCM. 🏠 Phòng sạch sẽ, khép kín, có gác lửng 📐 Diện tích: 12m². 🌳 Hẻm cụt yên tĩnh, an ninh tốt. ⏰ Giờ giấc",Phường 17,NA,Quận Phú Nhuận,1050,Phòng trọ,NA,NA,NA,https://muaban.net/bat-dong-san/cho-thue-nha-tro-phong-tro-quan-phu-nhuan-ho-chi-minh/cho-thue-phong-tro-12m-co-gac-lung-day-du-tien-nghi-p-17-phu-nhuan-id70939120,https://muaban.net/bat-dong-san/cho-thue-nha-dat-ho-chi-minh,2026-06-03,2026-06-03 14:51:34.96561,1,3.5,291666.6666666667,0,1
muaban,rent_all,muaban_69566074,muaban_69566074,"Cho thuê nhà mặt tiền đường Tân Sơn Nhì, Phường Tân Sơn Nhì, Tân Phú",28000000,28 triệu/tháng,110,3,"CHO THUÊ NHÀ NGUYÊN CĂN MẶT TIỀN ĐƯỜNG TÂN SƠN NHÌ – Q.TÂN PHÚ Diện tích rộng – vị trí kinh doanh sầm uất – giá thuê tốt hơn thị trường 🔹 THÔNG TIN CHI TIẾT: Vị trí: Mặt tiền đường Tân Sơn Nhì, phường Tân Sơn Nhì, quận Tân Phú, TP.HCM Diện tích:",Unknown,NA,quận Tân Phú,1030,Nhà đất cho thuê,NA,NA,NA,https://muaban.net/bat-dong-san/nha-mat-tien-du-an-584-lilama-shb-building-quan-tan-phu-ho-chi-minh/cho-thue-nha-mat-tien-duong-tan-son-nhi-phuong-tan-son-nhi-tan-phu-id69566074,https://muaban.net/bat-dong-san/cho-thue-nha-dat-ho-chi-minh,2026-06-03,2026-06-03 14:51:34.957885,1,28,254545.45454545456,0,1
muaban,rent_all,muaban_70947250,muaban_70947250,"Cho thuê phòng trọ đối diện ĐH Văn Lang CS 3, Dương Quảng Hàm, F5.GV",3600000,"3,6 triệu/tháng",30,NA,"Phường 5,Quận Gò Vấp,TP.HCM",Phường 5,NA,Quận Gò Vấp,1050,Phòng trọ,NA,NA,NA,https://muaban.net/bat-dong-san/cho-thue-nha-tro-phong-tro-quan-go-vap-ho-chi-minh/cho-thue-phong-tro-doi-dien-dh-van-lang-cs-3-duong-quang-ham-f5-gv-id70947250,https://muaban.net/bat-dong-san/cho-thue-nha-dat-ho-chi-minh,2026-06-03,2026-06-03 14:51:34.942912,1,3.6,120000,0,1
muaban,rent_all,muaban_69912059,muaban_69912059,"Cho thuê phòng trọ cao cấp đường Phú Thọ Hòa, Tân Phú, đầy đủ nội thất",4000000,4 triệu/tháng,24,1,"CHO THUÊ PHÒNG Ở TRONG NHÀ DƯỚI TRỆT – FULL NỘI THẤT – TÂN PHÚ Địa chỉ: 238/11 Phú Thọ Hoà, Phường Phú Thọ Hoà, Quận Tân Phú, TP.HCM Diện tích: 24m² gồm: 1 phòng ngủ, 1 WC khép kín, bếp, giường ngủ, máy lạnh cao cấp. ƯU ĐIỂM: Phòng sạch sẽ, cao",Phường Phú Thọ Hoà,NA,Quận Tân Phú,1050,Phòng trọ,NA,NA,NA,https://muaban.net/bat-dong-san/nha-hem-ngo-quan-tan-phu-ho-chi-minh/cho-thue-nha-hem-duong-phu-tho-hoa-phuong-phu-tho-hoa-quan-tan-phu-id69912059,https://muaban.net/bat-dong-san/cho-thue-nha-dat-ho-chi-minh,2026-06-03,2026-06-03 14:51:34.936102,1,4,166666.66666666666,0,1
muaban,rent_all,muaban_70905872,muaban_70905872,Cho thuê tòa nhà làm văn phòng khu Lê Quang Định giao Nơ Trang Long,120000000,120 triệu/tháng,100,NA,"Phường 7,Quận Bình Thạnh,TP.HCM",Phường 7,NA,Quận Bình Thạnh,1030,Văn phòng/Mặt bằng,NA,NA,NA,https://muaban.net/bat-dong-san/nha-mat-tien-quan-binh-thanh-ho-chi-minh/cho-thue-toa-nha-lam-van-phong-khu-le-quang-dinh-giao-no-trang-long-id70905872,https://muaban.net/bat-dong-san/cho-thue-nha-dat-ho-chi-minh,2026-06-03,2026-06-03 14:51:34.92981,1,120,1200000,0,1
muaban,rent_all,muaban_70939212,muaban_70939212,"CHO THUÊ NHÀ NGUYÊN CĂN 562 Phạm Văn Bạch, P.12, Q. Gò Vấp",18000000,18 triệu/tháng,32,NA,"Phường 12,Quận Gò Vấp,TP.HCM",Phường 12,NA,Quận Gò Vấp,1030,Nhà đất cho thuê,NA,NA,NA,https://muaban.net/bat-dong-san/nha-mat-tien-quan-go-vap-ho-chi-minh/cho-thue-nha-nguyen-can-562-pham-van-bach-p-12-q-go-vap-id70939212,https://muaban.net/bat-dong-san/cho-thue-nha-dat-ho-chi-minh,2026-06-03,2026-06-03 14:51:34.923285,1,18,562500,0,1
muaban,rent_all,muaban_70925494,muaban_70925494,"Cho thuê căn hộ Novaland Golden Mansion, 119 Phổ Quang, P.Đức Nhuận",17000000,17 triệu/tháng,75,2,"Quận Phú Nhuận,TP.HCM",Unknown,NA,Quận Phú Nhuận,1010,Căn hộ/Chung cư,NA,NA,NA,https://muaban.net/bat-dong-san/cho-thue-can-ho-chung-cu-du-an-golden-mansion-quan-phu-nhuan-ho-chi-minh/cho-thue-can-ho-novaland-golden-mansion-119-pho-quang-p-duc-nhuan-id70925494,https://muaban.net/bat-dong-san/cho-thue-nha-dat-ho-chi-minh,2026-06-03,2026-06-03 14:51:34.91651,1,17,226666.66666666666,0,1
muaban,rent_all,muaban_70945756,muaban_70945756,CHO THUÊ NHÀ MẶT TIỀN ( 2 CĂN LIỀN KỀ),75000000,75 triệu/tháng,133,NA,"CHO THUÊ NHÀ MẶT TIỀN ( 2 CĂN LIỀN ) . DIỆN TÍCH : 7.2m x 19m GỒM : 1 TRỆT 3 LẦU ĐỊA CHỈ : 228 - 230 Hoàng Văn Thụ , Phường 04, Quận Tân Bình,TPHCM CÓ THỂ THUÊ TỪNG CĂN RIÊNG . GIÁ THUÊ : 75 TRIỆU / THÁNG LIÊN HỆ : 0913 751",Unknown,NA,Unknown,1030,Nhà đất cho thuê,NA,NA,NA,https://muaban.net/bat-dong-san/nha-mat-tien-quan-tan-binh-ho-chi-minh/cho-thue-nha-ma-t-tie-n-2-can-lie-n-ke-id70945756,https://muaban.net/bat-dong-san/cho-thue-nha-dat-ho-chi-minh,2026-06-03,2026-06-03 14:51:34.910163,1,75,563909.7744360903,0,1
muaban,rent_all,muaban_70746990,muaban_70746990,"CHO THUÊ CĂN HỘ CHUNG CƯ CAO CẤP ASIANA CAPELA Q6, TP.HCM",15000000,15 triệu/tháng,65,2,"CHO THUÊ CĂN HỘ CHUNG CƯ CAO CẤP ASIANA CAPELA Q6, TP.HCM",Unknown,NA,Unknown,1010,Căn hộ/Chung cư,NA,NA,NA,https://muaban.net/bat-dong-san/cho-thue-can-ho-chung-cu-du-an-asiana-capella-quan-6-ho-chi-minh/cho-thue-can-ho-chung-cu-cao-cap-asiana-capela-q6-tp-hcm-id70746990,https://muaban.net/bat-dong-san/cho-thue-nha-dat-ho-chi-minh,2026-06-03,2026-06-03 14:51:34.903284,1,15,230769.23076923078,0,1
muaban,rent_all,muaban_70835415,muaban_70835415,Văn phòng đầy đủ nội thất cho thuê tại HQ Marinity Building,7490000,"7,49 triệu/tháng",30,NA,Văn phòng riêng cho thuê tại HQ Marinity Building ở Hồ Chí Minh. Văn phòng sẵn sàng sử dụng được thiết kế cho 2 nhân viên trong môi trường kinh doanh chuyên nghiệp. Thông tin chi tiết văn phòng riêng: Giá khởi điểm từ 7.490.000VND/ tháng Có thể,Unknown,NA,Unknown,1030,Văn phòng/Mặt bằng,NA,NA,NA,https://muaban.net/bat-dong-san/van-phong-quan-binh-thanh-ho-chi-minh/tron-goi-quyen-su-dung-tai-hq-marinity-building-id70835415,https://muaban.net/bat-dong-san/cho-thue-nha-dat-ho-chi-minh,2026-06-03,2026-06-03 14:51:34.896432,1,7.49,249666.66666666666,0,1
muaban,rent_all,muaban_68534844,muaban_68534844,"Cho thuê Phòng trọ 40m2 mặt tiền đường Gò Dầu, Tân Phú, có thang máy",2200000,"2,2 triệu/tháng",40,NA,"Phường Tân Quý,Quận Tân Phú,TP.HCM",Phường Tân Quý,NA,Quận Tân Phú,1050,Phòng trọ,NA,NA,NA,https://muaban.net/bat-dong-san/cho-thue-nha-tro-phong-tro-quan-tan-phu-ho-chi-minh/cho-thue-phong-tro-40m2-mat-tien-duong-go-dau-tan-phu-co-thang-may-id68534844,https://muaban.net/bat-dong-san/cho-thue-nha-dat-ho-chi-minh,2026-06-03,2026-06-03 14:51:34.887547,1,2.2,55000,0,1
muaban,rent_all,muaban_70906642,muaban_70906642,"Cho thuê nhà riêng, đường Tạ Quang Bửu, Phường Chánh Hưng",18000000,18 triệu/tháng,64,5,"Phường 4,Quận 8,TP.HCM",Phường 4,NA,Quận 8,1030,Nhà đất cho thuê,NA,NA,NA,https://muaban.net/bat-dong-san/nha-hem-ngo-quan-8-ho-chi-minh/cho-thue-nha-rieng-duong-ta-quang-buu-phuong-chanh-hung-id70906642,https://muaban.net/bat-dong-san/cho-thue-nha-dat-ho-chi-minh,2026-06-03,2026-06-03 14:51:34.880578,1,18,281250,0,1
muaban,rent_all,muaban_70881922,muaban_70881922,"CHO THUÊ NHÀ MẶT TIỀN NGUYỄN VĂN THỦ, VỊ TRÍ ĐẸP TRUNG TÂM TP.HCM",22000000,22 triệu/tháng,56,NA,"CHO THUÊ NHÀ MẶT TIỀN NGUYỄN VĂN THỦ, VỊ TRÍ ĐẸP TRUNG TÂM TP.HCM",Unknown,NA,Unknown,1050,Phòng trọ,NA,NA,NA,https://muaban.net/bat-dong-san/nha-mat-tien-quan-1-ho-chi-minh/cho-thue-nha-mat-tien-nguyen-van-thu-vi-tri-dep-trung-tam-tp-hcm-id70881922,https://muaban.net/bat-dong-san/cho-thue-nha-dat-ho-chi-minh,2026-06-03,2026-06-03 14:51:34.873464,1,22,392857.14285714284,0,1
muaban,rent_all,muaban_70881314,muaban_70881314,"Cho thuê nhà mặt tiền Ngô Gia Tự, Q.10, 4x22m, NH 6m, 5 lầu, thang máy",90000000,90 triệu/tháng,100,NA,"CHO THUÊ NHÀ MẶT TIỀN NGÔ GIA TỰ – QUẬN 10 (PHƯỜNG VƯỜN LÀI MỚI) 📍 Địa chỉ: 386 Ngô Gia Tự, P. Vườn Lài (P.10 cũ), TP.HCM 🛣 Nhà mặt tiền đường Ngô Gia Tự, vị trí kinh doanh sầm uất bậc nhất khu vực 🏢 Thông tin nhà: Cho thuê nguyên căn Kết",Unknown,NA,Unknown,1030,Nhà đất cho thuê,NA,NA,NA,https://muaban.net/bat-dong-san/nha-mat-tien-quan-10-ho-chi-minh/cho-thue-nha-mat-tien-ngo-gia-tu-q-10-4x22m-nh-6m-5-lau-thang-may-id70881314,https://muaban.net/bat-dong-san/cho-thue-nha-dat-ho-chi-minh,2026-06-03,2026-06-03 14:51:34.857621,1,90,900000,0,1
muaban,rent_all,muaban_70947614,muaban_70947614,CHO THUÊ NHÀ MẶT TIỀN 6.3x15m (94.5m2) GÓC NGÃ TƯ,40000000,40 triệu/tháng,15,NA,"Phường 15,Quận Phú Nhuận,TP.HCM",Phường 15,NA,Quận Phú Nhuận,1030,Nhà đất cho thuê,NA,NA,NA,https://muaban.net/bat-dong-san/cho-thue-mat-bang-kinh-doanh-quan-phu-nhuan-ho-chi-minh/cho-thue-nha-mat-tien-6-3x15m-94-5m2-goc-nga-tu-id70947614,https://muaban.net/bat-dong-san/cho-thue-nha-dat-ho-chi-minh,2026-06-03,2026-06-03 14:51:34.846982,1,40,2666666.6666666665,0,1
muaban,rent_all,muaban_70765342,muaban_70765342,"CHÍNH CHỦ CHO THUÊ GẤP NHÀ MỚI MẶT TIỀN ĐẸP – PHÚ MỸ HƯNG, QUẬN 7",300000000,300 triệu/tháng,890,NA,"Quận 7,TP.HCM",Unknown,NA,Quận 7,1030,Văn phòng/Mặt bằng,NA,NA,NA,https://muaban.net/bat-dong-san/van-phong-du-an-nam-quang-2-quan-7-ho-chi-minh/chinh-chu-cho-thue-gap-nha-mat-tien-dep-phu-my-hung-quan-7-id70765342,https://muaban.net/bat-dong-san/cho-thue-nha-dat-ho-chi-minh,2026-06-03,2026-06-03 14:51:34.837066,1,300,337078.65168539324,0,1
muaban,rent_all,muaban_70847247,muaban_70847247,"Cho thuê CHDV 106/39 Bình Lợi, Bình Lợi Trung, Nhà 3 mặt tiền 12m",5500000,"5,5 triệu/tháng",16,NA,"Phường 13,Quận Bình Thạnh,TP.HCM",Phường 13,NA,Quận Bình Thạnh,1030,Nhà đất cho thuê,NA,NA,NA,https://muaban.net/bat-dong-san/cho-thue-nha-tro-phong-tro-quan-binh-thanh-ho-chi-minh/cho-thue-chdv-106-39-bi-nh-lo-i-bi-nh-lo-i-trung-nha-3-mat-tien-12m-id70847247,https://muaban.net/bat-dong-san/cho-thue-nha-dat-ho-chi-minh,2026-06-03,2026-06-03 14:51:34.827869,1,5.5,343750,0,1
muaban,sale_all,muaban_70946032,muaban_70946032,Bán nhà 4 tầng hẻm 4.5m số 126/1A Phan Văn Trị,6900000000,"6,9 tỷ",37.1,NA,"Phường 12,Quận Bình Thạnh,TP.HCM",Phường 12,NA,Quận Bình Thạnh,1050,Phòng trọ,NA,NA,NA,https://muaban.net/bat-dong-san/ban-dat-tho-cu-quan-binh-thanh-ho-chi-minh/ban-nha-4-tang-he-m-4-5m-so-126-1a-phan-van-tri-id70946032,https://muaban.net/bat-dong-san/ban-nha-dat-chung-cu-ho-chi-minh,2026-06-03,2026-06-03 14:51:23.370311,1,6900,185983827.49326146,0,0
muaban,sale_all,muaban_70942367,muaban_70942367,"HotChính chủ cần bán nhà mặt tiền đường Lê Bình, Phường Tân Sơn Nhất",9400000000,"9,4 tỷ",36.1,1,"Phường 4,Quận Tân Bình,TP.HCM",Phường 4,NA,Quận Tân Bình,1040,Đất,NA,NA,NA,https://muaban.net/bat-dong-san/ban-nha-mat-tien-quan-tan-binh-ho-chi-minh/chinh-chu-can-ban-nha-mat-tien-duong-le-binh-phuong-tan-son-nhat-id70942367,https://muaban.net/bat-dong-san/ban-nha-dat-chung-cu-ho-chi-minh,2026-06-03,2026-06-03 14:51:23.355939,1,9400,260387811.63434902,0,0
muaban,sale_all,muaban_70945996,muaban_70945996,NHÀ MẬT TIỀN KINH DOANH 86M2 THỔ CƯ SỔ HỒNG RIÊNG,1150000000,"1,15 tỷ",88,2,"Xã Hưng Long,Huyện Bình Chánh,TP.HCM",Xã Hưng Long,NA,Huyện Bình Chánh,1040,Đất,NA,NA,NA,https://muaban.net/bat-dong-san/ban-nha-mat-tien-huyen-binh-chanh-ho-chi-minh/nha-mat-tien-kinh-doanh-86m2-tho-cu-so-hong-rieng-id70945996,https://muaban.net/bat-dong-san/ban-nha-dat-chung-cu-ho-chi-minh,2026-06-03,2026-06-03 14:51:23.348567,1,1150,13068181.818181818,0,0
muaban,sale_all,muaban_70911610,muaban_70911610,"Bán nhà mặt tiền kinh doanh số 306A đường Mã Lò, Phường Bình Trị Đông",8300000000.000001,"8,3 tỷ",74.5,NA,"Phường Bình Trị Đông,Quận Bình Tân,TP.HCM",Phường Bình Trị Đông,NA,Quận Bình Tân,1020,Nhà ở,NA,NA,NA,https://muaban.net/bat-dong-san/ban-nha-mat-tien-quan-binh-tan-ho-chi-minh/ban-nha-mat-tien-kinh-doanh-so-306a-duong-ma-lo-phuong-binh-tri-dong-id70911610,https://muaban.net/bat-dong-san/ban-nha-dat-chung-cu-ho-chi-minh,2026-06-03,2026-06-03 14:51:23.341758,1,8300.000000000002,111409395.97315438,0,0
muaban,sale_all,muaban_70944625,muaban_70944625,Bán đất trống khu phân lô đồng bộ hẻm 8m,6000000000,6 tỷ,5,NA,"Phường 7,Quận Bình Thạnh,TP.HCM",Phường 7,NA,Quận Bình Thạnh,1040,Đất,NA,NA,NA,https://muaban.net/bat-dong-san/ban-dat-tho-cu-quan-binh-thanh-ho-chi-minh/ban-dat-trong-khu-phan-lo-do-ng-bo-hem-8m-id70944625,https://muaban.net/bat-dong-san/ban-nha-dat-chung-cu-ho-chi-minh,2026-06-03,2026-06-03 14:51:23.334106,1,6000,1200000000,0,0
muaban,sale_all,muaban_70933154,muaban_70933154,Gấp🏙️ CƠ HỘI SỞ HỮU NHÀ TRUNG TÂM QUẬN 7 – KHAI THÁC DÒNG TIỀN BỀN VỮNG,15500000000,"15,5 tỷ",75.2,4,"Phường Tân Phú,Quận 7,TP.HCM",Phường Tân Phú,NA,Quận 7,1010,Căn hộ/Chung cư,NA,NA,NA,https://muaban.net/bat-dong-san/ban-nha-mat-tien-quan-7-ho-chi-minh/co-hoi-so-huu-nha-trung-tam-quan-7-khai-thac-dong-tien-ben-vung-id70933154,https://muaban.net/bat-dong-san/ban-nha-dat-chung-cu-ho-chi-minh,2026-06-03,2026-06-03 14:51:23.324788,1,15500,206117021.27659574,0,0
muaban,sale_all,muaban_70946421,muaban_70946421,"CHÍNH CHỦ BÁN NHÀ NGAY NGÃ TƯ NGÔ QUYỀN VÀ 3 THÁNG 2, QUẬN 10 CŨ",9400000000,"9,4 tỷ",32.3,3,"Phường 6,Quận 10,TP.HCM",Phường 6,NA,Quận 10,1030,Kho xưởng,NA,NA,NA,https://muaban.net/bat-dong-san/ban-nha-hem-ngo-quan-10-ho-chi-minh/chinh-chu-ban-nha-ngay-nga-tu-ngo-quyen-va-3-thang-2-quan-10-cu-id70946421,https://muaban.net/bat-dong-san/ban-nha-dat-chung-cu-ho-chi-minh,2026-06-03,2026-06-03 14:51:23.317186,1,9400,291021671.8266254,0,0
muaban,sale_all,muaban_70946440,muaban_70946440,"CHÍNH CHỦ BÁN NHÀ ĐƯỜNG HỒ VĂN HUÊ, PHƯỜNG , QUẬN PHÚ NHUẬN CŨ",23000000000,23 tỷ,104,4,"NHÀ ĐẸP – GIÁ TỐT – CHÍNH CHỦ CẦN BÁN GẤP NHÀ Tại Phường 9, Quận Phú Nhuận, Tp Hồ Chí Minh ***Địa chỉ: Đường Hồ Văn Huê, Phường 9, Quận Phú Nhuận, Tp Hồ Chí Minh ** Diện tích: 104m2 ** Giá bán: 23 tỷ (Có thương lượng cho khách thiện chí mua) -",NHÀ ĐẸP – GIÁ TỐT – CHÍNH CHỦ CẦN BÁN GẤP NHÀ Tại Phường 9,NA,Quận Phú Nhuận,1020,Nhà ở,NA,NA,NA,https://muaban.net/bat-dong-san/ban-nha-hem-ngo-quan-phu-nhuan-ho-chi-minh/chinh-chu-ban-nha-duong-ho-van-hue-phuong-quan-phu-nhuan-cu-id70946440,https://muaban.net/bat-dong-san/ban-nha-dat-chung-cu-ho-chi-minh,2026-06-03,2026-06-03 14:51:23.310515,1,23000,221153846.15384614,0,0
muaban,sale_all,muaban_70944297,muaban_70944297,"Bán nhà đẹp lung linh, hẻm 4m, 3 tầng đúc thật, Xô Viết Nghệ Tĩnh, BT",5350000000,"5,35 tỷ",24,3,"Phường 21,Quận Bình Thạnh,TP.HCM",Phường 21,NA,Quận Bình Thạnh,1020,Nhà ở,NA,NA,NA,https://muaban.net/bat-dong-san/ban-nha-hem-ngo-quan-binh-thanh-ho-chi-minh/ban-nha-dep-lung-linh-hem-4m-3-tang-duc-that-xo-viet-nghe-tinh-bt-id70944297,https://muaban.net/bat-dong-san/ban-nha-dat-chung-cu-ho-chi-minh,2026-06-03,2026-06-03 14:51:23.303609,1,5350,222916666.66666666,0,0
muaban,sale_all,muaban_70916717,muaban_70916717,"CẦN BÁN ĐẤT MẶT TIỀN PHẠM HÙNG NỐI DÀI – KHU QUY HOẠCH T30, BÌNH HƯNG",15220000000,"15,22 tỷ",105,NA,"🔥 CẦN BÁN ĐẤT MẶT TIỀN PHẠM HÙNG NỐI DÀI – KHU QUY HOẠCH T30, BÌNH HƯNG 🔥 📍 Vị trí đẹp, mặt tiền đường Phạm Hùng nối dài rộng 6 làn xe, thuộc khu quy hoạch T30, xã Bình Hưng, TP. Hồ Chí Minh. 🌟 Nằm cạnh khu đô thị Phú Mỹ Hưng, khu vực phát triển",Unknown,NA,Unknown,1040,Đất,NA,NA,NA,https://muaban.net/bat-dong-san/ban-dat-tho-cu-huyen-binh-chanh-ho-chi-minh/can-ban-dat-mat-tien-pham-hung-noi-dai-khu-quy-hoach-t30-binh-hung-id70916717,https://muaban.net/bat-dong-san/ban-nha-dat-chung-cu-ho-chi-minh,2026-06-03,2026-06-03 14:51:23.296535,1,15220,144952380.95238096,0,0
muaban,sale_all,muaban_70944541,muaban_70944541,"Bán nhà mặt tiền Đường Số 33, P. Tân Hưng, trung tâm Q.7",9600000000,"9,6 tỷ",79.2,NA,"Phường Tân Hưng,Quận 7,TP.HCM",Phường Tân Hưng,NA,Quận 7,1020,Nhà ở,NA,NA,NA,https://muaban.net/bat-dong-san/ban-nha-mat-tien-quan-7-ho-chi-minh/ban-nha-mat-tien-duong-so-33-p-tan-hung-trung-tam-q-7-id70944541,https://muaban.net/bat-dong-san/ban-nha-dat-chung-cu-ho-chi-minh,2026-06-03,2026-06-03 14:51:23.289075,1,9600,121212121.2121212,0,0
muaban,sale_all,muaban_70942414,muaban_70942414,Chính chủ bán nhà 505 TK 8/4 Trần Hưng Đạo P.Cầu Kho Q1 đang cho thuê,15800000000,"15,8 tỷ",110,NA,"Phường Cầu Kho,Quận 1,TP.HCM",Phường Cầu Kho,NA,Quận 1,1030,Kho xưởng,NA,NA,NA,https://muaban.net/bat-dong-san/ban-nha-hem-ngo-quan-1-ho-chi-minh/chinh-chu-ban-nha-505-tk-8-4-tran-hung-dao-p-cau-kho-q1-dang-cho-thue-id70942414,https://muaban.net/bat-dong-san/ban-nha-dat-chung-cu-ho-chi-minh,2026-06-03,2026-06-03 14:51:23.282047,1,15800,143636363.63636363,0,0
muaban,sale_all,muaban_70932375,muaban_70932375,"Chính Chủ Về Quê Cần Bán Nhà Quận 7, Gần Phú Mỹ Hưng, Tặng Nội Thất",2350000000,"2,35 tỷ",32,NA,"Chính Chủ Về Quê Cần Bán Nhà Quận 7, Gần Phú Mỹ Hưng, Tặng Nội Thất 📍 Địa chỉ: 103/151B Nguyễn Thị Thập, P.Tân Mỹ, Quận 7, TP.HCM 📐 Diện tích: 4m x 8m – 1 trệt 1 lầu, gồm 2 phòng ngủ, 3 WC ☀️ Hướng: Chánh Nam ✨ Nhà mới đẹp, dọn vào ở ngay ⏲️ Đồng",Unknown,NA,Quận 7,1020,Nhà ở,NA,NA,NA,https://muaban.net/bat-dong-san/ban-nha-hem-ngo-quan-7-ho-chi-minh/chinh-chu-ve-que-can-ban-nha-quan-7-gan-phu-my-hung-tang-noi-that-id70932375,https://muaban.net/bat-dong-san/ban-nha-dat-chung-cu-ho-chi-minh,2026-06-03,2026-06-03 14:51:23.27427,1,2350,73437500,0,0
muaban,sale_all,muaban_70933137,muaban_70933137,BÁN NHÀ/ XƯỞNG SẢN XUẤT MẶT TIỀN ĐƯỜNG,12000000000,12 tỷ,283,3,"Kho, nhà xưởng tại 63, Đường 1B, Xã Tân Vĩnh Lộc, Hồ Chí Minh (địa chỉ cũ: Huyện Bình Chánh, Hồ Chí Minh) có diện tích 283 m², thiết kế hợp lý với nhiều tiện ích. - Giá: 12 tỷ VND - Diện tích rộng rãi, dễ dàng bố trí hàng hóa. - Trang bị đầy đủ:",Xã Tân Vĩnh Lộc,NA,Hồ Chí Minh (địa chỉ cũ: Huyện Bình Chánh,1030,Kho xưởng,NA,NA,NA,https://muaban.net/bat-dong-san/ban-nha-mat-tien-huyen-binh-chanh-ho-chi-minh/ban-nha-xuong-san-xuat-mat-tien-duong-id70933137,https://muaban.net/bat-dong-san/ban-nha-dat-chung-cu-ho-chi-minh,2026-06-03,2026-06-03 14:51:23.265093,1,12000,42402826.85512368,0,0
muaban,sale_all,muaban_70946434,muaban_70946434,"HotBiệt thự A.10 Hoàng Quốc Việt, KDC Vạn Phát Hưng, P. Phú Thuận, Q.7",45000000000,45 tỷ,210,4,"Phường Phú Thuận,Quận 7,TP.HCM",Phường Phú Thuận,NA,Quận 7,1040,Đất,NA,NA,NA,https://muaban.net/bat-dong-san/ban-biet-thu-villa-penthouse-quan-7-ho-chi-minh/biet-thu-mat-tien-noi-bo-hoang-quoc-viet-kdc-van-phat-hung-id70946434,https://muaban.net/bat-dong-san/ban-nha-dat-chung-cu-ho-chi-minh,2026-06-03,2026-06-03 14:51:23.257846,1,45000,214285714.2857143,0,0
muaban,sale_all,muaban_70935998,muaban_70935998,"Nhà Bán : đường Lê Văn Sỹ P.11 Q.Phú Nhuận -dt:3x11,5m trệt 1L 2 lững",5600000000,"5,6 tỷ",37.4,NA,"Phường 11,Quận Phú Nhuận,TP.HCM",Phường 11,NA,Quận Phú Nhuận,1020,Nhà ở,NA,NA,NA,https://muaban.net/bat-dong-san/ban-nha-hem-ngo-quan-phu-nhuan-ho-chi-minh/nha-ban-duong-le-van-sy-p-11-q-phu-nhuan-dt-3x11-5m-tret-1l-2-lung-id70935998,https://muaban.net/bat-dong-san/ban-nha-dat-chung-cu-ho-chi-minh,2026-06-03,2026-06-03 14:51:23.251025,1,5600,149732620.32085562,0,0
muaban,sale_all,muaban_70916831,muaban_70916831,"Bán Hoặc Cho Thuê Nhà MT 50-52 Đường Số 7 Lãnh Binh Thăng, Quận 11",39000000000,39 tỷ,200,NA,"Phường 8,Quận 11,TP.HCM",Phường 8,NA,Quận 11,1020,Nhà ở,NA,NA,NA,https://muaban.net/bat-dong-san/ban-nha-mat-tien-quan-11-ho-chi-minh/ban-hoac-cho-thue-nha-mt-50-52-duong-so-7-lanh-binh-thang-quan-11-id70916831,https://muaban.net/bat-dong-san/ban-nha-dat-chung-cu-ho-chi-minh,2026-06-03,2026-06-03 14:51:23.244054,1,39000,195000000,0,0
muaban,sale_all,muaban_70944558,muaban_70944558,"HotBán nhà mới xây hẻm 1028 Tân Kỳ Tân Quý, Q.Bình Tân, TP.CHM",8199999999.999999,"8,2 tỷ",54.2,NA,"Bán nhà mới xây hẻm 1028 Tân Kỳ Tân Quý, Q.Bình Tân, TP.HCM (687/83 đường Lê Đức Anh) - Diện tích 4mx13,55m = 54,2 m2, sổ hồng chính chủ. Tổng diện tích sử dụng 215 m2 - Nhà thiết kế 1 trệt, 1 lửng, 2 lầu, 1 tum lớn, gồm 4 phòng ngủ, 5WC...., - Nhà",Unknown,NA,Q.Bình Tân,1020,Nhà ở,NA,NA,NA,https://muaban.net/bat-dong-san/ban-nha-mat-tien-quan-binh-tan-ho-chi-minh/ban-nha-moi-xay-hem-1028-tan-ky-tan-quy-q-binh-tan-tp-chm-id70944558,https://muaban.net/bat-dong-san/ban-nha-dat-chung-cu-ho-chi-minh,2026-06-03,2026-06-03 14:51:23.20716,1,8199.999999999998,151291512.91512913,0,0
