segment,best_model,actual_price,predicted_price,abs_error_vnd,ape,source,district_name,category_name,model_category,ward,area,rooms,price_per_m2
sale,Tuned RF/XGBoost Ensemble,520000000.0000001,824661601.6506464,304661601.6506463,0.585887695482012,chotot,Huyện Củ Chi,Đất,Đất/đất nền,Xã Tân Thông Hội,100,4,5200000
sale,Tuned RF/XGBoost Ensemble,750000000.0000004,836941054.2926213,86941054.2926209,0.11592140572349448,chotot,Huyện Củ Chi,Đất,Đất/đất nền,Xã Tân Phú Trung,327,4,2293577.981651376
sale,Tuned RF/XGBoost Ensemble,539999999.9999995,1752164646.7783444,1212164646.7783449,2.244749345885826,chotot,Huyện Bình Chánh,Đất,Đất/đất nền,Xã Quy Đức,46,4,11739130.43478261
sale,Tuned RF/XGBoost Ensemble,12999999999.999989,26318851201.43074,13318851201.430752,1.0245270154946742,chotot,Huyện Hóc Môn,Đất,Đất/đất nền,Xã Đông Thạnh,5000,4,2600000
sale,Tuned RF/XGBoost Ensemble,15999999999.999983,14096299602.103468,1903700397.896515,0.11898127486853231,chotot,Thành phố Thủ Đức,Đất,Đất/đất nền,Phường Phước Long B (Quận 9 cũ),140,4,114285714.28571428
sale,Tuned RF/XGBoost Ensemble,3190000000.0000024,2866136434.4722366,323863565.52776575,0.1015246286920895,chotot,Thành phố Thủ Đức,Căn hộ/Chung cư,Căn hộ,Phường Linh Tây (Quận Thủ Đức cũ),56,2,56964285.71428572
sale,Tuned RF/XGBoost Ensemble,2949999999.999995,2825451455.506874,124548544.49312115,0.042219845590888594,chotot,Quận Tân Phú,Căn hộ/Chung cư,Căn hộ,Phường Hòa Thạnh,50,1,59000000
sale,Tuned RF/XGBoost Ensemble,2949999999.999995,5408545249.252951,2458545249.2529554,0.8334051692382913,chotot,Quận Tân Phú,Căn hộ/Chung cư,Căn hộ,Phường Phú Thạnh,90,3,32777777.777777776
sale,Tuned RF/XGBoost Ensemble,3899999999.9999948,3182677195.4650984,717322804.5348964,0.18392892423971727,chotot,Quận 7,Căn hộ/Chung cư,Căn hộ,Phường Phú Thuận,49,1,79591836.73469388
sale,Tuned RF/XGBoost Ensemble,3099999999.9999986,2807789024.042801,292210975.95719767,0.09426160514748316,chotot,Huyện Bình Chánh,Căn hộ/Chung cư,Căn hộ,Xã Phong Phú,65,2,47692307.692307696
sale,Tuned RF/XGBoost Ensemble,10299999999.999994,10997989938.045605,697989938.0456104,0.06776601340248649,luachonnhadat,Quận Bình Tân,Đất,Đất/đất nền,Không rõ,112,4,91964285.71428572
sale,Tuned RF/XGBoost Ensemble,12299999999.999998,12171128792.020903,128871207.97909546,0.010477333982040283,luachonnhadat,Quận Bình Tân,Nhà phố,Nhà phố/nhà ở,Không rõ,80,4,153750000
sale,Tuned RF/XGBoost Ensemble,10500000000,4737122857.185983,5762877142.814017,0.5488454421727635,alonhadat,Quận Bình Thạnh,Căn hộ/Chung cư,Căn hộ,Phường Thạnh Mỹ Tây,77,2,136363636.36363637
sale,Tuned RF/XGBoost Ensemble,4730000000.000002,4731108292.301829,1108292.3018274307,2.343112688852918e-4,alonhadat,Quận Tân Bình,Nhà ở,Nhà phố/nhà ở,Phường Tân Sơn Nhất,61,3,77540983.60655738
sale,Tuned RF/XGBoost Ensemble,9800000000.000006,6972871147.730001,2827128852.2700043,0.28848253594591866,alonhadat,Quận 10,Nhà ở,Nhà phố/nhà ở,Phường Hòa Hưng,41,6,239024390.24390244
sale,Tuned RF/XGBoost Ensemble,3099999999.9999986,3845948236.335771,745948236.3357725,0.24062846333412027,alonhadat,Thành phố Thủ Đức,Nhà ở,Nhà phố/nhà ở,Phường Hiệp Bình,52,3,59615384.615384616
sale,Tuned RF/XGBoost Ensemble,5199999999.999992,6090683869.89483,890683869.8948374,0.17128535959516128,alonhadat,Thành phố Thủ Đức,Nhà ở,Nhà phố/nhà ở,Phường Hiệp Bình,80,3,65000000
sale,Tuned RF/XGBoost Ensemble,2349999999.9999967,3127277114.5716233,777277114.5716267,0.33075621896665014,alonhadat,Quận Gò Vấp,Nhà ở,Nhà phố/nhà ở,Phường Thông Tây Hội,42,2,55952380.952380955
sale,Tuned RF/XGBoost Ensemble,13799999999.99998,11419158869.68005,2380841130.319931,0.17252471958840104,alonhadat,Quận Tân Bình,Nhà ở,Nhà phố/nhà ở,Phường Tân Bình,60,4,230000000
sale,Tuned RF/XGBoost Ensemble,3249999999.9999995,3495649956.229041,245649956.22904158,0.07558460191662819,alonhadat,Quận Phú Nhuận,Nhà ở,Nhà phố/nhà ở,Phường Phú Nhuận,60,3,54166666.666666664
sale,Tuned RF/XGBoost Ensemble,6589999999.999993,7771051004.99058,1181051004.9905863,0.17921866540069611,alonhadat,Thành phố Thủ Đức,Nhà ở,Nhà phố/nhà ở,Phường Linh Xuân,73,3,90273972.60273972
sale,Tuned RF/XGBoost Ensemble,5989999999.999991,5246251318.790149,743748681.2098427,0.12416505529379696,luachonnhadat,Quận 6,Nhà phố,Nhà phố/nhà ở,Không rõ,37,4,161891891.8918919
sale,Tuned RF/XGBoost Ensemble,6500000000.000007,6002041956.77074,497958043.2292671,0.07660892972757948,luachonnhadat,Quận Bình Tân,Nhà phố,Nhà phố/nhà ở,Không rõ,72,4,90277777.77777778
sale,Tuned RF/XGBoost Ensemble,4800000000.000005,6732744290.130198,1932744290.1301928,0.40265506044378974,luachonnhadat,Quận Bình Tân,Đất,Đất/đất nền,Không rõ,81,4,59259259.25925926
sale,Tuned RF/XGBoost Ensemble,90000000000.00009,72388888018.69858,17611111981.301514,0.19567902201446105,luachonnhadat,Quận Bình Tân,Biệt thự,Biệt thự/cao cấp,Không rõ,540,4,166666666.66666666
sale,Tuned RF/XGBoost Ensemble,11999999999.999998,10500956803.50131,1499043196.4986877,0.12492026637489066,luachonnhadat,Quận Bình Tân,Nhà phố,Nhà phố/nhà ở,Không rõ,80,4,150000000
sale,Tuned RF/XGBoost Ensemble,6749999999.999994,4657358605.389914,2092641394.6100807,0.31002094734964186,luachonnhadat,Quận 8,Nhà phố,Nhà phố/nhà ở,Không rõ,49,4,137755102.04081634
sale,Tuned RF/XGBoost Ensemble,23499999999.999985,18169455044.21493,5330544955.785053,0.22683170024617264,luachonnhadat,Quận Bình Tân,Nhà phố,Nhà phố/nhà ở,Không rõ,126,4,186507936.5079365
sale,Tuned RF/XGBoost Ensemble,3800000000.0000014,3927023866.3174143,127023866.31741285,0.033427333241424426,luachonnhadat,Quận Bình Tân,Nhà phố,Nhà phố/nhà ở,Không rõ,32,4,118750000
sale,Tuned RF/XGBoost Ensemble,9600000000.000006,8712633868.481068,887366131.5189381,0.09243397203322266,chotot,Quận 7,Đất,Đất/đất nền,Phường Phú Thuận,172,4,55813953.488372095
sale,Tuned RF/XGBoost Ensemble,29999999999.999996,14405012570.588238,15594987429.411758,0.5198329143137254,chotot,Quận 7,Đất,Đất/đất nền,Phường Tân Hưng,181.3,4,165471594.0430226
sale,Tuned RF/XGBoost Ensemble,33999999999.99993,42632584969.398895,8632584969.398964,0.25389955792349944,chotot,Quận 8,Nhà ở,Biệt thự/cao cấp,Phường 4,227.5,5,149450549.45054945
sale,Tuned RF/XGBoost Ensemble,4499999999.999999,7398231250.600007,2898231250.600008,0.6440513890222241,chotot,Quận 8,Nhà ở,Nhà phố/nhà ở,Phường 7,54,6,83333333.33333333
sale,Tuned RF/XGBoost Ensemble,11049999999.99999,8027071477.636932,3022928522.363058,0.27356819206905525,chotot,Quận Tân Phú,Đất,Đất/đất nền,Phường Phú Thọ Hòa,101.6998,4,108653114.36207348
sale,Tuned RF/XGBoost Ensemble,20598999999.999973,18508977549.652824,2090022450.347149,0.10146232585791308,chotot,Quận Tân Phú,Đất,Đất/đất nền,Phường Tây Thạnh,166,4,124090361.44578314
sale,Tuned RF/XGBoost Ensemble,7500000000.0000105,7955545360.420742,455545360.42073154,0.06073938138943079,chotot,Quận Tân Phú,Đất,Đất/đất nền,Phường Tây Thạnh,91,4,82417582.41758242
sale,Tuned RF/XGBoost Ensemble,4100000000.0000052,5072241449.845679,972241449.845674,0.23713206093796899,chotot,Huyện Bình Chánh,Nhà ở,Nhà phố/nhà ở,Xã Quy Đức,205,3,20000000
sale,Tuned RF/XGBoost Ensemble,2140000000.0000036,2447409804.0401044,307409804.0401008,0.14364944114023379,chotot,Quận Bình Tân,Căn hộ/Chung cư,Căn hộ,Phường An Lạc,50,1,42800000
sale,Tuned RF/XGBoost Ensemble,6199999999.999969,5818344948.125591,381655051.87437725,0.06155726643135148,chotot,Quận 8,Đất,Đất/đất nền,Phường 3,58,4,106896551.72413792
sale,Tuned RF/XGBoost Ensemble,4499999999.999999,5425010518.468142,925010518.4681425,0.2055578929929206,chotot,Quận 8,Đất,Đất/đất nền,Phường 16,72,4,62500000
sale,Tuned RF/XGBoost Ensemble,4899999999.999995,6526466371.975331,1626466371.975336,0.33193191264802807,chotot,Quận 8,Đất,Đất/đất nền,Phường 7,110,4,44545454.54545455
sale,Tuned RF/XGBoost Ensemble,4999999999.999992,6649430430.6844225,1649430430.6844301,0.3298860861368865,chotot,Quận 8,Đất,Đất/đất nền,Phường 7,120,4,41666666.666666664
sale,Tuned RF/XGBoost Ensemble,3150000000.0000005,3734049883.86702,584049883.8670197,0.18541266154508557,chotot,Quận 8,Đất,Đất/đất nền,Phường 7,40,4,78750000
sale,Tuned RF/XGBoost Ensemble,9979999999.999985,13612647009.80271,3632647009.802725,0.363992686352979,chotot,Quận 8,Đất,Đất/đất nền,Phường 7,240,4,41583333.333333336
sale,Tuned RF/XGBoost Ensemble,4499999999.999999,3960314798.393444,539685201.606555,0.11993004480145669,chotot,Quận 8,Đất,Căn hộ,Phường 16,45,4,100000000
sale,Tuned RF/XGBoost Ensemble,4899999999.999995,5322700637.625114,422700637.6251192,0.08626543625002442,chotot,Thành phố Thủ Đức,Nhà ở,Nhà phố/nhà ở,Phường Phước Long B (Quận 9 cũ),58,3,84482758.62068966
sale,Tuned RF/XGBoost Ensemble,4599000000,5047806448.969736,448806448.9697361,0.0975878340877878,chotot,Thành phố Thủ Đức,Nhà ở,Nhà phố/nhà ở,Phường Hiệp Bình Phước (Quận Thủ Đức cũ),40,4,114975000
sale,Tuned RF/XGBoost Ensemble,3580000000.000005,3901775337.6889124,321775337.6889076,0.0898813792427115,chotot,Thành phố Thủ Đức,Nhà ở,Nhà phố/nhà ở,Phường Long Phước (Quận 9 cũ),52,2,68846153.84615384
sale,Tuned RF/XGBoost Ensemble,4590000000.000008,5081906001.438556,491906001.4385481,0.10716906349423688,chotot,Thành phố Thủ Đức,Nhà ở,Nhà phố/nhà ở,Phường Long Trường (Quận 9 cũ),55,4,83454545.45454545
sale,Tuned RF/XGBoost Ensemble,3500000000.000005,5654439168.636513,2154439168.636508,0.6155540481818585,chotot,Thành phố Thủ Đức,Nhà ở,Nhà phố/nhà ở,Phường Hiệp Bình Chánh (Quận Thủ Đức cũ),60,4,58333333.333333336
sale,Tuned RF/XGBoost Ensemble,4999999999.999992,6035490593.8886385,1035490593.8886461,0.20709811877772955,chotot,Quận Tân Phú,Nhà ở,Nhà phố/nhà ở,Phường Tân Thới Hòa,55,3,90909090.9090909
sale,Tuned RF/XGBoost Ensemble,6400000000.000004,8217520861.747355,1817520861.7473516,0.2839876346480235,chotot,Quận Tân Phú,Nhà ở,Nhà phố/nhà ở,Phường Tây Thạnh,62,5,103225806.4516129
sale,Tuned RF/XGBoost Ensemble,11999999999.999998,10836538809.03339,1163461190.966608,0.09695509924721735,chotot,Quận 1,Căn hộ/Chung cư,Căn hộ,Phường Bến Nghé,80,2,150000000
sale,Tuned RF/XGBoost Ensemble,19999999999.999992,20494938639.39175,494938639.39175797,0.024746931969587906,chotot,Quận 1,Căn hộ/Chung cư,Căn hộ,Phường Bến Nghé,110,3,181818181.8181818
sale,Tuned RF/XGBoost Ensemble,8349999999.999992,9851090911.063736,1501090911.0637436,0.17977136659446047,chotot,Quận 1,Căn hộ/Chung cư,Căn hộ,Phường Cô Giang,85,2,98235294.11764704
sale,Tuned RF/XGBoost Ensemble,1050000000.0000017,2329681550.794176,1279681550.7941744,1.218744334089688,chotot,Huyện Cần Giờ,Đất,Đất/đất nền,Xã An Thới Đông,114,4,9210526.315789474
sale,Tuned RF/XGBoost Ensemble,3800000000.0000014,4735254842.574212,935254842.5742106,0.24611969541426587,chotot,Huyện Cần Giờ,Đất,Đất/đất nền,Xã Bình Khánh,1500,4,2533333.3333333335
sale,Tuned RF/XGBoost Ensemble,4200000000.0000005,4034432453.594958,165567546.40504265,0.03942084438215301,chotot,Quận Gò Vấp,Căn hộ/Chung cư,Căn hộ,Phường 17,75,2,56000000
sale,Tuned RF/XGBoost Ensemble,4499999999.999999,4456000688.485258,43999311.514740944,0.009777624781053545,chotot,Quận Gò Vấp,Căn hộ/Chung cư,Căn hộ,Phường 17,75,2,60000000
sale,Tuned RF/XGBoost Ensemble,2850000000.000006,3858917886.8994546,1008917886.8994484,0.35400627610506885,chotot,Quận 7,Căn hộ/Chung cư,Căn hộ,Phường Phú Mỹ,70,2,40714285.71428572
sale,Tuned RF/XGBoost Ensemble,5050000000.000003,7051922236.334576,2001922236.3345728,0.39642024481872706,chotot,Quận 7,Căn hộ/Chung cư,Căn hộ,Phường Tân Hưng,115,3,43913043.47826087
sale,Tuned RF/XGBoost Ensemble,6199999999.999969,4787411313.192024,1412588686.8079443,0.22783688496902443,chotot,Quận 7,Căn hộ/Chung cư,Căn hộ,Phường Tân Thuận Tây,67,2,92537313.43283582
sale,Tuned RF/XGBoost Ensemble,3699999999.999994,3853170218.3192577,153170218.31926394,0.04139735630250384,chotot,Quận 7,Căn hộ/Chung cư,Căn hộ,Phường Phú Thuận,68,2,54411764.705882356
sale,Tuned RF/XGBoost Ensemble,3500000000.000005,3590085545.3966236,90085545.39661884,0.025738727256176777,chotot,Quận Bình Tân,Đất,Đất/đất nền,Phường Tân Tạo,50,4,70000000
sale,Tuned RF/XGBoost Ensemble,9499999999.999992,8525770579.790187,974229420.2098055,0.10255046528524277,chotot,Quận Bình Tân,Đất,Đất/đất nền,Phường Tân Tạo,137,4,69343065.69343066
sale,Tuned RF/XGBoost Ensemble,8200000000.000003,7216928127.563513,983071872.43649,0.11988681371176704,chotot,Quận Bình Tân,Đất,Đất/đất nền,Phường Bình Trị Đông,100,4,82000000
sale,Tuned RF/XGBoost Ensemble,8000000000,7003853698.271225,996146301.728775,0.12451828771609688,chotot,Quận Bình Tân,Đất,Đất/đất nền,Phường Tân Tạo,100,4,80000000
sale,Tuned RF/XGBoost Ensemble,5699999999.999994,5639426890.615316,60573109.38467789,0.010626861295557535,chotot,Quận Bình Tân,Đất,Đất/đất nền,Phường Bình Trị Đông,80,4,71250000
sale,Tuned RF/XGBoost Ensemble,999000000.0000018,4727182851.0974045,3728182851.0974026,3.731914765863259,chotot,Quận Bình Tân,Đất,Đất/đất nền,Phường Bình Hưng Hoà B,64,4,15609375
sale,Tuned RF/XGBoost Ensemble,4899999999.999995,4814318692.261258,85681307.7387371,0.017485981171170856,chotot,Quận Bình Tân,Đất,Đất/đất nền,Phường Tân Tạo,66.0999,4,74130218.04874137
sale,Tuned RF/XGBoost Ensemble,3000000000.0000014,2716949742.2487235,283050257.7512779,0.0943500859170926,chotot,Quận Bình Tân,Căn hộ/Chung cư,Căn hộ,Phường An Lạc A,52,1,57692307.692307696
sale,Tuned RF/XGBoost Ensemble,6400000000.000004,6478435310.095175,78435310.09517097,0.012255517202370458,chotot,Quận 8,Căn hộ/Chung cư,Căn hộ,Phường 5,150,3,42666666.666666664
sale,Tuned RF/XGBoost Ensemble,7300000000.000019,6397922630.104755,902077369.8952637,0.12357224245140566,chotot,Quận 10,Căn hộ/Chung cư,Căn hộ,Phường 14,72,2,101388888.8888889
sale,Tuned RF/XGBoost Ensemble,10500000000,8057738484.81722,2442261515.1827803,0.2325963347793124,chotot,Quận 10,Căn hộ/Chung cư,Căn hộ,Phường 14,103,3,101941747.57281554
sale,Tuned RF/XGBoost Ensemble,4279999999.9999876,5950940443.777553,1670940443.777565,0.39040664574242284,chotot,Quận 10,Căn hộ/Chung cư,Căn hộ,Phường 2,74.5,2,57449664.4295302
sale,Tuned RF/XGBoost Ensemble,5199999999.999992,4686044329.315596,513955670.68439674,0.09883762897776875,chotot,Quận 10,Căn hộ/Chung cư,Căn hộ,Phường 14,53,1,98113207.5471698
sale,Tuned RF/XGBoost Ensemble,8500000000.0000105,7605629938.19947,894370061.8005409,0.10522000727065174,chotot,Quận 10,Căn hộ/Chung cư,Căn hộ,Phường 14,89,3,95505617.9775281
sale,Tuned RF/XGBoost Ensemble,6799999999.999998,42465956139.187836,35665956139.187836,5.244993549880566,chotot,Huyện Cần Giờ,Đất,Đất/đất nền,Xã Lý Nhơn,4000,4,1700000
sale,Tuned RF/XGBoost Ensemble,7200000000,6737026064.360406,462973935.6395941,0.06430193550549917,chotot,Quận Bình Thạnh,Đất,Đất/đất nền,Phường 1,50,4,144000000
sale,Tuned RF/XGBoost Ensemble,13199999999.999979,17426703008.852863,4226703008.8528843,0.3202047733979463,chotot,Quận Bình Thạnh,Đất,Đất/đất nền,Phường 13,146,4,90410958.90410958
sale,Tuned RF/XGBoost Ensemble,2600000000.0000024,5022608428.8262415,2422608428.826239,0.9317724726254757,chotot,Huyện Hóc Môn,Đất,Đất/đất nền,Xã Bà Điểm,155,4,16774193.548387095
sale,Tuned RF/XGBoost Ensemble,6799999999.999998,5307656061.16226,1492343938.837738,0.21946234394672626,chotot,Huyện Hóc Môn,Đất,Đất/đất nền,Xã Đông Thạnh,300,4,22666666.666666668
sale,Tuned RF/XGBoost Ensemble,17500000000.00002,15448731441.057404,2051268558.9426155,0.11721534622529219,chotot,Quận Tân Bình,Đất,Đất/đất nền,Phường 15,173,4,101156069.36416183
sale,Tuned RF/XGBoost Ensemble,24800000000.000004,20980074612.15213,3819925387.8478737,0.1540292495099949,chotot,Quận Tân Bình,Đất,Đất/đất nền,Phường 2,176,4,140909090.9090909
sale,Tuned RF/XGBoost Ensemble,5800000000,4204303633.761886,1595696366.2381139,0.2751200631445024,chotot,Quận 11,Nhà ở,Nhà phố/nhà ở,Phường 16,31,2,187096774.1935484
sale,Tuned RF/XGBoost Ensemble,12788999999.999983,10049753384.239923,2739246615.7600594,0.21418770941903692,chotot,Quận 11,Nhà ở,Nhà phố/nhà ở,Phường 5,66,6,193772727.27272728
sale,Tuned RF/XGBoost Ensemble,11999999999.999998,13104503558.598156,1104503558.598158,0.09204196321651317,chotot,Quận 11,Nhà ở,Nhà phố/nhà ở,Phường 11,123,1,97560975.6097561
sale,Tuned RF/XGBoost Ensemble,3000000000.0000014,2450116082.858622,549883917.1413794,0.18329463904712637,chotot,Huyện Bình Chánh,Nhà ở,Nhà phố/nhà ở,Xã Lê Minh Xuân,87,2,34482758.62068965
sale,Tuned RF/XGBoost Ensemble,2099999999.9999976,2258687880.345627,158687880.34562922,0.07556565730744257,chotot,Huyện Bình Chánh,Nhà ở,Nhà phố/nhà ở,Xã Phong Phú,95,2,22105263.157894734
sale,Tuned RF/XGBoost Ensemble,1200000000.0000017,1634364966.435528,434364966.4355264,0.36197080536293813,chotot,Huyện Bình Chánh,Nhà ở,Nhà phố/nhà ở,Xã Vĩnh Lộc A,45,2,26666666.666666668
sale,Tuned RF/XGBoost Ensemble,11900000000.00002,9425480038.07341,2474519961.926609,0.2079428539434122,chotot,Quận Tân Bình,Nhà ở,Nhà phố/nhà ở,Phường 13,72,4,165277777.7777778
sale,Tuned RF/XGBoost Ensemble,13299999999.999998,13612579736.722832,312579736.72283363,0.02350223584382208,chotot,Quận Tân Bình,Nhà ở,Nhà phố/nhà ở,Phường 15,64,7,207812500
sale,Tuned RF/XGBoost Ensemble,88999999999.99988,30225600954.78096,58774399045.21892,0.6603865061260562,chotot,Quận Tân Bình,Nhà ở,Nhà phố/nhà ở,Phường 14,193.8,1,459236326.1093911
sale,Tuned RF/XGBoost Ensemble,2850000000.000006,3700570156.3781962,850570156.37819,0.2984456689046274,chotot,Quận Tân Bình,Nhà ở,Nhà phố/nhà ở,Phường 4,23,2,123913043.47826087
sale,Tuned RF/XGBoost Ensemble,11599999999.999985,8366989354.139313,3233010645.860672,0.27870781429833413,chotot,Quận Tân Bình,Nhà ở,Nhà phố/nhà ở,Phường 2,36,1,322222222.2222222
sale,Tuned RF/XGBoost Ensemble,3400000000.0000005,3814165911.1923466,414165911.1923461,0.12181350329186648,chotot,Quận 1,Nhà ở,Nhà phố/nhà ở,Phường Nguyễn Cư Trinh,20,3,170000000
sale,Tuned RF/XGBoost Ensemble,9800000000.000006,10728722538.792923,928722538.7929173,0.09476760599927722,chotot,Quận 1,Nhà ở,Nhà phố/nhà ở,Phường Tân Định,45,2,217777777.7777778
sale,Tuned RF/XGBoost Ensemble,7549999999.999967,9996233459.878122,2446233459.8781557,0.3240044317719426,chotot,Quận 1,Nhà ở,Nhà phố/nhà ở,Phường Cầu Ông Lãnh,56.25,3,134222222.2222222
sale,Tuned RF/XGBoost Ensemble,13299999999.999998,9069913788.573566,4230086211.4264317,0.3180515948440927,chotot,Quận 1,Nhà ở,Nhà phố/nhà ở,Phường Cầu Ông Lãnh,48.09,3,276564774.3813682
sale,Tuned RF/XGBoost Ensemble,3650000000,8884182424.468801,5234182424.4688015,1.4340225820462469,chotot,Quận 10,Căn hộ/Chung cư,Căn hộ,Phường 15,105,4,34761904.76190476
sale,Tuned RF/XGBoost Ensemble,12999999999.999989,10400604183.206625,2599395816.7933636,0.19995352436872046,chotot,Quận 10,Căn hộ/Chung cư,Căn hộ,Phường 12,96,2,135416666.66666666
sale,Tuned RF/XGBoost Ensemble,6300000000.000003,5570657846.935857,729342153.064146,0.11576859572446757,chotot,Quận Gò Vấp,Đất,Đất/đất nền,Phường 1,37,4,170270270.27027026
sale,Tuned RF/XGBoost Ensemble,63000000000.00004,51891521543.767944,11108478456.232094,0.17632505486082678,chotot,Quận Gò Vấp,Đất,Đất/đất nền,Phường 6,547.4,4,115089514.06649616
sale,Tuned RF/XGBoost Ensemble,7300000000.000019,7439369897.840281,139369897.84026146,0.019091766827433028,chotot,Quận Gò Vấp,Đất,Đất/đất nền,Phường 8,80,4,91250000
sale,Tuned RF/XGBoost Ensemble,30799999999.99998,28959707412.559704,1840292587.440277,0.05974975933247657,chotot,Quận Gò Vấp,Đất,Đất/đất nền,Phường 13,290,4,106206896.55172414
sale,Tuned RF/XGBoost Ensemble,10199999999.999947,7512535622.556936,2687464377.4430103,0.2634768997493161,chotot,Quận Gò Vấp,Đất,Đất/đất nền,Phường 10,84.4,4,120853080.56872036
sale,Tuned RF/XGBoost Ensemble,8899999999.999985,7605009707.462706,1294990292.5372791,0.14550452725137994,chotot,Quận 7,Đất,Đất/đất nền,Phường Phú Thuận,52,4,171153846.15384614
sale,Tuned RF/XGBoost Ensemble,6000000000.000004,6422205046.684405,422205046.6844015,0.07036750778073354,chotot,Quận 7,Đất,Đất/đất nền,Phường Tân Hưng,65,4,92307692.3076923
sale,Tuned RF/XGBoost Ensemble,4000000000.0000157,7502237295.714338,3502237295.7143226,0.8755593239285772,chotot,Quận 7,Đất,Đất/đất nền,Phường Phú Thuận,100,4,40000000
sale,Tuned RF/XGBoost Ensemble,930000000,1215061935.548817,285061935.5488169,0.30651821026754505,chotot,Huyện Củ Chi,Đất,Đất/đất nền,Xã Tân Phú Trung,80,4,11625000
sale,Tuned RF/XGBoost Ensemble,8000000000,4325032380.41841,3674967619.5815897,0.4593709524476987,chotot,Huyện Củ Chi,Đất,Đất/đất nền,Xã An Phú,1606.3,4,4980389.715495238
sale,Tuned RF/XGBoost Ensemble,1549999999.9999998,1021525113.4387871,528474886.56121266,0.34095153971691144,chotot,Huyện Củ Chi,Đất,Đất/đất nền,Xã Tân Phú Trung,90,4,17222222.222222224
sale,Tuned RF/XGBoost Ensemble,7799999999.999991,4598854483.463101,3201145516.53689,0.4104032713508838,chotot,Huyện Củ Chi,Đất,Đất/đất nền,Xã An Phú,715,4,10909090.909090908
sale,Tuned RF/XGBoost Ensemble,6349999999.999992,5941329253.159323,408670746.84066963,0.06435759792766459,chotot,Quận Phú Nhuận,Nhà ở,Nhà phố/nhà ở,Phường 1,39.5998,3,160354345.22396576
sale,Tuned RF/XGBoost Ensemble,5949999999.99999,5721993798.029266,228006201.9707241,0.038320370079113354,chotot,Quận Phú Nhuận,Nhà ở,Nhà phố/nhà ở,Phường 4,29,3,205172413.79310343
sale,Tuned RF/XGBoost Ensemble,7049999999.999999,8487953269.151723,1437953269.1517239,0.2039650027165566,chotot,Quận Phú Nhuận,Nhà ở,Nhà phố/nhà ở,Phường 5,55,4,128181818.1818182
sale,Tuned RF/XGBoost Ensemble,6600000000.000004,6172434327.012017,427565672.98798656,0.06478267772545247,chotot,Quận Phú Nhuận,Nhà ở,Nhà phố/nhà ở,Phường 15,48,2,137500000
sale,Tuned RF/XGBoost Ensemble,4800000000.000005,3484668717.7784953,1315331282.2215095,0.2740273504628142,chotot,Quận Tân Bình,Căn hộ/Chung cư,Căn hộ,Phường 13,60,2,80000000
sale,Tuned RF/XGBoost Ensemble,3190000000.0000024,4758760600.812935,1568760600.8129325,0.4917744830134581,chotot,Quận Tân Bình,Căn hộ/Chung cư,Căn hộ,Phường 12,77,2,41428571.428571425
sale,Tuned RF/XGBoost Ensemble,4800000000.000005,4825576217.4280815,25576217.428076744,0.005328378630849316,chotot,Quận Tân Bình,Căn hộ/Chung cư,Căn hộ,Phường 15,103,3,46601941.74757282
sale,Tuned RF/XGBoost Ensemble,4800000000.000005,5040338306.0745,240338306.07449532,0.050070480432186475,chotot,Quận Tân Bình,Căn hộ/Chung cư,Căn hộ,Phường 10,90,3,53333333.333333336
sale,Tuned RF/XGBoost Ensemble,4599999999.999997,4636841228.511381,36841228.51138401,0.008008962719866093,chotot,Quận Tân Bình,Căn hộ/Chung cư,Căn hộ,Phường 15,103,2,44660194.17475728
sale,Tuned RF/XGBoost Ensemble,5199999999.999992,5319737979.924665,119737979.92467308,0.023026534600898704,chotot,Quận Tân Bình,Căn hộ/Chung cư,Căn hộ,Không rõ,96,3,54166666.666666664
sale,Tuned RF/XGBoost Ensemble,4599999999.999997,3368160187.2634277,1231839812.7365694,0.26779126363838485,chotot,Quận 5,Căn hộ/Chung cư,Căn hộ,Phường 14,64,2,71875000
sale,Tuned RF/XGBoost Ensemble,5100000000.000008,8939595753.304535,3839595753.3045273,0.7528619124126513,chotot,Quận 5,Căn hộ/Chung cư,Căn hộ,Phường 14,120,5,42500000
sale,Tuned RF/XGBoost Ensemble,4698999999.999994,3231970407.2376833,1467029592.762311,0.31220038151996443,chotot,Quận 5,Căn hộ/Chung cư,Căn hộ,Phường 9,63,2,74587301.58730158
sale,Tuned RF/XGBoost Ensemble,4050000000.000019,3665889606.1395874,384110393.8604317,0.09484207255813083,chotot,Quận 5,Căn hộ/Chung cư,Căn hộ,Phường 9,65,2,62307692.307692304
sale,Tuned RF/XGBoost Ensemble,2249999999.9999957,2373206110.7038927,123206110.703897,0.05475827142395433,chotot,Quận 5,Căn hộ/Chung cư,Căn hộ,Phường 8,42,2,53571428.571428575
sale,Tuned RF/XGBoost Ensemble,3200000000.000002,3484863169.0326486,284863169.03264666,0.08901974032270203,chotot,Quận 5,Căn hộ/Chung cư,Căn hộ,Phường 1,60,2,53333333.333333336
sale,Tuned RF/XGBoost Ensemble,2800000000.000003,5195896045.304206,2395896045.304203,0.8556771590372145,chotot,Quận 5,Căn hộ/Chung cư,Căn hộ,Phường 14,112,3,25000000
sale,Tuned RF/XGBoost Ensemble,12499999999.999949,8578370728.213729,3921629271.7862196,0.3137303417428989,chotot,Quận Bình Tân,Nhà ở,Nhà phố/nhà ở,Phường An Lạc,80,4,156250000
sale,Tuned RF/XGBoost Ensemble,1649999999.9999998,3271073839.8813047,1621073839.881305,0.9824689938674577,chotot,Quận Bình Tân,Nhà ở,Nhà phố/nhà ở,Phường Bình Hưng Hoà B,44,2,37500000
sale,Tuned RF/XGBoost Ensemble,3000000000.0000014,2480497529.489644,519502470.5103574,0.17316749017011904,chotot,Quận Bình Tân,Nhà ở,Nhà phố/nhà ở,Phường Tân Tạo,21,2,142857142.85714287
sale,Tuned RF/XGBoost Ensemble,4949999999.999992,5525217614.4785185,575217614.4785261,0.1162055786825307,chotot,Thành phố Thủ Đức,Nhà ở,Nhà phố/nhà ở,Phường Linh Xuân (Quận Thủ Đức cũ),50,4,99000000
sale,Tuned RF/XGBoost Ensemble,6500000000.000007,5604638373.743271,895361626.2567358,0.13774794250103614,chotot,Thành phố Thủ Đức,Nhà ở,Nhà phố/nhà ở,Phường Tăng Nhơn Phú A (Quận 9 cũ),74,3,87837837.83783785
sale,Tuned RF/XGBoost Ensemble,8000000000,8820633219.17683,820633219.1768303,0.10257915239710379,chotot,Thành phố Thủ Đức,Nhà ở,Nhà phố/nhà ở,Phường Phước Long B (Quận 9 cũ),80,3,100000000
sale,Tuned RF/XGBoost Ensemble,6300000000.000003,5493694498.6996975,806305501.3003054,0.1279850002063976,chotot,Thành phố Thủ Đức,Nhà ở,Nhà phố/nhà ở,Phường Hiệp Phú (Quận 9 cũ),52,4,121153846.15384616
sale,Tuned RF/XGBoost Ensemble,33499999999.99996,34375484991.17709,875484991.1771317,0.02613388033364575,chotot,Thành phố Thủ Đức,Nhà ở,Nhà phố/nhà ở,Phường An Khánh (Quận 2 cũ),256,11,130859375
sale,Tuned RF/XGBoost Ensemble,3999999998.999998,4531542091.676982,531542092.67698383,0.1328855232024674,chotot,Quận Phú Nhuận,Nhà ở,Nhà phố/nhà ở,Phường 2,21,4,190476190.42857143
sale,Tuned RF/XGBoost Ensemble,4549999999.999996,4300932689.125655,249067310.874341,0.054740068324031034,chotot,Quận Phú Nhuận,Nhà ở,Nhà phố/nhà ở,Phường 5,19,3,239473684.21052632
sale,Tuned RF/XGBoost Ensemble,14900000000.000017,9233678585.276299,5666321414.723719,0.38029002783380617,chotot,Quận Phú Nhuận,Nhà ở,Nhà phố/nhà ở,Phường 15,59.7,5,249581239.53098828
sale,Tuned RF/XGBoost Ensemble,6349999999.999992,9430825734.687998,3080825734.6880054,0.48516940703748174,chotot,Quận Phú Nhuận,Nhà ở,Nhà phố/nhà ở,Phường 2,41,3,154878048.7804878
sale,Tuned RF/XGBoost Ensemble,9300000000.000015,7924182348.858771,1375817651.141244,0.14793738184314426,chotot,Quận Phú Nhuận,Nhà ở,Nhà phố/nhà ở,Phường 2,28,3,332142857.14285713
sale,Tuned RF/XGBoost Ensemble,4999999999.999992,5559573773.550564,559573773.5505714,0.11191475471011446,chotot,Quận Phú Nhuận,Nhà ở,Nhà phố/nhà ở,Phường 11,26,3,192307692.30769232
sale,Tuned RF/XGBoost Ensemble,2889999999.999995,2856468329.0131874,33531670.986807823,0.011602654320694768,chotot,Quận Phú Nhuận,Nhà ở,Nhà phố/nhà ở,Phường 15,15,2,192666666.66666663
sale,Tuned RF/XGBoost Ensemble,2500000000.0000005,2190190835.359536,309809164.6404643,0.1239236658561857,chotot,Quận Phú Nhuận,Nhà ở,Nhà phố/nhà ở,Phường 15,12,1,208333333.33333337
sale,Tuned RF/XGBoost Ensemble,7049999999.999999,7867005918.931041,817005918.9310417,0.11588736438738181,chotot,Quận Phú Nhuận,Nhà ở,Nhà phố/nhà ở,Phường 7,55,4,128181818.1818182
sale,Tuned RF/XGBoost Ensemble,5499999999.999991,4637925236.282694,862074763.7172976,0.156740866130418,chotot,Quận 4,Nhà ở,Nhà phố/nhà ở,Phường 8,25,3,220000000
sale,Tuned RF/XGBoost Ensemble,5600000000.000005,3427043288.697293,2172956711.302712,0.3880279841611982,chotot,Quận 4,Nhà ở,Nhà phố/nhà ở,Phường 8,21.1,2,265402843.60189572
sale,Tuned RF/XGBoost Ensemble,4250000000.000002,7350744661.434417,3100744661.434415,0.7295869791610384,chotot,Quận 4,Nhà ở,Nhà phố/nhà ở,Phường 8,40,4,106250000
sale,Tuned RF/XGBoost Ensemble,4099000000.0000033,4776125686.437709,677125686.4377055,0.1651928973988058,chotot,Quận 4,Nhà ở,Nhà phố/nhà ở,Phường 13,34,3,120558823.52941176
sale,Tuned RF/XGBoost Ensemble,3698999999.999997,3327466899.8948774,371533100.1051197,0.10044149773050014,chotot,Quận 4,Nhà ở,Nhà phố/nhà ở,Phường 8,27.6,1,134021739.13043478
sale,Tuned RF/XGBoost Ensemble,4990000000.000003,4875969887.149151,114030112.85085201,0.02285172602221482,chotot,Quận 4,Nhà ở,Đất/đất nền,Phường 15,60,2,83166666.66666667
sale,Tuned RF/XGBoost Ensemble,3500000000.000005,3956865013.4672,456865013.46719503,0.13053286099062697,chotot,Quận Bình Thạnh,Căn hộ/Chung cư,Căn hộ,Phường 19,56,1,62500000
sale,Tuned RF/XGBoost Ensemble,4349999999.999993,4388126443.771954,38126443.77196026,0.008764699717692026,chotot,Quận Bình Thạnh,Căn hộ/Chung cư,Căn hộ,Phường 19,66,2,65909090.90909091
sale,Tuned RF/XGBoost Ensemble,7500000000.0000105,5309485575.434845,2190514424.5651655,0.2920685899420217,chotot,Quận Bình Thạnh,Căn hộ/Chung cư,Căn hộ,Phường 22,57.2,1,131118881.1188811
sale,Tuned RF/XGBoost Ensemble,13799999999.99998,7287338403.261627,6512661596.738354,0.47193199976364947,chotot,Quận Phú Nhuận,Căn hộ/Chung cư,Căn hộ,Phường 5,50,9,276000000
sale,Tuned RF/XGBoost Ensemble,3949999999.999996,3616691214.5151114,333308785.48488474,0.08438197100883166,chotot,Quận Phú Nhuận,Căn hộ/Chung cư,Căn hộ,Phường 17,60,2,65833333.333333336
sale,Tuned RF/XGBoost Ensemble,3650000000,4274447341.7428684,624447341.7428684,0.17108146349119682,chotot,Quận 6,Căn hộ/Chung cư,Căn hộ,Phường 11,86,2,42441860.46511628
sale,Tuned RF/XGBoost Ensemble,3650000000,4427405516.361911,777405516.3619108,0.21298781270189338,chotot,Quận 6,Căn hộ/Chung cư,Căn hộ,Phường 11,86,2,42441860.46511628
sale,Tuned RF/XGBoost Ensemble,2400000000.0000014,2978660147.9285426,578660147.9285412,0.24110839497022535,chotot,Quận 6,Căn hộ/Chung cư,Căn hộ,Phường 11,60,2,40000000
sale,Tuned RF/XGBoost Ensemble,3899999999.9999948,4791342304.290263,891342304.2902684,0.22854930879237684,chotot,Quận 6,Căn hộ/Chung cư,Căn hộ,Phường 2,70,2,55714285.71428572
sale,Tuned RF/XGBoost Ensemble,3200000000.000002,5129188096.22848,1929188096.2284784,0.6028712800713991,chotot,Quận Bình Tân,Đất,Đất/đất nền,Phường Bình Hưng Hoà A,64,4,50000000
sale,Tuned RF/XGBoost Ensemble,4999999999.999992,4647342083.0119095,352657916.9880829,0.07053158339761668,chotot,Quận Bình Tân,Đất,Đất/đất nền,Phường Bình Hưng Hòa,58,4,86206896.55172414
sale,Tuned RF/XGBoost Ensemble,5699999999.999994,4881596409.443188,818403590.5568066,0.14357957729066798,chotot,Quận Bình Tân,Đất,Đất/đất nền,Phường Tân Tạo,83,4,68674698.79518072
sale,Tuned RF/XGBoost Ensemble,5100000000.000008,5190237996.660775,90237996.66076756,0.017693724835444593,chotot,Quận Bình Tân,Đất,Đất/đất nền,Phường Bình Trị Đông,68,4,75000000
sale,Tuned RF/XGBoost Ensemble,3699999999.999994,4552937206.018638,852937206.0186439,0.23052356919422845,chotot,Quận Bình Tân,Đất,Đất/đất nền,Phường Bình Hưng Hoà B,86.6998,4,42675992.332162246
sale,Tuned RF/XGBoost Ensemble,6550000000.000002,5725643396.395603,824356603.6043987,0.1258559700159387,chotot,Quận Bình Tân,Đất,Đất/đất nền,Phường Bình Hưng Hoà A,94,4,69680851.0638298
sale,Tuned RF/XGBoost Ensemble,13199999999.999979,9428231886.359838,3771768113.6401405,0.28574000860910204,chotot,Quận Phú Nhuận,Nhà ở,Nhà phố/nhà ở,Phường 4,72,3,183333333.33333337
sale,Tuned RF/XGBoost Ensemble,6699999999.999999,8222833032.42313,1522833032.423131,0.22728851230195987,chotot,Quận Phú Nhuận,Nhà ở,Nhà phố/nhà ở,Phường 1,43,3,155813953.4883721
sale,Tuned RF/XGBoost Ensemble,5699999999.999994,4673641377.976315,1026358622.0236797,0.1800629161445054,chotot,Quận Phú Nhuận,Nhà ở,Nhà phố/nhà ở,Phường 2,27,1,211111111.1111111
sale,Tuned RF/XGBoost Ensemble,5749999999.999991,4588376221.393959,1161623778.6060324,0.20202152671409287,chotot,Quận Phú Nhuận,Nhà ở,Nhà phố/nhà ở,Phường 2,25,1,230000000
sale,Tuned RF/XGBoost Ensemble,3949999999.999996,4863286410.435932,913286410.435936,0.23121174947745238,chotot,Quận Gò Vấp,Đất,Đất/đất nền,Phường 11,37,4,106756756.75675675
sale,Tuned RF/XGBoost Ensemble,4949999999.999992,5802624782.559191,852624782.5591984,0.17224743082004035,chotot,Quận Gò Vấp,Đất,Đất/đất nền,Phường 12,56,4,88392857.14285715
sale,Tuned RF/XGBoost Ensemble,25800000000.00003,15369562357.922308,10430437642.077723,0.40428052876270193,chotot,Quận Gò Vấp,Đất,Đất/đất nền,Phường 11,150,4,172000000
sale,Tuned RF/XGBoost Ensemble,7750000000.000004,5872626232.476921,1877373767.5230827,0.2422417764545912,chotot,Quận Tân Phú,Căn hộ/Chung cư,Căn hộ,Phường Sơn Kỳ,86,2,90116279.06976745
sale,Tuned RF/XGBoost Ensemble,2400000000.0000014,2371972749.336259,28027250.663742542,0.011678021109892718,chotot,Quận Tân Phú,Căn hộ/Chung cư,Căn hộ,Phường Hòa Thạnh,46,2,52173913.04347826
sale,Tuned RF/XGBoost Ensemble,8600000000.000008,6021395846.516085,2578604153.483923,0.29983769226557216,chotot,Huyện Hóc Môn,Đất,Đất/đất nền,Xã Thới Tam Thôn,366,4,23497267.759562843
sale,Tuned RF/XGBoost Ensemble,2400000000.0000014,3849878131.970442,1449878131.9704404,0.6041158883210165,chotot,Huyện Hóc Môn,Đất,Đất/đất nền,Thị trấn Hóc Môn,64,4,37500000
sale,Tuned RF/XGBoost Ensemble,28999999999.999992,11087460670.795956,17912539329.204037,0.6176737699725532,chotot,Huyện Hóc Môn,Đất,Đất/đất nền,Thị trấn Hóc Môn,550,4,52727272.72727273
sale,Tuned RF/XGBoost Ensemble,8500000000.0000105,6307483551.046301,2192516448.9537096,0.2579431116416126,chotot,Quận Bình Thạnh,Nhà ở,Nhà phố/nhà ở,Phường 19,45,4,188888888.8888889
sale,Tuned RF/XGBoost Ensemble,3200000000.000002,3130336616.8861213,69663383.11388063,0.021769807223087686,chotot,Huyện Bình Chánh,Căn hộ/Chung cư,Căn hộ,Xã Tân Kiên,85,2,37647058.823529415
sale,Tuned RF/XGBoost Ensemble,3200000000.000002,4244529530.9890876,1044529530.9890857,0.3264154784340891,chotot,Quận 3,Nhà ở,Nhà phố/nhà ở,Phường 14,22,2,145454545.45454547
sale,Tuned RF/XGBoost Ensemble,11200000000.000017,10509537168.546993,690462831.4530239,0.061648467094019894,chotot,Quận 3,Nhà ở,Nhà phố/nhà ở,Phường 14,78,4,143589743.58974358
sale,Tuned RF/XGBoost Ensemble,6699999999.999999,9568459768.20495,2868459768.2049513,0.4281283236126794,chotot,Quận 3,Nhà ở,Nhà phố/nhà ở,Phường 14,36,9,186111111.1111111
sale,Tuned RF/XGBoost Ensemble,4549999999.999996,5027782933.165411,477782933.1654148,0.10500723805833301,chotot,Quận 3,Nhà ở,Nhà phố/nhà ở,Phường Võ Thị Sáu,27,2,168518518.5185185
sale,Tuned RF/XGBoost Ensemble,6199999999.999969,7332455750.111833,1132455750.111864,0.18265415324384998,chotot,Quận 3,Nhà ở,Nhà phố/nhà ở,Phường 11,30,3,206666666.66666663
sale,Tuned RF/XGBoost Ensemble,8749999999.999954,6745937221.047037,2004062778.952917,0.22903574616604885,chotot,Quận 3,Nhà ở,Nhà phố/nhà ở,Phường 9,37,2,236486486.4864865
sale,Tuned RF/XGBoost Ensemble,2699999999.999995,2739155185.3703623,39155185.37036705,0.014501920507543377,chotot,Quận Bình Tân,Căn hộ/Chung cư,Căn hộ,Phường An Lạc,56,2,48214285.71428572
sale,Tuned RF/XGBoost Ensemble,2349999999.9999967,2592369558.7414846,242369558.74148798,0.10313598244318652,chotot,Quận Bình Tân,Căn hộ/Chung cư,Căn hộ,Phường Tân Tạo A,60,2,39166666.666666664
sale,Tuned RF/XGBoost Ensemble,3699999999.999994,2784372775.303338,915627224.6966558,0.24746681748558305,chotot,Quận Bình Tân,Căn hộ/Chung cư,Căn hộ,Phường An Lạc A,62,2,59677419.35483871
sale,Tuned RF/XGBoost Ensemble,15500000000.00002,12855961442.860035,2644038557.139984,0.17058313271870845,chotot,Quận 10,Nhà ở,Nhà phố/nhà ở,Phường 15,72,5,215277777.7777778
sale,Tuned RF/XGBoost Ensemble,3599999999.9999967,5156036529.921061,1556036529.921064,0.43223236942251814,chotot,Quận 10,Nhà ở,Nhà phố/nhà ở,Phường 13,30,1,120000000
sale,Tuned RF/XGBoost Ensemble,9190000000.000015,7550820378.516291,1639179621.4837246,0.17836557361085112,chotot,Quận 10,Nhà ở,Nhà phố/nhà ở,Phường 1,50,3,183800000
sale,Tuned RF/XGBoost Ensemble,3080000000.0000033,2513415062.2182784,566584937.7817249,0.18395614863042997,chotot,Quận 10,Nhà ở,Nhà phố/nhà ở,Phường 1,12.3999,2,248389099.91209605
sale,Tuned RF/XGBoost Ensemble,12799999999.999996,9992186695.02665,2807813304.9733467,0.2193604144510428,chotot,Quận 1,Đất,Đất/đất nền,Phường Nguyễn Cư Trinh,61,4,209836065.5737705
sale,Tuned RF/XGBoost Ensemble,139999999999.99982,157462134999.79248,17462134999.792664,0.1247295357128049,chotot,Quận 1,Đất,Đất/đất nền,Phường Bến Nghé,1317.3,4,106277992.8641919
sale,Tuned RF/XGBoost Ensemble,5400000000.000001,3274760344.478384,2125239655.521617,0.3935628991706697,chotot,Huyện Hóc Môn,Nhà ở,Nhà phố/nhà ở,Xã Bà Điểm,50,3,108000000
sale,Tuned RF/XGBoost Ensemble,12999999999.999989,10988157159.335634,2011842840.6643543,0.15475714158956586,chotot,Huyện Hóc Môn,Nhà ở,Nhà phố/nhà ở,Xã Tân Xuân,264,11,49242424.24242424
sale,Tuned RF/XGBoost Ensemble,17800000000.000015,8578284182.110924,9221715817.889091,0.5180739223533193,chotot,Huyện Hóc Môn,Nhà ở,Nhà phố/nhà ở,Xã Tân Thới Nhì,409,2,43520782.39608802
sale,Tuned RF/XGBoost Ensemble,1099999999.9999948,3661019614.240992,2561019614.2409973,2.3281996493100086,chotot,Huyện Bình Chánh,Đất,Đất/đất nền,Xã Hưng Long,150,4,7333333.333333333
sale,Tuned RF/XGBoost Ensemble,1599999999.9999983,1985599026.7105107,385599026.7105124,0.2409993916940705,chotot,Huyện Bình Chánh,Đất,Đất/đất nền,Xã Vĩnh Lộc A,50,4,32000000
sale,Tuned RF/XGBoost Ensemble,3150000000.0000005,4960774476.57286,1810774476.5728593,0.57484904018186,chotot,Huyện Bình Chánh,Đất,Đất/đất nền,Xã Quy Đức,420,4,7500000
sale,Tuned RF/XGBoost Ensemble,6799999999.999998,4745938790.647417,2054061209.352581,0.3020678249047914,chotot,Huyện Bình Chánh,Đất,Đất/đất nền,Xã Vĩnh Lộc B,223,4,30493273.542600896
sale,Tuned RF/XGBoost Ensemble,8500000000.0000105,7541941383.254202,958058616.7458086,0.11271277844068323,chotot,Quận 4,Căn hộ/Chung cư,Căn hộ,Phường 1,92,2,92391304.3478261
sale,Tuned RF/XGBoost Ensemble,5899999999.999993,4682742651.51619,1217257348.4838037,0.20631480482776357,chotot,Quận 4,Căn hộ/Chung cư,Căn hộ,Phường 13,50,1,118000000
sale,Tuned RF/XGBoost Ensemble,4200000000.0000005,4002570535.922176,197429464.0778246,0.0470070152566249,chotot,Quận 4,Căn hộ/Chung cư,Căn hộ,Phường 2,50,1,84000000
sale,Tuned RF/XGBoost Ensemble,2400000000.0000014,2781180247.943398,381180247.94339657,0.15882510330974847,chotot,Quận 12,Căn hộ/Chung cư,Căn hộ,Phường Tân Thới Nhất,58,2,41379310.344827585
sale,Tuned RF/XGBoost Ensemble,3200000000.000002,3745355262.4603086,545355262.4603066,0.1704235195188457,chotot,Quận 12,Căn hộ/Chung cư,Căn hộ,Phường Thới An,83,3,38554216.86746988
sale,Tuned RF/XGBoost Ensemble,2769999999.999999,2428515435.4495645,341484564.5504346,0.12327962619149267,chotot,Quận 12,Căn hộ/Chung cư,Căn hộ,Phường Hiệp Thành,57,2,48596491.22807018
sale,Tuned RF/XGBoost Ensemble,2900000000.0000033,3079029962.33826,179029962.33825684,0.06173446977181263,chotot,Quận 12,Căn hộ/Chung cư,Căn hộ,Phường Tân Thới Nhất,65,2,44615384.615384616
sale,Tuned RF/XGBoost Ensemble,6000000000.000004,6925394887.253053,925394887.2530489,0.1542324812088414,chotot,Quận Bình Tân,Nhà ở,Biệt thự/cao cấp,Phường Bình Hưng Hoà A,72,4,83333333.33333333
sale,Tuned RF/XGBoost Ensemble,4000000000.0000157,4889899693.957795,889899693.9577794,0.22247492348944398,chotot,Quận Bình Tân,Nhà ở,Nhà phố/nhà ở,Phường An Lạc,56,3,71428571.42857143
sale,Tuned RF/XGBoost Ensemble,20499999999.99993,23166454168.30904,2666454168.3091087,0.13007093503946915,chotot,Quận Bình Tân,Nhà ở,Biệt thự/cao cấp,Phường Bình Trị Đông B,190,5,107894736.84210528
sale,Tuned RF/XGBoost Ensemble,4899999999.999995,4474900930.1996355,425099069.8003597,0.08675491220415513,chotot,Quận 12,Căn hộ/Chung cư,Căn hộ,Phường Đông Hưng Thuận,108,3,45370370.37037037
sale,Tuned RF/XGBoost Ensemble,2600000000.0000024,2251383443.8881383,348616556.1118641,0.13408329081225528,chotot,Quận 12,Căn hộ/Chung cư,Căn hộ,Phường Thạnh Xuân,49,1,53061224.48979592
sale,Tuned RF/XGBoost Ensemble,2200000000.000003,1909915788.1209524,290084211.8790505,0.1318564599450228,chotot,Quận 12,Căn hộ/Chung cư,Căn hộ,Phường Thạnh Xuân,45,1,48888888.88888889
sale,Tuned RF/XGBoost Ensemble,4599999999.999997,5714381437.002903,1114381437.0029058,0.24225683413106663,chotot,Quận 6,Đất,Đất/đất nền,Phường 5,56,4,82142857.14285715
sale,Tuned RF/XGBoost Ensemble,44999999999.999886,18907470490.837986,26092529509.1619,0.5798339890924882,chotot,Quận 6,Đất,Đất/đất nền,Phường 11,232,4,193965517.24137932
sale,Tuned RF/XGBoost Ensemble,21999999999.999966,23147934427.556152,1147934427.5561867,0.05217883761619038,chotot,Quận 6,Đất,Đất/đất nền,Phường 10,262,4,83969465.64885496
sale,Tuned RF/XGBoost Ensemble,127999999999.99976,105721470604.97076,22278529395.02899,0.17405101089866434,chotot,Quận 6,Đất,Đất/đất nền,Phường 10,1080,4,118518518.51851852
sale,Tuned RF/XGBoost Ensemble,2600000000.0000024,1046439592.1266117,1553560407.8733907,0.5975232337974574,chotot,Huyện Củ Chi,Nhà ở,Nhà phố/nhà ở,Xã Tân Thông Hội,78,2,33333333.333333332
sale,Tuned RF/XGBoost Ensemble,5949999999.99999,5287272335.768002,662727664.2319889,0.11138280071125882,chotot,Quận 7,Nhà ở,Biệt thự/cao cấp,Phường Phú Thuận,41,3,145121951.2195122
sale,Tuned RF/XGBoost Ensemble,3740000000.0000043,3857234077.430712,117234077.43070793,0.03134601000821064,chotot,Quận 7,Nhà ở,Nhà phố/nhà ở,Phường Phú Mỹ,48,2,77916666.66666667
sale,Tuned RF/XGBoost Ensemble,1379999999.9999983,3067307884.2146106,1687307884.2146122,1.2226868726192857,chotot,Quận 7,Nhà ở,Nhà phố/nhà ở,Phường Phú Mỹ,32,2,43125000
sale,Tuned RF/XGBoost Ensemble,11950000000.000008,7977196520.794113,3972803479.2058945,0.33245217399212484,chotot,Quận 7,Nhà ở,Nhà phố/nhà ở,Phường Bình Thuận,54.2999,4,220074070.11799285
sale,Tuned RF/XGBoost Ensemble,7799999999.999991,10656310042.224266,2856310042.2242746,0.3661935951569587,chotot,Quận 7,Nhà ở,Nhà phố/nhà ở,Phường Phú Mỹ,100,6,78000000
sale,Tuned RF/XGBoost Ensemble,4180000000.0000024,6843451546.453268,2663451546.4532657,0.6371893651802067,chotot,Quận 7,Nhà ở,Nhà phố/nhà ở,Phường Tân Hưng,53,4,78867924.52830188
sale,Tuned RF/XGBoost Ensemble,1350000000,1913452907.2074718,563452907.2074718,0.41737252385738655,chotot,Quận 7,Nhà ở,Nhà phố/nhà ở,Phường Phú Thuận,17,2,79411764.70588236
sale,Tuned RF/XGBoost Ensemble,6900000000.000009,10054212905.138124,3154212905.138116,0.45713230509248,chotot,Quận 7,Nhà ở,Nhà phố/nhà ở,Phường Tân Thuận Đông,69,3,100000000
sale,Tuned RF/XGBoost Ensemble,2550000000.0000067,4414789422.580925,1864789422.5809183,0.7312899696395739,chotot,Quận 7,Nhà ở,Nhà phố/nhà ở,Phường Tân Quy,33,2,77272727.27272727
sale,Tuned RF/XGBoost Ensemble,8500000000.0000105,9529632004.658401,1029632004.658391,0.12113317701863409,chotot,Quận 3,Nhà ở,Nhà phố/nhà ở,Phường 2,35,3,242857142.85714287
sale,Tuned RF/XGBoost Ensemble,7850000000.000005,8273790223.415505,423790223.41550064,0.05398601572171979,chotot,Quận 3,Nhà ở,Nhà phố/nhà ở,Phường 9,36,4,218055555.55555555
sale,Tuned RF/XGBoost Ensemble,11500000000.000008,12523077500.631773,1023077500.6317654,0.08896326092450128,chotot,Quận 3,Nhà ở,Nhà phố/nhà ở,Phường 4,54.5,6,211009174.3119266
sale,Tuned RF/XGBoost Ensemble,6600000000.000004,8203058658.052717,1603058658.0527134,0.2428876754625322,chotot,Quận 3,Nhà ở,Nhà phố/nhà ở,Phường 14,32,4,206250000
sale,Tuned RF/XGBoost Ensemble,9000000000.000015,7261306283.512685,1738693716.4873304,0.19318819072081417,chotot,Quận 3,Nhà ở,Nhà phố/nhà ở,Phường 1,35.9799,3,250139661.31089857
sale,Tuned RF/XGBoost Ensemble,8799999999.999994,8311491203.047364,488508796.95263004,0.05551236329007163,chotot,Quận 3,Nhà ở,Nhà phố/nhà ở,Phường 3,33,3,266666666.66666663
sale,Tuned RF/XGBoost Ensemble,12999999999.999989,8686613683.361935,4313386316.638054,0.33179894743369676,chotot,Quận Tân Bình,Đất,Đất/đất nền,Phường 15,92,4,141304347.82608697
sale,Tuned RF/XGBoost Ensemble,40899999999.99998,69166472090.37805,28266472090.378075,0.6911117870508091,chotot,Quận Tân Bình,Đất,Đất/đất nền,Phường 11,510,4,80196078.43137255
sale,Tuned RF/XGBoost Ensemble,6600000000.000004,6250991548.4011135,349008451.5988903,0.05288006842407426,chotot,Quận Tân Bình,Đất,Đất/đất nền,Phường 8,55,4,120000000
sale,Tuned RF/XGBoost Ensemble,1300000000.0000052,887717161.269935,412282838.73007023,0.3171406451769758,chotot,Huyện Củ Chi,Đất,Đất/đất nền,Xã Thái Mỹ,120,4,10833333.333333334
sale,Tuned RF/XGBoost Ensemble,839999999.9999995,1194362250.8212004,354362250.82120085,0.42185982240619174,chotot,Huyện Củ Chi,Đất,Đất/đất nền,Thị trấn Củ Chi,222.1999,4,3780379.739144797
sale,Tuned RF/XGBoost Ensemble,4499999999.999999,14982258364.089045,10482258364.089046,2.3293907475753444,chotot,Huyện Củ Chi,Đất,Đất/đất nền,Xã Tân Thạnh Tây,2450,4,1836734.693877551
sale,Tuned RF/XGBoost Ensemble,2699999999.999995,3777216579.995562,1077216579.9955668,0.3989691037020625,chotot,Huyện Bình Chánh,Nhà ở,Nhà phố/nhà ở,Xã Vĩnh Lộc A,152,1,17763157.89473684
sale,Tuned RF/XGBoost Ensemble,3350000000.000003,1903664236.1224577,1446335763.877545,0.43174201906792353,chotot,Huyện Bình Chánh,Nhà ở,Nhà phố/nhà ở,Xã Đa Phước,99.1996,1,33770297.46087686
sale,Tuned RF/XGBoost Ensemble,4849999999.999998,4963486905.325033,113486905.3250351,0.02339936192268766,chotot,Quận Tân Phú,Đất,Đất/đất nền,Phường Phú Thạnh,36.4,4,133241758.24175824
sale,Tuned RF/XGBoost Ensemble,5349999999.99998,5376755298.034136,26755298.034155846,0.005000990286758121,chotot,Quận Tân Phú,Đất,Đất/đất nền,Phường Phú Thọ Hòa,52,4,102884615.3846154
sale,Tuned RF/XGBoost Ensemble,5199999999.999992,6508010207.120428,1308010207.1204357,0.25154042444623803,chotot,Quận Tân Phú,Đất,Đất/đất nền,Phường Tây Thạnh,71,4,73239436.61971831
sale,Tuned RF/XGBoost Ensemble,7500000000.0000105,8880991206.253918,1380991206.2539072,0.18413216083385403,chotot,Quận Tân Phú,Đất,Đất/đất nền,Phường Tân Sơn Nhì,93,4,80645161.29032259
sale,Tuned RF/XGBoost Ensemble,6345000000.000004,7613612145.529709,1268612145.529705,0.19993887242390926,chotot,Quận 11,Nhà ở,Nhà phố/nhà ở,Phường 3,44,4,144204545.45454547
sale,Tuned RF/XGBoost Ensemble,23499999999.999985,14585980234.363592,8914019765.636393,0.3793199900270808,chotot,Quận 11,Nhà ở,Nhà phố/nhà ở,Phường 16,55,8,427272727.27272725
sale,Tuned RF/XGBoost Ensemble,3800000000.0000014,5714394250.197123,1914394250.1971211,0.5037879605781895,chotot,Quận 11,Nhà ở,Nhà phố/nhà ở,Phường 5,38,3,100000000
sale,Tuned RF/XGBoost Ensemble,7400000000.000006,6587759519.410189,812240480.589817,0.10976222710673195,chotot,Quận 11,Nhà ở,Nhà phố/nhà ở,Phường 5,48,4,154166666.66666666
sale,Tuned RF/XGBoost Ensemble,5759999999.999996,6536606546.3311205,776606546.3311243,0.13482752540470916,chotot,Quận 11,Nhà ở,Nhà phố/nhà ở,Phường 3,55,3,104727272.72727272
sale,Tuned RF/XGBoost Ensemble,3800000000.0000014,4529136854.661296,729136854.6612945,0.19187811964770898,chotot,Quận 4,Căn hộ/Chung cư,Căn hộ,Phường 1,62,2,61290322.58064516
sale,Tuned RF/XGBoost Ensemble,8200000000.000003,10622864767.135275,2422864767.135272,0.29547131306527696,chotot,Quận 4,Căn hộ/Chung cư,Căn hộ,Phường 1,137,3,59854014.59854015
sale,Tuned RF/XGBoost Ensemble,5499999999.999991,5910247270.028882,410247270.0288906,0.07459041273252569,chotot,Quận 4,Căn hộ/Chung cư,Căn hộ,Phường 1,82,2,67073170.73170732
sale,Tuned RF/XGBoost Ensemble,8300000000.000012,7460931444.694503,839068555.3055096,0.10109259702476003,chotot,Quận 4,Căn hộ/Chung cư,Căn hộ,Phường 13,76,2,109210526.31578948
sale,Tuned RF/XGBoost Ensemble,4700000000.000007,3491599064.3736725,1208400935.6263342,0.25710658204815584,chotot,Quận 4,Căn hộ/Chung cư,Căn hộ,Phường 6,42,1,111904761.90476193
sale,Tuned RF/XGBoost Ensemble,8300000000.000012,6262640873.510693,2037359126.4893198,0.24546495499871288,chotot,Quận 4,Căn hộ/Chung cư,Căn hộ,Phường 6,74,2,112162162.16216215
sale,Tuned RF/XGBoost Ensemble,8000000000,5055441587.398699,2944558412.601301,0.36806980157516267,chotot,Quận Tân Bình,Nhà ở,Căn hộ,Phường 10,41.5,2,192771084.3373494
sale,Tuned RF/XGBoost Ensemble,19600000000.000046,24304401091.926117,4704401091.926071,0.24002046387377857,chotot,Quận Tân Bình,Nhà ở,Tòa nhà/văn phòng/mặt bằng,Phường 9,112,9,175000000
sale,Tuned RF/XGBoost Ensemble,2800000000.000003,4235632072.0311427,1435632072.0311399,0.5127257400111208,chotot,Quận 5,Căn hộ/Chung cư,Căn hộ,Phường 6,71.5,3,39160839.16083916
sale,Tuned RF/XGBoost Ensemble,2249999999.9999957,2479273938.6645145,229273938.66451883,0.10189952829534189,chotot,Quận 5,Căn hộ/Chung cư,Căn hộ,Phường 11,40,1,56250000
sale,Tuned RF/XGBoost Ensemble,4999999999.999992,5856304926.092034,856304926.092042,0.17126098521840866,chotot,Quận 5,Căn hộ/Chung cư,Căn hộ,Phường 11,90,2,55555555.55555555
sale,Tuned RF/XGBoost Ensemble,2249999999.9999957,2495136201.7553825,245136201.75538683,0.10894942300239435,chotot,Quận Bình Thạnh,Căn hộ/Chung cư,Căn hộ,Phường 5,50,2,45000000
sale,Tuned RF/XGBoost Ensemble,4349999999.999993,4311387481.367965,38612518.63202858,0.00887644106483417,chotot,Quận Bình Thạnh,Căn hộ/Chung cư,Căn hộ,Phường 19,69,2,63043478.26086956
sale,Tuned RF/XGBoost Ensemble,4100000000.0000052,4049411320.2681375,50588679.73186779,0.012338702373626274,chotot,Quận Bình Thạnh,Căn hộ/Chung cư,Căn hộ,Phường 19,68,2,60294117.64705882
sale,Tuned RF/XGBoost Ensemble,2500000000.0000005,2820725304.218682,320725304.21868134,0.1282901216874725,chotot,Quận Bình Thạnh,Căn hộ/Chung cư,Căn hộ,Phường 3,44,1,56818181.81818182
sale,Tuned RF/XGBoost Ensemble,10500000000,12239832656.821983,1739832656.8219833,0.16569834826876031,chotot,Quận Bình Thạnh,Căn hộ/Chung cư,Căn hộ,Phường 22,116,3,90517241.37931034
sale,Tuned RF/XGBoost Ensemble,3200000000.000002,2815374703.59856,384625296.40144205,0.12019540512545057,chotot,Huyện Cần Giờ,Đất,Đất/đất nền,Thị trấn Cần Thạnh,95,4,33684210.526315786
sale,Tuned RF/XGBoost Ensemble,24000000000.00005,5839673972.111558,18160326027.888493,0.756680251162019,chotot,Huyện Cần Giờ,Đất,Đất/đất nền,Xã Bình Khánh,1631.8,4,14707684.765289864
sale,Tuned RF/XGBoost Ensemble,1300000000.0000052,2444508527.194709,1144508527.1947036,0.880391174765153,chotot,Huyện Cần Giờ,Đất,Đất/đất nền,Xã Bình Khánh,130,4,10000000
sale,Tuned RF/XGBoost Ensemble,8300000000.000012,5417096584.309703,2882903415.6903095,0.3473377609265428,chotot,Huyện Củ Chi,Đất,Đất/đất nền,Xã Tân Thạnh Đông,795,4,10440251.572327044
sale,Tuned RF/XGBoost Ensemble,549999999.9999996,966174425.9674913,416174425.9674916,0.7566807744863489,chotot,Huyện Củ Chi,Đất,Đất/đất nền,Xã Tân Thông Hội,103,4,5339805.825242719
sale,Tuned RF/XGBoost Ensemble,1699999999.9999986,719999999.9999999,979999999.9999987,0.5764705882352938,chotot,Huyện Củ Chi,Đất,Đất/đất nền,Xã Tân Thông Hội,333,4,5105105.105105105
sale,Tuned RF/XGBoost Ensemble,790000000,750132237.5262408,39867762.473759174,0.0504655221186825,chotot,Huyện Củ Chi,Đất,Đất/đất nền,Xã Tân Thông Hội,180,4,4388888.888888889
sale,Tuned RF/XGBoost Ensemble,8600000000.000008,5899481635.951855,2700518364.048153,0.31401376326141284,chotot,Huyện Nhà Bè,Nhà ở,Nhà phố/nhà ở,Thị trấn Nhà Bè,72,4,119444444.44444443
sale,Tuned RF/XGBoost Ensemble,5400000000.000001,4176512226.4924226,1223487773.5075784,0.22657180990881076,chotot,Huyện Nhà Bè,Nhà ở,Nhà phố/nhà ở,Xã Phước Kiển,58,3,93103448.27586208
sale,Tuned RF/XGBoost Ensemble,6999999999.99999,6264337174.984935,735662825.0150557,0.10509468928786524,chotot,Quận 8,Đất,Đất/đất nền,Phường 7,120,4,58333333.333333336
sale,Tuned RF/XGBoost Ensemble,3269999999.9999995,4256954576.32228,986954576.3222804,0.3018209713523794,chotot,Quận 8,Đất,Đất/đất nền,Phường 7,53,4,61698113.20754717
sale,Tuned RF/XGBoost Ensemble,5299999999.999993,3844030634.280249,1455969365.7197442,0.2747112010791974,chotot,Quận 8,Đất,Đất/đất nền,Phường 16,55,4,96363636.36363636
sale,Tuned RF/XGBoost Ensemble,4549999999.999996,3971259036.8351865,578740963.1648097,0.12719581608017808,chotot,Quận 11,Căn hộ/Chung cư,Căn hộ,Phường 15,66,2,68939393.93939394
sale,Tuned RF/XGBoost Ensemble,4450000000.00001,3954376826.5251412,495623173.4748683,0.111375994039296,chotot,Quận 11,Căn hộ/Chung cư,Căn hộ,Phường 15,66,2,67424242.42424242
sale,Tuned RF/XGBoost Ensemble,4250000000.000002,4501097384.00765,251097384.00764847,0.05908173741356432,chotot,Quận 11,Căn hộ/Chung cư,Căn hộ,Phường 15,75,2,56666666.666666664
sale,Tuned RF/XGBoost Ensemble,3500000000.000005,4409979810.668817,909979810.6688118,0.2599942316196602,chotot,Quận 11,Căn hộ/Chung cư,Căn hộ,Phường 15,75,2,46666666.666666664
sale,Tuned RF/XGBoost Ensemble,1350000000,1216674489.9446797,133325510.05532026,0.09875963707801501,chotot,Huyện Củ Chi,Đất,Đất/đất nền,Xã An Nhơn Tây,100,4,13500000
sale,Tuned RF/XGBoost Ensemble,849999999.9999961,741515860.5361367,108484139.46385932,0.12762839936924686,chotot,Huyện Củ Chi,Đất,Đất/đất nền,Thị trấn Củ Chi,205,4,4146341.463414634
sale,Tuned RF/XGBoost Ensemble,629999999.9999994,1288898152.4163606,658898152.4163612,1.0458700832005743,chotot,Huyện Củ Chi,Đất,Đất/đất nền,Xã Tân Thông Hội,342,4,1842105.2631578948
sale,Tuned RF/XGBoost Ensemble,779999999.9999988,1702057605.5946066,922057605.5946078,1.1821251353777043,chotot,Huyện Củ Chi,Đất,Đất/đất nền,Xã Tân An Hội,462,4,1688311.6883116884
sale,Tuned RF/XGBoost Ensemble,3949999999.999996,3038644689.016846,911355310.98315,0.2307228635400382,chotot,Quận 11,Nhà ở,Nhà phố/nhà ở,Phường 3,17.5,2,225714285.7142857
sale,Tuned RF/XGBoost Ensemble,3849999999.999995,3675273607.9318147,174726392.06818056,0.04538347845926773,chotot,Quận 11,Nhà ở,Nhà phố/nhà ở,Phường 5,22,2,175000000
sale,Tuned RF/XGBoost Ensemble,10500000000,7623763654.718388,2876236345.2816124,0.27392727097920117,chotot,Quận 11,Nhà ở,Nhà phố/nhà ở,Phường 11,55,4,190909090.9090909
sale,Tuned RF/XGBoost Ensemble,10999999999.999989,11568235619.371813,568235619.3718243,0.05165778357925681,chotot,Quận 11,Nhà ở,Nhà phố/nhà ở,Phường 11,88,4,125000000
sale,Tuned RF/XGBoost Ensemble,5250000000.000007,5739044985.746783,489044985.7467766,0.09315142585652876,chotot,Quận 3,Nhà ở,Nhà phố/nhà ở,Phường 4,30,2,175000000
sale,Tuned RF/XGBoost Ensemble,3990000000.0000057,5923810020.264526,1933810020.2645206,0.48466416547982905,chotot,Quận 3,Nhà ở,Nhà phố/nhà ở,Phường 10,33,2,120909090.9090909
sale,Tuned RF/XGBoost Ensemble,2500000000.0000005,3070488461.6746407,570488461.6746402,0.22819538466985603,chotot,Quận 12,Căn hộ/Chung cư,Căn hộ,Phường Tân Thới Nhất,65,2,38461538.461538464
sale,Tuned RF/XGBoost Ensemble,3650000000,3267976404.0353622,382023595.96463776,0.10466399889442131,chotot,Quận 12,Căn hộ/Chung cư,Căn hộ,Phường Tân Thới Nhất,70,2,52142857.14285714
sale,Tuned RF/XGBoost Ensemble,3550000000,3078325470.6505165,471674529.3494835,0.1328660646054883,chotot,Quận 12,Căn hộ/Chung cư,Căn hộ,Phường Tân Thới Nhất,61,2,58196721.31147541
sale,Tuned RF/XGBoost Ensemble,2619999999.999999,2470076410.425783,149923589.5742159,0.057222744112296164,chotot,Quận 12,Căn hộ/Chung cư,Căn hộ,Phường Hiệp Thành,57,2,45964912.28070176
sale,Tuned RF/XGBoost Ensemble,3350000000.000003,2874426371.2206225,475573628.7793803,0.1419622772475761,chotot,Quận 12,Căn hộ/Chung cư,Căn hộ,Phường Tân Thới Nhất,60,2,55833333.333333336
sale,Tuned RF/XGBoost Ensemble,3949999999.999996,5144139693.482078,1194139693.4820814,0.30231384645116016,chotot,Quận Gò Vấp,Đất,Đất/đất nền,Phường 11,37.5,4,105333333.33333331
sale,Tuned RF/XGBoost Ensemble,5199999999.999992,4845533403.516709,354466596.48328304,0.06816665316986223,chotot,Quận Gò Vấp,Đất,Đất/đất nền,Phường 9,41.5,4,125301204.81927712
sale,Tuned RF/XGBoost Ensemble,3500000000.000005,5676848345.669532,2176848345.669527,0.6219566701912926,chotot,Quận Gò Vấp,Đất,Đất/đất nền,Phường 17,53,4,66037735.8490566
sale,Tuned RF/XGBoost Ensemble,7300000000.000019,5356054162.059202,1943945837.9408169,0.2662939504028509,chotot,Quận Gò Vấp,Đất,Căn hộ,Phường 15,60,4,121666666.66666669
sale,Tuned RF/XGBoost Ensemble,35000000000,34439181842.22043,560818157.7795715,0.016023375936559187,chotot,Quận Gò Vấp,Đất,Đất/đất nền,Phường 12,328,4,106707317.07317074
sale,Tuned RF/XGBoost Ensemble,6080000000,6553216350.241038,473216350.2410383,0.07783163655280236,chotot,Quận Gò Vấp,Đất,Đất/đất nền,Phường 12,74,4,82162162.16216215
sale,Tuned RF/XGBoost Ensemble,6098999999.999995,6750849617.854704,651849617.8547087,0.1068781140932463,chotot,Quận Gò Vấp,Đất,Đất/đất nền,Phường 12,73,4,83547945.20547946
sale,Tuned RF/XGBoost Ensemble,5100000000.000008,4569854355.176744,530145644.82326317,0.10395012643593379,chotot,Quận 12,Đất,Đất/đất nền,Phường Đông Hưng Thuận,65,4,78461538.46153846
sale,Tuned RF/XGBoost Ensemble,3350000000.000003,3609607115.8489833,259607115.84898043,0.07749466144745677,chotot,Quận 12,Đất,Đất/đất nền,Phường Trung Mỹ Tây,58,4,57758620.68965517
sale,Tuned RF/XGBoost Ensemble,19999999999.999992,9155684683.962778,10844315316.037214,0.5422157658018609,chotot,Huyện Hóc Môn,Nhà ở,Nhà phố/nhà ở,Thị trấn Hóc Môn,250,10,80000000
sale,Tuned RF/XGBoost Ensemble,10799999999.999964,7257068451.90431,3542931548.0956535,0.3280492174162653,chotot,Huyện Hóc Môn,Nhà ở,Nhà phố/nhà ở,Xã Xuân Thới Thượng,148,6,72972972.97297297
sale,Tuned RF/XGBoost Ensemble,5899999999.999993,8709156021.351751,2809156021.351758,0.4761281392121629,chotot,Huyện Hóc Môn,Nhà ở,Nhà phố/nhà ở,Xã Bà Điểm,150,7,39333333.333333336
sale,Tuned RF/XGBoost Ensemble,14500000000.00002,11124091270.202553,3375908729.7974663,0.23282129171016977,chotot,Quận Gò Vấp,Nhà ở,Nhà phố/nhà ở,Phường 5,80,4,181250000
sale,Tuned RF/XGBoost Ensemble,3099999999.9999986,2910655118.4716387,189344881.5283599,0.061078994041406445,chotot,Huyện Bình Chánh,Căn hộ/Chung cư,Căn hộ,Xã Phong Phú,65.4,2,47400611.6207951
sale,Tuned RF/XGBoost Ensemble,5400000000.000001,4492049973.145006,907950026.8549948,0.16813889386203604,chotot,Huyện Bình Chánh,Căn hộ/Chung cư,Căn hộ,Xã Bình Hưng,76,3,71052631.57894737
sale,Tuned RF/XGBoost Ensemble,2660000000.0000005,2523685291.6879487,136314708.31205177,0.05124613094438036,chotot,Huyện Bình Chánh,Căn hộ/Chung cư,Căn hộ,Thị trấn Tân Túc,59,2,45084745.76271187
sale,Tuned RF/XGBoost Ensemble,1588000000.0000014,1519117496.5508401,68882503.44916129,0.04337689134078163,chotot,Huyện Bình Chánh,Căn hộ/Chung cư,Căn hộ,Xã Bình Chánh,50,1,31760000
sale,Tuned RF/XGBoost Ensemble,3899999999.9999948,4458276936.749381,558276936.7493863,0.14314793249984284,chotot,Huyện Bình Chánh,Căn hộ/Chung cư,Căn hộ,Xã Bình Hưng,84,2,46428571.428571425
sale,Tuned RF/XGBoost Ensemble,8699999999.999987,5396271622.750575,3303728377.2494116,0.37973889393671456,chotot,Huyện Hóc Môn,Nhà ở,Nhà phố/nhà ở,Xã Thới Tam Thôn,139,2,62589928.057553954
sale,Tuned RF/XGBoost Ensemble,3049999999.9999986,3119667525.497963,69667525.49796438,0.022841811638676858,chotot,Huyện Hóc Môn,Nhà ở,Nhà phố/nhà ở,Xã Bà Điểm,48,3,63541666.666666664
sale,Tuned RF/XGBoost Ensemble,3099999999.9999986,2792316417.2497787,307683582.7502198,0.09925276862910322,chotot,Thành phố Thủ Đức,Căn hộ/Chung cư,Căn hộ,Phường Phước Long B (Quận 9 cũ),52,2,59615384.615384616
sale,Tuned RF/XGBoost Ensemble,6099999999.999996,2607385118.44273,3492614881.557266,0.5725598166487326,chotot,Thành phố Thủ Đức,Căn hộ/Chung cư,Căn hộ,Phường Long Thạnh Mỹ (Quận 9 cũ),49.2999,1,123732502.50000508
sale,Tuned RF/XGBoost Ensemble,4700000000.000007,4393921820.588331,306078179.41167545,0.06512301689610107,chotot,Quận 11,Nhà ở,Nhà phố/nhà ở,Phường 5,21,2,223809523.80952385
sale,Tuned RF/XGBoost Ensemble,12499999999.999949,16798657491.402563,4298657491.402615,0.3438925993122106,chotot,Quận 11,Nhà ở,Nhà phố/nhà ở,Phường 1,105,5,119047619.04761904
sale,Tuned RF/XGBoost Ensemble,5449999999.999992,4964136048.147968,485863951.8520241,0.08914934896367427,chotot,Quận 11,Nhà ở,Nhà phố/nhà ở,Phường 1,46,2,118478260.86956522
sale,Tuned RF/XGBoost Ensemble,5199999999.999992,6946827155.89117,1746827155.8911772,0.33592829920984224,chotot,Quận 11,Nhà ở,Nhà phố/nhà ở,Phường 10,54,3,96296296.2962963
sale,Tuned RF/XGBoost Ensemble,8500000000.0000105,8226851602.62514,273148397.3748703,0.032135105573514115,chotot,Quận 8,Nhà ở,Nhà phố/nhà ở,Phường 5,84,4,101190476.1904762
sale,Tuned RF/XGBoost Ensemble,7650000000.000009,6255551294.015973,1394448705.9840355,0.18228087659922013,chotot,Quận 8,Nhà ở,Nhà phố/nhà ở,Phường 14,100,2,76500000
sale,Tuned RF/XGBoost Ensemble,12499999999.999949,14399540607.926367,1899540607.9264183,0.1519632486341141,chotot,Quận 8,Nhà ở,Nhà phố/nhà ở,Phường 11,53,8,235849056.6037736
sale,Tuned RF/XGBoost Ensemble,7599999999.999994,6368044346.790332,1231955653.2096624,0.16209942805390307,chotot,Quận 8,Nhà ở,Đất/đất nền,Phường 3,68,2,111764705.88235296
sale,Tuned RF/XGBoost Ensemble,5299999999.999993,10044305646.3125,4744305646.312507,0.8951520087382099,chotot,Quận 8,Nhà ở,Nhà phố/nhà ở,Phường 4,95,3,55789473.68421053
sale,Tuned RF/XGBoost Ensemble,6999999999.99999,5780067325.218152,1219932674.7818384,0.17427609639740574,chotot,Quận 8,Nhà ở,Nhà phố/nhà ở,Phường 2,59,2,118644067.79661018
sale,Tuned RF/XGBoost Ensemble,2900000000.0000033,4247833428.623044,1347833428.6230407,0.464770147801048,chotot,Quận 8,Nhà ở,Nhà phố/nhà ở,Phường 15,30,4,96666666.66666669
sale,Tuned RF/XGBoost Ensemble,13799999999.99998,17007716563.81738,3207716563.8174,0.23244322926213076,chotot,Quận 7,Nhà ở,Nhà phố/nhà ở,Phường Tân Quy,87.5,3,157714285.7142857
sale,Tuned RF/XGBoost Ensemble,19999999999.999992,11268600872.5498,8731399127.450191,0.4365699563725097,chotot,Quận 7,Nhà ở,Nhà phố/nhà ở,Phường Tân Hưng,72,1,277777777.7777778
sale,Tuned RF/XGBoost Ensemble,7900000000,8890451325.4086,990451325.4085999,0.12537358549475947,chotot,Quận 7,Nhà ở,Nhà phố/nhà ở,Phường Tân Thuận Đông,65,4,121538461.53846154
sale,Tuned RF/XGBoost Ensemble,11900000000.00002,11997780647.088171,97780647.08815193,0.008216861099844687,chotot,Quận Tân Phú,Căn hộ/Chung cư,Căn hộ,Phường Sơn Kỳ,200,4,59500000
sale,Tuned RF/XGBoost Ensemble,3450000000.0000043,4354385243.457515,904385243.4575105,0.26214065027753897,chotot,Quận Tân Phú,Căn hộ/Chung cư,Căn hộ,Phường Tân Sơn Nhì,80,3,43125000
sale,Tuned RF/XGBoost Ensemble,3810000000.0000005,3288568891.5163746,521431108.4836259,0.13685855865711963,chotot,Quận Tân Phú,Căn hộ/Chung cư,Căn hộ,Phường Hiệp Tân,63,2,60476190.47619048
sale,Tuned RF/XGBoost Ensemble,1699999999.9999986,2901263345.99734,1201263345.9973416,0.7066254976454956,chotot,Quận Tân Phú,Căn hộ/Chung cư,Căn hộ,Phường Tân Quý,55,2,30909090.90909091
sale,Tuned RF/XGBoost Ensemble,2990000000.000003,3918156508.3716073,928156508.3716044,0.3104202369135798,chotot,Quận 11,Nhà ở,Nhà phố/nhà ở,Phường 3,30,2,99666666.66666669
sale,Tuned RF/XGBoost Ensemble,3000000000.0000014,4282513168.920702,1282513168.9207006,0.4275043896402333,chotot,Quận 11,Nhà ở,Nhà phố/nhà ở,Phường 16,35,2,85714285.71428572
sale,Tuned RF/XGBoost Ensemble,4949999999.999992,6165382608.84775,1215382608.8477573,0.24553184017126448,chotot,Quận 11,Nhà ở,Nhà phố/nhà ở,Phường 5,48,3,103125000
sale,Tuned RF/XGBoost Ensemble,3849999999.999995,3682807792.142894,167192207.85710144,0.043426547495351076,chotot,Quận 11,Nhà ở,Nhà phố/nhà ở,Phường 3,26,2,148076923.07692307
sale,Tuned RF/XGBoost Ensemble,1999999999.9999988,3382589315.9294724,1382589315.9294736,0.6912946579647372,chotot,Quận Bình Tân,Nhà ở,Nhà phố/nhà ở,Phường Bình Trị Đông A,32,2,62500000
sale,Tuned RF/XGBoost Ensemble,6000000000.000004,6857522889.487271,857522889.4872675,0.14292048158121115,chotot,Quận Bình Tân,Nhà ở,Nhà phố/nhà ở,Phường Bình Trị Đông,63,5,95238095.23809524
sale,Tuned RF/XGBoost Ensemble,2550000000.0000067,1778961460.0781305,771038539.9218762,0.30236805487132323,chotot,Quận Bình Tân,Nhà ở,Nhà phố/nhà ở,Phường Bình Trị Đông,16,2,159375000
sale,Tuned RF/XGBoost Ensemble,2600000000.0000024,2918004001.1725535,318004001.17255116,0.12230923122021187,chotot,Quận Bình Tân,Nhà ở,Nhà phố/nhà ở,Phường Bình Trị Đông,25.2999,2,102767204.61345696
sale,Tuned RF/XGBoost Ensemble,3949999999.999996,3310973357.731986,639026642.2680101,0.1617788967767116,chotot,Quận Bình Tân,Nhà ở,Nhà phố/nhà ở,Phường Bình Trị Đông,33,2,119696969.6969697
sale,Tuned RF/XGBoost Ensemble,6090000000,5226102285.052585,863897714.9474154,0.14185512560712896,chotot,Quận 12,Nhà ở,Nhà phố/nhà ở,Phường Hiệp Thành,57,4,106842105.26315787
sale,Tuned RF/XGBoost Ensemble,6990000000.0000105,5917914281.04572,1072085718.9542904,0.15337420872021298,chotot,Quận 12,Nhà ở,Nhà phố/nhà ở,Phường Tân Chánh Hiệp,68,4,102794117.64705884
sale,Tuned RF/XGBoost Ensemble,3599999999.9999967,4331343403.606751,731343403.6067548,0.20315094544632095,chotot,Quận 6,Căn hộ/Chung cư,Căn hộ,Phường 10,90,3,40000000
sale,Tuned RF/XGBoost Ensemble,2900000000.0000033,2828870579.9503913,71129420.04961205,0.024527386224004126,chotot,Quận 6,Căn hộ/Chung cư,Căn hộ,Phường 10,54,2,53703703.7037037
sale,Tuned RF/XGBoost Ensemble,2099999999.9999976,2742802200.942062,642802200.9420643,0.3060962861628881,chotot,Quận 6,Căn hộ/Chung cư,Căn hộ,Phường 14,62,2,33870967.741935484
sale,Tuned RF/XGBoost Ensemble,3099999999.9999986,2884951391.910018,215048608.0899806,0.06937051873870345,chotot,Quận 6,Căn hộ/Chung cư,Căn hộ,Phường 14,61,2,50819672.13114754
sale,Tuned RF/XGBoost Ensemble,4649999999.999997,5276342220.288629,626342220.2886314,0.1346972516749746,chotot,Quận 6,Nhà ở,Nhà phố/nhà ở,Phường 14,45,3,103333333.33333331
sale,Tuned RF/XGBoost Ensemble,4999999999.999992,6114707495.277987,1114707495.2779942,0.22294149905559918,chotot,Quận 6,Nhà ở,Nhà phố/nhà ở,Phường 2,36,4,138888888.8888889
sale,Tuned RF/XGBoost Ensemble,470000000.0000008,735785007.6319501,265785007.63194937,0.5655000162381892,chotot,Huyện Củ Chi,Đất,Đất/đất nền,Xã Tân Thông Hội,200,4,2350000
sale,Tuned RF/XGBoost Ensemble,680000000.0000005,885993734.101556,205993734.10155547,0.3029319619140519,chotot,Huyện Củ Chi,Đất,Đất/đất nền,Thị trấn Củ Chi,253,4,2687747.0355731226
sale,Tuned RF/XGBoost Ensemble,6300000000.000003,6544352286.742789,244352286.7427864,0.03878607726075973,chotot,Quận 12,Nhà ở,Biệt thự/cao cấp,Phường Thạnh Xuân,64,4,98437500
sale,Tuned RF/XGBoost Ensemble,1759999999.999999,1606225916.3283925,153774083.67160654,0.0873716384497765,chotot,Quận 12,Nhà ở,Nhà phố/nhà ở,Phường Thạnh Xuân,33,2,53333333.333333336
sale,Tuned RF/XGBoost Ensemble,4700000000.000007,5138172113.645586,438172113.64557934,0.09322810928629334,chotot,Quận 12,Nhà ở,Nhà phố/nhà ở,Phường Trung Mỹ Tây,100,3,47000000
sale,Tuned RF/XGBoost Ensemble,6489999999.999999,6012587875.001349,477412124.9986496,0.07356119029255002,chotot,Quận 12,Nhà ở,Nhà phố/nhà ở,Phường Thạnh Xuân,60,4,108166666.66666669
sale,Tuned RF/XGBoost Ensemble,12489999999.999962,10951986360.30763,1538013639.6923313,0.12313960285767302,chotot,Quận 12,Nhà ở,Tòa nhà/văn phòng/mặt bằng,Phường Tân Chánh Hiệp,115,11,108608695.6521739
sale,Tuned RF/XGBoost Ensemble,3099999999.9999986,3421156294.279359,321156294.2793603,0.1035988046062453,chotot,Quận 12,Nhà ở,Nhà phố/nhà ở,Phường Đông Hưng Thuận,48,2,64583333.333333336
sale,Tuned RF/XGBoost Ensemble,4599999999.999997,4644255125.129833,44255125.12983608,0.009620679376051329,chotot,Quận 12,Nhà ở,Nhà phố/nhà ở,Phường Đông Hưng Thuận,64,3,71875000
sale,Tuned RF/XGBoost Ensemble,6349999999.999992,2865151710.1217904,3484848289.878202,0.5487950062800324,chotot,Quận 12,Nhà ở,Nhà phố/nhà ở,Phường Tân Thới Nhất,44,2,144318181.8181818
sale,Tuned RF/XGBoost Ensemble,9749999999.99999,8298623212.785587,1451376787.2144032,0.14885915766301586,chotot,Quận 12,Nhà ở,Nhà phố/nhà ở,Phường Thạnh Lộc,170,4,57352941.176470585
sale,Tuned RF/XGBoost Ensemble,4300000000.000001,4492109285.667889,192109285.6678877,0.04467657806229945,chotot,Quận 12,Nhà ở,Nhà phố/nhà ở,Phường Thới An,82,2,52439024.3902439
sale,Tuned RF/XGBoost Ensemble,5400000000.000001,6654455627.306222,1254455627.306221,0.23230659764930014,chotot,Quận 12,Nhà ở,Nhà phố/nhà ở,Phường Tân Chánh Hiệp,76,5,71052631.57894737
sale,Tuned RF/XGBoost Ensemble,2550000000.0000067,3076384736.6415806,526384736.6415739,0.20642538691826373,chotot,Quận 12,Nhà ở,Nhà phố/nhà ở,Phường Tân Thới Hiệp,46,2,55434782.60869565
sale,Tuned RF/XGBoost Ensemble,4599999999.999997,5930856746.665923,1330856746.665926,0.2893166840578102,chotot,Quận 12,Nhà ở,Nhà phố/nhà ở,Phường Thạnh Xuân,125.3,2,36711891.46049482
sale,Tuned RF/XGBoost Ensemble,6950000000.000034,6149665966.757192,800334033.2428427,0.11515597600616384,chotot,Thành phố Thủ Đức,Căn hộ/Chung cư,Căn hộ,Phường Phú Hữu (Quận 9 cũ),98.6996,3,70415685.57522017
sale,Tuned RF/XGBoost Ensemble,7700000000.0000105,7664998897.081003,35001102.9190073,0.0045455977816892534,chotot,Thành phố Thủ Đức,Căn hộ/Chung cư,Tòa nhà/văn phòng/mặt bằng,Phường An Phú (Quận 2 cũ),106,3,72641509.43396227
sale,Tuned RF/XGBoost Ensemble,13600000000.000008,10401508316.567524,3198491683.4324837,0.23518321201709425,chotot,Thành phố Thủ Đức,Căn hộ/Chung cư,Căn hộ,Phường Tăng Nhơn Phú A (Quận 9 cũ),118,11,115254237.2881356
sale,Tuned RF/XGBoost Ensemble,5299999999.999993,6175246803.054925,875246803.0549316,0.16514090623677977,chotot,Quận Tân Bình,Căn hộ/Chung cư,Căn hộ,Phường 15,122,3,43442622.95081967
sale,Tuned RF/XGBoost Ensemble,3599999999.9999967,3603473731.7834706,3473731.7834739685,9.649254954094366e-4,chotot,Quận Tân Bình,Căn hộ/Chung cư,Căn hộ,Phường 15,68,2,52941176.47058824
sale,Tuned RF/XGBoost Ensemble,6349999999.999992,5307797058.234928,1042202941.7650642,0.16412644752205754,chotot,Quận Tân Bình,Căn hộ/Chung cư,Căn hộ,Phường 15,48,8,132291666.66666669
sale,Tuned RF/XGBoost Ensemble,4450000000.00001,4448714275.768163,1285724.2318468094,2.889267936734397e-4,chotot,Quận Tân Bình,Căn hộ/Chung cư,Căn hộ,Phường 15,93,2,47849462.3655914
sale,Tuned RF/XGBoost Ensemble,6249999999.999985,4800842066.165046,1449157933.834939,0.2318652694135908,chotot,Quận Tân Bình,Căn hộ/Chung cư,Căn hộ,Phường 2,75,2,83333333.33333333
sale,Tuned RF/XGBoost Ensemble,6300000000.000003,6836833718.287312,536833718.2873087,0.08521170131544578,chotot,Quận 5,Nhà ở,Nhà phố/nhà ở,Phường 1,23,5,273913043.4782609
sale,Tuned RF/XGBoost Ensemble,42999999999.99996,26531805225.686047,16468194774.313915,0.3829812738212542,chotot,Quận 5,Nhà ở,Nhà phố/nhà ở,Phường 2,70,11,614285714.2857143
sale,Tuned RF/XGBoost Ensemble,13799999999.99998,7659228406.478823,6140771593.521158,0.44498344880588164,chotot,Quận 5,Nhà ở,Nhà phố/nhà ở,Phường 1,25.5,4,541176470.5882353
sale,Tuned RF/XGBoost Ensemble,15999999999.999983,16102515707.56089,102515707.56090736,0.006407231722556717,chotot,Quận Gò Vấp,Đất,Đất/đất nền,Phường 16,220,4,72727272.72727273
sale,Tuned RF/XGBoost Ensemble,8000000000,6480694500.419364,1519305499.580636,0.1899131874475795,chotot,Quận Gò Vấp,Đất,Phòng trọ,Phường 16,103,4,77669902.91262136
sale,Tuned RF/XGBoost Ensemble,62989999999.99992,56230388916.73832,6759611083.261604,0.10731244774188939,chotot,Quận Gò Vấp,Đất,Đất/đất nền,Phường 6,548,4,114945255.47445256
sale,Tuned RF/XGBoost Ensemble,1750000000.0000029,2527279941.7129297,777279941.7129269,0.4441599666931003,chotot,Quận Bình Thạnh,Nhà ở,Nhà phố/nhà ở,Phường 11,15,2,116666666.66666669
sale,Tuned RF/XGBoost Ensemble,1829999999.9999988,2318720035.0997753,488720035.0997765,0.2670601284698234,chotot,Quận Bình Thạnh,Nhà ở,Nhà phố/nhà ở,Phường 1,11,2,166363636.36363637
sale,Tuned RF/XGBoost Ensemble,4979999999.999992,6289828191.6122875,1309828191.6122952,0.26301770915909584,chotot,Quận Bình Thạnh,Nhà ở,Nhà phố/nhà ở,Phường 3,40,3,124500000
sale,Tuned RF/XGBoost Ensemble,10799999999.999964,11769970657.97156,969970657.9715958,0.08981209796033324,chotot,Quận Bình Thạnh,Nhà ở,Nhà phố/nhà ở,Phường 7,80,10,135000000
sale,Tuned RF/XGBoost Ensemble,2949999999.999995,3001863902.006998,51863902.00700283,0.017580983731187428,chotot,Quận 8,Căn hộ/Chung cư,Căn hộ,Phường 6,70,2,42142857.14285714
sale,Tuned RF/XGBoost Ensemble,1999000000.0000098,2277250058.027482,278250058.02747226,0.13919462632689888,chotot,Quận 8,Căn hộ/Chung cư,Căn hộ,Phường 16,52.7,2,37931688.804554075
sale,Tuned RF/XGBoost Ensemble,3550000000,3072940698.9771113,477059301.02288866,0.13438290169658834,chotot,Huyện Hóc Môn,Đất,Đất/đất nền,Xã Đông Thạnh,125,4,28400000
sale,Tuned RF/XGBoost Ensemble,3650000000,3406687221.095956,243312778.90404415,0.06666103531617648,chotot,Huyện Hóc Môn,Đất,Đất/đất nền,Xã Bà Điểm,80,4,45625000
sale,Tuned RF/XGBoost Ensemble,2600000000.0000024,3340117750.0669556,740117750.0669532,0.28466067310267407,chotot,Huyện Hóc Môn,Đất,Đất/đất nền,Xã Tân Hiệp,91.6998,4,28353387.9026999
sale,Tuned RF/XGBoost Ensemble,13999999999.999975,7908618730.554022,6091381269.445953,0.43509866210328313,chotot,Huyện Hóc Môn,Đất,Đất/đất nền,Xã Bà Điểm,500,4,28000000
sale,Tuned RF/XGBoost Ensemble,2360000000,3654168673.0198474,1294168673.0198474,0.5483765563643421,chotot,Huyện Hóc Môn,Đất,Đất/đất nền,Thị trấn Hóc Môn,64,4,36875000
sale,Tuned RF/XGBoost Ensemble,1050000000.0000017,1484495506.9105268,434495506.9105251,0.4138052446766899,chotot,Huyện Bình Chánh,Căn hộ/Chung cư,Căn hộ,Xã An Phú Tây,55,2,19090909.09090909
sale,Tuned RF/XGBoost Ensemble,1750000000.0000029,2123745505.248749,373745505.24874616,0.2135688601421403,chotot,Huyện Bình Chánh,Căn hộ/Chung cư,Căn hộ,Xã Bình Hưng,46,1,38043478.26086956
sale,Tuned RF/XGBoost Ensemble,6000000000.000004,3485670346.2415133,2514329653.7584906,0.4190549422930815,chotot,Huyện Bình Chánh,Căn hộ/Chung cư,Căn hộ,Xã Phạm Văn Hai,138,4,43478260.86956522
sale,Tuned RF/XGBoost Ensemble,2729999999.9999957,2655650990.190249,74349009.80974674,0.027234069527379803,chotot,Huyện Bình Chánh,Căn hộ/Chung cư,Căn hộ,Thị trấn Tân Túc,59,2,46271186.44067796
sale,Tuned RF/XGBoost Ensemble,1537422678.0000026,1720498682.1919427,183076004.19194007,0.11907981247557724,chotot,Huyện Bình Chánh,Căn hộ/Chung cư,Căn hộ,Xã Bình Chánh,69.22,2,22210671.453337185
sale,Tuned RF/XGBoost Ensemble,2749999999.9999976,2470385054.2486463,279614945.75135136,0.10167816209140058,chotot,Huyện Bình Chánh,Căn hộ/Chung cư,Căn hộ,Xã Phong Phú,54,2,50925925.925925925
sale,Tuned RF/XGBoost Ensemble,8200000000.000003,8793908774.613358,593908774.6133547,0.072427899343092,chotot,Thành phố Thủ Đức,Nhà ở,Nhà phố/nhà ở,Phường Linh Xuân (Quận Thủ Đức cũ),112,4,73214285.71428572
sale,Tuned RF/XGBoost Ensemble,2389999999.9999986,4267396349.2950444,1877396349.2950459,0.7855214850606891,chotot,Thành phố Thủ Đức,Nhà ở,Nhà phố/nhà ở,Phường Hiệp Bình Phước (Quận Thủ Đức cũ),60,2,39833333.333333336
sale,Tuned RF/XGBoost Ensemble,35500000000.00002,37287380574.128876,1787380574.1288528,0.05034874856700991,chotot,Quận Bình Thạnh,Đất,Đất/đất nền,Phường 13,281,4,126334519.57295372
sale,Tuned RF/XGBoost Ensemble,11500000000.000008,10329036837.266893,1170963162.7331142,0.10182288371592291,chotot,Quận Bình Thạnh,Đất,Đất/đất nền,Phường 13,86,4,133720930.23255816
sale,Tuned RF/XGBoost Ensemble,12499999999.999949,13208787970.6126,708787970.6126518,0.056703037649012376,chotot,Quận Bình Thạnh,Đất,Đất/đất nền,Phường 13,100,4,125000000
sale,Tuned RF/XGBoost Ensemble,22999999999.99998,10519243982.210077,12480756017.789904,0.5426415659908658,chotot,Quận Bình Thạnh,Đất,Đất/đất nền,Phường 22,133,4,172932330.82706767
sale,Tuned RF/XGBoost Ensemble,7500000000.0000105,6637382480.354104,862617519.6459064,0.1150156692861207,chotot,Quận Bình Thạnh,Đất,Đất/đất nền,Phường 26,45,4,166666666.66666666
sale,Tuned RF/XGBoost Ensemble,5400000000.000001,7105718199.112414,1705718199.1124134,0.3158737405763728,chotot,Quận Bình Thạnh,Đất,Đất/đất nền,Phường 12,70,4,77142857.14285715
sale,Tuned RF/XGBoost Ensemble,4790000000.000001,5319033443.580969,529033443.5809679,0.1104453953196175,chotot,Huyện Nhà Bè,Nhà ở,Nhà phố/nhà ở,Thị trấn Nhà Bè,70,3,68428571.42857143
sale,Tuned RF/XGBoost Ensemble,979000000.0000004,1137121758.0410614,158121758.04106104,0.16151354243213584,chotot,Huyện Nhà Bè,Nhà ở,Nhà phố/nhà ở,Xã Nhơn Đức,24,2,40791666.666666664
sale,Tuned RF/XGBoost Ensemble,5749999999.999991,4769035596.458425,980964403.5415668,0.170602504963751,chotot,Huyện Nhà Bè,Nhà ở,Nhà phố/nhà ở,Thị trấn Nhà Bè,64,2,89843750
sale,Tuned RF/XGBoost Ensemble,3249000000.000001,3642716249.263467,393716249.2634659,0.121180747695742,chotot,Huyện Nhà Bè,Nhà ở,Nhà phố/nhà ở,Thị trấn Nhà Bè,50,2,64980000
sale,Tuned RF/XGBoost Ensemble,10500000000,9659735299.288733,840264700.7112675,0.08002520959154928,chotot,Huyện Nhà Bè,Nhà ở,Nhà phố/nhà ở,Thị trấn Nhà Bè,92.5,5,113513513.51351352
sale,Tuned RF/XGBoost Ensemble,2980000000.000008,3649517795.160247,669517795.1602387,0.2246704010604822,chotot,Quận 5,Căn hộ/Chung cư,Căn hộ,Phường 7,72,2,41388888.88888889
sale,Tuned RF/XGBoost Ensemble,3000000000.0000014,3203795310.0775747,203795310.0775733,0.06793177002585774,chotot,Quận Gò Vấp,Căn hộ/Chung cư,Căn hộ,Phường 14,75,2,40000000
sale,Tuned RF/XGBoost Ensemble,2480000000.000005,3393438768.923146,913438768.923141,0.3683220842432013,chotot,Quận Gò Vấp,Căn hộ/Chung cư,Căn hộ,Phường 14,88,3,28181818.181818184
sale,Tuned RF/XGBoost Ensemble,2150000000.000002,2671521691.0599403,521521691.05993843,0.24256822839997114,chotot,Quận Gò Vấp,Căn hộ/Chung cư,Căn hộ,Phường 14,64,2,33593750
sale,Tuned RF/XGBoost Ensemble,2095000000.0000017,4410312357.761104,2315312357.7611017,1.1051610299575656,chotot,Quận Gò Vấp,Căn hộ/Chung cư,Căn hộ,Phường 14,76,2,27565789.47368421
sale,Tuned RF/XGBoost Ensemble,1699999999.9999986,1259115292.331219,440884707.6687796,0.2593439456875176,chotot,Huyện Củ Chi,Nhà ở,Đất/đất nền,Xã Tân An Hội,185,1,9189189.18918919
sale,Tuned RF/XGBoost Ensemble,949999999.9999999,923429212.1395799,26570787.86041999,0.027969250379389465,chotot,Huyện Củ Chi,Nhà ở,Phòng trọ,Xã Tân An Hội,125,2,7600000
sale,Tuned RF/XGBoost Ensemble,12299999999.999998,3880971735.062351,8419028264.937647,0.6844738426778576,chotot,Huyện Củ Chi,Nhà ở,Nhà phố/nhà ở,Xã Tân Thạnh Đông,235,2,52340425.5319149
sale,Tuned RF/XGBoost Ensemble,5199999999.999992,4208388135.873621,991611864.1263714,0.1906945892550717,chotot,Quận Bình Tân,Đất,Đất/đất nền,Phường Bình Hưng Hòa,57,4,91228070.1754386
sale,Tuned RF/XGBoost Ensemble,4599999999.999997,4244121009.18731,355878990.8126869,0.07736499800275808,chotot,Quận Bình Tân,Đất,Đất/đất nền,Phường Bình Trị Đông A,70.9,4,64880112.83497884
sale,Tuned RF/XGBoost Ensemble,7900000000,5929677131.395158,1970322868.6048422,0.24940795805124585,chotot,Quận Bình Tân,Đất,Đất/đất nền,Phường Tân Tạo,90,4,87777777.77777778
sale,Tuned RF/XGBoost Ensemble,8200000000.000003,4481115961.9166,3718884038.0834026,0.4535224436687075,chotot,Quận Bình Tân,Đất,Đất/đất nền,Phường An Lạc,80,4,102500000
sale,Tuned RF/XGBoost Ensemble,9800000000.000006,7119074237.124903,2680925762.875103,0.2735638533546022,chotot,Quận Bình Tân,Đất,Đất/đất nền,Phường Bình Trị Đông,112,4,87500000
sale,Tuned RF/XGBoost Ensemble,8899999999.999985,7202283072.161871,1697716927.8381138,0.19075471099304683,chotot,Quận 7,Đất,Đất/đất nền,Phường Phú Thuận,52,4,171153846.15384614
sale,Tuned RF/XGBoost Ensemble,19499999999.999924,23211552418.852455,3711552418.8525314,0.19033602147961773,chotot,Quận Bình Thạnh,Đất,Đất/đất nền,Phường 27,150,4,130000000
sale,Tuned RF/XGBoost Ensemble,14800000000.000015,11822057286.55353,2977942713.4464855,0.2012123455031407,chotot,Quận Bình Thạnh,Đất,Đất/đất nền,Phường 3,102,4,145098039.21568626
sale,Tuned RF/XGBoost Ensemble,59999999999.99994,60307929068.21657,307929068.216629,0.005132151136943822,chotot,Quận Bình Thạnh,Đất,Đất/đất nền,Phường 25,390,4,153846153.84615386
sale,Tuned RF/XGBoost Ensemble,11999999999.999998,11667587049.75348,332412950.2465172,0.02770107918720977,chotot,Quận Bình Thạnh,Đất,Đất/đất nền,Phường 13,130,4,92307692.3076923
sale,Tuned RF/XGBoost Ensemble,19100000000.000004,14675106977.56622,4424893022.4337845,0.23166979175045987,chotot,Quận Bình Thạnh,Đất,Đất/đất nền,Phường 13,100,4,191000000
sale,Tuned RF/XGBoost Ensemble,16899999999.999994,20164405663.92693,3264405663.926935,0.19316009845721516,chotot,Quận Bình Thạnh,Đất,Đất/đất nền,Phường 13,168,4,100595238.09523807
sale,Tuned RF/XGBoost Ensemble,13500000000.000013,14836460447.725885,1336460447.725872,0.09899707020191635,chotot,Quận Bình Thạnh,Đất,Đất/đất nền,Phường 13,100,4,135000000
sale,Tuned RF/XGBoost Ensemble,6699999999.999999,7110645158.525584,410645158.5255852,0.0612903221679978,chotot,Quận Phú Nhuận,Nhà ở,Nhà phố/nhà ở,Phường 2,40.5999,3,165025037.00748032
sale,Tuned RF/XGBoost Ensemble,6999999999.99999,7689253323.574773,689253323.5747824,0.09846476051068333,chotot,Quận Phú Nhuận,Nhà ở,Nhà phố/nhà ở,Phường 7,52,3,134615384.6153846
sale,Tuned RF/XGBoost Ensemble,2600000000.0000024,2725575680.9737396,125575680.97373724,0.04829833883605274,chotot,Quận Phú Nhuận,Nhà ở,Nhà phố/nhà ở,Phường 9,14.5,2,179310344.8275862
sale,Tuned RF/XGBoost Ensemble,7950000000.000009,8079665185.326225,129665185.3262167,0.01631008620455554,chotot,Quận Phú Nhuận,Nhà ở,Nhà phố/nhà ở,Phường 11,40,4,198750000
sale,Tuned RF/XGBoost Ensemble,6300000000.000003,8118247574.572854,1818247574.5728512,0.28861072612267463,chotot,Quận Phú Nhuận,Nhà ở,Nhà phố/nhà ở,Phường 2,41,3,153658536.58536586
sale,Tuned RF/XGBoost Ensemble,2200000000.000003,1791438947.1346774,408561052.86532545,0.1857095694842386,chotot,Quận Phú Nhuận,Căn hộ/Chung cư,Căn hộ,Phường 11,22,1,100000000
sale,Tuned RF/XGBoost Ensemble,10999999999.999989,9645007017.057316,1354992982.9426727,0.12318118026751583,chotot,Quận Phú Nhuận,Căn hộ/Chung cư,Căn hộ,Phường 11,120,3,91666666.66666669
sale,Tuned RF/XGBoost Ensemble,3000000000.0000014,3205099528.981264,205099528.98126268,0.06836650966042086,chotot,Quận Phú Nhuận,Căn hộ/Chung cư,Căn hộ,Phường 9,55,2,54545454.54545455
sale,Tuned RF/XGBoost Ensemble,8550000000.000001,5879520770.276605,2670479229.7233963,0.3123367520144323,chotot,Quận Phú Nhuận,Căn hộ/Chung cư,Căn hộ,Phường 9,76,2,112500000
sale,Tuned RF/XGBoost Ensemble,4999999999.999992,4763849314.950292,236150685.04970074,0.04723013700994022,chotot,Huyện Hóc Môn,Đất,Đất/đất nền,Xã Đông Thạnh,161,4,31055900.621118013
sale,Tuned RF/XGBoost Ensemble,12599999999.999998,8288049900.052923,4311950099.947075,0.34221826190056154,chotot,Huyện Hóc Môn,Đất,Đất/đất nền,Xã Tân Xuân,503.5,4,25024826.216484606
sale,Tuned RF/XGBoost Ensemble,4499999999.999999,3922143895.4062376,577856104.5937614,0.12841246768750256,chotot,Huyện Hóc Môn,Đất,Đất/đất nền,Xã Đông Thạnh,85,4,52941176.47058824
sale,Tuned RF/XGBoost Ensemble,2900000000.0000033,3003570287.519719,103570287.51971579,0.035713892248177816,chotot,Huyện Hóc Môn,Đất,Đất/đất nền,Xã Xuân Thới Sơn,98,4,29591836.734693877
sale,Tuned RF/XGBoost Ensemble,11999999999.999998,17442780408.74668,5442780408.746683,0.45356503406222365,chotot,Huyện Hóc Môn,Đất,Đất/đất nền,Xã Xuân Thới Thượng,2837,4,4229820.232640113
sale,Tuned RF/XGBoost Ensemble,6799999999.999998,5273692163.473981,1526307836.5260172,0.2244570347832379,chotot,Huyện Hóc Môn,Đất,Đất/đất nền,Xã Đông Thạnh,306,4,22222222.222222224
sale,Tuned RF/XGBoost Ensemble,3350000000.000003,3855850970.331544,505850970.33154106,0.15100028965120615,chotot,Thành phố Thủ Đức,Đất,Đất/đất nền,Phường Long Bình (Quận 9 cũ),62,4,54032258.06451613
sale,Tuned RF/XGBoost Ensemble,3150000000.0000005,4684051918.207873,1534051918.2078729,0.4870006089548802,chotot,Thành phố Thủ Đức,Đất,Đất/đất nền,Phường Linh Xuân (Quận Thủ Đức cũ),74,4,42567567.567567565
sale,Tuned RF/XGBoost Ensemble,4849999999.999998,4337510997.298151,512489002.7018471,0.1056678356086283,chotot,Thành phố Thủ Đức,Đất,Đất/đất nền,Phường Long Trường (Quận 9 cũ),81.6999,4,59363597.75226163
sale,Tuned RF/XGBoost Ensemble,55999999999.999916,62869433435.60267,6869433435.602753,0.12266845420719219,chotot,Thành phố Thủ Đức,Đất,Căn hộ,Phường Bình Thọ (Quận Thủ Đức cũ),1907,4,29365495.542737283
sale,Tuned RF/XGBoost Ensemble,77999999999.99997,42027290253.98816,35972709746.01181,0.4611885864873311,chotot,Thành phố Thủ Đức,Đất,Đất/đất nền,Phường Thảo Điền (Quận 2 cũ),300,4,260000000
sale,Tuned RF/XGBoost Ensemble,14999999999.999996,13049856666.31176,1950143333.6882362,0.13000955557921579,chotot,Thành phố Thủ Đức,Đất,Đất/đất nền,Phường Thạnh Mỹ Lợi (Quận 2 cũ),90,4,166666666.66666666
sale,Tuned RF/XGBoost Ensemble,42000000000.00006,25095236042.32398,16904763957.676083,0.402494379944668,chotot,Thành phố Thủ Đức,Đất,Đất/đất nền,Phường Thảo Điền (Quận 2 cũ),173,4,242774566.47398844
sale,Tuned RF/XGBoost Ensemble,8500000000.0000105,9868326184.968897,1368326184.9688864,0.16097955117280996,chotot,Huyện Hóc Môn,Đất,Đất/đất nền,Xã Nhị Bình,800,4,10625000
sale,Tuned RF/XGBoost Ensemble,4599999999.999997,3635495099.9510536,964504900.0489435,0.2096749782715096,chotot,Huyện Hóc Môn,Đất,Đất/đất nền,Xã Bà Điểm,140,4,32857142.85714286
sale,Tuned RF/XGBoost Ensemble,18999999999.999916,33892046546.245472,14892046546.245556,0.7837919234866116,chotot,Huyện Hóc Môn,Đất,Đất/đất nền,Xã Nhị Bình,4200,4,4523809.523809524
sale,Tuned RF/XGBoost Ensemble,3480000000.0000014,3661733323.997501,181733323.99749947,0.05222221953951132,chotot,Huyện Hóc Môn,Đất,Đất/đất nền,Xã Bà Điểm,150,4,23200000
sale,Tuned RF/XGBoost Ensemble,9000000000.000015,18621037134.42438,9621037134.424366,1.06900412604715,chotot,Huyện Hóc Môn,Đất,Đất/đất nền,Xã Nhị Bình,1410,4,6382978.723404256
sale,Tuned RF/XGBoost Ensemble,3200000000.000002,5638381661.125748,2438381661.125746,0.7619942691017951,chotot,Huyện Hóc Môn,Đất,Đất/đất nền,Xã Nhị Bình,277,4,11552346.570397113
sale,Tuned RF/XGBoost Ensemble,2600000000.0000024,3002984039.458613,402984039.45861053,0.15499386133023468,chotot,Quận Gò Vấp,Căn hộ/Chung cư,Căn hộ,Phường 5,65,3,40000000
sale,Tuned RF/XGBoost Ensemble,2600000000.0000024,3004328546.3540816,404328546.35407925,0.1555109793669534,chotot,Quận Gò Vấp,Căn hộ/Chung cư,Căn hộ,Phường 5,65,3,40000000
sale,Tuned RF/XGBoost Ensemble,2080000000.0000048,2470397387.9337025,390397387.9336977,0.1876910518912004,chotot,Quận Gò Vấp,Căn hộ/Chung cư,Căn hộ,Phường 1,52,2,40000000
sale,Tuned RF/XGBoost Ensemble,2099999999.9999976,2067267579.4773686,32732420.522629023,0.015586866915537647,chotot,Quận Gò Vấp,Căn hộ/Chung cư,Căn hộ,Phường 14,50,2,42000000
sale,Tuned RF/XGBoost Ensemble,1699999999.9999986,2711611862.7328935,1011611862.7328949,0.5950658016075857,chotot,Quận Gò Vấp,Căn hộ/Chung cư,Căn hộ,Phường 14,65.6998,2,25875269.026694145
sale,Tuned RF/XGBoost Ensemble,10500000000,11703805609.615334,1203805609.6153336,0.11464815329669843,chotot,Quận 3,Nhà ở,Nhà phố/nhà ở,Phường Võ Thị Sáu,49,4,214285714.2857143
sale,Tuned RF/XGBoost Ensemble,32000000000.00004,21822991806.51278,10177008193.487259,0.31803150604647645,chotot,Quận 3,Nhà ở,Nhà phố/nhà ở,Phường 9,72,10,444444444.4444444
sale,Tuned RF/XGBoost Ensemble,10500000000,5088945920.091737,5411054079.908263,0.515338483800787,chotot,Quận 3,Nhà ở,Nhà phố/nhà ở,Phường Võ Thị Sáu,17.2,4,610465116.2790698
sale,Tuned RF/XGBoost Ensemble,116999999999.99983,66572294083.13691,50427705916.86292,0.43100603347746147,chotot,Quận 3,Nhà ở,Nhà phố/nhà ở,Phường Võ Thị Sáu,150.6999,8,776377422.9445407
sale,Tuned RF/XGBoost Ensemble,5960000000.000013,4479939103.009856,1480060896.9901571,0.24833236526680433,chotot,Quận 3,Nhà ở,Nhà phố/nhà ở,Phường 2,22,2,270909090.90909094
sale,Tuned RF/XGBoost Ensemble,4999999999.999992,3352159154.3841534,1647840845.615839,0.32956816912316833,chotot,Quận Tân Phú,Căn hộ/Chung cư,Căn hộ,Phường Sơn Kỳ,63,2,79365079.36507936
sale,Tuned RF/XGBoost Ensemble,3400000000.0000005,4319358180.562497,919358180.5624967,0.2703994648713225,chotot,Quận Tân Phú,Căn hộ/Chung cư,Căn hộ,Phường Phú Thọ Hòa,78,2,43589743.58974359
sale,Tuned RF/XGBoost Ensemble,5600000000.000005,4444347590.607121,1155652409.3928833,0.20636650167730042,chotot,Quận Tân Phú,Căn hộ/Chung cư,Căn hộ,Phường Sơn Kỳ,71.1998,2,78651906.32557957
sale,Tuned RF/XGBoost Ensemble,4050000000.000019,3731265117.1199956,318734882.8800235,0.07869997108148691,chotot,Quận Tân Phú,Căn hộ/Chung cư,Căn hộ,Phường Phú Trung,68,2,59558823.52941176
sale,Tuned RF/XGBoost Ensemble,6950000000.000034,5800243616.6143675,1149756383.3856668,0.165432573149016,chotot,Quận Tân Phú,Căn hộ/Chung cư,Căn hộ,Phường Sơn Kỳ,85,2,81764705.88235295
sale,Tuned RF/XGBoost Ensemble,1780000000.000001,2317065876.259672,537065876.2596712,0.3017224023930736,chotot,Quận 8,Căn hộ/Chung cư,Căn hộ,Phường 16,52,1,34230769.23076923
sale,Tuned RF/XGBoost Ensemble,4150000000.000004,3429539831.0017996,720460168.9982042,0.17360485999956712,chotot,Quận 8,Căn hộ/Chung cư,Căn hộ,Phường 6,80,3,51875000
sale,Tuned RF/XGBoost Ensemble,3500000000.000005,3189089177.29251,310910822.70749474,0.08883166363071265,chotot,Quận 8,Căn hộ/Chung cư,Căn hộ,Phường 6,65,2,53846153.84615385
sale,Tuned RF/XGBoost Ensemble,3599999999.9999967,3383509731.635896,216490268.36410046,0.060136185656694624,chotot,Quận 8,Căn hộ/Chung cư,Căn hộ,Phường 14,68,2,52941176.47058824
sale,Tuned RF/XGBoost Ensemble,3699999999.999994,4202000257.071089,502000257.071095,0.1356757451543502,chotot,Quận 5,Nhà ở,Nhà phố/nhà ở,Phường 12,24,2,154166666.66666666
sale,Tuned RF/XGBoost Ensemble,22999999999.99998,20770736328.319954,2229263671.680027,0.09692450746434908,chotot,Quận 5,Nhà ở,Nhà phố/nhà ở,Phường 14,74.8,5,307486631.01604277
sale,Tuned RF/XGBoost Ensemble,4999999999.999992,4584763095.643073,415236904.3569193,0.08304738087138398,chotot,Quận 5,Nhà ở,Nhà phố/nhà ở,Phường 2,24,3,208333333.33333337
sale,Tuned RF/XGBoost Ensemble,5749999999.999991,6976623843.595585,1226623843.5955935,0.21332588584271223,chotot,Quận 5,Nhà ở,Nhà phố/nhà ở,Phường 2,30,4,191666666.66666663
sale,Tuned RF/XGBoost Ensemble,5299999999.999993,6062940208.052676,762940208.0526829,0.1439509826514498,chotot,Quận 12,Đất,Đất/đất nền,Phường Thới An,115,4,46086956.52173913
sale,Tuned RF/XGBoost Ensemble,7500000000.0000105,5467302818.173568,2032697181.8264427,0.271026290910192,chotot,Quận 12,Đất,Đất/đất nền,Phường An Phú Đông,92.4,4,81168831.16883117
sale,Tuned RF/XGBoost Ensemble,8190000000.000004,9674112675.702696,1484112675.702692,0.18121033891363753,chotot,Quận 12,Đất,Đất/đất nền,Phường Trung Mỹ Tây,235,4,34851063.82978723
sale,Tuned RF/XGBoost Ensemble,2980000000.000008,3834969525.8128815,854969525.8128734,0.2869025254405608,chotot,Quận 12,Đất,Đất/đất nền,Phường Thạnh Xuân,68,4,43823529.4117647
sale,Tuned RF/XGBoost Ensemble,3200000000.000002,4022564227.017847,822564227.0178452,0.2570513209430765,chotot,Quận Phú Nhuận,Căn hộ/Chung cư,Căn hộ,Phường 7,53,1,60377358.49056604
sale,Tuned RF/XGBoost Ensemble,4700000000.000007,3782413967.521886,917586032.4781208,0.19523107074002544,chotot,Quận Phú Nhuận,Căn hộ/Chung cư,Căn hộ,Phường 7,62,2,75806451.61290322
sale,Tuned RF/XGBoost Ensemble,3599999999.9999967,2426107257.9013762,1173892742.0986204,0.3260813172496171,chotot,Quận Phú Nhuận,Căn hộ/Chung cư,Căn hộ,Phường 9,36,1,100000000
sale,Tuned RF/XGBoost Ensemble,19999999999.999992,9943211200.35093,10056788799.649063,0.5028394399824534,chotot,Quận Phú Nhuận,Căn hộ/Chung cư,Căn hộ,Phường 7,118,1,169491525.42372882
sale,Tuned RF/XGBoost Ensemble,4899999999.999995,4229134110.230045,670865889.7699504,0.1369114060755002,chotot,Quận Phú Nhuận,Căn hộ/Chung cư,Căn hộ,Phường 7,66,2,74242424.24242425
sale,Tuned RF/XGBoost Ensemble,2900000000.0000033,3951309014.040306,1051309014.0403028,0.3625203496690695,chotot,Quận Phú Nhuận,Căn hộ/Chung cư,Căn hộ,Phường 9,65,2,44615384.615384616
sale,Tuned RF/XGBoost Ensemble,4599999999.999997,5716736120.395196,1116736120.3951988,0.24276872182504336,chotot,Quận Tân Phú,Nhà ở,Nhà phố/nhà ở,Phường Phú Thọ Hòa,50,3,92000000
sale,Tuned RF/XGBoost Ensemble,15500000000.00002,16314669571.773981,814669571.773962,0.05255932721122329,chotot,Quận Tân Phú,Nhà ở,Nhà phố/nhà ở,Phường Tân Quý,145,1,106896551.72413792
sale,Tuned RF/XGBoost Ensemble,18499999999.999985,16091713088.606697,2408286911.3932877,0.13017767088612375,chotot,Quận Tân Phú,Nhà ở,Nhà phố/nhà ở,Phường Tân Sơn Nhì,94,7,196808510.6382979
sale,Tuned RF/XGBoost Ensemble,13999999999.999975,12743987737.246141,1256012262.7538338,0.089715161625274,chotot,Quận Tân Phú,Nhà ở,Nhà phố/nhà ở,Phường Phú Thạnh,93.5999,4,149572809.37265956
sale,Tuned RF/XGBoost Ensemble,6500000000.000007,7862088043.143455,1362088043.1434479,0.2095520066374533,chotot,Quận Tân Phú,Nhà ở,Nhà phố/nhà ở,Phường Tân Quý,72,2,90277777.77777778
sale,Tuned RF/XGBoost Ensemble,5449999999.999992,6059889119.262616,609889119.2626238,0.11190626041516048,chotot,Quận 10,Căn hộ/Chung cư,Căn hộ,Phường 14,74,2,73648648.64864865
sale,Tuned RF/XGBoost Ensemble,6999999999.99999,5905815750.451558,1094184249.5484324,0.15631203564977628,chotot,Quận 10,Căn hộ/Chung cư,Căn hộ,Phường 14,70,2,100000000
sale,Tuned RF/XGBoost Ensemble,7500000000.0000105,6414814529.449697,1085185470.550314,0.144691396073375,chotot,Quận 10,Căn hộ/Chung cư,Căn hộ,Phường 14,78,2,96153846.15384616
sale,Tuned RF/XGBoost Ensemble,3599999999.9999967,10329131946.765158,6729131946.7651615,1.8692033185458798,chotot,Quận 1,Căn hộ/Chung cư,Căn hộ,Phường Cầu Kho,95,2,37894736.84210526
sale,Tuned RF/XGBoost Ensemble,17999999999.99997,9067785207.492329,8932214792.50764,0.49623415513931424,chotot,Quận 1,Căn hộ/Chung cư,Căn hộ,Phường Bến Nghé,70,2,257142857.14285713
sale,Tuned RF/XGBoost Ensemble,42000000000.00006,33242807330.873955,8757192669.126106,0.20850458736014507,chotot,Quận 1,Căn hộ/Chung cư,Căn hộ,Phường Cầu Kho,200,4,210000000
sale,Tuned RF/XGBoost Ensemble,5899999999.999993,6099471077.147946,199471077.14795303,0.03380865714372089,chotot,Huyện Nhà Bè,Đất,Đất/đất nền,Thị trấn Nhà Bè,120,4,49166666.666666664
sale,Tuned RF/XGBoost Ensemble,6300000000.000003,8088140750.88138,1788140750.8813772,0.2838318652192661,chotot,Huyện Nhà Bè,Đất,Đất/đất nền,Xã Nhơn Đức,170,4,37058823.52941176
sale,Tuned RF/XGBoost Ensemble,10799999999.999964,6923444680.16682,3876555319.833144,0.358940307391959,chotot,Huyện Nhà Bè,Đất,Đất/đất nền,Xã Long Thới,253,4,42687747.035573125
sale,Tuned RF/XGBoost Ensemble,3290000000.0000024,3992221895.3344007,702221895.3343983,0.21344130557276528,chotot,Huyện Nhà Bè,Đất,Đất/đất nền,Thị trấn Nhà Bè,57.2999,4,57417203.171384245
sale,Tuned RF/XGBoost Ensemble,7200000000,5998811365.190734,1201188634.809266,0.1668317548346203,chotot,Quận 7,Căn hộ/Chung cư,Căn hộ,Phường Phú Mỹ,117,3,61538461.538461536
sale,Tuned RF/XGBoost Ensemble,5490000000.000003,9404791337.320238,3914791337.3202353,0.7130767463242683,chotot,Quận 7,Căn hộ/Chung cư,Căn hộ,Phường Tân Phong,110,2,49909090.90909091
sale,Tuned RF/XGBoost Ensemble,4349999999.999993,3627412546.220881,722587453.7791123,0.16611205834002607,chotot,Quận 7,Căn hộ/Chung cư,Căn hộ,Phường Phú Thuận,58,1,75000000
sale,Tuned RF/XGBoost Ensemble,13799999999.99998,7638920089.0676,6161079910.932381,0.4464550660095934,chotot,Quận Tân Phú,Nhà ở,Nhà phố/nhà ở,Phường Tây Thạnh,70,4,197142857.14285713
sale,Tuned RF/XGBoost Ensemble,6960000000.0000105,7275105744.673269,315105744.6732588,0.045273813889835965,chotot,Quận Tân Phú,Nhà ở,Nhà phố/nhà ở,Phường Sơn Kỳ,64,3,108750000
sale,Tuned RF/XGBoost Ensemble,3899999999.9999948,3720643111.3537545,179356888.64624023,0.045988945806728326,chotot,Quận Tân Phú,Nhà ở,Nhà phố/nhà ở,Phường Hiệp Tân,36,2,108333333.33333331
sale,Tuned RF/XGBoost Ensemble,2949999999.999995,3661013619.4417186,711013619.4417233,0.24102156591244897,chotot,Quận Tân Phú,Nhà ở,Nhà phố/nhà ở,Phường Sơn Kỳ,30,2,98333333.33333331
sale,Tuned RF/XGBoost Ensemble,4790000000.000001,5124813929.996215,334813929.9962139,0.0698985240075603,chotot,Quận 6,Nhà ở,Nhà phố/nhà ở,Phường 10,30,2,159666666.66666666
sale,Tuned RF/XGBoost Ensemble,12499999999.999949,11589249028.237276,910750971.7626724,0.07286007774101409,chotot,Quận 6,Nhà ở,Nhà phố/nhà ở,Phường 10,72,4,173611111.1111111
sale,Tuned RF/XGBoost Ensemble,14500000000.00002,9493736466.648582,5006263533.351437,0.3452595540242366,chotot,Quận 6,Nhà ở,Nhà phố/nhà ở,Phường 10,64,1,226562500
sale,Tuned RF/XGBoost Ensemble,6799999999.999998,5987202229.234739,812797770.7652588,0.1195290839360675,chotot,Quận 12,Nhà ở,Nhà phố/nhà ở,Phường Đông Hưng Thuận,84,3,80952380.95238096
sale,Tuned RF/XGBoost Ensemble,4150000000.000004,5733812079.725127,1583812079.7251234,0.3816414649940053,chotot,Quận 12,Nhà ở,Nhà phố/nhà ở,Phường Thạnh Lộc,81,4,51234567.90123457
sale,Tuned RF/XGBoost Ensemble,3090000000.0000033,3098168261.4083095,8168261.408306122,0.0026434502939501983,chotot,Quận 12,Nhà ở,Nhà phố/nhà ở,Phường Tân Thới Hiệp,48,2,64375000
sale,Tuned RF/XGBoost Ensemble,19199999999.99999,9785755852.220276,9414244147.779713,0.49032521603019363,chotot,Quận 12,Nhà ở,Nhà phố/nhà ở,Phường Tân Chánh Hiệp,150,5,128000000
sale,Tuned RF/XGBoost Ensemble,6249999999.999985,8533294698.833461,2283294698.833476,0.36532715181335707,chotot,Quận 12,Nhà ở,Biệt thự/cao cấp,Phường Tân Chánh Hiệp,80,6,78125000
sale,Tuned RF/XGBoost Ensemble,2850000000.000006,3185865607.742741,335865607.7427349,0.11784758166411725,chotot,Huyện Nhà Bè,Căn hộ/Chung cư,Căn hộ,Xã Phước Kiển,62,2,45967741.93548387
sale,Tuned RF/XGBoost Ensemble,3699999999.999994,4299165676.862268,599165676.8622746,0.16193666942223667,chotot,Huyện Nhà Bè,Căn hộ/Chung cư,Căn hộ,Xã Phước Kiển,94,2,39361702.127659574
sale,Tuned RF/XGBoost Ensemble,3133000000.000002,2579072508.5450053,553927491.4549966,0.17680417856846353,chotot,Huyện Nhà Bè,Căn hộ/Chung cư,Căn hộ,Xã Phước Kiển,48.5,1,64597938.1443299
sale,Tuned RF/XGBoost Ensemble,7559999999.99999,4712837122.513569,2847162877.4864216,0.3766088462283631,chotot,Huyện Nhà Bè,Căn hộ/Chung cư,Căn hộ,Xã Phước Kiển,90.5998,3,83443892.81212541
sale,Tuned RF/XGBoost Ensemble,4949999999.999992,5846076111.858361,896076111.8583689,0.1810254771431051,chotot,Huyện Nhà Bè,Căn hộ/Chung cư,Căn hộ,Xã Phước Kiển,126,3,39285714.28571428
sale,Tuned RF/XGBoost Ensemble,3000000000.0000014,3832478704.8080544,832478704.808053,0.2774929016026842,chotot,Huyện Nhà Bè,Căn hộ/Chung cư,Căn hộ,Xã Phú Xuân,76,2,39473684.21052632
sale,Tuned RF/XGBoost Ensemble,809999999.9999987,1063895576.0808744,253895576.08087575,0.31345132849490887,chotot,Huyện Củ Chi,Nhà ở,Nhà phố/nhà ở,Xã Tân Phú Trung,85.6998,1,9451597.319947071
sale,Tuned RF/XGBoost Ensemble,1499999999.999998,1707354101.2933662,207354101.2933681,0.13823606752891224,chotot,Huyện Củ Chi,Nhà ở,Nhà phố/nhà ở,Xã Tân Thông Hội,66,2,22727272.727272727
sale,Tuned RF/XGBoost Ensemble,1400000000,1560602854.0025477,160602854.00254774,0.1147163242875341,chotot,Huyện Củ Chi,Nhà ở,Nhà phố/nhà ở,Xã Bình Mỹ,56,2,25000000
sale,Tuned RF/XGBoost Ensemble,3299999999.999999,2431992629.6954947,868007370.3045044,0.2630325364559105,chotot,Quận Tân Phú,Căn hộ/Chung cư,Căn hộ,Phường Tân Thành,48,2,68750000
sale,Tuned RF/XGBoost Ensemble,4100000000.0000052,3159225217.23224,940774782.767765,0.2294572640896985,chotot,Quận Tân Phú,Căn hộ/Chung cư,Căn hộ,Phường Hòa Thạnh,58,2,70689655.1724138
sale,Tuned RF/XGBoost Ensemble,2450000000.000003,2556624952.3602057,106624952.36020279,0.04352038871845007,chotot,Quận Tân Phú,Căn hộ/Chung cư,Căn hộ,Phường Hiệp Tân,49,1,50000000
sale,Tuned RF/XGBoost Ensemble,4300000000.000001,4031023860.0209246,268976139.9790764,0.06255259069280845,chotot,Quận Tân Phú,Căn hộ/Chung cư,Căn hộ,Phường Sơn Kỳ,68,2,63235294.11764706
sale,Tuned RF/XGBoost Ensemble,4189999999.9999933,4436961716.493908,246961716.4939146,0.05894074379329713,chotot,Quận Tân Phú,Căn hộ/Chung cư,Căn hộ,Phường Sơn Kỳ,70,2,59857142.85714286
sale,Tuned RF/XGBoost Ensemble,4050000000.000019,3026126730.598976,1023873269.4010429,0.252808214666923,chotot,Quận Tân Phú,Căn hộ/Chung cư,Căn hộ,Phường Hiệp Tân,60,2,67500000
sale,Tuned RF/XGBoost Ensemble,3049999999.9999986,3745912988.0281196,695912988.028121,0.22816819279610534,chotot,Quận Tân Phú,Căn hộ/Chung cư,Căn hộ,Phường Sơn Kỳ,70,2,43571428.571428575
sale,Tuned RF/XGBoost Ensemble,8300000000.000012,6272449918.650065,2027550081.349947,0.24428314233131854,chotot,Quận 6,Nhà ở,Nhà phố/nhà ở,Phường 11,65,2,127692307.6923077
sale,Tuned RF/XGBoost Ensemble,11800000000.000002,15041497806.079176,3241497806.079174,0.2747032039050147,chotot,Quận 6,Nhà ở,Nhà phố/nhà ở,Phường 11,90,6,131111111.1111111
sale,Tuned RF/XGBoost Ensemble,7500000000.0000105,6815111132.229151,684888867.7708597,0.09131851570278117,chotot,Quận 6,Nhà ở,Nhà phố/nhà ở,Phường 13,56,4,133928571.42857143
sale,Tuned RF/XGBoost Ensemble,19499999999.999924,22889707770.502304,3389707770.5023804,0.17383116771807147,chotot,Quận 6,Nhà ở,Nhà phố/nhà ở,Phường 11,160,4,121875000
sale,Tuned RF/XGBoost Ensemble,8799999999.999994,9108351881.59812,308351881.59812546,0.035039986545241555,chotot,Quận 6,Nhà ở,Nhà phố/nhà ở,Phường 10,64,5,137500000
sale,Tuned RF/XGBoost Ensemble,4300000000.000001,5171225179.349011,871225179.3490105,0.20261050682535123,chotot,Quận 6,Nhà ở,Nhà phố/nhà ở,Phường 11,36,3,119444444.44444443
sale,Tuned RF/XGBoost Ensemble,15500000000.00002,17766122384.043587,2266122384.0435677,0.14620144413184288,chotot,Quận 6,Nhà ở,Nhà phố/nhà ở,Phường 10,84,8,184523809.52380952
sale,Tuned RF/XGBoost Ensemble,6199999999.999969,6217895763.571861,17895763.57189274,0.002886413479337553,chotot,Quận 5,Căn hộ/Chung cư,Căn hộ,Không rõ,106,3,58490566.03773585
sale,Tuned RF/XGBoost Ensemble,2200000000.000003,2221854032.6536713,21854032.653668404,0.009933651206212897,chotot,Quận 5,Căn hộ/Chung cư,Căn hộ,Phường 8,38.29,1,57456254.89683991
sale,Tuned RF/XGBoost Ensemble,4999999999.999992,4783756721.462713,216243278.53727913,0.04324865570745589,chotot,Quận 5,Căn hộ/Chung cư,Căn hộ,Phường 11,86,2,58139534.88372093
sale,Tuned RF/XGBoost Ensemble,4000000000.0000157,4158462378.251138,158462378.25112247,0.039615594562780465,chotot,Quận 5,Căn hộ/Chung cư,Căn hộ,Phường 1,70,2,57142857.14285714
sale,Tuned RF/XGBoost Ensemble,5699999999.999994,4516342635.993311,1183657364.0066833,0.2076591866678394,chotot,Huyện Nhà Bè,Nhà ở,Nhà phố/nhà ở,Thị trấn Nhà Bè,65,2,87692307.6923077
sale,Tuned RF/XGBoost Ensemble,2249999999.9999957,2256235223.845279,6235223.845283508,0.002771210597903787,chotot,Huyện Nhà Bè,Nhà ở,Nhà phố/nhà ở,Thị trấn Nhà Bè,25.6,4,87890625
sale,Tuned RF/XGBoost Ensemble,2949999999.999995,5236218356.233371,2286218356.2333755,0.7749892732994506,chotot,Huyện Nhà Bè,Nhà ở,Nhà phố/nhà ở,Xã Phước Kiển,45,4,65555555.55555555
sale,Tuned RF/XGBoost Ensemble,3699999999.999994,2722931470.9355407,977068529.0644531,0.2640725754228256,chotot,Quận Bình Tân,Căn hộ/Chung cư,Căn hộ,Phường An Lạc A,61,2,60655737.704918034
sale,Tuned RF/XGBoost Ensemble,3500000000.000005,2677059545.9927483,822940454.0072565,0.23512584400207298,chotot,Quận Bình Tân,Căn hộ/Chung cư,Căn hộ,Phường An Lạc,56,2,62500000
sale,Tuned RF/XGBoost Ensemble,2669999999.999996,3298531687.3457236,628531687.3457274,0.23540512634671473,chotot,Quận Bình Tân,Căn hộ/Chung cư,Căn hộ,Phường Tân Tạo A,79,2,33797468.35443038
sale,Tuned RF/XGBoost Ensemble,2180000000.0000014,2734713058.7049365,554713058.7049351,0.25445553151602507,chotot,Quận Bình Tân,Căn hộ/Chung cư,Căn hộ,Không rõ,51,1,42745098.03921568
sale,Tuned RF/XGBoost Ensemble,2099999999.9999976,2220271562.387262,120271562.38726425,0.057272172565363995,chotot,Quận Bình Tân,Căn hộ/Chung cư,Căn hộ,Phường Tân Tạo A,55,2,38181818.18181818
sale,Tuned RF/XGBoost Ensemble,7500000000.0000105,8980626519.031458,1480626519.0314474,0.1974168692041927,chotot,Quận Gò Vấp,Căn hộ/Chung cư,Tòa nhà/văn phòng/mặt bằng,Phường 6,171,3,43859649.12280702
sale,Tuned RF/XGBoost Ensemble,2249999999.9999957,2077493552.5477948,172506447.4522009,0.07666953220097832,chotot,Quận Gò Vấp,Căn hộ/Chung cư,Căn hộ,Phường 14,50,2,45000000
sale,Tuned RF/XGBoost Ensemble,21999999999.999966,17549332386.23498,4450667613.764984,0.20230307335295414,chotot,Quận Gò Vấp,Căn hộ/Chung cư,Căn hộ,Phường 12,138.6,11,158730158.73015875
sale,Tuned RF/XGBoost Ensemble,3049999999.9999986,3355865283.159779,305865283.1597805,0.1002836993966494,chotot,Quận Gò Vấp,Căn hộ/Chung cư,Căn hộ,Phường 17,65,2,46923076.92307692
sale,Tuned RF/XGBoost Ensemble,3200000000.000002,3492315638.4357605,292315638.4357586,0.0913486370111745,chotot,Quận Gò Vấp,Căn hộ/Chung cư,Căn hộ,Phường 15,68,2,47058823.52941176
sale,Tuned RF/XGBoost Ensemble,11300000000.000011,15935377323.070173,4635377323.070162,0.4102103825725803,chotot,Quận Tân Bình,Nhà ở,Nhà phố/nhà ở,Phường 2,116,3,97413793.10344829
sale,Tuned RF/XGBoost Ensemble,9499999999.999992,10512138970.277315,1012138970.2773228,0.10654094423971827,chotot,Quận Tân Bình,Nhà ở,Đất/đất nền,Phường 15,72,5,131944444.44444443
sale,Tuned RF/XGBoost Ensemble,5280000000.00001,4946646107.493177,333353892.5068321,0.06313520691417264,chotot,Quận Tân Bình,Nhà ở,Nhà phố/nhà ở,Phường 5,37,3,142702702.7027027
sale,Tuned RF/XGBoost Ensemble,14999999999.999996,14761410517.24357,238589482.75642586,0.015905965517095062,chotot,Quận Tân Bình,Nhà ở,Nhà phố/nhà ở,Phường 12,133,2,112781954.88721804
sale,Tuned RF/XGBoost Ensemble,2249999999.9999957,3596166230.0831223,1346166230.0831265,0.5982961022591685,chotot,Thành phố Thủ Đức,Đất,Đất/đất nền,Phường Long Bình (Quận 9 cũ),50,4,45000000
sale,Tuned RF/XGBoost Ensemble,24499999999.999966,16888983012.719793,7611016987.280172,0.3106537545828646,chotot,Thành phố Thủ Đức,Đất,Đất/đất nền,Phường Phước Long B (Quận 9 cũ),240,4,102083333.33333331
sale,Tuned RF/XGBoost Ensemble,650000000.000001,1745163166.689136,1095163166.689135,1.6848664102909745,chotot,Huyện Bình Chánh,Đất,Đất/đất nền,Xã Vĩnh Lộc A,52,4,12500000
sale,Tuned RF/XGBoost Ensemble,2500000000.0000005,1649651073.275844,850348926.7241564,0.3401395706896625,chotot,Huyện Bình Chánh,Đất,Đất/đất nền,Xã Bình Lợi,80,4,31250000
sale,Tuned RF/XGBoost Ensemble,4999999999.999992,11843508851.812965,6843508851.812973,1.3687017703625968,chotot,Huyện Bình Chánh,Đất,Đất/đất nền,Xã Tân Nhựt,2000,4,2500000
sale,Tuned RF/XGBoost Ensemble,1038999999.9999986,1622762330.0435898,583762330.0435913,0.5618501732854592,chotot,Huyện Bình Chánh,Đất,Đất/đất nền,Xã Bình Hưng,80,4,12987500
sale,Tuned RF/XGBoost Ensemble,2649999999.9999967,2647344584.4377656,2655415.562231064,0.001002043608389082,chotot,Quận Gò Vấp,Nhà ở,Nhà phố/nhà ở,Phường 9,16.5,1,160606060.6060606
sale,Tuned RF/XGBoost Ensemble,4100000000.0000052,4225286361.799622,125286361.79961681,0.030557649219418694,chotot,Quận Gò Vấp,Nhà ở,Nhà phố/nhà ở,Phường 12,30,3,136666666.66666666
sale,Tuned RF/XGBoost Ensemble,6000000000.000004,5915073806.362356,84926193.63764763,0.014154365606274595,chotot,Quận Gò Vấp,Nhà ở,Nhà phố/nhà ở,Phường 8,50,4,120000000
sale,Tuned RF/XGBoost Ensemble,2200000000.000003,1467260024.1037865,732739975.8962164,0.33306362540737067,chotot,Huyện Bình Chánh,Căn hộ/Chung cư,Căn hộ,Xã Bình Chánh,51,2,43137254.90196078
sale,Tuned RF/XGBoost Ensemble,8300000000.000012,7267528987.629771,1032471012.3702412,0.12439409787593249,chotot,Huyện Nhà Bè,Nhà ở,Nhà phố/nhà ở,Thị trấn Nhà Bè,115,4,72173913.04347827
sale,Tuned RF/XGBoost Ensemble,4150000000.000004,5050532132.553599,900532132.5535955,0.21699569459122764,chotot,Huyện Nhà Bè,Nhà ở,Nhà phố/nhà ở,Xã Nhơn Đức,60,4,69166666.66666667
sale,Tuned RF/XGBoost Ensemble,5749999999.999991,4839162695.071547,910837304.9284449,0.15840648781364283,chotot,Huyện Nhà Bè,Nhà ở,Nhà phố/nhà ở,Thị trấn Nhà Bè,64,3,89843750
sale,Tuned RF/XGBoost Ensemble,14999999999.999996,8720900287.205744,6279099712.794252,0.41860664751961696,chotot,Quận 1,Căn hộ/Chung cư,Căn hộ,Phường Bến Nghé,68,2,220588235.2941177
sale,Tuned RF/XGBoost Ensemble,4499999999.999999,4387489511.978314,112510488.02168465,0.02500233067148548,chotot,Quận 1,Căn hộ/Chung cư,Căn hộ,Phường Bến Nghé,40,1,112500000
sale,Tuned RF/XGBoost Ensemble,5499999999.999991,7382895772.54563,1882895772.545639,0.3423446859173894,chotot,Quận 1,Căn hộ/Chung cư,Căn hộ,Phường Cô Giang,76,2,72368421.05263157
sale,Tuned RF/XGBoost Ensemble,3899999999.9999948,3710812816.548567,189187183.45142794,0.04850953421831492,chotot,Quận 11,Căn hộ/Chung cư,Căn hộ,Phường 15,65,2,60000000
sale,Tuned RF/XGBoost Ensemble,5949999999.99999,5265526761.221487,684473238.7785034,0.11503751912243773,chotot,Quận Phú Nhuận,Nhà ở,Biệt thự/cao cấp,Phường 13,28,3,212500000
sale,Tuned RF/XGBoost Ensemble,5949999999.99999,6190706921.242237,240706921.24224663,0.04045494474659614,chotot,Quận Phú Nhuận,Nhà ở,Nhà phố/nhà ở,Phường 7,40,3,148750000
sale,Tuned RF/XGBoost Ensemble,2740000000.000004,2506217154.177902,233782845.8221016,0.08532220650441652,chotot,Quận Phú Nhuận,Nhà ở,Nhà phố/nhà ở,Phường 15,13.1,2,209160305.34351143
sale,Tuned RF/XGBoost Ensemble,5380000000.000003,9425126211.269339,4045126211.2693357,0.7518821954032219,chotot,Quận Phú Nhuận,Nhà ở,Nhà phố/nhà ở,Phường 3,49.2,7,109349593.49593496
sale,Tuned RF/XGBoost Ensemble,11500000000.000008,11009103870.542463,490896129.4575443,0.042686619952829914,chotot,Quận Phú Nhuận,Nhà ở,Nhà phố/nhà ở,Phường 10,83,1,138554216.86746988
sale,Tuned RF/XGBoost Ensemble,1871999999.9999998,1456190270.779044,415809729.22095585,0.22212058184880124,chotot,Huyện Bình Chánh,Căn hộ/Chung cư,Căn hộ,Xã Bình Chánh,51,2,36705882.35294118
sale,Tuned RF/XGBoost Ensemble,6500000000.000007,5390112463.008688,1109887536.9913187,0.17075192876789502,chotot,Huyện Bình Chánh,Căn hộ/Chung cư,Căn hộ,Xã Bình Hưng,138,3,47101449.27536232
sale,Tuned RF/XGBoost Ensemble,3000000000.0000014,3530646218.8553457,530646218.8553443,0.17688207295178135,chotot,Quận 7,Căn hộ/Chung cư,Căn hộ,Phường Phú Thuận,56,1,53571428.571428575
sale,Tuned RF/XGBoost Ensemble,4150000000.000004,3968978719.36796,181021280.63204384,0.04361958569446835,chotot,Quận 7,Căn hộ/Chung cư,Căn hộ,Phường Phú Thuận,67,2,61940298.50746269
sale,Tuned RF/XGBoost Ensemble,5619999999.999991,5154593113.146044,465406886.85394764,0.08281261331920789,chotot,Quận Bình Tân,Nhà ở,Nhà phố/nhà ở,Phường Bình Hưng Hoà A,58,3,96896551.72413792
sale,Tuned RF/XGBoost Ensemble,4899999999.999995,5404742100.27017,504742100.270175,0.10300859189187254,chotot,Quận Bình Tân,Nhà ở,Nhà phố/nhà ở,Phường Tân Tạo,54,4,90740740.74074076
sale,Tuned RF/XGBoost Ensemble,7689999999.999968,6661749662.421836,1028250337.5781317,0.13371265768246243,chotot,Quận Bình Tân,Nhà ở,Nhà phố/nhà ở,Phường Tân Tạo,64,5,120156250
sale,Tuned RF/XGBoost Ensemble,6000000000.000004,6238622423.9110365,238622423.91103268,0.039770403985172086,chotot,Quận Bình Tân,Nhà ở,Nhà phố/nhà ở,Phường Bình Hưng Hoà A,64,4,93750000
sale,Tuned RF/XGBoost Ensemble,10799999999.999964,8578219174.584208,2221780825.415756,0.2057204467977559,chotot,Quận Bình Tân,Nhà ở,Nhà phố/nhà ở,Phường An Lạc,80,4,135000000
sale,Tuned RF/XGBoost Ensemble,4899999999.999995,4813321186.685796,86678813.31419945,0.01768955373759174,chotot,Quận Tân Bình,Căn hộ/Chung cư,Căn hộ,Phường 15,100,3,49000000
sale,Tuned RF/XGBoost Ensemble,7799999999.999991,3141145731.3602953,4658854268.639696,0.5972890087999617,chotot,Quận Tân Bình,Căn hộ/Chung cư,Căn hộ,Phường 10,42,3,185714285.7142857
sale,Tuned RF/XGBoost Ensemble,1549999999.9999998,1741647357.656201,191647357.65620112,0.12364345655238784,chotot,Quận Tân Bình,Căn hộ/Chung cư,Căn hộ,Phường 6,24,2,64583333.333333336
sale,Tuned RF/XGBoost Ensemble,1899999999.9999948,2236124549.4426436,336124549.4426489,0.17690765760139465,chotot,Quận Tân Bình,Căn hộ/Chung cư,Căn hộ,Phường 1,36,2,52777777.777777776
sale,Tuned RF/XGBoost Ensemble,4400000000.000008,5823237168.167027,1423237168.1670198,0.3234629927652312,chotot,Quận 1,Nhà ở,Nhà phố/nhà ở,Phường Nguyễn Cư Trinh,31,2,141935483.87096775
sale,Tuned RF/XGBoost Ensemble,15250000000.000063,15886189099.274519,636189099.274456,0.041717317985210056,chotot,Quận 1,Nhà ở,Nhà phố/nhà ở,Phường Cầu Ông Lãnh,60,9,254166666.66666663
sale,Tuned RF/XGBoost Ensemble,7900000000,9110850062.644943,1210850062.6449432,0.15327215982847384,chotot,Quận 1,Nhà ở,Nhà phố/nhà ở,Phường Tân Định,40,4,197500000
sale,Tuned RF/XGBoost Ensemble,10299999999.999994,7511394156.598125,2788605843.401869,0.27073843139823983,chotot,Quận 1,Nhà ở,Nhà phố/nhà ở,Phường Cầu Kho,33,4,312121212.1212121
sale,Tuned RF/XGBoost Ensemble,3400000000.0000005,4059580441.840234,659580441.8402333,0.1939942476000686,chotot,Thành phố Thủ Đức,Căn hộ/Chung cư,Căn hộ,Phường Long Thạnh Mỹ (Quận 9 cũ),82,3,41463414.63414634
sale,Tuned RF/XGBoost Ensemble,2400000000.0000014,2901646286.9514365,501646286.9514351,0.20901928622976448,chotot,Thành phố Thủ Đức,Căn hộ/Chung cư,Căn hộ,Phường Tăng Nhơn Phú B (Quận 9 cũ),59,2,40677966.10169491
sale,Tuned RF/XGBoost Ensemble,1680000000,1486850650.5723064,193149349.4276936,0.11496985084981762,chotot,Huyện Củ Chi,Nhà ở,Nhà phố/nhà ở,Xã Tân Thạnh Đông,75,2,22400000
sale,Tuned RF/XGBoost Ensemble,30999999999.99997,26517237253.030407,4482762746.969563,0.1446052499022441,chotot,Quận 8,Nhà ở,Biệt thự/cao cấp,Phường 5,205.6999,5,150704983.32765353
sale,Tuned RF/XGBoost Ensemble,5400000000.000001,4723353220.5782795,676646779.4217215,0.12530495915217063,chotot,Quận 8,Nhà ở,Nhà phố/nhà ở,Phường 5,35,2,154285714.2857143
sale,Tuned RF/XGBoost Ensemble,15500000000.00002,17072842754.18728,1572842754.1872616,0.1014737260765974,chotot,Quận 8,Nhà ở,Nhà phố/nhà ở,Phường 5,78,5,198717948.7179487
sale,Tuned RF/XGBoost Ensemble,13799999999.99998,17567217391.8771,3767217391.877121,0.272986767527328,chotot,Quận 8,Nhà ở,Nhà phố/nhà ở,Phường 4,132,11,104545454.54545456
sale,Tuned RF/XGBoost Ensemble,12999999999.999989,17767592698.53337,4767592698.533382,0.3667378998871836,chotot,Quận 6,Nhà ở,Nhà phố/nhà ở,Phường 11,96,4,135416666.66666666
sale,Tuned RF/XGBoost Ensemble,11999999999.999998,11323017327.341326,676982672.6586723,0.05641522272155604,chotot,Quận 6,Nhà ở,Nhà phố/nhà ở,Phường 10,72,6,166666666.66666666
sale,Tuned RF/XGBoost Ensemble,13500000000.000013,16544846091.871416,3044846091.8714027,0.22554415495343702,chotot,Quận 6,Nhà ở,Nhà phố/nhà ở,Phường 8,165,4,81818181.81818181
sale,Tuned RF/XGBoost Ensemble,21000000000.000084,20328429260.441425,671570739.5586586,0.03197955902660266,chotot,Quận 6,Nhà ở,Nhà phố/nhà ở,Phường 13,128,10,164062500
sale,Tuned RF/XGBoost Ensemble,21000000000.000084,24654941988.175484,3654941988.1754,0.17404485657978025,chotot,Quận 6,Nhà ở,Phòng trọ,Phường 14,232,11,90517241.37931034
sale,Tuned RF/XGBoost Ensemble,12899999999.999996,8918556542.201853,3981443457.7981434,0.30863902773629026,chotot,Quận 6,Nhà ở,Nhà phố/nhà ở,Phường 4,82,3,157317073.1707317
sale,Tuned RF/XGBoost Ensemble,7900000000,8235740867.599204,335740867.59920406,0.04249884399989925,chotot,Quận 6,Nhà ở,Nhà phố/nhà ở,Phường 10,60,4,131666666.66666669
sale,Tuned RF/XGBoost Ensemble,12850000000.000006,8701369007.280674,4148630992.7193317,0.3228506609120101,chotot,Quận 10,Nhà ở,Nhà phố/nhà ở,Phường 5,45,3,285555555.5555556
sale,Tuned RF/XGBoost Ensemble,6799999999.999998,6146548181.315866,653451818.6841316,0.09609585568884291,chotot,Quận 10,Nhà ở,Nhà phố/nhà ở,Phường 10,38,2,178947368.42105263
sale,Tuned RF/XGBoost Ensemble,6500000000.000007,5370209095.086512,1129790904.913495,0.17381398537130677,chotot,Quận 10,Nhà ở,Nhà phố/nhà ở,Phường 4,31.2,2,208333333.33333337
sale,Tuned RF/XGBoost Ensemble,35500000000.00002,29801276167.70997,5698723832.290054,0.16052743189549437,chotot,Thành phố Thủ Đức,Nhà ở,Đất/đất nền,Phường Linh Chiểu (Quận Thủ Đức cũ),349,6,101719197.7077364
sale,Tuned RF/XGBoost Ensemble,4200000000.0000005,3627576673.393614,572423326.6063867,0.13629126823961585,chotot,Thành phố Thủ Đức,Nhà ở,Nhà phố/nhà ở,Phường Phước Long A (Quận 9 cũ),40,2,105000000
sale,Tuned RF/XGBoost Ensemble,16500000000.000004,9961355509.276335,6538644490.723669,0.3962814842862829,chotot,Thành phố Thủ Đức,Nhà ở,Nhà phố/nhà ở,Phường Hiệp Bình Chánh (Quận Thủ Đức cũ),82,1,201219512.1951219
sale,Tuned RF/XGBoost Ensemble,2500000000.0000005,3093962176.4981055,593962176.498105,0.23758487059924197,chotot,Quận 3,Căn hộ/Chung cư,Căn hộ,Phường 1,35.5999,1,70224916.36212462
sale,Tuned RF/XGBoost Ensemble,3699999999.999994,3406899348.1954303,293100651.8045635,0.0792163923796119,chotot,Quận 3,Căn hộ/Chung cư,Căn hộ,Phường 2,45.2,2,81858407.079646
sale,Tuned RF/XGBoost Ensemble,2900000000.0000033,3907956084.7036605,1007956084.7036572,0.34757106369091584,chotot,Quận 3,Căn hộ/Chung cư,Căn hộ,Phường 5,55,2,52727272.72727273
sale,Tuned RF/XGBoost Ensemble,8000000000,8623344253.822527,623344253.8225269,0.07791803172781586,chotot,Quận 3,Căn hộ/Chung cư,Căn hộ,Phường Võ Thị Sáu,72,2,111111111.1111111
sale,Tuned RF/XGBoost Ensemble,4849999999.999998,6348487984.588506,1498487984.5885077,0.3089665947605172,chotot,Quận 3,Căn hộ/Chung cư,Căn hộ,Phường 11,86,2,56395348.8372093
sale,Tuned RF/XGBoost Ensemble,4400000000.000008,4143078039.2755547,256921960.72445297,0.058391354710102844,chotot,Quận Tân Phú,Căn hộ/Chung cư,Căn hộ,Phường Sơn Kỳ,68,2,64705882.35294118
sale,Tuned RF/XGBoost Ensemble,3400000000.0000005,2861424512.099246,538575487.9007545,0.15840455526492775,chotot,Quận Tân Phú,Căn hộ/Chung cư,Căn hộ,Phường Hòa Thạnh,50,1,68000000
sale,Tuned RF/XGBoost Ensemble,9899999999.999996,10746795138.202585,846795138.202589,0.085534862444706,chotot,Quận Tân Phú,Căn hộ/Chung cư,Căn hộ,Phường Sơn Kỳ,163,2,60736196.3190184
sale,Tuned RF/XGBoost Ensemble,4250000000.000002,6436590552.780954,2186590552.7809525,0.5144918947719885,chotot,Quận 10,Nhà ở,Nhà phố/nhà ở,Phường 9,30,4,141666666.66666666
sale,Tuned RF/XGBoost Ensemble,6699999999.999999,7199348750.368084,499348750.3680849,0.07452966423404253,chotot,Quận 10,Nhà ở,Nhà phố/nhà ở,Phường 8,30,5,223333333.33333337
sale,Tuned RF/XGBoost Ensemble,4590000000.000008,6398486136.15731,1808486136.157302,0.394005694151917,chotot,Quận 4,Nhà ở,Nhà phố/nhà ở,Phường 10,47,4,97659574.46808513
sale,Tuned RF/XGBoost Ensemble,5699999999.999994,8234773732.164079,2534773732.1640844,0.44469714599369947,chotot,Quận 4,Nhà ở,Nhà phố/nhà ở,Phường 16,91.5998,4,62227210.10307883
sale,Tuned RF/XGBoost Ensemble,7599999999.999994,7493178994.55473,106821005.44526386,0.014055395453324203,chotot,Quận 4,Nhà ở,Nhà phố/nhà ở,Phường 18,82,2,92682926.82926828
sale,Tuned RF/XGBoost Ensemble,2529999999.999998,2690563338.956946,160563338.9569478,0.0634637703387146,chotot,Quận Bình Thạnh,Nhà ở,Nhà phố/nhà ở,Phường 12,16,2,158125000
sale,Tuned RF/XGBoost Ensemble,14999999999.999996,13893819450.935762,1106180549.0642338,0.0737453699376156,chotot,Quận Bình Thạnh,Nhà ở,Nhà phố/nhà ở,Phường 11,96,5,156250000
sale,Tuned RF/XGBoost Ensemble,2900000000.0000033,3925047982.325846,1025047982.3258429,0.3534648214916695,chotot,Huyện Nhà Bè,Căn hộ/Chung cư,Căn hộ,Xã Phú Xuân,78,2,37179487.179487176
sale,Tuned RF/XGBoost Ensemble,5800000000,6231455545.965074,431455545.9650736,0.07438888723535751,chotot,Huyện Nhà Bè,Căn hộ/Chung cư,Căn hộ,Xã Phước Kiển,122,3,47540983.60655738
sale,Tuned RF/XGBoost Ensemble,4300000000.000001,5734222855.591687,1434222855.5916862,0.3335401989748107,chotot,Huyện Nhà Bè,Căn hộ/Chung cư,Căn hộ,Xã Phước Kiển,120,3,35833333.333333336
sale,Tuned RF/XGBoost Ensemble,4899999999.999995,5086621126.626805,186621126.62681007,0.038085944209553114,chotot,Huyện Nhà Bè,Căn hộ/Chung cư,Căn hộ,Xã Phú Xuân,145,3,33793103.448275864
sale,Tuned RF/XGBoost Ensemble,690000000.0000019,2771261004.7268176,2081261004.7268157,3.016320296705522,chotot,Huyện Bình Chánh,Nhà ở,Nhà phố/nhà ở,Xã Bình Hưng,64,2,10781250
sale,Tuned RF/XGBoost Ensemble,6000000000.000004,6810356173.87784,810356173.8778362,0.1350593623129726,chotot,Huyện Bình Chánh,Nhà ở,Nhà phố/nhà ở,Xã Bình Hưng,100,3,60000000
sale,Tuned RF/XGBoost Ensemble,14500000000.00002,7638231154.529601,6861768845.470418,0.4732254376186489,chotot,Huyện Bình Chánh,Nhà ở,Biệt thự/cao cấp,Xã Phong Phú,100,5,145000000
sale,Tuned RF/XGBoost Ensemble,4200000000.0000005,2687670253.368255,1512329746.6317453,0.3600785111027965,chotot,Huyện Bình Chánh,Nhà ở,Nhà phố/nhà ở,Xã Tân Kiên,108,3,38888888.88888889
sale,Tuned RF/XGBoost Ensemble,11999999999.999998,7149268197.802071,4850731802.197927,0.4042276501831607,chotot,Huyện Bình Chánh,Nhà ở,Nhà phố/nhà ở,Xã Vĩnh Lộc B,283,3,42402826.85512368
sale,Tuned RF/XGBoost Ensemble,12799999999.999996,6631101019.279976,6168898980.72002,0.48194523286875174,chotot,Huyện Bình Chánh,Nhà ở,Đất/đất nền,Xã Tân Nhựt,250,11,51200000
sale,Tuned RF/XGBoost Ensemble,12200000000.000004,7390093429.55511,4809906570.444894,0.3942546369217125,chotot,Huyện Bình Chánh,Nhà ở,Nhà phố/nhà ở,Xã Phong Phú,136.5,4,89377289.37728938
sale,Tuned RF/XGBoost Ensemble,1799999999.999998,1805822526.535206,5822526.535207987,0.0032347369640044407,chotot,Huyện Bình Chánh,Nhà ở,Nhà phố/nhà ở,Xã Vĩnh Lộc A,48,2,37500000
sale,Tuned RF/XGBoost Ensemble,5800000000,5508422167.665535,291577832.334465,0.05027204005766638,chotot,Quận 11,Căn hộ/Chung cư,Căn hộ,Phường 15,90,3,64444444.44444445
sale,Tuned RF/XGBoost Ensemble,3899999999.9999948,3943030978.147189,43030978.147194386,0.011033584140306267,chotot,Quận 11,Căn hộ/Chung cư,Căn hộ,Phường 15,66,2,59090909.09090909
sale,Tuned RF/XGBoost Ensemble,1899999999.9999948,2496151725.4155674,596151725.4155726,0.313764066008197,chotot,Quận 11,Căn hộ/Chung cư,Căn hộ,Phường 5,43,2,44186046.511627905
sale,Tuned RF/XGBoost Ensemble,2949999999.999995,2941412682.289221,8587317.710774422,0.002910955156194724,chotot,Quận 11,Căn hộ/Chung cư,Căn hộ,Phường 7,50,2,59000000
sale,Tuned RF/XGBoost Ensemble,4329999999.999998,4416394765.623438,86394765.62343979,0.01995260176060966,chotot,Quận 11,Căn hộ/Chung cư,Căn hộ,Phường 15,75,2,57733333.333333336
sale,Tuned RF/XGBoost Ensemble,3350000000.000003,3805916032.590983,455916032.59098005,0.1360943380868596,chotot,Quận 11,Căn hộ/Chung cư,Căn hộ,Phường 5,66,2,50757575.75757576
sale,Tuned RF/XGBoost Ensemble,1300000000.0000052,3065704315.486838,1765704315.4868326,1.3582340888360196,chotot,Quận 5,Nhà ở,Nhà phố/nhà ở,Phường 1,14,2,92857142.85714284
sale,Tuned RF/XGBoost Ensemble,4999999999.999992,6917215026.628598,1917215026.6286058,0.38344300532572173,chotot,Quận 5,Nhà ở,Nhà phố/nhà ở,Phường 2,24,3,208333333.33333337
sale,Tuned RF/XGBoost Ensemble,8699999999.999987,4554348694.613568,4145651305.3864183,0.4765116442972902,chotot,Quận 5,Nhà ở,Nhà phố/nhà ở,Phường 2,20,1,435000000
sale,Tuned RF/XGBoost Ensemble,8500000000.0000105,8105297647.585981,394702352.4140291,0.046435570872238666,chotot,Quận 5,Nhà ở,Nhà phố/nhà ở,Phường 9,58.31,4,145772594.7521866
sale,Tuned RF/XGBoost Ensemble,5499999999.999991,5577820009.824416,77820009.82442474,0.014149092695349976,chotot,Quận 5,Nhà ở,Nhà phố/nhà ở,Phường 1,21,5,261904761.9047619
sale,Tuned RF/XGBoost Ensemble,2267999999.9999976,3219179099.710228,951179099.7102304,0.4193911374383736,chotot,Quận Bình Thạnh,Căn hộ/Chung cư,Căn hộ,Phường 5,53,2,42792452.83018868
sale,Tuned RF/XGBoost Ensemble,3948999999.999994,3419447669.2613735,529552330.7386203,0.13409783001737682,chotot,Quận Bình Thạnh,Căn hộ/Chung cư,Căn hộ,Phường 24,62,2,63693548.38709678
sale,Tuned RF/XGBoost Ensemble,1999000000.0000098,4555907968.290353,2556907968.2903433,1.2790935309106206,chotot,Huyện Nhà Bè,Đất,Đất/đất nền,Xã Nhơn Đức,103.0998,4,19388980.38599493
sale,Tuned RF/XGBoost Ensemble,4290000000.0000005,3352517224.786627,937482775.2133737,0.2185274534296908,chotot,Huyện Nhà Bè,Đất,Đất/đất nền,Xã Phú Xuân,81.6998,4,52509308.468319386
sale,Tuned RF/XGBoost Ensemble,5179999999.999996,4893503604.692071,286496395.3079252,0.055308184422379426,chotot,Huyện Nhà Bè,Đất,Đất/đất nền,Xã Long Thới,120,4,43166666.666666664
sale,Tuned RF/XGBoost Ensemble,1959999999.9999974,2176026690.354291,216026690.35429358,0.11021769916035402,chotot,Quận Gò Vấp,Căn hộ/Chung cư,Căn hộ,Phường 1,49,2,40000000
sale,Tuned RF/XGBoost Ensemble,3550000000,2938080667.256135,611919332.743865,0.17237164302644084,chotot,Quận Gò Vấp,Căn hộ/Chung cư,Căn hộ,Phường 17,62,2,57258064.51612903
sale,Tuned RF/XGBoost Ensemble,2600000000.0000024,2858866454.1233954,258866454.12339306,0.09956402081668955,chotot,Quận Gò Vấp,Căn hộ/Chung cư,Căn hộ,Phường 5,64.8,3,40123456.790123455
sale,Tuned RF/XGBoost Ensemble,5199999999.999992,4567547504.705702,632452495.2942905,0.12162547986428682,chotot,Quận 6,Căn hộ/Chung cư,Căn hộ,Phường 10,83,3,62650602.409638554
sale,Tuned RF/XGBoost Ensemble,3379999999.999998,2731494317.6524415,648505682.3475566,0.19186558649336005,chotot,Quận 6,Căn hộ/Chung cư,Căn hộ,Phường 11,55,2,61454545.45454545
sale,Tuned RF/XGBoost Ensemble,19600000000.000046,26306234476.55359,6706234476.553543,0.34215482023232285,chotot,Quận Tân Bình,Nhà ở,Tòa nhà/văn phòng/mặt bằng,Phường 9,112,7,175000000
sale,Tuned RF/XGBoost Ensemble,8500000000.0000105,10730141189.218824,2230141189.218814,0.2623695516728013,chotot,Quận Tân Bình,Nhà ở,Nhà phố/nhà ở,Phường 10,84,4,101190476.1904762
sale,Tuned RF/XGBoost Ensemble,7200000000,7776769084.004348,576769084.0043478,0.08010681722282609,chotot,Quận Tân Bình,Nhà ở,Đất/đất nền,Phường 15,60,4,120000000
sale,Tuned RF/XGBoost Ensemble,26000000000.000023,19792765402.500954,6207234597.499069,0.23873979221150246,chotot,Quận Tân Bình,Nhà ở,Nhà phố/nhà ở,Phường 12,80,8,325000000
sale,Tuned RF/XGBoost Ensemble,8490000000.00004,9807572646.265112,1317572646.2650719,0.15519112441284635,chotot,Quận 12,Đất,Đất/đất nền,Phường Trung Mỹ Tây,233,4,36437768.24034335
sale,Tuned RF/XGBoost Ensemble,6099999999.999996,6757304653.161729,657304653.1617327,0.1077548611740546,chotot,Quận 12,Đất,Đất/đất nền,Phường Thạnh Xuân,163,4,37423312.883435585
sale,Tuned RF/XGBoost Ensemble,9600000000.000006,6960714089.482919,2639285910.517087,0.2749256156788631,chotot,Quận 12,Đất,Đất/đất nền,Phường Tân Thới Nhất,105,4,91428571.42857143
sale,Tuned RF/XGBoost Ensemble,4100000000.0000052,5286471957.11731,1186471957.1173043,0.2893834041749519,chotot,Quận 3,Căn hộ/Chung cư,Căn hộ,Phường Võ Thị Sáu,60,2,68333333.33333333
sale,Tuned RF/XGBoost Ensemble,6000000000.000004,6056850515.640035,56850515.64003086,0.009475085940005137,chotot,Quận 3,Căn hộ/Chung cư,Căn hộ,Phường 12,81,2,74074074.07407407
sale,Tuned RF/XGBoost Ensemble,12899999999.999996,7183686767.666948,5716313232.333048,0.44312505677000386,chotot,Quận 3,Căn hộ/Chung cư,Căn hộ,Phường Võ Thị Sáu,57,4,226315789.47368425
sale,Tuned RF/XGBoost Ensemble,5699999999.999994,7266931047.05561,1566931047.0556154,0.2749001836939679,chotot,Quận 3,Căn hộ/Chung cư,Căn hộ,Phường 12,92,2,61956521.73913044
sale,Tuned RF/XGBoost Ensemble,2800000000.000003,3450586789.7953005,650586789.7952976,0.23235242492689176,chotot,Quận 3,Căn hộ/Chung cư,Căn hộ,Phường 1,42,1,66666666.666666664
sale,Tuned RF/XGBoost Ensemble,6999999999.99999,5678347458.619445,1321652541.3805456,0.18880750591150677,chotot,Quận 3,Căn hộ/Chung cư,Căn hộ,Phường Võ Thị Sáu,60,2,116666666.66666669
sale,Tuned RF/XGBoost Ensemble,3020000000.0000033,3079652381.946548,59652381.94654465,0.019752444353160457,chotot,Huyện Nhà Bè,Căn hộ/Chung cư,Căn hộ,Xã Phú Xuân,75,2,40266666.666666664
sale,Tuned RF/XGBoost Ensemble,4050000000.000019,3208590275.359291,841409724.640728,0.20775548756561088,chotot,Huyện Nhà Bè,Căn hộ/Chung cư,Căn hộ,Xã Phước Kiển,62.7,2,64593301.43540669
sale,Tuned RF/XGBoost Ensemble,2990000000.000003,3935222181.9253373,945222181.9253345,0.3161278200419176,chotot,Huyện Nhà Bè,Căn hộ/Chung cư,Căn hộ,Xã Phước Kiển,70,2,42714285.71428572
sale,Tuned RF/XGBoost Ensemble,6300000000.000003,8631554833.975214,2331554833.975211,0.370088068884954,chotot,Huyện Nhà Bè,Căn hộ/Chung cư,Căn hộ,Xã Phước Kiển,226,4,27876106.194690265
sale,Tuned RF/XGBoost Ensemble,3949999999.999996,2805352095.92045,1144647904.079546,0.28978427951380936,chotot,Quận 8,Căn hộ/Chung cư,Căn hộ,Phường 6,60,2,65833333.333333336
sale,Tuned RF/XGBoost Ensemble,1799999999.999998,2756676918.173946,956676918.1739478,0.5314871767633049,chotot,Quận 8,Căn hộ/Chung cư,Căn hộ,Phường 5,52,2,34615384.615384616
sale,Tuned RF/XGBoost Ensemble,3500000000.000005,3421151927.1047134,78848072.89529133,0.022528020827226065,chotot,Quận 8,Căn hộ/Chung cư,Căn hộ,Phường 6,81,3,43209876.54320987
sale,Tuned RF/XGBoost Ensemble,3689999999.9999957,4423815766.515632,733815766.515636,0.19886606138635143,chotot,Quận 10,Căn hộ/Chung cư,Căn hộ,Phường 5,61,2,60491803.27868853
sale,Tuned RF/XGBoost Ensemble,3200000000.000002,3284174777.7390785,84174777.73907661,0.026304618043461427,chotot,Quận 10,Căn hộ/Chung cư,Căn hộ,Phường 2,52,2,61538461.538461536
sale,Tuned RF/XGBoost Ensemble,4700000000.000007,4794693057.271344,94693057.27133751,0.02014745899390157,chotot,Quận Gò Vấp,Nhà ở,Nhà phố/nhà ở,Phường 16,52,2,90384615.3846154
sale,Tuned RF/XGBoost Ensemble,12499999999.999949,10603461974.87766,1896538025.1222878,0.15172304200978365,chotot,Quận Gò Vấp,Nhà ở,Nhà phố/nhà ở,Phường 9,97,1,128865979.38144328
sale,Tuned RF/XGBoost Ensemble,3679999999.9999933,3783291481.686351,103291481.6863575,0.02806833741477111,chotot,Quận 7,Căn hộ/Chung cư,Căn hộ,Phường Phú Mỹ,76,2,48421052.631578945
sale,Tuned RF/XGBoost Ensemble,3099999999.9999986,3138484066.2035084,38484066.20350981,0.012414214904358008,chotot,Quận 7,Căn hộ/Chung cư,Căn hộ,Phường Phú Thuận,53,1,58490566.03773585
sale,Tuned RF/XGBoost Ensemble,3800000000.0000014,3832455421.2513585,32455421.25135708,0.00854090032930449,chotot,Quận 7,Căn hộ/Chung cư,Căn hộ,Phường Phú Thuận,67,2,56716417.91044776
sale,Tuned RF/XGBoost Ensemble,8500000000.0000105,6997476259.103138,1502523740.8968725,0.17676749892904361,chotot,Thành phố Thủ Đức,Nhà ở,Nhà phố/nhà ở,Phường Trường Thạnh (Quận 9 cũ),100,4,85000000
sale,Tuned RF/XGBoost Ensemble,9499999999.999992,8549416829.544935,950583170.4550571,0.1000613863636903,chotot,Thành phố Thủ Đức,Nhà ở,Nhà phố/nhà ở,Phường Bình Trưng Đông (Quận 2 cũ),64,5,148437500
sale,Tuned RF/XGBoost Ensemble,8000000000,10916901486.80386,2916901486.8038597,0.36461268585048245,chotot,Thành phố Thủ Đức,Nhà ở,Nhà phố/nhà ở,Phường Tam Phú (Quận Thủ Đức cũ),158.3999,1,50505082.38957222
sale,Tuned RF/XGBoost Ensemble,8600000000.000008,5047914825.063327,3552085174.936681,0.41303315987635786,chotot,Huyện Nhà Bè,Đất,Đất/đất nền,Thị trấn Nhà Bè,82.8,4,103864734.29951692
sale,Tuned RF/XGBoost Ensemble,1599999999.9999983,1535830309.827577,64169690.17242122,0.0401060563577633,chotot,Huyện Nhà Bè,Đất,Đất/đất nền,Xã Hiệp Phước,136,4,11764705.88235294
sale,Tuned RF/XGBoost Ensemble,10299999999.999994,7154671418.235424,3145328581.76457,0.30537170696743415,chotot,Huyện Nhà Bè,Đất,Đất/đất nền,Xã Phước Kiển,125,4,82400000
sale,Tuned RF/XGBoost Ensemble,5699999999.999994,5451548001.984434,248451998.01556015,0.0435880698272913,chotot,Huyện Nhà Bè,Đất,Đất/đất nền,Xã Phước Kiển,110,4,51818181.81818182
sale,Tuned RF/XGBoost Ensemble,4499999999.999999,6926856399.999397,2426856399.999398,0.5393014222220887,chotot,Huyện Nhà Bè,Đất,Đất/đất nền,Xã Nhơn Đức,480,4,9375000
sale,Tuned RF/XGBoost Ensemble,8600000000.000008,7610085215.686514,989914784.3134937,0.1151063702690108,chotot,Huyện Nhà Bè,Đất,Đất/đất nền,Xã Long Thới,300,4,28666666.666666668
sale,Tuned RF/XGBoost Ensemble,1200000000.0000017,2818302914.627643,1618302914.6276414,1.3485857621896993,chotot,Huyện Nhà Bè,Đất,Đất/đất nền,Xã Nhơn Đức,48,4,25000000
sale,Tuned RF/XGBoost Ensemble,4200000000.0000005,3899758593.862974,300241406.1370263,0.07148604908024435,chotot,Huyện Nhà Bè,Đất,Đất/đất nền,Xã Nhơn Đức,100,4,42000000
sale,Tuned RF/XGBoost Ensemble,3599999999.9999967,3198751278.823189,401248721.1768079,0.11145797810466895,chotot,Quận 12,Căn hộ/Chung cư,Căn hộ,Phường Tân Thới Nhất,72,2,50000000
sale,Tuned RF/XGBoost Ensemble,2150000000.000002,2649052288.6648417,499052288.66483974,0.23211734356504155,chotot,Quận 12,Căn hộ/Chung cư,Căn hộ,Phường Tân Thới Nhất,58,2,37068965.51724138
sale,Tuned RF/XGBoost Ensemble,3519999999.999998,2999828467.575994,520171532.4240041,0.1477760035295467,chotot,Quận 12,Căn hộ/Chung cư,Căn hộ,Phường Tân Thới Nhất,61,2,57704918.03278688
sale,Tuned RF/XGBoost Ensemble,6500000000.000007,5336242582.835541,1163757417.164466,0.17903960264068688,chotot,Quận Bình Thạnh,Căn hộ/Chung cư,Căn hộ,Phường 22,55,1,118181818.1818182
sale,Tuned RF/XGBoost Ensemble,6500000000.000007,5474837357.655088,1025162642.3449183,0.15771732959152573,chotot,Quận Bình Thạnh,Căn hộ/Chung cư,Căn hộ,Phường 22,54,1,120370370.37037036
sale,Tuned RF/XGBoost Ensemble,15899999999.99998,13587967915.975428,2312032084.0245533,0.14541082289462617,chotot,Quận Bình Thạnh,Căn hộ/Chung cư,Căn hộ,Phường 22,106,2,150000000
sale,Tuned RF/XGBoost Ensemble,1750000000.0000029,1799740385.6306534,49740385.63065052,0.02842307750322882,chotot,Quận Tân Bình,Căn hộ/Chung cư,Căn hộ,Phường 14,31,1,56451612.90322581
sale,Tuned RF/XGBoost Ensemble,6059999999.999996,4126216368.02719,1933783631.972806,0.31910620989650285,chotot,Quận Tân Bình,Căn hộ/Chung cư,Căn hộ,Phường 2,68,2,89117647.05882353
sale,Tuned RF/XGBoost Ensemble,4000000000.0000157,4387209526.372465,387209526.3724494,0.09680238159311197,chotot,Quận Tân Bình,Căn hộ/Chung cư,Căn hộ,Phường 15,90,2,44444444.44444445
sale,Tuned RF/XGBoost Ensemble,5100000000.000008,4905179742.562684,194820257.43732357,0.038200050477906526,chotot,Quận Tân Bình,Căn hộ/Chung cư,Căn hộ,Phường 15,107,3,47663551.401869155
sale,Tuned RF/XGBoost Ensemble,4899999999.999995,4943339615.882297,43339615.88230133,0.008844819567816607,chotot,Quận Tân Bình,Căn hộ/Chung cư,Căn hộ,Phường 15,104,3,47115384.615384616
sale,Tuned RF/XGBoost Ensemble,9600000000.000006,8850433202.392958,749566797.607048,0.07807987475073412,chotot,Quận 7,Nhà ở,Nhà phố/nhà ở,Phường Tân Phong,48,6,200000000
sale,Tuned RF/XGBoost Ensemble,11999999999.999998,13209490465.58988,1209490465.589882,0.10079087213249018,chotot,Quận 7,Nhà ở,Nhà phố/nhà ở,Phường Phú Thuận,107,5,112149532.71028036
sale,Tuned RF/XGBoost Ensemble,6600000000.000004,5845540502.036021,754459497.9639826,0.1143120451460579,chotot,Quận 7,Nhà ở,Nhà phố/nhà ở,Phường Tân Kiểng,56,3,117857142.85714284
sale,Tuned RF/XGBoost Ensemble,4990000000.000003,6049995304.790431,1059995304.7904282,0.21242390877563677,chotot,Quận 7,Nhà ở,Biệt thự/cao cấp,Phường Tân Phú,45,4,110888888.8888889
sale,Tuned RF/XGBoost Ensemble,4000000000.0000157,5340362548.952402,1340362548.9523864,0.3350906372380953,chotot,Quận 7,Nhà ở,Nhà phố/nhà ở,Phường Tân Hưng,51,3,78431372.5490196
sale,Tuned RF/XGBoost Ensemble,3899999999.9999948,3866943981.35848,33056018.641514778,0.008475902215773032,chotot,Quận 7,Nhà ở,Nhà phố/nhà ở,Phường Tân Thuận Đông,40.2999,2,96774433.68345828
sale,Tuned RF/XGBoost Ensemble,2949999999.999995,1778396138.0480077,1171603861.9519875,0.39715385150914895,chotot,Huyện Bình Chánh,Nhà ở,Nhà phố/nhà ở,Xã Bình Chánh,80,3,36875000
sale,Tuned RF/XGBoost Ensemble,2500000000.0000005,2514904945.252127,14904945.252126694,0.0059619781008506765,chotot,Huyện Bình Chánh,Nhà ở,Nhà phố/nhà ở,Xã Bình Hưng,42,3,59523809.52380952
sale,Tuned RF/XGBoost Ensemble,7500000000.0000105,3445293945.7163267,4054706054.283684,0.5406274739044904,chotot,Huyện Bình Chánh,Nhà ở,Nhà phố/nhà ở,Xã Bình Hưng,55.5,1,135135135.13513514
sale,Tuned RF/XGBoost Ensemble,6990000000.0000105,7559943397.622807,569943397.622796,0.08153696675576469,chotot,Huyện Bình Chánh,Nhà ở,Nhà phố/nhà ở,Xã Vĩnh Lộc B,150,5,46600000
sale,Tuned RF/XGBoost Ensemble,4250000000.000002,4697990523.948393,447990523.94839096,0.10540953504668017,chotot,Quận 6,Căn hộ/Chung cư,Căn hộ,Phường 13,80,2,53125000
sale,Tuned RF/XGBoost Ensemble,37999999999.99994,31581339751.593742,6418660248.406197,0.16891211180016333,chotot,Quận 5,Nhà ở,Nhà phố/nhà ở,Phường 13,112.5998,3,337478396.94209045
sale,Tuned RF/XGBoost Ensemble,3299999999.999999,3225638824.31492,74361175.6850791,0.022533689601539127,chotot,Quận 5,Nhà ở,Nhà phố/nhà ở,Phường 9,17.6,2,187499999.99999997
sale,Tuned RF/XGBoost Ensemble,4100000000.0000052,3808360539.417329,291639460.5826764,0.0711315757518722,chotot,Thành phố Thủ Đức,Căn hộ/Chung cư,Căn hộ,Phường Long Bình (Quận 9 cũ),69,2,59420289.85507246
sale,Tuned RF/XGBoost Ensemble,4755000000.000006,4089736418.0761685,665263581.9238372,0.13990821912173215,chotot,Thành phố Thủ Đức,Căn hộ/Chung cư,Căn hộ,Phường Long Bình (Quận 9 cũ),74,2,64256756.75675676
sale,Tuned RF/XGBoost Ensemble,4499999999.999999,2849723987.7847676,1650276012.2152314,0.36672800271449596,chotot,Thành phố Thủ Đức,Căn hộ/Chung cư,Căn hộ,Phường Long Thạnh Mỹ (Quận 9 cũ),61.4,2,73289902.2801303
sale,Tuned RF/XGBoost Ensemble,7449999999.999996,6549333646.455392,900666353.5446043,0.12089481255632278,chotot,Quận 4,Căn hộ/Chung cư,Căn hộ,Phường 1,80.5998,2,92431991.14638
sale,Tuned RF/XGBoost Ensemble,4329999999.999998,4403368558.172884,73368558.1728859,0.01694423976279121,chotot,Quận 4,Căn hộ/Chung cư,Căn hộ,Phường 9,60,2,72166666.66666667
sale,Tuned RF/XGBoost Ensemble,5299999999.999993,5744538168.599665,444538168.59967136,0.0838751261508815,chotot,Quận 4,Căn hộ/Chung cư,Căn hộ,Phường 1,76,2,69736842.10526316
sale,Tuned RF/XGBoost Ensemble,6000000000.000004,5986870814.191661,13129185.808342934,0.002188197634723821,chotot,Quận 4,Căn hộ/Chung cư,Căn hộ,Phường 1,82,2,73170731.70731707
sale,Tuned RF/XGBoost Ensemble,4100000000.0000052,5367325692.664263,1267325692.6642575,0.3091038274790868,chotot,Quận Gò Vấp,Nhà ở,Nhà phố/nhà ở,Phường 12,50,3,82000000
sale,Tuned RF/XGBoost Ensemble,4860000000.000012,6435460834.569116,1575460834.5691032,0.32416889600187226,chotot,Quận Gò Vấp,Nhà ở,Nhà phố/nhà ở,Phường 6,65,3,74769230.76923077
sale,Tuned RF/XGBoost Ensemble,2800000000.000003,2326452496.3086314,473547503.69137144,0.1691241084612039,chotot,Quận Tân Bình,Căn hộ/Chung cư,Căn hộ,Phường 14,45,2,62222222.222222224
sale,Tuned RF/XGBoost Ensemble,2200000000.000003,3054932237.312129,854932237.3121262,0.3886055624146023,chotot,Quận Tân Bình,Căn hộ/Chung cư,Căn hộ,Phường 1,53,2,41509433.96226415
sale,Tuned RF/XGBoost Ensemble,3200000000.000002,3082678681.456653,117321318.54334879,0.03666291204479648,chotot,Quận Tân Bình,Căn hộ/Chung cư,Căn hộ,Phường 10,60,2,53333333.333333336
sale,Tuned RF/XGBoost Ensemble,2500000000.0000005,2478236361.848659,21763638.15134144,0.008705455260536574,chotot,Quận Tân Bình,Căn hộ/Chung cư,Căn hộ,Phường 14,46,2,54347826.08695652
sale,Tuned RF/XGBoost Ensemble,4250000000.000002,4150421703.5464687,99578296.45353317,0.023430187400831325,chotot,Quận Tân Bình,Căn hộ/Chung cư,Căn hộ,Phường 15,81,2,52469135.802469134
sale,Tuned RF/XGBoost Ensemble,6400000000.000004,5876552888.757519,523447111.24248505,0.08178861113163824,chotot,Quận Tân Bình,Căn hộ/Chung cư,Căn hộ,Phường 13,85,2,75294117.64705883
sale,Tuned RF/XGBoost Ensemble,8650000000.000027,13583968483.948837,4933968483.948811,0.5704009808033289,chotot,Quận 1,Nhà ở,Nhà phố/nhà ở,Phường Tân Định,63.3498,3,136543446.0724422
sale,Tuned RF/XGBoost Ensemble,4000000000.0000157,3344922102.2303596,655077897.7696562,0.1637694744424134,chotot,Quận 1,Nhà ở,Nhà phố/nhà ở,Phường Tân Định,20,2,200000000
sale,Tuned RF/XGBoost Ensemble,4840000000.000006,8009598125.446564,3169598125.446558,0.6548756457534203,chotot,Quận 1,Nhà ở,Nhà phố/nhà ở,Phường Cầu Ông Lãnh,28,4,172857142.85714287
sale,Tuned RF/XGBoost Ensemble,5250000000.000007,4855212340.263865,394787659.7361412,0.0751976494735506,chotot,Quận Gò Vấp,Nhà ở,Nhà phố/nhà ở,Phường 15,40,3,131250000
sale,Tuned RF/XGBoost Ensemble,9200000000.000013,7133518182.5224905,2066481817.4775229,0.22461758885625216,chotot,Quận Gò Vấp,Nhà ở,Nhà phố/nhà ở,Phường 12,65,4,141538461.53846154
sale,Tuned RF/XGBoost Ensemble,2990000000.000003,4511002718.034537,1521002718.0345345,0.5086965612155628,chotot,Quận Gò Vấp,Nhà ở,Nhà phố/nhà ở,Phường 14,45,2,66444444.44444445
sale,Tuned RF/XGBoost Ensemble,6499000000,6262216134.986509,236783865.01349068,0.03643389213932769,chotot,Quận Gò Vấp,Nhà ở,Nhà phố/nhà ở,Phường 4,63,2,103158730.15873016
sale,Tuned RF/XGBoost Ensemble,17999999999.99997,10868045996.666534,7131954003.333435,0.39621966685185817,chotot,Quận Gò Vấp,Nhà ở,Biệt thự/cao cấp,Phường 12,82,3,219512195.1219512
sale,Tuned RF/XGBoost Ensemble,5749999999.999991,5850250372.9417925,100250372.94180107,0.017434847468139343,chotot,Quận 8,Căn hộ/Chung cư,Căn hộ,Phường 5,115,2,50000000
sale,Tuned RF/XGBoost Ensemble,4099000000.0000033,4168989079.844895,69989079.84489155,0.017074671833347523,chotot,Quận 8,Căn hộ/Chung cư,Căn hộ,Không rõ,80,3,51237500
sale,Tuned RF/XGBoost Ensemble,3500000000.000005,4942683663.531384,1442683663.5313797,0.4121953324375365,chotot,Quận 8,Căn hộ/Chung cư,Căn hộ,Phường 16,97,2,36082474.22680412
sale,Tuned RF/XGBoost Ensemble,4349999999.999993,4150779049.3968887,199220950.6031046,0.04579791967887469,chotot,Quận 8,Căn hộ/Chung cư,Căn hộ,Phường 5,82,2,53048780.487804875
sale,Tuned RF/XGBoost Ensemble,3400000000.0000005,3092876252.7878776,307123747.2121229,0.09033051388591849,chotot,Quận 8,Căn hộ/Chung cư,Căn hộ,Phường 6,61.81,1,55007280.37534379
sale,Tuned RF/XGBoost Ensemble,8500000000.0000105,7583403235.727121,916596764.2728891,0.10783491344386918,chotot,Quận 4,Căn hộ/Chung cư,Căn hộ,Phường 1,92,2,92391304.3478261
sale,Tuned RF/XGBoost Ensemble,8200000000.000003,7885643066.214844,314356933.7851591,0.03833621143721451,chotot,Quận 4,Căn hộ/Chung cư,Căn hộ,Phường 13,75,2,109333333.33333331
sale,Tuned RF/XGBoost Ensemble,3020000000.0000033,2704774563.881306,315225436.11869717,0.10437928348301219,chotot,Quận 4,Căn hộ/Chung cư,Căn hộ,Phường 6,26.25,1,115047619.04761904
sale,Tuned RF/XGBoost Ensemble,4100000000.0000052,3758544105.8686304,341455894.13137484,0.0832819253978962,chotot,Huyện Bình Chánh,Đất,Đất/đất nền,Xã Phạm Văn Hai,112,4,36607142.85714286
sale,Tuned RF/XGBoost Ensemble,2800000000.000003,2552396743.6130114,247603256.3869915,0.08842973442392545,chotot,Huyện Bình Chánh,Đất,Đất/đất nền,Xã Bình Chánh,113,4,24778761.061946902
sale,Tuned RF/XGBoost Ensemble,1979999999.9999988,1851937410.7920818,128062589.20791698,0.06467807535753387,chotot,Huyện Cần Giờ,Căn hộ/Chung cư,Căn hộ,Thị trấn Cần Thạnh,33,1,60000000
sale,Tuned RF/XGBoost Ensemble,8799999999.999994,7711249071.0020275,1088750928.9979668,0.12372169647704176,chotot,Quận 10,Nhà ở,Nhà phố/nhà ở,Phường 12,38,4,231578947.36842105
sale,Tuned RF/XGBoost Ensemble,7549999999.999967,11300295177.237705,3750295177.2377386,0.4967278380447358,chotot,Quận 10,Nhà ở,Nhà phố/nhà ở,Phường 9,53,6,142452830.18867925
sale,Tuned RF/XGBoost Ensemble,6500000000.000007,6442520112.59189,57479887.40811634,0.008843059601248659,chotot,Quận 10,Nhà ở,Nhà phố/nhà ở,Phường 15,32.8698,4,197749910.25196385
sale,Tuned RF/XGBoost Ensemble,8500000000.0000105,5721687815.57877,2778312184.421241,0.3268602569907338,chotot,Quận 4,Nhà ở,Nhà phố/nhà ở,Phường 3,65,2,130769230.76923075
sale,Tuned RF/XGBoost Ensemble,14500000000.00002,5451331819.846882,9048668180.153137,0.6240460813898707,chotot,Quận 4,Nhà ở,Nhà phố/nhà ở,Phường 8,43.5998,3,332570332.89143527
sale,Tuned RF/XGBoost Ensemble,6199999999.999969,5183657571.180849,1016342428.8191195,0.163926198196633,chotot,Quận 4,Nhà ở,Nhà phố/nhà ở,Phường 14,54.0998,2,114603011.47139177
sale,Tuned RF/XGBoost Ensemble,7599999999.999994,7009246040.063298,590753959.936696,0.07773078420219691,chotot,Quận 4,Nhà ở,Nhà phố/nhà ở,Phường 18,82,3,92682926.82926828
sale,Tuned RF/XGBoost Ensemble,2800000000.000003,7030269156.553545,4230269156.553542,1.510810413054835,chotot,Quận 7,Đất,Đất/đất nền,Phường Tân Phú,76,4,36842105.2631579
sale,Tuned RF/XGBoost Ensemble,3899999999.9999948,5348976512.808083,1448976512.8080878,0.3715324391815615,chotot,Quận 7,Đất,Đất/đất nền,Phường Phú Thuận,60,4,65000000
sale,Tuned RF/XGBoost Ensemble,9499999999.999992,14947926613.02613,5447926613.026138,0.5734659592659097,chotot,Quận 7,Đất,Đất/đất nền,Phường Phú Thuận,240,4,39583333.333333336
sale,Tuned RF/XGBoost Ensemble,8099999999.999995,8290619212.3876,190619212.3876047,0.023533236097235163,chotot,Quận 7,Đất,Đất/đất nền,Phường Phú Thuận,90,4,90000000
sale,Tuned RF/XGBoost Ensemble,1099000000.0000043,1846240351.4055076,747240351.4055033,0.6799275263016382,chotot,Huyện Bình Chánh,Đất,Đất/đất nền,Xã Bình Hưng,100,4,10990000
sale,Tuned RF/XGBoost Ensemble,25000000000.000034,62086984887.68835,37086984887.68831,1.4834793955075303,chotot,Huyện Bình Chánh,Đất,Đất/đất nền,Xã Tân Nhựt,3746,4,6673785.371062467
sale,Tuned RF/XGBoost Ensemble,12499999999.999949,7239103496.669235,5260896503.330713,0.4208717202664588,chotot,Huyện Bình Chánh,Đất,Đất/đất nền,Xã Phạm Văn Hai,800,4,15625000
sale,Tuned RF/XGBoost Ensemble,11200000000.000017,6674289959.685644,4525710040.314373,0.404081253599497,chotot,Huyện Bình Chánh,Đất,Đất/đất nền,Xã Bình Hưng,200,4,56000000
sale,Tuned RF/XGBoost Ensemble,4599999999.999997,5484588606.107249,884588606.1072521,0.192301870892881,chotot,Thành phố Thủ Đức,Đất,Đất/đất nền,Phường Hiệp Bình Chánh (Quận Thủ Đức cũ),66,4,69696969.6969697
sale,Tuned RF/XGBoost Ensemble,3849999999.999995,3687222689.782017,162777310.217978,0.04227982083583849,chotot,Thành phố Thủ Đức,Đất,Đất/đất nền,Phường Trường Thạnh (Quận 9 cũ),60,4,64166666.666666664
sale,Tuned RF/XGBoost Ensemble,7300000000.000019,8968817165.688467,1668817165.688448,0.22860509119019776,chotot,Thành phố Thủ Đức,Đất,Đất/đất nền,Phường Thạnh Mỹ Lợi (Quận 2 cũ),87.3,4,83619702.17640321
sale,Tuned RF/XGBoost Ensemble,5899999999.999993,4679386867.940323,1220613132.0596704,0.20688358170502913,chotot,Thành phố Thủ Đức,Đất,Đất/đất nền,Phường Trường Thọ (Quận Thủ Đức cũ),64,4,92187500
sale,Tuned RF/XGBoost Ensemble,3899999999.9999948,5240254885.657221,1340254885.657226,0.34365509888646867,chotot,Quận 7,Đất,Đất/đất nền,Phường Phú Thuận,55,4,70909090.9090909
sale,Tuned RF/XGBoost Ensemble,4599999999.999997,6645456497.842169,2045456497.8421717,0.4446644560526463,chotot,Huyện Nhà Bè,Nhà ở,Phòng trọ,Thị trấn Nhà Bè,95,5,48421052.631578945
sale,Tuned RF/XGBoost Ensemble,5400000000.000001,9554048635.8135,4154048635.8134985,0.7692682658913885,chotot,Huyện Nhà Bè,Nhà ở,Nhà phố/nhà ở,Xã Nhơn Đức,151,6,35761589.40397351
sale,Tuned RF/XGBoost Ensemble,999999999.9999994,2578136198.748485,1578136198.7484856,1.5781361987484865,chotot,Huyện Nhà Bè,Nhà ở,Nhà phố/nhà ở,Xã Nhơn Đức,40,2,25000000
sale,Tuned RF/XGBoost Ensemble,3500000000.000005,5681168396.1549225,2181168396.1549177,0.6231909703299756,chotot,Quận Gò Vấp,Đất,Đất/đất nền,Phường 17,53,4,66037735.8490566
sale,Tuned RF/XGBoost Ensemble,8400000000.000014,7246119325.769848,1153880674.2301664,0.13736674693216244,chotot,Quận Gò Vấp,Đất,Đất/đất nền,Phường 6,68,4,123529411.76470588
sale,Tuned RF/XGBoost Ensemble,5749999999.999991,5259172820.563576,490827179.4364157,0.08536124859763763,chotot,Quận Gò Vấp,Đất,Đất/đất nền,Phường 16,59,4,97457627.11864407
sale,Tuned RF/XGBoost Ensemble,4200000000.0000005,5635237562.961555,1435237562.961554,0.34172322927656046,chotot,Quận Gò Vấp,Đất,Đất/đất nền,Phường 16,53,4,79245283.01886792
sale,Tuned RF/XGBoost Ensemble,5850000000.000003,5548788015.64886,301211984.3511429,0.051489228094212434,chotot,Quận Gò Vấp,Đất,Đất/đất nền,Phường 11,46,4,127173913.04347828
sale,Tuned RF/XGBoost Ensemble,13500000000.000013,7446077955.199221,6053922044.800793,0.44843866998524345,chotot,Quận Bình Tân,Đất,Đất/đất nền,Phường Bình Trị Đông B,71,4,190140845.07042253
sale,Tuned RF/XGBoost Ensemble,3099999999.9999986,3635384052.6331773,535384052.6331787,0.17270453310747708,chotot,Quận Bình Tân,Đất,Đất/đất nền,Phường Tân Tạo,59.9,4,51752921.53589316
sale,Tuned RF/XGBoost Ensemble,5199999999.999992,16293825090.51541,11093825090.515417,2.133427902022199,chotot,Quận Bình Tân,Đất,Đất/đất nền,Phường Tân Tạo A,500,4,10400000
sale,Tuned RF/XGBoost Ensemble,4549999999.999996,5953848246.937583,1403848246.9375868,0.30853807625001933,chotot,Quận 8,Nhà ở,Nhà phố/nhà ở,Phường 16,90,3,50555555.55555555
sale,Tuned RF/XGBoost Ensemble,6500000000.000007,6326980093.993749,173019906.006258,0.02661844707788582,chotot,Quận 8,Nhà ở,Nhà phố/nhà ở,Phường 2,54,3,120370370.37037036
sale,Tuned RF/XGBoost Ensemble,1989999999.9999995,1917530240.1897035,72469759.81029606,0.036416964728791995,chotot,Quận 4,Nhà ở,Nhà phố/nhà ở,Phường 3,14.1,2,141134751.77304965
sale,Tuned RF/XGBoost Ensemble,2649999999.9999967,2182570234.5183706,467429765.48162603,0.17638859074778362,chotot,Quận 4,Nhà ở,Nhà phố/nhà ở,Phường 8,17,2,155882352.94117647
sale,Tuned RF/XGBoost Ensemble,4549999999.999996,3481333711.3075533,1068666288.6924429,0.2348717118005371,chotot,Quận 4,Nhà ở,Nhà phố/nhà ở,Phường 1,24,2,189583333.33333337
sale,Tuned RF/XGBoost Ensemble,2980000000.000008,3018685146.5761456,38685146.57613754,0.012981592810784376,chotot,Quận 6,Nhà ở,Nhà phố/nhà ở,Phường 13,22,2,135454545.45454547
sale,Tuned RF/XGBoost Ensemble,5400000000.000001,5609768285.040085,209768285.0400839,0.03884597871112664,chotot,Quận 6,Nhà ở,Nhà phố/nhà ở,Phường 8,67,1,80597014.92537314
sale,Tuned RF/XGBoost Ensemble,10699999999.999983,10680353935.618155,19646064.381828308,0.0018360807833484429,chotot,Quận 6,Nhà ở,Nhà phố/nhà ở,Phường 11,64,5,167187500
sale,Tuned RF/XGBoost Ensemble,8300000000.000012,7058507882.494505,1241492117.5055075,0.1495773635548802,chotot,Quận 6,Nhà ở,Nhà phố/nhà ở,Phường 10,54,4,153703703.7037037
sale,Tuned RF/XGBoost Ensemble,5299999999.999993,5799000159.412721,499000159.41272736,0.09415097347409962,chotot,Quận 6,Nhà ở,Nhà phố/nhà ở,Phường 11,44,4,120454545.45454544
sale,Tuned RF/XGBoost Ensemble,6998999999.999994,8683657839.460587,1684657839.4605923,0.2406997913217022,chotot,Quận 5,Nhà ở,Nhà phố/nhà ở,Phường 8,62,2,112887096.77419356
sale,Tuned RF/XGBoost Ensemble,3379999999.999998,3236740314.2852044,143259685.71479368,0.04238452240082656,chotot,Quận 5,Nhà ở,Nhà phố/nhà ở,Phường 2,16,2,211250000
sale,Tuned RF/XGBoost Ensemble,1950000000.0000002,2378142570.734586,428142570.7345855,0.2195602926844028,chotot,Quận 11,Căn hộ/Chung cư,Căn hộ,Phường 5,45,1,43333333.333333336
sale,Tuned RF/XGBoost Ensemble,4100000000.0000052,4176956986.6324286,76956986.6324234,0.01876999673961544,chotot,Quận 11,Căn hộ/Chung cư,Căn hộ,Phường 10,70,2,58571428.571428575
sale,Tuned RF/XGBoost Ensemble,6500000000.000007,5657854161.385333,842145838.6146736,0.1295608982484112,chotot,Quận 11,Căn hộ/Chung cư,Căn hộ,Phường 15,98,2,66326530.6122449
sale,Tuned RF/XGBoost Ensemble,2980000000.000008,3218036233.947296,238036233.94728804,0.07987793085479443,chotot,Quận 11,Căn hộ/Chung cư,Căn hộ,Phường 11,52.4,1,56870229.00763359
sale,Tuned RF/XGBoost Ensemble,6900000000.000009,5567273681.269522,1332726318.7304869,0.19314874184499786,chotot,Quận 4,Nhà ở,Nhà phố/nhà ở,Phường 3,43,3,160465116.27906978
sale,Tuned RF/XGBoost Ensemble,3490000000.0000033,7014046750.209057,3524046750.2090535,1.009755515819212,chotot,Quận 4,Nhà ở,Nhà phố/nhà ở,Phường 8,33.5,5,104179104.47761194
sale,Tuned RF/XGBoost Ensemble,3599999999.9999967,3967520085.545119,367520085.54512215,0.10208891265142292,chotot,Quận 4,Nhà ở,Nhà phố/nhà ở,Phường 16,39.4,2,91370558.37563452
sale,Tuned RF/XGBoost Ensemble,5499999999.999991,6184444309.434364,684444309.4343729,0.1244444198971589,chotot,Quận 4,Nhà ở,Nhà phố/nhà ở,Phường 15,70,3,78571428.57142857
sale,Tuned RF/XGBoost Ensemble,3150000000.0000005,3985744308.829017,835744308.8290167,0.2653156535965132,chotot,Quận 4,Nhà ở,Nhà phố/nhà ở,Phường 16,29,2,108620689.6551724
sale,Tuned RF/XGBoost Ensemble,8699999999.999987,8483254967.928248,216745032.07173824,0.02491322207721133,chotot,Quận 4,Nhà ở,Nhà phố/nhà ở,Phường 18,99.8,2,87174348.69739479
sale,Tuned RF/XGBoost Ensemble,3899999999.9999948,4579015228.847981,679015228.8479867,0.17410646893538143,chotot,Quận 4,Nhà ở,Nhà phố/nhà ở,Phường 8,34,3,114705882.35294116
sale,Tuned RF/XGBoost Ensemble,1989999999.9999995,1952343417.6193237,37656582.38067579,0.018922905718932563,chotot,Quận 4,Nhà ở,Nhà phố/nhà ở,Phường 3,14,2,142142857.14285713
sale,Tuned RF/XGBoost Ensemble,8000000000,6568950169.168039,1431049830.8319607,0.17888122885399507,chotot,Quận 1,Nhà ở,Nhà phố/nhà ở,Phường Bến Thành,25,3,320000000
sale,Tuned RF/XGBoost Ensemble,15500000000.00002,13872307712.775213,1627692287.2248058,0.1050124056274067,chotot,Quận 1,Nhà ở,Nhà phố/nhà ở,Phường Nguyễn Cư Trinh,56,9,276785714.28571427
sale,Tuned RF/XGBoost Ensemble,15500000000.00002,16717387468.680609,1217387468.6805897,0.07854112701165085,chotot,Quận 1,Nhà ở,Nhà phố/nhà ở,Phường Đa Kao,55.2999,1,280289837.7754752
sale,Tuned RF/XGBoost Ensemble,5499999999.999991,8034300648.341541,2534300648.34155,0.4607819360621007,chotot,Quận 1,Nhà ở,Nhà phố/nhà ở,Phường Nguyễn Cư Trinh,49.2,2,111788617.88617884
sale,Tuned RF/XGBoost Ensemble,6799999999.999998,5461943278.008547,1338056721.9914513,0.19677304735168408,chotot,Quận 12,Đất,Đất/đất nền,Phường An Phú Đông,101,4,67326732.67326732
sale,Tuned RF/XGBoost Ensemble,3650000000,5745169355.555516,2095169355.5555162,0.5740190015220592,chotot,Quận 7,Nhà ở,Nhà phố/nhà ở,Phường Phú Thuận,50.18,4,72738142.68632922
sale,Tuned RF/XGBoost Ensemble,9499999999.999992,7181754539.799779,2318245460.2002134,0.24402583791581214,chotot,Quận 7,Nhà ở,Nhà phố/nhà ở,Phường Bình Thuận,45,3,211111111.1111111
sale,Tuned RF/XGBoost Ensemble,35999999999.99984,14015793047.816628,21984206952.183212,0.6106724153384253,chotot,Quận 7,Nhà ở,Nhà phố/nhà ở,Phường Tân Phú,120,1,300000000
sale,Tuned RF/XGBoost Ensemble,33999999999.99993,24908303609.971443,9091696390.028488,0.26740283500083845,chotot,Quận 7,Nhà ở,Nhà phố/nhà ở,Phường Tân Hưng,150,4,226666666.66666663
sale,Tuned RF/XGBoost Ensemble,9499999999.999992,9698348283.695889,198348283.69589615,0.02087876670483119,chotot,Quận 7,Nhà ở,Nhà phố/nhà ở,Phường Bình Thuận,74.8,3,127005347.5935829
sale,Tuned RF/XGBoost Ensemble,8600000000.000008,7091541234.29763,1508458765.7023773,0.17540218205841582,chotot,Quận 7,Nhà ở,Nhà phố/nhà ở,Phường Tân Hưng,80,2,107500000
sale,Tuned RF/XGBoost Ensemble,33000000000.000015,21990745627.378494,11009254372.621521,0.33361376886731864,chotot,Quận 7,Nhà ở,Nhà phố/nhà ở,Phường Tân Phong,126,7,261904761.9047619
sale,Tuned RF/XGBoost Ensemble,13500000000.000013,10173949373.16758,3326050626.8324337,0.24637412050610596,chotot,Quận 7,Nhà ở,Nhà phố/nhà ở,Phường Tân Thuận Đông,100.3,2,134596211.3659023
sale,Tuned RF/XGBoost Ensemble,12499999999.999949,11656501527.988457,843498472.0114918,0.06747987776091963,chotot,Quận Bình Thạnh,Đất,Đất/đất nền,Phường 13,100,4,125000000
sale,Tuned RF/XGBoost Ensemble,8500000000.0000105,5602469730.099042,2897530269.9009686,0.3408859141059959,chotot,Quận Bình Thạnh,Đất,Đất/đất nền,Phường 26,43,4,197674418.60465115
sale,Tuned RF/XGBoost Ensemble,17899999999.999977,9967389472.87377,7932610527.126207,0.44316259928079427,chotot,Quận Bình Thạnh,Đất,Đất/đất nền,Phường 13,140,4,127857142.85714284
sale,Tuned RF/XGBoost Ensemble,5800000000,5116843251.569258,683156748.4307423,0.11778564628116246,chotot,Quận Tân Phú,Nhà ở,Nhà phố/nhà ở,Phường Tây Thạnh,53,2,109433962.26415096
sale,Tuned RF/XGBoost Ensemble,4999999999.999992,5505573803.016511,505573803.0165186,0.10111476060330388,chotot,Quận Tân Phú,Nhà ở,Nhà phố/nhà ở,Phường Tân Quý,48,3,104166666.66666669
sale,Tuned RF/XGBoost Ensemble,14800000000.000015,11368916054.596209,3431083945.4038067,0.2318299963110678,chotot,Quận Tân Phú,Nhà ở,Nhà phố/nhà ở,Phường Tây Thạnh,100,4,148000000
sale,Tuned RF/XGBoost Ensemble,12499999999.999949,9068498858.070137,3431501141.9298115,0.27452009135438604,chotot,Quận Tân Phú,Nhà ở,Nhà phố/nhà ở,Phường Tây Thạnh,80,4,156250000
sale,Tuned RF/XGBoost Ensemble,1300000000.0000052,1929052083.787864,629052083.7878587,0.48388621829835093,chotot,Huyện Hóc Môn,Căn hộ/Chung cư,Căn hộ,Xã Xuân Thới Đông,67,2,19402985.074626867
sale,Tuned RF/XGBoost Ensemble,1150000000.0000005,1743798137.3808603,593798137.3808599,0.5163462064181388,chotot,Huyện Hóc Môn,Căn hộ/Chung cư,Căn hộ,Xã Xuân Thới Đông,70,2,16428571.42857143
sale,Tuned RF/XGBoost Ensemble,1150000000.0000005,1541891587.955403,391891587.9554026,0.340775293874263,chotot,Huyện Hóc Môn,Căn hộ/Chung cư,Căn hộ,Xã Xuân Thới Đông,60,2,19166666.666666668
sale,Tuned RF/XGBoost Ensemble,3699999999.999994,3606864985.7593346,93135014.24065924,0.025171625470448485,chotot,Thành phố Thủ Đức,Đất,Đất/đất nền,Phường Long Trường (Quận 9 cũ),52,4,71153846.15384616
sale,Tuned RF/XGBoost Ensemble,40999999999.99998,18414558392.997116,22585441607.00286,0.5508644294390945,chotot,Thành phố Thủ Đức,Đất,Đất/đất nền,Phường Bình Thọ (Quận Thủ Đức cũ),279,4,146953405.01792115
sale,Tuned RF/XGBoost Ensemble,22600000000.000034,16426592419.472076,6173407580.527958,0.27315962745698885,chotot,Thành phố Thủ Đức,Đất,Đất/đất nền,Phường Linh Đông (Quận Thủ Đức cũ),201,4,112437810.94527364
sale,Tuned RF/XGBoost Ensemble,19999999999.999992,19351481309.825203,648518690.1747894,0.032425934508739485,chotot,Thành phố Thủ Đức,Đất,Đất/đất nền,Phường Phước Long B (Quận 9 cũ),191,4,104712041.88481677
sale,Tuned RF/XGBoost Ensemble,5850000000.000003,6985734590.16177,1135734590.161767,0.19414266498491733,chotot,Thành phố Thủ Đức,Đất,Đất/đất nền,Phường Hiệp Bình Phước (Quận Thủ Đức cũ),108,4,54166666.666666664
sale,Tuned RF/XGBoost Ensemble,1750000000.0000029,2062595064.071887,312595064.07188416,0.17862575089821922,chotot,Quận Bình Thạnh,Nhà ở,Nhà phố/nhà ở,Phường 11,12,2,145833333.33333334
sale,Tuned RF/XGBoost Ensemble,6550000000.000002,7503023630.343528,953023630.3435259,0.14549979089214132,chotot,Quận Bình Thạnh,Nhà ở,Nhà phố/nhà ở,Phường 17,60,4,109166666.66666669
sale,Tuned RF/XGBoost Ensemble,1750000000.0000029,2079595151.6007352,329595151.6007323,0.1883400866289896,chotot,Quận Bình Thạnh,Nhà ở,Nhà phố/nhà ở,Phường 13,12.1499,2,144034107.2766031
sale,Tuned RF/XGBoost Ensemble,7700000000.0000105,11079275756.202726,3379275756.202716,0.43886698132502744,chotot,Quận Bình Thạnh,Nhà ở,Nhà phố/nhà ở,Phường 15,107,3,71962616.82242991
sale,Tuned RF/XGBoost Ensemble,4999999999.999992,5280379396.690716,280379396.6907234,0.05607587933814477,chotot,Huyện Hóc Môn,Nhà ở,Nhà phố/nhà ở,Xã Xuân Thới Sơn,50,4,100000000
sale,Tuned RF/XGBoost Ensemble,699999999.9999998,970654633.1370448,270654633.137045,0.38664947591006443,chotot,Huyện Hóc Môn,Nhà ở,Nhà phố/nhà ở,Xã Tân Hiệp,20,2,35000000
sale,Tuned RF/XGBoost Ensemble,2749999999.9999976,3086164186.0008893,336164186.0008917,0.12224152218214254,chotot,Huyện Hóc Môn,Nhà ở,Nhà phố/nhà ở,Xã Đông Thạnh,59,3,46610169.49152543
sale,Tuned RF/XGBoost Ensemble,3049999999.9999986,3021547686.151283,28452313.848715782,0.009328627491382227,chotot,Huyện Nhà Bè,Căn hộ/Chung cư,Căn hộ,Xã Phú Xuân,75,2,40666666.666666664
sale,Tuned RF/XGBoost Ensemble,2500000000.0000005,2973853999.025496,473853999.0254955,0.18954159961019817,chotot,Huyện Nhà Bè,Căn hộ/Chung cư,Căn hộ,Xã Phú Xuân,66,2,37878787.878787875
sale,Tuned RF/XGBoost Ensemble,4200000000.0000005,4015737520.130762,184262479.86923838,0.043872019016485325,chotot,Huyện Nhà Bè,Căn hộ/Chung cư,Căn hộ,Xã Phước Kiển,75,2,56000000
sale,Tuned RF/XGBoost Ensemble,6699999999.999999,7217163972.347893,517163972.3478937,0.07718865258923788,chotot,Huyện Nhà Bè,Căn hộ/Chung cư,Căn hộ,Xã Phước Kiển,200,4,33500000
sale,Tuned RF/XGBoost Ensemble,2800000000.000003,3110129446.4730573,310129446.4730544,0.11076051659751932,chotot,Huyện Nhà Bè,Căn hộ/Chung cư,Căn hộ,Xã Phước Kiển,61,2,45901639.344262294
sale,Tuned RF/XGBoost Ensemble,10999999999.999989,8685075189.320744,2314924810.679245,0.21044771006174975,chotot,Quận 1,Nhà ở,Đất/đất nền,Phường Nguyễn Cư Trinh,50,2,220000000
sale,Tuned RF/XGBoost Ensemble,4949999999.999992,4919147600.351367,30852399.648625374,0.006232808009823318,chotot,Quận 1,Nhà ở,Nhà phố/nhà ở,Phường Cầu Kho,27,2,183333333.33333337
sale,Tuned RF/XGBoost Ensemble,10999999999.999989,10265196844.811832,734803155.1881561,0.06680028683528699,chotot,Quận 1,Nhà ở,Nhà phố/nhà ở,Phường Nguyễn Cư Trinh,50,1,220000000
sale,Tuned RF/XGBoost Ensemble,6999999999.99999,3907066623.2689075,3092933376.731083,0.44184762524729815,chotot,Quận 1,Nhà ở,Nhà phố/nhà ở,Phường Tân Định,15,2,466666666.6666667
sale,Tuned RF/XGBoost Ensemble,14500000000.00002,14166673047.043066,333326952.95695305,0.022988065721169147,chotot,Quận 1,Nhà ở,Nhà phố/nhà ở,Phường Đa Kao,56,2,258928571.42857143
sale,Tuned RF/XGBoost Ensemble,26800000000.00004,39796770647.01316,12996770647.013123,0.48495412861989196,chotot,Quận Tân Bình,Nhà ở,Nhà phố/nhà ở,Phường 15,217,11,123502304.14746544
sale,Tuned RF/XGBoost Ensemble,10999999999.999989,10818478575.670076,181521424.3299122,0.01650194766635567,chotot,Quận Tân Bình,Nhà ở,Nhà phố/nhà ở,Phường 2,75.3,1,146082337.3173971
sale,Tuned RF/XGBoost Ensemble,5149999999.999993,6542304512.764874,1392304512.7648811,0.2703503908281326,chotot,Quận Tân Bình,Nhà ở,Nhà phố/nhà ở,Phường 15,44,4,117045454.54545456
sale,Tuned RF/XGBoost Ensemble,4549999999.999996,5830892789.093886,1280892789.0938902,0.2815148987019541,chotot,Quận Tân Bình,Nhà ở,Nhà phố/nhà ở,Phường 10,43,2,105813953.48837207
sale,Tuned RF/XGBoost Ensemble,3580000000.000005,3665799356.0131135,85799356.01310873,0.023966300562320842,chotot,Quận Tân Bình,Nhà ở,Nhà phố/nhà ở,Phường 15,24,2,149166666.66666666
sale,Tuned RF/XGBoost Ensemble,3970000000.000004,6872433112.442132,2902433112.442128,0.7310914640912155,chotot,Quận Tân Bình,Nhà ở,Nhà phố/nhà ở,Phường 1,47.61,2,83385843.31022894
sale,Tuned RF/XGBoost Ensemble,11539999999.99999,7104117723.977061,4435882276.022929,0.3843918783382091,chotot,Huyện Cần Giờ,Đất,Đất/đất nền,Xã Bình Khánh,1154,4,10000000
sale,Tuned RF/XGBoost Ensemble,6749999999.999994,4791829801.339339,1958170198.660655,0.29009928869046764,chotot,Huyện Cần Giờ,Đất,Đất/đất nền,Xã Tam Thôn Hiệp,1400,4,4821428.571428572
sale,Tuned RF/XGBoost Ensemble,4999999999.999992,5649782941.138884,649782941.1388912,0.12995658822777845,chotot,Quận Bình Tân,Nhà ở,Nhà phố/nhà ở,Phường An Lạc,55,4,90909090.9090909
sale,Tuned RF/XGBoost Ensemble,4499999999.999999,4386884160.70927,113115839.29072952,0.025136853175717677,chotot,Quận Bình Tân,Nhà ở,Nhà phố/nhà ở,Phường Bình Trị Đông,40,3,112500000
sale,Tuned RF/XGBoost Ensemble,6999999999.99999,4460184291.876917,2539815708.1230736,0.36283081544615386,chotot,Quận Bình Tân,Nhà ở,Nhà phố/nhà ở,Phường Bình Trị Đông,56.7,2,123456790.1234568
sale,Tuned RF/XGBoost Ensemble,3890000000.000003,4088346809.0013933,198346809.00139046,0.0509888969155245,chotot,Quận Bình Tân,Nhà ở,Nhà phố/nhà ở,Phường Bình Trị Đông B,46,2,84565217.39130434
sale,Tuned RF/XGBoost Ensemble,3899999999.9999948,3586276498.366979,313723501.63301563,0.08044192349564515,chotot,Huyện Nhà Bè,Đất,Đất/đất nền,Xã Nhơn Đức,80,4,48750000
sale,Tuned RF/XGBoost Ensemble,3990000000.0000057,3193673258.5306625,796326741.4693432,0.19958063695973485,chotot,Huyện Nhà Bè,Đất,Đất/đất nền,Xã Phú Xuân,72,4,55416666.666666664
sale,Tuned RF/XGBoost Ensemble,7500000000.0000105,6097242703.362637,1402757296.637374,0.18703430621831627,chotot,Huyện Nhà Bè,Đất,Đất/đất nền,Xã Nhơn Đức,190.8999,4,39287605.70330314
sale,Tuned RF/XGBoost Ensemble,19999999999.999992,11086883128.041067,8913116871.958925,0.4456558435979464,chotot,Huyện Nhà Bè,Đất,Đất/đất nền,Xã Phước Kiển,250,4,80000000
sale,Tuned RF/XGBoost Ensemble,25500000000.000015,22442693238.387047,3057306761.6129684,0.11989438280835163,chotot,Huyện Nhà Bè,Đất,Đất/đất nền,Xã Phước Kiển,900,4,28333333.333333332
sale,Tuned RF/XGBoost Ensemble,4150000000.000004,3948662616.163542,201337383.83646202,0.04851503224974984,chotot,Huyện Hóc Môn,Nhà ở,Nhà phố/nhà ở,Xã Thới Tam Thôn,132,3,31439393.939393938
sale,Tuned RF/XGBoost Ensemble,2580000000.0000005,2315070908.9832215,264929091.01677895,0.10268569419254996,chotot,Quận 12,Căn hộ/Chung cư,Căn hộ,Phường Tân Thới Nhất,52,2,49615384.615384616
sale,Tuned RF/XGBoost Ensemble,1929999999.999998,1906385513.083665,23614486.9163332,0.012235485448877316,chotot,Quận 12,Căn hộ/Chung cư,Căn hộ,Phường Tân Chánh Hiệp,48,2,40208333.333333336
sale,Tuned RF/XGBoost Ensemble,2600000000.0000024,2365457346.1319637,234542653.86803865,0.09020871302616863,chotot,Quận 12,Căn hộ/Chung cư,Căn hộ,Phường Tân Thới Nhất,52,2,50000000
sale,Tuned RF/XGBoost Ensemble,3175000000.0000043,2626600509.4873805,548399490.5126238,0.1727242489803537,chotot,Quận 12,Căn hộ/Chung cư,Căn hộ,Phường Thạnh Xuân,59,2,53813559.3220339
sale,Tuned RF/XGBoost Ensemble,2550000000.0000067,2314430716.241969,235569283.75803757,0.09238011127766155,chotot,Quận 12,Căn hộ/Chung cư,Căn hộ,Phường Thạnh Xuân,50,1,51000000
sale,Tuned RF/XGBoost Ensemble,2789999999.999995,2121397141.8509939,668602858.1490014,0.23964260148709768,chotot,Quận 12,Căn hộ/Chung cư,Căn hộ,Phường Hiệp Thành,53,2,52641509.43396226
sale,Tuned RF/XGBoost Ensemble,6000000000.000004,4262432767.022942,1737567232.9770617,0.2895945388295101,chotot,Quận 4,Căn hộ/Chung cư,Căn hộ,Phường 1,57,2,105263157.89473684
sale,Tuned RF/XGBoost Ensemble,5699999999.999994,4011989761.430309,1688010238.5696855,0.296142147117489,chotot,Quận 4,Căn hộ/Chung cư,Căn hộ,Phường 1,50,1,114000000
sale,Tuned RF/XGBoost Ensemble,7799999999.999991,11450264204.595753,3650264204.5957613,0.46798259033279044,chotot,Quận 4,Căn hộ/Chung cư,Căn hộ,Phường 2,128,4,60937500
sale,Tuned RF/XGBoost Ensemble,4549999999.999996,5812617868.838095,1262617868.8380985,0.27749843271167024,chotot,Quận 4,Căn hộ/Chung cư,Căn hộ,Phường 1,82,2,55487804.87804878
sale,Tuned RF/XGBoost Ensemble,4400000000.000008,4200044115.985617,199955884.01439047,0.045444519094179577,chotot,Quận 4,Căn hộ/Chung cư,Căn hộ,Phường 2,50,1,88000000
sale,Tuned RF/XGBoost Ensemble,7449999999.999996,6429050324.3351,1020949675.664896,0.13704022492146262,chotot,Quận 4,Căn hộ/Chung cư,Căn hộ,Phường 1,81,2,91975308.64197531
sale,Tuned RF/XGBoost Ensemble,3379999999.999998,3409399220.3954644,29399220.395466328,0.008697994199842114,chotot,Quận 10,Nhà ở,Nhà phố/nhà ở,Phường 2,18,2,187777777.7777778
sale,Tuned RF/XGBoost Ensemble,10799999999.999964,7482360217.704897,3317639782.295067,0.30718886873102574,chotot,Quận 10,Nhà ở,Nhà phố/nhà ở,Phường 14,53,3,203773584.9056604
sale,Tuned RF/XGBoost Ensemble,9019999999.999996,6247291545.784091,2772708454.215905,0.3073956157667302,chotot,Quận 10,Nhà ở,Nhà phố/nhà ở,Phường 1,42,1,214761904.7619048
sale,Tuned RF/XGBoost Ensemble,9000000000.000015,17264857930.74379,8264857930.743774,0.9183175478604179,chotot,Huyện Bình Chánh,Đất,Đất/đất nền,Xã Bình Hưng,1000,4,9000000
sale,Tuned RF/XGBoost Ensemble,3330000000.0000024,2942079289.3845973,387920710.6154051,0.11649270589051196,chotot,Thành phố Thủ Đức,Căn hộ/Chung cư,Căn hộ,Phường Long Bình (Quận 9 cũ),54,1,61666666.666666664
sale,Tuned RF/XGBoost Ensemble,2600000000.0000024,3035827269.576319,435827269.57631683,0.16762587291396785,chotot,Thành phố Thủ Đức,Căn hộ/Chung cư,Căn hộ,Phường Hiệp Bình Chánh (Quận Thủ Đức cũ),59,2,44067796.61016949
sale,Tuned RF/XGBoost Ensemble,3870000000.0000024,3089566219.7521257,780433780.2478766,0.20166247551624708,chotot,Thành phố Thủ Đức,Căn hộ/Chung cư,Căn hộ,Phường Long Thạnh Mỹ (Quận 9 cũ),59,2,65593220.33898305
sale,Tuned RF/XGBoost Ensemble,3949999999.999996,4348815744.03426,398815744.0342636,0.10096601114791494,chotot,Thành phố Thủ Đức,Căn hộ/Chung cư,Căn hộ,Phường Linh Trung (Quận Thủ Đức cũ),100,3,39500000
sale,Tuned RF/XGBoost Ensemble,3299999999.999999,4189347304.4279084,889347304.4279094,0.2694991831599726,chotot,Thành phố Thủ Đức,Căn hộ/Chung cư,Căn hộ,Phường An Khánh (Quận 2 cũ),51,1,64705882.35294118
sale,Tuned RF/XGBoost Ensemble,3699999999.999994,4397478755.435768,697478755.4357743,0.18850777173939878,chotot,Thành phố Thủ Đức,Căn hộ/Chung cư,Căn hộ,Phường Tam Bình (Quận Thủ Đức cũ),86,2,43023255.81395349
sale,Tuned RF/XGBoost Ensemble,2749999999.9999976,2848636749.3844657,98636749.38446808,0.035867908867079336,chotot,Quận Bình Tân,Căn hộ/Chung cư,Căn hộ,Phường Bình Hưng Hoà A,64,2,42968750
sale,Tuned RF/XGBoost Ensemble,1269999999.9999993,925742244.3684092,344257755.6315901,0.2710690989225121,chotot,Huyện Củ Chi,Nhà ở,Đất/đất nền,Xã Tân Thông Hội,151,2,8410596.026490066
sale,Tuned RF/XGBoost Ensemble,2900000000.0000033,1290116692.277422,1609883307.7225814,0.5551321750767516,chotot,Huyện Củ Chi,Nhà ở,Nhà phố/nhà ở,Xã Tân Thông Hội,86,4,33720930.23255814
sale,Tuned RF/XGBoost Ensemble,2450000000.000003,3475114894.946133,1025114894.9461303,0.4184142428351547,chotot,Quận Tân Phú,Nhà ở,Nhà phố/nhà ở,Phường Phú Thạnh,25,2,98000000
sale,Tuned RF/XGBoost Ensemble,7200000000,5948192172.557844,1251807827.4421558,0.17386219825585497,chotot,Quận Tân Phú,Nhà ở,Nhà phố/nhà ở,Phường Tân Quý,60,2,120000000
sale,Tuned RF/XGBoost Ensemble,4949999999.999992,5713650364.833926,763650364.8339338,0.15427280097655252,chotot,Quận Tân Phú,Nhà ở,Nhà phố/nhà ở,Phường Tây Thạnh,69,2,71739130.43478261
sale,Tuned RF/XGBoost Ensemble,4800000000.000005,5101533969.486046,301533969.48604107,0.06281957697625849,chotot,Quận Tân Phú,Nhà ở,Nhà phố/nhà ở,Phường Tân Thới Hòa,55,2,87272727.27272727
sale,Tuned RF/XGBoost Ensemble,4300000000.000001,4268767037.57534,31232962.42466116,0.007263479633642128,chotot,Quận 7,Căn hộ/Chung cư,Căn hộ,Phường Phú Mỹ,88,2,48863636.36363637
sale,Tuned RF/XGBoost Ensemble,41500000000.00005,24054506257.21688,17445493742.783173,0.42037334319959396,chotot,Quận 7,Căn hộ/Chung cư,Căn hộ,Phường Tân Phú,272,3,152573529.4117647
sale,Tuned RF/XGBoost Ensemble,4700000000.000007,3383887459.587832,1316112540.4121747,0.2800239447685474,chotot,Quận 7,Căn hộ/Chung cư,Căn hộ,Phường Phú Thuận,60,2,78333333.33333333
sale,Tuned RF/XGBoost Ensemble,7500000000.0000105,5396084732.6487055,2103915267.351305,0.28052203564684025,chotot,Huyện Nhà Bè,Đất,Đất/đất nền,Xã Phước Kiển,107,4,70093457.94392523
sale,Tuned RF/XGBoost Ensemble,19999999999.999992,6543187536.567377,13456812463.432615,0.6728406231716311,chotot,Huyện Nhà Bè,Đất,Đất/đất nền,Xã Hiệp Phước,1250,4,16000000
sale,Tuned RF/XGBoost Ensemble,9899999999.999996,5253045367.652501,4646954632.347495,0.46938935680277744,chotot,Huyện Nhà Bè,Đất,Đất/đất nền,Xã Phước Kiển,100,4,99000000
sale,Tuned RF/XGBoost Ensemble,4000000000.0000157,4219860624.475257,219860624.47524118,0.05496515611881008,chotot,Quận Bình Thạnh,Căn hộ/Chung cư,Căn hộ,Phường 19,70,2,57142857.14285714
sale,Tuned RF/XGBoost Ensemble,10500000000,9833471098.480083,666528901.5199165,0.06347894300189681,chotot,Quận Bình Thạnh,Căn hộ/Chung cư,Căn hộ,Phường 22,92,2,114130434.7826087
sale,Tuned RF/XGBoost Ensemble,3000000000.0000014,3547409206.762331,547409206.7623296,0.18246973558744312,chotot,Huyện Nhà Bè,Căn hộ/Chung cư,Căn hộ,Xã Phú Xuân,78,2,38461538.461538464
sale,Tuned RF/XGBoost Ensemble,1950000000.0000002,2282404756.342329,332404756.3423288,0.17046397761145063,chotot,Quận 11,Căn hộ/Chung cư,Căn hộ,Phường 7,36,1,54166666.666666664
sale,Tuned RF/XGBoost Ensemble,6500000000.000007,5604754378.311819,895245621.6881876,0.13773009564433641,chotot,Quận 11,Căn hộ/Chung cư,Căn hộ,Phường 15,98,3,66326530.6122449
sale,Tuned RF/XGBoost Ensemble,2399000000.000003,2980013076.1780148,581013076.1780119,0.24218969411338526,chotot,Quận 11,Căn hộ/Chung cư,Căn hộ,Phường 8,63.2,2,37958860.75949367
sale,Tuned RF/XGBoost Ensemble,4738999999.999995,3817134293.465348,921865706.5346475,0.19452747552957342,chotot,Quận 11,Căn hộ/Chung cư,Căn hộ,Phường 15,66,2,71803030.3030303
sale,Tuned RF/XGBoost Ensemble,4200000000.0000005,3498116053.292661,701883946.7073393,0.16711522540650933,chotot,Quận 11,Căn hộ/Chung cư,Căn hộ,Không rõ,64,2,65625000
sale,Tuned RF/XGBoost Ensemble,4849999999.999998,5202151062.762658,352151062.76266,0.07260846654900209,chotot,Quận 11,Căn hộ/Chung cư,Căn hộ,Phường 5,103,2,47087378.6407767
sale,Tuned RF/XGBoost Ensemble,5699999999.999994,4731487220.697419,968512779.3025751,0.16991452268466248,chotot,Thành phố Thủ Đức,Đất,Đất/đất nền,Phường Long Phước (Quận 9 cũ),137,4,41605839.41605839
sale,Tuned RF/XGBoost Ensemble,6990000000.0000105,7897958403.455004,907958403.4549932,0.1298939060736755,chotot,Thành phố Thủ Đức,Đất,Đất/đất nền,Phường Trường Thạnh (Quận 9 cũ),152,4,45986842.10526316
sale,Tuned RF/XGBoost Ensemble,3290000000.0000024,3568509091.314054,278509091.3140516,0.08465321924439254,chotot,Thành phố Thủ Đức,Đất,Đất/đất nền,Phường Long Thạnh Mỹ (Quận 9 cũ),66,4,49848484.84848485
sale,Tuned RF/XGBoost Ensemble,2900000000.0000033,4466415612.786951,1566415612.7869477,0.5401433147541193,chotot,Quận 8,Đất,Đất/đất nền,Phường 6,54,4,53703703.7037037
sale,Tuned RF/XGBoost Ensemble,6000000000.000004,12711394757.967392,6711394757.967388,1.118565792994564,chotot,Quận 8,Đất,Đất/đất nền,Phường 7,260,4,23076923.076923076
sale,Tuned RF/XGBoost Ensemble,13799999999.99998,13712184262.076267,87815737.92371368,0.006363459269834334,chotot,Quận 8,Đất,Đất/đất nền,Phường 7,220,4,62727272.72727273
sale,Tuned RF/XGBoost Ensemble,4200000000.0000005,5688620311.254467,1488620311.2544665,0.3544334074415396,chotot,Quận 8,Đất,Đất/đất nền,Phường 7,80,4,52500000
sale,Tuned RF/XGBoost Ensemble,4999999999.999992,4318300208.409371,681699791.590621,0.1363399583181244,chotot,Quận 8,Nhà ở,Nhà phố/nhà ở,Phường 3,25.5,2,196078431.37254903
sale,Tuned RF/XGBoost Ensemble,12999999999.999989,11697711557.223635,1302288442.7763538,0.10017603405971962,chotot,Quận 8,Nhà ở,Nhà phố/nhà ở,Phường 7,91,11,142857142.85714287
sale,Tuned RF/XGBoost Ensemble,9999999999.999987,8688806203.72693,1311193796.273056,0.13111937962730577,chotot,Quận 8,Nhà ở,Nhà phố/nhà ở,Phường 5,66.8,3,149700598.80239522
sale,Tuned RF/XGBoost Ensemble,2550000000.0000067,3828494529.9918013,1278494529.9917946,0.5013704039183495,chotot,Quận 8,Nhà ở,Nhà phố/nhà ở,Phường 15,50.5,1,50495049.50495049
sale,Tuned RF/XGBoost Ensemble,3959999999.9999986,5088486078.126585,1128486078.1265864,0.28497123185014817,chotot,Quận 8,Nhà ở,Nhà phố/nhà ở,Phường 15,32,5,123750000
sale,Tuned RF/XGBoost Ensemble,7500000000.0000105,6747769331.395306,752230668.6047049,0.10029742248062717,chotot,Quận 8,Nhà ở,Nhà phố/nhà ở,Phường 5,56,4,133928571.42857143
sale,Tuned RF/XGBoost Ensemble,6600000000.000004,6385902710.069286,214097289.93071747,0.032438983322835964,chotot,Quận 12,Nhà ở,Nhà phố/nhà ở,Phường Trung Mỹ Tây,80,4,82500000
sale,Tuned RF/XGBoost Ensemble,4480000000.0000105,4491858643.764725,11858643.764714241,0.002647018697480851,chotot,Quận 12,Nhà ở,Nhà phố/nhà ở,Phường Hiệp Thành,81,3,55308641.97530864
sale,Tuned RF/XGBoost Ensemble,949999999.9999999,1220806529.1787324,270806529.1787325,0.28505950439866584,chotot,Quận 12,Nhà ở,Nhà phố/nhà ở,Phường Hiệp Thành,25,2,38000000
sale,Tuned RF/XGBoost Ensemble,980000000.0000014,1073499067.9295297,93499067.92952824,0.09540721217298785,chotot,Quận 12,Nhà ở,Nhà phố/nhà ở,Phường Hiệp Thành,19.2,2,51041666.66666667
sale,Tuned RF/XGBoost Ensemble,5100000000.000008,4475841930.764222,624158069.2357855,0.12238393514427148,chotot,Quận 12,Nhà ở,Nhà phố/nhà ở,Phường Trung Mỹ Tây,66,1,77272727.27272727
sale,Tuned RF/XGBoost Ensemble,8679999999.999985,8013818862.203869,666181137.7961159,0.07674897900876924,chotot,Quận 3,Nhà ở,Nhà phố/nhà ở,Phường Võ Thị Sáu,35,3,248000000
sale,Tuned RF/XGBoost Ensemble,5250000000.000007,5458300956.625112,208300956.6251049,0.03967637269049612,chotot,Quận 3,Nhà ở,Nhà phố/nhà ở,Phường 4,27,2,194444444.44444445
sale,Tuned RF/XGBoost Ensemble,22499999999.99998,31433006031.84147,8933006031.841488,0.39702249030406644,chotot,Quận 3,Nhà ở,Nhà phố/nhà ở,Phường Võ Thị Sáu,84,6,267857142.85714287
sale,Tuned RF/XGBoost Ensemble,8850000000.000002,6649713991.206027,2200286008.793975,0.24861988799931914,chotot,Quận 3,Nhà ở,Nhà phố/nhà ở,Phường 4,33,2,268181818.1818182
sale,Tuned RF/XGBoost Ensemble,6390000000.000008,5302516654.435724,1087483345.5642834,0.17018518709926167,chotot,Quận Bình Thạnh,Nhà ở,Nhà phố/nhà ở,Phường 11,36,3,177500000
sale,Tuned RF/XGBoost Ensemble,26999999999.99998,23669813032.050304,3330186967.9496765,0.12334025807221033,chotot,Quận Bình Thạnh,Nhà ở,Biệt thự/cao cấp,Phường 13,200,4,135000000
sale,Tuned RF/XGBoost Ensemble,4649999999.999997,5343377794.546141,693377794.5461435,0.14911350420347183,luachonnhadat,Quận Bình Tân,Nhà phố,Nhà phố/nhà ở,Không rõ,48,4,96875000
sale,Tuned RF/XGBoost Ensemble,5100000000.000008,5333549435.437113,233549435.43710518,0.045794006948451926,luachonnhadat,Quận Bình Tân,Nhà phố,Nhà phố/nhà ở,Không rõ,51,4,100000000
sale,Tuned RF/XGBoost Ensemble,12999999999.999989,14379877953.54571,1379877953.545721,0.10614445796505556,luachonnhadat,Quận Bình Tân,Đất,Đất/đất nền,Không rõ,160,4,81250000
sale,Tuned RF/XGBoost Ensemble,9999999999.999987,10875907014.925858,875907014.9258709,0.0875907014925872,luachonnhadat,Quận Bình Tân,Nhà phố,Nhà phố/nhà ở,Không rõ,128,4,78125000
sale,Tuned RF/XGBoost Ensemble,28499999999.999973,47720350651.52436,19220350651.524387,0.6743982684745405,luachonnhadat,Quận Bình Tân,Biệt thự,Biệt thự/cao cấp,Không rõ,405,4,70370370.37037037
sale,Tuned RF/XGBoost Ensemble,9800000000.000006,12377216179.916529,2577216179.916523,0.2629812428486246,luachonnhadat,Quận Bình Tân,Nhà phố,Nhà phố/nhà ở,Không rõ,112,4,87500000
sale,Tuned RF/XGBoost Ensemble,10799999999.999964,11432799441.791683,632799441.7917194,0.058592540906640886,luachonnhadat,Quận Bình Tân,Nhà phố,Nhà phố/nhà ở,Không rõ,84,4,128571428.57142857
sale,Tuned RF/XGBoost Ensemble,21000000000.000084,28946919169.1889,7946919169.188816,0.37842472234232305,luachonnhadat,Quận Bình Tân,Biệt thự,Biệt thự/cao cấp,Không rõ,190,4,110526315.78947368
sale,Tuned RF/XGBoost Ensemble,8899999999.999985,9094148234.983692,194148234.98370743,0.021814408425135705,luachonnhadat,Quận Bình Tân,Nhà phố,Nhà phố/nhà ở,Không rõ,78,4,114102564.1025641
sale,Tuned RF/XGBoost Ensemble,1599999999.9999983,2046708262.8130453,446708262.81304693,0.27919266425815464,alonhadat,Huyện Bình Chánh,Căn hộ chung cư,Căn hộ,Xã An Phú Tây,51,2,31372549.01960784
sale,Tuned RF/XGBoost Ensemble,1119999999.9999995,2455055903.2627354,1335055903.2627358,1.192014199341729,alonhadat,Huyện Bình Chánh,Nhà ở,Nhà phố/nhà ở,Xã Tân Nhựt,99,3,11313131.313131314
sale,Tuned RF/XGBoost Ensemble,8000000000,6977231414.253588,1022768585.7464123,0.12784607321830155,alonhadat,Huyện Bình Chánh,Nhà ở,Nhà phố/nhà ở,Xã Bình Hưng,100,4,80000000
sale,Tuned RF/XGBoost Ensemble,900000000.0000006,1115865207.895945,215865207.89594448,0.2398502309954937,alonhadat,Huyện Củ Chi,Nhà ở,Nhà phố/nhà ở,Xã Tân Phú Trung,102,2,8823529.411764706
sale,Tuned RF/XGBoost Ensemble,969999999.9999993,1124700200.329107,154700200.32910776,0.1594847426073277,alonhadat,Huyện Củ Chi,Nhà ở,Nhà phố/nhà ở,Xã Tân Phú Trung,100,2,9700000
sale,Tuned RF/XGBoost Ensemble,890000000.0000019,1185528723.5587516,295528723.5587497,0.3320547455716281,alonhadat,Huyện Củ Chi,Nhà ở,Nhà phố/nhà ở,Xã Tân Phú Trung,103,2,8640776.699029127
sale,Tuned RF/XGBoost Ensemble,1050000000.0000017,1072952986.3319038,22952986.331902146,0.021859986982763913,alonhadat,Huyện Củ Chi,Nhà ở,Nhà phố/nhà ở,Xã Tân Phú Trung,116,2,9051724.137931034
sale,Tuned RF/XGBoost Ensemble,8899999999.999985,5184608271.317994,3715391728.6819906,0.41745974479573,alonhadat,Huyện Hóc Môn,Nhà ở,Nhà phố/nhà ở,Xã Bà Điểm,122,3,72950819.67213115
sale,Tuned RF/XGBoost Ensemble,4100000000.0000052,5515897742.612661,1415897742.612656,0.3453409128323547,alonhadat,Huyện Hóc Môn,Nhà ở,Nhà phố/nhà ở,Xã Trung Chánh,190,3,21578947.368421048
sale,Tuned RF/XGBoost Ensemble,3500000000.000005,2697660751.9710073,802339248.0289974,0.2292397851511418,alonhadat,Huyện Hóc Môn,Nhà ở,Biệt thự/cao cấp,Xã Bà Điểm,70,2,50000000
sale,Tuned RF/XGBoost Ensemble,168000000000.0005,152723938870.06335,15276061129.937134,0.09092893529724458,alonhadat,Quận 1,Biệt thự,Biệt thự/cao cấp,Phường Sài Gòn,400,10,420000000
sale,Tuned RF/XGBoost Ensemble,28900000000.000042,39866597312.454544,10966597312.454502,0.3794670350330272,alonhadat,Quận 1,Biệt thự,Biệt thự/cao cấp,Phường 19,185,5,156216216.2162162
sale,Tuned RF/XGBoost Ensemble,33999999999.99993,18419610223.033623,15580389776.966309,0.4582467581460688,alonhadat,Quận 1,Mặt bằng,Tòa nhà/văn phòng/mặt bằng,Phường Bến Thành,42,5,809523809.5238096
sale,Tuned RF/XGBoost Ensemble,35000000000,52077192325.260216,17077192325.260216,0.48791978072172043,alonhadat,Quận 1,Mặt bằng,Tòa nhà/văn phòng/mặt bằng,Phường Đa Kao,124,14,282258064.516129
sale,Tuned RF/XGBoost Ensemble,175000000000.0003,179999999999.99973,4999999999.99942,0.02857142857142521,alonhadat,Quận 1,Nhà ở,Tòa nhà/văn phòng/mặt bằng,Phường Tân Định,350,16,500000000
sale,Tuned RF/XGBoost Ensemble,6240000000.000007,12574007187.512583,6334007187.512576,1.0150652544090657,alonhadat,Quận 1,Nhà ở,Nhà phố/nhà ở,Phường Phạm Ngũ Lão,68,4,91764705.88235296
sale,Tuned RF/XGBoost Ensemble,104999999999.99991,78396972876.75937,26603027123.24054,0.25336216307848153,alonhadat,Quận 1,Nhà ở,Nhà phố/nhà ở,Phường Phạm Ngũ Lão,204,4,514705882.3529411
sale,Tuned RF/XGBoost Ensemble,98000000000.00008,104272643972.38898,6272643972.388901,0.06400657114682547,alonhadat,Quận 1,Nhà ở,Nhà phố/nhà ở,Phường Đa Kao,238,5,411764705.88235295
sale,Tuned RF/XGBoost Ensemble,38999999999.99996,16682371446.54831,22317628553.451653,0.5722468859859404,alonhadat,Quận 1,Nhà ở,Nhà phố/nhà ở,Phường Bến Thành,50,4,780000000
sale,Tuned RF/XGBoost Ensemble,11400000000,8574424486.810354,2825575513.189646,0.24785750115698646,alonhadat,Quận 1,Nhà ở,Nhà phố/nhà ở,Phường Nguyễn Cư Trinh,46,4,247826086.95652175
sale,Tuned RF/XGBoost Ensemble,25000000000.000034,17403285093.633453,7596714906.366581,0.30386859625466284,alonhadat,Quận 1,Nhà ở,Nhà phố/nhà ở,Phường Đa Kao,60,3,416666666.6666667
sale,Tuned RF/XGBoost Ensemble,42000000000.00006,59664892301.5592,17664892301.559135,0.42059267384664545,alonhadat,Quận 1,Nhà ở,Nhà phố/nhà ở,Phường Đa Kao,146,1,287671232.8767123
sale,Tuned RF/XGBoost Ensemble,59999999999.99994,44797518843.2063,15202481156.79364,0.25337468594656093,alonhadat,Quận 1,Nhà ở,Nhà phố/nhà ở,Phường Nguyễn Thái Bình,100,8,600000000
sale,Tuned RF/XGBoost Ensemble,40000000000.00004,32403504931.04835,7596495068.951687,0.189912376723792,alonhadat,Quận 1,Nhà ở,Nhà phố/nhà ở,Phường Phạm Ngũ Lão,85,20,470588235.2941176
sale,Tuned RF/XGBoost Ensemble,114999999999.99998,123373859256.56839,8373859256.568405,0.07281616744842093,alonhadat,Quận 1,Nhà ở,Nhà phố/nhà ở,Phường Cầu Kiệu,425,6,270588235.2941176
sale,Tuned RF/XGBoost Ensemble,51999999999.999954,179999999999.99973,127999999999.99977,2.4615384615384595,alonhadat,Quận 1,Đất,Tòa nhà/văn phòng/mặt bằng,Phường Bến Thành,350,12,148571428.57142857
sale,Tuned RF/XGBoost Ensemble,95000000000.00005,100291034587.508,5291034587.50795,0.05569510092113629,alonhadat,Quận 1,Đất,Đất/đất nền,Phường Tân Định,200,9,475000000
sale,Tuned RF/XGBoost Ensemble,30999999999.99997,42852832569.14781,11852832569.147842,0.3823494377144469,alonhadat,Quận 1,Đất,Đất/đất nền,Phường Nguyễn Thái Bình,55,18,563636363.6363636
sale,Tuned RF/XGBoost Ensemble,53999999999.99997,68404405574.56812,14404405574.568153,0.26674825138089187,alonhadat,Quận 1,Đất,Đất/đất nền,Phường Tân Định,150,2,360000000
sale,Tuned RF/XGBoost Ensemble,84999999999.99997,58206363252.649055,26793636747.350914,0.3152192558511873,alonhadat,Quận 10,Nhà ở,Nhà phố/nhà ở,Phường 15,300,4,283333333.3333333
sale,Tuned RF/XGBoost Ensemble,13799999999.99998,8378679058.90563,5421320941.094351,0.3928493435575622,alonhadat,Quận 10,Nhà ở,Nhà phố/nhà ở,Phường 11,46,4,300000000
sale,Tuned RF/XGBoost Ensemble,26999999999.99998,32883075934.47743,5883075934.4774475,0.21789170127694266,alonhadat,Quận 10,Nhà ở,Nhà phố/nhà ở,Phường 12,125,9,216000000
sale,Tuned RF/XGBoost Ensemble,26999999999.99998,25505888412.989864,1494111587.0101166,0.05533746618555991,alonhadat,Quận 10,Nhà ở,Nhà phố/nhà ở,Phường 5,70,12,385714285.71428573
sale,Tuned RF/XGBoost Ensemble,16899999999.999994,10472446319.243856,6427553680.756138,0.3803286201630852,alonhadat,Quận 10,Nhà ở,Nhà phố/nhà ở,Phường 12,35,6,482857142.8571428
sale,Tuned RF/XGBoost Ensemble,29900000000.00005,19820680303.669205,10079319696.330845,0.337100993188322,alonhadat,Quận 10,Đất,Đất/đất nền,Phường 7,74,3,404054054.0540541
sale,Tuned RF/XGBoost Ensemble,20700000000.000023,20439637896.3928,260362103.6072235,0.012577879401315132,alonhadat,Quận 10,Đất,Đất/đất nền,Phường 8,68,4,304411764.7058824
sale,Tuned RF/XGBoost Ensemble,2200000000.000003,3821061317.062288,1621061317.062285,0.7368460532101285,alonhadat,Quận 11,Nhà ở,Nhà phố/nhà ở,Phường 11,29,2,75862068.96551724
sale,Tuned RF/XGBoost Ensemble,4360000000.000003,9530163471.528044,5170163471.528041,1.1858173099834948,alonhadat,Quận 11,Nhà ở,Nhà phố/nhà ở,Phường 7,71,5,61408450.704225354
sale,Tuned RF/XGBoost Ensemble,68000000000.00007,29821026021.509026,38178973978.49104,0.5614554996836912,alonhadat,Quận 11,Nhà ở,Nhà phố/nhà ở,Phường 15,252,5,269841269.84126985
sale,Tuned RF/XGBoost Ensemble,25000000000.000034,14000665279.365587,10999334720.634447,0.4399733888253773,alonhadat,Quận 11,Nhà ở,Nhà phố/nhà ở,Phường 13,91,5,274725274.72527474
sale,Tuned RF/XGBoost Ensemble,10899999999.99998,13165403069.32004,2265403069.320059,0.20783514397431768,alonhadat,Quận 12,Biệt thự,Biệt thự/cao cấp,Phường Thới An,137,5,79562043.79562044
sale,Tuned RF/XGBoost Ensemble,7299000000.000003,9241314409.515682,1942314409.5156794,0.26610692005969017,alonhadat,Quận 12,Căn hộ chung cư,Căn hộ,Phường Tân Thới Nhất,124,11,58862903.22580645
sale,Tuned RF/XGBoost Ensemble,6600000000.000004,8360580994.282161,1760580994.282157,0.26675469610335695,alonhadat,Quận 12,Mặt bằng,Tòa nhà/văn phòng/mặt bằng,Phường Tân Thới Hiệp,99,3,66666666.666666664
sale,Tuned RF/XGBoost Ensemble,6699999999.999999,8600183195.238077,1900183195.238078,0.2836094321250863,alonhadat,Quận 12,Nhà ở,Nhà phố/nhà ở,Phường Thạnh Lộc,162,2,41358024.69135802
sale,Tuned RF/XGBoost Ensemble,9499999999.999992,7135042768.391645,2364957231.608347,0.24894286648508934,alonhadat,Quận 12,Nhà ở,Nhà phố/nhà ở,Phường Thới An,100,3,95000000
sale,Tuned RF/XGBoost Ensemble,4059999999.9999943,3569241556.6220064,490758443.37798786,0.12087646388620407,alonhadat,Quận 12,Nhà ở,Nhà phố/nhà ở,Phường Hiệp Thành,52,2,78076923.07692306
sale,Tuned RF/XGBoost Ensemble,6600000000.000004,5397157174.440057,1202842825.559947,0.18224891296362822,alonhadat,Quận 12,Nhà ở,Nhà phố/nhà ở,Phường Tân Thới Hiệp,88,2,75000000
sale,Tuned RF/XGBoost Ensemble,3899999999.9999948,3532969885.3883367,367030114.6116581,0.09411028579786118,alonhadat,Quận 12,Đất,Đất/đất nền,Phường Đông Hưng Thuận,45,3,86666666.66666667
sale,Tuned RF/XGBoost Ensemble,280000000000.0004,172869317242.40326,107130682757.59717,0.3826095812771322,alonhadat,Quận 3,Biệt thự,Biệt thự/cao cấp,Phường Võ Thị Sáu,528,3,530303030.3030303
sale,Tuned RF/XGBoost Ensemble,29100000000.000015,70094839085.92213,40994839085.92212,1.4087573569045395,alonhadat,Quận 3,Biệt thự,Biệt thự/cao cấp,Phường Xuân Hòa,150,5,194000000
sale,Tuned RF/XGBoost Ensemble,238999999999.99973,179999999999.99973,59000000000,0.24686192468619275,alonhadat,Quận 3,Mặt bằng,Tòa nhà/văn phòng/mặt bằng,Phường 8,450,12,531111111.1111111
sale,Tuned RF/XGBoost Ensemble,134999999999.9998,92617350684.00305,42382649315.99675,0.3139455504888653,alonhadat,Quận 3,Nhà ở,Biệt thự/cao cấp,Phường Võ Thị Sáu,180,15,750000000
sale,Tuned RF/XGBoost Ensemble,16800000000.000029,12277225934.26775,4522774065.732279,0.26921274200787326,alonhadat,Quận 3,Nhà ở,Nhà phố/nhà ở,Phường 13,56,5,300000000
sale,Tuned RF/XGBoost Ensemble,59999999999.99994,91628985186.32062,31628985186.32068,0.5271497531053452,alonhadat,Quận 3,Nhà ở,Tòa nhà/văn phòng/mặt bằng,Phường Võ Thị Sáu,170,7,352941176.4705882
sale,Tuned RF/XGBoost Ensemble,4679999999.999992,12754579786.895437,8074579786.895445,1.7253375613024482,alonhadat,Quận 3,Nhà ở,Nhà phố/nhà ở,Phường Võ Thị Sáu,79,6,59240506.32911392
sale,Tuned RF/XGBoost Ensemble,3789999999.9999948,9984541522.012604,6194541522.0126095,1.634443673354253,alonhadat,Quận 3,Nhà ở,Nhà phố/nhà ở,Phường 9,68,4,55735294.11764706
sale,Tuned RF/XGBoost Ensemble,8400000000.000014,10421871541.512897,2021871541.5128832,0.2406989930372476,alonhadat,Quận 3,Nhà ở,Nhà phố/nhà ở,Phường 1,38,4,221052631.57894737
sale,Tuned RF/XGBoost Ensemble,36999999999.99996,30107065260.622494,6892934739.377468,0.1862955334966885,alonhadat,Quận 3,Nhà ở,Nhà phố/nhà ở,Phường Võ Thị Sáu,112,4,330357142.85714287
sale,Tuned RF/XGBoost Ensemble,44000000000.00004,45034365141.761856,1034365141.7618179,0.023508298676404932,alonhadat,Quận 3,Nhà ở,Nhà phố/nhà ở,Phường Xuân Hòa,150,10,293333333.3333333
sale,Tuned RF/XGBoost Ensemble,42000000000.00006,20897217943.912067,21102782056.087994,0.5024471918116181,alonhadat,Quận 3,Nhà ở,Nhà phố/nhà ở,Phường 7,68,6,617647058.8235294
sale,Tuned RF/XGBoost Ensemble,269999999999.99963,137377350361.2572,132622649638.74243,0.49119499866200966,alonhadat,Quận 3,Đất,Đất/đất nền,Phường 14,450,3,600000000
sale,Tuned RF/XGBoost Ensemble,55800000000.00021,43587709393.173195,12212290606.827019,0.21885825460263392,alonhadat,Quận 3,Đất,Đất/đất nền,Phường 1,120,3,465000000
sale,Tuned RF/XGBoost Ensemble,4949999999.999992,5939679519.652789,989679519.6527967,0.1999352564955148,alonhadat,Quận 3,Đất,Đất/đất nền,Phường Bàn Cờ,27,3,183333333.33333337
sale,Tuned RF/XGBoost Ensemble,240000000000.00018,88857937721.51178,151142062278.4884,0.6297585928270345,alonhadat,Quận 5,Nhà ở,Đất/đất nền,Phường 3,650,4,369230769.2307692
sale,Tuned RF/XGBoost Ensemble,80000000000.00008,43248675767.305115,36751324232.69496,0.4593915529086866,alonhadat,Quận 5,Nhà ở,Nhà phố/nhà ở,Phường 3,187,5,427807486.631016
sale,Tuned RF/XGBoost Ensemble,88999999999.99988,50275752073.838425,38724247926.16145,0.43510390928271353,alonhadat,Quận 5,Nhà ở,Nhà phố/nhà ở,Phường 8,192,10,463541666.6666667
sale,Tuned RF/XGBoost Ensemble,28999999999.999992,24863140375.653717,4136859624.3462753,0.14265033187400952,alonhadat,Quận 5,Đất,Đất/đất nền,Phường 6,67,6,432835820.8955224
sale,Tuned RF/XGBoost Ensemble,79000000000.00002,34479629651.697296,44520370348.30272,0.5635489917506672,alonhadat,Quận 5,Đất,Đất/đất nền,Phường 1,183,5,431693989.07103825
sale,Tuned RF/XGBoost Ensemble,299999999999.99945,128570342398.77852,171429657601.22095,0.5714321920040709,alonhadat,Quận 6,Biệt thự,Biệt thự/cao cấp,Phường 10,1200,11,250000000
sale,Tuned RF/XGBoost Ensemble,12499999999.999949,10001420125.851677,2498579874.1482716,0.19988638993186256,alonhadat,Quận 6,Căn hộ chung cư,Căn hộ,Phường Bình Phú,130,2,96153846.15384616
sale,Tuned RF/XGBoost Ensemble,33000000000.000015,34289773803.535667,1289773803.5356522,0.0390840546525955,alonhadat,Quận 6,Nhà ở,Nhà phố/nhà ở,Phường Bình Phú,180,12,183333333.33333337
sale,Tuned RF/XGBoost Ensemble,14500000000.00002,15822519803.257668,1322519803.2576485,0.09120826229363081,alonhadat,Quận 6,Nhà ở,Nhà phố/nhà ở,Phường Bình Phú,68,6,213235294.11764705
sale,Tuned RF/XGBoost Ensemble,30500000000.00004,20432448852.976215,10067551147.023823,0.3300836441647151,alonhadat,Quận 6,Đất,Đất/đất nền,Phường Bình Tây,100,8,305000000
sale,Tuned RF/XGBoost Ensemble,9999999999.999987,20915178439.09353,10915178439.093542,1.0915178439093556,alonhadat,Quận 6,Đất,Đất/đất nền,Phường 13,133,6,75187969.92481203
sale,Tuned RF/XGBoost Ensemble,3949999999.999996,7515082882.6679535,3565082882.6679573,0.9025526285235344,alonhadat,Quận 7,Nhà ở,Nhà phố/nhà ở,Phường Tân Phong,58,4,68103448.27586207
sale,Tuned RF/XGBoost Ensemble,10299999999.999994,12487278189.076984,2187278189.07699,0.21235710573563021,alonhadat,Quận 7,Nhà ở,Nhà phố/nhà ở,Phường Tân Thuận Đông,130,10,79230769.23076923
sale,Tuned RF/XGBoost Ensemble,7989999999.999993,7097892802.141963,892107197.8580303,0.11165296593967848,alonhadat,Quận 7,Nhà ở,Nhà phố/nhà ở,Phường 11,75,3,106533333.33333331
sale,Tuned RF/XGBoost Ensemble,13600000000.000008,5008730759.017929,8591269240.982079,0.6317109736016231,alonhadat,Quận 7,Nhà ở,Nhà phố/nhà ở,Phường Bình Thuận,34,3,400000000
sale,Tuned RF/XGBoost Ensemble,15999999999.999983,13502489987.991583,2497510012.0084,0.15609437575052518,alonhadat,Quận 8,Nhà ở,Nhà phố/nhà ở,Phường 1,110,5,145454545.45454547
sale,Tuned RF/XGBoost Ensemble,6600000000.000004,7313180523.865947,713180523.865943,0.10805765513120341,alonhadat,Quận 8,Nhà ở,Nhà phố/nhà ở,Phường Chánh Hưng,51,5,129411764.70588236
sale,Tuned RF/XGBoost Ensemble,12999999999.999989,11738769703.274536,1261230296.7254524,0.0970177151327272,alonhadat,Quận 8,Nhà ở,Nhà phố/nhà ở,Xã Bình Hưng,120,4,108333333.33333331
sale,Tuned RF/XGBoost Ensemble,13500000000.000013,12268838088.759209,1231161911.2408047,0.09119717861042989,alonhadat,Quận 8,Đất,Đất/đất nền,Xã Bình Hưng,136,3,99264705.88235296
sale,Tuned RF/XGBoost Ensemble,12499999999.999949,10465277080.207455,2034722919.7924938,0.16277783358340017,alonhadat,Quận 8,Đất,Đất/đất nền,Xã Bình Hưng,100,6,125000000
sale,Tuned RF/XGBoost Ensemble,10880000000.00001,9276882598.86599,1603117401.1340199,0.1473453493689355,alonhadat,Quận 8,Đất,Đất/đất nền,Phường 4,65,4,167384615.3846154
sale,Tuned RF/XGBoost Ensemble,15500000000.00002,15465729013.869663,34270986.130355835,0.002211031363248761,alonhadat,Quận Bình Thạnh,Biệt thự,Biệt thự/cao cấp,Phường 12,110,4,140909090.9090909
sale,Tuned RF/XGBoost Ensemble,5699999999.999994,5925600455.052542,225600455.05254745,0.03957902720220135,alonhadat,Quận Bình Thạnh,Nhà ở,Nhà phố/nhà ở,Phường 11,45,3,126666666.66666669
sale,Tuned RF/XGBoost Ensemble,21000000000.000084,19281789811.68484,1718210188.3152428,0.08181953277691599,alonhadat,Quận Bình Thạnh,Nhà ở,Nhà phố/nhà ở,Phường 2,72,10,291666666.6666667
sale,Tuned RF/XGBoost Ensemble,24000000000.00005,32462322817.95305,8462322817.952999,0.35259678408137424,alonhadat,Quận Bình Thạnh,Nhà ở,Tòa nhà/văn phòng/mặt bằng,Phường 25,100,16,240000000
sale,Tuned RF/XGBoost Ensemble,12499999999.999949,8384308846.924138,4115691153.0758104,0.3292552922460662,alonhadat,Quận Bình Thạnh,Nhà ở,Nhà phố/nhà ở,Phường 11,80,4,156250000
sale,Tuned RF/XGBoost Ensemble,46500000000.00002,60872706020.56917,14372706020.569145,0.30909045205525026,alonhadat,Quận Bình Thạnh,Nhà ở,Tòa nhà/văn phòng/mặt bằng,Phường 6,281,6,165480427.04626334
sale,Tuned RF/XGBoost Ensemble,10400000000.000002,7653469192.128164,2746530807.8718376,0.2640895007569074,alonhadat,Quận Bình Thạnh,Nhà ở,Nhà phố/nhà ở,Phường 13,55,4,189090909.0909091
sale,Tuned RF/XGBoost Ensemble,15899999999.99998,25651810834.951427,9751810834.951447,0.6133214361604691,alonhadat,Quận Bình Thạnh,Nhà ở,Nhà phố/nhà ở,Phường Bình Tân,168,6,94642857.14285716
sale,Tuned RF/XGBoost Ensemble,2910000000.0000076,4912343129.929283,2002343129.9292755,0.6880904226561066,alonhadat,Quận Bình Thạnh,Nhà ở,Nhà phố/nhà ở,Phường Bình Lợi Trung,55,2,52909090.90909091
sale,Tuned RF/XGBoost Ensemble,25000000000.000034,21182692715.47748,3817307284.5225525,0.1526922913809019,alonhadat,Quận Bình Thạnh,Nhà ở,Nhà phố/nhà ở,Phường 26,72,8,347222222.2222222
sale,Tuned RF/XGBoost Ensemble,24499999999.999966,20344903392.629208,4155096607.370758,0.16959577989268423,alonhadat,Quận Bình Thạnh,Nhà ở,Nhà phố/nhà ở,Phường 26,163,6,150306748.46625766
sale,Tuned RF/XGBoost Ensemble,7500000000.0000105,10490006652.779917,2990006652.7799063,0.39866755370398693,alonhadat,Quận Bình Thạnh,Nhà ở,Nhà phố/nhà ở,Phường Bình Hưng Hòa B,78,4,96153846.15384616
sale,Tuned RF/XGBoost Ensemble,75000000000.00018,60895267877.60073,14104732122.399452,0.18806309496532558,alonhadat,Quận Bình Thạnh,Nhà ở,Tòa nhà/văn phòng/mặt bằng,Phường 25,160,15,468750000
sale,Tuned RF/XGBoost Ensemble,62000000000.00004,47549734272.16801,14450265727.832031,0.2330688020618068,alonhadat,Quận Bình Thạnh,Nhà ở,Nhà phố/nhà ở,Phường 6,225,10,275555555.5555556
sale,Tuned RF/XGBoost Ensemble,299999999999.99945,168966381591.4707,131033618408.52875,0.43677872802843,alonhadat,Quận Bình Thạnh,Nhà ở,Tòa nhà/văn phòng/mặt bằng,Phường Bình Thạnh,725,7,413793103.44827586
sale,Tuned RF/XGBoost Ensemble,7500000000.0000105,6228489681.592695,1271510318.4073153,0.16953470912097512,alonhadat,Quận Bình Thạnh,Nhà ở,Nhà phố/nhà ở,Phường 3,59,2,127118644.0677966
sale,Tuned RF/XGBoost Ensemble,40999999999.99998,31353579285.922256,9646420714.07772,0.23527855400189576,alonhadat,Quận Bình Thạnh,Nhà ở,Nhà phố/nhà ở,Phường 1,200,1,205000000
sale,Tuned RF/XGBoost Ensemble,17199999999.999973,16731236039.469849,468763960.53012466,0.027253718635472407,alonhadat,Quận Bình Thạnh,Nhà ở,Nhà phố/nhà ở,Phường 24,160,9,107500000
sale,Tuned RF/XGBoost Ensemble,15879999999.999983,9780254963.979198,6099745036.020784,0.38411492670156117,alonhadat,Quận Bình Thạnh,Đất,Đất/đất nền,Phường 11,72,4,220555555.55555555
sale,Tuned RF/XGBoost Ensemble,9499999999.999992,7840830838.6133795,1659169161.386613,0.17464938540911729,alonhadat,Quận Bình Thạnh,Đất,Đất/đất nền,Phường 3,45,2,211111111.1111111
sale,Tuned RF/XGBoost Ensemble,19800000000.000023,45322704133.68332,25522704133.683296,1.2890254612971346,alonhadat,Quận Bình Tân,Biệt thự,Biệt thự/cao cấp,Phường Bình Hưng Hòa A,330,5,60000000
sale,Tuned RF/XGBoost Ensemble,6799999999.999998,11845517906.477118,5045517906.477119,0.741987927423106,alonhadat,Quận Bình Tân,Biệt thự,Biệt thự/cao cấp,Phường Tân Tạo,82,7,82926829.26829268
sale,Tuned RF/XGBoost Ensemble,12599999999.999998,14782038621.185308,2182038621.1853104,0.17317766834804052,alonhadat,Quận Bình Tân,Nhà ở,Nhà phố/nhà ở,Phường Bình Trị Đông B,100,5,126000000
sale,Tuned RF/XGBoost Ensemble,10500000000,12187062459.968155,1687062459.968155,0.16067261523506238,alonhadat,Quận Bình Tân,Nhà ở,Nhà phố/nhà ở,Phường Tân Tạo,80,5,131250000
sale,Tuned RF/XGBoost Ensemble,7700000000.0000105,6806025762.238722,893974237.7612886,0.11610055035860875,alonhadat,Quận Bình Tân,Nhà ở,Nhà phố/nhà ở,Phường An Lạc,98,4,78571428.57142857
sale,Tuned RF/XGBoost Ensemble,6999999999.99999,6649126587.690592,350873412.30939865,0.05012477318705702,alonhadat,Quận Bình Tân,Nhà ở,Nhà phố/nhà ở,Phường Bình Hưng Hòa,56,4,125000000
sale,Tuned RF/XGBoost Ensemble,6999999999.99999,6367497989.796935,632502010.2030554,0.09035743002900803,alonhadat,Quận Bình Tân,Nhà ở,Nhà phố/nhà ở,Phường Bình Trị Đông A,80,4,87500000
sale,Tuned RF/XGBoost Ensemble,10799999999.999964,7448565040.0413275,3351434959.9586363,0.3103180518480229,alonhadat,Quận Gò Vấp,Căn hộ chung cư,Căn hộ,Phường An Nhơn,108,3,100000000
sale,Tuned RF/XGBoost Ensemble,17500000000.00002,8590110496.613104,8909889503.386915,0.5091365430506803,alonhadat,Quận Gò Vấp,Nhà ở,Nhà phố/nhà ở,Phường 1,57,4,307017543.8596491
sale,Tuned RF/XGBoost Ensemble,7500000000.0000105,10256079849.246855,2756079849.2468443,0.36747731323291205,alonhadat,Quận Gò Vấp,Nhà ở,Nhà phố/nhà ở,Phường 12,75,3,100000000
sale,Tuned RF/XGBoost Ensemble,3660000000.000001,7442194763.883227,3782194763.8832264,1.033386547509078,alonhadat,Quận Gò Vấp,Nhà ở,Biệt thự/cao cấp,Phường 17,64,3,57187500
sale,Tuned RF/XGBoost Ensemble,9989999999.999996,8302315300.75586,1687684699.2441359,0.1689374073317454,alonhadat,Quận Gò Vấp,Nhà ở,Nhà phố/nhà ở,Phường An Nhơn,60,4,166500000
sale,Tuned RF/XGBoost Ensemble,6950000000.000034,7645008484.872942,695008484.8729076,0.10000122084502219,alonhadat,Quận Gò Vấp,Nhà ở,Nhà phố/nhà ở,Phường 13,52,5,133653846.15384616
sale,Tuned RF/XGBoost Ensemble,800000000.000001,6557037605.146668,5757037605.1466675,7.196297006433325,alonhadat,Quận Gò Vấp,Nhà ở,Nhà phố/nhà ở,Phường 14,64,4,12500000
sale,Tuned RF/XGBoost Ensemble,4300000000.000001,4818594968.943128,518594968.9431267,0.12060348114956432,alonhadat,Quận Gò Vấp,Nhà ở,Nhà phố/nhà ở,Phường 12,44,2,97727272.72727272
sale,Tuned RF/XGBoost Ensemble,17500000000.00002,17614925464.27381,114925464.27379227,0.006567169387073837,alonhadat,Quận Gò Vấp,Nhà ở,Nhà phố/nhà ở,Phường 17,130,16,134615384.6153846
sale,Tuned RF/XGBoost Ensemble,289999999999.9986,179451613100.22995,110548386899.76865,0.3812013341371351,alonhadat,Quận Gò Vấp,Đất,Đất/đất nền,Phường Hạnh Thông,2000,10,145000000
sale,Tuned RF/XGBoost Ensemble,5199999999.999992,7288960827.825833,2088960827.825841,0.4017232361203546,alonhadat,Quận Gò Vấp,Đất,Đất/đất nền,Phường 8,70,4,74285714.28571428
sale,Tuned RF/XGBoost Ensemble,13980000000.000004,8456449104.383392,5523550895.6166115,0.39510378366356297,alonhadat,Quận Gò Vấp,Đất,Đất/đất nền,Phường 14,60,3,233000000
sale,Tuned RF/XGBoost Ensemble,39999000000.00004,39297445811.28039,701554188.7196503,0.017539293200321247,alonhadat,Quận Gò Vấp,Đất,Đất/đất nền,Phường Hạnh Thông,260,1,153842307.69230768
sale,Tuned RF/XGBoost Ensemble,4750000000.000005,5326796626.983373,576796626.9833679,0.12143086883860366,alonhadat,Quận Gò Vấp,Đất,Đất/đất nền,Phường Hạnh Thông,48,3,98958333.33333331
sale,Tuned RF/XGBoost Ensemble,35999999999.99984,33163291941.16583,2836708058.834011,0.07879744607872288,alonhadat,Quận Phú Nhuận,Biệt thự,Biệt thự/cao cấp,Phường 10,174,5,206896551.72413793
sale,Tuned RF/XGBoost Ensemble,35999999999.99984,35061351405.92898,938648594.0708618,0.026073572057524055,alonhadat,Quận Phú Nhuận,Biệt thự,Biệt thự/cao cấp,Phường 10,174,4,206896551.72413793
sale,Tuned RF/XGBoost Ensemble,25200000000.00001,20671988498.212345,4528011501.787666,0.1796829961026851,alonhadat,Quận Phú Nhuận,Nhà ở,Nhà phố/nhà ở,Phường Cầu Kiệu,64,7,393750000
sale,Tuned RF/XGBoost Ensemble,42000000000.00006,33487123107.50814,8512876892.49192,0.20268754505933115,alonhadat,Quận Phú Nhuận,Nhà ở,Nhà phố/nhà ở,Phường 2,128,6,328125000
sale,Tuned RF/XGBoost Ensemble,21500000000.000023,17917552681.590824,3582447318.4091988,0.16662545667019513,alonhadat,Quận Phú Nhuận,Nhà ở,Nhà phố/nhà ở,Phường Phú Nhuận,80,6,268750000
sale,Tuned RF/XGBoost Ensemble,49000000000.000084,77163397833.51619,28163397833.516106,0.5747632210921645,alonhadat,Quận Phú Nhuận,Nhà ở,Tòa nhà/văn phòng/mặt bằng,Phường 8,154,8,318181818.1818182
sale,Tuned RF/XGBoost Ensemble,84999999999.99997,60625918647.984146,24374081352.015823,0.28675389825900977,alonhadat,Quận Phú Nhuận,Nhà ở,Nhà phố/nhà ở,Phường 17,300,5,283333333.3333333
sale,Tuned RF/XGBoost Ensemble,35999999999.99984,33505760296.845318,2494239703.154522,0.06928443619873703,alonhadat,Quận Phú Nhuận,Nhà ở,Nhà phố/nhà ở,Phường 13,140,24,257142857.14285713
sale,Tuned RF/XGBoost Ensemble,12499999999.999949,8374084397.559442,4125915602.440507,0.3300732481952419,alonhadat,Quận Phú Nhuận,Đất,Đất/đất nền,Phường 17,41,6,304878048.7804878
sale,Tuned RF/XGBoost Ensemble,7799999999.999991,5846227920.140186,1953772079.859805,0.2504835999820266,alonhadat,Quận Phú Nhuận,Đất,Đất/đất nền,Phường Đức Nhuận,33,3,236363636.36363637
sale,Tuned RF/XGBoost Ensemble,29999999999.999996,38472881859.679535,8472881859.679539,0.2824293953226513,alonhadat,Quận Phú Nhuận,Đất,Đất/đất nền,Phường 8,147,4,204081632.6530612
sale,Tuned RF/XGBoost Ensemble,21000000000.000084,26813529927.961655,5813529927.961571,0.2768347584743594,alonhadat,Quận Phú Nhuận,Đất,Đất/đất nền,Phường 7,98,5,214285714.2857143
sale,Tuned RF/XGBoost Ensemble,119999999999.99994,125916900446.89377,5916900446.893829,0.04930750372411527,alonhadat,Quận Tân Bình,Biệt thự,Biệt thự/cao cấp,Phường 7,1102,8,108892921.9600726
sale,Tuned RF/XGBoost Ensemble,52899999999.99992,33767654860.617085,19132345139.38284,0.36167004044202017,alonhadat,Quận Tân Bình,Biệt thự,Biệt thự/cao cấp,Phường 12,182,5,290659340.6593407
sale,Tuned RF/XGBoost Ensemble,62000000000.00004,75853903727.19127,13853903727.19123,0.22345006011598745,alonhadat,Quận Tân Bình,Biệt thự,Biệt thự/cao cấp,Phường 7,325,7,190769230.7692308
sale,Tuned RF/XGBoost Ensemble,44999999999.999886,32751600960.776917,12248399039.22297,0.2721866453160667,alonhadat,Quận Tân Bình,Biệt thự,Biệt thự/cao cấp,Phường 2,176,5,255681818.1818182
sale,Tuned RF/XGBoost Ensemble,29499999999.99985,30770202147.143047,1270202147.143196,0.043057699903159406,alonhadat,Quận Tân Bình,Căn hộ chung cư,Căn hộ,Phường 15,201,37,146766169.15422887
sale,Tuned RF/XGBoost Ensemble,8200000000.000003,9049064440.732088,849064440.7320852,0.10354444399171768,alonhadat,Quận Tân Bình,Nhà trọ,Phòng trọ,Phường 15,98,5,83673469.3877551
sale,Tuned RF/XGBoost Ensemble,21899999999.999966,20324921126.501114,1575078873.4988518,0.07192140974880613,alonhadat,Quận Tân Bình,Nhà ở,Nhà phố/nhà ở,Phường 4,133,5,164661654.13533834
sale,Tuned RF/XGBoost Ensemble,8500000000.0000105,7558195400.3601055,941804599.639905,0.11080054113410633,alonhadat,Quận Tân Bình,Nhà ở,Nhà phố/nhà ở,Phường 5,56,2,151785714.2857143
sale,Tuned RF/XGBoost Ensemble,24899999999.99993,31695408411.25123,6795408411.251297,0.272907968323346,alonhadat,Quận Tân Bình,Nhà ở,Nhà phố/nhà ở,Phường Tân Sơn,160,14,155625000
sale,Tuned RF/XGBoost Ensemble,17999999999.99997,17106509964.278614,893490035.7213554,0.049638335317853166,alonhadat,Quận Tân Bình,Nhà ở,Tòa nhà/văn phòng/mặt bằng,Phường 14,96,5,187500000
sale,Tuned RF/XGBoost Ensemble,20499999999.99993,17198868478.83222,3301131521.167713,0.1610308059106207,alonhadat,Quận Tân Bình,Nhà ở,Nhà phố/nhà ở,Phường 13,96,5,213541666.66666663
sale,Tuned RF/XGBoost Ensemble,13799999999.99998,13979260516.959188,179260516.95920753,0.012989892533275926,alonhadat,Quận Tân Bình,Nhà ở,Nhà phố/nhà ở,Phường 11,71,2,194366197.18309855
sale,Tuned RF/XGBoost Ensemble,5199999999.999992,13430588124.373854,8230588124.373861,1.582805408533437,alonhadat,Quận Tân Bình,Nhà ở,Nhà phố/nhà ở,Phường 7,65,2,80000000
sale,Tuned RF/XGBoost Ensemble,19499999999.999924,17920809007.019375,1579190992.9805489,0.0809841534861823,alonhadat,Quận Tân Bình,Nhà ở,Nhà phố/nhà ở,Phường Bảy Hiền,80,6,243750000
sale,Tuned RF/XGBoost Ensemble,54899999999.99998,39452827171.80211,15447172828.197868,0.2813692682731853,alonhadat,Quận Tân Bình,Nhà ở,Nhà phố/nhà ở,Phường 2,197,3,278680203.0456853
sale,Tuned RF/XGBoost Ensemble,10500000000,14292669388.648857,3792669388.648857,0.3612066084427483,alonhadat,Quận Tân Bình,Nhà ở,Nhà phố/nhà ở,Phường 14,111,3,94594594.5945946
sale,Tuned RF/XGBoost Ensemble,10500000000,10607065186.698956,107065186.69895554,0.010196684447519574,alonhadat,Quận Tân Bình,Nhà ở,Nhà phố/nhà ở,Phường 14,74,3,141891891.8918919
sale,Tuned RF/XGBoost Ensemble,13199999999.999979,10789267263.02106,2410732736.978918,0.18263126795294862,alonhadat,Quận Tân Bình,Nhà ở,Nhà phố/nhà ở,Phường 14,54,4,244444444.44444445
sale,Tuned RF/XGBoost Ensemble,55000000000.00008,83427827064.95078,28427827064.9507,0.5168695829991029,alonhadat,Quận Tân Bình,Nhà ở,Tòa nhà/văn phòng/mặt bằng,Phường 13,264,7,208333333.33333337
sale,Tuned RF/XGBoost Ensemble,40000000000.00004,31767690415.88772,8232309584.11232,0.2058077396028078,alonhadat,Quận Tân Bình,Nhà ở,Nhà phố/nhà ở,Phường 4,184,5,217391304.3478261
sale,Tuned RF/XGBoost Ensemble,51998999999.999916,45785350344.683205,6213649655.316711,0.11949556059379453,alonhadat,Quận Tân Bình,Nhà ở,Biệt thự/cao cấp,Phường 12,230,5,226082608.6956522
sale,Tuned RF/XGBoost Ensemble,13199999999.999979,13745050708.403122,545050708.4031429,0.0412917203335715,alonhadat,Quận Tân Bình,Nhà ở,Nhà phố/nhà ở,Phường 13,64,4,206250000
sale,Tuned RF/XGBoost Ensemble,13799999999.99998,17692530022.03582,3892530022.035839,0.28206739290114813,alonhadat,Quận Tân Bình,Nhà ở,Nhà phố/nhà ở,Phường 12,72,5,191666666.66666663
sale,Tuned RF/XGBoost Ensemble,19900000000.000034,14071277587.609726,5828722412.390308,0.29290062373820597,alonhadat,Quận Tân Bình,Nhà ở,Nhà phố/nhà ở,Phường 12,88,4,226136363.63636363
sale,Tuned RF/XGBoost Ensemble,68000000000.00007,52134510853.91824,15865489146.081825,0.23331601685414424,alonhadat,Quận Tân Bình,Nhà ở,Nhà phố/nhà ở,Phường 13,270,1,251851851.85185185
sale,Tuned RF/XGBoost Ensemble,25000000000.000034,28764691103.883236,3764691103.8832016,0.15058764415532785,alonhadat,Quận Tân Bình,Nhà ở,Nhà phố/nhà ở,Phường Tân Bình,150,4,166666666.66666666
sale,Tuned RF/XGBoost Ensemble,42000000000.00006,47732045943.38078,5732045943.380722,0.13647728436620746,alonhadat,Quận Tân Bình,Nhà ở,Tòa nhà/văn phòng/mặt bằng,Phường 12,180,6,233333333.33333337
sale,Tuned RF/XGBoost Ensemble,18998999999.999977,14369393139.952148,4629606860.047829,0.24367634402062394,alonhadat,Quận Tân Bình,Đất,Đất/đất nền,Phường 4,82,12,231695121.9512195
sale,Tuned RF/XGBoost Ensemble,44999999999.999886,41197280910.01992,3802719089.979965,0.08450486866622166,alonhadat,Quận Tân Bình,Đất,Đất/đất nền,Phường 4,192,15,234375000
sale,Tuned RF/XGBoost Ensemble,21599999999.99991,22397769214.611515,797769214.6116066,0.03693375993572268,alonhadat,Quận Tân Bình,Đất,Đất/đất nền,Phường 5,94,5,229787234.0425532
sale,Tuned RF/XGBoost Ensemble,50999999999.99996,58902099247.60259,7902099247.602631,0.15494312250201248,alonhadat,Quận Tân Bình,Đất,Đất/đất nền,Phường 13,288,2,177083333.33333334
sale,Tuned RF/XGBoost Ensemble,59998999999.99993,44392387383.357834,15606612616.642097,0.2601145455197939,alonhadat,Quận Tân Bình,Đất,Đất/đất nền,Phường Tân Hòa,180,30,333327777.7777778
sale,Tuned RF/XGBoost Ensemble,95000000000.00005,115067040040.2781,20067040040.27806,0.2112320004239795,alonhadat,Quận Tân Bình,Đất,Tòa nhà/văn phòng/mặt bằng,Phường 2,360,45,263888888.8888889
sale,Tuned RF/XGBoost Ensemble,12999999999.999989,16334838484.106651,3334838484.1066628,0.25652603723897427,alonhadat,Quận Tân Bình,Đất nền,Đất/đất nền,Phường 11,74,2,175675675.6756757
sale,Tuned RF/XGBoost Ensemble,35999999999.99984,36361872267.85019,361872267.8503494,0.010052007440287529,alonhadat,Quận Tân Phú,Căn hộ chung cư,Căn hộ,Phường Phú Thạnh,320,3,112500000
sale,Tuned RF/XGBoost Ensemble,18499999999.999985,12307576713.619965,6192423286.38002,0.33472558304756894,alonhadat,Quận Tân Phú,Nhà ở,Nhà phố/nhà ở,Phường Tân Sơn Nhì,90,2,205555555.55555555
sale,Tuned RF/XGBoost Ensemble,8000000000,11192426271.80221,3192426271.80221,0.39905328397527623,alonhadat,Quận Tân Phú,Nhà ở,Nhà phố/nhà ở,Phường Phú Trung,80,3,100000000
sale,Tuned RF/XGBoost Ensemble,23899999999.999992,23678041477.425903,221958522.57408905,0.00928696747171921,alonhadat,Quận Tân Phú,Nhà ở,Nhà phố/nhà ở,Phường Tây Thạnh,90,20,265555555.55555555
sale,Tuned RF/XGBoost Ensemble,9899999999.999996,7489527833.552251,2410472166.4477453,0.24348203701492385,alonhadat,Quận Tân Phú,Nhà ở,Nhà phố/nhà ở,Phường Phú Thọ Hòa,54,4,183333333.33333337
sale,Tuned RF/XGBoost Ensemble,6199999999.999969,8452052960.19486,2252052960.194892,0.3632343484185328,alonhadat,Quận Tân Phú,Nhà ở,Nhà phố/nhà ở,Phường Bình Hưng Hòa,65,4,95384615.3846154
sale,Tuned RF/XGBoost Ensemble,23499999999.999985,22208070489.828606,1291929510.171379,0.05497572383708,alonhadat,Quận Tân Phú,Nhà ở,Nhà phố/nhà ở,Phường Phú Thọ Hòa,150,6,156666666.66666666
sale,Tuned RF/XGBoost Ensemble,4200000000.0000005,5190877968.918426,990877968.9184251,0.23592332593295834,alonhadat,Quận Tân Phú,Nhà ở,Nhà phố/nhà ở,Phường Phú Thạnh,53,2,79245283.01886792
sale,Tuned RF/XGBoost Ensemble,4200000000.0000005,5373825101.621738,1173825101.621738,0.2794821670527947,alonhadat,Quận Tân Phú,Nhà ở,Nhà phố/nhà ở,Phường Tân Quý,38,3,110526315.78947368
sale,Tuned RF/XGBoost Ensemble,4200000000.0000005,4402443211.999147,202443211.99914694,0.048200764761701646,alonhadat,Quận Tân Phú,Nhà ở,Nhà phố/nhà ở,Phường Phú Thạnh,25,2,168000000
sale,Tuned RF/XGBoost Ensemble,91998999999.99988,65358798179.14425,26640201820.85563,0.289570558602329,alonhadat,Quận Tân Phú,Đất nền,Đất/đất nền,Phường Hòa Thạnh,763,1,120575360.41939712
sale,Tuned RF/XGBoost Ensemble,324999999999.999,153592664845.82098,171407335154.17804,0.5274071850897801,alonhadat,Thành phố Thủ Đức,Biệt thự,Biệt thự/cao cấp,Phường Thảo Điền,1000,2,325000000
sale,Tuned RF/XGBoost Ensemble,55000000000.00008,61251751019.011185,6251751019.011108,0.11366820034565636,alonhadat,Thành phố Thủ Đức,Biệt thự,Biệt thự/cao cấp,Phường Thạnh Mỹ Lợi,351,6,156695156.6951567
sale,Tuned RF/XGBoost Ensemble,15400000000.000027,63072334249.118774,47672334249.118744,3.0956061200726404,alonhadat,Thành phố Thủ Đức,Biệt thự,Biệt thự/cao cấp,Phường Long Trường,624,3,24679487.17948718
sale,Tuned RF/XGBoost Ensemble,65000000000.000015,54009429922.552666,10990570077.44735,0.16908569349918995,alonhadat,Thành phố Thủ Đức,Biệt thự,Biệt thự/cao cấp,Phường Thảo Điền,200,4,325000000
sale,Tuned RF/XGBoost Ensemble,63000000000.00004,77239652812.31146,14239652812.311424,0.2260262351160542,alonhadat,Thành phố Thủ Đức,Biệt thự,Biệt thự/cao cấp,Phường An Khánh,360,4,175000000
sale,Tuned RF/XGBoost Ensemble,21500000000.000023,57335737259.00846,35835737259.00844,1.6667784771631815,alonhadat,Thành phố Thủ Đức,Biệt thự,Biệt thự/cao cấp,Phường Hiệp Phú,220,7,97727272.72727272
sale,Tuned RF/XGBoost Ensemble,65000000000.000015,31626126786.23034,33373873213.769676,0.5134442032887642,alonhadat,Thành phố Thủ Đức,Căn hộ chung cư,Căn hộ,Phường Thảo Điền,208,18,312500000
sale,Tuned RF/XGBoost Ensemble,29499999999.99985,30976508376.766342,1476508376.766491,0.05005113141581351,alonhadat,Thành phố Thủ Đức,Nhà trọ,Phòng trọ,Phường Phước Long B,285,10,103508771.92982456
sale,Tuned RF/XGBoost Ensemble,7100000000.000022,7192901308.646079,92901308.64605713,0.013084691358599555,alonhadat,Thành phố Thủ Đức,Nhà ở,Nhà phố/nhà ở,Phường Tăng Nhơn Phú B,86,3,82558139.53488372
sale,Tuned RF/XGBoost Ensemble,9849999999.999985,7608033770.783105,2241966229.21688,0.22761078469206938,alonhadat,Thành phố Thủ Đức,Nhà ở,Nhà phố/nhà ở,Phường Tăng Nhơn Phú A,72,4,136805555.55555555
sale,Tuned RF/XGBoost Ensemble,35000000000,27181418834.70898,7818581165.291019,0.22338803329402912,alonhadat,Thành phố Thủ Đức,Nhà ở,Nhà phố/nhà ở,Phường An Khánh,168,4,208333333.33333337
sale,Tuned RF/XGBoost Ensemble,75000000000.00018,45960797738.42795,29039202261.572235,0.38718936348762883,alonhadat,Thành phố Thủ Đức,Nhà ở,Nhà phố/nhà ở,Phường An Phú,200,10,375000000
sale,Tuned RF/XGBoost Ensemble,8349999999.999992,17451314869.893383,9101314869.89339,1.0899778287297484,alonhadat,Thành phố Thủ Đức,Nhà ở,Nhà phố/nhà ở,Phường Linh Xuân,140,4,59642857.14285714
sale,Tuned RF/XGBoost Ensemble,9499999999.999992,13109210422.905264,3609210422.9052715,0.37991688662160783,alonhadat,Thành phố Thủ Đức,Nhà ở,Nhà phố/nhà ở,Phường Phước Bình,106,2,89622641.50943395
sale,Tuned RF/XGBoost Ensemble,100800000000.00014,90447076926.73778,10352923073.26236,0.10270757017125343,alonhadat,Thành phố Thủ Đức,Nhà ở,Nhà phố/nhà ở,Phường Hiệp Phú,672,2,150000000
sale,Tuned RF/XGBoost Ensemble,69999999999.9999,53892675154.75329,16107324845.246605,0.23010464064638042,alonhadat,Thành phố Thủ Đức,Nhà ở,Nhà phố/nhà ở,Phường An Phú,250,8,280000000
sale,Tuned RF/XGBoost Ensemble,14999999999.999996,9185458964.958984,5814541035.041012,0.38763606900273423,alonhadat,Thành phố Thủ Đức,Nhà ở,Nhà phố/nhà ở,Phường Phước Long B,90,4,166666666.66666666
sale,Tuned RF/XGBoost Ensemble,3200000000.000002,4559900006.848849,1359900006.8488474,0.4249687521402646,alonhadat,Thành phố Thủ Đức,Nhà ở,Nhà phố/nhà ở,Phường Tăng Nhơn Phú A,40,2,80000000
sale,Tuned RF/XGBoost Ensemble,8200000000.000003,11079239887.891182,2879239887.891179,0.3511268155964851,alonhadat,Thành phố Thủ Đức,Nhà ở,Nhà phố/nhà ở,Phường Hiệp Phú,124,3,66129032.25806451
sale,Tuned RF/XGBoost Ensemble,149999999999.99985,104154251422.23663,45845748577.763214,0.30563832385175504,alonhadat,Thành phố Thủ Đức,Nhà ở,Nhà phố/nhà ở,Phường Phước Long B,1250,4,120000000
sale,Tuned RF/XGBoost Ensemble,55000000000.00008,94082739205.86916,39082739205.86908,0.7105952582885278,alonhadat,Thành phố Thủ Đức,Nhà ở,Tòa nhà/văn phòng/mặt bằng,Phường An Khánh,392,6,140306122.4489796
sale,Tuned RF/XGBoost Ensemble,63000000000.00004,37696247847.610245,25303752152.389793,0.4016468595617425,alonhadat,Thành phố Thủ Đức,Đất,Đất/đất nền,Phường Tăng Nhơn Phú B,344,2,183139534.88372093
sale,Tuned RF/XGBoost Ensemble,3400000000.0000005,10101486571.591768,6701486571.591768,1.9710254622328727,alonhadat,Thành phố Thủ Đức,Đất,Đất/đất nền,Phường Tam Bình,136,3,25000000
sale,Tuned RF/XGBoost Ensemble,8600000000.000008,7759546959.193716,840453040.8062916,0.09772709776817336,alonhadat,Thành phố Thủ Đức,Đất,Đất/đất nền,Phường Phước Long B,96,3,89583333.33333333
sale,Tuned RF/XGBoost Ensemble,6799999999.999998,5354402993.319697,1445597006.6803007,0.21258779510004427,alonhadat,Thành phố Thủ Đức,Đất,Đất/đất nền,Phường Phước Long B,53,2,128301886.79245284
sale,Tuned RF/XGBoost Ensemble,24108000000.000004,51699729653.114464,27591729653.11446,1.1445051291320083,mogi,Thành phố Thủ Đức,Bất động sản khác,Khác,Phường Bình Trưng Tây,294,0,82000000
sale,Tuned RF/XGBoost Ensemble,51999999999.999954,33765968972.88538,18234031027.114574,0.3506544428291267,mogi,Thành phố Thủ Đức,Đất nền,Đất/đất nền,Phường An Phú,200,0,260000000
sale,Tuned RF/XGBoost Ensemble,11999999999.999998,11277363230.263283,722636769.7367153,0.06021973081139295,mogi,Thành phố Thủ Đức,Nhà phố,Nhà phố/nhà ở,Phường Thảo Điền,68,2,176470588.2352941
sale,Tuned RF/XGBoost Ensemble,12999999999.999989,9966569877.699852,3033430122.3001366,0.23334077863847225,mogi,Thành phố Thủ Đức,Đất nền,Đất/đất nền,Phường An Phú,80,0,162500000
sale,Tuned RF/XGBoost Ensemble,17000000000.000013,21556413553.939445,4556413553.939432,0.26802432670231935,mogi,Thành phố Thủ Đức,Nhà phố,Nhà phố/nhà ở,Phường An Phú,100,6,170000000
sale,Tuned RF/XGBoost Ensemble,6000000000.000004,5727283448.958764,272716551.04123974,0.04545275850687326,mogi,Quận Tân Phú,Nhà phố,Nhà phố/nhà ở,Phường Phú Thạnh,47,4,127659574.46808513
sale,Tuned RF/XGBoost Ensemble,17899999999.999977,20649248969.20644,2749248969.206463,0.15358932788862942,mogi,Quận Tân Bình,Nhà phố,Nhà phố/nhà ở,Phường 10,88,6,203409090.9090909
sale,Tuned RF/XGBoost Ensemble,8400000000.000014,8398896664.958224,1103335.0417900085,1.3134940973690554e-4,mogi,Quận Tân Bình,Nhà phố,Nhà phố/nhà ở,Phường 8,64,4,131250000
sale,Tuned RF/XGBoost Ensemble,119999999999.99994,68390780124.39638,51609219875.60356,0.4300768322966966,mogi,Quận Bình Thạnh,Nhà phố,Tòa nhà/văn phòng/mặt bằng,Phường 25,168,7,714285714.2857143
sale,Tuned RF/XGBoost Ensemble,34900000000.00003,45983169890.64625,11083169890.646217,0.31756933784086555,mogi,Quận 3,Nhà phố,Nhà phố/nhà ở,Phường 6 (Phường Võ Thị Sáu),155,10,225161290.32258064
sale,Tuned RF/XGBoost Ensemble,48000000000.00003,48829980256.80071,829980256.8006821,0.0172912553500142,mogi,Quận 1,Nhà phố,Tòa nhà/văn phòng/mặt bằng,Phường Tân Định,110,14,436363636.3636364
sale,Tuned RF/XGBoost Ensemble,24899999999.99993,31527602314.85003,6627602314.850098,0.2661687676646633,mogi,Quận 1,Nhà phố,Nhà phố/nhà ở,Phường Tân Định,110,8,226363636.36363637
sale,Tuned RF/XGBoost Ensemble,26000000000.000023,31314469163.048313,5314469163.04829,0.20440266011724176,mogi,Quận 1,Nhà phố,Nhà phố/nhà ở,Phường Bến Thành,90,6,288888888.8888889
sale,Tuned RF/XGBoost Ensemble,119999999999.99994,72749091995.63803,47250908004.36191,0.3937575667030161,mogi,Quận Bình Thạnh,Bất động sản khác,Tòa nhà/văn phòng/mặt bằng,Phường 2,230,6,521739130.4347826
sale,Tuned RF/XGBoost Ensemble,40999999999.99998,52117084765.641525,11117084765.641548,0.27114840891808667,mogi,Quận Gò Vấp,Nhà phố,Tòa nhà/văn phòng/mặt bằng,Phường 5,325,22,126153846.15384616
sale,Tuned RF/XGBoost Ensemble,44999999999.999886,41945774494.00245,3054225505.9974365,0.06787167791105432,mogi,Quận 1,Nhà phố,Nhà phố/nhà ở,Phường Tân Định,105,6,428571428.5714286
sale,Tuned RF/XGBoost Ensemble,24000000000.00005,12245495613.6231,11754504386.37695,0.48977101609903856,mogi,Quận Bình Thạnh,Nhà phố,Nhà phố/nhà ở,Phường 7,86,2,279069767.44186044
sale,Tuned RF/XGBoost Ensemble,42000000000.00006,33551308257.5567,8448691742.443359,0.20115932720103208,mogi,Quận 5,Nhà phố,Nhà phố/nhà ở,Phường 3,110,5,381818181.8181818
sale,Tuned RF/XGBoost Ensemble,13799999999.99998,25586385044.02007,11786385044.020088,0.8540858727550801,alonhadat,Huyện Bình Chánh,Nhà ở,Nhà phố/nhà ở,Xã Phong Phú,333,1,41441441.44144144
sale,Tuned RF/XGBoost Ensemble,240000000000.00018,98973844640.73442,141026155359.26575,0.5876089806636068,alonhadat,Quận 4,Nhà ở,Tòa nhà/văn phòng/mặt bằng,Phường 12,380,12,631578947.3684211
sale,Tuned RF/XGBoost Ensemble,230000000000.00024,123298357674.8221,106701642325.17815,0.46392018402251317,alonhadat,Quận 1,Nhà ở,Nhà phố/nhà ở,Phường Phạm Ngũ Lão,335,5,686567164.1791044
sale,Tuned RF/XGBoost Ensemble,44999999999.999886,43673282269.74275,1326717730.2571335,0.029482616227936374,alonhadat,Quận 11,Căn hộ chung cư,Tòa nhà/văn phòng/mặt bằng,Phường Bình Thới,390,31,115384615.3846154
sale,Tuned RF/XGBoost Ensemble,5449999999.999992,9550244705.72114,4100244705.7211475,0.752338478113973,alonhadat,Quận 12,Đất,Đất/đất nền,Phường An Phú Đông,168,4,32440476.19047619
sale,Tuned RF/XGBoost Ensemble,69999999999.9999,154949423489.9217,84949423489.9218,1.2135631927131705,alonhadat,Quận 3,Đất,Tòa nhà/văn phòng/mặt bằng,Phường 14,296,7,236486486.4864865
sale,Tuned RF/XGBoost Ensemble,11800000000.000002,17451707007.770893,5651707007.770891,0.4789582209975331,alonhadat,Quận 6,Nhà ở,Nhà phố/nhà ở,Phường 10,90,5,131111111.1111111
sale,Tuned RF/XGBoost Ensemble,84999999999.99997,111928592204.46591,26928592204.465942,0.31680696711136414,alonhadat,Quận Tân Bình,Biệt thự,Biệt thự/cao cấp,Phường 7,430,8,197674418.60465115
sale,Tuned RF/XGBoost Ensemble,26000000000.000023,28037567200.24448,2037567200.2444572,0.07836796924017136,alonhadat,Quận Tân Bình,Đất,Đất/đất nền,Phường 4,147,8,176870748.2993197
sale,Tuned RF/XGBoost Ensemble,55000000000.00008,37635747473.26794,17364252526.73214,0.31571368230422026,alonhadat,Quận Tân Bình,Đất,Đất/đất nền,Phường 10,160,5,343750000
sale,Tuned RF/XGBoost Ensemble,23899999999.999992,14442686383.127207,9457313616.872786,0.39570349861392423,alonhadat,Quận Tân Bình,Đất,Đất/đất nền,Phường 2,111,4,215315315.3153153
sale,Tuned RF/XGBoost Ensemble,55999999999.999916,43201212731.314354,12798787268.685562,0.22854977265509965,alonhadat,Quận Tân Phú,Nhà ở,Nhà phố/nhà ở,Phường Tân Sơn Nhì,300,5,186666666.66666663
sale,Tuned RF/XGBoost Ensemble,52499999999.99991,33120603356.85283,19379396643.14708,0.3691313646313736,alonhadat,Thành phố Thủ Đức,Nhà ở,Tòa nhà/văn phòng/mặt bằng,Phường An Phú,160,1,328125000
sale,Tuned RF/XGBoost Ensemble,119999999999.99994,71952106695.37132,48047893304.62862,0.40039911087190533,homedy,Quận 12,Đất nền,Đất/đất nền,Phường Thới An,2039,0,58852378.6169691
sale,Tuned RF/XGBoost Ensemble,14800000000.000015,11201728363.991589,3598271636.0084267,0.243126461892461,homedy,Huyện Hóc Môn,Đất nền,Đất/đất nền,Xã Bà Điểm,300,0,49333333.333333336
sale,Tuned RF/XGBoost Ensemble,1300000000.0000052,998212126.5861484,301787873.41385686,0.2321445180106582,homedy,Huyện Củ Chi,Đất nền,Đất/đất nền,Xã Thái Mỹ,100,0,13000000
sale,Tuned RF/XGBoost Ensemble,7998999999.999999,6378050321.128432,1620949678.8715668,0.20264404036399136,mogi,Thành phố Thủ Đức,Nhà phố,Nhà phố/nhà ở,Phường Bình Trưng Tây,50,4,159980000
sale,Tuned RF/XGBoost Ensemble,5800000000,5197715343.4231615,602284656.5768385,0.10384218216842044,mogi,Huyện Nhà Bè,Nhà phố,Nhà phố/nhà ở,Xã Long Thới,80,1,72500000
sale,Tuned RF/XGBoost Ensemble,4800000000.000005,4750790605.398425,49209394.601579666,0.01025195720866242,mogi,Thành phố Thủ Đức,Nhà phố,Nhà phố/nhà ở,Phường Tăng Nhơn Phú B,54,2,88888888.8888889
sale,Tuned RF/XGBoost Ensemble,6999999999.99999,6309204005.155554,690795994.8444366,0.09868514212063394,mogi,Quận 10,Bất động sản khác,Khác,Phường 12,86,2,81395348.8372093
sale,Tuned RF/XGBoost Ensemble,5749999999.999991,5966437658.036142,216437658.03615093,0.03764133183237413,mogi,Thành phố Thủ Đức,Nhà phố,Nhà phố/nhà ở,Phường Long Trường,54,4,106481481.48148148
sale,Tuned RF/XGBoost Ensemble,5800000000,4960313730.665395,839686269.3346052,0.14477349471286297,mogi,Huyện Nhà Bè,Nhà phố,Nhà phố/nhà ở,Xã Long Thới,80,1,72500000
sale,Tuned RF/XGBoost Ensemble,4800000000.000005,4239966667.9779067,560033332.0220981,0.11667361083793698,mogi,Thành phố Thủ Đức,Đất nền,Đất/đất nền,Phường Trường Thạnh,68,0,70588235.29411764
sale,Tuned RF/XGBoost Ensemble,33000000000.000015,35694707530.75006,2694707530.750046,0.08165780396212256,mogi,Thành phố Thủ Đức,Đất nền,Đất/đất nền,Phường An Phú,200,0,165000000
sale,Tuned RF/XGBoost Ensemble,12999999999.999989,18001735673.070545,5001735673.070557,0.3847488979285047,mogi,Thành phố Thủ Đức,Nhà phố,Nhà phố/nhà ở,Phường Thảo Điền,111,4,117117117.11711712
sale,Tuned RF/XGBoost Ensemble,59998999999.99993,82866198189.47096,22867198189.47103,0.3811263219298831,mogi,Quận Phú Nhuận,Bất động sản khác,Nhà phố/nhà ở,Phường 4,329,6,182367781.1550152
sale,Tuned RF/XGBoost Ensemble,51999999999.999954,66785391708.855515,14785391708.85556,0.2843344559395303,mogi,Thành phố Thủ Đức,Nhà phố,Tòa nhà/văn phòng/mặt bằng,Phường An Phú,210,5,247619047.6190476
sale,Tuned RF/XGBoost Ensemble,19199999999.99999,13195502048.092928,6004497951.907061,0.31273426832849294,mogi,Quận 7,Căn hộ,Căn hộ,Phường Tân Phong,122,3,157377049.18032786
sale,Tuned RF/XGBoost Ensemble,33999999999.99993,14649379901.399452,19350620098.60048,0.5691358852529564,mogi,Quận 3,Nhà phố,Nhà phố/nhà ở,Phường 6 (Phường Võ Thị Sáu),62,2,548387096.7741935
sale,Tuned RF/XGBoost Ensemble,19999999999.999992,12701546284.20074,7298453715.799252,0.36492268578996273,mogi,Quận 7,Căn hộ,Căn hộ,Phường Tân Phong,130,3,153846153.84615386
sale,Tuned RF/XGBoost Ensemble,27999999999.999973,13543261172.241468,14456738827.758505,0.5163121009913757,mogi,Thành phố Thủ Đức,Đất nền,Đất/đất nền,Phường Phước Long A,136,1,205882352.94117647
sale,Tuned RF/XGBoost Ensemble,19316000000.000027,19233815683.057194,82184316.94283295,0.0042547275286204615,mogi,Thành phố Thủ Đức,Đất nền,Đất/đất nền,Phường Bình Trưng Đông,176,0,109750000
sale,Tuned RF/XGBoost Ensemble,5600000000.000005,5707619001.449436,107619001.44943142,0.019217678830255595,mogi,Thành phố Thủ Đức,Nhà phố,Nhà phố/nhà ở,Phường Long Thạnh Mỹ,52,4,107692307.6923077
sale,Tuned RF/XGBoost Ensemble,49000000000.000084,46620271389.20359,2379728610.7964935,0.04856589001625489,mogi,Thành phố Thủ Đức,Nhà phố,Nhà phố/nhà ở,Phường An Khánh,160,4,306250000
sale,Tuned RF/XGBoost Ensemble,3749999999.9999986,3238188117.568371,511811882.43162775,0.13648316864843413,mogi,Quận Phú Nhuận,Bất động sản khác,Khác,Phường 15,30,4,125000000
sale,Tuned RF/XGBoost Ensemble,22999999999.99998,34327829946.312584,11327829946.312603,0.4925143454918527,mogi,Thành phố Thủ Đức,Nhà phố,Biệt thự/cao cấp,Phường Bình Trưng Đông,200,0,115000000
sale,Tuned RF/XGBoost Ensemble,5499999999.999991,10788601914.454813,5288601914.454822,0.9615639844463327,mogi,Quận 10,Nhà phố,Nhà phố/nhà ở,Phường 14,78,2,70512820.51282051
sale,Tuned RF/XGBoost Ensemble,9000000000.000015,21381503446.33515,12381503446.335136,1.3757226051483462,mogi,Thành phố Thủ Đức,Nhà phố,Nhà phố/nhà ở,Phường Thạnh Mỹ Lợi,121,0,74380165.2892562
sale,Tuned RF/XGBoost Ensemble,5600000000.000005,4937135855.971655,662864144.0283499,0.11836859714791952,mogi,Huyện Nhà Bè,Nhà phố,Nhà phố/nhà ở,Xã Long Thới,80,1,70000000
sale,Tuned RF/XGBoost Ensemble,4499999999.999999,3886009886.272355,613990113.727644,0.13644224749503203,mogi,Quận Gò Vấp,Nhà phố,Nhà phố/nhà ở,Phường 16,44,0,102272727.27272728
sale,Tuned RF/XGBoost Ensemble,4034999999.999984,6129261789.955371,2094261789.955387,0.5190239875973719,mogi,Quận 3,Nhà phố,Nhà phố/nhà ở,Phường 3,52,2,77596153.84615384
sale,Tuned RF/XGBoost Ensemble,1950000000.0000002,1894625765.179516,55374234.82048416,0.028397043497684182,mogi,Quận 8,Bất động sản khác,Khác,Phường 6,60,2,32500000
sale,Tuned RF/XGBoost Ensemble,4800000000.000005,4750790605.398425,49209394.601579666,0.01025195720866242,mogi,Thành phố Thủ Đức,Nhà phố,Nhà phố/nhà ở,Phường Tăng Nhơn Phú B,54,2,88888888.8888889
sale,Tuned RF/XGBoost Ensemble,2699999999.999995,1854483089.4910932,845516910.5089021,0.3131544112995939,mogi,Quận 8,Căn hộ,Căn hộ,Phường 14,63,2,42857142.85714286
sale,Tuned RF/XGBoost Ensemble,6000000000.000004,6419266374.778649,419266374.7786455,0.0698777291297742,mogi,Thành phố Thủ Đức,Đất nền,Đất/đất nền,Phường Tăng Nhơn Phú A,88,0,68181818.18181819
sale,Tuned RF/XGBoost Ensemble,36999999999.99996,28178492453.95781,8821507546.042152,0.23841912286600436,mogi,Quận 1,Nhà phố,Tòa nhà/văn phòng/mặt bằng,Phường Nguyễn Cư Trinh,109,0,339449541.2844037
sale,Tuned RF/XGBoost Ensemble,15899999999.99998,17183238574.665657,1283238574.665676,0.08070682859532564,mogi,Quận Tân Phú,Bất động sản khác,Khác,Phường Phú Trung,135,4,117777777.77777778
sale,Tuned RF/XGBoost Ensemble,4599999999.999997,3871395891.266469,728604108.7335281,0.15839219755076708,mogi,Thành phố Thủ Đức,Nhà phố,Nhà phố/nhà ở,Phường Long Thạnh Mỹ,58,1,79310344.8275862
sale,Tuned RF/XGBoost Ensemble,2850000000.000006,2688811589.9152565,161188410.0847497,0.056557336871841876,mogi,Quận Tân Bình,Căn hộ,Căn hộ,Phường 14,72,2,39583333.333333336
sale,Tuned RF/XGBoost Ensemble,49000000000.000084,84503158352.72827,35503158352.72819,0.7245542520964924,mogi,Thành phố Thủ Đức,Đất nền,Đất/đất nền,Phường Tăng Nhơn Phú B,1536,0,31901041.666666668
sale,Tuned RF/XGBoost Ensemble,75000000000.00018,128097957079.53023,53097957079.530045,0.7079727610603989,mogi,Quận 3,Nhà phố,Biệt thự/cao cấp,Phường 6 (Phường Võ Thị Sáu),280,5,267857142.85714287
sale,Tuned RF/XGBoost Ensemble,3200000000.000002,3509943368.152597,309943368.15259504,0.09685730254768589,mogi,Quận Tân Bình,Căn hộ,Căn hộ,Phường 10,91,3,35164835.16483516
sale,Tuned RF/XGBoost Ensemble,5699999999.999994,6231847041.595423,531847041.59542847,0.09330649852551386,mogi,Thành phố Thủ Đức,Nhà phố,Nhà phố/nhà ở,Phường Tăng Nhơn Phú A,50,4,114000000
sale,Tuned RF/XGBoost Ensemble,5374999999.999993,5025730040.872677,349269959.1273165,0.06498045751205896,mogi,Quận Bình Thạnh,Nhà phố,Biệt thự/cao cấp,Phường 21,40,5,134375000
sale,Tuned RF/XGBoost Ensemble,7514999999.999989,6336322200.409398,1178677799.5905905,0.15684335323893445,mogi,Quận 3,Bất động sản khác,Khác,Phường 12,70,4,107357142.85714284
sale,Tuned RF/XGBoost Ensemble,19999999999.999992,22256327510.737793,2256327510.7378006,0.11281637553689007,mogi,Quận 7,Bất động sản khác,Căn hộ,Phường Tân Phú,244,5,81967213.1147541
sale,Tuned RF/XGBoost Ensemble,38999999999.99996,13128819990.968044,25871180009.031918,0.663363589975178,mogi,Quận 10,Nhà phố,Nhà phố/nhà ở,Phường 12,70,6,557142857.1428572
sale,Tuned RF/XGBoost Ensemble,3099999999.9999986,4179545529.6213565,1079545529.621358,0.34824049342624463,mogi,Quận 10,Nhà phố,Nhà phố/nhà ở,Phường 1,32,3,96875000
sale,Tuned RF/XGBoost Ensemble,26800000000.00004,16527117963.594603,10272882036.405436,0.38331649389572464,mogi,Quận Tân Bình,Căn hộ,Căn hộ,Phường 15,171,36,156725146.1988304
sale,Tuned RF/XGBoost Ensemble,19999999999.999992,23927526721.44469,3927526721.4446983,0.19637633607223498,mogi,Quận 7,Bất động sản khác,Khác,Phường Tân Phú,244,4,81967213.1147541
sale,Tuned RF/XGBoost Ensemble,6999999999.99999,6509886915.623951,490113084.3760395,0.07001615491086288,mogi,Thành phố Thủ Đức,Đất nền,Đất/đất nền,Phường Tăng Nhơn Phú A,100,0,70000000
sale,Tuned RF/XGBoost Ensemble,355000000000.00055,179999999999.99973,175000000000.00082,0.4929577464788748,mogi,Quận 1,Bất động sản khác,Khác,Phường Bến Thành,305,0,1163934426.2295082
sale,Tuned RF/XGBoost Ensemble,3899999999.9999948,3831990197.371354,68009802.62864065,0.017438410930420704,mogi,Quận Bình Thạnh,Bất động sản khác,Khác,Phường 5,50,5,78000000
sale,Tuned RF/XGBoost Ensemble,4599999999.999997,3920424967.658981,679575032.3410163,0.14773370268282973,mogi,Thành phố Thủ Đức,Đất nền,Đất/đất nền,Phường Long Thạnh Mỹ,53,0,86792452.83018868
sale,Tuned RF/XGBoost Ensemble,6199999999.999969,4184906091.1979675,2015093908.802001,0.3250151465809695,mogi,Quận 10,Căn hộ,Căn hộ,Phường 14,78,2,79487179.48717949
sale,Tuned RF/XGBoost Ensemble,12499999999.999949,6250118085.202383,6249881914.797565,0.4999905531838073,mogi,Thành phố Thủ Đức,Căn hộ,Căn hộ,Phường Long Thạnh Mỹ,178,0,70224719.1011236
sale,Tuned RF/XGBoost Ensemble,3200000000.000002,2198809399.2187696,1001190600.7812324,0.3128720627441349,mogi,Quận Tân Bình,Căn hộ,Căn hộ,Phường 3,63,2,50793650.79365079
sale,Tuned RF/XGBoost Ensemble,51999999999.999954,37883112318.69688,14116887681.303078,0.2714786092558287,mogi,Quận 1,Bất động sản khác,Nhà phố/nhà ở,Phường Nguyễn Cư Trinh,82,6,634146341.4634147
sale,Tuned RF/XGBoost Ensemble,3789999999.9999948,3070299550.8836403,719700449.1163545,0.18989457760326,mogi,Quận Bình Thạnh,Bất động sản khác,Nhà phố/nhà ở,Phường 12,27,3,140370370.37037036
sale,Tuned RF/XGBoost Ensemble,5199999999.999992,4513486487.334946,686513512.6650467,0.13202182935866302,mogi,Thành phố Thủ Đức,Đất nền,Đất/đất nền,Phường Tăng Nhơn Phú A,57,0,91228070.1754386
sale,Tuned RF/XGBoost Ensemble,3299999999.999999,1991713906.7143154,1308286093.2856836,0.3964503312986921,mogi,Quận Bình Thạnh,Căn hộ,Căn hộ,Phường 26,63,2,52380952.38095238
sale,Tuned RF/XGBoost Ensemble,3789999999.9999948,3873519557.161744,83519557.16174936,0.022036822470118594,mogi,Quận Phú Nhuận,Bất động sản khác,Nhà phố/nhà ở,Phường 10,48,3,78958333.33333333
sale,Tuned RF/XGBoost Ensemble,3880000000.0000157,2859431468.722034,1020568531.2779818,0.26303312661803546,mogi,Quận 3,Bất động sản khác,Khác,Phường 12,33,4,117575757.57575758
sale,Tuned RF/XGBoost Ensemble,3999000000.0000067,3492330144.450103,506669855.54990387,0.1266991386721438,mogi,Quận 7,Nhà phố,Nhà phố/nhà ở,Phường Tân Kiểng,60,2,66650000
sale,Tuned RF/XGBoost Ensemble,10899999999.99998,9965960486.390713,934039513.6092682,0.08569169849626329,mogi,Quận 7,Căn hộ,Căn hộ,Phường Tân Phú,112,3,97321428.57142857
sale,Tuned RF/XGBoost Ensemble,3200000000.000002,2879615588.975869,320384411.0241327,0.10012012844504142,mogi,Quận 10,Căn hộ,Căn hộ,Phường 9,63,2,50793650.79365079
sale,Tuned RF/XGBoost Ensemble,44999999999.999886,13713181090.60767,31286818909.392216,0.6952626424309399,mogi,Quận 7,Nhà phố,Nhà phố/nhà ở,Phường Tân Hưng,100,5,450000000
sale,Tuned RF/XGBoost Ensemble,2150000000.000002,3335211589.4209757,1185211589.4209738,0.5512612043818478,mogi,Huyện Nhà Bè,Nhà phố,Nhà phố/nhà ở,Không rõ,25,3,86000000
sale,Tuned RF/XGBoost Ensemble,9700000000.000015,9023592001.444822,676407998.555193,0.06973278335620535,mogi,Quận 7,Bất động sản khác,Khác,Phường Tân Phong,118,3,82203389.83050847
sale,Tuned RF/XGBoost Ensemble,3200000000.000002,5605696724.369322,2405696724.36932,0.751780226365412,mogi,Quận Phú Nhuận,Nhà phố,Nhà phố/nhà ở,Phường 8,30,5,106666666.66666669
sale,Tuned RF/XGBoost Ensemble,5989999999.999991,3344864475.3230186,2645135524.676973,0.4415919072916489,mogi,Huyện Nhà Bè,Căn hộ,Căn hộ,Xã Phước Kiển,73,2,82054794.52054794
sale,Tuned RF/XGBoost Ensemble,13999999999.999975,5282381693.763649,8717618306.236326,0.6226870218740244,mogi,Quận Bình Thạnh,Nhà phố,Nhà phố/nhà ở,Phường 13,47,3,297872340.4255319
sale,Tuned RF/XGBoost Ensemble,42999999999.99996,33332961079.846394,9667038920.153568,0.22481485860822273,mogi,Quận Tân Bình,Bất động sản khác,Khác,Phường 12,182,2,236263736.26373628
sale,Tuned RF/XGBoost Ensemble,8799999999.999994,11376433073.197174,2576433073.19718,0.29277648559058883,mogi,Quận 7,Nhà phố,Nhà phố/nhà ở,Phường Tân Phú,100,2,88000000
sale,Tuned RF/XGBoost Ensemble,11500000000.000008,11328759939.084892,171240060.91511536,0.014890440079575238,mogi,Thành phố Thủ Đức,Bất động sản khác,Nhà phố/nhà ở,Phường Hiệp Phú,120,0,95833333.33333331
sale,Tuned RF/XGBoost Ensemble,6600000000.000004,8403183894.347006,1803183894.347002,0.2732096809616668,mogi,Thành phố Thủ Đức,Nhà phố,Nhà phố/nhà ở,Phường Phước Long A,90,4,73333333.33333333
sale,Tuned RF/XGBoost Ensemble,2867999999.9999957,4824517143.206421,1956517143.2064252,0.6821886831263696,mogi,Quận 3,Bất động sản khác,Nhà phố/nhà ở,Phường 3,33,2,86909090.9090909
sale,Tuned RF/XGBoost Ensemble,2860000000.000003,6382414112.5901785,3522414112.5901756,1.2316133260804798,mogi,Quận Bình Thạnh,Nhà phố,Nhà phố/nhà ở,Phường 15,75,3,38133333.333333336
sale,Tuned RF/XGBoost Ensemble,18999999999.999916,15129062300.198977,3870937699.8009396,0.20373356314741878,mogi,Quận 7,Căn hộ,Căn hộ,Phường Tân Phú,107,3,177570093.45794392
sale,Tuned RF/XGBoost Ensemble,1279999999.9999979,1504057668.9303625,224057668.9303646,0.17504505385184765,mogi,Thành phố Thủ Đức,Bất động sản khác,Nhà phố/nhà ở,Phường Long Bình,59,2,21694915.254237287
sale,Tuned RF/XGBoost Ensemble,13500000000.000013,26222832587.096066,12722832587.096052,0.94243204348859555,mogi,Quận 10,Đất nền,Căn hộ,Phường 12,210,3,64285714.28571428
sale,Tuned RF/XGBoost Ensemble,17999999999.99997,14882243693.006262,3117756306.9937077,0.17320868372187295,mogi,Quận 7,Căn hộ,Căn hộ,Phường Tân Phong,151,3,119205298.01324505
sale,Tuned RF/XGBoost Ensemble,3259999999.999999,4204942541.7759705,944942541.7759714,0.28985967539140234,mogi,Quận Phú Nhuận,Bất động sản khác,Nhà phố/nhà ở,Phường 17,50,4,65200000
sale,Tuned RF/XGBoost Ensemble,10999999999.999989,11508931707.919699,508931707.91971016,0.046266518901791884,mogi,Quận 7,Căn hộ,Căn hộ,Phường Tân Phú,122,3,90163934.4262295
sale,Tuned RF/XGBoost Ensemble,2310000000.0000076,3647774493.8577414,1337774493.8577337,0.5791231575141685,mogi,Quận Bình Thạnh,Nhà phố,Nhà phố/nhà ở,Phường 11,31,3,74516129.03225806
sale,Tuned RF/XGBoost Ensemble,7700000000.0000105,6416251498.935363,1283748501.0646477,0.1667205845538501,mogi,Quận 10,Căn hộ,Căn hộ,Phường 14,103,3,74757281.55339806
sale,Tuned RF/XGBoost Ensemble,10799999999.999964,10282963624.84621,517036375.1537533,0.0478737384401625,mogi,Thành phố Thủ Đức,Đất nền,Đất/đất nền,Phường Tăng Nhơn Phú B,164,0,65853658.53658537
sale,Tuned RF/XGBoost Ensemble,6099999999.999996,6502345332.322997,402345332.3230009,0.065958251200492,mogi,Quận 11,Nhà phố,Nhà phố/nhà ở,Phường 5,68,4,89705882.35294117
sale,Tuned RF/XGBoost Ensemble,1274999999.9999948,1474416207.3291137,199416207.32911897,0.15640486849342727,mogi,Thành phố Thủ Đức,Bất động sản khác,Nhà phố/nhà ở,Phường Long Bình,67,2,19029850.746268656
sale,Tuned RF/XGBoost Ensemble,3599999999.9999967,2876906066.2232256,723093933.7767711,0.20085942604910326,mogi,Quận Tân Bình,Căn hộ,Căn hộ,Phường 2,72,2,50000000
sale,Tuned RF/XGBoost Ensemble,4649999999.999997,3722946887.9295583,927053112.0704389,0.19936626066030955,mogi,Quận 10,Căn hộ,Căn hộ,Phường 12,61,1,76229508.19672132
sale,Tuned RF/XGBoost Ensemble,1079999999.9999971,1233961751.56849,153961751.5684929,0.14255717737823453,mogi,Thành phố Thủ Đức,Bất động sản khác,Khác,Phường Long Bình,67,2,16119402.985074626
sale,Tuned RF/XGBoost Ensemble,12499999999.999949,15069519508.435915,2569519508.4359665,0.20556156067487816,mogi,Quận 7,Căn hộ,Căn hộ,Phường Tân Phong,130,3,96153846.15384616
sale,Tuned RF/XGBoost Ensemble,7500000000.0000105,10171530972.054058,2671530972.0540476,0.3562041296072058,mogi,Thành phố Thủ Đức,Nhà phố,Nhà phố/nhà ở,Phường Hiệp Bình Chánh,64,4,117187500
sale,Tuned RF/XGBoost Ensemble,8000000000,8398240299.028106,398240299.02810574,0.04978003737851322,mogi,Quận 10,Bất động sản khác,Khác,Phường 12,107,3,74766355.14018692
sale,Tuned RF/XGBoost Ensemble,4349999999.999993,5700414459.01304,1350414459.0130463,0.310440105520241,mogi,Thành phố Thủ Đức,Đất nền,Đất/đất nền,Phường Tăng Nhơn Phú A,78,0,55769230.76923077
sale,Tuned RF/XGBoost Ensemble,3200000000.000002,2279427962.805839,920572037.1941628,0.28767876162317574,mogi,Quận Gò Vấp,Căn hộ,Căn hộ,Phường 1,72,2,44444444.44444445
sale,Tuned RF/XGBoost Ensemble,8799999999.999994,12617783176.079315,3817783176.079321,0.4338389972817413,mogi,Thành phố Thủ Đức,Nhà phố,Nhà phố/nhà ở,Phường Long Bình,147,1,59863945.57823129
sale,Tuned RF/XGBoost Ensemble,34499999999.99999,30288775996.944324,4211224003.055668,0.12206446385668605,mogi,Quận 7,Căn hộ,Căn hộ,Phường Tân Phong,240,5,143750000
sale,Tuned RF/XGBoost Ensemble,3299999999.999999,7677700500.782695,4377700500.782696,1.32657590932809,mogi,Quận 1,Bất động sản khác,Khác,Phường Cầu Ông Lãnh,64,2,51562500
sale,Tuned RF/XGBoost Ensemble,1279999999.9999979,2244238735.447876,964238735.4478781,0.7533115120686561,mogi,Thành phố Thủ Đức,Bất động sản khác,Nhà phố/nhà ở,Phường Long Bình,80,2,16000000
sale,Tuned RF/XGBoost Ensemble,4300000000.000001,3719385713.740613,580614286.259388,0.13502657819985764,mogi,Quận 10,Bất động sản khác,Khác,Phường 14,53,2,81132075.47169812
sale,Tuned RF/XGBoost Ensemble,3000000000.0000014,6969524225.115615,3969524225.1156135,1.3231747417052038,mogi,Quận 3,Bất động sản khác,Khác,Phường 8 (Phường Võ Thị Sáu),52,5,57692307.692307696
sale,Tuned RF/XGBoost Ensemble,17999999999.99997,14592516404.181252,3407483595.818718,0.18930464421215132,mogi,Quận 7,Căn hộ,Căn hộ,Phường Tân Phong,146,3,123287671.23287672
sale,Tuned RF/XGBoost Ensemble,1899999999.9999948,2685045593.051939,785045593.0519443,0.4131818910799718,mogi,Quận 7,Bất động sản khác,Nhà phố/nhà ở,Phường Tân Thuận Tây,30,1,63333333.333333336
sale,Tuned RF/XGBoost Ensemble,3310000000.000005,3387406571.8035293,77406571.8035245,0.023385671239735464,mogi,Quận Tân Bình,Nhà phố,Nhà phố/nhà ở,Phường 15,30,2,110333333.33333331
sale,Tuned RF/XGBoost Ensemble,10999999999.999989,11635667528.903763,635667528.9037743,0.05778795717307045,mogi,Quận 7,Căn hộ,Căn hộ,Phường Tân Phú,122,3,90163934.4262295
sale,Tuned RF/XGBoost Ensemble,17999999999.99997,16685602339.80164,1314397660.19833,0.07302209223324067,mogi,Quận 7,Căn hộ,Căn hộ,Phường Tân Phong,146,3,123287671.23287672
sale,Tuned RF/XGBoost Ensemble,1520000000.0000017,2260689743.207127,740689743.2071254,0.48729588368889776,mogi,Quận 8,Căn hộ,Căn hộ,Phường 6,78,2,19487179.487179488
sale,Tuned RF/XGBoost Ensemble,3200000000.000002,2222290942.4447,977709057.5553021,0.30553408048603176,mogi,Quận 10,Bất động sản khác,Khác,Phường 13,30,2,106666666.66666669
sale,Tuned RF/XGBoost Ensemble,1460000000.0000005,2790356929.476981,1330356929.4769807,0.9112033763540961,mogi,Quận 4,Căn hộ,Căn hộ,Phường 1,50,1,29200000
sale,Tuned RF/XGBoost Ensemble,4000000000.0000157,2496682703.224884,1503317296.7751317,0.37582932419378146,mogi,Quận Tân Bình,Căn hộ,Căn hộ,Phường 2,72,2,55555555.55555555
sale,Tuned RF/XGBoost Ensemble,5104999999.999999,3421403783.5782256,1683596216.4217734,0.32979357814334453,mogi,Quận 4,Bất động sản khác,Khác,Phường 18,85,2,60058823.52941176
sale,Tuned RF/XGBoost Ensemble,11200000000.000017,9512127139.069815,1687872860.9302025,0.150702934011625,mogi,Quận 7,Căn hộ,Căn hộ,Phường Tân Phú,112,3,100000000
sale,Tuned RF/XGBoost Ensemble,19999999999.999992,21560591469.029335,1560591469.0293427,0.07802957345146716,mogi,Quận 7,Bất động sản khác,Căn hộ,Phường Tân Phú,244,4,81967213.1147541
sale,Tuned RF/XGBoost Ensemble,3049999999.9999986,3861117387.4791408,811117387.4791422,0.2659401270423418,mogi,Quận 8,Nhà phố,Nhà phố/nhà ở,Phường 5,70,2,43571428.571428575
sale,Tuned RF/XGBoost Ensemble,2850000000.000006,2648599732.4163814,201400267.58362484,0.07066676055565768,mogi,Quận 7,Căn hộ,Căn hộ,Phường Tân Hưng,72,2,39583333.333333336
sale,Tuned RF/XGBoost Ensemble,2560000000.000002,4097074424.635088,1537074424.635086,0.6004196971230801,mogi,Quận 7,Căn hộ,Căn hộ,Phường Tân Phong,81,3,31604938.271604937
sale,Tuned RF/XGBoost Ensemble,5889999999.999995,4243246989.383411,1646753010.6165843,0.279584551887366,mogi,Quận 10,Căn hộ,Căn hộ,Phường 12,87,2,67701149.42528735
sale,Tuned RF/XGBoost Ensemble,3045000000.000003,9411420638.288286,6366420638.288283,2.0907785347416348,mogi,Quận 10,Bất động sản khác,Khác,Phường 15,63,2,48333333.333333336
sale,Tuned RF/XGBoost Ensemble,18999999999.999916,15116695685.40506,3883304314.5948563,0.2043844376102565,mogi,Quận 7,Căn hộ,Căn hộ,Phường Tân Phú,107,3,177570093.45794392
sale,Tuned RF/XGBoost Ensemble,6999999999.99999,8074200784.326474,1074200784.3264837,0.1534572549037836,mogi,Quận 10,Bất động sản khác,Khác,Phường 12,108,3,64814814.81481481
sale,Tuned RF/XGBoost Ensemble,1899999999.9999948,1921409118.2169423,21409118.216947556,0.011267956956288218,mogi,Quận Gò Vấp,Căn hộ,Căn hộ,Phường 10,63,2,30158730.15873016
sale,Tuned RF/XGBoost Ensemble,2175000000.000001,7807181169.602832,5632181169.602831,2.5895085837254386,mogi,Quận Phú Nhuận,Bất động sản khác,Khác,Phường 8,85,2,25588235.29411765
sale,Tuned RF/XGBoost Ensemble,12999000000.000021,10304416563.02814,2694583436.971882,0.20729159450510637,mogi,Thành phố Thủ Đức,Đất nền,Đất/đất nền,Phường Long Thạnh Mỹ,185,0,70264864.86486487
sale,Tuned RF/XGBoost Ensemble,4150000000.000004,2951279096.731953,1198720903.2680507,0.28884841042603604,mogi,Quận Phú Nhuận,Căn hộ,Căn hộ,Phường 9,70,2,59285714.28571428
sale,Tuned RF/XGBoost Ensemble,19499999999.999924,13831120071.52914,5668879928.470783,0.29071179120363105,mogi,Thành phố Thủ Đức,Phòng/Cho thuê,Phòng trọ,Phường Tăng Nhơn Phú A,112,21,174107142.85714287
sale,Tuned RF/XGBoost Ensemble,71000000000.00003,63285228353.68113,7714771646.318901,0.10865875558195631,mogi,Quận 1,Căn hộ,Căn hộ,Phường Bến Nghé,235,4,302127659.5744681
sale,Tuned RF/XGBoost Ensemble,2500000000.0000005,2180361095.7656693,319638904.23433113,0.12785556169373244,mogi,Quận 7,Căn hộ,Căn hộ,Phường Phú Thuận,70,2,35714285.71428572
sale,Tuned RF/XGBoost Ensemble,5069999999.999991,4174992301.017872,895007698.9821196,0.1765301181424302,mogi,Quận 10,Căn hộ,Căn hộ,Phường 14,73,2,69452054.79452054
sale,Tuned RF/XGBoost Ensemble,2349999999.9999967,2017624758.2712235,332375241.7287731,0.14143627307607387,mogi,Thành phố Thủ Đức,Căn hộ,Căn hộ,Phường Linh Đông,75,2,31333333.333333332
sale,Tuned RF/XGBoost Ensemble,5989999999.999991,7331252255.804102,1341252255.8041105,0.22391523469183847,mogi,Thành phố Thủ Đức,Đất nền,Đất/đất nền,Phường Phước Long B,90,3,66555555.55555555
sale,Tuned RF/XGBoost Ensemble,5304999999.999993,5145607439.466317,159392560.53367615,0.030045723003520517,mogi,Quận Bình Thạnh,Bất động sản khác,Biệt thự/cao cấp,Phường 22,75,2,70733333.33333333
sale,Tuned RF/XGBoost Ensemble,9600000000.000006,8863280619.378267,736719380.6217384,0.0767416021480977,mogi,Thành phố Thủ Đức,Đất nền,Đất/đất nền,Phường Phước Long B,90,0,106666666.66666669
sale,Tuned RF/XGBoost Ensemble,26000000000.000023,40440512125.16361,14440512125.16359,0.5554043125062914,mogi,Thành phố Thủ Đức,Đất nền,Đất/đất nền,Phường Phước Bình,500,0,52000000
sale,Tuned RF/XGBoost Ensemble,1580000000.0000014,1543073209.7322648,36926790.26773667,0.023371386245402935,mogi,Quận 8,Nhà phố,Nhà phố/nhà ở,Phường 16,18,2,87777777.77777778
sale,Tuned RF/XGBoost Ensemble,2150000000.000002,2129074785.3848426,20925214.615159273,0.009732657960539189,mogi,Quận Tân Phú,Căn hộ,Căn hộ,Phường Tân Thới Hòa,63,2,34126984.12698413
sale,Tuned RF/XGBoost Ensemble,11300000000.000011,9680467411.134678,1619532588.8653336,0.14332146804117982,mogi,Quận 7,Căn hộ,Căn hộ,Phường Tân Phong,113,3,100000000
sale,Tuned RF/XGBoost Ensemble,18999999999.999916,15793445348.527618,3206554651.4722977,0.16876603428801643,mogi,Quận 7,Căn hộ,Căn hộ,Phường Tân Phong,130,3,146153846.15384614
sale,Tuned RF/XGBoost Ensemble,90000000000.00009,104692121065.35402,14692121065.353928,0.16324578961504346,mogi,Quận 1,Bất động sản khác,Khác,Phường Bến Nghé,233,4,386266094.4206008
sale,Tuned RF/XGBoost Ensemble,3749999999.9999986,2958206402.0288506,791793597.971148,0.21114495945897288,mogi,Quận 8,Căn hộ,Căn hộ,Phường 5,98,3,38265306.12244898
sale,Tuned RF/XGBoost Ensemble,10899999999.99998,10098465837.459269,801534162.5407124,0.07353524426979026,mogi,Quận 7,Căn hộ,Căn hộ,Phường Tân Phú,112,3,97321428.57142857
sale,Tuned RF/XGBoost Ensemble,10999999999.999989,9039980563.762423,1960019436.237566,0.17818358511250618,mogi,Thành phố Thủ Đức,Đất nền,Đất/đất nền,Phường Tăng Nhơn Phú A,154,0,71428571.42857143
sale,Tuned RF/XGBoost Ensemble,5680000000.000001,5388072128.810808,291927871.1891928,0.051395751969928294,mogi,Quận Bình Tân,Nhà phố,Biệt thự/cao cấp,Phường Bình Trị Đông,52,4,109230769.23076925
sale,Tuned RF/XGBoost Ensemble,2148999999.9999986,2129074785.3848426,19925214.615155935,0.00927185417178034,mogi,Quận Tân Phú,Căn hộ,Căn hộ,Phường Tân Thới Hòa,63,2,34111111.11111111
sale,Tuned RF/XGBoost Ensemble,6120000000.000001,3530963832.652724,2589036167.347277,0.42304512538354194,mogi,Quận Phú Nhuận,Bất động sản khác,Nhà phố/nhà ở,Phường 1,40,5,153000000
sale,Tuned RF/XGBoost Ensemble,3000000000.0000014,2329114987.7153153,670885012.2846861,0.2236283374282286,mogi,Quận Tân Bình,Căn hộ,Căn hộ,Phường 2,70,2,42857142.85714286
sale,Tuned RF/XGBoost Ensemble,2699999999.999995,2202010378.2117176,497989621.7882776,0.18444060066232537,mogi,Quận 5,Căn hộ,Căn hộ,Phường 1,70,2,38571428.571428575
sale,Tuned RF/XGBoost Ensemble,1359999999.9999983,1674669867.493623,314669867.4936247,0.23137490256884197,mogi,Thành phố Thủ Đức,Căn hộ,Căn hộ,Phường Bình Trưng Tây,45,1,30222222.222222224
sale,Tuned RF/XGBoost Ensemble,26999999999.99998,24411778174.309937,2588221825.6900444,0.09586006761814986,mogi,Quận 12,Nhà phố,Biệt thự/cao cấp,Phường Thạnh Xuân,285,4,94736842.10526316
sale,Tuned RF/XGBoost Ensemble,1810000000.000003,2348193968.874004,538193968.8740008,0.29734473418453033,mogi,Quận Phú Nhuận,Bất động sản khác,Khác,Phường 1,45,2,40222222.222222224
sale,Tuned RF/XGBoost Ensemble,6300000000.000003,6024746706.262488,275253293.7375145,0.04369099900595466,mogi,Quận 10,Bất động sản khác,Khác,Phường 12,87,2,72413793.10344827
sale,Tuned RF/XGBoost Ensemble,14999999999.999996,12972365003.999592,2027634996.0004044,0.13517566640002698,mogi,Quận 7,Căn hộ,Căn hộ,Phường Tân Phong,130,3,115384615.3846154
sale,Tuned RF/XGBoost Ensemble,2604999999.999996,4195306033.973414,1590306033.9734178,0.6104821627537121,mogi,Quận 1,Căn hộ,Căn hộ,Phường Đa Kao,74,2,35202702.7027027
sale,Tuned RF/XGBoost Ensemble,9499999999.999992,10079237384.138103,579237384.1381111,0.060972356225064375,mogi,Quận 7,Căn hộ,Căn hộ,Phường Tân Phong,118,3,80508474.57627119
sale,Tuned RF/XGBoost Ensemble,8699999999.999987,10626633779.089235,1926633779.0892487,0.22145215851600594,mogi,Quận 7,Căn hộ,Căn hộ,Phường Tân Phú,106,3,82075471.6981132
sale,Tuned RF/XGBoost Ensemble,4050000000.000019,3263245148.1004434,786754851.8995757,0.19426045725915358,mogi,Quận 7,Căn hộ,Căn hộ,Phường Tân Phong,71,2,57042253.52112676
sale,Tuned RF/XGBoost Ensemble,11300000000.000011,9932179188.317951,1367820811.6820602,0.12104608952938574,mogi,Quận 7,Căn hộ,Căn hộ,Phường Tân Phong,113,3,100000000
sale,Tuned RF/XGBoost Ensemble,8600000000.000008,8933961132.213131,333961132.2131233,0.03883268979222361,mogi,Quận 10,Bất động sản khác,Khác,Phường 12,108,3,79629629.62962963
sale,Tuned RF/XGBoost Ensemble,8899999999.999985,9958477473.879328,1058477473.879343,0.1189300532448702,mogi,Quận 7,Căn hộ,Căn hộ,Phường Tân Phong,113,3,78761061.94690265
sale,Tuned RF/XGBoost Ensemble,9200000000.000013,10179363548.902002,979363548.901989,0.10645255966325952,mogi,Quận 7,Căn hộ,Căn hộ,Phường Tân Phong,118,3,77966101.69491525
sale,Tuned RF/XGBoost Ensemble,3699999999.999994,6221184629.779459,2521184629.779465,0.6814012512917484,mogi,Quận 10,Bất động sản khác,Khác,Phường 14,102,2,36274509.803921565
sale,Tuned RF/XGBoost Ensemble,5499999999.999991,3843563373.112672,1656436626.8873196,0.30117029579769494,mogi,Quận 10,Căn hộ,Căn hộ,Phường 14,72,2,76388888.8888889
sale,Tuned RF/XGBoost Ensemble,50999999999.99996,53940595090.86843,2940595090.8684692,0.05765872727193081,mogi,Quận Tân Bình,Nhà phố,Nhà phố/nhà ở,Phường 2,220,5,231818181.8181818
sale,Tuned RF/XGBoost Ensemble,25000000000.000034,21089577993.463547,3910422006.5364876,0.15641688026145928,mogi,Quận Phú Nhuận,Nhà phố,Nhà phố/nhà ở,Phường 11,82,5,304878048.7804878
sale,Tuned RF/XGBoost Ensemble,134999999999.9998,89804041632.47076,45195958367.52904,0.33478487679651187,mogi,Quận 1,Bất động sản khác,Nhà phố/nhà ở,Phường Tân Định,310,3,435483870.9677419
sale,Tuned RF/XGBoost Ensemble,63000000000.00004,39302852746.33537,23697147253.664665,0.3761451945026135,mogi,Quận 11,Nhà phố,Nhà phố/nhà ở,Phường 2,231,5,272727272.72727275
sale,Tuned RF/XGBoost Ensemble,32000000000.00004,25122100631.02523,6877899368.974808,0.21493435528046248,mogi,Quận 10,Nhà phố,Nhà phố/nhà ở,Phường 12,100,8,320000000
sale,Tuned RF/XGBoost Ensemble,27999999999.999973,27097283491.521748,902716508.4782257,0.032239875302793805,mogi,Quận 1,Nhà phố,Nhà phố/nhà ở,Phường Bến Nghé,92,3,304347826.0869565
sale,Tuned RF/XGBoost Ensemble,99998999999.99986,71838310244.53275,28160689755.467117,0.2816097136518081,mogi,Quận 1,Nhà phố,Nhà phố/nhà ở,Phường Tân Định,195,6,512815384.61538464
sale,Tuned RF/XGBoost Ensemble,50000000000.00007,75893874524.9447,25893874524.944633,0.517877490498892,mogi,Quận 1,Nhà phố,Nhà phố/nhà ở,Phường Tân Định,130,5,384615384.61538464
sale,Tuned RF/XGBoost Ensemble,93000000000.00009,89891694222.7339,3108305777.2661896,0.03342264276630308,mogi,Quận 3,Nhà phố,Nhà phố/nhà ở,Phường 4,320,3,290625000
sale,Tuned RF/XGBoost Ensemble,63000000000.00004,73555255714.37137,10555255714.37133,0.16754374149795753,mogi,Quận 1,Bất động sản khác,Nhà phố/nhà ở,Phường Tân Định,130,6,484615384.61538464
sale,Tuned RF/XGBoost Ensemble,3699999999.999994,3591788354.254148,108211645.7458458,0.029246390742120536,mogi,Quận 10,Nhà phố,Nhà phố/nhà ở,Phường 3,28,2,132142857.14285716
sale,Tuned RF/XGBoost Ensemble,5949999999.99999,4174790504.911387,1775209495.0886035,0.29835453698968173,mogi,Quận 10,Nhà phố,Nhà phố/nhà ở,Phường 13,42,3,141666666.66666666
sale,Tuned RF/XGBoost Ensemble,8500000000.0000105,7596859626.28153,903140373.7184801,0.10625180867276224,mogi,Quận 3,Nhà phố,Nhà phố/nhà ở,Phường 4,33,4,257575757.57575756
sale,Tuned RF/XGBoost Ensemble,8300000000.000012,7021227810.43963,1278772189.5603828,0.15406893850125072,mogi,Quận 3,Nhà phố,Nhà phố/nhà ở,Phường 4,36,2,230555555.55555555
sale,Tuned RF/XGBoost Ensemble,17000000000.000013,29307759246.70716,12307759246.707148,0.7239858380415963,mogi,Quận 12,Đất nền,Đất/đất nền,Phường Thạnh Lộc,586,0,29010238.90784983
sale,Tuned RF/XGBoost Ensemble,16500000000.000004,9877799405.33545,6622200594.664555,0.4013454905857305,mogi,Quận 3,Nhà phố,Nhà phố/nhà ở,Phường 5,55,3,300000000
sale,Tuned RF/XGBoost Ensemble,35000000000,45257871322.86198,10257871322.861977,0.29308203779605646,mogi,Quận 3,Bất động sản khác,Nhà phố/nhà ở,Phường 3,96,5,364583333.3333333
sale,Tuned RF/XGBoost Ensemble,10899999999.99998,6683709958.413891,4216290041.58609,0.3868156001455135,mogi,Quận 3,Bất động sản khác,Khác,Phường 4,36,3,302777777.7777778
sale,Tuned RF/XGBoost Ensemble,42999999999.99996,44699924609.268974,1699924609.2690125,0.039533130448116606,mogi,Quận 12,Bất động sản khác,Khác,Phường An Phú Đông,857,0,50175029.171528585
sale,Tuned RF/XGBoost Ensemble,6900000000.000009,5990821098.585783,909178901.4142256,0.13176505817597456,mogi,Quận 3,Bất động sản khác,Nhà phố/nhà ở,Phường 4,33,4,209090909.0909091
sale,Tuned RF/XGBoost Ensemble,2099999999.9999976,2432123442.4176903,332123442.41769266,0.15815402019890146,mogi,Quận Bình Thạnh,Căn hộ,Căn hộ,Phường 22,76,2,27631578.94736842
sale,Tuned RF/XGBoost Ensemble,29999999999.999996,32375405622.340656,2375405622.34066,0.07918018741135535,mogi,Quận 3,Nhà phố,Nhà phố/nhà ở,Phường 2,81,6,370370370.3703704
sale,Tuned RF/XGBoost Ensemble,5199999999.999992,6864929043.487537,1664929043.487545,0.32017866220914376,mogi,Quận 3,Nhà phố,Nhà phố/nhà ở,Phường 4,25,3,208000000
sale,Tuned RF/XGBoost Ensemble,2150000000.000002,2138669996.3539994,11330003.646002531,0.005269769137675591,mogi,Thành phố Thủ Đức,Căn hộ,Căn hộ,Phường Bình Thọ,76,2,28289473.684210528
sale,Tuned RF/XGBoost Ensemble,19800000000.000023,16804499108.049774,2995500891.9502487,0.15128792383587097,mogi,Quận 3,Nhà phố,Nhà phố/nhà ở,Phường 3,71,4,278873239.4366197
sale,Tuned RF/XGBoost Ensemble,4450000000.00001,3652649098.5737143,797350901.4262953,0.1791799778486053,mogi,Quận Gò Vấp,Nhà phố,Nhà phố/nhà ở,Phường 1,30,2,148333333.33333334
sale,Tuned RF/XGBoost Ensemble,13600000000.000008,6497420873.045877,7102579126.95413,0.5222484652172151,mogi,Quận Gò Vấp,Phòng/Cho thuê,Phòng trọ,Phường 8,105,2,129523809.52380952
sale,Tuned RF/XGBoost Ensemble,3450000000.0000043,3144477162.6123204,305522837.38768387,0.08855734417034304,mogi,Quận Gò Vấp,Nhà phố,Nhà phố/nhà ở,Phường 17,31,2,111290322.58064516
sale,Tuned RF/XGBoost Ensemble,9600000000.000006,6113643982.816082,3486356017.1839237,0.36316208512332515,mogi,Quận 3,Nhà phố,Nhà phố/nhà ở,Phường 2,23,3,417391304.34782606
sale,Tuned RF/XGBoost Ensemble,8200000000.000003,5982829194.2167835,2217170805.7832193,0.27038668363209983,mogi,Quận Gò Vấp,Nhà phố,Nhà phố/nhà ở,Phường 3,48,4,170833333.33333334
sale,Tuned RF/XGBoost Ensemble,2189999999.9999967,2415698857.841677,225698857.84168053,0.10305883919711455,mogi,Quận Bình Thạnh,Bất động sản khác,Khác,Phường 14,42,1,52142857.14285714
sale,Tuned RF/XGBoost Ensemble,2480000000.000005,2869306238.0190973,389306238.01909256,0.15697832178189186,mogi,Quận 3,Bất động sản khác,Khác,Phường 14,54,2,45925925.925925925
sale,Tuned RF/XGBoost Ensemble,10299999999.999994,7584197537.224699,2715802462.7752953,0.2636701420170191,mogi,Quận Gò Vấp,Nhà phố,Nhà phố/nhà ở,Phường 3,70,4,147142857.14285713
sale,Tuned RF/XGBoost Ensemble,2689999999.999999,6343747150.290957,3653747150.2909584,1.3582703160932936,mogi,Quận Bình Thạnh,Bất động sản khác,Khác,Phường 13,88,3,30568181.818181816
sale,Tuned RF/XGBoost Ensemble,5199999999.999992,4048660993.1375303,1151339006.862462,0.2214113474735507,mogi,Quận Gò Vấp,Nhà phố,Nhà phố/nhà ở,Phường 4,35,3,148571428.57142857
sale,Tuned RF/XGBoost Ensemble,4499999999.999999,5002076814.467783,502076814.4677839,0.11157262543728534,mogi,Quận Gò Vấp,Nhà phố,Nhà phố/nhà ở,Phường 4,51,4,88235294.11764705
sale,Tuned RF/XGBoost Ensemble,3400000000.0000005,4936368423.126613,1536368423.1266122,0.45187306562547414,mogi,Quận Gò Vấp,Nhà phố,Biệt thự/cao cấp,Phường 7,58,3,58620689.655172415
sale,Tuned RF/XGBoost Ensemble,7650000000.000009,4307433223.603492,3342566776.396517,0.4369368335158841,mogi,Quận Gò Vấp,Nhà phố,Nhà phố/nhà ở,Phường 3,50,3,153000000
sale,Tuned RF/XGBoost Ensemble,1029999999.9999982,1802875181.507682,772875181.5076839,0.7503642538909565,mogi,Thành phố Thủ Đức,Căn hộ,Căn hộ,Phường Bình Trưng Tây,47,1,21914893.61702128
sale,Tuned RF/XGBoost Ensemble,2569999999.999997,5783150458.671366,3213150458.6713686,1.2502530967592889,mogi,Quận Bình Thạnh,Bất động sản khác,Nhà phố/nhà ở,Phường 5,63,4,40793650.79365079
sale,Tuned RF/XGBoost Ensemble,8589999999.999987,5269180666.532765,3320819333.4672213,0.38659130773774464,mogi,Quận Gò Vấp,Nhà phố,Nhà phố/nhà ở,Phường 5,55,4,156181818.1818182
sale,Tuned RF/XGBoost Ensemble,13500000000.000013,9931547557.737188,3568452442.262825,0.26432981053798676,mogi,Quận Gò Vấp,Bất động sản khác,Nhà phố/nhà ở,Phường 7,120,1,112500000
sale,Tuned RF/XGBoost Ensemble,6950000000.000034,4576809108.866094,2373190891.1339407,0.3414663152710689,mogi,Quận Bình Thạnh,Nhà phố,Nhà phố/nhà ở,Phường 11,42,3,165476190.47619048
sale,Tuned RF/XGBoost Ensemble,1150000000.0000005,2046406445.8353672,896406445.8353667,0.7794838659437968,mogi,Quận 6,Căn hộ,Căn hộ,Phường 11,49,1,23469387.75510204
sale,Tuned RF/XGBoost Ensemble,1649999999.9999998,2184773950.3472195,534773950.3472197,0.3241054244528605,mogi,Thành phố Thủ Đức,Căn hộ,Căn hộ,Phường Bình Trưng Tây,52,1,31730769.230769232
sale,Tuned RF/XGBoost Ensemble,2459999999.9999967,6018037345.693913,3558037345.693917,1.446356644591025,mogi,Quận 10,Nhà phố,Nhà phố/nhà ở,Phường 1,46,6,53478260.86956522
sale,Tuned RF/XGBoost Ensemble,1620000000.0000005,2193178720.3838606,573178720.3838601,0.3538140249283086,mogi,Thành phố Thủ Đức,Căn hộ,Căn hộ,Phường Bình Thọ,79,2,20506329.11392405
sale,Tuned RF/XGBoost Ensemble,1460000000.0000005,1774797671.518665,314797671.5186646,0.21561484350593457,mogi,Thành phố Thủ Đức,Căn hộ,Căn hộ,Phường Bình Trưng Tây,47,1,31063829.78723404
sale,Tuned RF/XGBoost Ensemble,1130000000.0000014,1232886162.8146493,102886162.81464791,0.091049701605883,mogi,Thành phố Thủ Đức,Căn hộ,Căn hộ,Phường Long Bình,47,1,24042553.19148936
sale,Tuned RF/XGBoost Ensemble,1890000000.0000012,1374024239.729161,515975760.27084017,0.2730030477623491,mogi,Thành phố Thủ Đức,Căn hộ,Căn hộ,Phường Long Bình,72,2,26250000
sale,Tuned RF/XGBoost Ensemble,2900000000.0000033,3037808135.2468467,137808135.24684334,0.04752004663684248,mogi,Quận Phú Nhuận,Bất động sản khác,Khác,Phường 15,38,3,76315789.4736842
sale,Tuned RF/XGBoost Ensemble,3099999999.9999986,3507588625.6073394,407588625.6073408,0.13148020180881967,mogi,Quận Gò Vấp,Bất động sản khác,Khác,Phường 11,52,4,59615384.615384616
sale,Tuned RF/XGBoost Ensemble,2540000000.0000114,2107405413.6535647,432594586.34644675,0.17031282927025385,mogi,Quận 7,Căn hộ,Căn hộ,Phường Phú Thuận,69,2,36811594.20289855
sale,Tuned RF/XGBoost Ensemble,1240000000.0000002,2127331158.3904033,887331158.390403,0.7155896438632281,mogi,Quận 7,Căn hộ,Căn hộ,Phường Phú Thuận,56,2,22142857.14285714
sale,Tuned RF/XGBoost Ensemble,22999999999.99998,18860003395.850243,4139996604.1497383,0.1799998523543366,mogi,Quận 10,Nhà phố,Tòa nhà/văn phòng/mặt bằng,Phường 12,63,15,365079365.0793651
sale,Tuned RF/XGBoost Ensemble,83000000000.00005,53338849358.77163,29661150641.228416,0.3573632607376916,mogi,Quận Tân Bình,Nhà phố,Biệt thự/cao cấp,Phường 2,238,8,348739495.79831934
sale,Tuned RF/XGBoost Ensemble,110000000000.0003,103340517079.10274,6659482920.897568,0.06054075382634136,mogi,Quận 1,Nhà phố,Nhà phố/nhà ở,Phường Cô Giang,255,10,431372549.01960784
sale,Tuned RF/XGBoost Ensemble,59999999999.99994,34233091904.97787,25766908095.022068,0.42944846825036825,mogi,Quận Bình Tân,Bất động sản khác,Nhà phố/nhà ở,Phường 4,179,30,335195530.72625697
sale,Tuned RF/XGBoost Ensemble,95000000000.00005,101304797228.62976,6304797228.629715,0.06636628661715487,mogi,Quận Bình Thạnh,Bất động sản khác,Khác,Phường 26,604,10,157284768.21192053
sale,Tuned RF/XGBoost Ensemble,7500000000.0000105,6168600212.915181,1331399787.0848293,0.17751997161131033,mogi,Quận 7,Căn hộ,Căn hộ,Phường Tân Phong,88,4,85227272.72727273
sale,Tuned RF/XGBoost Ensemble,59999999999.99994,30698709379.12932,29301290620.87062,0.4883548436811775,mogi,Quận Tân Bình,Nhà phố,Tòa nhà/văn phòng/mặt bằng,Phường 13,98,15,612244897.9591837
sale,Tuned RF/XGBoost Ensemble,7650000000.000009,6970112308.960576,679887691.0394325,0.08887420797901069,mogi,Quận Tân Bình,Nhà phố,Nhà phố/nhà ở,Phường Phú Trung,66,3,115909090.9090909
sale,Tuned RF/XGBoost Ensemble,75999999999.99991,81666641713.40448,5666641713.404572,0.07456107517637603,mogi,Quận 3,Nhà phố,Biệt thự/cao cấp,Phường 5,230,5,330434782.6086956
sale,Tuned RF/XGBoost Ensemble,27999999999.999973,30570830103.679432,2570830103.6794586,0.09181536084569504,mogi,Huyện Bình Chánh,Đất nền,Đất/đất nền,Xã Bình Chánh,1259,0,22239872.915011913
sale,Tuned RF/XGBoost Ensemble,55999999999.999916,35292111319.264984,20707888680.734932,0.36978372644169577,mogi,Quận Bình Thạnh,Nhà phố,Nhà phố/nhà ở,Phường 22,128,20,437500000
sale,Tuned RF/XGBoost Ensemble,149000000000.00024,82059034318.51186,66940965681.48839,0.4492682260502569,mogi,Quận 1,Nhà phố,Tòa nhà/văn phòng/mặt bằng,Phường Bến Thành,126,15,1182539682.5396826
sale,Tuned RF/XGBoost Ensemble,8400000000.000014,11575399835.163645,3175399835.1636305,0.37802378990043156,homedy,Thành phố Thủ Đức,Nhà phố,Nhà phố/nhà ở,Phường Linh Xuân - Thành phố Thủ Đức,139,4,60431654.67625899
sale,Tuned RF/XGBoost Ensemble,1799999999.999998,2870264020.8462825,1070264020.8462844,0.5945911226923808,homedy,Quận Bình Thạnh,Bất động sản khác,Khác,Phường 11,45,0,40000000
sale,Tuned RF/XGBoost Ensemble,2500000000.0000005,2373111527.8693533,126888472.13064718,0.050755388852258866,homedy,Quận Gò Vấp,Bất động sản khác,Khác,Phường 1,55,3,45454545.45454545
sale,Tuned RF/XGBoost Ensemble,2200000000.000003,2424705083.029162,224705083.02915907,0.10213867410416308,homedy,Quận Phú Nhuận,Căn hộ,Căn hộ,Phường 1,49,2,44897959.18367347
sale,Tuned RF/XGBoost Ensemble,11500000000.000008,13780768937.187883,2280768937.1878757,0.1983277336685108,homedy,Quận Bình Thạnh,Nhà phố,Nhà phố/nhà ở,Phường 13,83,0,138554216.86746988
sale,Tuned RF/XGBoost Ensemble,6799999999.999998,5576399155.844803,1223600844.1551952,0.17994130061105817,mogi,Quận Bình Tân,Bất động sản khác,Khác,Phường An Lạc,74,4,91891891.8918919
sale,Tuned RF/XGBoost Ensemble,24000000000.00005,10336884297.465218,13663115702.534832,0.5692964876056168,mogi,Quận 6,Bất động sản khác,Khác,Phường 7,160,4,150000000
sale,Tuned RF/XGBoost Ensemble,12399999999.999987,9391359168.127226,3008640831.872761,0.24263232515102937,mogi,Quận Bình Tân,Đất nền,Đất/đất nền,Phường An Lạc,120,0,103333333.33333331
sale,Tuned RF/XGBoost Ensemble,5100000000.000008,4251429695.87131,848570304.1286974,0.1663863341428816,mogi,Thành phố Thủ Đức,Đất nền,Đất/đất nền,Phường Phú Hữu,60,0,85000000
sale,Tuned RF/XGBoost Ensemble,3599999999.9999967,4112032549.2833314,512032549.28333473,0.14223126368981534,mogi,Thành phố Thủ Đức,Đất nền,Đất/đất nền,Phường Trường Thạnh,65,0,55384615.384615384
sale,Tuned RF/XGBoost Ensemble,25000000000.000034,13965545338.793964,11034454661.20607,0.44137818644824217,mogi,Quận 6,Bất động sản khác,Nhà phố/nhà ở,Phường 12,94,4,265957446.80851063
sale,Tuned RF/XGBoost Ensemble,6900000000.000009,12610677056.133574,5710677056.133565,0.8276343559613852,mogi,Thành phố Thủ Đức,Nhà phố,Nhà phố/nhà ở,Phường Phước Long B,90,6,76666666.66666667
sale,Tuned RF/XGBoost Ensemble,26999999999.99998,20858634865.501007,6141365134.498974,0.2274579679444066,mogi,Quận 6,Bất động sản khác,Khác,Phường 13,153,12,176470588.2352941
sale,Tuned RF/XGBoost Ensemble,11700000000.000015,12993790402.306526,1293790402.306511,0.1105803762655136,mogi,Thành phố Thủ Đức,Bất động sản khác,Nhà phố/nhà ở,Phường Hiệp Phú,122,4,95901639.3442623
sale,Tuned RF/XGBoost Ensemble,3599999999.9999967,3921740030.819853,321740030.81985617,0.08937223078329347,mogi,Thành phố Thủ Đức,Đất nền,Đất/đất nền,Phường Long Trường,54,0,66666666.666666664
sale,Tuned RF/XGBoost Ensemble,4300000000.000001,3986615215.56133,313384784.4386711,0.07288018242759792,mogi,Thành phố Thủ Đức,Đất nền,Đất/đất nền,Phường Long Thạnh Mỹ,55,0,78181818.18181819
sale,Tuned RF/XGBoost Ensemble,5699999999.999994,4605922212.467605,1094077787.5323896,0.19194347149691066,mogi,Thành phố Thủ Đức,Đất nền,Đất/đất nền,Phường Long Trường,82,0,69512195.12195122
sale,Tuned RF/XGBoost Ensemble,8000000000,9415960089.960278,1415960089.9602776,0.1769950112450347,mogi,Thành phố Thủ Đức,Nhà phố,Nhà phố/nhà ở,Phường Long Trường,102,2,78431372.5490196
sale,Tuned RF/XGBoost Ensemble,11500000000.000008,9765812308.795362,1734187691.2046452,0.15079892966996905,mogi,Thành phố Thủ Đức,Nhà phố,Nhà phố/nhà ở,Phường Tăng Nhơn Phú A,100,5,115000000
sale,Tuned RF/XGBoost Ensemble,14999999999.999996,27603405712.94596,12603405712.945965,0.8402270475297312,mogi,Thành phố Thủ Đức,Đất nền,Đất/đất nền,Phường Tân Phú,500,0,30000000
sale,Tuned RF/XGBoost Ensemble,19999999999.999992,42985447860.03935,22985447860.03936,1.1492723930019684,mogi,Thành phố Thủ Đức,Bất động sản khác,Nhà phố/nhà ở,Phường Tăng Nhơn Phú A,700,17,28571428.57142857
sale,Tuned RF/XGBoost Ensemble,6699999999.999999,6312396879.652636,387603120.3473635,0.05785121199214381,mogi,Thành phố Thủ Đức,Đất nền,Đất/đất nền,Phường Tăng Nhơn Phú A,100,0,67000000
sale,Tuned RF/XGBoost Ensemble,10999999999.999989,13271905755.119503,2271905755.1195145,0.20653688682904697,mogi,Thành phố Thủ Đức,Nhà phố,Nhà phố/nhà ở,Phường Phước Long B,107,3,102803738.317757
sale,Tuned RF/XGBoost Ensemble,11999999999.999998,12558435681.593376,558435681.5933781,0.04653630679944818,mogi,Thành phố Thủ Đức,Đất nền,Đất/đất nền,Phường Tăng Nhơn Phú A,212,0,56603773.58490566
sale,Tuned RF/XGBoost Ensemble,4849999999.999998,4196342132.7763095,653657867.2236886,0.13477481798426574,mogi,Thành phố Thủ Đức,Đất nền,Đất/đất nền,Phường Phú Hữu,66,0,73484848.48484848
sale,Tuned RF/XGBoost Ensemble,6300000000.000003,5590394106.377189,709605893.6228142,0.11263585613060538,mogi,Thành phố Thủ Đức,Nhà phố,Nhà phố/nhà ở,Phường Long Thạnh Mỹ,64,4,98437500
sale,Tuned RF/XGBoost Ensemble,6500000000.000007,3310323880.6149054,3189676119.3851013,0.49071940298232275,mogi,Quận Bình Thạnh,Nhà phố,Nhà phố/nhà ở,Phường 11,46,2,141304347.82608697
sale,Tuned RF/XGBoost Ensemble,33000000000.000015,40975582433.8035,7975582433.803482,0.24168431617586297,mogi,Quận Bình Thạnh,Đất nền,Đất/đất nền,Phường 11,215,5,153488372.09302327
sale,Tuned RF/XGBoost Ensemble,2990000000.000003,2916734830.78519,73265169.21481276,0.02450340107518819,mogi,Quận Gò Vấp,Nhà phố,Nhà phố/nhà ở,Phường 16,30,3,99666666.66666669
sale,Tuned RF/XGBoost Ensemble,7200000000,3886899984.651696,3313100015.348304,0.46015277990948666,mogi,Quận Phú Nhuận,Nhà phố,Nhà phố/nhà ở,Phường 5,36,4,200000000
sale,Tuned RF/XGBoost Ensemble,5850000000.000003,2308330713.9265265,3541669286.0734763,0.6054135531749529,mogi,Quận 1,Nhà phố,Nhà phố/nhà ở,Phường 22,30,3,195000000
sale,Tuned RF/XGBoost Ensemble,5499999999.999991,6714270420.041381,1214270420.0413895,0.2207764400075257,mogi,Quận 7,Căn hộ,Căn hộ,Phường Tân Hưng,117,3,47008547.00854701
sale,Tuned RF/XGBoost Ensemble,7200000000,3234122999.735665,3965877000.264335,0.5508162500367132,mogi,Quận 7,Căn hộ,Căn hộ,Phường Tân Phú,78,2,92307692.3076923
sale,Tuned RF/XGBoost Ensemble,3699999999.999994,1865244568.3180182,1834755431.6819756,0.4958798464005348,mogi,Quận 4,Căn hộ,Căn hộ,Phường 1,65,2,56923076.92307692
sale,Tuned RF/XGBoost Ensemble,14999999999.999996,11122436318.55997,3877563681.4400253,0.2585042454293351,mogi,Quận 7,Bất động sản khác,Khác,Phường Tân Phong,107,0,140186915.88785046
sale,Tuned RF/XGBoost Ensemble,3000000000.0000014,1977463062.9854238,1022536937.0145776,0.3408456456715257,mogi,Quận 4,Căn hộ,Căn hộ,Phường 1,42,1,71428571.42857143
sale,Tuned RF/XGBoost Ensemble,5499999999.999991,6717817052.683564,1217817052.6835728,0.22142128230610447,mogi,Quận 7,Căn hộ,Căn hộ,Phường Tân Hưng,114,3,48245614.03508772
sale,Tuned RF/XGBoost Ensemble,5499999999.999991,5561749863.02511,61749863.02511883,0.011227247822748896,mogi,Quận 7,Căn hộ,Căn hộ,Phường Tân Hưng,113,3,48672566.371681415
sale,Tuned RF/XGBoost Ensemble,13500000000.000013,11234608210.77169,2265391789.228323,0.16780679920209784,mogi,Quận Bình Thạnh,Nhà phố,Nhà phố/nhà ở,Phường 13,100,5,135000000
sale,Tuned RF/XGBoost Ensemble,4000000000.0000157,4905232254.569453,905232254.5694375,0.22630806364235848,mogi,Thành phố Thủ Đức,Đất nền,Đất/đất nền,Phường Long Trường,100,0,40000000
sale,Tuned RF/XGBoost Ensemble,5100000000.000008,5734172896.822889,634172896.8228817,0.12434762682801584,mogi,Thành phố Thủ Đức,Nhà phố,Nhà phố/nhà ở,Phường Phước Long B,52,5,98076923.07692309
sale,Tuned RF/XGBoost Ensemble,6000000000.000004,5989565082.895317,10434917.104686737,0.0017391528507811217,mogi,Thành phố Thủ Đức,Nhà phố,Nhà phố/nhà ở,Phường Long Thạnh Mỹ,68,4,88235294.11764705
sale,Tuned RF/XGBoost Ensemble,6999999999.99999,7224440856.712066,224440856.71207523,0.032062979530296506,mogi,Thành phố Thủ Đức,Nhà phố,Nhà phố/nhà ở,Phường Tăng Nhơn Phú B,86,5,81395348.8372093
sale,Tuned RF/XGBoost Ensemble,3798999999.9999943,3345708242.850384,453291757.14961004,0.1193187041720481,mogi,Quận 12,Nhà phố,Nhà phố/nhà ở,Phường Trung Mỹ Tây,44,3,86340909.0909091
sale,Tuned RF/XGBoost Ensemble,4000000000.0000157,4977555900.446468,977555900.4464526,0.2443889751116122,mogi,Thành phố Thủ Đức,Nhà phố,Nhà phố/nhà ở,Phường Long Bình,70,3,57142857.14285714
sale,Tuned RF/XGBoost Ensemble,2860000000.000003,15819008456.30373,12959008456.303726,4.531121837868431,mogi,Quận Bình Thạnh,Bất động sản khác,Khác,Phường 22,170,4,16823529.411764707
sale,Tuned RF/XGBoost Ensemble,1724999999.9999993,2519456752.2447915,794456752.2447922,0.46055463898248844,mogi,Quận Phú Nhuận,Căn hộ,Căn hộ,Phường 9,88,2,19602272.727272727
sale,Tuned RF/XGBoost Ensemble,1829999999.9999988,4184198511.553595,2354198511.5535965,1.2864472740730044,mogi,Quận 10,Căn hộ,Căn hộ,Phường 14,103,3,17766990.291262135
sale,Tuned RF/XGBoost Ensemble,4235000000.0000043,32069358398.634647,27834358398.634644,6.5724577092407594,mogi,Quận 10,Nhà phố,Biệt thự/cao cấp,Phường 14,160,5,26468750
sale,Tuned RF/XGBoost Ensemble,7214999999.999993,33416883838.25488,26201883838.254887,3.6315847315668623,mogi,Quận Phú Nhuận,Nhà phố,Biệt thự/cao cấp,Phường 15,160,4,45093750
sale,Tuned RF/XGBoost Ensemble,1405000000,1714159519.5776243,309159519.5776243,0.2200423626887006,mogi,Quận Tân Phú,Căn hộ,Căn hộ,Phường Hòa Thạnh,70,2,20071428.57142857
sale,Tuned RF/XGBoost Ensemble,3359999999.999998,2580276587.001907,779723412.9980912,0.23206053958276537,mogi,Quận Bình Thạnh,Nhà phố,Nhà phố/nhà ở,Phường 14,42,3,80000000
sale,Tuned RF/XGBoost Ensemble,6300000000.000003,5331693113.791153,968306886.2088499,0.15369950574743643,mogi,Quận 12,Nhà phố,Nhà phố/nhà ở,Phường Đông Hưng Thuận,50,6,126000000
sale,Tuned RF/XGBoost Ensemble,3599999999.9999967,2090186828.9886208,1509813171.011376,0.41939254750316035,mogi,Quận 12,Nhà phố,Nhà phố/nhà ở,Phường Đông Hưng Thuận,36,2,100000000
sale,Tuned RF/XGBoost Ensemble,3899999999.9999948,2114944083.0549765,1785055916.9450183,0.45770664537051814,mogi,Quận 12,Căn hộ,Căn hộ,Phường Trung Mỹ Tây,60,0,65000000
sale,Tuned RF/XGBoost Ensemble,5600000000.000005,5737746410.580405,137746410.58040047,0.024597573317928632,mogi,Quận 12,Nhà phố,Nhà phố/nhà ở,Phường Tân Thới Nhất,90,8,62222222.222222224
sale,Tuned RF/XGBoost Ensemble,1724999999.9999993,3104302758.917632,1379302758.9176328,0.7995958022710918,mogi,Quận Bình Thạnh,Nhà phố,Nhà phố/nhà ở,Phường 11,30,4,57500000
sale,Tuned RF/XGBoost Ensemble,4270000000.000005,3870437174.847149,399562825.1528559,0.09357443212010666,mogi,Quận 3,Nhà phố,Nhà phố/nhà ở,Phường 13,50,6,85400000
sale,Tuned RF/XGBoost Ensemble,1655000000.0000007,3929794000.9245224,2274794000.9245214,1.3744978857549972,mogi,Quận Phú Nhuận,Bất động sản khác,Nhà phố/nhà ở,Phường 17,40,3,41375000
sale,Tuned RF/XGBoost Ensemble,1415000000.0000048,1843648147.4577205,428648147.45771575,0.3029315529736497,mogi,Quận Bình Thạnh,Căn hộ,Căn hộ,Phường 13,82,2,17256097.56097561
sale,Tuned RF/XGBoost Ensemble,1669999999.9999979,2960057786.6113,1290057786.6113021,0.772489692581619,mogi,Quận Gò Vấp,Bất động sản khác,Biệt thự/cao cấp,Phường 12,54,4,30925925.925925925
sale,Tuned RF/XGBoost Ensemble,2119999999.9999976,2712969714.9363923,592969714.9363947,0.2797026957247148,mogi,Quận 10,Bất động sản khác,Khác,Phường 12,70,2,30285714.285714287
sale,Tuned RF/XGBoost Ensemble,1104999999.9999993,1225125522.2823815,120125522.28238225,0.10871087989355867,mogi,Thành phố Thủ Đức,Căn hộ,Căn hộ,Phường Bình Chiểu,63,2,17539682.53968254
sale,Tuned RF/XGBoost Ensemble,8000000000,3470550532.5108953,4529449467.489105,0.5661811834361381,mogi,Quận Tân Bình,Nhà phố,Nhà phố/nhà ở,Phường 3,42,3,190476190.47619048
sale,Tuned RF/XGBoost Ensemble,1885000000.0000007,3749604413.171123,1864604413.1711223,0.9891800600377303,mogi,Quận 3,Nhà phố,Nhà phố/nhà ở,Phường 2,35,3,53857142.85714286
sale,Tuned RF/XGBoost Ensemble,2090000000.000001,2244569675.9659443,154569675.96594334,0.07395678275882453,mogi,Thành phố Thủ Đức,Bất động sản khác,Khác,Phường Thảo Điền,75,2,27866666.666666668
sale,Tuned RF/XGBoost Ensemble,2050000000.0000029,2543861150.003732,493861150.00372934,0.24090787805059935,mogi,Thành phố Thủ Đức,Căn hộ,Căn hộ,Phường Thảo Điền,96,3,21354166.666666668
sale,Tuned RF/XGBoost Ensemble,1094999999.9999988,4389851556.00795,3294851556.007951,3.0089968548017847,mogi,Thành phố Thủ Đức,Bất động sản khác,Nhà phố/nhà ở,Phường Tam Bình,52,4,21057692.307692308
sale,Tuned RF/XGBoost Ensemble,1525000000.0000026,2191921164.8944664,666921164.8944638,0.43732535402915584,mogi,Quận Bình Thạnh,Nhà phố,Nhà phố/nhà ở,Phường 21,32,2,47656250
sale,Tuned RF/XGBoost Ensemble,1750000000.0000029,2763155579.0256147,1013155579.0256119,0.5789460451574916,mogi,Quận 11,Nhà phố,Nhà phố/nhà ở,Phường 5,47,3,37234042.55319149
sale,Tuned RF/XGBoost Ensemble,1730000000.0000076,2587842388.883296,857842388.8832884,0.4958626525336905,mogi,Quận 5,Bất động sản khác,Khác,Phường 3,48,4,36041666.666666664
sale,Tuned RF/XGBoost Ensemble,1595000000,2555501476.5310645,960501476.5310645,0.6021952830915765,mogi,Quận Bình Thạnh,Nhà phố,Nhà phố/nhà ở,Phường 15,40,3,39875000
sale,Tuned RF/XGBoost Ensemble,2150000000.000002,4127799818.8566585,1977799818.8566566,0.9199068924914674,mogi,Quận 1,Nhà phố,Nhà phố/nhà ở,Phường Nguyễn Cư Trinh,60,4,35833333.333333336
sale,Tuned RF/XGBoost Ensemble,1329999999.9999993,1601710578.7914608,271710578.79146147,0.20429366826425685,mogi,Quận 4,Căn hộ,Căn hộ,Phường 6,30,1,44333333.333333336
sale,Tuned RF/XGBoost Ensemble,1320000000.0000021,1644243841.1235652,324243841.12356305,0.24563927357845647,mogi,Quận Tân Phú,Căn hộ,Căn hộ,Phường Tân Thành,63,2,20952380.95238095
sale,Tuned RF/XGBoost Ensemble,1945000000.0000005,3793841076.956397,1848841076.9563966,0.950560965016142,mogi,Quận 11,Bất động sản khác,Nhà phố/nhà ở,Phường 14,48,5,40520833.333333336
sale,Tuned RF/XGBoost Ensemble,1825000000.0000002,1737286915.8432956,87713084.15670466,0.048061963921482,mogi,Quận 4,Căn hộ,Căn hộ,Phường 18,84,2,21726190.47619048
sale,Tuned RF/XGBoost Ensemble,1389999999.999998,1612353077.6751037,222353077.67510557,0.15996624293173084,mogi,Quận 11,Bất động sản khác,Khác,Phường 15,66,2,21060606.060606062
sale,Tuned RF/XGBoost Ensemble,9899999999.999996,11185108237.434574,1285108237.434578,0.12980891287217963,mogi,Thành phố Thủ Đức,Nhà phố,Nhà phố/nhà ở,Phường Bình Trưng Tây,128,3,77343750
sale,Tuned RF/XGBoost Ensemble,8600000000.000008,7452207436.950824,1147792563.0491838,0.13346425151734684,mogi,Thành phố Thủ Đức,Nhà phố,Nhà phố/nhà ở,Phường Phước Long B,96,3,89583333.33333333
sale,Tuned RF/XGBoost Ensemble,1369999999.999999,1384806287.9898865,14806287.989887476,0.010807509481669699,mogi,Quận Bình Thạnh,Căn hộ,Căn hộ,Phường 3,54,2,25370370.37037037
sale,Tuned RF/XGBoost Ensemble,1489999999.9999976,3770679922.473068,2280679922.4730706,1.5306576660893116,mogi,Quận 3,Bất động sản khác,Khác,Phường 2,66,2,22575757.575757574
sale,Tuned RF/XGBoost Ensemble,1974999999.999998,1761365980.7325766,213634019.26742148,0.10816912367970719,mogi,Quận 4,Căn hộ,Căn hộ,Phường 18,83,2,23795180.722891565
sale,Tuned RF/XGBoost Ensemble,2550000000.0000067,18956353214.739864,16406353214.739857,6.433864005780319,mogi,Quận Phú Nhuận,Bất động sản khác,Nhà phố/nhà ở,Phường 11,110,2,23181818.181818184
sale,Tuned RF/XGBoost Ensemble,1539999999.999999,3187774989.0077515,1647774989.0077524,1.0699837590959438,mogi,Quận 7,Bất động sản khác,Khác,Phường Phú Mỹ,75,3,20533333.333333332
sale,Tuned RF/XGBoost Ensemble,1460000000.0000005,1506839662.1640675,46839662.16406703,0.03208196038634727,mogi,Quận Bình Thạnh,Bất động sản khác,Khác,Phường 12,36,2,40555555.55555555
sale,Tuned RF/XGBoost Ensemble,1860000000.0000012,3076796041.0386133,1216796041.0386121,0.6541914199132319,mogi,Quận 11,Bất động sản khác,Khác,Phường 3,45,4,41333333.333333336
sale,Tuned RF/XGBoost Ensemble,7799999999.999991,4829542136.001653,2970457863.9983387,0.3808279312818387,mogi,Quận Tân Bình,Bất động sản khác,Nhà phố/nhà ở,Phường 3,42,4,185714285.7142857
sale,Tuned RF/XGBoost Ensemble,8749999999.999954,3495425005.6655707,5254574994.334383,0.6005228564953612,mogi,Quận 10,Nhà phố,Nhà phố/nhà ở,Phường 14,37,5,236486486.4864865
sale,Tuned RF/XGBoost Ensemble,9499999999.999992,3831459343.8936276,5668540656.106365,0.59668849011646,mogi,Quận Phú Nhuận,Bất động sản khác,Khác,Phường 11,42,5,226190476.19047615
sale,Tuned RF/XGBoost Ensemble,11999999999.999998,14709614428.599457,2709614428.5994587,0.22580120238328827,mogi,Quận Tân Bình,Bất động sản khác,Nhà phố/nhà ở,Phường 12,72,7,166666666.66666666
sale,Tuned RF/XGBoost Ensemble,15500000000.00002,20771593643.594913,5271593643.594894,0.3401028157157992,mogi,Quận Phú Nhuận,Bất động sản khác,Khác,Phường 2,116,10,133620689.6551724
sale,Tuned RF/XGBoost Ensemble,14400000000.00002,7894128959.823201,6505871040.176818,0.45179660001227845,mogi,Quận 10,Bất động sản khác,Nhà phố/nhà ở,Phường 15,72,2,200000000
sale,Tuned RF/XGBoost Ensemble,16899999999.999994,3398688754.0258207,13501311245.974174,0.7988941565665195,mogi,Quận Phú Nhuận,Bất động sản khác,Nhà phố/nhà ở,Phường 1,65,5,260000000
sale,Tuned RF/XGBoost Ensemble,11900000000.00002,8018514978.1484,3881485021.851619,0.3261752119203036,mogi,Quận Tân Bình,Bất động sản khác,Nhà phố/nhà ở,Phường 14,72,4,165277777.7777778
sale,Tuned RF/XGBoost Ensemble,10899999999.99998,3752458743.404789,7147541256.595192,0.6557377299628628,mogi,Quận 10,Bất động sản khác,Khác,Phường 14,48,4,227083333.33333337
sale,Tuned RF/XGBoost Ensemble,7599999999.999994,2713401433.0664167,4886598566.933578,0.6429734956491554,mogi,Quận Phú Nhuận,Bất động sản khác,Biệt thự/cao cấp,Phường 7,32,4,237500000
sale,Tuned RF/XGBoost Ensemble,6199999999.999969,2141144406.8832319,4058855593.1167364,0.6546541279220576,mogi,Quận Phú Nhuận,Bất động sản khác,Khác,Phường 4,39,3,158974358.97435898
sale,Tuned RF/XGBoost Ensemble,48000000000.00003,23554658260.13918,24445341739.86085,0.5092779529137674,mogi,Quận 3,Nhà phố,Nhà phố/nhà ở,Phường 5,75,10,640000000
sale,Tuned RF/XGBoost Ensemble,49449999999.99995,52098879972.66178,2648879972.6618347,0.05356683463421309,alonhadat,Quận Bình Tân,Đất,Đất/đất nền,Phường Tân Thới Hòa,993,5,49798590.13091642
sale,Tuned RF/XGBoost Ensemble,2168000000.000003,3826351657.8203993,1658351657.8203964,0.7649223513931708,alonhadat,Quận Gò Vấp,Nhà ở,Nhà phố/nhà ở,Phường 1,53,2,40905660.37735849
sale,Tuned RF/XGBoost Ensemble,10199999999.999947,8072812076.271823,2127187923.7281237,0.20854783565962107,alonhadat,Quận Tân Phú,Nhà ở,Nhà phố/nhà ở,Phường Phú Thọ Hòa,62,3,164516129.03225806
sale,Tuned RF/XGBoost Ensemble,7900000000,4565688095.130178,3334311904.8698215,0.42206479808478753,alonhadat,Thành phố Thủ Đức,Đất,Đất/đất nền,Phường Hiệp Bình Phước,52,4,151923076.92307693
sale,Tuned RF/XGBoost Ensemble,3650000000,3082390411.58213,567609588.41787,0.15550947627886852,chotot,Quận 12,Căn hộ/Chung cư,Căn hộ,Phường Tân Thới Nhất,64,2,57031250
sale,Tuned RF/XGBoost Ensemble,1479999999.9999988,1443462975.1130104,36537024.8869884,0.024687178977694884,chotot,Huyện Bình Chánh,Căn hộ/Chung cư,Căn hộ,Xã An Phú Tây,55,2,26909090.90909091
sale,Tuned RF/XGBoost Ensemble,650000000.000001,735182657.4051738,85182657.40517282,0.13105024216180416,chotot,Huyện Củ Chi,Đất,Đất/đất nền,Xã Tân Thông Hội,343,4,1895043.7317784256
sale,Tuned RF/XGBoost Ensemble,4050000000.000019,4310094117.879009,260094117.87899017,0.06422076984666394,chotot,Quận 12,Đất,Đất/đất nền,Phường Thạnh Xuân,68,4,59558823.52941176
sale,Tuned RF/XGBoost Ensemble,5600000000.000005,5058172584.6143675,541827415.3856373,0.096754895604578,chotot,Quận 12,Đất,Đất/đất nền,Phường Thạnh Xuân,178,4,31460674.15730337
sale,Tuned RF/XGBoost Ensemble,13999999999.999975,8000410716.327159,5999589283.672816,0.4285420916909162,chotot,Quận Bình Tân,Đất,Đất/đất nền,Phường Bình Trị Đông B,100,4,140000000
sale,Tuned RF/XGBoost Ensemble,17999999999.99997,19469833058.65192,1469833058.6519508,0.08165739214733074,chotot,Thành phố Thủ Đức,Đất,Đất/đất nền,Phường Hiệp Bình Chánh (Quận Thủ Đức cũ),210,4,85714285.71428572
sale,Tuned RF/XGBoost Ensemble,900000000.0000006,1939226841.0010169,1039226841.0010163,1.1546964900011285,chotot,Huyện Củ Chi,Đất,Đất/đất nền,Xã Nhuận Đức,530,4,1698113.20754717
sale,Tuned RF/XGBoost Ensemble,3389999999.9999833,6057982594.750628,2667982594.750645,0.7870155146757104,chotot,Quận 7,Căn hộ/Chung cư,Căn hộ,Phường Tân Phong,73,2,46438356.16438356
sale,Tuned RF/XGBoost Ensemble,9700000000.000015,6772535590.938078,2927464409.0619373,0.3018004545424673,chotot,Thành phố Thủ Đức,Đất,Đất/đất nền,Phường Tân Phú (Quận 9 cũ),185,4,52432432.432432435
sale,Tuned RF/XGBoost Ensemble,9998999999.999985,6125314178.846275,3873685821.1537094,0.3874073228476563,chotot,Quận Gò Vấp,Nhà ở,Nhà phố/nhà ở,Phường 3,68,4,147044117.6470588
sale,Tuned RF/XGBoost Ensemble,9300000000.000015,12554463716.42819,3254463716.428175,0.34994233509980316,chotot,Quận 7,Nhà ở,Nhà phố/nhà ở,Phường Bình Thuận,93,3,100000000
sale,Tuned RF/XGBoost Ensemble,8500000000.0000105,8051794371.037293,448205628.96271706,0.052730073995613705,chotot,Quận 11,Nhà ở,Nhà phố/nhà ở,Phường 10,47,4,180851063.8297872
sale,Tuned RF/XGBoost Ensemble,4200000000.0000005,4292606006.898904,92606006.89890337,0.022049049261643656,chotot,Quận 7,Căn hộ/Chung cư,Căn hộ,Phường Phú Thuận,78,2,53846153.84615385
sale,Tuned RF/XGBoost Ensemble,7029999999.999996,5424158100.685551,1605841899.3144455,0.22842701270475765,chotot,Thành phố Thủ Đức,Căn hộ/Chung cư,Căn hộ,Phường Phú Hữu (Quận 9 cũ),100,3,70300000
sale,Tuned RF/XGBoost Ensemble,3200000000.000002,3007007179.0805283,192992820.91947365,0.06031025653733548,chotot,Huyện Bình Chánh,Căn hộ/Chung cư,Căn hộ,Xã Phong Phú,66,2,48484848.48484848
sale,Tuned RF/XGBoost Ensemble,6000000000.000004,4958412764.18565,1041587235.814354,0.17359787263572554,chotot,Quận 4,Nhà ở,Nhà phố/nhà ở,Phường 2,45,3,133333333.33333331
sale,Tuned RF/XGBoost Ensemble,13500000000.000013,10012441609.28111,3487558390.7189026,0.2583376585717703,chotot,Quận Bình Tân,Nhà ở,Nhà phố/nhà ở,Phường Bình Trị Đông B,90,4,150000000
sale,Tuned RF/XGBoost Ensemble,819999999.9999995,1206862294.9143567,386862294.9143572,0.47178328648092366,chotot,Quận 7,Nhà ở,Nhà phố/nhà ở,Phường Tân Phú,12.8999,2,63566384.23553671
sale,Tuned RF/XGBoost Ensemble,5689999999.99999,6609575348.757997,919575348.7580061,0.16161253932478165,chotot,Quận 3,Nhà ở,Nhà phố/nhà ở,Phường 5,50.4,3,112896825.3968254
sale,Tuned RF/XGBoost Ensemble,9700000000.000015,8353731105.945741,1346268894.0542746,0.13879060763446108,chotot,Quận Bình Tân,Nhà ở,Nhà phố/nhà ở,Phường Bình Trị Đông,73,5,132876712.32876712
sale,Tuned RF/XGBoost Ensemble,3899999999.9999948,3882024692.9173107,17975307.08268404,0.004609053098124119,chotot,Quận Gò Vấp,Nhà ở,Nhà phố/nhà ở,Phường 17,38,2,102631578.94736844
sale,Tuned RF/XGBoost Ensemble,3679999999.9999933,3450578011.710006,229421988.2899871,0.06234293160054008,chotot,Quận 7,Nhà ở,Nhà phố/nhà ở,Phường Tân Phú,39,2,94358974.35897437
sale,Tuned RF/XGBoost Ensemble,2299999999.9999924,4057264140.5935054,1757264140.593513,0.7640278872145734,chotot,Huyện Hóc Môn,Nhà ở,Nhà phố/nhà ở,Xã Xuân Thới Sơn,100,3,23000000
sale,Tuned RF/XGBoost Ensemble,5199999999.999992,4795198521.449577,404801478.55041504,0.07784643818277223,chotot,Quận Gò Vấp,Nhà ở,Nhà phố/nhà ở,Phường 5,48,3,108333333.33333331
sale,Tuned RF/XGBoost Ensemble,37999999999.99994,26626237935.844246,11373762064.155693,0.29930952800409766,chotot,Quận 7,Nhà ở,Nhà phố/nhà ở,Phường Tân Quy,99,11,383838383.83838385
sale,Tuned RF/XGBoost Ensemble,1950000000.0000002,1503659148.1246285,446340851.8753717,0.22889274455147263,chotot,Quận Bình Tân,Nhà ở,Nhà phố/nhà ở,Phường An Lạc,10,2,195000000
sale,Tuned RF/XGBoost Ensemble,1899999999.9999948,907016890.691177,992983109.3088177,0.5226226891099055,homedy,Huyện Củ Chi,Đất nền,Đất/đất nền,Xã Tân An Hội,121,0,15702479.338842977
sale,Tuned RF/XGBoost Ensemble,2749999999.9999976,2675630145.596227,74369854.40377045,0.027043583419552913,mogi,Quận 7,Căn hộ,Căn hộ,Phường Tân Hưng,38,2,72368421.05263157
sale,Tuned RF/XGBoost Ensemble,2900000000.0000033,2184438763.5315585,715561236.4684448,0.24674525395463587,mogi,Thành phố Thủ Đức,Căn hộ,Căn hộ,Phường Long Trường,63,1,46031746.03174603
sale,Tuned RF/XGBoost Ensemble,6979000000.000005,5601568944.01268,1377431055.9873247,0.19736796904819082,mogi,Quận Bình Tân,Nhà phố,Nhà phố/nhà ở,Phường Tân Tạo,74,4,94310810.8108108
sale,Tuned RF/XGBoost Ensemble,5100000000.000008,3256998930.777406,1843001069.2226014,0.36137275867109775,mogi,Quận 7,Căn hộ,Căn hộ,Phường Tân Hưng,56,1,91071428.57142857
sale,Tuned RF/XGBoost Ensemble,5800000000,3516006173.192108,2283993826.807892,0.3937920391048089,mogi,Quận 7,Căn hộ,Căn hộ,Phường Tân Hưng,76,2,76315789.4736842
sale,Tuned RF/XGBoost Ensemble,40000000000.00004,25181447842.649334,14818552157.350704,0.37046380393376727,mogi,Quận Phú Nhuận,Nhà phố,Biệt thự/cao cấp,Phường 9,114,10,350877192.98245615
sale,Tuned RF/XGBoost Ensemble,80000000000.00008,72053837574.21089,7946162425.789185,0.09932703032236471,mogi,Quận Tân Bình,Nhà phố,Tòa nhà/văn phòng/mặt bằng,Phường 4,270,6,296296296.2962963
sale,Tuned RF/XGBoost Ensemble,132000000000.00015,117929934838.77003,14070065161.230118,0.10659140273659168,mogi,Quận 1,Nhà phố,Tòa nhà/văn phòng/mặt bằng,Phường Bến Thành,129,6,1023255813.9534883
sale,Tuned RF/XGBoost Ensemble,75000000000.00018,75489653527.75833,489653527.7581482,0.00652871370344196,mogi,Quận 1,Bất động sản khác,Tòa nhà/văn phòng/mặt bằng,Phường Tân Định,128,7,585937500
sale,Tuned RF/XGBoost Ensemble,75000000000.00018,96249209402.49298,21249209402.492798,0.2833227920332366,mogi,Thành phố Thủ Đức,Đất nền,Đất/đất nền,Phường Linh Đông,2143,0,34997666.822211854
sale,Tuned RF/XGBoost Ensemble,160000000000,113448827506.48882,46551172493.511185,0.2909448280844449,mogi,Quận 3,Nhà phố,Tòa nhà/văn phòng/mặt bằng,Phường 6 (Phường Võ Thị Sáu),150,7,1066666666.6666666
sale,Tuned RF/XGBoost Ensemble,114999999999.99998,64168491458.69437,50831508541.30562,0.4420131177504837,mogi,Quận 1,Bất động sản khác,Khác,Phường Bến Nghé,92,15,1250000000
sale,Tuned RF/XGBoost Ensemble,149999999999.99985,73475122449.4219,76524877550.57794,0.5101658503371868,mogi,Quận Bình Thạnh,Đất nền,Đất/đất nền,Phường 1,264,0,568181818.1818181
sale,Tuned RF/XGBoost Ensemble,33000000000.000015,23010680918.95801,9989319081.042004,0.30270663881945453,mogi,Quận Tân Bình,Bất động sản khác,Khác,Phường 2,128,2,257812500
sale,Tuned RF/XGBoost Ensemble,350000000000.0003,179999999999.99973,170000000000.00058,0.48571428571428693,mogi,Quận 3,Nhà phố,Tòa nhà/văn phòng/mặt bằng,Phường 9,773,0,452781371.28072447
sale,Tuned RF/XGBoost Ensemble,160000000000,179999999999.99973,19999999999.999725,0.12499999999999828,mogi,Thành phố Thủ Đức,Nhà phố,Tòa nhà/văn phòng/mặt bằng,Phường Thảo Điền,1672,7,95693779.90430622
sale,Tuned RF/XGBoost Ensemble,160000000000,171095388375.81708,11095388375.817078,0.06934617734885673,mogi,Thành phố Thủ Đức,Nhà phố,Biệt thự/cao cấp,Phường Thảo Điền,613,4,261011419.24959216
sale,Tuned RF/XGBoost Ensemble,119999999999.99994,77432493719.38184,42567506280.6181,0.35472921900515103,mogi,Thành phố Thủ Đức,Nhà phố,Tòa nhà/văn phòng/mặt bằng,Phường Thạnh Mỹ Lợi,200,6,600000000
sale,Tuned RF/XGBoost Ensemble,98999999999.99994,75076611165.03482,23923388834.96512,0.2416503922723751,mogi,Quận 1,Nhà phố,Nhà phố/nhà ở,Phường Nguyễn Cư Trinh,169,2,585798816.5680473
sale,Tuned RF/XGBoost Ensemble,219999999999.9998,82344165131.34578,137655834868.654,0.6257083403120642,mogi,Quận 1,Nhà phố,Tòa nhà/văn phòng/mặt bằng,Phường Nguyễn Cư Trinh,161,5,1366459627.3291926
sale,Tuned RF/XGBoost Ensemble,149999999999.99985,77245418269.28793,72754581730.71191,0.4850305448714132,mogi,Quận Bình Thạnh,Nhà phố,Tòa nhà/văn phòng/mặt bằng,Phường 7,404,8,371287128.7128713
sale,Tuned RF/XGBoost Ensemble,42499999999.999985,32378984387.058186,10121015612.9418,0.23814154383392477,mogi,Quận Bình Thạnh,Bất động sản khác,Khác,Phường 17,158,4,268987341.7721519
sale,Tuned RF/XGBoost Ensemble,299999999999.99945,179999999999.99973,119999999999.99973,0.3999999999999998,mogi,Quận 3,Nhà phố,Biệt thự/cao cấp,Phường 6 (Phường Võ Thị Sáu),616,3,487012987.012987
sale,Tuned RF/XGBoost Ensemble,51999999999.999954,91385828147.83026,39385828147.83031,0.7574197720736604,mogi,Quận 1,Nhà phố,Nhà phố/nhà ở,Phường Nguyễn Cư Trinh,262,4,198473282.4427481
sale,Tuned RF/XGBoost Ensemble,399999999999.9997,179999999999.99973,219999999999.99997,0.5500000000000004,mogi,Quận 1,Bất động sản khác,Tòa nhà/văn phòng/mặt bằng,Phường Bến Nghé,326,13,1226993865.030675
sale,Tuned RF/XGBoost Ensemble,40000000000.00004,24969764496.78784,15030235503.212196,0.37575588758030454,mogi,Quận 1,Bất động sản khác,Nhà phố/nhà ở,Phường Nguyễn Thái Bình,68,2,588235294.117647
sale,Tuned RF/XGBoost Ensemble,62000000000.00004,64210365010.10766,2210365010.1076202,0.03565104855012288,mogi,Quận Bình Thạnh,Nhà phố,Tòa nhà/văn phòng/mặt bằng,Phường 26,144,9,430555555.5555556
sale,Tuned RF/XGBoost Ensemble,50000000000.00007,59704736685.857574,9704736685.857506,0.19409473371714986,mogi,Quận Tân Bình,Bất động sản khác,Khác,Phường 14,294,1,170068027.21088436
sale,Tuned RF/XGBoost Ensemble,91999999999.99979,83796761889.88873,8203238110.111053,0.0891656316316421,mogi,Quận Tân Bình,Nhà phố,Tòa nhà/văn phòng/mặt bằng,Phường 13,203,7,453201970.4433498
sale,Tuned RF/XGBoost Ensemble,35999999999.99984,23675970974.664986,12324029025.334854,0.34233413959263637,mogi,Quận 1,Nhà phố,Nhà phố/nhà ở,Phường Đa Kao,82,4,439024390.2439024
sale,Tuned RF/XGBoost Ensemble,129999999999.99991,84390796520.6345,45609203479.3654,0.3508400267643495,mogi,Quận 1,Bất động sản khác,Khác,Phường Bến Thành,105,7,1238095238.0952382
sale,Tuned RF/XGBoost Ensemble,48000000000.00003,45999898839.38337,2000101160.616661,0.04166877417951374,mogi,Quận Bình Thạnh,Nhà phố,Nhà phố/nhà ở,Phường 1,154,2,311688311.6883117
sale,Tuned RF/XGBoost Ensemble,44999999999.999886,56435073699.71086,11435073699.710976,0.25411274888246677,mogi,Quận 1,Nhà phố,Nhà phố/nhà ở,Phường Nguyễn Cư Trinh,136,3,330882352.9411765
sale,Tuned RF/XGBoost Ensemble,3550000000,2443676414.884669,1106323585.1153312,0.3116404465113609,mogi,Quận Bình Tân,Nhà phố,Nhà phố/nhà ở,Phường Tân Tạo,28,2,126785714.28571428
sale,Tuned RF/XGBoost Ensemble,80000000000.00008,32989404916.67107,47010595083.32901,0.5876324385416121,mogi,Quận 1,Bất động sản khác,Khác,Phường Bến Nghé,75,4,1066666666.6666666
sale,Tuned RF/XGBoost Ensemble,33000000000.000015,26430658466.875652,6569341533.124363,0.19907095554922302,mogi,Quận Tân Bình,Bất động sản khác,Khác,Phường 12,160,2,206250000
sale,Tuned RF/XGBoost Ensemble,13500000000.000013,7131888167.502004,6368111832.49801,0.4717119875924447,mogi,Quận Bình Thạnh,Nhà phố,Nhà phố/nhà ở,Phường 3,60,3,225000000
sale,Tuned RF/XGBoost Ensemble,21500000000.000023,23918048545.80319,2418048545.8031654,0.11246737422340293,mogi,Quận Bình Tân,Nhà phố,Biệt thự/cao cấp,Phường Bình Trị Đông B,190,4,113157894.73684213
sale,Tuned RF/XGBoost Ensemble,193000000000.0006,79754578754.11244,113245421245.88817,0.5867638406522685,mogi,Quận Phú Nhuận,Bất động sản khác,Biệt thự/cao cấp,Phường 2,256,4,753906250
sale,Tuned RF/XGBoost Ensemble,44999999999.999886,8340197806.986324,36659802193.013565,0.8146622709558591,mogi,Quận 11,Nhà phố,Biệt thự/cao cấp,Phường 7,81,3,555555555.5555556
sale,Tuned RF/XGBoost Ensemble,62000000000.00004,40687148166.75996,21312851833.24008,0.34375567472967855,mogi,Quận Phú Nhuận,Bất động sản khác,Khác,Phường 9,144,6,430555555.5555556
sale,Tuned RF/XGBoost Ensemble,53999999999.99997,56886510846.522736,2886510846.522766,0.05345390456523644,mogi,Quận 10,Phòng/Cho thuê,Phòng trọ,Phường 12,212,2,254716981.13207543
sale,Tuned RF/XGBoost Ensemble,58000000000.0001,61270241768.804756,3270241768.804657,0.056383478772493986,mogi,Quận Bình Thạnh,Nhà phố,Tòa nhà/văn phòng/mặt bằng,Phường 11,200,5,290000000
sale,Tuned RF/XGBoost Ensemble,65000000000.000015,78487007606.64876,13487007606.648743,0.2074924247176729,mogi,Quận 1,Nhà phố,Tòa nhà/văn phòng/mặt bằng,Phường Đa Kao,120,6,541666666.6666666
sale,Tuned RF/XGBoost Ensemble,110000000000.0003,54698178530.8628,55301821469.137505,0.5027438315376123,mogi,Quận 1,Bất động sản khác,Khác,Phường Phạm Ngũ Lão,88,25,1250000000
sale,Tuned RF/XGBoost Ensemble,13299999999.999998,16056023701.683233,2756023701.683235,0.20721982719422824,mogi,Quận Bình Tân,Nhà phố,Nhà phố/nhà ở,Phường Bình Trị Đông B,90,4,147777777.7777778
sale,Tuned RF/XGBoost Ensemble,40000000000.00004,49232357271.30794,9232357271.3079,0.23080893178269726,mogi,Quận Tân Bình,Bất động sản khác,Khác,Phường 2,150,6,266666666.66666663
sale,Tuned RF/XGBoost Ensemble,33999999999.99993,31948889824.53835,2051110175.4615822,0.06032676986651724,mogi,Quận Bình Tân,Nhà phố,Biệt thự/cao cấp,Phường Bình Trị Đông B,180,4,188888888.8888889
sale,Tuned RF/XGBoost Ensemble,53999999999.99997,47966351459.21129,6033648540.788681,0.11173423223682749,mogi,Quận Bình Thạnh,Bất động sản khác,Khác,Phường 15,240,2,225000000
sale,Tuned RF/XGBoost Ensemble,40999999999.99998,36737861517.13692,4262138482.86306,0.10395459714300152,mogi,Quận 1,Bất động sản khác,Khác,Phường Bến Thành,72,4,569444444.4444444
sale,Tuned RF/XGBoost Ensemble,119999999999.99994,107831798638.11137,12168201361.888565,0.1014016780157381,mogi,Quận Bình Thạnh,Nhà phố,Nhà phố/nhà ở,Phường 25,600,2,200000000
sale,Tuned RF/XGBoost Ensemble,24800000000.000004,20988271486.103077,3811728513.896927,0.15369873039906962,mogi,Quận Phú Nhuận,Nhà phố,Nhà phố/nhà ở,Phường 3,81,4,306172839.50617284
sale,Tuned RF/XGBoost Ensemble,30999999999.99997,30548222281.493458,451777718.5065117,0.01457347479053265,mogi,Quận 3,Nhà phố,Nhà phố/nhà ở,Phường 13,74,10,418918918.9189189
sale,Tuned RF/XGBoost Ensemble,79000000000.00002,54017650617.67917,24982349382.320847,0.31623227066228915,mogi,Quận 10,Nhà phố,Tòa nhà/văn phòng/mặt bằng,Phường 12,130,6,607692307.6923077
sale,Tuned RF/XGBoost Ensemble,49000000000.000084,39900328909.18595,9099671090.814133,0.18570757328192075,mogi,Quận 3,Nhà phố,Nhà phố/nhà ở,Phường 6 (Phường Võ Thị Sáu),87,3,563218390.8045977
sale,Tuned RF/XGBoost Ensemble,32500000000.00002,44222742346.018394,11722742346.018375,0.3606997644928729,mogi,Quận Bình Thạnh,Bất động sản khác,Khác,Phường 11,215,4,151162790.69767442
sale,Tuned RF/XGBoost Ensemble,8400000000.000014,8090533208.138034,309466791.86198044,0.036841284745473796,mogi,Quận 6,Nhà phố,Nhà phố/nhà ở,Phường 10,38,6,221052631.57894737
sale,Tuned RF/XGBoost Ensemble,119999999999.99994,106381746750.3943,13618253249.605637,0.1134854437467137,mogi,Quận Bình Thạnh,Đất nền,Đất/đất nền,Phường 13,560,0,214285714.2857143
sale,Tuned RF/XGBoost Ensemble,320000000000.0001,153335026357.62708,166664973642.37305,0.5208280426324156,mogi,Quận 1,Phòng/Cho thuê,Tòa nhà/văn phòng/mặt bằng,Phường Bến Thành,285,3,1122807017.5438595
sale,Tuned RF/XGBoost Ensemble,84999999999.99997,51828512726.07944,33171487273.920532,0.39025279145788877,mogi,Quận 3,Nhà phố,Nhà phố/nhà ở,Phường 4,147,3,578231292.5170068
sale,Tuned RF/XGBoost Ensemble,26299999999.999985,16946986939.829645,9353013060.17034,0.35562787301027926,mogi,Quận Bình Tân,Nhà phố,Nhà phố/nhà ở,Phường Bình Trị Đông B,99,6,265656565.65656567
sale,Tuned RF/XGBoost Ensemble,32000000000.00004,7991361125.417437,24008638874.582603,0.7502699648307055,mogi,Quận Tân Phú,Nhà phố,Nhà phố/nhà ở,Phường Sơn Kỳ,85,4,376470588.2352941
sale,Tuned RF/XGBoost Ensemble,83999999999.99995,44646162870.80855,39353837129.19141,0.4684980610618027,mogi,Quận Bình Thạnh,Nhà phố,Nhà phố/nhà ở,Phường 11,264,3,318181818.1818182
sale,Tuned RF/XGBoost Ensemble,57000000000.000084,58847470882.0115,1847470882.0114136,0.03241176985984931,mogi,Quận Tân Bình,Nhà phố,Tòa nhà/văn phòng/mặt bằng,Phường 10,167,6,341317365.2694611
sale,Tuned RF/XGBoost Ensemble,68999999999.99995,88082365412.26762,19082365412.26767,0.27655602046764755,mogi,Thành phố Thủ Đức,Nhà phố,Biệt thự/cao cấp,Phường Thảo Điền,303,4,227722772.27722773
sale,Tuned RF/XGBoost Ensemble,44999999999.999886,24171934581.530533,20828065418.469353,0.46284589818820904,mogi,Quận Bình Thạnh,Bất động sản khác,Khác,Phường 25,136,2,330882352.9411765
sale,Tuned RF/XGBoost Ensemble,18999999999.999916,11231879047.307407,7768120952.692509,0.40884847119434437,mogi,Quận 3,Nhà phố,Nhà phố/nhà ở,Phường 9,33,6,575757575.7575758
sale,Tuned RF/XGBoost Ensemble,35999999999.99984,18756482540.874958,17243517459.12488,0.4789865960868044,mogi,Quận 10,Bất động sản khác,Khác,Phường 12,84,4,428571428.5714286
sale,Tuned RF/XGBoost Ensemble,178999999999.99954,85239183738.86787,93760816261.13167,0.5238034427996195,mogi,Quận 3,Nhà phố,Nhà phố/nhà ở,Phường 14,246,4,727642276.4227642
sale,Tuned RF/XGBoost Ensemble,15500000000.00002,20228085217.078243,4728085217.078224,0.30503775594053023,mogi,Quận Bình Tân,Nhà phố,Nhà phố/nhà ở,Phường Bình Trị Đông B,120,4,129166666.66666669
sale,Tuned RF/XGBoost Ensemble,4499999999.999999,5597322134.909517,1097322134.9095182,0.24384936331322632,mogi,Quận Bình Tân,Nhà phố,Nhà phố/nhà ở,Phường Bình Trị Đông B,48,2,93750000
sale,Tuned RF/XGBoost Ensemble,16800000000.000029,16363041313.037045,436958686.9629841,0.02600944565255853,mogi,Quận Bình Tân,Nhà phố,Nhà phố/nhà ở,Phường Bình Trị Đông B,90,4,186666666.66666663
sale,Tuned RF/XGBoost Ensemble,13500000000.000013,15957343503.543045,2457343503.5430317,0.18202544470689105,mogi,Quận Bình Tân,Nhà phố,Nhà phố/nhà ở,Phường Bình Trị Đông B,90,4,150000000
sale,Tuned RF/XGBoost Ensemble,86999999999.99998,134820556014.86092,47820556014.86093,0.5496615633892062,mogi,Quận 1,Bất động sản khác,Khác,Phường Bến Nghé,242,7,359504132.23140496
sale,Tuned RF/XGBoost Ensemble,75000000000.00018,39803279892.73636,35196720107.263824,0.46928960143018317,mogi,Quận Bình Thạnh,Bất động sản khác,Nhà phố/nhà ở,Phường 11,242,7,309917355.3719008
sale,Tuned RF/XGBoost Ensemble,35999999999.99984,78353708958.80695,42353708958.807106,1.176491915522425,mogi,Quận 1,Bất động sản khác,Nhà phố/nhà ở,Phường Cầu Ông Lãnh,304,0,118421052.63157897
sale,Tuned RF/XGBoost Ensemble,84999999999.99997,34255200266.670002,50744799733.32997,0.5969976439215293,mogi,Quận 3,Nhà phố,Biệt thự/cao cấp,Phường 7 (Phường Võ Thị Sáu),98,2,867346938.7755102
sale,Tuned RF/XGBoost Ensemble,26000000000.000023,35717233967.732956,9717233967.732933,0.37373976798972786,mogi,Quận Tân Bình,Bất động sản khác,Tòa nhà/văn phòng/mặt bằng,Phường 15,105,7,247619047.6190476
sale,Tuned RF/XGBoost Ensemble,389999999999.99805,146409649068.9779,243590350931.02014,0.6245906434128753,mogi,Quận 1,Nhà phố,Tòa nhà/văn phòng/mặt bằng,Phường Đa Kao,343,10,1137026239.0670557
sale,Tuned RF/XGBoost Ensemble,191999999999.9995,84896051316.97865,107103948683.02086,0.5578330660574017,mogi,Quận 3,Bất động sản khác,Khác,Phường 6 (Phường Võ Thị Sáu),178,4,1078651685.3932583
sale,Tuned RF/XGBoost Ensemble,25000000000.000034,29092329828.77796,4092329828.7779274,0.16369319315111688,mogi,Quận Bình Thạnh,Nhà phố,Nhà phố/nhà ở,Phường 7,105,7,238095238.0952381
sale,Tuned RF/XGBoost Ensemble,40000000000.00004,34635262430.298706,5364737569.701332,0.13411843924253317,mogi,Quận 1,Bất động sản khác,Nhà phố/nhà ở,Phường Nguyễn Thái Bình,68,5,588235294.117647
sale,Tuned RF/XGBoost Ensemble,71999999999.99966,31254362426.031593,40745637573.96807,0.5659116329717814,mogi,Quận 3,Nhà phố,Nhà phố/nhà ở,Phường 14,108,2,666666666.6666666
sale,Tuned RF/XGBoost Ensemble,119999999999.99994,168216848424.559,48216848424.55905,0.40180707020465894,mogi,Quận 1,Bất động sản khác,Khác,Phường Đa Kao,398,1,301507537.68844223
sale,Tuned RF/XGBoost Ensemble,8000000000,7886564101.267708,113435898.73229218,0.014179487341536522,mogi,Quận 5,Nhà phố,Nhà phố/nhà ở,Phường 2,48,2,166666666.66666666
sale,Tuned RF/XGBoost Ensemble,35999999999.99984,44661839068.62188,8661839068.62204,0.24060664079505772,mogi,Quận 1,Bất động sản khác,Khác,Phường Đa Kao,87,4,413793103.44827586
sale,Tuned RF/XGBoost Ensemble,59999999999.99994,67509805578.86462,7509805578.864677,0.1251634263144114,mogi,Quận 1,Bất động sản khác,Nhà phố/nhà ở,Phường Tân Định,144,3,416666666.6666667
sale,Tuned RF/XGBoost Ensemble,80000000000.00008,67506089071.937035,12493910928.063042,0.15617388660078788,mogi,Quận Bình Thạnh,Bất động sản khác,Tòa nhà/văn phòng/mặt bằng,Phường 3,144,9,555555555.5555556
sale,Tuned RF/XGBoost Ensemble,24000000000.00005,9386418260.028715,14613581739.971334,0.6088992391654711,mogi,Quận 10,Bất động sản khác,Khác,Phường 14,76,2,315789473.68421054
sale,Tuned RF/XGBoost Ensemble,48000000000.00003,65908687279.0872,17908687279.087166,0.3730976516476491,mogi,Quận 1,Bất động sản khác,Nhà phố/nhà ở,Phường Tân Định,123,3,390243902.4390244
sale,Tuned RF/XGBoost Ensemble,37999999999.99994,40893205736.19463,2893205736.1946945,0.07613699305775525,mogi,Quận 1,Bất động sản khác,Nhà phố/nhà ở,Phường Bến Thành,80,4,475000000
sale,Tuned RF/XGBoost Ensemble,91999999999.99979,129417830539.9553,37417830539.95552,0.40671554934734355,mogi,Quận 1,Bất động sản khác,Khác,Phường Phạm Ngũ Lão,150,12,613333333.3333334
sale,Tuned RF/XGBoost Ensemble,4000000000.0000157,3955070732.7468104,44929267.2532053,0.011232316813301281,mogi,Huyện Hóc Môn,Nhà phố,Nhà phố/nhà ở,Xã Tân Thới Nhì,50,4,80000000
sale,Tuned RF/XGBoost Ensemble,6199999999.999969,3420330725.8517785,2779669274.14819,0.4483337538948716,mogi,Quận Tân Phú,Bất động sản khác,Biệt thự/cao cấp,Phường Tân Sơn Nhì,50,3,124000000
sale,Tuned RF/XGBoost Ensemble,19999999999.999992,32737747895.098133,12737747895.09814,0.6368873947549073,mogi,Quận Bình Thạnh,Phòng/Cho thuê,Phòng trọ,Phường 22,200,2,100000000
sale,Tuned RF/XGBoost Ensemble,16500000000.000004,14878152868.217775,1621847131.7822285,0.09829376556255928,mogi,Quận Phú Nhuận,Nhà phố,Nhà phố/nhà ở,Phường 15,92,2,179347826.08695653
sale,Tuned RF/XGBoost Ensemble,25500000000.000015,26654818692.836193,1154818692.8361778,0.045287007562203024,mogi,Quận 1,Nhà phố,Nhà phố/nhà ở,Phường Bến Thành,74,5,344594594.5945946
sale,Tuned RF/XGBoost Ensemble,49989999999.99994,45204577348.11996,4785422651.879982,0.09572759855731122,mogi,Quận Phú Nhuận,Nhà phố,Nhà phố/nhà ở,Phường 13,186,5,268763440.86021507
sale,Tuned RF/XGBoost Ensemble,58000000000.0001,46885762983.7209,11114237016.279198,0.19162477614274445,mogi,Quận Phú Nhuận,Nhà phố,Nhà phố/nhà ở,Phường 13,215,6,269767441.8604651
sale,Tuned RF/XGBoost Ensemble,65000000000.000015,125084946043.71873,60084946043.71872,0.92438378528798,mogi,Quận Tân Bình,Nhà phố,Tòa nhà/văn phòng/mặt bằng,Phường 1,300,8,216666666.66666663
sale,Tuned RF/XGBoost Ensemble,55000000000.00008,47510715549.43923,7489284450.560844,0.13616880819201516,mogi,Quận 3,Nhà phố,Nhà phố/nhà ở,Phường 5,100,6,550000000
sale,Tuned RF/XGBoost Ensemble,35000000000,30215421160.782635,4784578839.217365,0.13670225254906757,mogi,Quận 1,Nhà phố,Nhà phố/nhà ở,Phường Nguyễn Thái Bình,88,8,397727272.72727275
sale,Tuned RF/XGBoost Ensemble,2104999999.999998,9268723088.32427,7163723088.324272,3.403193866187306,mogi,Quận 10,Phòng/Cho thuê,Phòng trọ,Phường 12,107,2,19672897.19626168
sale,Tuned RF/XGBoost Ensemble,69899999999.99979,81052414229.48592,11152414229.48613,0.15954812917719835,mogi,Quận 1,Nhà phố,Tòa nhà/văn phòng/mặt bằng,Phường Tân Định,145,5,482068965.51724136
sale,Tuned RF/XGBoost Ensemble,5199999999.999992,4309057013.781852,890942986.2181406,0.171335189657335,mogi,Quận Phú Nhuận,Căn hộ,Căn hộ,Phường 9,75,2,69333333.33333333
sale,Tuned RF/XGBoost Ensemble,14900000000.000017,14671065789.818253,228934210.1817646,0.015364712092735862,mogi,Quận Gò Vấp,Bất động sản khác,Nhà phố/nhà ở,Phường 16,131,15,113740458.01526718
sale,Tuned RF/XGBoost Ensemble,44999999999.999886,54261538879.61826,9261538879.618378,0.20581197510263113,mogi,Quận Bình Thạnh,Nhà phố,Nhà phố/nhà ở,Phường 25,165,5,272727272.72727275
sale,Tuned RF/XGBoost Ensemble,123000000000,146265065488.46936,23265065488.46936,0.1891468738899948,mogi,Quận Bình Thạnh,Nhà phố,Nhà phố/nhà ở,Phường 14,610,3,201639344.26229507
sale,Tuned RF/XGBoost Ensemble,28999999999.999992,27566653890.42163,1433346109.5783615,0.049425727916495237,mogi,Thành phố Thủ Đức,Nhà phố,Nhà phố/nhà ở,Phường Thạnh Mỹ Lợi,112,8,258928571.42857143
sale,Tuned RF/XGBoost Ensemble,1499999999.999998,1934080861.0835445,434080861.0835464,0.28938724072236466,mogi,Quận Tân Phú,Căn hộ,Căn hộ,Phường Phú Thạnh,45,1,33333333.333333332
sale,Tuned RF/XGBoost Ensemble,32899999999.999973,32760221363.053406,139778636.94656754,0.004248590788649473,mogi,Quận 1,Nhà phố,Nhà phố/nhà ở,Phường Tân Định,70,10,470000000
sale,Tuned RF/XGBoost Ensemble,38999999999.99996,37768217320.797615,1231782679.2023468,0.03158417126159867,mogi,Quận 1,Nhà phố,Nhà phố/nhà ở,Phường Tân Định,53,8,735849056.6037736
sale,Tuned RF/XGBoost Ensemble,1484999999.9999936,3542046990.778894,2057046990.7789004,1.3852168288073463,mogi,Quận Tân Phú,Căn hộ,Căn hộ,Phường Hòa Thạnh,86,3,17267441.860465117
sale,Tuned RF/XGBoost Ensemble,2325000000,5429361392.766574,3104361392.766574,1.3352092011899244,mogi,Quận Bình Thạnh,Bất động sản khác,Khác,Phường 22,89,2,26123595.505617976
sale,Tuned RF/XGBoost Ensemble,27999999999.999973,33431719981.36394,5431719981.363968,0.19398999933442762,mogi,Quận Bình Thạnh,Nhà phố,Nhà phố/nhà ở,Phường 12,175,8,160000000
sale,Tuned RF/XGBoost Ensemble,34499999999.99999,32529323922.421295,1970676077.5786972,0.05712104572691877,mogi,Quận 1,Nhà phố,Nhà phố/nhà ở,Phường Tân Định,85,12,405882352.9411765
sale,Tuned RF/XGBoost Ensemble,3650000000,2825502443.013251,824497556.9867492,0.22588974164020525,mogi,Quận Tân Bình,Căn hộ,Căn hộ,Phường 15,65,2,56153846.15384615
sale,Tuned RF/XGBoost Ensemble,4399000000,4032193473.6538815,366806526.34611845,0.08338407054924266,mogi,Quận Tân Phú,Căn hộ,Căn hộ,Phường Sơn Kỳ,80,3,54987500
sale,Tuned RF/XGBoost Ensemble,2660000000.0000005,6150444284.496383,3490444284.496382,1.3121970994347298,mogi,Quận 7,Căn hộ,Căn hộ,Phường Phú Mỹ,124,3,21451612.90322581
sale,Tuned RF/XGBoost Ensemble,55000000000.00008,92233810620.70618,37233810620.7061,0.6769783749219281,mogi,Quận 10,Nhà phố,Tòa nhà/văn phòng/mặt bằng,Phường 12,230,7,239130434.7826087
sale,Tuned RF/XGBoost Ensemble,5199999999.999992,3901626612.268149,1298373387.7318435,0.2496871899484318,mogi,Quận Tân Bình,Căn hộ,Căn hộ,Phường 13,82,2,63414634.146341465
sale,Tuned RF/XGBoost Ensemble,1525000000.0000026,4081242585.5713773,2556242585.571375,1.6762246462763086,mogi,Huyện Bình Chánh,Bất động sản khác,Khác,Xã Bình Hưng,76,3,20065789.47368421
sale,Tuned RF/XGBoost Ensemble,2150000000.000002,2371599681.4836044,221599681.48360252,0.10306961929469875,mogi,Quận Bình Tân,Căn hộ,Căn hộ,Phường An Lạc,80,2,26875000
sale,Tuned RF/XGBoost Ensemble,4789000000.0000105,6124951409.969719,1335951409.9697084,0.2789624994716445,mogi,Quận Tân Phú,Căn hộ,Căn hộ,Phường Sơn Kỳ,127,3,37708661.41732284
sale,Tuned RF/XGBoost Ensemble,2473000000,4349657366.116157,1876657366.1161566,0.7588586195374672,mogi,Quận 7,Căn hộ,Căn hộ,Phường Tân Phú,89,2,27786516.853932586
sale,Tuned RF/XGBoost Ensemble,58000000000.0001,49206361831.21945,8793638168.780647,0.15161445118587297,mogi,Quận Tân Bình,Nhà phố,Nhà phố/nhà ở,Phường 2,185,1,313513513.5135135
sale,Tuned RF/XGBoost Ensemble,25000000000.000034,27067266617.127823,2067266617.1277885,0.08269066468511142,mogi,Quận Tân Bình,Nhà phố,Nhà phố/nhà ở,Phường 3,130,6,192307692.30769232
sale,Tuned RF/XGBoost Ensemble,95000000000.00005,50513950085.92309,44486049914.07696,0.4682742096218625,mogi,Quận 5,Nhà phố,Nhà phố/nhà ở,Phường 8,245,4,387755102.0408163
sale,Tuned RF/XGBoost Ensemble,1494999999.9999998,3084251506.389908,1589251506.389908,1.0630444858795374,mogi,Quận Phú Nhuận,Nhà phố,Nhà phố/nhà ở,Phường 13,15,2,99666666.66666669
sale,Tuned RF/XGBoost Ensemble,36999999999.99996,35478345604.36747,1521654395.632492,0.04112579447655388,mogi,Quận 3,Nhà phố,Nhà phố/nhà ở,Phường 14,82,5,451219512.19512194
sale,Tuned RF/XGBoost Ensemble,2925000000.0000024,4897081378.053533,1972081378.0535302,0.6742158557447961,mogi,Quận Phú Nhuận,Nhà phố,Nhà phố/nhà ở,Phường 10,32,4,91406250
sale,Tuned RF/XGBoost Ensemble,37899999999.99999,33279459593.97832,4620540406.021671,0.12191399488183832,mogi,Quận 1,Nhà phố,Nhà phố/nhà ở,Phường Tân Định,68,5,557352941.1764706
sale,Tuned RF/XGBoost Ensemble,2980000000.000008,2586369014.2815366,393630985.7184715,0.13209093480485587,mogi,Quận Tân Phú,Căn hộ,Căn hộ,Phường Phú Trung,53,2,56226415.094339624
sale,Tuned RF/XGBoost Ensemble,1675000000.000002,4602703657.376027,2927703657.376025,1.7478827805229982,mogi,Quận Phú Nhuận,Bất động sản khác,Biệt thự/cao cấp,Phường 15,30,5,55833333.333333336
sale,Tuned RF/XGBoost Ensemble,8978999999.999994,21211208259.382366,12232208259.382372,1.3623129813322619,mogi,Quận 3,Nhà phố,Nhà phố/nhà ở,Phường 8 (Phường Võ Thị Sáu),64,5,140296875
sale,Tuned RF/XGBoost Ensemble,6220999999.999995,7386919271.506341,1165919271.5063457,0.18741669691469967,mogi,Quận 1,Bất động sản khác,Nhà phố/nhà ở,Phường Tân Định,37,4,168135135.13513514
sale,Tuned RF/XGBoost Ensemble,3299999999.999999,2935349455.781703,364650544.21829605,0.1105001649146352,mogi,Quận Tân Phú,Căn hộ,Căn hộ,Phường Hiệp Tân,65,2,50769230.76923077
sale,Tuned RF/XGBoost Ensemble,6699999999.999999,8709424901.728079,2009424901.7280798,0.2999141644370269,mogi,Thành phố Thủ Đức,Phòng/Cho thuê,Phòng trọ,Phường Hiệp Phú,91,7,73626373.62637363
sale,Tuned RF/XGBoost Ensemble,26899999999.999996,18979604618.69924,7920395381.300755,0.2944384900111805,mogi,Quận Phú Nhuận,Nhà phố,Nhà phố/nhà ở,Phường 12,80,5,336250000
sale,Tuned RF/XGBoost Ensemble,4100000000.0000052,3130606449.444309,969393550.555696,0.2364374513550475,mogi,Quận Tân Phú,Căn hộ,Căn hộ,Phường Sơn Kỳ,68,2,60294117.64705882
sale,Tuned RF/XGBoost Ensemble,5555000000.000009,13749828110.139204,8194828110.139195,1.4752165814832012,mogi,Quận Bình Thạnh,Bất động sản khác,Khác,Phường 22,150,4,37033333.333333336
sale,Tuned RF/XGBoost Ensemble,2399000000.000003,8000714434.205932,5601714434.205929,2.335020606171706,mogi,Quận Bình Thạnh,Căn hộ,Căn hộ,Phường 22,139,3,17258992.805755395
sale,Tuned RF/XGBoost Ensemble,11200000000.000017,10626598326.54517,573401673.4548473,0.05119657798703986,mogi,Thành phố Thủ Đức,Nhà phố,Nhà phố/nhà ở,Phường Phước Long B,80,12,140000000
sale,Tuned RF/XGBoost Ensemble,1722000000.0000024,3133285659.5664845,1411285659.566482,0.8195619393533566,mogi,Quận 10,Căn hộ,Căn hộ,Phường 14,72,2,23916666.666666668
sale,Tuned RF/XGBoost Ensemble,6113000000.0000105,13149090238.104637,7036090238.104627,1.1510044557671544,mogi,Quận Bình Thạnh,Bất động sản khác,Khác,Phường 22,138,3,44297101.44927536
sale,Tuned RF/XGBoost Ensemble,3566999999.9999976,5419008213.363278,1852008213.3632808,0.5192061153247216,mogi,Quận 4,Căn hộ,Căn hộ,Phường 1,122,3,29237704.918032788
sale,Tuned RF/XGBoost Ensemble,4800000000.000005,5390234965.032918,590234965.0329132,0.12296561771519013,mogi,Quận Bình Thạnh,Nhà phố,Nhà phố/nhà ở,Phường 15,58,2,82758620.68965517
sale,Tuned RF/XGBoost Ensemble,10600000000.000053,10735715200.889462,135715200.8894081,0.012803320838623343,mogi,Quận Bình Thạnh,Đất nền,Đất/đất nền,Phường 11,79,0,134177215.1898734
sale,Tuned RF/XGBoost Ensemble,3099999999.9999986,2306436575.9242244,793563424.0757742,0.25598820131476596,mogi,Quận Phú Nhuận,Căn hộ,Căn hộ,Phường 4,40,2,77500000
sale,Tuned RF/XGBoost Ensemble,5600000000.000005,5454703222.469165,145296777.53083992,0.025945853130507106,mogi,Quận Gò Vấp,Nhà phố,Nhà phố/nhà ở,Phường 4,60,3,93333333.33333331
sale,Tuned RF/XGBoost Ensemble,13400000000.000004,15244202070.994566,1844202070.9945621,0.13762702022347476,mogi,Quận Gò Vấp,Nhà phố,Nhà phố/nhà ở,Phường 3,80,5,167500000
sale,Tuned RF/XGBoost Ensemble,6799999999.999998,4568388699.902276,2231611300.097722,0.32817813236731214,mogi,Quận Bình Thạnh,Bất động sản khác,Khác,Phường 14,52,3,130769230.76923075
sale,Tuned RF/XGBoost Ensemble,9800000000.000006,7459007411.161099,2340992588.8389063,0.2388767947794801,mogi,Thành phố Thủ Đức,Căn hộ,Căn hộ,Phường Hiệp Phú,105,0,93333333.33333331
sale,Tuned RF/XGBoost Ensemble,14800000000.000015,12008973049.168358,2791026950.8316574,0.1885829020832199,mogi,Thành phố Thủ Đức,Nhà phố,Nhà phố/nhà ở,Phường Phước Long B,118,5,125423728.81355932
sale,Tuned RF/XGBoost Ensemble,16500000000.000004,19674535287.86954,3174535287.8695374,0.19239607805269918,mogi,Thành phố Thủ Đức,Đất nền,Đất/đất nền,Phường Phước Long B,201,7,82089552.23880596
sale,Tuned RF/XGBoost Ensemble,9000000000.000015,13056125630.545767,4056125630.5457516,0.4506806256161939,mogi,Thành phố Thủ Đức,Nhà phố,Nhà phố/nhà ở,Phường Long Trường,140,4,64285714.28571428
sale,Tuned RF/XGBoost Ensemble,4000000000.0000157,4884956679.238992,884956679.238976,0.22123916980974312,mogi,Thành phố Thủ Đức,Đất nền,Đất/đất nền,Phường Linh Xuân,68,0,58823529.4117647
sale,Tuned RF/XGBoost Ensemble,12499999999.999949,23194008993.531063,10694008993.531115,0.8555207194824926,mogi,Thành phố Thủ Đức,Đất nền,Đất/đất nền,Phường Tăng Nhơn Phú A,362,2,34530386.74033149
sale,Tuned RF/XGBoost Ensemble,11500000000.000008,11528488966.251518,28488966.25151062,0.002477301413174835,mogi,Quận 7,Đất nền,Đất/đất nền,Phường Phú Thuận,140,0,82142857.14285715
sale,Tuned RF/XGBoost Ensemble,15299999999.999994,16016284712.295689,716284712.2956944,0.04681599426769246,mogi,Quận 7,Đất nền,Đất/đất nền,Phường Tân Quy,84,0,182142857.14285713
sale,Tuned RF/XGBoost Ensemble,24499999999.999966,21206579872.303776,3293420127.69619,0.13442531133453856,mogi,Quận 7,Nhà phố,Tòa nhà/văn phòng/mặt bằng,Phường Phú Thuận,140,20,175000000
sale,Tuned RF/XGBoost Ensemble,12899999999.999996,11138679479.869745,1761320520.130251,0.13653647442870168,mogi,Quận 7,Bất động sản khác,Nhà phố/nhà ở,Phường Tân Thuận Đông,170,11,75882352.94117647
sale,Tuned RF/XGBoost Ensemble,16800000000.000029,6182028975.778611,10617971024.221416,0.6320220847750833,mogi,Quận 7,Bất động sản khác,Khác,Phường Phú Mỹ,100,4,168000000
sale,Tuned RF/XGBoost Ensemble,20899999999.99998,26094237349.32249,5194237349.32251,0.24852810283839782,mogi,Quận 7,Nhà phố,Nhà phố/nhà ở,Phường Tân Phú,175,4,119428571.42857143
sale,Tuned RF/XGBoost Ensemble,17899999999.999977,18876517283.489,976517283.4890213,0.054554038183744276,mogi,Huyện Nhà Bè,Bất động sản khác,Nhà phố/nhà ở,Không rõ,200,1,89500000
sale,Tuned RF/XGBoost Ensemble,12899999999.999996,14257260987.792286,1357260987.7922897,0.10521403006141784,mogi,Huyện Nhà Bè,Nhà phố,Nhà phố/nhà ở,Xã Phú Xuân,135,4,95555555.55555557
sale,Tuned RF/XGBoost Ensemble,25000000000.000034,22279197097.89937,2720802902.100666,0.10883211608402649,mogi,Thành phố Thủ Đức,Nhà phố,Nhà phố/nhà ở,Phường An Khánh,90,5,277777777.7777778
sale,Tuned RF/XGBoost Ensemble,42499999999.999985,69661784450.03622,27161784450.03624,0.6391008105890882,mogi,Huyện Nhà Bè,Nhà phố,Biệt thự/cao cấp,Không rõ,624,4,68108974.35897435
sale,Tuned RF/XGBoost Ensemble,13100000000.000057,13928294740.327648,828294740.327591,0.06322860613187689,mogi,Quận 7,Bất động sản khác,Nhà phố/nhà ở,Phường Tân Thuận Tây,125,20,104800000
sale,Tuned RF/XGBoost Ensemble,21000000000.000084,36263012525.1705,15263012525.170418,0.7268101202462075,mogi,Thành phố Thủ Đức,Bất động sản khác,Nhà phố/nhà ở,Phường Bình Trưng Tây,245,1,85714285.71428572
sale,Tuned RF/XGBoost Ensemble,15800000000.000023,15165108864.16659,634891135.8334332,0.040182983280596975,mogi,Quận 7,Đất nền,Đất/đất nền,Phường Tân Phong,90,0,175555555.55555555
sale,Tuned RF/XGBoost Ensemble,12999999999.999989,16184412936.416805,3184412936.4168167,0.24495484126283226,mogi,Thành phố Thủ Đức,Bất động sản khác,Nhà phố/nhà ở,Phường Bình Trưng Tây,96,5,135416666.66666666
sale,Tuned RF/XGBoost Ensemble,12899999999.999996,15170076110.625406,2270076110.62541,0.17597489229654348,mogi,Thành phố Thủ Đức,Nhà phố,Nhà phố/nhà ở,Phường Bình Trưng Tây,105,7,122857142.85714284
sale,Tuned RF/XGBoost Ensemble,4599999999.999997,2547784566.9400268,2052215433.0599704,0.446133789795646,mogi,Quận Tân Bình,Căn hộ,Căn hộ,Phường 13,54,2,85185185.18518518
sale,Tuned RF/XGBoost Ensemble,12899999999.999996,16830088903.276604,3930088903.2766075,0.30465805451756656,mogi,Quận 7,Nhà phố,Nhà phố/nhà ở,Phường Bình Thuận,153,4,84313725.49019608
sale,Tuned RF/XGBoost Ensemble,12499999999.999949,13440011350.426306,940011350.4263573,0.0752009080341089,mogi,Quận 7,Nhà phố,Nhà phố/nhà ở,Phường Tân Hưng,125,5,100000000
sale,Tuned RF/XGBoost Ensemble,4349999999.999993,4990163605.08859,640163605.0885963,0.14716404714680398,mogi,Thành phố Thủ Đức,Đất nền,Đất/đất nền,Phường Tăng Nhơn Phú A,62,0,70161290.32258065
sale,Tuned RF/XGBoost Ensemble,4700000000.000007,4608006548.096408,91993451.90359879,0.019573074873106097,mogi,Quận Bình Thạnh,Nhà phố,Nhà phố/nhà ở,Phường 5,53,3,88679245.28301887
sale,Tuned RF/XGBoost Ensemble,17899999999.999977,18775491500.747425,875491500.747448,0.048910139706561405,mogi,Huyện Nhà Bè,Bất động sản khác,Nhà phố/nhà ở,Không rõ,220,1,81363636.36363636
sale,Tuned RF/XGBoost Ensemble,12499999999.999949,9268066452.7591,3231933547.2408485,0.25855468377926893,mogi,Thành phố Thủ Đức,Nhà phố,Nhà phố/nhà ở,Phường Tăng Nhơn Phú B,100,5,125000000
sale,Tuned RF/XGBoost Ensemble,5800000000,4756397470.60298,1043602529.3970203,0.17993147058569317,mogi,Quận Gò Vấp,Nhà phố,Nhà phố/nhà ở,Phường 5,43,3,134883720.93023255
sale,Tuned RF/XGBoost Ensemble,8899999999.999985,10210024083.014145,1310024083.0141602,0.14719371719260252,mogi,Thành phố Thủ Đức,Đất nền,Đất/đất nền,Phường Phước Long B,110,0,80909090.9090909
sale,Tuned RF/XGBoost Ensemble,3299999999.999999,3000567835.8703446,299432164.1296544,0.09073701943322864,mogi,Quận Gò Vấp,Nhà phố,Nhà phố/nhà ở,Phường 3,32,2,103125000
sale,Tuned RF/XGBoost Ensemble,12499999999.999949,13953922465.865082,1453922465.8651333,0.11631379726921114,mogi,Quận 7,Nhà phố,Nhà phố/nhà ở,Phường Tân Phú,110,6,113636363.63636364
sale,Tuned RF/XGBoost Ensemble,16500000000.000004,24570109853.465992,8070109853.465988,0.48909756687672645,mogi,Quận 7,Bất động sản khác,Khác,Phường Phú Thuận,205,36,80487804.87804878
sale,Tuned RF/XGBoost Ensemble,75000000000.00018,56735182649.91137,18264817350.088814,0.24353089800118358,mogi,Quận 7,Bất động sản khác,Nhà phố/nhà ở,Phường Bình Thuận,440,2,170454545.45454547
sale,Tuned RF/XGBoost Ensemble,6199999999.999969,5979180658.448882,220819341.55108643,0.03561602283082057,mogi,Thành phố Thủ Đức,Đất nền,Đất/đất nền,Phường Tăng Nhơn Phú A,80,0,77500000
sale,Tuned RF/XGBoost Ensemble,15999999999.999983,18638236674.375122,2638236674.375139,0.16488979214844637,mogi,Quận 7,Bất động sản khác,Nhà phố/nhà ở,Phường Tân Quy,116,2,137931034.4827586
sale,Tuned RF/XGBoost Ensemble,7350000000.000012,6445637962.843158,904362037.1568546,0.123042454034946,mogi,Thành phố Thủ Đức,Nhà phố,Nhà phố/nhà ở,Phường Tăng Nhơn Phú A,51,4,144117647.05882353
sale,Tuned RF/XGBoost Ensemble,8799999999.999994,8217982950.151644,582017049.8483505,0.06613830111913079,mogi,Thành phố Thủ Đức,Nhà phố,Nhà phố/nhà ở,Phường Tăng Nhơn Phú A,96,6,91666666.66666669
sale,Tuned RF/XGBoost Ensemble,17800000000.000015,16772352273.60738,1027647726.3926353,0.05773301833666486,mogi,Huyện Nhà Bè,Đất nền,Đất/đất nền,Không rõ,200,0,89000000
sale,Tuned RF/XGBoost Ensemble,5199999999.999992,6452082770.36385,1252082770.3638573,0.24078514814689597,mogi,Huyện Nhà Bè,Đất nền,Đất/đất nền,Không rõ,90,0,57777777.777777776
sale,Tuned RF/XGBoost Ensemble,19900000000.000034,24712847496.744026,4812847496.743992,0.24185163300221024,mogi,Quận 7,Nhà phố,Nhà phố/nhà ở,Phường Phú Thuận,200,5,99500000
sale,Tuned RF/XGBoost Ensemble,9200000000.000013,10040545725.392729,840545725.3927155,0.0913636658035559,mogi,Quận 7,Bất động sản khác,Nhà phố/nhà ở,Phường Phú Mỹ,168,7,54761904.76190476
sale,Tuned RF/XGBoost Ensemble,6999999999.99999,8303927922.05366,1303927922.05367,0.18627541743623882,mogi,Thành phố Thủ Đức,Đất nền,Đất/đất nền,Phường Tân Phú,105,0,66666666.666666664
sale,Tuned RF/XGBoost Ensemble,11450000000.000013,11143366691.633776,306633308.36623764,0.02678020160403819,mogi,Quận 7,Phòng/Cho thuê,Phòng trọ,Phường Tân Thuận Tây,140,8,81785714.28571428
sale,Tuned RF/XGBoost Ensemble,5600000000.000005,5806759128.021875,206759128.0218706,0.03692127286104829,mogi,Thành phố Thủ Đức,Đất nền,Đất/đất nền,Phường Tăng Nhơn Phú A,75,0,74666666.66666667
sale,Tuned RF/XGBoost Ensemble,8799999999.999994,9536803448.01994,736803448.0199451,0.0837276645477211,mogi,Thành phố Thủ Đức,Căn hộ,Căn hộ,Phường Tăng Nhơn Phú A,97,6,90721649.48453608
sale,Tuned RF/XGBoost Ensemble,4349999999.999993,5301083807.4943695,951083807.4943762,0.21863995574583395,mogi,Thành phố Thủ Đức,Nhà phố,Nhà phố/nhà ở,Phường Tăng Nhơn Phú A,76,2,57236842.10526316
sale,Tuned RF/XGBoost Ensemble,5600000000.000005,5812607348.325635,212607348.3256302,0.037965597915291076,mogi,Quận Bình Tân,Nhà phố,Biệt thự/cao cấp,Phường Tân Tạo,52,4,107692307.6923077
sale,Tuned RF/XGBoost Ensemble,6990000000.0000105,10827969194.678062,3837969194.678052,0.549065693086988,mogi,Quận Bình Tân,Nhà phố,Nhà phố/nhà ở,Phường Bình Trị Đông,125,2,55920000
sale,Tuned RF/XGBoost Ensemble,4499999999.999999,4477467831.452776,22532168.54722309,0.0050071485660495765,mogi,Quận Bình Tân,Nhà phố,Nhà phố/nhà ở,Phường An Lạc,46,2,97826086.95652172
sale,Tuned RF/XGBoost Ensemble,7200000000,8986172100.923891,1786172100.923891,0.24807945846165153,mogi,Quận Bình Tân,Nhà phố,Nhà phố/nhà ở,Phường Bình Hưng Hòa,80,3,90000000
sale,Tuned RF/XGBoost Ensemble,5149999999.999993,5578291712.891785,428291712.89179134,0.08316343939646445,mogi,Quận Bình Tân,Nhà phố,Nhà phố/nhà ở,Phường Bình Hưng Hòa A,58,3,88793103.44827586
sale,Tuned RF/XGBoost Ensemble,3650000000,3066685452.005038,583314547.9949622,0.15981220493012663,mogi,Quận 6,Căn hộ,Căn hộ,Phường 11,86,2,42441860.46511628
sale,Tuned RF/XGBoost Ensemble,6799999999.999998,8386179494.478553,1586179494.4785547,0.2332616903644934,mogi,Quận 12,Đất nền,Đất/đất nền,Phường Thới An,115,0,59130434.782608695
sale,Tuned RF/XGBoost Ensemble,3599999999.9999967,2925062810.6053157,674937189.394681,0.18748255260963378,mogi,Quận 12,Nhà phố,Nhà phố/nhà ở,Phường Đông Hưng Thuận,36,2,100000000
sale,Tuned RF/XGBoost Ensemble,3899999999.9999948,3551297797.2577424,348702202.74225235,0.08941082121596226,mogi,Quận 12,Đất nền,Đất/đất nền,Phường Trung Mỹ Tây,51,0,76470588.23529412
sale,Tuned RF/XGBoost Ensemble,7980000000.000013,8861416766.715464,881416766.7154503,0.11045322891171037,mogi,Quận 12,Đất nền,Đất/đất nền,Phường Tân Hưng Thuận,90,0,88666666.66666667
sale,Tuned RF/XGBoost Ensemble,9499999999.999992,5243382338.436032,4256617661.56396,0.448065017006733,mogi,Quận 7,Căn hộ,Căn hộ,Phường Phú Mỹ,92,3,103260869.5652174
sale,Tuned RF/XGBoost Ensemble,50999999999.99996,43459771273.99684,7540228726.00312,0.14784762207849267,mogi,Quận 12,Nhà phố,Nhà phố/nhà ở,Phường Tân Thới Nhất,375,1,136000000
sale,Tuned RF/XGBoost Ensemble,44999999999.999886,40985693298.33244,4014306701.6674423,0.08920681559261005,mogi,Quận 7,Nhà phố,Tòa nhà/văn phòng/mặt bằng,Phường Tân Phú,213,0,211267605.63380283
sale,Tuned RF/XGBoost Ensemble,8600000000.000008,8162763258.60845,437236741.3915577,0.05084148155715783,mogi,Quận 12,Nhà phố,Nhà phố/nhà ở,Phường Tân Thới Nhất,110,2,78181818.18181819
sale,Tuned RF/XGBoost Ensemble,5349999999.99998,4116451119.464907,1233548880.5350728,0.230569884212164,mogi,Quận 12,Nhà phố,Nhà phố/nhà ở,Phường Tân Chánh Hiệp,48,3,111458333.33333331
sale,Tuned RF/XGBoost Ensemble,2299999999.9999924,3317067753.861263,1017067753.8612704,0.4422033712440321,mogi,Quận 3,Căn hộ,Căn hộ,Phường 1,45,2,51111111.11111111
sale,Tuned RF/XGBoost Ensemble,10999999999.999989,8551517352.800006,2448482647.1999826,0.22258933156363503,mogi,Quận 12,Nhà phố,Nhà phố/nhà ở,Phường Tân Hưng Thuận,80,4,137500000
sale,Tuned RF/XGBoost Ensemble,8990000000.00001,6230368417.704067,2759631582.2959423,0.306966805594654,mogi,Quận 3,Nhà phố,Nhà phố/nhà ở,Phường 4,32,2,280937500
sale,Tuned RF/XGBoost Ensemble,21000000000.000084,17934868619.23894,3065131380.7611427,0.14595863717910146,mogi,Quận 7,Nhà phố,Tòa nhà/văn phòng/mặt bằng,Phường Tân Phú,100,0,210000000
sale,Tuned RF/XGBoost Ensemble,25000000000.000034,31264506436.093452,6264506436.093418,0.25058025744373635,mogi,Quận 3,Nhà phố,Nhà phố/nhà ở,Phường 2,75,3,333333333.3333333
sale,Tuned RF/XGBoost Ensemble,11999999999.999998,15721401249.506445,3721401249.506447,0.31011677079220396,mogi,Quận 7,Nhà phố,Tòa nhà/văn phòng/mặt bằng,Phường Tân Phú,67,0,179104477.6119403
sale,Tuned RF/XGBoost Ensemble,5199999999.999992,5919161882.909646,719161882.9096537,0.13830036209801053,mogi,Quận 12,Nhà phố,Nhà phố/nhà ở,Phường Tân Thới Nhất,100,2,52000000
sale,Tuned RF/XGBoost Ensemble,7500000000.0000105,6833109762.210788,666890237.7892227,0.08891869837189624,mogi,Quận 12,Nhà phố,Nhà phố/nhà ở,Phường Tân Hưng Thuận,82,4,91463414.63414636
sale,Tuned RF/XGBoost Ensemble,11500000000.000008,9088229259.498514,2411770740.5014935,0.20971919482621668,mogi,Quận 3,Nhà phố,Nhà phố/nhà ở,Phường 4,30,2,383333333.3333333
sale,Tuned RF/XGBoost Ensemble,5400000000.000001,6035120842.32045,635120842.3204489,0.11761497080008311,mogi,Quận 12,Nhà phố,Nhà phố/nhà ở,Phường Tân Hưng Thuận,52,4,103846153.84615384
sale,Tuned RF/XGBoost Ensemble,8400000000.000014,6248921139.4772835,2151078860.522731,0.2560808167288961,mogi,Quận 7,Bất động sản khác,Khác,Phường Tân Phú,102,2,82352941.1764706
sale,Tuned RF/XGBoost Ensemble,10899999999.99998,9571238532.11516,1328761467.884821,0.12190472182429571,mogi,Quận 12,Nhà phố,Nhà phố/nhà ở,Phường Tân Hưng Thuận,75,4,145333333.33333334
sale,Tuned RF/XGBoost Ensemble,16300000000.00002,17738347838.761997,1438347838.7619781,0.08824219869705377,mogi,Quận 7,Bất động sản khác,Biệt thự/cao cấp,Phường Tân Phong,136,2,119852941.1764706
sale,Tuned RF/XGBoost Ensemble,12999999999.999989,25730370890.32241,12730370890.322422,0.9792592992555718,mogi,Quận 12,Bất động sản khác,Khác,Phường Đông Hưng Thuận,286,1,45454545.45454545
sale,Tuned RF/XGBoost Ensemble,5100000000.000008,4199277996.1426926,900722003.8573151,0.1766121576190811,mogi,Quận Tân Phú,Căn hộ,Căn hộ,Phường Hòa Thạnh,100,3,51000000
sale,Tuned RF/XGBoost Ensemble,5048999999.999991,5636527519.60084,587527519.6008482,0.11636512568842329,mogi,Quận 3,Nhà phố,Nhà phố/nhà ở,Phường 4,23,3,219521739.1304348
sale,Tuned RF/XGBoost Ensemble,6999999999.99999,7422123982.819088,422123982.8190975,0.06030342611701402,mogi,Quận 12,Nhà phố,Nhà phố/nhà ở,Phường Đông Hưng Thuận,82,1,85365853.65853658
sale,Tuned RF/XGBoost Ensemble,15949999999.999962,10299475240.23274,5650524759.767221,0.3542648752205163,mogi,Quận 3,Nhà phố,Nhà phố/nhà ở,Phường 1,56,4,284821428.5714286
sale,Tuned RF/XGBoost Ensemble,7100000000.000022,7547689577.784967,447689577.7849455,0.06305487011055551,mogi,Quận 12,Đất nền,Đất/đất nền,Phường Tân Thới Nhất,90,0,78888888.8888889
sale,Tuned RF/XGBoost Ensemble,8990000000.00001,8361566907.812773,628433092.1872368,0.06990356976498734,mogi,Quận 3,Nhà phố,Nhà phố/nhà ở,Phường 11,36,3,249722222.2222222
sale,Tuned RF/XGBoost Ensemble,14500000000.00002,13510890196.547485,989109803.4525337,0.06821446920362292,mogi,Thành phố Thủ Đức,Đất nền,Đất/đất nền,Phường Cát Lái,130,0,111538461.53846154
sale,Tuned RF/XGBoost Ensemble,6500000000.000007,5792774949.307658,707225050.6923485,0.10880385395266888,mogi,Quận 3,Nhà phố,Nhà phố/nhà ở,Phường 9,42,2,154761904.76190478
sale,Tuned RF/XGBoost Ensemble,7989999999.999993,9687730600.590408,1697730600.590415,0.212481927483156,mogi,Quận 12,Nhà phố,Nhà phố/nhà ở,Phường Tân Chánh Hiệp,96,4,83229166.66666667
sale,Tuned RF/XGBoost Ensemble,46000000000.000046,47690095984.801,1690095984.8009567,0.03674121706089033,mogi,Thành phố Thủ Đức,Nhà phố,Biệt thự/cao cấp,Phường Bình Trưng Tây,200,6,230000000
sale,Tuned RF/XGBoost Ensemble,12499999999.999949,8815127435.230448,3684872564.7695007,0.2947898051815613,mogi,Quận 10,Nhà phố,Nhà phố/nhà ở,Phường 12,48,6,260416666.66666663
sale,Tuned RF/XGBoost Ensemble,16800000000.000029,9841855199.558174,6958144800.4418545,0.4141752857405859,mogi,Quận 3,Nhà phố,Nhà phố/nhà ở,Phường 1,62,4,270967741.9354839
sale,Tuned RF/XGBoost Ensemble,4200000000.0000005,6392421515.955185,2192421515.9551845,0.5220051228464724,mogi,Quận Bình Tân,Đất nền,Đất/đất nền,Phường Bình Hưng Hòa,91,0,46153846.15384615
sale,Tuned RF/XGBoost Ensemble,5299999999.999993,4779420713.459829,520579286.540164,0.09822250689437069,mogi,Quận Tân Phú,Căn hộ,Căn hộ,Phường Tân Thành,104,3,50961538.461538464
sale,Tuned RF/XGBoost Ensemble,7700000000.0000105,8367081735.669919,667081735.6699085,0.08663399164544255,mogi,Quận 12,Nhà phố,Nhà phố/nhà ở,Phường Đông Hưng Thuận,100,1,77000000
sale,Tuned RF/XGBoost Ensemble,13500000000.000013,13600706420.598198,100706420.59818459,0.0074597348591247765,mogi,Quận 10,Nhà phố,Nhà phố/nhà ở,Phường 12,45,8,300000000
sale,Tuned RF/XGBoost Ensemble,7300000000.000019,4237395062.7449174,3062604937.2551017,0.41953492291165667,mogi,Quận 12,Đất nền,Đất/đất nền,Phường Tân Hưng Thuận,52,0,140384615.3846154
sale,Tuned RF/XGBoost Ensemble,6900000000.000009,6848037561.068045,51962438.93196392,0.007530788251009254,mogi,Quận 12,Nhà phố,Nhà phố/nhà ở,Phường Đông Hưng Thuận,96,4,71875000
sale,Tuned RF/XGBoost Ensemble,4200000000.0000005,3533986806.0442543,666013193.9557462,0.15857456998946334,mogi,Quận 12,Nhà phố,Nhà phố/nhà ở,Phường Tân Thới Nhất,45,2,93333333.33333331
sale,Tuned RF/XGBoost Ensemble,7300000000.000019,6886632319.295197,413367680.70482254,0.05662570968559198,mogi,Quận 12,Nhà phố,Nhà phố/nhà ở,Phường Tân Thới Nhất,52,4,140384615.3846154
sale,Tuned RF/XGBoost Ensemble,6999999999.99999,7350039090.392585,350039090.39259434,0.05000558434179926,mogi,Quận 12,Nhà phố,Nhà phố/nhà ở,Phường Tân Thới Nhất,108,3,64814814.81481481
sale,Tuned RF/XGBoost Ensemble,44548000000.00003,37368054707.3534,7179945292.646629,0.16117323544595996,mogi,Thành phố Thủ Đức,Đất nền,Đất/đất nền,Phường Bình Trưng Đông,318,0,140088050.3144654
sale,Tuned RF/XGBoost Ensemble,24000000000.00005,23564183713.14094,435816286.859108,0.018159011952462795,mogi,Thành phố Thủ Đức,Nhà phố,Nhà phố/nhà ở,Phường Cát Lái,160,6,150000000
sale,Tuned RF/XGBoost Ensemble,26990000000.000034,48280636288.67622,21290636288.67619,0.7888342455974866,mogi,Thành phố Thủ Đức,Đất nền,Đất/đất nền,Phường Bình Trưng Tây,309,5,87346278.3171521
sale,Tuned RF/XGBoost Ensemble,15999999999.999983,12778283522.327423,3221716477.6725597,0.2013572798545352,mogi,Thành phố Thủ Đức,Nhà phố,Nhà phố/nhà ở,Phường Bình Trưng Đông,108,4,148148148.14814815
sale,Tuned RF/XGBoost Ensemble,8500000000.0000105,7857487111.952197,642512888.0478134,0.07558975153503678,mogi,Quận 6,Bất động sản khác,Khác,Phường 10,60,4,141666666.66666666
sale,Tuned RF/XGBoost Ensemble,7599999999.999994,5949330567.674375,1650669432.3256197,0.21719334635863433,mogi,Thành phố Thủ Đức,Nhà phố,Nhà phố/nhà ở,Phường Bình Trưng Tây,50,4,152000000
sale,Tuned RF/XGBoost Ensemble,35999999999.99984,25309563030.037533,10690436969.962307,0.2969565824989543,mogi,Quận 6,Nhà phố,Nhà phố/nhà ở,Phường 4,156,6,230769230.7692308
sale,Tuned RF/XGBoost Ensemble,2150000000.000002,2113405369.1159284,36594630.884073496,0.017020758550731842,mogi,Quận Gò Vấp,Căn hộ,Căn hộ,Phường 1,51,2,42156862.74509804
sale,Tuned RF/XGBoost Ensemble,3099999999.9999986,2778335097.619314,321664902.3806844,0.10376287173570468,mogi,Quận Tân Phú,Căn hộ,Căn hộ,Phường Hòa Thạnh,64,2,48437500
sale,Tuned RF/XGBoost Ensemble,9400000000.000002,11098149299.186356,1698149299.1863537,0.18065418076450568,mogi,Quận 6,Nhà phố,Nhà phố/nhà ở,Phường 10,64,4,146875000
sale,Tuned RF/XGBoost Ensemble,55000000000.00008,44910030852.71249,10089969147.28759,0.18345398449613776,mogi,Quận Bình Tân,Đất nền,Đất/đất nền,Phường Bình Trị Đông B,400,5,137500000
sale,Tuned RF/XGBoost Ensemble,8200000000.000003,8382025291.861796,182025291.86179352,0.02219820632460896,mogi,Quận Bình Tân,Nhà phố,Nhà phố/nhà ở,Phường Bình Trị Đông B,64,4,128125000
sale,Tuned RF/XGBoost Ensemble,26999999999.99998,21293690983.671764,5706309016.328217,0.2113447783825267,mogi,Quận Bình Tân,Nhà phố,Nhà phố/nhà ở,Phường Bình Trị Đông B,120,5,225000000
sale,Tuned RF/XGBoost Ensemble,11800000000.000002,14090065920.738426,2290065920.7384243,0.19407338311342576,mogi,Quận 6,Nhà phố,Nhà phố/nhà ở,Phường 10,90,5,131111111.1111111
sale,Tuned RF/XGBoost Ensemble,11190000000.00001,18324347318.136433,7134347318.136423,0.6375645503249703,mogi,Quận Phú Nhuận,Nhà phố,Nhà phố/nhà ở,Phường 11,80,6,139875000
sale,Tuned RF/XGBoost Ensemble,47000000000.00003,31149931694.612053,15850068305.387978,0.33723549585931845,mogi,Quận Bình Tân,Nhà phố,Nhà phố/nhà ở,Phường Bình Trị Đông B,200,9,235000000
sale,Tuned RF/XGBoost Ensemble,4999999999.999992,2955083518.6172295,2044916481.382763,0.4089832962765532,mogi,Quận Tân Bình,Căn hộ,Căn hộ,Phường 2,58,1,86206896.55172414
sale,Tuned RF/XGBoost Ensemble,23899999999.999992,29291642729.065258,5391642729.065266,0.22559174598599446,mogi,Quận Bình Tân,Nhà phố,Biệt thự/cao cấp,Phường Bình Trị Đông B,168,4,142261904.76190478
sale,Tuned RF/XGBoost Ensemble,8699999999.999987,11653340514.331486,2953340514.331499,0.3394644269346556,mogi,Quận Bình Tân,Nhà phố,Nhà phố/nhà ở,Phường An Lạc A,85,3,102352941.1764706
sale,Tuned RF/XGBoost Ensemble,8200000000.000003,6899906905.952483,1300093094.0475197,0.15854793829847796,mogi,Quận 6,Nhà phố,Nhà phố/nhà ở,Phường 11,42,3,195238095.2380952
sale,Tuned RF/XGBoost Ensemble,8500000000.0000105,7358251598.088991,1141748401.9110193,0.13432334140129623,mogi,Quận 6,Nhà phố,Nhà phố/nhà ở,Phường 9,59,3,144067796.6101695
sale,Tuned RF/XGBoost Ensemble,2800000000.000003,2633871805.0390143,166128194.96098852,0.05933149820035298,mogi,Quận Tân Phú,Căn hộ,Căn hộ,Phường Hòa Thạnh,52,1,53846153.84615385
sale,Tuned RF/XGBoost Ensemble,17999999999.99997,16467008241.38621,1532991758.61376,0.0851662088118757,mogi,Quận Bình Tân,Nhà phố,Nhà phố/nhà ở,Phường An Lạc A,146,0,123287671.23287672
sale,Tuned RF/XGBoost Ensemble,10899999999.99998,12934567037.203615,2034567037.2036343,0.1866575263489576,mogi,Quận Bình Tân,Nhà phố,Nhà phố/nhà ở,Phường Bình Trị Đông B,90,4,121111111.1111111
sale,Tuned RF/XGBoost Ensemble,11999999999.999998,16301482444.987698,4301482444.9876995,0.35845687041564167,mogi,Quận Bình Tân,Đất nền,Đất/đất nền,Phường Bình Trị Đông B,120,0,100000000
sale,Tuned RF/XGBoost Ensemble,9800000000.000006,14308891028.463015,4508891028.463009,0.46009092127173534,mogi,Quận Bình Tân,Đất nền,Đất/đất nền,Phường Bình Trị Đông B,120,0,81666666.66666667
sale,Tuned RF/XGBoost Ensemble,21000000000.000084,26079610475.806274,5079610475.8061905,0.24188621313362715,mogi,Quận 6,Nhà phố,Nhà phố/nhà ở,Phường 13,128,10,164062500
sale,Tuned RF/XGBoost Ensemble,58000000000.0001,41599660699.142815,16400339300.857285,0.28276447070443544,mogi,Quận Tân Bình,Bất động sản khác,Khác,Phường 12,169,6,343195266.2721894
sale,Tuned RF/XGBoost Ensemble,15500000000.00002,20543246208.498142,5043246208.498123,0.3253707231289108,mogi,Quận Bình Tân,Nhà phố,Nhà phố/nhà ở,Phường Bình Trị Đông B,120,5,129166666.66666669
sale,Tuned RF/XGBoost Ensemble,35999999999.99984,23668713391.984406,12331286608.015434,0.34253573911154134,mogi,Quận Tân Bình,Bất động sản khác,Khác,Phường 13,136,10,264705882.3529412
sale,Tuned RF/XGBoost Ensemble,3200000000.000002,3165883006.396294,34116993.60370779,0.010661560501158678,mogi,Quận Tân Phú,Căn hộ,Căn hộ,Phường Phú Thọ Hòa,82,2,39024390.24390244
sale,Tuned RF/XGBoost Ensemble,9499999999.999992,10273180423.294308,773180423.2943153,0.08138741297834905,mogi,Quận Bình Tân,Nhà phố,Nhà phố/nhà ở,Phường Bình Trị Đông B,72,4,131944444.44444443
sale,Tuned RF/XGBoost Ensemble,28999999999.999992,13190076224.829622,15809923775.17037,0.5451697853507026,mogi,Quận Phú Nhuận,Nhà phố,Nhà phố/nhà ở,Phường 15,75,14,386666666.6666667
sale,Tuned RF/XGBoost Ensemble,21500000000.000023,18272970593.894238,3227029406.1057854,0.15009439098166427,mogi,Quận Tân Phú,Bất động sản khác,Khác,Phường Tân Thành,134,8,160447761.19402984
sale,Tuned RF/XGBoost Ensemble,15500000000.00002,16067525520.964586,567525520.9645672,0.03661454973964945,mogi,Quận Bình Tân,Nhà phố,Nhà phố/nhà ở,Phường Bình Trị Đông B,100,4,155000000
sale,Tuned RF/XGBoost Ensemble,17000000000.000013,11962707889.943161,5037292110.056852,0.29631130059157934,mogi,Quận Tân Bình,Nhà phố,Nhà phố/nhà ở,Phường 12,80,3,212500000
sale,Tuned RF/XGBoost Ensemble,29999999999.999996,29101755691.107857,898244308.8921394,0.02994147696307132,mogi,Quận Bình Tân,Nhà phố,Nhà phố/nhà ở,Phường Bình Trị Đông B,240,4,125000000
sale,Tuned RF/XGBoost Ensemble,42000000000.00006,59153581594.89701,17153581594.89695,0.40841860940230773,mogi,Quận Tân Bình,Nhà phố,Biệt thự/cao cấp,Phường 2,294,5,142857142.85714287
sale,Tuned RF/XGBoost Ensemble,12399999999.999987,12212197934.830803,187802065.16918373,0.015145327836224512,mogi,Quận Tân Bình,Nhà phố,Nhà phố/nhà ở,Phường 10,60,5,206666666.66666663
sale,Tuned RF/XGBoost Ensemble,7500000000.0000105,9513486569.392746,2013486569.3927355,0.268464875919031,mogi,Quận Tân Bình,Nhà phố,Nhà phố/nhà ở,Phường 14,64,3,117187500
sale,Tuned RF/XGBoost Ensemble,16800000000.000029,9072798538.113422,7727201461.886606,0.45995246796944006,mogi,Quận Tân Bình,Bất động sản khác,Biệt thự/cao cấp,Phường 13,64,6,262500000
sale,Tuned RF/XGBoost Ensemble,46000000000.000046,46091999345.7868,91999345.7867508,0.0019999857779728412,mogi,Quận Tân Bình,Nhà phố,Nhà phố/nhà ở,Phường 13,167,7,275449101.79640716
sale,Tuned RF/XGBoost Ensemble,7799999999.999991,5820810387.658174,1979189612.3418179,0.253742257992541,mogi,Quận Tân Bình,Nhà phố,Nhà phố/nhà ở,Phường 13,55,2,141818181.8181818
sale,Tuned RF/XGBoost Ensemble,42499999999.999985,57843157988.28359,15343157988.283607,0.3610154820772615,mogi,Quận Gò Vấp,Nhà phố,Nhà phố/nhà ở,Phường 3,500,2,85000000
sale,Tuned RF/XGBoost Ensemble,13899999999.999996,6290996536.377453,7609003463.622543,0.5474103211239242,mogi,Quận Tân Bình,Nhà phố,Nhà phố/nhà ở,Phường 14,52,2,267307692.30769232
sale,Tuned RF/XGBoost Ensemble,35000000000,34451641449.90553,548358550.0944672,0.015667387145556204,mogi,Quận Tân Bình,Bất động sản khác,Khác,Phường 13,172,4,203488372.09302327
sale,Tuned RF/XGBoost Ensemble,12499999999.999949,11394244826.316502,1105755173.683447,0.08846041389467611,mogi,Quận Tân Bình,Nhà phố,Nhà phố/nhà ở,Phường 2,68,5,183823529.4117647
sale,Tuned RF/XGBoost Ensemble,134999999999.9998,29774028610.368233,105225971389.63156,0.7794516399231979,mogi,Quận Tân Phú,Bất động sản khác,Khác,Phường Hòa Thạnh,600,95,225000000
sale,Tuned RF/XGBoost Ensemble,50999999999.99996,56033753406.5586,5033753406.55864,0.09870104718742438,mogi,Quận Tân Bình,Nhà phố,Nhà phố/nhà ở,Phường 12,276,2,184782608.6956522
sale,Tuned RF/XGBoost Ensemble,32500000000.00002,21757303365.789104,10742696634.210915,0.3305445118218741,mogi,Quận 3,Bất động sản khác,Nhà phố/nhà ở,Phường 11,106,20,306603773.5849057
sale,Tuned RF/XGBoost Ensemble,11800000000.000002,13525236261.837835,1725236261.8378334,0.14620646286761296,mogi,Quận Tân Bình,Bất động sản khác,Nhà phố/nhà ở,Phường 13,90,4,131111111.1111111
sale,Tuned RF/XGBoost Ensemble,26500000000.000023,22097166856.572155,4402833143.427868,0.1661446469218062,mogi,Quận Tân Bình,Nhà phố,Nhà phố/nhà ở,Phường 12,85,5,311764705.88235295
sale,Tuned RF/XGBoost Ensemble,23499999999.999985,13530081869.27973,9969918130.720255,0.4242518353497984,mogi,Quận Gò Vấp,Bất động sản khác,Khác,Phường 11,100,14,235000000
sale,Tuned RF/XGBoost Ensemble,16899999999.999994,8516443825.354654,8383556174.64534,0.49606841270090785,mogi,Quận Phú Nhuận,Bất động sản khác,Nhà phố/nhà ở,Phường 11,78,5,216666666.66666663
sale,Tuned RF/XGBoost Ensemble,160000000000,87215746396.4619,72784253603.5381,0.45490158502211314,mogi,Quận 3,Bất động sản khác,Khác,Phường 9,261,1,613026819.9233717
sale,Tuned RF/XGBoost Ensemble,22999999999.99998,23680133515.586327,680133515.5863457,0.02957102241679766,mogi,Quận Gò Vấp,Bất động sản khác,Khác,Phường 11,125,22,184000000
sale,Tuned RF/XGBoost Ensemble,50000000000.00007,45374413506.541855,4625586493.458214,0.09251172986916414,mogi,Quận 3,Nhà phố,Nhà phố/nhà ở,Phường 1,131,4,381679389.3129771
sale,Tuned RF/XGBoost Ensemble,104999999999.99991,97070708000.56355,7929291999.436356,0.07551706666129869,mogi,Quận 1,Nhà phố,Nhà phố/nhà ở,Phường Nguyễn Thái Bình,200,6,525000000
sale,Tuned RF/XGBoost Ensemble,26000000000.000023,18341996691.792004,7658003308.208019,0.29453858877723127,mogi,Quận Gò Vấp,Nhà phố,Nhà phố/nhà ở,Phường 7,126,8,206349206.34920636
sale,Tuned RF/XGBoost Ensemble,68000000000.00007,25976276871.39051,42023723128.60956,0.6179959283619046,mogi,Quận 7,Bất động sản khác,Căn hộ,Phường Tân Phú,231,4,294372294.37229437
sale,Tuned RF/XGBoost Ensemble,160000000000,172854658409.40698,12854658409.406982,0.08034161505879364,mogi,Quận 3,Bất động sản khác,Khác,Phường 6 (Phường Võ Thị Sáu),344,4,465116279.0697674
sale,Tuned RF/XGBoost Ensemble,50999999999.99996,5103389435.283867,45896610564.716095,0.89993354048463,mogi,Quận 8,Nhà phố,Nhà phố/nhà ở,Phường 1,94,2,542553191.4893616
sale,Tuned RF/XGBoost Ensemble,9090000000.00001,6307055123.723202,2782944876.276808,0.3061545518456331,mogi,Quận Bình Thạnh,Bất động sản khác,Biệt thự/cao cấp,Phường 13,50,4,181800000
sale,Tuned RF/XGBoost Ensemble,22899999999.999947,24185702484.515102,1285702484.5151558,0.05614421329760519,mogi,Quận Gò Vấp,Nhà phố,Tòa nhà/văn phòng/mặt bằng,Phường 6,88,7,260227272.72727272
sale,Tuned RF/XGBoost Ensemble,14500000000.00002,17509167837.22298,3009167837.2229614,0.20752881636020395,mogi,Quận Gò Vấp,Nhà phố,Nhà phố/nhà ở,Phường 12,122,10,118852459.01639344
sale,Tuned RF/XGBoost Ensemble,14500000000.00002,15434734413.015072,934734413.0150528,0.06446444227690011,mogi,Quận Gò Vấp,Nhà phố,Nhà phố/nhà ở,Phường 11,82,5,176829268.29268292
sale,Tuned RF/XGBoost Ensemble,33000000000.000015,40362507583.77676,7362507583.776741,0.2231062904174769,mogi,Quận Gò Vấp,Nhà phố,Tòa nhà/văn phòng/mặt bằng,Phường 9,156,18,211538461.5384615
sale,Tuned RF/XGBoost Ensemble,34900000000.00003,35230132599.431656,330132599.43162537,0.009459386803198426,mogi,Quận Bình Thạnh,Bất động sản khác,Khác,Phường 25,153,30,228104575.16339868
sale,Tuned RF/XGBoost Ensemble,63999999999.99998,58524411623.974945,5475588376.025032,0.08555606837539116,mogi,Quận 3,Nhà phố,Nhà phố/nhà ở,Phường 12,180,3,355555555.5555556
sale,Tuned RF/XGBoost Ensemble,24000000000.00005,13413775779.724743,10586224220.275307,0.44109267584480355,mogi,Quận Bình Thạnh,Bất động sản khác,Nhà phố/nhà ở,Phường 26,72,5,333333333.3333333
sale,Tuned RF/XGBoost Ensemble,8490000000.00004,6064474125.925123,2425525874.074917,0.28569209353061314,mogi,Quận Bình Thạnh,Bất động sản khác,Nhà phố/nhà ở,Phường 12,50,8,169800000
sale,Tuned RF/XGBoost Ensemble,59999999999.99994,85209878099.0687,25209878099.068756,0.4201646349844797,mogi,Quận 1,Bất động sản khác,Khác,Phường Nguyễn Thái Bình,144,5,416666666.6666667
sale,Tuned RF/XGBoost Ensemble,38999999999.99996,39992701257.59539,992701257.5954285,0.025453878399882807,mogi,Quận Gò Vấp,Nhà phố,Tòa nhà/văn phòng/mặt bằng,Phường 14,333,2,117117117.11711712
sale,Tuned RF/XGBoost Ensemble,119999999999.99994,86747974088.56346,33252025911.436478,0.27710021592863743,mogi,Quận 1,Nhà phố,Tòa nhà/văn phòng/mặt bằng,Phường Cô Giang,178,3,674157303.3707865
sale,Tuned RF/XGBoost Ensemble,14800000000.000015,18429706827.2413,3629706827.2412834,0.24525046130008646,mogi,Quận Gò Vấp,Bất động sản khác,Nhà phố/nhà ở,Phường 11,120,12,123333333.33333331
sale,Tuned RF/XGBoost Ensemble,6489999999.999999,5238114930.723964,1251885069.2760353,0.19289446367889607,mogi,Quận Bình Thạnh,Nhà phố,Nhà phố/nhà ở,Phường 3,40,2,162250000
sale,Tuned RF/XGBoost Ensemble,5800000000,5637132085.485788,162867914.51421165,0.02808067491624339,mogi,Huyện Nhà Bè,Nhà phố,Nhà phố/nhà ở,Xã Long Thới,80,1,72500000
sale,Tuned RF/XGBoost Ensemble,10999999999.999989,4448126907.050125,6551873092.949863,0.5956248266318064,mogi,Quận Gò Vấp,Bất động sản khác,Khác,Phường 6,50,5,220000000
sale,Tuned RF/XGBoost Ensemble,8899999999.999985,10857221847.484144,1957221847.4841595,0.219912567133052,mogi,Quận Bình Thạnh,Nhà phố,Nhà phố/nhà ở,Phường 5,76,4,117105263.15789472
sale,Tuned RF/XGBoost Ensemble,4949999999.999992,5120311433.650651,170311433.6506586,0.034406350232456334,mogi,Quận Bình Thạnh,Đất nền,Đất/đất nền,Phường 22,42,2,117857142.85714284
sale,Tuned RF/XGBoost Ensemble,15990000000.000029,12628456430.806166,3361543569.193863,0.21022786549054764,mogi,Quận 7,Nhà phố,Nhà phố/nhà ở,Phường Phú Thuận,95,4,168315789.47368422
sale,Tuned RF/XGBoost Ensemble,21899999999.999966,21965230472.408188,65230472.4082222,0.002978560383937091,mogi,Quận Gò Vấp,Bất động sản khác,Khác,Phường 12,108,17,202777777.7777778
sale,Tuned RF/XGBoost Ensemble,80000000000.00008,100703639427.62585,20703639427.62578,0.258795492845322,mogi,Quận 1,Bất động sản khác,Khác,Phường Nguyễn Cư Trinh,264,4,303030303.030303
sale,Tuned RF/XGBoost Ensemble,3679999999.9999933,6261709171.74768,2581709171.7476864,0.7015514053662204,mogi,Quận 1,Nhà phố,Nhà phố/nhà ở,Phường Nguyễn Cư Trinh,35,2,105142857.14285716
sale,Tuned RF/XGBoost Ensemble,88000000000.0001,64896501349.3613,23103498650.63881,0.2625397573936225,mogi,Thành phố Thủ Đức,Đất nền,Đất/đất nền,Phường Tam Phú,805,4,109316770.1863354
sale,Tuned RF/XGBoost Ensemble,16300000000.00002,9826178451.516611,6473821548.483408,0.39716696616462577,mogi,Thành phố Thủ Đức,Căn hộ,Căn hộ,Phường Thủ Thiêm,127,3,128346456.69291338
sale,Tuned RF/XGBoost Ensemble,2535000000.0000024,4423135805.12149,1888135805.1214871,0.7448267475824399,mogi,Quận Tân Bình,Bất động sản khác,Khác,Phường 12,43,5,58953488.37209302
sale,Tuned RF/XGBoost Ensemble,42999999999.99996,26053430070.983418,16946569929.016544,0.39410627741898974,mogi,Quận 1,Căn hộ,Căn hộ,Phường Bến Nghé,139,2,309352517.9856115
sale,Tuned RF/XGBoost Ensemble,18999999999.999916,12329146094.438057,6670853905.561859,0.3510975739769415,mogi,Quận 7,Bất động sản khác,Căn hộ,Phường Tân Phú,107,3,177570093.45794392
sale,Tuned RF/XGBoost Ensemble,4024999999.99999,6248764747.243842,2223764747.243852,0.5524881359612068,mogi,Quận 5,Bất động sản khác,Biệt thự/cao cấp,Phường 3,50,4,80500000
sale,Tuned RF/XGBoost Ensemble,3660000000.000001,5830509424.830124,2170509424.830123,0.5930353619754433,mogi,Quận 10,Bất động sản khác,Nhà phố/nhà ở,Phường 14,43,5,85116279.06976745
sale,Tuned RF/XGBoost Ensemble,61000000000.00005,37787558718.31841,23212441281.68164,0.38053182428986265,mogi,Quận 1,Nhà phố,Nhà phố/nhà ở,Phường Bến Thành,100,4,610000000
sale,Tuned RF/XGBoost Ensemble,160000000000,174706887828.49866,14706887828.498657,0.09191804892811661,mogi,Quận 3,Bất động sản khác,Tòa nhà/văn phòng/mặt bằng,Phường 9,440,8,363636363.6363636
sale,Tuned RF/XGBoost Ensemble,5510000000.000008,2877452271.807257,2632547728.1927505,0.4777763572037653,mogi,Quận Bình Thạnh,Căn hộ,Căn hộ,Phường 22,80,2,68875000
sale,Tuned RF/XGBoost Ensemble,11500000000.000008,13292172223.458462,1792172223.4584541,0.1558410629094307,mogi,Thành phố Thủ Đức,Nhà phố,Nhà phố/nhà ở,Phường Phước Long B,100,1,115000000
sale,Tuned RF/XGBoost Ensemble,3749999999.9999986,3637191282.0907764,112808717.90922213,0.03008232477579258,mogi,Quận Phú Nhuận,Bất động sản khác,Khác,Phường 15,40,4,93750000
sale,Tuned RF/XGBoost Ensemble,15700000000.000002,16630641152.312037,930641152.3120346,0.05927650651669009,mogi,Quận 7,Nhà phố,Nhà phố/nhà ở,Phường Tân Thuận Tây,88,4,178409090.9090909
sale,Tuned RF/XGBoost Ensemble,5190000000.000014,2884122464.8264203,2305877535.173594,0.44429239598720377,mogi,Quận 7,Bất động sản khác,Khác,Phường Tân Phú,76,2,68289473.68421052
sale,Tuned RF/XGBoost Ensemble,139999999999.99982,126029147666.08966,13970852333.910156,0.09979180238507268,mogi,Quận 3,Bất động sản khác,Biệt thự/cao cấp,Phường 9,315,2,444444444.4444444
sale,Tuned RF/XGBoost Ensemble,84999999999.99997,134576039717.75816,49576039717.758194,0.5832475260912731,mogi,Quận 3,Bất động sản khác,Biệt thự/cao cấp,Phường 6 (Phường Võ Thị Sáu),252,5,337301587.3015873
sale,Tuned RF/XGBoost Ensemble,144999999999.99976,25795094155.255733,119204905844.74402,0.8221027989292705,mogi,Quận 4,Bất động sản khác,Tòa nhà/văn phòng/mặt bằng,Phường 9,231,3,627705627.7056277
sale,Tuned RF/XGBoost Ensemble,2569999999.999997,3577709176.830609,1007709176.8306117,0.3921047380663863,mogi,Quận Phú Nhuận,Nhà phố,Nhà phố/nhà ở,Phường 1,17,4,151176470.5882353
sale,Tuned RF/XGBoost Ensemble,9390000000.000021,9807630857.934143,417630857.9341221,0.04447612970544421,mogi,Huyện Nhà Bè,Nhà phố,Nhà phố/nhà ở,Xã Phú Xuân,85,4,110470588.23529412
sale,Tuned RF/XGBoost Ensemble,3634999999.9999995,2374979936.868176,1260020063.1318235,0.34663550567588,mogi,Quận Bình Thạnh,Bất động sản khác,Khác,Phường 17,28,2,129821428.57142857
sale,Tuned RF/XGBoost Ensemble,9000000000.000015,11634549193.596039,2634549193.5960236,0.29272768817733547,mogi,Thành phố Thủ Đức,Đất nền,Đất/đất nền,Phường Tam Bình,180,3,50000000
sale,Tuned RF/XGBoost Ensemble,98999999999.99994,111586056994.95805,12586056994.958115,0.12713188883796084,mogi,Quận 1,Bất động sản khác,Nhà phố/nhà ở,Phường Tân Định,398,2,248743718.59296483
sale,Tuned RF/XGBoost Ensemble,15800000000.000023,16997772812.839401,1197772812.8393784,0.07580840587590991,mogi,Quận Gò Vấp,Bất động sản khác,Nhà phố/nhà ở,Phường 16,153,15,103267973.85620914
sale,Tuned RF/XGBoost Ensemble,10600000000.000053,6129715512.975047,4470284487.025006,0.42172495160613055,mogi,Quận 7,Nhà phố,Nhà phố/nhà ở,Phường Phú Thuận,60,4,176666666.66666666
sale,Tuned RF/XGBoost Ensemble,1999999999.9999988,5243315955.761777,3243315955.761778,1.62165797788089,mogi,Quận 3,Nhà phố,Nhà phố/nhà ở,Phường 5,19,3,105263157.89473684
sale,Tuned RF/XGBoost Ensemble,6400000000.000004,6716377872.33033,316377872.3303261,0.04943404255161342,mogi,Thành phố Thủ Đức,Đất nền,Đất/đất nền,Phường Linh Đông,75,0,85333333.33333333
sale,Tuned RF/XGBoost Ensemble,3949999999.999996,5574182180.07706,1624182180.0770636,0.41118536204482664,mogi,Quận 10,Nhà phố,Nhà phố/nhà ở,Phường 15,36,4,109722222.22222222
sale,Tuned RF/XGBoost Ensemble,15500000000.00002,9855853188.133726,5644146811.866293,0.36413850399137326,mogi,Quận Tân Phú,Nhà phố,Nhà phố/nhà ở,Phường Hiệp Tân,64,4,242187500
sale,Tuned RF/XGBoost Ensemble,134999999999.9998,179999999999.99973,44999999999.99992,0.33333333333333326,mogi,Quận Bình Thạnh,Bất động sản khác,Tòa nhà/văn phòng/mặt bằng,Phường 25,480,2,281250000
sale,Tuned RF/XGBoost Ensemble,350000000000.0003,179999999999.99973,170000000000.00058,0.48571428571428693,mogi,Quận 3,Phòng/Cho thuê,Tòa nhà/văn phòng/mặt bằng,Phường 7 (Phường Võ Thị Sáu),336,12,1041666666.6666666
sale,Tuned RF/XGBoost Ensemble,1029999999.9999982,1924170408.8333287,894170408.8333305,0.8681266105177982,mogi,Quận Bình Tân,Căn hộ,Căn hộ,Phường Bình Trị Đông,61,2,16885245.901639346
sale,Tuned RF/XGBoost Ensemble,6300000000.000003,3750861663.035723,2549138336.9642797,0.4046251328514728,mogi,Huyện Nhà Bè,Nhà phố,Nhà phố/nhà ở,Không rõ,50,2,126000000
sale,Tuned RF/XGBoost Ensemble,254999999999.99988,179999999999.99973,75000000000.00015,0.29411764705882426,mogi,Quận 3,Nhà phố,Tòa nhà/văn phòng/mặt bằng,Phường 6 (Phường Võ Thị Sáu),600,10,425000000
sale,Tuned RF/XGBoost Ensemble,5100000000.000008,8158667152.58079,3058667152.580782,0.5997386573687798,mogi,Quận 11,Bất động sản khác,Nhà phố/nhà ở,Phường 7,71,6,71830985.91549295
sale,Tuned RF/XGBoost Ensemble,12799999999.999996,21726234446.103676,8926234446.10368,0.6973620661018501,mogi,Quận Tân Phú,Nhà phố,Nhà phố/nhà ở,Phường Hòa Thạnh,200,4,64000000
sale,Tuned RF/XGBoost Ensemble,2249999999.9999957,2100633578.4856155,149366421.51438022,0.06638507622861356,mogi,Quận Bình Thạnh,Căn hộ,Căn hộ,Phường 13,52,2,43269230.76923077
sale,Tuned RF/XGBoost Ensemble,98999999999.99994,153378487446.37775,54378487446.37781,0.5492776509735136,mogi,Quận 3,Bất động sản khác,Tòa nhà/văn phòng/mặt bằng,Phường 6 (Phường Võ Thị Sáu),224,9,441964285.71428573
sale,Tuned RF/XGBoost Ensemble,5899999999.999993,7954464560.220272,2054464560.2202787,0.3482143322407256,mogi,Thành phố Thủ Đức,Nhà phố,Nhà phố/nhà ở,Phường Tam Bình,52,4,113461538.46153846
sale,Tuned RF/XGBoost Ensemble,2080000000.0000048,4090300045.0629168,2010300045.062912,0.966490406280244,mogi,Quận Bình Thạnh,Nhà phố,Nhà phố/nhà ở,Phường 5,52,2,40000000
sale,Tuned RF/XGBoost Ensemble,2099999999.9999976,2263660806.848743,163660806.84874535,0.07793371754702168,mogi,Quận Gò Vấp,Căn hộ,Căn hộ,Phường 3,52,2,40384615.384615384
sale,Tuned RF/XGBoost Ensemble,35000000000,37023338351.008896,2023338351.0088959,0.05780966717168274,mogi,Thành phố Thủ Đức,Nhà phố,Biệt thự/cao cấp,Phường Bình Trưng Đông,205,5,170731707.31707317
sale,Tuned RF/XGBoost Ensemble,13260000000.000015,6468711203.011794,6791288796.988221,0.512163559350544,mogi,Quận Phú Nhuận,Bất động sản khác,Nhà phố/nhà ở,Phường 15,32,5,414375000
sale,Tuned RF/XGBoost Ensemble,10999999999.999989,10085485621.140488,914514378.8595009,0.08313767080540926,mogi,Quận Tân Phú,Nhà phố,Nhà phố/nhà ở,Phường Phú Thạnh,78,6,141025641.02564102
sale,Tuned RF/XGBoost Ensemble,24000000000.00005,43733459451.20964,19733459451.20959,0.8222274771337312,mogi,Quận 12,Đất nền,Đất/đất nền,Phường An Phú Đông,684,0,35087719.298245616
sale,Tuned RF/XGBoost Ensemble,30999999999.99997,38675549746.83731,7675549746.837341,0.24759837893023706,mogi,Quận 12,Bất động sản khác,Khác,Phường Thạnh Lộc,1300,0,23846153.846153848
sale,Tuned RF/XGBoost Ensemble,4559999999.999993,4567657961.923178,7657961.923184395,0.0016793776147334223,mogi,Quận 5,Nhà phố,Nhà phố/nhà ở,Phường 5,51,3,89411764.70588236
sale,Tuned RF/XGBoost Ensemble,12589999999.999996,10704904176.303814,1885095823.6961823,0.14972961268436719,mogi,Quận Bình Thạnh,Căn hộ,Căn hộ,Phường 22,150,4,83933333.33333333
sale,Tuned RF/XGBoost Ensemble,3899999999.9999948,6749277997.208746,2849277997.208751,0.7305841018483987,mogi,Huyện Nhà Bè,Đất nền,Đất/đất nền,Xã Phú Xuân,80,0,48750000
sale,Tuned RF/XGBoost Ensemble,7590000000.000002,9232221210.317635,1642221210.3176327,0.2163664308718883,mogi,Quận Bình Thạnh,Bất động sản khác,Khác,Phường 22,113,3,67168141.59292035
sale,Tuned RF/XGBoost Ensemble,3239999999.999995,4717707912.154149,1477707912.1541538,0.4560826889364679,mogi,Quận Bình Thạnh,Nhà phố,Nhà phố/nhà ở,Phường 22,41,4,79024390.24390244
sale,Tuned RF/XGBoost Ensemble,65000000000.000015,48139478240.40597,16860521759.594048,0.259392642455293,mogi,Quận 12,Đất nền,Đất/đất nền,Phường Thới An,1700,0,38235294.11764706
sale,Tuned RF/XGBoost Ensemble,5989999999.999991,5003198462.12317,986801537.8768215,0.16474149213302552,mogi,Quận 7,Nhà phố,Nhà phố/nhà ở,Phường Phú Thuận,46,4,130217391.30434784
sale,Tuned RF/XGBoost Ensemble,3369999999.999999,7189484145.25052,3819484145.2505207,1.1333780846440717,mogi,Quận 3,Nhà phố,Nhà phố/nhà ở,Phường 6 (Phường Võ Thị Sáu),46,3,73260869.56521739
sale,Tuned RF/XGBoost Ensemble,3725000000.000006,3832184081.24288,107184081.24287367,0.028774249998086844,mogi,Quận 10,Bất động sản khác,Khác,Phường 14,72,2,51736111.11111111
sale,Tuned RF/XGBoost Ensemble,4814999999.999992,4363108278.273729,451891721.72626305,0.09385082486526766,mogi,Quận Phú Nhuận,Bất động sản khác,Nhà phố/nhà ở,Phường 14,41,3,117439024.3902439
sale,Tuned RF/XGBoost Ensemble,9499999999.999992,8244267100.455706,1255732899.5442867,0.13218241047834609,mogi,Huyện Nhà Bè,Nhà phố,Nhà phố/nhà ở,Không rõ,64,6,148437500
sale,Tuned RF/XGBoost Ensemble,4899999999.999995,6125403172.419539,1225403172.4195442,0.2500822800856215,mogi,Quận Bình Tân,Nhà phố,Nhà phố/nhà ở,Phường Bình Trị Đông,56,5,87500000
sale,Tuned RF/XGBoost Ensemble,6395000000.000009,12359358630.863277,5964358630.863269,0.9326596764446069,mogi,Quận 7,Căn hộ,Căn hộ,Phường Tân Phú,133,3,48082706.766917296
sale,Tuned RF/XGBoost Ensemble,9800000000.000006,8441260121.604073,1358739878.3959332,0.13864692636693188,mogi,Huyện Nhà Bè,Nhà phố,Nhà phố/nhà ở,Xã Phú Xuân,80,4,122500000
sale,Tuned RF/XGBoost Ensemble,14199999999.999979,8091125786.750786,6108874213.249193,0.43020240938374665,mogi,Quận 7,Nhà phố,Nhà phố/nhà ở,Phường Phú Thuận,60,4,236666666.66666663
sale,Tuned RF/XGBoost Ensemble,2550000000.0000067,3222291503.6373296,672291503.6373229,0.26364372691659654,mogi,Quận Bình Thạnh,Bất động sản khác,Khác,Phường 21,48,3,53125000
sale,Tuned RF/XGBoost Ensemble,8349999999.999992,7213289344.253305,1136710655.746687,0.13613301266427402,mogi,Huyện Nhà Bè,Nhà phố,Nhà phố/nhà ở,Không rõ,63,4,132539682.53968254
sale,Tuned RF/XGBoost Ensemble,4979999999.999992,2850472430.108394,2129527569.8915982,0.4276159778898798,mogi,Quận 4,Bất động sản khác,Khác,Phường 18,73,2,68219178.08219178
sale,Tuned RF/XGBoost Ensemble,7680000000.000009,9170802516.18179,1490802516.1817808,0.19411491096116917,mogi,Huyện Nhà Bè,Nhà phố,Nhà phố/nhà ở,Không rõ,64,4,120000000
sale,Tuned RF/XGBoost Ensemble,14500000000.00002,15939264561.046412,1439264561.0463924,0.09925962489975107,mogi,Quận Tân Phú,Nhà phố,Biệt thự/cao cấp,Phường Phú Thạnh,135,3,107407407.4074074
sale,Tuned RF/XGBoost Ensemble,5499999999.999991,7317480366.038765,1817480366.0387735,0.3304509756434139,mogi,Huyện Nhà Bè,Đất nền,Đất/đất nền,Xã Phú Xuân,110,0,50000000
sale,Tuned RF/XGBoost Ensemble,12499999999.999949,16365361986.51358,3865361986.513632,0.3092289589210918,mogi,Quận Tân Phú,Nhà phố,Nhà phố/nhà ở,Phường Hòa Thạnh,145,5,86206896.55172414
sale,Tuned RF/XGBoost Ensemble,4369999999.999998,5113272856.438198,743272856.4382,0.1700853218394051,mogi,Quận 7,Nhà phố,Nhà phố/nhà ở,Phường Bình Thuận,48,4,91041666.66666669
sale,Tuned RF/XGBoost Ensemble,7500000000.0000105,5803693122.869928,1696306877.1300821,0.22617425028401064,mogi,Quận Tân Phú,Nhà phố,Nhà phố/nhà ở,Phường Phú Trung,64,3,117187500
sale,Tuned RF/XGBoost Ensemble,12399999999.999987,3682745942.2289534,8717254057.771034,0.7030043594976648,mogi,Thành phố Thủ Đức,Bất động sản khác,Khác,Phường An Khánh,70,2,177142857.14285713
sale,Tuned RF/XGBoost Ensemble,7249999999.999994,6090337557.319238,1159662442.6807566,0.15995344036975964,mogi,Huyện Nhà Bè,Nhà phố,Nhà phố/nhà ở,Không rõ,54,4,134259259.25925925
sale,Tuned RF/XGBoost Ensemble,4750000000.000005,4922005437.276682,172005437.27667713,0.0362116710056162,mogi,Quận 4,Nhà phố,Nhà phố/nhà ở,Phường 4,68,4,69852941.1764706
sale,Tuned RF/XGBoost Ensemble,9999999999.999987,11630838584.410683,1630838584.410696,0.16308385844106982,mogi,Quận Tân Phú,Nhà phố,Nhà phố/nhà ở,Phường Phú Trung,86,3,116279069.76744184
sale,Tuned RF/XGBoost Ensemble,17500000000.00002,26650443448.65275,9150443448.652729,0.5228824827801554,alonhadat,Quận Gò Vấp,Căn hộ chung cư,Căn hộ,Phường 13,165,8,106060606.06060606
sale,Tuned RF/XGBoost Ensemble,9999999999.999987,3248503721.001541,6751496278.9984455,0.6751496278998455,muaban,Huyện Bình Chánh,Căn hộ/Chung cư,Căn hộ,Xã Bình Hưng,100,2,100000000
sale,Tuned RF/XGBoost Ensemble,35500000000.00002,84444270903.6152,48944270903.61518,1.3787118564398633,muaban,Quận Tân Bình,Nhà ở,Nhà phố/nhà ở,Phường 12,560,5,63392857.14285714
sale,Tuned RF/XGBoost Ensemble,3990000000.0000057,3932646372.4316955,57353627.56831026,0.01437434274894992,muaban,Quận 11,Căn hộ/Chung cư,Căn hộ,Không rõ,64,2,62343750
sale,Tuned RF/XGBoost Ensemble,4800000000.000005,4360255450.3257065,439744549.6742983,0.09161344784881205,muaban,Quận 7,Nhà ở,Nhà phố/nhà ở,Phường Tân Hưng,38.4,3,125000000
sale,Tuned RF/XGBoost Ensemble,6150000000.000007,5109308533.154202,1040691466.8458042,0.16921812469037448,muaban,Quận 12,Đất,Đất/đất nền,Phường Tân Thới Hiệp,100,4,61500000
sale,Tuned RF/XGBoost Ensemble,10899999999.99998,6181773682.466073,4718226317.533908,0.43286479977375375,muaban,Quận Tân Phú,Văn phòng/Mặt bằng,Tòa nhà/văn phòng/mặt bằng,Phường Tân Quý,52,4,209615384.6153846
sale,Tuned RF/XGBoost Ensemble,4000000000.0000157,4109883860.726452,109883860.72643614,0.027470965181608926,muaban,Huyện Nhà Bè,Nhà ở,Nhà phố/nhà ở,Không rõ,68,2,58823529.4117647
sale,Tuned RF/XGBoost Ensemble,1999999999.9999988,1758197167.6743996,241802832.3255992,0.12090141616279967,muaban,Quận 11,Nhà ở,Nhà phố/nhà ở,Phường 5,11.2,2,178571428.5714286
sale,Tuned RF/XGBoost Ensemble,1849999999.9999979,1555217133.371366,294782866.62863183,0.1593420900695309,muaban,Quận 12,Nhà ở,Nhà phố/nhà ở,Phường Hiệp Thành,32.5,2,56923076.92307692
sale,Tuned RF/XGBoost Ensemble,14999999999.999996,32152823100.154854,17152823100.154858,1.143521540010324,muaban,Quận Bình Thạnh,Nhà ở,Nhà phố/nhà ở,Phường 15,252,2,59523809.52380952
sale,Tuned RF/XGBoost Ensemble,53999999999.99997,11593859860.144106,42406140139.855865,0.7852988914788128,muaban,Quận Tân Phú,Nhà ở,Nhà phố/nhà ở,Phường Tân Quý,88,1,613636363.6363636
sale,Tuned RF/XGBoost Ensemble,5490000000.000003,5440984444.487991,49015555.51201153,0.008928152187980237,muaban,Quận 11,Đất,Đất/đất nền,Phường 1,46,2,119347826.08695652
sale,Tuned RF/XGBoost Ensemble,4999999999.999992,6273343946.247057,1273343946.2470646,0.25466878924941333,muaban,Quận 11,Nhà ở,Nhà phố/nhà ở,Không rõ,60,4,83333333.33333333
sale,Tuned RF/XGBoost Ensemble,3500000000.000005,5459349564.630289,1959349564.6302843,0.5598141613229376,muaban,Quận Gò Vấp,Nhà ở,Nhà phố/nhà ở,Phường 16,42,2,83333333.33333333
sale,Tuned RF/XGBoost Ensemble,5400000000.000001,7730508046.086559,2330508046.0865583,0.43157556409010334,muaban,Thành phố Thủ Đức,Căn hộ/Chung cư,Căn hộ,Phường An Phú,88,2,61363636.36363637
sale,Tuned RF/XGBoost Ensemble,13600000000.000008,6797944097.782223,6802055902.217785,0.5001511692807192,muaban,Quận 8,Nhà ở,Nhà phố/nhà ở,Phường 5,75.6,4,179894179.8941799
sale,Tuned RF/XGBoost Ensemble,17500000000.00002,22508167819.701073,5008167819.701054,0.28618101826863135,muaban,Quận 12,Đất,Đất/đất nền,Không rõ,672,4,26041666.666666668
sale,Tuned RF/XGBoost Ensemble,17000000000.000013,5031624442.815765,11968375557.184248,0.7040220915990728,muaban,Quận Gò Vấp,Nhà ở,Nhà phố/nhà ở,Không rõ,44.8,2,379464285.71428573
sale,Tuned RF/XGBoost Ensemble,9800000000.000006,11310914590.811657,1510914590.8116512,0.15417495824608676,muaban,Thành phố Thủ Đức,Đất,Đất/đất nền,Phường Tăng Nhơn Phú A,151,4,64900662.25165563
sale,Tuned RF/XGBoost Ensemble,13500000000.000013,4542550097.415821,8957449902.584192,0.6635148075988284,muaban,Quận 11,Nhà ở,Nhà phố/nhà ở,Phường 5,38,2,355263157.8947368
sale,Tuned RF/XGBoost Ensemble,15200000000.000023,12179404995.551783,3020595004.4482403,0.19872335555580498,muaban,Quận Bình Thạnh,Đất,Đất/đất nền,Phường 26,73,4,208219178.0821918
sale,Tuned RF/XGBoost Ensemble,21799999999.99998,26032634768.318813,4232634768.3188324,0.19415755817976313,muaban,Quận 3,Đất,Đất/đất nền,Phường 6 (Phường Võ Thị Sáu),93.6,4,232905982.9059829
sale,Tuned RF/XGBoost Ensemble,15500000000.00002,19808808899.76253,4308808899.762512,0.2779876709524198,muaban,Thành phố Thủ Đức,Căn hộ/Chung cư,Căn hộ,Không rõ,236,2,65677966.10169491
sale,Tuned RF/XGBoost Ensemble,9600000000.000006,6863484826.014528,2736515173.9854774,0.2850536639568204,muaban,Quận Tân Bình,Nhà ở,Nhà phố/nhà ở,Phường 13,47.4,2,202531645.56962025
sale,Tuned RF/XGBoost Ensemble,17999999999.99997,14878213939.013767,3121786060.9862022,0.1734325589436782,muaban,Quận Gò Vấp,Nhà ở,Nhà phố/nhà ở,Phường 5,122.5,2,146938775.51020408
sale,Tuned RF/XGBoost Ensemble,6000000000.000004,4086336933.0195274,1913663066.9804764,0.31894384449674584,muaban,Quận Bình Thạnh,Nhà ở,Nhà phố/nhà ở,Phường 12,56,2,107142857.14285716
sale,Tuned RF/XGBoost Ensemble,13799999999.99998,12543832433.929565,1256167566.0704155,0.091026635222494,muaban,Quận Tân Bình,Nhà ở,Nhà phố/nhà ở,Phường 7,80,2,172500000
sale,Tuned RF/XGBoost Ensemble,14999999999.999996,16477988174.24315,1477988174.2431545,0.09853254494954367,muaban,Quận 11,Đất,Đất/đất nền,Phường 8,75.3,4,199203187.250996
sale,Tuned RF/XGBoost Ensemble,9400000000.000002,7937045549.300472,1462954450.6995296,0.15563345220207758,muaban,Quận Tân Bình,Đất,Đất/đất nền,Phường 4,36.1,1,260387811.63434905
sale,Tuned RF/XGBoost Ensemble,9600000000.000006,11031625614.144863,1431625614.1448574,0.14912766814008924,muaban,Quận 7,Nhà ở,Nhà phố/nhà ở,Phường Tân Hưng,79.2,2,121212121.2121212
sale,Tuned RF/XGBoost Ensemble,15800000000.000023,14497331728.244267,1302668271.7557564,0.0824473589718832,muaban,Quận 1,Kho xưởng,Tòa nhà/văn phòng/mặt bằng,Phường Cầu Kho,110,3,143636363.63636363
sale,Tuned RF/XGBoost Ensemble,2349999999.9999967,3981945230.17357,1631945230.1735735,0.6944447787972663,muaban,Quận 7,Nhà ở,Nhà phố/nhà ở,Không rõ,32,2,73437500
sale,Tuned RF/XGBoost Ensemble,44999999999.999886,18793001506.505096,26206998493.49479,0.5823777442998856,muaban,Quận 7,Đất,Đất/đất nền,Phường Phú Thuận,210,4,214285714.2857143
sale,Tuned RF/XGBoost Ensemble,11800000000.000002,9034778897.184933,2765221102.815069,0.23434077142500584,homedy,Quận 8,Nhà phố,Nhà phố/nhà ở,Không rõ,64,5,184375000
sale,Tuned RF/XGBoost Ensemble,7400000000.000006,3225912574.920793,4174087425.0792127,0.5640658682539472,homedy,Quận Bình Thạnh,Bất động sản khác,Khác,Phường 26,44,3,168181818.1818182
sale,Tuned RF/XGBoost Ensemble,1780000000.000001,3717427893.0757537,1937427893.0757527,1.088442636559411,homedy,Quận Tân Bình,Nhà phố,Nhà phố/nhà ở,Phường 15,60,2,29666666.666666668
sale,Tuned RF/XGBoost Ensemble,187999999999.9999,145698765260.58997,42301234739.40994,0.22500656776281897,homedy,Quận Bình Tân,Đất nền,Đất/đất nền,Phường An Lạc,1977,0,95093576.1254426
sale,Tuned RF/XGBoost Ensemble,187999999999.9999,144416583112.9415,43583416887.05841,0.23182668556945973,homedy,Quận Bình Tân,Đất nền,Đất/đất nền,Phường An Lạc,1977,0,95093576.1254426
sale,Tuned RF/XGBoost Ensemble,3139999999.9999986,3450032805.7136087,310032805.7136102,0.09873656232917526,mogi,Quận 4,Nhà phố,Nhà phố/nhà ở,Phường 14,31,1,101290322.58064516
sale,Tuned RF/XGBoost Ensemble,6400000000.000004,3672237560.7427554,2727762439.2572484,0.4262128811339448,mogi,Quận 7,Nhà phố,Nhà phố/nhà ở,Phường Phú Thuận,50,2,128000000
sale,Tuned RF/XGBoost Ensemble,32000000000.00004,34367193602.564514,2367193602.564476,0.07397480008013979,mogi,Quận Bình Thạnh,Nhà phố,Biệt thự/cao cấp,Phường 13,183,5,174863387.97814208
sale,Tuned RF/XGBoost Ensemble,5600000000.000005,5377631600.380494,222368399.61951065,0.0397086427891983,mogi,Quận 4,Căn hộ,Căn hộ,Phường 6,87,2,64367816.09195402
sale,Tuned RF/XGBoost Ensemble,4800000000.000005,5211876200.896221,411876200.8962164,0.08580754185337833,mogi,Quận 4,Căn hộ,Căn hộ,Phường 1,73,2,65753424.65753425
sale,Tuned RF/XGBoost Ensemble,6289999999.999993,5656195015.691664,633804984.3083296,0.10076390847509226,mogi,Quận Gò Vấp,Nhà phố,Nhà phố/nhà ở,Phường 12,40,4,157250000
sale,Tuned RF/XGBoost Ensemble,7500000000.0000105,5715938752.621765,1784061247.3782454,0.23787483298376572,mogi,Quận 4,Căn hộ,Căn hộ,Phường 1,80,2,93750000
sale,Tuned RF/XGBoost Ensemble,10999999999.999989,6748588700.1357975,4251411299.864191,0.3864919363512905,mogi,Quận 4,Căn hộ,Căn hộ,Phường 1,117,3,94017094.01709402
sale,Tuned RF/XGBoost Ensemble,27999999999.999973,31233620263.001575,3233620263.001602,0.11548643796434305,mogi,Quận Tân Phú,Nhà phố,Nhà phố/nhà ở,Phường Tân Quý,221,4,126696832.57918552
sale,Tuned RF/XGBoost Ensemble,51599999999.99996,91906193928.37085,40306193928.37089,0.7811277893095139,mogi,Quận Bình Thạnh,Đất nền,Đất/đất nền,Phường 26,516,0,100000000
sale,Tuned RF/XGBoost Ensemble,55000000000.00008,40894299434.66898,14105700565.331093,0.2564672830060195,mogi,Quận Tân Phú,Nhà phố,Nhà phố/nhà ở,Phường Hòa Thạnh,411,1,133819951.33819953
sale,Tuned RF/XGBoost Ensemble,51999999999.999954,32186357573.959427,19813642426.040527,0.3810315851161643,mogi,Quận 8,Nhà phố,Nhà phố/nhà ở,Phường 1,190,2,273684210.5263158
sale,Tuned RF/XGBoost Ensemble,11599999999.999985,9205415349.585295,2394584650.41469,0.20642971124264597,mogi,Quận 10,Nhà phố,Nhà phố/nhà ở,Phường 4,38,7,305263157.8947368
sale,Tuned RF/XGBoost Ensemble,10799999999.999964,12122256393.580309,1322256393.5803452,0.12243114755373607,mogi,Quận 8,Nhà phố,Nhà phố/nhà ở,Phường 4,64,4,168750000
sale,Tuned RF/XGBoost Ensemble,71998999999.99995,56023791869.88762,15975208130.112335,0.22188097237617668,mogi,Quận 10,Nhà phố,Tòa nhà/văn phòng/mặt bằng,Phường 12,130,8,553838461.5384616
sale,Tuned RF/XGBoost Ensemble,21000000000.000084,9708529981.33109,11291470018.668993,0.5376890485080451,mogi,Quận Tân Bình,Nhà phố,Nhà phố/nhà ở,Phường 2,63,4,333333333.3333333
sale,Tuned RF/XGBoost Ensemble,19999999999.999992,22776293237.816776,2776293237.816784,0.13881466189083924,mogi,Quận Tân Bình,Bất động sản khác,Nhà phố/nhà ở,Phường 2,105,12,190476190.47619048
sale,Tuned RF/XGBoost Ensemble,75000000000.00018,60995634406.06881,14004365593.931374,0.18672487458575118,mogi,Quận Tân Bình,Nhà phố,Tòa nhà/văn phòng/mặt bằng,Phường 4,150,8,500000000
sale,Tuned RF/XGBoost Ensemble,9200000000.000013,5981965936.504082,3218034063.4959316,0.3497863112495573,mogi,Quận 4,Căn hộ,Căn hộ,Phường 1,100,3,92000000
sale,Tuned RF/XGBoost Ensemble,59999999999.99994,52116031014.54177,7883968985.458168,0.1313994830909696,mogi,Quận Gò Vấp,Nhà phố,Tòa nhà/văn phòng/mặt bằng,Phường 7,329,26,182370820.668693
sale,Tuned RF/XGBoost Ensemble,4899999999.999995,5205536850.525746,305536850.5257511,0.06235445929096967,mogi,Quận 4,Căn hộ,Căn hộ,Phường 1,77,2,63636363.63636363
sale,Tuned RF/XGBoost Ensemble,32000000000.00004,59439492535.8175,27439492535.81746,0.8574841417442945,mogi,Quận Tân Bình,Nhà phố,Nhà phố/nhà ở,Phường 11,300,29,106666666.66666669
sale,Tuned RF/XGBoost Ensemble,59999999999.99994,38760400122.56717,21239599877.43277,0.3539933312905465,mogi,Quận Bình Tân,Nhà phố,Nhà phố/nhà ở,Phường Bình Hưng Hòa,400,47,150000000
sale,Tuned RF/XGBoost Ensemble,95000000000.00005,70323710714.72202,24676289285.27803,0.2597504135292423,mogi,Quận Tân Bình,Nhà phố,Nhà phố/nhà ở,Phường 2,435,1,218390804.59770116
sale,Tuned RF/XGBoost Ensemble,5499999999.999991,5555770831.44722,55770831.44722843,0.010140151172223368,mogi,Quận 4,Căn hộ,Căn hộ,Phường 6,92,2,59782608.69565217
sale,Tuned RF/XGBoost Ensemble,27999999999.999973,13713895474.161045,14286104525.838928,0.5102180187799622,mogi,Quận 1,Căn hộ,Căn hộ,Phường Tân Định,98,11,285714285.71428573
sale,Tuned RF/XGBoost Ensemble,9499999999.999992,8744859981.706282,755140018.2937107,0.0794884229782854,mogi,Quận 4,Căn hộ,Căn hộ,Phường 2,135,4,70370370.37037037
sale,Tuned RF/XGBoost Ensemble,9899999999.999996,7817796524.936998,2082203475.0629978,0.21032358333969683,mogi,Quận 8,Nhà phố,Nhà phố/nhà ở,Phường 5,48,4,206250000
sale,Tuned RF/XGBoost Ensemble,59999999999.99994,47347461784.4751,12652538215.524841,0.21087563692541422,mogi,Quận Tân Bình,Nhà phố,Nhà phố/nhà ở,Phường 12,239,2,251046025.10460252
sale,Tuned RF/XGBoost Ensemble,8200000000.000003,5431230571.722938,2768769428.2770653,0.33765480832647127,mogi,Quận 4,Căn hộ,Căn hộ,Phường 1,90,2,91111111.1111111
sale,Tuned RF/XGBoost Ensemble,50000000000.00007,22041405046.587303,27958594953.412766,0.5591718990682546,mogi,Quận 5,Nhà phố,Nhà phố/nhà ở,Phường 3,106,5,471698113.2075472
sale,Tuned RF/XGBoost Ensemble,36999999999.99996,33069447543.417595,3930552456.582367,0.10623114747519921,mogi,Quận 3,Nhà phố,Nhà phố/nhà ở,Phường 4,85,5,435294117.6470589
sale,Tuned RF/XGBoost Ensemble,55000000000.00008,57103642560.244545,2103642560.2444687,0.03824804654989938,mogi,Quận 1,Nhà phố,Nhà phố/nhà ở,Phường Tân Định,90,6,611111111.1111112
sale,Tuned RF/XGBoost Ensemble,30999999999.99997,20754370971.88861,10245629028.111359,0.3305041621971409,mogi,Quận Bình Thạnh,Nhà phố,Nhà phố/nhà ở,Phường 11,97,6,319587628.8659794
sale,Tuned RF/XGBoost Ensemble,29999999999.999996,38539639295.754196,8539639295.7542,0.2846546431918067,mogi,Quận 10,Nhà phố,Biệt thự/cao cấp,Phường 5,135,4,222222222.2222222
sale,Tuned RF/XGBoost Ensemble,12499999999.999949,11491252684.316158,1008747315.6837902,0.08069978525470355,mogi,Quận 7,Căn hộ,Căn hộ,Phường Tân Phong,87,0,143678160.91954023
sale,Tuned RF/XGBoost Ensemble,17500000000.00002,22584767965.80718,5084767965.807159,0.2905581694746945,mogi,Quận 7,Nhà phố,Tòa nhà/văn phòng/mặt bằng,Phường Tân Phú,143,0,122377622.37762238
sale,Tuned RF/XGBoost Ensemble,12499999999.999949,11350913491.108559,1149086508.8913898,0.09192692071131156,mogi,Quận Phú Nhuận,Bất động sản khác,Nhà phố/nhà ở,Phường 2,43,3,290697674.4186047
sale,Tuned RF/XGBoost Ensemble,11900000000.00002,8613843100.017252,3286156899.982767,0.2761476386540136,mogi,Quận Tân Bình,Bất động sản khác,Nhà phố/nhà ở,Phường 9,62,3,191935483.87096775
sale,Tuned RF/XGBoost Ensemble,12699999999.99998,12374497271.952076,325502728.04790497,0.02563013606676421,mogi,Quận Tân Bình,Bất động sản khác,Nhà phố/nhà ở,Phường 12,107,2,118691588.78504673
sale,Tuned RF/XGBoost Ensemble,11900000000.00002,10214159091.454523,1685840908.545496,0.14166730323911708,mogi,Quận Phú Nhuận,Bất động sản khác,Nhà phố/nhà ở,Phường 7,73,8,163013698.630137
sale,Tuned RF/XGBoost Ensemble,7900000000,7758834348.869695,141165651.1303053,0.017869069763329783,mogi,Quận Tân Bình,Bất động sản khác,Nhà phố/nhà ở,Phường 3,41,5,192682926.8292683
sale,Tuned RF/XGBoost Ensemble,13899999999.999996,7661080711.605303,6238919288.394693,0.44884311427299967,mogi,Quận Bình Thạnh,Bất động sản khác,Nhà phố/nhà ở,Phường 8,72,5,193055555.55555555
sale,Tuned RF/XGBoost Ensemble,8099999999.999995,5350609352.663268,2749390647.336727,0.3394309441156455,mogi,Quận Tân Bình,Bất động sản khác,Nhà phố/nhà ở,Phường 5,50,3,162000000
sale,Tuned RF/XGBoost Ensemble,18499999999.999985,15220936058.676601,3279063941.3233833,0.17724669953099384,mogi,Quận 10,Bất động sản khác,Nhà phố/nhà ở,Phường 12,90,3,205555555.55555555
sale,Tuned RF/XGBoost Ensemble,22999999999.99998,12217625803.829369,10782374196.170612,0.4687988780943748,mogi,Quận 10,Bất động sản khác,Khác,Phường 12,83,4,277108433.73493975
sale,Tuned RF/XGBoost Ensemble,9000000000.000015,7779326852.671383,1220673147.3286324,0.13563034970318114,mogi,Quận 10,Bất động sản khác,Nhà phố/nhà ở,Phường 14,44,4,204545454.54545453
sale,Tuned RF/XGBoost Ensemble,14500000000.00002,16631555800.23429,2131555800.23427,0.14700384829201843,mogi,Quận Phú Nhuận,Bất động sản khác,Nhà phố/nhà ở,Phường 8,84,5,172619047.6190476
sale,Tuned RF/XGBoost Ensemble,99999999999.99988,97835643535.39174,2164356464.608139,0.021643564646081418,mogi,Quận 1,Bất động sản khác,Khác,Phường 19,222,39,450450450.4504505
sale,Tuned RF/XGBoost Ensemble,80000000000.00008,22819197258.760357,57180802741.239716,0.7147600342654957,mogi,Quận Tân Bình,Căn hộ,Tòa nhà/văn phòng/mặt bằng,Phường 4,146,26,547945205.479452
sale,Tuned RF/XGBoost Ensemble,11200000000.000017,12804752043.184782,1604752043.1847649,0.14328143242721092,mogi,Quận Gò Vấp,Đất nền,Đất/đất nền,Phường 15,127,8,88188976.37795275
sale,Tuned RF/XGBoost Ensemble,4999999999.999992,4560220422.565004,439779577.434988,0.08795591548699774,mogi,Quận Tân Phú,Căn hộ,Căn hộ,Phường Hòa Thạnh,86,3,58139534.88372093
sale,Tuned RF/XGBoost Ensemble,149999999999.99985,128558441722.50606,21441558277.49379,0.14294372184995874,mogi,Quận Phú Nhuận,Nhà phố,Nhà phố/nhà ở,Phường 15,452,2,331858407.079646
sale,Tuned RF/XGBoost Ensemble,153999999999.99982,76640589746.20529,77359410253.79453,0.5023338328168482,mogi,Quận 10,Nhà phố,Tòa nhà/văn phòng/mặt bằng,Phường 12,288,4,534722222.2222222
sale,Tuned RF/XGBoost Ensemble,110000000000.0003,105517577137.28763,4482422862.712677,0.04074929875193332,mogi,Quận Bình Thạnh,Đất nền,Đất/đất nền,Phường 25,340,2,323529411.7647059
sale,Tuned RF/XGBoost Ensemble,25000000000.000034,47132302790.38694,22132302790.386906,0.885292111615475,alonhadat,Quận 12,Căn hộ chung cư,Căn hộ,Phường An Phú Đông,440,25,56818181.81818182
sale,Tuned RF/XGBoost Ensemble,11749999999.999985,19782615401.716908,8032615401.716923,0.6836268426993135,alonhadat,Quận Bình Thạnh,Căn hộ chung cư,Căn hộ,Phường Bình Hưng Hòa B,143,18,82167832.16783217
sale,Tuned RF/XGBoost Ensemble,14300000000.000017,20734220575.34242,6434220575.3424015,0.4499454947791884,alonhadat,Quận Tân Phú,Đất,Đất/đất nền,Phường Phú Thạnh,89,8,160674157.30337077
sale,Tuned RF/XGBoost Ensemble,36999999999.99996,26813803457.8696,10186196542.130363,0.27530260924676686,luachonnhadat,Quận Bình Tân,Nhà phố,Nhà phố/nhà ở,Không rõ,180,4,205555555.55555555
sale,Tuned RF/XGBoost Ensemble,15500000000.00002,14151207429.366304,1348792570.6337147,0.08701887552475568,luachonnhadat,Quận Bình Tân,Nhà phố,Nhà phố/nhà ở,Không rõ,100,4,155000000
sale,Tuned RF/XGBoost Ensemble,98000000000.00008,79357042273.52484,18642957726.475235,0.19023426251505327,mogi,Quận Bình Thạnh,Bất động sản khác,Tòa nhà/văn phòng/mặt bằng,Phường 6,227,6,431718061.6740088
sale,Tuned RF/XGBoost Ensemble,75000000000.00018,92296714615.4481,17296714615.44792,0.23062286153930506,mogi,Quận 10,Đất nền,Đất/đất nền,Phường 9,373,10,201072386.05898124
sale,Tuned RF/XGBoost Ensemble,38999999999.99996,72378517245.81563,33378517245.815666,0.8558594165593769,mogi,Quận 3,Bất động sản khác,Nhà phố/nhà ở,Phường 4,152,3,256578947.36842105
sale,Tuned RF/XGBoost Ensemble,26000000000.000023,29335702801.40491,3335702801.404888,0.12829626159249558,mogi,Quận 3,Nhà phố,Biệt thự/cao cấp,Phường 13,106,8,245283018.86792457
sale,Tuned RF/XGBoost Ensemble,26500000000.000023,22067294429.45754,4432705570.542484,0.16727190832235775,mogi,Quận 10,Nhà phố,Nhà phố/nhà ở,Phường 12,85,6,311764705.88235295
sale,Tuned RF/XGBoost Ensemble,88999999999.99988,92983658951.17911,3983658951.1792297,0.04476021293459815,mogi,Quận 3,Nhà phố,Nhà phố/nhà ở,Phường 6 (Phường Võ Thị Sáu),225,6,395555555.5555556
sale,Tuned RF/XGBoost Ensemble,35000000000,80292740546.16505,45292740546.165054,1.2940783013190016,mogi,Quận 3,Nhà phố,Biệt thự/cao cấp,Phường 7 (Phường Võ Thị Sáu),140,4,250000000
sale,Tuned RF/XGBoost Ensemble,27999999999.999973,22067294429.45754,5932705570.542435,0.21188234180508717,mogi,Quận 10,Nhà phố,Nhà phố/nhà ở,Phường 12,85,6,329411764.7058824
sale,Tuned RF/XGBoost Ensemble,42999999999.99996,31641081305.231995,11358918694.767967,0.26416089987832503,mogi,Quận 3,Nhà phố,Nhà phố/nhà ở,Phường 5,90,2,477777777.7777778
sale,Tuned RF/XGBoost Ensemble,37999999999.99994,35102103335.64929,2897896664.350647,0.07626043853554347,mogi,Quận 1,Căn hộ,Tòa nhà/văn phòng/mặt bằng,Phường Tân Định,107,15,355140186.91588783
sale,Tuned RF/XGBoost Ensemble,45999000000.000015,44090609418.69746,1908390581.302559,0.04148765367296155,mogi,Quận Tân Bình,Phòng/Cho thuê,Phòng trọ,Phường 4,146,35,315061643.8356164
sale,Tuned RF/XGBoost Ensemble,86999999999.99998,79387188381.57236,7612811618.427628,0.08750358182100723,mogi,Quận Tân Bình,Nhà phố,Tòa nhà/văn phòng/mặt bằng,Phường 13,204,9,426470588.2352941
sale,Tuned RF/XGBoost Ensemble,22999999999.99998,24549293788.008442,1549293788.008461,0.0673605994786288,mogi,Quận 3,Nhà phố,Biệt thự/cao cấp,Phường 8 (Phường Võ Thị Sáu),100,3,230000000
sale,Tuned RF/XGBoost Ensemble,40000000000.00004,45687130802.46281,5687130802.462769,0.14217827006156908,mogi,Quận 3,Nhà phố,Nhà phố/nhà ở,Phường 8 (Phường Võ Thị Sáu),103,4,388349514.5631068
sale,Tuned RF/XGBoost Ensemble,51999999999.999954,39825696660.453415,12174303339.54654,0.23412121806820288,mogi,Quận Tân Bình,Nhà phố,Tòa nhà/văn phòng/mặt bằng,Phường 2,133,7,390977443.60902256
sale,Tuned RF/XGBoost Ensemble,26999999999.99998,46052535813.81018,19052535813.8102,0.7056494745855635,mogi,Quận 3,Nhà phố,Nhà phố/nhà ở,Phường 8 (Phường Võ Thị Sáu),105,5,257142857.14285713
sale,Tuned RF/XGBoost Ensemble,61000000000.00005,67813746112.11028,6813746112.1102295,0.11170075593623317,mogi,Quận Tân Bình,Bất động sản khác,Nhà phố/nhà ở,Phường 9,300,4,203333333.33333337
sale,Tuned RF/XGBoost Ensemble,49000000000.000084,62124212474.8529,13124212474.852814,0.2678410709153631,mogi,Quận 3,Đất nền,Đất/đất nền,Phường 13,245,5,200000000
sale,Tuned RF/XGBoost Ensemble,25999000000.00004,39413231167.217865,13414231167.217827,0.5159518122703876,mogi,Quận 10,Đất nền,Tòa nhà/văn phòng/mặt bằng,Phường 14,120,10,216658333.33333337
sale,Tuned RF/XGBoost Ensemble,99999999999.99988,73094491935.58926,26905508064.410614,0.2690550806441065,mogi,Quận 10,Bất động sản khác,Nhà phố/nhà ở,Phường 12,260,40,384615384.61538464
sale,Tuned RF/XGBoost Ensemble,13199999999.999979,7631101148.4362335,5568898851.5637455,0.4218862766336178,mogi,Quận Tân Bình,Nhà phố,Nhà phố/nhà ở,Phường 9,62,3,212903225.8064516
sale,Tuned RF/XGBoost Ensemble,10199999999.999947,11375105176.19205,1175105176.1921043,0.11520638982275593,mogi,Quận 1,Bất động sản khác,Khác,Phường Cầu Ông Lãnh,85,3,120000000
sale,Tuned RF/XGBoost Ensemble,17000000000.000013,22945720494.039093,5945720494.03908,0.3497482643552397,mogi,Quận 1,Căn hộ,Căn hộ,Phường Bến Nghé,121,2,140495867.76859504
sale,Tuned RF/XGBoost Ensemble,40000000000.00004,29337860368.70046,10662139631.29958,0.26655349078248924,mogi,Quận 5,Nhà phố,Nhà phố/nhà ở,Phường 13,100,10,400000000
sale,Tuned RF/XGBoost Ensemble,12899999999.999996,15692160956.276295,2792160956.2762985,0.21644658575785267,mogi,Quận 1,Đất nền,Đất/đất nền,Phường Nguyễn Cư Trinh,63,0,204761904.7619048
sale,Tuned RF/XGBoost Ensemble,10899999999.99998,9845011689.236004,1054988310.763977,0.09678791841871366,mogi,Quận 3,Nhà phố,Nhà phố/nhà ở,Phường 11,44,10,247727272.72727272
sale,Tuned RF/XGBoost Ensemble,5680000000.000001,5363844669.55169,316155330.44831085,0.05566114972681528,mogi,Quận 11,Nhà phố,Nhà phố/nhà ở,Phường 10,35,4,162285714.2857143
sale,Tuned RF/XGBoost Ensemble,7799999999.999991,5404756540.326429,2395243459.673562,0.3070824948299442,mogi,Quận 11,Nhà phố,Nhà phố/nhà ở,Phường 13,34,4,229411764.7058823
sale,Tuned RF/XGBoost Ensemble,10989999999.999989,6120031733.748726,4869968266.251263,0.44312723077809535,mogi,Quận 5,Nhà phố,Nhà phố/nhà ở,Phường 6,54,4,203518518.5185185
sale,Tuned RF/XGBoost Ensemble,17100000000.000006,17482872342.73098,382872342.7309742,0.022390195481343512,mogi,Quận 10,Nhà phố,Nhà phố/nhà ở,Phường 14,90,1,190000000
sale,Tuned RF/XGBoost Ensemble,24000000000.00005,23287994255.2995,712005744.7005501,0.029666906029189526,mogi,Quận 5,Đất nền,Đất/đất nền,Phường 3,139,1,172661870.5035971
sale,Tuned RF/XGBoost Ensemble,4300000000.000001,3904941241.254999,395058758.7450018,0.09187412994069807,mogi,Quận Tân Bình,Nhà phố,Nhà phố/nhà ở,Phường 13,40,2,107500000
sale,Tuned RF/XGBoost Ensemble,7989999999.999993,7925306816.050277,64693183.94971657,0.008096768954908212,mogi,Quận 3,Nhà phố,Nhà phố/nhà ở,Phường 5,44,5,181590909.0909091
sale,Tuned RF/XGBoost Ensemble,58999999999.99997,35658254631.22906,23341745368.770912,0.39562280286052415,mogi,Quận 10,Nhà phố,Nhà phố/nhà ở,Phường 12,235,5,251063829.78723404
sale,Tuned RF/XGBoost Ensemble,5499999999.999991,5317293076.5407715,182706923.45921993,0.03321944062894913,mogi,Quận 4,Căn hộ,Căn hộ,Phường 6,92,2,59782608.69565217
sale,Tuned RF/XGBoost Ensemble,4899999999.999995,5349147577.508664,449147577.5086689,0.0916627709201366,mogi,Quận Bình Thạnh,Nhà phố,Nhà phố/nhà ở,Phường 15,32,5,153125000
sale,Tuned RF/XGBoost Ensemble,2299999999.9999924,2540222749.660939,240222749.66094685,0.10444467376562941,mogi,Quận Bình Thạnh,Nhà phố,Nhà phố/nhà ở,Phường 26,20,1,115000000
sale,Tuned RF/XGBoost Ensemble,3450000000.0000043,3848821052.2183604,398821052.21835613,0.11560030499082773,mogi,Quận Gò Vấp,Nhà phố,Nhà phố/nhà ở,Phường 9,52,2,66346153.84615385
sale,Tuned RF/XGBoost Ensemble,3749999999.9999986,19789013623.52838,16039013623.528383,4.277070299607571,mogi,Quận Phú Nhuận,Nhà phố,Nhà phố/nhà ở,Phường 8,140,4,26785714.285714287
sale,Tuned RF/XGBoost Ensemble,3630000000.000016,4056111707.9112115,426111707.9111953,0.11738614543008082,mogi,Quận Gò Vấp,Nhà phố,Nhà phố/nhà ở,Phường 11,37,3,98108108.1081081
sale,Tuned RF/XGBoost Ensemble,3789999999.9999948,3239461548.1664124,550538451.8335824,0.1452608052331354,mogi,Quận 1,Bất động sản khác,Khác,Phường 1,20,2,189500000
sale,Tuned RF/XGBoost Ensemble,4349999999.999993,4401492544.5534725,51492544.553479195,0.011837366564018225,mogi,Quận Bình Thạnh,Nhà phố,Nhà phố/nhà ở,Phường 22,46,3,94565217.39130434
sale,Tuned RF/XGBoost Ensemble,3880000000.0000157,4170876511.6781087,290876511.67809296,0.07496817311291025,mogi,Quận Bình Thạnh,Nhà phố,Nhà phố/nhà ở,Phường 24,25,2,155200000
sale,Tuned RF/XGBoost Ensemble,5390000000.000021,5905724591.879124,515724591.8791027,0.09568174246365505,mogi,Quận 7,Nhà phố,Nhà phố/nhà ở,Phường Tân Hưng,60,4,89833333.33333333
sale,Tuned RF/XGBoost Ensemble,2900000000.0000033,2936680620.0610423,36680620.06103897,0.01264848967622032,mogi,Quận Gò Vấp,Nhà phố,Nhà phố/nhà ở,Phường 8,24,2,120833333.33333331
sale,Tuned RF/XGBoost Ensemble,7900000000,5688882639.005943,2211117360.9940567,0.2798882735435515,mogi,Quận 12,Nhà phố,Nhà phố/nhà ở,Phường Đông Hưng Thuận,80,3,98750000
sale,Tuned RF/XGBoost Ensemble,2349999999.9999967,4659814987.254013,2309814987.2540164,0.9828999945761786,mogi,Quận Tân Bình,Nhà phố,Đất/đất nền,Phường 15,45,2,52222222.222222224
sale,Tuned RF/XGBoost Ensemble,2450000000.000003,3267985482.244511,817985482.2445083,0.33387162540592136,mogi,Quận Gò Vấp,Bất động sản khác,Nhà phố/nhà ở,Phường 14,35,2,70000000
sale,Tuned RF/XGBoost Ensemble,179999999999.99973,177373576935.39185,2626423064.6078796,0.014591239247821576,mogi,Quận 3,Nhà phố,Tòa nhà/văn phòng/mặt bằng,Phường 11,316,10,569620253.164557
sale,Tuned RF/XGBoost Ensemble,5559999999.999993,4641640605.743347,918359394.2566462,0.1651725529238574,mogi,Quận Phú Nhuận,Bất động sản khác,Biệt thự/cao cấp,Phường 5,40,3,139000000
sale,Tuned RF/XGBoost Ensemble,3779999999.9999995,3759025465.5092983,20974534.4907012,0.005548818648333651,mogi,Quận Gò Vấp,Bất động sản khác,Khác,Phường 3,42,3,90000000
sale,Tuned RF/XGBoost Ensemble,3849999999.999995,3501262321.0167184,348737678.98327684,0.09058121532033175,mogi,Quận Gò Vấp,Bất động sản khác,Nhà phố/nhà ở,Phường 1,28,2,137500000
sale,Tuned RF/XGBoost Ensemble,88999999999.99988,54460430432.33153,34539569567.66835,0.38808505132211685,mogi,Quận Tân Bình,Nhà phố,Nhà phố/nhà ở,Phường 13,203,7,438423645.32019705
sale,Tuned RF/XGBoost Ensemble,6679999999.99999,6874625499.609379,194625499.60938835,0.029135553833740814,mogi,Quận Phú Nhuận,Bất động sản khác,Nhà phố/nhà ở,Phường 2,68,4,98235294.11764704
sale,Tuned RF/XGBoost Ensemble,178999999999.99954,128941158187.90784,50058841812.091705,0.2796583341457644,mogi,Quận 3,Nhà phố,Tòa nhà/văn phòng/mặt bằng,Phường 6 (Phường Võ Thị Sáu),160,7,1118750000
sale,Tuned RF/XGBoost Ensemble,95000000000.00005,78674912257.1906,16325087742.809448,0.17184302887167832,mogi,Quận Tân Bình,Nhà phố,Tòa nhà/văn phòng/mặt bằng,Phường 15,250,5,380000000
sale,Tuned RF/XGBoost Ensemble,450000000000.0001,165681868298.11664,284318131701.8835,0.6318180704486298,mogi,Quận 1,Nhà phố,Tòa nhà/văn phòng/mặt bằng,Phường Nguyễn Cư Trinh,386,10,1165803108.8082902
sale,Tuned RF/XGBoost Ensemble,95000000000.00005,70333442671.1488,24666557328.851242,0.25964797188264455,mogi,Quận Bình Thạnh,Nhà phố,Tòa nhà/văn phòng/mặt bằng,Phường 25,160,6,593750000
sale,Tuned RF/XGBoost Ensemble,3379999999.999998,3191622628.0970693,188377371.90292883,0.05573295026713874,mogi,Quận Gò Vấp,Nhà phố,Nhà phố/nhà ở,Phường 14,24,1,140833333.33333334
sale,Tuned RF/XGBoost Ensemble,4150000000.000004,3634104028.881365,515895971.118639,0.1243122821972623,mogi,Quận Gò Vấp,Nhà phố,Nhà phố/nhà ở,Phường 14,22,3,188636363.63636363
sale,Tuned RF/XGBoost Ensemble,8799999999.999994,9963674525.962421,1163674525.9624271,0.13223574158663953,mogi,Quận Gò Vấp,Nhà phố,Nhà phố/nhà ở,Phường 11,65,4,135384615.3846154
sale,Tuned RF/XGBoost Ensemble,8899999999.999985,6964968318.059312,1935031681.9406729,0.21741929010569394,mogi,Quận Gò Vấp,Nhà phố,Nhà phố/nhà ở,Phường 5,53,4,167924528.3018868
sale,Tuned RF/XGBoost Ensemble,7400000000.000006,5490050033.669776,1909949966.3302298,0.2581013468013822,mogi,Quận 10,Bất động sản khác,Khác,Phường 9,43,4,172093023.25581396
sale,Tuned RF/XGBoost Ensemble,21999999999.999966,17023395323.215044,4976604676.784922,0.22620930349022406,mogi,Quận Tân Bình,Căn hộ,Tòa nhà/văn phòng/mặt bằng,Phường 2,112,13,196428571.42857143
sale,Tuned RF/XGBoost Ensemble,11700000000.000015,10671425742.344934,1028574257.6550808,0.08791232971410935,alonhadat,Huyện Nhà Bè,Nhà ở,Nhà phố/nhà ở,Xã Phước Kiển,184,5,63586956.52173913
sale,Tuned RF/XGBoost Ensemble,173000000000.0001,82218729641.02223,90781270358.97786,0.5247472275085423,alonhadat,Quận 3,Đất,Đất/đất nền,Phường 14,325,5,532307692.3076923
sale,Tuned RF/XGBoost Ensemble,179999999999.99973,148931123600.3988,31068876399.60092,0.17260486888667206,alonhadat,Quận 3,Đất,Tòa nhà/văn phòng/mặt bằng,Phường Xuân Hòa,224,10,803571428.5714285
sale,Tuned RF/XGBoost Ensemble,57000000000.000084,66084954491.74618,9084954491.746094,0.15938516652186105,alonhadat,Quận Phú Nhuận,Đất,Đất/đất nền,Phường Đức Nhuận,253,5,225296442.68774703
sale,Tuned RF/XGBoost Ensemble,22999999999.99998,21565056769.88749,1434943230.1124916,0.06238883609184751,alonhadat,Quận Tân Bình,Mặt bằng,Tòa nhà/văn phòng/mặt bằng,Phường 14,111,5,207207207.2072072
sale,Tuned RF/XGBoost Ensemble,26460000000.0001,18743211396.255623,7716788603.744476,0.29163978094272286,alonhadat,Quận Tân Bình,Nhà ở,Nhà phố/nhà ở,Phường 2,83,1,318795180.72289157
sale,Tuned RF/XGBoost Ensemble,32000000000.00004,30104816289.850853,1895183710.1491852,0.059224490942161964,alonhadat,Quận Tân Phú,Mặt bằng,Tòa nhà/văn phòng/mặt bằng,Phường Tân Sơn Nhì,200,5,160000000
sale,Tuned RF/XGBoost Ensemble,6099999999.999996,5004895852.40899,1095104147.5910063,0.17952527009688637,luachonnhadat,Quận Bình Tân,Đất,Đất/đất nền,Không rõ,56,4,108928571.42857143
sale,Tuned RF/XGBoost Ensemble,19499999999.999924,12151434909.464249,7348565090.535675,0.3768494918223438,luachonnhadat,Quận Bình Tân,Nhà phố,Nhà phố/nhà ở,Không rõ,100,4,195000000
sale,Tuned RF/XGBoost Ensemble,12990000000.000017,12471639108.8284,518360891.1716175,0.039904610559785746,homedy,Quận 8,Nhà phố,Nhà phố/nhà ở,Phường 7,120,0,108250000
sale,Tuned RF/XGBoost Ensemble,5790000000.000001,5514634222.46557,275365777.5344305,0.047558856223563116,mogi,Quận Gò Vấp,Nhà phố,Nhà phố/nhà ở,Phường 16,52,4,111346153.84615384
sale,Tuned RF/XGBoost Ensemble,8899999999.999985,5960620398.075047,2939379601.924938,0.3302673710028026,mogi,Quận Bình Thạnh,Nhà phố,Nhà phố/nhà ở,Phường 3,42,4,211904761.9047619
sale,Tuned RF/XGBoost Ensemble,3099999999.9999986,2741155079.076316,358844920.9236827,0.11575642610441382,mogi,Quận Bình Thạnh,Nhà phố,Nhà phố/nhà ở,Phường 1,20,1,155000000
sale,Tuned RF/XGBoost Ensemble,5949999999.99999,3920866803.096503,2029133196.9034877,0.3410307893955447,mogi,Quận Gò Vấp,Nhà phố,Nhà phố/nhà ở,Phường 8,32,2,185937500
sale,Tuned RF/XGBoost Ensemble,4349999999.999993,3594449995.954828,755550004.0451655,0.17368965610233716,mogi,Quận Gò Vấp,Nhà phố,Nhà phố/nhà ở,Phường 11,29,2,150000000
sale,Tuned RF/XGBoost Ensemble,6500000000.000007,4804262759.988297,1695737240.0117092,0.2608826523094935,mogi,Quận Bình Thạnh,Nhà phố,Nhà phố/nhà ở,Phường 5,41,3,158536585.36585367
sale,Tuned RF/XGBoost Ensemble,9800000000.000006,15073850602.705336,5273850602.70533,0.5381480206842171,mogi,Quận Tân Bình,Nhà phố,Nhà phố/nhà ở,Phường 7,83,5,118072289.15662652
sale,Tuned RF/XGBoost Ensemble,8500000000.0000105,10991169696.605156,2491169696.6051455,0.2930787878358991,mogi,Quận 7,Nhà phố,Nhà phố/nhà ở,Phường Phú Thuận,72,4,118055555.55555557
sale,Tuned RF/XGBoost Ensemble,6199999999.999969,5335543606.464182,864456393.5357866,0.13942845057028888,homedy,Quận Bình Tân,Nhà phố,Nhà phố/nhà ở,Phường Bình Hưng Hòa B,60,4,103333333.33333331
sale,Tuned RF/XGBoost Ensemble,3200000000.000002,5258878355.647964,2058878355.6479616,0.6433994861399877,homedy,Thành phố Thủ Đức,Căn hộ,Căn hộ,Phường Hiệp Bình Chánh,75,2,42666666.666666664
sale,Tuned RF/XGBoost Ensemble,3949999999.999996,2789274009.599084,1160725990.4009123,0.2938546811141553,homedy,Thành phố Thủ Đức,Nhà phố,Nhà phố/nhà ở,Phường Linh Đông,33,0,119696969.6969697
sale,Tuned RF/XGBoost Ensemble,1300000000.0000052,1076363749.5807326,223636250.41927266,0.17202788493790136,homedy,Huyện Củ Chi,Đất nền,Đất/đất nền,Xã Thái Mỹ,100,0,13000000
sale,Tuned RF/XGBoost Ensemble,6699999999.999999,5916390332.556295,783609667.4437037,0.11695666678264235,homedy,Huyện Nhà Bè,Căn hộ,Căn hộ,Xã Phước Kiển,105,3,63809523.809523806
sale,Tuned RF/XGBoost Ensemble,4679999999.999992,9701702475.219667,5021702475.219675,1.0730133494059153,homedy,Quận 3,Bất động sản khác,Khác,Phường 8,45,0,104000000
sale,Tuned RF/XGBoost Ensemble,4379999999.999997,4511211598.68146,131211598.68146324,0.029956986000334092,mogi,Quận Tân Phú,Căn hộ,Căn hộ,Phường Tân Thành,89,3,49213483.14606742
sale,Tuned RF/XGBoost Ensemble,3650000000,3437816411.452199,212183588.54780102,0.05813249001309617,mogi,Quận Tân Bình,Căn hộ,Căn hộ,Phường 15,65,2,56153846.15384615
sale,Tuned RF/XGBoost Ensemble,4999999999.999992,4381117497.566469,618882502.4335232,0.12377650048670483,mogi,Quận Tân Phú,Căn hộ,Căn hộ,Phường Hòa Thạnh,90,3,55555555.55555555
sale,Tuned RF/XGBoost Ensemble,90000000000.00009,108823655662.75377,18823655662.753677,0.20915172958615175,mogi,Quận Bình Thạnh,Nhà phố,Nhà phố/nhà ở,Phường 13,655,3,137404580.15267175
sale,Tuned RF/XGBoost Ensemble,3400000000.0000005,3229919857.7606406,170080142.23935986,0.05002357124687054,mogi,Quận Tân Bình,Căn hộ,Căn hộ,Phường 10,61,2,55737704.91803279
sale,Tuned RF/XGBoost Ensemble,4480000000.0000105,3873045065.5738482,606954934.4261622,0.13548101214869662,mogi,Quận Tân Phú,Căn hộ,Căn hộ,Phường Hòa Thạnh,73,2,61369863.01369863
sale,Tuned RF/XGBoost Ensemble,4349999999.999993,4553414472.276902,203414472.27690887,0.04676194764986418,mogi,Quận Tân Phú,Căn hộ,Căn hộ,Phường Hòa Thạnh,86,3,50581395.34883721
sale,Tuned RF/XGBoost Ensemble,3880000000.0000157,3308095563.187582,571904436.8124337,0.14739805072485346,mogi,Quận Bình Tân,Căn hộ,Căn hộ,Phường Bình Trị Đông,83,3,46746987.95180723
sale,Tuned RF/XGBoost Ensemble,2699999999.999995,2952710706.6819096,252710706.68191433,0.09359655803033881,mogi,Quận Bình Tân,Căn hộ,Căn hộ,Phường Bình Trị Đông A,70,2,38571428.571428575
sale,Tuned RF/XGBoost Ensemble,4100000000.0000052,4212506113.6658607,112506113.66585541,0.02744051552825738,mogi,Quận Tân Phú,Căn hộ,Căn hộ,Phường Phú Trung,74,2,55405405.4054054
sale,Tuned RF/XGBoost Ensemble,7100000000.000022,5601202067.339021,1498797932.6610012,0.21109830037478824,mogi,Quận 10,Căn hộ,Căn hộ,Phường 14,72,2,98611111.1111111
sale,Tuned RF/XGBoost Ensemble,3699999999.999994,4618885647.652452,918885647.6524587,0.24834747233850277,mogi,Quận 3,Căn hộ,Căn hộ,Phường 12,59,1,62711864.40677966
sale,Tuned RF/XGBoost Ensemble,3299999999.999999,2771723622.4635544,528276377.53644466,0.16008375076861964,mogi,Quận Tân Phú,Căn hộ,Căn hộ,Phường Tân Thới Hòa,50,1,66000000
sale,Tuned RF/XGBoost Ensemble,4100000000.0000052,3950983245.4217114,149016754.5782938,0.03634554989714478,mogi,Quận Tân Phú,Căn hộ,Căn hộ,Phường Phú Trung,74,2,55405405.4054054
sale,Tuned RF/XGBoost Ensemble,5199999999.999992,4549384085.444837,650615914.5551558,0.1251184451067609,mogi,Quận Tân Phú,Căn hộ,Căn hộ,Phường Hòa Thạnh,100,3,52000000
sale,Tuned RF/XGBoost Ensemble,3550000000,3440146930.7154684,109853069.2845316,0.030944526559022984,mogi,Quận Tân Phú,Căn hộ,Căn hộ,Phường Tân Thành,68,2,52205882.35294118
sale,Tuned RF/XGBoost Ensemble,4999999999.999992,4570127673.620974,429872326.3790188,0.0859744652758039,mogi,Quận Tân Phú,Căn hộ,Căn hộ,Phường Hòa Thạnh,86,3,58139534.88372093
sale,Tuned RF/XGBoost Ensemble,29999999999.999996,25882895789.07508,4117104210.9249153,0.13723680703083052,mogi,Quận 10,Nhà phố,Nhà phố/nhà ở,Phường 12,88,4,340909090.90909094
sale,Tuned RF/XGBoost Ensemble,35000000000,41926813934.38273,6926813934.382729,0.19790896955379225,mogi,Thành phố Thủ Đức,Đất nền,Đất/đất nền,Phường Hiệp Bình Chánh,400,2,87500000
sale,Tuned RF/XGBoost Ensemble,6199999999.999969,8776734065.232714,2576734065.232745,0.41560226858592875,luachonnhadat,Quận Bình Tân,Nhà phố,Nhà phố/nhà ở,Không rõ,74,4,83783783.78378378
sale,Tuned RF/XGBoost Ensemble,5499999999.999991,7920159078.115365,2420159078.1153736,0.44002892329370497,homedy,Thành phố Thủ Đức,Phòng/Cho thuê,Phòng trọ,Phường Linh Xuân - Thành phố Thủ Đức,100,0,55000000
sale,Tuned RF/XGBoost Ensemble,7700000000.0000105,7314804721.2618685,385195278.738142,0.05002536087508331,homedy,Thành phố Thủ Đức,Nhà phố,Nhà phố/nhà ở,Phường Trường Thọ,75,4,102666666.66666669
sale,Tuned RF/XGBoost Ensemble,5100000000.000008,2740886767.1149898,2359113232.885018,0.46257122213431656,homedy,Thành phố Thủ Đức,Nhà phố,Nhà phố/nhà ở,Phường Linh Trung,59,2,86440677.96610169
sale,Tuned RF/XGBoost Ensemble,21999999999.999966,10854348623.34659,11145651376.653376,0.5066205171206087,homedy,Quận 8,Nhà phố,Nhà phố/nhà ở,Phường 2,80,4,275000000
sale,Tuned RF/XGBoost Ensemble,3789999999.9999948,3111894421.1323667,678105578.8676281,0.17891967780148524,homedy,Quận 12,Bất động sản khác,Nhà phố/nhà ở,Phường Tân Thới Hiệp,48,3,78958333.33333333
sale,Tuned RF/XGBoost Ensemble,259999999999.9999,143310816226.2087,116689183773.7912,0.44880455297612015,homedy,Quận Phú Nhuận,Đất nền,Đất/đất nền,Phường 8,465,0,559139784.9462366
sale,Tuned RF/XGBoost Ensemble,6199999999.999969,2815021589.4301524,3384978410.569816,0.5459642597693279,homedy,Thành phố Thủ Đức,Nhà phố,Nhà phố/nhà ở,Phường Hiệp Bình Chánh,58.6,2,105802047.78156996
sale,Tuned RF/XGBoost Ensemble,10400000000.000002,8002336162.35103,2397663837.6489716,0.23054459977393954,alonhadat,Quận 10,Nhà ở,Nhà phố/nhà ở,Phường 5,25,4,416000000
sale,Tuned RF/XGBoost Ensemble,15800000000.000023,10725891404.720387,5074108595.279636,0.321146113625293,alonhadat,Quận Tân Bình,Nhà ở,Nhà phố/nhà ở,Phường Tân Hòa,60,3,263333333.33333337
sale,Tuned RF/XGBoost Ensemble,19499999999.999924,12040816951.59717,7459183048.402754,0.3825222076103991,luachonnhadat,Quận Bình Tân,Đất,Đất/đất nền,Không rõ,129,4,151162790.69767442
sale,Tuned RF/XGBoost Ensemble,9499999999.999992,9816596576.122105,316596576.1221123,0.033325955381275,luachonnhadat,Quận Bình Tân,Nhà phố,Nhà phố/nhà ở,Không rõ,64,4,148437500
sale,Tuned RF/XGBoost Ensemble,8000000000,12205339182.942211,4205339182.942211,0.5256673978677764,luachonnhadat,Quận 6,Nhà phố,Nhà phố/nhà ở,Không rõ,100,4,80000000
sale,Tuned RF/XGBoost Ensemble,2200000000.000003,2110739762.560713,89260237.43928981,0.04057283519967713,homedy,Quận Gò Vấp,Bất động sản khác,Khác,Phường 3,55,2,40000000
sale,Tuned RF/XGBoost Ensemble,32000000000.00004,35703573500.899345,3703573500.8993073,0.11573667190310322,homedy,Quận 3,Nhà phố,Tòa nhà/văn phòng/mặt bằng,Phường 1,103,0,310679611.65048546
sale,Tuned RF/XGBoost Ensemble,9499999999.999992,10503333485.845291,1003333485.8452988,0.10561405114161049,luachonnhadat,Quận Bình Tân,Nhà phố,Nhà phố/nhà ở,Không rõ,64,4,148437500
sale,Tuned RF/XGBoost Ensemble,5149999999.999993,2150589983.3958573,2999410016.604136,0.5824097119619689,homedy,Quận Tân Phú,Bất động sản khác,Khác,Phường Sơn Kỳ,63,2,81746031.74603175
sale,Tuned RF/XGBoost Ensemble,4899999999.999995,2589207741.2063575,2310792258.7936378,0.47159025689666123,homedy,Quận Bình Tân,Nhà phố,Nhà phố/nhà ở,Phường Tân Tạo A - Quận Bình Tân,55,3,89090909.0909091
sale,Tuned RF/XGBoost Ensemble,1750000000.0000029,2136134641.7059026,386134641.7058997,0.2206483666890852,homedy,Quận Bình Tân,Nhà phố,Nhà phố/nhà ở,Phường Tân Tạo,30,2,58333333.333333336
sale,Tuned RF/XGBoost Ensemble,1150000000.0000005,2602471706.645119,1452471706.6451187,1.263018875343581,homedy,Quận Gò Vấp,Nhà phố,Nhà phố/nhà ở,Phường 1,70,3,16428571.42857143
sale,Tuned RF/XGBoost Ensemble,759999999.9999996,2129559882.0728366,1369559882.0728369,1.8020524764116284,homedy,Quận 12,Nhà phố,Nhà phố/nhà ở,Phường Tân Thới Hiệp,45,0,16888888.888888888
sale,Tuned RF/XGBoost Ensemble,79000000000.00002,69235932626.21939,9764067373.780624,0.12359578954152686,homedy,Quận Bình Thạnh,Đất nền,Tòa nhà/văn phòng/mặt bằng,Phường 22,219,0,360730593.60730594
sale,Tuned RF/XGBoost Ensemble,6600000000.000004,7185905903.299246,585905903.299242,0.08877362171200631,luachonnhadat,Quận Bình Tân,Nhà phố,Nhà phố/nhà ở,Không rõ,74,4,89189189.1891892
sale,Tuned RF/XGBoost Ensemble,10500000000,7808823989.210125,2691176010.789875,0.25630247721808336,luachonnhadat,Quận Bình Tân,Nhà phố,Nhà phố/nhà ở,Không rõ,64,4,164062500
sale,Tuned RF/XGBoost Ensemble,7300000000.000019,5872316937.913061,1427683062.086958,0.19557302220369235,luachonnhadat,Quận Bình Tân,Nhà phố,Nhà phố/nhà ở,Không rõ,56,4,130357142.85714284
sale,Tuned RF/XGBoost Ensemble,9899999999.999996,10862647829.537397,962647829.5374012,0.09723715449872743,luachonnhadat,Quận Bình Tân,Nhà phố,Nhà phố/nhà ở,Không rõ,88,4,112500000
sale,Tuned RF/XGBoost Ensemble,9999999999.999987,8143179225.156717,1856820774.8432693,0.1856820774843272,luachonnhadat,Quận Bình Tân,Nhà phố,Nhà phố/nhà ở,Không rõ,54,4,185185185.1851852
sale,Tuned RF/XGBoost Ensemble,4849999999.999998,5399092616.175786,549092616.1757879,0.113214972407379,luachonnhadat,Quận Bình Tân,Nhà phố,Nhà phố/nhà ở,Không rõ,48,4,101041666.66666669
sale,Tuned RF/XGBoost Ensemble,1689999999.999998,2551215539.9626174,861215539.9626193,0.5095949940607221,homedy,Quận Bình Thạnh,Nhà phố,Nhà phố/nhà ở,Phường 17,60,3,28166666.666666668
sale,Tuned RF/XGBoost Ensemble,1699999999.9999986,2338969852.0661383,638969852.0661397,0.37586461886243544,homedy,Quận Bình Thạnh,Nhà phố,Nhà phố/nhà ở,Phường 14,60,2,28333333.333333332
sale,Tuned RF/XGBoost Ensemble,3500000000.000005,1840284381.8861654,1659715618.1138394,0.4742044623182392,homedy,Huyện Hóc Môn,Nhà phố,Nhà phố/nhà ở,Xã Bà Điểm,59,0,59322033.89830509
sale,Tuned RF/XGBoost Ensemble,5499999999.999991,6058233160.959552,558233160.9595604,0.10149693835628387,homedy,Quận Bình Tân,Bất động sản khác,Nhà phố/nhà ở,Phường Bình Trị Đông,60,4,91666666.66666669
sale,Tuned RF/XGBoost Ensemble,5199999999.999992,1911105477.1880052,3288894522.811987,0.632479715925383,homedy,Quận Bình Tân,Nhà phố,Nhà phố/nhà ở,Phường Bình Trị Đông,42,2,123809523.8095238
sale,Tuned RF/XGBoost Ensemble,2900000000.0000033,2666501646.0650277,233498353.93497562,0.08051667377068115,homedy,Thành phố Thủ Đức,Căn hộ,Căn hộ,Phường Phú Hữu,60,1,48333333.333333336
sale,Tuned RF/XGBoost Ensemble,1999999999.9999988,2487253327.7505827,487253327.7505839,0.24362666387529208,homedy,Quận Tân Bình,Nhà phố,Nhà phố/nhà ở,Phường 15,30,2,66666666.666666664
sale,Tuned RF/XGBoost Ensemble,22999999999.99998,30752807949.061935,7752807949.0619545,0.33707860648095483,luachonnhadat,Quận Bình Tân,Khách sạn,Tòa nhà/văn phòng/mặt bằng,Không rõ,184,0,125000000
sale,Tuned RF/XGBoost Ensemble,11900000000.00002,10384456109.211176,1515543890.7888432,0.12735662947805385,luachonnhadat,Quận Bình Tân,Nhà phố,Nhà phố/nhà ở,Không rõ,88,4,135227272.72727272
sale,Tuned RF/XGBoost Ensemble,20499999999.99993,35664460346.12425,15164460346.124321,0.7397297729816766,luachonnhadat,Quận Bình Tân,Nhà phố,Nhà phố/nhà ở,Không rõ,200,4,102500000
sale,Tuned RF/XGBoost Ensemble,6449999999.999991,9373409598.243704,2923409598.2437124,0.45324179817732035,luachonnhadat,Quận Bình Tân,Đất,Đất/đất nền,Không rõ,80,4,80625000
sale,Tuned RF/XGBoost Ensemble,48000000000.00003,28845160003.768227,19154839996.231804,0.3990591665881623,luachonnhadat,Quận Bình Tân,Nhà phố,Nhà phố/nhà ở,Không rõ,200,4,240000000
sale,Tuned RF/XGBoost Ensemble,949999999.9999999,3035441166.04116,2085441166.04116,2.1952012274117476,homedy,Quận 8,Nhà phố,Nhà phố/nhà ở,Phường 2,68,3,13970588.23529412
sale,Tuned RF/XGBoost Ensemble,8899999999.999985,9013102251.655499,113102251.65551376,0.012708118163540894,homedy,Quận Phú Nhuận,Nhà phố,Nhà phố/nhà ở,Phường 13,69,0,128985507.2463768
sale,Tuned RF/XGBoost Ensemble,3000000000.0000014,2847017767.2704115,152982232.72958994,0.050994077576529954,homedy,Quận Phú Nhuận,Nhà phố,Nhà phố/nhà ở,Phường 10,60,0,50000000
sale,Tuned RF/XGBoost Ensemble,17600000000.000015,10734686115.628159,6865313884.371857,0.3900746525211279,homedy,Quận 8,Nhà phố,Nhà phố/nhà ở,Phường 10,88,0,200000000
sale,Tuned RF/XGBoost Ensemble,21999999999.999966,15802031977.49778,6197968022.502186,0.28172581920464523,luachonnhadat,Quận 6,Nhà phố,Nhà phố/nhà ở,Không rõ,140,4,157142857.14285713
sale,Tuned RF/XGBoost Ensemble,5299999999.999993,4719911047.124277,580088952.8757162,0.10945074582560697,luachonnhadat,Quận Bình Tân,Đất,Đất/đất nền,Không rõ,50,4,106000000
sale,Tuned RF/XGBoost Ensemble,21999999999.999966,15428612263.936644,6571387736.063322,0.2986994425483333,luachonnhadat,Quận Bình Tân,Nhà phố,Nhà phố/nhà ở,Không rõ,100,4,220000000
sale,Tuned RF/XGBoost Ensemble,5899999999.999993,6546748689.603941,646748689.6039476,0.10961842196677091,luachonnhadat,Quận Bình Tân,Nhà phố,Nhà phố/nhà ở,Không rõ,52,4,113461538.46153846
sale,Tuned RF/XGBoost Ensemble,5400000000.000001,5947518617.895098,547518617.8950968,0.10139233664724012,luachonnhadat,Quận 6,Nhà phố,Nhà phố/nhà ở,Không rõ,51,4,105882352.94117647
sale,Tuned RF/XGBoost Ensemble,2020000000.0000033,2192563908.086996,172563908.08699274,0.08542767727078834,homedy,Quận Gò Vấp,Bất động sản khác,Khác,Phường 1,45,0,44888888.88888889
sale,Tuned RF/XGBoost Ensemble,650000000.000001,2756562446.851109,2106562446.851108,3.240865302847854,homedy,Quận Gò Vấp,Nhà phố,Nhà phố/nhà ở,Phường 10,30,3,21666666.666666668
sale,Tuned RF/XGBoost Ensemble,1599999999.9999983,6674670445.066066,5074670445.066068,3.1716690281662956,homedy,Quận 10,Nhà phố,Nhà phố/nhà ở,Phường 13,50,2,32000000
sale,Tuned RF/XGBoost Ensemble,1200000000.0000017,3535230783.6735563,2335230783.6735544,1.9460256530612927,homedy,Quận 12,Nhà phố,Nhà phố/nhà ở,Phường Thạnh Xuân,80,2,15000000
sale,Tuned RF/XGBoost Ensemble,12559999999.999966,11889589575.070587,670410424.9293785,0.05337662618864493,homedy,Thành phố Thủ Đức,Đất nền,Đất/đất nền,Phường Phú Hữu,182,0,69010989.01098901
sale,Tuned RF/XGBoost Ensemble,12799999999.999996,11933216053.811642,866783946.1883545,0.06771749579596521,luachonnhadat,Quận 6,Nhà phố,Nhà phố/nhà ở,Không rõ,64,4,200000000
sale,Tuned RF/XGBoost Ensemble,4499999999.999999,4804225260.582488,304225260.582489,0.06760561346277535,luachonnhadat,Quận Bình Tân,Nhà phố,Nhà phố/nhà ở,Không rõ,47,4,95744680.85106383
sale,Tuned RF/XGBoost Ensemble,2200000000.000003,3794475084.8793654,1594475084.8793626,0.7247614022178911,homedy,Quận Phú Nhuận,Nhà phố,Nhà phố/nhà ở,Không rõ,65,0,33846153.84615385
sale,Tuned RF/XGBoost Ensemble,27500000000.000015,15580884084.557375,11919115915.44264,0.4334223969251867,homedy,Quận 1,Phòng/Cho thuê,Phòng trọ,Phường Nguyễn Thái Bình,68,0,404411764.7058824
sale,Tuned RF/XGBoost Ensemble,6999999999.99999,5048447537.331033,1951552462.6689577,0.27879320895270865,homedy,Quận 4,Bất động sản khác,Khác,Phường 18,105,3,66666666.666666664
sale,Tuned RF/XGBoost Ensemble,24000000000.00005,13381687506.191687,10618312493.808363,0.4424296872420142,homedy,Thành phố Thủ Đức,Nhà phố,Nhà phố/nhà ở,Phường Thảo Điền,86.7,0,276816608.9965398
sale,Tuned RF/XGBoost Ensemble,1329999999.9999993,1652096951.4659402,322096951.46594095,0.24217815899694822,homedy,Quận 12,Nhà phố,Nhà phố/nhà ở,Phường Thạnh Xuân,21,3,63333333.333333336
sale,Tuned RF/XGBoost Ensemble,710000000.0000008,2990032890.6979623,2280032890.6979613,3.211313930560505,homedy,Huyện Củ Chi,Bất động sản khác,Đất/đất nền,Xã Tân Phú Trung,135,0,5259259.259259259
sale,Tuned RF/XGBoost Ensemble,549999999.9999996,814367520.8296913,264367520.82969165,0.4806682196903488,homedy,Huyện Củ Chi,Đất nền,Đất/đất nền,Xã Phước Hiệp,150,0,3666666.6666666665
sale,Tuned RF/XGBoost Ensemble,12499999999.999949,11301605138.78761,1198394861.2123394,0.09587158889698755,luachonnhadat,Quận Bình Tân,Nhà phố,Nhà phố/nhà ở,Không rõ,72,4,173611111.1111111
sale,Tuned RF/XGBoost Ensemble,16899999999.999994,9318763710.27033,7581236289.729664,0.4485938632976134,luachonnhadat,Quận Bình Tân,Nhà phố,Nhà phố/nhà ở,Không rõ,56,4,301785714.28571427
sale,Tuned RF/XGBoost Ensemble,985000000,3443488957.1628857,2458488957.1628857,2.49592787529227,homedy,Quận 8,Nhà phố,Nhà phố/nhà ở,Phường 5,65,0,15153846.153846154
sale,Tuned RF/XGBoost Ensemble,1549999999.9999998,6688153818.714214,5138153818.714214,3.314937947557558,homedy,Quận 10,Nhà phố,Nhà phố/nhà ở,Phường 10 - Quận 10,68,0,22794117.647058822
sale,Tuned RF/XGBoost Ensemble,2299999999.9999924,4851964121.602911,2551964121.6029186,1.1095496180882292,homedy,Huyện Bình Chánh,Đất nền,Đất/đất nền,Xã Phạm Văn Hai,110,0,20909090.90909091
sale,Tuned RF/XGBoost Ensemble,21000000000.000084,23041804442.432858,2041804442.4327736,0.09722878297298883,luachonnhadat,Quận Bình Tân,Đất,Đất/đất nền,Không rõ,232,4,90517241.37931034
sale,Tuned RF/XGBoost Ensemble,5800000000,4947137037.077943,852862962.9220572,0.14704533843483744,luachonnhadat,Quận Bình Tân,Đất,Đất/đất nền,Không rõ,50,4,116000000
sale,Tuned RF/XGBoost Ensemble,1950000000.0000002,2316729074.9136133,366729074.9136131,0.1880661922633913,luachonnhadat,Quận Bình Tân,Nhà phố,Nhà phố/nhà ở,Không rõ,15,4,130000000
sale,Tuned RF/XGBoost Ensemble,18900000000.00001,18299484946.0023,600515053.9977112,0.03177328328030216,chotot,Quận Bình Thạnh,Nhà ở,Nhà phố/nhà ở,Phường 13,126,5,150000000
sale,Tuned RF/XGBoost Ensemble,6400000000.000004,6460426584.365871,60426584.365867615,0.009441653807166809,chotot,Quận 4,Căn hộ/Chung cư,Căn hộ,Phường 18,80,2,80000000
sale,Tuned RF/XGBoost Ensemble,7850000000.000005,7319275523.427149,530724476.57285595,0.06760821357615995,chotot,Quận Bình Thạnh,Nhà ở,Nhà phố/nhà ở,Phường 22,46,3,170652173.91304347
sale,Tuned RF/XGBoost Ensemble,8450000000.000002,3849482504.0283136,4600517495.971688,0.544439940351679,chotot,Huyện Bình Chánh,Nhà ở,Nhà phố/nhà ở,Xã Phong Phú,80,3,105625000
sale,Tuned RF/XGBoost Ensemble,1479999999.9999988,1663423734.1599398,183423734.15994096,0.12393495551347372,chotot,Huyện Bình Chánh,Nhà ở,Nhà phố/nhà ở,Xã Vĩnh Lộc A,40.5,2,36543209.87654321
sale,Tuned RF/XGBoost Ensemble,4949999999.999992,4546239026.003113,403760973.9968796,0.08156787353472328,chotot,Quận Gò Vấp,Nhà ở,Nhà phố/nhà ở,Phường 8,42,3,117857142.85714284
sale,Tuned RF/XGBoost Ensemble,36999999999.99996,24785489848.132545,12214510151.867416,0.330121895996417,chotot,Quận 10,Nhà ở,Nhà phố/nhà ở,Phường 12,64,11,578125000
sale,Tuned RF/XGBoost Ensemble,880000000.0000011,2851122568.8633237,1971122568.8633227,2.2399120100719547,chotot,Huyện Củ Chi,Đất,Đất/đất nền,Xã Thái Mỹ,400,4,2200000
sale,Tuned RF/XGBoost Ensemble,4499999999.999999,6861465854.949193,2361465854.949194,0.5247701899887098,chotot,Thành phố Thủ Đức,Đất,Đất/đất nền,Phường Hiệp Bình Phước (Quận Thủ Đức cũ),105,4,42857142.85714286
sale,Tuned RF/XGBoost Ensemble,5899999999.999993,4487295321.857599,1412704678.142394,0.23944147087159248,chotot,Thành phố Thủ Đức,Nhà ở,Nhà phố/nhà ở,Phường Tam Phú (Quận Thủ Đức cũ),52,2,113461538.46153846
sale,Tuned RF/XGBoost Ensemble,8589999999.999987,6598364171.943698,1991635828.0562887,0.23185516042564513,chotot,Quận 12,Nhà ở,Nhà phố/nhà ở,Phường Tân Thới Hiệp,99,3,86767676.76767677
sale,Tuned RF/XGBoost Ensemble,4300000000.000001,3879594047.9690113,420405952.03098965,0.0977688260537185,chotot,Thành phố Thủ Đức,Nhà ở,Nhà phố/nhà ở,Phường Long Phước (Quận 9 cũ),50,3,86000000
sale,Tuned RF/XGBoost Ensemble,5349999999.99998,5390201173.359031,40201173.35905075,0.007514238011037551,chotot,Quận Bình Tân,Nhà ở,Nhà phố/nhà ở,Phường Bình Hưng Hoà A,52,3,102884615.3846154
sale,Tuned RF/XGBoost Ensemble,6799999999.999998,5736935248.394302,1063064751.6056957,0.15633305170672002,chotot,Quận 12,Nhà ở,Nhà phố/nhà ở,Phường Tân Chánh Hiệp,62,4,109677419.35483871
sale,Tuned RF/XGBoost Ensemble,1599999999.9999983,1764583431.1755552,164583431.1755569,0.10286464448472317,chotot,Huyện Nhà Bè,Nhà ở,Nhà phố/nhà ở,Xã Nhơn Đức,30,2,53333333.333333336
sale,Tuned RF/XGBoost Ensemble,13989999999.999979,13546986035.773476,443013964.2265034,0.03166647349724832,chotot,Thành phố Thủ Đức,Đất,Đất/đất nền,Phường Linh Chiểu (Quận Thủ Đức cũ),191,4,73246073.29842933
sale,Tuned RF/XGBoost Ensemble,4780000000.000023,5515356834.231147,735356834.2311239,0.15384034188935572,chotot,Quận 12,Nhà ở,Nhà phố/nhà ở,Phường Thạnh Xuân,52,4,91923076.92307691
sale,Tuned RF/XGBoost Ensemble,15800000000.000023,8394800165.384165,7405199834.615858,0.468683533836446,chotot,Quận 7,Nhà ở,Nhà phố/nhà ở,Phường Phú Thuận,80,4,197500000
sale,Tuned RF/XGBoost Ensemble,28999999999.999992,25365718208.775024,3634281791.224968,0.12532006176637825,chotot,Quận Tân Phú,Nhà ở,Nhà phố/nhà ở,Phường Tân Sơn Nhì,175,4,165714285.7142857
sale,Tuned RF/XGBoost Ensemble,4949999999.999992,3962269057.7050295,987730942.2949629,0.19954160450403322,chotot,Quận Bình Tân,Nhà ở,Nhà phố/nhà ở,Phường Bình Hưng Hoà B,48,2,103125000
sale,Tuned RF/XGBoost Ensemble,3200000000.000002,3877951794.2737446,677951794.2737427,0.21185993571054446,chotot,Thành phố Thủ Đức,Căn hộ/Chung cư,Căn hộ,Phường Hiệp Bình Phước (Quận Thủ Đức cũ),69,2,46376811.5942029
sale,Tuned RF/XGBoost Ensemble,2032000000.0000093,3719815867.3929534,1687815867.392944,0.8306180449768388,chotot,Thành phố Thủ Đức,Căn hộ/Chung cư,Căn hộ,Phường Thạnh Mỹ Lợi (Quận 2 cũ),62,2,32774193.548387095
sale,Tuned RF/XGBoost Ensemble,4100000000.0000052,6915133783.921471,2815133783.9214654,0.6866179960784053,chotot,Thành phố Thủ Đức,Căn hộ/Chung cư,Căn hộ,Phường An Phú (Quận 2 cũ),71,2,57746478.873239435
sale,Tuned RF/XGBoost Ensemble,2800000000.000003,2655506015.668281,144493984.33172178,0.0516049944041863,chotot,Thành phố Thủ Đức,Căn hộ/Chung cư,Căn hộ,Phường Long Thạnh Mỹ (Quận 9 cũ),54.4,2,51470588.23529412
sale,Tuned RF/XGBoost Ensemble,3699999999.999994,3730255128.6586065,30255128.658612728,0.008177061799625076,chotot,Quận Bình Thạnh,Căn hộ/Chung cư,Căn hộ,Phường 3,54,2,68518518.51851852
sale,Tuned RF/XGBoost Ensemble,5949999999.99999,4413331766.689545,1536668233.3104458,0.2582635686236047,chotot,Quận 12,Đất,Đất/đất nền,Phường Tân Thới Nhất,57,4,104385964.91228072
sale,Tuned RF/XGBoost Ensemble,8150000000.000011,6669854757.814621,1480145242.1853905,0.1816129131515814,chotot,Huyện Nhà Bè,Căn hộ/Chung cư,Căn hộ,Xã Phước Kiển,132.1999,4,61649063.27463182
sale,Tuned RF/XGBoost Ensemble,3199000000.000001,4034214614.16765,835214614.1676493,0.2610861563512501,chotot,Quận 12,Căn hộ/Chung cư,Căn hộ,Phường Thới An,84,3,38083333.333333336
sale,Tuned RF/XGBoost Ensemble,1180000000.0000017,3047291979.208773,1867291979.2087715,1.5824508298379396,chotot,Quận 12,Nhà ở,Nhà phố/nhà ở,Phường Thạnh Lộc,40,2,29500000
sale,Tuned RF/XGBoost Ensemble,790000000,1129625163.2185173,339625163.2185173,0.42990526989685734,chotot,Quận 7,Nhà ở,Nhà phố/nhà ở,Phường Tân Kiểng,11.88,2,66498316.4983165
sale,Tuned RF/XGBoost Ensemble,4549999999.999996,4101716773.8222513,448283226.17774487,0.09852378597313083,chotot,Quận Bình Tân,Nhà ở,Nhà phố/nhà ở,Phường Bình Hưng Hoà B,52,2,87500000
sale,Tuned RF/XGBoost Ensemble,2699999999.999995,4446482077.977205,1746482077.97721,0.6468452140656344,chotot,Quận Tân Bình,Nhà ở,Nhà phố/nhà ở,Phường 15,30,2,90000000
sale,Tuned RF/XGBoost Ensemble,8749999999.999954,6744306746.42838,2005693253.5715742,0.22922208612246683,chotot,Quận Bình Tân,Nhà ở,Nhà phố/nhà ở,Phường Bình Hưng Hoà A,56,5,156250000
sale,Tuned RF/XGBoost Ensemble,2299999999.9999924,3510122249.2754645,1210122249.2754722,0.5261401083806418,chotot,Quận 12,Đất,Đất/đất nền,Phường Thạnh Xuân,60,4,38333333.333333336
sale,Tuned RF/XGBoost Ensemble,14800000000.000015,11496718465.770393,3303281534.229622,0.223194698258758,chotot,Huyện Hóc Môn,Đất,Đất/đất nền,Xã Bà Điểm,300,4,49333333.333333336
sale,Tuned RF/XGBoost Ensemble,3580000000.000005,6261821221.264748,2681821221.264743,0.7491120729789774,chotot,Quận Gò Vấp,Đất,Đất/đất nền,Phường 15,73,4,49041095.89041096
sale,Tuned RF/XGBoost Ensemble,129999999999.99991,76130921678.50691,53869078321.493,0.4143775255499464,alonhadat,Quận 3,Biệt thự,Biệt thự/cao cấp,Phường 13,271,6,479704797.0479705
sale,Tuned RF/XGBoost Ensemble,6699999999.999999,5175465610.169635,1524534389.8303642,0.22754244624333797,luachonnhadat,Quận Bình Tân,Nhà phố,Nhà phố/nhà ở,Không rõ,50,4,134000000
sale,Tuned RF/XGBoost Ensemble,5749999999.999991,4092622683.7799077,1657377316.2200837,0.28823953325566715,luachonnhadat,Quận 6,Nhà phố,Nhà phố/nhà ở,Không rõ,30,4,191666666.66666663
sale,Tuned RF/XGBoost Ensemble,9000000000.000015,9034005994.031923,34005994.031908035,0.0037784437813231085,luachonnhadat,Quận Bình Tân,Nhà phố,Nhà phố/nhà ở,Không rõ,100,4,90000000
sale,Tuned RF/XGBoost Ensemble,27999999999.999973,13227882386.86315,14772117613.136824,0.5275756290406014,luachonnhadat,Quận Bình Tân,Nhà phố,Nhà phố/nhà ở,Không rõ,138,4,202898550.7246377
sale,Tuned RF/XGBoost Ensemble,6199999999.999969,6287469927.956126,87469927.95615768,0.014108052896154537,luachonnhadat,Quận Bình Tân,Nhà phố,Nhà phố/nhà ở,Không rõ,64,4,96875000
sale,Tuned RF/XGBoost Ensemble,4499999999.999999,4616624762.561036,116624762.56103706,0.025916613902452687,chotot,Quận Tân Phú,Nhà ở,Đất/đất nền,Phường Tân Sơn Nhì,40,2,112500000
sale,Tuned RF/XGBoost Ensemble,7680000000.000009,7114195427.546121,565804572.4538879,0.07367247037159991,chotot,Quận 8,Nhà ở,Nhà phố/nhà ở,Phường 3,55,4,139636363.63636363
sale,Tuned RF/XGBoost Ensemble,3599999999.9999967,3307789299.4430327,292210700.5569639,0.08116963904360117,chotot,Quận 8,Căn hộ/Chung cư,Căn hộ,Phường 8,50,1,72000000
sale,Tuned RF/XGBoost Ensemble,3599999999.9999967,7222431577.234437,3622431577.2344403,1.0062309936762344,chotot,Quận 5,Căn hộ/Chung cư,Căn hộ,Phường 9,127,3,28346456.692913387
sale,Tuned RF/XGBoost Ensemble,2980000000.000008,4080296722.8953657,1100296722.8953576,0.3692270882199177,chotot,Quận 6,Nhà ở,Nhà phố/nhà ở,Phường 14,30,2,99333333.33333331
sale,Tuned RF/XGBoost Ensemble,12999999999.999989,7015206133.74369,5984793866.256299,0.4603687589427926,chotot,Quận Bình Thạnh,Nhà ở,Nhà phố/nhà ở,Phường 1,49.5,4,262626262.62626263
sale,Tuned RF/XGBoost Ensemble,5380000000.000003,3797361001.5021996,1582638998.4978032,0.2941708175646473,chotot,Quận Bình Thạnh,Nhà ở,Nhà phố/nhà ở,Phường 26,28,2,192142857.14285713
sale,Tuned RF/XGBoost Ensemble,10899999999.99998,11393574817.679258,493574817.6792774,0.0452820933650714,chotot,Quận 3,Nhà ở,Nhà phố/nhà ở,Phường 10,44,11,247727272.72727272
sale,Tuned RF/XGBoost Ensemble,22499999999.99998,11468122265.261387,11031877734.738594,0.49030567709949346,chotot,Quận Gò Vấp,Nhà ở,Nhà phố/nhà ở,Phường 5,83,1,271084337.3493976
sale,Tuned RF/XGBoost Ensemble,1950000000.0000002,1868390797.002513,81609202.9974873,0.04185087333204477,chotot,Huyện Bình Chánh,Nhà ở,Nhà phố/nhà ở,Xã Bình Chánh,85,2,22941176.470588237
sale,Tuned RF/XGBoost Ensemble,5600000000.000005,10896464120.008106,5296464120.008101,0.9457971642871602,chotot,Quận 10,Nhà ở,Nhà phố/nhà ở,Phường 12,55,5,101818181.8181818
sale,Tuned RF/XGBoost Ensemble,3899999999.9999948,6735648041.805687,2835648041.805692,0.72708924148864,chotot,Quận 3,Nhà ở,Nhà phố/nhà ở,Phường 10,33,3,118181818.1818182
sale,Tuned RF/XGBoost Ensemble,6799999999.999998,7911681030.926411,1111681030.9264126,0.1634825045480019,chotot,Huyện Nhà Bè,Đất,Đất/đất nền,Xã Phước Kiển,167,4,40718562.8742515
sale,Tuned RF/XGBoost Ensemble,1750000000.0000029,1715424200.2238703,34575799.77613258,0.01975759987207573,chotot,Huyện Củ Chi,Đất,Đất/đất nền,Xã Bình Mỹ,100,4,17500000
sale,Tuned RF/XGBoost Ensemble,4549999999.999996,3523659111.0174146,1026340888.9825816,0.22556942615001813,chotot,Quận 12,Đất,Đất/đất nền,Phường Hiệp Thành,60,4,75833333.33333333
sale,Tuned RF/XGBoost Ensemble,1799999999.999998,3087951611.9863706,1287951611.9863725,0.7155286733257632,chotot,Thành phố Thủ Đức,Đất,Đất/đất nền,Phường Long Phước (Quận 9 cũ),62,4,29032258.06451613
sale,Tuned RF/XGBoost Ensemble,5699999999.999994,4017847423.802286,1682152576.1977081,0.2951144870522298,chotot,Quận Bình Tân,Căn hộ/Chung cư,Căn hộ,Phường An Lạc,80,2,71250000
sale,Tuned RF/XGBoost Ensemble,5800000000,4508893224.526082,1291106775.473918,0.22260461646102034,chotot,Huyện Nhà Bè,Căn hộ/Chung cư,Căn hộ,Xã Phước Kiển,83,3,69879518.07228915
sale,Tuned RF/XGBoost Ensemble,4599999999.999997,4979714390.5453825,379714390.54538536,0.08254660664030122,chotot,Huyện Nhà Bè,Căn hộ/Chung cư,Căn hộ,Xã Phước Kiển,105,3,43809523.809523806
sale,Tuned RF/XGBoost Ensemble,4000000000.0000157,4427862615.649142,427862615.64912653,0.10696565391228122,chotot,Quận Tân Phú,Căn hộ/Chung cư,Căn hộ,Phường Tân Thành,78,2,51282051.28205128
sale,Tuned RF/XGBoost Ensemble,5579999999.999992,5261868938.515235,318131061.4847574,0.057012735033110724,chotot,Quận 12,Đất,Đất/đất nền,Phường Thạnh Lộc,94,4,59361702.127659574
sale,Tuned RF/XGBoost Ensemble,3190000000.0000024,3562158392.700544,372158392.7005415,0.11666407294687813,chotot,Thành phố Thủ Đức,Đất,Đất/đất nền,Phường Long Trường (Quận 9 cũ),53,4,60188679.24528302
sale,Tuned RF/XGBoost Ensemble,9899999999.999996,7010989509.134141,2889010490.865855,0.29181924150160166,chotot,Quận 7,Đất,Đất/đất nền,Phường Tân Hưng,53,4,186792452.8301887
sale,Tuned RF/XGBoost Ensemble,3500000000.000005,3717900074.213328,217900074.21332312,0.062257164060949374,chotot,Thành phố Thủ Đức,Đất,Đất/đất nền,Phường Long Trường (Quận 9 cũ),56.9,4,61511423.55008788
sale,Tuned RF/XGBoost Ensemble,26000000000.000023,42762266406.31499,16762266406.314964,0.6447025540890365,chotot,Thành phố Thủ Đức,Đất,Đất/đất nền,Phường Hiệp Bình Chánh (Quận Thủ Đức cũ),504,4,51587301.58730159
sale,Tuned RF/XGBoost Ensemble,2550000000.0000067,3483033565.5647154,933033565.5647087,0.36589551590772795,chotot,Quận Bình Tân,Đất,Đất/đất nền,Phường Tân Tạo,60,4,42500000
sale,Tuned RF/XGBoost Ensemble,49900000000.00027,12171752180.081226,37728247819.91904,0.7560771106196159,chotot,Huyện Hóc Môn,Đất,Đất/đất nền,Xã Tân Hiệp,1877,4,26584976.02557272
sale,Tuned RF/XGBoost Ensemble,15899999999.99998,26862793141.882446,10962793141.882465,0.6894838454014137,chotot,Huyện Củ Chi,Đất,Đất/đất nền,Xã Bình Mỹ,2272,4,6998239.436619719
sale,Tuned RF/XGBoost Ensemble,2949999999.999995,2259257632.76775,690742367.2322454,0.2341499549939819,chotot,Thành phố Thủ Đức,Căn hộ/Chung cư,Căn hộ,Phường Tam Bình (Quận Thủ Đức cũ),47,2,62765957.44680851
sale,Tuned RF/XGBoost Ensemble,1350000000,1421574918.6158087,71574918.61580873,0.05301845823393239,chotot,Huyện Bình Chánh,Căn hộ/Chung cư,Căn hộ,Xã An Phú Tây,55,2,24545454.545454547
sale,Tuned RF/XGBoost Ensemble,3000000000.0000014,3110113505.408306,110113505.40830469,0.036704501802768214,chotot,Huyện Nhà Bè,Căn hộ/Chung cư,Căn hộ,Xã Phú Xuân,75,2,40000000
sale,Tuned RF/XGBoost Ensemble,2200000000.000003,2680560281.8166466,480560281.8166437,0.21843649173483776,chotot,Thành phố Thủ Đức,Căn hộ/Chung cư,Căn hộ,Phường Long Thạnh Mỹ (Quận 9 cũ),54,2,40740740.74074074
sale,Tuned RF/XGBoost Ensemble,7200000000,5169748587.772879,2030251412.2271214,0.2819793628093224,chotot,Quận 12,Đất,Đất/đất nền,Phường An Phú Đông,72,4,100000000
sale,Tuned RF/XGBoost Ensemble,4000000000.0000157,3682094252.371846,317905747.62816954,0.07947643690704208,chotot,Thành phố Thủ Đức,Đất,Đất/đất nền,Phường Long Trường (Quận 9 cũ),61,4,65573770.49180328
sale,Tuned RF/XGBoost Ensemble,11999999999.999998,8687962493.502487,3312037506.497511,0.2760031255414593,chotot,Thành phố Thủ Đức,Đất,Đất/đất nền,Phường Trường Thọ (Quận Thủ Đức cũ),130,4,92307692.3076923
sale,Tuned RF/XGBoost Ensemble,4300000000.000001,6352114921.496105,2052114921.4961042,0.47723602825490785,chotot,Quận Bình Tân,Đất,Đất/đất nền,Phường Tân Tạo,120,4,35833333.333333336
sale,Tuned RF/XGBoost Ensemble,1999999999.9999988,3846052107.5832624,1846052107.5832636,0.9230260537916324,chotot,Quận Bình Tân,Đất,Đất/đất nền,Phường Bình Hưng Hoà B,48,4,41666666.666666664
sale,Tuned RF/XGBoost Ensemble,2499000000,2992301021.711426,493301021.7114258,0.19739936843194308,chotot,Thành phố Thủ Đức,Đất,Đất/đất nền,Phường Long Phước (Quận 9 cũ),61.5,4,40634146.34146342
sale,Tuned RF/XGBoost Ensemble,2180000000.0000014,4401068205.180319,2221068205.1803174,1.0188386262295028,chotot,Quận 12,Đất,Đất/đất nền,Phường An Phú Đông,70,4,31142857.14285714
sale,Tuned RF/XGBoost Ensemble,5499999999.999991,9358114294.574932,3858114294.5749407,0.7014753262863539,chotot,Thành phố Thủ Đức,Nhà ở,Nhà phố/nhà ở,Phường Phước Long B (Quận 9 cũ),80,2,68750000
sale,Tuned RF/XGBoost Ensemble,8200000000.000003,10738519198.23862,2538519198.238618,0.30957551198031913,chotot,Quận 10,Nhà ở,Nhà phố/nhà ở,Phường 13,60,5,136666666.66666666
sale,Tuned RF/XGBoost Ensemble,4700000000.000007,3955987651.8234487,744012348.176558,0.1583004996120334,chotot,Quận Tân Bình,Nhà ở,Nhà phố/nhà ở,Phường 8,28,2,167857142.85714287
sale,Tuned RF/XGBoost Ensemble,16800000000.000029,13107107024.941034,3692892975.0589943,0.21981505803922546,chotot,Quận 7,Nhà ở,Nhà phố/nhà ở,Phường Phú Thuận,97.6999,4,171955140.17926323
sale,Tuned RF/XGBoost Ensemble,3049999999.9999986,3573886912.215944,523886912.21594524,0.1717662007265395,chotot,Quận Gò Vấp,Căn hộ/Chung cư,Căn hộ,Phường 17,65,2,46923076.92307692
sale,Tuned RF/XGBoost Ensemble,4000000000.0000157,2823717159.058989,1176282840.9410267,0.2940707102352555,chotot,Quận 8,Căn hộ/Chung cư,Căn hộ,Phường 6,59,2,67796610.16949153
sale,Tuned RF/XGBoost Ensemble,580000000.0000024,761285804.7320036,181285804.7320012,0.3125617322965525,chotot,Huyện Củ Chi,Đất,Đất/đất nền,Xã Tân Thông Hội,162,4,3580246.9135802467
sale,Tuned RF/XGBoost Ensemble,7200000000,5362657421.458493,1837342578.5415068,0.25518646924187594,chotot,Quận 12,Đất,Đất/đất nền,Phường Thới An,100,4,72000000
sale,Tuned RF/XGBoost Ensemble,3949999999.999996,3870282549.6686864,79717450.3313098,0.02018163299526832,chotot,Thành phố Thủ Đức,Đất,Đất/đất nền,Phường Long Thạnh Mỹ (Quận 9 cũ),73.5998,4,53668624.09952201
sale,Tuned RF/XGBoost Ensemble,8699999999.999987,4686720294.303843,4013279705.696144,0.4612965178961092,chotot,Huyện Hóc Môn,Đất,Đất/đất nền,Xã Thới Tam Thôn,205,4,42439024.3902439
sale,Tuned RF/XGBoost Ensemble,6500000000.000007,7883167665.572709,1383167665.5727024,0.21279502547272322,chotot,Thành phố Thủ Đức,Đất,Đất/đất nền,Phường Bình Chiểu (Quận Thủ Đức cũ),150,4,43333333.333333336
sale,Tuned RF/XGBoost Ensemble,509999999.9999992,840921087.7738224,330921087.7738232,0.6488648779878896,chotot,Huyện Củ Chi,Đất,Đất/đất nền,Thị trấn Củ Chi,101.6998,4,5014759.124403391
sale,Tuned RF/XGBoost Ensemble,21000000000.000084,15790632147.600996,5209367852.399088,0.24806513582852702,chotot,Huyện Hóc Môn,Đất,Đất/đất nền,Xã Nhị Bình,1700,4,12352941.176470589
sale,Tuned RF/XGBoost Ensemble,669999999.9999999,791239525.1629103,121239525.16291046,0.18095451516852312,chotot,Huyện Củ Chi,Đất,Đất/đất nền,Xã Tân Thông Hội,380,4,1763157.894736842
sale,Tuned RF/XGBoost Ensemble,3990000000.0000057,4467902881.272053,477902881.27204704,0.11977515821354545,chotot,Thành phố Thủ Đức,Đất,Đất/đất nền,Phường Linh Xuân (Quận Thủ Đức cũ),68,4,58676470.5882353
sale,Tuned RF/XGBoost Ensemble,998000000.0000005,1757578494.369017,759578494.3690164,0.7611006957605371,chotot,Quận 12,Nhà ở,Nhà phố/nhà ở,Phường Đông Hưng Thuận,28,2,35642857.14285714
sale,Tuned RF/XGBoost Ensemble,5479999999.999999,5808906656.405454,328906656.40545464,0.06001946284771071,chotot,Quận 12,Nhà ở,Nhà phố/nhà ở,Phường Tân Thới Hiệp,55,4,99636363.63636364
sale,Tuned RF/XGBoost Ensemble,3000000000.0000014,4384337670.519571,1384337670.5195699,0.46144589017318977,chotot,Quận 12,Nhà ở,Nhà phố/nhà ở,Phường Tân Thới Nhất,64,2,46875000
sale,Tuned RF/XGBoost Ensemble,3299999999.999999,3862425415.3722267,562425415.3722277,0.17043194405219025,chotot,Huyện Nhà Bè,Nhà ở,Nhà phố/nhà ở,Xã Phước Kiển,50,3,66000000
sale,Tuned RF/XGBoost Ensemble,6280000000.000006,6267460512.332865,12539487.66714096,0.00199673370495875,chotot,Quận Tân Phú,Nhà ở,Nhà phố/nhà ở,Phường Phú Thạnh,44,4,142727272.72727272
sale,Tuned RF/XGBoost Ensemble,3880000000.0000157,5621051603.373168,1741051603.3731523,0.44872464004462503,chotot,Quận 7,Căn hộ/Chung cư,Căn hộ,Phường Tân Phong,72,2,53888888.88888889
sale,Tuned RF/XGBoost Ensemble,1150000000.0000005,1601414360.1885111,451414360.18851066,0.3925342262508787,chotot,Huyện Bình Chánh,Căn hộ/Chung cư,Căn hộ,Xã An Phú Tây,62,2,18548387.09677419
sale,Tuned RF/XGBoost Ensemble,11599999999.999985,7130524490.176531,4469475509.823454,0.3852996129158155,chotot,Quận 7,Căn hộ/Chung cư,Căn hộ,Phường Tân Hưng,120,2,96666666.66666669
sale,Tuned RF/XGBoost Ensemble,7549999999.999967,6747524130.138522,802475869.8614445,0.1062881946836355,chotot,Quận Bình Thạnh,Nhà ở,Nhà phố/nhà ở,Phường 5,70,2,107857142.85714284
sale,Tuned RF/XGBoost Ensemble,1499999999.999998,1125444674.4343536,374555325.5656445,0.24970355037709666,chotot,Huyện Bình Chánh,Nhà ở,Nhà phố/nhà ở,Xã Vĩnh Lộc B,22.5,1,66666666.666666664
sale,Tuned RF/XGBoost Ensemble,7900000000,5565947455.178173,2334052544.821827,0.2954496892179528,chotot,Thành phố Thủ Đức,Nhà ở,Nhà phố/nhà ở,Phường Hiệp Bình Phước (Quận Thủ Đức cũ),52,4,151923076.92307693
sale,Tuned RF/XGBoost Ensemble,3249999999.9999995,3287132164.1000385,37132164.100039005,0.011425281261550464,chotot,Thành phố Thủ Đức,Căn hộ/Chung cư,Căn hộ,Phường Bình Trưng Đông (Quận 2 cũ),60,2,54166666.666666664
sale,Tuned RF/XGBoost Ensemble,1680000000,2201525045.565249,521525045.56524897,0.31043157474121963,chotot,Quận Bình Tân,Căn hộ/Chung cư,Căn hộ,Phường Tân Tạo,50,1,33600000
sale,Tuned RF/XGBoost Ensemble,2500000000.0000005,2558155679.29826,58155679.298259735,0.02326227171930389,chotot,Quận Bình Tân,Căn hộ/Chung cư,Căn hộ,Phường Bình Hưng Hòa,63,2,39682539.68253968
sale,Tuned RF/XGBoost Ensemble,2500000000.0000005,1834493526.8401313,665506473.1598692,0.26620258926394763,chotot,Thành phố Thủ Đức,Căn hộ/Chung cư,Căn hộ,Phường Long Thạnh Mỹ (Quận 9 cũ),35,1,71428571.42857143
sale,Tuned RF/XGBoost Ensemble,3789999999.9999948,3457755163.9293904,332244836.0706043,0.08766354513736274,chotot,Quận Bình Thạnh,Căn hộ/Chung cư,Căn hộ,Phường 12,61,2,62131147.54098361
sale,Tuned RF/XGBoost Ensemble,6500000000.000007,6183662617.477651,316337382.52235603,0.04866728961882395,chotot,Quận 12,Đất,Đất/đất nền,Phường Trung Mỹ Tây,132,4,49242424.24242424
sale,Tuned RF/XGBoost Ensemble,3949999999.999996,3700425514.9970627,249574485.0029335,0.06318341392479335,chotot,Quận 12,Đất,Đất/đất nền,Phường Thạnh Lộc,62,4,63709677.41935484
sale,Tuned RF/XGBoost Ensemble,549999999.9999996,893316305.6778665,343316305.6778668,0.6242114648688492,chotot,Huyện Củ Chi,Đất,Đất/đất nền,Thị trấn Củ Chi,173,4,3179190.7514450867
sale,Tuned RF/XGBoost Ensemble,3650000000,4027342359.4538116,377342359.45381165,0.10338146834351004,chotot,Quận 12,Đất,Đất/đất nền,Phường Đông Hưng Thuận,60,4,60833333.333333336
sale,Tuned RF/XGBoost Ensemble,4000000000.0000157,4011047531.8823686,11047531.882352829,0.0027618829705881964,chotot,Thành phố Thủ Đức,Đất,Đất/đất nền,Phường Trường Thạnh (Quận 9 cũ),61.2,4,65359477.12418301
sale,Tuned RF/XGBoost Ensemble,5499999999.999991,13847235537.47091,8347235537.470918,1.5176791886310783,chotot,Huyện Củ Chi,Đất,Đất/đất nền,Xã Bình Mỹ,1192,4,4614093.959731543
sale,Tuned RF/XGBoost Ensemble,30299999999.999897,28411867891.39024,1888132108.6096573,0.062314591043223226,chotot,Quận Gò Vấp,Đất,Đất/đất nền,Phường 13,400,4,75750000
sale,Tuned RF/XGBoost Ensemble,619999999.999999,719999999.9999999,100000000.00000083,0.16129032258064677,chotot,Huyện Củ Chi,Đất,Đất/đất nền,Thị trấn Củ Chi,225,4,2755555.5555555555
sale,Tuned RF/XGBoost Ensemble,2550000000.0000067,2758361519.8366637,208361519.83665705,0.08171039993594373,chotot,Huyện Hóc Môn,Đất,Đất/đất nền,Xã Xuân Thới Sơn,90,4,28333333.333333332
sale,Tuned RF/XGBoost Ensemble,4100000000.0000052,4187789583.9076605,87789583.90765524,0.021412093636013447,chotot,Thành phố Thủ Đức,Đất,Đất/đất nền,Phường Linh Xuân (Quận Thủ Đức cũ),63,4,65079365.07936508
sale,Tuned RF/XGBoost Ensemble,1150000000.0000005,3492635693.737243,2342635693.7372427,2.0370745162932535,chotot,Quận 12,Đất,Đất/đất nền,Phường Thạnh Lộc,45,4,25555555.555555556
sale,Tuned RF/XGBoost Ensemble,4999999999.999992,5341207632.602414,341207632.60242176,0.06824152652048446,chotot,Quận Gò Vấp,Đất,Đất/đất nền,Phường 12,51,4,98039215.68627451
sale,Tuned RF/XGBoost Ensemble,10500000000,17089478355.807362,6589478355.807362,0.6275693672197488,chotot,Huyện Củ Chi,Đất,Đất/đất nền,Xã Thái Mỹ,4202,4,2498810.0904331272
sale,Tuned RF/XGBoost Ensemble,6999999999.99999,4714725563.450011,2285274436.549979,0.3264677766499975,chotot,Thành phố Thủ Đức,Đất,Đất/đất nền,Phường Linh Chiểu (Quận Thủ Đức cũ),54,4,129629629.62962964
sale,Tuned RF/XGBoost Ensemble,15500000000.00002,8307233739.478597,7192766260.521422,0.46404943616267186,chotot,Thành phố Thủ Đức,Đất,Đất/đất nền,Phường Phước Long B (Quận 9 cũ),100,4,155000000
sale,Tuned RF/XGBoost Ensemble,5899999999.999993,5702822398.672849,197177601.32714462,0.033419932428329635,chotot,Quận 12,Đất,Đất/đất nền,Phường Tân Hưng Thuận,82,4,71951219.51219513
sale,Tuned RF/XGBoost Ensemble,7300000000.000019,6805884615.650048,494115384.3499708,0.06768703895205062,chotot,Quận 10,Căn hộ/Chung cư,Căn hộ,Phường 14,72,2,101388888.8888889
sale,Tuned RF/XGBoost Ensemble,3530000000.000002,3542210050.083872,12210050.083869934,0.0034589377008130105,chotot,Huyện Bình Chánh,Căn hộ/Chung cư,Căn hộ,Thị trấn Tân Túc,85,3,41529411.76470588
sale,Tuned RF/XGBoost Ensemble,2749999999.9999976,2581558323.527432,168441676.47256565,0.06125151871729665,chotot,Huyện Bình Chánh,Căn hộ/Chung cư,Căn hộ,Thị trấn Tân Túc,59,2,46610169.49152543
sale,Tuned RF/XGBoost Ensemble,2949999999.999995,4680260610.13075,1730260610.1307545,0.5865290203833076,chotot,Quận 5,Căn hộ/Chung cư,Căn hộ,Phường 10,80,2,36875000
sale,Tuned RF/XGBoost Ensemble,2854999999.999998,3231152626.29636,376152626.2963619,0.13175223337876082,chotot,Quận 5,Căn hộ/Chung cư,Căn hộ,Phường 6,55,2,51909090.90909091
sale,Tuned RF/XGBoost Ensemble,6727000000.000009,4921577821.642597,1805422178.3574114,0.26838444750370283,chotot,Huyện Bình Chánh,Căn hộ/Chung cư,Căn hộ,Xã Bình Hưng,97,3,69350515.46391752
sale,Tuned RF/XGBoost Ensemble,6400000000.000004,5599689605.554708,800310394.4452963,0.12504849913207747,chotot,Quận 7,Căn hộ/Chung cư,Căn hộ,Phường Phú Thuận,80,2,80000000
sale,Tuned RF/XGBoost Ensemble,4499999999.999999,3080771119.836039,1419228880.16396,0.31538419559199116,chotot,Quận 8,Căn hộ/Chung cư,Căn hộ,Phường 14,68,2,66176470.5882353
sale,Tuned RF/XGBoost Ensemble,3099999999.000003,3800435756.40628,700435757.4062772,0.22594701859103986,chotot,Quận 7,Căn hộ/Chung cư,Căn hộ,Phường Phú Mỹ,77,2,40259740.246753246
sale,Tuned RF/XGBoost Ensemble,2660000000.0000005,2607503812.7511454,52496187.248855114,0.01973540874017109,chotot,Huyện Bình Chánh,Căn hộ/Chung cư,Căn hộ,Thị trấn Tân Túc,60,2,44333333.333333336
sale,Tuned RF/XGBoost Ensemble,4000000000.0000157,4551515800.295187,551515800.2951713,0.13787895007379228,chotot,Quận Tân Phú,Nhà ở,Nhà phố/nhà ở,Phường Phú Thọ Hòa,40,3,100000000
sale,Tuned RF/XGBoost Ensemble,4000000000.0000157,5084756609.092899,1084756609.0928836,0.2711891522732198,chotot,Quận Bình Tân,Nhà ở,Nhà phố/nhà ở,Phường Bình Hưng Hòa,60,3,66666666.666666664
sale,Tuned RF/XGBoost Ensemble,2990000000.000003,3542640836.5604215,552640836.5604186,0.1848297112242201,chotot,Quận 7,Nhà ở,Nhà phố/nhà ở,Phường Phú Mỹ,42,2,71190476.1904762
sale,Tuned RF/XGBoost Ensemble,2600000000.0000024,3804556486.2754207,1204556486.2754183,0.46329095625977584,chotot,Quận 7,Nhà ở,Nhà phố/nhà ở,Phường Tân Thuận Tây,36,2,72222222.22222222
sale,Tuned RF/XGBoost Ensemble,5589999999.999992,4044975474.2440724,1545024525.75592,0.27639079172735637,chotot,Quận 12,Nhà ở,Nhà phố/nhà ở,Phường Tân Chánh Hiệp,60,3,93166666.66666669
sale,Tuned RF/XGBoost Ensemble,5299999999.999993,4762217685.329542,537782314.6704512,0.10146836125857582,chotot,Thành phố Thủ Đức,Đất,Đất/đất nền,Phường Long Trường (Quận 9 cũ),95,4,55789473.68421053
sale,Tuned RF/XGBoost Ensemble,15999999999.999983,12057753788.356989,3942246211.642994,0.24639038822768738,chotot,Huyện Bình Chánh,Đất,Đất/đất nền,Xã Tân Quý Tây,1824,4,8771929.824561404
sale,Tuned RF/XGBoost Ensemble,13500000000.000013,14461010265.264389,961010265.2643757,0.07118594557513887,chotot,Quận 12,Đất,Đất/đất nền,Phường Tân Thới Hiệp,319,4,42319749.21630094
sale,Tuned RF/XGBoost Ensemble,5899999999.999993,4647739837.002223,1252260162.9977703,0.2122474852538596,chotot,Quận Tân Bình,Căn hộ/Chung cư,Căn hộ,Phường 2,67,2,88059701.49253732
sale,Tuned RF/XGBoost Ensemble,3530000000.000002,3318927137.031152,211072862.96885014,0.05979401217247876,chotot,Quận Bình Tân,Căn hộ/Chung cư,Căn hộ,Phường An Lạc A,70,2,50428571.428571425
sale,Tuned RF/XGBoost Ensemble,3500000000.000005,3139262224.397719,360737775.60228586,0.10306793588636724,chotot,Quận 12,Căn hộ/Chung cư,Căn hộ,Phường Tân Thới Nhất,65,2,53846153.84615385
sale,Tuned RF/XGBoost Ensemble,3599999999.9999967,4242793887.792529,642793887.7925324,0.17855385772014806,chotot,Huyện Nhà Bè,Căn hộ/Chung cư,Căn hộ,Xã Phước Kiển,96,2,37500000
sale,Tuned RF/XGBoost Ensemble,1999999999.9999988,2914208750.554517,914208750.554518,0.4571043752772593,chotot,Quận Bình Thạnh,Căn hộ/Chung cư,Căn hộ,Phường 13,50,2,40000000
sale,Tuned RF/XGBoost Ensemble,1999999999.9999988,2933772861.8783236,933772861.8783247,0.46688643093916266,chotot,Thành phố Thủ Đức,Căn hộ/Chung cư,Căn hộ,Phường Long Thạnh Mỹ (Quận 9 cũ),59,2,33898305.084745765
sale,Tuned RF/XGBoost Ensemble,6950000000.000034,5912294690.506503,1037705309.4935312,0.14931011647388864,chotot,Quận Tân Phú,Căn hộ/Chung cư,Căn hộ,Phường Sơn Kỳ,85,2,81764705.88235295
sale,Tuned RF/XGBoost Ensemble,4700000000.000007,4339594596.7605095,360405403.2394972,0.07668200068925461,chotot,Thành phố Thủ Đức,Căn hộ/Chung cư,Căn hộ,Phường Linh Tây (Quận Thủ Đức cũ),80,3,58750000
sale,Tuned RF/XGBoost Ensemble,3599999999.9999967,3043475577.8771186,556524422.1228781,0.15459011725635516,chotot,Quận Tân Bình,Căn hộ/Chung cư,Căn hộ,Phường 15,60,2,60000000
sale,Tuned RF/XGBoost Ensemble,2800000000.000003,2405571505.1125464,394428494.8874564,0.14086731960266285,chotot,Quận 7,Căn hộ/Chung cư,Căn hộ,Phường Tân Phong,38.5999,1,72539048.02862184
sale,Tuned RF/XGBoost Ensemble,2450000000.000003,2514867646.495209,64867646.495206356,0.026476590406206646,chotot,Quận 7,Căn hộ/Chung cư,Căn hộ,Phường Phú Mỹ,48,1,51041666.666666664
sale,Tuned RF/XGBoost Ensemble,3849999999.999995,3942559147.538398,92559147.53840256,0.024041337022961733,chotot,Thành phố Thủ Đức,Căn hộ/Chung cư,Căn hộ,Phường Phước Long B (Quận 9 cũ),66,2,58333333.333333336
sale,Tuned RF/XGBoost Ensemble,4450000000.00001,7642287435.333038,3192287435.333029,0.7173679629961847,chotot,Thành phố Thủ Đức,Đất,Đất/đất nền,Phường Linh Xuân (Quận Thủ Đức cũ),120,4,37083333.333333336
sale,Tuned RF/XGBoost Ensemble,90000000000.00009,74948915538.77145,15051084461.228638,0.16723427179142913,chotot,Quận 8,Đất,Đất/đất nền,Phường 4,553.7,4,162542893.26350006
sale,Tuned RF/XGBoost Ensemble,5100000000.000008,5184039555.922614,84039555.92260647,0.016478344298550263,chotot,Quận Bình Tân,Đất,Đất/đất nền,Phường Bình Trị Đông,68,4,75000000
sale,Tuned RF/XGBoost Ensemble,7300000000.000019,6007142407.452957,1292857592.547062,0.17710377980096692,chotot,Thành phố Thủ Đức,Đất,Đất/đất nền,Phường Hiệp Bình Chánh (Quận Thủ Đức cũ),73,4,100000000
sale,Tuned RF/XGBoost Ensemble,9400000000.000002,8167166649.274992,1232833350.72501,0.1311524841196819,chotot,Thành phố Thủ Đức,Đất,Đất/đất nền,Phường Linh Xuân (Quận Thủ Đức cũ),147,4,63945578.23129251
sale,Tuned RF/XGBoost Ensemble,13199999999.999979,10309076345.407536,2890923654.5924435,0.21900936777215516,chotot,Quận Bình Tân,Nhà ở,Nhà phố/nhà ở,Phường Bình Trị Đông A,100,8,132000000
sale,Tuned RF/XGBoost Ensemble,5899999999.999993,5838621982.401914,61378017.59807968,0.010403053830183008,chotot,Quận Bình Tân,Nhà ở,Nhà phố/nhà ở,Phường Bình Trị Đông B,75,1,78666666.66666667
sale,Tuned RF/XGBoost Ensemble,11700000000.000015,7533165607.271327,4166834392.7286882,0.3561396916862122,chotot,Thành phố Thủ Đức,Nhà ở,Nhà phố/nhà ở,Phường Hiệp Bình Chánh (Quận Thủ Đức cũ),100,3,117000000
sale,Tuned RF/XGBoost Ensemble,3789999999.9999948,5175193737.3943815,1385193737.3943868,0.36548647424654057,chotot,Quận 12,Nhà ở,Nhà phố/nhà ở,Phường Tân Thới Hiệp,45,4,84222222.22222222
sale,Tuned RF/XGBoost Ensemble,9499999999.999992,12795360517.866932,3295360517.8669395,0.3468800545123097,chotot,Quận Tân Bình,Nhà ở,Nhà phố/nhà ở,Phường 14,64,4,148437500
sale,Tuned RF/XGBoost Ensemble,7200000000,6546389741.09612,653610258.9038801,0.0907792026255389,chotot,Quận Tân Phú,Nhà ở,Nhà phố/nhà ở,Phường Phú Thọ Hòa,72,3,100000000
sale,Tuned RF/XGBoost Ensemble,4800000000.000005,4879142259.111896,79142259.1118908,0.016487970648310566,chotot,Quận 12,Đất,Đất/đất nền,Phường Thới An,100,4,48000000
sale,Tuned RF/XGBoost Ensemble,6000000000.000004,4356749528.451289,1643250471.5487146,0.27387507859145227,chotot,Thành phố Thủ Đức,Đất,Đất/đất nền,Phường Linh Chiểu (Quận Thủ Đức cũ),72,4,83333333.33333333
sale,Tuned RF/XGBoost Ensemble,6500000000.000007,4642697520.213719,1857302479.7862873,0.2857388430440439,chotot,Quận 12,Đất,Đất/đất nền,Phường Hiệp Thành,108,4,60185185.18518519
sale,Tuned RF/XGBoost Ensemble,600000000.0000008,864273086.3722261,264273086.37222528,0.4404551439537082,chotot,Huyện Củ Chi,Đất,Đất/đất nền,Thị trấn Củ Chi,100,4,6000000
sale,Tuned RF/XGBoost Ensemble,4499999999.999999,6695995968.89017,2195995968.890171,0.4879991041978159,chotot,Quận Bình Tân,Đất,Đất/đất nền,Phường Bình Trị Đông A,120,4,37500000
sale,Tuned RF/XGBoost Ensemble,6799999999.999998,5941130670.295241,858869329.7047567,0.12630431319187602,chotot,Thành phố Thủ Đức,Đất,Đất/đất nền,Phường Tăng Nhơn Phú A (Quận 9 cũ),99,4,68686868.68686868
sale,Tuned RF/XGBoost Ensemble,2600000000.0000024,3268562806.1501994,668562806.150197,0.25713954082699864,chotot,Quận 8,Căn hộ/Chung cư,Căn hộ,Phường 7,80,2,32500000
sale,Tuned RF/XGBoost Ensemble,4849999999.999998,4446101740.81997,403898259.18002796,0.08327799158351096,chotot,Quận 6,Căn hộ/Chung cư,Căn hộ,Phường 11,83,2,58433734.93975904
sale,Tuned RF/XGBoost Ensemble,4499999999.999999,4727574036.965154,227574036.96515465,0.05057200821447882,chotot,Quận Tân Phú,Căn hộ/Chung cư,Căn hộ,Phường Tân Thành,82,2,54878048.780487806
sale,Tuned RF/XGBoost Ensemble,6099999999.999996,6889010772.85131,789010772.8513136,0.129346028336281,chotot,Quận Phú Nhuận,Căn hộ/Chung cư,Căn hộ,Phường 9,75,2,81333333.33333333
sale,Tuned RF/XGBoost Ensemble,6900000000.000009,6882032269.497178,17967730.502830505,0.0026040189134536934,chotot,Thành phố Thủ Đức,Nhà ở,Nhà phố/nhà ở,Phường Linh Chiểu (Quận Thủ Đức cũ),75,2,92000000
sale,Tuned RF/XGBoost Ensemble,3500000000.000005,3531729554.3985047,31729554.398499966,0.009065586970999977,chotot,Thành phố Thủ Đức,Căn hộ/Chung cư,Căn hộ,Phường Long Thạnh Mỹ (Quận 9 cũ),69,2,50724637.68115942
sale,Tuned RF/XGBoost Ensemble,6500000000.000007,8337692097.988561,1837692097.988554,0.282721861229008,chotot,Quận 12,Nhà ở,Nhà phố/nhà ở,Phường Thạnh Xuân,104,5,62500000
sale,Tuned RF/XGBoost Ensemble,15949999999.999962,8827539592.826447,7122460407.173515,0.4465492418290616,chotot,Quận 12,Nhà ở,Nhà phố/nhà ở,Phường Tân Thới Hiệp,109,5,146330275.2293578
sale,Tuned RF/XGBoost Ensemble,889000000.0000004,1276533047.452372,387533047.4523717,0.43592018836037294,chotot,Quận 7,Nhà ở,Nhà phố/nhà ở,Phường Tân Hưng,12,1,74083333.33333333
sale,Tuned RF/XGBoost Ensemble,11200000000.000017,30278728999.37339,19078728999.373375,1.70345794637262,chotot,Quận 7,Nhà ở,Nhà phố/nhà ở,Phường Tân Thuận Đông,150,5,74666666.66666667
sale,Tuned RF/XGBoost Ensemble,5380000000.000003,4222944386.528513,1157055613.47149,0.21506609915826938,chotot,Quận Bình Thạnh,Nhà ở,Nhà phố/nhà ở,Phường 26,25,2,215200000
sale,Tuned RF/XGBoost Ensemble,4499999999.999999,4658654338.034498,158654338.03449917,0.035256519563222045,chotot,Quận Gò Vấp,Nhà ở,Nhà phố/nhà ở,Phường 14,47,3,95744680.85106383
sale,Tuned RF/XGBoost Ensemble,4540000000.000002,5124540145.0900545,584540145.0900526,0.12875333592291902,chotot,Quận Tân Phú,Nhà ở,Nhà phố/nhà ở,Phường Phú Thạnh,40,3,113500000
sale,Tuned RF/XGBoost Ensemble,9499999999.999992,14981918168.096464,5481918168.096472,0.5770440176943659,chotot,Quận 12,Đất,Đất/đất nền,Phường Thới An,795,4,11949685.534591194
sale,Tuned RF/XGBoost Ensemble,3800000000.0000014,3902515836.9039307,102515836.90392923,0.026977851816823474,chotot,Quận 12,Đất,Đất/đất nền,Phường Tân Chánh Hiệp,56,4,67857142.85714285
sale,Tuned RF/XGBoost Ensemble,578999999.9999998,719999999.9999999,141000000.00000012,0.24352331606217648,chotot,Huyện Củ Chi,Đất,Đất/đất nền,Thị trấn Củ Chi,260,4,2226923.076923077
sale,Tuned RF/XGBoost Ensemble,3650000000,4736996055.875783,1086996055.875783,0.2978071385961049,chotot,Quận Bình Tân,Đất,Đất/đất nền,Phường Bình Hưng Hòa,70.5998,4,51699863.17241692
sale,Tuned RF/XGBoost Ensemble,1400000000,1736893584.8349776,336893584.8349776,0.24063827488212688,chotot,Huyện Bình Chánh,Đất,Đất/đất nền,Xã Bình Hưng,100,4,14000000
sale,Tuned RF/XGBoost Ensemble,3299999999.999999,3170082687.943874,129917312.05612516,0.03936888244125006,chotot,Quận Tân Phú,Căn hộ/Chung cư,Căn hộ,Phường Hòa Thạnh,60,2,55000000
sale,Tuned RF/XGBoost Ensemble,9999999999.999987,10970952714.972492,970952714.9725056,0.09709527149725068,chotot,Quận Bình Thạnh,Căn hộ/Chung cư,Căn hộ,Phường 22,90,2,111111111.1111111
sale,Tuned RF/XGBoost Ensemble,3350000000.000003,3544999995.5935426,194999995.5935397,0.05820895390851927,chotot,Quận 8,Căn hộ/Chung cư,Căn hộ,Phường 6,80,3,41875000
sale,Tuned RF/XGBoost Ensemble,2200000000.000003,2226388997.963324,26388997.96332121,0.011994999074236897,chotot,Quận Tân Phú,Căn hộ/Chung cư,Căn hộ,Phường Tân Quý,47,2,46808510.63829787
sale,Tuned RF/XGBoost Ensemble,500000000.0000006,723068761.5364183,223068761.53641772,0.44613752307283494,chotot,Huyện Củ Chi,Đất,Đất/đất nền,Xã Tân Thông Hội,200,4,2500000
sale,Tuned RF/XGBoost Ensemble,16190000000.000002,15556152809.274055,633847190.7259464,0.03915053679592009,chotot,Quận 12,Đất,Đất/đất nền,Phường Đông Hưng Thuận,196,4,82602040.81632653
sale,Tuned RF/XGBoost Ensemble,1599999999.9999983,3341344633.334907,1741344633.3349087,1.0883403958343192,chotot,Huyện Bình Chánh,Đất,Đất/đất nền,Xã Phong Phú,100,4,16000000
sale,Tuned RF/XGBoost Ensemble,5850000000.000003,6776398778.755456,926398778.7554531,0.15835876559922268,chotot,Thành phố Thủ Đức,Đất,Đất/đất nền,Phường Long Trường (Quận 9 cũ),112,4,52232142.85714286
sale,Tuned RF/XGBoost Ensemble,15999999999.999983,16909451539.185299,909451539.1853161,0.05684072119908232,chotot,Thành phố Thủ Đức,Đất,Đất/đất nền,Phường Phước Long B (Quận 9 cũ),200,4,80000000
sale,Tuned RF/XGBoost Ensemble,18999999999.999916,14847190456.85361,4152809543.146307,0.21856892332349082,chotot,Huyện Hóc Môn,Đất,Đất/đất nền,Xã Nhị Bình,1800,4,10555555.555555556
sale,Tuned RF/XGBoost Ensemble,4450000000.00001,3404997628.923113,1045002371.0768967,0.23483199350042572,chotot,Quận 8,Căn hộ/Chung cư,Căn hộ,Phường 8,60,2,74166666.66666667
sale,Tuned RF/XGBoost Ensemble,4200000000.0000005,3957885096.242252,242114903.7577486,0.0576464056566068,chotot,Quận Tân Phú,Căn hộ/Chung cư,Căn hộ,Phường Hòa Thạnh,71,2,59154929.57746479
sale,Tuned RF/XGBoost Ensemble,5299999999.999993,5615074778.235055,315074778.23506165,0.05944807136510605,chotot,Quận 7,Căn hộ/Chung cư,Căn hộ,Phường Phú Mỹ,124,3,42741935.48387097
sale,Tuned RF/XGBoost Ensemble,8300000000.000012,7074770666.833168,1225229333.1668444,0.14761799194781236,chotot,Quận Tân Phú,Nhà ở,Đất/đất nền,Phường Tây Thạnh,61,3,136065573.7704918
sale,Tuned RF/XGBoost Ensemble,6400000000.000004,5799336477.965268,600663522.0347357,0.09385367531792739,chotot,Quận 6,Nhà ở,Nhà phố/nhà ở,Phường 12,52,3,123076923.07692309
sale,Tuned RF/XGBoost Ensemble,24000000000.00005,17729705769.44414,6270294230.555908,0.26126225960649563,chotot,Quận 7,Nhà ở,Nhà phố/nhà ở,Phường Tân Phong,96,4,250000000
sale,Tuned RF/XGBoost Ensemble,680000000.0000005,719999999.9999999,39999999.999999404,0.05882352941176379,chotot,Huyện Củ Chi,Đất,Đất/đất nền,Thị trấn Củ Chi,181,4,3756906.0773480665
sale,Tuned RF/XGBoost Ensemble,3500000000.000005,4035081983.705471,535081983.7054663,0.15288056677299017,chotot,Quận Bình Tân,Đất,Đất/đất nền,Phường Bình Trị Đông A,50,4,70000000
sale,Tuned RF/XGBoost Ensemble,6000000000.000004,5241155767.281434,758844232.7185698,0.1264740387864282,chotot,Thành phố Thủ Đức,Đất,Đất/đất nền,Phường Long Trường (Quận 9 cũ),93,4,64516129.03225806
sale,Tuned RF/XGBoost Ensemble,12499999999.999949,16797083206.515259,4297083206.51531,0.34376665652122623,chotot,Thành phố Thủ Đức,Đất,Đất/đất nền,Phường Long Thạnh Mỹ (Quận 9 cũ),401.7998,4,31110020.46292706
sale,Tuned RF/XGBoost Ensemble,3800000000.0000014,1338168295.5684986,2461831704.431503,0.6478504485346057,chotot,Huyện Củ Chi,Đất,Đất/đất nền,Xã Tân Phú Trung,95,4,40000000
sale,Tuned RF/XGBoost Ensemble,4250000000.000002,4269475788.3700843,19475788.37008238,0.004582538440019381,chotot,Thành phố Thủ Đức,Nhà ở,Nhà phố/nhà ở,Phường Linh Tây (Quận Thủ Đức cũ),58.74,2,72352740.89206673
sale,Tuned RF/XGBoost Ensemble,1050000000.0000017,1667033008.4918535,617033008.4918518,0.5876504842779532,chotot,Huyện Củ Chi,Nhà ở,Nhà phố/nhà ở,Xã Bình Mỹ,40,3,26250000
sale,Tuned RF/XGBoost Ensemble,6349999999.999992,9073654802.496695,2723654802.496702,0.42892201614121345,chotot,Quận Tân Bình,Nhà ở,Nhà phố/nhà ở,Phường 15,48,8,132291666.66666669
sale,Tuned RF/XGBoost Ensemble,6900000000.000009,6574146278.190268,325853721.809741,0.047225177073875454,chotot,Quận 7,Nhà ở,Nhà phố/nhà ở,Phường Phú Thuận,66,4,104545454.54545456
sale,Tuned RF/XGBoost Ensemble,7799999999.999991,9688364016.883379,1888364016.8833876,0.24209795088248584,chotot,Quận Tân Bình,Nhà ở,Nhà phố/nhà ở,Phường 10,72,3,108333333.33333331
sale,Tuned RF/XGBoost Ensemble,32500000000.00002,20984654623.48357,11515345376.516449,0.354318319277429,chotot,Quận 10,Nhà ở,Nhà phố/nhà ở,Phường 7,64,8,507812500
sale,Tuned RF/XGBoost Ensemble,2800000000.000003,3285742298.2764707,485742298.2764678,0.17347939224159548,chotot,Huyện Nhà Bè,Căn hộ/Chung cư,Căn hộ,Xã Phú Xuân,95,2,29473684.210526317
sale,Tuned RF/XGBoost Ensemble,3000000000.0000014,3016599897.1346645,16599897.134663105,0.005533299044887699,chotot,Huyện Bình Chánh,Căn hộ/Chung cư,Căn hộ,Xã Phong Phú,65,2,46153846.15384615
sale,Tuned RF/XGBoost Ensemble,2949999999.999995,3079696924.8643627,129696924.86436749,0.043965059276056845,chotot,Quận 12,Căn hộ/Chung cư,Căn hộ,Phường Tân Thới Nhất,65,2,45384615.384615384
sale,Tuned RF/XGBoost Ensemble,2550000000.0000067,1327382467.709419,1222617532.2905877,0.4794578558002292,chotot,Quận 12,Nhà ở,Nhà phố/nhà ở,Phường Thới An,28,2,91071428.57142857
sale,Tuned RF/XGBoost Ensemble,2150000000.000002,2002567816.8724813,147432183.12752056,0.06857310843140485,chotot,Quận Bình Tân,Nhà ở,Nhà phố/nhà ở,Phường An Lạc,15.8,2,136075949.36708862
sale,Tuned RF/XGBoost Ensemble,9600000000.000006,10741653471.083813,1141653471.083807,0.11892223657122983,chotot,Quận Bình Tân,Nhà ở,Nhà phố/nhà ở,Phường Bình Hưng Hoà A,136,1,70588235.29411764
sale,Tuned RF/XGBoost Ensemble,16899999999.999994,18198067673.4577,1298067673.4577045,0.07680873807442042,chotot,Thành phố Thủ Đức,Đất,Đất/đất nền,Phường Hiệp Bình Chánh (Quận Thủ Đức cũ),200,4,84500000
sale,Tuned RF/XGBoost Ensemble,24499999999.999966,17837587855.367134,6662412144.632832,0.27193518957685064,chotot,Huyện Củ Chi,Đất,Đất/đất nền,Xã Hòa Phú,3020.8,4,8110434.322033898
sale,Tuned RF/XGBoost Ensemble,2380000000.000002,5049011733.635239,2669011733.6352367,1.1214335015274095,chotot,Quận 12,Đất,Đất/đất nền,Phường Thạnh Xuân,90,4,26444444.444444444
sale,Tuned RF/XGBoost Ensemble,8500000000.0000105,20234398150.252743,11734398150.252731,1.3805174294414961,chotot,Huyện Nhà Bè,Đất,Đất/đất nền,Thị trấn Nhà Bè,424,4,20047169.811320756
sale,Tuned RF/XGBoost Ensemble,1999999999.9999988,769178812.3412094,1230821187.6587894,0.6154105938293951,chotot,Huyện Củ Chi,Đất,Đất/đất nền,Xã Tân Phú Trung,300,4,6666666.666666667
sale,Tuned RF/XGBoost Ensemble,8790000000.000006,7586802817.295912,1203197182.704094,0.13688250087646112,chotot,Quận 12,Nhà ở,Biệt thự/cao cấp,Phường Hiệp Thành,90,4,97666666.66666669
sale,Tuned RF/XGBoost Ensemble,3150000000.0000005,3519719235.3042817,369719235.30428123,0.11737118581088292,chotot,Huyện Hóc Môn,Nhà ở,Nhà phố/nhà ở,Xã Bà Điểm,66.4,2,47439759.03614458
sale,Tuned RF/XGBoost Ensemble,5889999999.999995,5198103803.236106,691896196.7638893,0.11746964291407298,chotot,Quận 5,Nhà ở,Nhà phố/nhà ở,Phường 5,25,3,235600000
sale,Tuned RF/XGBoost Ensemble,1899999999.9999948,1967306649.155459,67306649.15546417,0.035424552187086504,chotot,Huyện Bình Chánh,Nhà ở,Nhà phố/nhà ở,Xã Tân Kiên,78,2,24358974.35897436
sale,Tuned RF/XGBoost Ensemble,2600000000.0000024,3042565776.596419,442565776.5964165,0.17021760638323694,chotot,Quận 8,Nhà ở,Nhà phố/nhà ở,Phường 15,35,2,74285714.28571428
sale,Tuned RF/XGBoost Ensemble,3899999999.9999948,4293819277.2074614,393819277.2074666,0.1009793018480685,chotot,Quận 5,Căn hộ/Chung cư,Căn hộ,Phường 1,69,2,56521739.13043478
sale,Tuned RF/XGBoost Ensemble,3550000000,3437346838.250077,112653161.74992323,0.03173328499997837,chotot,Quận Bình Thạnh,Căn hộ/Chung cư,Căn hộ,Phường 12,60,2,59166666.666666664
sale,Tuned RF/XGBoost Ensemble,8799999999.999994,6402986351.521379,2397013648.478615,0.2723879145998428,chotot,Huyện Hóc Môn,Nhà ở,Nhà phố/nhà ở,Xã Bà Điểm,125,2,70400000
sale,Tuned RF/XGBoost Ensemble,3729999999.9999943,3333427730.1728883,396572269.827106,0.10631964338528327,chotot,Quận Tân Phú,Nhà ở,Nhà phố/nhà ở,Phường Phú Thọ Hòa,25,2,149200000
sale,Tuned RF/XGBoost Ensemble,3200000000.000002,5045546582.772252,1845546582.7722502,0.5767333071163279,chotot,Quận Tân Bình,Nhà ở,Nhà phố/nhà ở,Phường 10,36,2,88888888.8888889
sale,Tuned RF/XGBoost Ensemble,5579999999.999992,5740733457.924906,160733457.9249134,0.028805279198013196,chotot,Quận Gò Vấp,Nhà ở,Nhà phố/nhà ở,Phường 14,40,4,139500000
sale,Tuned RF/XGBoost Ensemble,7580000000.000001,6846988075.480944,733011924.5190573,0.09670342012124765,chotot,Quận 12,Đất,Đất/đất nền,Phường Thới An,130,4,58307692.307692304
sale,Tuned RF/XGBoost Ensemble,12499999999.999949,8360194661.801968,4139805338.197981,0.33118442705583984,chotot,Huyện Hóc Môn,Đất,Đất/đất nền,Xã Đông Thạnh,940,4,13297872.340425532
sale,Tuned RF/XGBoost Ensemble,11900000000.00002,12265356026.115196,365356026.11517715,0.030702187068502234,chotot,Quận Bình Thạnh,Đất,Đất/đất nền,Phường 17,92,4,129347826.08695652
sale,Tuned RF/XGBoost Ensemble,6099999999.999996,6108834712.104234,8834712.104237556,0.0014483134597110757,chotot,Thành phố Thủ Đức,Đất,Đất/đất nền,Phường Hiệp Bình Chánh (Quận Thủ Đức cũ),68.8,4,88662790.69767442
sale,Tuned RF/XGBoost Ensemble,11200000000.000017,8449727537.038893,2750272462.9611244,0.2455600413358143,chotot,Quận 3,Nhà ở,Nhà phố/nhà ở,Phường 4,40,4,280000000
sale,Tuned RF/XGBoost Ensemble,25000000000.000034,23606436644.947716,1393563355.0523186,0.055742534202092665,chotot,Quận 10,Nhà ở,Nhà phố/nhà ở,Phường 14,120,6,208333333.33333337
sale,Tuned RF/XGBoost Ensemble,3800000000.0000014,2893288358.622721,906711641.3772802,0.23860832667823156,chotot,Quận 12,Nhà ở,Nhà phố/nhà ở,Phường Tân Chánh Hiệp,40,2,95000000
sale,Tuned RF/XGBoost Ensemble,6699999999.999999,7575189355.10403,875189355.1040306,0.13062527688119863,chotot,Quận 10,Nhà ở,Nhà phố/nhà ở,Phường 8,30,5,223333333.33333337
sale,Tuned RF/XGBoost Ensemble,4800000000.000005,4508759411.476171,291240588.5238342,0.06067512260913207,chotot,Thành phố Thủ Đức,Nhà ở,Nhà phố/nhà ở,Phường Linh Chiểu (Quận Thủ Đức cũ),66,2,72727272.72727273
sale,Tuned RF/XGBoost Ensemble,4979999999.999992,5054030802.744118,74030802.74412537,0.014865623040989052,chotot,Quận 8,Nhà ở,Nhà phố/nhà ở,Phường 1,39,3,127692307.6923077
sale,Tuned RF/XGBoost Ensemble,5299999999.999993,6696517525.699871,1396517525.6998777,0.2634938727735622,chotot,Huyện Hóc Môn,Nhà ở,Nhà phố/nhà ở,Xã Bà Điểm,165.5,2,32024169.18429003
sale,Tuned RF/XGBoost Ensemble,5899999999.999993,4842129958.6046295,1057870041.3953638,0.17930000701616355,chotot,Quận 10,Nhà ở,Nhà phố/nhà ở,Phường 13,20,2,295000000
sale,Tuned RF/XGBoost Ensemble,7500000000.0000105,7038422558.27667,461577441.72334003,0.06154365889644525,chotot,Quận Tân Phú,Nhà ở,Nhà phố/nhà ở,Phường Phú Thọ Hòa,68,4,110294117.64705884
sale,Tuned RF/XGBoost Ensemble,15500000000.00002,16895996211.876465,1395996211.8764458,0.09006427173396413,chotot,Quận 8,Nhà ở,Nhà phố/nhà ở,Phường 4,80,9,193750000
sale,Tuned RF/XGBoost Ensemble,4800000000.000005,3761178143.154257,1038821856.845748,0.21642122017619728,chotot,Quận Gò Vấp,Nhà ở,Nhà phố/nhà ở,Phường 14,35,2,137142857.14285713
sale,Tuned RF/XGBoost Ensemble,3949999999.999996,3016018180.551101,933981819.448895,0.23645109353136604,chotot,Huyện Củ Chi,Đất,Đất/đất nền,Xã Tân Thạnh Đông,400,4,9875000
sale,Tuned RF/XGBoost Ensemble,42900000000.00001,13473880786.924046,29426119213.075962,0.6859235247803254,chotot,Huyện Nhà Bè,Đất,Đất/đất nền,Xã Phú Xuân,1170,4,36666666.666666664
sale,Tuned RF/XGBoost Ensemble,539999999.9999995,719999999.9999999,180000000.00000036,0.3333333333333343,chotot,Huyện Củ Chi,Đất,Đất/đất nền,Thị trấn Củ Chi,260,4,2076923.076923077
sale,Tuned RF/XGBoost Ensemble,1119999999.9999995,2116761530.1657495,996761530.16575,0.8899656519337058,chotot,Huyện Hóc Môn,Căn hộ/Chung cư,Căn hộ,Xã Bà Điểm,56,2,20000000
sale,Tuned RF/XGBoost Ensemble,3000000000.0000014,2668864762.9848237,331135237.0151777,0.11037841233839252,chotot,Quận 8,Căn hộ/Chung cư,Căn hộ,Phường 7,66,2,45454545.45454545
sale,Tuned RF/XGBoost Ensemble,3200000000.000002,3399961265.8455534,199961265.8455515,0.0624878955767348,chotot,Quận 11,Căn hộ/Chung cư,Căn hộ,Phường 16,60,1,53333333.333333336
sale,Tuned RF/XGBoost Ensemble,4300000000.000001,3019643367.2468853,1280356632.7531157,0.29775735645421286,chotot,Quận Tân Bình,Căn hộ/Chung cư,Căn hộ,Phường 3,50,2,86000000
sale,Tuned RF/XGBoost Ensemble,2550000000.0000067,3197135411.040598,647135411.0405912,0.25377859256493707,chotot,Huyện Hóc Môn,Đất,Đất/đất nền,Xã Đông Thạnh,60,4,42500000
sale,Tuned RF/XGBoost Ensemble,7400000000.000006,7594856933.9361925,194856933.9361868,0.02633201809948468,chotot,Quận 7,Đất,Đất/đất nền,Phường Phú Thuận,107,4,69158878.5046729
sale,Tuned RF/XGBoost Ensemble,4450000000.00001,4887887610.07044,437887610.07043076,0.09840171012818648,chotot,Quận 12,Đất,Đất/đất nền,Phường Thới An,94.3,4,47189819.7242842
sale,Tuned RF/XGBoost Ensemble,11999999999.999998,13096091352.01044,1096091352.0104427,0.09134094600087024,chotot,Thành phố Thủ Đức,Đất,Đất/đất nền,Phường Linh Trung (Quận Thủ Đức cũ),237,4,50632911.39240506
sale,Tuned RF/XGBoost Ensemble,22999999999.99998,20076840773.204693,2923159226.795288,0.12709387942588218,chotot,Thành phố Thủ Đức,Nhà ở,Nhà phố/nhà ở,Phường Tam Bình (Quận Thủ Đức cũ),263,6,87452471.48288973
sale,Tuned RF/XGBoost Ensemble,5949999999.99999,6074339778.468413,124339778.46842289,0.020897441759398838,chotot,Quận 7,Nhà ở,Nhà phố/nhà ở,Phường Tân Thuận Đông,48,4,123958333.33333331
sale,Tuned RF/XGBoost Ensemble,14150000000.000013,14887734237.327387,737734237.3273735,0.052136695217482175,chotot,Quận Tân Bình,Nhà ở,Nhà phố/nhà ở,Phường 10,70,6,202142857.14285713
sale,Tuned RF/XGBoost Ensemble,4899999999.999995,4544287377.065727,355712622.934268,0.07259441284372824,chotot,Quận Tân Bình,Căn hộ/Chung cư,Căn hộ,Phường 13,65,2,75384615.38461539
sale,Tuned RF/XGBoost Ensemble,2099999999.9999976,1751685480.9355412,348314519.06445646,0.1658640566973604,chotot,Thành phố Thủ Đức,Căn hộ/Chung cư,Căn hộ,Phường Long Thạnh Mỹ (Quận 9 cũ),30,1,70000000
sale,Tuned RF/XGBoost Ensemble,10799999999.999964,3853862210.0281005,6946137789.971863,0.6431609064788784,chotot,Huyện Củ Chi,Đất,Đất/đất nền,Xã Bình Mỹ,367,4,29427792.915531337
sale,Tuned RF/XGBoost Ensemble,2600000000.0000024,3121345422.9867315,521345422.98672915,0.20051747037951104,chotot,Thành phố Thủ Đức,Đất,Đất/đất nền,Phường Trường Thọ (Quận Thủ Đức cũ),40,4,65000000
sale,Tuned RF/XGBoost Ensemble,3299999999.999999,4166087533.2918773,866087533.2918782,0.2624507676642056,chotot,Quận Tân Bình,Nhà ở,Nhà phố/nhà ở,Phường 10,29,2,113793103.44827586
sale,Tuned RF/XGBoost Ensemble,6500000000.000007,5438623286.190592,1061376713.8094149,0.16328872520144827,chotot,Quận 7,Nhà ở,Nhà phố/nhà ở,Phường Phú Thuận,47,4,138297872.34042552
sale,Tuned RF/XGBoost Ensemble,12499999999.999949,9854841606.603968,2645158393.395981,0.21161267147167934,chotot,Quận 6,Nhà ở,Nhà phố/nhà ở,Phường 11,76,6,164473684.21052632
sale,Tuned RF/XGBoost Ensemble,7850000000.000005,7910695888.075858,60695888.07585335,0.007731960264439912,chotot,Quận Phú Nhuận,Nhà ở,Biệt thự/cao cấp,Phường 3,54,3,145370370.37037036
sale,Tuned RF/XGBoost Ensemble,2349999999.9999967,4790452812.939631,2440452812.939635,1.0384905586977184,chotot,Huyện Củ Chi,Đất,Đất/đất nền,Xã Thái Mỹ,1046,4,2246653.919694073
sale,Tuned RF/XGBoost Ensemble,3800000000.0000014,2597002556.329244,1202997443.6707573,0.31657827465019917,chotot,Huyện Củ Chi,Đất,Đất/đất nền,Xã Phú Hòa Đông,506,4,7509881.422924901
sale,Tuned RF/XGBoost Ensemble,44999999999.999886,19657944449.176407,25342055550.82348,0.563156790018301,chotot,Quận Bình Tân,Đất,Đất/đất nền,Phường Bình Trị Đông A,1103.0999,4,40794129.34404219
sale,Tuned RF/XGBoost Ensemble,6679999999.99999,6032792365.184122,647207634.8158684,0.09688737048141756,chotot,Huyện Nhà Bè,Nhà ở,Nhà phố/nhà ở,Thị trấn Nhà Bè,80,4,83500000
sale,Tuned RF/XGBoost Ensemble,6199999999.999969,4609217467.6115,1590782532.3884687,0.25657782780459304,chotot,Thành phố Thủ Đức,Nhà ở,Nhà phố/nhà ở,Phường Hiệp Phú (Quận 9 cũ),77.699700000000007,2,79794387.88051948
sale,Tuned RF/XGBoost Ensemble,6699999999.999999,7216038284.079597,516038284.0795984,0.07702063941486545,chotot,Quận Bình Tân,Nhà ở,Nhà phố/nhà ở,Phường Bình Hưng Hoà A,81.5,6,82208588.95705521
sale,Tuned RF/XGBoost Ensemble,2900000000.0000033,4216404756.47029,1316404756.4702868,0.453932674644926,chotot,Quận 8,Nhà ở,Nhà phố/nhà ở,Phường 7,40,2,72500000
sale,Tuned RF/XGBoost Ensemble,4649999999.999997,3399867853.981391,1250132146.0186062,0.2688456227997004,chotot,Quận Gò Vấp,Nhà ở,Nhà phố/nhà ở,Phường 5,22,2,211363636.36363637
sale,Tuned RF/XGBoost Ensemble,6500000000.000007,8441839451.899201,1941839451.8991947,0.29874453106141424,chotot,Quận Bình Tân,Nhà ở,Nhà phố/nhà ở,Phường Bình Trị Đông,125,2,52000000
sale,Tuned RF/XGBoost Ensemble,21000000000.000084,10313243803.657457,10686756196.342627,0.5088931522067897,chotot,Quận 5,Nhà ở,Nhà phố/nhà ở,Phường 13,54.2999,3,386741043.7219958
sale,Tuned RF/XGBoost Ensemble,11700000000.000015,7372272448.325055,4327727551.67496,0.3698912437329021,chotot,Quận 11,Căn hộ/Chung cư,Căn hộ,Phường 15,116,3,100862068.96551724
sale,Tuned RF/XGBoost Ensemble,11999999999.999998,8933254820.866777,3066745179.1332207,0.25556209826110177,chotot,Quận 5,Căn hộ/Chung cư,Căn hộ,Phường 4,101,3,118811881.18811882
sale,Tuned RF/XGBoost Ensemble,3500000000.000005,5817779328.424006,2317779328.4240017,0.6622226652639995,chotot,Quận 12,Căn hộ/Chung cư,Căn hộ,Không rõ,112,2,31250000
sale,Tuned RF/XGBoost Ensemble,2900000000.0000033,4146442766.941404,1246442766.9414005,0.429807850669448,chotot,Quận Tân Bình,Nhà ở,Nhà phố/nhà ở,Phường 10,26.2,2,110687022.90076336
sale,Tuned RF/XGBoost Ensemble,7500000000.0000105,6558811898.534639,941188101.4653711,0.1254917468620493,chotot,Thành phố Thủ Đức,Nhà ở,Nhà phố/nhà ở,Phường Hiệp Bình Phước (Quận Thủ Đức cũ),60,4,125000000
sale,Tuned RF/XGBoost Ensemble,10400000000.000002,7286297792.506706,3113702207.4932957,0.29939444302820145,chotot,Thành phố Thủ Đức,Nhà ở,Nhà phố/nhà ở,Phường Hiệp Bình Chánh (Quận Thủ Đức cũ),64,4,162500000
sale,Tuned RF/XGBoost Ensemble,5499999999.999991,7666922903.5816355,2166922903.581644,0.39398598246939043,chotot,Thành phố Thủ Đức,Nhà ở,Nhà phố/nhà ở,Phường Tăng Nhơn Phú B (Quận 9 cũ),88,1,62500000
sale,Tuned RF/XGBoost Ensemble,8500000000.0000105,8371141449.723182,128858550.27682877,0.015159829444332777,chotot,Quận 3,Nhà ở,Nhà phố/nhà ở,Phường 2,34,3,250000000
sale,Tuned RF/XGBoost Ensemble,2850000000.000006,3001853928.11287,151853928.11286402,0.0532820800396013,chotot,Quận 7,Căn hộ/Chung cư,Căn hộ,Phường Phú Mỹ,53,1,53773584.905660376
sale,Tuned RF/XGBoost Ensemble,3000000000.0000014,2638694856.8640156,361305143.13598585,0.12043504771199523,chotot,Quận 6,Căn hộ/Chung cư,Căn hộ,Phường 10,50,1,60000000
sale,Tuned RF/XGBoost Ensemble,6600000000.000004,3698429705.0263605,2901570294.9736433,0.43963186287479417,chotot,Quận Tân Bình,Căn hộ/Chung cư,Căn hộ,Phường 2,60,2,110000000
sale,Tuned RF/XGBoost Ensemble,6699999999.999999,5892650634.611889,807349365.3881102,0.1204999052818075,chotot,Quận 4,Căn hộ/Chung cư,Căn hộ,Phường 1,71,2,94366197.18309858
sale,Tuned RF/XGBoost Ensemble,6099999999.999996,6694378591.063487,594378591.0634909,0.09743911328909692,chotot,Quận 7,Căn hộ/Chung cư,Căn hộ,Phường Phú Thuận,131,3,46564885.49618321
sale,Tuned RF/XGBoost Ensemble,5199999999.999992,5928394113.227595,728394113.227603,0.14007579100530845,chotot,Quận 8,Căn hộ/Chung cư,Căn hộ,Phường 5,115,2,45217391.30434783
sale,Tuned RF/XGBoost Ensemble,3699999999.999994,3110759643.573223,589240356.4267707,0.15925415038561397,chotot,Thành phố Thủ Đức,Căn hộ/Chung cư,Căn hộ,Phường Trường Thọ (Quận Thủ Đức cũ),60,2,61666666.666666664
sale,Tuned RF/XGBoost Ensemble,3800000000.0000014,3599208679.9926543,200791320.0073471,0.05283982105456501,chotot,Quận 7,Căn hộ/Chung cư,Căn hộ,Phường Phú Mỹ,70,2,54285714.28571428
sale,Tuned RF/XGBoost Ensemble,5299999999.999993,5305549576.732042,5549576.732048988,0.0010470899494432067,chotot,Quận 7,Căn hộ/Chung cư,Căn hộ,Phường Tân Hưng,78,2,67948717.94871795
sale,Tuned RF/XGBoost Ensemble,4349999999.999993,4746500421.580107,396500421.5801134,0.09114952220232506,chotot,Quận Tân Phú,Căn hộ/Chung cư,Căn hộ,Phường Hòa Thạnh,86,3,50581395.34883721
sale,Tuned RF/XGBoost Ensemble,3679999999.9999933,3734370894.6071205,54370894.60712719,0.01477469962150198,chotot,Quận 7,Căn hộ/Chung cư,Căn hộ,Phường Phú Thuận,68,2,54117647.058823526
sale,Tuned RF/XGBoost Ensemble,2649999999.9999967,4132154423.076978,1482154423.0769815,0.559303555878107,chotot,Huyện Bình Chánh,Căn hộ/Chung cư,Căn hộ,Xã Bình Hưng,75,2,35333333.333333336
sale,Tuned RF/XGBoost Ensemble,3500000000.000005,3818917589.1044126,318917589.1044078,0.09111931117268782,chotot,Quận Bình Tân,Nhà ở,Nhà phố/nhà ở,Phường Bình Trị Đông,44,2,79545454.54545455
sale,Tuned RF/XGBoost Ensemble,15500000000.00002,11349949741.888906,4150050258.1111126,0.26774517794265207,chotot,Quận 7,Nhà ở,Nhà phố/nhà ở,Phường Phú Thuận,150,4,103333333.33333331
sale,Tuned RF/XGBoost Ensemble,3030000000.0000033,3170826504.608434,140826504.60843086,0.04647739426020815,chotot,Huyện Nhà Bè,Căn hộ/Chung cư,Căn hộ,Xã Phú Xuân,75,2,40400000
sale,Tuned RF/XGBoost Ensemble,4800000000.000005,4673556334.618273,126443665.38173199,0.026342430287860805,chotot,Huyện Nhà Bè,Căn hộ/Chung cư,Căn hộ,Xã Phước Kiển,75,2,64000000
sale,Tuned RF/XGBoost Ensemble,4800000000.000005,4531545967.733228,268454032.26677704,0.05592792338891183,chotot,Huyện Nhà Bè,Căn hộ/Chung cư,Căn hộ,Xã Phước Kiển,71.5,2,67132867.13286713
sale,Tuned RF/XGBoost Ensemble,880000000.0000011,3713302361.5412974,2833302361.5412965,3.219661774478742,chotot,Quận Gò Vấp,Nhà ở,Nhà phố/nhà ở,Phường 3,30,1,29333333.333333332
sale,Tuned RF/XGBoost Ensemble,8990000000.00001,6363485484.756699,2626514515.243311,0.2921595678802345,chotot,Thành phố Thủ Đức,Nhà ở,Nhà phố/nhà ở,Phường Bình Trưng Tây (Quận 2 cũ),56,4,160535714.2857143
sale,Tuned RF/XGBoost Ensemble,6790000000.00001,6236490447.302308,553509552.6977015,0.08151834354899863,chotot,Quận 12,Nhà ở,Nhà phố/nhà ở,Phường Thới An,55,4,123454545.45454544
sale,Tuned RF/XGBoost Ensemble,4379999999.999997,3181347491.384761,1198652508.6152363,0.27366495630484866,chotot,Quận Gò Vấp,Nhà ở,Nhà phố/nhà ở,Phường 8,24.3999,2,179508932.41365746
sale,Tuned RF/XGBoost Ensemble,3099999999.9999986,2939476558.5554843,160523441.44451427,0.05178175530468205,chotot,Thành phố Thủ Đức,Căn hộ/Chung cư,Căn hộ,Phường Linh Tây (Quận Thủ Đức cũ),57,2,54385964.9122807
sale,Tuned RF/XGBoost Ensemble,4000000000.0000157,5722148475.196432,1722148475.1964164,0.4305371187991024,chotot,Quận 6,Căn hộ/Chung cư,Căn hộ,Phường 1,94,2,42553191.4893617
sale,Tuned RF/XGBoost Ensemble,8200000000.000003,9205496393.933695,1005496393.933692,0.12262151145532825,chotot,Quận Tân Phú,Nhà ở,Căn hộ,Phường Phú Trung,75,7,109333333.33333331
sale,Tuned RF/XGBoost Ensemble,11500000000.000008,8850971814.480627,2649028185.5193806,0.23035027700168512,chotot,Huyện Hóc Môn,Nhà ở,Biệt thự/cao cấp,Xã Thới Tam Thôn,160,5,71875000
sale,Tuned RF/XGBoost Ensemble,4250000000.000002,5120207204.43264,870207204.4326382,0.20475463633709123,chotot,Thành phố Thủ Đức,Đất,Đất/đất nền,Phường Hiệp Bình Phước (Quận Thủ Đức cũ),65,4,65384615.384615384
sale,Tuned RF/XGBoost Ensemble,3399999999.0000095,3525954561.351975,125954562.35196543,0.03704545952617957,chotot,Quận 12,Đất,Đất/đất nền,Phường Thạnh Xuân,51.5,4,66019417.45631068
sale,Tuned RF/XGBoost Ensemble,3400000000.0000005,3137387054.118632,262612945.88136864,0.0772391017298143,chotot,Huyện Hóc Môn,Đất,Đất/đất nền,Xã Xuân Thới Thượng,82,4,41463414.63414634
sale,Tuned RF/XGBoost Ensemble,4450000000.00001,5102101452.84461,652101452.8446007,0.14653965232462904,chotot,Huyện Hóc Môn,Đất,Đất/đất nền,Xã Bà Điểm,115,4,38695652.17391305
sale,Tuned RF/XGBoost Ensemble,7799999999.999991,6014449594.655014,1785550405.3449774,0.2289167186339717,chotot,Quận Tân Phú,Căn hộ/Chung cư,Căn hộ,Phường Sơn Kỳ,96,2,81250000
sale,Tuned RF/XGBoost Ensemble,2550000000.0000067,3229156419.3453298,679156419.3453231,0.2663358507236554,chotot,Thành phố Thủ Đức,Căn hộ/Chung cư,Căn hộ,Phường Bình Trưng Tây (Quận 2 cũ),60,2,42500000
sale,Tuned RF/XGBoost Ensemble,1499999999.999998,1577825979.2127469,77825979.21274877,0.051883986141832573,chotot,Thành phố Thủ Đức,Căn hộ/Chung cư,Căn hộ,Phường An Phú (Quận 2 cũ),10,2,150000000
sale,Tuned RF/XGBoost Ensemble,9749999999.99999,11518162582.606129,1768162582.6061382,0.1813500084724246,chotot,Quận 3,Căn hộ/Chung cư,Căn hộ,Phường 11,135,3,72222222.22222222
sale,Tuned RF/XGBoost Ensemble,5889999999.999995,7444008876.879013,1554008876.8790178,0.2638385189947401,chotot,Quận Bình Tân,Nhà ở,Nhà phố/nhà ở,Phường Tân Tạo,114,6,51666666.666666664
sale,Tuned RF/XGBoost Ensemble,8990000000.00001,8337981524.9292345,652018475.070775,0.07252708287772795,chotot,Quận 3,Nhà ở,Biệt thự/cao cấp,Phường 4,32,2,280937500
sale,Tuned RF/XGBoost Ensemble,1680000000,3162377137.5202947,1482377137.5202947,0.8823673437620801,chotot,Quận Bình Tân,Nhà ở,Nhà phố/nhà ở,Phường Bình Hưng Hoà B,44,2,38181818.18181818
sale,Tuned RF/XGBoost Ensemble,2349999999.9999967,2731588930.310833,381588930.3108363,0.16237826821737739,chotot,Quận Bình Tân,Nhà ở,Nhà phố/nhà ở,Phường An Lạc,32,2,73437500
sale,Tuned RF/XGBoost Ensemble,2649999999.9999967,4284306668.2834973,1634306668.2835007,0.6167194974654727,chotot,Huyện Hóc Môn,Nhà ở,Nhà phố/nhà ở,Xã Xuân Thới Sơn,76.5,3,34640522.87581699
sale,Tuned RF/XGBoost Ensemble,4849999999.999998,4655860076.142718,194139923.85727978,0.040028850279851515,chotot,Thành phố Thủ Đức,Nhà ở,Nhà phố/nhà ở,Phường Hiệp Bình Chánh (Quận Thủ Đức cũ),61,2,79508196.72131148
sale,Tuned RF/XGBoost Ensemble,7389999999.999999,6859177799.037418,530822200.9625807,0.07182979715325856,chotot,Quận Tân Phú,Nhà ở,Nhà phố/nhà ở,Phường Phú Thạnh,68,4,108676470.58823527
sale,Tuned RF/XGBoost Ensemble,36799999999.99998,32583955105.90754,4216044894.0924377,0.11456643733946849,chotot,Quận Bình Tân,Nhà ở,Nhà phố/nhà ở,Phường Bình Hưng Hòa,650,1,56615384.615384616
sale,Tuned RF/XGBoost Ensemble,3550000000,3347980080.588163,202019919.4118371,0.05690701955263017,chotot,Quận Gò Vấp,Nhà ở,Nhà phố/nhà ở,Phường 14,32,2,110937500
sale,Tuned RF/XGBoost Ensemble,9999999999.999987,8465309247.416227,1534690752.5837593,0.15346907525837614,chotot,Quận 10,Căn hộ/Chung cư,Căn hộ,Phường 14,103,3,97087378.6407767
sale,Tuned RF/XGBoost Ensemble,3000000000.0000014,3062167634.8854527,62167634.88545132,0.020722544961817097,chotot,Quận 12,Căn hộ/Chung cư,Căn hộ,Phường Tân Thới Nhất,65,2,46153846.15384615
sale,Tuned RF/XGBoost Ensemble,3179999999.999995,3684888711.2342644,504888711.23426914,0.15877003497933015,chotot,Thành phố Thủ Đức,Căn hộ/Chung cư,Căn hộ,Phường Linh Xuân (Quận Thủ Đức cũ),70,2,45428571.428571425
sale,Tuned RF/XGBoost Ensemble,3650000000,3753644905.4975634,103644905.49756336,0.028395864519880375,chotot,Huyện Hóc Môn,Đất,Đất/đất nền,Xã Đông Thạnh,112,4,32589285.714285713
sale,Tuned RF/XGBoost Ensemble,5400000000.000001,3877956308.9045568,1522043691.0954442,0.28185994279545257,chotot,Quận 12,Đất,Đất/đất nền,Phường Thới An,60,4,90000000
sale,Tuned RF/XGBoost Ensemble,3849999999.999995,3655771822.5406656,194228177.4593296,0.0504488772621636,chotot,Quận 12,Đất,Đất/đất nền,Phường Thạnh Xuân,56,4,68750000
sale,Tuned RF/XGBoost Ensemble,6000000000.000004,5166341331.014948,833658668.9850559,0.13894311149750924,chotot,Thành phố Thủ Đức,Đất,Đất/đất nền,Phường Long Trường (Quận 9 cũ),90.5998,4,66225311.75565509
sale,Tuned RF/XGBoost Ensemble,520000000.0000001,1331485645.2736166,811485645.2736164,1.5605493178338774,chotot,Huyện Củ Chi,Đất,Đất/đất nền,Xã Bình Mỹ,125,4,4160000
sale,Tuned RF/XGBoost Ensemble,11689999999.99999,8939731965.312801,2750268034.687189,0.23526672666271953,chotot,Quận 12,Đất,Đất/đất nền,Phường Thới An,180,4,64944444.44444445
sale,Tuned RF/XGBoost Ensemble,17500000000.00002,17919578457.156887,419578457.156868,0.023975911837535287,chotot,Quận 12,Nhà ở,Nhà phố/nhà ở,Phường Tân Thới Nhất,220,2,79545454.54545455
sale,Tuned RF/XGBoost Ensemble,610000000.0000012,750892631.3145709,140892631.3145697,0.2309715267451958,chotot,Huyện Củ Chi,Đất,Đất/đất nền,Thị trấn Củ Chi,320,4,1906250
sale,Tuned RF/XGBoost Ensemble,4599999999.999997,4600591739.101397,591739.1013994217,1.286389350868309e-4,chotot,Quận 12,Đất,Đất/đất nền,Phường Hiệp Thành,101,4,45544554.45544554
sale,Tuned RF/XGBoost Ensemble,4700000000.000007,6205334629.0299225,1505334629.0299158,0.3202839636233859,chotot,Quận 12,Đất,Đất/đất nền,Phường Thới An,115,4,40869565.217391305
sale,Tuned RF/XGBoost Ensemble,549999999.9999996,730846256.9569309,180846256.95693123,0.32881137628532975,chotot,Huyện Củ Chi,Đất,Đất/đất nền,Xã Tân Thông Hội,200.1,4,2748625.687156422
sale,Tuned RF/XGBoost Ensemble,4899999999.999995,4405083909.476003,494916090.52399254,0.10100328378040674,chotot,Thành phố Thủ Đức,Đất,Đất/đất nền,Phường Linh Đông (Quận Thủ Đức cũ),56,4,87500000
sale,Tuned RF/XGBoost Ensemble,900000000.0000006,781461865.2326459,118538134.76735473,0.13170903863039404,chotot,Huyện Củ Chi,Đất,Đất/đất nền,Xã Tân An Hội,125,4,7200000
sale,Tuned RF/XGBoost Ensemble,9800000000.000006,9874733599.579983,74733599.57997704,0.0076258775081609175,chotot,Quận Bình Tân,Nhà ở,Nhà phố/nhà ở,Phường Bình Trị Đông,112,3,87500000
sale,Tuned RF/XGBoost Ensemble,2099999999.9999976,2821668531.563559,721668531.5635614,0.3436516816969344,chotot,Quận Tân Bình,Nhà ở,Nhà phố/nhà ở,Phường 5,15,2,140000000
sale,Tuned RF/XGBoost Ensemble,8500000000.0000105,7663483839.560938,836516160.4390726,0.09841366593400842,chotot,Quận 3,Nhà ở,Nhà phố/nhà ở,Phường 3,33,3,257575757.57575756
sale,Tuned RF/XGBoost Ensemble,1950000000.0000002,4995444766.110463,3045444766.110463,1.5617665467233142,chotot,Thành phố Thủ Đức,Nhà ở,Nhà phố/nhà ở,Phường Hiệp Bình Chánh (Quận Thủ Đức cũ),60,2,32500000
sale,Tuned RF/XGBoost Ensemble,15800000000.000023,14073231463.583248,1726768536.4167747,0.10928914787447926,chotot,Quận Bình Thạnh,Nhà ở,Nhà phố/nhà ở,Phường 11,90,11,175555555.55555555
sale,Tuned RF/XGBoost Ensemble,6489999999.999999,10879313481.188616,4389313481.188617,0.6763194886269056,chotot,Quận Gò Vấp,Nhà ở,Nhà phố/nhà ở,Phường 12,68,6,95441176.47058824
sale,Tuned RF/XGBoost Ensemble,9200000000.000013,9771732397.666021,571732397.666008,0.06214482583326165,chotot,Quận 7,Nhà ở,Nhà phố/nhà ở,Phường Phú Thuận,90,4,102222222.22222222
sale,Tuned RF/XGBoost Ensemble,10699999999.999983,8002355034.616154,2697644965.383829,0.2521163519050312,chotot,Quận Bình Thạnh,Nhà ở,Biệt thự/cao cấp,Phường 3,40,5,267500000
sale,Tuned RF/XGBoost Ensemble,5680000000.000001,5271409240.750698,408590759.24930286,0.07193499282558148,chotot,Quận 8,Nhà ở,Nhà phố/nhà ở,Phường 3,36,3,157777777.7777778
sale,Tuned RF/XGBoost Ensemble,18499999999.999985,20820800431.26925,2320800431.269264,0.12544867196050088,chotot,Quận Tân Bình,Nhà ở,Nhà phố/nhà ở,Phường 5,87,1,212643678.16091955
sale,Tuned RF/XGBoost Ensemble,6099999999.999996,6966218674.9121475,866218674.9121513,0.1420030614610085,chotot,Quận 7,Nhà ở,Nhà phố/nhà ở,Phường Phú Thuận,80,4,76250000
sale,Tuned RF/XGBoost Ensemble,11200000000.000017,15538784443.808739,4338784443.808722,0.3873914681972067,chotot,Quận Phú Nhuận,Nhà ở,Nhà phố/nhà ở,Phường 9,85,6,131764705.88235296
sale,Tuned RF/XGBoost Ensemble,3000000000.0000014,2985776975.022699,14223024.977302551,0.004741008325767515,chotot,Quận 8,Căn hộ/Chung cư,Căn hộ,Phường 16,73,2,41095890.4109589
sale,Tuned RF/XGBoost Ensemble,5400000000.000001,6623499829.946691,1223499829.9466896,0.22657404258272026,chotot,Quận 10,Căn hộ/Chung cư,Căn hộ,Phường 14,75,2,72000000
sale,Tuned RF/XGBoost Ensemble,3150000000.0000005,2975934442.8115563,174065557.18844414,0.05525890704395051,chotot,Quận 8,Căn hộ/Chung cư,Căn hộ,Phường 6,49,1,64285714.28571428
sale,Tuned RF/XGBoost Ensemble,6999999999.99999,8259062947.458003,1259062947.4580126,0.1798661353511449,chotot,Thành phố Thủ Đức,Căn hộ/Chung cư,Căn hộ,Phường Thảo Điền (Quận 2 cũ),75,2,93333333.33333331
sale,Tuned RF/XGBoost Ensemble,5800000000,4590020956.880177,1209979043.1198235,0.20861707639996957,chotot,Quận Tân Phú,Căn hộ/Chung cư,Căn hộ,Phường Sơn Kỳ,74,2,78378378.37837838
sale,Tuned RF/XGBoost Ensemble,2600000000.0000024,2367668427.422399,232331572.57760334,0.08935829714523197,chotot,Quận 8,Căn hộ/Chung cư,Căn hộ,Phường 7,62,2,41935483.87096774
sale,Tuned RF/XGBoost Ensemble,4250000000.000002,4582586222.559778,332586222.5597763,0.07825558177877086,chotot,Huyện Nhà Bè,Căn hộ/Chung cư,Căn hộ,Xã Phước Kiển,75,2,56666666.666666664
sale,Tuned RF/XGBoost Ensemble,4200000000.0000005,4126638012.2763677,73361987.72363281,0.017467139934198288,chotot,Quận Tân Phú,Căn hộ/Chung cư,Căn hộ,Phường Hòa Thạnh,74,2,56756756.75675676
sale,Tuned RF/XGBoost Ensemble,449999999.9999995,1035569592.3857429,585569592.3857434,1.301265760857209,chotot,Huyện Củ Chi,Đất,Đất/đất nền,Xã Tân Thông Hội,273,4,1648351.6483516484
sale,Tuned RF/XGBoost Ensemble,2550000000.0000067,3558499538.2737207,1008499538.2737141,0.3954900150092986,chotot,Quận Bình Tân,Đất,Đất/đất nền,Phường Tân Tạo,65,4,39230769.23076923
sale,Tuned RF/XGBoost Ensemble,5550000000.000009,5303488607.306595,246511392.69341373,0.04441646715196637,chotot,Thành phố Thủ Đức,Đất,Căn hộ,Phường Hiệp Bình Phước (Quận Thủ Đức cũ),78.4,4,70790816.3265306
sale,Tuned RF/XGBoost Ensemble,529999999.9999981,719999999.9999999,190000000.0000018,0.3584905660377405,chotot,Huyện Củ Chi,Đất,Đất/đất nền,Xã Tân Thông Hội,192,4,2760416.6666666665
sale,Tuned RF/XGBoost Ensemble,4990000000.000003,5329213626.110507,339213626.11050415,0.06797868258727534,chotot,Huyện Nhà Bè,Đất,Đất/đất nền,Xã Nhơn Đức,135,4,36962962.96296296
sale,Tuned RF/XGBoost Ensemble,2692000000.000004,1197308783.735894,1494691216.2641098,0.555234478552789,chotot,Huyện Củ Chi,Đất,Đất/đất nền,Xã Tân Thông Hội,95,4,28336842.10526316
sale,Tuned RF/XGBoost Ensemble,6000000000.000004,10652463362.726465,4652463362.726461,0.7754105604544097,chotot,Huyện Bình Chánh,Đất,Đất/đất nền,Xã Bình Chánh,473,4,12684989.429175476
sale,Tuned RF/XGBoost Ensemble,4000000000.0000157,6303909827.472043,2303909827.4720273,0.5759774568680046,chotot,Quận Bình Tân,Đất,Đất/đất nền,Phường Tân Tạo,128,4,31250000
sale,Tuned RF/XGBoost Ensemble,12499999999.999949,15691033034.243515,3191033034.2435665,0.25528264273948637,chotot,Thành phố Thủ Đức,Đất,Đất/đất nền,Phường Bình Trưng Đông (Quận 2 cũ),208,4,60096153.84615385
sale,Tuned RF/XGBoost Ensemble,4300000000.000001,3513608039.224592,786391960.7754087,0.18288185134311827,chotot,Huyện Hóc Môn,Đất,Đất/đất nền,Xã Bà Điểm,102,4,42156862.74509804
sale,Tuned RF/XGBoost Ensemble,759999999.9999996,719999999.9999999,39999999.99999976,0.052631578947368134,chotot,Huyện Củ Chi,Đất,Đất/đất nền,Thị trấn Củ Chi,320,4,2375000
sale,Tuned RF/XGBoost Ensemble,3800000000.0000014,4089036263.313745,289036263.3137436,0.07606217455624828,chotot,Huyện Hóc Môn,Đất,Đất/đất nền,Xã Tân Hiệp,105,4,36190476.190476194
sale,Tuned RF/XGBoost Ensemble,4999999999.999992,6817232391.585418,1817232391.5854254,0.36344647831708565,chotot,Quận 11,Nhà ở,Nhà phố/nhà ở,Phường 3,59.0999,3,84602512.01778683
sale,Tuned RF/XGBoost Ensemble,6999999999.99999,5847758044.057742,1152241955.9422483,0.1646059937060357,chotot,Quận Bình Tân,Nhà ở,Nhà phố/nhà ở,Phường Bình Hưng Hòa,72,3,97222222.22222222
sale,Tuned RF/XGBoost Ensemble,4899999999.999995,4451910543.291783,448089456.7082119,0.09144682789963517,chotot,Thành phố Thủ Đức,Nhà ở,Nhà phố/nhà ở,Phường Hiệp Bình Phước (Quận Thủ Đức cũ),54,2,90740740.74074076
sale,Tuned RF/XGBoost Ensemble,4150000000.000004,3714160896.933135,435839103.0668688,0.1050214706185225,chotot,Quận 12,Nhà ở,Nhà phố/nhà ở,Phường Tân Chánh Hiệp,52,3,79807692.3076923
sale,Tuned RF/XGBoost Ensemble,7900000000,9473382831.874805,1573382831.8748055,0.19916238378162093,chotot,Quận Bình Thạnh,Nhà ở,Nhà phố/nhà ở,Phường 11,46,7,171739130.4347826
sale,Tuned RF/XGBoost Ensemble,2699999999.999995,4443398036.448896,1743398036.4489012,0.6457029764625571,chotot,Quận Tân Bình,Nhà ở,Nhà phố/nhà ở,Phường 15,30,2,90000000
sale,Tuned RF/XGBoost Ensemble,6000000000.000004,4651768116.471195,1348231883.5288086,0.22470531392146795,chotot,Huyện Nhà Bè,Căn hộ/Chung cư,Căn hộ,Xã Phước Kiển,80,2,75000000
sale,Tuned RF/XGBoost Ensemble,10299999999.999994,10742805205.862228,442805205.8622341,0.04299079668565382,chotot,Quận Bình Thạnh,Căn hộ/Chung cư,Căn hộ,Phường 22,86,2,119767441.86046512
sale,Tuned RF/XGBoost Ensemble,5799000000.000004,4562070282.717549,1236929717.2824545,0.21330052031082147,chotot,Thành phố Thủ Đức,Căn hộ/Chung cư,Căn hộ,Phường Linh Xuân (Quận Thủ Đức cũ),87.3098,2,66418660.90633583
sale,Tuned RF/XGBoost Ensemble,2949999999.999995,2774325728.637936,175674271.36205912,0.05955060046171505,chotot,Quận Bình Thạnh,Căn hộ/Chung cư,Căn hộ,Phường 13,40,2,73750000
sale,Tuned RF/XGBoost Ensemble,2749999999.9999976,3179506928.3501816,429506928.35018396,0.1561843375818852,chotot,Thành phố Thủ Đức,Căn hộ/Chung cư,Căn hộ,Phường Phước Long B (Quận 9 cũ),54,1,50925925.925925925
sale,Tuned RF/XGBoost Ensemble,3599999999.9999967,3011183725.0177937,588816274.982203,0.16356007638394543,chotot,Quận 12,Căn hộ/Chung cư,Căn hộ,Phường Tân Thới Nhất,61,2,59016393.44262295
sale,Tuned RF/XGBoost Ensemble,3949999999.999996,2965394379.0013375,984605620.9986587,0.24926724582244547,chotot,Quận 8,Căn hộ/Chung cư,Căn hộ,Phường 6,62,2,63709677.41935484
sale,Tuned RF/XGBoost Ensemble,15500000000.00002,15513653911.88598,13653911.885961533,8.808975410297752e-4,chotot,Quận 7,Căn hộ/Chung cư,Căn hộ,Phường Tân Phú,140,3,110714285.71428572
sale,Tuned RF/XGBoost Ensemble,4999999999.999992,5792008066.880656,792008066.8806639,0.158401613376133,chotot,Quận 7,Căn hộ/Chung cư,Căn hộ,Phường Phú Mỹ,124,3,40322580.64516129
sale,Tuned RF/XGBoost Ensemble,8200000000.000003,6482557108.554864,1717442891.445139,0.20944425505428516,chotot,Quận Bình Thạnh,Căn hộ/Chung cư,Căn hộ,Phường 19,95,3,86315789.4736842
sale,Tuned RF/XGBoost Ensemble,2800000000.000003,3069909095.4606986,269909095.46069574,0.09639610552167695,chotot,Thành phố Thủ Đức,Căn hộ/Chung cư,Căn hộ,Phường Cát Lái (Quận 2 cũ),61,2,45901639.344262294
sale,Tuned RF/XGBoost Ensemble,2749999999.9999976,4077016546.7205334,1327016546.7205358,0.4825514715347407,chotot,Thành phố Thủ Đức,Căn hộ/Chung cư,Căn hộ,Phường Linh Xuân (Quận Thủ Đức cũ),80,2,34375000
sale,Tuned RF/XGBoost Ensemble,3299999999.999999,2531041568.752393,768958431.2476063,0.23301770643866865,chotot,Quận 5,Căn hộ/Chung cư,Căn hộ,Phường 4,35,1,94285714.28571428
sale,Tuned RF/XGBoost Ensemble,4000000000.0000157,5327926866.17713,1327926866.177114,0.3319817165442772,chotot,Quận Tân Phú,Nhà ở,Nhà phố/nhà ở,Phường Tân Sơn Nhì,52,2,76923076.92307693
sale,Tuned RF/XGBoost Ensemble,14580000000.00001,9794034623.969318,4785965376.030691,0.3282555127593064,chotot,Quận 12,Nhà ở,Nhà phố/nhà ở,Phường Hiệp Thành,115,6,126782608.69565216
sale,Tuned RF/XGBoost Ensemble,21000000000.000084,18609996040.624943,2390003959.375141,0.11380971235119675,chotot,Quận Tân Bình,Nhà ở,Nhà phố/nhà ở,Phường 13,96.44,5,217751970.13687268
sale,Tuned RF/XGBoost Ensemble,5490000000.000003,4411381089.933106,1078618910.0668964,0.1964697468245712,chotot,Quận 8,Nhà ở,Nhà phố/nhà ở,Phường 6,54,2,101666666.66666669
sale,Tuned RF/XGBoost Ensemble,2699999999.999995,3004548535.382186,304548535.3821907,0.11279575384525602,chotot,Quận Bình Tân,Căn hộ/Chung cư,Căn hộ,Phường Bình Trị Đông A,70,2,38571428.571428575
sale,Tuned RF/XGBoost Ensemble,8000000000,7865560708.8301735,134439291.1698265,0.016804911396228313,chotot,Quận 1,Căn hộ/Chung cư,Căn hộ,Phường Tân Định,63.5998,3,125786559.0772298
sale,Tuned RF/XGBoost Ensemble,6199999999.999969,4552082090.829627,1647917909.1703415,0.26579321115650806,chotot,Quận 8,Căn hộ/Chung cư,Căn hộ,Phường 6,95,3,65263157.89473684
sale,Tuned RF/XGBoost Ensemble,5250000000.000007,3792048202.35679,1457951797.6432166,0.2777051043129933,chotot,Quận Bình Tân,Căn hộ/Chung cư,Căn hộ,Phường An Lạc,82,3,64024390.24390244
sale,Tuned RF/XGBoost Ensemble,3949999999.999996,2862217564.526524,1087782435.473472,0.27538795834771473,chotot,Quận 8,Căn hộ/Chung cư,Căn hộ,Phường 6,60,2,65833333.333333336
sale,Tuned RF/XGBoost Ensemble,4349999999.999993,3506707401.9869943,843292598.012999,0.19386036735931042,chotot,Quận 8,Căn hộ/Chung cư,Căn hộ,Phường 6,68,2,63970588.23529412
sale,Tuned RF/XGBoost Ensemble,3580000000.000005,2753365516.1889267,826634483.8110781,0.23090348709806618,chotot,Huyện Hóc Môn,Đất,Đất/đất nền,Xã Xuân Thới Sơn,80,4,44750000
sale,Tuned RF/XGBoost Ensemble,1868599999.9999995,838197703.9990695,1030402296.0009301,0.5514301059621805,chotot,Huyện Củ Chi,Đất,Đất/đất nền,Xã Tân An Hội,173,4,10801156.069364162
sale,Tuned RF/XGBoost Ensemble,21000000000.000084,15217830562.832176,5782169437.167908,0.27534140176989924,chotot,Thành phố Thủ Đức,Đất,Đất/đất nền,Phường Linh Trung (Quận Thủ Đức cũ),364,4,57692307.692307696
sale,Tuned RF/XGBoost Ensemble,659999999.9999985,1421606605.3913245,761606605.3913261,1.1539494021080725,chotot,Huyện Củ Chi,Đất,Đất/đất nền,Xã Tân An Hội,185,4,3567567.5675675673
sale,Tuned RF/XGBoost Ensemble,5899999999.999993,5973132530.543284,73132530.54329109,0.01239534415987986,chotot,Huyện Hóc Môn,Đất,Đất/đất nền,Xã Xuân Thới Thượng,180,4,32777777.777777776
sale,Tuned RF/XGBoost Ensemble,4990000000.000003,4736305836.869113,253694163.1308899,0.050840513653484916,chotot,Huyện Hóc Môn,Đất,Đất/đất nền,Xã Trung Chánh,100,4,49900000
sale,Tuned RF/XGBoost Ensemble,1999999999.9999988,2060076508.2490122,60076508.249013424,0.030038254124506728,chotot,Huyện Bình Chánh,Đất,Đất/đất nền,Xã Tân Nhựt,100,4,20000000
sale,Tuned RF/XGBoost Ensemble,15400000000.000027,21040148945.4599,5640148945.459873,0.36624343801687426,chotot,Huyện Củ Chi,Đất,Đất/đất nền,Xã Phước Hiệp,2800,4,5500000
sale,Tuned RF/XGBoost Ensemble,5999900000.000009,4639663092.84573,1360236907.1542788,0.22670992969120765,chotot,Thành phố Thủ Đức,Đất,Đất/đất nền,Phường Trường Thọ (Quận Thủ Đức cũ),64,4,93748437.5
sale,Tuned RF/XGBoost Ensemble,2749999999.9999976,2862035719.5213876,112035719.52138996,0.04074026164414184,chotot,Quận 11,Căn hộ/Chung cư,Căn hộ,Phường 7,50,2,55000000
sale,Tuned RF/XGBoost Ensemble,9099999999.999987,6076770062.571567,3023229937.42842,0.3322230700470796,chotot,Quận Tân Phú,Căn hộ/Chung cư,Căn hộ,Phường Sơn Kỳ,96,2,94791666.66666669
sale,Tuned RF/XGBoost Ensemble,1849999999.9999979,3776906154.4405117,1926906154.4405138,1.0415708942921709,chotot,Quận 7,Nhà ở,Nhà phố/nhà ở,Phường Bình Thuận,36,2,51388888.88888889
sale,Tuned RF/XGBoost Ensemble,19800000000.000023,8473338978.964094,11326661021.035929,0.5720535869210058,chotot,Quận 5,Nhà ở,Đất/đất nền,Phường 8,44.5,2,444943820.2247191
sale,Tuned RF/XGBoost Ensemble,15890000000.000004,11941778852.639181,3948221147.3608227,0.24847206717185788,chotot,Quận 12,Nhà ở,Biệt thự/cao cấp,Phường Tân Thới Hiệp,120,5,132416666.66666669
sale,Tuned RF/XGBoost Ensemble,7950000000.000009,7626658659.063243,323341340.9367657,0.04067186678449878,chotot,Quận Bình Thạnh,Nhà ở,Nhà phố/nhà ở,Phường 26,61,3,130327868.852459
sale,Tuned RF/XGBoost Ensemble,5749999999.999991,5871486185.352822,121486185.35283089,0.021128032235274968,chotot,Quận Bình Tân,Nhà ở,Nhà phố/nhà ở,Phường Bình Trị Đông A,76,4,75657894.73684211
sale,Tuned RF/XGBoost Ensemble,1249999999.999998,1144764385.5306506,105235614.46934748,0.08418849157547811,chotot,Huyện Bình Chánh,Đất,Đất/đất nền,Xã Vĩnh Lộc B,40,4,31250000
sale,Tuned RF/XGBoost Ensemble,1038999999.9999986,2203987067.2370024,1164987067.2370038,1.1212580050404286,chotot,Huyện Bình Chánh,Đất,Đất/đất nền,Xã Bình Hưng,80,4,12987500
sale,Tuned RF/XGBoost Ensemble,3500000000.000005,3647604837.287561,147604837.28755617,0.04217281065358742,chotot,Huyện Hóc Môn,Đất,Đất/đất nền,Thị trấn Hóc Môn,130,4,26923076.923076924
sale,Tuned RF/XGBoost Ensemble,13500000000.000013,15517962868.400728,2017962868.4007149,0.1494787309926454,chotot,Huyện Bình Chánh,Đất,Đất/đất nền,Xã Phong Phú,333.8999,4,40431278.95515992
sale,Tuned RF/XGBoost Ensemble,1899999999.9999948,744112178.2215933,1155887821.7784014,0.6083620114623182,chotot,Huyện Củ Chi,Đất,Đất/đất nền,Xã Tân An Hội,211,4,9004739.33649289
sale,Tuned RF/XGBoost Ensemble,2850000000.000006,3597128377.796202,747128377.796196,0.2621503079986647,chotot,Quận 12,Đất,Đất/đất nền,Phường Thạnh Xuân,50,4,57000000
sale,Tuned RF/XGBoost Ensemble,3599999999.9999967,4775422536.172891,1175422536.172894,0.3265062600480264,chotot,Huyện Hóc Môn,Đất,Đất/đất nền,Xã Bà Điểm,130,4,27692307.692307692
sale,Tuned RF/XGBoost Ensemble,750000000.0000004,719999999.9999999,30000000.000000477,0.04000000000000062,chotot,Huyện Củ Chi,Đất,Đất/đất nền,Xã Phước Hiệp,140,4,5357142.857142857
sale,Tuned RF/XGBoost Ensemble,2050000000.0000029,2127865941.9658332,77865941.96583033,0.037983386324795226,chotot,Quận 12,Căn hộ/Chung cư,Căn hộ,Phường Tân Thới Nhất,51,2,40196078.431372546
sale,Tuned RF/XGBoost Ensemble,2299999999.9999924,3092034065.0101366,792034065.0101442,0.34436263696093344,chotot,Quận Bình Thạnh,Căn hộ/Chung cư,Căn hộ,Phường 11,53,2,43396226.41509434
sale,Tuned RF/XGBoost Ensemble,2130000000.000003,2094370256.182686,35629743.81731701,0.016727579256956317,chotot,Quận 12,Căn hộ/Chung cư,Căn hộ,Phường Tân Chánh Hiệp,50,1,42600000
sale,Tuned RF/XGBoost Ensemble,26710000000.000008,19682810727.84748,7027189272.152527,0.26309207308695337,chotot,Quận Bình Thạnh,Căn hộ/Chung cư,Căn hộ,Phường 22,132,3,202348484.84848484
sale,Tuned RF/XGBoost Ensemble,3550000000,4891344922.1726675,1341344922.1726675,0.37784364004863874,chotot,Huyện Hóc Môn,Đất,Đất/đất nền,Xã Bà Điểm,135,4,26296296.296296295
sale,Tuned RF/XGBoost Ensemble,5499999999.999991,6079037615.168728,579037615.1687365,0.10527956639431589,chotot,Huyện Hóc Môn,Đất,Đất/đất nền,Xã Tân Hiệp,260,4,21153846.153846152
sale,Tuned RF/XGBoost Ensemble,2900000000.0000033,3574779881.180329,674779881.1803255,0.23268271764838783,chotot,Huyện Hóc Môn,Đất,Đất/đất nền,Xã Xuân Thới Thượng,86.8,4,33410138.248847928
sale,Tuned RF/XGBoost Ensemble,7689999999.999968,7972854127.580995,282854127.58102703,0.036782071206895736,chotot,Quận 12,Nhà ở,Biệt thự/cao cấp,Phường Thới An,65,5,118307692.3076923
sale,Tuned RF/XGBoost Ensemble,9800000000.000006,8922327310.970695,877672689.0293102,0.08955843765605201,chotot,Quận 8,Nhà ở,Nhà phố/nhà ở,Phường 4,38,10,257894736.84210527
sale,Tuned RF/XGBoost Ensemble,6799999999.999998,7846492131.504163,1046492131.5041647,0.15389590169178896,chotot,Quận Bình Tân,Nhà ở,Biệt thự/cao cấp,Phường Bình Hưng Hoà B,86,4,79069767.44186047
sale,Tuned RF/XGBoost Ensemble,3550000000,2730510685.5042048,819489314.49579525,0.23084206042135078,chotot,Quận 7,Nhà ở,Nhà phố/nhà ở,Phường Tân Thuận Đông,25,3,142000000
sale,Tuned RF/XGBoost Ensemble,3699999999.999994,5393426623.903241,1693426623.9032474,0.45768287132520274,chotot,Quận 7,Nhà ở,Nhà phố/nhà ở,Phường Tân Hưng,40,3,92500000
sale,Tuned RF/XGBoost Ensemble,4150000000.000004,3568326089.6471744,581673910.3528295,0.14016238803682624,chotot,Quận Gò Vấp,Nhà ở,Nhà phố/nhà ở,Phường 17,27,2,153703703.7037037
sale,Tuned RF/XGBoost Ensemble,9899999999.999996,10977536745.052118,1077536745.052122,0.10884209545981036,chotot,Quận Tân Phú,Nhà ở,Nhà phố/nhà ở,Phường Hòa Thạnh,114,5,86842105.26315789
sale,Tuned RF/XGBoost Ensemble,7200000000,6994478143.470205,205521856.5297947,0.02854470229580482,chotot,Quận Gò Vấp,Nhà ở,Nhà phố/nhà ở,Phường 10,64,4,112500000
sale,Tuned RF/XGBoost Ensemble,4999999999.999992,3794201154.9188952,1205798845.0810971,0.2411597690162198,chotot,Quận Bình Tân,Nhà ở,Nhà phố/nhà ở,Phường An Lạc,50,1,100000000
sale,Tuned RF/XGBoost Ensemble,8799999999.999994,7190011347.486051,1609988652.5139437,0.1829532559674937,chotot,Thành phố Thủ Đức,Nhà ở,Nhà phố/nhà ở,Phường Tam Bình (Quận Thủ Đức cũ),96,4,91666666.66666669
sale,Tuned RF/XGBoost Ensemble,10899999999.99998,16644828765.877672,5744828765.877691,0.5270485106309818,chotot,Quận Bình Tân,Nhà ở,Nhà phố/nhà ở,Phường Bình Hưng Hòa,298.3999,4,36528162.37538954
sale,Tuned RF/XGBoost Ensemble,1499999999.999998,1490578379.664137,9421620.335861206,0.006281080223907479,chotot,Huyện Bình Chánh,Căn hộ/Chung cư,Căn hộ,Xã An Phú Tây,54,2,27777777.777777776
sale,Tuned RF/XGBoost Ensemble,1699999999.9999986,2072004820.2188218,372004820.2188232,0.21882636483460205,chotot,Quận 8,Căn hộ/Chung cư,Căn hộ,Phường 7,52,2,32692307.692307692
sale,Tuned RF/XGBoost Ensemble,4200000000.0000005,4815695800.579058,615695800.5790572,0.14659423823310885,chotot,Quận 8,Căn hộ/Chung cư,Căn hộ,Phường 6,90,3,46666666.666666664
sale,Tuned RF/XGBoost Ensemble,1799999999.999998,3685880511.1067142,1885880511.1067162,1.0477113950592878,chotot,Thành phố Thủ Đức,Căn hộ/Chung cư,Căn hộ,Phường Thạnh Mỹ Lợi (Quận 2 cũ),62,2,29032258.06451613
sale,Tuned RF/XGBoost Ensemble,7200000000,6049951541.165037,1150048458.8349628,0.15972895261596706,chotot,Quận 10,Căn hộ/Chung cư,Căn hộ,Phường 14,78,2,92307692.3076923
sale,Tuned RF/XGBoost Ensemble,6000000000.000004,5200960351.539992,799039648.4600115,0.13317327474333515,chotot,Quận 7,Căn hộ/Chung cư,Căn hộ,Phường Tân Thuận Tây,67,2,89552238.80597015
sale,Tuned RF/XGBoost Ensemble,15999999999.999983,11911415246.182695,4088584753.8172874,0.25553654711358076,chotot,Quận Bình Thạnh,Căn hộ/Chung cư,Căn hộ,Phường 22,108,3,148148148.14814815
sale,Tuned RF/XGBoost Ensemble,4899999999.999995,3937262511.282556,962737488.7174392,0.19647703851376327,chotot,Thành phố Thủ Đức,Căn hộ/Chung cư,Căn hộ,Phường An Phú (Quận 2 cũ),51,1,96078431.372549
sale,Tuned RF/XGBoost Ensemble,650000000.000001,2396803256.44592,1746803256.445919,2.68738962530141,chotot,Huyện Củ Chi,Đất,Đất/đất nền,Xã Phạm Văn Cội,400,4,1625000
sale,Tuned RF/XGBoost Ensemble,4300000000.000001,3809438977.8429313,490561022.1570697,0.11408395864117897,chotot,Huyện Bình Chánh,Đất,Đất/đất nền,Xã Hưng Long,152,4,28289473.684210528
sale,Tuned RF/XGBoost Ensemble,6000000000.000004,6484483166.670425,484483166.6704216,0.08074719444507021,chotot,Quận 7,Đất,Đất/đất nền,Phường Tân Hưng,64,4,93750000
sale,Tuned RF/XGBoost Ensemble,5699999999.999994,5418581923.407524,281418076.59247017,0.04937159238464394,chotot,Quận Gò Vấp,Nhà ở,Đất/đất nền,Phường 16,51.4,4,110894941.63424124
sale,Tuned RF/XGBoost Ensemble,15999999999.999983,14666265337.836456,1333734662.1635265,0.0833584163852205,chotot,Quận 4,Nhà ở,Nhà phố/nhà ở,Phường 3,72,6,222222222.2222222
sale,Tuned RF/XGBoost Ensemble,3480000000.0000014,5507356906.664526,2027356906.6645246,0.5825738237541734,chotot,Quận 12,Nhà ở,Nhà phố/nhà ở,Phường Tân Chánh Hiệp,84.5,4,41183431.95266272
sale,Tuned RF/XGBoost Ensemble,5449999999.999992,5204745543.812123,245254456.18786907,0.04500081764915035,chotot,Quận Tân Bình,Nhà ở,Nhà phố/nhà ở,Phường 15,36,3,151388888.8888889
sale,Tuned RF/XGBoost Ensemble,3800000000.0000014,5245525888.151636,1445525888.1516347,0.38040154951358796,chotot,Thành phố Thủ Đức,Đất,Đất/đất nền,Phường Phú Hữu (Quận 9 cũ),75,4,50666666.666666664
sale,Tuned RF/XGBoost Ensemble,12999999999.999989,12587992604.13786,412007395.8621292,0.0316928766047792,chotot,Quận 8,Đất,Đất/đất nền,Phường 4,80,4,162500000
sale,Tuned RF/XGBoost Ensemble,4000000000.0000157,4188366359.8378754,188366359.83785963,0.04709158995946472,chotot,Quận Bình Tân,Đất,Đất/đất nền,Phường Bình Hưng Hoà B,68,4,58823529.4117647
sale,Tuned RF/XGBoost Ensemble,4000000000.0000157,3262800453.1661973,737199546.8338184,0.18429988670845387,chotot,Thành phố Thủ Đức,Căn hộ/Chung cư,Căn hộ,Phường Thảo Điền (Quận 2 cũ),40,1,100000000
sale,Tuned RF/XGBoost Ensemble,3899999999.9999948,3503336483.8613734,396663516.13862133,0.10170859388169791,chotot,Thành phố Thủ Đức,Căn hộ/Chung cư,Căn hộ,Phường Long Thạnh Mỹ (Quận 9 cũ),69.1998,2,56358544.38885662
sale,Tuned RF/XGBoost Ensemble,598999999.9999999,719999999.9999999,121000000,0.20200333889816366,chotot,Huyện Củ Chi,Đất,Đất/đất nền,Thị trấn Củ Chi,139,4,4309352.517985611
sale,Tuned RF/XGBoost Ensemble,2450000000.000003,3036121934.956032,586121934.9560289,0.2392334428391952,chotot,Thành phố Thủ Đức,Đất,Đất/đất nền,Phường Long Phước (Quận 9 cũ),61.5,4,39837398.37398374
sale,Tuned RF/XGBoost Ensemble,4599999999.999997,3982280337.6391025,617719662.3608947,0.1342868831219337,chotot,Huyện Hóc Môn,Đất,Đất/đất nền,Xã Bà Điểm,120,4,38333333.333333336
sale,Tuned RF/XGBoost Ensemble,5100000000.000008,10424743531.036888,5324743531.0368805,1.0440673590268377,chotot,Huyện Củ Chi,Đất,Đất/đất nền,Xã Bình Mỹ,1450,4,3517241.379310345
sale,Tuned RF/XGBoost Ensemble,5699999999.999994,6775134125.611857,1075134125.6118631,0.18862002203716915,chotot,Thành phố Thủ Đức,Đất,Đất/đất nền,Phường Trường Thạnh (Quận 9 cũ),120,4,47500000
sale,Tuned RF/XGBoost Ensemble,19900000000.000034,23418025368.124664,3518025368.12463,0.1767851943781218,chotot,Quận 12,Đất,Đất/đất nền,Phường Thạnh Lộc,1030,4,19320388.349514563
sale,Tuned RF/XGBoost Ensemble,3550000000,3769388535.5229793,219388535.52297926,0.06179958747126176,chotot,Quận Bình Tân,Đất,Đất/đất nền,Phường Tân Tạo,82,4,43292682.92682927
sale,Tuned RF/XGBoost Ensemble,16500000000.000004,22434746474.3241,5934746474.324097,0.3596816045044906,chotot,Quận 7,Đất,Đất/đất nền,Phường Tân Phong,200,4,82500000
sale,Tuned RF/XGBoost Ensemble,1099999999.9999948,2549189802.3728347,1449189802.37284,1.3174452748844063,chotot,Quận 8,Nhà ở,Nhà phố/nhà ở,Phường 15,24,1,45833333.333333336
sale,Tuned RF/XGBoost Ensemble,1699999999.9999986,3951407735.4160295,2251407735.416031,1.3243574914211957,chotot,Quận 10,Nhà ở,Nhà phố/nhà ở,Phường 14,21,2,80952380.95238096
sale,Tuned RF/XGBoost Ensemble,8699999999.999987,7306556027.614874,1393443972.3851128,0.16016597383736952,chotot,Quận Gò Vấp,Nhà ở,Nhà phố/nhà ở,Phường 11,64,4,135937500
sale,Tuned RF/XGBoost Ensemble,600000000.0000008,818676469.5232754,218676469.52327454,0.3644607825387904,chotot,Quận 12,Nhà ở,Nhà phố/nhà ở,Phường Hiệp Thành,16,2,37500000
sale,Tuned RF/XGBoost Ensemble,3420000000.0000024,4484199186.194522,1064199186.1945195,0.3111693526884558,chotot,Quận 10,Nhà ở,Nhà phố/nhà ở,Phường 14,26.5599,2,128765545.05099794
sale,Tuned RF/XGBoost Ensemble,4200000000.0000005,5549429111.747289,1349429111.7472882,0.3212926456541162,chotot,Quận 12,Đất,Đất/đất nền,Phường Thạnh Xuân,110,4,38181818.18181818
sale,Tuned RF/XGBoost Ensemble,699999999.9999998,1520927525.3332946,820927525.3332949,1.172753607618993,chotot,Huyện Củ Chi,Đất,Đất/đất nền,Xã Tân An Hội,436.7998,4,1602564.8363392109
sale,Tuned RF/XGBoost Ensemble,5699999999.999994,6962461562.94659,1262461562.9465961,0.22148448472747323,chotot,Thành phố Thủ Đức,Đất,Đất/đất nền,Phường Linh Đông (Quận Thủ Đức cũ),99,4,57575757.57575758
sale,Tuned RF/XGBoost Ensemble,2189999999.9999967,2748319372.7328186,558319372.732822,0.25494035284603783,chotot,Thành phố Thủ Đức,Đất,Đất/đất nền,Phường Long Phước (Quận 9 cũ),52,4,42115384.615384616
sale,Tuned RF/XGBoost Ensemble,4599999999.999997,5060265625.119662,460265625.11966515,0.10005774459123161,chotot,Quận Bình Thạnh,Nhà ở,Nhà phố/nhà ở,Phường 12,30,3,153333333.33333334
sale,Tuned RF/XGBoost Ensemble,2800000000.000003,2935218763.689303,135218763.68930006,0.0482924156033214,chotot,Quận 8,Căn hộ/Chung cư,Căn hộ,Phường 6,65,2,43076923.07692308
sale,Tuned RF/XGBoost Ensemble,2900000000.0000033,2814482863.688602,85517136.31140137,0.029488667693586646,chotot,Thành phố Thủ Đức,Căn hộ/Chung cư,Căn hộ,Phường Phước Long B (Quận 9 cũ),54,2,53703703.7037037
sale,Tuned RF/XGBoost Ensemble,10500000000,10527693570.004187,27693570.00418663,0.0026374828575415838,chotot,Quận Bình Thạnh,Căn hộ/Chung cư,Căn hộ,Phường 22,89,2,117977528.08988763
sale,Tuned RF/XGBoost Ensemble,2099999999.9999976,2174834298.4727473,74834298.47274971,0.03563538022511895,chotot,Huyện Bình Chánh,Căn hộ/Chung cư,Căn hộ,Xã Phong Phú,50,2,42000000
sale,Tuned RF/XGBoost Ensemble,1300000000.0000052,873430379.1695808,426569620.8304244,0.32813047756186364,chotot,Huyện Củ Chi,Đất,Đất/đất nền,Xã Tân An Hội,95,4,13684210.52631579
sale,Tuned RF/XGBoost Ensemble,2600000000.0000024,2750996060.815953,150996060.8159504,0.05807540800613471,chotot,Quận Bình Tân,Căn hộ/Chung cư,Căn hộ,Phường Bình Hưng Hoà B,68,2,38235294.11764706
sale,Tuned RF/XGBoost Ensemble,3559999999.9999957,3507255908.595628,52744091.404367924,0.014815756012462917,chotot,Huyện Bình Chánh,Căn hộ/Chung cư,Căn hộ,Thị trấn Tân Túc,85,3,41882352.941176474
sale,Tuned RF/XGBoost Ensemble,4649999999.999997,4486177101.575484,163822898.42451286,0.03523073084398128,chotot,Huyện Bình Chánh,Căn hộ/Chung cư,Căn hộ,Xã Bình Hưng,78,2,59615384.615384616
sale,Tuned RF/XGBoost Ensemble,3400000000.0000005,3041733175.942566,358266824.05743456,0.10537259531101015,chotot,Quận Gò Vấp,Căn hộ/Chung cư,Căn hộ,Phường 6,60,2,56666666.666666664
sale,Tuned RF/XGBoost Ensemble,11800000000.000002,10749103684.406773,1050896315.5932293,0.08905900979603637,chotot,Quận Bình Thạnh,Căn hộ/Chung cư,Căn hộ,Phường 22,85,2,138823529.4117647
sale,Tuned RF/XGBoost Ensemble,3899999999.9999948,3999200408.7677727,99200408.76777792,0.02543600224814822,chotot,Thành phố Thủ Đức,Căn hộ/Chung cư,Căn hộ,Phường Long Thạnh Mỹ (Quận 9 cũ),82,3,47560975.6097561
sale,Tuned RF/XGBoost Ensemble,10899999999.99998,9959923584.52665,940076415.4733315,0.08624554270397551,chotot,Quận Bình Tân,Nhà ở,Nhà phố/nhà ở,Phường Bình Trị Đông B,80,3,136250000
sale,Tuned RF/XGBoost Ensemble,15400000000.000027,14722229974.869194,677770025.1308327,0.04401104059291114,chotot,Quận Tân Bình,Nhà ở,Nhà phố/nhà ở,Phường 11,119,2,129411764.70588236
sale,Tuned RF/XGBoost Ensemble,4000000000.0000157,4984089792.386213,984089792.3861976,0.2460224480965484,chotot,Quận Bình Tân,Nhà ở,Nhà phố/nhà ở,Phường Bình Hưng Hoà A,52,3,76923076.92307693
sale,Tuned RF/XGBoost Ensemble,9000000000.000015,6667264958.880245,2332735041.11977,0.25919278234664067,chotot,Quận Gò Vấp,Nhà ở,Nhà phố/nhà ở,Phường 11,54.5,4,165137614.67889908
sale,Tuned RF/XGBoost Ensemble,4999999999.999992,4909838833.385871,90161166.61412144,0.018032233322824314,chotot,Quận Bình Thạnh,Nhà ở,Nhà phố/nhà ở,Phường 2,26,3,192307692.30769232
sale,Tuned RF/XGBoost Ensemble,10999999999.999989,10623341867.489286,376658132.51070213,0.034241648410063864,chotot,Thành phố Thủ Đức,Căn hộ/Chung cư,Căn hộ,Phường Bình Trưng Tây (Quận 2 cũ),235,4,46808510.63829787
sale,Tuned RF/XGBoost Ensemble,4800000000.000005,4784328358.415558,15671641.584446907,0.0032649253300931023,chotot,Thành phố Thủ Đức,Căn hộ/Chung cư,Căn hộ,Phường Long Trường (Quận 9 cũ),99,3,48484848.48484848
sale,Tuned RF/XGBoost Ensemble,4100000000.0000052,3258944990.420589,841055009.5794163,0.20513536819010128,chotot,Quận Tân Phú,Căn hộ/Chung cư,Căn hộ,Phường Tân Sơn Nhì,63,2,65079365.07936508
sale,Tuned RF/XGBoost Ensemble,4724999999.999992,5889942516.371938,1164942516.3719454,0.24654868071363964,chotot,Quận 11,Căn hộ/Chung cư,Tòa nhà/văn phòng/mặt bằng,Phường 15,85,2,55588235.294117644
sale,Tuned RF/XGBoost Ensemble,4000000000.0000157,3821433008.1671534,178566991.83286238,0.04464174795821542,chotot,Thành phố Thủ Đức,Căn hộ/Chung cư,Căn hộ,Phường Long Trường (Quận 9 cũ),73,2,54794520.54794521
sale,Tuned RF/XGBoost Ensemble,2269999999.9999976,2417373342.620912,147373342.62091446,0.06492217736604168,chotot,Thành phố Thủ Đức,Căn hộ/Chung cư,Căn hộ,Phường Long Thạnh Mỹ (Quận 9 cũ),47,1,48297872.34042553
sale,Tuned RF/XGBoost Ensemble,6199999999.999969,4374548392.119476,1825451607.8804922,0.2944276786904035,chotot,Thành phố Thủ Đức,Nhà ở,Nhà phố/nhà ở,Phường Phước Long B (Quận 9 cũ),60,2,103333333.33333331
sale,Tuned RF/XGBoost Ensemble,3599999999.9999967,4133590720.8290806,533590720.8290839,0.14821964467474566,chotot,Thành phố Thủ Đức,Nhà ở,Nhà phố/nhà ở,Phường Long Bình (Quận 9 cũ),70,2,51428571.428571425
sale,Tuned RF/XGBoost Ensemble,12999999999.999989,14531008069.348742,1531008069.348753,0.11776985148836572,chotot,Quận Bình Tân,Nhà ở,Nhà phố/nhà ở,Phường Bình Trị Đông,190,2,68421052.63157895
sale,Tuned RF/XGBoost Ensemble,10500000000,7983306856.316679,2516693143.683321,0.23968506130317344,chotot,Quận 10,Nhà ở,Nhà phố/nhà ở,Phường 14,36,5,291666666.6666667
sale,Tuned RF/XGBoost Ensemble,4599999999.999997,4701720149.355691,101720149.35569382,0.022113075946889976,chotot,Quận Bình Tân,Nhà ở,Nhà phố/nhà ở,Phường Bình Hưng Hoà B,60,3,76666666.66666667
sale,Tuned RF/XGBoost Ensemble,2789999999.999995,3447065613.0321646,657065613.0321693,0.23550738818357364,chotot,Quận Bình Thạnh,Căn hộ/Chung cư,Căn hộ,Phường 26,62,2,45000000
sale,Tuned RF/XGBoost Ensemble,3119999999.9999957,3515137941.926142,395137941.9261465,0.12664677625838047,chotot,Quận 8,Căn hộ/Chung cư,Căn hộ,Phường 6,80,3,39000000
sale,Tuned RF/XGBoost Ensemble,3990000000.0000057,3717565484.52401,272434515.47599554,0.06827932718696621,chotot,Thành phố Thủ Đức,Căn hộ/Chung cư,Căn hộ,Phường Bình Thọ (Quận Thủ Đức cũ),65,2,61384615.384615384
sale,Tuned RF/XGBoost Ensemble,4300000000.000001,4742086359.692258,442086359.6922569,0.10281078132378066,chotot,Quận Tân Phú,Căn hộ/Chung cư,Căn hộ,Phường Hiệp Tân,90,3,47777777.777777776
sale,Tuned RF/XGBoost Ensemble,2050000000.0000029,4926252442.564578,2876252442.564575,1.4030499719827176,chotot,Quận Bình Thạnh,Căn hộ/Chung cư,Căn hộ,Phường 17,70,2,29285714.285714287
sale,Tuned RF/XGBoost Ensemble,650000000.000001,1316591957.8387756,666591957.8387747,1.0255260889827287,chotot,Huyện Bình Chánh,Đất,Đất/đất nền,Xã Bình Chánh,90,4,7222222.222222222
sale,Tuned RF/XGBoost Ensemble,2400000000.0000014,1058591893.9479494,1341408106.052052,0.5589200441883547,chotot,Huyện Củ Chi,Đất,Đất/đất nền,Xã Phú Hòa Đông,241,4,9958506.22406639
sale,Tuned RF/XGBoost Ensemble,4450000000.00001,5001940818.112968,551940818.1129589,0.12403164451976578,chotot,Thành phố Thủ Đức,Đất,Đất/đất nền,Phường Trường Thạnh (Quận 9 cũ),80.5,4,55279503.10559006
sale,Tuned RF/XGBoost Ensemble,6649999999.999997,8062679532.296525,1412679532.2965279,0.2124330123754178,chotot,Quận Tân Phú,Đất,Đất/đất nền,Phường Hòa Thạnh,100,4,66500000
sale,Tuned RF/XGBoost Ensemble,6500000000.000007,6966792275.917795,466792275.9177885,0.0718141962950443,chotot,Quận 12,Đất,Đất/đất nền,Phường Thạnh Xuân,140,4,46428571.428571425
sale,Tuned RF/XGBoost Ensemble,880000000.0000011,929780184.8579705,49780184.8579694,0.056568391884056074,chotot,Huyện Củ Chi,Đất,Đất/đất nền,Xã Tân Phú Trung,360,4,2444444.4444444445
sale,Tuned RF/XGBoost Ensemble,449999999.9999995,719999999.9999999,270000000.00000036,0.6000000000000014,chotot,Huyện Củ Chi,Đất,Đất/đất nền,Xã Tân Thông Hội,200,4,2250000
sale,Tuned RF/XGBoost Ensemble,6550000000.000002,4506147967.458794,2043852032.5412083,0.3120384782505661,chotot,Quận Bình Tân,Đất,Đất/đất nền,Phường Tân Tạo,82,4,79878048.7804878
sale,Tuned RF/XGBoost Ensemble,779999999.9999988,1098373673.004241,318373673.0042422,0.40817137564646494,chotot,Huyện Củ Chi,Đất,Đất/đất nền,Xã Phước Vĩnh An,367,4,2125340.599455041
sale,Tuned RF/XGBoost Ensemble,5780000000.000003,7950083571.909638,2170083571.9096355,0.3754469847594523,chotot,Quận 8,Nhà ở,Nhà phố/nhà ở,Phường 16,98,5,58979591.8367347
sale,Tuned RF/XGBoost Ensemble,4750000000.000005,5724743038.373957,974743038.3739519,0.20520906071030545,chotot,Quận 7,Nhà ở,Nhà phố/nhà ở,Phường Tân Hưng,45,3,105555555.55555557
sale,Tuned RF/XGBoost Ensemble,25500000000.000015,17996367050.248238,7503632949.751778,0.29426011567654015,chotot,Quận Tân Bình,Nhà ở,Nhà phố/nhà ở,Phường 2,113,11,225663716.8141593
sale,Tuned RF/XGBoost Ensemble,2949999999.999995,2869537546.9469,80462453.05309534,0.027275407814608636,chotot,Quận 12,Nhà ở,Nhà phố/nhà ở,Phường An Phú Đông,44.4,1,66441441.44144145
sale,Tuned RF/XGBoost Ensemble,4300000000.000001,3959813296.915988,340186703.084013,0.07911318676372393,chotot,Quận 12,Nhà ở,Nhà phố/nhà ở,Phường Tân Chánh Hiệp,68,2,63235294.11764706
sale,Tuned RF/XGBoost Ensemble,5589999999.999992,6025496817.711769,435496817.71177673,0.07790640746185641,chotot,Quận 12,Nhà ở,Nhà phố/nhà ở,Phường Thạnh Lộc,50,4,111800000
sale,Tuned RF/XGBoost Ensemble,6199999999.999969,6205927804.8688555,5927804.868886948,9.560975594978997e-4,chotot,Quận Gò Vấp,Nhà ở,Nhà phố/nhà ở,Phường 6,53,4,116981132.0754717
sale,Tuned RF/XGBoost Ensemble,6600000000.000004,8494951567.433919,1894951567.4339151,0.28711387385362336,chotot,Thành phố Thủ Đức,Nhà ở,Nhà phố/nhà ở,Phường Tăng Nhơn Phú B (Quận 9 cũ),80,1,82500000
sale,Tuned RF/XGBoost Ensemble,2555549999.999999,2645897382.723822,90347382.72382307,0.035353400529758015,chotot,Quận Tân Phú,Nhà ở,Nhà phố/nhà ở,Phường Phú Thọ Hòa,17,2,150326470.5882353
sale,Tuned RF/XGBoost Ensemble,5899999999.999993,4654842462.556483,1245157537.44351,0.2110436504141545,chotot,Thành phố Thủ Đức,Nhà ở,Nhà phố/nhà ở,Phường Phước Long B (Quận 9 cũ),50,3,118000000
sale,Tuned RF/XGBoost Ensemble,9899999999.999996,7495623461.732564,2404376538.267432,0.2428663169967104,chotot,Quận Tân Bình,Nhà ở,Nhà phố/nhà ở,Phường 10,40,4,247500000
sale,Tuned RF/XGBoost Ensemble,4899999999.999995,3989335248.939666,910664751.0603294,0.18584994919598577,chotot,Thành phố Thủ Đức,Căn hộ/Chung cư,Căn hộ,Phường Hiệp Bình Phước (Quận Thủ Đức cũ),66,2,74242424.24242425
sale,Tuned RF/XGBoost Ensemble,3599999999.9999967,3876787036.323973,276787036.3239765,0.07688528786777132,chotot,Quận 11,Căn hộ/Chung cư,Căn hộ,Phường 15,65,2,55384615.384615384
sale,Tuned RF/XGBoost Ensemble,2800000000.000003,2822101087.668287,22101087.66828394,0.007893245595815685,chotot,Quận Bình Tân,Căn hộ/Chung cư,Căn hộ,Phường An Lạc,67,2,41791044.7761194
sale,Tuned RF/XGBoost Ensemble,1350000000,2056782905.6761308,706782905.6761308,0.5235428930934302,chotot,Huyện Bình Chánh,Căn hộ/Chung cư,Căn hộ,Xã An Phú Tây,70,2,19285714.285714287
sale,Tuned RF/XGBoost Ensemble,4750000000.000005,4588030428.078996,161969571.92100906,0.03409885724652819,chotot,Huyện Nhà Bè,Căn hộ/Chung cư,Căn hộ,Xã Phước Kiển,71.5,2,66433566.43356643
sale,Tuned RF/XGBoost Ensemble,5199999999.999992,5780230723.023426,580230723.0234337,0.1115828313506605,chotot,Quận Bình Tân,Căn hộ/Chung cư,Căn hộ,Không rõ,100,3,52000000
sale,Tuned RF/XGBoost Ensemble,1090000000.0000026,1390096696.230593,300096696.23059034,0.27531806993632074,chotot,Huyện Bình Chánh,Căn hộ/Chung cư,Căn hộ,Xã An Phú Tây,50,2,21800000
sale,Tuned RF/XGBoost Ensemble,7200000000,7613955599.757883,413955599.7578831,0.05749383329970598,chotot,Quận 7,Căn hộ/Chung cư,Căn hộ,Phường Tân Phong,95,3,75789473.68421052
sale,Tuned RF/XGBoost Ensemble,4800000000.000005,4119581111.3550215,680418888.6449833,0.14175393513437137,chotot,Quận 7,Căn hộ/Chung cư,Căn hộ,Phường Phú Thuận,58,1,82758620.68965517
sale,Tuned RF/XGBoost Ensemble,3550000000,3411792365.51267,138207634.48732996,0.03893172802459999,chotot,Huyện Bình Chánh,Căn hộ/Chung cư,Căn hộ,Xã Bình Hưng,68,2,52205882.35294118
sale,Tuned RF/XGBoost Ensemble,1989999999.9999995,3139548969.2388544,1149548969.238855,0.57766279861249,chotot,Quận 12,Căn hộ/Chung cư,Căn hộ,Phường An Phú Đông,58,2,34310344.827586204
sale,Tuned RF/XGBoost Ensemble,2299999999.9999924,2968606505.524649,668606505.5246568,0.2906984806628952,chotot,Quận Tân Bình,Căn hộ/Chung cư,Căn hộ,Phường 2,51,2,45098039.21568628
sale,Tuned RF/XGBoost Ensemble,8600000000.000008,5429412820.649837,3170587179.350171,0.3686729278314149,chotot,Quận Bình Tân,Nhà ở,Nhà phố/nhà ở,Phường Bình Trị Đông A,67,3,128358208.95522387
sale,Tuned RF/XGBoost Ensemble,2480000000.000005,2722109227.496172,242109227.49616718,0.09762468850651884,chotot,Quận Gò Vấp,Nhà ở,Nhà phố/nhà ở,Phường 12,20,2,124000000
sale,Tuned RF/XGBoost Ensemble,25500000000.000015,29804835424.36962,4304835424.369606,0.16881707546547464,chotot,Quận 12,Căn hộ/Chung cư,Căn hộ,Phường An Phú Đông,440,11,57954545.45454545
sale,Tuned RF/XGBoost Ensemble,4649999999.999997,4512673828.757123,137326171.24287415,0.029532509944704136,chotot,Thành phố Thủ Đức,Căn hộ/Chung cư,Căn hộ,Phường Hiệp Bình Chánh (Quận Thủ Đức cũ),75,2,62000000
sale,Tuned RF/XGBoost Ensemble,2800000000.000003,2995781915.876841,195781915.8768382,0.06992211281315643,chotot,Quận 8,Căn hộ/Chung cư,Căn hộ,Phường 6,65,2,43076923.07692308
sale,Tuned RF/XGBoost Ensemble,4100000000.0000052,5323969855.925796,1223969855.9257903,0.2985292331526314,chotot,Quận 10,Căn hộ/Chung cư,Căn hộ,Phường 7,66,3,62121212.121212125
sale,Tuned RF/XGBoost Ensemble,10299999999.999994,9632415811.754618,667584188.2453766,0.06481399885877447,chotot,Quận 10,Căn hộ/Chung cư,Căn hộ,Phường 12,86,2,119767441.86046512
sale,Tuned RF/XGBoost Ensemble,8300000000.000012,10118408415.606348,1818408415.6063356,0.21908535127787143,chotot,Quận 7,Đất,Đất/đất nền,Phường Phú Thuận,110,4,75454545.45454545
sale,Tuned RF/XGBoost Ensemble,3800000000.0000014,4506566876.900678,706566876.9006763,0.18593865181596736,chotot,Huyện Nhà Bè,Đất,Đất/đất nền,Xã Long Thới,100,4,38000000
sale,Tuned RF/XGBoost Ensemble,125000000000.00015,42253285598.8585,82746714401.14166,0.6619737152091325,chotot,Thành phố Thủ Đức,Đất,Đất/đất nền,Phường Phú Hữu (Quận 9 cũ),1702.7,4,73412814.9409761
sale,Tuned RF/XGBoost Ensemble,4279999999.9999876,3826456207.0085034,453543792.99148417,0.10596817593259006,chotot,Thành phố Thủ Đức,Đất,Đất/đất nền,Phường Long Trường (Quận 9 cũ),55,4,77818181.81818181
sale,Tuned RF/XGBoost Ensemble,1799999999.999998,6974619036.116425,5174619036.116426,2.8747883533980176,chotot,Huyện Củ Chi,Đất,Đất/đất nền,Xã Thái Mỹ,1100,4,1636363.6363636365
sale,Tuned RF/XGBoost Ensemble,1300000000.0000052,1296250022.0340533,3749977.9659519196,0.002884598435347619,chotot,Huyện Củ Chi,Đất,Đất/đất nền,Xã Thái Mỹ,100,4,13000000
sale,Tuned RF/XGBoost Ensemble,4000000000.0000157,6187045948.8863325,2187045948.886317,0.546761487221577,chotot,Thành phố Thủ Đức,Đất,Phòng trọ,Phường Trường Thạnh (Quận 9 cũ),139,4,28776978.417266183
sale,Tuned RF/XGBoost Ensemble,5490000000.000003,6213844245.846975,723844245.8469725,0.13184776791383826,chotot,Thành phố Thủ Đức,Đất,Căn hộ,Phường Hiệp Bình Chánh (Quận Thủ Đức cũ),78.5,4,69936305.73248407
sale,Tuned RF/XGBoost Ensemble,12899999999.999996,7725272991.958628,5174727008.0413685,0.40114162853033875,chotot,Thành phố Thủ Đức,Đất,Đất/đất nền,Phường Linh Chiểu (Quận Thủ Đức cũ),133,4,96992481.20300752
sale,Tuned RF/XGBoost Ensemble,25000000000.000034,13377899406.836002,11622100593.164032,0.4648840237265606,chotot,Quận 12,Đất,Đất/đất nền,Phường Đông Hưng Thuận,234,4,106837606.83760685
sale,Tuned RF/XGBoost Ensemble,3800000000.0000014,4266941117.747291,466941117.74728966,0.1228792415124446,chotot,Huyện Nhà Bè,Đất,Đất/đất nền,Xã Long Thới,112.5,4,33777777.777777776
sale,Tuned RF/XGBoost Ensemble,5250000000.000007,5213419792.180087,36580207.819919586,0.006967658632365627,chotot,Thành phố Thủ Đức,Đất,Đất/đất nền,Phường Linh Đông (Quận Thủ Đức cũ),64,4,82031250
sale,Tuned RF/XGBoost Ensemble,6500000000.000007,8265772633.792616,1765772633.7926092,0.27165732827578576,chotot,Thành phố Thủ Đức,Đất,Đất/đất nền,Phường Linh Chiểu (Quận Thủ Đức cũ),116.5998,4,55746236.271417275
sale,Tuned RF/XGBoost Ensemble,10999999999.999989,6845708728.251098,4154291271.748891,0.3776628428862632,chotot,Quận 7,Nhà ở,Nhà phố/nhà ở,Phường Bình Thuận,47.1199,4,233447014.95546463
sale,Tuned RF/XGBoost Ensemble,4200000000.0000005,5091269389.836251,891269389.8362508,0.21220699758005968,chotot,Huyện Hóc Môn,Nhà ở,Đất/đất nền,Xã Xuân Thới Sơn,120,5,35000000
sale,Tuned RF/XGBoost Ensemble,3580000000.000005,5125110122.545197,1545110122.5451918,0.431595006297539,chotot,Quận 12,Nhà ở,Nhà phố/nhà ở,Phường Trung Mỹ Tây,72,4,49722222.222222224
sale,Tuned RF/XGBoost Ensemble,1059999999.9999998,2047790330.6141098,987790330.61411,0.93187767039067,chotot,Huyện Nhà Bè,Nhà ở,Nhà phố/nhà ở,Xã Nhơn Đức,36,2,29444444.444444444
sale,Tuned RF/XGBoost Ensemble,9600000000.000006,8358459711.023632,1241540288.9763737,0.12932711343503886,chotot,Quận Tân Phú,Nhà ở,Tòa nhà/văn phòng/mặt bằng,Phường Tân Thành,44,5,218181818.1818182
sale,Tuned RF/XGBoost Ensemble,1950000000.0000002,3828448094.020526,1878448094.0205257,0.9633067148823208,chotot,Huyện Củ Chi,Đất,Đất/đất nền,Xã Phú Hòa Đông,580,4,3362068.9655172415
sale,Tuned RF/XGBoost Ensemble,7359999999.999998,4232635402.1833663,3127364597.816632,0.4249136681816077,chotot,Thành phố Thủ Đức,Căn hộ/Chung cư,Căn hộ,Phường Long Thạnh Mỹ (Quận 9 cũ),83.0998,2,88568203.53358251
sale,Tuned RF/XGBoost Ensemble,4400000000.000008,4544568728.273949,144568728.27394104,0.03285652915316836,chotot,Quận Tân Phú,Căn hộ/Chung cư,Căn hộ,Phường Hiệp Tân,80,3,55000000
sale,Tuned RF/XGBoost Ensemble,4150000000.000004,4310608605.938045,160608605.93804073,0.03870086890073267,chotot,Quận Tân Bình,Căn hộ/Chung cư,Căn hộ,Phường 15,81,2,51234567.90123457
sale,Tuned RF/XGBoost Ensemble,3190000000.0000024,3474826131.661734,284826131.6617317,0.08928718860869327,chotot,Quận 5,Căn hộ/Chung cư,Căn hộ,Phường 10,63,2,50634920.634920634
sale,Tuned RF/XGBoost Ensemble,2850000000.000006,3805673030.3824897,955673030.3824835,0.3353238703096426,chotot,Quận 12,Đất,Đất/đất nền,Phường Thạnh Xuân,50,4,57000000
sale,Tuned RF/XGBoost Ensemble,6999999999.99999,8019126825.775655,1019126825.7756643,0.1455895465393808,chotot,Huyện Hóc Môn,Đất,Đất/đất nền,Xã Nhị Bình,360,4,19444444.444444444
sale,Tuned RF/XGBoost Ensemble,3860000000.0000033,3748178942.674041,111821057.32596254,0.028969185835741568,chotot,Thành phố Thủ Đức,Đất,Đất/đất nền,Phường Long Trường (Quận 9 cũ),58.5998,4,65870531.981337816
sale,Tuned RF/XGBoost Ensemble,4499999999.999999,5709329837.310123,1209329837.3101244,0.26873996384669435,chotot,Thành phố Thủ Đức,Đất,Đất/đất nền,Phường Phước Long B (Quận 9 cũ),61,4,73770491.80327868
sale,Tuned RF/XGBoost Ensemble,8899999999.999985,8954788282.13845,54788282.13846588,0.0061559867571310085,chotot,Thành phố Thủ Đức,Đất,Đất/đất nền,Phường Long Trường (Quận 9 cũ),160,4,55625000
sale,Tuned RF/XGBoost Ensemble,47000000000.00003,30982502921.218258,16017497078.781773,0.340797810186846,chotot,Huyện Hóc Môn,Đất,Đất/đất nền,Xã Tân Hiệp,3350,4,14029850.746268656
sale,Tuned RF/XGBoost Ensemble,4050000000.000019,3502600050.3751917,547399949.6248274,0.13516048138884562,chotot,Huyện Hóc Môn,Đất,Đất/đất nền,Xã Xuân Thới Sơn,88.5,4,45762711.86440678
sale,Tuned RF/XGBoost Ensemble,7567999999.999962,11298797574.82795,3730797574.8279877,0.49297008124048713,chotot,Huyện Hóc Môn,Đất,Đất/đất nền,Xã Xuân Thới Sơn,890.2999,4,8500506.402393172
sale,Tuned RF/XGBoost Ensemble,890000000.0000019,776956454.2922708,113043545.70773113,0.12701521989632683,chotot,Huyện Củ Chi,Đất,Đất/đất nền,Thị trấn Củ Chi,200,4,4450000
sale,Tuned RF/XGBoost Ensemble,2249999999.9999957,4879706550.590103,2629706550.5901074,1.1687584669289388,chotot,Quận 12,Đất,Đất/đất nền,Phường Thạnh Xuân,83,4,27108433.73493976
sale,Tuned RF/XGBoost Ensemble,3949999999.999996,3800121572.2290893,149878427.77090693,0.0379439057647866,chotot,Quận 12,Đất,Đất/đất nền,Phường Trung Mỹ Tây,52,4,75961538.46153846
sale,Tuned RF/XGBoost Ensemble,22120000000.000008,17139693069.838308,4980306930.161699,0.22514949955523045,chotot,Huyện Cần Giờ,Đất,Đất/đất nền,Xã Long Hòa,553,4,40000000
sale,Tuned RF/XGBoost Ensemble,5749999999.999991,4956228621.7023735,793771378.2976179,0.13804719622567288,chotot,Quận 12,Đất,Đất/đất nền,Phường Hiệp Thành,72,4,79861111.1111111
sale,Tuned RF/XGBoost Ensemble,7500000000.0000105,7248895007.816191,251104992.18381977,0.03348066562450926,chotot,Huyện Nhà Bè,Đất,Đất/đất nền,Xã Long Thới,200,4,37500000
sale,Tuned RF/XGBoost Ensemble,6000000000.000004,7640764152.878004,1640764152.8780003,0.27346069214633323,chotot,Quận 7,Đất,Đất/đất nền,Phường Tân Hưng,64.5,4,93023255.81395347
sale,Tuned RF/XGBoost Ensemble,12799999999.999996,8493881836.668017,4306118163.331979,0.3364154815103109,chotot,Quận Bình Tân,Nhà ở,Nhà phố/nhà ở,Phường Bình Hưng Hoà A,132,1,96969696.96969695
sale,Tuned RF/XGBoost Ensemble,8980000000.000029,6417729258.583873,2562270741.416156,0.28533081752963785,chotot,Quận 8,Nhà ở,Nhà phố/nhà ở,Phường 3,49,4,183265306.12244895
sale,Tuned RF/XGBoost Ensemble,6099999999.999996,5993309158.2191925,106690841.78080368,0.017490301931279303,chotot,Quận Bình Tân,Nhà ở,Nhà phố/nhà ở,Phường Bình Hưng Hoà A,60,4,101666666.66666669
sale,Tuned RF/XGBoost Ensemble,5699999999.999994,3951678382.358772,1748321617.6412225,0.30672309081424987,chotot,Huyện Củ Chi,Nhà ở,Nhà phố/nhà ở,Xã Phú Hòa Đông,190,6,30000000
sale,Tuned RF/XGBoost Ensemble,4599999999.999997,4358972277.118603,241027722.8813944,0.052397331061172725,chotot,Quận Tân Phú,Nhà ở,Nhà phố/nhà ở,Phường Phú Trung,28,3,164285714.2857143
sale,Tuned RF/XGBoost Ensemble,4499999999.999999,4719128258.134179,219128258.13418007,0.048695168474262245,chotot,Thành phố Thủ Đức,Căn hộ/Chung cư,Căn hộ,Phường Hiệp Bình Phước (Quận Thủ Đức cũ),80,1,56250000
sale,Tuned RF/XGBoost Ensemble,2749999999.9999976,3402348644.401737,652348644.4017396,0.23721768887336006,chotot,Quận Bình Tân,Căn hộ/Chung cư,Căn hộ,Phường An Lạc,74,2,37162162.16216216
sale,Tuned RF/XGBoost Ensemble,3099999999.9999986,3429380042.8441396,329380042.844141,0.1062516267239165,chotot,Thành phố Thủ Đức,Căn hộ/Chung cư,Căn hộ,Phường Long Thạnh Mỹ (Quận 9 cũ),69,2,44927536.231884055
sale,Tuned RF/XGBoost Ensemble,8390000000.000014,8017252138.961143,372747861.03887177,0.04442763540391789,homedy,Thành phố Thủ Đức,Đất nền,Đất/đất nền,Phường Linh Đông,98.71,0,84996454.25995341
sale,Tuned RF/XGBoost Ensemble,14500000000.00002,12970941766.750051,1529058233.2499676,0.10545229194827349,luachonnhadat,Quận Bình Tân,Nhà phố,Nhà phố/nhà ở,Không rõ,153,4,94771241.83006535
sale,Tuned RF/XGBoost Ensemble,7900000000,7055089406.52792,844910593.4720802,0.10695070803444054,luachonnhadat,Quận Bình Tân,Nhà phố,Nhà phố/nhà ở,Không rõ,86,4,91860465.11627908
sale,Tuned RF/XGBoost Ensemble,8600000000.000008,10147524756.07006,1547524756.070053,0.179944739077913,luachonnhadat,Quận Bình Tân,Nhà phố,Nhà phố/nhà ở,Không rõ,68,4,126470588.23529412
sale,Tuned RF/XGBoost Ensemble,3819999999.999982,3967374474.49883,147374474.49884796,0.03857970536619075,alonhadat,Quận Gò Vấp,Nhà ở,Nhà phố/nhà ở,Phường Hạnh Thông,59,4,64745762.7118644
sale,Tuned RF/XGBoost Ensemble,6270000000.000004,9162160752.912745,2892160752.9127407,0.46126965756184035,alonhadat,Quận 3,Nhà ở,Biệt thự/cao cấp,Phường Xuân Hòa,70,4,89571428.57142857
sale,Tuned RF/XGBoost Ensemble,6449999999.999991,5790531210.9132395,659468789.0867519,0.10224322311422525,alonhadat,Quận 12,Nhà ở,Nhà phố/nhà ở,Phường Trung Mỹ Tây,78,4,82692307.6923077
sale,Tuned RF/XGBoost Ensemble,890000000.0000019,2605909119.3392043,1715909119.3392024,1.9279877745384255,alonhadat,Huyện Bình Chánh,Nhà ở,Nhà phố/nhà ở,Xã Bình Hưng,92,3,9673913.043478262
sale,Tuned RF/XGBoost Ensemble,2689999999.999999,2369163446.1112695,320836553.8887296,0.11927009438242739,homedy,Quận Tân Bình,Bất động sản khác,Khác,Phường 13,35,1,76857142.85714285
sale,Tuned RF/XGBoost Ensemble,12999999999.999989,8512734186.002782,4487265813.997207,0.3451742933844008,luachonnhadat,Quận Bình Tân,Đất,Đất/đất nền,Không rõ,100,4,130000000
sale,Tuned RF/XGBoost Ensemble,2299999999.9999924,2234314574.4017496,65685425.59824276,0.02855888069488825,homedy,Quận Bình Thạnh,Bất động sản khác,Khác,Phường 7,57,2,40350877.19298246
sale,Tuned RF/XGBoost Ensemble,779999999.9999988,1187061731.837801,407061731.8378022,0.5218740151766702,homedy,Quận 12,Nhà phố,Nhà phố/nhà ở,Phường Hiệp Thành,24,2,32500000
sale,Tuned RF/XGBoost Ensemble,13500000000.000013,22877850656.245373,9377850656.24536,0.6946556041663222,luachonnhadat,Quận Bình Tân,Đất,Phòng trọ,Không rõ,174,4,77586206.89655173
sale,Tuned RF/XGBoost Ensemble,11300000000.000011,7539002652.126381,3760997347.8736305,0.3328316237056307,luachonnhadat,Quận Bình Tân,Đất,Đất/đất nền,Không rõ,100,4,113000000
sale,Tuned RF/XGBoost Ensemble,8699999999.999987,5989579880.547124,2710420119.4528627,0.3115425424658468,luachonnhadat,Quận 6,Nhà phố,Nhà phố/nhà ở,Không rõ,60,4,145000000
sale,Tuned RF/XGBoost Ensemble,5800000000,9197096302.071121,3397096302.071121,0.5857062589777795,luachonnhadat,Quận Bình Tân,Nhà phố,Nhà phố/nhà ở,Không rõ,90,4,64444444.44444445
sale,Tuned RF/XGBoost Ensemble,4379999999.999997,4709591836.504216,329591836.50421906,0.07524927774068933,luachonnhadat,Quận Bình Tân,Đất,Đất/đất nền,Không rõ,45,4,97333333.33333331
sale,Tuned RF/XGBoost Ensemble,6280000000.000006,6275174612.566681,4825387.433324814,7.683737951154155e-4,luachonnhadat,Quận Bình Tân,Đất,Đất/đất nền,Không rõ,72,4,87222222.22222222
sale,Tuned RF/XGBoost Ensemble,8000000000,12308134036.851637,4308134036.851637,0.5385167546064547,luachonnhadat,Quận Bình Tân,Nhà phố,Nhà phố/nhà ở,Không rõ,140,4,57142857.14285714
sale,Tuned RF/XGBoost Ensemble,6349999999.999992,6283286789.851856,66713210.14813614,0.010506017346163184,luachonnhadat,Quận Bình Tân,Nhà phố,Nhà phố/nhà ở,Không rõ,70,4,90714285.71428572
sale,Tuned RF/XGBoost Ensemble,10500000000,19717805457.193798,9217805457.193798,0.877886234018457,luachonnhadat,Quận 6,Nhà phố,Nhà phố/nhà ở,Không rõ,115,4,91304347.82608695
sale,Tuned RF/XGBoost Ensemble,14999999999.999996,14441235759.159555,558764240.8404408,0.03725094938936273,alonhadat,Quận 5,Nhà ở,Nhà phố/nhà ở,Phường An Đông,50,6,300000000
sale,Tuned RF/XGBoost Ensemble,5800000000,6226821510.15421,426821510.1542101,0.07358991554382932,luachonnhadat,Quận Bình Tân,Nhà phố,Nhà phố/nhà ở,Không rõ,70,4,82857142.85714285
sale,Tuned RF/XGBoost Ensemble,32000000000.00004,29399833475.96722,2600166524.032818,0.08125520387602546,luachonnhadat,Quận Bình Tân,Nhà phố,Nhà phố/nhà ở,Không rõ,200,4,160000000
sale,Tuned RF/XGBoost Ensemble,4450000000.00001,4429040719.741644,20959280.25836563,0.004709950619857435,luachonnhadat,Quận Bình Tân,Nhà phố,Nhà phố/nhà ở,Không rõ,36,4,123611111.1111111
sale,Tuned RF/XGBoost Ensemble,7200000000,10557104445.722929,3357104445.722929,0.4662645063504068,luachonnhadat,Quận Bình Tân,Nhà phố,Nhà phố/nhà ở,Không rõ,84,4,85714285.71428572
sale,Tuned RF/XGBoost Ensemble,11300000000.000011,10578128128.306889,721871871.6931229,0.06388246652151523,luachonnhadat,Quận Bình Tân,Nhà phố,Nhà phố/nhà ở,Không rõ,67,4,168656716.41791046
sale,Tuned RF/XGBoost Ensemble,11500000000.000008,10455040773.939133,1044959226.0608749,0.09086601965746732,luachonnhadat,Quận Bình Tân,Nhà phố,Nhà phố/nhà ở,Không rõ,102,4,112745098.03921568
sale,Tuned RF/XGBoost Ensemble,10699999999.999983,10065594727.32164,634405272.6783428,0.05929021239984522,luachonnhadat,Quận Bình Tân,Nhà phố,Nhà phố/nhà ở,Không rõ,64,4,167187500
sale,Tuned RF/XGBoost Ensemble,26500000000.000023,15782316601.302328,10717683398.697695,0.40444088296972397,luachonnhadat,Quận Bình Tân,Nhà phố,Nhà phố/nhà ở,Không rõ,100,4,265000000
sale,Tuned RF/XGBoost Ensemble,23899999999.999992,16227220825.951517,7672779174.048475,0.3210367855250409,luachonnhadat,Quận Bình Tân,Biệt thự,Biệt thự/cao cấp,Không rõ,168,4,142261904.76190478
sale,Tuned RF/XGBoost Ensemble,13999999999.999975,12187127505.689865,1812872494.31011,0.12949089245072237,homedy,Thành phố Thủ Đức,Nhà phố,Nhà phố/nhà ở,Phường Linh Chiểu,81,5,172839506.1728395
sale,Tuned RF/XGBoost Ensemble,41800000000.00017,64612125597.76873,22812125597.768562,0.5457446315255615,alonhadat,Quận 5,Nhà ở,Nhà phố/nhà ở,Phường 3,500,2,83600000
sale,Tuned RF/XGBoost Ensemble,16500000000.000004,26977497584.453686,10477497584.453682,0.6349998536032533,homedy,Thành phố Thủ Đức,Nhà phố,Nhà phố/nhà ở,Phường Hiệp Bình Phước,196,0,84183673.46938775
sale,Tuned RF/XGBoost Ensemble,3500000000.000005,3688753907.089509,188753907.08950424,0.05392968773985828,homedy,Thành phố Thủ Đức,Đất nền,Đất/đất nền,Phường Long Trường,52,0,67307692.3076923
sale,Tuned RF/XGBoost Ensemble,10500000000,9483327198.986267,1016672801.0137329,0.09682598104892694,homedy,Thành phố Thủ Đức,Nhà phố,Nhà phố/nhà ở,Phường Tam Phú,90,0,116666666.66666669
sale,Tuned RF/XGBoost Ensemble,44999999999.999886,24215078237.69654,20784921762.303345,0.4618871502734088,luachonnhadat,Quận Bình Tân,Nhà phố,Nhà phố/nhà ở,Không rõ,180,4,250000000
sale,Tuned RF/XGBoost Ensemble,26999999999.99998,16193188472.44305,10806811527.55693,0.40025227879840514,luachonnhadat,Quận 6,Nhà phố,Nhà phố/nhà ở,Không rõ,99,4,272727272.72727275
sale,Tuned RF/XGBoost Ensemble,4300000000.000001,5764252028.097767,1464252028.097766,0.34052372746459664,luachonnhadat,Quận Bình Tân,Nhà phố,Nhà phố/nhà ở,Không rõ,51,4,84313725.49019608
sale,Tuned RF/XGBoost Ensemble,12299999999.999998,11507535951.823421,792464048.1765766,0.06442797139646965,luachonnhadat,Quận Bình Tân,Nhà phố,Nhà phố/nhà ở,Không rõ,80,4,153750000
sale,Tuned RF/XGBoost Ensemble,18799999999.999977,19503545008.503773,703545008.5037956,0.03742260683530833,luachonnhadat,Quận Tân Phú,Nhà phố,Nhà phố/nhà ở,Không rõ,144,4,130555555.55555557
sale,Tuned RF/XGBoost Ensemble,12699999999.99998,9176233891.752703,3523766108.247278,0.2774618982871877,luachonnhadat,Quận Bình Tân,Nhà phố,Nhà phố/nhà ở,Không rõ,54,4,235185185.1851852
sale,Tuned RF/XGBoost Ensemble,8600000000.000008,5202164385.333634,3397835614.6663733,0.39509716449608956,luachonnhadat,Quận 6,Nhà phố,Nhà phố/nhà ở,Không rõ,37,4,232432432.43243244
sale,Tuned RF/XGBoost Ensemble,7500000000.0000105,5368536149.4828615,2131463850.517149,0.2841951800689528,luachonnhadat,Quận Bình Tân,Nhà phố,Nhà phố/nhà ở,Không rõ,54,4,138888888.8888889
sale,Tuned RF/XGBoost Ensemble,6050000000.000006,5308236910.939682,741763089.0603237,0.1226054692661691,luachonnhadat,Quận Bình Tân,Đất,Đất/đất nền,Không rõ,72,4,84027777.77777778
sale,Tuned RF/XGBoost Ensemble,8300000000.000012,9005744803.216984,705744803.2169714,0.0850294943634904,luachonnhadat,Quận Bình Tân,Nhà phố,Nhà phố/nhà ở,Không rõ,80,4,103750000
sale,Tuned RF/XGBoost Ensemble,5380000000.000003,5855783023.533523,475783023.53351974,0.08843550623299619,luachonnhadat,Quận Bình Tân,Nhà phố,Nhà phố/nhà ở,Không rõ,60,4,89666666.66666667
sale,Tuned RF/XGBoost Ensemble,14500000000.00002,13430141623.340792,1069858376.6592274,0.07378333632132593,luachonnhadat,Quận Bình Tân,Nhà phố,Nhà phố/nhà ở,Không rõ,90,4,161111111.1111111
sale,Tuned RF/XGBoost Ensemble,7700000000.0000105,7575490534.022781,124509465.97722912,0.01617006051652324,luachonnhadat,Quận Bình Tân,Nhà phố,Nhà phố/nhà ở,Không rõ,56,4,137500000
sale,Tuned RF/XGBoost Ensemble,14999999999.999996,13797516496.657623,1202483503.342373,0.08016556688949154,luachonnhadat,Quận Bình Tân,Nhà phố,Nhà phố/nhà ở,Không rõ,90,4,166666666.66666666
sale,Tuned RF/XGBoost Ensemble,3389999999.9999833,3081036512.4858246,308963487.5141587,0.09113967183308562,homedy,Quận 12,Bất động sản khác,Khác,Phường Tân Thới Nhất,61,0,55573770.49180328
sale,Tuned RF/XGBoost Ensemble,1699999999.9999986,3160136478.3439054,1460136478.3439069,0.8589038107905341,homedy,Quận 12,Bất động sản khác,Khác,Phường Tân Chánh Hiệp,56,0,30357142.85714286
