segment,best_model,actual_price,predicted_price,abs_error_vnd,ape,source,district_name,category_name,model_category,ward,area,rooms,price_per_m2
rent,RF + XGBoost Ensemble,24000000,19561505.899140753,4438494.100859247,0.18493725420246862,mogi,Quận 7,Căn hộ,Căn hộ,Không rõ,82,2,292682.9268292683
rent,RF + XGBoost Ensemble,25999999.999999985,34650074.28168852,8650074.281688534,0.3326951646803284,mogi,Quận 7,Căn hộ,Căn hộ,Không rõ,125,3,208000
rent,RF + XGBoost Ensemble,16000000.000000026,17250938.284287326,1250938.2842873,0.07818364276795613,mogi,Quận 7,Căn hộ,Căn hộ,Không rõ,70,2,228571.42857142855
rent,RF + XGBoost Ensemble,16000000.000000026,15844612.9025097,155387.09749032557,0.009711693593145332,mogi,Quận Phú Nhuận,Căn hộ,Căn hộ,Không rõ,75,2,213333.33333333337
rent,RF + XGBoost Ensemble,24000000,22749934.83295389,1250065.167046111,0.052086048626921296,mogi,Quận 7,Căn hộ,Căn hộ,Không rõ,110,2,218181.81818181815
rent,RF + XGBoost Ensemble,30000000.00000005,23171166.699219167,6828833.300780881,0.22762777669269568,mogi,Quận Bình Tân,Nhà phố,Nhà phố/nhà ở,Không rõ,100,4,300000
rent,RF + XGBoost Ensemble,35000000.000000015,22904086.117132653,12095913.882867362,0.34559753951049593,mogi,Quận Bình Tân,Phòng/Cho thuê,Phòng trọ,Không rõ,100,3,350000
rent,RF + XGBoost Ensemble,39000000.00000001,24778696.03673289,14221303.963267118,0.3646488195709517,mogi,Quận 3,Nhà phố,Nhà phố/nhà ở,Không rõ,45,1,866666.6666666666
rent,RF + XGBoost Ensemble,30000000.00000005,23856475.25248679,6143524.747513257,0.20478415825044158,mogi,Quận 3,Nhà phố,Nhà phố/nhà ở,Không rõ,60,1,500000
rent,RF + XGBoost Ensemble,30000000.00000005,36753251.01963412,6753251.019634072,0.22510836732113537,mogi,Quận Bình Tân,Nhà phố,Nhà phố/nhà ở,Không rõ,200,1,150000
rent,RF + XGBoost Ensemble,22000000.000000007,21294320.7394752,705679.2605248056,0.03207633002385479,mogi,Quận Bình Tân,Nhà phố,Nhà phố/nhà ở,Không rõ,53,7,415094.3396226415
rent,RF + XGBoost Ensemble,16000000.000000026,20615363.33813178,4615363.338131756,0.28846020863323424,mogi,Quận Bình Tân,Nhà phố,Nhà phố/nhà ở,Không rõ,99,5,161616.1616161616
rent,RF + XGBoost Ensemble,2700000,4046371.127262107,1346371.127262107,0.49865597306003967,mogi,Quận 3,Phòng/Cho thuê,Phòng trọ,Không rõ,18,0,150000
rent,RF + XGBoost Ensemble,20000000.000000015,32229402.590554047,12229402.590554032,0.6114701295277012,mogi,Thành phố Thủ Đức,Phòng/Cho thuê,Tòa nhà/văn phòng/mặt bằng,Không rõ,88,0,227272.7272727273
rent,RF + XGBoost Ensemble,85000000.00000004,72001613.65949512,12998386.34050493,0.15292219224123438,mogi,Thành phố Thủ Đức,Phòng/Cho thuê,Tòa nhà/văn phòng/mặt bằng,Không rõ,160,0,531250
rent,RF + XGBoost Ensemble,35000000.000000015,75629289.75676161,40629289.756761596,1.160836850193188,mogi,Thành phố Thủ Đức,Phòng/Cho thuê,Tòa nhà/văn phòng/mặt bằng,Không rõ,250,0,140000
rent,RF + XGBoost Ensemble,39000000.00000001,34628781.880191036,4371218.119808972,0.11208251589253772,mogi,Quận Bình Tân,Phòng/Cho thuê,Phòng trọ,Không rõ,160,4,243750
rent,RF + XGBoost Ensemble,24999999.999999963,21766674.37096261,3233325.629037354,0.12933302516149436,mogi,Thành phố Thủ Đức,Biệt thự,Biệt thự/cao cấp,Không rõ,80,4,312500
rent,RF + XGBoost Ensemble,9999999.999999996,12230973.833762612,2230973.833762616,0.22309738337626167,alonhadat,Quận 8,Căn hộ/Chung cư,Căn hộ,Phường Bình Đông,90,2,111111.11111111112
rent,RF + XGBoost Ensemble,9999999.999999996,20990593.170732744,10990593.170732748,1.0990593170732752,alonhadat,Thành phố Thủ Đức,Văn phòng/Mặt bằng,Tòa nhà/văn phòng/mặt bằng,Phường Hiệp Bình,90,2,111111.11111111112
rent,RF + XGBoost Ensemble,14499999.99999999,21179092.593050644,6679092.593050653,0.46062707538280395,alonhadat,Quận Tân Phú,Văn phòng/Mặt bằng,Tòa nhà/văn phòng/mặt bằng,Phường Tân Sơn Nhì,92,4,157608.69565217392
rent,RF + XGBoost Ensemble,42000000.00000003,32471280.02039488,9528719.97960515,0.22687428522869388,alonhadat,Quận 7,Căn hộ/Chung cư,Căn hộ,Phường Tân Hưng,135,3,311111.1111111111
rent,RF + XGBoost Ensemble,39999999.999999985,34031251.39198566,5968748.608014323,0.14921871520035812,alonhadat,Quận 7,Căn hộ/Chung cư,Căn hộ,Phường Tân Mỹ,146,3,273972.602739726
rent,RF + XGBoost Ensemble,65000000.00000007,40634314.9628487,24365685.037151366,0.3748566928792514,alonhadat,Quận 1,Văn phòng/Mặt bằng,Tòa nhà/văn phòng/mặt bằng,Phường Cầu Ông Lãnh,75,4,866666.6666666666
rent,RF + XGBoost Ensemble,12000000.000000007,23451915.024697423,11451915.024697416,0.9543262520581174,luachonnhadat,Quận 6,Nhà phố,Nhà phố/nhà ở,Không rõ,76,4,157894.73684210525
rent,RF + XGBoost Ensemble,219999999.99999964,211093180.21682605,8906819.78317359,0.04048554446897094,chotot,Quận Tân Phú,"Văn phòng, Mặt bằng kinh doanh",Tòa nhà/văn phòng/mặt bằng,Phường Tây Thạnh,160,1,1375000
rent,RF + XGBoost Ensemble,169999999.99999988,155809698.0671745,14190301.932825387,0.08347236431073762,chotot,Quận Bình Tân,"Văn phòng, Mặt bằng kinh doanh",Tòa nhà/văn phòng/mặt bằng,Phường Bình Trị Đông B,100,1,1700000
rent,RF + XGBoost Ensemble,57999999.99999995,58834731.77676352,834731.7767635733,0.014391927185578864,chotot,Quận 12,"Văn phòng, Mặt bằng kinh doanh",Tòa nhà/văn phòng/mặt bằng,Phường Thạnh Xuân,50,1,1160000
rent,RF + XGBoost Ensemble,12499999.999999985,11101578.681836106,1398421.3181638792,0.11187370545311047,mogi,Quận 1,Căn hộ,Căn hộ,Không rõ,50,1,250000
rent,RF + XGBoost Ensemble,12000000.000000007,12950677.595320895,950677.5953208879,0.07922313294340727,mogi,Quận 3,Căn hộ,Căn hộ,Không rõ,50,1,240000
rent,RF + XGBoost Ensemble,8999999.999999996,10614924.201722985,1614924.2017229889,0.1794360224136655,mogi,Quận 3,Căn hộ,Căn hộ,Không rõ,40,1,225000
rent,RF + XGBoost Ensemble,11500000.000000019,12100689.198676916,600689.1986768972,0.05223384336320837,mogi,Quận 1,Căn hộ,Căn hộ,Không rõ,45,1,255555.55555555556
rent,RF + XGBoost Ensemble,12499999.999999985,18758765.390225492,6258765.390225507,0.5007012312180412,mogi,Quận 1,Căn hộ,Căn hộ,Không rõ,70,2,178571.42857142858
rent,RF + XGBoost Ensemble,6000000,7799477.658179652,1799477.658179652,0.299912943029942,mogi,Quận Bình Thạnh,Căn hộ,Căn hộ,Không rõ,35,1,171428.57142857142
rent,RF + XGBoost Ensemble,8000000.000000002,8509175.649705078,509175.6497050766,0.06364695621313456,mogi,Quận 1,Căn hộ,Căn hộ,Không rõ,40,1,200000
rent,RF + XGBoost Ensemble,13499999.999999993,12116943.458864516,1383056.541135477,0.10244863267670205,mogi,Thành phố Thủ Đức,Căn hộ,Căn hộ,Không rõ,65,2,207692.3076923077
rent,RF + XGBoost Ensemble,11500000.000000019,9822724.904876865,1677275.0951231532,0.1458500082715783,mogi,Thành phố Thủ Đức,Căn hộ,Căn hộ,Không rõ,50,1,230000
rent,RF + XGBoost Ensemble,9999999.999999996,11862811.515794057,1862811.5157940611,0.1862811515794062,mogi,Quận Tân Bình,Căn hộ,Căn hộ,Không rõ,87,2,114942.52873563218
rent,RF + XGBoost Ensemble,13000000.000000013,7431276.087783592,5568723.912216421,0.4283633778628012,mogi,Quận 4,Căn hộ,Căn hộ,Không rõ,30,1,433333.3333333333
rent,RF + XGBoost Ensemble,15000000.00000001,15491771.972984755,491771.9729847461,0.032784798198983056,mogi,Quận 3,Căn hộ,Căn hộ,Không rõ,85,2,176470.58823529413
rent,RF + XGBoost Ensemble,26999999.999999993,26708103.864737906,291896.135262087,0.010810967972669892,mogi,Quận 7,Căn hộ,Căn hộ,Không rõ,105,3,257142.85714285713
rent,RF + XGBoost Ensemble,16000000.000000026,12087667.619329806,3912332.3806702197,0.24452077379188833,mogi,Quận 4,Căn hộ,Căn hộ,Không rõ,50,1,320000
rent,RF + XGBoost Ensemble,15000000.00000001,10798950.07733581,4201049.922664199,0.28006999484427975,mogi,Quận 4,Căn hộ,Căn hộ,Không rõ,45,1,333333.3333333333
rent,RF + XGBoost Ensemble,12000000.000000007,15199641.481756138,3199641.4817561302,0.266636790146344,mogi,Quận 4,Căn hộ,Căn hộ,Không rõ,75,2,160000
rent,RF + XGBoost Ensemble,16999999.999999974,17125448.903960455,125448.90396048129,0.007379347291793028,mogi,Quận 4,Căn hộ,Căn hộ,Không rõ,80,2,212500
rent,RF + XGBoost Ensemble,12000000.000000007,15222464.045746595,3222464.045746587,0.2685386704788821,mogi,Quận 4,Căn hộ,Căn hộ,Không rõ,77,2,155844.15584415584
rent,RF + XGBoost Ensemble,60000000.0000001,47349084.24625065,12650915.753749445,0.21084859589582375,mogi,Quận 1,Nhà phố,Nhà phố/nhà ở,Không rõ,100,5,600000
rent,RF + XGBoost Ensemble,25999999.999999985,92749290.90426457,66749290.904264584,2.5672804193947933,mogi,Quận 3,Nhà phố,Nhà phố/nhà ở,Không rõ,175,3,148571.42857142858
rent,RF + XGBoost Ensemble,40999999.999999985,25520822.783294886,15479177.216705099,0.37754090772451476,mogi,Quận 3,Nhà phố,Nhà phố/nhà ở,Không rõ,60,4,683333.3333333334
rent,RF + XGBoost Ensemble,24999999.999999963,29831813.184688304,4831813.184688341,0.19327252738753392,mogi,Quận Tân Bình,Phòng/Cho thuê,Phòng trọ,Không rõ,125,6,200000
rent,RF + XGBoost Ensemble,27999999.99999999,29479367.793640424,1479367.7936404347,0.052834564058586976,mogi,Quận Phú Nhuận,Nhà phố,Biệt thự/cao cấp,Không rõ,90,4,311111.1111111111
rent,RF + XGBoost Ensemble,24999999.999999963,38591499.06821545,13591499.06821549,0.5436599627286204,mogi,Quận Phú Nhuận,Nhà phố,Biệt thự/cao cấp,Không rõ,100,5,250000
rent,RF + XGBoost Ensemble,24999999.999999963,41116002.433984585,16116002.433984622,0.6446400973593859,mogi,Quận 10,Nhà phố,Nhà phố/nhà ở,Không rõ,76,6,328947.36842105264
rent,RF + XGBoost Ensemble,44999999.999999985,41148329.970575966,3851670.029424019,0.08559266732053379,mogi,Quận 10,Biệt thự,Biệt thự/cao cấp,Không rõ,126,5,357142.85714285716
rent,RF + XGBoost Ensemble,39999999.999999985,62649752.503309704,22649752.50330972,0.5662438125827431,mogi,Quận 10,Nhà phố,Nhà phố/nhà ở,Không rõ,121,11,330578.5123966942
rent,RF + XGBoost Ensemble,39999999.999999985,33661533.292838916,6338466.707161069,0.15846166767902678,mogi,Quận Phú Nhuận,Nhà phố,Nhà phố/nhà ở,Không rõ,60,5,666666.6666666666
rent,RF + XGBoost Ensemble,50000000.00000009,47510010.18589438,2489989.814105712,0.04979979628211415,mogi,Quận Bình Thạnh,"Văn phòng, Mặt bằng kinh doanh",Tòa nhà/văn phòng/mặt bằng,Không rõ,90,4,555555.5555555555
rent,RF + XGBoost Ensemble,39999999.999999985,46510850.41857524,6510850.418575257,0.16277126046438148,mogi,Quận 1,Nhà phố,Nhà phố/nhà ở,Không rõ,100,6,400000
rent,RF + XGBoost Ensemble,35000000.000000015,45449888.0821226,10449888.082122587,0.29856823091778806,mogi,Quận 1,Nhà phố,Nhà phố/nhà ở,Không rõ,72,3,486111.1111111111
rent,RF + XGBoost Ensemble,79999999.9999996,62784431.0211611,17215568.978838496,0.21519461223548228,mogi,Quận 1,Nhà phố,Tòa nhà/văn phòng/mặt bằng,Không rõ,110,4,727272.7272727273
rent,RF + XGBoost Ensemble,30000000.00000005,59096956.37513783,29096956.37513778,0.9698985458379245,mogi,Quận 1,Nhà phố,Nhà phố/nhà ở,Không rõ,80,5,375000
rent,RF + XGBoost Ensemble,39999999.999999985,137406783.6877862,97406783.6877862,2.435169592194656,mogi,Quận 1,"Văn phòng, Mặt bằng kinh doanh",Tòa nhà/văn phòng/mặt bằng,Không rõ,184,2,217391.30434782608
rent,RF + XGBoost Ensemble,30000000.00000005,46277121.05116784,16277121.05116779,0.5425707017055921,mogi,Quận 1,Nhà phố,Nhà phố/nhà ở,Không rõ,100,3,300000
rent,RF + XGBoost Ensemble,46999999.99999998,58952408.49296558,11952408.492965601,0.2543065636801193,mogi,Quận 1,Nhà phố,Nhà phố/nhà ở,Không rõ,72,3,652777.7777777778
rent,RF + XGBoost Ensemble,39999999.999999985,51952102.71736699,11952102.717367008,0.2988025679341753,mogi,Quận 1,Nhà phố,Nhà phố/nhà ở,Không rõ,90,4,444444.4444444445
rent,RF + XGBoost Ensemble,44999999.999999985,26594370.629917912,18405629.370082073,0.409013986001824,mogi,Quận Bình Thạnh,"Văn phòng, Mặt bằng kinh doanh",Tòa nhà/văn phòng/mặt bằng,Không rõ,70,4,642857.1428571428
rent,RF + XGBoost Ensemble,50000000.00000009,36104896.5629568,13895103.437043287,0.27790206874086526,mogi,Quận 1,Nhà phố,Nhà phố/nhà ở,Không rõ,54,4,925925.925925926
rent,RF + XGBoost Ensemble,44999999.999999985,39539011.68238916,5460988.317610823,0.12135529594690721,mogi,Quận 3,Nhà phố,Tòa nhà/văn phòng/mặt bằng,Không rõ,77,5,584415.5844155845
rent,RF + XGBoost Ensemble,26999999.999999993,30804520.150153417,3804520.1501534246,0.14090815370938614,mogi,Quận Phú Nhuận,Nhà phố,Nhà phố/nhà ở,Không rõ,90,5,300000
rent,RF + XGBoost Ensemble,69000000.00000018,43064426.83233912,25935573.167661056,0.37587787199508677,mogi,Quận 3,Nhà phố,Nhà phố/nhà ở,Không rõ,100,5,690000
rent,RF + XGBoost Ensemble,13000000.000000013,18159763.204938818,5159763.204938805,0.3969048619183692,mogi,Quận Gò Vấp,"Văn phòng, Mặt bằng kinh doanh",Tòa nhà/văn phòng/mặt bằng,Không rõ,80,4,162500
rent,RF + XGBoost Ensemble,8999999.999999996,8606700.98713465,393299.0128653459,0.043699890318371785,mogi,Quận Gò Vấp,Nhà phố,Nhà phố/nhà ở,Không rõ,50,2,180000
rent,RF + XGBoost Ensemble,13000000.000000013,10655362.96875024,2344637.0312497728,0.1803566947115208,mogi,Quận 10,Nhà phố,Nhà phố/nhà ở,Không rõ,40,2,325000
rent,RF + XGBoost Ensemble,16000000.000000026,22642278.619127084,6642278.6191270575,0.4151424136954404,mogi,Quận 5,Nhà phố,Nhà phố/nhà ở,Không rõ,60,4,266666.6666666667
rent,RF + XGBoost Ensemble,12000000.000000007,20701701.613293573,8701701.613293566,0.7251418011077967,mogi,Quận 6,Nhà phố,Nhà phố/nhà ở,Không rõ,76,4,157894.73684210525
rent,RF + XGBoost Ensemble,22000000.000000007,27624619.016355038,5624619.01635503,0.2556645007434104,mogi,Quận Gò Vấp,"Văn phòng, Mặt bằng kinh doanh",Tòa nhà/văn phòng/mặt bằng,Không rõ,100,4,220000
rent,RF + XGBoost Ensemble,20999999.99999998,28219230.94546546,7219230.945465479,0.3437729021650231,mogi,Quận Bình Thạnh,"Văn phòng, Mặt bằng kinh doanh",Tòa nhà/văn phòng/mặt bằng,Không rõ,80,4,262500
rent,RF + XGBoost Ensemble,20999999.99999998,9503413.113937672,11496586.88606231,0.54745651838392,mogi,Quận 10,Nhà phố,Phòng trọ,Không rõ,60,4,350000
rent,RF + XGBoost Ensemble,24999999.999999963,22267188.490280733,2732811.5097192302,0.10931246038876938,mogi,Quận Gò Vấp,Nhà phố,Nhà phố/nhà ở,Không rõ,96,5,260416.66666666663
rent,RF + XGBoost Ensemble,14000000.00000001,15341117.51867807,1341117.5186780598,0.0957941084770042,mogi,Quận Bình Thạnh,Nhà phố,Nhà phố/nhà ở,Không rõ,64,3,218750
rent,RF + XGBoost Ensemble,26999999.999999993,21834407.603194505,5165592.396805488,0.19131823691872182,mogi,Quận Phú Nhuận,Nhà phố,Nhà phố/nhà ở,Không rõ,45,4,600000
rent,RF + XGBoost Ensemble,17999999.999999985,18838192.419986036,838192.4199860506,0.04656624555478062,mogi,Quận Phú Nhuận,Nhà phố,Nhà phố/nhà ở,Không rõ,48,4,375000
rent,RF + XGBoost Ensemble,22000000.000000007,23737706.249211747,1737706.2492117397,0.07898664769144269,mogi,Quận Bình Thạnh,Nhà phố,Nhà phố/nhà ở,Không rõ,68,4,323529.4117647059
rent,RF + XGBoost Ensemble,8999999.999999996,11174114.424452998,2174114.4244530015,0.24156826938366693,mogi,Quận Bình Thạnh,Nhà phố,Nhà phố/nhà ở,Không rõ,25,2,360000
rent,RF + XGBoost Ensemble,4999999.999999999,69605592.32965198,64605592.32965198,12.921118465930398,mogi,Quận Phú Nhuận,Phòng/Cho thuê,Phòng trọ,Không rõ,200,1,25000
rent,RF + XGBoost Ensemble,13499999.999999993,20231649.58474459,6731649.584744599,0.4986407099810817,mogi,Quận Gò Vấp,Nhà phố,Nhà phố/nhà ở,Không rõ,100,3,135000
rent,RF + XGBoost Ensemble,14000000.00000001,17568688.133424446,3568688.1334244367,0.25490629524460245,mogi,Quận Gò Vấp,Nhà phố,Nhà phố/nhà ở,Không rõ,64,4,218750
rent,RF + XGBoost Ensemble,28999999.999999948,16271013.639604848,12728986.3603951,0.43893056415155596,mogi,Quận Bình Thạnh,Phòng/Cho thuê,Tòa nhà/văn phòng/mặt bằng,Không rõ,40,3,725000
rent,RF + XGBoost Ensemble,6000000,8292470.35462902,2292470.35462902,0.38207839243817004,mogi,Quận Gò Vấp,Nhà phố,Nhà phố/nhà ở,Không rõ,50,2,120000
rent,RF + XGBoost Ensemble,11000000.000000013,17114407.396451976,6114407.396451963,0.5558552178592687,mogi,Quận Tân Phú,Nhà phố,Nhà phố/nhà ở,Không rõ,78,4,141025.64102564103
rent,RF + XGBoost Ensemble,4700000.000000012,4828967.204495265,128967.20449525304,0.02743983074367079,mogi,Quận Bình Thạnh,Phòng/Cho thuê,Phòng trọ,Không rõ,30,0,156666.66666666666
rent,RF + XGBoost Ensemble,3700000.000000002,2929382.4672395773,770617.5327604245,0.2082750088541687,mogi,Quận Tân Phú,Phòng/Cho thuê,Phòng trọ,Không rõ,20,0,185000
rent,RF + XGBoost Ensemble,3600000.0000000014,2633146.9557984043,966853.0442015971,0.2685702900559991,mogi,Thành phố Thủ Đức,Phòng/Cho thuê,Phòng trọ,Không rõ,30,0,120000
rent,RF + XGBoost Ensemble,5100000.000000012,5338509.475123952,238509.47512394004,0.04676656374979205,mogi,Quận Bình Thạnh,Phòng/Cho thuê,Phòng trọ,Không rõ,37,0,137837.83783783784
rent,RF + XGBoost Ensemble,3500000.0000000056,3598557.097477174,98557.09747716831,0.02815917070776233,mogi,Quận Tân Phú,Phòng/Cho thuê,Phòng trọ,Không rõ,20,0,175000
rent,RF + XGBoost Ensemble,4500000.000000002,3734822.950905368,765177.0490946337,0.17003934424325184,mogi,Quận 3,Phòng/Cho thuê,Phòng trọ,Không rõ,15,0,300000
rent,RF + XGBoost Ensemble,5300000.000000001,4354394.246900849,945605.7530991519,0.17841617983002864,mogi,Quận Bình Thạnh,Phòng/Cho thuê,Phòng trọ,Không rõ,25,0,212000
rent,RF + XGBoost Ensemble,1400000.0000000033,2079030.942795678,679030.9427956748,0.4850221019969094,mogi,Quận Tân Phú,Phòng/Cho thuê,Phòng trọ,Không rõ,25,0,56000
rent,RF + XGBoost Ensemble,2499999.9999999953,3427651.3629347105,927651.3629347151,0.37106054517388676,mogi,Quận Tân Bình,Phòng/Cho thuê,Phòng trọ,Không rõ,25,0,100000
rent,RF + XGBoost Ensemble,2000000.0000000016,2167854.622850447,167854.62285044533,0.0839273114252226,mogi,Thành phố Thủ Đức,Phòng/Cho thuê,Phòng trọ,Không rõ,25,0,80000
rent,RF + XGBoost Ensemble,1499999.9999999986,3252420.382955561,1752420.3829555623,1.1682802553037093,mogi,Quận Gò Vấp,Phòng/Cho thuê,Phòng trọ,Không rõ,25,0,60000
rent,RF + XGBoost Ensemble,3500000.0000000056,5297798.461804599,1797798.461804593,0.51365670337274,mogi,Thành phố Thủ Đức,Căn hộ,Căn hộ,Không rõ,25,0,140000
rent,RF + XGBoost Ensemble,5199999.999999999,2517154.5602851748,2682845.4397148243,0.515931815329774,mogi,Quận 8,Phòng/Cho thuê,Phòng trọ,Không rõ,20,0,260000
rent,RF + XGBoost Ensemble,4500000.000000002,4420694.416210099,79305.58378990274,0.017623463064422824,mogi,Thành phố Thủ Đức,Phòng/Cho thuê,Phòng trọ,Không rõ,30,0,150000
rent,RF + XGBoost Ensemble,4000000.0000000005,3442345.7563758483,557654.24362415215,0.13941356090603801,mogi,Quận 7,Phòng/Cho thuê,Phòng trọ,Không rõ,28,0,142857.14285714287
rent,RF + XGBoost Ensemble,3200000.000000008,3252109.91746542,52109.91746541206,0.016284349207941227,mogi,Quận 12,Phòng/Cho thuê,Phòng trọ,Không rõ,30,0,106666.66666666669
rent,RF + XGBoost Ensemble,26999999.999999993,31338450.70178754,4338450.701787546,0.1606833593254647,mogi,Thành phố Thủ Đức,Phòng/Cho thuê,Tòa nhà/văn phòng/mặt bằng,Không rõ,130,0,207692.3076923077
rent,RF + XGBoost Ensemble,129999999.99999997,58713256.7023543,71286743.29764567,0.5483595638280437,mogi,Thành phố Thủ Đức,Phòng/Cho thuê,Tòa nhà/văn phòng/mặt bằng,Không rõ,187,0,695187.165775401
rent,RF + XGBoost Ensemble,30000000.00000005,23908440.457642507,6091559.542357542,0.20305198474525105,mogi,Quận Phú Nhuận,Phòng/Cho thuê,Tòa nhà/văn phòng/mặt bằng,Không rõ,65,0,461538.4615384616
rent,RF + XGBoost Ensemble,12000000.000000007,18506663.366505403,6506663.366505396,0.5422219472087826,mogi,Thành phố Thủ Đức,Phòng/Cho thuê,Phòng trọ,Không rõ,60,0,200000
rent,RF + XGBoost Ensemble,134999999.99999994,163979647.93983904,28979647.939839095,0.21466405881362302,mogi,Quận 12,Phòng/Cho thuê,Tòa nhà/văn phòng/mặt bằng,Không rõ,1100,0,122727.27272727272
rent,RF + XGBoost Ensemble,129999999.99999997,200146247.52623624,70146247.52623627,0.5395865194325867,mogi,Quận 1,Phòng/Cho thuê,Tòa nhà/văn phòng/mặt bằng,Không rõ,600,0,216666.66666666663
rent,RF + XGBoost Ensemble,895000000.0000014,500000000.0000006,395000000.00000083,0.44134078212290523,mogi,Quận 3,Phòng/Cho thuê,Tòa nhà/văn phòng/mặt bằng,Không rõ,1320,0,678030.303030303
rent,RF + XGBoost Ensemble,43999999.99999999,74725100.76261742,30725100.76261743,0.6982977446049418,mogi,Thành phố Thủ Đức,Phòng/Cho thuê,Tòa nhà/văn phòng/mặt bằng,Không rõ,130,0,338461.53846153844
rent,RF + XGBoost Ensemble,210000000.00000003,147557980.5748064,62442019.42519364,0.29734294964377916,mogi,Quận Tân Bình,Phòng/Cho thuê,Tòa nhà/văn phòng/mặt bằng,Không rõ,842,0,249406.1757719715
rent,RF + XGBoost Ensemble,150000000.00000077,122366799.68245956,27633200.31754121,0.1842213354502738,mogi,Quận Phú Nhuận,Phòng/Cho thuê,Tòa nhà/văn phòng/mặt bằng,Không rõ,450,0,333333.3333333333
rent,RF + XGBoost Ensemble,119999999.9999999,58750440.30817035,61249559.69182955,0.5104129974319134,mogi,Quận 10,Phòng/Cho thuê,Tòa nhà/văn phòng/mặt bằng,Không rõ,160,0,750000
rent,RF + XGBoost Ensemble,249999999.99999985,227565167.8784517,22434832.121548146,0.08973932848619263,mogi,Quận Bình Tân,Phòng/Cho thuê,Phòng trọ,Không rõ,1500,0,166666.66666666666
rent,RF + XGBoost Ensemble,319999999.9999994,227064651.70567283,92935348.29432657,0.2904229634197711,mogi,Thành phố Thủ Đức,Phòng/Cho thuê,Tòa nhà/văn phòng/mặt bằng,Không rõ,1800,0,177777.77777777778
rent,RF + XGBoost Ensemble,249999999.99999985,236047113.64544204,13952886.354557812,0.05581154541823128,mogi,Quận Phú Nhuận,Phòng/Cho thuê,Tòa nhà/văn phòng/mặt bằng,Không rõ,1200,0,208333.33333333337
rent,RF + XGBoost Ensemble,219999999.99999964,129635662.81440134,90364337.1855983,0.41074698720726566,mogi,Quận 1,Phòng/Cho thuê,Phòng trọ,Không rõ,480,0,458333.3333333333
rent,RF + XGBoost Ensemble,119999999.9999999,97207076.19212347,22792923.807876423,0.1899410317323037,mogi,Quận 3,Phòng/Cho thuê,Phòng trọ,Không rõ,400,0,300000
rent,RF + XGBoost Ensemble,36000000.000000045,70405131.90610372,34405131.90610367,0.9556981085028785,mogi,Quận Bình Thạnh,Phòng/Cho thuê,Phòng trọ,Không rõ,168,0,214285.7142857143
rent,RF + XGBoost Ensemble,200000000.0000001,237314538.78734085,37314538.78734076,0.18657269393670373,mogi,Quận 5,Phòng/Cho thuê,Phòng trọ,Không rõ,1000,0,200000
rent,RF + XGBoost Ensemble,489999999.99999917,385604091.89657944,104395908.10341972,0.21305287368044878,mogi,Quận 1,Phòng/Cho thuê,Phòng trọ,Không rõ,1200,0,408333.3333333333
rent,RF + XGBoost Ensemble,60000000.0000001,35785437.058524504,24214562.941475593,0.40357604902459254,mogi,Quận Tân Bình,Phòng/Cho thuê,Tòa nhà/văn phòng/mặt bằng,Không rõ,128,0,468750
rent,RF + XGBoost Ensemble,15000000.00000001,25311198.669468775,10311198.669468766,0.6874132446312506,mogi,Quận Gò Vấp,Phòng/Cho thuê,Tòa nhà/văn phòng/mặt bằng,Không rõ,100,0,150000
rent,RF + XGBoost Ensemble,25999999.999999985,6618214.771620264,19381785.22837972,0.745453278014605,mogi,Quận Gò Vấp,Phòng/Cho thuê,Phòng trọ,Không rõ,70,0,371428.5714285714
rent,RF + XGBoost Ensemble,79999999.9999996,118363614.1671318,38363614.1671322,0.4795451770891549,mogi,Quận 10,Phòng/Cho thuê,Tòa nhà/văn phòng/mặt bằng,Không rõ,500,0,160000
rent,RF + XGBoost Ensemble,129999999.99999997,78817726.63179979,51182273.36820018,0.3937097951400015,mogi,Thành phố Thủ Đức,Phòng/Cho thuê,Phòng trọ,Không rõ,450,0,288888.8888888889
rent,RF + XGBoost Ensemble,50000000.00000009,85360917.02912366,35360917.029123574,0.7072183405824702,mogi,Quận 1,Phòng/Cho thuê,Phòng trọ,Không rõ,300,0,166666.66666666666
rent,RF + XGBoost Ensemble,75000000.0000003,84959102.27158873,9959102.27158843,0.1327880302878452,mogi,Quận 1,Phòng/Cho thuê,Phòng trọ,Không rõ,360,0,208333.33333333337
rent,RF + XGBoost Ensemble,129999999.99999997,74003920.87729736,55996079.12270261,0.4307390701746356,mogi,Quận 1,Phòng/Cho thuê,Phòng trọ,Không rõ,180,0,722222.2222222222
rent,RF + XGBoost Ensemble,90000000.00000004,94209303.04306893,4209303.043068886,0.046770033811876485,mogi,Quận 3,Phòng/Cho thuê,Phòng trọ,Không rõ,400,0,225000
rent,RF + XGBoost Ensemble,79999999.9999996,79414721.76188876,585278.2381108403,0.0073159779763855405,mogi,Quận 1,Phòng/Cho thuê,Phòng trọ,Không rõ,145,0,551724.1379310344
rent,RF + XGBoost Ensemble,145000000.00000003,68225039.84887628,76774960.15112375,0.5294824838008533,mogi,Quận Tân Bình,Biệt thự,Biệt thự/cao cấp,Không rõ,360,3,402777.77777777775
rent,RF + XGBoost Ensemble,270000000.0000003,51889065.38385094,218110934.61614937,0.8078182763561079,mogi,Quận Bình Thạnh,Biệt thự,Tòa nhà/văn phòng/mặt bằng,Không rõ,170,5,1588235.294117647
rent,RF + XGBoost Ensemble,119999999.9999999,102159492.33147447,17840507.668525428,0.148670897237712,mogi,Thành phố Thủ Đức,Biệt thự,Biệt thự/cao cấp,Không rõ,720,4,166666.66666666666
rent,RF + XGBoost Ensemble,55000000.000000075,43536904.37441799,11463095.625582084,0.20841992046512853,mogi,Thành phố Thủ Đức,Biệt thự,Biệt thự/cao cấp,Không rõ,135,5,407407.4074074074
rent,RF + XGBoost Ensemble,42000000.00000003,45677124.33626509,3677124.3362650573,0.08755057943488226,mogi,Quận 7,Biệt thự,Biệt thự/cao cấp,Không rõ,126,4,333333.3333333333
rent,RF + XGBoost Ensemble,42000000.00000003,40394519.32062778,1605480.679372251,0.03822573046124404,mogi,Quận 7,Biệt thự,Biệt thự/cao cấp,Không rõ,124,4,338709.67741935485
rent,RF + XGBoost Ensemble,35000000.000000015,36636008.639904305,1636008.6399042904,0.046743103997265424,mogi,Quận Bình Thạnh,Biệt thự,Biệt thự/cao cấp,Không rõ,130,5,269230.76923076925
rent,RF + XGBoost Ensemble,26999999.999999993,60954848.807833835,33954848.80783384,1.2575869928827352,mogi,Quận Bình Thạnh,Biệt thự,Biệt thự/cao cấp,Không rõ,200,4,135000
rent,RF + XGBoost Ensemble,75000000.0000003,46204528.23437145,28795471.765628844,0.3839396235417164,mogi,Quận 7,Biệt thự,Biệt thự/cao cấp,Không rõ,150,5,500000
rent,RF + XGBoost Ensemble,108000000.00000006,76291012.72417685,31708987.275823206,0.2936017340353999,mogi,Thành phố Thủ Đức,Biệt thự,Biệt thự/cao cấp,Không rõ,330,5,327272.7272727273
rent,RF + XGBoost Ensemble,50000000.00000009,102178555.82336155,52178555.82336146,1.0435711164672272,mogi,Quận 1,Biệt thự,Biệt thự/cao cấp,Không rõ,230,3,217391.30434782608
rent,RF + XGBoost Ensemble,90000000.00000004,33893372.58657473,56106627.41342531,0.6234069712602809,mogi,Quận Bình Thạnh,Biệt thự,Biệt thự/cao cấp,Không rõ,170,4,529411.7647058824
rent,RF + XGBoost Ensemble,43999999.99999999,40860091.240410924,3139908.7595890686,0.07136156271793338,mogi,Thành phố Thủ Đức,Phòng/Cho thuê,Phòng trọ,Không rõ,150,5,293333.3333333333
rent,RF + XGBoost Ensemble,36999999.99999993,49118050.698649235,12118050.698649302,0.32751488374727905,mogi,Thành phố Thủ Đức,Biệt thự,Biệt thự/cao cấp,Không rõ,140,4,264285.71428571426
rent,RF + XGBoost Ensemble,8999999.999999996,8847585.128404865,152414.87159513123,0.016934985732792365,mogi,Quận 8,Căn hộ,Căn hộ,Không rõ,74,2,121621.62162162164
rent,RF + XGBoost Ensemble,8000000.000000002,9772963.902859569,1772963.9028595667,0.22162048785744579,mogi,Quận 8,Căn hộ,Căn hộ,Không rõ,66,2,121212.12121212122
rent,RF + XGBoost Ensemble,6999999.999999995,8386789.005280014,1386789.0052800188,0.1981127150400028,mogi,Quận 12,Căn hộ,Căn hộ,Không rõ,65,2,107692.30769230767
rent,RF + XGBoost Ensemble,12000000.000000007,10772312.954634292,1227687.0453657154,0.10230725378047623,mogi,Quận Tân Phú,Căn hộ,Căn hộ,Không rõ,70,2,171428.57142857142
rent,RF + XGBoost Ensemble,9500000.000000015,7786090.512079422,1713909.4879205925,0.1804115250442726,mogi,Quận 1,Căn hộ,Căn hộ,Không rõ,35,1,271428.5714285714
rent,RF + XGBoost Ensemble,9999999.999999996,10060847.305752939,60847.30575294234,0.006084730575294236,mogi,Quận 6,Căn hộ,Căn hộ,Không rõ,52,1,192307.6923076923
rent,RF + XGBoost Ensemble,9500000.000000015,10063581.157881204,563581.1578811891,0.059324332408546135,mogi,Quận 1,Căn hộ,Tòa nhà/văn phòng/mặt bằng,Không rõ,40,1,237500
rent,RF + XGBoost Ensemble,7500000.000000002,10053116.096141983,2553116.096141981,0.34041547948559736,mogi,Quận 1,Căn hộ,Tòa nhà/văn phòng/mặt bằng,Không rõ,40,1,187500
rent,RF + XGBoost Ensemble,7500000.000000002,8372036.925136947,872036.9251369452,0.11627159001825933,mogi,Quận 12,Căn hộ,Căn hộ,Không rõ,70,3,107142.85714285714
rent,RF + XGBoost Ensemble,6499999.999999999,6378680.858526017,121319.14147398248,0.018664483303689614,mogi,Quận Bình Thạnh,Căn hộ,Căn hộ,Không rõ,30,1,216666.66666666663
rent,RF + XGBoost Ensemble,11000000.000000013,10020353.057166308,979646.9428337049,0.08905881298488215,mogi,Quận Tân Phú,Căn hộ,Căn hộ,Không rõ,80,2,137500
rent,RF + XGBoost Ensemble,12000000.000000007,10735772.04904399,1264227.9509560168,0.10535232924633467,mogi,Quận Tân Bình,Căn hộ,Căn hộ,Không rõ,60,2,200000
rent,RF + XGBoost Ensemble,16000000.000000026,13670731.172634408,2329268.827365618,0.1455793017103509,mogi,Quận Tân Bình,Căn hộ,Căn hộ,Không rõ,75,2,213333.33333333337
rent,RF + XGBoost Ensemble,15000000.00000001,10784711.638682963,4215288.361317046,0.2810192240878029,mogi,Quận Tân Bình,Căn hộ,Căn hộ,Không rõ,57,2,263157.8947368421
rent,RF + XGBoost Ensemble,6999999.999999995,8571376.620165354,1571376.6201653583,0.22448237430933704,mogi,Quận Tân Phú,Căn hộ,Căn hộ,Không rõ,48,1,145833.33333333334
rent,RF + XGBoost Ensemble,8000000.000000002,9322016.156214664,1322016.156214662,0.1652520195268327,mogi,Quận Phú Nhuận,Căn hộ,Căn hộ,Không rõ,45,1,177777.77777777778
rent,RF + XGBoost Ensemble,7500000.000000002,8632726.221996767,1132726.2219967656,0.15103016293290203,mogi,Quận Bình Thạnh,Căn hộ,Căn hộ,Không rõ,40,1,187500
rent,RF + XGBoost Ensemble,9999999.999999996,9534263.743209053,465736.25679094344,0.046573625679094365,mogi,Quận Bình Thạnh,Căn hộ,Căn hộ,Không rõ,47,1,212765.95744680852
rent,RF + XGBoost Ensemble,9999999.999999996,9993325.014208583,6674.9857914131135,6.674985791413116e-4,mogi,Quận Bình Thạnh,Căn hộ,Căn hộ,Không rõ,50,1,200000
rent,RF + XGBoost Ensemble,9999999.999999996,9605179.956754996,394820.04324500076,0.039482004324500095,mogi,Quận Bình Thạnh,Căn hộ,Căn hộ,Không rõ,47,1,212765.95744680852
rent,RF + XGBoost Ensemble,12000000.000000007,11306714.344053667,693285.6559463404,0.057773804662195,mogi,Quận Bình Thạnh,Căn hộ,Căn hộ,Không rõ,60,1,200000
rent,RF + XGBoost Ensemble,8000000.000000002,8562128.037648259,562128.0376482569,0.07026600470603209,mogi,Quận Bình Thạnh,Căn hộ,Căn hộ,Không rõ,40,1,200000
rent,RF + XGBoost Ensemble,6999999.999999995,8099848.791480296,1099848.791480301,0.15712125592575737,mogi,Quận Bình Thạnh,Căn hộ,Căn hộ,Không rõ,37,1,189189.1891891892
rent,RF + XGBoost Ensemble,8000000.000000002,8236221.98269474,236221.98269473854,0.02952774783684231,mogi,Quận Bình Thạnh,Căn hộ,Căn hộ,Không rõ,40,1,200000
rent,RF + XGBoost Ensemble,8999999.999999996,8233397.287331732,766602.7126682643,0.08517807918536273,mogi,Quận Phú Nhuận,Căn hộ,Căn hộ,Không rõ,40,1,225000
rent,RF + XGBoost Ensemble,6999999.999999995,7785692.483021695,785692.4830216998,0.11224178328881433,mogi,Quận 12,Căn hộ,Căn hộ,Không rõ,65,2,107692.30769230767
rent,RF + XGBoost Ensemble,8999999.999999996,8618749.9078412,381250.09215879627,0.04236112135097738,mogi,Quận 3,Căn hộ,Căn hộ,Không rõ,40,1,225000
rent,RF + XGBoost Ensemble,11000000.000000013,9638684.52717188,1361315.472828133,0.12375595207528467,mogi,Quận 1,Căn hộ,Căn hộ,Không rõ,47,1,234042.55319148937
rent,RF + XGBoost Ensemble,9999999.999999996,9376370.613732293,623629.386267703,0.06236293862677032,mogi,Quận Bình Thạnh,Căn hộ,Căn hộ,Không rõ,50,1,200000
rent,RF + XGBoost Ensemble,7700000.00000002,9696738.468521316,1996738.468521296,0.25931668422354426,mogi,Quận Bình Thạnh,Căn hộ,Căn hộ,Không rõ,45,1,171111.11111111112
rent,RF + XGBoost Ensemble,6999999.999999995,8282690.094294952,1282690.094294957,0.18324144204213683,mogi,Quận Bình Thạnh,Căn hộ,Căn hộ,Không rõ,36,1,194444.44444444444
rent,RF + XGBoost Ensemble,12000000.000000007,12573332.092677157,573332.0926771499,0.047777674389762465,mogi,Quận 3,Căn hộ,Căn hộ,Không rõ,60,1,200000
rent,RF + XGBoost Ensemble,30000000.00000005,10360738.492501462,19639261.507498585,0.6546420502499518,mogi,Thành phố Thủ Đức,Căn hộ,Căn hộ,Không rõ,70,1,428571.4285714286
rent,RF + XGBoost Ensemble,7700000.00000002,8777904.619283954,1077904.6192839341,0.13998761289401707,mogi,Quận Bình Thạnh,Căn hộ,Căn hộ,Không rõ,40,1,192500
rent,RF + XGBoost Ensemble,8999999.999999996,9791941.951849112,791941.951849116,0.08799355020545738,mogi,Quận Bình Thạnh,Căn hộ,Căn hộ,Không rõ,50,1,180000
rent,RF + XGBoost Ensemble,8000000.000000002,7142927.881080489,857072.1189195132,0.10713401486493912,mogi,Quận 12,Căn hộ,Căn hộ,Không rõ,54,2,148148.14814814815
rent,RF + XGBoost Ensemble,5800000.000000001,5148355.352152266,651644.6478477353,0.11235252549098883,mogi,Quận Tân Bình,Căn hộ,Căn hộ,Không rõ,30,1,193333.33333333337
rent,RF + XGBoost Ensemble,6000000,6816789.107793743,816789.1077937428,0.1361315179656238,mogi,Quận 10,Căn hộ,Căn hộ,Không rõ,35,1,171428.57142857142
rent,RF + XGBoost Ensemble,6000000,6355792.450655831,355792.450655831,0.05929874177597184,mogi,Quận 3,Căn hộ,Căn hộ,Không rõ,30,1,200000
rent,RF + XGBoost Ensemble,17999999.999999985,19697587.079600718,1697587.0796007328,0.0943103933111519,mogi,Quận 7,Căn hộ,Căn hộ,Không rõ,76,2,236842.1052631579
rent,RF + XGBoost Ensemble,6499999.999999999,6745838.168022414,245838.16802241467,0.03782125661883303,mogi,Quận Phú Nhuận,Căn hộ,Căn hộ,Không rõ,30,1,216666.66666666663
rent,RF + XGBoost Ensemble,9500000.000000015,10793159.633394979,1293159.633394964,0.1361220666731539,mogi,Quận 7,Căn hộ,Căn hộ,Không rõ,39,1,243589.7435897436
rent,RF + XGBoost Ensemble,35000000.000000015,28214180.765419677,6785819.234580338,0.19388054955943815,mogi,Quận 7,Căn hộ,Căn hộ,Không rõ,104,3,336538.46153846156
rent,RF + XGBoost Ensemble,11000000.000000013,14089494.581028396,3089494.581028383,0.28086314372985266,mogi,Quận 7,Căn hộ,Căn hộ,Không rõ,73,2,150684.9315068493
rent,RF + XGBoost Ensemble,25999999.999999985,27218225.099969074,1218225.099969089,0.04685481153727268,mogi,Quận 7,Căn hộ,Căn hộ,Không rõ,124,3,209677.4193548387
rent,RF + XGBoost Ensemble,15000000.00000001,13165995.900430005,1834004.0995700043,0.12226693997133355,mogi,Quận 7,Căn hộ,Căn hộ,Không rõ,57,2,263157.8947368421
rent,RF + XGBoost Ensemble,35000000.000000015,33496807.172926597,1503192.8270734176,0.04294836648781191,mogi,Quận 7,Căn hộ,Căn hộ,Không rõ,146,3,239726.02739726027
rent,RF + XGBoost Ensemble,33999999.99999994,33499022.07592776,500977.92407217994,0.014734644825652378,mogi,Quận 7,Căn hộ,Căn hộ,Không rõ,131,3,259541.98473282444
rent,RF + XGBoost Ensemble,46999999.99999998,38991702.21953845,8008297.780461527,0.17038931447790492,mogi,Quận 7,Căn hộ,Căn hộ,Không rõ,130,3,361538.4615384616
rent,RF + XGBoost Ensemble,12000000.000000007,13518964.123387817,1518964.1233878098,0.12658034361565074,mogi,Quận 7,Căn hộ,Căn hộ,Không rõ,73,2,164383.56164383562
rent,RF + XGBoost Ensemble,24999999.999999963,22657471.78456549,2342528.215434473,0.09370112861737906,mogi,Quận 7,Căn hộ,Căn hộ,Không rõ,89,2,280898.8764044944
rent,RF + XGBoost Ensemble,24999999.999999963,22185435.86054086,2814564.1394591033,0.1125825655783643,mogi,Quận 7,Căn hộ,Căn hộ,Không rõ,86,2,290697.67441860464
rent,RF + XGBoost Ensemble,22999999.999999974,23827162.79684048,827162.7968405075,0.035963599862630806,mogi,Quận 7,Căn hộ,Căn hộ,Không rõ,100,3,230000
rent,RF + XGBoost Ensemble,22999999.999999974,23207810.474067457,207810.4740674831,0.009035238002934059,mogi,Quận 7,Căn hộ,Căn hộ,Không rõ,99,3,232323.2323232323
rent,RF + XGBoost Ensemble,15000000.00000001,20563142.59584454,5563142.595844531,0.3708761730563019,mogi,Quận 7,Căn hộ,Căn hộ,Không rõ,117,3,128205.1282051282
rent,RF + XGBoost Ensemble,39999999.999999985,34405672.96488236,5594327.035117626,0.1398581758779407,mogi,Quận 7,Căn hộ,Căn hộ,Không rõ,130,3,307692.3076923077
rent,RF + XGBoost Ensemble,44999999.999999985,35578258.30620066,9421741.693799324,0.20937203763998505,mogi,Quận 7,Căn hộ,Căn hộ,Không rõ,125,3,360000
rent,RF + XGBoost Ensemble,44999999.999999985,38206462.10163841,6793537.898361579,0.1509675088524796,mogi,Quận 7,Căn hộ,Căn hộ,Không rõ,133,3,338345.8646616541
rent,RF + XGBoost Ensemble,11000000.000000013,13689695.116125392,2689695.1161253788,0.24451773782957958,mogi,Quận 7,Căn hộ,Căn hộ,Không rõ,73,2,150684.9315068493
rent,RF + XGBoost Ensemble,39999999.999999985,39423927.039205514,576072.9607944712,0.014401824019861785,mogi,Quận 7,Căn hộ,Căn hộ,Không rõ,130,3,307692.3076923077
rent,RF + XGBoost Ensemble,30000000.00000005,27037395.824248012,2962604.1757520363,0.09875347252506772,mogi,Quận 7,Căn hộ,Căn hộ,Không rõ,104,3,288461.53846153844
rent,RF + XGBoost Ensemble,60000000.0000001,34889796.97493819,25110203.025061905,0.4185033837510311,mogi,Quận 7,Căn hộ,Căn hộ,Không rõ,123,3,487804.8780487805
rent,RF + XGBoost Ensemble,6499999.999999999,7999931.884299612,1499931.8842996126,0.23075875143070967,mogi,Quận Phú Nhuận,Căn hộ,Căn hộ,Không rõ,35,1,185714.2857142857
rent,RF + XGBoost Ensemble,13000000.000000013,18210827.24847419,5210827.248474175,0.4008328652672438,mogi,Quận 7,Căn hộ,Căn hộ,Không rõ,113,3,115044.2477876106
rent,RF + XGBoost Ensemble,11000000.000000013,10140152.195261793,859847.8047382198,0.07816798224892899,mogi,Quận Tân Phú,Căn hộ,Căn hộ,Không rõ,74,2,148648.64864864864
rent,RF + XGBoost Ensemble,25999999.999999985,21627002.42427218,4372997.5757278055,0.16819221445106955,mogi,Quận 7,Căn hộ,Căn hộ,Không rõ,114,3,228070.1754385965
rent,RF + XGBoost Ensemble,39999999.999999985,32950892.21329636,7049107.786703624,0.17622769466759067,mogi,Quận 7,Căn hộ,Căn hộ,Không rõ,128,3,312500
rent,RF + XGBoost Ensemble,8999999.999999996,10367754.2535464,1367754.2535464037,0.15197269483848935,mogi,Quận Bình Tân,Căn hộ,Căn hộ,Không rõ,53,1,169811.320754717
rent,RF + XGBoost Ensemble,9999999.999999996,13601276.653973432,3601276.653973436,0.36012766539734375,mogi,Quận 7,Căn hộ,Căn hộ,Không rõ,73,2,136986.301369863
rent,RF + XGBoost Ensemble,22000000.000000007,25230181.800182864,3230181.8001828566,0.14682644546285706,mogi,Quận 7,Căn hộ,Căn hộ,Không rõ,105,3,209523.80952380953
rent,RF + XGBoost Ensemble,30000000.00000005,19935544.719928462,10064455.280071586,0.33548184266905234,mogi,Quận 7,Căn hộ,Căn hộ,Không rõ,118,2,254237.28813559323
rent,RF + XGBoost Ensemble,16000000.000000026,17082425.16929344,1082425.1692934148,0.06765157308083831,mogi,Quận 7,Căn hộ,Căn hộ,Không rõ,77,2,207792.2077922078
rent,RF + XGBoost Ensemble,25999999.999999985,24359620.145486645,1640379.8545133397,0.06309153286589772,mogi,Quận 7,Căn hộ,Căn hộ,Không rõ,100,3,260000
rent,RF + XGBoost Ensemble,12000000.000000007,17840050.392355513,5840050.392355505,0.48667086602962517,mogi,Quận 7,Căn hộ,Căn hộ,Không rõ,113,3,106194.69026548672
rent,RF + XGBoost Ensemble,15000000.00000001,18216659.150877185,3216659.150877176,0.21444394339181158,mogi,Quận 7,Căn hộ,Căn hộ,Không rõ,113,3,132743.3628318584
rent,RF + XGBoost Ensemble,30000000.00000005,24076849.737276938,5923150.262723111,0.19743834209077005,mogi,Quận 7,Căn hộ,Căn hộ,Không rõ,118,3,254237.28813559323
rent,RF + XGBoost Ensemble,44999999.999999985,23141524.312296744,21858475.68770324,0.4857439041711833,mogi,Quận 7,Căn hộ,Căn hộ,Không rõ,115,3,391304.347826087
rent,RF + XGBoost Ensemble,39999999.999999985,29461951.337321892,10538048.662678093,0.2634512165669524,mogi,Quận 7,Căn hộ,Căn hộ,Không rõ,127,3,314960.6299212598
rent,RF + XGBoost Ensemble,24999999.999999963,22907279.755605444,2092720.2443945184,0.08370880977578087,mogi,Quận 7,Căn hộ,Căn hộ,Không rõ,118,3,211864.40677966105
rent,RF + XGBoost Ensemble,26999999.999999993,22957271.02272139,4042728.9772786014,0.14973070286217047,mogi,Quận 7,Căn hộ,Căn hộ,Không rõ,118,3,228813.5593220339
rent,RF + XGBoost Ensemble,27999999.99999999,20454411.599035654,7545588.400964335,0.26948530003444066,mogi,Quận 7,Căn hộ,Căn hộ,Không rõ,117,3,239316.2393162393
rent,RF + XGBoost Ensemble,20999999.99999998,13210517.031763492,7789482.968236489,0.3709277603922141,mogi,Quận 7,Căn hộ,Căn hộ,Không rõ,52,1,403846.1538461539
rent,RF + XGBoost Ensemble,24999999.999999963,24631194.213247094,368805.78675286844,0.014752231470114759,mogi,Quận 7,Căn hộ,Căn hộ,Không rõ,115,3,217391.30434782608
rent,RF + XGBoost Ensemble,24000000,26586940.375932474,2586940.3759324737,0.10778918233051973,mogi,Quận 7,Căn hộ,Căn hộ,Không rõ,120,3,200000
rent,RF + XGBoost Ensemble,24999999.999999963,27667292.701196324,2667292.7011963613,0.1066917080478546,mogi,Quận 7,Căn hộ,Căn hộ,Không rõ,120,3,208333.33333333337
rent,RF + XGBoost Ensemble,17999999.999999985,15184549.388078751,2815450.611921234,0.15641392288451314,mogi,Quận 7,Căn hộ,Căn hộ,Không rõ,69,2,260869.5652173913
rent,RF + XGBoost Ensemble,24000000,25040247.898708787,1040247.8987087868,0.04334366244619945,mogi,Quận 7,Căn hộ,Căn hộ,Không rõ,100,3,240000
rent,RF + XGBoost Ensemble,20000000.000000015,20655974.536983367,655974.5369833522,0.032798726849167584,mogi,Quận 7,Căn hộ,Căn hộ,Không rõ,112,3,178571.42857142858
rent,RF + XGBoost Ensemble,6499999.999999999,5101137.04568529,1398862.9543147087,0.215209685279186,mogi,Quận 10,Căn hộ,Căn hộ,Không rõ,25,1,260000
rent,RF + XGBoost Ensemble,26999999.999999993,30189130.87317247,3189130.873172477,0.11811595826564733,mogi,Quận 7,Căn hộ,Căn hộ,Không rõ,110,3,245454.54545454544
rent,RF + XGBoost Ensemble,42000000.00000003,26005492.75719596,15994507.24280407,0.38082160101914425,mogi,Quận 7,Căn hộ,Căn hộ,Không rõ,120,3,350000
rent,RF + XGBoost Ensemble,17999999.999999985,20936924.08534405,2936924.085344065,0.16316244918578152,mogi,Quận 7,Căn hộ,Căn hộ,Không rõ,89,2,202247.19101123596
rent,RF + XGBoost Ensemble,22000000.000000007,18641897.047383115,3358102.9526168928,0.1526410433007678,mogi,Quận Tân Phú,Căn hộ,Căn hộ,Không rõ,117,3,188034.18803418803
rent,RF + XGBoost Ensemble,16999999.999999974,20411884.926184703,3411884.9261847287,0.20069911330498436,mogi,Quận 7,Căn hộ,Căn hộ,Không rõ,89,2,191011.23595505615
rent,RF + XGBoost Ensemble,24000000,19749608.666819304,4250391.333180696,0.177099638882529,mogi,Quận 7,Căn hộ,Căn hộ,Không rõ,82,2,292682.9268292683
rent,RF + XGBoost Ensemble,37999999.99999996,26831677.797732327,11168322.202267636,0.2939032158491486,mogi,Quận 7,Căn hộ,Căn hộ,Không rõ,106,3,358490.56603773584
rent,RF + XGBoost Ensemble,5199999.999999999,5785356.072135172,585356.0721351728,0.11256847541061017,mogi,Quận 10,Căn hộ,Căn hộ,Không rõ,25,1,208000
rent,RF + XGBoost Ensemble,4799999.999999999,5862831.647001116,1062831.6470011165,0.22142325979189934,mogi,Quận 3,Căn hộ,Căn hộ,Không rõ,22,1,218181.81818181815
rent,RF + XGBoost Ensemble,24000000,22592145.31598884,1407854.6840111613,0.058660611833798386,mogi,Quận 7,Căn hộ,Căn hộ,Không rõ,82,2,292682.9268292683
rent,RF + XGBoost Ensemble,6999999.999999995,6909831.031117572,90168.9688824229,0.012881281268917565,mogi,Quận 3,Căn hộ,Căn hộ,Không rõ,32,1,218750
rent,RF + XGBoost Ensemble,5199999.999999999,5301624.537266663,101624.5372666642,0.019543180243589274,mogi,Quận 10,Căn hộ,Căn hộ,Không rõ,25,1,208000
rent,RF + XGBoost Ensemble,8999999.999999996,8489152.338516371,510847.66148362495,0.056760851275958354,mogi,Quận Tân Bình,Căn hộ,Căn hộ,Không rõ,50,1,180000
rent,RF + XGBoost Ensemble,6000000,6014208.13673867,14208.136738670059,0.002368022789778343,mogi,Quận Tân Bình,Căn hộ,Căn hộ,Không rõ,35,1,171428.57142857142
rent,RF + XGBoost Ensemble,8499999.999999998,12822427.55242688,4322427.552426882,0.5085208885208098,mogi,Quận 10,Căn hộ,Căn hộ,Không rõ,50,1,170000
rent,RF + XGBoost Ensemble,8999999.999999996,10035756.020775547,1035756.020775551,0.1150840023083946,mogi,Quận Tân Bình,Căn hộ,Căn hộ,Không rõ,60,2,150000
rent,RF + XGBoost Ensemble,9999999.999999996,10530568.433651065,530568.4336510692,0.05305684336510694,mogi,Quận Tân Bình,Căn hộ,Căn hộ,Không rõ,60,1,166666.66666666666
rent,RF + XGBoost Ensemble,6999999.999999995,9849649.279101994,2849649.2791019985,0.4070927541574286,mogi,Quận 3,Căn hộ,Tòa nhà/văn phòng/mặt bằng,Không rõ,40,1,175000
rent,RF + XGBoost Ensemble,14499999.99999999,9113417.31026366,5386582.689736331,0.3714884613611265,mogi,Thành phố Thủ Đức,Căn hộ,Căn hộ,Không rõ,50,1,290000
rent,RF + XGBoost Ensemble,20999999.99999998,12434331.974373378,8565668.025626604,0.4078889536012672,mogi,Thành phố Thủ Đức,Căn hộ,Căn hộ,Không rõ,70,2,300000
rent,RF + XGBoost Ensemble,16999999.999999974,9506337.583277712,7493662.416722262,0.4408036715718985,mogi,Thành phố Thủ Đức,Căn hộ,Căn hộ,Không rõ,52,1,326923.07692307694
rent,RF + XGBoost Ensemble,8000000.000000002,7537310.66592297,462689.3340770323,0.05783616675962902,mogi,Quận Tân Bình,Căn hộ,Căn hộ,Không rõ,45,1,177777.77777777778
rent,RF + XGBoost Ensemble,6999999.999999995,5972457.39750153,1027542.6024984652,0.1467918003569237,mogi,Quận 11,Căn hộ,Căn hộ,Không rõ,30,1,233333.33333333337
rent,RF + XGBoost Ensemble,6999999.999999995,7152536.553845115,152536.55384511966,0.021790936263588537,mogi,Quận Tân Bình,Căn hộ,Căn hộ,Không rõ,40,1,175000
rent,RF + XGBoost Ensemble,6000000,7844859.345712974,1844859.3457129737,0.30747655761882897,mogi,Quận 10,Căn hộ,Căn hộ,Không rõ,40,1,150000
rent,RF + XGBoost Ensemble,8999999.999999996,7202904.192072856,1797095.80792714,0.19967731199190453,mogi,Quận Tân Bình,Căn hộ,Căn hộ,Không rõ,40,1,225000
rent,RF + XGBoost Ensemble,9999999.999999996,14064182.267667051,4064182.267667055,0.40641822676670564,mogi,Thành phố Thủ Đức,Căn hộ,Căn hộ,Không rõ,76,2,131578.94736842104
rent,RF + XGBoost Ensemble,8999999.999999996,11016215.316098193,2016215.3160981964,0.2240239240109108,mogi,Quận Phú Nhuận,Căn hộ,Căn hộ,Không rõ,70,2,128571.42857142857
rent,RF + XGBoost Ensemble,6999999.999999995,7189068.7098496575,189068.70984966215,0.027009815692808897,mogi,Quận Tân Bình,Căn hộ,Căn hộ,Không rõ,40,1,175000
rent,RF + XGBoost Ensemble,8499999.999999998,8383402.062283696,116597.93771630246,0.013717404437212057,mogi,Quận Phú Nhuận,Căn hộ,Căn hộ,Không rõ,40,1,212500
rent,RF + XGBoost Ensemble,6999999.999999995,8196541.499261534,1196541.4992615385,0.17093449989450563,mogi,Quận Tân Bình,Căn hộ,Căn hộ,Không rõ,45,1,155555.55555555556
rent,RF + XGBoost Ensemble,8999999.999999996,11851981.393448489,2851981.3934484925,0.3168868214942771,mogi,Quận Tân Phú,Căn hộ,Căn hộ,Không rõ,90,3,100000
rent,RF + XGBoost Ensemble,14000000.00000001,10818221.924749125,3181778.0752508845,0.22726986251792017,mogi,Quận Tân Phú,Căn hộ,Căn hộ,Không rõ,78,2,179487.1794871795
rent,RF + XGBoost Ensemble,11500000.000000019,9902466.372233147,1597533.6277668718,0.13891596763190167,mogi,Quận Tân Phú,Căn hộ,Căn hộ,Không rõ,70,2,164285.7142857143
rent,RF + XGBoost Ensemble,25999999.999999985,20411884.926184703,5588115.073815282,0.21492750283904946,mogi,Quận 7,Căn hộ,Căn hộ,Không rõ,89,2,292134.8314606742
rent,RF + XGBoost Ensemble,24000000,19492695.87689912,4507304.1231008805,0.1878043384625367,mogi,Quận 7,Căn hộ,Căn hộ,Không rõ,90,2,266666.6666666667
rent,RF + XGBoost Ensemble,15000000.00000001,16034196.371456623,1034196.3714566138,0.0689464247637742,mogi,Quận 11,Căn hộ,Tòa nhà/văn phòng/mặt bằng,Không rõ,72,2,208333.33333333337
rent,RF + XGBoost Ensemble,24000000,18855553.82672153,5144446.17327847,0.2143519238866029,mogi,Quận 7,Căn hộ,Căn hộ,Không rõ,91,2,263736.26373626373
rent,RF + XGBoost Ensemble,20000000.000000015,24054952.170585055,4054952.17058504,0.20274760852925186,mogi,Quận 7,Căn hộ,Căn hộ,Không rõ,118,3,169491.5254237288
rent,RF + XGBoost Ensemble,22000000.000000007,22255411.12084082,255411.12084081396,0.011609596401855176,mogi,Quận 7,Căn hộ,Căn hộ,Không rõ,80,2,275000
rent,RF + XGBoost Ensemble,44999999.999999985,39044455.35722529,5955544.642774694,0.13234543650610434,mogi,Quận 7,Căn hộ,Căn hộ,Không rõ,135,3,333333.3333333333
rent,RF + XGBoost Ensemble,24000000,21073612.520071577,2926387.4799284227,0.12193281166368428,mogi,Quận 7,Căn hộ,Căn hộ,Không rõ,82,2,292682.9268292683
rent,RF + XGBoost Ensemble,9999999.999999996,10509255.699430097,509255.6994301006,0.050925569943010084,mogi,Quận Tân Bình,Căn hộ,Căn hộ,Không rõ,54,1,185185.1851851852
rent,RF + XGBoost Ensemble,24999999.999999963,25285423.346214373,285423.3462144099,0.011416933848576413,mogi,Quận 7,Căn hộ,Căn hộ,Không rõ,115,3,217391.30434782608
rent,RF + XGBoost Ensemble,22000000.000000007,22119025.283239905,119025.28323989734,0.005410240147268059,mogi,Quận 7,Căn hộ,Căn hộ,Không rõ,91,2,241758.24175824175
rent,RF + XGBoost Ensemble,9999999.999999996,11771181.666036414,1771181.6660364177,0.17711816660364182,mogi,Quận Tân Bình,Căn hộ,Căn hộ,Không rõ,87,2,114942.52873563218
rent,RF + XGBoost Ensemble,9999999.999999996,12241961.968726113,2241961.968726117,0.2241961968726118,mogi,Quận Tân Bình,Căn hộ,Căn hộ,Không rõ,70,2,142857.14285714287
rent,RF + XGBoost Ensemble,7500000.000000002,8313455.339656194,813455.3396561919,0.10846071195415889,mogi,Quận 12,Căn hộ,Căn hộ,Không rõ,70,3,107142.85714285714
rent,RF + XGBoost Ensemble,24000000,24848209.942144725,848209.9421447255,0.035342080922696896,mogi,Quận 7,Căn hộ,Căn hộ,Không rõ,112,2,214285.7142857143
rent,RF + XGBoost Ensemble,24000000,21956679.582128197,2043320.417871803,0.08513835074465846,mogi,Quận 7,Căn hộ,Căn hộ,Không rõ,89,2,269662.9213483146
rent,RF + XGBoost Ensemble,11500000.000000019,9263097.865123207,2236902.134876812,0.19451322911972246,mogi,Quận 12,Căn hộ,Căn hộ,Không rõ,84,2,136904.7619047619
rent,RF + XGBoost Ensemble,8999999.999999996,9740436.387668993,740436.387668997,0.0822707097409997,mogi,Thành phố Thủ Đức,Căn hộ,Căn hộ,Không rõ,59,2,152542.37288135593
rent,RF + XGBoost Ensemble,9999999.999999996,9338386.606440883,661613.3935591131,0.06616133935591134,mogi,Thành phố Thủ Đức,Căn hộ,Căn hộ,Không rõ,54,1,185185.1851851852
rent,RF + XGBoost Ensemble,8999999.999999996,16959099.377113044,7959099.377113048,0.8843443752347835,mogi,Thành phố Thủ Đức,Căn hộ,Căn hộ,Không rõ,75,3,120000
rent,RF + XGBoost Ensemble,6999999.999999995,9369215.73297977,2369215.7329797754,0.3384593904256824,mogi,Thành phố Thủ Đức,Căn hộ,Căn hộ,Không rõ,54,2,129629.62962962964
rent,RF + XGBoost Ensemble,5800000.000000001,7035091.109798228,1235091.1097982274,0.21294674306865988,mogi,Quận Phú Nhuận,Căn hộ,Căn hộ,Không rõ,30,1,193333.33333333337
rent,RF + XGBoost Ensemble,5500000.000000001,5785195.468815083,285195.46881508175,0.051853721602742125,mogi,Quận 3,Căn hộ,Căn hộ,Không rõ,25,1,220000
rent,RF + XGBoost Ensemble,4999999.999999999,5003728.823274163,3728.8232741635293,7.45764654832706e-4,mogi,Quận 11,Căn hộ,Căn hộ,Không rõ,25,1,200000
rent,RF + XGBoost Ensemble,24999999.999999963,14087456.82450541,10912543.175494554,0.4365017270197828,mogi,Thành phố Thủ Đức,Căn hộ,Căn hộ,Không rõ,72,2,347222.22222222225
rent,RF + XGBoost Ensemble,13000000.000000013,9150415.406961884,3849584.5930381287,0.29612189177216347,mogi,Quận 4,Căn hộ,Căn hộ,Không rõ,36,1,361111.1111111111
rent,RF + XGBoost Ensemble,3000000.000000001,3660466.84375335,660466.843753349,0.2201556145844496,mogi,Quận 12,Căn hộ,Căn hộ,Không rõ,28,1,107142.85714285714
rent,RF + XGBoost Ensemble,6999999.999999995,6558463.529606589,441536.4703934062,0.06307663862762951,mogi,Quận 5,Căn hộ,Căn hộ,Không rõ,35,1,200000
rent,RF + XGBoost Ensemble,4999999.999999999,4731462.064326124,268537.9356738748,0.05370758713477497,mogi,Quận 12,Căn hộ,Căn hộ,Không rõ,39,1,128205.1282051282
rent,RF + XGBoost Ensemble,16000000.000000026,22105999.800262176,6105999.800262149,0.38162498751638374,mogi,Quận 7,Căn hộ,Căn hộ,Không rõ,89,2,179775.2808988764
rent,RF + XGBoost Ensemble,16000000.000000026,22204088.955244187,6204088.955244161,0.38775555970275943,mogi,Quận 7,Căn hộ,Căn hộ,Không rõ,82,2,195121.9512195122
rent,RF + XGBoost Ensemble,5800000.000000001,6609443.51418086,809443.5141808586,0.13955922658290665,mogi,Quận 10,Căn hộ,Căn hộ,Không rõ,32,1,181250
rent,RF + XGBoost Ensemble,24999999.999999963,24227163.212837216,772836.7871627472,0.030913471486509934,mogi,Quận 7,Căn hộ,Căn hộ,Không rõ,120,3,208333.33333333337
rent,RF + XGBoost Ensemble,30000000.00000005,38101249.725929245,8101249.725929197,0.2700416575309728,mogi,Quận 7,Căn hộ,Căn hộ,Không rõ,180,3,166666.66666666666
rent,RF + XGBoost Ensemble,5800000.000000001,6553565.1612617355,753565.1612617346,0.12992502780374732,mogi,Quận Phú Nhuận,Căn hộ,Căn hộ,Không rõ,28,1,207142.85714285713
rent,RF + XGBoost Ensemble,5199999.999999999,5340658.171034688,140658.17103468906,0.02704964827590175,mogi,Quận 10,Căn hộ,Căn hộ,Không rõ,25,1,208000
rent,RF + XGBoost Ensemble,6999999.999999995,6885124.396047947,114875.60395204835,0.016410800564578346,mogi,Quận 3,Căn hộ,Căn hộ,Không rõ,35,1,200000
rent,RF + XGBoost Ensemble,5199999.999999999,5207261.122368772,7261.122368772514,0.0013963696863024068,mogi,Quận 10,Căn hộ,Căn hộ,Không rõ,25,1,208000
rent,RF + XGBoost Ensemble,12000000.000000007,10188010.908450255,1811989.0915497523,0.15099909096247927,mogi,Quận Bình Tân,Căn hộ,Căn hộ,Không rõ,69,2,173913.04347826086
rent,RF + XGBoost Ensemble,5199999.999999999,5877409.715516111,677409.7155161118,0.13027109913771384,mogi,Quận 10,Căn hộ,Căn hộ,Không rõ,30,1,173333.33333333334
rent,RF + XGBoost Ensemble,4999999.999999999,5323635.253708148,323635.2537081493,0.06472705074162988,mogi,Quận 10,Căn hộ,Căn hộ,Không rõ,25,1,200000
rent,RF + XGBoost Ensemble,20000000.000000015,23348862.53671112,3348862.536711104,0.1674431268355551,mogi,Quận 7,Căn hộ,Căn hộ,Không rõ,98,3,204081.6326530612
rent,RF + XGBoost Ensemble,24000000,20813458.877066944,3186541.122933056,0.13277254678887734,mogi,Quận 7,Căn hộ,Căn hộ,Không rõ,91,2,263736.26373626373
rent,RF + XGBoost Ensemble,8999999.999999996,8312654.040378091,687345.9596219053,0.07637177329132284,mogi,Quận Bình Thạnh,Căn hộ,Tòa nhà/văn phòng/mặt bằng,Không rõ,40,1,225000
rent,RF + XGBoost Ensemble,22999999.999999974,22208125.428839147,791874.5711608268,0.034429329180905556,mogi,Quận 7,Căn hộ,Căn hộ,Không rõ,84,2,273809.5238095238
rent,RF + XGBoost Ensemble,25999999.999999985,21858522.105529997,4141477.8944699876,0.15928761132576885,mogi,Quận 7,Căn hộ,Căn hộ,Không rõ,110,3,236363.63636363635
rent,RF + XGBoost Ensemble,4999999.999999999,5237668.631285073,237668.63128507417,0.047533726257014845,mogi,Quận Tân Bình,Căn hộ,Căn hộ,Không rõ,25,1,200000
rent,RF + XGBoost Ensemble,22000000.000000007,24442309.233084332,2442309.2330843247,0.11101405604928745,mogi,Quận 7,Căn hộ,Căn hộ,Không rõ,98,3,224489.79591836737
rent,RF + XGBoost Ensemble,20000000.000000015,16415324.863627622,3584675.136372393,0.17923375681861953,mogi,Quận Phú Nhuận,Căn hộ,Căn hộ,Không rõ,80,2,250000
rent,RF + XGBoost Ensemble,26999999.999999993,29589269.246763464,2589269.2467634715,0.09589886099123972,mogi,Quận 7,Căn hộ,Căn hộ,Không rõ,118,3,228813.5593220339
rent,RF + XGBoost Ensemble,42000000.00000003,24077656.715689316,17922343.284310713,0.42672245915025475,mogi,Quận 7,Căn hộ,Căn hộ,Không rõ,117,3,358974.358974359
rent,RF + XGBoost Ensemble,24999999.999999963,23681798.09918116,1318201.9008188024,0.052728076032752175,mogi,Quận Tân Bình,Căn hộ,Căn hộ,Không rõ,130,3,192307.6923076923
rent,RF + XGBoost Ensemble,16000000.000000026,22246089.688243136,6246089.68824311,0.3903806055151937,mogi,Quận 7,Căn hộ,Căn hộ,Không rõ,80,2,200000
rent,RF + XGBoost Ensemble,42000000.00000003,34647015.168745965,7352984.831254065,0.17507106741081094,mogi,Quận 7,Căn hộ,Căn hộ,Không rõ,146,3,287671.23287671234
rent,RF + XGBoost Ensemble,30000000.00000005,38721302.93314078,8721302.933140729,0.29071009777135715,mogi,Quận 7,Căn hộ,Căn hộ,Không rõ,135,3,222222.22222222225
rent,RF + XGBoost Ensemble,12000000.000000007,8518180.454419874,3481819.545580134,0.29015162879834433,mogi,Quận Tân Bình,Căn hộ,Căn hộ,Không rõ,42,1,285714.28571428574
rent,RF + XGBoost Ensemble,24000000,17877289.67227139,6122710.3277286105,0.2551129303220254,mogi,Quận Tân Bình,Căn hộ,Căn hộ,Không rõ,113,3,212389.38053097343
rent,RF + XGBoost Ensemble,16000000.000000026,22144009.38227262,6144009.382272594,0.3840005863920365,mogi,Quận 7,Căn hộ,Căn hộ,Không rõ,87,2,183908.0459770115
rent,RF + XGBoost Ensemble,19000000.000000015,21788373.753116813,2788373.7531167977,0.1467565133219366,mogi,Quận 7,Căn hộ,Căn hộ,Không rõ,89,2,213483.14606741577
rent,RF + XGBoost Ensemble,50000000.00000009,38721302.93314078,11278697.066859312,0.22557394133718583,mogi,Quận 7,Căn hộ,Căn hộ,Không rõ,135,3,370370.3703703704
rent,RF + XGBoost Ensemble,24999999.999999963,30870244.578417987,5870244.578418024,0.2348097831367213,mogi,Quận 7,Căn hộ,Căn hộ,Không rõ,115,3,217391.30434782608
rent,RF + XGBoost Ensemble,22000000.000000007,29871771.352175947,7871771.35217594,0.35780778873526986,mogi,Quận 7,Căn hộ,Căn hộ,Không rõ,116,3,189655.1724137931
rent,RF + XGBoost Ensemble,8999999.999999996,8700255.384698903,299744.6153010931,0.033304957255677024,mogi,Quận Tân Bình,Căn hộ,Căn hộ,Không rõ,50,1,180000
rent,RF + XGBoost Ensemble,16000000.000000026,12775042.911578115,3224957.088421911,0.2015598180263691,mogi,Quận Tân Bình,Căn hộ,Căn hộ,Không rõ,75,2,213333.33333333337
rent,RF + XGBoost Ensemble,15000000.00000001,11647048.10892085,3352951.8910791595,0.22353012607194384,mogi,Quận Gò Vấp,Căn hộ,Căn hộ,Không rõ,75,2,200000
rent,RF + XGBoost Ensemble,11000000.000000013,7883437.6472240165,3116562.3527759966,0.283323850252363,mogi,Quận Phú Nhuận,Căn hộ,Căn hộ,Không rõ,32,1,343750
rent,RF + XGBoost Ensemble,19000000.000000015,18280325.88041685,719674.1195831634,0.0378775852412191,mogi,Quận Tân Bình,Căn hộ,Căn hộ,Không rõ,99,3,191919.19191919192
rent,RF + XGBoost Ensemble,15000000.00000001,15694984.723915113,694984.7239151038,0.04633231492767356,mogi,Quận Phú Nhuận,Căn hộ,Căn hộ,Không rõ,75,2,200000
rent,RF + XGBoost Ensemble,14299999.999999993,11514352.209375015,2785647.790624978,0.19480054479894962,mogi,Quận Phú Nhuận,Căn hộ,Căn hộ,Không rõ,60,2,238333.33333333337
rent,RF + XGBoost Ensemble,16999999.999999974,14811554.950861422,2188445.0491385516,0.12873206171403265,mogi,Quận 5,Căn hộ,Căn hộ,Không rõ,86,2,197674.41860465115
rent,RF + XGBoost Ensemble,9999999.999999996,12926768.990639636,2926768.99063964,0.2926768990639641,mogi,Quận Tân Bình,Căn hộ,Căn hộ,Không rõ,83,2,120481.92771084336
rent,RF + XGBoost Ensemble,12000000.000000007,9709682.098014781,2290317.901985226,0.1908598251654354,mogi,Quận Phú Nhuận,Căn hộ,Căn hộ,Không rõ,36,1,333333.3333333333
rent,RF + XGBoost Ensemble,6999999.999999995,9592070.436781615,2592070.4367816197,0.3702957766830888,mogi,Thành phố Thủ Đức,Căn hộ,Căn hộ,Không rõ,59,2,118644.06779661016
rent,RF + XGBoost Ensemble,9500000.000000015,10135474.74366452,635474.743664505,0.0668920782804741,mogi,Quận Tân Phú,Căn hộ,Căn hộ,Không rõ,78,2,121794.8717948718
rent,RF + XGBoost Ensemble,7800000.000000004,9416301.208177306,1616301.208177302,0.20721810361247453,mogi,Quận 12,Căn hộ,Căn hộ,Không rõ,85,3,91764.70588235294
rent,RF + XGBoost Ensemble,8000000.000000002,10097140.691509439,2097140.6915094368,0.26214258643867955,mogi,Quận 1,Căn hộ,Căn hộ,Không rõ,45,1,177777.77777777778
rent,RF + XGBoost Ensemble,8999999.999999996,9051209.143831044,51209.14383104816,0.005689904870116465,mogi,Thành phố Thủ Đức,Căn hộ,Căn hộ,Không rõ,54,1,166666.66666666666
rent,RF + XGBoost Ensemble,6499999.999999999,6921076.900296216,421076.90029621683,0.06478106158403336,mogi,Thành phố Thủ Đức,Căn hộ,Căn hộ,Không rõ,33,1,196969.69696969696
rent,RF + XGBoost Ensemble,10499999.999999994,13300805.22246457,2800805.2224645764,0.26674335452043596,mogi,Thành phố Thủ Đức,Căn hộ,Căn hộ,Không rõ,80,2,131250
rent,RF + XGBoost Ensemble,8000000.000000002,8328395.466185431,328395.46618542913,0.04104943327317863,mogi,Thành phố Thủ Đức,Căn hộ,Căn hộ,Không rõ,47,1,170212.7659574468
rent,RF + XGBoost Ensemble,8000000.000000002,8217017.017964605,217017.01796460338,0.027127127245575415,mogi,Thành phố Thủ Đức,Căn hộ,Căn hộ,Không rõ,47,1,170212.7659574468
rent,RF + XGBoost Ensemble,24000000,22181383.884736028,1818616.1152639724,0.07577567146933219,mogi,Quận 7,Căn hộ,Căn hộ,Không rõ,76,2,315789.4736842105
rent,RF + XGBoost Ensemble,24000000,22416355.34360697,1583644.6563930288,0.0659851940163762,mogi,Quận 7,Căn hộ,Căn hộ,Không rõ,90,2,266666.6666666667
rent,RF + XGBoost Ensemble,60000000.0000001,38128557.94759163,21871442.052408464,0.3645240342068071,mogi,Quận 7,Căn hộ,Căn hộ,Không rõ,137,4,437956.20437956206
rent,RF + XGBoost Ensemble,22000000.000000007,24984852.568639215,2984852.5686392076,0.13567511675632757,mogi,Quận 7,Căn hộ,Căn hộ,Không rõ,118,3,186440.6779661017
rent,RF + XGBoost Ensemble,12000000.000000007,10343993.166967487,1656006.8330325205,0.13800056941937663,mogi,Quận 8,Căn hộ,Căn hộ,Không rõ,80,1,150000
rent,RF + XGBoost Ensemble,30000000.00000005,15701162.91552392,14298837.084476128,0.4766279028158702,mogi,Quận 1,Căn hộ,Căn hộ,Không rõ,78,2,384615.3846153846
rent,RF + XGBoost Ensemble,9999999.999999996,20888737.956157535,10888737.956157539,1.0888737956157544,mogi,Quận Bình Thạnh,Căn hộ,Căn hộ,Không rõ,110,0,90909.09090909093
rent,RF + XGBoost Ensemble,22999999.999999974,22105999.800262176,894000.1997377984,0.03886957390164345,mogi,Quận 7,Căn hộ,Căn hộ,Không rõ,89,2,258426.96629213484
rent,RF + XGBoost Ensemble,39999999.999999985,34495321.01797583,5504678.982024156,0.13761697455060393,mogi,Quận 7,Căn hộ,Căn hộ,Không rõ,135,3,296296.2962962963
rent,RF + XGBoost Ensemble,19000000.000000015,22044128.578712184,3044128.578712169,0.16021729361642983,mogi,Quận 7,Căn hộ,Căn hộ,Không rõ,89,2,213483.14606741577
rent,RF + XGBoost Ensemble,16999999.999999974,29924719.786367517,12924719.786367543,0.7602776344922095,mogi,Quận 7,Căn hộ,Căn hộ,Không rõ,121,3,140495.86776859505
rent,RF + XGBoost Ensemble,15000000.00000001,18063614.642133974,3063614.642133964,0.20424097614226416,mogi,Quận 7,Căn hộ,Căn hộ,Không rõ,85,3,176470.58823529413
rent,RF + XGBoost Ensemble,16500000.000000013,26013521.498141676,9513521.498141663,0.5765770604934337,mogi,Quận 7,Căn hộ,Căn hộ,Không rõ,106,3,155660.37735849057
rent,RF + XGBoost Ensemble,8999999.999999996,13135517.844011035,4135517.8440110385,0.4595019826678934,mogi,Quận 7,Căn hộ,Căn hộ,Không rõ,66,2,136363.63636363635
rent,RF + XGBoost Ensemble,9999999.999999996,17349756.333507292,7349756.333507296,0.7349756333507298,mogi,Quận 7,Căn hộ,Căn hộ,Không rõ,73,1,136986.301369863
rent,RF + XGBoost Ensemble,12000000.000000007,15502976.495411308,3502976.495411301,0.2919147079509416,mogi,Quận 7,Căn hộ,Căn hộ,Không rõ,69,2,173913.04347826086
rent,RF + XGBoost Ensemble,20000000.000000015,24500646.61625378,4500646.616253763,0.225032330812688,mogi,Quận 7,Căn hộ,Căn hộ,Không rõ,118,3,169491.5254237288
rent,RF + XGBoost Ensemble,24999999.999999963,26107809.53128291,1107809.5312829465,0.04431238125131792,mogi,Quận 7,Căn hộ,Căn hộ,Không rõ,101,3,247524.75247524751
rent,RF + XGBoost Ensemble,30000000.00000005,32420045.727782775,2420045.7277827263,0.08066819092609075,mogi,Quận 7,Căn hộ,Căn hộ,Không rõ,137,3,218978.10218978103
rent,RF + XGBoost Ensemble,26999999.999999993,22509349.291385885,4490650.708614107,0.16632039661533735,mogi,Quận 7,Căn hộ,Căn hộ,Không rõ,98,2,275510.20408163266
rent,RF + XGBoost Ensemble,17999999.999999985,21496979.001328763,3496979.0013287775,0.19427661118493225,mogi,Quận 7,Căn hộ,Căn hộ,Không rõ,89,2,202247.19101123596
rent,RF + XGBoost Ensemble,22999999.999999974,22366351.00459383,633648.9954061434,0.027549956322006266,mogi,Quận 7,Căn hộ,Căn hộ,Không rõ,89,2,258426.96629213484
rent,RF + XGBoost Ensemble,24000000,23247729.69711553,752270.3028844707,0.03134459595351961,mogi,Quận 7,Căn hộ,Căn hộ,Không rõ,90,2,266666.6666666667
rent,RF + XGBoost Ensemble,20999999.99999998,22119025.283239905,1119025.2832399234,0.05328691824952021,mogi,Quận 7,Căn hộ,Căn hộ,Không rõ,91,2,230769.2307692308
rent,RF + XGBoost Ensemble,15000000.00000001,19811614.374883436,4811614.374883426,0.32077429165889487,mogi,Quận 7,Căn hộ,Căn hộ,Không rõ,100,2,150000
rent,RF + XGBoost Ensemble,15000000.00000001,15737814.127201127,737814.1272011176,0.049187608480074474,mogi,Quận 7,Căn hộ,Căn hộ,Không rõ,74,2,202702.7027027027
rent,RF + XGBoost Ensemble,22000000.000000007,22250444.785930797,250444.78593079,0.011383853905944997,mogi,Quận 7,Căn hộ,Căn hộ,Không rõ,94,3,234042.55319148937
rent,RF + XGBoost Ensemble,22000000.000000007,22072921.28540656,72921.28540655226,0.0033146038821160106,mogi,Quận 7,Căn hộ,Căn hộ,Không rõ,90,2,244444.44444444444
rent,RF + XGBoost Ensemble,26999999.999999993,21009379.417268053,5990620.58273194,0.22187483639747932,mogi,Quận 7,Căn hộ,Căn hộ,Không rõ,80,2,337500
rent,RF + XGBoost Ensemble,22999999.999999974,22157381.816995043,842618.1830049306,0.03663557317412746,mogi,Quận 7,Căn hộ,Căn hộ,Không rõ,97,2,237113.40206185568
rent,RF + XGBoost Ensemble,4500000.000000002,3960642.1958350153,539357.8041649866,0.11985728981444141,mogi,Quận 12,Căn hộ,Căn hộ,Không rõ,30,1,150000
rent,RF + XGBoost Ensemble,4500000.000000002,4770754.634712519,270754.63471251726,0.06016769660278159,mogi,Quận 12,Căn hộ,Căn hộ,Không rõ,39,1,115384.6153846154
rent,RF + XGBoost Ensemble,5500000.000000001,4921598.717002925,578401.2829970755,0.10516386963583188,mogi,Quận 12,Căn hộ,Căn hộ,Không rõ,42,1,130952.38095238096
rent,RF + XGBoost Ensemble,60000000.0000001,33060529.01424012,26939470.985759977,0.4489911830959989,mogi,Quận 7,Căn hộ,Căn hộ,Không rõ,107,3,560747.6635514018
rent,RF + XGBoost Ensemble,43000000.000000015,38721302.93314078,4278697.066859238,0.0995045829502148,mogi,Quận 7,Căn hộ,Căn hộ,Không rõ,135,3,318518.51851851854
rent,RF + XGBoost Ensemble,55000000.000000075,24209865.730980862,30790134.269019213,0.5598206230730758,mogi,Quận 7,Căn hộ,Căn hộ,Không rõ,100,2,550000
rent,RF + XGBoost Ensemble,12000000.000000007,15968271.47492997,3968271.4749299623,0.33068928957749666,mogi,Quận 7,Căn hộ,Căn hộ,Không rõ,75,3,160000
rent,RF + XGBoost Ensemble,12000000.000000007,11644640.152891483,355359.8471085243,0.029613320592377007,mogi,Quận 7,Căn hộ,Căn hộ,Không rõ,67,2,179104.4776119403
rent,RF + XGBoost Ensemble,12000000.000000007,11023746.825497877,976253.1745021306,0.08135443120851084,mogi,Quận 7,Căn hộ,Căn hộ,Không rõ,66,2,181818.18181818185
rent,RF + XGBoost Ensemble,8999999.999999996,11008100.161179196,2008100.1611791998,0.2231222401310223,mogi,Quận 7,Căn hộ,Căn hộ,Không rõ,67,2,134328.35820895524
rent,RF + XGBoost Ensemble,20000000.000000015,20934184.515697517,934184.5156975016,0.04670922578487505,mogi,Quận 10,Căn hộ,Căn hộ,Không rõ,86,2,232558.13953488372
rent,RF + XGBoost Ensemble,17999999.999999985,25201240.23043175,7201240.230431765,0.40006890169065396,mogi,Quận 10,Căn hộ,Căn hộ,Không rõ,107,3,168224.29906542055
rent,RF + XGBoost Ensemble,25999999.999999985,24553859.87052811,1446140.1294718757,0.05562077421045679,mogi,Quận 10,Căn hộ,Căn hộ,Không rõ,106,2,245283.01886792452
rent,RF + XGBoost Ensemble,22999999.999999974,18582029.57455516,4417970.425444815,0.19208567067151391,mogi,Quận 10,Căn hộ,Căn hộ,Không rõ,80,2,287500
rent,RF + XGBoost Ensemble,19000000.000000015,26525597.118337553,7525597.118337538,0.39608405885987014,mogi,Quận 10,Căn hộ,Căn hộ,Không rõ,108,3,175925.92592592593
rent,RF + XGBoost Ensemble,20000000.000000015,18769911.356508065,1230088.64349195,0.061504432174597445,mogi,Quận 10,Căn hộ,Căn hộ,Không rõ,86,2,232558.13953488372
rent,RF + XGBoost Ensemble,22000000.000000007,19050693.164384127,2949306.835615881,0.13405940161890362,mogi,Quận 10,Căn hộ,Căn hộ,Không rõ,86,2,255813.9534883721
rent,RF + XGBoost Ensemble,17999999.999999985,16800617.819914944,1199382.1800850406,0.06663234333805787,mogi,Quận 10,Căn hộ,Căn hộ,Không rõ,61,2,295081.9672131148
rent,RF + XGBoost Ensemble,18800000,20399600.049424157,1599600.0494241565,0.08508510901192322,mogi,Quận 10,Căn hộ,Căn hộ,Không rõ,86,2,218604.6511627907
rent,RF + XGBoost Ensemble,12000000.000000007,9359267.766771408,2640732.2332285997,0.2200610194357165,mogi,Quận 10,Căn hộ,Căn hộ,Không rõ,40,1,300000
rent,RF + XGBoost Ensemble,20999999.99999998,21048564.633605912,48564.633605930954,0.0023126016002824284,mogi,Quận 10,Căn hộ,Căn hộ,Không rõ,86,4,244186.0465116279
rent,RF + XGBoost Ensemble,20000000.000000015,19443118.351795763,556881.6482042521,0.027844082410212585,mogi,Quận 10,Căn hộ,Căn hộ,Không rõ,79,2,253164.55696202532
rent,RF + XGBoost Ensemble,20000000.000000015,18698181.195116833,1301818.804883182,0.06509094024415905,mogi,Quận 10,Căn hộ,Căn hộ,Không rõ,79,2,253164.55696202532
rent,RF + XGBoost Ensemble,19000000.000000015,25979049.754863743,6979049.754863728,0.36731840815072225,mogi,Quận 10,Căn hộ,Căn hộ,Không rõ,109,3,174311.9266055046
rent,RF + XGBoost Ensemble,20999999.99999998,25839627.074536078,4839627.074536096,0.2304584321207667,mogi,Quận 10,Căn hộ,Căn hộ,Không rõ,108,3,194444.44444444444
rent,RF + XGBoost Ensemble,25999999.999999985,34102404.66369181,8102404.663691826,0.31163094860353197,mogi,Quận 10,Căn hộ,Căn hộ,Không rõ,138,4,188405.79710144928
rent,RF + XGBoost Ensemble,14000000.00000001,16261719.945897326,2261719.9458973166,0.16155142470695108,mogi,Quận 10,Căn hộ,Căn hộ,Không rõ,73,2,191780.8219178082
rent,RF + XGBoost Ensemble,20000000.000000015,18223279.892194398,1776720.1078056172,0.08883600539028079,mogi,Quận 10,Căn hộ,Căn hộ,Không rõ,78,2,256410.2564102564
rent,RF + XGBoost Ensemble,16500000.000000013,17927880.196507912,1427880.196507899,0.08653819372775139,mogi,Quận 10,Căn hộ,Căn hộ,Không rõ,78,2,211538.46153846153
rent,RF + XGBoost Ensemble,15000000.00000001,15517888.990657305,517888.99065729603,0.03452593271048638,mogi,Quận 10,Căn hộ,Căn hộ,Không rõ,60,1,250000
rent,RF + XGBoost Ensemble,20999999.99999998,19059758.80168436,1940241.1983156204,0.09239243801502962,mogi,Quận 10,Căn hộ,Căn hộ,Không rõ,79,2,265822.7848101266
rent,RF + XGBoost Ensemble,13499999.999999993,11208522.143025586,2291477.856974406,0.16973910051662278,mogi,Quận Gò Vấp,Căn hộ,Căn hộ,Không rõ,75,2,180000
rent,RF + XGBoost Ensemble,7500000.000000002,8491315.137621274,991315.1376212724,0.13217535168283628,mogi,Quận Gò Vấp,Căn hộ,Căn hộ,Không rõ,55,2,136363.63636363635
rent,RF + XGBoost Ensemble,8999999.999999996,11208045.237142336,2208045.2371423393,0.24533835968248224,mogi,Quận Tân Bình,Căn hộ,Căn hộ,Không rõ,85,2,105882.35294117648
rent,RF + XGBoost Ensemble,24999999.999999963,21203589.170403186,3796410.8295967765,0.1518564331838713,mogi,Quận 7,Căn hộ,Căn hộ,Không rõ,91,2,274725.2747252747
rent,RF + XGBoost Ensemble,22999999.999999974,21508392.986390263,1491607.013609711,0.06485247885259621,mogi,Quận 7,Căn hộ,Căn hộ,Không rõ,80,2,287500
rent,RF + XGBoost Ensemble,16999999.999999974,14753305.30548006,2246694.6945199147,0.13215851144234814,mogi,Quận 7,Căn hộ,Căn hộ,Không rõ,55,1,309090.9090909091
rent,RF + XGBoost Ensemble,8000000.000000002,9673332.198130561,1673332.1981305592,0.20916652476631986,mogi,Quận 12,Căn hộ,Căn hộ,Không rõ,85,3,94117.64705882352
rent,RF + XGBoost Ensemble,44999999.999999985,38281875.40941618,6718124.590583809,0.14929165756852913,mogi,Quận 7,Căn hộ,Căn hộ,Không rõ,129,3,348837.20930232556
rent,RF + XGBoost Ensemble,26999999.999999993,21799201.512461882,5200798.4875381105,0.19262216620511524,mogi,Quận 7,Căn hộ,Căn hộ,Không rõ,76,2,355263.15789473685
rent,RF + XGBoost Ensemble,43999999.99999999,35787879.40723746,8212120.59276253,0.18663910438096662,mogi,Quận 7,Căn hộ,Căn hộ,Không rõ,135,3,325925.9259259259
rent,RF + XGBoost Ensemble,35000000.000000015,34342755.89947077,657244.100529246,0.018778402872264163,mogi,Quận 7,Căn hộ,Căn hộ,Không rõ,136,3,257352.9411764706
rent,RF + XGBoost Ensemble,27999999.99999999,22711842.756949827,5288157.243050162,0.188862758680363,mogi,Quận 7,Căn hộ,Căn hộ,Không rõ,89,3,314606.7415730337
rent,RF + XGBoost Ensemble,39999999.999999985,35140802.517151706,4859197.482848279,0.12147993707120702,mogi,Quận 7,Căn hộ,Căn hộ,Không rõ,135,3,296296.2962962963
rent,RF + XGBoost Ensemble,35000000.000000015,39776493.055456646,4776493.055456631,0.13647123015590368,mogi,Quận 7,Căn hộ,Căn hộ,Không rõ,129,3,271317.82945736434
rent,RF + XGBoost Ensemble,60000000.0000001,66013452.43590647,6013452.435906373,0.10022420726510606,mogi,Quận 7,Căn hộ,Căn hộ,Không rõ,240,5,250000
rent,RF + XGBoost Ensemble,30000000.00000005,41002049.668363795,11002049.668363746,0.36673498894545764,mogi,Quận 7,Căn hộ,Căn hộ,Không rõ,135,3,222222.22222222225
rent,RF + XGBoost Ensemble,94999999.99999987,75920317.00895482,19079682.991045043,0.2008387683267902,mogi,Quận 1,Căn hộ,Căn hộ,Không rõ,166,2,572289.156626506
rent,RF + XGBoost Ensemble,79999999.9999996,53490563.736470036,26509436.26352956,0.33136795329412116,mogi,Quận 1,Căn hộ,Căn hộ,Không rõ,139,2,575539.5683453238
rent,RF + XGBoost Ensemble,48999999.999999955,43616169.26722046,5383830.732779495,0.10987409658733674,mogi,Quận 1,Căn hộ,Căn hộ,Không rõ,103,3,475728.1553398058
rent,RF + XGBoost Ensemble,8000000.000000002,9045332.780276839,1045332.7802768368,0.13066659753460458,mogi,Quận Tân Phú,Căn hộ,Căn hộ,Không rõ,60,2,133333.33333333334
rent,RF + XGBoost Ensemble,14499999.99999999,9612586.952267975,4887413.047732016,0.33706296880910475,mogi,Thành phố Thủ Đức,Căn hộ,Căn hộ,Không rõ,48,1,302083.3333333333
rent,RF + XGBoost Ensemble,9999999.999999996,11791142.83727179,1791142.8372717928,0.17911428372717936,mogi,Quận Tân Bình,Căn hộ,Căn hộ,Không rõ,90,2,111111.11111111112
rent,RF + XGBoost Ensemble,14000000.00000001,9564364.354588037,4435635.645411972,0.31683111752942633,mogi,Quận Gò Vấp,Căn hộ,Căn hộ,Không rõ,70,2,200000
rent,RF + XGBoost Ensemble,8000000.000000002,8759041.316397062,759041.3163970597,0.09488016454963244,mogi,Quận 12,Căn hộ,Căn hộ,Không rõ,85,2,94117.64705882352
rent,RF + XGBoost Ensemble,24999999.999999963,23828799.871156022,1171200.1288439408,0.0468480051537577,mogi,Quận 7,Căn hộ,Căn hộ,Không rõ,118,3,211864.40677966105
rent,RF + XGBoost Ensemble,39999999.999999985,27176668.832466267,12823331.167533718,0.32058327918834306,mogi,Quận 7,Căn hộ,Căn hộ,Không rõ,103,3,388349.5145631068
rent,RF + XGBoost Ensemble,13000000.000000013,12962805.461011453,37194.53898856044,0.0028611183837354156,mogi,Quận 7,Căn hộ,Căn hộ,Không rõ,56,2,232142.85714285713
rent,RF + XGBoost Ensemble,26999999.999999993,24695828.487729993,2304171.51227,0.08533968563962965,mogi,Quận 7,Căn hộ,Căn hộ,Không rõ,100,3,270000
rent,RF + XGBoost Ensemble,20999999.99999998,20947711.601972528,52288.39802745357,0.0024899237155930295,mogi,Quận 7,Căn hộ,Căn hộ,Không rõ,112,3,187500
rent,RF + XGBoost Ensemble,27999999.99999999,23180700.239394,4819299.760605987,0.17211784859307103,mogi,Quận 7,Căn hộ,Căn hộ,Không rõ,118,3,237288.13559322033
rent,RF + XGBoost Ensemble,19000000.000000015,25286682.781235598,6286682.781235583,0.330878041117662,mogi,Quận 7,Căn hộ,Căn hộ,Không rõ,101,3,188118.81188118813
rent,RF + XGBoost Ensemble,24999999.999999963,22970422.771179985,2029577.2288199775,0.08118308915279922,mogi,Quận 7,Căn hộ,Căn hộ,Không rõ,118,3,211864.40677966105
rent,RF + XGBoost Ensemble,17999999.999999985,15993218.557395693,2006781.4426042922,0.11148785792246077,mogi,Quận 7,Căn hộ,Căn hộ,Không rõ,59,1,305084.74576271186
rent,RF + XGBoost Ensemble,22000000.000000007,19974176.15043931,2025823.8495606966,0.0920829022527589,mogi,Quận 7,Căn hộ,Căn hộ,Không rõ,76,2,289473.6842105263
rent,RF + XGBoost Ensemble,24999999.999999963,33434721.0280461,8434721.028046139,0.33738884112184603,mogi,Quận 7,Căn hộ,Căn hộ,Không rõ,143,3,174825.17482517482
rent,RF + XGBoost Ensemble,44999999.999999985,30776409.567409802,14223590.432590183,0.31607978739089304,mogi,Quận 7,Căn hộ,Căn hộ,Không rõ,107,3,420560.7476635514
rent,RF + XGBoost Ensemble,24000000,19603263.42690657,4396736.573093429,0.18319735721222621,mogi,Quận 7,Căn hộ,Căn hộ,Không rõ,76,2,315789.4736842105
rent,RF + XGBoost Ensemble,37999999.99999996,19460407.086663045,18539592.913336918,0.48788402403518255,mogi,Quận 7,Căn hộ,Căn hộ,Không rõ,113,3,336283.18584070797
rent,RF + XGBoost Ensemble,22999999.999999974,21009379.417268053,1990620.5827319212,0.0865487209883445,mogi,Quận 7,Căn hộ,Căn hộ,Không rõ,80,2,287500
rent,RF + XGBoost Ensemble,20999999.99999998,22263183.702277135,1263183.7022771537,0.06015160487034071,mogi,Quận 7,Căn hộ,Căn hộ,Không rõ,87,2,241379.3103448276
rent,RF + XGBoost Ensemble,39000000.00000001,33471397.828713704,5528602.171286304,0.14175903003298213,mogi,Quận 7,Căn hộ,Căn hộ,Không rõ,146,3,267123.2876712329
rent,RF + XGBoost Ensemble,22999999.999999974,26449264.07784611,3449264.077846136,0.14996800338461477,mogi,Quận 7,Căn hộ,Căn hộ,Không rõ,120,3,191666.66666666663
rent,RF + XGBoost Ensemble,20999999.99999998,26882912.44678804,5882912.446788058,0.2801386879422887,mogi,Quận 7,Căn hộ,Căn hộ,Không rõ,118,3,177966.10169491524
rent,RF + XGBoost Ensemble,44999999.999999985,29425843.5668289,15574156.433171086,0.3460923651815798,mogi,Quận 7,Căn hộ,Căn hộ,Không rõ,147,3,306122.44897959183
rent,RF + XGBoost Ensemble,22999999.999999974,21392151.231513664,1607848.7684863098,0.06990646819505703,mogi,Quận 7,Căn hộ,Căn hộ,Không rõ,91,2,252747.25274725276
rent,RF + XGBoost Ensemble,16000000.000000026,21508392.986390263,5508392.986390237,0.34427456164938924,mogi,Quận 7,Căn hộ,Căn hộ,Không rõ,80,2,200000
rent,RF + XGBoost Ensemble,17999999.999999985,17883221.520131815,116778.47986816987,0.006487693326009443,mogi,Quận 7,Căn hộ,Căn hộ,Không rõ,78,2,230769.2307692308
rent,RF + XGBoost Ensemble,22999999.999999974,22144861.844321325,855138.1556786485,0.03717991981211519,mogi,Quận 7,Căn hộ,Căn hộ,Không rõ,87,2,264367.816091954
rent,RF + XGBoost Ensemble,24999999.999999963,22072921.28540656,2927078.714593403,0.1170831485837363,mogi,Quận 7,Căn hộ,Căn hộ,Không rõ,90,2,277777.77777777775
rent,RF + XGBoost Ensemble,22999999.999999974,22376824.550549172,623175.44945080206,0.027094584758730555,mogi,Quận 7,Căn hộ,Căn hộ,Không rõ,82,2,280487.8048780488
rent,RF + XGBoost Ensemble,9999999.999999996,9940293.03625482,59706.96374517679,0.005970696374517682,mogi,Quận 1,Căn hộ,Căn hộ,Không rõ,35,1,285714.28571428574
rent,RF + XGBoost Ensemble,14899999.999999996,12170470.336047111,2729529.663952885,0.18318991033240845,mogi,Quận Phú Nhuận,Căn hộ,Căn hộ,Không rõ,70,2,212857.14285714287
rent,RF + XGBoost Ensemble,7199999.9999999935,7123945.984407111,76054.01559288241,0.010563057721233678,mogi,Quận Phú Nhuận,Căn hộ,Căn hộ,Không rõ,30,1,240000
rent,RF + XGBoost Ensemble,13000000.000000013,11529855.289384384,1470144.7106156293,0.1130880546627406,mogi,Quận Bình Thạnh,Căn hộ,Căn hộ,Không rõ,55,1,236363.63636363635
rent,RF + XGBoost Ensemble,13499999.999999993,10807338.033464205,2692661.966535788,0.19945644196561405,mogi,Quận 3,Căn hộ,Căn hộ,Không rõ,45,1,300000
rent,RF + XGBoost Ensemble,22500000.00000001,13274540.165674025,9225459.834325986,0.4100204370811547,mogi,Quận 1,Căn hộ,Căn hộ,Không rõ,55,1,409090.9090909091
rent,RF + XGBoost Ensemble,13200000.000000019,10703757.075479051,2496242.9245209675,0.1891093124637094,mogi,Quận 3,Căn hộ,Căn hộ,Không rõ,40,1,330000
rent,RF + XGBoost Ensemble,19799999.99999998,11399936.80484594,8400063.195154041,0.42424561591687115,mogi,Quận 1,Căn hộ,Căn hộ,Không rõ,55,1,360000
rent,RF + XGBoost Ensemble,10300000.00000001,8968538.558381224,1331461.4416187853,0.1292681011280373,mogi,Quận Bình Thạnh,Căn hộ,Căn hộ,Không rõ,35,1,294285.71428571426
rent,RF + XGBoost Ensemble,12000000.000000007,12372545.328970123,372545.32897011563,0.03104544408084295,mogi,Quận 3,Căn hộ,Căn hộ,Không rõ,50,1,240000
rent,RF + XGBoost Ensemble,12299999.999999985,10978095.090900626,1321904.909099359,0.10747194382921632,mogi,Quận Bình Thạnh,Căn hộ,Căn hộ,Không rõ,50,2,246000
rent,RF + XGBoost Ensemble,10499999.999999994,10872680.000930028,372680.0009300336,0.03549333342190798,mogi,Quận Phú Nhuận,Căn hộ,Căn hộ,Không rõ,45,1,233333.33333333337
rent,RF + XGBoost Ensemble,15499999.999999987,11040415.406716153,4459584.593283834,0.28771513505057017,mogi,Quận Phú Nhuận,Căn hộ,Căn hộ,Không rõ,55,1,281818.1818181818
rent,RF + XGBoost Ensemble,12000000.000000007,9349664.594679127,2650335.405320881,0.22086128377673994,mogi,Quận 3,Căn hộ,Căn hộ,Không rõ,35,1,342857.14285714284
rent,RF + XGBoost Ensemble,17999999.999999985,13270604.350944458,4729395.6490555275,0.2627442027253073,mogi,Quận 3,Căn hộ,Căn hộ,Không rõ,65,2,276923.07692307694
rent,RF + XGBoost Ensemble,17999999.999999985,16896759.928174984,1103240.0718250014,0.061291115101389015,mogi,Quận Phú Nhuận,Căn hộ,Căn hộ,Không rõ,85,2,211764.70588235295
rent,RF + XGBoost Ensemble,6499999.999999999,7679884.526739651,1179884.5267396523,0.181520696421485,mogi,Quận 5,Căn hộ,Căn hộ,Không rõ,40,1,162500
rent,RF + XGBoost Ensemble,12499999.999999985,10793573.905678596,1706426.0943213888,0.13651408754571126,mogi,Quận 3,Căn hộ,Căn hộ,Không rõ,50,1,250000
rent,RF + XGBoost Ensemble,12000000.000000007,11225725.432175329,774274.5678246785,0.0645228806520565,mogi,Quận 3,Căn hộ,Căn hộ,Không rõ,50,1,240000
rent,RF + XGBoost Ensemble,7500000.000000002,9280143.757846152,1780143.7578461505,0.23735250104615335,mogi,Quận Phú Nhuận,Căn hộ,Căn hộ,Không rõ,35,1,214285.7142857143
rent,RF + XGBoost Ensemble,13000000.000000013,14665851.834109595,1665851.834109582,0.12814244877766004,mogi,Thành phố Thủ Đức,Căn hộ,Căn hộ,Không rõ,75,2,173333.33333333334
rent,RF + XGBoost Ensemble,12499999.999999985,11977008.902442157,522991.09755782783,0.04183928780462628,mogi,Quận Bình Thạnh,Căn hộ,Căn hộ,Không rõ,49,1,255102.04081632657
rent,RF + XGBoost Ensemble,13499999.999999993,10806591.390916537,2693408.609083455,0.1995117488209968,mogi,Quận Phú Nhuận,Căn hộ,Căn hộ,Không rõ,45,1,300000
rent,RF + XGBoost Ensemble,8999999.999999996,9010544.554957533,10544.55495753698,0.0011716172175041094,mogi,Thành phố Thủ Đức,Căn hộ,Căn hộ,Không rõ,50,1,180000
rent,RF + XGBoost Ensemble,11500000.000000019,9398451.07521311,2101548.9247869086,0.1827433847640787,mogi,Thành phố Thủ Đức,Căn hộ,Căn hộ,Không rõ,50,1,230000
rent,RF + XGBoost Ensemble,11500000.000000019,10159538.176649721,1340461.8233502973,0.11656189768263436,mogi,Quận 3,Căn hộ,Căn hộ,Không rõ,45,1,255555.55555555556
rent,RF + XGBoost Ensemble,24999999.999999963,31789622.072483942,6789622.072483979,0.27158488289935956,mogi,Thành phố Thủ Đức,Phòng/Cho thuê,Tòa nhà/văn phòng/mặt bằng,Không rõ,120,0,208333.33333333337
rent,RF + XGBoost Ensemble,30000000.00000005,32049781.83494406,2049781.8349440098,0.06832606116480022,mogi,Thành phố Thủ Đức,Nhà phố,Nhà phố/nhà ở,Không rõ,80,6,375000
rent,RF + XGBoost Ensemble,94999999.99999987,50544268.14589933,44455731.85410053,0.4679550721484273,mogi,Thành phố Thủ Đức,Phòng/Cho thuê,Tòa nhà/văn phòng/mặt bằng,Không rõ,110,7,863636.3636363636
rent,RF + XGBoost Ensemble,59000000.00000009,56813216.5050669,2186783.494933188,0.03706412703276584,mogi,Thành phố Thủ Đức,Biệt thự,Biệt thự/cao cấp,Không rõ,200,5,295000
rent,RF + XGBoost Ensemble,16999999.999999974,19154783.91717626,2154783.9171762876,0.1267519951280171,mogi,Thành phố Thủ Đức,Nhà phố,Nhà phố/nhà ở,Không rõ,80,1,212500
rent,RF + XGBoost Ensemble,46999999.99999998,49767444.00458105,2767444.0045810714,0.058881787331512184,mogi,Thành phố Thủ Đức,Nhà phố,Nhà phố/nhà ở,Không rõ,100,6,470000
rent,RF + XGBoost Ensemble,35000000.000000015,34781293.21598498,218706.78401503712,0.006248765257572487,mogi,Thành phố Thủ Đức,Nhà phố,Nhà phố/nhà ở,Không rõ,100,4,350000
rent,RF + XGBoost Ensemble,35000000.000000015,38644429.26435935,3644429.2643593326,0.1041265504102666,mogi,Quận 7,Nhà phố,Nhà phố/nhà ở,Không rõ,90,1,388888.8888888889
rent,RF + XGBoost Ensemble,42000000.00000003,34388460.80450752,7611539.1954925135,0.18122712370220256,mogi,Thành phố Thủ Đức,Nhà phố,Nhà phố/nhà ở,Không rõ,110,4,381818.1818181818
rent,RF + XGBoost Ensemble,119999999.9999999,44958402.74557249,75041597.2544274,0.6253466437868955,mogi,Quận 3,Nhà phố,Nhà phố/nhà ở,Không rõ,125,4,960000
rent,RF + XGBoost Ensemble,27999999.99999999,37734568.79468332,9734568.794683333,0.3476631712386906,mogi,Quận 10,Nhà phố,Nhà phố/nhà ở,Không rõ,85,1,329411.76470588235
rent,RF + XGBoost Ensemble,999999.9999999997,5387745.806705382,4387745.806705382,4.387745806705383,mogi,Quận 5,Nhà phố,Phòng trọ,Không rõ,65,5,15384.615384615385
rent,RF + XGBoost Ensemble,37999999.99999996,42929170.43708998,4929170.437090017,0.129715011502369,mogi,Quận 10,Nhà phố,Nhà phố/nhà ở,Không rõ,80,8,475000
rent,RF + XGBoost Ensemble,65000000.00000007,95341239.06293692,30341239.06293685,0.46678829327595106,mogi,Quận Tân Bình,Nhà phố,Nhà phố/nhà ở,Không rõ,260,2,250000
rent,RF + XGBoost Ensemble,39999999.999999985,34799434.57452165,5200565.425478332,0.13001413563695835,mogi,Quận 3,Nhà phố,Nhà phố/nhà ở,Không rõ,85,4,470588.2352941177
rent,RF + XGBoost Ensemble,119999999.9999999,144152487.84802237,24152487.848022476,0.20127073206685414,mogi,Quận 1,"Văn phòng, Mặt bằng kinh doanh",Tòa nhà/văn phòng/mặt bằng,Không rõ,200,4,600000
rent,RF + XGBoost Ensemble,69999999.99999967,65887031.82522507,4112968.174774602,0.05875668821106602,mogi,Quận 4,Nhà phố,Nhà phố/nhà ở,Không rõ,200,4,350000
rent,RF + XGBoost Ensemble,60000000.0000001,24972802.665640324,35027197.33435977,0.5837866222393286,mogi,Quận 1,Nhà phố,Nhà phố/nhà ở,Không rõ,40,4,1500000
rent,RF + XGBoost Ensemble,44999999.999999985,60758999.2103863,15758999.210386313,0.3501999824530293,mogi,Quận 10,Nhà phố,Nhà phố/nhà ở,Không rõ,200,2,225000
rent,RF + XGBoost Ensemble,50000000.00000009,43522798.0457051,6477201.954294987,0.1295440390858995,mogi,Quận 10,Nhà phố,Nhà phố/nhà ở,Không rõ,80,8,625000
rent,RF + XGBoost Ensemble,39999999.999999985,50506585.023209386,10506585.0232094,0.2626646255802351,mogi,Quận 5,Nhà phố,Nhà phố/nhà ở,Không rõ,100,5,400000
rent,RF + XGBoost Ensemble,60000000.0000001,69768881.23264112,9768881.232641019,0.16281468721068337,mogi,Quận 1,Nhà phố,Nhà phố/nhà ở,Không rõ,80,2,750000
rent,RF + XGBoost Ensemble,55000000.000000075,44961525.8719264,10038474.128073677,0.18251771141952117,mogi,Quận Tân Bình,Nhà phố,Nhà phố/nhà ở,Không rõ,140,1,392857.1428571429
rent,RF + XGBoost Ensemble,110000000.00000012,60686008.20747411,49313991.79252601,0.4483090162956905,mogi,Quận Phú Nhuận,Nhà phố,Nhà phố/nhà ở,Không rõ,100,15,1100000
rent,RF + XGBoost Ensemble,55000000.000000075,32090050.869591877,22909949.130408198,0.41654452964378486,mogi,Quận 4,"Văn phòng, Mặt bằng kinh doanh",Tòa nhà/văn phòng/mặt bằng,Không rõ,100,2,550000
rent,RF + XGBoost Ensemble,299999999.9999999,119011584.0956216,180988415.9043783,0.6032947196812612,mogi,Quận Tân Phú,Nhà phố,Nhà phố/nhà ở,Không rõ,300,3,1000000
rent,RF + XGBoost Ensemble,90000000.00000004,110820941.90960497,20820941.909604922,0.23134379899561014,mogi,Quận 6,Nhà phố,Nhà phố/nhà ở,Không rõ,500,3,180000
rent,RF + XGBoost Ensemble,119999999.9999999,96224809.30972047,23775190.690279424,0.19812658908566205,mogi,Quận Bình Thạnh,Đất nền,Đất/đất nền,Không rõ,500,1,240000
rent,RF + XGBoost Ensemble,99999999.99999991,251486657.73385656,151486657.73385665,1.5148665773385679,mogi,Quận Phú Nhuận,Nhà phố,Nhà phố/nhà ở,Không rõ,997,1,100300.90270812435
rent,RF + XGBoost Ensemble,129999999.99999997,47168815.0840508,82831184.91594917,0.6371629608919168,mogi,Quận 1,Nhà phố,Nhà phố/nhà ở,Không rõ,100,6,1300000
rent,RF + XGBoost Ensemble,289999999.99999994,244343804.7698604,45656195.23013955,0.1574351559659985,mogi,Quận 5,Nhà phố,Nhà phố/nhà ở,Không rõ,600,5,483333.3333333333
rent,RF + XGBoost Ensemble,55000000.000000075,51506963.643006034,3493036.3569940403,0.0635097519453461,mogi,Quận 10,Nhà phố,Nhà phố/nhà ở,Không rõ,100,8,550000
rent,RF + XGBoost Ensemble,16999999.999999974,21152373.26673843,4152373.2667384557,0.24425725098461543,mogi,Quận Tân Bình,Nhà phố,Nhà phố/nhà ở,Không rõ,90,2,188888.88888888888
rent,RF + XGBoost Ensemble,139999999.99999934,88372107.35363989,51627892.64635946,0.3687706617597121,mogi,Quận Tân Bình,Nhà phố,Nhà phố/nhà ở,Không rõ,200,3,700000
rent,RF + XGBoost Ensemble,150000000.00000077,86480123.87374379,63519876.12625699,0.42346584084171107,mogi,Quận 1,Nhà phố,Nhà phố/nhà ở,Không rõ,168,5,892857.1428571428
rent,RF + XGBoost Ensemble,79999999.9999996,58567454.970664516,21432545.02933508,0.2679068128666899,mogi,Quận 11,Phòng/Cho thuê,Tòa nhà/văn phòng/mặt bằng,Không rõ,125,21,640000
rent,RF + XGBoost Ensemble,14000000.00000001,11633887.29241512,2366112.7075848896,0.16900805054177773,mogi,Quận Bình Tân,Nhà phố,Nhà phố/nhà ở,Không rõ,72,2,194444.44444444444
rent,RF + XGBoost Ensemble,79999999.9999996,55312471.94013891,24687528.059860684,0.3085941007482601,mogi,Quận 6,Nhà phố,Nhà phố/nhà ở,Không rõ,200,3,400000
rent,RF + XGBoost Ensemble,139999999.99999934,152866793.57526934,12866793.575269997,0.09190566839478613,mogi,Quận 11,Nhà phố,Nhà phố/nhà ở,Không rõ,715,1,195804.1958041958
rent,RF + XGBoost Ensemble,150000000.00000077,55342070.47552758,94657929.52447319,0.6310528634964847,mogi,Quận Tân Phú,Nhà phố,Nhà phố/nhà ở,Không rõ,200,2,750000
rent,RF + XGBoost Ensemble,200000000.0000001,185251496.19730222,14748503.802697867,0.0737425190134893,mogi,Thành phố Thủ Đức,Nhà phố,Nhà phố/nhà ở,Không rõ,1235,1,161943.3198380567
rent,RF + XGBoost Ensemble,129999999.99999997,192423508.19637743,62423508.196377456,0.4801808322798267,mogi,Quận Bình Tân,Nhà phố,Nhà phố/nhà ở,Không rõ,1200,11,108333.33333333331
rent,RF + XGBoost Ensemble,90000000.00000004,30430432.847044136,59569567.152955905,0.6618840794772874,mogi,Quận 4,Nhà phố,Nhà phố/nhà ở,Không rõ,100,5,900000
rent,RF + XGBoost Ensemble,33999999.99999994,42285076.134897165,8285076.134897225,0.2436787098499188,mogi,Huyện Bình Chánh,Nhà phố,Nhà phố/nhà ở,Không rõ,210,1,161904.7619047619
rent,RF + XGBoost Ensemble,36000000.000000045,60279584.021689706,24279584.02168966,0.6744328894913786,mogi,Quận Bình Tân,Nhà phố,Nhà phố/nhà ở,Không rõ,200,0,180000
rent,RF + XGBoost Ensemble,24999999.999999963,17598177.7678345,7401822.232165463,0.29607288928661896,mogi,Quận Bình Tân,Phòng/Cho thuê,Phòng trọ,Không rõ,80,4,312500
rent,RF + XGBoost Ensemble,99999999.99999991,42538825.62860112,57461174.37139879,0.5746117437139884,mogi,Quận Tân Bình,Nhà phố,Tòa nhà/văn phòng/mặt bằng,Không rõ,120,5,833333.3333333334
rent,RF + XGBoost Ensemble,110000000.00000012,91965187.97906351,18034812.02093661,0.163952836553969,mogi,Quận 8,Nhà phố,Nhà phố/nhà ở,Không rõ,300,1,366666.6666666667
rent,RF + XGBoost Ensemble,35000000.000000015,32909608.27441275,2090391.7255872637,0.059725477873921795,mogi,Quận Gò Vấp,Nhà phố,Nhà phố/nhà ở,Không rõ,100,3,350000
rent,RF + XGBoost Ensemble,15000000.00000001,17249710.139442276,2249710.139442267,0.1499806759628177,mogi,Quận Bình Tân,"Văn phòng, Mặt bằng kinh doanh",Tòa nhà/văn phòng/mặt bằng,Không rõ,60,2,250000
rent,RF + XGBoost Ensemble,20000000.000000015,28549413.11499232,8549413.114992306,0.42747065574961496,mogi,Quận Tân Bình,Nhà phố,Nhà phố/nhà ở,Không rõ,100,5,200000
rent,RF + XGBoost Ensemble,60000000.0000001,114375587.91106768,54375587.91106758,0.9062597985177916,mogi,Quận Tân Phú,"Văn phòng, Mặt bằng kinh doanh",Tòa nhà/văn phòng/mặt bằng,Không rõ,400,1,150000
rent,RF + XGBoost Ensemble,50000000.00000009,55199624.349263676,5199624.349263586,0.10399248698527154,mogi,Quận Gò Vấp,Biệt thự,Biệt thự/cao cấp,Không rõ,250,7,200000
rent,RF + XGBoost Ensemble,39999999.999999985,41618544.15018471,1618544.1501847282,0.04046360375461822,mogi,Quận 4,"Văn phòng, Mặt bằng kinh doanh",Tòa nhà/văn phòng/mặt bằng,Không rõ,125,1,320000
rent,RF + XGBoost Ensemble,129999999.99999997,183858407.3670966,53858407.36709663,0.41429544128535883,mogi,Quận 6,Nhà phố,Tòa nhà/văn phòng/mặt bằng,Không rõ,1000,3,130000
rent,RF + XGBoost Ensemble,69999999.99999967,238504310.0979302,168504310.09793052,2.4072044299704474,mogi,Quận 1,Nhà phố,Nhà phố/nhà ở,Không rõ,210,0,333333.3333333333
rent,RF + XGBoost Ensemble,55000000.000000075,16149176.620870432,38850823.37912964,0.7063786068932653,mogi,Quận 3,Nhà phố,Nhà phố/nhà ở,Không rõ,45,2,1222222.2222222222
rent,RF + XGBoost Ensemble,50000000.00000009,33444151.488781482,16555848.511218607,0.33111697022437153,mogi,Quận Tân Bình,Nhà phố,Nhà phố/nhà ở,Không rõ,100,4,500000
rent,RF + XGBoost Ensemble,129999999.99999997,160732673.80413166,30732673.804131687,0.23640518310870534,mogi,Quận 6,Nhà phố,Nhà phố/nhà ở,Không rõ,600,3,216666.66666666663
rent,RF + XGBoost Ensemble,39999999.999999985,42573722.72057576,2573722.720575772,0.06434306801439434,mogi,Quận 1,Nhà phố,Nhà phố/nhà ở,Không rõ,70,6,571428.5714285715
rent,RF + XGBoost Ensemble,30000000.00000005,58142364.76775985,28142364.767759804,0.938078825591992,mogi,Quận 10,Nhà phố,Nhà phố/nhà ở,Không rõ,78,0,384615.3846153846
rent,RF + XGBoost Ensemble,50000000.00000009,40687955.29938069,9312044.7006194,0.18624089401238766,mogi,Quận Phú Nhuận,Nhà phố,Nhà phố/nhà ở,Không rõ,100,4,500000
rent,RF + XGBoost Ensemble,30000000.00000005,39069243.22189837,9069243.221898321,0.30230810739661024,mogi,Quận Bình Tân,Nhà phố,Nhà phố/nhà ở,Không rõ,138,6,217391.30434782608
rent,RF + XGBoost Ensemble,20000000.000000015,26067451.9445022,6067451.944502186,0.30337259722510906,mogi,Quận 6,Nhà phố,Nhà phố/nhà ở,Không rõ,76,6,263157.8947368421
rent,RF + XGBoost Ensemble,15000000.00000001,30864697.56148134,15864697.561481332,1.0576465040987548,mogi,Quận Bình Tân,"Văn phòng, Mặt bằng kinh doanh",Tòa nhà/văn phòng/mặt bằng,Không rõ,75,1,200000
rent,RF + XGBoost Ensemble,20000000.000000015,19117521.508043915,882478.4919560999,0.04412392459780496,mogi,Quận Bình Tân,Nhà phố,Nhà phố/nhà ở,Không rõ,80,4,250000
rent,RF + XGBoost Ensemble,22000000.000000007,50092645.57177397,28092645.57177396,1.276938435080634,mogi,Quận 6,Nhà phố,Nhà phố/nhà ở,Không rõ,143,0,153846.15384615384
rent,RF + XGBoost Ensemble,9999999.999999996,11878465.32152608,1878465.321526084,0.1878465321526085,mogi,Quận Bình Tân,Nhà phố,Nhà phố/nhà ở,Không rõ,56,3,178571.42857142858
rent,RF + XGBoost Ensemble,20000000.000000015,18671054.122788545,1328945.8772114702,0.06644729386057346,mogi,Quận Bình Tân,Nhà phố,Nhà phố/nhà ở,Không rõ,80,4,250000
rent,RF + XGBoost Ensemble,24999999.999999963,32625867.793845285,7625867.793845322,0.30503471175381336,mogi,Quận Bình Tân,Nhà phố,Nhà phố/nhà ở,Không rõ,125,4,200000
rent,RF + XGBoost Ensemble,50000000.00000009,63368856.43250675,13368856.432506658,0.2673771286501327,mogi,Quận Bình Thạnh,Nhà phố,Tòa nhà/văn phòng/mặt bằng,Không rõ,96,6,520833.3333333333
rent,RF + XGBoost Ensemble,20999999.99999998,27067570.606898285,6067570.606898304,0.28893193366182424,mogi,Quận Bình Thạnh,Nhà phố,Nhà phố/nhà ở,Không rõ,100,4,210000
rent,RF + XGBoost Ensemble,35000000.000000015,41335197.172994174,6335197.172994159,0.18100563351411875,mogi,Quận Phú Nhuận,Nhà phố,Nhà phố/nhà ở,Không rõ,120,4,291666.6666666667
rent,RF + XGBoost Ensemble,30000000.00000005,28284534.311328534,1715465.6886715144,0.05718218962238372,mogi,Quận Tân Bình,Nhà phố,Nhà phố/nhà ở,Không rõ,100,5,300000
rent,RF + XGBoost Ensemble,27999999.99999999,18803500.5207756,9196499.479224388,0.3284464099722997,mogi,Quận 3,Nhà phố,Nhà phố/nhà ở,Không rõ,40,1,700000
rent,RF + XGBoost Ensemble,33000000.000000015,32403877.47048695,596122.5295130648,0.01806431907615347,mogi,Quận Tân Bình,Nhà phố,Nhà phố/nhà ở,Không rõ,96,5,343750
rent,RF + XGBoost Ensemble,30000000.00000005,43116264.659383744,13116264.659383696,0.4372088219794558,mogi,Quận Phú Nhuận,Nhà phố,Nhà phố/nhà ở,Không rõ,105,6,285714.28571428574
rent,RF + XGBoost Ensemble,60000000.0000001,35391115.48313656,24608884.51686354,0.41014807528105834,mogi,Quận 3,Nhà phố,Nhà phố/nhà ở,Không rõ,80,3,750000
rent,RF + XGBoost Ensemble,119999999.9999999,39120462.764105216,80879537.23589468,0.6739961436324563,mogi,Thành phố Thủ Đức,Nhà phố,Nhà phố/nhà ở,Không rõ,106,6,1132075.4716981133
rent,RF + XGBoost Ensemble,30999999.999999978,51149706.825697236,20149706.825697258,0.6499905427644281,mogi,Quận Phú Nhuận,Nhà phố,Nhà phố/nhà ở,Không rõ,330,6,93939.39393939394
rent,RF + XGBoost Ensemble,37999999.99999996,57615850.501415506,19615850.501415543,0.5162065921425149,mogi,Quận Tân Bình,Nhà phố,Nhà phố/nhà ở,Không rõ,160,5,237500
rent,RF + XGBoost Ensemble,31999999.999999955,32735388.3807685,735388.380768545,0.02298088689901706,mogi,Quận Bình Thạnh,Nhà phố,Nhà phố/nhà ở,Không rõ,110,5,290909.0909090909
rent,RF + XGBoost Ensemble,36999999.99999993,42495235.74949851,5495235.749498576,0.1485198851215834,mogi,Quận Tân Bình,Nhà phố,Nhà phố/nhà ở,Không rõ,110,1,336363.63636363635
rent,RF + XGBoost Ensemble,57999999.99999995,32828989.472413406,25171010.527586542,0.43398294013080285,mogi,Thành phố Thủ Đức,Nhà phố,Nhà phố/nhà ở,Không rõ,72,4,805555.5555555555
rent,RF + XGBoost Ensemble,30000000.00000005,38638900.5138402,8638900.51384015,0.28796335046133786,mogi,Quận Tân Bình,Nhà phố,Nhà phố/nhà ở,Không rõ,350,5,85714.28571428571
rent,RF + XGBoost Ensemble,35000000.000000015,38970381.30350595,3970381.303505935,0.11343946581445523,mogi,Quận Tân Bình,Nhà phố,Nhà phố/nhà ở,Không rõ,130,5,269230.76923076925
rent,RF + XGBoost Ensemble,36000000.000000045,42113778.22016961,6113778.220169567,0.16982717278248774,mogi,Quận Phú Nhuận,Nhà phố,Nhà phố/nhà ở,Không rõ,108,5,333333.3333333333
rent,RF + XGBoost Ensemble,22999999.999999974,48979212.47318882,25979212.473188844,1.1295309770951685,mogi,Thành phố Thủ Đức,Nhà phố,Nhà phố/nhà ở,Không rõ,100,5,230000
rent,RF + XGBoost Ensemble,30000000.00000005,17554792.240956854,12445207.759043194,0.4148402586347725,mogi,Quận Tân Phú,Nhà phố,Nhà phố/nhà ở,Không rõ,100,1,300000
rent,RF + XGBoost Ensemble,16000000.000000026,15225168.554783605,774831.445216421,0.048426965326026236,mogi,Quận Bình Tân,Nhà phố,Nhà phố/nhà ở,Không rõ,50,4,320000
rent,RF + XGBoost Ensemble,16000000.000000026,16998597.564965863,998597.5649658367,0.06241234781036469,mogi,Quận 6,Nhà phố,Nhà phố/nhà ở,Không rõ,70,2,228571.42857142855
rent,RF + XGBoost Ensemble,75000000.0000003,47834970.92472805,27165029.075272247,0.36220038767029517,mogi,Quận 1,Nhà phố,Nhà phố/nhà ở,Không rõ,100,1,750000
rent,RF + XGBoost Ensemble,169999999.99999988,218085521.25557542,48085521.25557554,0.28285600738573863,mogi,Quận 8,Nhà phố,Nhà phố/nhà ở,Không rõ,2000,1,85000
rent,RF + XGBoost Ensemble,33000000.000000015,34572205.1203749,1572205.1203748882,0.04764257940529962,mogi,Quận Phú Nhuận,Nhà phố,Nhà phố/nhà ở,Không rõ,81,4,407407.4074074074
rent,RF + XGBoost Ensemble,48000000.00000006,54243974.67283591,6243974.672835849,0.13008280568408004,mogi,Quận Tân Bình,Nhà phố,Nhà phố/nhà ở,Không rõ,150,5,320000
rent,RF + XGBoost Ensemble,19000000.000000015,21891662.7346342,2891662.7346341833,0.15219277550706217,mogi,Quận 6,Nhà phố,Nhà phố/nhà ở,Không rõ,80,4,237500
rent,RF + XGBoost Ensemble,35000000.000000015,42262754.23178744,7262754.231787428,0.207507263765355,mogi,Quận Phú Nhuận,Phòng/Cho thuê,Phòng trọ,Không rõ,160,6,218750
rent,RF + XGBoost Ensemble,31999999.999999955,24993267.389562093,7006732.610437863,0.2189603940761835,mogi,Quận Tân Bình,Phòng/Cho thuê,Phòng trọ,Không rõ,80,5,400000
rent,RF + XGBoost Ensemble,27999999.99999999,26834422.553362485,1165577.4466375038,0.041627765951339435,mogi,Quận 6,Nhà phố,Nhà phố/nhà ở,Không rõ,80,6,350000
rent,RF + XGBoost Ensemble,79999999.9999996,156643643.51751912,76643643.51751952,0.9580455439689988,mogi,Quận Tân Phú,Nhà phố,Nhà phố/nhà ở,Không rõ,600,1,133333.33333333334
rent,RF + XGBoost Ensemble,50000000.00000009,49226399.414288916,773600.5857111737,0.015472011714223447,mogi,Quận Tân Bình,Biệt thự,Biệt thự/cao cấp,Không rõ,200,2,250000
rent,RF + XGBoost Ensemble,24999999.999999963,45801746.34703322,20801746.347033255,0.8320698538813315,mogi,Quận Bình Tân,Nhà phố,Nhà phố/nhà ở,Không rõ,160,5,156250
rent,RF + XGBoost Ensemble,75000000.0000003,9009026.283019051,65990973.71698125,0.8798796495597465,mogi,Quận 5,Phòng/Cho thuê,Phòng trọ,Không rõ,100,3,750000
rent,RF + XGBoost Ensemble,299999999.9999999,106681406.98090233,193318593.01909757,0.6443953100636588,mogi,Quận Gò Vấp,Nhà phố,Tòa nhà/văn phòng/mặt bằng,Không rõ,300,5,1000000
rent,RF + XGBoost Ensemble,75000000.0000003,48550912.85261421,26449087.14738609,0.3526544952984798,mogi,Quận Tân Bình,Nhà phố,Nhà phố/nhà ở,Không rõ,200,2,375000
rent,RF + XGBoost Ensemble,50000000.00000009,97480809.72355624,47480809.723556146,0.9496161944711212,mogi,Quận 6,Nhà phố,Nhà phố/nhà ở,Không rõ,160,10,312500
rent,RF + XGBoost Ensemble,44999999.999999985,54402147.85654592,9402147.856545933,0.20893661903435412,mogi,Quận 10,Nhà phố,Nhà phố/nhà ở,Không rõ,100,3,450000
rent,RF + XGBoost Ensemble,33000000.000000015,58300100.14921973,25300100.149219714,0.7666697014915062,mogi,Quận Tân Bình,Nhà phố,Nhà phố/nhà ở,Không rõ,140,8,235714.2857142857
rent,RF + XGBoost Ensemble,20000000.000000015,20015057.042116307,15057.042116291821,7.528521058145905e-4,mogi,Quận Bình Tân,Nhà phố,Nhà phố/nhà ở,Không rõ,100,4,200000
rent,RF + XGBoost Ensemble,179999999.9999997,170215273.6607085,9784726.339291215,0.05435959077384017,mogi,Quận Gò Vấp,Nhà phố,Nhà phố/nhà ở,Không rõ,965,1,186528.49740932643
rent,RF + XGBoost Ensemble,159999999.99999982,107746029.47906867,52253970.520931154,0.32658731575582006,mogi,Quận Tân Bình,Nhà phố,Nhà phố/nhà ở,Không rõ,400,2,400000
rent,RF + XGBoost Ensemble,75000000.0000003,21952847.576553777,53047152.42344652,0.7072953656459509,mogi,Thành phố Thủ Đức,Nhà phố,Nhà phố/nhà ở,Không rõ,100,2,750000
rent,RF + XGBoost Ensemble,129999999.99999997,110961332.52331166,19038667.47668831,0.14645128828221782,mogi,Quận Tân Bình,Nhà phố,Nhà phố/nhà ở,Không rõ,400,2,325000
rent,RF + XGBoost Ensemble,72000000.00000012,85481612.97140798,13481612.97140786,0.18724462460288663,mogi,Quận 3,Nhà phố,Nhà phố/nhà ở,Không rõ,200,2,360000
rent,RF + XGBoost Ensemble,50000000.00000009,56758250.562853254,6758250.562853165,0.13516501125706307,mogi,Quận Bình Tân,Phòng/Cho thuê,Tòa nhà/văn phòng/mặt bằng,Không rõ,200,8,250000
rent,RF + XGBoost Ensemble,35000000.000000015,26891759.086129155,8108240.91387086,0.2316640261105959,mogi,Thành phố Thủ Đức,Biệt thự,Biệt thự/cao cấp,Không rõ,110,2,318181.8181818182
rent,RF + XGBoost Ensemble,39999999.999999985,37092059.25530223,2907940.744697757,0.07269851861744395,mogi,Quận 7,Nhà phố,Nhà phố/nhà ở,Không rõ,90,4,444444.4444444445
rent,RF + XGBoost Ensemble,15000000.00000001,13734603.958108595,1265396.0418914147,0.08435973612609426,mogi,Quận 1,"Văn phòng, Mặt bằng kinh doanh",Tòa nhà/văn phòng/mặt bằng,Không rõ,23,1,652173.9130434783
rent,RF + XGBoost Ensemble,19000000.000000015,31142599.733227324,12142599.733227309,0.6390841964856473,mogi,Thành phố Thủ Đức,Nhà phố,Nhà phố/nhà ở,Không rõ,80,4,237500
rent,RF + XGBoost Ensemble,50000000.00000009,39532374.69492821,10467625.305071883,0.2093525061014373,mogi,Quận 7,Nhà phố,Nhà phố/nhà ở,Không rõ,108,4,462962.962962963
rent,RF + XGBoost Ensemble,139999999.99999934,63108431.49728364,76891568.5027157,0.5492254893051147,mogi,Thành phố Thủ Đức,Nhà phố,Tòa nhà/văn phòng/mặt bằng,Không rõ,107,0,1308411.214953271
rent,RF + XGBoost Ensemble,39999999.999999985,48589492.14552467,8589492.145524688,0.21473730363811727,mogi,Thành phố Thủ Đức,Nhà phố,Nhà phố/nhà ở,Không rõ,140,1,285714.28571428574
rent,RF + XGBoost Ensemble,44999999.999999985,51050473.29267989,6050473.292679906,0.1344549620595535,mogi,Thành phố Thủ Đức,"Văn phòng, Mặt bằng kinh doanh",Tòa nhà/văn phòng/mặt bằng,Không rõ,171,0,263157.8947368421
rent,RF + XGBoost Ensemble,24999999.999999963,34573020.8611184,9573020.861118436,0.382920834444738,mogi,Thành phố Thủ Đức,Nhà phố,Nhà phố/nhà ở,Không rõ,100,4,250000
rent,RF + XGBoost Ensemble,57999999.99999995,56786899.64477186,1213100.3552280888,0.02091552336600155,mogi,Thành phố Thủ Đức,Nhà phố,Tòa nhà/văn phòng/mặt bằng,Không rõ,110,7,527272.7272727273
rent,RF + XGBoost Ensemble,20000000.000000015,20773000.26359638,773000.2635963634,0.038650013179818136,mogi,Quận Tân Phú,Nhà phố,Nhà phố/nhà ở,Không rõ,95,4,210526.31578947368
rent,RF + XGBoost Ensemble,25999999.999999985,21153587.730786055,4846412.26921393,0.18640047189284356,mogi,Quận Tân Phú,Nhà phố,Nhà phố/nhà ở,Không rõ,100,3,260000
rent,RF + XGBoost Ensemble,30000000.00000005,16463141.666238312,13536858.333761737,0.4512286111253905,mogi,Quận Tân Phú,Nhà phố,Nhà phố/nhà ở,Không rõ,74,3,405405.4054054054
rent,RF + XGBoost Ensemble,24999999.999999963,31904456.42876634,6904456.428766377,0.2761782571506555,mogi,Quận Tân Phú,Nhà phố,Nhà phố/nhà ở,Không rõ,84,8,297619.04761904763
rent,RF + XGBoost Ensemble,79999999.9999996,70291685.67692374,9708314.32307586,0.12135392903844887,mogi,Quận 6,Nhà phố,Nhà phố/nhà ở,Không rõ,150,8,533333.3333333334
rent,RF + XGBoost Ensemble,329999999.9999995,175505948.363808,154494051.63619152,0.46816379283694465,mogi,Quận Bình Tân,Nhà phố,Tòa nhà/văn phòng/mặt bằng,Không rõ,250,10,1320000
rent,RF + XGBoost Ensemble,200000000.0000001,43575905.01519759,156424094.98480248,0.782120474924012,mogi,Quận Bình Tân,Nhà phố,Nhà phố/nhà ở,Không rõ,126,6,1587301.5873015872
rent,RF + XGBoost Ensemble,60000000.0000001,49018179.34080751,10981820.659192584,0.1830303443198761,mogi,Quận Bình Tân,Nhà phố,Nhà phố/nhà ở,Không rõ,135,6,444444.4444444445
rent,RF + XGBoost Ensemble,50000000.00000009,32619684.613018904,17380315.386981186,0.3476063077396231,mogi,Quận Bình Tân,Nhà phố,Nhà phố/nhà ở,Không rõ,100,6,500000
rent,RF + XGBoost Ensemble,30000000.00000005,23388895.7628431,6611104.23715695,0.22037014123856463,mogi,Quận Bình Tân,Nhà phố,Nhà phố/nhà ở,Không rõ,125,4,240000
rent,RF + XGBoost Ensemble,22000000.000000007,51777546.45732538,29777546.45732537,1.3535248389693344,mogi,Thành phố Thủ Đức,Nhà phố,Nhà phố/nhà ở,Không rõ,133,5,165413.53383458647
rent,RF + XGBoost Ensemble,22000000.000000007,35023633.551594414,13023633.551594406,0.591983343254291,mogi,Thành phố Thủ Đức,Nhà phố,Nhà phố/nhà ở,Không rõ,133,2,165413.53383458647
rent,RF + XGBoost Ensemble,60000000.0000001,59841954.53110619,158045.46889390796,0.002634091148231795,mogi,Quận 1,Nhà phố,Nhà phố/nhà ở,Không rõ,100,4,600000
rent,RF + XGBoost Ensemble,57999999.99999995,125198269.71628818,67198269.71628824,1.1585908571773844,mogi,Quận 3,Biệt thự,Biệt thự/cao cấp,Không rõ,450,3,128888.88888888888
rent,RF + XGBoost Ensemble,184999999.99999976,169466370.21953812,15533629.78046164,0.08396556638087384,mogi,Quận Gò Vấp,Nhà phố,Nhà phố/nhà ở,Không rõ,187,18,989304.8128342244
rent,RF + XGBoost Ensemble,57999999.99999995,28973257.210267734,29026742.789732214,0.5004610825815904,mogi,Quận Bình Thạnh,Phòng/Cho thuê,Phòng trọ,Không rõ,92,7,630434.7826086957
rent,RF + XGBoost Ensemble,62000000.000000045,34932870.56892813,27067129.431071915,0.43656660372696604,mogi,Quận 10,Nhà phố,Nhà phố/nhà ở,Không rõ,60,5,1033333.3333333334
rent,RF + XGBoost Ensemble,52999999.99999999,69743320.70325355,16743320.70325356,0.3159117113821427,mogi,Quận 1,Nhà phố,Nhà phố/nhà ở,Không rõ,110,2,481818.1818181818
rent,RF + XGBoost Ensemble,63000000.000000075,102626964.76419176,39626964.76419169,0.6289994407014546,mogi,Quận Tân Bình,Nhà phố,Nhà phố/nhà ở,Không rõ,300,1,210000
rent,RF + XGBoost Ensemble,55000000.000000075,78750421.49706303,23750421.49706295,0.431825845401144,mogi,Quận 1,Nhà phố,Nhà phố/nhà ở,Không rõ,80,5,687500
rent,RF + XGBoost Ensemble,46999999.99999998,63735126.4791962,16735126.47919622,0.3560665208339623,mogi,Quận 1,Nhà phố,Nhà phố/nhà ở,Không rõ,80,2,587500
rent,RF + XGBoost Ensemble,67000000.00000012,62842291.49563459,4157708.504365526,0.06205535081142565,mogi,Quận 1,Nhà phố,Nhà phố/nhà ở,Không rõ,110,4,609090.9090909091
rent,RF + XGBoost Ensemble,161999999.99999994,65197921.036816455,96802078.96318349,0.597543697303602,mogi,Quận 1,Nhà phố,Nhà phố/nhà ở,Không rõ,80,4,2025000
rent,RF + XGBoost Ensemble,90000000.00000004,99535023.3986813,9535023.398681253,0.10594470442979165,mogi,Quận 3,"Văn phòng, Mặt bằng kinh doanh",Tòa nhà/văn phòng/mặt bằng,Không rõ,220,3,409090.9090909091
rent,RF + XGBoost Ensemble,255000000.0000003,161456641.37711766,93543358.62288263,0.36683670048189226,mogi,Quận 10,Nhà phố,Nhà phố/nhà ở,Không rõ,350,2,728571.4285714285
rent,RF + XGBoost Ensemble,59000000.00000009,50762349.81708422,8237650.182915866,0.13962118954094668,mogi,Quận 3,Nhà phố,Nhà phố/nhà ở,Không rõ,65,8,907692.3076923076
rent,RF + XGBoost Ensemble,43000000.000000015,29662868.914789777,13337131.085210238,0.31016583919093565,mogi,Quận Phú Nhuận,Nhà phố,Nhà phố/nhà ở,Không rõ,48,5,895833.3333333334
rent,RF + XGBoost Ensemble,73999999.99999997,78568403.55429554,4568403.55429557,0.06173518316615637,mogi,Thành phố Thủ Đức,Nhà phố,Nhà phố/nhà ở,Không rõ,140,11,528571.4285714285
rent,RF + XGBoost Ensemble,72000000.00000012,17217216.61424846,54782783.385751665,0.7608719914687718,mogi,Thành phố Thủ Đức,Nhà phố,Nhà phố/nhà ở,Không rõ,120,2,600000
rent,RF + XGBoost Ensemble,152999999.9999998,51459161.06394033,101540838.93605946,0.6636656139611739,mogi,Quận Tân Bình,Nhà phố,Nhà phố/nhà ở,Không rõ,112,4,1366071.4285714286
rent,RF + XGBoost Ensemble,43000000.000000015,69991972.4590826,26991972.45908259,0.6277202897461065,mogi,Quận 3,"Văn phòng, Mặt bằng kinh doanh",Tòa nhà/văn phòng/mặt bằng,Không rõ,136,3,316176.4705882353
rent,RF + XGBoost Ensemble,85000000.00000004,25132646.95554904,59867353.044451006,0.7043218005229527,mogi,Quận Phú Nhuận,Nhà phố,Nhà phố/nhà ở,Không rõ,45,4,1888888.888888889
rent,RF + XGBoost Ensemble,27999999.99999999,24824865.50912058,3175134.490879409,0.11339766038855037,mogi,Quận Bình Thạnh,Nhà phố,Nhà phố/nhà ở,Không rõ,64,5,437500
rent,RF + XGBoost Ensemble,72000000.00000012,23261834.483016457,48738165.51698366,0.6769189655136608,mogi,Quận Bình Thạnh,Nhà phố,Nhà phố/nhà ở,Không rõ,80,3,900000
rent,RF + XGBoost Ensemble,69999999.99999967,90306283.88283922,20306283.882839546,0.290089769754852,mogi,Quận 1,Nhà phố,Nhà phố/nhà ở,Không rõ,165,4,424242.42424242425
rent,RF + XGBoost Ensemble,145000000.00000003,126992003.12348542,18007996.876514614,0.12419308190699731,mogi,Quận 1,Nhà phố,Nhà phố/nhà ở,Không rõ,220,5,659090.9090909091
rent,RF + XGBoost Ensemble,44999999.999999985,26079136.548789166,18920863.45121082,0.42046363224912947,mogi,Quận 10,Nhà phố,Nhà phố/nhà ở,Không rõ,48,3,937500
rent,RF + XGBoost Ensemble,69999999.99999967,48980987.389921784,21019012.610077888,0.3002716087153998,mogi,Quận Phú Nhuận,Nhà phố,Nhà phố/nhà ở,Không rõ,120,6,583333.3333333334
rent,RF + XGBoost Ensemble,37999999.99999996,39869063.723539636,1869063.7235396728,0.049185887461570384,mogi,Quận 10,Nhà phố,Nhà phố/nhà ở,Không rõ,80,4,475000
rent,RF + XGBoost Ensemble,90000000.00000004,94701458.26408187,4701458.264081821,0.05223842515646465,mogi,Quận 10,Nhà phố,Nhà phố/nhà ở,Không rõ,160,3,562500
rent,RF + XGBoost Ensemble,50000000.00000009,68221456.36462681,18221456.36462672,0.36442912729253374,mogi,Quận 1,Nhà phố,Nhà phố/nhà ở,Không rõ,64,0,781250
rent,RF + XGBoost Ensemble,200000000.0000001,158490339.16195554,41509660.838044554,0.2075483041902227,mogi,Quận 1,Nhà phố,Nhà phố/nhà ở,Không rõ,164,0,1219512.1951219512
rent,RF + XGBoost Ensemble,190000000.00000027,74733819.12439346,115266180.8756068,0.6066641098716139,mogi,Quận 3,Nhà phố,Nhà phố/nhà ở,Không rõ,126,0,1507936.507936508
rent,RF + XGBoost Ensemble,129999999.99999997,126555026.1530508,3444973.846949175,0.026499798822685966,mogi,Quận 1,Nhà phố,Nhà phố/nhà ở,Không rõ,86,0,1511627.9069767443
rent,RF + XGBoost Ensemble,26999999.999999993,18773809.35052494,8226190.649475053,0.3046737277583354,mogi,Quận 7,"Văn phòng, Mặt bằng kinh doanh",Tòa nhà/văn phòng/mặt bằng,Không rõ,60,1,450000
rent,RF + XGBoost Ensemble,199999000.00000006,94494355.89219157,105504644.10780849,0.5275258581683331,mogi,Quận Tân Bình,Nhà phố,Tòa nhà/văn phòng/mặt bằng,Không rõ,180,2,1111105.5555555555
rent,RF + XGBoost Ensemble,115000000.00000007,87639554.13310356,27360445.86689651,0.23791692058170863,mogi,Quận 1,Nhà phố,Nhà phố/nhà ở,Không rõ,76,0,1513157.894736842
rent,RF + XGBoost Ensemble,110000000.00000012,67116544.28804952,42883455.7119506,0.38984959738136865,mogi,Thành phố Thủ Đức,Nhà phố,Nhà phố/nhà ở,Không rõ,114,0,964912.2807017544
rent,RF + XGBoost Ensemble,69999999.99999967,78189378.49879652,8189378.49879685,0.11699112141138412,mogi,Quận 12,Phòng/Cho thuê,Phòng trọ,Không rõ,200,26,350000
rent,RF + XGBoost Ensemble,150000000.00000077,71662611.198460415,78337388.80154036,0.5222492586769331,mogi,Quận Phú Nhuận,Nhà phố,Nhà phố/nhà ở,Không rõ,131,15,1145038.1679389314
rent,RF + XGBoost Ensemble,12499999.999999985,21173622.679819133,8673622.679819148,0.6938898143855327,mogi,Quận 12,Nhà phố,Nhà phố/nhà ở,Không rõ,126,4,99206.3492063492
rent,RF + XGBoost Ensemble,85000000.00000004,28938922.928877085,56061077.07112296,0.6595420831896815,mogi,Thành phố Thủ Đức,Phòng/Cho thuê,Tòa nhà/văn phòng/mặt bằng,Không rõ,80,4,1062500
rent,RF + XGBoost Ensemble,99999999.99999991,51803378.363529965,48196621.636469945,0.4819662163646999,mogi,Thành phố Thủ Đức,"Văn phòng, Mặt bằng kinh doanh",Tòa nhà/văn phòng/mặt bằng,Không rõ,200,4,500000
rent,RF + XGBoost Ensemble,26999999.999999993,21045282.320951037,5954717.679048955,0.22054509922403545,mogi,Quận Bình Tân,Nhà phố,Nhà phố/nhà ở,Không rõ,100,4,270000
rent,RF + XGBoost Ensemble,12000000.000000007,17604157.10259748,5604157.102597471,0.46701309188312234,mogi,Quận Bình Tân,Nhà phố,Biệt thự/cao cấp,Không rõ,120,1,100000
rent,RF + XGBoost Ensemble,139999999.99999934,65717488.99539811,74282511.00460124,0.5305893643185827,mogi,Quận Phú Nhuận,Nhà phố,Tòa nhà/văn phòng/mặt bằng,Không rõ,115,4,1217391.3043478262
rent,RF + XGBoost Ensemble,39999999.999999985,111417740.9978141,71417740.99781412,1.7854435249453537,mogi,Quận 1,Nhà phố,Nhà phố/nhà ở,Không rõ,144,3,277777.77777777775
rent,RF + XGBoost Ensemble,99999999.99999991,122284374.8870928,22284374.88709289,0.2228437488709291,mogi,Quận 3,Nhà phố,Nhà phố/nhà ở,Không rõ,170,8,588235.2941176471
rent,RF + XGBoost Ensemble,629999999.9999994,472462000.67605007,157537999.32394934,0.2500603163872214,mogi,Quận 3,Nhà phố,Nhà phố/nhà ở,Không rõ,580,2,1086206.896551724
rent,RF + XGBoost Ensemble,449999999.9999995,340837855.4784607,109162144.5215388,0.24258254338119759,mogi,Quận 3,Nhà phố,Nhà phố/nhà ở,Không rõ,638,2,705329.1536050157
rent,RF + XGBoost Ensemble,219999999.99999964,181340064.96294814,38659935.0370515,0.17572697744114346,mogi,Thành phố Thủ Đức,Nhà phố,Nhà phố/nhà ở,Không rõ,525,1,419047.61904761905
rent,RF + XGBoost Ensemble,150000000.00000077,93415105.87873471,56584894.12126607,0.37723262747510516,mogi,Quận 5,Nhà phố,Tòa nhà/văn phòng/mặt bằng,Không rõ,136,5,1102941.1764705882
rent,RF + XGBoost Ensemble,150000000.00000077,102764030.86508605,47235969.134914726,0.31490646089942986,mogi,Quận 5,Nhà phố,Tòa nhà/văn phòng/mặt bằng,Không rõ,136,6,1102941.1764705882
rent,RF + XGBoost Ensemble,60000000.0000001,27731495.597575173,32268504.402424924,0.5378084067070812,mogi,Quận 7,Phòng/Cho thuê,Phòng trọ,Không rõ,90,3,666666.6666666666
rent,RF + XGBoost Ensemble,99999999.99999991,62571944.913450494,37428055.086549416,0.3742805508654945,mogi,Quận 5,Nhà phố,Nhà phố/nhà ở,Không rõ,88,3,1136363.6363636365
rent,RF + XGBoost Ensemble,400000000.0000001,122511514.54569605,277488485.4543041,0.69372121363576,mogi,Quận 10,Nhà phố,Nhà phố/nhà ở,Không rõ,210,7,1904761.9047619049
rent,RF + XGBoost Ensemble,350000000.00000036,177265565.94018063,172734434.05981973,0.4935269544566273,mogi,Quận 3,Nhà phố,Nhà phố/nhà ở,Không rõ,378,3,925925.925925926
rent,RF + XGBoost Ensemble,280000000,76533068.26509662,203466931.7349034,0.7266676133389407,mogi,Quận Bình Thạnh,Nhà phố,Tòa nhà/văn phòng/mặt bằng,Không rõ,160,5,1750000
rent,RF + XGBoost Ensemble,150000000.00000077,101655289.35243843,48344710.64756234,0.32229807098374724,mogi,Quận Tân Phú,Nhà phố,Nhà phố/nhà ở,Không rõ,408,1,367647.0588235294
rent,RF + XGBoost Ensemble,99999999.99999991,47419116.63443577,52580883.36556414,0.5258088336556418,mogi,Thành phố Thủ Đức,Nhà phố,Nhà phố/nhà ở,Không rõ,155,1,645161.2903225806
rent,RF + XGBoost Ensemble,249999999.99999985,102155712.57007109,147844287.42992878,0.5913771497197154,mogi,Quận 3,Nhà phố,Nhà phố/nhà ở,Không rõ,170,2,1470588.2352941176
rent,RF + XGBoost Ensemble,351000000.00000095,122917813.73301631,228082186.26698464,0.649806798481436,mogi,Quận 5,Nhà phố,Nhà phố/nhà ở,Không rõ,169,3,2076923.076923077
rent,RF + XGBoost Ensemble,276000000.0000014,331750107.9799667,55750107.97996533,0.20199314485494585,mogi,Quận 3,Nhà phố,Nhà phố/nhà ở,Không rõ,900,2,306666.6666666667
rent,RF + XGBoost Ensemble,179999999.9999997,131003518.43524508,48996481.56475462,0.27220267535974835,mogi,Quận 8,Nhà phố,Nhà phố/nhà ở,Không rõ,576,1,312500
rent,RF + XGBoost Ensemble,400000000.0000001,136282688.26385492,263717311.7361452,0.6592932793403627,mogi,Thành phố Thủ Đức,Nhà phố,Nhà phố/nhà ở,Không rõ,420,2,952380.9523809524
rent,RF + XGBoost Ensemble,79999999.9999996,85464772.7737199,5464772.773720309,0.06830965967150421,mogi,Quận 1,Nhà phố,Nhà phố/nhà ở,Không rõ,89,1,898876.404494382
rent,RF + XGBoost Ensemble,319999999.9999994,171855531.9540967,148144468.0459027,0.4629514626434468,mogi,Quận 1,Nhà phố,Nhà phố/nhà ở,Không rõ,200,3,1600000
rent,RF + XGBoost Ensemble,800000000.000001,189140182.8703214,610859817.1296796,0.7635747714120985,mogi,Quận 10,Nhà phố,Tòa nhà/văn phòng/mặt bằng,Không rõ,450,8,1777777.7777777778
rent,RF + XGBoost Ensemble,480000000.0000007,371815136.3457236,108184863.65427709,0.22538513261307694,mogi,Quận 1,Nhà phố,Nhà phố/nhà ở,Không rõ,300,3,1600000
rent,RF + XGBoost Ensemble,432000000.00000083,137297979.74845952,294702020.2515413,0.6821806024341222,mogi,Quận 10,Nhà phố,Nhà phố/nhà ở,Không rõ,375,3,1152000
rent,RF + XGBoost Ensemble,169999999.99999988,64163692.187631436,105836307.81236845,0.6225665165433443,mogi,Thành phố Thủ Đức,Nhà phố,Nhà phố/nhà ở,Không rõ,180,2,944444.4444444444
rent,RF + XGBoost Ensemble,289999999.99999994,180802393.57227492,109197606.42772502,0.3765434704404312,mogi,Quận Tân Bình,Nhà phố,Nhà phố/nhà ở,Không rõ,340,1,852941.1764705882
rent,RF + XGBoost Ensemble,169999999.99999988,75602779.2294159,94397220.77058399,0.5552777692387297,mogi,Quận 1,Nhà phố,Nhà phố/nhà ở,Không rõ,120,3,1416666.6666666667
rent,RF + XGBoost Ensemble,435000000.00000036,303506204.52259797,131493795.47740239,0.3022845873043731,mogi,Quận 1,Nhà phố,Nhà phố/nhà ở,Không rõ,300,2,1450000
rent,RF + XGBoost Ensemble,325000000.00000054,179390333.95589903,145609666.0441015,0.44802974167415777,mogi,Quận 5,Nhà phố,Nhà phố/nhà ở,Không rõ,265,1,1226415.0943396229
rent,RF + XGBoost Ensemble,99999999.99999991,61931954.935033694,38068045.06496622,0.3806804506496625,mogi,Quận Tân Bình,Nhà phố,Nhà phố/nhà ở,Không rõ,220,2,454545.4545454546
rent,RF + XGBoost Ensemble,400000000.0000001,127801182.6146104,272198817.3853897,0.6804970434634741,mogi,Quận 5,Nhà phố,Tòa nhà/văn phòng/mặt bằng,Không rõ,200,8,2000000
rent,RF + XGBoost Ensemble,50000000.00000009,30402375.60138789,19597624.3986122,0.3919524879722433,mogi,Quận 7,Nhà phố,Nhà phố/nhà ở,Không rõ,72,5,694444.4444444445
rent,RF + XGBoost Ensemble,6599999.999999998,15136371.866826387,8536371.866826389,1.2933896767918776,mogi,Thành phố Thủ Đức,Nhà phố,Nhà phố/nhà ở,Không rõ,65,2,101538.46153846152
rent,RF + XGBoost Ensemble,22000000.000000007,82661293.92605844,60661293.926058434,2.7573315420935645,mogi,Huyện Hóc Môn,Nhà phố,Nhà phố/nhà ở,Không rõ,298,2,73825.5033557047
rent,RF + XGBoost Ensemble,500000000.0000006,110817710.08516796,389182289.91483265,0.7783645798296643,mogi,Quận Phú Nhuận,Nhà phố,Tòa nhà/văn phòng/mặt bằng,Không rõ,468,4,1068376.0683760685
rent,RF + XGBoost Ensemble,33999999.99999994,19896140.15042706,14103859.849572882,0.4148194073403796,mogi,Thành phố Thủ Đức,Nhà phố,Nhà phố/nhà ở,Không rõ,110,2,309090.9090909091
rent,RF + XGBoost Ensemble,22999999.999999974,55941111.31981198,32941111.319812004,1.4322222312961757,mogi,Quận 7,Nhà phố,Nhà phố/nhà ở,Không rõ,150,4,153333.33333333334
rent,RF + XGBoost Ensemble,17999999.999999985,14601662.388042588,3398337.6119573973,0.18879653399763335,mogi,Thành phố Thủ Đức,Phòng/Cho thuê,Tòa nhà/văn phòng/mặt bằng,Không rõ,48,1,375000
rent,RF + XGBoost Ensemble,110000000.00000012,58193330.427730665,51806669.572269455,0.47096972338426724,mogi,Thành phố Thủ Đức,Nhà phố,Nhà phố/nhà ở,Không rõ,140,3,785714.2857142857
rent,RF + XGBoost Ensemble,22999999.999999974,24265998.871994037,1265998.8719940633,0.05504342921713325,mogi,Quận 10,Nhà phố,Nhà phố/nhà ở,Không rõ,42,3,547619.0476190476
rent,RF + XGBoost Ensemble,24999999.999999963,24846581.975472074,153418.02452788875,0.006136720981115559,mogi,Quận 11,Nhà phố,Nhà phố/nhà ở,Không rõ,60,4,416666.6666666667
rent,RF + XGBoost Ensemble,39000000.00000001,34833902.346720554,4166097.6532794535,0.1068230167507552,mogi,Quận 11,Nhà phố,Nhà phố/nhà ở,Không rõ,80,8,487500
rent,RF + XGBoost Ensemble,22000000.000000007,24218933.537174247,2218933.5371742398,0.10086061532610177,mogi,Quận 11,Nhà phố,Nhà phố/nhà ở,Không rõ,70,4,314285.71428571426
rent,RF + XGBoost Ensemble,35000000.000000015,30099338.072517104,4900661.92748291,0.1400189122137974,mogi,Quận 11,Nhà phố,Nhà phố/nhà ở,Không rõ,72,6,486111.1111111111
rent,RF + XGBoost Ensemble,15000000.00000001,20956872.90089797,5956872.900897959,0.3971248600598637,mogi,Quận 11,Nhà phố,Nhà phố/nhà ở,Không rõ,53,4,283018.8679245283
rent,RF + XGBoost Ensemble,24999999.999999963,20475022.96779711,4524977.032202851,0.18099908128811432,mogi,Quận 5,Nhà phố,Nhà phố/nhà ở,Không rõ,39,3,641025.641025641
rent,RF + XGBoost Ensemble,36999999.99999993,36416004.418189816,583995.5818101168,0.015783664373246426,mogi,Quận 7,Nhà phố,Nhà phố/nhà ở,Không rõ,111,4,333333.3333333333
rent,RF + XGBoost Ensemble,36999999.99999993,46112702.9155462,9112702.915546268,0.24628926798773743,mogi,Quận 7,Nhà phố,Nhà phố/nhà ở,Không rõ,111,7,333333.3333333333
rent,RF + XGBoost Ensemble,39999999.999999985,51406018.45427895,11406018.454278968,0.2851504613569743,mogi,Quận 7,Nhà phố,Nhà phố/nhà ở,Không rõ,144,4,277777.77777777775
rent,RF + XGBoost Ensemble,37999999.99999996,44625870.13431176,6625870.134311795,0.17436500353452108,mogi,Quận 7,Nhà phố,Nhà phố/nhà ở,Không rõ,111,6,342342.34234234237
rent,RF + XGBoost Ensemble,44999999.999999985,45539118.04725187,539118.0472518876,0.011980401050041951,mogi,Quận 7,Nhà phố,Nhà phố/nhà ở,Không rõ,111,5,405405.4054054054
rent,RF + XGBoost Ensemble,60000000.0000001,52859582.21920199,7140417.780798107,0.1190069630133016,mogi,Quận 7,Nhà phố,Nhà phố/nhà ở,Không rõ,127,5,472440.94488188974
rent,RF + XGBoost Ensemble,31999999.999999955,37509587.311175756,5509587.311175801,0.17217460347424401,mogi,Quận 7,Nhà phố,Nhà phố/nhà ở,Không rõ,111,4,288288.2882882883
rent,RF + XGBoost Ensemble,39000000.00000001,46666947.81490825,7666947.814908244,0.19658840551046775,mogi,Quận Bình Tân,Phòng/Cho thuê,Phòng trọ,Không rõ,140,10,278571.4285714286
rent,RF + XGBoost Ensemble,94999999.99999987,156406073.85441998,61406073.85442011,0.6463797247833705,mogi,Quận Gò Vấp,Nhà phố,Nhà phố/nhà ở,Không rõ,700,1,135714.2857142857
rent,RF + XGBoost Ensemble,24000000,41312983.7371123,17312983.7371123,0.7213743223796791,mogi,Quận 6,"Văn phòng, Mặt bằng kinh doanh",Tòa nhà/văn phòng/mặt bằng,Không rõ,180,1,133333.33333333334
rent,RF + XGBoost Ensemble,12000000.000000007,13928760.686543794,1928760.686543787,0.16073005721198214,mogi,Quận 12,Biệt thự,Biệt thự/cao cấp,Không rõ,90,2,133333.33333333334
rent,RF + XGBoost Ensemble,48000000.00000006,123378973.41625011,75378973.41625005,1.5703952795052074,mogi,Thành phố Thủ Đức,Nhà phố,Nhà phố/nhà ở,Không rõ,500,1,96000
rent,RF + XGBoost Ensemble,31999999.999999955,41100026.75650439,9100026.756504431,0.2843758361407639,mogi,Thành phố Thủ Đức,Nhà phố,Nhà phố/nhà ở,Không rõ,100,5,320000
rent,RF + XGBoost Ensemble,115000000.00000007,47113489.69329879,67886510.30670129,0.5903174809278369,mogi,Quận Bình Tân,Biệt thự,Biệt thự/cao cấp,Không rõ,200,6,575000
rent,RF + XGBoost Ensemble,178999999.99999997,77636693.29258578,101363306.7074142,0.5662754564660012,mogi,Quận Tân Bình,Nhà phố,Nhà phố/nhà ở,Không rõ,205,2,873170.731707317
rent,RF + XGBoost Ensemble,179999999.9999997,186387599.1091226,6387599.109122902,0.035486661717349516,mogi,Thành phố Thủ Đức,Nhà phố,Nhà phố/nhà ở,Không rõ,580,1,310344.8275862069
rent,RF + XGBoost Ensemble,22000000.000000007,35359968.92073671,13359968.9207367,0.6072713145789407,mogi,Quận Tân Phú,Nhà phố,Nhà phố/nhà ở,Không rõ,145,1,151724.1379310345
rent,RF + XGBoost Ensemble,15499999.999999987,21276961.19125151,5776961.191251522,0.37270717362913075,mogi,Quận Bình Tân,Nhà phố,Nhà phố/nhà ở,Không rõ,132,3,117424.24242424245
rent,RF + XGBoost Ensemble,13499999.999999993,9223660.479622478,4276339.520377515,0.31676589039833464,mogi,Quận 8,Nhà phố,Nhà phố/nhà ở,Không rõ,80,3,168750
rent,RF + XGBoost Ensemble,35000000.000000015,39895637.57523825,4895637.575238235,0.13987535929252096,mogi,Quận Tân Bình,Nhà phố,Nhà phố/nhà ở,Không rõ,150,1,233333.33333333337
rent,RF + XGBoost Ensemble,119999999.9999999,89554688.39522628,30445311.60477361,0.2537109300397803,mogi,Quận Tân Phú,Nhà phố,Tòa nhà/văn phòng/mặt bằng,Không rõ,140,8,857142.8571428572
rent,RF + XGBoost Ensemble,12000000.000000007,11903472.323180059,96527.67681994848,0.008043973068329035,mogi,Quận 1,Nhà phố,Nhà phố/nhà ở,Không rõ,30,2,400000
rent,RF + XGBoost Ensemble,3799999.9999999995,3894405.5176333175,94405.51763331797,0.024843557271925786,mogi,Thành phố Thủ Đức,Phòng/Cho thuê,Phòng trọ,Không rõ,35,1,108571.42857142857
rent,RF + XGBoost Ensemble,55000000.000000075,34052811.315784246,20947188.68421583,0.3808579760766509,mogi,Quận Bình Thạnh,Nhà phố,Nhà phố/nhà ở,Không rõ,60,6,916666.6666666666
rent,RF + XGBoost Ensemble,65000000.00000007,84590711.01594734,19590711.015947275,0.3013955540914962,mogi,Quận 7,Nhà phố,Nhà phố/nhà ở,Không rõ,400,6,162500
rent,RF + XGBoost Ensemble,600000000.0000008,361889210.52353007,238110789.47647077,0.3968513157941174,mogi,Quận 3,Nhà phố,Nhà phố/nhà ở,Không rõ,1000,4,600000
rent,RF + XGBoost Ensemble,17999999.999999985,29836884.84687641,11836884.846876424,0.6576047137153574,mogi,Quận Tân Bình,Nhà phố,Nhà phố/nhà ở,Không rõ,69,6,260869.5652173913
rent,RF + XGBoost Ensemble,46000000.00000004,52801020.672092795,6801020.672092758,0.14784827548027724,mogi,Quận 7,Nhà phố,Nhà phố/nhà ở,Không rõ,111,5,414414.4144144144
rent,RF + XGBoost Ensemble,60000000.0000001,48458905.98727027,11541094.012729824,0.1923515668788301,mogi,Quận 7,Nhà phố,Nhà phố/nhà ở,Không rõ,111,5,540540.5405405406
rent,RF + XGBoost Ensemble,69999999.99999967,56805066.214108706,13194933.785890967,0.18849905408415754,mogi,Quận 7,Phòng/Cho thuê,Phòng trọ,Không rõ,111,5,630630.6306306307
rent,RF + XGBoost Ensemble,200000000.0000001,125429304.23123491,74570695.76876518,0.37285347884382575,mogi,Quận 7,Phòng/Cho thuê,Phòng trọ,Không rõ,222,38,900900.900900901
rent,RF + XGBoost Ensemble,82000000.00000001,75143842.6600028,6856157.339997217,0.08361167487801482,mogi,Quận 7,Phòng/Cho thuê,Phòng trọ,Không rõ,111,12,738738.7387387387
rent,RF + XGBoost Ensemble,60000000.0000001,76793561.77809776,16793561.778097667,0.27989269630162733,mogi,Quận 7,Phòng/Cho thuê,Phòng trọ,Không rõ,111,10,540540.5405405406
rent,RF + XGBoost Ensemble,39999999.999999985,19495351.747120723,20504648.252879262,0.5126162063219818,mogi,Quận Gò Vấp,Nhà phố,Nhà phố/nhà ở,Không rõ,80,4,500000
rent,RF + XGBoost Ensemble,72000000.00000012,151659749.78503674,79659749.78503662,1.1063854136810625,mogi,Thành phố Thủ Đức,"Văn phòng, Mặt bằng kinh doanh",Tòa nhà/văn phòng/mặt bằng,Không rõ,900,1,80000
rent,RF + XGBoost Ensemble,39999999.999999985,47719291.03694885,7719291.036948867,0.19298227592372175,mogi,Quận Phú Nhuận,Nhà phố,Nhà phố/nhà ở,Không rõ,130,5,307692.3076923077
rent,RF + XGBoost Ensemble,39999999.999999985,53364720.11865243,13364720.118652448,0.33411800296631133,mogi,Quận 10,Nhà phố,Nhà phố/nhà ở,Không rõ,147,4,272108.84353741497
rent,RF + XGBoost Ensemble,50000000.00000009,43625222.2861084,6374777.713891692,0.12749555427783363,mogi,Quận 1,Nhà phố,Nhà phố/nhà ở,Không rõ,100,4,500000
rent,RF + XGBoost Ensemble,39999999.999999985,37662802.94233465,2337197.057665333,0.05842992644163335,mogi,Quận 3,Nhà phố,Nhà phố/nhà ở,Không rõ,90,4,444444.4444444445
rent,RF + XGBoost Ensemble,39999999.999999985,41858099.24144131,1858099.2414413244,0.046452481036033125,mogi,Quận 1,Nhà phố,Nhà phố/nhà ở,Không rõ,72,5,555555.5555555555
rent,RF + XGBoost Ensemble,30000000.00000005,29260262.68632892,739737.313671127,0.02465791045570419,mogi,Quận 3,Nhà phố,Nhà phố/nhà ở,Không rõ,68,3,441176.4705882353
rent,RF + XGBoost Ensemble,38500000.00000002,51932104.505991876,13432104.505991854,0.34888583132446355,mogi,Quận 1,Nhà phố,Nhà phố/nhà ở,Không rõ,100,2,385000
rent,RF + XGBoost Ensemble,37999999.99999996,40724577.142768115,2724577.142768152,0.07169939849389881,mogi,Quận 3,Nhà phố,Nhà phố/nhà ở,Không rõ,90,6,422222.22222222225
rent,RF + XGBoost Ensemble,44999999.999999985,48105131.6249262,3105131.624926217,0.0690029249983604,mogi,Quận Phú Nhuận,Nhà phố,Nhà phố/nhà ở,Không rõ,107,4,420560.7476635514
rent,RF + XGBoost Ensemble,39999999.999999985,26823421.802847177,13176578.197152808,0.3294144549288203,mogi,Quận 10,Nhà phố,Nhà phố/nhà ở,Không rõ,80,4,500000
rent,RF + XGBoost Ensemble,39999999.999999985,69542948.40579477,29542948.405794784,0.7385737101448698,mogi,Quận Tân Bình,Nhà phố,Nhà phố/nhà ở,Không rõ,160,7,250000
rent,RF + XGBoost Ensemble,50000000.00000009,40109531.68570597,9890468.314294122,0.19780936628588208,mogi,Quận Bình Thạnh,Nhà phố,Nhà phố/nhà ở,Không rõ,120,5,416666.6666666667
rent,RF + XGBoost Ensemble,44999999.999999985,54969631.70186795,9969631.701867968,0.22154737115262157,mogi,Quận Bình Thạnh,Nhà phố,Nhà phố/nhà ở,Không rõ,154,5,292207.7922077922
rent,RF + XGBoost Ensemble,44999999.999999985,36378133.78917518,8621866.210824803,0.1915970269072179,mogi,Quận 10,Nhà phố,Nhà phố/nhà ở,Không rõ,108,4,416666.6666666667
rent,RF + XGBoost Ensemble,37999999.99999996,39714155.80902355,1714155.809023589,0.04510936339535765,mogi,Quận 10,Nhà phố,Nhà phố/nhà ở,Không rõ,126,6,301587.3015873016
rent,RF + XGBoost Ensemble,35000000.000000015,29317909.062854063,5682090.937145952,0.16234545534702713,mogi,Quận 10,Nhà phố,Nhà phố/nhà ở,Không rõ,100,5,350000
rent,RF + XGBoost Ensemble,50000000.00000009,46469350.82073848,3530649.17926161,0.07061298358523208,mogi,Quận Tân Bình,Nhà phố,Nhà phố/nhà ở,Không rõ,150,6,333333.3333333333
rent,RF + XGBoost Ensemble,35000000.000000015,32399602.55370513,2600397.446294885,0.07429706989413955,mogi,Quận 10,Nhà phố,Nhà phố/nhà ở,Không rõ,94,4,372340.42553191487
rent,RF + XGBoost Ensemble,39999999.999999985,47650741.17599955,7650741.175999567,0.19126852939998926,mogi,Quận 1,Nhà phố,Nhà phố/nhà ở,Không rõ,90,4,444444.4444444445
rent,RF + XGBoost Ensemble,35000000.000000015,45346630.127974115,10346630.1279741,0.29561800365640273,mogi,Quận 10,Biệt thự,Biệt thự/cao cấp,Không rõ,158,5,221518.98734177215
rent,RF + XGBoost Ensemble,17999999.999999985,26618058.278454617,8618058.278454632,0.47878101546970214,mogi,Quận Phú Nhuận,Nhà phố,Nhà phố/nhà ở,Không rõ,80,4,225000
rent,RF + XGBoost Ensemble,39999999.999999985,46956746.55489005,6956746.554890066,0.17391866387225172,mogi,Quận Phú Nhuận,Nhà phố,Nhà phố/nhà ở,Không rõ,125,6,320000
rent,RF + XGBoost Ensemble,69999999.99999967,90859520.92167331,20859520.92167364,0.2979931560239105,mogi,Quận 5,Nhà phố,Nhà phố/nhà ở,Không rõ,200,0,350000
rent,RF + XGBoost Ensemble,9999999.999999996,12523837.91326884,2523837.9132688437,0.2523837913268845,mogi,Quận 12,Nhà phố,Nhà phố/nhà ở,Không rõ,72,4,138888.88888888888
rent,RF + XGBoost Ensemble,12000000.000000007,11978889.65784686,21110.342153146863,0.001759195179428904,mogi,Quận 12,Nhà phố,Nhà phố/nhà ở,Không rõ,100,4,120000
rent,RF + XGBoost Ensemble,110000000.00000012,254690272.1167173,144690272.1167172,1.3153661101519731,mogi,Quận 10,Nhà phố,Nhà phố/nhà ở,Không rõ,1000,0,110000
rent,RF + XGBoost Ensemble,200000000.0000001,237204430.51758936,37204430.51758927,0.18602215258794627,mogi,Quận 1,Nhà phố,Nhà phố/nhà ở,Không rõ,180,0,1111111.111111111
rent,RF + XGBoost Ensemble,110000000.00000012,102707286.12765257,7292713.872347549,0.0662973988395231,mogi,Quận Tân Bình,Nhà phố,Nhà phố/nhà ở,Không rõ,250,0,440000
rent,RF + XGBoost Ensemble,75000000.0000003,132417206.06680669,57417206.06680639,0.7655627475574155,mogi,Quận 1,Nhà phố,Nhà phố/nhà ở,Không rõ,200,0,375000
rent,RF + XGBoost Ensemble,119999999.9999999,96981824.96647877,23018175.03352113,0.19181812527934292,mogi,Quận Bình Thạnh,Biệt thự,Biệt thự/cao cấp,Không rõ,500,0,240000
rent,RF + XGBoost Ensemble,85000000.00000004,51105815.89901823,33894184.10098182,0.3987551070703741,mogi,Quận Tân Phú,Nhà phố,Tòa nhà/văn phòng/mặt bằng,Không rõ,145,0,586206.8965517242
rent,RF + XGBoost Ensemble,179999999.9999997,89089411.49104941,90910588.5089503,0.5050588250497247,mogi,Quận 1,"Văn phòng, Mặt bằng kinh doanh",Tòa nhà/văn phòng/mặt bằng,Không rõ,100,0,1800000
rent,RF + XGBoost Ensemble,36999999.99999993,39824998.65731232,2824998.6573123857,0.07635131506249705,mogi,Quận 3,Nhà phố,Biệt thự/cao cấp,Không rõ,110,4,336363.63636363635
rent,RF + XGBoost Ensemble,50000000.00000009,38403920.58680656,11596079.413193531,0.23192158826387022,mogi,Quận 3,Nhà phố,Nhà phố/nhà ở,Không rõ,100,3,500000
rent,RF + XGBoost Ensemble,35000000.000000015,37700736.67956251,2700736.679562494,0.07716390513035694,mogi,Quận Tân Bình,Nhà phố,Nhà phố/nhà ở,Không rõ,125,4,280000
rent,RF + XGBoost Ensemble,44999999.999999985,47025325.08376869,2025325.083768703,0.04500722408374897,mogi,Quận Tân Bình,Phòng/Cho thuê,Tòa nhà/văn phòng/mặt bằng,Không rõ,120,6,375000
rent,RF + XGBoost Ensemble,28999999.999999948,24714049.4925331,4285950.507466849,0.14779139680920195,mogi,Quận Phú Nhuận,Nhà phố,Nhà phố/nhà ở,Không rõ,80,4,362500
rent,RF + XGBoost Ensemble,35000000.000000015,30056833.407255568,4943166.592744447,0.14123333122126985,mogi,Quận Phú Nhuận,Nhà phố,Nhà phố/nhà ở,Không rõ,100,5,350000
rent,RF + XGBoost Ensemble,55000000.000000075,38409959.509497106,16590040.490502968,0.3016370998273263,mogi,Quận 3,Nhà phố,Nhà phố/nhà ở,Không rõ,90,5,611111.1111111111
rent,RF + XGBoost Ensemble,39999999.999999985,73228206.06233418,33228206.062334195,0.8307051515583552,mogi,Quận 10,Nhà phố,Nhà phố/nhà ở,Không rõ,180,4,222222.22222222225
rent,RF + XGBoost Ensemble,30000000.00000005,16215546.0038381,13784453.996161949,0.4594817998720642,mogi,Quận Tân Bình,Nhà phố,Nhà phố/nhà ở,Không rõ,32,5,937500
rent,RF + XGBoost Ensemble,15000000.00000001,17249507.16487291,2249507.1648729015,0.14996714432486,mogi,Huyện Bình Chánh,Nhà phố,Nhà phố/nhà ở,Không rõ,100,4,150000
rent,RF + XGBoost Ensemble,389999999.9999996,177116290.52955824,212883709.47044134,0.5458556653088246,mogi,Quận 10,Nhà phố,Tòa nhà/văn phòng/mặt bằng,Không rõ,180,10,2166666.6666666665
rent,RF + XGBoost Ensemble,65000000.00000007,64420044.61418539,579955.3858146742,0.008922390550994978,mogi,Quận 1,Nhà phố,Tòa nhà/văn phòng/mặt bằng,Không rõ,110,6,590909.0909090909
rent,RF + XGBoost Ensemble,94999999.99999987,86472309.61684631,8527690.383153558,0.08976516192793231,mogi,Quận Bình Thạnh,Đất nền,Tòa nhà/văn phòng/mặt bằng,Không rõ,390,2,243589.7435897436
rent,RF + XGBoost Ensemble,87999999.99999991,124074831.23184983,36074831.231849924,0.409941263998295,mogi,Quận Gò Vấp,Nhà phố,Tòa nhà/văn phòng/mặt bằng,Không rõ,315,2,279365.07936507935
rent,RF + XGBoost Ensemble,179999999.9999997,127767774.03142712,52232225.96857259,0.29017903315873705,mogi,Quận 10,Nhà phố,Tòa nhà/văn phòng/mặt bằng,Không rõ,171,8,1052631.5789473683
rent,RF + XGBoost Ensemble,105000000.00000018,78707813.43308637,26292186.566913813,0.25040177682775017,mogi,Quận 1,Nhà phố,Tòa nhà/văn phòng/mặt bằng,Không rõ,112,8,937500
rent,RF + XGBoost Ensemble,75000000.0000003,79580850.50255983,4580850.502559528,0.06107800670079346,mogi,Quận Phú Nhuận,Phòng/Cho thuê,Tòa nhà/văn phòng/mặt bằng,Không rõ,150,8,500000
rent,RF + XGBoost Ensemble,310000000.0000002,203659307.32988194,106340692.67011824,0.3430344924842522,mogi,Quận Bình Thạnh,Nhà phố,Tòa nhà/văn phòng/mặt bằng,Không rõ,300,10,1033333.3333333334
rent,RF + XGBoost Ensemble,69999999.99999967,112499276.92397763,42499276.923977956,0.6071325274854023,mogi,Quận 3,"Văn phòng, Mặt bằng kinh doanh",Tòa nhà/văn phòng/mặt bằng,Không rõ,250,22,280000
rent,RF + XGBoost Ensemble,55000000.000000075,100136835.62657285,45136835.62657277,0.8206697386649584,mogi,Quận 1,"Văn phòng, Mặt bằng kinh doanh",Tòa nhà/văn phòng/mặt bằng,Không rõ,160,1,343750
rent,RF + XGBoost Ensemble,50000000.00000009,337354584.61478156,287354584.6147815,5.74709169229562,mogi,Quận 1,Nhà phố,Nhà phố/nhà ở,Không rõ,320,1,156250
rent,RF + XGBoost Ensemble,12000000.000000007,12468078.290014911,468078.290014904,0.03900652416790864,mogi,Quận 12,Nhà phố,Nhà phố/nhà ở,Không rõ,60,5,200000
rent,RF + XGBoost Ensemble,500000000.0000006,237880579.5492454,262119420.4507552,0.5242388409015097,mogi,Quận Phú Nhuận,Nhà phố,Nhà phố/nhà ở,Không rõ,840,0,595238.0952380953
rent,RF + XGBoost Ensemble,15000000.00000001,8462683.88901653,6537316.11098348,0.43582107406556503,mogi,Quận 4,Nhà phố,Nhà phố/nhà ở,Không rõ,29,4,517241.3793103448
rent,RF + XGBoost Ensemble,15000000.00000001,8548674.3188079391,6451325.68119207,0.43008837874613776,mogi,Quận 4,Nhà phố,Nhà phố/nhà ở,Không rõ,29,4,517241.3793103448
rent,RF + XGBoost Ensemble,600000000.0000008,230170003.2251254,369829996.7748754,0.6163833279581248,mogi,Quận 1,Nhà phố,Tòa nhà/văn phòng/mặt bằng,Không rõ,300,0,2000000
rent,RF + XGBoost Ensemble,42000000.00000003,36213493.262853615,5786506.737146415,0.1377739699320574,mogi,Quận 10,Nhà phố,Nhà phố/nhà ở,Không rõ,90,4,466666.6666666667
rent,RF + XGBoost Ensemble,99999999.99999991,139526790.95828748,39526790.95828757,0.395267909582876,mogi,Quận Gò Vấp,Nhà phố,Nhà phố/nhà ở,Không rõ,315,0,317460.31746031746
rent,RF + XGBoost Ensemble,179999999.9999997,53546186.48175883,126453813.51824087,0.7025211862124504,mogi,Quận 1,Nhà phố,Nhà phố/nhà ở,Không rõ,100,0,1800000
rent,RF + XGBoost Ensemble,75000000.0000003,160296323.33335626,85296323.33335596,1.1372843111114084,mogi,Quận Bình Thạnh,Nhà phố,Nhà phố/nhà ở,Không rõ,280,0,267857.14285714284
rent,RF + XGBoost Ensemble,350000000.00000036,116730103.27542543,233269896.72457492,0.6664854192130705,mogi,Quận 3,"Văn phòng, Mặt bằng kinh doanh",Tòa nhà/văn phòng/mặt bằng,Không rõ,360,0,972222.2222222222
rent,RF + XGBoost Ensemble,270000000.0000003,105111800.71122642,164888199.2887739,0.6106970344028656,mogi,Quận 3,"Văn phòng, Mặt bằng kinh doanh",Tòa nhà/văn phòng/mặt bằng,Không rõ,400,0,675000
rent,RF + XGBoost Ensemble,350000000.00000036,260941159.58643815,89058840.41356221,0.2544538297530346,mogi,Quận Phú Nhuận,Nhà phố,Nhà phố/nhà ở,Không rõ,572,0,611888.1118881119
rent,RF + XGBoost Ensemble,119999999.9999999,183620834.9810849,63620834.98108502,0.5301736248423756,mogi,Quận 3,Nhà phố,Nhà phố/nhà ở,Không rõ,476,0,252100.84033613445
rent,RF + XGBoost Ensemble,99999999.99999991,49264796.80326469,50735203.19673522,0.5073520319673527,mogi,Quận 7,Nhà phố,Nhà phố/nhà ở,Không rõ,91,0,1098901.0989010988
rent,RF + XGBoost Ensemble,229999999.99999994,121014998.0652671,108985001.93473284,0.47384783449883855,mogi,Quận 3,Nhà phố,Nhà phố/nhà ở,Không rõ,120,0,1916666.6666666667
rent,RF + XGBoost Ensemble,299999999.9999999,89966995.59322776,210033004.40677214,0.7001100146892407,mogi,Quận 10,Nhà phố,Nhà phố/nhà ở,Không rõ,195,0,1538461.5384615385
rent,RF + XGBoost Ensemble,99999999.99999991,85555305.37048632,14444694.629513592,0.14444694629513605,mogi,Quận Tân Bình,Nhà phố,Nhà phố/nhà ở,Không rõ,216,0,462962.962962963
rent,RF + XGBoost Ensemble,99999999.99999991,55468199.81608877,44531800.18391114,0.44531800183911174,mogi,Quận 5,Nhà phố,Nhà phố/nhà ở,Không rõ,100,7,1000000
rent,RF + XGBoost Ensemble,270000000.0000003,87835423.4911789,182164576.5088214,0.6746836166993377,mogi,Quận 3,Nhà phố,Nhà phố/nhà ở,Không rõ,132,0,2045454.5454545456
rent,RF + XGBoost Ensemble,200000000.0000001,109794071.21380457,90205928.78619552,0.4510296439309774,mogi,Quận Bình Thạnh,Nhà phố,Nhà phố/nhà ở,Không rõ,252,0,793650.7936507936
rent,RF + XGBoost Ensemble,90000000.00000004,132246677.0998843,42246677.09988426,0.46940752333204705,mogi,Quận Gò Vấp,Nhà phố,Nhà phố/nhà ở,Không rõ,182,0,494505.4945054945
rent,RF + XGBoost Ensemble,133999999.99999978,172997638.9964006,38997638.99640082,0.2910271566895588,mogi,Quận 1,Nhà phố,Nhà phố/nhà ở,Không rõ,180,0,744444.4444444445
rent,RF + XGBoost Ensemble,299999999.9999999,120181785.47097524,179818214.52902466,0.5993940484300825,mogi,Quận Tân Bình,Nhà phố,Tòa nhà/văn phòng/mặt bằng,Không rõ,204,0,1470588.2352941176
rent,RF + XGBoost Ensemble,50000000.00000009,36098006.15302919,13901993.8469709,0.2780398769394175,mogi,Quận 10,Nhà phố,Biệt thự/cao cấp,Không rõ,120,4,416666.6666666667
rent,RF + XGBoost Ensemble,85000000.00000004,75356193.12521285,9643806.874787197,0.1134565514680846,mogi,Quận 1,Nhà phố,Nhà phố/nhà ở,Không rõ,128,5,664062.5
rent,RF + XGBoost Ensemble,44999999.999999985,79058398.16700488,34058398.1670049,0.7568532926001091,mogi,Quận Tân Bình,Nhà phố,Tòa nhà/văn phòng/mặt bằng,Không rõ,200,6,225000
rent,RF + XGBoost Ensemble,16000000.000000026,17951360.706052527,1951360.7060525008,0.1219600441282811,mogi,Quận Bình Tân,Phòng/Cho thuê,Phòng trọ,Không rõ,60,4,266666.6666666667
rent,RF + XGBoost Ensemble,15000000.00000001,17173180.77430071,2173180.7743007,0.14487871828671325,mogi,Quận Bình Tân,Nhà phố,Nhà phố/nhà ở,Không rõ,64,5,234375
rent,RF + XGBoost Ensemble,20000000.000000015,18362167.229046304,1637832.7709537111,0.0818916385476855,mogi,Quận Bình Tân,Nhà phố,Nhà phố/nhà ở,Không rõ,60,5,333333.3333333333
rent,RF + XGBoost Ensemble,30000000.00000005,19596017.186646692,10403982.813353356,0.34679942711177797,mogi,Quận Bình Tân,Nhà phố,Nhà phố/nhà ở,Không rõ,68,5,441176.4705882353
rent,RF + XGBoost Ensemble,14000000.00000001,17583551.567304563,3583551.5673045535,0.2559679690931822,mogi,Quận Bình Tân,Phòng/Cho thuê,Phòng trọ,Không rõ,56,4,250000
rent,RF + XGBoost Ensemble,22000000.000000007,21184956.75238634,815043.2476136684,0.037047420346075825,mogi,Quận Bình Tân,Nhà phố,Nhà phố/nhà ở,Không rõ,80,6,275000
rent,RF + XGBoost Ensemble,24000000,24008713.89189281,8713.89189280942,3.630788288670592e-4,mogi,Quận Tân Phú,Nhà phố,Nhà phố/nhà ở,Không rõ,95,6,252631.57894736843
rent,RF + XGBoost Ensemble,13000000.000000013,18036131.40955489,5036131.409554878,0.3873947238119133,mogi,Quận Bình Tân,Nhà phố,Nhà phố/nhà ở,Không rõ,56,4,232142.85714285713
rent,RF + XGBoost Ensemble,13499999.999999993,12137550.399368929,1362449.6006310638,0.10092219263933812,mogi,Quận 6,Nhà phố,Nhà phố/nhà ở,Không rõ,51,3,264705.8823529412
rent,RF + XGBoost Ensemble,8000000.000000002,6852372.172917563,1147627.8270824393,0.1434534783853049,mogi,Quận 6,Nhà phố,Nhà phố/nhà ở,Không rõ,25,2,320000
rent,RF + XGBoost Ensemble,12000000.000000007,13757648.091617307,1757648.0916172992,0.1464706743014415,mogi,Quận Bình Tân,Nhà phố,Nhà phố/nhà ở,Không rõ,56,4,214285.7142857143
rent,RF + XGBoost Ensemble,30000000.00000005,27368079.40035216,2631920.599647887,0.08773068665492943,mogi,Quận 3,Nhà phố,Nhà phố/nhà ở,Không rõ,100,2,300000
rent,RF + XGBoost Ensemble,8999999.999999996,8687943.761836095,312056.2381639015,0.034672915351544625,mogi,Quận 6,Nhà phố,Nhà phố/nhà ở,Không rõ,40,2,225000
rent,RF + XGBoost Ensemble,4999999.999999999,7091571.961491788,2091571.9614917887,0.4183143922983578,mogi,Quận 11,Nhà phố,Nhà phố/nhà ở,Không rõ,15,2,333333.3333333333
rent,RF + XGBoost Ensemble,20000000.000000015,21706103.280628376,1706103.2806283608,0.08530516403141798,mogi,Quận Bình Tân,Nhà phố,Nhà phố/nhà ở,Không rõ,68,7,294117.64705882355
rent,RF + XGBoost Ensemble,13499999.999999993,16681623.31087463,3181623.310874637,0.2356758008055288,mogi,Quận Bình Tân,Phòng/Cho thuê,Phòng trọ,Không rõ,60,5,225000
rent,RF + XGBoost Ensemble,12000000.000000007,8210591.700793335,3789408.2992066722,0.3157840249338892,mogi,Quận Bình Tân,Phòng/Cho thuê,Phòng trọ,Không rõ,32,2,375000
rent,RF + XGBoost Ensemble,15000000.00000001,14055085.221611869,944914.7783881407,0.06299431855920934,mogi,Quận 6,Nhà phố,Nhà phố/nhà ở,Không rõ,49,4,306122.44897959183
rent,RF + XGBoost Ensemble,30000000.00000005,33450902.911869865,3450902.9118698165,0.11503009706232703,mogi,Quận 3,Nhà phố,Nhà phố/nhà ở,Không rõ,100,5,300000
rent,RF + XGBoost Ensemble,33000000.000000015,36832255.933075085,3832255.9330750704,0.11612896766894147,mogi,Quận Bình Thạnh,Biệt thự,Biệt thự/cao cấp,Không rõ,128,5,257812.5
rent,RF + XGBoost Ensemble,16999999.999999974,24052654.015798923,7052654.015798949,0.41486200092935055,mogi,Quận Bình Thạnh,Nhà phố,Nhà phố/nhà ở,Không rõ,80,5,212500
rent,RF + XGBoost Ensemble,16000000.000000026,11253635.32979631,4746364.670203716,0.2966477918877317,mogi,Quận Bình Tân,Nhà phố,Nhà phố/nhà ở,Không rõ,81,3,197530.86419753087
rent,RF + XGBoost Ensemble,39000000.00000001,52793775.35146637,13793775.351466365,0.3536865474734965,mogi,Quận Tân Bình,Nhà phố,Nhà phố/nhà ở,Không rõ,192,5,203125
rent,RF + XGBoost Ensemble,9999999.999999996,16670042.066320932,6670042.066320935,0.6670042066320938,mogi,Quận Bình Tân,Nhà phố,Nhà phố/nhà ở,Không rõ,100,3,100000
rent,RF + XGBoost Ensemble,11000000.000000013,8910522.848086005,2089477.151914008,0.1899524683558187,mogi,Quận 6,Nhà phố,Nhà phố/nhà ở,Không rõ,40,2,275000
rent,RF + XGBoost Ensemble,8000000.000000002,11144326.846734466,3144326.846734464,0.3930408558418079,mogi,Quận Bình Thạnh,Nhà phố,Nhà phố/nhà ở,Không rõ,22,1,363636.3636363637
rent,RF + XGBoost Ensemble,26999999.999999993,19010183.02436522,7989816.975634772,0.2959191472457324,mogi,Quận 10,Nhà phố,Nhà phố/nhà ở,Không rõ,48,3,562500
rent,RF + XGBoost Ensemble,35000000.000000015,33961728.95084093,1038271.0491590872,0.02966488711883105,mogi,Quận 11,Nhà phố,Nhà phố/nhà ở,Không rõ,102,4,343137.2549019608
rent,RF + XGBoost Ensemble,6999999.999999995,7355593.618545661,355593.6185456654,0.05079908836366652,mogi,Quận 4,Nhà phố,Nhà phố/nhà ở,Không rõ,29,3,241379.3103448276
rent,RF + XGBoost Ensemble,20000000.000000015,13458999.236770308,6541000.763229707,0.32705003816148515,mogi,Quận Bình Thạnh,Nhà phố,Nhà phố/nhà ở,Không rõ,49,2,408163.2653061224
rent,RF + XGBoost Ensemble,37999999.99999996,26218850.506755833,11781149.49324413,0.3100302498222143,mogi,Quận 1,Nhà phố,Nhà phố/nhà ở,Không rõ,60,4,633333.3333333334
rent,RF + XGBoost Ensemble,13000000.000000013,12183561.57796291,816438.4220371023,0.0628029555413155,mogi,Quận Bình Thạnh,Nhà phố,Nhà phố/nhà ở,Không rõ,38,1,342105.2631578947
rent,RF + XGBoost Ensemble,16999999.999999974,7907287.063853907,9092712.936146066,0.5348654668321223,mogi,Quận Gò Vấp,Nhà phố,Nhà phố/nhà ở,Không rõ,24,4,708333.3333333334
rent,RF + XGBoost Ensemble,24999999.999999963,32801583.51694827,7801583.516948309,0.31206334067793284,mogi,Quận 10,Nhà phố,Nhà phố/nhà ở,Không rõ,88,3,284090.9090909091
rent,RF + XGBoost Ensemble,47499999.99999994,57976443.006893754,10476443.006893814,0.2205566948819753,mogi,Quận 1,Nhà phố,Nhà phố/nhà ở,Không rõ,80,4,593750
rent,RF + XGBoost Ensemble,8999999.999999996,21437057.889577076,12437057.88957708,1.3818953210641205,mogi,Quận 12,Nhà phố,Nhà phố/nhà ở,Không rõ,140,2,64285.71428571428
rent,RF + XGBoost Ensemble,7500000.000000002,10441692.73042176,2941692.7304217573,0.39222569738956753,mogi,Quận Gò Vấp,Nhà phố,Nhà phố/nhà ở,Không rõ,50,3,150000
rent,RF + XGBoost Ensemble,14000000.00000001,12426799.29315708,1573200.7068429291,0.11237147906020915,mogi,Quận Tân Bình,Phòng/Cho thuê,Phòng trọ,Không rõ,55,4,254545.45454545456
rent,RF + XGBoost Ensemble,8000000.000000002,13075832.864327535,5075832.864327533,0.6344791080409415,mogi,Quận Bình Thạnh,Phòng/Cho thuê,Phòng trọ,Không rõ,78,2,102564.10256410256
rent,RF + XGBoost Ensemble,6000000,5950755.621323392,49244.378676608205,0.008207396446101368,mogi,Quận 12,Nhà phố,Nhà phố/nhà ở,Không rõ,70,2,85714.28571428571
rent,RF + XGBoost Ensemble,12000000.000000007,17248264.75268157,5248264.752681561,0.43735539605679646,mogi,Quận Bình Thạnh,Nhà phố,Nhà phố/nhà ở,Không rõ,67,1,179104.4776119403
rent,RF + XGBoost Ensemble,22000000.000000007,24134263.77891675,2134263.7789167427,0.09701198995076099,mogi,Quận 3,Nhà phố,Nhà phố/nhà ở,Không rõ,42,3,523809.5238095238
rent,RF + XGBoost Ensemble,44999999.999999985,18795361.54529304,26204638.454706945,0.5823252989934878,mogi,Quận Bình Thạnh,Nhà phố,Nhà phố/nhà ở,Không rõ,50,3,900000
rent,RF + XGBoost Ensemble,12000000.000000007,11686212.626806429,313787.3731935788,0.02614894776613155,mogi,Quận Bình Thạnh,Nhà phố,Nhà phố/nhà ở,Không rõ,15,2,800000
rent,RF + XGBoost Ensemble,20000000.000000015,15532403.22160056,4467596.778399454,0.22337983891997257,mogi,Quận Bình Thạnh,Nhà phố,Nhà phố/nhà ở,Không rõ,66,1,303030.30303030304
rent,RF + XGBoost Ensemble,8000000.000000002,8770323.771793773,770323.7717937715,0.09629047147422141,mogi,Quận Gò Vấp,Nhà phố,Nhà phố/nhà ở,Không rõ,53,2,150943.3962264151
rent,RF + XGBoost Ensemble,6499999.999999999,10253233.435639998,3753233.435639999,0.5774205285599999,mogi,Quận Tân Phú,Nhà phố,Nhà phố/nhà ở,Không rõ,46,2,141304.34782608697
rent,RF + XGBoost Ensemble,6999999.999999995,11233361.5893229,4233361.589322905,0.604765941331844,mogi,Thành phố Thủ Đức,Nhà phố,Nhà phố/nhà ở,Không rõ,50,1,140000
rent,RF + XGBoost Ensemble,9999999.999999996,13105898.518867543,3105898.5188675467,0.3105898518867548,mogi,Thành phố Thủ Đức,Phòng/Cho thuê,Phòng trọ,Không rõ,65,2,153846.15384615384
rent,RF + XGBoost Ensemble,8999999.999999996,12469485.896243975,3469485.8962439783,0.3854984329159977,mogi,Thành phố Thủ Đức,Nhà phố,Nhà phố/nhà ở,Không rõ,52,2,173076.92307692306
rent,RF + XGBoost Ensemble,14000000.00000001,14376575.995636776,376575.9956367668,0.02689828540262618,mogi,Quận 11,Nhà phố,Nhà phố/nhà ở,Không rõ,48,3,291666.6666666667
rent,RF + XGBoost Ensemble,10499999.999999994,8511287.6214191,1988712.3785808943,0.18940117891246622,mogi,Quận 5,Phòng/Cho thuê,Phòng trọ,Không rõ,24,3,437500
rent,RF + XGBoost Ensemble,8499999.999999998,12496434.441347135,3996434.441347137,0.4701687578055456,mogi,Quận 6,Nhà phố,Nhà phố/nhà ở,Không rõ,48,3,177083.33333333334
rent,RF + XGBoost Ensemble,30000000.00000005,28568338.783410486,1431661.2165895626,0.047722040552985345,mogi,Quận Phú Nhuận,Nhà phố,Nhà phố/nhà ở,Không rõ,90,5,333333.3333333333
rent,RF + XGBoost Ensemble,27999999.99999999,24788967.55159479,3211032.4484051988,0.11467973030018572,mogi,Quận 3,Nhà phố,Nhà phố/nhà ở,Không rõ,66,4,424242.42424242425
rent,RF + XGBoost Ensemble,30000000.00000005,30678782.421714675,678782.4217146263,0.02262608072382084,mogi,Quận Tân Bình,Nhà phố,Nhà phố/nhà ở,Không rõ,110,4,272727.2727272727
rent,RF + XGBoost Ensemble,33000000.000000015,58068662.226272054,25068662.22627204,0.7596564310991524,mogi,Quận 1,Phòng/Cho thuê,Phòng trọ,Không rõ,112,8,294642.85714285716
rent,RF + XGBoost Ensemble,39000000.00000001,38746797.19654341,253202.80345659703,0.006492379575810179,mogi,Quận 3,"Văn phòng, Mặt bằng kinh doanh",Tòa nhà/văn phòng/mặt bằng,Không rõ,100,7,390000
rent,RF + XGBoost Ensemble,39999999.999999985,50809215.89088133,10809215.890881345,0.27023039727203374,mogi,Quận Bình Thạnh,Nhà phố,Nhà phố/nhà ở,Không rõ,132,6,303030.30303030304
rent,RF + XGBoost Ensemble,30000000.00000005,27940161.90660874,2059838.0933913067,0.06866126977971011,mogi,Quận 3,Nhà phố,Nhà phố/nhà ở,Không rõ,85,4,352941.17647058825
rent,RF + XGBoost Ensemble,39000000.00000001,50224211.82364359,11224211.82364358,0.28780030317034816,mogi,Quận Tân Bình,Biệt thự,Biệt thự/cao cấp,Không rõ,250,4,156000
rent,RF + XGBoost Ensemble,6999999.999999995,6378911.400276725,621088.5997232702,0.08872694281761008,mogi,Quận 12,Nhà phố,Nhà phố/nhà ở,Không rõ,58,2,120689.6551724138
rent,RF + XGBoost Ensemble,15000000.00000001,10268046.986810043,4731953.013189966,0.3154635342126642,mogi,Quận 12,Nhà phố,Nhà phố/nhà ở,Không rõ,56,4,267857.14285714284
rent,RF + XGBoost Ensemble,4000000.0000000005,4001432.999393767,1432.999393766746,3.582498484416864e-4,mogi,Quận 12,Nhà phố,Nhà phố/nhà ở,Không rõ,24,2,166666.66666666666
rent,RF + XGBoost Ensemble,3500000.0000000056,4174396.364014207,674396.3640142013,0.19268467543262865,mogi,Quận 12,Nhà phố,Nhà phố/nhà ở,Không rõ,40,1,87500
rent,RF + XGBoost Ensemble,4500000.000000002,4639970.358044694,139970.35804469232,0.031104524009931613,mogi,Quận 12,Nhà phố,Nhà phố/nhà ở,Không rõ,40,2,112500
rent,RF + XGBoost Ensemble,12000000.000000007,9768164.858285306,2231835.1417147014,0.18598626180955832,mogi,Quận 12,Nhà phố,Nhà phố/nhà ở,Không rõ,60,4,200000
rent,RF + XGBoost Ensemble,4500000.000000002,4227320.635605967,272679.3643940352,0.06059541430978557,mogi,Quận 12,Nhà phố,Nhà phố/nhà ở,Không rõ,25,2,180000
rent,RF + XGBoost Ensemble,30000000.00000005,38367675.01237214,8367675.012372095,0.27892250041240274,mogi,Quận Tân Bình,Nhà phố,Nhà phố/nhà ở,Không rõ,100,6,300000
rent,RF + XGBoost Ensemble,27999999.99999999,28384277.92669708,384277.92669709027,0.01372421166775323,mogi,Quận Tân Bình,Nhà phố,Biệt thự/cao cấp,Không rõ,110,4,254545.45454545456
rent,RF + XGBoost Ensemble,30000000.00000005,34172711.60086375,4172711.600863699,0.1390903866954564,mogi,Quận 3,Nhà phố,Nhà phố/nhà ở,Không rõ,100,4,300000
rent,RF + XGBoost Ensemble,24999999.999999963,28239852.68115146,3239852.681151498,0.12959410724606013,mogi,Quận 3,Nhà phố,Nhà phố/nhà ở,Không rõ,81,4,308641.97530864197
rent,RF + XGBoost Ensemble,35000000.000000015,39671203.04013229,4671203.040132277,0.13346294400377928,mogi,Quận 1,Nhà phố,Nhà phố/nhà ở,Không rõ,90,4,388888.8888888889
rent,RF + XGBoost Ensemble,13000000.000000013,11785319.16837197,1214680.8316280432,0.09343698704831092,mogi,Quận 10,Nhà phố,Nhà phố/nhà ở,Không rõ,35,2,371428.5714285714
rent,RF + XGBoost Ensemble,17999999.999999985,19200941.446154445,1200941.4461544603,0.06671896923080341,mogi,Quận 10,Nhà phố,Nhà phố/nhà ở,Không rõ,56,3,321428.5714285714
rent,RF + XGBoost Ensemble,14800000.000000004,19828829.30065678,5028829.300656777,0.33978576355789025,mogi,Quận 3,Nhà phố,Nhà phố/nhà ở,Không rõ,42,3,352380.95238095237
rent,RF + XGBoost Ensemble,16999999.999999974,17889401.596976116,889401.5969761424,0.05231774099859669,mogi,Quận 1,Nhà phố,Nhà phố/nhà ở,Không rõ,37,3,459459.45945945947
rent,RF + XGBoost Ensemble,17999999.999999985,19698482.84334566,1698482.8433456756,0.09436015796364873,mogi,Quận Tân Bình,Nhà phố,Nhà phố/nhà ở,Không rõ,60,3,300000
rent,RF + XGBoost Ensemble,13000000.000000013,12059594.517082665,940405.4829173479,0.07233888330133438,mogi,Quận 1,Nhà phố,Nhà phố/nhà ở,Không rõ,30,2,433333.3333333333
rent,RF + XGBoost Ensemble,13000000.000000013,10878483.896264944,2121516.103735069,0.16319354644115897,mogi,Quận Bình Thạnh,Nhà phố,Nhà phố/nhà ở,Không rõ,50,2,260000
rent,RF + XGBoost Ensemble,30999999.999999978,43299795.689966924,12299795.689966947,0.39676760290215984,mogi,Quận 3,Nhà phố,Nhà phố/nhà ở,Không rõ,110,5,281818.1818181818
rent,RF + XGBoost Ensemble,24999999.999999963,27810259.473274034,2810259.473274071,0.11241037893096299,mogi,Quận 10,Nhà phố,Nhà phố/nhà ở,Không rõ,90,5,277777.77777777775
rent,RF + XGBoost Ensemble,24999999.999999963,31499248.473743737,6499248.473743774,0.25996993894975134,mogi,Quận 3,Nhà phố,Biệt thự/cao cấp,Không rõ,100,5,250000
rent,RF + XGBoost Ensemble,27999999.99999999,37520151.53662003,9520151.53662004,0.3400054120221444,mogi,Quận Phú Nhuận,Nhà phố,Biệt thự/cao cấp,Không rõ,120,3,233333.33333333337
rent,RF + XGBoost Ensemble,35000000.000000015,34027383.53809103,972616.4619089812,0.027789041768828023,mogi,Quận Tân Bình,Nhà phố,Nhà phố/nhà ở,Không rõ,120,5,291666.6666666667
rent,RF + XGBoost Ensemble,25999999.999999985,24531145.872901447,1468854.127098538,0.05649438950378995,mogi,Quận Phú Nhuận,Nhà phố,Nhà phố/nhà ở,Không rõ,67,5,388059.70149253734
rent,RF + XGBoost Ensemble,24999999.999999963,28604687.469750073,3604687.46975011,0.14418749879000461,mogi,Quận 10,Nhà phố,Nhà phố/nhà ở,Không rõ,90,6,277777.77777777775
rent,RF + XGBoost Ensemble,30000000.00000005,27151227.74970795,2848772.2502921,0.09495907500973651,mogi,Quận Phú Nhuận,Nhà phố,Nhà phố/nhà ở,Không rõ,100,4,300000
rent,RF + XGBoost Ensemble,26999999.999999993,27605387.98757263,605387.9875726365,0.02242177731750506,mogi,Quận Phú Nhuận,Nhà phố,Nhà phố/nhà ở,Không rõ,80,5,337500
rent,RF + XGBoost Ensemble,31999999.999999955,38164908.477384046,6164908.47738409,0.1926533899182531,mogi,Quận Phú Nhuận,Nhà phố,Biệt thự/cao cấp,Không rõ,120,3,266666.6666666667
rent,RF + XGBoost Ensemble,30000000.00000005,22506732.21360594,7493267.786394108,0.2497755928798032,mogi,Quận Phú Nhuận,Nhà phố,Nhà phố/nhà ở,Không rõ,68,4,441176.4705882353
rent,RF + XGBoost Ensemble,39999999.999999985,41459609.79802517,1459609.7980251834,0.0364902449506296,mogi,Quận Phú Nhuận,Nhà phố,Nhà phố/nhà ở,Không rõ,160,5,250000
rent,RF + XGBoost Ensemble,22999999.999999974,41022130.805281326,18022130.805281352,0.7835709045774509,mogi,Quận 1,Nhà phố,Nhà phố/nhà ở,Không rõ,76,4,302631.5789473684
rent,RF + XGBoost Ensemble,35000000.000000015,37325513.40619479,2325513.4061947763,0.06644324017699359,mogi,Quận 3,Nhà phố,Nhà phố/nhà ở,Không rõ,90,3,388888.8888888889
rent,RF + XGBoost Ensemble,31999999.999999955,29313772.93790716,2686227.062092796,0.0839445956904,mogi,Quận 3,Nhà phố,Nhà phố/nhà ở,Không rõ,105,2,304761.90476190473
rent,RF + XGBoost Ensemble,22000000.000000007,12092115.810195845,9907884.189804163,0.4503583722638254,mogi,Quận 1,Nhà phố,Nhà phố/nhà ở,Không rõ,30,2,733333.3333333334
rent,RF + XGBoost Ensemble,55000000.000000075,98750890.7289011,43750890.72890103,0.7954707405254722,mogi,Quận 3,Nhà phố,Nhà phố/nhà ở,Không rõ,400,3,137500
rent,RF + XGBoost Ensemble,24999999.999999963,24802284.063188516,197715.93681144714,0.007908637472457897,mogi,Quận Phú Nhuận,Nhà phố,Nhà phố/nhà ở,Không rõ,68,5,367647.0588235294
rent,RF + XGBoost Ensemble,24999999.999999963,33580222.54816476,8580222.5481648,0.3432089019265925,mogi,Quận 3,Nhà phố,Nhà phố/nhà ở,Không rõ,90,5,277777.77777777775
rent,RF + XGBoost Ensemble,28999999.999999948,29722951.972351544,722951.9723515958,0.024929378356951623,mogi,Quận Phú Nhuận,Nhà phố,Nhà phố/nhà ở,Không rõ,94,5,308510.6382978723
rent,RF + XGBoost Ensemble,35000000.000000015,31352728.229106028,3647271.7708939873,0.10420776488268531,mogi,Quận Phú Nhuận,Nhà phố,Biệt thự/cao cấp,Không rõ,99,5,353535.35353535356
rent,RF + XGBoost Ensemble,27999999.99999999,26660506.328428425,1339493.671571564,0.04783905969898444,mogi,Quận Phú Nhuận,Nhà phố,Nhà phố/nhà ở,Không rõ,72,4,388888.8888888889
rent,RF + XGBoost Ensemble,39999999.999999985,33932433.415069945,6067566.58493004,0.15168916462325105,mogi,Quận Phú Nhuận,Nhà phố,Nhà phố/nhà ở,Không rõ,120,4,333333.3333333333
rent,RF + XGBoost Ensemble,24999999.999999963,24434108.99670922,565891.0032907426,0.02263564013162974,mogi,Quận Phú Nhuận,Nhà phố,Nhà phố/nhà ở,Không rõ,76,4,328947.36842105264
rent,RF + XGBoost Ensemble,25999999.999999985,25133054.598833676,866945.4011663087,0.03334405389101189,mogi,Quận 10,Nhà phố,Nhà phố/nhà ở,Không rõ,92,2,282608.6956521739
rent,RF + XGBoost Ensemble,24999999.999999963,22607187.137916837,2392812.862083126,0.09571251448332517,mogi,Quận Phú Nhuận,Nhà phố,Nhà phố/nhà ở,Không rõ,77,3,324675.32467532466
rent,RF + XGBoost Ensemble,22000000.000000007,22996057.884226546,996057.8842265382,0.04527535837393354,mogi,Quận Bình Thạnh,Nhà phố,Nhà phố/nhà ở,Không rõ,60,4,366666.6666666667
rent,RF + XGBoost Ensemble,25999999.999999985,24676299.07673233,1323700.923267655,0.050911573971832914,mogi,Quận Tân Bình,Nhà phố,Biệt thự/cao cấp,Không rõ,90,4,288888.8888888889
rent,RF + XGBoost Ensemble,30000000.00000005,54857306.365221456,24857306.365221407,0.8285768788407122,mogi,Quận 3,Nhà phố,Nhà phố/nhà ở,Không rõ,156,3,192307.6923076923
rent,RF + XGBoost Ensemble,26999999.999999993,27966577.396511815,966577.3965118229,0.03579916283377123,mogi,Quận 3,Nhà phố,Nhà phố/nhà ở,Không rõ,90,4,300000
rent,RF + XGBoost Ensemble,8000000.000000002,48224078.27567243,40224078.27567243,5.028009784459052,mogi,Thành phố Thủ Đức,Phòng/Cho thuê,Phòng trọ,Không rõ,200,3,40000
rent,RF + XGBoost Ensemble,20000000.000000015,27069173.067124814,7069173.067124799,0.35345865335623966,mogi,Quận Phú Nhuận,Nhà phố,Biệt thự/cao cấp,Không rõ,100,4,200000
rent,RF + XGBoost Ensemble,24000000,34237271.96893144,10237271.968931437,0.4265529987054765,mogi,Quận Tân Bình,Nhà phố,Nhà phố/nhà ở,Không rõ,125,5,192000
rent,RF + XGBoost Ensemble,28999999.999999948,24802673.187773935,4197326.812226012,0.1447354073181386,mogi,Quận Phú Nhuận,Nhà phố,Nhà phố/nhà ở,Không rõ,74,4,391891.8918918919
rent,RF + XGBoost Ensemble,25999999.999999985,26177508.747145902,177508.74714591727,0.006827259505612206,mogi,Quận Phú Nhuận,Nhà phố,Nhà phố/nhà ở,Không rõ,81,4,320987.65432098764
rent,RF + XGBoost Ensemble,22999999.999999974,23762530.282552015,762530.2825520411,0.03315349054574095,mogi,Quận Tân Bình,Nhà phố,Biệt thự/cao cấp,Không rõ,81,4,283950.6172839506
rent,RF + XGBoost Ensemble,26999999.999999993,29804154.795722436,2804154.7957224436,0.1038575850267572,mogi,Quận Bình Thạnh,Nhà phố,Nhà phố/nhà ở,Không rõ,81,6,333333.3333333333
rent,RF + XGBoost Ensemble,27999999.99999999,26993774.11374196,1006225.8862580284,0.0359366387949296,mogi,Quận Phú Nhuận,Nhà phố,Nhà phố/nhà ở,Không rõ,100,4,280000
rent,RF + XGBoost Ensemble,24999999.999999963,66208376.43290175,41208376.432901785,1.6483350573160738,mogi,Quận 10,Nhà phố,Nhà phố/nhà ở,Không rõ,80,5,312500
rent,RF + XGBoost Ensemble,44999999.999999985,38741061.95601959,6258938.043980397,0.13908751208845332,mogi,Quận Phú Nhuận,Biệt thự,Biệt thự/cao cấp,Không rõ,160,4,281250
rent,RF + XGBoost Ensemble,39999999.999999985,47315724.05726047,7315724.0572604835,0.18289310143151216,mogi,Quận 3,Biệt thự,Biệt thự/cao cấp,Không rõ,128,6,312500
rent,RF + XGBoost Ensemble,24999999.999999963,29551463.94124927,4551463.941249307,0.18205855764997256,mogi,Quận Phú Nhuận,Nhà phố,Nhà phố/nhà ở,Không rõ,72,4,347222.22222222225
rent,RF + XGBoost Ensemble,31999999.999999955,30056833.407255568,1943166.5927443877,0.0607239560232622,mogi,Quận Phú Nhuận,Nhà phố,Nhà phố/nhà ở,Không rõ,100,5,320000
rent,RF + XGBoost Ensemble,27999999.99999999,31155986.752574813,3155986.752574824,0.11271381259195803,mogi,Quận Bình Thạnh,Nhà phố,Nhà phố/nhà ở,Không rõ,90,4,311111.1111111111
rent,RF + XGBoost Ensemble,30999999.999999978,30497754.946392123,502245.053607855,0.016201453342188882,mogi,Quận Tân Bình,Biệt thự,Biệt thự/cao cấp,Không rõ,108,4,287037.037037037
rent,RF + XGBoost Ensemble,27999999.99999999,25893351.704286017,2106648.2957139723,0.0752374391326419,mogi,Quận 10,Nhà phố,Nhà phố/nhà ở,Không rõ,75,6,373333.3333333333
rent,RF + XGBoost Ensemble,24000000,34149213.567159645,10149213.567159645,0.4228838986316519,mogi,Quận Tân Bình,Nhà phố,Nhà phố/nhà ở,Không rõ,100,5,240000
rent,RF + XGBoost Ensemble,24999999.999999963,26407535.714242477,1407535.7142425142,0.056301428569700655,mogi,Quận Phú Nhuận,Nhà phố,Nhà phố/nhà ở,Không rõ,80,5,312500
rent,RF + XGBoost Ensemble,31999999.999999955,31566688.56469332,433311.43530663475,0.013540982353332355,mogi,Quận Tân Bình,Biệt thự,Biệt thự/cao cấp,Không rõ,108,4,296296.2962962963
rent,RF + XGBoost Ensemble,50000000.00000009,115001754.27034304,65001754.270342946,1.3000350854068565,mogi,Quận 3,Biệt thự,Biệt thự/cao cấp,Không rõ,300,6,166666.66666666666
rent,RF + XGBoost Ensemble,35000000.000000015,33426679.27305753,1573320.7269424833,0.04495202076978522,mogi,Quận 10,Nhà phố,Nhà phố/nhà ở,Không rõ,100,6,350000
rent,RF + XGBoost Ensemble,27999999.99999999,25772676.938291978,2227323.0617080107,0.07954725220385755,mogi,Quận Phú Nhuận,Nhà phố,Nhà phố/nhà ở,Không rõ,100,4,280000
rent,RF + XGBoost Ensemble,26999999.999999993,21234471.263820115,5765528.736179877,0.2135381013399955,mogi,Quận Tân Bình,Nhà phố,Nhà phố/nhà ở,Không rõ,67,4,402985.0746268657
rent,RF + XGBoost Ensemble,30000000.00000005,25436057.69765279,4563942.302347258,0.15213141007824169,mogi,Quận Phú Nhuận,Nhà phố,Nhà phố/nhà ở,Không rõ,80,4,375000
rent,RF + XGBoost Ensemble,33000000.000000015,67571896.27812202,34571896.27812201,1.0476332205491512,mogi,Quận Bình Thạnh,Nhà phố,Nhà phố/nhà ở,Không rõ,240,4,137500
rent,RF + XGBoost Ensemble,24999999.999999963,23962744.073842295,1037255.9261576682,0.04149023704630679,mogi,Quận Bình Thạnh,Nhà phố,Nhà phố/nhà ở,Không rõ,76,4,328947.36842105264
rent,RF + XGBoost Ensemble,33999999.99999994,34046957.47315936,46957.47315941751,0.0013811021517475762,mogi,Quận Tân Bình,Nhà phố,Nhà phố/nhà ở,Không rõ,120,5,283333.3333333333
rent,RF + XGBoost Ensemble,50000000.00000009,36592711.204711124,13407288.795288965,0.2681457759057788,mogi,Quận Phú Nhuận,Phòng/Cho thuê,Tòa nhà/văn phòng/mặt bằng,Không rõ,125,2,400000
rent,RF + XGBoost Ensemble,39999999.999999985,28849335.05913904,11150664.940860946,0.27876662352152376,mogi,Quận Bình Thạnh,Nhà phố,Nhà phố/nhà ở,Không rõ,100,5,400000
rent,RF + XGBoost Ensemble,50000000.00000009,67473014.22815895,17473014.22815886,0.3494602845631766,mogi,Quận Tân Bình,Biệt thự,Biệt thự/cao cấp,Không rõ,500,4,100000
rent,RF + XGBoost Ensemble,30000000.00000005,38290460.7179948,8290460.717994753,0.27634869059982464,mogi,Quận 3,Nhà phố,Nhà phố/nhà ở,Không rõ,80,6,375000
rent,RF + XGBoost Ensemble,24999999.999999963,28505393.61931715,3505393.619317189,0.14021574477268775,mogi,Quận 3,Nhà phố,Nhà phố/nhà ở,Không rõ,90,5,277777.77777777775
rent,RF + XGBoost Ensemble,37999999.99999996,62039203.34271527,24039203.342715308,0.6326106142819824,mogi,Quận Tân Bình,Biệt thự,Biệt thự/cao cấp,Không rõ,288,6,131944.44444444444
rent,RF + XGBoost Ensemble,35000000.000000015,94243099.5813028,59243099.58130279,1.692659988037222,mogi,Quận 3,Biệt thự,Biệt thự/cao cấp,Không rõ,144,8,243055.55555555556
rent,RF + XGBoost Ensemble,50000000.00000009,40174965.91895473,9825034.08104536,0.19650068162090684,mogi,Quận 10,Phòng/Cho thuê,Phòng trọ,Không rõ,160,4,312500
rent,RF + XGBoost Ensemble,22000000.000000007,28999679.962794706,6999679.962794699,0.3181672710361226,mogi,Quận 10,Nhà phố,Nhà phố/nhà ở,Không rõ,90,6,244444.44444444444
rent,RF + XGBoost Ensemble,31999999.999999955,33597372.18286052,1597372.1828605682,0.04991788071439283,mogi,Quận 3,Nhà phố,Nhà phố/nhà ở,Không rõ,108,5,296296.2962962963
rent,RF + XGBoost Ensemble,22000000.000000007,24229082.9270194,2229082.927019391,0.10132195122815411,mogi,Quận 3,Nhà phố,Nhà phố/nhà ở,Không rõ,60,4,366666.6666666667
rent,RF + XGBoost Ensemble,24999999.999999963,26645167.886371646,1645167.8863716833,0.06580671545486744,mogi,Quận 10,Nhà phố,Nhà phố/nhà ở,Không rõ,76,6,328947.36842105264
rent,RF + XGBoost Ensemble,36999999.99999993,40162615.5129995,3162615.5129995644,0.08547609494593433,mogi,Quận 10,Nhà phố,Nhà phố/nhà ở,Không rõ,140,4,264285.71428571426
rent,RF + XGBoost Ensemble,9999999.999999996,13715961.006256245,3715961.006256249,0.37159610062562504,mogi,Quận Tân Phú,Nhà phố,Nhà phố/nhà ở,Không rõ,88,2,113636.36363636365
rent,RF + XGBoost Ensemble,4000000.0000000005,10944559.339904873,6944559.339904873,1.736139834976218,mogi,Huyện Bình Chánh,Nhà phố,Nhà phố/nhà ở,Không rõ,64,1,62500
rent,RF + XGBoost Ensemble,15000000.00000001,15063342.146534368,63342.14653435908,0.0042228097689572695,mogi,Quận Gò Vấp,Nhà phố,Nhà phố/nhà ở,Không rõ,50,4,300000
rent,RF + XGBoost Ensemble,12000000.000000007,14281488.68414792,2281488.684147913,0.19012405701232596,mogi,Quận Bình Thạnh,Nhà phố,Nhà phố/nhà ở,Không rõ,52,3,230769.2307692308
rent,RF + XGBoost Ensemble,35000000.000000015,27036140.332041442,7963859.6679585725,0.2275388476559591,mogi,Quận 10,Nhà phố,Nhà phố/nhà ở,Không rõ,80,4,437500
rent,RF + XGBoost Ensemble,13000000.000000013,16795756.17226076,3795756.172260748,0.29198124402005726,mogi,Quận Bình Thạnh,Nhà phố,Nhà phố/nhà ở,Không rõ,28,3,464285.71428571426
rent,RF + XGBoost Ensemble,15000000.00000001,12504440.67027291,2495559.3297271,0.16637062198180658,mogi,Quận Tân Bình,Nhà phố,Nhà phố/nhà ở,Không rõ,60,2,250000
rent,RF + XGBoost Ensemble,16500000.000000013,20201430.741552297,3701430.741552284,0.2243291358516534,mogi,Quận Bình Thạnh,Nhà phố,Nhà phố/nhà ở,Không rõ,45,4,366666.6666666667
rent,RF + XGBoost Ensemble,30000000.00000005,27477520.52613856,2522479.4738614894,0.08408264912871619,mogi,Quận Bình Thạnh,Nhà phố,Nhà phố/nhà ở,Không rõ,76,5,394736.84210526315
rent,RF + XGBoost Ensemble,43000000.000000015,32593917.82727043,10406082.172729585,0.2420019109937112,mogi,Thành phố Thủ Đức,Nhà phố,Nhà phố/nhà ở,Không rõ,90,6,477777.77777777775
rent,RF + XGBoost Ensemble,8000000.000000002,9635294.075238928,1635294.0752389263,0.20441175940486575,mogi,Quận 12,Nhà phố,Nhà phố/nhà ở,Không rõ,49,6,163265.306122449
rent,RF + XGBoost Ensemble,6999999.999999995,18692239.099370632,11692239.099370636,1.6703198713386633,mogi,Thành phố Thủ Đức,Nhà phố,Nhà phố/nhà ở,Không rõ,52,3,134615.38461538462
rent,RF + XGBoost Ensemble,12000000.000000007,70142110.31084584,58142110.31084583,4.845175859237149,mogi,Quận Bình Thạnh,Phòng/Cho thuê,Phòng trọ,Không rõ,330,2,36363.63636363636
rent,RF + XGBoost Ensemble,24999999.999999963,22849790.625764314,2150209.3742356487,0.08600837496942608,mogi,Quận Bình Thạnh,Nhà phố,Nhà phố/nhà ở,Không rõ,104,4,240384.61538461535
rent,RF + XGBoost Ensemble,5599999.999999999,3930417.811425168,1669582.188574831,0.29813967653121987,mogi,Quận Bình Thạnh,Phòng/Cho thuê,Phòng trọ,Không rõ,28,1,200000
rent,RF + XGBoost Ensemble,15000000.00000001,12754957.73326663,2245042.26673338,0.14966948444889192,mogi,Quận Bình Thạnh,Nhà phố,Nhà phố/nhà ở,Không rõ,49,2,306122.44897959183
rent,RF + XGBoost Ensemble,14000000.00000001,22760870.599887013,8760870.599887004,0.6257764714204999,mogi,Quận Bình Thạnh,Nhà phố,Nhà phố/nhà ở,Không rõ,35,5,400000
rent,RF + XGBoost Ensemble,12000000.000000007,12139201.800054245,139201.80005423725,0.011600150004519763,mogi,Quận Bình Thạnh,Nhà phố,Nhà phố/nhà ở,Không rõ,52,2,230769.2307692308
rent,RF + XGBoost Ensemble,48000000.00000006,141102709.93739647,93102709.9373964,1.9396397903624227,mogi,Quận Bình Thạnh,Nhà phố,Nhà phố/nhà ở,Không rõ,175,10,274285.71428571426
rent,RF + XGBoost Ensemble,24999999.999999963,34226051.27284623,9226051.272846267,0.3690420509138512,mogi,Quận Tân Bình,Nhà phố,Nhà phố/nhà ở,Không rõ,113,5,221238.93805309737
rent,RF + XGBoost Ensemble,25999999.999999985,26843079.07880984,843079.0788098536,0.03242611841576362,mogi,Quận Bình Thạnh,Nhà phố,Nhà phố/nhà ở,Không rõ,90,4,288888.8888888889
rent,RF + XGBoost Ensemble,24000000,28507074.778623592,4507074.778623592,0.18779478244264966,mogi,Quận Phú Nhuận,Nhà phố,Nhà phố/nhà ở,Không rõ,90,5,266666.6666666667
rent,RF + XGBoost Ensemble,28999999.999999948,31847916.783847585,2847916.7838476375,0.09820402702922905,mogi,Quận Phú Nhuận,Nhà phố,Nhà phố/nhà ở,Không rõ,250,4,116000
rent,RF + XGBoost Ensemble,17999999.999999985,15981006.063372748,2018993.9366272371,0.11216632981262438,mogi,Quận Tân Bình,Nhà phố,Nhà phố/nhà ở,Không rõ,50,4,360000
rent,RF + XGBoost Ensemble,39999999.999999985,46252608.057362914,6252608.057362929,0.1563152014340733,mogi,Quận Tân Bình,Phòng/Cho thuê,Tòa nhà/văn phòng/mặt bằng,Không rõ,110,3,363636.3636363637
rent,RF + XGBoost Ensemble,50000000.00000009,40320111.87876097,9679888.121239118,0.19359776242478202,mogi,Quận 3,Nhà phố,Nhà phố/nhà ở,Không rõ,126,4,396825.3968253968
rent,RF + XGBoost Ensemble,44999999.999999985,77175344.32152155,32175344.321521565,0.7150076515893684,mogi,Quận 1,Nhà phố,Nhà phố/nhà ở,Không rõ,146,5,308219.1780821918
rent,RF + XGBoost Ensemble,60000000.0000001,54663333.96620075,5336666.03379935,0.0889444338966557,mogi,Quận 10,Nhà phố,Nhà phố/nhà ở,Không rõ,84,4,714285.7142857143
rent,RF + XGBoost Ensemble,33000000.000000015,38858328.20163987,5858328.201639853,0.17752509701938943,mogi,Quận 3,Nhà phố,Nhà phố/nhà ở,Không rõ,104,6,317307.6923076923
rent,RF + XGBoost Ensemble,17999999.999999985,25154293.976352558,7154293.976352572,0.3974607764640321,mogi,Quận 3,Nhà phố,Nhà phố/nhà ở,Không rõ,60,5,300000
rent,RF + XGBoost Ensemble,20999999.99999998,24228902.016372632,3228902.016372651,0.15375723887488826,mogi,Quận Bình Thạnh,Nhà phố,Nhà phố/nhà ở,Không rõ,80,4,262500
rent,RF + XGBoost Ensemble,30000000.00000005,43584911.46648598,13584911.466485929,0.45283038221619687,mogi,Quận 1,Nhà phố,Nhà phố/nhà ở,Không rõ,72,5,416666.6666666667
rent,RF + XGBoost Ensemble,30000000.00000005,32347489.130241502,2347489.1302414536,0.07824963767471499,mogi,Quận Phú Nhuận,Nhà phố,Nhà phố/nhà ở,Không rõ,100,5,300000
rent,RF + XGBoost Ensemble,26999999.999999993,32321404.244048636,5321404.244048644,0.19708904607587574,mogi,Quận 3,Nhà phố,Nhà phố/nhà ở,Không rõ,48,3,562500
rent,RF + XGBoost Ensemble,35000000.000000015,36098635.9085402,1098635.9085401818,0.031389597386862325,mogi,Quận Tân Bình,Biệt thự,Biệt thự/cao cấp,Không rõ,160,4,218750
rent,RF + XGBoost Ensemble,79999999.9999996,94431648.98186606,14431648.981866464,0.1803956122733317,mogi,Quận 1,Nhà phố,Tòa nhà/văn phòng/mặt bằng,Không rõ,160,4,500000
rent,RF + XGBoost Ensemble,31999999.999999955,30497067.560624484,1502932.4393754713,0.04696663873048355,mogi,Quận 3,Nhà phố,Nhà phố/nhà ở,Không rõ,100,4,320000
rent,RF + XGBoost Ensemble,26999999.999999993,25951644.562939253,1048355.4370607398,0.03882797915039778,mogi,Quận Phú Nhuận,Nhà phố,Nhà phố/nhà ở,Không rõ,88,3,306818.1818181818
rent,RF + XGBoost Ensemble,27999999.99999999,25651561.59418697,2348438.4058130197,0.08387280020760789,mogi,Quận 3,Nhà phố,Nhà phố/nhà ở,Không rõ,60,4,466666.6666666667
rent,RF + XGBoost Ensemble,26999999.999999993,27044848.24261156,44848.24261156842,0.0016610460226506828,mogi,Quận Phú Nhuận,Nhà phố,Nhà phố/nhà ở,Không rõ,85,5,317647.0588235294
rent,RF + XGBoost Ensemble,22000000.000000007,32457515.858136363,10457515.858136356,0.4753416299152887,mogi,Quận Bình Thạnh,Nhà phố,Nhà phố/nhà ở,Không rõ,108,4,203703.7037037037
rent,RF + XGBoost Ensemble,11000000.000000013,14646391.721640535,3646391.7216405217,0.3314901565127743,mogi,Quận Bình Thạnh,Nhà phố,Nhà phố/nhà ở,Không rõ,30,3,366666.6666666667
rent,RF + XGBoost Ensemble,9500000.000000015,7650306.395702447,1849693.604297568,0.1947045899260595,mogi,Quận Bình Thạnh,Phòng/Cho thuê,Phòng trọ,Không rõ,22,3,431818.1818181818
rent,RF + XGBoost Ensemble,4500000.000000002,7571037.407219598,3071037.407219596,0.6824527571599099,mogi,Quận Gò Vấp,Nhà phố,Nhà phố/nhà ở,Không rõ,23,2,195652.1739130435
rent,RF + XGBoost Ensemble,26999999.999999993,25242157.63925158,1757842.360748414,0.06510527262031164,mogi,Quận 10,Nhà phố,Nhà phố/nhà ở,Không rõ,80,4,337500
rent,RF + XGBoost Ensemble,27999999.99999999,25692423.093325622,2307576.9066743664,0.08241346095265598,mogi,Quận 10,Nhà phố,Nhà phố/nhà ở,Không rõ,80,4,350000
rent,RF + XGBoost Ensemble,25999999.999999985,23462537.119044475,2537462.88095551,0.09759472619059659,mogi,Quận Tân Bình,Nhà phố,Nhà phố/nhà ở,Không rõ,80,4,325000
rent,RF + XGBoost Ensemble,11000000.000000013,15260910.31334212,4260910.313342107,0.38735548303110023,mogi,Quận 4,Nhà phố,Nhà phố/nhà ở,Không rõ,87,3,126436.7816091954
rent,RF + XGBoost Ensemble,26999999.999999993,30976402.347009577,3976402.3470095843,0.147274161000355,mogi,Quận Bình Thạnh,Nhà phố,Nhà phố/nhà ở,Không rõ,60,4,450000
rent,RF + XGBoost Ensemble,16999999.999999974,18883811.66874484,1883811.6687448658,0.11081245110263933,mogi,Quận Tân Phú,Nhà phố,Nhà phố/nhà ở,Không rõ,60,5,283333.3333333333
rent,RF + XGBoost Ensemble,15000000.00000001,19751910.02616418,4751910.026164172,0.31679400174427796,mogi,Quận Tân Phú,Nhà phố,Nhà phố/nhà ở,Không rõ,68,4,220588.23529411765
rent,RF + XGBoost Ensemble,24999999.999999963,22420981.875580184,2579018.1244197786,0.1031607249767913,mogi,Quận Bình Thạnh,Nhà phố,Nhà phố/nhà ở,Không rõ,70,4,357142.85714285716
rent,RF + XGBoost Ensemble,12000000.000000007,9692960.450038558,2307039.5499614496,0.19225329583012069,mogi,Quận Bình Thạnh,Nhà phố,Nhà phố/nhà ở,Không rõ,30,1,400000
rent,RF + XGBoost Ensemble,6999999.999999995,10092365.581464212,3092365.581464217,0.4417665116377456,mogi,Quận Bình Thạnh,Nhà phố,Nhà phố/nhà ở,Không rõ,21,1,333333.3333333333
rent,RF + XGBoost Ensemble,12000000.000000007,10122972.878109213,1877027.1218907945,0.15641892682423278,mogi,Quận Tân Phú,Nhà phố,Nhà phố/nhà ở,Không rõ,48,2,250000
rent,RF + XGBoost Ensemble,9999999.999999996,12295277.894666836,2295277.8946668394,0.22952778946668403,mogi,Quận Tân Phú,Nhà phố,Nhà phố/nhà ở,Không rõ,52,3,192307.6923076923
rent,RF + XGBoost Ensemble,9999999.999999996,17465418.433257807,7465418.433257811,0.7465418433257813,mogi,Quận Tân Phú,Nhà phố,Nhà phố/nhà ở,Không rõ,105,2,95238.09523809524
rent,RF + XGBoost Ensemble,79999999.9999996,68049854.95701544,11950145.042984158,0.1493768130373027,mogi,Quận 3,Nhà phố,Nhà phố/nhà ở,Không rõ,200,3,400000
rent,RF + XGBoost Ensemble,24999999.999999963,25006939.623333577,6939.62333361432,2.775849333445732e-4,mogi,Quận Tân Bình,Nhà phố,Nhà phố/nhà ở,Không rõ,90,4,277777.77777777775
rent,RF + XGBoost Ensemble,16000000.000000026,25566862.907366715,9566862.90736669,0.59792893171041706,mogi,Quận Tân Bình,Nhà phố,Nhà phố/nhà ở,Không rõ,100,3,160000
rent,RF + XGBoost Ensemble,24999999.999999963,22232594.867938936,2767405.132061027,0.11069620528244124,mogi,Quận Tân Bình,Nhà phố,Nhà phố/nhà ở,Không rõ,72,4,347222.22222222225
rent,RF + XGBoost Ensemble,19000000.000000015,23186768.655621514,4186768.655621499,0.22035624503271029,mogi,Quận Phú Nhuận,Nhà phố,Nhà phố/nhà ở,Không rõ,68,4,279411.76470588235
rent,RF + XGBoost Ensemble,36999999.99999993,38200994.162954055,1200994.1629541218,0.032459301701462814,mogi,Quận 1,Nhà phố,Nhà phố/nhà ở,Không rõ,105,6,352380.95238095237
rent,RF + XGBoost Ensemble,69999999.99999967,51707648.22985116,18292351.770148516,0.26131931100212286,mogi,Quận 10,Biệt thự,Biệt thự/cao cấp,Không rõ,112,6,625000
rent,RF + XGBoost Ensemble,27999999.99999999,33168932.02509185,5168932.02509186,0.18460471518185223,mogi,Quận 1,Nhà phố,Nhà phố/nhà ở,Không rõ,77,4,363636.3636363637
rent,RF + XGBoost Ensemble,22000000.000000007,20209350.478275172,1790649.521724835,0.08139316007840157,mogi,Quận Phú Nhuận,Nhà phố,Nhà phố/nhà ở,Không rõ,60,4,366666.6666666667
rent,RF + XGBoost Ensemble,20000000.000000015,20273602.551239617,273602.55123960227,0.013680127561980103,mogi,Quận Phú Nhuận,Nhà phố,Nhà phố/nhà ở,Không rõ,56,4,357142.85714285716
rent,RF + XGBoost Ensemble,25999999.999999985,27500308.205468785,1500308.2054688,0.05770416174880003,mogi,Quận 10,Nhà phố,Nhà phố/nhà ở,Không rõ,72,4,361111.1111111111
rent,RF + XGBoost Ensemble,35000000.000000015,36616654.991290815,1616654.9912908003,0.04619014260830856,mogi,Quận 10,Nhà phố,Nhà phố/nhà ở,Không rõ,250,4,140000
rent,RF + XGBoost Ensemble,24999999.999999963,24771599.265717674,228400.7342822887,0.009136029371291562,mogi,Quận 10,Nhà phố,Nhà phố/nhà ở,Không rõ,68,6,367647.0588235294
rent,RF + XGBoost Ensemble,8999999.999999996,22241832.019040838,13241832.019040842,1.4713146687823164,mogi,Quận Tân Bình,Nhà phố,Nhà phố/nhà ở,Không rõ,100,2,90000
rent,RF + XGBoost Ensemble,12000000.000000007,14005742.98289434,2005742.982894333,0.16714524857452764,mogi,Thành phố Thủ Đức,Nhà phố,Nhà phố/nhà ở,Không rõ,100,2,120000
rent,RF + XGBoost Ensemble,4000000.0000000005,5511169.083365712,1511169.0833657118,0.3777922708414279,mogi,Quận Bình Tân,Nhà phố,Nhà phố/nhà ở,Không rõ,20,1,200000
rent,RF + XGBoost Ensemble,15000000.00000001,17399197.25694498,2399197.256944971,0.1599464837963313,mogi,Quận Phú Nhuận,Nhà phố,Nhà phố/nhà ở,Không rõ,50,3,300000
rent,RF + XGBoost Ensemble,27999999.99999999,26730177.495415308,1269822.5045846812,0.04535080373516721,mogi,Quận 10,Nhà phố,Nhà phố/nhà ở,Không rõ,76,6,368421.05263157893
rent,RF + XGBoost Ensemble,24999999.999999963,33434474.673024576,8434474.673024613,0.33737898692098506,mogi,Quận 3,Nhà phố,Nhà phố/nhà ở,Không rõ,100,4,250000
rent,RF + XGBoost Ensemble,20000000.000000015,28798336.147294957,8798336.147294942,0.4399168073647468,mogi,Quận 3,Nhà phố,Nhà phố/nhà ở,Không rõ,80,6,250000
rent,RF + XGBoost Ensemble,35000000.000000015,43200246.81622232,8200246.816222303,0.23429276617777997,mogi,Quận 10,Biệt thự,Biệt thự/cao cấp,Không rõ,140,5,250000
rent,RF + XGBoost Ensemble,27999999.99999999,27232999.349583942,767000.6504160464,0.027392880372001667,mogi,Quận 10,Nhà phố,Nhà phố/nhà ở,Không rõ,85,4,329411.76470588235
rent,RF + XGBoost Ensemble,24000000,36365300.25121371,12365300.251213707,0.5152208438005711,mogi,Quận 1,Nhà phố,Nhà phố/nhà ở,Không rõ,105,5,228571.42857142855
rent,RF + XGBoost Ensemble,17999999.999999985,28212225.308576398,10212225.308576412,0.5673458504764678,mogi,Quận 10,Nhà phố,Nhà phố/nhà ở,Không rõ,80,5,225000
rent,RF + XGBoost Ensemble,24999999.999999963,24214761.267128684,785238.7328712791,0.03140954931485121,mogi,Quận 10,Nhà phố,Nhà phố/nhà ở,Không rõ,67,6,373134.32835820894
rent,RF + XGBoost Ensemble,35000000.000000015,24726327.40472753,10273672.595272485,0.2935335027220709,mogi,Quận 10,Nhà phố,Nhà phố/nhà ở,Không rõ,80,4,437500
rent,RF + XGBoost Ensemble,22000000.000000007,26080506.49363115,4080506.493631143,0.1854775678923246,mogi,Quận Phú Nhuận,Nhà phố,Nhà phố/nhà ở,Không rõ,72,6,305555.55555555556
rent,RF + XGBoost Ensemble,20000000.000000015,24319052.0981949,4319052.098194886,0.21595260490974413,mogi,Quận 10,Nhà phố,Nhà phố/nhà ở,Không rõ,76,5,263157.8947368421
rent,RF + XGBoost Ensemble,24999999.999999963,37453365.305281475,12453365.305281512,0.49813461221126126,mogi,Quận 3,Nhà phố,Nhà phố/nhà ở,Không rõ,125,5,200000
rent,RF + XGBoost Ensemble,25999999.999999985,32215053.356463946,6215053.356463961,0.2390405137101525,mogi,Quận Phú Nhuận,Nhà phố,Nhà phố/nhà ở,Không rõ,93,4,279569.89247311826
rent,RF + XGBoost Ensemble,24999999.999999963,23100547.50868973,1899452.4913102314,0.07597809965240937,mogi,Quận Tân Bình,Nhà phố,Nhà phố/nhà ở,Không rõ,81,4,308641.97530864197
rent,RF + XGBoost Ensemble,39999999.999999985,46013252.26724217,6013252.267242186,0.1503313066810547,mogi,Quận 1,Biệt thự,Biệt thự/cao cấp,Không rõ,108,5,370370.3703703704
rent,RF + XGBoost Ensemble,30000000.00000005,43660901.71798009,13660901.717980038,0.4553633905993339,mogi,Quận Bình Thạnh,Nhà phố,Nhà phố/nhà ở,Không rõ,128,5,234375
rent,RF + XGBoost Ensemble,24999999.999999963,24606077.242962226,393922.7570377365,0.01575691028150948,mogi,Quận Tân Bình,Nhà phố,Nhà phố/nhà ở,Không rõ,75,7,333333.3333333333
rent,RF + XGBoost Ensemble,24999999.999999963,29242769.813155774,4242769.813155811,0.1697107925262327,mogi,Quận Tân Bình,Nhà phố,Nhà phố/nhà ở,Không rõ,90,6,277777.77777777775
rent,RF + XGBoost Ensemble,25999999.999999985,29438049.85441244,3438049.854412455,0.13223268670817143,mogi,Quận Tân Bình,Nhà phố,Nhà phố/nhà ở,Không rõ,108,5,240740.74074074073
rent,RF + XGBoost Ensemble,10499999.999999994,27820522.451088633,17320522.451088637,1.6495735667703473,mogi,Quận 11,Nhà phố,Nhà phố/nhà ở,Không rõ,90,3,116666.66666666669
rent,RF + XGBoost Ensemble,12000000.000000007,15104821.800887465,3104821.800887458,0.2587351500739547,mogi,Quận Bình Tân,Nhà phố,Nhà phố/nhà ở,Không rõ,56,5,214285.7142857143
rent,RF + XGBoost Ensemble,39999999.999999985,26533041.008359853,13466958.991640132,0.3366739747910034,mogi,Quận Bình Thạnh,Nhà phố,Nhà phố/nhà ở,Không rõ,90,4,444444.4444444445
rent,RF + XGBoost Ensemble,7500000.000000002,6534939.0989065515,965060.9010934504,0.12867478681246003,mogi,Quận 8,Nhà phố,Nhà phố/nhà ở,Không rõ,40,2,187500
rent,RF + XGBoost Ensemble,16999999.999999974,10848365.745969167,6151634.254030807,0.36186083847240097,mogi,Quận Phú Nhuận,Phòng/Cho thuê,Phòng trọ,Không rõ,35,3,485714.28571428574
rent,RF + XGBoost Ensemble,17999999.999999985,20203485.968017586,2203485.9680176005,0.12241588711208902,mogi,Quận Phú Nhuận,Nhà phố,Nhà phố/nhà ở,Không rõ,60,4,300000
rent,RF + XGBoost Ensemble,19000000.000000015,21937923.083821762,2937923.0838217475,0.15462753072746027,mogi,Quận 3,"Văn phòng, Mặt bằng kinh doanh",Tòa nhà/văn phòng/mặt bằng,Không rõ,60,3,316666.6666666667
rent,RF + XGBoost Ensemble,16999999.999999974,15775873.128283564,1224126.87171641,0.07200746304214187,mogi,Quận Phú Nhuận,Phòng/Cho thuê,Phòng trọ,Không rõ,40,5,425000
rent,RF + XGBoost Ensemble,37999999.99999996,44609877.353854045,6609877.3538540825,0.17394414089089708,mogi,Thành phố Thủ Đức,Phòng/Cho thuê,Phòng trọ,Không rõ,350,4,108571.42857142857
rent,RF + XGBoost Ensemble,22000000.000000007,29107752.30197209,7107752.301972084,0.32307965008964007,mogi,Quận 1,Nhà phố,Nhà phố/nhà ở,Không rõ,64,4,343750
rent,RF + XGBoost Ensemble,24999999.999999963,25530536.686337337,530536.6863373742,0.021221467453495,mogi,Quận Bình Thạnh,Nhà phố,Nhà phố/nhà ở,Không rõ,80,4,312500
rent,RF + XGBoost Ensemble,19000000.000000015,20576760.275381662,1576760.275381647,0.08298738291482347,mogi,Quận Gò Vấp,Nhà phố,Nhà phố/nhà ở,Không rõ,90,4,211111.11111111112
rent,RF + XGBoost Ensemble,11500000.000000019,9928767.630989153,1571232.3690108657,0.13662890165311853,mogi,Quận Bình Thạnh,Nhà phố,Nhà phố/nhà ở,Không rõ,30,1,383333.3333333333
rent,RF + XGBoost Ensemble,19000000.000000015,17057338.458669,1942661.5413310155,0.10224534428057969,mogi,Quận Phú Nhuận,Nhà phố,Nhà phố/nhà ở,Không rõ,50,3,380000
rent,RF + XGBoost Ensemble,24999999.999999963,23887529.193556737,1112470.8064432256,0.04449883225772909,mogi,Quận Bình Thạnh,Nhà phố,Nhà phố/nhà ở,Không rõ,60,5,416666.6666666667
rent,RF + XGBoost Ensemble,35000000.000000015,25215980.10203531,9784019.897964705,0.2795434256561343,mogi,Quận Bình Thạnh,Phòng/Cho thuê,Phòng trọ,Không rõ,80,7,437500
rent,RF + XGBoost Ensemble,8000000.000000002,8696605.998847526,696605.9988475237,0.08707574985594044,mogi,Quận Phú Nhuận,Nhà phố,Nhà phố/nhà ở,Không rõ,24,1,333333.3333333333
rent,RF + XGBoost Ensemble,16999999.999999974,56714678.129824504,39714678.129824534,2.3361575370485057,mogi,Quận 3,Nhà phố,Nhà phố/nhà ở,Không rõ,190,4,89473.68421052632
rent,RF + XGBoost Ensemble,15000000.00000001,26283472.909864344,11283472.909864334,0.7522315273242884,mogi,Quận 3,Nhà phố,Nhà phố/nhà ở,Không rõ,70,2,214285.7142857143
rent,RF + XGBoost Ensemble,22999999.999999974,26145140.3834842,3145140.3834842257,0.1367452340645317,mogi,Quận Tân Bình,Nhà phố,Nhà phố/nhà ở,Không rõ,90,5,255555.55555555556
rent,RF + XGBoost Ensemble,12000000.000000007,25674509.207249206,13674509.207249198,1.1395424339374325,mogi,Quận Bình Thạnh,Nhà phố,Nhà phố/nhà ở,Không rõ,80,2,150000
rent,RF + XGBoost Ensemble,16999999.999999974,24976988.609506674,7976988.6095067,0.46923462408863015,mogi,Quận Phú Nhuận,Nhà phố,Nhà phố/nhà ở,Không rõ,80,4,212500
rent,RF + XGBoost Ensemble,17999999.999999985,52646009.97357519,34646009.973575205,1.9247783318652907,mogi,Quận 3,"Văn phòng, Mặt bằng kinh doanh",Tòa nhà/văn phòng/mặt bằng,Không rõ,180,2,100000
rent,RF + XGBoost Ensemble,16999999.999999974,60282840.74358663,43282840.74358666,2.5460494555051016,mogi,Quận 3,Nhà phố,Nhà phố/nhà ở,Không rõ,200,4,85000
rent,RF + XGBoost Ensemble,16000000.000000026,12526197.463175626,3473802.5368243996,0.21711265855152462,mogi,Quận Tân Bình,Phòng/Cho thuê,Phòng trọ,Không rõ,80,2,200000
rent,RF + XGBoost Ensemble,13499999.999999993,17164558.839794714,3664558.8397947215,0.2714488029477573,mogi,Quận Tân Bình,Nhà phố,Nhà phố/nhà ở,Không rõ,49,2,275510.20408163266
rent,RF + XGBoost Ensemble,12000000.000000007,14934096.491224663,2934096.491224656,0.24450804093538783,mogi,Quận Bình Thạnh,Nhà phố,Nhà phố/nhà ở,Không rõ,52,3,230769.2307692308
rent,RF + XGBoost Ensemble,20000000.000000015,22912585.74135971,2912585.741359696,0.14562928706798467,mogi,Quận Bình Thạnh,Nhà phố,Nhà phố/nhà ở,Không rõ,100,2,200000
rent,RF + XGBoost Ensemble,6499999.999999999,9200988.065427635,2700988.065427636,0.41553662545040554,mogi,Quận Bình Tân,Nhà phố,Nhà phố/nhà ở,Không rõ,32,3,203125
rent,RF + XGBoost Ensemble,4999999.999999999,7533832.049726115,2533832.0497261155,0.5067664099452232,mogi,Quận 6,Nhà phố,Nhà phố/nhà ở,Không rõ,28,2,178571.42857142858
rent,RF + XGBoost Ensemble,11000000.000000013,12448337.972038437,1448337.9720384236,0.13166708836712926,mogi,Quận 3,Nhà phố,Nhà phố/nhà ở,Không rõ,27,2,407407.4074074074
rent,RF + XGBoost Ensemble,24999999.999999963,24807255.944790136,192744.05520982668,0.007709762208393078,mogi,Quận Bình Thạnh,Nhà phố,Nhà phố/nhà ở,Không rõ,72,5,347222.22222222225
rent,RF + XGBoost Ensemble,99999999.99999991,87916331.24512593,12083668.754873976,0.12083668754873987,mogi,Quận Bình Thạnh,Nhà phố,Nhà phố/nhà ở,Không rõ,156,11,641025.641025641
rent,RF + XGBoost Ensemble,24999999.999999963,22489668.49036091,2510331.5096390545,0.10041326038556234,mogi,Quận Bình Thạnh,Nhà phố,Nhà phố/nhà ở,Không rõ,64,4,390625
rent,RF + XGBoost Ensemble,35000000.000000015,23221513.740965474,11778486.25903454,0.33652817882955816,mogi,Quận 1,Nhà phố,Nhà phố/nhà ở,Không rõ,60,2,583333.3333333334
rent,RF + XGBoost Ensemble,12000000.000000007,11895968.266476855,104031.73352315277,0.008669311126929391,mogi,Quận 3,"Văn phòng, Mặt bằng kinh doanh",Tòa nhà/văn phòng/mặt bằng,Không rõ,30,1,400000
rent,RF + XGBoost Ensemble,9999999.999999996,13620610.594924014,3620610.594924018,0.3620610594924019,mogi,Quận 5,Nhà phố,Nhà phố/nhà ở,Không rõ,30,3,333333.3333333333
rent,RF + XGBoost Ensemble,15000000.00000001,19148661.877678484,4148661.8776784744,0.27657745851189813,mogi,Quận 3,Nhà phố,Nhà phố/nhà ở,Không rõ,32,5,468750
rent,RF + XGBoost Ensemble,9999999.999999996,14033456.810523972,4033456.8105239756,0.4033456810523977,mogi,Quận Tân Bình,Nhà phố,Nhà phố/nhà ở,Không rõ,50,3,200000
rent,RF + XGBoost Ensemble,128999999.99999931,97098769.4696758,31901230.53032352,0.24729636070018365,mogi,Quận Tân Bình,Nhà phố,Tòa nhà/văn phòng/mặt bằng,Không rõ,200,5,645000
rent,RF + XGBoost Ensemble,8199999.999999994,12408174.843257941,4208174.843257947,0.5131920540558476,mogi,Quận Bình Tân,Nhà phố,Nhà phố/nhà ở,Không rõ,68,4,120588.23529411764
rent,RF + XGBoost Ensemble,16000000.000000026,19652129.17843979,3652129.1784397624,0.2282580736524848,mogi,Quận 1,Nhà phố,Nhà phố/nhà ở,Không rõ,54,2,296296.2962962963
rent,RF + XGBoost Ensemble,8999999.999999996,9248051.296485392,248051.2964853961,0.027561255165044023,mogi,Quận 8,Phòng/Cho thuê,Phòng trọ,Không rõ,33,4,272727.2727272727
rent,RF + XGBoost Ensemble,12000000.000000007,8127680.636949307,3872319.3630507,0.32269328025422483,mogi,Quận Phú Nhuận,Căn hộ,Căn hộ,Không rõ,30,3,400000
rent,RF + XGBoost Ensemble,24999999.999999963,25838167.213487033,838167.21348707,0.03352668853948285,mogi,Quận Phú Nhuận,Nhà phố,Nhà phố/nhà ở,Không rõ,72,5,347222.22222222225
rent,RF + XGBoost Ensemble,17999999.999999985,18987331.073485594,987331.0734856091,0.054851726304756106,mogi,Quận 10,Nhà phố,Biệt thự/cao cấp,Không rõ,48,3,375000
rent,RF + XGBoost Ensemble,20999999.99999998,22557914.63650188,1557914.6365018971,0.07418641126199517,mogi,Quận Bình Thạnh,Nhà phố,Nhà phố/nhà ở,Không rõ,90,4,233333.33333333337
rent,RF + XGBoost Ensemble,12499999.999999985,19612517.397496436,7112517.397496451,0.5690013917997168,mogi,Quận Bình Thạnh,Nhà phố,Nhà phố/nhà ở,Không rõ,42,3,297619.04761904763
rent,RF + XGBoost Ensemble,30000000.00000005,22459490.814852525,7540509.185147524,0.2513503061715837,mogi,Quận Bình Thạnh,Nhà phố,Nhà phố/nhà ở,Không rõ,72,4,416666.6666666667
rent,RF + XGBoost Ensemble,16999999.999999974,19605917.461784437,2605917.4617844634,0.15328926245790986,mogi,Quận Phú Nhuận,Nhà phố,Nhà phố/nhà ở,Không rõ,60,4,283333.3333333333
rent,RF + XGBoost Ensemble,15000000.00000001,16983940.907962024,1983940.907962015,0.13226272719746757,mogi,Quận 10,Nhà phố,Nhà phố/nhà ở,Không rõ,55,3,272727.2727272727
rent,RF + XGBoost Ensemble,13000000.000000013,18060964.498763822,5060964.498763809,0.3893049614433695,mogi,Quận Bình Thạnh,Nhà phố,Nhà phố/nhà ở,Không rõ,36,4,361111.1111111111
rent,RF + XGBoost Ensemble,7500000.000000002,8762817.281753227,1262817.2817532253,0.16837563756709667,mogi,Quận Bình Tân,Nhà phố,Nhà phố/nhà ở,Không rõ,56,2,133928.57142857142
rent,RF + XGBoost Ensemble,22000000.000000007,17121124.404138483,4878875.595861524,0.22176707253916011,mogi,Quận Bình Thạnh,Nhà phố,Nhà phố/nhà ở,Không rõ,74,3,297297.2972972973
rent,RF + XGBoost Ensemble,13000000.000000013,42226098.6646841,29226098.664684087,2.2481614357449273,mogi,Quận Tân Bình,Nhà phố,Tòa nhà/văn phòng/mặt bằng,Không rõ,100,18,130000
rent,RF + XGBoost Ensemble,8499999.999999998,9590930.58043886,1090930.5804388616,0.12834477416927786,mogi,Quận 4,Nhà phố,Nhà phố/nhà ở,Không rõ,70,2,121428.57142857143
rent,RF + XGBoost Ensemble,22999999.999999974,30578669.894865055,7578669.894865081,0.32950738673326474,mogi,Quận 1,Nhà phố,Nhà phố/nhà ở,Không rõ,64,6,359375
rent,RF + XGBoost Ensemble,4500000.000000002,5199299.567280095,699299.5672800932,0.15539990384002064,mogi,Quận 12,Nhà phố,Nhà phố/nhà ở,Không rõ,45,2,100000
rent,RF + XGBoost Ensemble,6000000,5649629.66729625,350370.33270374965,0.05839505545062494,mogi,Quận 12,Nhà phố,Nhà phố/nhà ở,Không rõ,56,2,107142.85714285714
rent,RF + XGBoost Ensemble,9999999.999999996,7258506.705920923,2741493.2940790737,0.2741493294079075,mogi,Quận 12,Nhà phố,Nhà phố/nhà ở,Không rõ,88,2,113636.36363636365
rent,RF + XGBoost Ensemble,4999999.999999999,6462786.445974145,1462786.445974146,0.29255728919482926,mogi,Quận 12,Nhà phố,Nhà phố/nhà ở,Không rõ,80,2,62500
rent,RF + XGBoost Ensemble,6000000,5781181.723527536,218818.2764724642,0.0364697127454107,mogi,Quận 12,Nhà phố,Nhà phố/nhà ở,Không rõ,55,2,109090.90909090907
rent,RF + XGBoost Ensemble,9999999.999999996,11156868.744454073,1156868.7444540765,0.11568687444540769,mogi,Quận 12,Nhà phố,Nhà phố/nhà ở,Không rõ,72,4,138888.88888888888
rent,RF + XGBoost Ensemble,8000000.000000002,12174880.308336344,4174880.3083363418,0.5218600385420425,mogi,Quận 12,Nhà phố,Nhà phố/nhà ở,Không rõ,120,2,66666.66666666667
rent,RF + XGBoost Ensemble,26999999.999999993,26144310.39232775,855689.6076722443,0.03169220769156461,mogi,Quận Tân Bình,Nhà phố,Nhà phố/nhà ở,Không rõ,100,5,270000
rent,RF + XGBoost Ensemble,4999999.999999999,6567483.676726269,1567483.6767262695,0.31349673534525396,mogi,Quận 12,Nhà phố,Nhà phố/nhà ở,Không rõ,60,3,83333.33333333333
rent,RF + XGBoost Ensemble,4999999.999999999,4697030.271404455,302969.72859554365,0.06059394571910874,mogi,Quận 12,Nhà phố,Nhà phố/nhà ở,Không rõ,40,2,125000
rent,RF + XGBoost Ensemble,12000000.000000007,12409168.903169302,409168.9031692948,0.03409740859744122,mogi,Quận Bình Thạnh,Nhà phố,Nhà phố/nhà ở,Không rõ,48,2,250000
rent,RF + XGBoost Ensemble,6499999.999999999,12789967.139981957,6289967.139981958,0.9676872523049168,mogi,Quận Bình Thạnh,Nhà phố,Nhà phố/nhà ở,Không rõ,44,2,147727.27272727274
rent,RF + XGBoost Ensemble,4500000.000000002,5993740.112146358,1493740.1121463561,0.3319422471436346,mogi,Quận 12,Nhà phố,Nhà phố/nhà ở,Không rõ,68,2,66176.4705882353
rent,RF + XGBoost Ensemble,6499999.999999999,7217419.000405377,717419.0004053777,0.11037215390851966,mogi,Quận 12,Nhà phố,Nhà phố/nhà ở,Không rõ,80,2,81250
rent,RF + XGBoost Ensemble,4500000.000000002,5473886.646351752,973886.64635175,0.21641925474483326,mogi,Quận 12,Nhà phố,Nhà phố/nhà ở,Không rõ,64,2,70312.5
rent,RF + XGBoost Ensemble,3500000.0000000056,6191054.526778595,2691054.526778589,0.7688727219367385,mogi,Quận Bình Tân,Nhà phố,Nhà phố/nhà ở,Không rõ,32,1,109375
rent,RF + XGBoost Ensemble,4999999.999999999,5505749.240121411,505749.2401214121,0.10114984802428244,mogi,Quận 12,Nhà phố,Nhà phố/nhà ở,Không rõ,42,2,119047.61904761904
rent,RF + XGBoost Ensemble,8000000.000000002,6693981.737023086,1306018.2629769156,0.1632522828721144,mogi,Quận Tân Bình,Phòng/Cho thuê,Phòng trọ,Không rõ,50,1,160000
rent,RF + XGBoost Ensemble,24999999.999999963,24619568.24444639,380431.75555357337,0.015217270222142958,mogi,Quận Bình Thạnh,Nhà phố,Nhà phố/nhà ở,Không rõ,120,2,208333.33333333337
rent,RF + XGBoost Ensemble,13000000.000000013,17933543.71217246,4933543.712172447,0.3795033624748032,mogi,Quận 10,Nhà phố,Nhà phố/nhà ở,Không rõ,55,3,236363.63636363635
rent,RF + XGBoost Ensemble,16999999.999999974,19933397.503157277,2933397.5031573027,0.172552794303371,mogi,Quận Gò Vấp,Nhà phố,Nhà phố/nhà ở,Không rõ,68,4,250000
rent,RF + XGBoost Ensemble,20000000.000000015,19598514.334037106,401485.6659629084,0.020074283298145406,mogi,Quận Gò Vấp,Nhà phố,Nhà phố/nhà ở,Không rõ,68,5,294117.64705882355
rent,RF + XGBoost Ensemble,16999999.999999974,19863757.964825787,2863757.9648258127,0.1684563508721069,mogi,Quận Gò Vấp,Nhà phố,Nhà phố/nhà ở,Không rõ,72,5,236111.11111111112
rent,RF + XGBoost Ensemble,12000000.000000007,23193763.08000951,11193763.080009501,0.9328135900007912,mogi,Quận Tân Bình,Nhà phố,Nhà phố/nhà ở,Không rõ,67,1,179104.4776119403
rent,RF + XGBoost Ensemble,8000000.000000002,9664510.67925056,1664510.6792505588,0.2080638349063198,mogi,Quận Gò Vấp,Nhà phố,Nhà phố/nhà ở,Không rõ,50,3,160000
rent,RF + XGBoost Ensemble,4000000.0000000005,12337409.223653624,8337409.223653624,2.0843523059134057,mogi,Thành phố Thủ Đức,Nhà phố,Nhà phố/nhà ở,Không rõ,22,3,181818.18181818185
rent,RF + XGBoost Ensemble,16000000.000000026,59261761.87292354,43261761.87292351,2.703860117057715,mogi,Quận 1,Nhà phố,Nhà phố/nhà ở,Không rõ,80,0,200000
rent,RF + XGBoost Ensemble,12000000.000000007,11961446.383610921,38553.61638908647,0.003212801365757204,mogi,Quận Gò Vấp,Nhà phố,Nhà phố/nhà ở,Không rõ,80,3,150000
rent,RF + XGBoost Ensemble,7500000.000000002,11729808.526932152,4229808.52693215,0.5639744702576199,mogi,Quận Bình Thạnh,"Văn phòng, Mặt bằng kinh doanh",Tòa nhà/văn phòng/mặt bằng,Không rõ,30,1,250000
rent,RF + XGBoost Ensemble,12499999.999999985,37246525.53653767,24746525.536537685,1.9797220429230171,mogi,Quận Phú Nhuận,Nhà phố,Nhà phố/nhà ở,Không rõ,120,3,104166.66666666669
rent,RF + XGBoost Ensemble,35000000.000000015,130159395.63934252,95159395.6393425,2.7188398754097847,mogi,Quận 11,Nhà phố,Nhà phố/nhà ở,Không rõ,270,8,129629.62962962964
rent,RF + XGBoost Ensemble,13000000.000000013,13428166.912723308,428166.9127232954,0.03293591636333038,mogi,Quận Bình Thạnh,Nhà phố,Nhà phố/nhà ở,Không rõ,24,3,541666.6666666666
rent,RF + XGBoost Ensemble,1299999.9999999993,1706492.9391298124,406492.9391298131,0.31268687625370256,mogi,Quận Phú Nhuận,Phòng/Cho thuê,Phòng trọ,Không rõ,70,0,18571.428571428572
rent,RF + XGBoost Ensemble,1299999.9999999993,2242565.407206028,942565.4072060285,0.7250503132354069,mogi,Quận Phú Nhuận,Phòng/Cho thuê,Phòng trọ,Không rõ,70,0,18571.428571428572
rent,RF + XGBoost Ensemble,999999.9999999997,1771964.9130077895,771964.9130077899,0.7719649130077901,mogi,Quận 10,Phòng/Cho thuê,Phòng trọ,Không rõ,70,0,14285.714285714286
rent,RF + XGBoost Ensemble,1299999.9999999993,1815370.3639047737,515370.3639047744,0.3964387414652113,mogi,Quận 10,Phòng/Cho thuê,Phòng trọ,Không rõ,70,0,18571.428571428572
rent,RF + XGBoost Ensemble,4399999.999999997,3468932.1969277207,931067.8030722765,0.21160631888006298,mogi,Quận Gò Vấp,Phòng/Cho thuê,Phòng trọ,Không rõ,30,0,146666.66666666666
rent,RF + XGBoost Ensemble,5199999.999999999,5441312.76813668,241312.76813668106,0.046406301564746365,mogi,Quận 7,Căn hộ,Căn hộ,Không rõ,25,0,208000
rent,RF + XGBoost Ensemble,3799999.9999999995,3073815.756377268,726184.2436227314,0.19110111674282407,mogi,Quận 7,Phòng/Cho thuê,Phòng trọ,Không rõ,30,0,126666.66666666669
rent,RF + XGBoost Ensemble,4799999.999999999,3495213.4251240185,1304786.5748759806,0.271830536432496,mogi,Quận 10,Phòng/Cho thuê,Phòng trọ,Không rõ,30,0,160000
rent,RF + XGBoost Ensemble,3799999.9999999995,3521762.1255266974,278237.87447330216,0.07322049328244795,mogi,Quận Gò Vấp,Phòng/Cho thuê,Phòng trọ,Không rõ,30,0,126666.66666666669
rent,RF + XGBoost Ensemble,4700000.000000012,6135567.19472053,1435567.1947205178,0.3054398286639392,mogi,Quận 7,Căn hộ,Căn hộ,Không rõ,30,0,156666.66666666666
rent,RF + XGBoost Ensemble,1600000.000000004,1913403.8098069686,313403.8098069646,0.19587738112935238,mogi,Quận 11,Phòng/Cho thuê,Phòng trọ,Không rõ,25,0,64000
rent,RF + XGBoost Ensemble,4799999.999999999,3634958.975288901,1165041.024711098,0.24271688014814546,mogi,Quận Tân Bình,Phòng/Cho thuê,Phòng trọ,Không rõ,30,0,160000
rent,RF + XGBoost Ensemble,1699999.9999999958,2926050.225826957,1226050.225826961,0.7212060151923317,mogi,Quận Tân Phú,Phòng/Cho thuê,Phòng trọ,Không rõ,35,0,48571.42857142857
rent,RF + XGBoost Ensemble,1800000.000000004,2558806.6735161506,758806.6735161466,0.42155926306452496,mogi,Quận Tân Phú,Phòng/Cho thuê,Phòng trọ,Không rõ,35,0,51428.57142857143
rent,RF + XGBoost Ensemble,2000000.0000000016,2057847.1136894494,57847.11368944775,0.028923556844723853,mogi,Quận Phú Nhuận,Phòng/Cho thuê,Phòng trọ,Không rõ,25,0,80000
rent,RF + XGBoost Ensemble,5199999.999999999,5014676.222736386,185323.77726361342,0.035639187935310276,mogi,Quận Bình Thạnh,Phòng/Cho thuê,Phòng trọ,Không rõ,35,0,148571.42857142858
rent,RF + XGBoost Ensemble,1800000.000000004,3320439.165892443,1520439.1658924392,0.8446884254957977,mogi,Quận Tân Phú,Phòng/Cho thuê,Phòng trọ,Không rõ,25,0,72000
rent,RF + XGBoost Ensemble,1400000.0000000033,3027688.020289682,1627688.0202896786,1.1626343002069106,mogi,Quận Tân Phú,Phòng/Cho thuê,Phòng trọ,Không rõ,25,0,56000
rent,RF + XGBoost Ensemble,1800000.000000004,2062999.1784238655,262999.1784238615,0.14611065467992274,mogi,Quận 10,Phòng/Cho thuê,Phòng trọ,Không rõ,25,0,72000
rent,RF + XGBoost Ensemble,1800000.000000004,1990627.2370862912,190627.23708628723,0.10590402060349267,mogi,Quận 10,Phòng/Cho thuê,Phòng trọ,Không rõ,25,0,72000
rent,RF + XGBoost Ensemble,2000000.0000000016,2142715.066997362,142715.0669973602,0.07135753349868004,mogi,Thành phố Thủ Đức,Phòng/Cho thuê,Phòng trọ,Không rõ,25,0,80000
rent,RF + XGBoost Ensemble,1600000.000000004,1757870.63366928,157870.63366927602,0.09866914604329727,mogi,Quận 11,Phòng/Cho thuê,Phòng trọ,Không rõ,25,0,64000
rent,RF + XGBoost Ensemble,7300000.000000004,4883574.825306229,2416425.1746937744,0.3310171472183251,mogi,Quận Tân Bình,Căn hộ,Căn hộ,Không rõ,30,0,243333.33333333337
rent,RF + XGBoost Ensemble,1600000.000000004,2079030.942795678,479030.9427956741,0.2993943392472956,mogi,Quận Tân Phú,Phòng/Cho thuê,Phòng trọ,Không rõ,25,0,64000
rent,RF + XGBoost Ensemble,4999999.999999999,3994939.9374611825,1005060.0625388166,0.20101201250776335,mogi,Quận Bình Thạnh,Phòng/Cho thuê,Phòng trọ,Không rõ,30,0,166666.66666666666
rent,RF + XGBoost Ensemble,1800000.000000004,2057847.1136894494,257847.11368944542,0.14324839649413604,mogi,Quận Phú Nhuận,Phòng/Cho thuê,Phòng trọ,Không rõ,25,0,72000
rent,RF + XGBoost Ensemble,1800000.000000004,2111806.240237816,311806.2402378118,0.17322568902100619,mogi,Quận Phú Nhuận,Phòng/Cho thuê,Phòng trọ,Không rõ,25,0,72000
rent,RF + XGBoost Ensemble,1600000.000000004,2864237.023266546,1264237.023266542,0.7901481395415868,mogi,Quận Tân Phú,Phòng/Cho thuê,Phòng trọ,Không rõ,25,0,64000
rent,RF + XGBoost Ensemble,1600000.000000004,2059869.9623932927,459869.96239328873,0.28741872649580474,mogi,Quận 11,Phòng/Cho thuê,Phòng trọ,Không rõ,25,0,64000
rent,RF + XGBoost Ensemble,2000000.0000000016,2221556.466734234,221556.46673423215,0.11077823336711598,mogi,Thành phố Thủ Đức,Phòng/Cho thuê,Phòng trọ,Không rõ,25,0,80000
rent,RF + XGBoost Ensemble,2700000,3063356.0016015316,363356.00160153164,0.13457629688945616,mogi,Quận 8,Phòng/Cho thuê,Phòng trọ,Không rõ,22,0,122727.27272727272
rent,RF + XGBoost Ensemble,1699999.9999999958,1800163.3453472175,100163.34534722171,0.05891961491013056,mogi,Quận 8,Phòng/Cho thuê,Phòng trọ,Không rõ,9,0,188888.88888888888
rent,RF + XGBoost Ensemble,1949999.999999999,1789637.5955055424,160362.4044944567,0.08223713050997784,mogi,Quận 8,Phòng/Cho thuê,Phòng trọ,Không rõ,10,0,195000
rent,RF + XGBoost Ensemble,1299999.9999999993,5541753.511109786,4241753.511109787,3.2628873162382996,mogi,Quận Phú Nhuận,Phòng/Cho thuê,Phòng trọ,Không rõ,50,0,26000
rent,RF + XGBoost Ensemble,4000000.0000000005,3838375.792521163,161624.20747883758,0.040406051869709386,mogi,Quận 7,Phòng/Cho thuê,Phòng trọ,Không rõ,30,0,133333.33333333334
rent,RF + XGBoost Ensemble,4000000.0000000005,3471480.064359908,528519.9356400925,0.1321299839100231,mogi,Quận 7,Phòng/Cho thuê,Phòng trọ,Không rõ,25,0,160000
rent,RF + XGBoost Ensemble,999999.9999999997,1499999.9999999986,499999.99999999895,0.4999999999999991,mogi,Quận 5,Phòng/Cho thuê,Phòng trọ,Không rõ,45,0,22222.222222222223
rent,RF + XGBoost Ensemble,3000000.000000001,2935577.1980304876,64422.8019695133,0.021474267323171092,mogi,Quận 12,Phòng/Cho thuê,Phòng trọ,Không rõ,30,0,100000
rent,RF + XGBoost Ensemble,3299999.9999999925,3209691.337261443,90308.66273854952,0.02736626143592416,mogi,Quận Tân Phú,Phòng/Cho thuê,Phòng trọ,Không rõ,25,0,132000
rent,RF + XGBoost Ensemble,3799999.9999999995,3936298.322849637,136298.32284963736,0.035867979697273,mogi,Quận Bình Tân,Căn hộ,Căn hộ,Không rõ,30,0,126666.66666666669
rent,RF + XGBoost Ensemble,3000000.000000001,3198649.469152035,198649.46915203426,0.06621648971734473,mogi,Quận Tân Phú,Phòng/Cho thuê,Phòng trọ,Không rõ,25,0,120000
rent,RF + XGBoost Ensemble,4500000.000000002,3898752.015686981,601247.984313021,0.13361066318067127,mogi,Quận Tân Phú,Căn hộ,Căn hộ,Không rõ,25,0,180000
rent,RF + XGBoost Ensemble,1299999.9999999993,1499999.9999999986,199999.9999999993,0.15384615384615338,mogi,Quận 5,Phòng/Cho thuê,Phòng trọ,Không rõ,70,0,18571.428571428572
rent,RF + XGBoost Ensemble,3600000.0000000014,3696757.046598777,96757.04659877578,0.026876957388548818,mogi,Quận Bình Tân,Phòng/Cho thuê,Phòng trọ,Không rõ,25,0,144000
rent,RF + XGBoost Ensemble,3299999.9999999925,3534642.7512604636,234642.75126047106,0.07110386401832472,mogi,Quận Gò Vấp,Phòng/Cho thuê,Phòng trọ,Không rõ,25,0,132000
rent,RF + XGBoost Ensemble,4999999.999999999,3969127.5912192627,1030872.4087807364,0.2061744817561473,mogi,Quận Gò Vấp,Phòng/Cho thuê,Phòng trọ,Không rõ,25,0,200000
rent,RF + XGBoost Ensemble,4799999.999999999,4391724.394806127,408275.605193872,0.08505741774872336,mogi,Quận Bình Thạnh,Phòng/Cho thuê,Phòng trọ,Không rõ,30,0,160000
rent,RF + XGBoost Ensemble,4199999.999999997,4363153.596505118,163153.5965051204,0.03884609440598107,mogi,Quận Tân Bình,Phòng/Cho thuê,Phòng trọ,Không rõ,30,0,140000
rent,RF + XGBoost Ensemble,3400000.000000002,3388970.957947886,11029.04205211578,0.0032438358976811096,mogi,Quận Tân Bình,Phòng/Cho thuê,Phòng trọ,Không rõ,28,0,121428.57142857143
rent,RF + XGBoost Ensemble,2900000.0000000014,2973475.277143416,73475.2771434146,0.0253363024632464,mogi,Quận Tân Phú,Phòng/Cho thuê,Phòng trọ,Không rõ,25,0,116000
rent,RF + XGBoost Ensemble,4900000.000000004,4249634.432312419,650365.567687585,0.13272766687501725,mogi,Quận Tân Phú,Căn hộ,Căn hộ,Không rõ,30,0,163333.33333333334
rent,RF + XGBoost Ensemble,2100000.0000000047,2481439.255756494,381439.25575648947,0.18163774083642314,mogi,Thành phố Thủ Đức,Phòng/Cho thuê,Phòng trọ,Không rõ,25,0,84000
rent,RF + XGBoost Ensemble,4000000.0000000005,3754124.335966042,245875.6640339587,0.061468916008489666,mogi,Quận Tân Phú,Phòng/Cho thuê,Phòng trọ,Không rõ,30,0,133333.33333333334
rent,RF + XGBoost Ensemble,2400000.000000001,2550829.910221311,150829.91022130987,0.06284579592554575,mogi,Thành phố Thủ Đức,Phòng/Cho thuê,Phòng trọ,Không rõ,25,0,96000
rent,RF + XGBoost Ensemble,4999999.999999999,3137066.4283229983,1862933.5716770007,0.3725867143354002,mogi,Quận Bình Thạnh,Phòng/Cho thuê,Phòng trọ,Không rõ,30,0,166666.66666666666
rent,RF + XGBoost Ensemble,3500000.0000000056,2973475.277143416,526524.7228565896,0.15043563510188251,mogi,Quận Tân Phú,Phòng/Cho thuê,Phòng trọ,Không rõ,25,0,140000
rent,RF + XGBoost Ensemble,3900000.000000008,3300479.3896201625,599520.6103798454,0.15372323343072927,mogi,Quận Tân Phú,Phòng/Cho thuê,Phòng trọ,Không rõ,30,0,130000
rent,RF + XGBoost Ensemble,4000000.0000000005,3598717.534597163,401282.4654028374,0.10032061635070934,mogi,Quận Tân Bình,Phòng/Cho thuê,Phòng trọ,Không rõ,25,0,160000
rent,RF + XGBoost Ensemble,3099999.9999999986,3250904.1724307444,150904.1724307458,0.0486787653002406,mogi,Quận Gò Vấp,Phòng/Cho thuê,Phòng trọ,Không rõ,25,0,124000
rent,RF + XGBoost Ensemble,2800000.000000002,3561922.527999475,761922.5279994733,0.2721151885712403,mogi,Quận Tân Bình,Phòng/Cho thuê,Phòng trọ,Không rõ,25,0,112000
rent,RF + XGBoost Ensemble,1499999.9999999986,2883337.1424909933,1383337.1424909947,0.9222247616606639,mogi,Quận Gò Vấp,Phòng/Cho thuê,Phòng trọ,Không rõ,20,0,75000
rent,RF + XGBoost Ensemble,1499999.9999999986,2893896.590220543,1393896.5902205445,0.9292643934803638,mogi,Quận Gò Vấp,Phòng/Cho thuê,Phòng trọ,Không rõ,20,0,75000
rent,RF + XGBoost Ensemble,4500000.000000002,4519082.846555032,19082.846555029973,0.004240632567784437,mogi,Quận Gò Vấp,Phòng/Cho thuê,Phòng trọ,Không rõ,40,0,112500
rent,RF + XGBoost Ensemble,4000000.0000000005,5018437.530452467,1018437.5304524661,0.2546093826131165,mogi,Quận Gò Vấp,Căn hộ,Căn hộ,Không rõ,35,0,114285.71428571428
rent,RF + XGBoost Ensemble,4199999.999999997,3574619.956970167,625380.0430298303,0.1489000102451978,mogi,Quận 12,Phòng/Cho thuê,Phòng trọ,Không rõ,35,0,120000
rent,RF + XGBoost Ensemble,3799999.9999999995,3228364.6858117566,571635.3141882429,0.1504303458390113,mogi,Quận 12,Phòng/Cho thuê,Phòng trọ,Không rõ,30,0,126666.66666666669
rent,RF + XGBoost Ensemble,4500000.000000002,4968393.150464552,468393.1504645506,0.10408736676990009,mogi,Quận Gò Vấp,Căn hộ,Căn hộ,Không rõ,40,0,112500
rent,RF + XGBoost Ensemble,4999999.999999999,4349297.015931155,650702.9840688445,0.1301405968137689,mogi,Quận Gò Vấp,Phòng/Cho thuê,Phòng trọ,Không rõ,40,0,125000
rent,RF + XGBoost Ensemble,4999999.999999999,4685818.043232411,314181.9567675879,0.0628363913535176,mogi,Quận Gò Vấp,Phòng/Cho thuê,Phòng trọ,Không rõ,45,0,111111.11111111112
rent,RF + XGBoost Ensemble,3600000.0000000014,3056802.4325374267,543197.5674625747,0.15088821318404846,mogi,Quận Gò Vấp,Phòng/Cho thuê,Phòng trọ,Không rõ,20,0,180000
rent,RF + XGBoost Ensemble,3700000.000000002,2390559.1406806144,1309440.8593193875,0.35390293495118563,mogi,Quận Gò Vấp,Phòng/Cho thuê,Phòng trọ,Không rõ,10,0,370000
rent,RF + XGBoost Ensemble,3600000.0000000014,2477654.232125329,1122345.7678746725,0.31176271329852,mogi,Quận Gò Vấp,Phòng/Cho thuê,Phòng trọ,Không rõ,6,0,600000
rent,RF + XGBoost Ensemble,4500000.000000002,4959822.043172914,459822.04317291174,0.10218267626064702,mogi,Quận 7,Phòng/Cho thuê,Phòng trọ,Không rõ,38,0,118421.05263157896
rent,RF + XGBoost Ensemble,5400000.000000005,4376698.8341001235,1023301.1658998812,0.18950021590738525,mogi,Quận 7,Phòng/Cho thuê,Phòng trọ,Không rõ,28,0,192857.14285714287
rent,RF + XGBoost Ensemble,4300000.000000002,5415099.832186967,1115099.8321869653,0.2593255423690616,mogi,Quận Bình Thạnh,Phòng/Cho thuê,Phòng trọ,Không rõ,35,0,122857.14285714286
rent,RF + XGBoost Ensemble,1350000.0000000026,1676818.8487340843,326818.8487340817,0.24208803609931934,mogi,Quận Tân Phú,Phòng/Cho thuê,Phòng trọ,Không rõ,49,0,27551.020408163266
rent,RF + XGBoost Ensemble,1350000.0000000026,2672912.5431142603,1322912.5431142577,0.9799352171216705,mogi,Quận Tân Phú,Phòng/Cho thuê,Phòng trọ,Không rõ,38,0,35526.31578947369
rent,RF + XGBoost Ensemble,1150000.0000000005,1550882.9736049112,400882.9736049108,0.3485938900912266,mogi,Quận Tân Phú,Phòng/Cho thuê,Phòng trọ,Không rõ,49,0,23469.38775510204
rent,RF + XGBoost Ensemble,1350000.0000000026,2672912.5431142603,1322912.5431142577,0.9799352171216705,mogi,Quận Tân Phú,Phòng/Cho thuê,Phòng trọ,Không rõ,38,0,35526.31578947369
rent,RF + XGBoost Ensemble,5199999.999999999,6604023.245214305,1404023.2452143058,0.2700044702335204,mogi,Quận Phú Nhuận,Căn hộ,Căn hộ,Không rõ,24,0,216666.66666666663
rent,RF + XGBoost Ensemble,1350000.0000000026,1525568.820536304,175568.82053630147,0.13005097817503788,mogi,Quận Tân Phú,Phòng/Cho thuê,Phòng trọ,Không rõ,50,0,27000
rent,RF + XGBoost Ensemble,2300000,2890972.1926905313,590972.1926905313,0.2569444316045788,mogi,Thành phố Thủ Đức,Phòng/Cho thuê,Phòng trọ,Không rõ,18,0,127777.77777777778
rent,RF + XGBoost Ensemble,1499999.9999999986,2582891.712512823,1082891.7125128242,0.7219278083418835,mogi,Thành phố Thủ Đức,Phòng/Cho thuê,Phòng trọ,Không rõ,30,0,50000
rent,RF + XGBoost Ensemble,1699999.9999999958,3011328.8852204476,1311328.8852204517,0.7713699324826205,mogi,Quận Bình Thạnh,Phòng/Cho thuê,Phòng trọ,Không rõ,30,0,56666.666666666664
rent,RF + XGBoost Ensemble,4099999.9999999907,3977199.942654737,122800.05734525388,0.02995123349884248,mogi,Quận Gò Vấp,Phòng/Cho thuê,Phòng trọ,Không rõ,35,0,117142.85714285714
rent,RF + XGBoost Ensemble,3299999.9999999925,4944222.301101331,1644222.3011013381,0.49824918215192177,mogi,Quận Bình Thạnh,Phòng/Cho thuê,Phòng trọ,Không rõ,20,0,165000
rent,RF + XGBoost Ensemble,3200000.000000008,3598717.534597163,398717.5345971552,0.12459922956161068,mogi,Quận Tân Bình,Phòng/Cho thuê,Phòng trọ,Không rõ,25,0,128000
rent,RF + XGBoost Ensemble,1350000.0000000026,1689403.092869977,339403.09286997444,0.2514096984222028,mogi,Quận Tân Phú,Phòng/Cho thuê,Phòng trọ,Không rõ,50,0,27000
rent,RF + XGBoost Ensemble,5300000.000000001,6287274.085740427,987274.0857404256,0.18627812938498595,mogi,Quận Bình Tân,Căn hộ,Căn hộ,Không rõ,40,0,132500
rent,RF + XGBoost Ensemble,5300000.000000001,7316380.257449818,2016380.257449817,0.38044910517921066,mogi,Quận Bình Tân,Căn hộ,Căn hộ,Không rõ,40,0,132500
rent,RF + XGBoost Ensemble,2499999.9999999953,2819045.147113003,319045.1471130075,0.12761805884520325,mogi,Quận 12,Phòng/Cho thuê,Phòng trọ,Không rõ,20,0,125000
rent,RF + XGBoost Ensemble,2599999.9999999986,2856505.8311415087,256505.83114151005,0.09865608890058084,mogi,Quận Tân Phú,Phòng/Cho thuê,Phòng trọ,Không rõ,18,0,144444.44444444444
rent,RF + XGBoost Ensemble,2599999.9999999986,2705219.0839441316,105219.08394413302,0.04046887844005118,mogi,Quận Tân Phú,Phòng/Cho thuê,Phòng trọ,Không rõ,20,0,130000
rent,RF + XGBoost Ensemble,4000000.0000000005,5142504.738020212,1142504.738020212,0.28562618450505295,mogi,Quận 3,Phòng/Cho thuê,Phòng trọ,Không rõ,30,0,133333.33333333334
rent,RF + XGBoost Ensemble,6200000.000000005,9690950.022394389,3490950.0223943843,0.5630564552249002,mogi,Quận 8,Phòng/Cho thuê,Phòng trọ,Không rõ,75,0,82666.66666666667
rent,RF + XGBoost Ensemble,3000000.000000001,2801723.0214260765,198276.9785739244,0.06609232619130812,mogi,Quận 12,Phòng/Cho thuê,Phòng trọ,Không rõ,28,0,107142.85714285714
rent,RF + XGBoost Ensemble,2300000,2770222.8537999615,470222.8537999615,0.20444471904346154,mogi,Quận 12,Phòng/Cho thuê,Phòng trọ,Không rõ,25,0,92000
rent,RF + XGBoost Ensemble,6000000,5264174.70853022,735825.2914697798,0.12263754857829663,mogi,Quận Bình Thạnh,Phòng/Cho thuê,Phòng trọ,Không rõ,32,0,187500
rent,RF + XGBoost Ensemble,4500000.000000002,4366357.240172507,133642.75982749462,0.02969839107277657,mogi,Quận Bình Thạnh,Phòng/Cho thuê,Phòng trọ,Không rõ,30,0,150000
rent,RF + XGBoost Ensemble,4799999.999999999,5082666.496496691,282666.4964966923,0.058888853436810905,mogi,Quận Bình Thạnh,Phòng/Cho thuê,Phòng trọ,Không rõ,30,0,160000
rent,RF + XGBoost Ensemble,4399999.999999997,5002299.481605332,602299.4816053351,0.13688624581939443,mogi,Quận Bình Thạnh,Phòng/Cho thuê,Phòng trọ,Không rõ,28,0,157142.85714285713
rent,RF + XGBoost Ensemble,1550000.0000000012,3684520.846552614,2134520.846552613,1.37711022358233,mogi,Quận Gò Vấp,Phòng/Cho thuê,Phòng trọ,Không rõ,40,0,38750
rent,RF + XGBoost Ensemble,2499999.9999999953,3191011.884792064,691011.8847920685,0.2764047539168279,mogi,Quận Gò Vấp,Phòng/Cho thuê,Phòng trọ,Không rõ,25,0,100000
rent,RF + XGBoost Ensemble,1600000.000000004,2309602.803870904,709602.8038708998,0.4435017524193113,mogi,Quận Tân Phú,Phòng/Cho thuê,Phòng trọ,Không rõ,9,0,177777.77777777778
rent,RF + XGBoost Ensemble,3200000.000000008,3756081.053707881,556081.053707873,0.17377532928370987,mogi,Quận Tân Bình,Phòng/Cho thuê,Phòng trọ,Không rõ,35,0,91428.57142857143
rent,RF + XGBoost Ensemble,2900000.0000000014,3755885.009406769,855885.0094067678,0.2951327618644025,mogi,Quận Tân Bình,Phòng/Cho thuê,Phòng trọ,Không rõ,28,0,103571.42857142857
rent,RF + XGBoost Ensemble,3500000.0000000056,3664743.6401860025,164743.6401859969,0.04706961148171332,mogi,Quận Tân Bình,Phòng/Cho thuê,Phòng trọ,Không rõ,35,0,100000
rent,RF + XGBoost Ensemble,3500000.0000000056,3411229.0016769646,88770.99832304101,0.02536314237801168,mogi,Quận 6,Phòng/Cho thuê,Phòng trọ,Không rõ,30,0,116666.66666666669
rent,RF + XGBoost Ensemble,3400000.000000002,3070448.940781558,329551.05921844393,0.0969267821230717,mogi,Quận 12,Phòng/Cho thuê,Phòng trọ,Không rõ,30,0,113333.33333333331
rent,RF + XGBoost Ensemble,3299999.9999999925,3189786.4425681974,110213.55743179517,0.03339804770660467,mogi,Quận 12,Phòng/Cho thuê,Phòng trọ,Không rõ,28,0,117857.14285714286
rent,RF + XGBoost Ensemble,4199999.999999997,3501015.66514553,698984.3348544673,0.16642484163201612,mogi,Quận 12,Phòng/Cho thuê,Phòng trọ,Không rõ,30,0,140000
rent,RF + XGBoost Ensemble,4000000.0000000005,5005972.604709619,1005972.6047096183,0.25149315117740456,mogi,Thành phố Thủ Đức,Căn hộ,Căn hộ,Không rõ,30,0,133333.33333333334
rent,RF + XGBoost Ensemble,3299999.9999999925,3501015.66514553,201015.66514553735,0.06091383792289024,mogi,Quận 12,Phòng/Cho thuê,Phòng trọ,Không rõ,30,0,110000
rent,RF + XGBoost Ensemble,4700000.000000012,4062391.651131546,637608.348868466,0.1356613508230775,mogi,Quận Tân Phú,Phòng/Cho thuê,Phòng trọ,Không rõ,35,0,134285.7142857143
rent,RF + XGBoost Ensemble,3299999.9999999925,3698778.2103889124,398778.2103889198,0.12084188193603658,mogi,Quận 12,Căn hộ,Căn hộ,Không rõ,30,0,110000
rent,RF + XGBoost Ensemble,8499999.999999998,5543233.793114876,2956766.2068851218,0.3478548478688379,mogi,Quận 10,Căn hộ,Căn hộ,Không rõ,25,0,340000
rent,RF + XGBoost Ensemble,5500000.000000001,6984115.528388099,1484115.5283880979,0.2698391869796541,mogi,Quận Bình Thạnh,Căn hộ,Căn hộ,Không rõ,39,0,141025.64102564103
rent,RF + XGBoost Ensemble,4900000.000000004,5295839.339648112,395839.339648108,0.08078353870369545,mogi,Quận Bình Thạnh,Phòng/Cho thuê,Phòng trọ,Không rõ,40,0,122500
rent,RF + XGBoost Ensemble,3500000.0000000056,2957857.656262428,542142.3437375776,0.1548978124964505,mogi,Quận Tân Phú,Phòng/Cho thuê,Phòng trọ,Không rõ,20,0,175000
rent,RF + XGBoost Ensemble,3799999.9999999995,3340104.9201564128,459895.0798435868,0.12102502101147022,mogi,Quận Tân Phú,Phòng/Cho thuê,Phòng trọ,Không rõ,28,0,135714.2857142857
rent,RF + XGBoost Ensemble,3500000.0000000056,4292481.25681401,792481.2568140049,0.22642321623257244,mogi,Quận Gò Vấp,Phòng/Cho thuê,Phòng trọ,Không rõ,26,0,134615.38461538462
rent,RF + XGBoost Ensemble,4199999.999999997,3756810.4159328956,443189.5840671016,0.10552132953978616,mogi,Quận Tân Phú,Phòng/Cho thuê,Phòng trọ,Không rõ,30,0,140000
rent,RF + XGBoost Ensemble,3799999.9999999995,3886716.744652267,86716.74465226755,0.02282019596112304,mogi,Quận 7,Phòng/Cho thuê,Phòng trọ,Không rõ,25,0,152000
rent,RF + XGBoost Ensemble,1400000.0000000033,1499999.9999999986,99999.99999999534,0.07142857142856794,mogi,Quận 5,Phòng/Cho thuê,Phòng trọ,Không rõ,70,0,20000
rent,RF + XGBoost Ensemble,1400000.0000000033,1557610.879185464,157610.87918546074,0.11257919941818598,mogi,Quận 10,Phòng/Cho thuê,Phòng trọ,Không rõ,70,0,20000
rent,RF + XGBoost Ensemble,1200000.0000000005,3482615.505650286,2282615.5056502856,1.902179588041904,mogi,Quận 10,Phòng/Cho thuê,Phòng trọ,Không rõ,50,0,24000
rent,RF + XGBoost Ensemble,1499999.9999999986,1617089.9617950034,117089.96179500478,0.07805997453000327,mogi,Quận Phú Nhuận,Phòng/Cho thuê,Phòng trọ,Không rõ,70,0,21428.571428571428
rent,RF + XGBoost Ensemble,1499999.9999999986,2519560.268154542,1019560.2681545434,0.6797068454363628,mogi,Quận Phú Nhuận,Phòng/Cho thuê,Phòng trọ,Không rõ,70,0,21428.571428571428
rent,RF + XGBoost Ensemble,1400000.0000000033,1499999.9999999986,99999.99999999534,0.07142857142856794,mogi,Quận 5,Phòng/Cho thuê,Phòng trọ,Không rõ,70,0,20000
rent,RF + XGBoost Ensemble,3299999.9999999925,3368996.2471091156,68996.24710912304,0.02090795366943127,mogi,Quận Tân Phú,Phòng/Cho thuê,Phòng trọ,Không rõ,20,0,165000
rent,RF + XGBoost Ensemble,1499999.9999999986,1659943.0644851008,159943.0644851022,0.10662870965673489,mogi,Quận Phú Nhuận,Phòng/Cho thuê,Phòng trọ,Không rõ,70,0,21428.571428571428
rent,RF + XGBoost Ensemble,1200000.0000000005,3482615.505650286,2282615.5056502856,1.902179588041904,mogi,Quận 10,Phòng/Cho thuê,Phòng trọ,Không rõ,50,0,24000
rent,RF + XGBoost Ensemble,5500000.000000001,4510128.889522506,989871.110477495,0.1799765655413627,mogi,Quận Tân Bình,Căn hộ,Căn hộ,Không rõ,25,0,220000
rent,RF + XGBoost Ensemble,3900000.000000008,3180314.6773324455,719685.3226675624,0.18453469811988743,mogi,Quận Tân Bình,Phòng/Cho thuê,Phòng trọ,Không rõ,25,0,156000
rent,RF + XGBoost Ensemble,4999999.999999999,4271657.737872846,728342.2621271526,0.14566845242543056,mogi,Quận Tân Bình,Phòng/Cho thuê,Phòng trọ,Không rõ,35,0,142857.14285714287
rent,RF + XGBoost Ensemble,5700000.0000000065,2889047.199505984,2810952.8004940227,0.4931496141217578,mogi,Quận Tân Bình,Phòng/Cho thuê,Phòng trọ,Không rõ,30,0,190000
rent,RF + XGBoost Ensemble,5199999.999999999,4150202.45340385,1049797.546596149,0.20188414357618253,mogi,Quận Tân Bình,Phòng/Cho thuê,Phòng trọ,Không rõ,30,0,173333.33333333334
rent,RF + XGBoost Ensemble,4500000.000000002,2889047.199505984,1610952.800494018,0.35798951122089273,mogi,Quận Tân Bình,Phòng/Cho thuê,Phòng trọ,Không rõ,30,0,150000
rent,RF + XGBoost Ensemble,3500000.0000000056,3780781.7079643914,280781.70796438586,0.08022334513268155,mogi,Quận Tân Bình,Phòng/Cho thuê,Phòng trọ,Không rõ,25,0,140000
rent,RF + XGBoost Ensemble,4000000.0000000005,2915931.6779798004,1084068.3220202,0.27101708050504997,mogi,Quận Tân Bình,Phòng/Cho thuê,Phòng trọ,Không rõ,25,0,160000
rent,RF + XGBoost Ensemble,2300000,2522478.451601123,222478.45160112297,0.09672976156570565,mogi,Quận Gò Vấp,Phòng/Cho thuê,Phòng trọ,Không rõ,14,0,164285.7142857143
rent,RF + XGBoost Ensemble,6499999.999999999,5376848.799211737,1123151.2007882623,0.17279249242896347,mogi,Quận 1,Phòng/Cho thuê,Phòng trọ,Không rõ,30,0,216666.66666666663
rent,RF + XGBoost Ensemble,5700000.0000000065,5498511.542790398,201488.45720960852,0.03534885214203654,mogi,Quận 1,Phòng/Cho thuê,Phòng trọ,Không rõ,30,0,190000
rent,RF + XGBoost Ensemble,5500000.000000001,5376848.799211737,123151.20078826416,0.022391127416048026,mogi,Quận 1,Phòng/Cho thuê,Phòng trọ,Không rõ,30,0,183333.33333333337
rent,RF + XGBoost Ensemble,5599999.999999999,5376848.799211737,223151.2007882623,0.0398484287121897,mogi,Quận 1,Phòng/Cho thuê,Phòng trọ,Không rõ,30,0,186666.66666666663
rent,RF + XGBoost Ensemble,6000000,5239406.291838926,760593.7081610737,0.12676561802684563,mogi,Quận 1,Phòng/Cho thuê,Phòng trọ,Không rõ,30,0,200000
rent,RF + XGBoost Ensemble,6200000.000000005,5572078.124881374,627921.8751186309,0.10127772179332749,mogi,Quận 1,Phòng/Cho thuê,Phòng trọ,Không rõ,30,0,206666.66666666663
rent,RF + XGBoost Ensemble,5700000.0000000065,3324682.4907436986,2375317.509256308,0.4167223700449658,mogi,Quận 1,Phòng/Cho thuê,Phòng trọ,Không rõ,25,0,228000
rent,RF + XGBoost Ensemble,6499999.999999999,5376848.799211737,1123151.2007882623,0.17279249242896347,mogi,Quận 1,Phòng/Cho thuê,Phòng trọ,Không rõ,30,0,216666.66666666663
rent,RF + XGBoost Ensemble,6000000,8860574.235128615,2860574.235128615,0.47676237252143583,mogi,Quận 10,Phòng/Cho thuê,Tòa nhà/văn phòng/mặt bằng,Không rõ,30,0,200000
rent,RF + XGBoost Ensemble,4999999.999999999,8860574.235128615,3860574.235128616,0.7721148470257233,mogi,Quận 10,Phòng/Cho thuê,Tòa nhà/văn phòng/mặt bằng,Không rõ,30,0,166666.66666666666
rent,RF + XGBoost Ensemble,6400000.000000001,5572078.124881374,827921.8751186272,0.12936279298728548,mogi,Quận 1,Phòng/Cho thuê,Phòng trọ,Không rõ,30,0,213333.33333333337
rent,RF + XGBoost Ensemble,3600000.0000000014,3186043.5527734207,413956.4472265807,0.11498790200738349,mogi,Quận Gò Vấp,Phòng/Cho thuê,Phòng trọ,Không rõ,25,0,144000
rent,RF + XGBoost Ensemble,3500000.0000000056,3255653.8775421074,244346.12245789822,0.06981317784511366,mogi,Quận Gò Vấp,Phòng/Cho thuê,Phòng trọ,Không rõ,25,0,140000
rent,RF + XGBoost Ensemble,4000000.0000000005,3172230.1809459114,827769.819054089,0.20694245476352224,mogi,Quận Tân Bình,Phòng/Cho thuê,Phòng trọ,Không rõ,20,0,200000
rent,RF + XGBoost Ensemble,2700000,2997653.893421083,297653.8934210832,0.11024218274854934,mogi,Quận 12,Phòng/Cho thuê,Phòng trọ,Không rõ,30,0,90000
rent,RF + XGBoost Ensemble,6000000,5698428.4532021815,301571.5467978185,0.050261924466303086,mogi,Quận Gò Vấp,Căn hộ,Căn hộ,Không rõ,40,0,150000
rent,RF + XGBoost Ensemble,3500000.0000000056,3281441.2550539365,218558.74494606908,0.062445355698876784,mogi,Quận Gò Vấp,Phòng/Cho thuê,Phòng trọ,Không rõ,25,0,140000
rent,RF + XGBoost Ensemble,2400000.000000001,2903935.3141343426,503935.31413434166,0.20997304755597562,mogi,Quận 12,Phòng/Cho thuê,Phòng trọ,Không rõ,28,0,85714.28571428571
rent,RF + XGBoost Ensemble,4500000.000000002,4270528.936845872,229471.06315413024,0.0509935695898067,mogi,Quận Gò Vấp,Phòng/Cho thuê,Phòng trọ,Không rõ,30,0,150000
rent,RF + XGBoost Ensemble,5500000.000000001,5047915.886094511,452084.1139054904,0.08219711161918006,mogi,Quận Gò Vấp,Căn hộ,Căn hộ,Không rõ,30,0,183333.33333333337
rent,RF + XGBoost Ensemble,2100000.0000000047,2763249.36384645,663249.3638464455,0.31583303040306854,mogi,Quận 7,Phòng/Cho thuê,Phòng trọ,Không rõ,15,0,140000
rent,RF + XGBoost Ensemble,4999999.999999999,4201160.872031599,798839.1279683998,0.15976782559368,mogi,Quận 10,Phòng/Cho thuê,Phòng trọ,Không rõ,27,0,185185.1851851852
rent,RF + XGBoost Ensemble,5800000.000000001,6298038.471667523,498038.47166752163,0.08586870201164165,mogi,Quận 1,Căn hộ,Phòng trọ,Không rõ,30,0,193333.33333333337
rent,RF + XGBoost Ensemble,5900000.000000006,5640264.986251507,259735.01374849863,0.04402288368618617,mogi,Quận 1,Phòng/Cho thuê,Phòng trọ,Không rõ,35,0,168571.42857142858
rent,RF + XGBoost Ensemble,6899999.999999987,6899213.325368544,786.6746314428747,1.1401081615114148e-4,mogi,Quận Bình Thạnh,Phòng/Cho thuê,Phòng trọ,Không rõ,45,0,153333.33333333334
rent,RF + XGBoost Ensemble,4999999.999999999,5117617.6643428635,117617.66434286442,0.023523532868572887,mogi,Quận Tân Bình,Căn hộ,Căn hộ,Không rõ,35,0,142857.14285714287
rent,RF + XGBoost Ensemble,4999999.999999999,3144936.983108499,1855063.0168915,0.37101260337830005,mogi,Quận Tân Phú,Phòng/Cho thuê,Phòng trọ,Không rõ,40,0,125000
rent,RF + XGBoost Ensemble,5800000.000000001,4810451.3285078285,989548.6714921724,0.1706118399124435,mogi,Quận Bình Thạnh,Phòng/Cho thuê,Phòng trọ,Không rõ,35,0,165714.2857142857
rent,RF + XGBoost Ensemble,3000000.000000001,3138012.7583507095,138012.75835070852,0.046004252783569496,mogi,Thành phố Thủ Đức,Phòng/Cho thuê,Phòng trọ,Không rõ,23,0,130434.78260869563
rent,RF + XGBoost Ensemble,4000000.0000000005,2560219.7607150534,1439780.239284947,0.3599450598212367,mogi,Thành phố Thủ Đức,Phòng/Cho thuê,Phòng trọ,Không rõ,25,0,160000
rent,RF + XGBoost Ensemble,4999999.999999999,4271158.115035791,728841.8849642081,0.14576837699284165,mogi,Thành phố Thủ Đức,Phòng/Cho thuê,Phòng trọ,Không rõ,30,0,166666.66666666666
rent,RF + XGBoost Ensemble,5500000.000000001,5304540.005157517,195459.99484248366,0.03553818088045157,mogi,Thành phố Thủ Đức,Căn hộ,Căn hộ,Không rõ,28,0,196428.57142857145
rent,RF + XGBoost Ensemble,3900000.000000008,4328063.471251663,428063.4712516549,0.10975986442350104,mogi,Quận Bình Thạnh,Phòng/Cho thuê,Phòng trọ,Không rõ,18,0,216666.66666666663
rent,RF + XGBoost Ensemble,3000000.000000001,3943674.1923720953,943674.1923720944,0.31455806412403137,mogi,Thành phố Thủ Đức,Phòng/Cho thuê,Phòng trọ,Không rõ,35,0,85714.28571428571
rent,RF + XGBoost Ensemble,3700000.000000002,3072991.5183401555,627008.4816598464,0.1694617517999584,mogi,Quận Tân Bình,Phòng/Cho thuê,Phòng trọ,Không rõ,22,0,168181.81818181818
rent,RF + XGBoost Ensemble,5500000.000000001,3562528.8375558546,1937471.1624441464,0.3522674840807538,mogi,Quận Tân Bình,Phòng/Cho thuê,Phòng trọ,Không rõ,28,0,196428.57142857145
rent,RF + XGBoost Ensemble,6999999.999999995,4427491.929859494,2572508.0701405015,0.36750115287721474,mogi,Quận Bình Thạnh,Phòng/Cho thuê,Phòng trọ,Không rõ,30,0,233333.33333333337
rent,RF + XGBoost Ensemble,6000000,4263499.945482853,1736500.0545171471,0.28941667575285784,mogi,Quận Bình Thạnh,Phòng/Cho thuê,Phòng trọ,Không rõ,30,0,200000
rent,RF + XGBoost Ensemble,7300000.000000004,3552270.0635417383,3747729.9364582654,0.5133876625285293,mogi,Thành phố Thủ Đức,Phòng/Cho thuê,Phòng trọ,Không rõ,30,0,243333.33333333337
rent,RF + XGBoost Ensemble,2800000.000000002,2906643.581730378,106643.581730376,0.03808699347513426,mogi,Quận 12,Phòng/Cho thuê,Phòng trọ,Không rõ,30,0,93333.33333333331
rent,RF + XGBoost Ensemble,3900000.000000008,3158229.393663566,741770.6063364418,0.19019759136831804,mogi,Quận 12,Phòng/Cho thuê,Phòng trọ,Không rõ,37,0,105405.4054054054
rent,RF + XGBoost Ensemble,3099999.9999999986,2858394.9122839845,241605.08771601412,0.077937125069682,mogi,Quận 12,Phòng/Cho thuê,Phòng trọ,Không rõ,30,0,103333.33333333331
rent,RF + XGBoost Ensemble,4199999.999999997,5605917.982875251,1405917.982875254,0.3347423768750607,mogi,Quận Bình Thạnh,Phòng/Cho thuê,Phòng trọ,Không rõ,35,0,120000
rent,RF + XGBoost Ensemble,4799999.999999999,5420305.052155894,620305.0521558952,0.12923021919914485,mogi,Thành phố Thủ Đức,Căn hộ,Căn hộ,Không rõ,35,0,137142.85714285713
rent,RF + XGBoost Ensemble,1499999.9999999986,1823841.8087254663,323841.80872546765,0.21589453915031198,mogi,Quận Phú Nhuận,Phòng/Cho thuê,Phòng trọ,Không rõ,100,0,15000
rent,RF + XGBoost Ensemble,5700000.0000000065,4596856.913521386,1103143.0864786208,0.19353387482081044,mogi,Quận Phú Nhuận,Phòng/Cho thuê,Phòng trọ,Không rõ,28,0,203571.42857142855
rent,RF + XGBoost Ensemble,4599999.999999998,4800256.717665268,200256.71766526997,0.0435340690576674,mogi,Quận 3,Phòng/Cho thuê,Phòng trọ,Không rõ,24,0,191666.66666666663
rent,RF + XGBoost Ensemble,5700000.0000000065,3637642.198180696,2062357.8018193105,0.3618171582139137,mogi,Quận 3,Phòng/Cho thuê,Phòng trọ,Không rõ,25,0,228000
rent,RF + XGBoost Ensemble,3000000.000000001,3603020.49441373,603020.4944137293,0.20100683147124304,mogi,Quận Tân Bình,Phòng/Cho thuê,Phòng trọ,Không rõ,40,0,75000
rent,RF + XGBoost Ensemble,1899999.9999999993,2825921.9190185033,925921.919018504,0.4873273257992128,mogi,Quận Bình Tân,Phòng/Cho thuê,Phòng trọ,Không rõ,20,0,95000
rent,RF + XGBoost Ensemble,1499999.9999999986,2881941.5575981587,1381941.55759816,0.9212943717321076,mogi,Quận Bình Tân,Phòng/Cho thuê,Phòng trọ,Không rõ,20,0,75000
rent,RF + XGBoost Ensemble,16000000.000000026,8988707.441143598,7011292.558856428,0.438205784928526,mogi,Quận Tân Bình,Phòng/Cho thuê,Phòng trọ,Không rõ,48,0,333333.3333333333
rent,RF + XGBoost Ensemble,3500000.0000000056,28214543.257446084,24714543.25744608,7.061298073556012,mogi,Huyện Bình Chánh,Phòng/Cho thuê,Phòng trọ,Không rõ,140,0,25000
rent,RF + XGBoost Ensemble,3700000.000000002,3388482.0813628477,311517.91863715416,0.08419403206409568,mogi,Quận Bình Thạnh,Phòng/Cho thuê,Phòng trọ,Không rõ,20,0,185000
rent,RF + XGBoost Ensemble,5400000.000000005,5446872.723006888,46872.723006883636,0.008680133890163628,mogi,Quận Bình Thạnh,Phòng/Cho thuê,Phòng trọ,Không rõ,40,0,135000
rent,RF + XGBoost Ensemble,2224999.999999999,2915931.6779798004,690931.6779798013,0.3105310912268771,mogi,Quận Tân Bình,Phòng/Cho thuê,Phòng trọ,Không rõ,25,0,89000
rent,RF + XGBoost Ensemble,3200000.000000008,4271158.115035791,1071158.115035783,0.33473691094868135,mogi,Thành phố Thủ Đức,Phòng/Cho thuê,Phòng trọ,Không rõ,30,0,106666.66666666669
rent,RF + XGBoost Ensemble,4199999.999999997,2703925.459078486,1496074.5409215111,0.35620822402893143,mogi,Thành phố Thủ Đức,Phòng/Cho thuê,Phòng trọ,Không rõ,30,0,140000
rent,RF + XGBoost Ensemble,4700000.000000012,3960505.299030983,739494.7009690292,0.15733929807851646,mogi,Thành phố Thủ Đức,Phòng/Cho thuê,Phòng trọ,Không rõ,35,0,134285.7142857143
rent,RF + XGBoost Ensemble,3600000.0000000014,3324366.671549339,275633.32845066255,0.07656481345851734,mogi,Quận Gò Vấp,Phòng/Cho thuê,Phòng trọ,Không rõ,22,0,163636.36363636365
rent,RF + XGBoost Ensemble,6499999.999999999,8560328.362333039,2060328.3623330398,0.3169735942050831,mogi,Quận Bình Thạnh,Căn hộ,Căn hộ,Không rõ,45,0,144444.44444444444
rent,RF + XGBoost Ensemble,4500000.000000002,5195214.48916401,695214.4891640078,0.15449210870311278,mogi,Quận Bình Thạnh,Căn hộ,Căn hộ,Không rõ,25,0,180000
rent,RF + XGBoost Ensemble,4399999.999999997,4585353.659717627,185353.65971762966,0.04212583175400677,mogi,Thành phố Thủ Đức,Phòng/Cho thuê,Phòng trọ,Không rõ,35,0,125714.28571428572
rent,RF + XGBoost Ensemble,4000000.0000000005,4658493.85798184,658493.8579818397,0.1646234644954599,mogi,Thành phố Thủ Đức,Phòng/Cho thuê,Phòng trọ,Không rõ,35,0,114285.71428571428
rent,RF + XGBoost Ensemble,4500000.000000002,6418488.55411492,1918488.5541149182,0.42633078980331496,mogi,Thành phố Thủ Đức,Căn hộ,Căn hộ,Không rõ,40,0,112500
rent,RF + XGBoost Ensemble,5500000.000000001,4030753.464263679,1469246.535736322,0.2671357337702403,mogi,Quận 8,Phòng/Cho thuê,Phòng trọ,Không rõ,35,0,157142.85714285713
rent,RF + XGBoost Ensemble,5800000.000000001,7266325.145036952,1466325.1450369507,0.25281468017878456,mogi,Quận 3,Căn hộ,Căn hộ,Không rõ,40,0,145000
rent,RF + XGBoost Ensemble,13000000.000000013,8966835.36015563,4033164.639844382,0.31024343383418296,mogi,Quận Phú Nhuận,Căn hộ,Căn hộ,Không rõ,40,0,325000
rent,RF + XGBoost Ensemble,13499999.999999993,6556362.502227079,6943637.497772913,0.5143435183535494,mogi,Quận Tân Bình,Căn hộ,Căn hộ,Không rõ,40,0,337500
rent,RF + XGBoost Ensemble,3000000.000000001,3180086.8012495055,180086.80124950456,0.06002893374983483,mogi,Thành phố Thủ Đức,Phòng/Cho thuê,Phòng trọ,Không rõ,28,0,107142.85714285714
rent,RF + XGBoost Ensemble,3000000.000000001,2779272.620335242,220727.37966475915,0.07357579322158636,mogi,Quận 11,Phòng/Cho thuê,Phòng trọ,Không rõ,13,0,230769.2307692308
rent,RF + XGBoost Ensemble,1100000.0000000016,2633146.9557984043,1533146.9557984027,1.3937699598167277,mogi,Thành phố Thủ Đức,Phòng/Cho thuê,Phòng trọ,Không rõ,30,0,36666.666666666664
rent,RF + XGBoost Ensemble,1699999.9999999958,2860180.678855928,1160180.6788559323,0.6824592228564325,mogi,Quận 7,Phòng/Cho thuê,Phòng trọ,Không rõ,30,0,56666.666666666664
rent,RF + XGBoost Ensemble,1800000.000000004,2657785.072765043,857785.072765039,0.47654726264724284,mogi,Quận Phú Nhuận,Phòng/Cho thuê,Phòng trọ,Không rõ,25,0,72000
rent,RF + XGBoost Ensemble,1499999.9999999986,2385227.2703435807,885227.2703435821,0.5901515135623886,mogi,Quận 11,Phòng/Cho thuê,Phòng trọ,Không rõ,6,0,250000
rent,RF + XGBoost Ensemble,1600000.000000004,2981492.795126379,1381492.795126375,0.8634329969539822,mogi,Quận Tân Phú,Phòng/Cho thuê,Phòng trọ,Không rõ,20,0,80000
rent,RF + XGBoost Ensemble,1600000.000000004,3069628.5703164604,1469628.5703164565,0.918517856447783,mogi,Quận 11,Phòng/Cho thuê,Phòng trọ,Không rõ,30,0,53333.333333333336
rent,RF + XGBoost Ensemble,1699999.9999999958,3023401.8092828607,1323401.809282865,0.7784716525193343,mogi,Quận 7,Phòng/Cho thuê,Phòng trọ,Không rõ,30,0,56666.666666666664
rent,RF + XGBoost Ensemble,1499999.9999999986,2550829.910221311,1050829.9102213122,0.7005532734808755,mogi,Thành phố Thủ Đức,Phòng/Cho thuê,Phòng trọ,Không rõ,25,0,60000
rent,RF + XGBoost Ensemble,1600000.000000004,2389474.266641425,789474.266641421,0.4934214166508869,mogi,Quận 4,Phòng/Cho thuê,Phòng trọ,Không rõ,20,0,80000
rent,RF + XGBoost Ensemble,1400000.0000000033,2976842.669299192,1576842.6692991885,1.1263161923565606,mogi,Thành phố Thủ Đức,Phòng/Cho thuê,Phòng trọ,Không rõ,30,0,46666.666666666664
rent,RF + XGBoost Ensemble,1299999.9999999993,2309389.7916392647,1009389.7916392654,0.7764536858763584,mogi,Thành phố Thủ Đức,Phòng/Cho thuê,Phòng trọ,Không rõ,25,0,52000
rent,RF + XGBoost Ensemble,1699999.9999999958,2664602.452869286,964602.45286929,0.567413207570172,mogi,Quận 7,Phòng/Cho thuê,Phòng trọ,Không rõ,30,0,56666.666666666664
rent,RF + XGBoost Ensemble,1600000.000000004,3390984.9533332847,1790984.9533332807,1.1193655958332978,mogi,Quận Bình Thạnh,Phòng/Cho thuê,Phòng trọ,Không rõ,30,0,53333.333333333336
rent,RF + XGBoost Ensemble,4000000.0000000005,5222461.678890546,1222461.6788905454,0.3056154197226363,mogi,Thành phố Thủ Đức,Căn hộ,Căn hộ,Không rõ,30,0,133333.33333333334
rent,RF + XGBoost Ensemble,1600000.000000004,3163165.3664395395,1563165.3664395355,0.9769783540247072,mogi,Quận Tân Phú,Phòng/Cho thuê,Phòng trọ,Không rõ,25,0,64000
rent,RF + XGBoost Ensemble,1699999.9999999958,2390382.7468600175,690382.7468600217,0.40610749815295494,mogi,Quận 10,Phòng/Cho thuê,Phòng trọ,Không rõ,25,0,68000
rent,RF + XGBoost Ensemble,2000000.0000000016,2601981.583483906,601981.5834839044,0.3009907917419519,mogi,Quận 7,Phòng/Cho thuê,Phòng trọ,Không rõ,25,0,80000
rent,RF + XGBoost Ensemble,1600000.000000004,3631817.4383945633,2031817.4383945593,1.2698858989965964,mogi,Quận 10,Phòng/Cho thuê,Phòng trọ,Không rõ,20,0,80000
rent,RF + XGBoost Ensemble,1499999.9999999986,2390313.68493248,890313.6849324815,0.5935424566216548,mogi,Thành phố Thủ Đức,Phòng/Cho thuê,Phòng trọ,Không rõ,25,0,60000
rent,RF + XGBoost Ensemble,7700000.00000002,4494463.356213566,3205536.6437864536,0.41630346023200593,mogi,Quận Tân Bình,Phòng/Cho thuê,Phòng trọ,Không rõ,30,0,256666.66666666663
rent,RF + XGBoost Ensemble,2800000.000000002,3255653.8775421074,455653.8775421055,0.162733527693609,mogi,Quận Gò Vấp,Phòng/Cho thuê,Phòng trọ,Không rõ,25,0,112000
rent,RF + XGBoost Ensemble,5500000.000000001,4282558.300436115,1217441.699563886,0.22135303628434289,mogi,Quận 5,Phòng/Cho thuê,Phòng trọ,Không rõ,35,0,157142.85714285713
rent,RF + XGBoost Ensemble,3299999.9999999925,3497455.017773552,197455.01777355932,0.05983485387077569,mogi,Quận Gò Vấp,Phòng/Cho thuê,Phòng trọ,Không rõ,30,0,110000
rent,RF + XGBoost Ensemble,3600000.0000000014,4263499.945482853,663499.9454828515,0.1843055404119031,mogi,Quận Bình Thạnh,Phòng/Cho thuê,Phòng trọ,Không rõ,30,0,120000
rent,RF + XGBoost Ensemble,3000000.000000001,3497455.017773552,497455.01777355094,0.16581833925785025,mogi,Quận Gò Vấp,Phòng/Cho thuê,Phòng trọ,Không rõ,30,0,100000
rent,RF + XGBoost Ensemble,3500000.0000000056,3521762.1255266974,21762.125526691787,0.006217750150483358,mogi,Quận Gò Vấp,Phòng/Cho thuê,Phòng trọ,Không rõ,30,0,116666.66666666669
rent,RF + XGBoost Ensemble,3000000.000000001,2742355.883344403,257644.11665559793,0.08588137221853262,mogi,Quận Tân Bình,Phòng/Cho thuê,Phòng trọ,Không rõ,25,0,120000
rent,RF + XGBoost Ensemble,3000000.000000001,2864237.023266546,135762.97673345497,0.04525432557781831,mogi,Quận Tân Phú,Phòng/Cho thuê,Phòng trọ,Không rõ,25,0,120000
rent,RF + XGBoost Ensemble,3500000.0000000056,3884164.5092073204,384164.5092073148,0.10976128834494692,mogi,Quận Bình Thạnh,Phòng/Cho thuê,Phòng trọ,Không rõ,21,0,166666.66666666666
rent,RF + XGBoost Ensemble,4199999.999999997,3222843.778186627,977156.22181337,0.23265624328889778,mogi,Quận Gò Vấp,Phòng/Cho thuê,Phòng trọ,Không rõ,25,0,168000
rent,RF + XGBoost Ensemble,6000000,3849847.8215638506,2150152.1784361494,0.3583586964060249,mogi,Quận 7,Phòng/Cho thuê,Phòng trọ,Không rõ,30,0,200000
rent,RF + XGBoost Ensemble,8000000.000000002,4871497.652819362,3128502.3471806403,0.39106279339757993,mogi,Quận 7,Phòng/Cho thuê,Phòng trọ,Không rõ,30,0,266666.6666666667
rent,RF + XGBoost Ensemble,3500000.0000000056,3715476.730602845,215476.7306028395,0.06156478017223976,mogi,Quận Phú Nhuận,Phòng/Cho thuê,Phòng trọ,Không rõ,20,0,175000
rent,RF + XGBoost Ensemble,2499999.9999999953,3671006.006756931,1171006.0067569357,0.46840240270277517,mogi,Quận Gò Vấp,Phòng/Cho thuê,Phòng trọ,Không rõ,20,0,125000
rent,RF + XGBoost Ensemble,4999999.999999999,6472920.463094872,1472920.4630948734,0.2945840926189747,mogi,Quận Tân Bình,Căn hộ,Căn hộ,Không rõ,40,0,125000
rent,RF + XGBoost Ensemble,4999999.999999999,3552594.3542699586,1447405.6457300405,0.28948112914600815,mogi,Quận Tân Bình,Phòng/Cho thuê,Phòng trọ,Không rõ,35,0,142857.14285714287
rent,RF + XGBoost Ensemble,5300000.000000001,3850236.144728802,1449763.8552711988,0.27354035005116956,mogi,Quận Tân Bình,Phòng/Cho thuê,Phòng trọ,Không rõ,35,0,151428.57142857142
rent,RF + XGBoost Ensemble,5500000.000000001,5309598.553395364,190401.4466046365,0.03461844483720663,mogi,Quận Tân Bình,Căn hộ,Căn hộ,Không rõ,35,0,157142.85714285713
rent,RF + XGBoost Ensemble,3799999.9999999995,3210681.1579560563,589318.8420439432,0.1550839058010377,mogi,Quận Bình Thạnh,Phòng/Cho thuê,Phòng trọ,Không rõ,22,0,172727.27272727274
rent,RF + XGBoost Ensemble,7500000.000000002,4820502.580991718,2679497.419008284,0.35726632253443774,mogi,Quận 7,Phòng/Cho thuê,Phòng trọ,Không rõ,30,0,250000
rent,RF + XGBoost Ensemble,4000000.0000000005,3230062.710064682,769937.2899353183,0.19248432248382955,mogi,Quận Tân Bình,Phòng/Cho thuê,Phòng trọ,Không rõ,40,0,100000
rent,RF + XGBoost Ensemble,7500000.000000002,5345476.04896168,2154523.9510383215,0.2872698601384428,mogi,Quận 7,Căn hộ,Căn hộ,Không rõ,25,0,300000
rent,RF + XGBoost Ensemble,2199999.9999999995,3180289.4209273877,980289.4209273881,0.4455861004215402,mogi,Quận Tân Bình,Phòng/Cho thuê,Phòng trọ,Không rõ,20,0,110000
rent,RF + XGBoost Ensemble,2499999.9999999953,3195040.4900033385,695040.4900033432,0.2780161960013378,mogi,Thành phố Thủ Đức,Phòng/Cho thuê,Phòng trọ,Không rõ,25,0,100000
rent,RF + XGBoost Ensemble,1499999.9999999986,3662546.2221651236,2162546.222165125,1.441697481443418,mogi,Quận 4,Phòng/Cho thuê,Phòng trọ,Không rõ,28,0,53571.42857142857
rent,RF + XGBoost Ensemble,1699999.9999999958,2329299.0343365096,629299.0343365138,0.3701759025508914,mogi,Quận 4,Phòng/Cho thuê,Phòng trọ,Không rõ,20,0,85000
rent,RF + XGBoost Ensemble,1600000.000000004,3077792.972093081,1477792.9720930771,0.9236206075581709,mogi,Quận 10,Phòng/Cho thuê,Phòng trọ,Không rõ,20,0,80000
rent,RF + XGBoost Ensemble,1600000.000000004,3270131.2291758577,1670131.2291758538,1.0438320182349061,mogi,Quận 10,Phòng/Cho thuê,Phòng trọ,Không rõ,20,0,80000
rent,RF + XGBoost Ensemble,1699999.9999999958,2995714.347544812,1295714.3475448163,0.7621849103204821,mogi,Quận 7,Phòng/Cho thuê,Phòng trọ,Không rõ,20,0,85000
rent,RF + XGBoost Ensemble,1400000.0000000033,2769579.021013647,1369579.0210136436,0.9782707292954574,mogi,Quận Gò Vấp,Phòng/Cho thuê,Phòng trọ,Không rõ,20,0,70000
rent,RF + XGBoost Ensemble,2499999.9999999953,3458740.672475376,958740.6724753808,0.38349626899015304,mogi,Quận 12,Phòng/Cho thuê,Phòng trọ,Không rõ,30,0,83333.33333333333
rent,RF + XGBoost Ensemble,2499999.9999999953,3501015.66514553,1001015.6651455346,0.40040626605821455,mogi,Quận 12,Phòng/Cho thuê,Phòng trọ,Không rõ,30,0,83333.33333333333
rent,RF + XGBoost Ensemble,3000000.000000001,3023909.4664281444,23909.466428143438,0.007969822142714477,mogi,Quận 12,Phòng/Cho thuê,Phòng trọ,Không rõ,30,0,100000
rent,RF + XGBoost Ensemble,8699999.999999994,6104870.264653938,2595129.7353460565,0.29829077417770783,mogi,Quận 7,Căn hộ,Căn hộ,Không rõ,30,0,290000
rent,RF + XGBoost Ensemble,11000000.000000013,11467254.983772103,467254.9837720897,0.04247772579746265,mogi,Quận 1,Căn hộ,Căn hộ,Không rõ,50,0,220000
rent,RF + XGBoost Ensemble,5199999.999999999,4313836.131755285,886163.8682447141,0.17041612850859889,mogi,Quận Bình Thạnh,Phòng/Cho thuê,Phòng trọ,Không rõ,30,0,173333.33333333334
rent,RF + XGBoost Ensemble,4999999.999999999,5342567.935881088,342567.9358810885,0.06851358717621771,mogi,Quận 10,Phòng/Cho thuê,Phòng trọ,Không rõ,35,0,142857.14285714287
rent,RF + XGBoost Ensemble,5199999.999999999,4780446.8940145075,419553.10598549154,0.08068328961259454,mogi,Quận Bình Thạnh,Phòng/Cho thuê,Phòng trọ,Không rõ,32,0,162500
rent,RF + XGBoost Ensemble,5700000.0000000065,5264174.70853022,435825.2914697863,0.07646057745083962,mogi,Quận Bình Thạnh,Phòng/Cho thuê,Phòng trọ,Không rõ,32,0,178125
rent,RF + XGBoost Ensemble,5199999.999999999,4479539.783469201,720460.216530798,0.1385500416405381,mogi,Quận Bình Thạnh,Phòng/Cho thuê,Phòng trọ,Không rõ,30,0,173333.33333333334
rent,RF + XGBoost Ensemble,4500000.000000002,4910061.021549008,410061.021549006,0.09112467145533462,mogi,Thành phố Thủ Đức,Phòng/Cho thuê,Phòng trọ,Không rõ,32,0,140625
rent,RF + XGBoost Ensemble,5199999.999999999,4938076.050482916,261923.94951708335,0.05036999029174681,mogi,Quận Bình Thạnh,Phòng/Cho thuê,Phòng trọ,Không rõ,27,0,192592.59259259255
rent,RF + XGBoost Ensemble,8000000.000000002,5717615.213392071,2282384.7866079304,0.28529809832599123,mogi,Quận Bình Thạnh,Phòng/Cho thuê,Phòng trọ,Không rõ,40,0,200000
rent,RF + XGBoost Ensemble,5300000.000000001,4479539.783469201,820460.2165307999,0.15480381443977353,mogi,Quận Bình Thạnh,Phòng/Cho thuê,Phòng trọ,Không rõ,30,0,176666.66666666666
rent,RF + XGBoost Ensemble,6000000,6097626.263911279,97626.26391127892,0.016271043985213153,mogi,Quận 1,Phòng/Cho thuê,Phòng trọ,Không rõ,30,0,200000
rent,RF + XGBoost Ensemble,6499999.999999999,6620417.797746743,120417.797746744,0.01852581503796062,mogi,Quận 3,Phòng/Cho thuê,Phòng trọ,Không rõ,30,0,216666.66666666663
rent,RF + XGBoost Ensemble,6499999.999999999,6072595.251610017,427404.7483899817,0.0657545766753818,mogi,Quận 1,Phòng/Cho thuê,Phòng trọ,Không rõ,30,0,216666.66666666663
rent,RF + XGBoost Ensemble,6499999.999999999,6364233.273558826,135766.72644117288,0.02088718868325737,mogi,Quận 1,Phòng/Cho thuê,Phòng trọ,Không rõ,35,0,185714.2857142857
rent,RF + XGBoost Ensemble,4500000.000000002,4668989.79332217,168989.7933221683,0.03755328740492627,mogi,Quận Bình Thạnh,Phòng/Cho thuê,Phòng trọ,Không rõ,32,0,140625
rent,RF + XGBoost Ensemble,6000000,5415099.832186967,584900.1678130329,0.09748336130217214,mogi,Quận Bình Thạnh,Phòng/Cho thuê,Phòng trọ,Không rõ,35,0,171428.57142857142
rent,RF + XGBoost Ensemble,5700000.0000000065,5616515.993866231,83484.00613377523,0.014646316865574584,mogi,Quận Bình Thạnh,Phòng/Cho thuê,Phòng trọ,Không rõ,38,0,150000
rent,RF + XGBoost Ensemble,5300000.000000001,5415099.832186967,115099.8321869662,0.021716949469238904,mogi,Quận Bình Thạnh,Phòng/Cho thuê,Phòng trọ,Không rõ,35,0,151428.57142857142
rent,RF + XGBoost Ensemble,5199999.999999999,4828967.204495265,371032.7955047339,0.0713524606739873,mogi,Quận Bình Thạnh,Phòng/Cho thuê,Phòng trọ,Không rõ,30,0,173333.33333333334
rent,RF + XGBoost Ensemble,5300000.000000001,5055912.487576857,244087.51242314372,0.046054247627008243,mogi,Quận Bình Thạnh,Phòng/Cho thuê,Phòng trọ,Không rõ,34,0,155882.35294117648
rent,RF + XGBoost Ensemble,5300000.000000001,5342673.240492785,42673.24049278442,0.008051554809959323,mogi,Quận Bình Thạnh,Phòng/Cho thuê,Phòng trọ,Không rõ,34,0,155882.35294117648
rent,RF + XGBoost Ensemble,4399999.999999997,4605455.574895469,205455.57489547133,0.04669444883987988,mogi,Quận Bình Thạnh,Phòng/Cho thuê,Phòng trọ,Không rõ,28,0,157142.85714285713
rent,RF + XGBoost Ensemble,5599999.999999999,5109924.777688048,490075.2223119512,0.0875134325557056,mogi,Quận Bình Thạnh,Phòng/Cho thuê,Phòng trọ,Không rõ,40,0,140000
rent,RF + XGBoost Ensemble,5700000.0000000065,5153054.265678273,546945.7343217339,0.095955391986269,mogi,Quận Bình Thạnh,Phòng/Cho thuê,Phòng trọ,Không rõ,42,0,135714.2857142857
rent,RF + XGBoost Ensemble,5800000.000000001,5329477.800642825,470522.1993571762,0.08112451713054761,mogi,Quận Bình Thạnh,Phòng/Cho thuê,Phòng trọ,Không rõ,40,0,145000
rent,RF + XGBoost Ensemble,5500000.000000001,5469359.416192058,30640.58380794339,0.005571015237807888,mogi,Quận Bình Thạnh,Phòng/Cho thuê,Phòng trọ,Không rõ,35,0,157142.85714285713
rent,RF + XGBoost Ensemble,5199999.999999999,5115133.993399565,84866.00660043396,0.01632038588469884,mogi,Quận Bình Thạnh,Phòng/Cho thuê,Phòng trọ,Không rõ,35,0,148571.42857142858
rent,RF + XGBoost Ensemble,4900000.000000004,5115133.993399565,215133.99339956138,0.04390489661215535,mogi,Quận Bình Thạnh,Phòng/Cho thuê,Phòng trọ,Không rõ,35,0,140000
rent,RF + XGBoost Ensemble,3700000.000000002,3701716.5915145236,1716.591514521744,4.639436525734441e-4,mogi,Quận Tân Phú,Phòng/Cho thuê,Phòng trọ,Không rõ,30,0,123333.33333333331
rent,RF + XGBoost Ensemble,3500000.0000000056,3832277.4776653377,332277.47766533215,0.09493642219009475,mogi,Quận Bình Tân,Căn hộ,Căn hộ,Không rõ,25,0,140000
rent,RF + XGBoost Ensemble,3700000.000000002,3040842.727372887,659157.2726271148,0.17815061422354445,mogi,Quận Tân Phú,Phòng/Cho thuê,Phòng trọ,Không rõ,25,0,148000
rent,RF + XGBoost Ensemble,4599999.999999998,4103064.8292176346,496935.1707823635,0.10802938495268777,mogi,Quận Tân Phú,Căn hộ,Căn hộ,Không rõ,30,0,153333.33333333334
rent,RF + XGBoost Ensemble,4099999.9999999907,5416110.336148511,1316110.33614852,0.32100252101183485,mogi,Quận Tân Bình,Căn hộ,Căn hộ,Không rõ,30,0,136666.66666666666
rent,RF + XGBoost Ensemble,4700000.000000012,3152300.212692992,1547699.7873070203,0.3292978270865992,mogi,Quận Tân Phú,Phòng/Cho thuê,Phòng trọ,Không rõ,30,0,156666.66666666666
rent,RF + XGBoost Ensemble,4000000.0000000005,3754124.335966042,245875.6640339587,0.061468916008489666,mogi,Quận Tân Phú,Phòng/Cho thuê,Phòng trọ,Không rõ,30,0,133333.33333333334
rent,RF + XGBoost Ensemble,3799999.9999999995,3157125.4476397038,642874.5523602958,0.16917751377902523,mogi,Quận Tân Bình,Phòng/Cho thuê,Phòng trọ,Không rõ,20,0,190000
rent,RF + XGBoost Ensemble,3700000.000000002,3258261.0285960794,441738.9714039224,0.11938891119024925,mogi,Quận Bình Thạnh,Phòng/Cho thuê,Phòng trọ,Không rõ,20,0,185000
rent,RF + XGBoost Ensemble,3799999.9999999995,5626546.391984845,1826546.391984845,0.4806701031539066,mogi,Quận Bình Tân,Căn hộ,Căn hộ,Không rõ,40,0,95000
rent,RF + XGBoost Ensemble,3400000.000000002,2726408.5805134596,673591.4194865422,0.19811512337839465,mogi,Quận Tân Phú,Phòng/Cho thuê,Phòng trọ,Không rõ,35,0,97142.85714285714
rent,RF + XGBoost Ensemble,3600000.0000000014,3549818.7101447564,50181.289855245035,0.013939247182012504,mogi,Quận Tân Bình,Phòng/Cho thuê,Phòng trọ,Không rõ,30,0,120000
rent,RF + XGBoost Ensemble,3799999.9999999995,4299869.019362048,499869.0193620487,0.13154447877948652,mogi,Quận Tân Phú,Căn hộ,Căn hộ,Không rõ,30,0,126666.66666666669
rent,RF + XGBoost Ensemble,3200000.000000008,3122547.0797276427,77452.92027236521,0.02420403758511407,mogi,Quận Tân Phú,Phòng/Cho thuê,Phòng trọ,Không rõ,35,0,91428.57142857143
rent,RF + XGBoost Ensemble,3799999.9999999995,3628510.2324175057,171489.76758249383,0.045128886205919434,mogi,Quận Tân Bình,Phòng/Cho thuê,Phòng trọ,Không rõ,25,0,152000
rent,RF + XGBoost Ensemble,4000000.0000000005,3711303.582015811,288696.41798418947,0.07217410449604736,mogi,Quận Tân Bình,Phòng/Cho thuê,Phòng trọ,Không rõ,25,0,160000
rent,RF + XGBoost Ensemble,4300000.000000002,3698526.4094759678,601473.5905240341,0.1398775791916358,mogi,Quận Tân Bình,Phòng/Cho thuê,Phòng trọ,Không rõ,25,0,172000
rent,RF + XGBoost Ensemble,4000000.0000000005,2915931.6779798004,1084068.3220202,0.27101708050504997,mogi,Quận Tân Bình,Phòng/Cho thuê,Phòng trọ,Không rõ,25,0,160000
rent,RF + XGBoost Ensemble,4000000.0000000005,3630206.598123087,369793.4018769134,0.09244835046922834,mogi,Quận Tân Bình,Phòng/Cho thuê,Phòng trọ,Không rõ,25,0,160000
rent,RF + XGBoost Ensemble,4000000.0000000005,3670913.750891986,329086.2491080146,0.08227156227700365,mogi,Quận Tân Bình,Phòng/Cho thuê,Phòng trọ,Không rõ,25,0,160000
rent,RF + XGBoost Ensemble,4700000.000000012,3670913.750891986,1029086.2491080263,0.21895452108681354,mogi,Quận Tân Bình,Phòng/Cho thuê,Phòng trọ,Không rõ,25,0,188000
rent,RF + XGBoost Ensemble,4500000.000000002,2915931.6779798004,1584068.3220202015,0.3520151826711557,mogi,Quận Tân Bình,Phòng/Cho thuê,Phòng trọ,Không rõ,25,0,180000
rent,RF + XGBoost Ensemble,4000000.0000000005,3711303.582015811,288696.41798418947,0.07217410449604736,mogi,Quận Tân Bình,Phòng/Cho thuê,Phòng trọ,Không rõ,25,0,160000
rent,RF + XGBoost Ensemble,1200000.0000000005,1698324.0920053306,498324.09200533014,0.41527007667110827,mogi,Quận 10,Phòng/Cho thuê,Phòng trọ,Không rõ,70,0,17142.85714285714
rent,RF + XGBoost Ensemble,1499999.9999999986,1925528.5518092127,425528.55180921406,0.28368570120614295,mogi,Quận Phú Nhuận,Phòng/Cho thuê,Phòng trọ,Không rõ,100,0,15000
rent,RF + XGBoost Ensemble,6499999.999999999,4273513.882562507,2226486.117437492,0.34253632575961424,mogi,Quận 3,Phòng/Cho thuê,Phòng trọ,Không rõ,25,0,260000
rent,RF + XGBoost Ensemble,5500000.000000001,4059203.1040317505,1440796.8959682505,0.2619630719942273,mogi,Quận 10,Phòng/Cho thuê,Phòng trọ,Không rõ,30,0,183333.33333333337
rent,RF + XGBoost Ensemble,5500000.000000001,2390382.7468600175,3109617.2531399834,0.5653849551163606,mogi,Quận 10,Phòng/Cho thuê,Phòng trọ,Không rõ,25,0,220000
rent,RF + XGBoost Ensemble,3799999.9999999995,3186043.5527734207,613956.4472265788,0.1615674861122576,mogi,Quận Gò Vấp,Phòng/Cho thuê,Phòng trọ,Không rõ,25,0,152000
rent,RF + XGBoost Ensemble,1400000.0000000033,1499999.9999999986,99999.99999999534,0.07142857142856794,mogi,Quận 5,Phòng/Cho thuê,Phòng trọ,Không rõ,100,0,14000
rent,RF + XGBoost Ensemble,1499999.9999999986,1822982.5657569005,322982.56575690187,0.21532171050460144,mogi,Quận Phú Nhuận,Phòng/Cho thuê,Phòng trọ,Không rõ,100,0,15000
rent,RF + XGBoost Ensemble,1499999.9999999986,1725361.7020703712,225361.70207037264,0.15024113471358191,mogi,Quận Phú Nhuận,Phòng/Cho thuê,Phòng trọ,Không rõ,100,0,15000
rent,RF + XGBoost Ensemble,3900000.000000008,3893335.705222629,6664.294777378906,0.0017087935326612544,mogi,Quận Tân Bình,Phòng/Cho thuê,Phòng trọ,Không rõ,25,0,156000
rent,RF + XGBoost Ensemble,4999999.999999999,4705262.894672296,294737.10532770306,0.05894742106554062,mogi,Quận Tân Phú,Căn hộ,Căn hộ,Không rõ,40,0,125000
rent,RF + XGBoost Ensemble,1400000.0000000033,1597770.3521299826,197770.3521299793,0.14126453723569918,mogi,Quận 5,Phòng/Cho thuê,Phòng trọ,Không rõ,100,0,14000
rent,RF + XGBoost Ensemble,1400000.0000000033,2493124.865304535,1093124.8653045315,0.7808034752175207,mogi,Quận 10,Phòng/Cho thuê,Phòng trọ,Không rõ,100,0,14000
rent,RF + XGBoost Ensemble,219999999.99999964,98780812.58376193,121219187.41623771,0.550996306437445,mogi,Thành phố Thủ Đức,Phòng/Cho thuê,Tòa nhà/văn phòng/mặt bằng,Không rõ,600,0,366666.6666666667
rent,RF + XGBoost Ensemble,119999999.9999999,101299531.23860097,18700468.761398926,0.15583723967832452,mogi,Thành phố Thủ Đức,Phòng/Cho thuê,Tòa nhà/văn phòng/mặt bằng,Không rõ,550,0,218181.81818181815
rent,RF + XGBoost Ensemble,55000000.000000075,58037225.112772465,3037225.1127723902,0.05522227477767975,mogi,Thành phố Thủ Đức,Phòng/Cho thuê,Tòa nhà/văn phòng/mặt bằng,Không rõ,350,0,157142.85714285713
rent,RF + XGBoost Ensemble,748800000.0000023,272797002.5530037,476002997.44699854,0.635687763684558,mogi,Thành phố Thủ Đức,Phòng/Cho thuê,Tòa nhà/văn phòng/mặt bằng,Không rõ,1800,0,416000
rent,RF + XGBoost Ensemble,13000000.000000013,3603020.49441373,9396979.505586283,0.7228445773527903,mogi,Quận Tân Bình,Phòng/Cho thuê,Phòng trọ,Không rõ,40,0,325000
rent,RF + XGBoost Ensemble,44999999.999999985,42193248.16142574,2806751.8385742456,0.0623722630794277,mogi,Quận Bình Thạnh,Phòng/Cho thuê,Tòa nhà/văn phòng/mặt bằng,Không rõ,154,0,292207.7922077922
rent,RF + XGBoost Ensemble,169000000.00000012,120374715.46664833,48625284.533351794,0.2877235771204246,mogi,Quận 1,Phòng/Cho thuê,Tòa nhà/văn phòng/mặt bằng,Không rõ,250,0,676000
rent,RF + XGBoost Ensemble,24999999.999999963,8834726.797465667,16165273.202534296,0.6466109281013728,mogi,Quận Tân Bình,Phòng/Cho thuê,Phòng trọ,Không rõ,100,0,250000
rent,RF + XGBoost Ensemble,16000000.000000026,24709975.625974834,8709975.625974808,0.5443734766234246,mogi,Quận Gò Vấp,Phòng/Cho thuê,Tòa nhà/văn phòng/mặt bằng,Không rõ,100,0,160000
rent,RF + XGBoost Ensemble,17999999.999999985,29370845.085188653,11370845.085188668,0.6317136158438155,mogi,Thành phố Thủ Đức,Phòng/Cho thuê,Tòa nhà/văn phòng/mặt bằng,Không rõ,110,0,163636.36363636365
rent,RF + XGBoost Ensemble,35000000.000000015,45396242.75209917,10396242.752099156,0.2970355072028329,mogi,Thành phố Thủ Đức,Phòng/Cho thuê,Tòa nhà/văn phòng/mặt bằng,Không rõ,200,0,175000
rent,RF + XGBoost Ensemble,57000000.000000045,58439505.78799824,1439505.787998192,0.02525448750874019,mogi,Thành phố Thủ Đức,Phòng/Cho thuê,Tòa nhà/văn phòng/mặt bằng,Không rõ,400,0,142500
rent,RF + XGBoost Ensemble,229999999.99999994,57014214.85213715,172985785.1478628,0.7521121093385341,mogi,Thành phố Thủ Đức,Phòng/Cho thuê,Phòng trọ,Không rõ,200,0,1150000
rent,RF + XGBoost Ensemble,17999999.999999985,24951054.880297046,6951054.880297061,0.38616971557205926,mogi,Quận 7,Phòng/Cho thuê,Tòa nhà/văn phòng/mặt bằng,Không rõ,119,0,151260.50420168068
rent,RF + XGBoost Ensemble,17999999.999999985,26824696.78805822,8824696.788058236,0.4902609326699024,mogi,Quận 7,Phòng/Cho thuê,Tòa nhà/văn phòng/mặt bằng,Không rõ,118,0,152542.37288135593
rent,RF + XGBoost Ensemble,9999999.999999996,12873546.80267758,2873546.802677583,0.2873546802677584,mogi,Quận 7,Phòng/Cho thuê,Tòa nhà/văn phòng/mặt bằng,Không rõ,55,0,181818.18181818185
rent,RF + XGBoost Ensemble,3389999.9999999977,7175346.701157073,3785346.701157075,1.1166214457690493,mogi,Quận 7,Phòng/Cho thuê,Tòa nhà/văn phòng/mặt bằng,Không rõ,30,0,113000
rent,RF + XGBoost Ensemble,5689999.999999997,5239406.291838926,450593.70816107094,0.07919045837628667,mogi,Quận 1,Phòng/Cho thuê,Phòng trọ,Không rõ,30,0,189666.66666666663
rent,RF + XGBoost Ensemble,32689999.99999998,20175089.53654327,12514910.463456713,0.3828360496621817,mogi,Quận 1,Phòng/Cho thuê,Tòa nhà/văn phòng/mặt bằng,Không rõ,50,0,653800
rent,RF + XGBoost Ensemble,7800000.000000004,10418724.969299454,2618724.9692994505,0.3357339704230063,mogi,Quận Bình Thạnh,Phòng/Cho thuê,Tòa nhà/văn phòng/mặt bằng,Không rõ,50,0,156000
rent,RF + XGBoost Ensemble,249999999.99999985,110360978.92597215,139639021.07402772,0.5585560842961113,mogi,Thành phố Thủ Đức,Phòng/Cho thuê,Tòa nhà/văn phòng/mặt bằng,Không rõ,720,0,347222.22222222225
rent,RF + XGBoost Ensemble,249999999.99999985,253667273.62319228,3667273.6231924295,0.014669094492769727,mogi,Quận Bình Thạnh,Phòng/Cho thuê,Phòng trọ,Không rõ,1452,0,172176.3085399449
rent,RF + XGBoost Ensemble,46999999.99999998,20995188.77977055,26004811.22022943,0.5532938557495626,mogi,Quận Bình Thạnh,Phòng/Cho thuê,Tòa nhà/văn phòng/mặt bằng,Không rõ,80,0,587500
rent,RF + XGBoost Ensemble,39999999.999999985,17266371.274994306,22733628.72500568,0.5683407181251422,mogi,Thành phố Thủ Đức,Phòng/Cho thuê,Tòa nhà/văn phòng/mặt bằng,Không rõ,80,0,500000
rent,RF + XGBoost Ensemble,8519000.000000006,8693709.140079033,174709.14007902704,0.02050817467766486,mogi,Quận Gò Vấp,Phòng/Cho thuê,Tòa nhà/văn phòng/mặt bằng,Không rõ,46,0,185195.65217391303
rent,RF + XGBoost Ensemble,67048999.99999993,35167975.64099905,31881024.359000884,0.4754884391862804,mogi,Quận Tân Bình,Phòng/Cho thuê,Tòa nhà/văn phòng/mặt bằng,Không rõ,150,0,446993.3333333333
rent,RF + XGBoost Ensemble,67000000.00000012,105577694.63454215,38577694.63454203,0.5757864870827158,mogi,Thành phố Thủ Đức,Phòng/Cho thuê,Phòng trọ,Không rõ,600,0,111666.66666666669
rent,RF + XGBoost Ensemble,8999999.999999996,14063695.498898763,5063695.498898767,0.5626328332109743,mogi,Quận 10,Phòng/Cho thuê,Tòa nhà/văn phòng/mặt bằng,Không rõ,55,0,163636.36363636365
rent,RF + XGBoost Ensemble,36999999.99999993,48621700.84047851,11621700.840478577,0.3141000227156378,mogi,Thành phố Thủ Đức,Phòng/Cho thuê,Phòng trọ,Không rõ,200,0,185000
rent,RF + XGBoost Ensemble,24999999.999999963,22194743.11842205,2805256.8815779127,0.11221027526311668,mogi,Thành phố Thủ Đức,Phòng/Cho thuê,Tòa nhà/văn phòng/mặt bằng,Không rõ,100,0,250000
rent,RF + XGBoost Ensemble,20000000.000000015,52202122.62448209,32202122.624482073,1.6101061312241025,mogi,Thành phố Thủ Đức,Phòng/Cho thuê,Phòng trọ,Không rõ,160,0,125000
rent,RF + XGBoost Ensemble,36000000.000000045,26559160.409077097,9440839.590922948,0.2622455441923038,mogi,Thành phố Thủ Đức,Phòng/Cho thuê,Tòa nhà/văn phòng/mặt bằng,Không rõ,90,0,400000
rent,RF + XGBoost Ensemble,35000000.000000015,32539876.347337306,2460123.6526627094,0.07028924721893452,mogi,Thành phố Thủ Đức,Phòng/Cho thuê,Phòng trọ,Không rõ,100,0,350000
rent,RF + XGBoost Ensemble,79990000.00000001,56440345.49276732,23549654.507232696,0.2944074822756931,mogi,Quận Phú Nhuận,Phòng/Cho thuê,Phòng trọ,Không rõ,215,0,372046.511627907
rent,RF + XGBoost Ensemble,75000000.0000003,75885106.90539408,885106.9053937793,0.011801425405250343,mogi,Quận Bình Tân,Phòng/Cho thuê,Phòng trọ,Không rõ,602,0,124584.71760797342
rent,RF + XGBoost Ensemble,13400000.000000011,9840325.429339098,3559674.5706609134,0.2656473560194709,mogi,Thành phố Thủ Đức,Phòng/Cho thuê,Tòa nhà/văn phòng/mặt bằng,Không rõ,25,0,536000
rent,RF + XGBoost Ensemble,24999999.999999963,34180735.47222297,9180735.472223006,0.3672294188889208,mogi,Thành phố Thủ Đức,Phòng/Cho thuê,Phòng trọ,Không rõ,150,0,166666.66666666666
rent,RF + XGBoost Ensemble,36000000.000000045,44415241.95555748,8415241.955557436,0.23375672098770625,mogi,Quận 7,Phòng/Cho thuê,Phòng trọ,Không rõ,108,0,333333.3333333333
rent,RF + XGBoost Ensemble,39999999.999999985,69307228.80193016,29307228.801930174,0.7326807200482546,mogi,Thành phố Thủ Đức,Phòng/Cho thuê,Tòa nhà/văn phòng/mặt bằng,Không rõ,350,0,114285.71428571428
rent,RF + XGBoost Ensemble,79999999.9999996,134091177.46376109,54091177.46376149,0.676139718297022,mogi,Thành phố Thủ Đức,Phòng/Cho thuê,Tòa nhà/văn phòng/mặt bằng,Không rõ,888,0,90090.09009009007
rent,RF + XGBoost Ensemble,75000000.0000003,115955053.69521739,40955053.69521709,0.5460673826028923,mogi,Quận 1,Phòng/Cho thuê,Phòng trọ,Không rõ,216,0,347222.22222222225
rent,RF + XGBoost Ensemble,60000000.0000001,11360942.122238938,48639057.877761155,0.8106509646293513,mogi,Quận Bình Thạnh,Phòng/Cho thuê,Phòng trọ,Không rõ,75,0,800000
rent,RF + XGBoost Ensemble,55000000.000000075,22996398.01690366,32003601.983096413,0.581883672419934,mogi,Quận Phú Nhuận,Phòng/Cho thuê,Tòa nhà/văn phòng/mặt bằng,Không rõ,80,0,687500
rent,RF + XGBoost Ensemble,35000000.000000015,36631198.56013374,1631198.5601337254,0.04660567314667785,mogi,Quận Bình Thạnh,Phòng/Cho thuê,Tòa nhà/văn phòng/mặt bằng,Không rõ,150,0,233333.33333333337
rent,RF + XGBoost Ensemble,94999999.99999987,85855393.52737984,9144606.472620025,0.09625901550126356,mogi,Thành phố Thủ Đức,Phòng/Cho thuê,Phòng trọ,Không rõ,280,0,339285.71428571426
rent,RF + XGBoost Ensemble,12000000.000000007,9082012.71374458,2917987.2862554267,0.24316560718795208,mogi,Thành phố Thủ Đức,Phòng/Cho thuê,Tòa nhà/văn phòng/mặt bằng,Không rõ,20,0,600000
rent,RF + XGBoost Ensemble,449999999.9999995,323352535.0516556,126647464.94834393,0.2814388109963201,mogi,Quận 1,Phòng/Cho thuê,Tòa nhà/văn phòng/mặt bằng,Không rõ,1400,0,321428.5714285714
rent,RF + XGBoost Ensemble,75000000.0000003,112695273.72404402,37695273.72404373,0.5026036496539144,mogi,Thành phố Thủ Đức,Phòng/Cho thuê,Tòa nhà/văn phòng/mặt bằng,Không rõ,800,0,93750
rent,RF + XGBoost Ensemble,65000000.00000007,64370726.53504707,629273.4649529979,0.00968113023004611,mogi,Thành phố Thủ Đức,Phòng/Cho thuê,Tòa nhà/văn phòng/mặt bằng,Không rõ,400,0,162500
rent,RF + XGBoost Ensemble,36999999.99999993,89883205.31178981,52883205.31178988,1.4292758192375667,mogi,Thành phố Thủ Đức,Phòng/Cho thuê,Tòa nhà/văn phòng/mặt bằng,Không rõ,300,0,123333.33333333331
rent,RF + XGBoost Ensemble,26999999.999999993,37048267.87234645,10048267.87234646,0.3721580693461653,mogi,Thành phố Thủ Đức,Phòng/Cho thuê,Tòa nhà/văn phòng/mặt bằng,Không rõ,110,0,245454.54545454544
rent,RF + XGBoost Ensemble,35499999.999999955,88897463.66437823,53397463.66437827,1.5041539060388265,mogi,Thành phố Thủ Đức,Phòng/Cho thuê,Tòa nhà/văn phòng/mặt bằng,Không rõ,320,0,110937.5
rent,RF + XGBoost Ensemble,39999999.999999985,63951242.66550954,23951242.66550955,0.598781066637739,mogi,Thành phố Thủ Đức,Phòng/Cho thuê,Tòa nhà/văn phòng/mặt bằng,Không rõ,400,0,100000
rent,RF + XGBoost Ensemble,200000000.0000001,133271555.77424715,66728444.225752935,0.3336422211287645,mogi,Thành phố Thủ Đức,Phòng/Cho thuê,Tòa nhà/văn phòng/mặt bằng,Không rõ,215,0,930232.5581395348
rent,RF + XGBoost Ensemble,69999999.99999967,62674447.45308221,7325552.546917461,0.10465075067024993,mogi,Quận Bình Thạnh,Phòng/Cho thuê,Tòa nhà/văn phòng/mặt bằng,Không rõ,250,0,280000
rent,RF + XGBoost Ensemble,389999999.9999996,200516404.72594237,189483595.2740572,0.4858553724975831,mogi,Quận 1,Phòng/Cho thuê,Tòa nhà/văn phòng/mặt bằng,Không rõ,700,0,557142.8571428572
rent,RF + XGBoost Ensemble,46000000.00000004,44552048.25312465,1447951.7468753904,0.03147721188859542,mogi,Quận 1,Phòng/Cho thuê,Tòa nhà/văn phòng/mặt bằng,Không rõ,115,0,400000
rent,RF + XGBoost Ensemble,74400000.00000037,45476712.70148309,28923287.29851728,0.3887538615392088,mogi,Quận 1,Phòng/Cho thuê,Tòa nhà/văn phòng/mặt bằng,Không rõ,124,0,600000
rent,RF + XGBoost Ensemble,74400000.00000037,46220419.06718419,28179580.932816185,0.3787578082367748,mogi,Quận 1,Phòng/Cho thuê,Tòa nhà/văn phòng/mặt bằng,Không rõ,124,0,600000
rent,RF + XGBoost Ensemble,60000000.0000001,42259699.49318115,17740300.50681895,0.29567167511364867,mogi,Thành phố Thủ Đức,Phòng/Cho thuê,Tòa nhà/văn phòng/mặt bằng,Không rõ,160,0,375000
rent,RF + XGBoost Ensemble,69999999.99999967,76827116.44334114,6827116.443341464,0.09753023490487851,mogi,Thành phố Thủ Đức,Phòng/Cho thuê,Tòa nhà/văn phòng/mặt bằng,Không rõ,510,0,137254.9019607843
rent,RF + XGBoost Ensemble,389999999.9999996,469424841.87477124,79424841.87477165,0.20365344070454292,mogi,Quận Bình Thạnh,Phòng/Cho thuê,Tòa nhà/văn phòng/mặt bằng,Không rõ,2400,0,162500
rent,RF + XGBoost Ensemble,24999999.999999963,34273405.9061596,9273405.90615964,0.3709362362463861,mogi,Quận Phú Nhuận,Phòng/Cho thuê,Tòa nhà/văn phòng/mặt bằng,Không rõ,105,0,238095.2380952381
rent,RF + XGBoost Ensemble,63999999.999999896,69516704.63942,5516704.639420107,0.08619850999093931,mogi,Quận 3,Phòng/Cho thuê,Tòa nhà/văn phòng/mặt bằng,Không rõ,180,0,355555.55555555556
rent,RF + XGBoost Ensemble,22000000.000000007,35537457.60575456,13537457.605754554,0.6153389820797522,mogi,Quận 10,Phòng/Cho thuê,Tòa nhà/văn phòng/mặt bằng,Không rõ,115,0,191304.34782608697
rent,RF + XGBoost Ensemble,46999999.99999998,72304202.7941282,25304202.794128217,0.53838729349209,mogi,Quận 1,Phòng/Cho thuê,Tòa nhà/văn phòng/mặt bằng,Không rõ,145,0,324137.9310344828
rent,RF + XGBoost Ensemble,33000000.000000015,46910025.719274476,13910025.719274461,0.4215159308871047,mogi,Quận 1,Phòng/Cho thuê,Tòa nhà/văn phòng/mặt bằng,Không rõ,90,0,366666.6666666667
rent,RF + XGBoost Ensemble,69000000.00000018,72684111.4706621,3684111.4706619233,0.05339291986466542,mogi,Quận 3,Phòng/Cho thuê,Phòng trọ,Không rõ,180,0,383333.3333333333
rent,RF + XGBoost Ensemble,26999999.999999993,27636500.818343993,636500.8183440007,0.023574104383111145,mogi,Quận 3,Phòng/Cho thuê,Phòng trọ,Không rõ,60,0,450000
rent,RF + XGBoost Ensemble,33999999.99999994,32873697.310112946,1126302.6898869947,0.033126549702558725,mogi,Quận Bình Thạnh,Phòng/Cho thuê,Tòa nhà/văn phòng/mặt bằng,Không rõ,105,0,323809.5238095238
rent,RF + XGBoost Ensemble,46000000.00000004,44650857.89409223,1349142.1059078053,0.029329176215387047,mogi,Quận 3,Phòng/Cho thuê,Tòa nhà/văn phòng/mặt bằng,Không rõ,110,0,418181.8181818182
rent,RF + XGBoost Ensemble,8999999.999999996,7014732.483298834,1985267.5167011619,0.22058527963346253,mogi,Quận 3,Phòng/Cho thuê,Phòng trọ,Không rõ,35,0,257142.85714285713
rent,RF + XGBoost Ensemble,35000000.000000015,37048380.61815086,2048380.6181508452,0.05852516051859555,mogi,Quận Bình Thạnh,Phòng/Cho thuê,Tòa nhà/văn phòng/mặt bằng,Không rõ,105,0,333333.3333333333
rent,RF + XGBoost Ensemble,24000000,20478546.25009324,3521453.7499067597,0.14672723957944833,mogi,Quận 1,Phòng/Cho thuê,Tòa nhà/văn phòng/mặt bằng,Không rõ,50,0,480000
rent,RF + XGBoost Ensemble,30000000.00000005,47351692.0752694,17351692.075269353,0.5783897358423108,mogi,Quận 10,Phòng/Cho thuê,Tòa nhà/văn phòng/mặt bằng,Không rõ,115,0,260869.5652173913
rent,RF + XGBoost Ensemble,19000000.000000015,19414288.027454775,414288.0274547599,0.021804633023934716,mogi,Quận Bình Thạnh,Phòng/Cho thuê,Tòa nhà/văn phòng/mặt bằng,Không rõ,70,0,271428.5714285714
rent,RF + XGBoost Ensemble,26999999.999999993,26185956.45448728,814043.5455127135,0.030149760944915324,mogi,Quận 3,Phòng/Cho thuê,Tòa nhà/văn phòng/mặt bằng,Không rõ,60,0,450000
rent,RF + XGBoost Ensemble,509999999.9999992,284731079.0940404,225268920.90595883,0.4417037664822729,mogi,Quận 3,Phòng/Cho thuê,Tòa nhà/văn phòng/mặt bằng,Không rõ,1000,0,510000
rent,RF + XGBoost Ensemble,270000000.0000003,86802299.65187041,183197700.34812987,0.6785100012893691,mogi,Thành phố Thủ Đức,Phòng/Cho thuê,Tòa nhà/văn phòng/mặt bằng,Không rõ,310,0,870967.7419354839
rent,RF + XGBoost Ensemble,39999999.999999985,26033350.845896628,13966649.154103357,0.3491662288525841,mogi,Thành phố Thủ Đức,Phòng/Cho thuê,Tòa nhà/văn phòng/mặt bằng,Không rõ,74,0,540540.5405405406
rent,RF + XGBoost Ensemble,90000000.00000004,84550251.68039736,5449748.319602683,0.06055275910669645,mogi,Quận Tân Bình,Phòng/Cho thuê,Tòa nhà/văn phòng/mặt bằng,Không rõ,600,0,150000
rent,RF + XGBoost Ensemble,6499999.999999999,7669965.848527407,1169965.8485274082,0.1799947459272936,mogi,Quận 1,Phòng/Cho thuê,Tòa nhà/văn phòng/mặt bằng,Không rõ,7,0,928571.4285714284
rent,RF + XGBoost Ensemble,90000000.00000004,107169716.02831803,17169716.028317988,0.19077462253686644,mogi,Quận Tân Bình,Phòng/Cho thuê,Tòa nhà/văn phòng/mặt bằng,Không rõ,330,0,272727.2727272727
rent,RF + XGBoost Ensemble,79999999.9999996,151781079.6146413,71781079.61464171,0.897263495183026,mogi,Quận Bình Thạnh,Phòng/Cho thuê,Tòa nhà/văn phòng/mặt bằng,Không rõ,630,0,126984.12698412698
rent,RF + XGBoost Ensemble,86000000.00000013,66575533.19122252,19424466.808777615,0.22586589312532077,mogi,Thành phố Thủ Đức,Phòng/Cho thuê,Phòng trọ,Không rõ,270,0,318518.51851851854
rent,RF + XGBoost Ensemble,90000000.00000004,91918940.32455535,1918940.3245553076,0.02132155916172563,mogi,Quận Tân Bình,Phòng/Cho thuê,Tòa nhà/văn phòng/mặt bằng,Không rõ,600,0,150000
rent,RF + XGBoost Ensemble,99999999.99999991,141714693.4266355,41714693.42663559,0.4171469342663563,mogi,Quận 1,Phòng/Cho thuê,Tòa nhà/văn phòng/mặt bằng,Không rõ,600,0,166666.66666666666
rent,RF + XGBoost Ensemble,154999999.9999999,135806757.53782213,19193242.462177783,0.12382737072372771,mogi,Quận Bình Thạnh,Phòng/Cho thuê,Tòa nhà/văn phòng/mặt bằng,Không rõ,700,0,221428.57142857145
rent,RF + XGBoost Ensemble,299999999.9999999,323795313.6211916,23795313.62119174,0.07931771207063916,mogi,Quận 1,Phòng/Cho thuê,Phòng trọ,Không rõ,1300,0,230769.2307692308
rent,RF + XGBoost Ensemble,200000000.0000001,365460090.67703295,165460090.67703286,0.8273004533851639,mogi,Quận 3,Phòng/Cho thuê,Tòa nhà/văn phòng/mặt bằng,Không rõ,1300,0,153846.15384615384
rent,RF + XGBoost Ensemble,549999999.9999996,310205345.0645187,239794654.93548095,0.4359902817008747,mogi,Quận 1,Phòng/Cho thuê,Tòa nhà/văn phòng/mặt bằng,Không rõ,1200,0,458333.3333333333
rent,RF + XGBoost Ensemble,12000000.000000007,11544767.57730756,455232.4226924479,0.03793603522437063,mogi,Thành phố Thủ Đức,Phòng/Cho thuê,Tòa nhà/văn phòng/mặt bằng,Không rõ,40,0,300000
rent,RF + XGBoost Ensemble,6999999.999999995,10496554.889700959,3496554.889700963,0.4995078413858522,mogi,Thành phố Thủ Đức,Phòng/Cho thuê,Tòa nhà/văn phòng/mặt bằng,Không rõ,28,0,250000
rent,RF + XGBoost Ensemble,239999999.99999973,202793929.3474854,37206070.65251434,0.15502529438547658,mogi,Thành phố Thủ Đức,Phòng/Cho thuê,Tòa nhà/văn phòng/mặt bằng,Không rõ,1000,0,240000
rent,RF + XGBoost Ensemble,289999999.99999994,210441487.5385687,79558512.46143124,0.2743396981428664,mogi,Thành phố Thủ Đức,Phòng/Cho thuê,Tòa nhà/văn phòng/mặt bằng,Không rõ,1200,0,241666.66666666663
rent,RF + XGBoost Ensemble,90000000.00000004,83479357.060381,6520642.939619049,0.0724515882179894,mogi,Thành phố Thủ Đức,Phòng/Cho thuê,Tòa nhà/văn phòng/mặt bằng,Không rõ,500,0,180000
rent,RF + XGBoost Ensemble,150000000.00000077,130201992.73679131,19798007.263209462,0.1319867150880624,mogi,Thành phố Thủ Đức,Phòng/Cho thuê,Tòa nhà/văn phòng/mặt bằng,Không rõ,600,0,250000
rent,RF + XGBoost Ensemble,24999999.999999963,18600132.50202958,6399867.497970384,0.25599469991881574,mogi,Thành phố Thủ Đức,Phòng/Cho thuê,Tòa nhà/văn phòng/mặt bằng,Không rõ,80,0,312500
rent,RF + XGBoost Ensemble,69999999.99999967,117517677.81057785,47517677.81057818,0.6788239687225487,mogi,Thành phố Thủ Đức,Phòng/Cho thuê,Tòa nhà/văn phòng/mặt bằng,Không rõ,700,0,100000
rent,RF + XGBoost Ensemble,60000000.0000001,74248946.58289675,14248946.582896657,0.23748244304827723,mogi,Thành phố Thủ Đức,Phòng/Cho thuê,Tòa nhà/văn phòng/mặt bằng,Không rõ,500,0,120000
rent,RF + XGBoost Ensemble,280000000,191550579.3673244,88449420.63267559,0.3158907879738414,mogi,Quận 10,Phòng/Cho thuê,Phòng trọ,Không rõ,759,0,368906.4558629776
rent,RF + XGBoost Ensemble,179999999.9999997,88668556.56672066,91331443.43327904,0.5073969079626621,mogi,Thành phố Thủ Đức,Phòng/Cho thuê,Tòa nhà/văn phòng/mặt bằng,Không rõ,340,0,529411.7647058824
rent,RF + XGBoost Ensemble,110000000.00000012,95356181.91300447,14643818.086995646,0.13312561897268754,mogi,Quận Bình Thạnh,Phòng/Cho thuê,Tòa nhà/văn phòng/mặt bằng,Không rõ,106,0,1037735.8490566036
rent,RF + XGBoost Ensemble,36000000.000000045,60150142.97191116,24150142.971911117,0.670837304775308,mogi,Quận 3,Phòng/Cho thuê,Tòa nhà/văn phòng/mặt bằng,Không rõ,142,0,253521.12676056335
rent,RF + XGBoost Ensemble,27999999.99999999,20689955.426264517,7310044.573735472,0.26107302049055264,mogi,Quận Tân Bình,Phòng/Cho thuê,Tòa nhà/văn phòng/mặt bằng,Không rõ,82,0,341463.4146341463
rent,RF + XGBoost Ensemble,197999999.99999988,76983883.73618229,121016116.2638176,0.6111925063829176,mogi,Thành phố Thủ Đức,Phòng/Cho thuê,Tòa nhà/văn phòng/mặt bằng,Không rõ,450,0,440000
rent,RF + XGBoost Ensemble,110000000.00000012,38985152.81629109,71014847.18370903,0.6455895198518995,mogi,Thành phố Thủ Đức,Phòng/Cho thuê,Phòng trọ,Không rõ,130,0,846153.8461538461
rent,RF + XGBoost Ensemble,75000000.0000003,51941610.45583495,23058389.54416535,0.30744519392220343,mogi,Thành phố Thủ Đức,Phòng/Cho thuê,Tòa nhà/văn phòng/mặt bằng,Không rõ,200,0,375000
rent,RF + XGBoost Ensemble,35000000.000000015,23792731.59597447,11207268.404025543,0.32020766868644396,mogi,Thành phố Thủ Đức,Phòng/Cho thuê,Tòa nhà/văn phòng/mặt bằng,Không rõ,85,0,411764.70588235295
rent,RF + XGBoost Ensemble,72000000.00000012,53328473.900667466,18671526.099332653,0.25932675137961975,mogi,Thành phố Thủ Đức,Phòng/Cho thuê,Tòa nhà/văn phòng/mặt bằng,Không rõ,180,0,400000
rent,RF + XGBoost Ensemble,119999999.9999999,78488442.71565802,41511557.28434187,0.34592964403618254,mogi,Thành phố Thủ Đức,Phòng/Cho thuê,Phòng trọ,Không rõ,400,0,300000
rent,RF + XGBoost Ensemble,55000000.000000075,30246116.07425424,24753883.925745834,0.4500706168317418,mogi,Quận Bình Thạnh,Phòng/Cho thuê,Tòa nhà/văn phòng/mặt bằng,Không rõ,115,0,478260.8695652174
rent,RF + XGBoost Ensemble,26999999.999999993,35946097.85328211,8946097.853282116,0.33133695752896736,mogi,Quận 1,Phòng/Cho thuê,Tòa nhà/văn phòng/mặt bằng,Không rõ,75,0,360000
rent,RF + XGBoost Ensemble,80325000.00000042,74686005.11786543,5638994.882134989,0.07020223942900665,mogi,Quận 1,Phòng/Cho thuê,Tòa nhà/văn phòng/mặt bằng,Không rõ,150,0,535500
rent,RF + XGBoost Ensemble,16999999.999999974,12928769.55174009,4071230.4482598845,0.2394841440152877,mogi,Quận Bình Thạnh,Phòng/Cho thuê,Phòng trọ,Không rõ,60,0,283333.3333333333
rent,RF + XGBoost Ensemble,249999999.99999985,238480365.96783456,11519634.032165289,0.04607853612866118,mogi,Quận Tân Bình,Phòng/Cho thuê,Tòa nhà/văn phòng/mặt bằng,Không rõ,1368,0,182748.5380116959
rent,RF + XGBoost Ensemble,48000000.00000006,62345565.081297554,14345565.081297494,0.2988659391936974,mogi,Quận 1,Phòng/Cho thuê,Phòng trọ,Không rõ,150,0,320000
rent,RF + XGBoost Ensemble,14000000.00000001,3759852.4469669964,10240147.553033013,0.7314391109309291,mogi,Quận 1,Phòng/Cho thuê,Phòng trọ,Không rõ,25,0,560000
rent,RF + XGBoost Ensemble,55000000.000000075,80714835.33871076,25714835.33871068,0.46754246070382993,mogi,Quận 3,Phòng/Cho thuê,Phòng trọ,Không rõ,200,0,275000
rent,RF + XGBoost Ensemble,39999999.999999985,39998342.514385484,1657.4856145009398,4.1437140362523514e-5,mogi,Quận Bình Thạnh,Phòng/Cho thuê,Phòng trọ,Không rõ,155,0,258064.51612903227
rent,RF + XGBoost Ensemble,12000000.000000007,9688018.581148986,2311981.4188510217,0.19266511823758503,mogi,Quận 3,Phòng/Cho thuê,Phòng trọ,Không rõ,45,0,266666.6666666667
rent,RF + XGBoost Ensemble,12000000.000000007,11325556.201370604,674443.7986294031,0.05620364988578356,mogi,Quận Tân Bình,Phòng/Cho thuê,Tòa nhà/văn phòng/mặt bằng,Không rõ,45,0,266666.6666666667
rent,RF + XGBoost Ensemble,9999999.999999996,12690897.746991128,2690897.7469911315,0.26908977469911327,mogi,Quận Tân Bình,Phòng/Cho thuê,Tòa nhà/văn phòng/mặt bằng,Không rõ,50,0,200000
rent,RF + XGBoost Ensemble,96250000.00000012,91715876.35326785,4534123.646732271,0.047107778147867686,mogi,Quận Tân Bình,Phòng/Cho thuê,Tòa nhà/văn phòng/mặt bằng,Không rõ,350,0,275000
rent,RF + XGBoost Ensemble,119999999.9999999,182018931.9817281,62018931.98172821,0.5168244331810689,mogi,Quận Tân Bình,Phòng/Cho thuê,Tòa nhà/văn phòng/mặt bằng,Không rõ,1000,0,120000
rent,RF + XGBoost Ensemble,51999999.99999991,45888602.64829069,6111397.351709224,0.11752687214825451,mogi,Quận 3,Phòng/Cho thuê,Tòa nhà/văn phòng/mặt bằng,Không rõ,100,0,520000
rent,RF + XGBoost Ensemble,79999999.9999996,66284975.587408036,13715024.412591562,0.17143780515739537,mogi,Quận 1,Phòng/Cho thuê,Tòa nhà/văn phòng/mặt bằng,Không rõ,150,0,533333.3333333334
rent,RF + XGBoost Ensemble,15000000.00000001,20083333.469870318,5083333.469870308,0.3388888979913537,mogi,Quận 8,Phòng/Cho thuê,Tòa nhà/văn phòng/mặt bằng,Không rõ,151,0,99337.74834437086
rent,RF + XGBoost Ensemble,15000000.00000001,22025948.608011242,7025948.608011233,0.46839657386741523,mogi,Thành phố Thủ Đức,Phòng/Cho thuê,Tòa nhà/văn phòng/mặt bằng,Không rõ,100,0,150000
rent,RF + XGBoost Ensemble,60000000.0000001,109615288.53964204,49615288.53964194,0.8269214756606976,mogi,Quận Bình Thạnh,Phòng/Cho thuê,Tòa nhà/văn phòng/mặt bằng,Không rõ,400,0,150000
rent,RF + XGBoost Ensemble,19000000.000000015,25018987.85397108,6018987.853971064,0.31678883441952943,mogi,Quận Phú Nhuận,Phòng/Cho thuê,Tòa nhà/văn phòng/mặt bằng,Không rõ,90,0,211111.11111111112
rent,RF + XGBoost Ensemble,9999999.999999996,27716514.344423156,17716514.34442316,1.7716514344423167,mogi,Quận 7,Phòng/Cho thuê,Tòa nhà/văn phòng/mặt bằng,Không rõ,111,0,90090.09009009007
rent,RF + XGBoost Ensemble,22000000.000000007,22045953.046958886,45953.046958878636,0.00208877486176721,mogi,Quận 1,Phòng/Cho thuê,Tòa nhà/văn phòng/mặt bằng,Không rõ,60,0,366666.6666666667
rent,RF + XGBoost Ensemble,17999999.999999985,23311468.980037995,5311468.98003801,0.29508161000211186,mogi,Thành phố Thủ Đức,Phòng/Cho thuê,Tòa nhà/văn phòng/mặt bằng,Không rõ,75,0,240000
rent,RF + XGBoost Ensemble,79999999.9999996,43991994.16232154,36008005.83767806,0.45010007297097804,mogi,Thành phố Thủ Đức,Phòng/Cho thuê,Tòa nhà/văn phòng/mặt bằng,Không rõ,160,0,500000
rent,RF + XGBoost Ensemble,549999999.9999996,357164505.54648954,192835494.4535101,0.35060998991547315,mogi,Quận 1,Phòng/Cho thuê,Tòa nhà/văn phòng/mặt bằng,Không rõ,1200,0,458333.3333333333
rent,RF + XGBoost Ensemble,60000000.0000001,54492345.25872708,5507654.741273016,0.09179424568788344,mogi,Quận 1,Phòng/Cho thuê,Tòa nhà/văn phòng/mặt bằng,Không rõ,145,0,413793.1034482759
rent,RF + XGBoost Ensemble,24999999.999999963,22444872.100052334,2555127.8999476284,0.10220511599790529,mogi,Quận Phú Nhuận,Phòng/Cho thuê,Tòa nhà/văn phòng/mặt bằng,Không rõ,70,0,357142.85714285716
rent,RF + XGBoost Ensemble,55000000.000000075,59451130.16719963,4451130.167199552,0.08092963940362811,mogi,Quận Tân Bình,Phòng/Cho thuê,Phòng trọ,Không rõ,400,0,137500
rent,RF + XGBoost Ensemble,20000000.000000015,26923968.388186175,6923968.3881861605,0.3461984194093078,mogi,Quận 7,Phòng/Cho thuê,Tòa nhà/văn phòng/mặt bằng,Không rõ,85,0,235294.11764705885
rent,RF + XGBoost Ensemble,6999999.999999995,6344165.285256109,655834.7147438861,0.09369067353484094,mogi,Quận 7,Phòng/Cho thuê,Tòa nhà/văn phòng/mặt bằng,Không rõ,18,0,388888.8888888889
rent,RF + XGBoost Ensemble,27999999.99999999,26733884.277825557,1266115.7221744321,0.04521841864908688,mogi,Quận 4,Phòng/Cho thuê,Tòa nhà/văn phòng/mặt bằng,Không rõ,82,0,341463.4146341463
rent,RF + XGBoost Ensemble,20000000.000000015,19889726.494345814,110273.50565420091,0.005513675282710041,mogi,Quận 4,Phòng/Cho thuê,Tòa nhà/văn phòng/mặt bằng,Không rõ,60,0,333333.3333333333
rent,RF + XGBoost Ensemble,30999999.999999978,25082157.92232596,5917842.077674016,0.19089813153787163,mogi,Quận 3,Phòng/Cho thuê,Tòa nhà/văn phòng/mặt bằng,Không rõ,60,0,516666.6666666667
rent,RF + XGBoost Ensemble,76000000.00000007,139072969.8540756,63072969.854075536,0.8299074980799405,mogi,Quận 1,Phòng/Cho thuê,Tòa nhà/văn phòng/mặt bằng,Không rõ,200,0,380000
rent,RF + XGBoost Ensemble,27999999.99999999,19432795.152539287,8567204.847460702,0.3059716016950252,mogi,Quận 10,Phòng/Cho thuê,Tòa nhà/văn phòng/mặt bằng,Không rõ,100,0,280000
rent,RF + XGBoost Ensemble,35000000.000000015,47683966.12110512,12683966.121105105,0.36239903203157425,mogi,Quận 1,Phòng/Cho thuê,Phòng trọ,Không rõ,85,0,411764.70588235295
rent,RF + XGBoost Ensemble,13000000.000000013,23726049.884777173,10726049.88477716,0.825080760367473,mogi,Quận 1,Phòng/Cho thuê,Tòa nhà/văn phòng/mặt bằng,Không rõ,60,0,216666.66666666663
rent,RF + XGBoost Ensemble,52999999.99999999,59429394.32688777,6429394.326887779,0.12130932692241093,mogi,Quận 3,Phòng/Cho thuê,Tòa nhà/văn phòng/mặt bằng,Không rõ,160,0,331250
rent,RF + XGBoost Ensemble,44999999.999999985,45730430.39787106,730430.3978710771,0.016231786619357272,mogi,Quận 3,Phòng/Cho thuê,Tòa nhà/văn phòng/mặt bằng,Không rõ,100,0,450000
rent,RF + XGBoost Ensemble,28500000.000000034,35363123.637519784,6863123.637519751,0.2408113557024471,mogi,Quận Bình Thạnh,Phòng/Cho thuê,Tòa nhà/văn phòng/mặt bằng,Không rõ,110,0,259090.9090909091
rent,RF + XGBoost Ensemble,505000000.0000005,114438623.76402463,390561376.23597586,0.7733888638336148,mogi,Quận Bình Thạnh,Phòng/Cho thuê,Tòa nhà/văn phòng/mặt bằng,Không rõ,450,0,1122222.2222222222
rent,RF + XGBoost Ensemble,85000000.00000004,107043277.38527045,22043277.3852704,0.25933267512082814,mogi,Thành phố Thủ Đức,Phòng/Cho thuê,Tòa nhà/văn phòng/mặt bằng,Không rõ,650,0,130769.23076923077
rent,RF + XGBoost Ensemble,55000000.000000075,174170546.35892612,119170546.35892604,2.166737206525925,mogi,Quận 3,Phòng/Cho thuê,Tòa nhà/văn phòng/mặt bằng,Không rõ,630,0,87301.58730158731
rent,RF + XGBoost Ensemble,900000000.0000006,500000000.0000006,400000000,0.44444444444444414,mogi,Quận Phú Nhuận,Phòng/Cho thuê,Tòa nhà/văn phòng/mặt bằng,Không rõ,2300,0,391304.347826087
rent,RF + XGBoost Ensemble,949999999.9999999,362104115.12553376,587895884.8744662,0.6188377735520697,mogi,Quận Tân Bình,Phòng/Cho thuê,Tòa nhà/văn phòng/mặt bằng,Không rõ,1848,0,514069.26406926406
rent,RF + XGBoost Ensemble,600000000.0000008,461838644.8011265,138161355.19887435,0.23026892533145693,mogi,Quận 1,Phòng/Cho thuê,Tòa nhà/văn phòng/mặt bằng,Không rõ,1900,0,315789.4736842105
rent,RF + XGBoost Ensemble,999999999.9999994,500000000.0000006,499999999.9999988,0.4999999999999991,mogi,Quận 1,Phòng/Cho thuê,Tòa nhà/văn phòng/mặt bằng,Không rõ,3500,0,285714.28571428574
rent,RF + XGBoost Ensemble,299999999.9999999,449502715.33624107,149502715.3362412,0.4983423844541375,mogi,Quận Tân Bình,Phòng/Cho thuê,Tòa nhà/văn phòng/mặt bằng,Không rõ,2200,0,136363.63636363635
rent,RF + XGBoost Ensemble,75000000.0000003,45158740.90181224,29841259.098188058,0.39788345464250585,mogi,Quận Bình Thạnh,Phòng/Cho thuê,Tòa nhà/văn phòng/mặt bằng,Không rõ,169,0,443786.9822485207
rent,RF + XGBoost Ensemble,900000000.0000006,500000000.0000006,400000000,0.44444444444444414,mogi,Quận 10,Phòng/Cho thuê,Tòa nhà/văn phòng/mặt bằng,Không rõ,2069,0,434992.7501208313
rent,RF + XGBoost Ensemble,500000000.0000006,500000000.0000006,0,0,mogi,Thành phố Thủ Đức,Phòng/Cho thuê,Tòa nhà/văn phòng/mặt bằng,Không rõ,4300,0,116279.06976744186
rent,RF + XGBoost Ensemble,60000000.0000001,150838600.9368009,90838600.93680081,1.513976682280011,mogi,Quận 1,Phòng/Cho thuê,Tòa nhà/văn phòng/mặt bằng,Không rõ,540,0,111111.11111111112
rent,RF + XGBoost Ensemble,87999999.99999991,115815539.77762152,27815539.777621612,0.316085679291155,mogi,Quận Tân Bình,Phòng/Cho thuê,Tòa nhà/văn phòng/mặt bằng,Không rõ,600,0,146666.66666666666
rent,RF + XGBoost Ensemble,549999999.9999996,454392784.1296327,95607215.87036693,0.17383130158248544,mogi,Quận Bình Thạnh,Phòng/Cho thuê,Tòa nhà/văn phòng/mặt bằng,Không rõ,2800,0,196428.57142857145
rent,RF + XGBoost Ensemble,167000000.00000018,184193388.23111743,17193388.23111725,0.10295442054561216,mogi,Quận Tân Bình,Phòng/Cho thuê,Tòa nhà/văn phòng/mặt bằng,Không rõ,1000,0,167000
rent,RF + XGBoost Ensemble,139999999.99999934,202409567.36045638,62409567.36045703,0.4457826240032666,mogi,Quận 1,Phòng/Cho thuê,Tòa nhà/văn phòng/mặt bằng,Không rõ,712,0,196629.21348314607
rent,RF + XGBoost Ensemble,235000000,191981098.1715404,43018901.82845959,0.18305915671684933,mogi,Quận 1,Phòng/Cho thuê,Tòa nhà/văn phòng/mặt bằng,Không rõ,756,0,310846.56084656087
rent,RF + XGBoost Ensemble,210000000.00000003,307836576.4236114,97836576.42361137,0.4658884591600541,mogi,Quận 1,Phòng/Cho thuê,Tòa nhà/văn phòng/mặt bằng,Không rõ,1196,0,175585.28428093647
rent,RF + XGBoost Ensemble,150000000.00000077,198984048.36615074,48984048.36614996,0.3265603224409981,mogi,Quận 1,Phòng/Cho thuê,Tòa nhà/văn phòng/mặt bằng,Không rõ,720,0,208333.33333333337
rent,RF + XGBoost Ensemble,110000000.00000012,122483888.67468749,12483888.67468737,0.11348989704261234,mogi,Quận 11,Phòng/Cho thuê,Tòa nhà/văn phòng/mặt bằng,Không rõ,600,0,183333.33333333337
rent,RF + XGBoost Ensemble,200000000.0000001,411276088.4554651,211276088.455465,1.0563804422773244,mogi,Quận 1,Phòng/Cho thuê,Tòa nhà/văn phòng/mặt bằng,Không rõ,1176,0,170068.02721088435
rent,RF + XGBoost Ensemble,487999999.9999987,306912200.9236952,181087799.07630348,0.37108155548422944,mogi,Quận Bình Thạnh,Phòng/Cho thuê,Tòa nhà/văn phòng/mặt bằng,Không rõ,2000,0,244000
rent,RF + XGBoost Ensemble,98999999.99999982,91000359.68321529,7999640.316784531,0.08080444764428833,mogi,Quận Bình Thạnh,Phòng/Cho thuê,Tòa nhà/văn phòng/mặt bằng,Không rõ,350,0,282857.14285714284
rent,RF + XGBoost Ensemble,612500000,254724607.071553,357775392.928447,0.5841230904954237,mogi,Quận 1,Phòng/Cho thuê,Tòa nhà/văn phòng/mặt bằng,Không rõ,374,0,1637700.5347593585
rent,RF + XGBoost Ensemble,60000000.0000001,73729841.65339644,13729841.653396346,0.22883069422327207,mogi,Thành phố Thủ Đức,Phòng/Cho thuê,Tòa nhà/văn phòng/mặt bằng,Không rõ,450,0,133333.33333333334
rent,RF + XGBoost Ensemble,99999999.99999991,105259936.33505271,5259936.335052803,0.05259936335052808,mogi,Thành phố Thủ Đức,Phòng/Cho thuê,Phòng trọ,Không rõ,700,0,142857.14285714287
rent,RF + XGBoost Ensemble,50000000.00000009,65008059.47486782,15008059.474867731,0.3001611894973541,mogi,Thành phố Thủ Đức,Phòng/Cho thuê,Tòa nhà/văn phòng/mặt bằng,Không rõ,450,0,111111.11111111112
rent,RF + XGBoost Ensemble,75000000.0000003,119952630.95791136,44952630.95791106,0.599368412772145,mogi,Thành phố Thủ Đức,Phòng/Cho thuê,Tòa nhà/văn phòng/mặt bằng,Không rõ,689,0,108853.4107402032
rent,RF + XGBoost Ensemble,50000000.00000009,64239650.22486214,14239650.224862054,0.2847930044972406,mogi,Thành phố Thủ Đức,Phòng/Cho thuê,Phòng trọ,Không rõ,450,0,111111.11111111112
rent,RF + XGBoost Ensemble,60000000.0000001,118102866.47619598,58102866.47619588,0.9683811079365964,mogi,Thành phố Thủ Đức,Phòng/Cho thuê,Phòng trọ,Không rõ,560,0,107142.85714285714
rent,RF + XGBoost Ensemble,60000000.0000001,72442423.03058107,12442423.030580975,0.20737371717634925,mogi,Thành phố Thủ Đức,Phòng/Cho thuê,Tòa nhà/văn phòng/mặt bằng,Không rõ,500,0,120000
rent,RF + XGBoost Ensemble,150000000.00000077,175172243.60764766,25172243.607646883,0.16781495738431168,mogi,Thành phố Thủ Đức,Phòng/Cho thuê,Tòa nhà/văn phòng/mặt bằng,Không rõ,1000,0,150000
rent,RF + XGBoost Ensemble,129999999.99999997,203187889.230308,73187889.23030803,0.5629837633100618,mogi,Thành phố Thủ Đức,Phòng/Cho thuê,Tòa nhà/văn phòng/mặt bằng,Không rõ,1000,0,130000
rent,RF + XGBoost Ensemble,69999999.99999967,68309533.51235859,1690466.4876410812,0.024149521252015558,mogi,Thành phố Thủ Đức,Phòng/Cho thuê,Tòa nhà/văn phòng/mặt bằng,Không rõ,450,0,155555.55555555556
rent,RF + XGBoost Ensemble,20000000.000000015,23996426.267913528,3996426.267913513,0.1998213133956755,mogi,Thành phố Thủ Đức,Phòng/Cho thuê,Tòa nhà/văn phòng/mặt bằng,Không rõ,70,0,285714.28571428574
rent,RF + XGBoost Ensemble,367000000.0000006,219278379.499988,147721620.5000126,0.40251122752046964,mogi,Quận 3,Phòng/Cho thuê,Tòa nhà/văn phòng/mặt bằng,Không rõ,160,0,2293750
rent,RF + XGBoost Ensemble,110000000.00000012,66763867.30578434,43236132.69421578,0.3930557517655976,mogi,Thành phố Thủ Đức,Phòng/Cho thuê,Phòng trọ,Không rõ,450,0,244444.44444444444
rent,RF + XGBoost Ensemble,480000000.0000007,372608474.6153505,107391525.38465023,0.22373234455135432,mogi,Quận 1,Phòng/Cho thuê,Tòa nhà/văn phòng/mặt bằng,Không rõ,1971,0,243531.20243531204
rent,RF + XGBoost Ensemble,8000000.000000002,12920152.86472615,4920152.864726149,0.6150191080907684,mogi,Quận 10,Phòng/Cho thuê,Tòa nhà/văn phòng/mặt bằng,Không rõ,55,0,145454.54545454544
rent,RF + XGBoost Ensemble,159999999.99999982,142508935.60252818,17491064.397471637,0.10931915248419785,mogi,Quận 10,Phòng/Cho thuê,Tòa nhà/văn phòng/mặt bằng,Không rõ,600,0,266666.6666666667
rent,RF + XGBoost Ensemble,24000000,21843806.333074875,2156193.666925125,0.08984140278854687,mogi,Thành phố Thủ Đức,Phòng/Cho thuê,Tòa nhà/văn phòng/mặt bằng,Không rõ,75,0,320000
rent,RF + XGBoost Ensemble,6999999.999999995,22113984.157457255,15113984.157457259,2.159140593922467,mogi,Quận 7,Căn hộ,Căn hộ,Không rõ,79,0,88607.59493670886
rent,RF + XGBoost Ensemble,6000000,8217932.528644312,2217932.528644312,0.36965542144071867,mogi,Thành phố Thủ Đức,Phòng/Cho thuê,Tòa nhà/văn phòng/mặt bằng,Không rõ,25,0,240000
rent,RF + XGBoost Ensemble,26999999.999999993,34154995.918872364,7154995.918872371,0.26499984884712496,mogi,Quận Tân Bình,Phòng/Cho thuê,Tòa nhà/văn phòng/mặt bằng,Không rõ,132,0,204545.45454545456
rent,RF + XGBoost Ensemble,163200000.0000001,73749496.82001759,89450503.1799825,0.5481035734067552,mogi,Thành phố Thủ Đức,Phòng/Cho thuê,Phòng trọ,Không rõ,340,0,480000
rent,RF + XGBoost Ensemble,179999999.9999997,221551604.96600434,41551604.96600464,0.23084224981113727,mogi,Quận Phú Nhuận,Phòng/Cho thuê,Phòng trọ,Không rõ,1500,0,120000
rent,RF + XGBoost Ensemble,249999999.99999985,234409554.88108343,15590445.118916422,0.06236178047566573,mogi,Quận 1,Phòng/Cho thuê,Phòng trọ,Không rõ,1000,0,250000
rent,RF + XGBoost Ensemble,11000000.000000013,12889361.242246801,1889361.242246788,0.171760112931526,mogi,Quận Tân Bình,Phòng/Cho thuê,Tòa nhà/văn phòng/mặt bằng,Không rõ,50,0,220000
rent,RF + XGBoost Ensemble,110000000.00000012,75079851.04733476,34920148.95266536,0.31745589956968473,mogi,Thành phố Thủ Đức,Phòng/Cho thuê,Tòa nhà/văn phòng/mặt bằng,Không rõ,450,0,244444.44444444444
rent,RF + XGBoost Ensemble,119999999.9999999,183570649.98652366,63570649.98652376,0.5297554165543652,mogi,Quận Tân Bình,Phòng/Cho thuê,Tòa nhà/văn phòng/mặt bằng,Không rõ,1000,0,120000
rent,RF + XGBoost Ensemble,200000000.0000001,337120864.67461526,137120864.67461517,0.6856043233730755,mogi,Quận Tân Bình,Phòng/Cho thuê,Tòa nhà/văn phòng/mặt bằng,Không rõ,2200,0,90909.09090909093
rent,RF + XGBoost Ensemble,65000000.00000007,89497561.90743737,24497561.907437302,0.37688556780672733,mogi,Quận Tân Bình,Phòng/Cho thuê,Tòa nhà/văn phòng/mặt bằng,Không rõ,700,0,92857.14285714286
rent,RF + XGBoost Ensemble,69999999.99999967,89681948.8350271,19681948.835027426,0.28117069764325026,mogi,Quận Tân Bình,Phòng/Cho thuê,Tòa nhà/văn phòng/mặt bằng,Không rõ,600,0,116666.66666666669
rent,RF + XGBoost Ensemble,60000000.0000001,101068022.59414499,41068022.59414489,0.684467043235747,mogi,Quận Tân Bình,Phòng/Cho thuê,Tòa nhà/văn phòng/mặt bằng,Không rõ,660,0,90909.09090909093
rent,RF + XGBoost Ensemble,229999999.99999994,198662106.94319123,31337893.05680871,0.1362517089426466,mogi,Quận 6,Phòng/Cho thuê,Tòa nhà/văn phòng/mặt bằng,Không rõ,1080,0,212962.96296296295
rent,RF + XGBoost Ensemble,50000000.00000009,80963267.58568926,30963267.585689172,0.6192653517137824,mogi,Quận 4,Phòng/Cho thuê,Tòa nhà/văn phòng/mặt bằng,Không rõ,200,0,250000
rent,RF + XGBoost Ensemble,33000000.000000015,126346139.02860384,93346139.02860382,2.82867087965466,mogi,Quận 1,Phòng/Cho thuê,Phòng trọ,Không rõ,230,0,143478.26086956522
rent,RF + XGBoost Ensemble,12000000.000000007,11398255.993760863,601744.0062391441,0.05014533385326198,mogi,Quận Tân Bình,Phòng/Cho thuê,Tòa nhà/văn phòng/mặt bằng,Không rõ,50,0,240000
rent,RF + XGBoost Ensemble,12000000.000000007,19045660.057183128,7045660.05718312,0.587138338098593,mogi,Quận Tân Bình,Phòng/Cho thuê,Tòa nhà/văn phòng/mặt bằng,Không rõ,80,0,150000
rent,RF + XGBoost Ensemble,210000000.00000003,100941131.53416753,109058868.4658325,0.5193279450753928,mogi,Thành phố Thủ Đức,Phòng/Cho thuê,Tòa nhà/văn phòng/mặt bằng,Không rõ,600,0,350000
rent,RF + XGBoost Ensemble,69999999.99999967,98244212.31729801,28244212.317298338,0.40348874738997814,mogi,Thành phố Thủ Đức,Phòng/Cho thuê,Tòa nhà/văn phòng/mặt bằng,Không rõ,600,0,116666.66666666669
rent,RF + XGBoost Ensemble,99999999.99999991,110355611.41324136,10355611.413241446,0.10355611413241456,mogi,Quận Bình Thạnh,Phòng/Cho thuê,Tòa nhà/văn phòng/mặt bằng,Không rõ,470,0,212765.95744680852
rent,RF + XGBoost Ensemble,119999999.9999999,130664385.3988365,10664385.398836598,0.0888698783236384,mogi,Quận 3,Phòng/Cho thuê,Tòa nhà/văn phòng/mặt bằng,Không rõ,560,0,214285.7142857143
rent,RF + XGBoost Ensemble,97999999.99999994,153586846.5762891,55586846.57628915,0.5672127201662162,mogi,Quận 3,Phòng/Cho thuê,Tòa nhà/văn phòng/mặt bằng,Không rõ,677,0,144756.2776957164
rent,RF + XGBoost Ensemble,134999999.99999994,136471403.22991368,1471403.2299137414,0.010899283184546237,mogi,Quận Phú Nhuận,Phòng/Cho thuê,Tòa nhà/văn phòng/mặt bằng,Không rõ,710,0,190140.84507042257
rent,RF + XGBoost Ensemble,350000000.00000036,449502715.33624107,99502715.33624071,0.2842934723892589,mogi,Quận Tân Bình,Phòng/Cho thuê,Tòa nhà/văn phòng/mặt bằng,Không rõ,2200,0,159090.9090909091
rent,RF + XGBoost Ensemble,129999999.99999997,176688002.15580484,46688002.15580487,0.359138478121576,mogi,Quận Tân Bình,Phòng/Cho thuê,Tòa nhà/văn phòng/mặt bằng,Không rõ,1200,0,108333.33333333331
rent,RF + XGBoost Ensemble,65000000.00000007,70150155.95963658,5150155.959636517,0.07923316860979249,mogi,Quận Bình Thạnh,Phòng/Cho thuê,Tòa nhà/văn phòng/mặt bằng,Không rõ,250,0,260000
rent,RF + XGBoost Ensemble,6599999.999999998,5053493.994045168,1546506.00595483,0.23431909181133795,mogi,Quận Tân Phú,Phòng/Cho thuê,Tòa nhà/văn phòng/mặt bằng,Không rõ,26,0,253846.15384615384
rent,RF + XGBoost Ensemble,37999999.99999996,41118544.87809519,3118544.8780952245,0.0820669704761902,mogi,Thành phố Thủ Đức,Phòng/Cho thuê,Tòa nhà/văn phòng/mặt bằng,Không rõ,140,0,271428.5714285714
rent,RF + XGBoost Ensemble,16000000.000000026,31119462.04536384,15119462.045363814,0.9449663778352368,mogi,Thành phố Thủ Đức,Phòng/Cho thuê,Tòa nhà/văn phòng/mặt bằng,Không rõ,150,0,106666.66666666669
rent,RF + XGBoost Ensemble,24000000,29370845.085188653,5370845.085188653,0.22378521188286055,mogi,Thành phố Thủ Đức,Phòng/Cho thuê,Tòa nhà/văn phòng/mặt bằng,Không rõ,110,0,218181.81818181815
rent,RF + XGBoost Ensemble,57999999.99999995,32209846.80398648,25790153.19601347,0.4446578137243706,mogi,Thành phố Thủ Đức,Phòng/Cho thuê,Phòng trọ,Không rõ,105,0,552380.9523809524
rent,RF + XGBoost Ensemble,16000000.000000026,20251227.18659079,4251227.186590765,0.2657016991619224,mogi,Thành phố Thủ Đức,Phòng/Cho thuê,Tòa nhà/văn phòng/mặt bằng,Không rõ,60,0,266666.6666666667
rent,RF + XGBoost Ensemble,24000000,34107289.19188449,10107289.191884488,0.42113704966185367,mogi,Thành phố Thủ Đức,Phòng/Cho thuê,Tòa nhà/văn phòng/mặt bằng,Không rõ,130,0,184615.38461538465
rent,RF + XGBoost Ensemble,150000000.00000077,106376618.15926582,43623381.84073496,0.29082254560489823,mogi,Thành phố Thủ Đức,Phòng/Cho thuê,Phòng trọ,Không rõ,600,0,250000
rent,RF + XGBoost Ensemble,78999999.99999964,64962322.7674108,14037677.232588843,0.177692116868214,mogi,Quận Bình Thạnh,Phòng/Cho thuê,Phòng trọ,Không rõ,220,0,359090.9090909091
rent,RF + XGBoost Ensemble,6699999.999999995,5059267.96139969,1640732.038600305,0.2448853788955681,mogi,Quận Tân Phú,Phòng/Cho thuê,Tòa nhà/văn phòng/mặt bằng,Không rõ,26,0,257692.3076923077
rent,RF + XGBoost Ensemble,15000000.00000001,27181560.835792627,12181560.835792618,0.8121040557195074,mogi,Quận 3,Phòng/Cho thuê,Tòa nhà/văn phòng/mặt bằng,Không rõ,60,0,250000
rent,RF + XGBoost Ensemble,560000000.0000008,187161800.8644522,372838199.1355486,0.6657824984563357,mogi,Thành phố Thủ Đức,Phòng/Cho thuê,Tòa nhà/văn phòng/mặt bằng,Không rõ,1000,0,560000
rent,RF + XGBoost Ensemble,14000000.00000001,12833896.527700605,1166103.4722994044,0.08329310516424313,mogi,Quận Bình Thạnh,Phòng/Cho thuê,Phòng trọ,Không rõ,60,0,233333.33333333337
rent,RF + XGBoost Ensemble,65000000.00000007,61315964.305798694,3684035.6942013726,0.0566774722184826,mogi,Quận 1,Phòng/Cho thuê,Phòng trọ,Không rõ,145,0,448275.8620689655
rent,RF + XGBoost Ensemble,6000000,9680530.738124423,3680530.7381244227,0.6134217896874038,mogi,Thành phố Thủ Đức,Phòng/Cho thuê,Tòa nhà/văn phòng/mặt bằng,Không rõ,25,0,240000
rent,RF + XGBoost Ensemble,24999999.999999963,31119462.04536384,6119462.045363877,0.24477848181455544,mogi,Thành phố Thủ Đức,Phòng/Cho thuê,Tòa nhà/văn phòng/mặt bằng,Không rõ,150,0,166666.66666666666
rent,RF + XGBoost Ensemble,18700000.00000003,16772695.676351368,1927304.3236486614,0.10306440233415284,mogi,Quận Phú Nhuận,Phòng/Cho thuê,Tòa nhà/văn phòng/mặt bằng,Không rõ,48,0,389583.3333333333
rent,RF + XGBoost Ensemble,9900000.000000013,9262084.099147784,637915.9008522294,0.06443594958103319,mogi,Thành phố Thủ Đức,Phòng/Cho thuê,Tòa nhà/văn phòng/mặt bằng,Không rõ,30,0,330000
rent,RF + XGBoost Ensemble,22000000.000000007,28531114.721799146,6531114.721799139,0.29686885099086985,mogi,Quận 3,Phòng/Cho thuê,Tòa nhà/văn phòng/mặt bằng,Không rõ,68,0,323529.4117647059
rent,RF + XGBoost Ensemble,85000000.00000004,72043279.49112888,12956720.508871168,0.15243200598671955,mogi,Quận 1,Phòng/Cho thuê,Tòa nhà/văn phòng/mặt bằng,Không rõ,150,0,566666.6666666666
rent,RF + XGBoost Ensemble,8000000.000000002,3196335.5606190623,4803664.43938094,0.6004580549226174,mogi,Quận Bình Thạnh,Phòng/Cho thuê,Phòng trọ,Không rõ,20,0,400000
rent,RF + XGBoost Ensemble,22000000.000000007,17050989.35353562,4949010.646464389,0.22495502938474488,mogi,Quận Bình Thạnh,Phòng/Cho thuê,Tòa nhà/văn phòng/mặt bằng,Không rõ,70,0,314285.71428571426
rent,RF + XGBoost Ensemble,65000000.00000007,62654530.89145342,2345469.1085466444,0.0360841401314868,mogi,Quận 1,Phòng/Cho thuê,Tòa nhà/văn phòng/mặt bằng,Không rõ,145,0,448275.8620689655
rent,RF + XGBoost Ensemble,200000000.0000001,174048008.37283987,25951991.62716022,0.12975995813580105,mogi,Quận 7,Phòng/Cho thuê,Phòng trọ,Không rõ,1200,0,166666.66666666666
rent,RF + XGBoost Ensemble,199000000.00000015,181291547.13862628,17708452.86137387,0.08898720030841135,mogi,Quận 7,Phòng/Cho thuê,Phòng trọ,Không rõ,1000,0,199000
rent,RF + XGBoost Ensemble,200000000.0000001,38861683.232734606,161138316.7672655,0.8056915838363271,mogi,Quận 7,Phòng/Cho thuê,Phòng trọ,Không rõ,150,0,1333333.3333333333
rent,RF + XGBoost Ensemble,43399999.999999985,76332068.72997431,32932068.72997433,0.7588034269579341,mogi,Quận 1,Phòng/Cho thuê,Tòa nhà/văn phòng/mặt bằng,Không rõ,155,0,280000
rent,RF + XGBoost Ensemble,200000000.0000001,335654609.74849236,135654609.74849227,0.6782730487424611,mogi,Quận 10,Phòng/Cho thuê,Phòng trọ,Không rõ,1400,0,142857.14285714287
rent,RF + XGBoost Ensemble,99999999.99999991,156570855.01713398,56570855.01713407,0.5657085501713413,mogi,Quận Phú Nhuận,Phòng/Cho thuê,Tòa nhà/văn phòng/mặt bằng,Không rõ,855,0,116959.06432748538
rent,RF + XGBoost Ensemble,705000000.0000023,125839263.78585123,579160736.214151,0.8215045903746797,mogi,Quận 3,Phòng/Cho thuê,Tòa nhà/văn phòng/mặt bằng,Không rõ,338,0,2085798.8165680473
rent,RF + XGBoost Ensemble,179999999.9999997,230390845.29046217,50390845.290462464,0.2799491405025697,mogi,Quận 1,Phòng/Cho thuê,Tòa nhà/văn phòng/mặt bằng,Không rõ,1033,0,174249.75798644725
rent,RF + XGBoost Ensemble,229999999.99999994,304679117.6298118,74679117.62981188,0.3246918157817909,mogi,Quận 1,Phòng/Cho thuê,Tòa nhà/văn phòng/mặt bằng,Không rõ,1134,0,202821.86948853615
rent,RF + XGBoost Ensemble,16000000.000000026,18298459.219632994,2298459.2196329683,0.14365370122706028,mogi,Quận 7,Phòng/Cho thuê,Tòa nhà/văn phòng/mặt bằng,Không rõ,70,0,228571.42857142855
rent,RF + XGBoost Ensemble,20000000.000000015,19176523.129095487,823476.8709045276,0.04117384354522635,mogi,Quận Tân Bình,Phòng/Cho thuê,Tòa nhà/văn phòng/mặt bằng,Không rõ,78,0,256410.2564102564
rent,RF + XGBoost Ensemble,30000000.00000005,25891213.630036347,4108786.369963702,0.1369595456654565,mogi,Quận Phú Nhuận,Phòng/Cho thuê,Tòa nhà/văn phòng/mặt bằng,Không rõ,100,0,300000
rent,RF + XGBoost Ensemble,600000000.0000008,487540353.88974655,112459646.11025429,0.18743274351709022,mogi,Quận 10,Phòng/Cho thuê,Tòa nhà/văn phòng/mặt bằng,Không rõ,4000,0,150000
rent,RF + XGBoost Ensemble,210000000.00000003,233140826.42611846,23140826.426118433,0.1101944115529449,mogi,Quận 6,Phòng/Cho thuê,Tòa nhà/văn phòng/mặt bằng,Không rõ,1707,0,123022.84710017574
rent,RF + XGBoost Ensemble,199999000.00000006,286013333.9008843,86014333.90088421,0.4300738198735203,mogi,Quận 1,Phòng/Cho thuê,Phòng trọ,Không rõ,1000,0,199999
rent,RF + XGBoost Ensemble,589999999.9999995,500000000.0000006,89999999.99999893,0.15254237288135425,mogi,Quận 3,Phòng/Cho thuê,Tòa nhà/văn phòng/mặt bằng,Không rõ,4000,0,147500
rent,RF + XGBoost Ensemble,500000000.0000006,396905471.79600596,103094528.20399463,0.206189056407989,mogi,Quận 1,Phòng/Cho thuê,Tòa nhà/văn phòng/mặt bằng,Không rõ,2000,0,250000
rent,RF + XGBoost Ensemble,174999999.99999973,236909913.71213728,61909913.71213755,0.3537709354979294,mogi,Quận 1,Phòng/Cho thuê,Tòa nhà/văn phòng/mặt bằng,Không rõ,1000,0,175000
rent,RF + XGBoost Ensemble,219999999.99999964,177246266.95178592,42753733.04821372,0.1943351502191536,mogi,Quận Tân Phú,Phòng/Cho thuê,Tòa nhà/văn phòng/mặt bằng,Không rõ,1250,0,176000
rent,RF + XGBoost Ensemble,60000000.0000001,85960282.88905858,25960282.88905848,0.4326713814843073,mogi,Quận Tân Phú,Phòng/Cho thuê,Tòa nhà/văn phòng/mặt bằng,Không rõ,650,0,92307.69230769233
rent,RF + XGBoost Ensemble,90000000.00000004,98908731.99744302,8908731.997442976,0.09898591108269968,mogi,Quận Tân Bình,Phòng/Cho thuê,Tòa nhà/văn phòng/mặt bằng,Không rõ,750,0,120000
rent,RF + XGBoost Ensemble,4999999.999999999,4589893.121145685,410106.87885431387,0.08202137577086278,mogi,Quận Tân Phú,Phòng/Cho thuê,Tòa nhà/văn phòng/mặt bằng,Không rõ,15,0,333333.3333333333
rent,RF + XGBoost Ensemble,60000000.0000001,90851497.59825595,30851497.59825585,0.5141916266375967,mogi,Quận 1,Phòng/Cho thuê,Phòng trọ,Không rõ,300,0,200000
rent,RF + XGBoost Ensemble,400000000.0000001,291929268.3177781,108070731.68222201,0.2701768292055549,mogi,Quận Phú Nhuận,Phòng/Cho thuê,Tòa nhà/văn phòng/mặt bằng,Không rõ,1600,0,250000
rent,RF + XGBoost Ensemble,400000000.0000001,500000000.0000006,100000000.00000048,0.2500000000000011,mogi,Quận 1,Phòng/Cho thuê,Tòa nhà/văn phòng/mặt bằng,Không rõ,2500,0,160000
rent,RF + XGBoost Ensemble,159999999.99999982,364254338.24339265,204254338.24339283,1.2765896140212065,mogi,Quận 1,Phòng/Cho thuê,Tòa nhà/văn phòng/mặt bằng,Không rõ,1500,0,106666.66666666669
rent,RF + XGBoost Ensemble,159999999.99999982,370125266.32293534,210125266.32293552,1.3132829145183484,mogi,Quận 1,Phòng/Cho thuê,Tòa nhà/văn phòng/mặt bằng,Không rõ,1500,0,106666.66666666669
rent,RF + XGBoost Ensemble,129999999.99999997,137348832.21486735,7348832.214867383,0.05652947857590296,mogi,Quận Bình Thạnh,Phòng/Cho thuê,Tòa nhà/văn phòng/mặt bằng,Không rõ,700,0,185714.2857142857
rent,RF + XGBoost Ensemble,90000000.00000004,91450825.35648517,1450825.3564851284,0.01612028173872364,mogi,Thành phố Thủ Đức,Phòng/Cho thuê,Tòa nhà/văn phòng/mặt bằng,Không rõ,600,0,150000
rent,RF + XGBoost Ensemble,280000000,309744113.7680151,29744113.768015087,0.10622897774291103,mogi,Quận 10,Phòng/Cho thuê,Tòa nhà/văn phòng/mặt bằng,Không rõ,1100,0,254545.45454545456
rent,RF + XGBoost Ensemble,119999999.9999999,134771456.05797353,14771456.057973638,0.12309546714978042,mogi,Quận 5,Phòng/Cho thuê,Tòa nhà/văn phòng/mặt bằng,Không rõ,600,0,200000
rent,RF + XGBoost Ensemble,119999999.9999999,127670611.89201978,7670611.892019883,0.06392176576683241,mogi,Quận Phú Nhuận,Phòng/Cho thuê,Tòa nhà/văn phòng/mặt bằng,Không rõ,450,0,266666.6666666667
rent,RF + XGBoost Ensemble,159999999.99999982,119507930.47306778,40492069.526932046,0.2530754345433256,mogi,Thành phố Thủ Đức,Phòng/Cho thuê,Tòa nhà/văn phòng/mặt bằng,Không rõ,700,0,228571.42857142855
rent,RF + XGBoost Ensemble,449999999.9999995,431671899.5967019,18328100.403297603,0.04072911200732805,mogi,Quận Bình Thạnh,Phòng/Cho thuê,Tòa nhà/văn phòng/mặt bằng,Không rõ,2300,0,195652.1739130435
rent,RF + XGBoost Ensemble,15000000.00000001,24379220.6486276,9379220.648627592,0.6252813765751725,mogi,Quận Phú Nhuận,Phòng/Cho thuê,Tòa nhà/văn phòng/mặt bằng,Không rõ,75,0,200000
rent,RF + XGBoost Ensemble,39999999.999999985,59826177.69018302,19826177.690183036,0.4956544422545761,mogi,Quận Tân Bình,Phòng/Cho thuê,Tòa nhà/văn phòng/mặt bằng,Không rõ,200,0,200000
rent,RF + XGBoost Ensemble,60000000.0000001,84169348.72594814,24169348.725948043,0.4028224787658001,mogi,Quận Tân Bình,Phòng/Cho thuê,Tòa nhà/văn phòng/mặt bằng,Không rõ,160,0,375000
rent,RF + XGBoost Ensemble,69999999.99999967,96585917.50631016,26585917.506310493,0.37979882151872313,mogi,Quận Tân Bình,Phòng/Cho thuê,Tòa nhà/văn phòng/mặt bằng,Không rõ,700,0,100000
rent,RF + XGBoost Ensemble,60000000.0000001,86728985.19030337,26728985.190303273,0.44548308650505386,mogi,Quận Tân Bình,Phòng/Cho thuê,Tòa nhà/văn phòng/mặt bằng,Không rõ,700,0,85714.28571428571
rent,RF + XGBoost Ensemble,99999999.99999991,50908346.59401039,49091653.40598952,0.49091653405989566,mogi,Quận Tân Bình,Phòng/Cho thuê,Tòa nhà/văn phòng/mặt bằng,Không rõ,160,0,625000
rent,RF + XGBoost Ensemble,25999999.999999985,33753476.85749761,7753476.857497625,0.29821064836529343,mogi,Thành phố Thủ Đức,Phòng/Cho thuê,Tòa nhà/văn phòng/mặt bằng,Không rõ,130,0,200000
rent,RF + XGBoost Ensemble,30999999.999999978,22806351.630812738,8193648.36918724,0.2643112377157176,mogi,Quận 10,Phòng/Cho thuê,Tòa nhà/văn phòng/mặt bằng,Không rõ,85,0,364705.8823529412
rent,RF + XGBoost Ensemble,69999999.99999967,105002158.57564443,35002158.57564476,0.5000308367949275,mogi,Quận Tân Bình,Phòng/Cho thuê,Tòa nhà/văn phòng/mặt bằng,Không rõ,800,0,87500
rent,RF + XGBoost Ensemble,9500000.000000015,9368957.843504217,131042.15649579838,0.013793911210084019,mogi,Quận Tân Bình,Phòng/Cho thuê,Tòa nhà/văn phòng/mặt bằng,Không rõ,40,0,237500
rent,RF + XGBoost Ensemble,50000000.00000009,43341078.428101055,6658921.571899034,0.13317843143798044,mogi,Quận 1,Phòng/Cho thuê,Tòa nhà/văn phòng/mặt bằng,Không rõ,110,0,454545.4545454546
rent,RF + XGBoost Ensemble,350000000.00000036,279311431.57548684,70688568.42451352,0.2019673383557527,mogi,Quận 1,Phòng/Cho thuê,Tòa nhà/văn phòng/mặt bằng,Không rõ,1200,0,291666.6666666667
rent,RF + XGBoost Ensemble,789000000,500000000.0000006,288999999.9999994,0.36628643852978376,mogi,Quận 1,Phòng/Cho thuê,Tòa nhà/văn phòng/mặt bằng,Không rõ,2890,0,273010.38062283734
rent,RF + XGBoost Ensemble,459999999.9999993,500000000.0000006,40000000.00000131,0.08695652173913342,mogi,Quận 3,Phòng/Cho thuê,Tòa nhà/văn phòng/mặt bằng,Không rõ,3200,0,143750
rent,RF + XGBoost Ensemble,3799999.9999999995,4589893.121145685,789893.1211456857,0.20786661082781205,mogi,Quận Tân Phú,Phòng/Cho thuê,Tòa nhà/văn phòng/mặt bằng,Không rõ,15,0,253333.33333333337
rent,RF + XGBoost Ensemble,90000000.00000004,77144776.3529141,12855223.64708595,0.14283581830095493,mogi,Thành phố Thủ Đức,Phòng/Cho thuê,Phòng trọ,Không rõ,500,0,180000
rent,RF + XGBoost Ensemble,31999999.999999955,68056924.6100075,36056924.61000754,1.1267788940627372,mogi,Quận 3,Phòng/Cho thuê,Tòa nhà/văn phòng/mặt bằng,Không rõ,180,0,177777.77777777778
rent,RF + XGBoost Ensemble,179999999.9999997,85627330.9225976,94372669.0774021,0.524292605985568,mogi,Quận 12,Phòng/Cho thuê,Tòa nhà/văn phòng/mặt bằng,Không rõ,800,0,225000
rent,RF + XGBoost Ensemble,400000000.0000001,315129688.0978553,84870311.90214479,0.21217577975536192,mogi,Quận Phú Nhuận,Phòng/Cho thuê,Tòa nhà/văn phòng/mặt bằng,Không rõ,1000,0,400000
rent,RF + XGBoost Ensemble,289999999.99999994,197839377.73185593,92160622.26814401,0.3177952492004967,mogi,Thành phố Thủ Đức,Phòng/Cho thuê,Tòa nhà/văn phòng/mặt bằng,Không rõ,1200,0,241666.66666666663
rent,RF + XGBoost Ensemble,126000000.0000001,118823761.46535973,7176238.534640372,0.05695427408444735,mogi,Quận Tân Bình,Phòng/Cho thuê,Tòa nhà/văn phòng/mặt bằng,Không rõ,420,0,300000
rent,RF + XGBoost Ensemble,500000000.0000006,500000000.0000006,0,0,mogi,Quận Phú Nhuận,Phòng/Cho thuê,Tòa nhà/văn phòng/mặt bằng,Không rõ,3000,0,166666.66666666666
rent,RF + XGBoost Ensemble,69999999.99999967,31431417.558478516,38568582.44152115,0.5509797491645905,mogi,Thành phố Thủ Đức,Phòng/Cho thuê,Tòa nhà/văn phòng/mặt bằng,Không rõ,115,0,608695.6521739131
rent,RF + XGBoost Ensemble,179999999.9999997,113604452.06335278,66395547.93664692,0.3688641552035946,mogi,Quận Phú Nhuận,Phòng/Cho thuê,Tòa nhà/văn phòng/mặt bằng,Không rõ,153,0,1176470.5882352942
rent,RF + XGBoost Ensemble,110000000.00000012,106667238.4096774,3332761.590322718,0.030297832639297403,mogi,Thành phố Thủ Đức,Phòng/Cho thuê,Tòa nhà/văn phòng/mặt bằng,Không rõ,650,0,169230.76923076922
rent,RF + XGBoost Ensemble,22000000.000000007,20658418.16036237,1341581.8396376371,0.060980992710801665,mogi,Quận Tân Phú,Phòng/Cho thuê,Tòa nhà/văn phòng/mặt bằng,Không rõ,90,0,244444.44444444444
rent,RF + XGBoost Ensemble,93999999.99999999,50210815.93215464,43789184.067845345,0.4658423837004825,mogi,Quận 1,Phòng/Cho thuê,Tòa nhà/văn phòng/mặt bằng,Không rõ,128,0,734375
rent,RF + XGBoost Ensemble,379999999.99999934,291682042.9607097,88317957.03928965,0.2324156764191837,mogi,Quận Tân Phú,Phòng/Cho thuê,Tòa nhà/văn phòng/mặt bằng,Không rõ,1890,0,201058.20105820103
rent,RF + XGBoost Ensemble,650000000.000001,249921220.83077532,400078779.16922563,0.6155058141065001,mogi,Quận 1,Phòng/Cho thuê,Tòa nhà/văn phòng/mặt bằng,Không rõ,1423,0,456781.4476458187
rent,RF + XGBoost Ensemble,17999999.999999985,26506038.035738744,8506038.035738759,0.47255766865215365,mogi,Thành phố Thủ Đức,Phòng/Cho thuê,Tòa nhà/văn phòng/mặt bằng,Không rõ,90,0,200000
rent,RF + XGBoost Ensemble,79999999.9999996,48448624.280304395,31551375.719695203,0.394392196496192,mogi,Thành phố Thủ Đức,Phòng/Cho thuê,Phòng trọ,Không rõ,220,0,363636.3636363637
rent,RF + XGBoost Ensemble,15000000.00000001,11576964.134355294,3423035.8656447157,0.2282023910429809,mogi,Quận Tân Bình,Phòng/Cho thuê,Tòa nhà/văn phòng/mặt bằng,Không rõ,50,0,300000
rent,RF + XGBoost Ensemble,16999999.999999974,11332462.456468027,5667537.543531947,0.33338456138423267,mogi,Thành phố Thủ Đức,Phòng/Cho thuê,Tòa nhà/văn phòng/mặt bằng,Không rõ,40,0,425000
rent,RF + XGBoost Ensemble,65000000.00000007,83971640.83223404,18971640.832233973,0.2918713974189839,mogi,Thành phố Thủ Đức,Phòng/Cho thuê,Tòa nhà/văn phòng/mặt bằng,Không rõ,270,0,240740.74074074073
rent,RF + XGBoost Ensemble,46000000.00000004,43036847.589185275,2963152.410814762,0.0644163567568426,mogi,Thành phố Thủ Đức,Phòng/Cho thuê,Tòa nhà/văn phòng/mặt bằng,Không rõ,135,0,340740.74074074073
rent,RF + XGBoost Ensemble,200000000.0000001,203619929.531191,3619929.531190902,0.018099647655954502,mogi,Thành phố Thủ Đức,Phòng/Cho thuê,Tòa nhà/văn phòng/mặt bằng,Không rõ,1200,0,166666.66666666666
rent,RF + XGBoost Ensemble,24000000,20071991.30764734,3928008.69235266,0.1636670288480275,mogi,Quận Tân Phú,Phòng/Cho thuê,Tòa nhà/văn phòng/mặt bằng,Không rõ,90,0,266666.6666666667
rent,RF + XGBoost Ensemble,8499999.999999998,8201838.890336244,298161.10966375377,0.03507777760750045,mogi,Quận 1,Phòng/Cho thuê,Tòa nhà/văn phòng/mặt bằng,Không rõ,12,0,708333.3333333334
rent,RF + XGBoost Ensemble,75000000.0000003,102862961.26424181,27862961.264241517,0.3715061501898854,mogi,Quận 3,Phòng/Cho thuê,Phòng trọ,Không rõ,460,0,163043.47826086957
rent,RF + XGBoost Ensemble,50000000.00000009,91151873.35644934,41151873.35644925,0.8230374671289834,mogi,Quận 10,Phòng/Cho thuê,Phòng trọ,Không rõ,450,0,111111.11111111112
rent,RF + XGBoost Ensemble,30000000.00000005,71223364.03311324,41223364.0331132,1.3741121344371043,mogi,Quận 3,Phòng/Cho thuê,Phòng trọ,Không rõ,250,0,120000
rent,RF + XGBoost Ensemble,60000000.0000001,56120630.068384774,3879369.931615323,0.06465616552692194,mogi,Quận 3,Phòng/Cho thuê,Phòng trọ,Không rõ,150,0,400000
rent,RF + XGBoost Ensemble,50000000.00000009,12633400.92928002,37366599.07072007,0.7473319814144,mogi,Quận 10,Phòng/Cho thuê,Phòng trọ,Không rõ,50,0,1000000
rent,RF + XGBoost Ensemble,500000000.0000006,272309442.8306539,227690557.1693467,0.4553811143386928,mogi,Quận 3,Phòng/Cho thuê,Phòng trọ,Không rõ,600,0,833333.3333333334
rent,RF + XGBoost Ensemble,299999999.9999999,85813713.3031633,214186286.6968366,0.7139542889894556,mogi,Thành phố Thủ Đức,Phòng/Cho thuê,Phòng trọ,Không rõ,500,0,600000
rent,RF + XGBoost Ensemble,200000000.0000001,155813323.3829597,44186676.617040396,0.22093338308520188,mogi,Quận 1,Phòng/Cho thuê,Phòng trọ,Không rõ,160,0,1250000
rent,RF + XGBoost Ensemble,169999999.99999988,151461568.35395032,18538431.64604956,0.10904959791793865,mogi,Quận Gò Vấp,Phòng/Cho thuê,Phòng trọ,Không rõ,550,0,309090.9090909091
rent,RF + XGBoost Ensemble,110000000.00000012,146672400.16190276,36672400.16190264,0.33338545601729636,mogi,Quận 3,Phòng/Cho thuê,Phòng trọ,Không rõ,400,0,275000
rent,RF + XGBoost Ensemble,44999999.999999985,116093650.50070545,71093650.50070547,1.5798589000156775,mogi,Quận 3,Phòng/Cho thuê,Phòng trọ,Không rõ,240,0,187500
rent,RF + XGBoost Ensemble,69999999.99999967,130623569.2554232,60623569.25542353,0.8660509893631974,mogi,Quận 3,Phòng/Cho thuê,Phòng trọ,Không rõ,600,0,116666.66666666669
rent,RF + XGBoost Ensemble,8000000.000000002,15193893.558747772,7193893.55874777,0.899236694843471,mogi,Quận Bình Tân,Phòng/Cho thuê,Tòa nhà/văn phòng/mặt bằng,Không rõ,80,0,100000
rent,RF + XGBoost Ensemble,190000000.00000027,199748790.20873225,9748790.20873198,0.05130942215122087,mogi,Quận 3,Phòng/Cho thuê,Phòng trọ,Không rõ,500,0,380000
rent,RF + XGBoost Ensemble,99999999.99999991,75627178.57423247,24372821.425767437,0.24372821425767457,mogi,Quận 12,Phòng/Cho thuê,Phòng trọ,Không rõ,540,0,185185.1851851852
rent,RF + XGBoost Ensemble,150000000.00000077,93858445.34311767,56141554.656883106,0.37427703104588544,mogi,Quận 1,Phòng/Cho thuê,Phòng trọ,Không rõ,190,0,789473.6842105263
rent,RF + XGBoost Ensemble,9999999.999999996,11423173.604965832,1423173.6049658358,0.14231736049658364,mogi,Thành phố Thủ Đức,Phòng/Cho thuê,Tòa nhà/văn phòng/mặt bằng,Không rõ,38,0,263157.8947368421
rent,RF + XGBoost Ensemble,150000000.00000077,89268255.88950302,60731744.11049776,0.40487829406998294,mogi,Quận 1,Phòng/Cho thuê,Phòng trọ,Không rõ,330,0,454545.4545454546
rent,RF + XGBoost Ensemble,39999999.999999985,49601136.26071619,9601136.260716207,0.24002840651790527,mogi,Thành phố Thủ Đức,Phòng/Cho thuê,Tòa nhà/văn phòng/mặt bằng,Không rõ,162,0,246913.58024691357
rent,RF + XGBoost Ensemble,150000000.00000077,111750125.87280552,38249874.127195254,0.25499916084796703,mogi,Quận Bình Thạnh,Phòng/Cho thuê,Phòng trọ,Không rõ,450,0,333333.3333333333
rent,RF + XGBoost Ensemble,35000000.000000015,28410648.821631648,6589351.178368367,0.18826717652481043,mogi,Thành phố Thủ Đức,Phòng/Cho thuê,Tòa nhà/văn phòng/mặt bằng,Không rõ,110,0,318181.8181818182
rent,RF + XGBoost Ensemble,129999999.99999997,62493971.16365358,67506028.83634639,0.5192771448949723,mogi,Thành phố Thủ Đức,Phòng/Cho thuê,Tòa nhà/văn phòng/mặt bằng,Không rõ,360,0,361111.1111111111
rent,RF + XGBoost Ensemble,85000000.00000004,145107427.46169347,60107427.46169342,0.7071462054316869,mogi,Thành phố Thủ Đức,Phòng/Cho thuê,Tòa nhà/văn phòng/mặt bằng,Không rõ,900,0,94444.44444444444
rent,RF + XGBoost Ensemble,12000000.000000007,16742820.68448529,4742820.684485283,0.39523505704044,mogi,Quận Tân Bình,Phòng/Cho thuê,Tòa nhà/văn phòng/mặt bằng,Không rõ,60,0,200000
rent,RF + XGBoost Ensemble,159999999.99999982,225256992.48939472,65256992.4893949,0.4078562030587186,mogi,Quận 5,Phòng/Cho thuê,Phòng trọ,Không rõ,570,0,280701.7543859649
rent,RF + XGBoost Ensemble,79999999.9999996,137513554.44938755,57513554.44938795,0.718919430617353,mogi,Quận 5,Phòng/Cho thuê,Phòng trọ,Không rõ,234,0,341880.3418803419
rent,RF + XGBoost Ensemble,80999999.99999987,67491606.40684333,13508393.593156531,0.1667702912735377,mogi,Quận 7,Căn hộ,Tòa nhà/văn phòng/mặt bằng,Không rõ,216,0,375000
rent,RF + XGBoost Ensemble,134999999.99999994,221806565.89840236,86806565.89840242,0.6430115992474257,mogi,Quận 10,Phòng/Cho thuê,Tòa nhà/văn phòng/mặt bằng,Không rõ,1000,0,135000
rent,RF + XGBoost Ensemble,33000000.000000015,40462705.12652763,7462705.126527615,0.2261425795917458,mogi,Thành phố Thủ Đức,Phòng/Cho thuê,Tòa nhà/văn phòng/mặt bằng,Không rõ,220,0,150000
rent,RF + XGBoost Ensemble,35000000.000000015,47661255.851313196,12661255.851313181,0.36175016718037645,mogi,Thành phố Thủ Đức,Phòng/Cho thuê,Tòa nhà/văn phòng/mặt bằng,Không rõ,270,0,129629.62962962964
rent,RF + XGBoost Ensemble,179999999.9999997,271813720.75925016,91813720.75925046,0.5100762264402812,mogi,Quận 1,Phòng/Cho thuê,Phòng trọ,Không rõ,360,0,500000
rent,RF + XGBoost Ensemble,35000000.000000015,32983169.831240837,2016830.1687591784,0.057623719107405075,mogi,Thành phố Thủ Đức,Phòng/Cho thuê,Tòa nhà/văn phòng/mặt bằng,Không rõ,210,0,166666.66666666666
rent,RF + XGBoost Ensemble,55000000.000000075,52173350.854624264,2826649.1453758106,0.05139362082501467,mogi,Thành phố Thủ Đức,Phòng/Cho thuê,Phòng trọ,Không rõ,250,0,220000
rent,RF + XGBoost Ensemble,90000000.00000004,89142358.97558299,857641.0244170576,0.00952934471574508,mogi,Thành phố Thủ Đức,Phòng/Cho thuê,Tòa nhà/văn phòng/mặt bằng,Không rõ,370,0,243243.24324324325
rent,RF + XGBoost Ensemble,50000000.00000009,61280732.028757565,11280732.028757475,0.2256146405751491,mogi,Thành phố Thủ Đức,Phòng/Cho thuê,Tòa nhà/văn phòng/mặt bằng,Không rõ,306,0,163398.69281045752
rent,RF + XGBoost Ensemble,150000000.00000077,73462145.04147181,76537854.95852897,0.5102523663901904,mogi,Quận 3,Phòng/Cho thuê,Phòng trọ,Không rõ,156,0,961538.4615384616
rent,RF + XGBoost Ensemble,65000000.00000007,39846786.58230856,25153213.417691506,0.38697251411833045,mogi,Quận 7,Phòng/Cho thuê,Tòa nhà/văn phòng/mặt bằng,Không rõ,150,0,433333.3333333333
rent,RF + XGBoost Ensemble,350000000.00000036,151722066.09024975,198277933.9097506,0.5665083825992869,mogi,Thành phố Thủ Đức,Phòng/Cho thuê,Phòng trọ,Không rõ,600,0,583333.3333333334
rent,RF + XGBoost Ensemble,699999999.9999998,109252615.16786617,590747384.8321335,0.8439248354744767,mogi,Quận 1,Phòng/Cho thuê,Tòa nhà/văn phòng/mặt bằng,Không rõ,300,0,2333333.3333333335
rent,RF + XGBoost Ensemble,26999999.999999993,53976785.58239668,26976785.582396686,0.9991402067554331,mogi,Thành phố Thủ Đức,Phòng/Cho thuê,Tòa nhà/văn phòng/mặt bằng,Không rõ,270,0,100000
rent,RF + XGBoost Ensemble,55000000.000000075,86844381.22947678,31844381.229476705,0.5789887496268484,mogi,Thành phố Thủ Đức,Phòng/Cho thuê,Tòa nhà/văn phòng/mặt bằng,Không rõ,389,0,141388.17480719794
rent,RF + XGBoost Ensemble,33000000.000000015,57008147.01438602,24008147.014386006,0.7275196064965453,mogi,Thành phố Thủ Đức,Phòng/Cho thuê,Tòa nhà/văn phòng/mặt bằng,Không rõ,300,0,110000
rent,RF + XGBoost Ensemble,3000000.000000001,8765668.353342019,5765668.353342018,1.9218894511140054,mogi,Quận 7,Phòng/Cho thuê,Tòa nhà/văn phòng/mặt bằng,Không rõ,25,0,120000
rent,RF + XGBoost Ensemble,35000000.000000015,32428282.244319085,2571717.75568093,0.07347765016231225,mogi,Thành phố Thủ Đức,Phòng/Cho thuê,Tòa nhà/văn phòng/mặt bằng,Không rõ,150,0,233333.33333333337
rent,RF + XGBoost Ensemble,200000000.0000001,253960833.77884573,53960833.77884564,0.2698041688942281,mogi,Quận 5,Phòng/Cho thuê,Phòng trọ,Không rõ,700,0,285714.28571428574
rent,RF + XGBoost Ensemble,24999999.999999963,17107348.00244155,7892651.997558411,0.3157060799023369,mogi,Thành phố Thủ Đức,Phòng/Cho thuê,Tòa nhà/văn phòng/mặt bằng,Không rõ,50,0,500000
rent,RF + XGBoost Ensemble,85000000.00000004,120900670.71147203,35900670.71147199,0.4223608318996702,mogi,Quận Tân Bình,Phòng/Cho thuê,Phòng trọ,Không rõ,380,0,223684.2105263158
rent,RF + XGBoost Ensemble,90000000.00000004,57253031.67459982,32746968.325400226,0.3638552036155579,mogi,Quận 1,Phòng/Cho thuê,Phòng trọ,Không rõ,80,0,1125000
rent,RF + XGBoost Ensemble,35000000.000000015,17467583.36270314,17532416.637296874,0.5009261896370534,mogi,Thành phố Thủ Đức,Phòng/Cho thuê,Tòa nhà/văn phòng/mặt bằng,Không rõ,45,0,777777.7777777778
rent,RF + XGBoost Ensemble,39999999.999999985,55981029.95583856,15981029.955838576,0.39952574889596454,mogi,Thành phố Thủ Đức,Phòng/Cho thuê,Tòa nhà/văn phòng/mặt bằng,Không rõ,320,0,125000
rent,RF + XGBoost Ensemble,299999999.9999999,234046135.0114215,65953864.98857838,0.2198462166285947,mogi,Quận 10,Phòng/Cho thuê,Tòa nhà/văn phòng/mặt bằng,Không rõ,1000,0,300000
rent,RF + XGBoost Ensemble,79999999.9999996,123141293.23472281,43141293.23472321,0.5392661654340428,mogi,Thành phố Thủ Đức,Phòng/Cho thuê,Tòa nhà/văn phòng/mặt bằng,Không rõ,780,0,102564.10256410256
rent,RF + XGBoost Ensemble,200000000.0000001,217095990.07370764,17095990.07370755,0.08547995036853771,mogi,Quận Tân Bình,Phòng/Cho thuê,Phòng trọ,Không rõ,900,0,222222.22222222225
rent,RF + XGBoost Ensemble,589999999.9999995,272376655.0710237,317623344.9289758,0.5383446524219934,mogi,Quận Tân Bình,Phòng/Cho thuê,Tòa nhà/văn phòng/mặt bằng,Không rõ,1600,0,368750
rent,RF + XGBoost Ensemble,500000000.0000006,202100375.71376386,297899624.28623676,0.5957992485724728,mogi,Quận 3,Phòng/Cho thuê,Phòng trọ,Không rõ,600,0,833333.3333333334
rent,RF + XGBoost Ensemble,169999999.99999988,142899478.6949516,27100521.305048287,0.1594148312061665,mogi,Quận 11,Phòng/Cho thuê,Tòa nhà/văn phòng/mặt bằng,Không rõ,900,0,188888.88888888888
rent,RF + XGBoost Ensemble,200000000.0000001,361273750.9643743,161273750.9643742,0.8063687548218708,mogi,Quận 7,Phòng/Cho thuê,Phòng trọ,Không rõ,5000,0,40000
rent,RF + XGBoost Ensemble,184999999.99999976,79081524.42001012,105918475.57998964,0.5725323004323771,mogi,Quận 8,Phòng/Cho thuê,Phòng trọ,Không rõ,400,0,462500
rent,RF + XGBoost Ensemble,179999999.9999997,125070023.04910213,54929976.950897574,0.30516653861609816,mogi,Quận 5,Phòng/Cho thuê,Tòa nhà/văn phòng/mặt bằng,Không rõ,430,0,418604.6511627907
rent,RF + XGBoost Ensemble,580000000.0000024,251869303.7919455,328130696.2080569,0.5657425796690614,mogi,Thành phố Thủ Đức,Phòng/Cho thuê,Tòa nhà/văn phòng/mặt bằng,Không rõ,1860,0,311827.9569892473
rent,RF + XGBoost Ensemble,500000000.0000006,486680717.56078804,13319282.43921256,0.02663856487842509,mogi,Thành phố Thủ Đức,Phòng/Cho thuê,Phòng trọ,Không rõ,3800,0,131578.94736842104
rent,RF + XGBoost Ensemble,24999999.999999963,19181714.398483787,5818285.601516176,0.2327314240606474,mogi,Thành phố Thủ Đức,Phòng/Cho thuê,Tòa nhà/văn phòng/mặt bằng,Không rõ,80,0,312500
rent,RF + XGBoost Ensemble,129999999.99999997,40284868.17600909,89715131.82399088,0.6901163986460839,mogi,Quận 10,Phòng/Cho thuê,Phòng trọ,Không rõ,140,0,928571.4285714284
rent,RF + XGBoost Ensemble,15000000.00000001,9162252.169514375,5837747.8304856345,0.38918318869904206,mogi,Quận 6,Phòng/Cho thuê,Tòa nhà/văn phòng/mặt bằng,Không rõ,44,0,340909.0909090909
rent,RF + XGBoost Ensemble,280000000,256352984.98418653,23647015.01581347,0.08445362505647667,mogi,Quận Bình Thạnh,Phòng/Cho thuê,Phòng trọ,Không rõ,1500,0,186666.66666666663
rent,RF + XGBoost Ensemble,299999999.9999999,152355265.5956088,147644734.40439108,0.4921491146813038,mogi,Quận Bình Thạnh,Phòng/Cho thuê,Phòng trọ,Không rõ,600,0,500000
rent,RF + XGBoost Ensemble,480000000.0000007,322594176.10431975,157405823.89568096,0.3279287997826682,mogi,Quận Bình Thạnh,Phòng/Cho thuê,Tòa nhà/văn phòng/mặt bằng,Không rõ,1500,0,320000
rent,RF + XGBoost Ensemble,249999999.99999985,104897500.41582596,145102499.5841739,0.5804099983366959,mogi,Quận Tân Phú,Phòng/Cho thuê,Phòng trọ,Không rõ,450,0,555555.5555555555
rent,RF + XGBoost Ensemble,6999999.999999995,15289241.823313095,8289241.823313099,1.1841774033304435,mogi,Quận Bình Tân,Phòng/Cho thuê,Tòa nhà/văn phòng/mặt bằng,Không rõ,80,0,87500
rent,RF + XGBoost Ensemble,4999999.999999999,7330921.610546039,2330921.6105460403,0.4661843221092082,mogi,Thành phố Thủ Đức,Phòng/Cho thuê,Phòng trọ,Không rõ,45,0,111111.11111111112
rent,RF + XGBoost Ensemble,16500000.000000013,22122011.661492724,5622011.661492711,0.3407279794844065,mogi,Quận Bình Thạnh,Phòng/Cho thuê,Tòa nhà/văn phòng/mặt bằng,Không rõ,85,0,194117.64705882352
rent,RF + XGBoost Ensemble,30000000.00000005,43807819.52027549,13807819.52027544,0.46026065067584726,mogi,Quận Bình Thạnh,Phòng/Cho thuê,Tòa nhà/văn phòng/mặt bằng,Không rõ,137,0,218978.10218978103
rent,RF + XGBoost Ensemble,30000000.00000005,30609344.663089696,609344.6630896479,0.020311488769654898,mogi,Quận 3,Phòng/Cho thuê,Tòa nhà/văn phòng/mặt bằng,Không rõ,70,0,428571.4285714286
rent,RF + XGBoost Ensemble,20000000.000000015,9688175.353707667,10311824.646292347,0.515591232314617,mogi,Quận Bình Thạnh,Phòng/Cho thuê,Tòa nhà/văn phòng/mặt bằng,Không rõ,32,0,625000
rent,RF + XGBoost Ensemble,16999999.999999974,10460794.219161538,6539205.7808384355,0.3846591635787321,mogi,Quận Bình Thạnh,Phòng/Cho thuê,Tòa nhà/văn phòng/mặt bằng,Không rõ,17,0,1000000
rent,RF + XGBoost Ensemble,8999999.999999996,12158525.91233328,3158525.9123332836,0.35094732359258723,mogi,Quận Bình Thạnh,Phòng/Cho thuê,Tòa nhà/văn phòng/mặt bằng,Không rõ,39,0,230769.2307692308
rent,RF + XGBoost Ensemble,9999999.999999996,9688175.353707667,311824.64629232883,0.031182464629232895,mogi,Quận Bình Thạnh,Phòng/Cho thuê,Tòa nhà/văn phòng/mặt bằng,Không rõ,32,0,312500
rent,RF + XGBoost Ensemble,15000000.00000001,14648668.380046004,351331.6199540049,0.023422107996933644,mogi,Quận Bình Thạnh,Phòng/Cho thuê,Tòa nhà/văn phòng/mặt bằng,Không rõ,42,0,357142.85714285716
rent,RF + XGBoost Ensemble,65000000.00000007,60730915.39431495,4269084.605685115,0.06567822470284786,mogi,Quận Gò Vấp,Phòng/Cho thuê,Tòa nhà/văn phòng/mặt bằng,Không rõ,220,0,295454.54545454547
rent,RF + XGBoost Ensemble,20000000.000000015,18889517.95308943,1110482.046910584,0.05552410234552916,mogi,Quận 5,Phòng/Cho thuê,Tòa nhà/văn phòng/mặt bằng,Không rõ,60,0,333333.3333333333
rent,RF + XGBoost Ensemble,30000000.00000005,22865479.47490177,7134520.525098279,0.23781735083660893,mogi,Quận Bình Tân,Phòng/Cho thuê,Phòng trọ,Không rõ,84,0,357142.85714285716
rent,RF + XGBoost Ensemble,12000000.000000007,48319748.79544341,36319748.7954434,3.026645732953615,mogi,Quận Bình Tân,Phòng/Cho thuê,Tòa nhà/văn phòng/mặt bằng,Không rõ,200,0,60000
rent,RF + XGBoost Ensemble,15000000.00000001,52788655.53441715,37788655.534417145,2.519243702294475,mogi,Thành phố Thủ Đức,Phòng/Cho thuê,Phòng trọ,Không rõ,220,0,68181.81818181818
rent,RF + XGBoost Ensemble,11000000.000000013,20223941.004776858,9223941.004776845,0.8385400913433485,mogi,Quận Bình Thạnh,Phòng/Cho thuê,Phòng trọ,Không rõ,108,0,101851.85185185184
rent,RF + XGBoost Ensemble,12000000.000000007,21075568.667877946,9075568.667877939,0.7562973889898278,mogi,Quận Bình Thạnh,Phòng/Cho thuê,Tòa nhà/văn phòng/mặt bằng,Không rõ,80,0,150000
rent,RF + XGBoost Ensemble,20000000.000000015,22341754.23085172,2341754.230851706,0.11708771154258522,mogi,Quận 5,Căn hộ,Tòa nhà/văn phòng/mặt bằng,Không rõ,67,0,298507.46268656716
rent,RF + XGBoost Ensemble,22999999.999999974,13038819.178885547,9961180.821114426,0.4330948183093234,mogi,Quận Bình Thạnh,Phòng/Cho thuê,Tòa nhà/văn phòng/mặt bằng,Không rõ,38,0,605263.1578947369
rent,RF + XGBoost Ensemble,12000000.000000007,15928700.232047394,3928700.2320473865,0.3273916860039487,mogi,Quận 12,Phòng/Cho thuê,Tòa nhà/văn phòng/mặt bằng,Không rõ,130,0,92307.69230769233
rent,RF + XGBoost Ensemble,39999999.999999985,22825169.60231834,17174830.397681646,0.4293707599420413,mogi,Thành phố Thủ Đức,Phòng/Cho thuê,Tòa nhà/văn phòng/mặt bằng,Không rõ,85,0,470588.2352941177
rent,RF + XGBoost Ensemble,9999999.999999996,11963316.941881947,1963316.941881951,0.19633169418819515,mogi,Thành phố Thủ Đức,Phòng/Cho thuê,Tòa nhà/văn phòng/mặt bằng,Không rõ,40,0,250000
rent,RF + XGBoost Ensemble,39999999.999999985,48407157.47030232,8407157.470302336,0.21017893675755847,mogi,Thành phố Thủ Đức,Phòng/Cho thuê,Tòa nhà/văn phòng/mặt bằng,Không rõ,170,0,235294.11764705885
rent,RF + XGBoost Ensemble,20999999.99999998,18154795.790549245,2845204.2094507366,0.13548591473574947,mogi,Quận Bình Thạnh,Phòng/Cho thuê,Tòa nhà/văn phòng/mặt bằng,Không rõ,60,0,350000
rent,RF + XGBoost Ensemble,69999999.99999967,55708946.06869218,14291053.931307495,0.20415791330439373,mogi,Quận Tân Bình,Phòng/Cho thuê,Tòa nhà/văn phòng/mặt bằng,Không rõ,170,0,411764.70588235295
rent,RF + XGBoost Ensemble,9999999.999999996,11743291.716046736,1743291.7160467394,0.174329171604674,mogi,Quận Bình Thạnh,Phòng/Cho thuê,Tòa nhà/văn phòng/mặt bằng,Không rõ,36,0,277777.77777777775
rent,RF + XGBoost Ensemble,17999999.999999985,20778910.35407845,2778910.354078464,0.1543839085599148,mogi,Thành phố Thủ Đức,Phòng/Cho thuê,Tòa nhà/văn phòng/mặt bằng,Không rõ,75,0,240000
rent,RF + XGBoost Ensemble,119999999.9999999,98815973.10551487,21184026.894485027,0.17653355745404203,mogi,Quận 3,Phòng/Cho thuê,Phòng trọ,Không rõ,177,0,677966.1016949152
rent,RF + XGBoost Ensemble,60000000.0000001,53151037.153772846,6848962.846227251,0.114149380770454,mogi,Quận 4,Phòng/Cho thuê,Phòng trọ,Không rõ,96,0,625000
rent,RF + XGBoost Ensemble,159999999.99999982,89227534.65425366,70772465.34574616,0.442327908410914,mogi,Quận 5,Phòng/Cho thuê,Phòng trọ,Không rõ,162,0,987654.3209876544
rent,RF + XGBoost Ensemble,79999999.9999996,94722930.52945378,14722930.529454187,0.18403663161817826,mogi,Quận Tân Bình,Phòng/Cho thuê,Phòng trọ,Không rõ,312,0,256410.2564102564
rent,RF + XGBoost Ensemble,69999999.99999967,35043010.14924277,34956989.8507569,0.49938556929652944,mogi,Quận Tân Bình,Phòng/Cho thuê,Phòng trọ,Không rõ,110,0,636363.6363636364
rent,RF + XGBoost Ensemble,79999999.9999996,36096324.28002359,43903675.71997601,0.5487959464997029,mogi,Quận 3,Phòng/Cho thuê,Phòng trọ,Không rõ,78,0,1025641.0256410256
rent,RF + XGBoost Ensemble,368000000.0000004,105740293.4934669,262259706.5065335,0.7126622459416663,mogi,Quận 1,Phòng/Cho thuê,Phòng trọ,Không rõ,420,0,876190.4761904762
rent,RF + XGBoost Ensemble,138000000,70443560.67023492,67556439.32976508,0.4895394154330803,mogi,Quận 1,Phòng/Cho thuê,Phòng trọ,Không rõ,120,0,1150000
rent,RF + XGBoost Ensemble,159999999.99999982,34919459.471523315,125080540.5284765,0.7817533783029791,mogi,Quận Tân Bình,Phòng/Cho thuê,Phòng trọ,Không rõ,130,0,1230769.2307692308
rent,RF + XGBoost Ensemble,690000000.0000019,168643625.73089194,521356374.26910996,0.7555889482160993,mogi,Quận 3,Phòng/Cho thuê,Phòng trọ,Không rõ,480,0,1437500
rent,RF + XGBoost Ensemble,12998999.999999998,18770413.01839617,5771413.018396171,0.44398900056898005,mogi,Thành phố Thủ Đức,Phòng/Cho thuê,Tòa nhà/văn phòng/mặt bằng,Không rõ,60,0,216650
rent,RF + XGBoost Ensemble,17999999.999999985,11968456.91296763,6031543.087032355,0.33508572705735334,mogi,Quận Phú Nhuận,Phòng/Cho thuê,Tòa nhà/văn phòng/mặt bằng,Không rõ,24,0,750000
rent,RF + XGBoost Ensemble,16999999.999999974,23088016.150861397,6088016.150861423,0.35811859710949606,mogi,Thành phố Thủ Đức,Phòng/Cho thuê,Tòa nhà/văn phòng/mặt bằng,Không rõ,75,0,226666.66666666663
rent,RF + XGBoost Ensemble,27999999.99999999,40272671.15854489,12272671.158544902,0.43830968423374667,mogi,Thành phố Thủ Đức,Phòng/Cho thuê,Tòa nhà/văn phòng/mặt bằng,Không rõ,150,0,186666.66666666663
rent,RF + XGBoost Ensemble,78999999.99999964,31193480.04947999,47806519.95051965,0.6051458221584793,mogi,Thành phố Thủ Đức,Phòng/Cho thuê,Tòa nhà/văn phòng/mặt bằng,Không rõ,130,0,607692.3076923077
rent,RF + XGBoost Ensemble,55000000.000000075,37811071.98419765,17188928.015802428,0.3125259639236801,mogi,Thành phố Thủ Đức,Phòng/Cho thuê,Phòng trọ,Không rõ,120,0,458333.3333333333
rent,RF + XGBoost Ensemble,22000000.000000007,15267304.064969558,6732695.935030449,0.30603163341047485,mogi,Quận Gò Vấp,Phòng/Cho thuê,Tòa nhà/văn phòng/mặt bằng,Không rõ,65,0,338461.53846153844
rent,RF + XGBoost Ensemble,51999999.99999991,108499298.73916736,56499298.73916745,1.086524975753222,mogi,Quận 7,Phòng/Cho thuê,Phòng trọ,Không rõ,230,0,226086.9565217391
rent,RF + XGBoost Ensemble,69999999.99999967,128331172.71374571,58331172.71374604,0.8333024673392331,mogi,Quận 7,Phòng/Cho thuê,Phòng trọ,Không rõ,500,0,140000
rent,RF + XGBoost Ensemble,24999999.999999963,36198427.871540315,11198427.871540353,0.44793711486161475,mogi,Quận 7,Phòng/Cho thuê,Tòa nhà/văn phòng/mặt bằng,Không rõ,100,0,250000
rent,RF + XGBoost Ensemble,16999999.999999974,16509916.05145233,490083.94854764454,0.028828467561626193,mogi,Quận 10,Phòng/Cho thuê,Tòa nhà/văn phòng/mặt bằng,Không rõ,50,0,340000
rent,RF + XGBoost Ensemble,59000000.00000009,40824511.285782315,18175488.714217775,0.30805913074945335,mogi,Quận 1,Phòng/Cho thuê,Tòa nhà/văn phòng/mặt bằng,Không rõ,100,0,590000
rent,RF + XGBoost Ensemble,44999999.999999985,45059236.196894944,59236.196894958615,0.0013163599309990808,mogi,Quận 1,Phòng/Cho thuê,Tòa nhà/văn phòng/mặt bằng,Không rõ,100,0,450000
rent,RF + XGBoost Ensemble,31999999.999999955,30659664.289463796,1340335.7105361596,0.04188549095425505,mogi,Quận 1,Phòng/Cho thuê,Tòa nhà/văn phòng/mặt bằng,Không rõ,70,0,457142.8571428571
rent,RF + XGBoost Ensemble,27999999.99999999,28915096.993101846,915096.9931018576,0.0326820354679235,mogi,Quận Bình Thạnh,Phòng/Cho thuê,Phòng trọ,Không rõ,90,0,311111.1111111111
rent,RF + XGBoost Ensemble,28500000.000000034,16842839.75180389,11657160.248196144,0.40902316660337296,mogi,Quận 1,Phòng/Cho thuê,Phòng trọ,Không rõ,48,0,593750
rent,RF + XGBoost Ensemble,6999999.999999995,12216837.243023638,5216837.243023642,0.7452624632890923,mogi,Quận 12,Phòng/Cho thuê,Phòng trọ,Không rõ,80,0,87500
rent,RF + XGBoost Ensemble,125000000.0000002,186305299.4768508,61305299.476850614,0.49044239581480414,mogi,Quận Bình Thạnh,Phòng/Cho thuê,Tòa nhà/văn phòng/mặt bằng,Không rõ,1000,0,125000
rent,RF + XGBoost Ensemble,90000000.00000004,349863057.60768837,259863057.6076883,2.887367306752091,mogi,Quận 3,Phòng/Cho thuê,Tòa nhà/văn phòng/mặt bằng,Không rõ,1000,0,90000
rent,RF + XGBoost Ensemble,17999999.999999985,24197317.7325734,6197317.732573416,0.34429542958741227,mogi,Quận Tân Bình,Phòng/Cho thuê,Phòng trọ,Không rõ,120,0,150000
rent,RF + XGBoost Ensemble,35000000.000000015,62059584.57305813,27059584.573058113,0.77313098780166,mogi,Quận Bình Tân,Phòng/Cho thuê,Phòng trọ,Không rõ,450,0,77777.77777777778
rent,RF + XGBoost Ensemble,24999999.999999963,34574565.86722719,9574565.867227226,0.3829826346890896,mogi,Quận 3,Phòng/Cho thuê,Phòng trọ,Không rõ,80,0,312500
rent,RF + XGBoost Ensemble,24999999.999999963,35909797.517414875,10909797.517414913,0.43639190069659717,mogi,Quận 1,Phòng/Cho thuê,Phòng trọ,Không rõ,100,0,250000
rent,RF + XGBoost Ensemble,39999999.999999985,53295150.74971287,13295150.749712884,0.33237876874282224,mogi,Quận Tân Bình,Phòng/Cho thuê,Phòng trọ,Không rõ,300,0,133333.33333333334
rent,RF + XGBoost Ensemble,30000000.00000005,36118388.222190805,6118388.222190756,0.20394627407302487,mogi,Quận Bình Thạnh,Phòng/Cho thuê,Phòng trọ,Không rõ,150,0,200000
rent,RF + XGBoost Ensemble,30000000.00000005,35909797.517414875,5909797.517414827,0.1969932505804939,mogi,Quận 1,Phòng/Cho thuê,Phòng trọ,Không rõ,100,0,300000
rent,RF + XGBoost Ensemble,15000000.00000001,16181720.54185581,1181720.541855801,0.07878136945705334,mogi,Quận Phú Nhuận,Phòng/Cho thuê,Tòa nhà/văn phòng/mặt bằng,Không rõ,45,0,333333.3333333333
rent,RF + XGBoost Ensemble,9999999.999999996,23530489.99123926,13530489.991239265,1.353048999123927,mogi,Quận 11,Phòng/Cho thuê,Phòng trọ,Không rõ,80,0,125000
rent,RF + XGBoost Ensemble,19000000.000000015,18985295.280379847,14704.719620168209,7.739326115877999e-4,mogi,Quận Bình Tân,Phòng/Cho thuê,Phòng trọ,Không rõ,112,0,169642.85714285713
rent,RF + XGBoost Ensemble,94999999.99999987,82133665.2156984,12866334.78430146,0.13543510299264713,mogi,Thành phố Thủ Đức,Phòng/Cho thuê,Tòa nhà/văn phòng/mặt bằng,Không rõ,420,0,226190.47619047615
rent,RF + XGBoost Ensemble,119999999.9999999,85011225.25243632,34988774.74756357,0.29157312289636333,mogi,Thành phố Thủ Đức,Phòng/Cho thuê,Tòa nhà/văn phòng/mặt bằng,Không rõ,500,0,240000
rent,RF + XGBoost Ensemble,90000000.00000004,63748668.51222739,26251331.48777265,0.29168146097525155,mogi,Thành phố Thủ Đức,Phòng/Cho thuê,Tòa nhà/văn phòng/mặt bằng,Không rõ,230,0,391304.347826087
rent,RF + XGBoost Ensemble,8999999.999999996,4146607.2973256707,4853392.702674326,0.539265855852703,mogi,Quận Tân Phú,Phòng/Cho thuê,Phòng trọ,Không rõ,40,0,225000
rent,RF + XGBoost Ensemble,15000000.00000001,22148020.761987753,7148020.761987744,0.4765347174658493,mogi,Quận Tân Phú,Phòng/Cho thuê,Phòng trọ,Không rõ,90,0,166666.66666666666
rent,RF + XGBoost Ensemble,8000000.000000002,7986274.983588806,13725.01641119551,0.0017156270513994383,mogi,Quận Tân Bình,Phòng/Cho thuê,Tòa nhà/văn phòng/mặt bằng,Không rõ,30,0,266666.6666666667
rent,RF + XGBoost Ensemble,20000000.000000015,59220890.81791644,39220890.81791642,1.9610445408958197,mogi,Thành phố Thủ Đức,Phòng/Cho thuê,Phòng trọ,Không rõ,180,0,111111.11111111112
rent,RF + XGBoost Ensemble,33000000.000000015,81998274.26450747,48998274.26450746,1.4847961898335587,mogi,Quận Bình Thạnh,Phòng/Cho thuê,Phòng trọ,Không rõ,200,0,165000
rent,RF + XGBoost Ensemble,30000000.00000005,26009738.035297897,3990261.9647021517,0.13300873215673817,mogi,Quận 7,Phòng/Cho thuê,Tòa nhà/văn phòng/mặt bằng,Không rõ,80,0,375000
rent,RF + XGBoost Ensemble,17999999.999999985,27211297.376609333,9211297.376609348,0.5117387431449641,mogi,Quận Bình Thạnh,Phòng/Cho thuê,Tòa nhà/văn phòng/mặt bằng,Không rõ,120,0,150000
rent,RF + XGBoost Ensemble,24999999.999999963,37376967.078359835,12376967.078359872,0.4950786831343956,mogi,Thành phố Thủ Đức,Phòng/Cho thuê,Phòng trọ,Không rõ,140,0,178571.42857142858
rent,RF + XGBoost Ensemble,20000000.000000015,14190656.046785679,5809343.953214336,0.2904671976607166,mogi,Quận Gò Vấp,Phòng/Cho thuê,Phòng trọ,Không rõ,76,0,263157.8947368421
rent,RF + XGBoost Ensemble,50000000.00000009,31698767.941394284,18301232.058605805,0.3660246411721155,mogi,Quận Bình Tân,Phòng/Cho thuê,Tòa nhà/văn phòng/mặt bằng,Không rõ,180,0,277777.77777777775
rent,RF + XGBoost Ensemble,50000000.00000009,45159190.37352056,4840809.626479529,0.09681619252959041,mogi,Quận 1,Phòng/Cho thuê,Phòng trọ,Không rõ,88,0,568181.8181818182
rent,RF + XGBoost Ensemble,31999999.999999955,43310751.83915159,11310751.839151636,0.3534609949734891,mogi,Thành phố Thủ Đức,Phòng/Cho thuê,Tòa nhà/văn phòng/mặt bằng,Không rõ,160,0,200000
rent,RF + XGBoost Ensemble,11500000.000000019,17380027.27958777,5880027.279587753,0.5113067199641517,mogi,Quận 12,Phòng/Cho thuê,Phòng trọ,Không rõ,100,0,115000
rent,RF + XGBoost Ensemble,15000000.00000001,17439683.210283197,2439683.210283188,0.16264554735221246,mogi,Thành phố Thủ Đức,Phòng/Cho thuê,Tòa nhà/văn phòng/mặt bằng,Không rõ,60,0,250000
rent,RF + XGBoost Ensemble,63500000.000000015,48293947.75309875,15206052.246901266,0.23946538971498052,mogi,Thành phố Thủ Đức,Phòng/Cho thuê,Tòa nhà/văn phòng/mặt bằng,Không rõ,220,0,288636.36363636365
rent,RF + XGBoost Ensemble,90000000.00000004,64753181.97730641,25246818.022693634,0.28052020025215135,mogi,Quận 1,Phòng/Cho thuê,Phòng trọ,Không rõ,140,0,642857.1428571428
rent,RF + XGBoost Ensemble,12499999.999999985,17522110.791254688,5022110.791254703,0.4017688633003767,mogi,Quận Bình Thạnh,Phòng/Cho thuê,Tòa nhà/văn phòng/mặt bằng,Không rõ,60,0,208333.33333333337
rent,RF + XGBoost Ensemble,4999999.999999999,2957622.273251223,2042377.7267487762,0.40847554534975533,mogi,Quận Tân Phú,Phòng/Cho thuê,Phòng trọ,Không rõ,20,0,250000
rent,RF + XGBoost Ensemble,22000000.000000007,31565901.175341025,9565901.175341018,0.43481368978822793,mogi,Quận Bình Thạnh,Phòng/Cho thuê,Phòng trọ,Không rõ,96,0,229166.66666666663
rent,RF + XGBoost Ensemble,17999999.999999985,18158643.350590598,158643.35059061274,0.00881351947725627,mogi,Quận Tân Bình,Phòng/Cho thuê,Tòa nhà/văn phòng/mặt bằng,Không rõ,66,0,272727.2727272727
rent,RF + XGBoost Ensemble,31999999.999999955,128210390.06646976,96210390.0664698,3.0065746895771857,mogi,Huyện Hóc Môn,Phòng/Cho thuê,Phòng trọ,Không rõ,900,0,35555.555555555555
rent,RF + XGBoost Ensemble,11000000.000000013,11254786.87377871,254786.8737786971,0.023162443070790618,mogi,Quận Bình Thạnh,Phòng/Cho thuê,Tòa nhà/văn phòng/mặt bằng,Không rõ,40,0,275000
rent,RF + XGBoost Ensemble,9999999.999999996,15805161.42255247,5805161.422552474,0.5805161422552476,mogi,Thành phố Thủ Đức,Phòng/Cho thuê,Tòa nhà/văn phòng/mặt bằng,Không rõ,49,0,204081.6326530612
rent,RF + XGBoost Ensemble,15000000.00000001,12982779.543103524,2017220.4568964858,0.13448136379309897,mogi,Quận Bình Thạnh,Phòng/Cho thuê,Tòa nhà/văn phòng/mặt bằng,Không rõ,45,0,333333.3333333333
rent,RF + XGBoost Ensemble,119999999.9999999,125457491.40865265,5457491.408652753,0.04547909507210631,mogi,Quận 10,Phòng/Cho thuê,Phòng trọ,Không rõ,500,0,240000
rent,RF + XGBoost Ensemble,39999999.999999985,49186853.446711235,9186853.44671125,0.22967133616778132,mogi,Quận 1,Phòng/Cho thuê,Phòng trọ,Không rõ,120,0,333333.3333333333
rent,RF + XGBoost Ensemble,14499999.99999999,8836966.091532357,5663033.908467634,0.3905540626529405,mogi,Quận 6,Phòng/Cho thuê,Tòa nhà/văn phòng/mặt bằng,Không rõ,50,0,290000
rent,RF + XGBoost Ensemble,179999999.9999997,407499626.17865014,227499626.17865044,1.2638868121036155,mogi,Quận 7,Phòng/Cho thuê,Phòng trọ,Không rõ,3000,0,60000
rent,RF + XGBoost Ensemble,8999999.999999996,16158417.525345078,7158417.525345081,0.7953797250383428,mogi,Quận Bình Thạnh,Phòng/Cho thuê,Tòa nhà/văn phòng/mặt bằng,Không rõ,60,0,150000
rent,RF + XGBoost Ensemble,24999999.999999963,22780826.046841145,2219173.953158818,0.08876695812635287,mogi,Thành phố Thủ Đức,Phòng/Cho thuê,Tòa nhà/văn phòng/mặt bằng,Không rõ,92,0,271739.1304347826
rent,RF + XGBoost Ensemble,16999999.999999974,20768804.86287527,3768804.8628752977,0.22169440369854726,mogi,Thành phố Thủ Đức,Phòng/Cho thuê,Tòa nhà/văn phòng/mặt bằng,Không rõ,77,0,220779.2207792208
rent,RF + XGBoost Ensemble,25999999.999999985,35657371.62168445,9657371.621684462,0.3714373700647872,mogi,Thành phố Thủ Đức,Phòng/Cho thuê,Phòng trọ,Không rõ,120,0,216666.66666666663
rent,RF + XGBoost Ensemble,22000000.000000007,22124582.235510945,124582.23551093787,0.0056628288868608104,mogi,Thành phố Thủ Đức,Phòng/Cho thuê,Tòa nhà/văn phòng/mặt bằng,Không rõ,100,0,220000
rent,RF + XGBoost Ensemble,15000000.00000001,19104007.92930102,4104007.9293010104,0.2736005286200672,mogi,Thành phố Thủ Đức,Phòng/Cho thuê,Tòa nhà/văn phòng/mặt bằng,Không rõ,80,0,187500
rent,RF + XGBoost Ensemble,22000000.000000007,30163728.49506415,8163728.495064143,0.3710785679574609,mogi,Thành phố Thủ Đức,Phòng/Cho thuê,Tòa nhà/văn phòng/mặt bằng,Không rõ,120,0,183333.33333333337
rent,RF + XGBoost Ensemble,99999999.99999991,71906843.98049116,28093156.01950875,0.28093156019508775,mogi,Thành phố Thủ Đức,Phòng/Cho thuê,Tòa nhà/văn phòng/mặt bằng,Không rõ,250,0,400000
rent,RF + XGBoost Ensemble,39999999.999999985,56431850.86980459,16431850.869804606,0.4107962717451153,mogi,Thành phố Thủ Đức,Phòng/Cho thuê,Tòa nhà/văn phòng/mặt bằng,Không rõ,200,0,200000
rent,RF + XGBoost Ensemble,16999999.999999974,19208588.53787968,2208588.5378797054,0.12991697281645345,mogi,Thành phố Thủ Đức,Phòng/Cho thuê,Tòa nhà/văn phòng/mặt bằng,Không rõ,80,0,212500
rent,RF + XGBoost Ensemble,19000000.000000015,21076890.73441383,2076890.7344138138,0.10931003865335853,mogi,Thành phố Thủ Đức,Phòng/Cho thuê,Tòa nhà/văn phòng/mặt bằng,Không rõ,100,0,190000
rent,RF + XGBoost Ensemble,20999999.99999998,21896316.225371663,896316.2253716812,0.04268172501769914,mogi,Thành phố Thủ Đức,Phòng/Cho thuê,Tòa nhà/văn phòng/mặt bằng,Không rõ,100,0,210000
rent,RF + XGBoost Ensemble,15000000.00000001,22025948.608011242,7025948.608011233,0.46839657386741523,mogi,Thành phố Thủ Đức,Phòng/Cho thuê,Tòa nhà/văn phòng/mặt bằng,Không rõ,100,0,150000
rent,RF + XGBoost Ensemble,16999999.999999974,19383394.43049215,2383394.4304921776,0.14019967238189301,mogi,Thành phố Thủ Đức,Phòng/Cho thuê,Tòa nhà/văn phòng/mặt bằng,Không rõ,80,0,212500
rent,RF + XGBoost Ensemble,16000000.000000026,17266371.274994306,1266371.2749942802,0.07914820468714238,mogi,Thành phố Thủ Đức,Phòng/Cho thuê,Tòa nhà/văn phòng/mặt bằng,Không rõ,80,0,200000
rent,RF + XGBoost Ensemble,14000000.00000001,19371234.07956563,5371234.07956562,0.38365957711182974,mogi,Thành phố Thủ Đức,Phòng/Cho thuê,Tòa nhà/văn phòng/mặt bằng,Không rõ,80,0,175000
rent,RF + XGBoost Ensemble,44999999.999999985,50161401.61828715,5161401.618287168,0.1146978137397149,mogi,Thành phố Thủ Đức,Phòng/Cho thuê,Tòa nhà/văn phòng/mặt bằng,Không rõ,200,0,225000
rent,RF + XGBoost Ensemble,17999999.999999985,19629436.90154951,1629436.9015495256,0.09052427230830705,mogi,Thành phố Thủ Đức,Phòng/Cho thuê,Tòa nhà/văn phòng/mặt bằng,Không rõ,70,0,257142.85714285713
rent,RF + XGBoost Ensemble,14000000.00000001,10501088.058522228,3498911.941477781,0.24992228153412707,mogi,Quận Bình Thạnh,Phòng/Cho thuê,Phòng trọ,Không rõ,45,0,311111.1111111111
rent,RF + XGBoost Ensemble,50000000.00000009,83005817.3048906,33005817.304890513,0.6601163460978091,mogi,Quận Gò Vấp,Phòng/Cho thuê,Phòng trọ,Không rõ,250,0,200000
rent,RF + XGBoost Ensemble,50000000.00000009,59243364.07739182,9243364.077391729,0.18486728154783424,mogi,Quận 12,Phòng/Cho thuê,Phòng trọ,Không rõ,350,0,142857.14285714287
rent,RF + XGBoost Ensemble,44999999.999999985,54997612.81852821,9997612.818528228,0.2221691737450718,mogi,Quận 12,Phòng/Cho thuê,Phòng trọ,Không rõ,350,0,128571.42857142857
rent,RF + XGBoost Ensemble,33000000.000000015,45042632.93161875,12042632.931618735,0.364928270655113,mogi,Quận 12,Phòng/Cho thuê,Phòng trọ,Không rõ,240,0,137500
rent,RF + XGBoost Ensemble,65000000.00000007,61788751.337272376,3211248.6627276912,0.04940382558042597,mogi,Huyện Hóc Môn,Phòng/Cho thuê,Phòng trọ,Không rõ,400,0,162500
rent,RF + XGBoost Ensemble,27999999.99999999,39973800.92176178,11973800.921761792,0.42763574720577846,mogi,Quận Gò Vấp,Phòng/Cho thuê,Phòng trọ,Không rõ,130,0,215384.61538461535
rent,RF + XGBoost Ensemble,36000000.000000045,65698757.80951085,29698757.809510805,0.8249654947086325,mogi,Quận Gò Vấp,Phòng/Cho thuê,Phòng trọ,Không rõ,240,0,150000
rent,RF + XGBoost Ensemble,50000000.00000009,57062784.13043808,7062784.1304379925,0.1412556826087596,mogi,Quận 12,Phòng/Cho thuê,Phòng trọ,Không rõ,270,0,185185.1851851852
rent,RF + XGBoost Ensemble,79999999.9999996,79266844.34661561,733155.6533839852,0.009164445667299861,mogi,Quận 12,Phòng/Cho thuê,Phòng trọ,Không rõ,400,0,200000
rent,RF + XGBoost Ensemble,55000000.000000075,54897778.97779468,102221.02220539749,0.0018585640400981336,mogi,Quận Gò Vấp,Phòng/Cho thuê,Phòng trọ,Không rõ,160,0,343750
rent,RF + XGBoost Ensemble,129999999.99999997,198209170.1402634,68209170.14026344,0.5246859241558727,mogi,Quận Gò Vấp,Phòng/Cho thuê,Phòng trọ,Không rõ,1000,0,130000
rent,RF + XGBoost Ensemble,37999999.99999996,53203613.6448075,15203613.64480754,0.4000950959159883,mogi,Quận 12,Phòng/Cho thuê,Phòng trọ,Không rõ,300,0,126666.66666666669
rent,RF + XGBoost Ensemble,99999999.99999991,59559509.34713613,40440490.65286378,0.40440490652863814,mogi,Quận 12,Phòng/Cho thuê,Phòng trọ,Không rõ,320,0,312500
rent,RF + XGBoost Ensemble,39999999.999999985,48605757.90438845,8605757.904388465,0.2151439476097117,mogi,Quận 12,Phòng/Cho thuê,Phòng trọ,Không rõ,250,0,160000
rent,RF + XGBoost Ensemble,85000000.00000004,95469678.3402364,10469678.34023635,0.1231726863557217,mogi,Quận Gò Vấp,Phòng/Cho thuê,Phòng trọ,Không rõ,500,0,170000
rent,RF + XGBoost Ensemble,79999999.9999996,68991017.62607256,11008982.373927042,0.1376122796740887,mogi,Thành phố Thủ Đức,Phòng/Cho thuê,Phòng trọ,Không rõ,450,0,177777.77777777778
rent,RF + XGBoost Ensemble,24999999.999999963,16892397.223091755,8107602.776908208,0.3243041110763288,mogi,Quận Bình Thạnh,Phòng/Cho thuê,Phòng trọ,Không rõ,100,0,250000
rent,RF + XGBoost Ensemble,20000000.000000015,10465250.180925172,9534749.819074843,0.4767374909537418,mogi,Quận Bình Thạnh,Phòng/Cho thuê,Phòng trọ,Không rõ,32,0,625000
rent,RF + XGBoost Ensemble,20000000.000000015,19948045.060989678,51954.939010336995,0.0025977469505168477,mogi,Quận Tân Bình,Phòng/Cho thuê,Tòa nhà/văn phòng/mặt bằng,Không rõ,84,0,238095.2380952381
rent,RF + XGBoost Ensemble,35000000.000000015,16962828.79598933,18037171.204010684,0.5153477486860193,mogi,Quận Phú Nhuận,Phòng/Cho thuê,Phòng trọ,Không rõ,110,0,318181.8181818182
rent,RF + XGBoost Ensemble,6999999.999999995,16037884.664422166,9037884.66442217,1.2911263806317392,mogi,Quận Tân Phú,Phòng/Cho thuê,Tòa nhà/văn phòng/mặt bằng,Không rõ,80,0,87500
rent,RF + XGBoost Ensemble,24999999.999999963,124766421.83001928,99766421.83001933,3.9906568732007788,mogi,Thành phố Thủ Đức,Phòng/Cho thuê,Phòng trọ,Không rõ,800,0,31250
rent,RF + XGBoost Ensemble,99999999.99999991,125712728.63794076,25712728.637940854,0.2571272863794088,mogi,Quận 11,Phòng/Cho thuê,Phòng trọ,Không rõ,560,0,178571.42857142858
rent,RF + XGBoost Ensemble,24999999.999999963,32728098.770831544,7728098.770831581,0.3091239508332637,mogi,Quận Gò Vấp,Phòng/Cho thuê,Phòng trọ,Không rõ,130,0,192307.6923076923
rent,RF + XGBoost Ensemble,11000000.000000013,13744633.815140229,2744633.8151402157,0.2495121650127466,mogi,Quận Phú Nhuận,Phòng/Cho thuê,Tòa nhà/văn phòng/mặt bằng,Không rõ,35,0,314285.71428571426
rent,RF + XGBoost Ensemble,20000000.000000015,23210167.69441224,3210167.694412224,0.16050838472061107,mogi,Thành phố Thủ Đức,Phòng/Cho thuê,Tòa nhà/văn phòng/mặt bằng,Không rõ,86,0,232558.13953488372
rent,RF + XGBoost Ensemble,11000000.000000013,11259433.906804113,259433.90680409968,0.023584900618554488,mogi,Quận Bình Thạnh,Phòng/Cho thuê,Tòa nhà/văn phòng/mặt bằng,Không rõ,40,0,275000
rent,RF + XGBoost Ensemble,14299999.999999993,19909216.34856533,5609216.348565336,0.3922528915080657,mogi,Quận Bình Thạnh,Phòng/Cho thuê,Tòa nhà/văn phòng/mặt bằng,Không rõ,75,0,190666.66666666663
rent,RF + XGBoost Ensemble,4500000.000000002,4025285.610989706,474714.38901029574,0.10549208644673234,mogi,Thành phố Thủ Đức,Phòng/Cho thuê,Phòng trọ,Không rõ,20,0,225000
rent,RF + XGBoost Ensemble,24999999.999999963,43120122.60945977,18120122.60945981,0.7248049043783935,mogi,Quận Bình Thạnh,Phòng/Cho thuê,Tòa nhà/văn phòng/mặt bằng,Không rõ,162,0,154320.98765432098
rent,RF + XGBoost Ensemble,8699999.999999994,7705084.613623986,994915.3863760084,0.11435809038804702,mogi,Quận 8,Phòng/Cho thuê,Tòa nhà/văn phòng/mặt bằng,Không rõ,50,0,174000
rent,RF + XGBoost Ensemble,39999999.999999985,71672655.01632936,31672655.016329378,0.7918163754082348,mogi,Quận 1,Phòng/Cho thuê,Phòng trọ,Không rõ,144,0,277777.77777777775
rent,RF + XGBoost Ensemble,119999999.9999999,72950276.70816585,47049723.29183404,0.39208102743195067,mogi,Quận 3,Phòng/Cho thuê,Phòng trọ,Không rõ,200,0,600000
rent,RF + XGBoost Ensemble,44999999.999999985,78415690.5857239,33415690.58572392,0.7425709019049763,mogi,Quận 3,Phòng/Cho thuê,Phòng trọ,Không rõ,320,0,140625
rent,RF + XGBoost Ensemble,259999999.99999863,281050726.2094338,21050726.209435165,0.08096433157475107,mogi,Quận 3,Phòng/Cho thuê,Phòng trọ,Không rõ,1000,0,260000
rent,RF + XGBoost Ensemble,179999999.9999997,318921395.22676754,138921395.22676784,0.7717855290376003,mogi,Quận 10,Phòng/Cho thuê,Phòng trọ,Không rõ,1500,0,120000
rent,RF + XGBoost Ensemble,159999999.99999982,222581342.89173323,62581342.89173341,0.3911333930733342,mogi,Quận 3,Phòng/Cho thuê,Phòng trọ,Không rõ,910,0,175824.17582417582
rent,RF + XGBoost Ensemble,79999999.9999996,119316402.88117208,39316402.88117248,0.49145503601465845,mogi,Quận 1,Phòng/Cho thuê,Phòng trọ,Không rõ,306,0,261437.90849673204
rent,RF + XGBoost Ensemble,75000000.0000003,41192272.375068486,33807727.62493181,0.4507697016657557,mogi,Quận 1,Phòng/Cho thuê,Phòng trọ,Không rõ,110,0,681818.1818181818
rent,RF + XGBoost Ensemble,110000000.00000012,190267718.69709533,80267718.69709522,0.7297065336099557,mogi,Quận 1,Phòng/Cho thuê,Phòng trọ,Không rõ,700,0,157142.85714285713
rent,RF + XGBoost Ensemble,99999999.99999991,121900819.3431362,21900819.343136296,0.21900819343136316,mogi,Quận 3,Phòng/Cho thuê,Phòng trọ,Không rõ,398,0,251256.2814070352
rent,RF + XGBoost Ensemble,200000000.0000001,202503397.7560388,2503397.7560387254,0.012516988780193621,mogi,Quận 1,Phòng/Cho thuê,Phòng trọ,Không rõ,500,0,400000
rent,RF + XGBoost Ensemble,50000000.00000009,76323640.25829197,26323640.258291885,0.5264728051658367,mogi,Quận 10,Phòng/Cho thuê,Phòng trọ,Không rõ,300,0,166666.66666666666
rent,RF + XGBoost Ensemble,42000000.00000003,98254545.7195704,56254545.71957037,1.3393939457040553,mogi,Quận 3,Phòng/Cho thuê,Phòng trọ,Không rõ,240,0,175000
rent,RF + XGBoost Ensemble,14499999.99999999,25837497.088056017,11337497.088056026,0.7818963509004161,mogi,Thành phố Thủ Đức,Phòng/Cho thuê,Phòng trọ,Không rõ,100,0,145000
rent,RF + XGBoost Ensemble,9999999.999999996,11205021.785531675,1205021.7855316792,0.12050217855316796,mogi,Quận Tân Bình,Phòng/Cho thuê,Tòa nhà/văn phòng/mặt bằng,Không rõ,40,0,250000
rent,RF + XGBoost Ensemble,50000000.00000009,53247853.84392111,3247853.8439210206,0.0649570768784203,mogi,Thành phố Thủ Đức,Phòng/Cho thuê,Tòa nhà/văn phòng/mặt bằng,Không rõ,330,0,151515.15151515152
rent,RF + XGBoost Ensemble,35000000.000000015,16484594.758756977,18515405.24124304,0.5290115783212295,mogi,Thành phố Thủ Đức,Phòng/Cho thuê,Tòa nhà/văn phòng/mặt bằng,Không rõ,50,0,700000
rent,RF + XGBoost Ensemble,19000000.000000015,17079970.95902881,1920029.0409712046,0.10105416005111595,mogi,Thành phố Thủ Đức,Phòng/Cho thuê,Tòa nhà/văn phòng/mặt bằng,Không rõ,60,0,316666.6666666667
rent,RF + XGBoost Ensemble,39999999.999999985,35738506.12749028,4261493.872509703,0.10653734681274261,mogi,Thành phố Thủ Đức,Phòng/Cho thuê,Tòa nhà/văn phòng/mặt bằng,Không rõ,104,0,384615.3846153846
rent,RF + XGBoost Ensemble,12000000.000000007,10658379.101228843,1341620.898771165,0.11180174156426367,mogi,Thành phố Thủ Đức,Phòng/Cho thuê,Tòa nhà/văn phòng/mặt bằng,Không rõ,40,0,300000
rent,RF + XGBoost Ensemble,44999999.999999985,30167920.636135712,14832079.363864273,0.3296017636414284,mogi,Thành phố Thủ Đức,Phòng/Cho thuê,Phòng trọ,Không rõ,110,0,409090.9090909091
rent,RF + XGBoost Ensemble,60000000.0000001,27761592.55920604,32238407.44079406,0.5373067906799001,mogi,Thành phố Thủ Đức,Phòng/Cho thuê,Phòng trọ,Không rõ,100,0,600000
rent,RF + XGBoost Ensemble,24999999.999999963,23361168.83490382,1638831.1650961414,0.06555324660384575,mogi,Thành phố Thủ Đức,Căn hộ,Tòa nhà/văn phòng/mặt bằng,Không rõ,100,0,250000
rent,RF + XGBoost Ensemble,15000000.00000001,15194288.714909114,194288.71490910463,0.0129525809939403,mogi,Thành phố Thủ Đức,Phòng/Cho thuê,Tòa nhà/văn phòng/mặt bằng,Không rõ,42,0,357142.85714285716
rent,RF + XGBoost Ensemble,16999999.999999974,21013097.472901408,4013097.4729014337,0.23606455722949646,mogi,Thành phố Thủ Đức,Phòng/Cho thuê,Tòa nhà/văn phòng/mặt bằng,Không rõ,70,0,242857.14285714287
rent,RF + XGBoost Ensemble,69999999.99999967,114272788.0341021,44272788.034102425,0.6324684004871804,mogi,Thành phố Thủ Đức,Phòng/Cho thuê,Phòng trọ,Không rõ,600,0,116666.66666666669
rent,RF + XGBoost Ensemble,15000000.00000001,13337561.96981852,1662438.03018149,0.11082920201209925,mogi,Quận 10,Phòng/Cho thuê,Tòa nhà/văn phòng/mặt bằng,Không rõ,45,0,333333.3333333333
rent,RF + XGBoost Ensemble,16500000.000000013,16959349.94339779,459349.94339777716,0.02783939050895617,mogi,Quận Tân Bình,Phòng/Cho thuê,Tòa nhà/văn phòng/mặt bằng,Không rõ,60,0,275000
rent,RF + XGBoost Ensemble,90000000.00000004,114601616.47929749,24601616.479297444,0.2733512942144159,mogi,Quận 10,Phòng/Cho thuê,Phòng trọ,Không rõ,288,0,312500
rent,RF + XGBoost Ensemble,560000000.0000008,353138241.35697055,206861758.6430303,0.3693959975768392,mogi,Quận 3,Phòng/Cho thuê,Phòng trọ,Không rõ,1200,0,466666.6666666667
rent,RF + XGBoost Ensemble,570000000.0000005,234555032.9634347,335444967.0365658,0.5884999421694131,mogi,Quận 1,Phòng/Cho thuê,Phòng trọ,Không rõ,740,0,770270.2702702703
rent,RF + XGBoost Ensemble,134999999.99999994,210393477.19399732,75393477.19399738,0.5584702014370179,mogi,Quận 4,Phòng/Cho thuê,Phòng trọ,Không rõ,610,0,221311.47540983607
rent,RF + XGBoost Ensemble,219999999.99999964,156837450.593437,63162549.406562656,0.287102497302558,mogi,Quận Tân Phú,Phòng/Cho thuê,Phòng trọ,Không rõ,675,0,325925.9259259259
rent,RF + XGBoost Ensemble,75000000.0000003,39496383.29142991,35503616.70857039,0.47338155611427,mogi,Quận 5,Phòng/Cho thuê,Phòng trọ,Không rõ,150,0,500000
rent,RF + XGBoost Ensemble,119999999.9999999,159196378.10934737,39196378.10934748,0.3266364842445626,mogi,Quận 11,Phòng/Cho thuê,Phòng trọ,Không rõ,574,0,209059.23344947735
rent,RF + XGBoost Ensemble,423000000.0000004,219005208.82736906,203994791.17263135,0.48225718953340696,mogi,Quận 1,Phòng/Cho thuê,Phòng trọ,Không rõ,900,0,470000
rent,RF + XGBoost Ensemble,480000000.0000007,246615548.8509684,233384451.14903232,0.4862176065604833,mogi,Quận Phú Nhuận,Phòng/Cho thuê,Phòng trọ,Không rõ,1152,0,416666.6666666667
rent,RF + XGBoost Ensemble,179999999.9999997,169893267.05950016,10106732.940499544,0.05614851633610867,mogi,Quận Phú Nhuận,Phòng/Cho thuê,Phòng trọ,Không rõ,512,0,351562.5
rent,RF + XGBoost Ensemble,99999999.99999991,192053656.3480694,92053656.34806949,0.9205365634806957,mogi,Quận 1,Phòng/Cho thuê,Phòng trọ,Không rõ,370,0,270270.2702702703
rent,RF + XGBoost Ensemble,65000000.00000007,86732241.96885309,21732241.96885302,0.3343421841361999,mogi,Quận Gò Vấp,Phòng/Cho thuê,Phòng trọ,Không rõ,338,0,192307.6923076923
rent,RF + XGBoost Ensemble,119999999.9999999,62462200.78164348,57537799.218356416,0.47948166015297056,mogi,Quận Tân Bình,Phòng/Cho thuê,Phòng trọ,Không rõ,208,0,576923.0769230769
rent,RF + XGBoost Ensemble,150000000.00000077,31533448.033420596,118466551.96658018,0.7897770131105305,mogi,Thành phố Thủ Đức,Phòng/Cho thuê,Phòng trọ,Không rõ,119,0,1260504.2016806724
rent,RF + XGBoost Ensemble,264999999.9999996,139349162.02177387,125650837.97822574,0.474154105578211,mogi,Quận 3,Phòng/Cho thuê,Phòng trọ,Không rõ,356,0,744382.0224719101
rent,RF + XGBoost Ensemble,154999999.9999999,147119567.45244095,7880432.547558963,0.05084150030683205,mogi,Quận 5,Phòng/Cho thuê,Phòng trọ,Không rõ,360,0,430555.5555555555
rent,RF + XGBoost Ensemble,353000000.00000036,226201999.96220115,126798000.03779921,0.35920113325155545,mogi,Quận 10,Phòng/Cho thuê,Phòng trọ,Không rõ,787,0,448538.7547649301
rent,RF + XGBoost Ensemble,179999999.9999997,138906760.19493756,41093239.805062145,0.22829577669479006,mogi,Quận 3,Phòng/Cho thuê,Phòng trọ,Không rõ,600,0,300000
rent,RF + XGBoost Ensemble,179999999.9999997,140586290.737042,39413709.26295769,0.21896505146087644,mogi,Quận 5,Phòng/Cho thuê,Phòng trọ,Không rõ,500,0,360000
rent,RF + XGBoost Ensemble,210000000.00000003,169586286.4605113,40413713.53948873,0.19244625494994633,mogi,Quận 7,Phòng/Cho thuê,Phòng trọ,Không rõ,594,0,353535.35353535356
rent,RF + XGBoost Ensemble,154999999.9999999,127464985.69440955,27535014.30559036,0.17764525358445404,mogi,Quận 1,Phòng/Cho thuê,Phòng trọ,Không rõ,250,0,620000
rent,RF + XGBoost Ensemble,90000000.00000004,70141090.22049837,19858909.779501677,0.22065455310557408,mogi,Quận 1,Phòng/Cho thuê,Phòng trọ,Không rõ,150,0,600000
rent,RF + XGBoost Ensemble,500000000.0000006,284327312.7503657,215672687.24963492,0.43134537449926935,mogi,Quận 7,Phòng/Cho thuê,Tòa nhà/văn phòng/mặt bằng,Không rõ,2016,0,248015.87301587305
rent,RF + XGBoost Ensemble,119999999.9999999,90336138.11859888,29663861.881401017,0.24719884901167535,mogi,Quận Tân Bình,Phòng/Cho thuê,Phòng trọ,Không rõ,312,0,384615.3846153846
rent,RF + XGBoost Ensemble,200000000.0000001,140699593.53870374,59300406.46129635,0.2965020323064816,mogi,Quận Tân Bình,Phòng/Cho thuê,Phòng trọ,Không rõ,800,0,250000
rent,RF + XGBoost Ensemble,249999999.99999985,105594814.05679238,144405185.94320747,0.5776207437728302,mogi,Quận Tân Bình,Phòng/Cho thuê,Phòng trọ,Không rõ,340,0,735294.1176470588
rent,RF + XGBoost Ensemble,249999999.99999985,216998731.92515573,33001268.074844122,0.13200507229937658,mogi,Quận 1,Phòng/Cho thuê,Phòng trọ,Không rõ,704,0,355113.63636363635
rent,RF + XGBoost Ensemble,449999999.9999995,490028806.2467228,40028806.246723294,0.0889529027704963,mogi,Quận 6,Phòng/Cho thuê,Phòng trọ,Không rõ,4700,0,95744.68085106384
rent,RF + XGBoost Ensemble,150000000.00000077,106457601.05002935,43542398.94997142,0.29028265966647465,mogi,Quận 10,Phòng/Cho thuê,Phòng trọ,Không rõ,459,0,326797.38562091504
rent,RF + XGBoost Ensemble,159999999.99999982,360792047.07834107,200792047.07834125,1.2549502942396342,mogi,Huyện Hóc Môn,Phòng/Cho thuê,Phòng trọ,Không rõ,2217,0,72169.59855660803
rent,RF + XGBoost Ensemble,249999999.99999985,128583541.9572243,121416458.04277556,0.48566583217110254,mogi,Quận 3,Phòng/Cho thuê,Phòng trọ,Không rõ,392,0,637755.1020408163
rent,RF + XGBoost Ensemble,169999999.99999988,173499708.5319478,3499708.531947911,0.020586520776164196,mogi,Quận 10,Phòng/Cho thuê,Phòng trọ,Không rõ,600,0,283333.3333333333
rent,RF + XGBoost Ensemble,129999999.99999997,161250233.99819186,31250233.998191893,0.24038641537070693,mogi,Quận Gò Vấp,Phòng/Cho thuê,Phòng trọ,Không rõ,924,0,140692.6406926407
rent,RF + XGBoost Ensemble,600000000.0000008,237208307.88686132,362791692.1131395,0.604652820188565,mogi,Quận 10,Phòng/Cho thuê,Tòa nhà/văn phòng/mặt bằng,Không rõ,1000,0,600000
rent,RF + XGBoost Ensemble,154999999.9999999,199216692.8976474,44216692.8976475,0.28526898643643567,mogi,Quận 1,Phòng/Cho thuê,Phòng trọ,Không rõ,486,0,318930.04115226335
rent,RF + XGBoost Ensemble,370000000.0000005,362303869.4261877,7696130.573812783,0.020800352902196683,mogi,Quận 1,Phòng/Cho thuê,Phòng trọ,Không rõ,1400,0,264285.71428571426
rent,RF + XGBoost Ensemble,159999999.99999982,381314535.36111796,221314535.36111814,1.3832158460069899,mogi,Quận Tân Phú,Phòng/Cho thuê,Phòng trọ,Không rõ,2700,0,59259.25925925926
rent,RF + XGBoost Ensemble,79999999.9999996,67561957.43071088,12438042.569288716,0.15547553211610973,mogi,Quận Gò Vấp,Phòng/Cho thuê,Phòng trọ,Không rõ,288,0,277777.77777777775
rent,RF + XGBoost Ensemble,935000000.0000007,500000000.0000006,435000000.0000001,0.4652406417112297,mogi,Quận Phú Nhuận,Phòng/Cho thuê,Tòa nhà/văn phòng/mặt bằng,Không rõ,2924,0,319767.4418604651
rent,RF + XGBoost Ensemble,669999999.9999999,500000000.0000006,169999999.99999928,0.25373134328358105,mogi,Quận 3,Phòng/Cho thuê,Phòng trọ,Không rõ,3500,0,191428.57142857145
rent,RF + XGBoost Ensemble,249999999.99999985,234994387.30446047,15005612.695539385,0.06002245078215757,mogi,Quận 1,Phòng/Cho thuê,Phòng trọ,Không rõ,400,0,625000
rent,RF + XGBoost Ensemble,150000000.00000077,67828344.67999506,82171655.32000571,0.547811035466702,mogi,Quận Bình Thạnh,Phòng/Cho thuê,Phòng trọ,Không rõ,240,0,625000
rent,RF + XGBoost Ensemble,125000000.0000002,129729769.75634715,4729769.756346956,0.03783815805077559,mogi,Quận 11,Phòng/Cho thuê,Phòng trọ,Không rõ,700,0,178571.42857142858
rent,RF + XGBoost Ensemble,219999999.99999964,225801136.20741612,5801136.207416475,0.026368800942802202,mogi,Quận 3,Phòng/Cho thuê,Phòng trọ,Không rõ,571,0,385288.9667250438
rent,RF + XGBoost Ensemble,699999999.9999998,366294346.9964794,333705653.00352037,0.4767223614336007,mogi,Quận 1,Phòng/Cho thuê,Phòng trọ,Không rõ,1000,0,700000
rent,RF + XGBoost Ensemble,319999999.9999994,163244569.01781675,156755430.98218265,0.4898607218193217,mogi,Thành phố Thủ Đức,Phòng/Cho thuê,Phòng trọ,Không rõ,920,0,347826.08695652173
rent,RF + XGBoost Ensemble,585000000.0000029,162462896.93627235,422537103.0637305,0.7222856462627836,mogi,Quận 1,Phòng/Cho thuê,Phòng trọ,Không rõ,450,0,1300000
rent,RF + XGBoost Ensemble,600000000.0000008,441620148.8831017,158379851.11689913,0.2639664185281649,mogi,Quận Tân Bình,Phòng/Cho thuê,Phòng trọ,Không rõ,2351,0,255210.54870267972
rent,RF + XGBoost Ensemble,46999999.99999998,25342148.371363115,21657851.628636863,0.4608053538007845,mogi,Quận Bình Tân,Phòng/Cho thuê,Phòng trọ,Không rõ,140,0,335714.28571428574
rent,RF + XGBoost Ensemble,85000000.00000004,61626390.51906058,23373609.480939463,0.2749836409522288,mogi,Thành phố Thủ Đức,Phòng/Cho thuê,Tòa nhà/văn phòng/mặt bằng,Không rõ,250,0,340000
rent,RF + XGBoost Ensemble,16000000.000000026,21954675.114614733,5954675.1146147065,0.3721671946634185,mogi,Thành phố Thủ Đức,Phòng/Cho thuê,Tòa nhà/văn phòng/mặt bằng,Không rõ,100,0,160000
rent,RF + XGBoost Ensemble,35000000.000000015,54636953.945677295,19636953.94567728,0.5610558270193506,mogi,Thành phố Thủ Đức,Phòng/Cho thuê,Tòa nhà/văn phòng/mặt bằng,Không rõ,350,0,100000
rent,RF + XGBoost Ensemble,60000000.0000001,100079501.40443814,40079501.40443804,0.6679916900739663,mogi,Thành phố Thủ Đức,Phòng/Cho thuê,Tòa nhà/văn phòng/mặt bằng,Không rõ,576,0,104166.66666666669
rent,RF + XGBoost Ensemble,44999999.999999985,97080564.61600639,52080564.616006404,1.1573458803556982,mogi,Thành phố Thủ Đức,Phòng/Cho thuê,Phòng trọ,Không rõ,300,0,150000
rent,RF + XGBoost Ensemble,188999999.99999988,100079501.40443814,88920498.59556174,0.47047882854794604,mogi,Thành phố Thủ Đức,Phòng/Cho thuê,Tòa nhà/văn phòng/mặt bằng,Không rõ,576,0,328125
rent,RF + XGBoost Ensemble,24999999.999999963,25290808.03675776,290808.036757797,0.011632321470311898,mogi,Thành phố Thủ Đức,Phòng/Cho thuê,Tòa nhà/văn phòng/mặt bằng,Không rõ,75,0,333333.3333333333
rent,RF + XGBoost Ensemble,35000000.000000015,41878285.3259853,6878285.325985283,0.1965224378852937,mogi,Thành phố Thủ Đức,Phòng/Cho thuê,Tòa nhà/văn phòng/mặt bằng,Không rõ,180,0,194444.44444444444
rent,RF + XGBoost Ensemble,35000000.000000015,40891183.070081465,5891183.07008145,0.16831951628804137,mogi,Thành phố Thủ Đức,Phòng/Cho thuê,Tòa nhà/văn phòng/mặt bằng,Không rõ,220,0,159090.9090909091
rent,RF + XGBoost Ensemble,30000000.00000005,38136900.35338858,8136900.353388529,0.2712300117796172,mogi,Thành phố Thủ Đức,Phòng/Cho thuê,Tòa nhà/văn phòng/mặt bằng,Không rõ,134,0,223880.59701492536
rent,RF + XGBoost Ensemble,39999999.999999985,48974438.56391627,8974438.563916288,0.2243609640979073,mogi,Thành phố Thủ Đức,Phòng/Cho thuê,Tòa nhà/văn phòng/mặt bằng,Không rõ,187,0,213903.743315508
rent,RF + XGBoost Ensemble,69999999.99999967,74553439.3896554,4553439.389655724,0.06504913413793922,mogi,Thành phố Thủ Đức,Phòng/Cho thuê,Tòa nhà/văn phòng/mặt bằng,Không rõ,450,0,155555.55555555556
rent,RF + XGBoost Ensemble,119999999.9999999,33393640.342686117,86606359.65731378,0.7217196638109488,mogi,Thành phố Thủ Đức,Phòng/Cho thuê,Tòa nhà/văn phòng/mặt bằng,Không rõ,210,0,571428.5714285715
rent,RF + XGBoost Ensemble,35000000.000000015,53915173.51056371,18915173.510563694,0.5404335288732481,mogi,Thành phố Thủ Đức,Phòng/Cho thuê,Tòa nhà/văn phòng/mặt bằng,Không rõ,250,0,140000
rent,RF + XGBoost Ensemble,35000000.000000015,29980800.234127555,5019199.76587246,0.14340570759635593,mogi,Thành phố Thủ Đức,Phòng/Cho thuê,Tòa nhà/văn phòng/mặt bằng,Không rõ,119,0,294117.64705882355
rent,RF + XGBoost Ensemble,44999999.999999985,90933424.97752492,45933424.977524936,1.0207427772783322,mogi,Thành phố Thủ Đức,Phòng/Cho thuê,Phòng trọ,Không rõ,1120,0,40178.57142857143
rent,RF + XGBoost Ensemble,30000000.00000005,70721905.10591538,40721905.10591534,1.3573968368638425,mogi,Thành phố Thủ Đức,Phòng/Cho thuê,Phòng trọ,Không rõ,324,0,92592.5925925926
rent,RF + XGBoost Ensemble,60000000.0000001,34115216.25470634,25884783.74529376,0.43141306242156197,mogi,Thành phố Thủ Đức,Phòng/Cho thuê,Phòng trọ,Không rõ,150,0,400000
rent,RF + XGBoost Ensemble,60000000.0000001,50141362.694187514,9858637.305812582,0.16431062176354277,mogi,Thành phố Thủ Đức,Phòng/Cho thuê,Tòa nhà/văn phòng/mặt bằng,Không rõ,200,0,300000
rent,RF + XGBoost Ensemble,110000000.00000012,98325252.9741753,11674747.025824815,0.10613406387113457,mogi,Quận Tân Bình,Phòng/Cho thuê,Phòng trọ,Không rõ,450,0,244444.44444444444
rent,RF + XGBoost Ensemble,44999999.999999985,136456335.71075556,91456335.71075557,2.032363015794569,mogi,Quận 11,Phòng/Cho thuê,Phòng trọ,Không rõ,360,0,125000
rent,RF + XGBoost Ensemble,200000000.0000001,122641568.22490005,77358431.77510004,0.3867921588755,mogi,Quận Gò Vấp,Phòng/Cho thuê,Phòng trọ,Không rõ,640,0,312500
rent,RF + XGBoost Ensemble,90000000.00000004,110532708.09336214,20532708.093362093,0.22814120103735647,mogi,Quận Gò Vấp,Phòng/Cho thuê,Phòng trọ,Không rõ,330,0,272727.2727272727
rent,RF + XGBoost Ensemble,19000000.000000015,38534020.60367101,19534020.603670992,1.0281063475616303,mogi,Quận 7,Phòng/Cho thuê,Tòa nhà/văn phòng/mặt bằng,Không rõ,111,0,171171.17117117118
rent,RF + XGBoost Ensemble,15000000.00000001,7577493.893813074,7422506.106186936,0.4948337404124621,mogi,Quận Gò Vấp,Phòng/Cho thuê,Tòa nhà/văn phòng/mặt bằng,Không rõ,30,0,500000
rent,RF + XGBoost Ensemble,232999999.9999999,90538490.57611361,142461509.4238863,0.6114227872269801,mogi,Thành phố Thủ Đức,Phòng/Cho thuê,Tòa nhà/văn phòng/mặt bằng,Không rõ,310,0,751612.9032258064
rent,RF + XGBoost Ensemble,99999999.99999991,49357509.05119538,50642490.94880453,0.5064249094880457,mogi,Thành phố Thủ Đức,Phòng/Cho thuê,Tòa nhà/văn phòng/mặt bằng,Không rõ,175,0,571428.5714285715
rent,RF + XGBoost Ensemble,99999999.99999991,68336371.62387708,31663628.376122832,0.3166362837612286,mogi,Thành phố Thủ Đức,Phòng/Cho thuê,Tòa nhà/văn phòng/mặt bằng,Không rõ,245,0,408163.2653061224
rent,RF + XGBoost Ensemble,30000000.00000005,25824037.209969383,4175962.7900306657,0.13919875966768863,mogi,Thành phố Thủ Đức,Phòng/Cho thuê,Tòa nhà/văn phòng/mặt bằng,Không rõ,82,0,365853.65853658534
rent,RF + XGBoost Ensemble,8000000.000000002,9513764.174008343,1513764.1740083415,0.18922052175104265,mogi,Quận Bình Thạnh,Phòng/Cho thuê,Tòa nhà/văn phòng/mặt bằng,Không rõ,10,0,800000
rent,RF + XGBoost Ensemble,20999999.99999998,21379478.386229284,379478.38622930273,0.018070399344252527,mogi,Quận Phú Nhuận,Phòng/Cho thuê,Tòa nhà/văn phòng/mặt bằng,Không rõ,72,0,291666.6666666667
rent,RF + XGBoost Ensemble,30000000.00000005,55151651.66473323,25151651.664733183,0.8383883888244381,mogi,Quận 1,Phòng/Cho thuê,Tòa nhà/văn phòng/mặt bằng,Không rõ,120,0,250000
rent,RF + XGBoost Ensemble,39000000.00000001,97850079.20726804,58850079.20726804,1.5089763899299493,mogi,Quận 1,Phòng/Cho thuê,Phòng trọ,Không rõ,300,0,130000
rent,RF + XGBoost Ensemble,125000000.0000002,79433572.70167385,45566427.29832634,0.3645314183866102,mogi,Quận 1,Phòng/Cho thuê,Phòng trọ,Không rõ,350,0,357142.85714285716
rent,RF + XGBoost Ensemble,239999999.99999973,140777471.70584473,99222528.294155,0.4134272012256463,mogi,Quận 3,Phòng/Cho thuê,Tòa nhà/văn phòng/mặt bằng,Không rõ,520,0,461538.4615384616
rent,RF + XGBoost Ensemble,55000000.000000075,80261911.56846188,25261911.568461806,0.4593074830629413,mogi,Quận 1,Phòng/Cho thuê,Phòng trọ,Không rõ,100,0,550000
rent,RF + XGBoost Ensemble,159999999.99999982,94861952.7934209,65138047.206578925,0.40711279504111875,mogi,Quận 11,Phòng/Cho thuê,Phòng trọ,Không rõ,450,0,355555.55555555556
rent,RF + XGBoost Ensemble,35000000.000000015,7591129.753253562,27408870.24674645,0.7831105784784697,mogi,Quận 1,Phòng/Cho thuê,Phòng trọ,Không rõ,25,0,1400000
rent,RF + XGBoost Ensemble,200000000.0000001,268319328.6704345,68319328.67043442,0.34159664335217194,mogi,Thành phố Thủ Đức,Phòng/Cho thuê,Tòa nhà/văn phòng/mặt bằng,Không rõ,2247,0,89007.56564307967
rent,RF + XGBoost Ensemble,99999999.99999991,34658433.17328673,65341566.82671318,0.6534156682671324,mogi,Quận 4,Phòng/Cho thuê,Tòa nhà/văn phòng/mặt bằng,Không rõ,72,0,1388888.888888889
rent,RF + XGBoost Ensemble,65000000.00000007,27321914.93618135,37678085.063818716,0.579662847135672,mogi,Quận 1,Phòng/Cho thuê,Tòa nhà/văn phòng/mặt bằng,Không rõ,56,0,1160714.2857142857
rent,RF + XGBoost Ensemble,39999999.999999985,8426094.044994863,31573905.955005124,0.7893476488751284,mogi,Quận Tân Bình,Phòng/Cho thuê,Phòng trọ,Không rõ,55,0,727272.7272727273
rent,RF + XGBoost Ensemble,44999999.999999985,9571359.31842805,35428640.68157193,0.7873031262571543,mogi,Thành phố Thủ Đức,Phòng/Cho thuê,Phòng trọ,Không rõ,50,0,900000
rent,RF + XGBoost Ensemble,22000000.000000007,26406219.441114314,4406219.441114306,0.20028270186883204,mogi,Quận 5,Phòng/Cho thuê,Tòa nhà/văn phòng/mặt bằng,Không rõ,80,0,275000
rent,RF + XGBoost Ensemble,99999999.99999991,28128181.79966603,71871818.20033388,0.7187181820033395,mogi,Quận Tân Phú,Phòng/Cho thuê,Tòa nhà/văn phòng/mặt bằng,Không rõ,128,0,781250
rent,RF + XGBoost Ensemble,55000000.000000075,51576313.9304517,3423686.069548376,0.062248837628152205,mogi,Quận 1,Phòng/Cho thuê,Tòa nhà/văn phòng/mặt bằng,Không rõ,90,0,611111.1111111111
rent,RF + XGBoost Ensemble,35000000.000000015,79043113.35207297,44043113.352072954,1.258374667202084,mogi,Quận 3,Phòng/Cho thuê,Tòa nhà/văn phòng/mặt bằng,Không rõ,105,0,333333.3333333333
rent,RF + XGBoost Ensemble,44999999.999999985,17722773.574380945,27277226.42561904,0.6061605872359789,mogi,Quận 3,Phòng/Cho thuê,Phòng trọ,Không rõ,44,0,1022727.2727272728
rent,RF + XGBoost Ensemble,85000000.00000004,91313590.050582,6313590.050581962,0.07427753000684657,mogi,Quận 10,Phòng/Cho thuê,Phòng trọ,Không rõ,528,0,160984.84848484848
rent,RF + XGBoost Ensemble,79999999.9999996,141510472.22686082,61510472.22686122,0.7688809028357692,mogi,Quận 10,Phòng/Cho thuê,Phòng trọ,Không rõ,700,0,114285.71428571428
rent,RF + XGBoost Ensemble,119999999.9999999,99680160.09126928,20319839.90873061,0.1693319992394219,mogi,Quận Bình Thạnh,Phòng/Cho thuê,Phòng trọ,Không rõ,350,0,342857.14285714284
rent,RF + XGBoost Ensemble,119999999.9999999,68997415.992734,51002584.007265896,0.4250215333938828,mogi,Quận 10,Phòng/Cho thuê,Phòng trọ,Không rõ,400,0,300000
rent,RF + XGBoost Ensemble,79999999.9999996,124840544.42479101,44840544.42479141,0.5605068053098955,mogi,Quận Tân Phú,Phòng/Cho thuê,Phòng trọ,Không rõ,600,0,133333.33333333334
rent,RF + XGBoost Ensemble,179999999.9999997,214620465.7874768,34620465.787477106,0.1923359210415398,mogi,Quận Phú Nhuận,Phòng/Cho thuê,Phòng trọ,Không rõ,700,0,257142.85714285713
rent,RF + XGBoost Ensemble,55000000.000000075,58620014.803643204,3620014.8036431298,0.06581845097532954,mogi,Quận 3,Phòng/Cho thuê,Tòa nhà/văn phòng/mặt bằng,Không rõ,150,0,366666.6666666667
rent,RF + XGBoost Ensemble,60000000.0000001,58001261.27259846,1998738.7274016365,0.033312312123360555,mogi,Quận 10,Phòng/Cho thuê,Phòng trọ,Không rõ,240,0,250000
rent,RF + XGBoost Ensemble,129999999.99999997,90194148.4358108,39805851.564189166,0.30619885818607057,mogi,Thành phố Thủ Đức,Biệt thự,Biệt thự/cao cấp,Không rõ,480,5,270833.3333333333
rent,RF + XGBoost Ensemble,74998999.99999994,73085056.9089081,1913943.0910918415,0.02551958147564425,mogi,Thành phố Thủ Đức,Biệt thự,Đất/đất nền,Không rõ,240,3,312495.8333333333
rent,RF + XGBoost Ensemble,79999999.9999996,98191311.07941884,18191311.07941924,0.22739138849274165,mogi,Thành phố Thủ Đức,Biệt thự,Biệt thự/cao cấp,Không rõ,550,4,145454.54545454544
rent,RF + XGBoost Ensemble,119999999.9999999,95502267.86226381,24497732.137736082,0.20414776781446753,mogi,Thành phố Thủ Đức,Biệt thự,Biệt thự/cao cấp,Không rõ,500,0,240000
rent,RF + XGBoost Ensemble,75000000.0000003,39917251.31803954,35082748.68196076,0.46776998242614165,mogi,Thành phố Thủ Đức,Phòng/Cho thuê,Phòng trọ,Không rõ,145,4,517241.3793103448
rent,RF + XGBoost Ensemble,39999999.999999985,30978021.68190119,9021978.318098795,0.22554945795246994,mogi,Thành phố Thủ Đức,Biệt thự,Biệt thự/cao cấp,Không rõ,119,4,336134.4537815126
rent,RF + XGBoost Ensemble,91000000.00000022,113115213.2150578,22115213.21505758,0.2430243210445882,mogi,Thành phố Thủ Đức,Biệt thự,Biệt thự/cao cấp,Không rõ,360,6,252777.77777777775
rent,RF + XGBoost Ensemble,129999999.99999997,61382264.23726182,68617735.76273815,0.5278287366364475,mogi,Thành phố Thủ Đức,Biệt thự,Biệt thự/cao cấp,Không rõ,300,4,433333.3333333333
rent,RF + XGBoost Ensemble,22999999.999999974,27689080.024975788,4689080.024975814,0.20387304456416605,mogi,Thành phố Thủ Đức,Phòng/Cho thuê,Phòng trọ,Không rõ,88,4,261363.63636363635
rent,RF + XGBoost Ensemble,35000000.000000015,41708259.341495946,6708259.341495931,0.19166455261416937,mogi,Thành phố Thủ Đức,Biệt thự,Biệt thự/cao cấp,Không rõ,160,4,218750
rent,RF + XGBoost Ensemble,37999999.99999996,53069355.76906831,15069355.769068345,0.3965619939228516,mogi,Thành phố Thủ Đức,Phòng/Cho thuê,Phòng trọ,Không rõ,220,5,172727.27272727274
rent,RF + XGBoost Ensemble,110000000.00000012,58683638.74333541,51316361.25666471,0.46651237506058774,mogi,Thành phố Thủ Đức,Phòng/Cho thuê,Tòa nhà/văn phòng/mặt bằng,Không rõ,187,6,588235.2941176471
rent,RF + XGBoost Ensemble,144000000.00000015,102173498.54776296,41826501.45223719,0.29046181564053575,mogi,Thành phố Thủ Đức,Biệt thự,Biệt thự/cao cấp,Không rõ,600,4,240000
rent,RF + XGBoost Ensemble,95999999.99999994,46887837.121991605,49112162.878008336,0.5115850299792538,mogi,Thành phố Thủ Đức,Biệt thự,Biệt thự/cao cấp,Không rõ,210,5,457142.8571428571
rent,RF + XGBoost Ensemble,50000000.00000009,54619613.62630737,4619613.626307279,0.09239227252614542,mogi,Thành phố Thủ Đức,Biệt thự,Biệt thự/cao cấp,Không rõ,160,6,312500
rent,RF + XGBoost Ensemble,50000000.00000009,54351526.5899459,4351526.589945808,0.08703053179891601,mogi,Thành phố Thủ Đức,Biệt thự,Biệt thự/cao cấp,Không rõ,160,4,312500
rent,RF + XGBoost Ensemble,27999999.99999999,19291251.649450496,8708748.350549493,0.31102672680533916,mogi,Thành phố Thủ Đức,Biệt thự,Biệt thự/cao cấp,Không rõ,80,4,350000
rent,RF + XGBoost Ensemble,69999999.99999967,33974534.55663306,36025465.44336661,0.5146495063338111,mogi,Thành phố Thủ Đức,Biệt thự,Biệt thự/cao cấp,Không rõ,102,3,686274.5098039216
rent,RF + XGBoost Ensemble,95999999.99999994,81901824.04706094,14098175.952939004,0.14685599950978137,mogi,Thành phố Thủ Đức,Biệt thự,Biệt thự/cao cấp,Không rõ,400,5,240000
rent,RF + XGBoost Ensemble,169999999.99999988,72204128.68117042,97795871.31882946,0.5752698312872325,mogi,Thành phố Thủ Đức,Biệt thự,Biệt thự/cao cấp,Không rõ,400,4,425000
rent,RF + XGBoost Ensemble,259999999.99999863,106022443.17592078,153977556.82407784,0.5922213724003025,mogi,Thành phố Thủ Đức,Biệt thự,Biệt thự/cao cấp,Không rõ,500,5,520000
rent,RF + XGBoost Ensemble,75000000.0000003,37611773.28275695,37388226.71724335,0.4985096895632427,mogi,Thành phố Thủ Đức,Biệt thự,Biệt thự/cao cấp,Không rõ,105,5,714285.7142857143
rent,RF + XGBoost Ensemble,65000000.00000007,47631558.74235556,17368441.257644504,0.2672067885791459,mogi,Thành phố Thủ Đức,Biệt thự,Biệt thự/cao cấp,Không rõ,126,5,515873.01587301586
rent,RF + XGBoost Ensemble,119999999.9999999,70340583.00517885,49659416.99482104,0.4138284749568424,mogi,Quận 7,Biệt thự,Biệt thự/cao cấp,Không rõ,300,5,400000
rent,RF + XGBoost Ensemble,50000000.00000009,53794059.55437474,3794059.55437465,0.07588119108749286,mogi,Thành phố Thủ Đức,Biệt thự,Biệt thự/cao cấp,Không rõ,200,4,250000
rent,RF + XGBoost Ensemble,79999999.9999996,55528459.858252704,24471540.141746894,0.3058942517718377,mogi,Thành phố Thủ Đức,Biệt thự,Biệt thự/cao cấp,Không rõ,140,4,571428.5714285715
rent,RF + XGBoost Ensemble,43999999.99999999,31901449.59304267,12098550.40695732,0.2749670547035755,mogi,Thành phố Thủ Đức,Biệt thự,Biệt thự/cao cấp,Không rõ,110,4,400000
rent,RF + XGBoost Ensemble,235000000,97796696.3770191,137203303.6229809,0.583843845204174,mogi,Thành phố Thủ Đức,Biệt thự,Biệt thự/cao cấp,Không rõ,540,3,435185.1851851852
rent,RF + XGBoost Ensemble,24000000,37726717.302372016,13726717.302372016,0.5719465542655007,mogi,Quận Tân Bình,Biệt thự,Biệt thự/cao cấp,Không rõ,144,4,166666.66666666666
rent,RF + XGBoost Ensemble,98999999.99999982,57638163.83592267,41361836.16407715,0.4177963248896689,mogi,Quận Phú Nhuận,Biệt thự,Biệt thự/cao cấp,Không rõ,160,3,618750
rent,RF + XGBoost Ensemble,110000000.00000012,170851804.50958183,60851804.509581715,0.5531982228143786,mogi,Quận 1,"Văn phòng, Mặt bằng kinh doanh",Tòa nhà/văn phòng/mặt bằng,Không rõ,300,5,366666.6666666667
rent,RF + XGBoost Ensemble,65000000.00000007,42669218.783926316,22330781.21607375,0.3435504802472881,mogi,Quận Tân Bình,Biệt thự,Biệt thự/cao cấp,Không rõ,200,3,325000
rent,RF + XGBoost Ensemble,187999999.99999988,112386336.6729372,75613663.32706268,0.40220033684607837,mogi,Thành phố Thủ Đức,Biệt thự,Biệt thự/cao cấp,Không rõ,600,1,313333.3333333333
rent,RF + XGBoost Ensemble,210000000.00000003,108230826.44023412,101769173.5597659,0.4846151121893614,mogi,Thành phố Thủ Đức,Biệt thự,Biệt thự/cao cấp,Không rõ,650,3,323076.92307692306
rent,RF + XGBoost Ensemble,44999999.999999985,52235181.08888257,7235181.088882588,0.16078180197516867,mogi,Quận Bình Thạnh,Biệt thự,Biệt thự/cao cấp,Không rõ,240,5,187500
rent,RF + XGBoost Ensemble,39999999.999999985,55040781.792747214,15040781.79274723,0.3760195448186809,mogi,Quận Bình Thạnh,Biệt thự,Biệt thự/cao cấp,Không rõ,250,5,160000
rent,RF + XGBoost Ensemble,99999999.99999991,74658595.92643632,25341404.07356359,0.2534140407356361,mogi,Thành phố Thủ Đức,Biệt thự,Biệt thự/cao cấp,Không rõ,300,7,333333.3333333333
rent,RF + XGBoost Ensemble,44999999.999999985,53119774.69374236,8119774.693742372,0.18043943763871945,mogi,Quận Bình Thạnh,Biệt thự,Biệt thự/cao cấp,Không rõ,200,5,225000
rent,RF + XGBoost Ensemble,13000000.000000013,17055647.920976557,4055647.920976544,0.31197291699819535,mogi,Thành phố Thủ Đức,Biệt thự,Biệt thự/cao cấp,Không rõ,75,3,173333.33333333334
rent,RF + XGBoost Ensemble,24999999.999999963,32323950.343140755,7323950.343140792,0.2929580137256321,mogi,Thành phố Thủ Đức,Biệt thự,Biệt thự/cao cấp,Không rõ,144,4,173611.11111111112
rent,RF + XGBoost Ensemble,13000000.000000013,16000814.040117862,3000814.0401178487,0.23083184923983427,mogi,Thành phố Thủ Đức,Biệt thự,Biệt thự/cao cấp,Không rõ,75,3,173333.33333333334
rent,RF + XGBoost Ensemble,65999999.999999985,56386256.5592319,9613743.440768085,0.1456627794055771,mogi,Thành phố Thủ Đức,"Văn phòng, Mặt bằng kinh doanh",Tòa nhà/văn phòng/mặt bằng,Không rõ,250,4,264000
rent,RF + XGBoost Ensemble,78999999.99999964,111638868.67349075,32638868.673491105,0.413150236373307,mogi,Thành phố Thủ Đức,Biệt thự,Biệt thự/cao cấp,Không rõ,350,6,225714.2857142857
rent,RF + XGBoost Ensemble,36999999.99999993,42668487.02994224,5668487.029942304,0.15320235216060307,mogi,Thành phố Thủ Đức,Biệt thự,Biệt thự/cao cấp,Không rõ,160,5,231250
rent,RF + XGBoost Ensemble,44999999.999999985,52268228.06482475,7268228.064824767,0.16151617921832823,mogi,Thành phố Thủ Đức,Biệt thự,Biệt thự/cao cấp,Không rõ,260,4,173076.92307692306
rent,RF + XGBoost Ensemble,39000000.00000001,51399675.20528013,12399675.205280125,0.3179403898789775,mogi,Thành phố Thủ Đức,Biệt thự,Biệt thự/cao cấp,Không rõ,250,4,156000
rent,RF + XGBoost Ensemble,50000000.00000009,50633522.71275489,633522.7127548009,0.012670454255095996,mogi,Thành phố Thủ Đức,Biệt thự,Biệt thự/cao cấp,Không rõ,220,2,227272.7272727273
rent,RF + XGBoost Ensemble,35000000.000000015,31404863.64551848,3595136.354481533,0.10271818155661519,mogi,Thành phố Thủ Đức,Biệt thự,Biệt thự/cao cấp,Không rõ,110,4,318181.8181818182
rent,RF + XGBoost Ensemble,94999999.99999987,71208860.00279427,23791139.9972056,0.2504330526021646,mogi,Thành phố Thủ Đức,Biệt thự,Biệt thự/cao cấp,Không rõ,400,4,237500
rent,RF + XGBoost Ensemble,249999999.99999985,283773779.18699825,33773779.1869984,0.13509511674799368,mogi,Thành phố Thủ Đức,Biệt thự,Biệt thự/cao cấp,Không rõ,2000,10,125000
rent,RF + XGBoost Ensemble,94999999.99999987,111729483.5111007,16729483.511100829,0.17609982643264055,mogi,Thành phố Thủ Đức,Biệt thự,Biệt thự/cao cấp,Không rõ,350,7,271428.5714285714
rent,RF + XGBoost Ensemble,119999999.9999999,133598891.13330294,13598891.133303046,0.11332409277752549,mogi,Thành phố Thủ Đức,Biệt thự,Biệt thự/cao cấp,Không rõ,600,6,200000
rent,RF + XGBoost Ensemble,65000000.00000007,85711380.94334625,20711380.94334618,0.3186366298976332,mogi,Thành phố Thủ Đức,Biệt thự,Đất/đất nền,Không rõ,305,4,213114.75409836063
rent,RF + XGBoost Ensemble,39000000.00000001,46428207.93739682,7428207.937396809,0.19046687018966174,mogi,Thành phố Thủ Đức,Biệt thự,Biệt thự/cao cấp,Không rõ,140,5,278571.4285714286
rent,RF + XGBoost Ensemble,118550000.00000009,98388149.7913595,20161850.20864059,0.17007043617579565,mogi,Thành phố Thủ Đức,Biệt thự,Biệt thự/cao cấp,Không rõ,800,4,148187.5
rent,RF + XGBoost Ensemble,99999999.99999991,58495971.13955849,41504028.860441424,0.4150402886044146,mogi,Thành phố Thủ Đức,Biệt thự,Biệt thự/cao cấp,Không rõ,220,5,454545.4545454546
rent,RF + XGBoost Ensemble,85000000.00000004,73368259.51850799,11631740.481492057,0.13684400566461236,mogi,Quận 7,Biệt thự,Biệt thự/cao cấp,Không rõ,317,3,268138.8012618297
rent,RF + XGBoost Ensemble,13000000.000000013,20075043.574331306,7075043.574331293,0.5442341211024067,mogi,Quận Bình Thạnh,Biệt thự,Biệt thự/cao cấp,Không rõ,72,1,180555.55555555556
rent,RF + XGBoost Ensemble,118000000.00000003,42200777.16624626,75799222.83375376,0.642366295201303,mogi,Thành phố Thủ Đức,Biệt thự,Biệt thự/cao cấp,Không rõ,198,4,595959.595959596
rent,RF + XGBoost Ensemble,27999999.99999999,54195556.01722205,26195556.017222058,0.9355555720436453,mogi,Thành phố Thủ Đức,Biệt thự,Biệt thự/cao cấp,Không rõ,263,4,106463.8783269962
rent,RF + XGBoost Ensemble,37999999.99999996,75257490.63425754,37257490.63425758,0.9804602798488846,mogi,Quận 7,Biệt thự,Biệt thự/cao cấp,Không rõ,264,6,143939.39393939395
rent,RF + XGBoost Ensemble,55000000.000000075,62908434.27420872,7908434.274208643,0.14378971407652058,mogi,Thành phố Thủ Đức,Biệt thự,Biệt thự/cao cấp,Không rõ,270,3,203703.7037037037
rent,RF + XGBoost Ensemble,200000000.0000001,91128933.01929334,108871066.98070675,0.5443553349035335,mogi,Thành phố Thủ Đức,Biệt thự,Biệt thự/cao cấp,Không rõ,300,6,666666.6666666666
rent,RF + XGBoost Ensemble,139999999.99999934,109486852.87204467,30513147.127954677,0.217951050913963,mogi,Thành phố Thủ Đức,Biệt thự,Biệt thự/cao cấp,Không rõ,332,7,421686.7469879518
rent,RF + XGBoost Ensemble,55000000.000000075,51166008.11117364,3833991.8888264373,0.06970894343320785,mogi,Quận Bình Tân,Biệt thự,Biệt thự/cao cấp,Không rõ,200,4,275000
rent,RF + XGBoost Ensemble,24999999.999999963,47911607.92423468,22911607.924234718,0.9164643169693901,mogi,Quận Bình Tân,Biệt thự,Biệt thự/cao cấp,Không rõ,200,3,125000
rent,RF + XGBoost Ensemble,119999999.9999999,89412473.07162236,30587526.92837754,0.2548960577364797,mogi,Quận 7,Biệt thự,Biệt thự/cao cấp,Không rõ,288,5,416666.6666666667
rent,RF + XGBoost Ensemble,37999999.99999996,39915331.424327545,1915331.4243275821,0.05040345853493642,mogi,Quận Gò Vấp,Phòng/Cho thuê,Tòa nhà/văn phòng/mặt bằng,Không rõ,200,5,190000
rent,RF + XGBoost Ensemble,35000000.000000015,44423847.71835728,9423847.718357265,0.2692527919530646,mogi,Quận Gò Vấp,Biệt thự,Biệt thự/cao cấp,Không rõ,204,5,171568.6274509804
rent,RF + XGBoost Ensemble,145000000.00000003,99333245.26706074,45666754.73293929,0.3149431360892364,mogi,Thành phố Thủ Đức,Biệt thự,Đất/đất nền,Không rõ,300,6,483333.3333333333
rent,RF + XGBoost Ensemble,400000000.0000001,239529414.8502999,160470585.14970022,0.40117646287425046,mogi,Thành phố Thủ Đức,Biệt thự,Biệt thự/cao cấp,Không rõ,1260,4,317460.31746031746
rent,RF + XGBoost Ensemble,115000000.00000007,114495743.22340637,504256.77659370005,0.004384841535597389,mogi,Thành phố Thủ Đức,Biệt thự,Biệt thự/cao cấp,Không rõ,382,8,301047.1204188482
rent,RF + XGBoost Ensemble,139999999.99999934,130792296.707353,9207703.292646348,0.06576930923318851,mogi,Thành phố Thủ Đức,Biệt thự,Biệt thự/cao cấp,Không rõ,800,5,175000
rent,RF + XGBoost Ensemble,40999999.999999985,42644288.4999938,1644288.499993816,0.040104597560824795,mogi,Quận 7,Biệt thự,Biệt thự/cao cấp,Không rõ,220,4,186363.63636363635
rent,RF + XGBoost Ensemble,43000000.000000015,43165201.581807524,165201.58180750906,0.0038418972513374187,mogi,Quận 7,Biệt thự,Biệt thự/cao cấp,Không rõ,129,4,333333.3333333333
rent,RF + XGBoost Ensemble,43999999.99999999,45719306.03297536,1719306.0329753682,0.03907513711307656,mogi,Quận 7,Biệt thự,Biệt thự/cao cấp,Không rõ,220,4,200000
rent,RF + XGBoost Ensemble,35000000.000000015,43114445.41558824,8114445.415588222,0.23184129758823482,mogi,Quận 7,Biệt thự,Biệt thự/cao cấp,Không rõ,126,5,277777.77777777775
rent,RF + XGBoost Ensemble,48000000.00000006,47163434.94003592,836565.0599641427,0.017428438749252952,mogi,Quận 7,Biệt thự,Biệt thự/cao cấp,Không rõ,144,5,333333.3333333333
rent,RF + XGBoost Ensemble,39999999.999999985,42752195.4190051,2752195.4190051183,0.06880488547512799,mogi,Quận 7,Biệt thự,Biệt thự/cao cấp,Không rõ,127,5,314960.6299212598
rent,RF + XGBoost Ensemble,39999999.999999985,85451653.76555583,45451653.76555584,1.1362913441388964,mogi,Quận 7,Biệt thự,Biệt thự/cao cấp,Không rõ,300,7,133333.33333333334
rent,RF + XGBoost Ensemble,35000000.000000015,40640012.52280297,5640012.522802956,0.16114321493722725,mogi,Quận 7,Biệt thự,Biệt thự/cao cấp,Không rõ,126,5,277777.77777777775
rent,RF + XGBoost Ensemble,46999999.99999998,47973862.47922966,973862.4792296812,0.020720478281482588,mogi,Quận 7,Biệt thự,Biệt thự/cao cấp,Không rõ,220,4,213636.36363636365
rent,RF + XGBoost Ensemble,79999999.9999996,87853992.52472886,7853992.524729267,0.09817490655911633,mogi,Quận 7,Biệt thự,Biệt thự/cao cấp,Không rõ,300,5,266666.6666666667
rent,RF + XGBoost Ensemble,39999999.999999985,44272065.669875264,4272065.669875279,0.10680164174688202,mogi,Quận 7,Biệt thự,Biệt thự/cao cấp,Không rõ,160,5,250000
rent,RF + XGBoost Ensemble,75000000.0000003,94591714.94849008,19591714.948489785,0.2612228659798628,mogi,Quận 7,Biệt thự,Biệt thự/cao cấp,Không rõ,348,4,215517.24137931035
rent,RF + XGBoost Ensemble,39999999.999999985,43341463.11041998,3341463.110419996,0.08353657776049993,mogi,Quận 7,Biệt thự,Biệt thự/cao cấp,Không rõ,200,4,200000
rent,RF + XGBoost Ensemble,39999999.999999985,68615881.88417767,28615881.884177685,0.7153970471044424,mogi,Quận 7,Biệt thự,Biệt thự/cao cấp,Không rõ,300,4,133333.33333333334
rent,RF + XGBoost Ensemble,30000000.00000005,45110121.26896654,15110121.268966492,0.5036707089655489,mogi,Quận 7,Biệt thự,Biệt thự/cao cấp,Không rõ,126,4,238095.2380952381
rent,RF + XGBoost Ensemble,43000000.000000015,56923947.17562789,13923947.175627872,0.32381272501460157,mogi,Quận 7,Biệt thự,Biệt thự/cao cấp,Không rõ,140,4,307142.85714285716
rent,RF + XGBoost Ensemble,35499999.999999955,37407763.48138172,1907763.4813817665,0.05373981637695124,mogi,Quận 7,Biệt thự,Biệt thự/cao cấp,Không rõ,126,3,281746.0317460318
rent,RF + XGBoost Ensemble,44999999.999999985,35289598.41172528,9710401.588274702,0.21578670196166014,mogi,Quận Tân Bình,Biệt thự,Biệt thự/cao cấp,Không rõ,150,4,300000
rent,RF + XGBoost Ensemble,44999999.999999985,36424934.51346397,8575065.486536019,0.1905570108119116,mogi,Quận Tân Bình,Biệt thự,Biệt thự/cao cấp,Không rõ,150,4,300000
rent,RF + XGBoost Ensemble,205000000.0000002,162434351.64258906,42565648.357411146,0.20763730906054195,mogi,Thành phố Thủ Đức,Biệt thự,Biệt thự/cao cấp,Không rõ,1000,5,205000
rent,RF + XGBoost Ensemble,51999999.99999991,42785707.44957283,9214292.55042708,0.17719793366205952,mogi,Quận 7,Biệt thự,Biệt thự/cao cấp,Không rõ,126,4,412698.4126984127
rent,RF + XGBoost Ensemble,72000000.00000012,50577673.96906091,21422326.030939206,0.29753230598526625,mogi,Quận 7,Biệt thự,Biệt thự/cao cấp,Không rõ,144,4,500000
rent,RF + XGBoost Ensemble,48000000.00000006,46453305.2926919,1546694.7073081583,0.03222280640225326,mogi,Quận 7,Biệt thự,Biệt thự/cao cấp,Không rõ,126,6,380952.38095238095
rent,RF + XGBoost Ensemble,37999999.99999996,43078301.687228724,5078301.687228762,0.13363951808496755,mogi,Quận 7,Biệt thự,Biệt thự/cao cấp,Không rõ,126,4,301587.3015873016
rent,RF + XGBoost Ensemble,79999999.9999996,143326446.2719132,63326446.2719136,0.791580578398924,mogi,Thành phố Thủ Đức,Biệt thự,Biệt thự/cao cấp,Không rõ,924,4,86580.08658008659
rent,RF + XGBoost Ensemble,85000000.00000004,62416617.352148466,22583382.64785158,0.26568685468060665,mogi,Quận 1,Biệt thự,Biệt thự/cao cấp,Không rõ,180,4,472222.22222222225
rent,RF + XGBoost Ensemble,67999999.99999996,55684946.463914245,12315053.53608571,0.1811037284718488,mogi,Huyện Nhà Bè,Biệt thự,Biệt thự/cao cấp,Không rõ,250,5,272000
rent,RF + XGBoost Ensemble,20000000.000000015,28434948.39214803,8434948.392148014,0.4217474196074004,mogi,Huyện Nhà Bè,Biệt thự,Biệt thự/cao cấp,Không rõ,110,4,181818.18181818185
rent,RF + XGBoost Ensemble,11000000.000000013,12121585.323122859,1121585.323122846,0.10196230210207678,mogi,Quận 12,Biệt thự,Biệt thự/cao cấp,Không rõ,70,4,157142.85714285713
rent,RF + XGBoost Ensemble,350000000.00000036,263237516.09620133,86762483.90379903,0.24789281115371126,mogi,Quận 3,Biệt thự,Biệt thự/cao cấp,Không rõ,1000,8,350000
rent,RF + XGBoost Ensemble,79999999.9999996,98827581.48896945,18827581.488969848,0.23534476861212428,mogi,Quận 3,Biệt thự,Biệt thự/cao cấp,Không rõ,270,6,296296.2962962963
rent,RF + XGBoost Ensemble,139999999.99999934,97305926.30449985,42694073.695499495,0.30495766925356926,mogi,Quận Phú Nhuận,Biệt thự,Biệt thự/cao cấp,Không rõ,352,0,397727.2727272727
rent,RF + XGBoost Ensemble,42000000.00000003,40810880.92693838,1189119.0730616525,0.02831235888242028,mogi,Quận Phú Nhuận,Biệt thự,Biệt thự/cao cấp,Không rõ,132,4,318181.8181818182
rent,RF + XGBoost Ensemble,39999999.999999985,36535796.05884325,3464203.9411567375,0.08660509852891847,mogi,Quận 10,Phòng/Cho thuê,Phòng trọ,Không rõ,128,4,312500
rent,RF + XGBoost Ensemble,44999999.999999985,64839705.13015582,19839705.13015583,0.4408823362256853,mogi,Quận Bình Thạnh,Biệt thự,Biệt thự/cao cấp,Không rõ,270,8,166666.66666666666
rent,RF + XGBoost Ensemble,79999999.9999996,70906692.14266667,9093307.85733293,0.1136663482166622,mogi,Quận 7,Biệt thự,Biệt thự/cao cấp,Không rõ,324,4,246913.58024691357
rent,RF + XGBoost Ensemble,46999999.99999998,34406068.979998276,12593931.020001702,0.2679559791489725,mogi,Thành phố Thủ Đức,Biệt thự,Biệt thự/cao cấp,Không rõ,110,3,427272.7272727273
rent,RF + XGBoost Ensemble,43999999.99999999,39897563.77724222,4102436.2227577716,0.09323718688085846,mogi,Thành phố Thủ Đức,Phòng/Cho thuê,Tòa nhà/văn phòng/mặt bằng,Không rõ,126,4,349206.34920634923
rent,RF + XGBoost Ensemble,93999999.99999999,86656787.89370972,7343212.106290266,0.0781192777264922,mogi,Thành phố Thủ Đức,Biệt thự,Biệt thự/cao cấp,Không rõ,392,5,239795.91836734695
rent,RF + XGBoost Ensemble,65000000.00000007,48501158.3312663,16498841.668733768,0.2538283333651346,mogi,Thành phố Thủ Đức,Biệt thự,Biệt thự/cao cấp,Không rõ,150,4,433333.3333333333
rent,RF + XGBoost Ensemble,110000000.00000012,66402155.664282985,43597844.335717134,0.39634403941560986,mogi,Thành phố Thủ Đức,Biệt thự,Tòa nhà/văn phòng/mặt bằng,Không rõ,198,5,555555.5555555555
rent,RF + XGBoost Ensemble,55000000.000000075,95244266.79053436,40244266.79053429,0.731713941646077,mogi,Thành phố Thủ Đức,Biệt thự,Biệt thự/cao cấp,Không rõ,500,4,110000
rent,RF + XGBoost Ensemble,37999999.99999996,32058151.01048271,5941848.989517253,0.15636444709255945,mogi,Thành phố Thủ Đức,Biệt thự,Biệt thự/cao cấp,Không rõ,100,4,380000
rent,RF + XGBoost Ensemble,179999999.9999997,145292202.8370739,34707797.16292581,0.19282109534958816,mogi,Thành phố Thủ Đức,Biệt thự,Biệt thự/cao cấp,Không rõ,800,6,225000
rent,RF + XGBoost Ensemble,150000000.00000077,100893034.73471929,49106965.26528148,0.3273797684352082,mogi,Thành phố Thủ Đức,Biệt thự,Biệt thự/cao cấp,Không rõ,499,5,300601.2024048096
rent,RF + XGBoost Ensemble,39999999.999999985,40510019.984702155,510019.9847021699,0.012750499617554253,mogi,Thành phố Thủ Đức,Biệt thự,Biệt thự/cao cấp,Không rõ,130,5,307692.3076923077
rent,RF + XGBoost Ensemble,65000000.00000007,62710953.51654819,2289046.4834518805,0.03521609974541351,mogi,Thành phố Thủ Đức,Biệt thự,Biệt thự/cao cấp,Không rõ,200,5,325000
rent,RF + XGBoost Ensemble,75000000.0000003,68410875.69602826,6589124.303972036,0.0878549907196268,mogi,Thành phố Thủ Đức,Biệt thự,Biệt thự/cao cấp,Không rõ,250,5,300000
rent,RF + XGBoost Ensemble,30000000.00000005,42785707.44957283,12785707.449572783,0.4261902483190921,mogi,Quận 7,Biệt thự,Biệt thự/cao cấp,Không rõ,126,4,238095.2380952381
rent,RF + XGBoost Ensemble,85000000.00000004,86574870.37420785,1574870.3742078096,0.018527886755385987,mogi,Quận 7,Biệt thự,Biệt thự/cao cấp,Không rõ,272,5,312500
rent,RF + XGBoost Ensemble,22000000.000000007,44725850.126117125,22725850.126117118,1.0329931875507776,mogi,Thành phố Thủ Đức,Biệt thự,Biệt thự/cao cấp,Không rõ,176,4,125000
rent,RF + XGBoost Ensemble,139999999.99999934,74428420.47243355,65571579.52756579,0.4683684251969007,mogi,Quận 7,Biệt thự,Biệt thự/cao cấp,Không rõ,418,4,334928.22966507176
rent,RF + XGBoost Ensemble,249999999.99999985,107487018.61312792,142512981.38687193,0.5700519255474881,mogi,Quận 7,Biệt thự,Biệt thự/cao cấp,Không rõ,342,5,730994.1520467836
rent,RF + XGBoost Ensemble,67999999.99999996,50362479.57692607,17637520.423073888,0.25937530033932205,mogi,Quận 7,Biệt thự,Biệt thự/cao cấp,Không rõ,200,4,340000
rent,RF + XGBoost Ensemble,99999999.99999991,79664460.57292111,20335539.4270788,0.20335539427078816,mogi,Quận 7,Biệt thự,Biệt thự/cao cấp,Không rõ,500,4,200000
rent,RF + XGBoost Ensemble,43000000.000000015,62445673.27914845,19445673.279148437,0.4522249599801961,mogi,Quận 7,Biệt thự,Biệt thự/cao cấp,Không rõ,240,5,179166.66666666666
rent,RF + XGBoost Ensemble,44999999.999999985,86588548.35083607,41588548.35083608,0.9241899633519133,mogi,Quận 7,Biệt thự,Biệt thự/cao cấp,Không rõ,400,5,112500
rent,RF + XGBoost Ensemble,40500000.00000005,44587902.2186977,4087902.218697645,0.10093585725179356,mogi,Quận 7,Biệt thự,Biệt thự/cao cấp,Không rõ,220,5,184090.9090909091
rent,RF + XGBoost Ensemble,42000000.00000003,44587902.2186977,2587902.218697667,0.06161671949280156,mogi,Quận 7,Biệt thự,Biệt thự/cao cấp,Không rõ,220,5,190909.0909090909
rent,RF + XGBoost Ensemble,39000000.00000001,44842844.77656168,5842844.77656167,0.1498165327323505,mogi,Quận 7,Biệt thự,Biệt thự/cao cấp,Không rõ,220,5,177272.72727272726
rent,RF + XGBoost Ensemble,39000000.00000001,69341741.76309995,30341741.763099946,0.7779933785410241,mogi,Quận 7,Biệt thự,Biệt thự/cao cấp,Không rõ,300,5,130000
rent,RF + XGBoost Ensemble,44999999.999999985,56579606.636465915,11579606.63646593,0.2573245919214652,mogi,Quận 7,Biệt thự,Biệt thự/cao cấp,Không rõ,256,5,175781.25
rent,RF + XGBoost Ensemble,44999999.999999985,63123702.01612983,18123702.016129844,0.40274893369177445,mogi,Quận 7,Biệt thự,Biệt thự/cao cấp,Không rõ,255,5,176470.58823529413
rent,RF + XGBoost Ensemble,44999999.999999985,55358180.940312855,10358180.94031287,0.2301817986736194,mogi,Quận 7,Biệt thự,Biệt thự/cao cấp,Không rõ,256,5,175781.25
rent,RF + XGBoost Ensemble,71000000.00000009,55358180.940312855,15641819.059687234,0.22030731069981993,mogi,Quận 7,Biệt thự,Biệt thự/cao cấp,Không rõ,256,5,277343.75
rent,RF + XGBoost Ensemble,44999999.999999985,59134570.2059087,14134570.205908716,0.3141015601313049,mogi,Quận 7,Biệt thự,Biệt thự/cao cấp,Không rõ,255,4,176470.58823529413
rent,RF + XGBoost Ensemble,39000000.00000001,74748366.08782488,35748366.08782487,0.9166247714826888,mogi,Quận 7,Biệt thự,Biệt thự/cao cấp,Không rõ,300,5,130000
rent,RF + XGBoost Ensemble,44999999.999999985,75815095.84941144,30815095.849411458,0.6847799077646993,mogi,Thành phố Thủ Đức,Biệt thự,Biệt thự/cao cấp,Không rõ,198,5,227272.7272727273
rent,RF + XGBoost Ensemble,90000000.00000004,77224556.21683809,12775443.783161953,0.14194937536846608,mogi,Quận 7,Biệt thự,Biệt thự/cao cấp,Không rõ,300,4,300000
rent,RF + XGBoost Ensemble,39999999.999999985,52155275.85651244,12155275.856512457,0.30388189641281155,mogi,Quận 7,Biệt thự,Biệt thự/cao cấp,Không rõ,126,4,317460.31746031746
rent,RF + XGBoost Ensemble,44999999.999999985,43142953.49821795,1857046.5017820373,0.04126770003960084,mogi,Quận 7,Biệt thự,Biệt thự/cao cấp,Không rõ,126,4,357142.85714285716
rent,RF + XGBoost Ensemble,39999999.999999985,39660919.70526971,339080.29473027587,0.0084770073682569,mogi,Thành phố Thủ Đức,Biệt thự,Biệt thự/cao cấp,Không rõ,110,3,363636.3636363637
rent,RF + XGBoost Ensemble,55000000.000000075,42203327.225407936,12796672.774592139,0.23266677771985675,mogi,Quận 7,Biệt thự,Biệt thự/cao cấp,Không rõ,126,4,436507.9365079365
rent,RF + XGBoost Ensemble,30000000.00000005,42785707.44957283,12785707.449572783,0.4261902483190921,mogi,Quận 7,Biệt thự,Biệt thự/cao cấp,Không rõ,126,4,238095.2380952381
rent,RF + XGBoost Ensemble,55000000.000000075,50289325.18482485,4710674.815175228,0.08564863300318584,mogi,Quận 7,Biệt thự,Biệt thự/cao cấp,Không rõ,224,4,245535.7142857143
rent,RF + XGBoost Ensemble,72000000.00000012,86614533.40710747,14614533.407107353,0.20297963065426847,mogi,Quận 7,Biệt thự,Biệt thự/cao cấp,Không rõ,280,5,257142.85714285713
rent,RF + XGBoost Ensemble,65000000.00000007,45423615.02413249,19576384.975867577,0.3011751534748855,mogi,Thành phố Thủ Đức,Phòng/Cho thuê,Tòa nhà/văn phòng/mặt bằng,Không rõ,200,4,325000
rent,RF + XGBoost Ensemble,52999999.99999999,58726421.13465817,5726421.13465818,0.10804568178600342,mogi,Thành phố Thủ Đức,Phòng/Cho thuê,Phòng trọ,Không rõ,468,6,113247.86324786324
rent,RF + XGBoost Ensemble,30000000.00000005,52121038.84968366,22121038.84968361,0.7373679616561191,mogi,Thành phố Thủ Đức,Phòng/Cho thuê,Tòa nhà/văn phòng/mặt bằng,Không rõ,310,4,96774.19354838708
rent,RF + XGBoost Ensemble,75000000.0000003,46894318.262055755,28105681.737944543,0.37474242317259243,mogi,Thành phố Thủ Đức,Phòng/Cho thuê,Phòng trọ,Không rõ,398,4,188442.2110552764
rent,RF + XGBoost Ensemble,39999999.999999985,67103672.83743403,27103672.837434046,0.6775918209358514,mogi,Thành phố Thủ Đức,Phòng/Cho thuê,Phòng trọ,Không rõ,410,6,97560.9756097561
rent,RF + XGBoost Ensemble,75000000.0000003,60119657.64002927,14880342.359971032,0.19840456479961296,mogi,Thành phố Thủ Đức,Biệt thự,Biệt thự/cao cấp,Không rõ,270,4,277777.77777777775
rent,RF + XGBoost Ensemble,60000000.0000001,82489011.77344516,22489011.773445062,0.37481686289075045,mogi,Thành phố Thủ Đức,Biệt thự,Biệt thự/cao cấp,Không rõ,260,7,230769.2307692308
rent,RF + XGBoost Ensemble,105000000.00000018,106973550.35515283,1973550.3551526517,0.01879571766812046,mogi,Thành phố Thủ Đức,Biệt thự,Biệt thự/cao cấp,Không rõ,500,5,210000
rent,RF + XGBoost Ensemble,249999999.99999985,211889425.01485533,38110574.985144526,0.1524422999405782,mogi,Thành phố Thủ Đức,Biệt thự,Tòa nhà/văn phòng/mặt bằng,Không rõ,1500,0,166666.66666666666
rent,RF + XGBoost Ensemble,60000000.0000001,63803691.13400683,3803691.134006731,0.06339485223344542,mogi,Thành phố Thủ Đức,Biệt thự,Biệt thự/cao cấp,Không rõ,300,4,200000
rent,RF + XGBoost Ensemble,44999999.999999985,53990817.81656673,8990817.816566743,0.19979595147926102,mogi,Thành phố Thủ Đức,Phòng/Cho thuê,Tòa nhà/văn phòng/mặt bằng,Không rõ,450,5,100000
rent,RF + XGBoost Ensemble,134999999.99999994,109213328.2298782,25786671.77012174,0.19101238348238334,mogi,Thành phố Thủ Đức,Biệt thự,Biệt thự/cao cấp,Không rõ,600,4,225000
rent,RF + XGBoost Ensemble,35000000.000000015,41383487.26653419,6383487.266534172,0.18238535047240484,mogi,Thành phố Thủ Đức,Phòng/Cho thuê,Tòa nhà/văn phòng/mặt bằng,Không rõ,377,4,92838.19628647214
rent,RF + XGBoost Ensemble,44999999.999999985,40098968.18449447,4901031.815505512,0.10891181812234475,mogi,Thành phố Thủ Đức,Phòng/Cho thuê,Phòng trọ,Không rõ,225,4,200000
rent,RF + XGBoost Ensemble,99999999.99999991,64355053.66203615,35644946.33796376,0.3564494633796379,mogi,Thành phố Thủ Đức,Phòng/Cho thuê,Tòa nhà/văn phòng/mặt bằng,Không rõ,500,4,200000
rent,RF + XGBoost Ensemble,105000000.00000018,94956865.72825201,10043134.27174817,0.09564889782617289,mogi,Thành phố Thủ Đức,Biệt thự,Biệt thự/cao cấp,Không rõ,500,4,210000
rent,RF + XGBoost Ensemble,57999999.99999995,49985611.17420552,8014388.825794429,0.13817911768611096,mogi,Thành phố Thủ Đức,Phòng/Cho thuê,Phòng trọ,Không rõ,240,5,241666.66666666663
rent,RF + XGBoost Ensemble,50000000.00000009,119898560.24525473,69898560.24525464,1.3979712049050903,mogi,Thành phố Thủ Đức,Biệt thự,Biệt thự/cao cấp,Không rõ,450,2,111111.11111111112
rent,RF + XGBoost Ensemble,35000000.000000015,51077405.41622283,16077405.416222818,0.4593544404635089,mogi,Thành phố Thủ Đức,Phòng/Cho thuê,Tòa nhà/văn phòng/mặt bằng,Không rõ,378,5,92592.5925925926
rent,RF + XGBoost Ensemble,51999999.99999991,44051910.56639982,7948089.43360009,0.15284787372307893,mogi,Thành phố Thủ Đức,Phòng/Cho thuê,Phòng trọ,Không rõ,200,4,260000
rent,RF + XGBoost Ensemble,35000000.000000015,37226059.90202436,2226059.9020243436,0.06360171148640979,mogi,Quận Bình Thạnh,Biệt thự,Biệt thự/cao cấp,Không rõ,112,5,312500
rent,RF + XGBoost Ensemble,44999999.999999985,48900988.50996942,3900988.5099694356,0.08668863355487638,mogi,Quận 7,Biệt thự,Biệt thự/cao cấp,Không rõ,126,4,357142.85714285716
rent,RF + XGBoost Ensemble,63000000.000000075,42785707.44957283,20214292.550427243,0.32086178651471775,mogi,Quận 7,Biệt thự,Biệt thự/cao cấp,Không rõ,126,4,500000
rent,RF + XGBoost Ensemble,94999999.99999987,72373661.22407025,22626338.775929615,0.23817198711504892,mogi,Thành phố Thủ Đức,Biệt thự,Biệt thự/cao cấp,Không rõ,230,4,413043.4782608696
rent,RF + XGBoost Ensemble,55000000.000000075,75274450.96005066,20274450.960050583,0.36862638109182827,mogi,Quận 7,Biệt thự,Biệt thự/cao cấp,Không rõ,330,4,166666.66666666666
rent,RF + XGBoost Ensemble,86999999.99999994,82473733.0332845,4526266.96671544,0.052026057088683256,mogi,Quận 7,Biệt thự,Biệt thự/cao cấp,Không rõ,288,3,302083.3333333333
rent,RF + XGBoost Ensemble,75000000.0000003,58498805.87612165,16501194.12387865,0.22001592165171446,mogi,Thành phố Thủ Đức,Biệt thự,Biệt thự/cao cấp,Không rõ,250,4,300000
rent,RF + XGBoost Ensemble,79999999.9999996,86587523.24324943,6587523.243249834,0.08234404054062333,mogi,Thành phố Thủ Đức,Biệt thự,Biệt thự/cao cấp,Không rõ,400,4,200000
rent,RF + XGBoost Ensemble,193499999.99999988,90075305.71529011,103424694.28470977,0.5344945441070276,mogi,Thành phố Thủ Đức,Biệt thự,Biệt thự/cao cấp,Không rõ,400,5,483750
rent,RF + XGBoost Ensemble,44999999.999999985,64692006.13840855,19692006.138408564,0.43760013640907935,mogi,Thành phố Thủ Đức,Biệt thự,Biệt thự/cao cấp,Không rõ,243,0,185185.1851851852
rent,RF + XGBoost Ensemble,35000000.000000015,49869640.30913206,14869640.309132047,0.42484686597520116,mogi,Thành phố Thủ Đức,Biệt thự,Biệt thự/cao cấp,Không rõ,250,0,140000
rent,RF + XGBoost Ensemble,37999999.99999996,33782267.64258489,4217732.357415073,0.11099295677408097,mogi,Quận Tân Bình,Biệt thự,Biệt thự/cao cấp,Không rõ,140,5,271428.5714285714
rent,RF + XGBoost Ensemble,69999999.99999967,43002769.162130125,26997230.837869547,0.38567472625528104,mogi,Quận Phú Nhuận,Biệt thự,Biệt thự/cao cấp,Không rõ,128,4,546875
rent,RF + XGBoost Ensemble,36999999.99999993,32918517.895109497,4081482.104890436,0.11031032715920117,mogi,Thành phố Thủ Đức,Biệt thự,Biệt thự/cao cấp,Không rõ,100,5,370000
rent,RF + XGBoost Ensemble,119999999.9999999,83878826.0116284,36121173.98837149,0.30100978323642935,mogi,Quận Tân Bình,Biệt thự,Biệt thự/cao cấp,Không rõ,540,6,222222.22222222225
rent,RF + XGBoost Ensemble,27999999.99999999,35132667.618252575,7132667.618252587,0.25473812922330674,mogi,Quận 7,Biệt thự,Biệt thự/cao cấp,Không rõ,108,4,259259.25925925927
rent,RF + XGBoost Ensemble,50000000.00000009,35657613.152740225,14342386.847259864,0.2868477369451968,mogi,Quận Tân Phú,Biệt thự,Biệt thự/cao cấp,Không rõ,198,3,252525.25252525252
rent,RF + XGBoost Ensemble,50000000.00000009,42785093.35314023,7214906.646859862,0.14429813293719698,mogi,Quận Phú Nhuận,Biệt thự,Biệt thự/cao cấp,Không rõ,220,3,227272.7272727273
rent,RF + XGBoost Ensemble,249999999.99999985,126585418.62315264,123414581.37684721,0.49365832550738914,mogi,Thành phố Thủ Đức,Biệt thự,Tòa nhà/văn phòng/mặt bằng,Không rõ,640,6,390625
rent,RF + XGBoost Ensemble,270000000.0000003,216059732.69341135,53940267.30658895,0.19977876780218107,mogi,Quận 1,Biệt thự,Biệt thự/cao cấp,Không rõ,600,8,450000
rent,RF + XGBoost Ensemble,159999999.99999982,84788970.15488109,75211029.84511873,0.4700689365319926,mogi,Quận 7,Biệt thự,Biệt thự/cao cấp,Không rõ,280,4,571428.5714285715
rent,RF + XGBoost Ensemble,79999999.9999996,87501675.86317964,7501675.863180041,0.093770948289751,mogi,Quận 7,Biệt thự,Biệt thự/cao cấp,Không rõ,400,5,200000
rent,RF + XGBoost Ensemble,108000000.00000006,87085877.05281724,20914122.94718282,0.19364928654798896,mogi,Quận 7,Biệt thự,Biệt thự/cao cấp,Không rõ,280,4,385714.28571428574
rent,RF + XGBoost Ensemble,124999000.00000015,91114618.18244995,33884381.8175502,0.2710772231581865,mogi,Quận 7,Biệt thự,Biệt thự/cao cấp,Không rõ,352,4,355110.79545454547
rent,RF + XGBoost Ensemble,24999999.999999963,24459316.07893566,540683.9210643023,0.021627356842572124,mogi,Huyện Nhà Bè,Biệt thự,Biệt thự/cao cấp,Không rõ,97,4,257731.95876288656
rent,RF + XGBoost Ensemble,178500000.00000024,55520636.01591634,122979363.98408389,0.6889600223197968,mogi,Thành phố Thủ Đức,Phòng/Cho thuê,Phòng trọ,Không rõ,400,5,446250
rent,RF + XGBoost Ensemble,44999999.999999985,44632481.4404098,367518.5595901832,0.008167079102004074,mogi,Quận 10,Biệt thự,Biệt thự/cao cấp,Không rõ,126,6,357142.85714285716
rent,RF + XGBoost Ensemble,69999999.99999967,83404474.71292001,13404474.712920338,0.19149249589886286,mogi,Thành phố Thủ Đức,Biệt thự,Biệt thự/cao cấp,Không rõ,356,0,196629.21348314607
rent,RF + XGBoost Ensemble,69999999.99999967,46774332.846572116,23225667.153427556,0.3317952450489666,mogi,Thành phố Thủ Đức,Biệt thự,Biệt thự/cao cấp,Không rõ,140,5,500000
rent,RF + XGBoost Ensemble,101999999.99999961,116011902.61051004,14011902.610510424,0.13737159422069095,mogi,Thành phố Thủ Đức,Biệt thự,Đất/đất nền,Không rõ,400,5,255000
rent,RF + XGBoost Ensemble,98999999.99999982,73511224.85758254,25488775.142417282,0.2574623751759326,mogi,Thành phố Thủ Đức,Biệt thự,Biệt thự/cao cấp,Không rõ,230,4,430434.7826086957
rent,RF + XGBoost Ensemble,40999999.999999985,45110121.26896654,4110121.2689665556,0.10024686021869651,mogi,Quận 7,Biệt thự,Biệt thự/cao cấp,Không rõ,126,4,325396.8253968254
rent,RF + XGBoost Ensemble,35000000.000000015,35624019.44741947,624019.4474194571,0.01782912706912734,mogi,Quận 7,Biệt thự,Biệt thự/cao cấp,Không rõ,126,3,277777.77777777775
rent,RF + XGBoost Ensemble,35000000.000000015,39513410.65738042,4513410.657380402,0.12895459021086858,mogi,Quận 7,Biệt thự,Biệt thự/cao cấp,Không rõ,126,4,277777.77777777775
rent,RF + XGBoost Ensemble,60000000.0000001,86361546.80665812,26361546.806658022,0.4393591134442997,mogi,Thành phố Thủ Đức,Biệt thự,Biệt thự/cao cấp,Không rõ,400,3,150000
rent,RF + XGBoost Ensemble,88499999.99999978,110157921.76499413,21657921.764994353,0.24472227983044528,mogi,Thành phố Thủ Đức,Biệt thự,Biệt thự/cao cấp,Không rõ,500,5,177000
rent,RF + XGBoost Ensemble,50000000.00000009,60581370.54086993,10581370.54086984,0.21162741081739642,mogi,Thành phố Thủ Đức,Phòng/Cho thuê,Phòng trọ,Không rõ,450,5,111111.11111111112
rent,RF + XGBoost Ensemble,60000000.0000001,45652961.0780931,14347038.921907,0.2391173153651163,mogi,Thành phố Thủ Đức,Phòng/Cho thuê,Phòng trọ,Không rõ,450,4,133333.33333333334
rent,RF + XGBoost Ensemble,44999999.999999985,71210070.65652904,26210070.656529054,0.5824460145895347,mogi,Thành phố Thủ Đức,Biệt thự,Biệt thự/cao cấp,Không rõ,450,4,100000
rent,RF + XGBoost Ensemble,56000000.00000003,51191965.92206497,4808034.077935062,0.08585775139169749,mogi,Thành phố Thủ Đức,Phòng/Cho thuê,Tòa nhà/văn phòng/mặt bằng,Không rõ,400,4,140000
rent,RF + XGBoost Ensemble,39000000.00000001,73423529.7312008,34423529.73120079,0.8826546084923278,mogi,Thành phố Thủ Đức,Biệt thự,Biệt thự/cao cấp,Không rõ,400,4,97500
rent,RF + XGBoost Ensemble,39999000.00000002,71804741.65460517,31805741.654605143,0.7951634204506394,mogi,Thành phố Thủ Đức,Biệt thự,Biệt thự/cao cấp,Không rõ,450,4,88886.66666666667
rent,RF + XGBoost Ensemble,30000000.00000005,63396766.41293883,33396766.412938785,1.1132255470979577,mogi,Thành phố Thủ Đức,Biệt thự,Biệt thự/cao cấp,Không rõ,350,4,85714.28571428571
rent,RF + XGBoost Ensemble,103000000.00000004,63010108.51619465,39989891.483805396,0.38825137362917844,mogi,Thành phố Thủ Đức,Phòng/Cho thuê,Phòng trọ,Không rõ,500,4,206000
rent,RF + XGBoost Ensemble,37999999.99999996,66418799.75633272,28418799.756332755,0.7478631514824416,mogi,Thành phố Thủ Đức,Biệt thự,Biệt thự/cao cấp,Không rõ,350,4,108571.42857142857
rent,RF + XGBoost Ensemble,85000000.00000004,98054822.29487324,13054822.294873193,0.15358614464556689,mogi,Thành phố Thủ Đức,Biệt thự,Biệt thự/cao cấp,Không rõ,550,4,154545.45454545456
rent,RF + XGBoost Ensemble,139999999.99999934,118185768.13495208,21814231.86504726,0.15581594189319545,mogi,Thành phố Thủ Đức,Biệt thự,Biệt thự/cao cấp,Không rõ,600,5,233333.33333333337
rent,RF + XGBoost Ensemble,90000000.00000004,90904546.66185957,904546.6618595272,0.010050518465105853,mogi,Thành phố Thủ Đức,Biệt thự,Biệt thự/cao cấp,Không rõ,500,4,180000
rent,RF + XGBoost Ensemble,69000000.00000018,101252382.13983645,32252382.139836267,0.46742582811356786,mogi,Thành phố Thủ Đức,Biệt thự,Biệt thự/cao cấp,Không rõ,600,4,115000
rent,RF + XGBoost Ensemble,24999999.999999963,43774196.19567434,18774196.195674375,0.7509678478269761,mogi,Thành phố Thủ Đức,Phòng/Cho thuê,Phòng trọ,Không rõ,240,4,104166.66666666669
rent,RF + XGBoost Ensemble,62000000.000000045,73423529.7312008,11423529.731200755,0.18425047953549592,mogi,Thành phố Thủ Đức,Biệt thự,Biệt thự/cao cấp,Không rõ,400,4,155000
rent,RF + XGBoost Ensemble,105000000.00000018,106743863.91793935,1743863.9179391712,0.01660822778989684,mogi,Thành phố Thủ Đức,Biệt thự,Biệt thự/cao cấp,Không rõ,600,4,175000
rent,RF + XGBoost Ensemble,35000000.000000015,64301898.504566,29301898.504565984,0.8371971001304563,mogi,Thành phố Thủ Đức,Phòng/Cho thuê,Tòa nhà/văn phòng/mặt bằng,Không rõ,450,4,77777.77777777778
rent,RF + XGBoost Ensemble,69999999.99999967,42474000.1640425,27525999.83595717,0.3932285690851043,mogi,Quận Bình Thạnh,Biệt thự,Tòa nhà/văn phòng/mặt bằng,Không rõ,144,5,486111.1111111111
rent,RF + XGBoost Ensemble,57000000.000000045,39931480.72146789,17068519.278532155,0.29944770664091475,mogi,Quận Bình Thạnh,Biệt thự,Biệt thự/cao cấp,Không rõ,136,3,419117.6470588235
rent,RF + XGBoost Ensemble,79999999.9999996,81844676.46571,1844676.4657104015,0.023058455821380136,mogi,Quận 7,Biệt thự,Biệt thự/cao cấp,Không rõ,310,5,258064.51612903227
rent,RF + XGBoost Ensemble,39999999.999999985,42529675.09913875,2529675.0991387665,0.06324187747846918,mogi,Quận 7,Biệt thự,Biệt thự/cao cấp,Không rõ,165,4,242424.24242424243
rent,RF + XGBoost Ensemble,35000000.000000015,48776915.794759795,13776915.79475978,0.393626165564565,mogi,Quận 7,Biệt thự,Biệt thự/cao cấp,Không rõ,200,4,175000
rent,RF + XGBoost Ensemble,79999999.9999996,73038981.73709132,6961018.26290828,0.08701272828635394,mogi,Quận 7,Biệt thự,Biệt thự/cao cấp,Không rõ,330,4,242424.24242424243
rent,RF + XGBoost Ensemble,39999999.999999985,42318544.19501892,2318544.195018932,0.05796360487547333,mogi,Quận 7,Biệt thự,Biệt thự/cao cấp,Không rõ,126,5,317460.31746031746
rent,RF + XGBoost Ensemble,39999999.999999985,45557451.06564229,5557451.065642305,0.13893627664105768,mogi,Quận 7,Biệt thự,Biệt thự/cao cấp,Không rõ,144,4,277777.77777777775
rent,RF + XGBoost Ensemble,169999999.99999988,82138467.9393636,87861532.06063628,0.5168325415331549,mogi,Quận 7,Biệt thự,Biệt thự/cao cấp,Không rõ,280,5,607142.8571428572
rent,RF + XGBoost Ensemble,79999999.9999996,80287109.25999145,287109.25999185443,0.0035888657498981983,mogi,Quận 7,Biệt thự,Biệt thự/cao cấp,Không rõ,308,4,259740.25974025973
rent,RF + XGBoost Ensemble,37999999.99999996,42318544.19501892,4318544.195018955,0.11364589986891997,mogi,Quận 7,Biệt thự,Biệt thự/cao cấp,Không rõ,126,5,301587.3015873016
rent,RF + XGBoost Ensemble,69999999.99999967,71986177.23865111,1986177.2386514395,0.028373960552163555,mogi,Quận 7,Phòng/Cho thuê,Phòng trọ,Không rõ,280,5,250000
rent,RF + XGBoost Ensemble,63000000.000000075,47134960.10609021,15865039.893909864,0.25182603006206106,mogi,Quận 7,Biệt thự,Biệt thự/cao cấp,Không rõ,144,4,437500
rent,RF + XGBoost Ensemble,98999999.99999982,65114304.71666038,33885695.28333944,0.34227975033676267,mogi,Thành phố Thủ Đức,Phòng/Cho thuê,Tòa nhà/văn phòng/mặt bằng,Không rõ,230,4,430434.7826086957
rent,RF + XGBoost Ensemble,119999999.9999999,242827652.4208799,122827652.42088,1.023563770174001,mogi,Thành phố Thủ Đức,Biệt thự,Biệt thự/cao cấp,Không rõ,1200,5,100000
rent,RF + XGBoost Ensemble,119999999.9999999,120896492.14982948,896492.1498295814,0.007470767915246518,mogi,Quận 1,Biệt thự,Biệt thự/cao cấp,Không rõ,250,3,480000
rent,RF + XGBoost Ensemble,200000000.0000001,173022149.64609334,26977850.35390675,0.1348892517695337,mogi,Quận 1,"Văn phòng, Mặt bằng kinh doanh",Tòa nhà/văn phòng/mặt bằng,Không rõ,357,4,560224.0896358544
rent,RF + XGBoost Ensemble,150000000.00000077,125688758.84786618,24311241.152134597,0.1620749410142298,mogi,Thành phố Thủ Đức,Biệt thự,Biệt thự/cao cấp,Không rõ,400,6,375000
rent,RF + XGBoost Ensemble,50000000.00000009,99296569.55966532,49296569.55966523,0.9859313911933029,mogi,Thành phố Thủ Đức,Biệt thự,Biệt thự/cao cấp,Không rõ,300,6,166666.66666666666
rent,RF + XGBoost Ensemble,85000000.00000004,94531177.15583606,9531177.155836016,0.11213149595101189,mogi,Quận 3,Biệt thự,Biệt thự/cao cấp,Không rõ,275,3,309090.9090909091
rent,RF + XGBoost Ensemble,200000000.0000001,86083457.20516117,113916542.79483892,0.5695827139741944,mogi,Thành phố Thủ Đức,Biệt thự,Biệt thự/cao cấp,Không rõ,300,5,666666.6666666666
rent,RF + XGBoost Ensemble,30000000.00000005,38724780.63954847,8724780.639548425,0.29082602131828034,mogi,Quận Bình Thạnh,Biệt thự,Biệt thự/cao cấp,Không rõ,160,5,187500
rent,RF + XGBoost Ensemble,43000000.000000015,45007800.136151806,2007800.1361517906,0.04669302642213465,mogi,Quận Bình Thạnh,Biệt thự,Biệt thự/cao cấp,Không rõ,180,5,238888.88888888888
rent,RF + XGBoost Ensemble,21950000,43503285.0826039,21553285.0826039,0.9819264274534807,mogi,Thành phố Thủ Đức,Biệt thự,Biệt thự/cao cấp,Không rõ,160,3,137187.5
rent,RF + XGBoost Ensemble,55000000.000000075,38784077.111991026,16215922.888009049,0.29483496160016415,mogi,Quận 10,Biệt thự,Biệt thự/cao cấp,Không rõ,105,7,523809.5238095238
rent,RF + XGBoost Ensemble,33000000.000000015,42714851.55111324,9714851.551113226,0.2943894409428249,mogi,Quận 7,Biệt thự,Biệt thự/cao cấp,Không rõ,126,3,261904.7619047619
rent,RF + XGBoost Ensemble,125000000.0000002,121436911.60491969,3563088.395080507,0.02850470716064401,mogi,Thành phố Thủ Đức,Biệt thự,Biệt thự/cao cấp,Không rõ,850,4,147058.82352941178
rent,RF + XGBoost Ensemble,44999999.999999985,35653192.216331534,9346807.783668451,0.20770683963707676,mogi,Quận 12,Biệt thự,Biệt thự/cao cấp,Không rõ,160,8,281250
rent,RF + XGBoost Ensemble,75000000.0000003,65965502.368688256,9034497.631312042,0.12045996841749342,mogi,Thành phố Thủ Đức,Biệt thự,Biệt thự/cao cấp,Không rõ,240,3,312500
rent,RF + XGBoost Ensemble,79999999.9999996,86871985.05025253,6871985.050252929,0.08589981312816204,mogi,Thành phố Thủ Đức,Biệt thự,Tòa nhà/văn phòng/mặt bằng,Không rõ,300,5,266666.6666666667
rent,RF + XGBoost Ensemble,72999999.99999994,69627572.73346469,3372427.2665352523,0.04619763378815418,mogi,Quận 7,Biệt thự,Biệt thự/cao cấp,Không rõ,300,3,243333.33333333337
rent,RF + XGBoost Ensemble,85000000.00000004,83778969.02006264,1221030.9799374044,0.01436507035220475,mogi,Quận 7,Biệt thự,Biệt thự/cao cấp,Không rõ,360,4,236111.11111111112
rent,RF + XGBoost Ensemble,125000000.0000002,78533483.91010183,46466516.08989836,0.3717321287191863,mogi,Quận 7,Biệt thự,Biệt thự/cao cấp,Không rõ,300,4,416666.6666666667
rent,RF + XGBoost Ensemble,30000000.00000005,41042887.02480362,11042887.024803575,0.36809623416011855,mogi,Quận 7,Biệt thự,Biệt thự/cao cấp,Không rõ,126,4,238095.2380952381
rent,RF + XGBoost Ensemble,90000000.00000004,77018373.50376636,12981626.496233687,0.14424029440259645,mogi,Quận 7,Biệt thự,Biệt thự/cao cấp,Không rõ,317,4,283911.67192429025
rent,RF + XGBoost Ensemble,50000000.00000009,40899695.73103618,9100304.26896391,0.1820060853792779,mogi,Quận 7,Biệt thự,Biệt thự/cao cấp,Không rõ,130,3,384615.3846153846
rent,RF + XGBoost Ensemble,50000000.00000009,52488694.66457871,2488694.664578624,0.04977389329157239,mogi,Quận 7,Biệt thự,Biệt thự/cao cấp,Không rõ,200,4,250000
rent,RF + XGBoost Ensemble,53999999.99999998,42470376.69488202,11529623.305117957,0.21351154268736966,mogi,Quận 7,Biệt thự,Biệt thự/cao cấp,Không rõ,111,5,486486.4864864865
rent,RF + XGBoost Ensemble,119999999.9999999,86956358.00808448,33043641.99191542,0.27536368326596206,mogi,Thành phố Thủ Đức,Phòng/Cho thuê,Tòa nhà/văn phòng/mặt bằng,Không rõ,600,5,200000
rent,RF + XGBoost Ensemble,381810000.00000036,243529822.46588704,138280177.53411332,0.36217013052071234,mogi,Thành phố Thủ Đức,Biệt thự,Biệt thự/cao cấp,Không rõ,990,8,385666.6666666667
rent,RF + XGBoost Ensemble,200000000.0000001,211658357.8995285,11658357.899528414,0.05829178949764204,mogi,Thành phố Thủ Đức,Biệt thự,Biệt thự/cao cấp,Không rõ,1000,7,200000
rent,RF + XGBoost Ensemble,39999999.999999985,47279175.08329616,7279175.083296172,0.1819793770824044,mogi,Thành phố Thủ Đức,Biệt thự,Biệt thự/cao cấp,Không rõ,150,4,266666.6666666667
rent,RF + XGBoost Ensemble,190000000.00000027,269039273.6348904,79039273.63489011,0.4159961770257368,mogi,Thành phố Thủ Đức,Biệt thự,Biệt thự/cao cấp,Không rõ,1700,6,111764.70588235294
rent,RF + XGBoost Ensemble,94999999.99999987,88799731.58658685,6200268.413413018,0.06526598329908449,mogi,Thành phố Thủ Đức,Biệt thự,Biệt thự/cao cấp,Không rõ,300,5,316666.6666666667
rent,RF + XGBoost Ensemble,125000000.0000002,73014637.64303236,51985362.35696784,0.41588289885574203,mogi,Thành phố Thủ Đức,Biệt thự,Biệt thự/cao cấp,Không rõ,294,4,425170.0680272109
rent,RF + XGBoost Ensemble,55000000.000000075,62649857.57433296,7649857.574332885,0.139088319533325,mogi,Thành phố Thủ Đức,Biệt thự,Biệt thự/cao cấp,Không rõ,210,6,261904.7619047619
rent,RF + XGBoost Ensemble,99999999.99999991,93342857.61332774,6657142.386672169,0.06657142386672175,mogi,Thành phố Thủ Đức,Biệt thự,Biệt thự/cao cấp,Không rõ,300,5,333333.3333333333
rent,RF + XGBoost Ensemble,39999999.999999985,39926193.99415879,73806.00584119558,0.0018451501460298903,mogi,Thành phố Thủ Đức,Biệt thự,Biệt thự/cao cấp,Không rõ,110,3,363636.3636363637
rent,RF + XGBoost Ensemble,15000000.00000001,32918517.895109497,17918517.89510949,1.1945678596739653,mogi,Thành phố Thủ Đức,Biệt thự,Biệt thự/cao cấp,Không rõ,100,5,150000
rent,RF + XGBoost Ensemble,24999999.999999963,37089894.42242814,12089894.422428176,0.48359577689712774,mogi,Thành phố Thủ Đức,Biệt thự,Biệt thự/cao cấp,Không rõ,100,4,250000
rent,RF + XGBoost Ensemble,25899999.999999993,24129493.111979727,1770506.8880202658,0.06835933930580179,mogi,Quận Tân Bình,Phòng/Cho thuê,Tòa nhà/văn phòng/mặt bằng,Không rõ,95,4,272631.5789473684
rent,RF + XGBoost Ensemble,69999999.99999967,49004242.74059743,20995757.259402245,0.29993938942003345,mogi,Thành phố Thủ Đức,Biệt thự,Biệt thự/cao cấp,Không rõ,140,8,500000
rent,RF + XGBoost Ensemble,90000000.00000004,89827019.85981439,172980.14018565416,0.0019220015576183786,mogi,Thành phố Thủ Đức,Biệt thự,Biệt thự/cao cấp,Không rõ,530,4,169811.320754717
rent,RF + XGBoost Ensemble,99999999.99999991,72923258.06836349,27076741.931636423,0.27076741931636444,mogi,Thành phố Thủ Đức,Biệt thự,Biệt thự/cao cấp,Không rõ,300,4,333333.3333333333
rent,RF + XGBoost Ensemble,20000000.000000015,32668663.37523329,12668663.375233274,0.6334331687616632,mogi,Thành phố Thủ Đức,Biệt thự,Biệt thự/cao cấp,Không rõ,100,5,200000
rent,RF + XGBoost Ensemble,65000000.00000007,55433589.07111468,9566410.928885385,0.1471755527520827,mogi,Quận Gò Vấp,Biệt thự,Biệt thự/cao cấp,Không rõ,200,6,325000
rent,RF + XGBoost Ensemble,39999999.999999985,35678760.10207501,4321239.897924975,0.1080309974481244,mogi,Quận Gò Vấp,Biệt thự,Biệt thự/cao cấp,Không rõ,100,8,400000
rent,RF + XGBoost Ensemble,20000000.000000015,18468686.930117242,1531313.0698827729,0.07656565349413859,mogi,Quận Gò Vấp,Biệt thự,Biệt thự/cao cấp,Không rõ,68,5,294117.64705882355
rent,RF + XGBoost Ensemble,22999999.999999974,26929938.395010337,3929938.3950103633,0.1708668867395812,mogi,Quận Gò Vấp,Biệt thự,Biệt thự/cao cấp,Không rõ,100,5,230000
rent,RF + XGBoost Ensemble,39999999.999999985,42227681.73721249,2227681.7372125015,0.05569204343031256,mogi,Quận Gò Vấp,Biệt thự,Biệt thự/cao cấp,Không rõ,160,7,250000
rent,RF + XGBoost Ensemble,30000000.00000005,36159796.37446808,6159796.374468032,0.20532654581560075,mogi,Quận Gò Vấp,Biệt thự,Biệt thự/cao cấp,Không rõ,120,6,250000
rent,RF + XGBoost Ensemble,35000000.000000015,30359029.204608418,4640970.795391597,0.132599165582617,mogi,Quận Gò Vấp,Biệt thự,Biệt thự/cao cấp,Không rõ,100,5,350000
rent,RF + XGBoost Ensemble,119999999.9999999,53009166.49194175,66990833.508058146,0.558256945900485,mogi,Quận Gò Vấp,Biệt thự,Biệt thự/cao cấp,Không rõ,220,8,545454.5454545454
rent,RF + XGBoost Ensemble,35000000.000000015,32586975.396673683,2413024.603326332,0.06894356009503802,mogi,Quận Gò Vấp,Biệt thự,Biệt thự/cao cấp,Không rõ,100,6,350000
rent,RF + XGBoost Ensemble,39999999.999999985,42163117.87088288,2163117.8708828986,0.054077946772072484,mogi,Quận Bình Tân,Biệt thự,Biệt thự/cao cấp,Không rõ,200,5,200000
rent,RF + XGBoost Ensemble,57999999.99999995,71700147.62878749,13700147.62878754,0.23620944187564746,mogi,Quận 7,Biệt thự,Biệt thự/cao cấp,Không rõ,272,4,213235.29411764705
rent,RF + XGBoost Ensemble,50000000.00000009,47525973.01917032,2474026.980829768,0.04948053961659527,mogi,Quận Bình Tân,Biệt thự,Biệt thự/cao cấp,Không rõ,200,5,250000
rent,RF + XGBoost Ensemble,174999999.99999973,100006091.71270022,74993908.28729951,0.42853661878456933,mogi,Quận 1,Biệt thự,Biệt thự/cao cấp,Không rõ,300,4,583333.3333333334
rent,RF + XGBoost Ensemble,117000000.00000016,80621021.6434547,36378978.35654546,0.3109314389448326,mogi,Thành phố Thủ Đức,Biệt thự,Biệt thự/cao cấp,Không rõ,430,5,272093.0232558139
rent,RF + XGBoost Ensemble,150000000.00000077,84850550.72488177,65149449.27511901,0.43432966183412447,mogi,Thành phố Thủ Đức,Biệt thự,Biệt thự/cao cấp,Không rõ,333,4,450450.4504504505
rent,RF + XGBoost Ensemble,75000000.0000003,100298531.77782135,25298531.77782105,0.3373137570376126,mogi,Thành phố Thủ Đức,Biệt thự,Biệt thự/cao cấp,Không rõ,300,6,250000
rent,RF + XGBoost Ensemble,30000000.00000005,75389569.89345375,45389569.8934537,1.512985663115121,mogi,Thành phố Thủ Đức,Biệt thự,Biệt thự/cao cấp,Không rõ,300,4,100000
rent,RF + XGBoost Ensemble,75000000.0000003,94932545.1621468,19932545.16214651,0.26576726882861906,mogi,Quận 3,"Văn phòng, Mặt bằng kinh doanh",Tòa nhà/văn phòng/mặt bằng,Không rõ,250,5,300000
rent,RF + XGBoost Ensemble,179999999.9999997,175033800.17102003,4966199.828979671,0.027589999049887105,mogi,Quận 1,Biệt thự,Biệt thự/cao cấp,Không rõ,600,9,300000
rent,RF + XGBoost Ensemble,60000000.0000001,48805322.922574624,11194677.077425472,0.18657795129042423,mogi,Quận 7,Biệt thự,Biệt thự/cao cấp,Không rõ,138,4,434782.60869565216
rent,RF + XGBoost Ensemble,90000000.00000004,75214461.66731477,14785538.332685277,0.16428375925205854,mogi,Quận 7,Biệt thự,Biệt thự/cao cấp,Không rõ,330,4,272727.2727272727
rent,RF + XGBoost Ensemble,39999999.999999985,52124493.69069953,12124493.690699548,0.3031123422674888,mogi,Quận 7,Biệt thự,Biệt thự/cao cấp,Không rõ,175,4,228571.42857142855
rent,RF + XGBoost Ensemble,50000000.00000009,65307631.03275015,15307631.032750063,0.3061526206550007,mogi,Thành phố Thủ Đức,Biệt thự,Biệt thự/cao cấp,Không rõ,250,5,200000
rent,RF + XGBoost Ensemble,75000000.0000003,41957903.9446709,33042096.055329397,0.44056128073772355,mogi,Thành phố Thủ Đức,Biệt thự,Biệt thự/cao cấp,Không rõ,140,6,535714.2857142857
rent,RF + XGBoost Ensemble,79999999.9999996,87276639.21542674,7276639.215427145,0.09095799019283977,mogi,Thành phố Thủ Đức,Biệt thự,Biệt thự/cao cấp,Không rõ,500,4,160000
rent,RF + XGBoost Ensemble,60000000.0000001,48198924.7072339,11801075.292766199,0.19668458821276966,mogi,Thành phố Thủ Đức,Phòng/Cho thuê,Phòng trọ,Không rõ,300,4,200000
rent,RF + XGBoost Ensemble,99999999.99999991,48534132.04559591,51465867.954404004,0.5146586795440405,mogi,Thành phố Thủ Đức,Phòng/Cho thuê,Phòng trọ,Không rõ,300,4,333333.3333333333
rent,RF + XGBoost Ensemble,69999999.99999967,46324474.40560338,23675525.594396293,0.3382217942056629,mogi,Quận 1,Biệt thự,Biệt thự/cao cấp,Không rõ,90,2,777777.7777777778
rent,RF + XGBoost Ensemble,85000000.00000004,31805833.88823815,53194166.1117619,0.6258137189619043,mogi,Quận Phú Nhuận,Biệt thự,Biệt thự/cao cấp,Không rõ,112,4,758928.5714285715
rent,RF + XGBoost Ensemble,125000000.0000002,82092676.12445839,42907323.875541806,0.3432585910043339,mogi,Quận 7,Phòng/Cho thuê,Phòng trọ,Không rõ,400,5,312500
rent,RF + XGBoost Ensemble,90000000.00000004,114390708.12110806,24390708.12110801,0.2710078680123111,mogi,Thành phố Thủ Đức,Biệt thự,Biệt thự/cao cấp,Không rõ,600,6,150000
rent,RF + XGBoost Ensemble,44999999.999999985,76749737.14694431,31749737.14694433,0.7055497143765409,mogi,Thành phố Thủ Đức,Biệt thự,Biệt thự/cao cấp,Không rõ,300,4,150000
rent,RF + XGBoost Ensemble,85000000.00000004,122053997.15832368,37053997.15832363,0.43592937833321893,mogi,Thành phố Thủ Đức,Biệt thự,Biệt thự/cao cấp,Không rõ,600,2,141666.66666666666
rent,RF + XGBoost Ensemble,69999999.99999967,106232460.10244209,36232460.10244241,0.5176065728920369,mogi,Quận 1,Biệt thự,Biệt thự/cao cấp,Không rõ,250,3,280000
rent,RF + XGBoost Ensemble,190000000.00000027,136253297.12901926,53746702.87098101,0.28287738353147857,mogi,Thành phố Thủ Đức,Biệt thự,Biệt thự/cao cấp,Không rõ,750,5,253333.33333333337
rent,RF + XGBoost Ensemble,44999999.999999985,45912402.28477668,912402.2847766951,0.02027560632837101,mogi,Quận 7,Biệt thự,Biệt thự/cao cấp,Không rõ,126,4,357142.85714285716
rent,RF + XGBoost Ensemble,152999999.9999998,133302043.65143579,19697956.348564,0.1287448127357126,mogi,Thành phố Thủ Đức,Biệt thự,Đất/đất nền,Không rõ,750,4,204000
rent,RF + XGBoost Ensemble,16000000.000000026,33388314.508623358,17388314.50862333,1.0867696567889564,mogi,Thành phố Thủ Đức,Biệt thự,Biệt thự/cao cấp,Không rõ,115,4,139130.4347826087
rent,RF + XGBoost Ensemble,30000000.00000005,30105210.7397979,105210.73979785293,0.0035070246599284254,mogi,Quận Bình Thạnh,Biệt thự,Biệt thự/cao cấp,Không rõ,108,4,277777.77777777775
rent,RF + XGBoost Ensemble,133999999.99999978,80067083.97714336,53932916.022856414,0.40248444793176497,mogi,Thành phố Thủ Đức,Biệt thự,Biệt thự/cao cấp,Không rõ,360,5,372222.22222222225
rent,RF + XGBoost Ensemble,69999999.99999967,63297868.350469664,6702131.649530008,0.09574473785042914,mogi,Quận 7,Biệt thự,Biệt thự/cao cấp,Không rõ,267,4,262172.28464419476
rent,RF + XGBoost Ensemble,65999999.999999985,33448287.22539256,32551712.774607424,0.4932077693122338,mogi,Thành phố Thủ Đức,Biệt thự,Biệt thự/cao cấp,Không rõ,110,4,600000
rent,RF + XGBoost Ensemble,75000000.0000003,96198755.81288852,21198755.81288822,0.2826500775051751,mogi,Thành phố Thủ Đức,Biệt thự,Biệt thự/cao cấp,Không rõ,600,3,125000
rent,RF + XGBoost Ensemble,60000000.0000001,85309612.23632078,25309612.236320682,0.421826870605344,mogi,Thành phố Thủ Đức,Biệt thự,Biệt thự/cao cấp,Không rõ,300,5,200000
rent,RF + XGBoost Ensemble,69999999.99999967,80214689.6971019,10214689.697102234,0.14592413853003258,mogi,Quận 7,Biệt thự,Biệt thự/cao cấp,Không rõ,270,4,259259.25925925927
rent,RF + XGBoost Ensemble,39999999.999999985,38846197.64718517,1153802.352814816,0.02884505882037041,mogi,Quận 7,Biệt thự,Biệt thự/cao cấp,Không rõ,126,4,317460.31746031746
rent,RF + XGBoost Ensemble,60000000.0000001,38944496.75221946,21055503.247780636,0.3509250541296767,mogi,Quận 7,Biệt thự,Biệt thự/cao cấp,Không rõ,126,4,476190.4761904762
rent,RF + XGBoost Ensemble,39999999.999999985,23959534.372708704,16040465.62729128,0.4010116406822822,mogi,Thành phố Thủ Đức,Biệt thự,Biệt thự/cao cấp,Không rõ,84,5,476190.4761904762
rent,RF + XGBoost Ensemble,24999999.999999963,44321768.02701281,19321768.027012847,0.772870721080515,mogi,Thành phố Thủ Đức,Biệt thự,Biệt thự/cao cấp,Không rõ,126,5,198412.6984126984
rent,RF + XGBoost Ensemble,14000000.00000001,19495368.894423705,5495368.894423695,0.39252634960169225,mogi,Quận Gò Vấp,"Văn phòng, Mặt bằng kinh doanh",Tòa nhà/văn phòng/mặt bằng,Không rõ,60,4,233333.33333333337
rent,RF + XGBoost Ensemble,28999999.999999948,45699849.06485316,16699849.064853214,0.5758568643052843,mogi,Quận 7,Biệt thự,Biệt thự/cao cấp,Không rõ,126,4,230158.73015873015
rent,RF + XGBoost Ensemble,36000000.000000045,30958894.256013963,5041105.743986081,0.14003071511072432,mogi,Quận Tân Bình,Biệt thự,Biệt thự/cao cấp,Không rõ,100,4,360000
rent,RF + XGBoost Ensemble,26999999.999999993,33553181.72561905,6553181.725619059,0.24271043428218744,mogi,Quận Gò Vấp,Biệt thự,Biệt thự/cao cấp,Không rõ,160,5,168750
rent,RF + XGBoost Ensemble,60000000.0000001,40015400.07527572,19984599.924724378,0.3330766654120724,mogi,Quận Tân Phú,Biệt thự,Biệt thự/cao cấp,Không rõ,120,7,500000
rent,RF + XGBoost Ensemble,22999999.999999974,25304705.103275534,2304705.10327556,0.10020456970763315,mogi,Quận Gò Vấp,Biệt thự,Biệt thự/cao cấp,Không rõ,82,4,280487.8048780488
rent,RF + XGBoost Ensemble,35000000.000000015,32817889.40456063,2182110.5954393856,0.06234601701255385,mogi,Quận Gò Vấp,Biệt thự,Biệt thự/cao cấp,Không rõ,100,6,350000
rent,RF + XGBoost Ensemble,37999999.99999996,35826875.53591363,2173124.4640863314,0.057187485897008776,mogi,Quận Gò Vấp,Biệt thự,Biệt thự/cao cấp,Không rõ,100,8,380000
rent,RF + XGBoost Ensemble,39999999.999999985,38561903.76146733,1438096.238532655,0.035952405963316385,mogi,Quận Tân Phú,Biệt thự,Biệt thự/cao cấp,Không rõ,125,8,320000
rent,RF + XGBoost Ensemble,17999999.999999985,18211240.48304924,211240.48304925486,0.01173558239162528,mogi,Quận Gò Vấp,Biệt thự,Biệt thự/cao cấp,Không rõ,72,5,250000
rent,RF + XGBoost Ensemble,17999999.999999985,19810632.650625236,1810632.6506252512,0.10059070281251405,mogi,Quận Gò Vấp,Biệt thự,Biệt thự/cao cấp,Không rõ,72,4,250000
rent,RF + XGBoost Ensemble,12000000.000000007,7271713.562167622,4728286.437832385,0.3940238698193652,mogi,Thành phố Thủ Đức,Phòng/Cho thuê,Phòng trọ,Không rõ,50,1,240000
rent,RF + XGBoost Ensemble,90000000.00000004,48824974.61064961,41175025.38935044,0.45750028210389354,mogi,Quận Bình Tân,Biệt thự,Biệt thự/cao cấp,Không rõ,200,4,450000
rent,RF + XGBoost Ensemble,36999999.99999993,42842979.6261114,5842979.62611147,0.15791836827328326,mogi,Quận 7,Biệt thự,Biệt thự/cao cấp,Không rõ,166,4,222891.56626506025
rent,RF + XGBoost Ensemble,39999999.999999985,56615958.292648435,16615958.29264845,0.4153989573162114,mogi,Quận 7,Biệt thự,Biệt thự/cao cấp,Không rõ,264,4,151515.15151515152
rent,RF + XGBoost Ensemble,39999999.999999985,62901642.7721981,22901642.77219812,0.5725410693049532,mogi,Quận 7,Phòng/Cho thuê,Tòa nhà/văn phòng/mặt bằng,Không rõ,264,4,151515.15151515152
rent,RF + XGBoost Ensemble,129999999.99999997,84850550.72488177,45149449.2751182,0.34730345596244777,mogi,Thành phố Thủ Đức,Biệt thự,Biệt thự/cao cấp,Không rõ,333,4,390390.3903903904
rent,RF + XGBoost Ensemble,30000000.00000005,42424248.809513174,12424248.809513126,0.41414162698377016,mogi,Quận Bình Thạnh,Biệt thự,Biệt thự/cao cấp,Không rõ,108,7,277777.77777777775
rent,RF + XGBoost Ensemble,55000000.000000075,36757423.0068487,18242576.993151374,0.3316832180572973,mogi,Quận 7,Biệt thự,Biệt thự/cao cấp,Không rõ,126,3,436507.9365079365
rent,RF + XGBoost Ensemble,35000000.000000015,43142953.49821795,8142953.498217933,0.23265581423479798,mogi,Quận 7,Biệt thự,Biệt thự/cao cấp,Không rõ,126,4,277777.77777777775
rent,RF + XGBoost Ensemble,119999999.9999999,76074582.58592898,43925417.41407092,0.366045145117258,mogi,Thành phố Thủ Đức,Phòng/Cho thuê,Phòng trọ,Không rõ,500,6,240000
rent,RF + XGBoost Ensemble,119999999.9999999,113561896.8713942,6438103.128605694,0.05365085940504749,mogi,Thành phố Thủ Đức,Biệt thự,Biệt thự/cao cấp,Không rõ,500,5,240000
rent,RF + XGBoost Ensemble,79999999.9999996,37609237.82525921,42390762.17474039,0.5298845271842575,mogi,Quận Bình Thạnh,Biệt thự,Biệt thự/cao cấp,Không rõ,160,4,500000
rent,RF + XGBoost Ensemble,24999999.999999963,43657249.12365725,18657249.123657286,0.7462899649462925,mogi,Quận Bình Tân,Biệt thự,Biệt thự/cao cấp,Không rõ,160,3,156250
rent,RF + XGBoost Ensemble,30000000.00000005,30677863.892758314,677863.8927582651,0.022595463091942134,mogi,Thành phố Thủ Đức,Biệt thự,Biệt thự/cao cấp,Không rõ,102,5,294117.64705882355
rent,RF + XGBoost Ensemble,15000000.00000001,19353463.61608865,4353463.616088642,0.2902309077392426,mogi,Thành phố Thủ Đức,"Văn phòng, Mặt bằng kinh doanh",Tòa nhà/văn phòng/mặt bằng,Không rõ,75,3,200000
rent,RF + XGBoost Ensemble,85000000.00000004,65060010.23160498,19939989.768395066,0.23458811492229478,mogi,Thành phố Thủ Đức,Biệt thự,Biệt thự/cao cấp,Không rõ,200,3,425000
rent,RF + XGBoost Ensemble,69999999.99999967,87680691.44375156,17680691.443751886,0.25258130633931386,mogi,Thành phố Thủ Đức,Biệt thự,Đất/đất nền,Không rõ,237,4,295358.64978902956
rent,RF + XGBoost Ensemble,87999999.99999991,91342719.66255935,3342719.662559435,0.03798545071090271,mogi,Thành phố Thủ Đức,Biệt thự,Biệt thự/cao cấp,Không rõ,250,6,352000
rent,RF + XGBoost Ensemble,90000000.00000004,52737194.170986004,37262805.82901404,0.4140311758779336,mogi,Quận 7,Biệt thự,Biệt thự/cao cấp,Không rõ,200,4,450000
rent,RF + XGBoost Ensemble,78999999.99999964,58782718.92072872,20217281.07927092,0.25591495037051915,mogi,Quận Tân Bình,Biệt thự,Biệt thự/cao cấp,Không rõ,245,5,322448.97959183675
rent,RF + XGBoost Ensemble,60000000.0000001,75048400.96902838,15048400.969028287,0.2508066828171377,alonhadat,Quận 7,Văn phòng/Mặt bằng,Tòa nhà/văn phòng/mặt bằng,Phường Tân Mỹ,260,5,230769.2307692308
rent,RF + XGBoost Ensemble,24999999.999999963,24647488.050723523,352511.94927643985,0.014100477971057615,luachonnhadat,Quận Bình Tân,Nhà phố,Nhà phố/nhà ở,Không rõ,121,4,206611.57024793388
rent,RF + XGBoost Ensemble,22000000.000000007,21551340.650902357,448659.3490976505,0.020393606777165924,luachonnhadat,Quận Bình Tân,Nhà phố,Nhà phố/nhà ở,Không rõ,80,4,275000
rent,RF + XGBoost Ensemble,3500000.0000000056,3747059.324237668,247059.32423766237,0.07058837835361771,mogi,Quận Tân Phú,Phòng/Cho thuê,Phòng trọ,Phường Tân Quý,28,0,125000
rent,RF + XGBoost Ensemble,14000000.00000001,16834228.718915246,2834228.718915237,0.20244490849394536,homedy,Quận 7,Căn hộ,Căn hộ,Phường Phú Thuận,76,2,184210.52631578947
rent,RF + XGBoost Ensemble,90000000.00000004,74215037.69062561,15784962.309374437,0.1753884701041603,mogi,Quận 7,Căn hộ,Căn hộ,Phường Tân Phong,240,5,375000
rent,RF + XGBoost Ensemble,5500000.000000001,4469019.200952704,1030980.7990472969,0.18745105437223578,mogi,Quận Gò Vấp,Căn hộ,Căn hộ,Phường 9,30,1,183333.33333333337
rent,RF + XGBoost Ensemble,6000000,4831458.897229976,1168541.102770024,0.19475685046167066,mogi,Quận Tân Bình,Bất động sản khác,Khác,Phường 13,29,1,206896.5517241379
rent,RF + XGBoost Ensemble,48000000.00000006,30855475.283633698,17144524.71636636,0.35717759825763207,mogi,Quận 10,Nhà phố,Nhà phố/nhà ở,Phường 14,61,8,786885.2459016393
rent,RF + XGBoost Ensemble,44999999.999999985,63251791.55942348,18251791.55942349,0.4055953679871888,mogi,Quận 11,Bất động sản khác,Khác,Phường 14,400,0,112500
rent,RF + XGBoost Ensemble,44999999.999999985,49608619.01072702,4608619.010727033,0.1024137557939341,mogi,Quận Phú Nhuận,Nhà phố,Nhà phố/nhà ở,Phường 15,200,4,225000
rent,RF + XGBoost Ensemble,110000000.00000012,69876898.62012106,40123101.37987906,0.3647554670898092,mogi,Quận 1,Bất động sản khác,Khác,Phường Bến Nghé,160,3,687500
rent,RF + XGBoost Ensemble,90000000.00000004,56413760.337312,33586239.66268805,0.37318044069653367,mogi,Quận Tân Bình,Nhà phố,Tòa nhà/văn phòng/mặt bằng,Phường 13,100,20,900000
rent,RF + XGBoost Ensemble,12000000.000000007,4601549.328398955,7398450.671601052,0.616537555966754,mogi,Thành phố Thủ Đức,Bất động sản khác,Khác,Phường Thảo Điền,25,0,480000
rent,RF + XGBoost Ensemble,20000000.000000015,23060452.949324965,3060452.9493249506,0.1530226474662474,mogi,Quận 7,Căn hộ,Căn hộ,Phường Tân Phong,118,3,169491.5254237288
rent,RF + XGBoost Ensemble,119999999.9999999,60020251.50083755,59979748.499162346,0.49983123749302,mogi,Quận 1,Nhà phố,Tòa nhà/văn phòng/mặt bằng,Phường Tân Định,75,6,1600000
rent,RF + XGBoost Ensemble,44999999.999999985,38279829.1927061,6720170.807293884,0.14933712905097526,mogi,Thành phố Thủ Đức,Phòng/Cho thuê,Tòa nhà/văn phòng/mặt bằng,Phường Thạnh Mỹ Lợi,140,0,321428.5714285714
rent,RF + XGBoost Ensemble,4900000.000000004,5185141.814709804,285141.8147098003,0.058192207083632666,mogi,Quận 7,Bất động sản khác,Khác,Phường Tân Thuận Tây,30,0,163333.33333333334
rent,RF + XGBoost Ensemble,75000000.0000003,60656214.72096397,14343785.279036328,0.1912504703871503,mogi,Thành phố Thủ Đức,Bất động sản khác,Tòa nhà/văn phòng/mặt bằng,Phường An Phú,300,0,250000
rent,RF + XGBoost Ensemble,5300000.000000001,5523892.397674787,223892.39767478593,0.042243848617884126,mogi,Quận 7,Bất động sản khác,Căn hộ,Phường Bình Thuận,30,0,176666.66666666666
rent,RF + XGBoost Ensemble,4500000.000000002,6597640.407114065,2097640.4071140634,0.4661423126920139,mogi,Quận 7,Căn hộ,Căn hộ,Phường Tân Hưng,35,0,128571.42857142857
rent,RF + XGBoost Ensemble,69999999.99999967,88581484.90145966,18581484.901459992,0.26544978430657257,mogi,Quận 12,Bất động sản khác,Khác,Phường Tân Thới Nhất,950,0,73684.21052631579
rent,RF + XGBoost Ensemble,99999999.99999991,104968171.266713,4968171.266713083,0.049681712667130874,mogi,Quận 12,Bất động sản khác,Khác,Phường Thới An,1100,0,90909.09090909093
rent,RF + XGBoost Ensemble,5700000.0000000065,5094952.291859296,605047.7081407104,0.1061487207264403,mogi,Quận Gò Vấp,Bất động sản khác,Căn hộ,Phường 6,35,1,162857.14285714287
rent,RF + XGBoost Ensemble,12000000.000000007,12527840.678754874,527840.6787548661,0.04398672322957215,homedy,Thành phố Thủ Đức,Nhà phố,Nhà phố/nhà ở,Phường Trường Thọ,100,1,120000
rent,RF + XGBoost Ensemble,4999999.999999999,4858364.308287972,141635.69171202742,0.028327138342405488,mogi,Quận Gò Vấp,Căn hộ,Căn hộ,Phường 6,40,1,125000
rent,RF + XGBoost Ensemble,3400000.000000002,3644965.3144518556,244965.31445185374,0.072048621897604,mogi,Quận 12,Bất động sản khác,Khác,Phường Thạnh Lộc,29,1,117241.37931034484
rent,RF + XGBoost Ensemble,3200000.000000008,3820934.812097459,620934.8120974512,0.19404212878045302,mogi,Quận 12,Bất động sản khác,Khác,Phường Thạnh Lộc,29,1,110344.8275862069
rent,RF + XGBoost Ensemble,3799999.9999999995,4216479.71667954,416479.7166795409,0.10959992544198446,mogi,Quận 12,Bất động sản khác,Khác,Phường Trung Mỹ Tây,39,1,97435.89743589744
rent,RF + XGBoost Ensemble,3500000.0000000056,4439556.702335944,939556.7023359388,0.2684447720959821,mogi,Quận 12,Bất động sản khác,Khác,Phường Tân Thới Nhất,39,1,89743.58974358975
rent,RF + XGBoost Ensemble,4500000.000000002,4529657.228370519,29657.228370517492,0.006590495193448329,mogi,Quận Gò Vấp,Căn hộ,Căn hộ,Phường 5,30,1,150000
rent,RF + XGBoost Ensemble,3900000.000000008,4198923.922336659,298923.9223366515,0.07664715957350023,mogi,Quận Tân Phú,Căn hộ,Căn hộ,Phường Tân Sơn Nhì,30,1,130000
rent,RF + XGBoost Ensemble,4700000.000000012,5425393.111017481,725393.1110174693,0.15433895979095053,mogi,Quận Tân Bình,Căn hộ,Căn hộ,Phường 4,30,1,156666.66666666666
rent,RF + XGBoost Ensemble,119999999.9999999,131769932.83690181,11769932.836901918,0.0980827736408494,mogi,Quận 7,Nhà phố,Tòa nhà/văn phòng/mặt bằng,Phường Tân Phú,226,0,530973.4513274336
rent,RF + XGBoost Ensemble,15000000.00000001,18802891.720286965,3802891.720286956,0.2535261146857969,mogi,Quận Bình Thạnh,Bất động sản khác,Khác,Phường 13,150,0,100000
rent,RF + XGBoost Ensemble,4500000.000000002,6181356.769745678,1681356.7697456758,0.37363483772126116,mogi,Quận Phú Nhuận,Căn hộ,Căn hộ,Phường 9,30,1,150000
rent,RF + XGBoost Ensemble,3500000.0000000056,4027507.3261614265,527507.3261614209,0.15071637890326287,mogi,Quận Bình Tân,Căn hộ,Căn hộ,Phường Bình Trị Đông A,30,1,116666.66666666669
rent,RF + XGBoost Ensemble,5800000.000000001,5772241.518476277,27758.481523724273,0.004785945090297288,mogi,Quận Phú Nhuận,Căn hộ,Căn hộ,Phường 13,30,1,193333.33333333337
rent,RF + XGBoost Ensemble,5500000.000000001,5058884.270047351,441115.72995265014,0.08020285999139092,mogi,Quận Tân Phú,Căn hộ,Căn hộ,Phường Tân Sơn Nhì,40,1,137500
rent,RF + XGBoost Ensemble,3799999.9999999995,4009862.3645095495,209862.36450954992,0.055226938028828935,mogi,Quận 7,Phòng/Cho thuê,Phòng trọ,Phường Phú Mỹ,24,0,158333.33333333334
rent,RF + XGBoost Ensemble,12000000.000000007,16484623.67123245,4484623.671232443,0.37371863926937005,mogi,Quận 7,Phòng/Cho thuê,Tòa nhà/văn phòng/mặt bằng,Phường Tân Phú,58,0,206896.5517241379
rent,RF + XGBoost Ensemble,3900000.000000008,4888082.29014119,988082.2901411825,0.25335443336953345,mogi,Thành phố Thủ Đức,Căn hộ,Căn hộ,Phường Long Trường,45,1,86666.66666666667
rent,RF + XGBoost Ensemble,4500000.000000002,4995286.6515456615,495286.65154565964,0.11006370034347987,mogi,Thành phố Thủ Đức,Căn hộ,Căn hộ,Phường Linh Trung,45,1,100000
rent,RF + XGBoost Ensemble,6499999.999999999,6393265.554267633,106734.4457323663,0.016420683958825587,mogi,Thành phố Thủ Đức,Căn hộ,Căn hộ,Phường Phước Long B,60,2,108333.33333333331
rent,RF + XGBoost Ensemble,119000000.00000054,80012888.65498534,38987111.3450152,0.32762278441189097,mogi,Quận 1,Bất động sản khác,Tòa nhà/văn phòng/mặt bằng,Phường Đa Kao,160,0,743750
rent,RF + XGBoost Ensemble,8499999.999999998,5467224.769066312,3032775.230933686,0.3567970859921984,mogi,Quận 10,Căn hộ,Căn hộ,Phường 13,20,1,425000
rent,RF + XGBoost Ensemble,2599999.9999999986,3561143.9178870446,961143.917887046,0.36967073764886405,mogi,Quận 3,Phòng/Cho thuê,Phòng trọ,Phường 3,14,0,185714.2857142857
rent,RF + XGBoost Ensemble,30000000.00000005,19329251.374372102,10670748.625627946,0.3556916208542643,luachonnhadat,Quận Bình Tân,Đất,Đất/đất nền,Không rõ,200,4,150000
rent,RF + XGBoost Ensemble,6499999.999999999,5937622.510430247,562377.4895697525,0.08651961377996194,homedy,Quận 12,Căn hộ,Căn hộ,Phường Tân Thới Nhất,51,0,127450.98039215688
rent,RF + XGBoost Ensemble,14000000.00000001,13214667.915980427,785332.0840195827,0.05609514885854158,mogi,Quận 7,Căn hộ,Căn hộ,Phường Tân Hưng,60,2,233333.33333333337
rent,RF + XGBoost Ensemble,11000000.000000013,9936083.01581409,1063916.984185923,0.09671972583508379,mogi,Quận 7,Căn hộ,Căn hộ,Phường Tân Hưng,38,1,289473.6842105263
rent,RF + XGBoost Ensemble,79999999.9999996,74201273.12752864,5798726.87247096,0.07248408590588737,mogi,Thành phố Thủ Đức,Căn hộ,Căn hộ,Phường Thủ Thiêm,180,4,444444.4444444445
rent,RF + XGBoost Ensemble,79999999.9999996,55896791.72973059,24103208.270269006,0.3012901033783641,mogi,Thành phố Thủ Đức,Bất động sản khác,Khác,Phường Thủ Thiêm,191,3,418848.16753926704
rent,RF + XGBoost Ensemble,150000000.00000077,104402063.63177024,45597936.36823054,0.30398624245486866,mogi,Thành phố Thủ Đức,Phòng/Cho thuê,Phòng trọ,Phường Thủ Thiêm,245,5,612244.8979591837
rent,RF + XGBoost Ensemble,9999999.999999996,19228366.828544106,9228366.82854411,0.9228366828544113,mogi,Quận 1,Phòng/Cho thuê,Phòng trọ,Phường Đa Kao,60,1,166666.66666666666
rent,RF + XGBoost Ensemble,24999999.999999963,27185776.829326168,2185776.829326205,0.08743107317304832,mogi,Quận Tân Phú,Nhà phố,Nhà phố/nhà ở,Phường Hiệp Tân,64,6,390625
rent,RF + XGBoost Ensemble,2000000.0000000016,2427355.0059329625,427355.0059329609,0.21367750296648028,mogi,Thành phố Thủ Đức,Phòng/Cho thuê,Phòng trọ,Phường Thảo Điền,25,0,80000
rent,RF + XGBoost Ensemble,8999999.999999996,9997161.761914592,997161.761914596,0.11079575132384405,mogi,Quận Phú Nhuận,Bất động sản khác,Khác,Phường 9,60,1,150000
rent,RF + XGBoost Ensemble,10499999.999999994,11590516.142094404,1090516.142094409,0.10385868019946759,mogi,Quận Bình Thạnh,Bất động sản khác,Nhà phố/nhà ở,Phường 1,50,1,210000
rent,RF + XGBoost Ensemble,6499999.999999999,7549876.7643119665,1049876.7643119674,0.16151950220184116,mogi,Quận Bình Thạnh,Bất động sản khác,Nhà phố/nhà ở,Phường 1,25,1,260000
rent,RF + XGBoost Ensemble,8000000.000000002,9651690.743372837,1651690.7433728352,0.20646134292160434,mogi,Quận 1,Căn hộ,Căn hộ,Phường Đa Kao,40,1,200000
rent,RF + XGBoost Ensemble,39999999.999999985,51761633.80279545,11761633.802795462,0.29404084506988665,mogi,Thành phố Thủ Đức,Nhà phố,Biệt thự/cao cấp,Phường An Phú,200,3,200000
rent,RF + XGBoost Ensemble,9999999.999999996,14407012.547110613,4407012.547110617,0.44070125471106186,mogi,Thành phố Thủ Đức,Phòng/Cho thuê,Tòa nhà/văn phòng/mặt bằng,Phường An Phú,45,0,222222.22222222225
rent,RF + XGBoost Ensemble,90000000.00000004,75788595.8835402,14211404.116459846,0.1579044901828871,mogi,Quận 12,Bất động sản khác,Khác,Phường An Phú Đông,1247,0,72173.21571772253
rent,RF + XGBoost Ensemble,17999999.999999985,24911724.154250726,6911724.154250741,0.3839846752361526,mogi,Quận Bình Tân,Bất động sản khác,Nhà phố/nhà ở,Phường Tân Tạo A,200,0,90000
rent,RF + XGBoost Ensemble,6499999.999999999,7228824.057096151,728824.0570961516,0.11212677801479258,mogi,Quận 3,Căn hộ,Căn hộ,Phường 12,35,1,185714.2857142857
rent,RF + XGBoost Ensemble,5199999.999999999,6059807.362110465,859807.3621104658,0.16534756963662806,mogi,Quận Bình Thạnh,Căn hộ,Căn hộ,Phường 25,30,1,173333.33333333334
rent,RF + XGBoost Ensemble,20000000.000000015,25193196.056473885,5193196.05647387,0.2596598028236933,mogi,Quận 6,Bất động sản khác,Nhà phố/nhà ở,Phường 11,77,0,259740.25974025973
rent,RF + XGBoost Ensemble,9999999.999999996,8862010.060686031,1137989.939313965,0.11379899393139653,mogi,Quận Bình Tân,Nhà phố,Nhà phố/nhà ở,Phường An Lạc,56,2,178571.42857142858
rent,RF + XGBoost Ensemble,17999999.999999985,12358756.859640108,5641243.140359877,0.3134023966866601,mogi,Quận Bình Tân,Bất động sản khác,Khác,Phường Bình Trị Đông B,120,0,150000
rent,RF + XGBoost Ensemble,4300000.000000002,3556917.843000487,743082.1569995149,0.17280980395337547,mogi,Quận Gò Vấp,Phòng/Cho thuê,Phòng trọ,Phường 6,30,0,143333.33333333334
rent,RF + XGBoost Ensemble,5800000.000000001,5757821.032616234,42178.96738376655,0.007272235755821818,mogi,Quận 5,Căn hộ,Căn hộ,Phường 3,25,0,232000
rent,RF + XGBoost Ensemble,5800000.000000001,5805984.5617007865,5984.561700785533,0.001031820982894057,mogi,Quận 5,Căn hộ,Căn hộ,Phường 3,25,1,232000
rent,RF + XGBoost Ensemble,6300000.000000002,5197814.676491099,1102185.3235089025,0.1749500513506194,mogi,Quận 6,Phòng/Cho thuê,Phòng trọ,Phường 13,40,1,157500
rent,RF + XGBoost Ensemble,3799999.9999999995,3378807.136912124,421192.8630878753,0.11084022712838826,mogi,Quận Phú Nhuận,Phòng/Cho thuê,Phòng trọ,Phường 9,20,0,190000
rent,RF + XGBoost Ensemble,20000000.000000015,24413844.216495518,4413844.216495503,0.22069221082477497,mogi,Quận 6,Nhà phố,Nhà phố/nhà ở,Phường 12,80,4,250000
rent,RF + XGBoost Ensemble,6999999.999999995,7055148.021808512,55148.021808516234,0.00787828882978804,mogi,Quận 5,Căn hộ,Căn hộ,Phường 4,35,1,200000
rent,RF + XGBoost Ensemble,16000000.000000026,11364223.993486952,4635776.006513074,0.28973600040706665,mogi,Quận Bình Tân,Bất động sản khác,Khác,Phường An Lạc,60,0,266666.6666666667
rent,RF + XGBoost Ensemble,20999999.99999998,29095742.394515853,8095742.394515872,0.38551154259599424,mogi,Quận Phú Nhuận,Nhà phố,Nhà phố/nhà ở,Phường 7,105,2,200000
rent,RF + XGBoost Ensemble,3700000.000000002,3589438.537348558,110561.46265144367,0.029881476392282058,mogi,Quận Tân Phú,Phòng/Cho thuê,Phòng trọ,Phường Tân Quý,28,0,132142.85714285713
rent,RF + XGBoost Ensemble,11000000.000000013,8948407.014331875,2051592.9856681377,0.18650845324255774,mogi,Quận 10,Nhà phố,Nhà phố/nhà ở,Phường 15,30,2,366666.6666666667
rent,RF + XGBoost Ensemble,11989999.999999998,10390763.913328828,1599236.0866711698,0.13338082457641118,mogi,Thành phố Thủ Đức,Căn hộ,Căn hộ,Phường Thảo Điền,38,0,315526.3157894737
rent,RF + XGBoost Ensemble,15599999.999999981,16613191.770399904,1013191.7703999225,0.06494819041025152,mogi,Thành phố Thủ Đức,Căn hộ,Căn hộ,Phường Thảo Điền,65,1,240000
rent,RF + XGBoost Ensemble,9900000.000000013,12816147.856905917,2916147.8569059037,0.29456038958645453,mogi,Thành phố Thủ Đức,Căn hộ,Căn hộ,Phường Thảo Điền,55,1,180000
rent,RF + XGBoost Ensemble,119999999.9999999,89012250.65328985,30987749.34671004,0.2582312445559172,mogi,Quận 6,Đất nền,Tòa nhà/văn phòng/mặt bằng,Phường 11,1000,0,120000
rent,RF + XGBoost Ensemble,4700000.000000012,4707104.920941759,7104.920941746794,0.001511685306754633,mogi,Quận Tân Bình,Căn hộ,Căn hộ,Phường 12,28,0,167857.14285714287
rent,RF + XGBoost Ensemble,6499999.999999999,6721036.387476105,221036.38747610617,0.03400559807324711,mogi,Quận 1,Căn hộ,Căn hộ,Phường Nguyễn Cư Trinh,30,0,216666.66666666663
rent,RF + XGBoost Ensemble,6499999.999999999,7948262.665473487,1448262.6654734882,0.22280964084207514,mogi,Quận 3,Bất động sản khác,Khác,Phường 9,35,1,185714.2857142857
rent,RF + XGBoost Ensemble,9999999.999999996,10072459.667835137,72459.6678351406,0.007245966783514063,mogi,Quận Phú Nhuận,Bất động sản khác,Khác,Phường 1,60,2,166666.66666666666
rent,RF + XGBoost Ensemble,5900000.000000006,5401360.459858199,498639.54014180694,0.08451517629522143,mogi,Quận Tân Bình,Căn hộ,Căn hộ,Phường 5,30,1,196666.66666666663
rent,RF + XGBoost Ensemble,6499999.999999999,6817324.039562476,317324.0395624768,0.048819083009611824,mogi,Quận 3,Bất động sản khác,Khác,Phường 8 (Phường Võ Thị Sáu),30,1,216666.66666666663
rent,RF + XGBoost Ensemble,16999999.999999974,14279664.713280728,2720335.286719246,0.16001972274819118,mogi,Quận Bình Tân,Nhà phố,Nhà phố/nhà ở,Phường Bình Hưng Hòa A,48,5,354166.6666666667
rent,RF + XGBoost Ensemble,8499999.999999998,8951809.575920444,451809.57592044584,0.05315406775534658,mogi,Quận 1,Nhà phố,Tòa nhà/văn phòng/mặt bằng,Phường Bến Thành,30,1,283333.3333333333
rent,RF + XGBoost Ensemble,14499999.99999999,13925159.989819251,574840.0101807397,0.03964413863315449,mogi,Quận 10,Nhà phố,Nhà phố/nhà ở,Phường 13,40,3,362500
rent,RF + XGBoost Ensemble,11500000.000000019,9240301.616733706,2259698.383266313,0.19649551158837472,mogi,Quận 1,Bất động sản khác,Khác,Phường Bến Nghé,50,1,230000
rent,RF + XGBoost Ensemble,6999999.999999995,6895372.768584202,104627.2314157933,0.014946747345113339,mogi,Quận 1,Bất động sản khác,Khác,Phường Cô Giang,30,1,233333.33333333337
rent,RF + XGBoost Ensemble,24000000,19080860.504122023,4919139.495877977,0.2049641456615824,mogi,Thành phố Thủ Đức,Nhà phố,Nhà phố/nhà ở,Phường Thảo Điền,60,3,400000
rent,RF + XGBoost Ensemble,8499999.999999998,9401969.15038811,901969.1503881123,0.10611401769271912,mogi,Quận 3,Căn hộ,Căn hộ,Phường 2,40,1,212500
rent,RF + XGBoost Ensemble,36000000.000000045,27978608.605425883,8021391.394574162,0.22281642762705978,mogi,Quận 12,Bất động sản khác,Khác,Phường Thạnh Xuân,403,0,89330.02481389578
rent,RF + XGBoost Ensemble,94999999.99999987,61643150.241899595,33356849.75810027,0.35112473429579283,mogi,Quận 12,Bất động sản khác,Khác,Phường An Phú Đông,1100,0,86363.63636363637
rent,RF + XGBoost Ensemble,6499999.999999999,7486872.111928635,986872.1119286362,0.15182647875825175,mogi,Quận Phú Nhuận,Căn hộ,Căn hộ,Phường 2,30,1,216666.66666666663
rent,RF + XGBoost Ensemble,69999999.99999967,126173037.48536633,56173037.48536666,0.8024719640766703,mogi,Thành phố Thủ Đức,Đất nền,Đất/đất nền,Phường An Phú,1000,0,70000
rent,RF + XGBoost Ensemble,8000000.000000002,5443373.4622936575,2556626.5377063444,0.319578317213293,mogi,Quận Tân Bình,Căn hộ,Căn hộ,Phường 5,30,1,266666.6666666667
rent,RF + XGBoost Ensemble,6999999.999999995,7769486.475073583,769486.4750735881,0.10992663929622694,mogi,Quận Phú Nhuận,Căn hộ,Căn hộ,Phường 1,30,1,233333.33333333337
rent,RF + XGBoost Ensemble,5800000.000000001,6266793.452475139,466793.452475138,0.08048162973709275,mogi,Quận 1,Căn hộ,Căn hộ,Phường Tân Định,25,1,232000
rent,RF + XGBoost Ensemble,9500000.000000015,7491300.123866036,2008699.8761339793,0.21144209222462906,mogi,Quận 1,Căn hộ,Căn hộ,Phường Tân Định,30,1,316666.6666666667
rent,RF + XGBoost Ensemble,8000000.000000002,7517739.444930868,482260.55506913364,0.06028256938364169,mogi,Quận Bình Thạnh,Căn hộ,Căn hộ,Phường 6,30,1,266666.6666666667
rent,RF + XGBoost Ensemble,8000000.000000002,9237629.592263578,1237629.5922635756,0.15470369903294692,mogi,Quận Bình Tân,Nhà phố,Nhà phố/nhà ở,Phường Bình Hưng Hòa A,80,1,100000
rent,RF + XGBoost Ensemble,6000000,7457164.016019695,1457164.0160196954,0.2428606693366159,mogi,Quận Phú Nhuận,Căn hộ,Căn hộ,Phường 7,30,1,200000
rent,RF + XGBoost Ensemble,5800000.000000001,5491925.308355652,308074.69164434914,0.05311632614557743,mogi,Quận 1,Bất động sản khác,Khác,Phường Tân Định,25,1,232000
rent,RF + XGBoost Ensemble,8000000.000000002,7469649.921371548,530350.0786284534,0.06629375982855666,mogi,Quận 1,Bất động sản khác,Khác,Phường Đa Kao,30,1,266666.6666666667
rent,RF + XGBoost Ensemble,110000000.00000012,72072129.4063696,37927870.59363052,0.3447988235784589,mogi,Thành phố Thủ Đức,Nhà phố,Nhà phố/nhà ở,Phường Thảo Điền,160,3,687500
rent,RF + XGBoost Ensemble,7599999.999999995,7575922.185222786,24077.814777209423,0.0031681335233170313,mogi,Quận Phú Nhuận,Căn hộ,Căn hộ,Phường 1,32,1,237500
rent,RF + XGBoost Ensemble,8499999.999999998,7249508.3218348045,1250491.6781651936,0.14711666801943457,mogi,Quận Phú Nhuận,Căn hộ,Căn hộ,Phường 2,30,1,283333.3333333333
rent,RF + XGBoost Ensemble,69999999.99999967,65941074.01529347,4058925.9847062007,0.057984656924374565,mogi,Quận Bình Tân,Bất động sản khác,Nhà phố/nhà ở,Phường Bình Hưng Hòa,800,0,87500
rent,RF + XGBoost Ensemble,3900000.000000008,3685788.295638017,214211.70436199103,0.05492607804153605,mogi,Quận Tân Phú,Phòng/Cho thuê,Phòng trọ,Phường Phú Trung,30,0,130000
rent,RF + XGBoost Ensemble,179999999.9999997,237008888.86450222,57008888.86450252,0.31671604924723673,mogi,Quận 12,Bất động sản khác,Nhà phố/nhà ở,Phường Thới An,2500,0,72000
rent,RF + XGBoost Ensemble,6999999.999999995,6932420.769935727,67579.23006426822,0.009654175723466895,mogi,Quận 3,Căn hộ,Căn hộ,Phường 9,32,0,218750
rent,RF + XGBoost Ensemble,5500000.000000001,7901745.023623513,2401745.023623512,0.43668091338609305,mogi,Quận 3,Phòng/Cho thuê,Phòng trọ,Phường 6 (Phường Võ Thị Sáu),35,1,157142.85714285713
rent,RF + XGBoost Ensemble,36000000.000000045,66743388.25930698,30743388.259306937,0.8539830072029694,mogi,Thành phố Thủ Đức,Nhà phố,Nhà phố/nhà ở,Phường An Phú,320,0,112500
rent,RF + XGBoost Ensemble,4999999.999999999,4468737.893181668,531262.1068183314,0.1062524213636663,mogi,Quận Gò Vấp,Căn hộ,Căn hộ,Phường 12,30,1,166666.66666666666
rent,RF + XGBoost Ensemble,24999999.999999963,26079386.029049415,1079386.0290494524,0.04317544116197816,mogi,Thành phố Thủ Đức,Nhà phố,Nhà phố/nhà ở,Phường Thảo Điền,100,3,250000
rent,RF + XGBoost Ensemble,75000000.0000003,70994413.47638758,4005586.5236127228,0.05340782031483609,mogi,Quận Bình Tân,Bất động sản khác,Khác,Phường Bình Hưng Hòa A,800,0,93750
rent,RF + XGBoost Ensemble,13000000.000000013,8750168.020556668,4249831.979443345,0.32691015226487236,mogi,Thành phố Thủ Đức,Căn hộ,Căn hộ,Phường Bình An,40,1,325000
rent,RF + XGBoost Ensemble,119999999.9999999,103011722.11728756,16988277.882712334,0.14156898235593623,mogi,Quận Bình Tân,Bất động sản khác,Nhà phố/nhà ở,Phường Bình Hưng Hòa B,1200,0,100000
rent,RF + XGBoost Ensemble,15000000.00000001,11839917.078450458,3160082.921549551,0.21067219476996996,mogi,Thành phố Thủ Đức,Căn hộ,Căn hộ,Phường Bình An,50,1,300000
rent,RF + XGBoost Ensemble,8000000.000000002,6412862.783274878,1587137.216725124,0.19839215209064046,mogi,Quận Bình Thạnh,Bất động sản khác,Khác,Phường 25,30,1,266666.6666666667
rent,RF + XGBoost Ensemble,72000000.00000012,185429798.10427138,113429798.10427126,1.5754138625593206,mogi,Thành phố Thủ Đức,Đất nền,Đất/đất nền,Phường An Phú,3000,0,24000
rent,RF + XGBoost Ensemble,13000000.000000013,9917238.071334768,3082761.928665245,0.23713553297424939,mogi,Quận Bình Thạnh,Căn hộ,Căn hộ,Phường 17,40,1,325000
rent,RF + XGBoost Ensemble,55000000.000000075,47714388.03374486,7285611.966255218,0.13246567211373106,mogi,Quận 10,Nhà phố,Nhà phố/nhà ở,Phường 12,100,10,550000
rent,RF + XGBoost Ensemble,67000000.00000012,61166925.489835456,5833074.510164663,0.08706081358454705,mogi,Quận 7,Căn hộ,Căn hộ,Phường Tân Phú,170,4,394117.6470588235
rent,RF + XGBoost Ensemble,9999999.999999996,9140835.30214388,859164.697856117,0.08591646978561174,mogi,Quận 1,Căn hộ,Căn hộ,Phường Đa Kao,35,1,285714.28571428574
rent,RF + XGBoost Ensemble,24999999.999999963,36533286.582232274,11533286.582232311,0.46133146328929314,mogi,Quận 12,Bất động sản khác,Khác,Phường Thới An,520,0,48076.92307692308
rent,RF + XGBoost Ensemble,6300000.000000002,5140822.593427137,1159177.4065728653,0.1839964137417246,mogi,Quận 6,Phòng/Cho thuê,Phòng trọ,Phường 13,40,1,157500
rent,RF + XGBoost Ensemble,50000000.00000009,85907099.74775991,35907099.74775982,0.7181419949551952,mogi,Quận 12,Bất động sản khác,Khác,Phường Thạnh Lộc,1000,0,50000
rent,RF + XGBoost Ensemble,12000000.000000007,10663180.229716806,1336819.7702832017,0.11140164752360007,mogi,Quận 6,Nhà phố,Nhà phố/nhà ở,Phường 10,40,3,300000
rent,RF + XGBoost Ensemble,79999999.9999996,155014093.57303247,75014093.57303287,0.9376761696629156,mogi,Quận Bình Tân,Bất động sản khác,Khác,Phường An Lạc,1800,0,44444.444444444445
rent,RF + XGBoost Ensemble,50000000.00000009,61643150.241899595,11643150.241899505,0.2328630048379897,mogi,Quận 12,Bất động sản khác,Khác,Phường An Phú Đông,1100,0,45454.545454545456
rent,RF + XGBoost Ensemble,289999999.99999994,273459418.3348922,16540581.665107727,0.057036488500371484,mogi,Quận Bình Tân,Bất động sản khác,Nhà phố/nhà ở,Phường Bình Trị Đông B,3200,0,90625
rent,RF + XGBoost Ensemble,4700000.000000012,5117648.761416962,417648.76141695026,0.08886143859935089,mogi,Quận 10,Căn hộ,Căn hộ,Phường 14,25,0,188000
rent,RF + XGBoost Ensemble,55000000.000000075,42437236.592316255,12562763.40768382,0.2284138801397055,mogi,Quận Bình Tân,Bất động sản khác,Khác,Phường Bình Hưng Hòa,500,0,110000
rent,RF + XGBoost Ensemble,139999999.99999934,148995350.16012305,8995350.160123706,0.06425250114374105,mogi,Quận 7,Bất động sản khác,Khác,Phường Phú Thuận,1000,0,140000
rent,RF + XGBoost Ensemble,31500000.00000002,25619929.434510637,5880070.565489382,0.18666890684093262,mogi,Quận Bình Tân,Bất động sản khác,Khác,Phường An Lạc,300,0,105000
rent,RF + XGBoost Ensemble,6499999.999999999,6857990.886524887,357990.88652488776,0.05507552100382889,mogi,Quận 10,Căn hộ,Căn hộ,Phường 14,35,1,185714.2857142857
rent,RF + XGBoost Ensemble,190000000.00000027,136898505.07079223,53101494.92920804,0.2794815522589893,mogi,Huyện Bình Chánh,Bất động sản khác,Khác,Không rõ,2000,0,95000
rent,RF + XGBoost Ensemble,5199999.999999999,3851401.776126883,1348598.223873116,0.2593458122832916,mogi,Quận 10,Phòng/Cho thuê,Phòng trọ,Phường 14,25,0,208000
rent,RF + XGBoost Ensemble,5800000.000000001,7231643.832585165,1431643.8325851643,0.24683514354916622,mogi,Quận 3,Căn hộ,Tòa nhà/văn phòng/mặt bằng,Phường 11,32,0,181250
rent,RF + XGBoost Ensemble,249999999.99999985,228563798.96442568,21436201.035574168,0.08574480414229672,mogi,Quận Gò Vấp,Bất động sản khác,Khác,Phường 14,3000,0,83333.33333333333
rent,RF + XGBoost Ensemble,164999999.99999976,58731167.55981289,106268832.44018687,0.6440535299405274,mogi,Quận 7,Bất động sản khác,Khác,Phường Tân Quy,330,0,500000
rent,RF + XGBoost Ensemble,299999999.9999999,286170732.16510284,13829267.834897041,0.04609755944965682,mogi,Quận 12,Bất động sản khác,Khác,Phường Tân Thới Hiệp,4799,0,62513.0235465722
rent,RF + XGBoost Ensemble,179999999.9999997,154455694.7828134,25544305.217186302,0.14191280676214635,mogi,Quận Tân Phú,Bất động sản khác,Biệt thự/cao cấp,Phường Tây Thạnh,1500,0,120000
rent,RF + XGBoost Ensemble,4500000.000000002,3687480.9825558653,812519.0174441366,0.1805597816542525,mogi,Quận Tân Bình,Phòng/Cho thuê,Phòng trọ,Phường 13,30,0,150000
rent,RF + XGBoost Ensemble,4500000.000000002,4414694.432149301,85305.56785070058,0.01895679285571123,mogi,Quận Tân Bình,Phòng/Cho thuê,Phòng trọ,Phường 13,28,0,160714.2857142857
rent,RF + XGBoost Ensemble,4500000.000000002,3679621.2177617876,820378.7822382143,0.18230639605293644,mogi,Quận Tân Bình,Phòng/Cho thuê,Phòng trọ,Phường 13,25,0,180000
rent,RF + XGBoost Ensemble,20000000.000000015,26355700.234787866,6355700.234787852,0.31778501173939233,luachonnhadat,Quận 6,Nhà phố,Nhà phố/nhà ở,Không rõ,76,4,263157.8947368421
rent,RF + XGBoost Ensemble,15000000.00000001,15926912.408322578,926912.408322569,0.06179416055483789,muaban,Quận Bình Thạnh,Nhà đất cho thuê,Đất/đất nền,Phường 24,64,4,234375
rent,RF + XGBoost Ensemble,13000000.000000013,5867688.157014001,7132311.842986012,0.5486393725373849,muaban,Quận 4,Nhà đất cho thuê,Căn hộ,Không rõ,27,2,481481.48148148146
rent,RF + XGBoost Ensemble,1800000.000000004,3113868.44604775,1313868.4460477459,0.7299269144709684,muaban,Quận Bình Tân,Phòng trọ,Phòng trọ,Phường Bình Hưng Hòa B,25,1,72000
rent,RF + XGBoost Ensemble,4300000.000000002,5615667.105314582,1315667.1053145798,0.3059690942592045,muaban,Huyện Nhà Bè,Căn hộ/Chung cư,Căn hộ,Xã Phước Kiển,26,2,165384.61538461538
rent,RF + XGBoost Ensemble,4000000.0000000005,9361765.227780297,5361765.227780297,1.3404413069450742,muaban,Quận Bình Thạnh,Nhà đất cho thuê,Đất/đất nền,Phường 28,60,2,66666.66666666667
rent,RF + XGBoost Ensemble,79999999.9999996,55366805.15003137,24633194.849968225,0.30791493562460437,muaban,Quận 10,Nhà đất cho thuê,Đất/đất nền,Phường 11,110,8,727272.7272727273
rent,RF + XGBoost Ensemble,8999999.999999996,9902430.4288556315,902430.4288556352,0.10027004765062618,muaban,Quận Tân Phú,Căn hộ/Chung cư,Căn hộ,Không rõ,75,2,120000
rent,RF + XGBoost Ensemble,6999999.999999995,17587423.75703846,10587423.757038463,1.512489108148353,muaban,Quận 7,Văn phòng/Mặt bằng,Tòa nhà/văn phòng/mặt bằng,Phường Tân Phú,42,5,166666.66666666666
rent,RF + XGBoost Ensemble,4999999.999999999,4590635.648577783,409364.3514222158,0.08187287028444318,muaban,Quận Bình Tân,Kho xưởng,Tòa nhà/văn phòng/mặt bằng,Phường Bình Trị Đông,25,1,200000
rent,RF + XGBoost Ensemble,8999999.999999996,11982493.285302062,2982493.2853020653,0.3313881428113407,muaban,Quận Bình Thạnh,Căn hộ/Chung cư,Căn hộ,Không rõ,53,1,169811.320754717
rent,RF + XGBoost Ensemble,16999999.999999974,12246528.217105038,4753471.782894935,0.2796159872291143,muaban,Quận 10,Văn phòng/Mặt bằng,Tòa nhà/văn phòng/mặt bằng,Phường 8,21,5,809523.8095238095
rent,RF + XGBoost Ensemble,3500000.0000000056,5979199.415702187,2479199.415702182,0.7083426902006222,muaban,Quận Tân Phú,Kho xưởng,Tòa nhà/văn phòng/mặt bằng,Phường Sơn Kỳ,30,3,116666.66666666669
rent,RF + XGBoost Ensemble,3900000.000000008,6328716.351093123,2428716.351093115,0.6227477823315667,muaban,Quận 7,Căn hộ/Chung cư,Tòa nhà/văn phòng/mặt bằng,Phường Bình Thuận,30,1,130000
rent,RF + XGBoost Ensemble,90000000.00000004,22226326.043623317,67773673.95637673,0.7530408217375189,muaban,Thành phố Thủ Đức,Căn hộ/Chung cư,Tòa nhà/văn phòng/mặt bằng,Không rõ,90,2,1000000
rent,RF + XGBoost Ensemble,60000000.0000001,128465526.31479864,68465526.31479853,1.1410921052466403,muaban,Quận 12,Đất,Đất/đất nền,Phường Đông Hưng Thuận,1450,4,41379.31034482759
rent,RF + XGBoost Ensemble,2000000.0000000016,5756274.578465713,3756274.5784657113,1.878137289232854,muaban,Quận Gò Vấp,Nhà đất cho thuê,Đất/đất nền,Phường 14,23,2,86956.52173913043
rent,RF + XGBoost Ensemble,3400000.000000002,8428042.869151007,5028042.8691510055,1.478836137985589,muaban,Quận Bình Thạnh,Văn phòng/Mặt bằng,Tòa nhà/văn phòng/mặt bằng,Phường 13,30,5,113333.33333333331
rent,RF + XGBoost Ensemble,33000000.000000015,50374646.319057524,17374646.31905751,0.5265044339108333,muaban,Quận 12,Nhà đất cho thuê,Đất/đất nền,Phường Tân Chánh Hiệp,360,2,91666.66666666669
rent,RF + XGBoost Ensemble,2499999.9999999953,4745434.839149008,2245434.839149012,0.8981739356596066,muaban,Quận 12,Nhà đất cho thuê,Đất/đất nền,Phường Trung Mỹ Tây,24,2,104166.66666666669
rent,RF + XGBoost Ensemble,2700000,3631491.1639765445,931491.1639765445,0.34499672739872017,muaban,Quận 7,Phòng trọ,Phòng trọ,Không rõ,30,1,90000
rent,RF + XGBoost Ensemble,9999999.999999996,7476503.37463299,2523496.6253670063,0.2523496625367007,muaban,Quận 6,Nhà đất cho thuê,Đất/đất nền,Phường 13,56,2,178571.42857142858
rent,RF + XGBoost Ensemble,20000000.000000015,15197769.84028246,4802230.159717554,0.24011150798587752,muaban,Quận 3,Nhà đất cho thuê,Đất/đất nền,Phường 3,40,3,500000
rent,RF + XGBoost Ensemble,6000000,4195842.446356929,1804157.553643071,0.30069292560717853,muaban,Quận Tân Bình,Nhà đất cho thuê,Đất/đất nền,Phường 9,17.5,2,342857.14285714284
rent,RF + XGBoost Ensemble,24999999.999999963,19922378.097428415,5077621.902571548,0.2031048761028622,muaban,Quận 7,Nhà đất cho thuê,Đất/đất nền,Phường Tân Kiểng,80,2,312500
rent,RF + XGBoost Ensemble,1699999.9999999958,3141505.2723242654,1441505.2723242696,0.8479442778378078,muaban,Quận 10,Phòng trọ,Phòng trọ,Phường Vườn Lài,15,1,113333.33333333331
rent,RF + XGBoost Ensemble,8999999.999999996,16076249.576206218,7076249.576206222,0.7862499529118028,muaban,Quận 8,Căn hộ/Chung cư,Căn hộ,Không rõ,100,3,90000
rent,RF + XGBoost Ensemble,5500000.000000001,18403370.460332125,12903370.460332125,2.3460673564240224,muaban,Huyện Nhà Bè,Văn phòng/Mặt bằng,Tòa nhà/văn phòng/mặt bằng,Xã Hiệp Phước,50,5,110000
rent,RF + XGBoost Ensemble,13000000.000000013,19541059.401098307,6541059.401098294,0.503158415469099,muaban,Quận 5,Văn phòng/Mặt bằng,Tòa nhà/văn phòng/mặt bằng,Phường 1,48,5,270833.3333333333
rent,RF + XGBoost Ensemble,4999999.999999999,13608567.849480573,8608567.849480573,1.721713569896115,muaban,Quận Bình Tân,Kho xưởng,Tòa nhà/văn phòng/mặt bằng,Phường Tân Tạo,50,3,100000
rent,RF + XGBoost Ensemble,33000000.000000015,29129907.819733676,3870092.1802663393,0.11727552061413145,muaban,Quận 1,Văn phòng/Mặt bằng,Tòa nhà/văn phòng/mặt bằng,Phường Tân Định,56,3,589285.7142857143
rent,RF + XGBoost Ensemble,35000000.000000015,22897986.447529316,12102013.552470699,0.345771815784877,muaban,Quận Bình Thạnh,Nhà đất cho thuê,Đất/đất nền,Phường 13,180,2,194444.44444444444
rent,RF + XGBoost Ensemble,200000000.0000001,40770607.31504791,159229392.68495217,0.7961469634247605,muaban,Quận Bình Tân,Văn phòng/Mặt bằng,Tòa nhà/văn phòng/mặt bằng,Phường Bình Trị Đông B,170,5,1176470.5882352942
rent,RF + XGBoost Ensemble,13000000.000000013,14186672.802329255,1186672.8023292422,0.09128252325609547,muaban,Quận Tân Bình,Văn phòng/Mặt bằng,Tòa nhà/văn phòng/mặt bằng,Phường 9,45,5,288888.8888888889
rent,RF + XGBoost Ensemble,17999999.999999985,18615856.990708936,615856.9907089509,0.03421427726160841,muaban,Quận 8,Nhà đất cho thuê,Đất/đất nền,Phường 4,64,5,281250
rent,RF + XGBoost Ensemble,239999999.99999973,146297418.7592948,93702581.24070492,0.39042742183627094,mogi,Quận 5,Nhà phố,Nhà phố/nhà ở,Phường 3,140,10,1714285.7142857143
rent,RF + XGBoost Ensemble,16999999.999999974,21237903.302418366,4237903.302418392,0.24928842955402344,mogi,Quận 4,Căn hộ,Căn hộ,Phường 1,100,3,170000
rent,RF + XGBoost Ensemble,14000000.00000001,13890903.248343104,109096.75165690482,0.007792625118350339,mogi,Quận 4,Căn hộ,Căn hộ,Phường 1,83,2,168674.6987951807
rent,RF + XGBoost Ensemble,35000000.000000015,24967610.20613061,10032389.793869406,0.2866397083962686,mogi,Quận 7,Căn hộ,Căn hộ,Phường Tân Phú,67,0,522388.05970149254
rent,RF + XGBoost Ensemble,39999999.999999985,68978667.7966582,28978667.796658218,0.7244666949164558,mogi,Quận 7,Nhà phố,Tòa nhà/văn phòng/mặt bằng,Phường Tân Phú,160,0,250000
rent,RF + XGBoost Ensemble,92000000.0000001,68027468.2963793,23972531.703620806,0.2605709967784867,mogi,Quận 7,Bất động sản khác,Tòa nhà/văn phòng/mặt bằng,Phường Tân Phong,189,0,486772.4867724868
rent,RF + XGBoost Ensemble,6499999.999999999,6329953.350077529,170046.64992246963,0.02616102306499533,mogi,Quận 12,Bất động sản khác,Khác,Phường Tân Thới Nhất,51,1,127450.98039215688
rent,RF + XGBoost Ensemble,5499000.000000004,5432694.410358953,66305.58964105044,0.012057754071840406,mogi,Quận 7,Căn hộ,Căn hộ,Phường Phú Mỹ,30,1,183300
rent,RF + XGBoost Ensemble,8000000.000000002,7537857.546511763,462142.4534882391,0.05776780668602987,mogi,Quận 8,Căn hộ,Căn hộ,Phường 14,51,1,156862.74509803922
rent,RF + XGBoost Ensemble,12000000.000000007,7683193.105737055,4316806.894262953,0.35973390785524584,mogi,Quận 12,Căn hộ,Căn hộ,Phường Thạnh Xuân,63,2,190476.19047619047
rent,RF + XGBoost Ensemble,4199999.999999997,3986942.6981394556,213057.30186054157,0.0507279290144147,mogi,Quận Gò Vấp,Bất động sản khác,Khác,Phường 6,24,1,175000
rent,RF + XGBoost Ensemble,12000000.000000007,12018359.415276049,18359.415276041254,0.001529951273003437,mogi,Quận 3,Căn hộ,Căn hộ,Phường 12,81,2,148148.14814814815
rent,RF + XGBoost Ensemble,14000000.00000001,12883098.242921535,1116901.7570784744,0.07977869693417669,mogi,Quận 12,Bất động sản khác,Khác,Phường Đông Hưng Thuận,120,3,116666.66666666669
rent,RF + XGBoost Ensemble,16999999.999999974,16313999.948850648,686000.0511493254,0.0403529441852545,mogi,Quận Phú Nhuận,Căn hộ,Căn hộ,Phường 1,95,2,178947.36842105264
rent,RF + XGBoost Ensemble,8999999.999999996,13239677.885612855,4239677.885612858,0.47107532062365115,mogi,Quận Phú Nhuận,Căn hộ,Căn hộ,Phường 7,73,2,123287.67123287672
rent,RF + XGBoost Ensemble,11000000.000000013,11453262.347999651,453262.34799963795,0.041205667999967034,mogi,Quận Tân Bình,Căn hộ,Căn hộ,Phường 15,89,3,123595.50561797751
rent,RF + XGBoost Ensemble,16000000.000000026,12916557.804099185,3083442.1959008407,0.19271513724380224,mogi,Quận 3,Căn hộ,Căn hộ,Phường 6 (Phường Võ Thị Sáu),86,2,186046.51162790696
rent,RF + XGBoost Ensemble,11500000.000000019,10086383.193987872,1413616.8060121462,0.12292320052279512,mogi,Quận 12,Bất động sản khác,Khác,Phường Tân Thới Nhất,87,3,132183.908045977
rent,RF + XGBoost Ensemble,4999999.999999999,7579104.270862196,2579104.2708621966,0.5158208541724394,mogi,Quận 7,Căn hộ,Căn hộ,Phường Tân Quy,40,1,125000
rent,RF + XGBoost Ensemble,12000000.000000007,11714052.795257427,285947.20474258065,0.023828933728548374,mogi,Quận 3,Căn hộ,Căn hộ,Phường 11,85,2,141176.4705882353
rent,RF + XGBoost Ensemble,2800000.000000002,2688835.6435471433,111164.35645285854,0.03970155587602088,mogi,Thành phố Thủ Đức,Phòng/Cho thuê,Phòng trọ,Phường Long Trường,28,0,100000
rent,RF + XGBoost Ensemble,2599999.9999999986,2795831.2943588635,195831.2943588649,0.07531972859956346,mogi,Thành phố Thủ Đức,Phòng/Cho thuê,Phòng trọ,Phường Long Trường,28,0,92857.14285714286
rent,RF + XGBoost Ensemble,3900000.000000008,4146150.2734002117,246150.2734002038,0.06311545471800084,mogi,Quận 12,Bất động sản khác,Căn hộ,Phường An Phú Đông,30,1,130000
rent,RF + XGBoost Ensemble,11000000.000000013,11503006.668867914,503006.66886790097,0.045727878987990946,mogi,Quận 11,Căn hộ,Căn hộ,Phường 10,72,2,152777.77777777778
rent,RF + XGBoost Ensemble,8000000.000000002,9957109.556432799,1957109.5564327966,0.24463869455409953,mogi,Quận Bình Thạnh,Căn hộ,Căn hộ,Phường 7,60,1,133333.33333333334
rent,RF + XGBoost Ensemble,10499999.999999994,9917874.290068846,582125.7099311482,0.05544054380296653,mogi,Quận Tân Phú,Căn hộ,Căn hộ,Phường Hòa Thạnh,72,2,145833.33333333334
rent,RF + XGBoost Ensemble,5400000.000000005,4669418.91475414,730581.0852458645,0.13529279356404886,mogi,Quận Tân Bình,Bất động sản khác,Căn hộ,Phường 14,25,2,216000
rent,RF + XGBoost Ensemble,12000000.000000007,12518720.008679762,518720.00867975503,0.04322666738997956,mogi,Quận 7,Bất động sản khác,Biệt thự/cao cấp,Phường Tân Hưng,45,1,266666.6666666667
rent,RF + XGBoost Ensemble,12499999.999999985,11633689.750488702,866310.2495112829,0.06930481996090271,mogi,Quận Tân Phú,Bất động sản khác,Khác,Phường Sơn Kỳ,91,3,137362.63736263735
rent,RF + XGBoost Ensemble,8999999.999999996,12188137.519351877,3188137.519351881,0.35423750215020916,luachonnhadat,Quận Bình Tân,Nhà phố,Nhà phố/nhà ở,Không rõ,35,4,257142.85714285713
rent,RF + XGBoost Ensemble,4999999.999999999,4671443.999022599,328556.00097739976,0.06571120019547996,mogi,Quận Gò Vấp,Căn hộ,Căn hộ,Phường 5,35,1,142857.14285714287
rent,RF + XGBoost Ensemble,3799999.9999999995,3967574.3875592933,167574.38755929377,0.04409852304191942,mogi,Quận 12,Căn hộ,Căn hộ,Phường Thạnh Lộc,35,1,108571.42857142857
rent,RF + XGBoost Ensemble,4000000.0000000005,3852341.3319932553,147658.66800674517,0.03691466700168629,mogi,Quận 12,Căn hộ,Căn hộ,Phường Tân Thới Nhất,30,1,133333.33333333334
rent,RF + XGBoost Ensemble,5500000.000000001,5129053.196191889,370946.8038081117,0.06744487341965666,mogi,Quận Gò Vấp,Căn hộ,Căn hộ,Phường 6,40,1,137500
rent,RF + XGBoost Ensemble,4999999.999999999,4633557.310241345,366442.68975865375,0.07328853795173076,mogi,Quận Gò Vấp,Căn hộ,Căn hộ,Phường 6,35,1,142857.14285714287
rent,RF + XGBoost Ensemble,4300000.000000002,4110873.13676949,189126.863230512,0.04398299144895626,mogi,Quận 12,Căn hộ,Căn hộ,Phường Đông Hưng Thuận,35,1,122857.14285714286
rent,RF + XGBoost Ensemble,3000000.000000001,2925988.408207771,74011.59179223003,0.024670530597410003,mogi,Quận Tân Phú,Bất động sản khác,Khác,Phường Tân Quý,45,0,66666.66666666667
rent,RF + XGBoost Ensemble,3000000.000000001,3035735.8231409537,35735.823140952736,0.011911941046984242,mogi,Quận Gò Vấp,Bất động sản khác,Khác,Phường 14,45,0,66666.66666666667
rent,RF + XGBoost Ensemble,3000000.000000001,2885988.8873063447,114011.11269365624,0.03800370423121873,mogi,Quận 4,Bất động sản khác,Khác,Phường 3,45,0,66666.66666666667
rent,RF + XGBoost Ensemble,3000000.000000001,3857065.343273132,857065.3432731312,0.2856884477577103,mogi,Quận 1,Bất động sản khác,Khác,Phường Cô Giang,50,0,60000
rent,RF + XGBoost Ensemble,3000000.000000001,4499252.465937388,1499252.4659373872,0.4997508219791289,mogi,Quận 3,Bất động sản khác,Khác,Phường 13,50,0,60000
rent,RF + XGBoost Ensemble,3500000.0000000056,3189069.923996589,310930.07600341644,0.08883716457240455,mogi,Quận Bình Thạnh,Bất động sản khác,Khác,Phường 13,45,0,77777.77777777778
rent,RF + XGBoost Ensemble,3000000.000000001,4231250.547242267,1231250.5472422661,0.41041684908075526,mogi,Quận Tân Phú,Bất động sản khác,Khác,Phường Tân Quý,45,0,66666.66666666667
rent,RF + XGBoost Ensemble,5500000.000000001,6088022.686980376,588022.6869803751,0.10691321581461363,mogi,Thành phố Thủ Đức,Căn hộ,Căn hộ,Phường Phước Long B,50,2,110000
rent,RF + XGBoost Ensemble,3000000.000000001,4513371.21783726,1513371.2178372592,0.5044570726124196,mogi,Quận Bình Thạnh,Bất động sản khác,Khác,Phường 11,50,0,60000
rent,RF + XGBoost Ensemble,3000000.000000001,3183022.8984925183,183022.89849251742,0.06100763283083912,mogi,Quận Bình Thạnh,Bất động sản khác,Khác,Phường 25,45,0,66666.66666666667
rent,RF + XGBoost Ensemble,3000000.000000001,3137135.14172212,137135.14172211895,0.04571171390737297,mogi,Quận Bình Thạnh,Bất động sản khác,Khác,Phường 5,45,0,66666.66666666667
rent,RF + XGBoost Ensemble,6800000,6015824.14902298,784175.8509770203,0.11531997808485593,mogi,Thành phố Thủ Đức,Căn hộ,Căn hộ,Phường Phú Hữu,55,2,123636.36363636365
rent,RF + XGBoost Ensemble,3000000.000000001,3099839.8940288387,99839.89402883779,0.03327996467627926,mogi,Quận Gò Vấp,Bất động sản khác,Khác,Phường 3,45,0,66666.66666666667
rent,RF + XGBoost Ensemble,3500000.0000000056,4393698.272636784,893698.2726367787,0.25534236361050777,mogi,Quận 3,Bất động sản khác,Khác,Phường 9,50,0,70000
rent,RF + XGBoost Ensemble,3500000.0000000056,3363409.6150802015,136590.38491980406,0.039025824262801094,mogi,Quận Gò Vấp,Bất động sản khác,Khác,Phường 12,50,0,70000
rent,RF + XGBoost Ensemble,6000000,5987158.942355142,12841.057644858025,0.002140176274143004,mogi,Thành phố Thủ Đức,Căn hộ,Căn hộ,Phường Phú Hữu,55,2,109090.90909090907
rent,RF + XGBoost Ensemble,3000000.000000001,3975781.528520476,975781.5285204751,0.32526050950682495,mogi,Quận Bình Tân,Bất động sản khác,Khác,Phường Bình Hưng Hòa A,50,0,60000
rent,RF + XGBoost Ensemble,4799999.999999999,4914639.722166271,114639.72216627188,0.023883275451306647,mogi,Thành phố Thủ Đức,Căn hộ,Căn hộ,Phường Linh Trung,40,1,120000
rent,RF + XGBoost Ensemble,3500000.0000000056,5124026.580836766,1624026.5808367608,0.46400759452478807,mogi,Thành phố Thủ Đức,Căn hộ,Căn hộ,Phường Hiệp Phú,40,1,87500
rent,RF + XGBoost Ensemble,4300000.000000002,6079193.640823794,1779193.6408237917,0.41376596298227697,mogi,Thành phố Thủ Đức,Bất động sản khác,Căn hộ,Phường Phước Long B,50,1,86000
rent,RF + XGBoost Ensemble,4999999.999999999,4308095.152366298,691904.8476337008,0.1383809695267402,mogi,Thành phố Thủ Đức,Bất động sản khác,Khác,Phường Phước Long A,40,1,125000
rent,RF + XGBoost Ensemble,4199999.999999997,4990539.0733742975,790539.0733743003,0.18822358889864305,mogi,Thành phố Thủ Đức,Căn hộ,Căn hộ,Phường Tăng Nhơn Phú B,40,1,105000
rent,RF + XGBoost Ensemble,4999999.999999999,18118130.166866813,13118130.166866813,2.623626033373363,mogi,Thành phố Thủ Đức,Bất động sản khác,Tòa nhà/văn phòng/mặt bằng,Phường Linh Đông,80,0,62500
rent,RF + XGBoost Ensemble,3500000.0000000056,5481313.477323277,1981313.4773232713,0.5660895649495052,mogi,Thành phố Thủ Đức,Căn hộ,Căn hộ,Phường Linh Xuân,25,1,140000
rent,RF + XGBoost Ensemble,3000000.000000001,3725066.872453989,725066.8724539881,0.24168895748466263,mogi,Quận 8,Bất động sản khác,Khác,Phường 11,45,0,66666.66666666667
rent,RF + XGBoost Ensemble,251999999.99999994,291376429.1666144,39376429.16661447,0.15625567129608922,mogi,Quận 1,Nhà phố,Tòa nhà/văn phòng/mặt bằng,Phường Bến Nghé,500,0,504000
rent,RF + XGBoost Ensemble,9999999.999999996,20686898.00482325,10686898.004823253,1.0686898004823258,homedy,Huyện Nhà Bè,Căn hộ,Căn hộ,Xã Phước Kiển,85,2,117647.0588235294
rent,RF + XGBoost Ensemble,4799999.999999999,4156052.4329965664,643947.5670034327,0.13415574312571515,mogi,Quận 12,Bất động sản khác,Khác,Phường An Phú Đông,30,1,160000
rent,RF + XGBoost Ensemble,3099999.9999999986,3837970.1764433347,737970.1764433361,0.2380548956268827,mogi,Quận 12,Bất động sản khác,Căn hộ,Phường Trung Mỹ Tây,22,1,140909.0909090909
rent,RF + XGBoost Ensemble,4999999.999999999,4229448.426330852,770551.5736691467,0.15411031473382938,mogi,Quận 12,Nhà phố,Căn hộ,Phường Đông Hưng Thuận,28,1,178571.42857142858
rent,RF + XGBoost Ensemble,4900000.000000004,5316368.573721051,416368.5737210475,0.08497317831041779,mogi,Quận Tân Bình,Căn hộ,Căn hộ,Phường 4,25,1,196000
rent,RF + XGBoost Ensemble,5500000.000000001,6284764.7337826835,784764.7337826826,0.1426844970513968,mogi,Quận Tân Bình,Căn hộ,Căn hộ,Phường 2,35,1,157142.85714285713
rent,RF + XGBoost Ensemble,4999999.999999999,7207572.300106282,2207572.3001062833,0.4415144600212567,mogi,Quận Tân Bình,Bất động sản khác,Căn hộ,Phường 13,45,1,111111.11111111112
rent,RF + XGBoost Ensemble,6499999.999999999,6172966.392456156,327033.60754384287,0.05031286269905275,mogi,Quận Tân Bình,Căn hộ,Căn hộ,Phường 1,32,1,203125
rent,RF + XGBoost Ensemble,16000000.000000026,17654333.259186134,1654333.2591861077,0.10339582869913157,mogi,Quận 5,Căn hộ,Căn hộ,Phường 11,102,3,156862.74509803922
rent,RF + XGBoost Ensemble,9999999.999999996,11542614.786477469,1542614.7864774726,0.1542614786477473,mogi,Quận Gò Vấp,Căn hộ,Căn hộ,Phường 14,90,3,111111.11111111112
rent,RF + XGBoost Ensemble,3400000.000000002,3795570.2860932313,395570.2860932294,0.11634420179212623,mogi,Quận 12,Bất động sản khác,Khác,Phường Tân Chánh Hiệp,28,1,121428.57142857143
rent,RF + XGBoost Ensemble,9999999.999999996,11005822.036535406,1005822.0365354102,0.10058220365354106,mogi,Quận Tân Bình,Căn hộ,Căn hộ,Phường 15,87,2,114942.52873563218
rent,RF + XGBoost Ensemble,2349999.999999999,2861801.1351141557,511801.13511415664,0.21778771706985398,mogi,Quận Phú Nhuận,Bất động sản khác,Khác,Phường 11,10,0,235000
rent,RF + XGBoost Ensemble,3889999.9999999977,4675086.035445086,785086.035445088,0.20182160294218213,mogi,Quận 3,Bất động sản khác,Khác,Phường 6 (Phường Võ Thị Sáu),30,0,129666.66666666669
rent,RF + XGBoost Ensemble,7500000.000000002,9181829.56935781,1681829.5693578087,0.2242439425810411,mogi,Quận 1,Căn hộ,Căn hộ,Phường 22,40,1,187500
rent,RF + XGBoost Ensemble,11000000.000000013,14812940.520534908,3812940.5205348954,0.3466309564122628,mogi,Quận 10,Căn hộ,Căn hộ,Phường 14,85,2,129411.76470588236
rent,RF + XGBoost Ensemble,19000000.000000015,14457529.54421449,4542470.455785524,0.23907739240976425,mogi,Quận Phú Nhuận,Bất động sản khác,Khác,Phường 8,87,2,218390.80459770115
rent,RF + XGBoost Ensemble,12000000.000000007,12243027.685164802,243027.68516479433,0.020252307097066182,homedy,Thành phố Thủ Đức,Bất động sản khác,Khác,Phường Long Thạnh Mỹ,75,2,160000
rent,RF + XGBoost Ensemble,30000000.00000005,29791629.948277485,208370.0517225638,0.006945668390752116,mogi,Quận 7,Nhà phố,Nhà phố/nhà ở,Phường Tân Phong,100,3,300000
rent,RF + XGBoost Ensemble,62000000.000000045,49043776.59425897,12956223.405741073,0.20897134525388814,mogi,Quận 7,Nhà phố,Nhà phố/nhà ở,Phường Tân Phú,140,3,442857.1428571429
rent,RF + XGBoost Ensemble,65999999.999999985,51184188.61227867,14815811.387721315,0.22448199072305028,mogi,Quận 7,Bất động sản khác,Khác,Phường Tân Phú,140,3,471428.5714285714
rent,RF + XGBoost Ensemble,4300000.000000002,4607147.346991887,307147.34699188545,0.07142961557950821,mogi,Quận Gò Vấp,Căn hộ,Căn hộ,Phường 12,35,1,122857.14285714286
rent,RF + XGBoost Ensemble,5500000.000000001,4962035.538647846,537964.4613521546,0.09781172024584628,mogi,Quận Gò Vấp,Căn hộ,Căn hộ,Phường 5,40,1,137500
rent,RF + XGBoost Ensemble,5500000.000000001,5015332.290477049,484667.7095229523,0.08812140173144586,mogi,Quận Gò Vấp,Căn hộ,Căn hộ,Phường 6,40,1,137500
rent,RF + XGBoost Ensemble,5500000.000000001,5707686.891772499,207686.89177249838,0.037761253049545154,mogi,Quận Tân Bình,Căn hộ,Căn hộ,Phường 15,40,1,137500
rent,RF + XGBoost Ensemble,4999999.999999999,5153004.056300818,153004.05630081892,0.03060081126016379,mogi,Quận Tân Bình,Căn hộ,Căn hộ,Phường 15,35,1,142857.14285714287
rent,RF + XGBoost Ensemble,4799999.999999999,4369243.23767874,430756.7623212589,0.08974099215026228,mogi,Quận 12,Căn hộ,Căn hộ,Phường An Phú Đông,35,1,137142.85714285713
rent,RF + XGBoost Ensemble,4999999.999999999,4755180.612728914,244819.38727108482,0.04896387745421697,mogi,Quận 12,Căn hộ,Căn hộ,Phường An Phú Đông,40,1,125000
rent,RF + XGBoost Ensemble,4999999.999999999,5487066.530905701,487066.53090570215,0.09741330618114045,mogi,Quận Gò Vấp,Căn hộ,Căn hộ,Phường 3,40,1,125000
rent,RF + XGBoost Ensemble,4999999.999999999,5524086.302951102,524086.3029511031,0.10481726059022063,mogi,Quận Gò Vấp,Căn hộ,Căn hộ,Phường 5,40,2,125000
rent,RF + XGBoost Ensemble,4999999.999999999,4920246.002438045,79753.99756195396,0.015950799512390795,mogi,Quận Gò Vấp,Căn hộ,Căn hộ,Phường 8,40,1,125000
rent,RF + XGBoost Ensemble,4300000.000000002,4570235.487549952,270235.48754995037,0.06284546222091866,mogi,Quận Gò Vấp,Căn hộ,Căn hộ,Phường 6,35,1,122857.14285714286
rent,RF + XGBoost Ensemble,13000000.000000013,10416855.871671798,2583144.1283282153,0.1987033944867856,mogi,Quận 7,Căn hộ,Căn hộ,Phường Tân Kiểng,50,1,260000
rent,RF + XGBoost Ensemble,2000000.0000000016,2797122.6480062394,797122.6480062378,0.39856132400311856,homedy,Quận Bình Tân,Phòng/Cho thuê,Phòng trọ,Phường Bình Hưng Hòa - Quận Bình Tân,25,0,80000
rent,RF + XGBoost Ensemble,11500000.000000019,15824941.480944423,4324941.480944404,0.37608186790820847,mogi,Quận 10,Căn hộ,Căn hộ,Phường 2,86,2,133720.93023255814
rent,RF + XGBoost Ensemble,8499999.999999998,7684943.230171928,815056.76982807,0.09588903174447884,mogi,Quận 10,Căn hộ,Căn hộ,Phường 13,35,1,242857.14285714287
rent,RF + XGBoost Ensemble,12000000.000000007,10720165.942825943,1279834.0571740642,0.10665283809783861,mogi,Quận 7,Căn hộ,Căn hộ,Phường Tân Hưng,50,1,240000
rent,RF + XGBoost Ensemble,20000000.000000015,23628189.766173787,3628189.7661737725,0.1814094883086885,mogi,Quận 7,Nhà phố,Biệt thự/cao cấp,Phường Tân Phú,90,2,222222.22222222225
rent,RF + XGBoost Ensemble,30000000.00000005,29082398.00005815,917601.9999418966,0.030586733331396505,mogi,Quận 7,Căn hộ,Căn hộ,Phường Tân Phú,120,3,250000
rent,RF + XGBoost Ensemble,17999999.999999985,20590986.403058626,2590986.4030586407,0.1439436890588135,mogi,Quận 7,Nhà phố,Nhà phố/nhà ở,Phường Tân Phú,89,2,202247.19101123596
rent,RF + XGBoost Ensemble,26999999.999999993,27329373.100899845,329373.1008998528,0.012199003737031588,mogi,Quận 7,Bất động sản khác,Khác,Phường Tân Phú,110,3,245454.54545454544
rent,RF + XGBoost Ensemble,22000000.000000007,23303441.60992013,1303441.6099201217,0.05924734590546006,mogi,Quận 7,Nhà phố,Biệt thự/cao cấp,Phường Tân Phú,80,2,275000
rent,RF + XGBoost Ensemble,20000000.000000015,21589085.2099715,1589085.2099714838,0.07945426049857413,mogi,Quận 7,Căn hộ,Căn hộ,Phường Phú Mỹ,90,3,222222.22222222225
rent,RF + XGBoost Ensemble,24999999.999999963,24376742.545667313,623257.4543326497,0.024930298173306026,mogi,Quận 7,Nhà phố,Đất/đất nền,Phường Tân Phú,110,3,227272.7272727273
rent,RF + XGBoost Ensemble,24999999.999999963,28651816.02111343,3651816.0211134665,0.1460726408445389,mogi,Quận 7,Căn hộ,Căn hộ,Phường Tân Phú,120,3,208333.33333333337
rent,RF + XGBoost Ensemble,17999999.999999985,19614869.579292458,1614869.5792924725,0.08971497662735965,mogi,Quận 7,Căn hộ,Căn hộ,Phường Tân Phú,89,2,202247.19101123596
rent,RF + XGBoost Ensemble,31999999.999999955,26833119.697596524,5166880.302403431,0.16146500945010744,mogi,Quận 7,Căn hộ,Căn hộ,Phường Tân Phú,120,2,266666.6666666667
rent,RF + XGBoost Ensemble,20999999.99999998,20931142.63646658,68857.3635334,0.0032789220730190505,mogi,Quận 7,Căn hộ,Căn hộ,Phường Tân Phú,80,2,262500
rent,RF + XGBoost Ensemble,30000000.00000005,46103032.13086019,16103032.130860139,0.5367677376953371,mogi,Quận 7,Căn hộ,Căn hộ,Phường Tân Phú,164,3,182926.82926829267
rent,RF + XGBoost Ensemble,30000000.00000005,36344115.27928277,6344115.279282723,0.21147050930942374,mogi,Quận 7,Căn hộ,Căn hộ,Phường Tân Phú,130,3,230769.2307692308
rent,RF + XGBoost Ensemble,17999999.999999985,20667789.32095001,2667789.320950024,0.148210517830557,mogi,Quận 7,Căn hộ,Căn hộ,Phường Tân Phú,91,2,197802.1978021978
rent,RF + XGBoost Ensemble,15000000.00000001,20732424.393774256,5732424.393774247,0.3821616262516162,mogi,Quận 3,Nhà phố,Nhà phố/nhà ở,Phường 6 (Phường Võ Thị Sáu),85,2,176470.58823529413
rent,RF + XGBoost Ensemble,28999999.999999948,33032477.05100503,4032477.0510050803,0.13905093279327888,mogi,Quận 7,Căn hộ,Căn hộ,Phường Tân Phú,130,3,223076.92307692303
rent,RF + XGBoost Ensemble,22999999.999999974,26081666.99917063,3081666.9991706572,0.1339855217030722,mogi,Quận 7,Bất động sản khác,Khác,Phường Tân Phú,100,3,230000
rent,RF + XGBoost Ensemble,30000000.00000005,19503722.42155186,10496277.578448188,0.34987591928160566,mogi,Quận 7,Bất động sản khác,Khác,Phường Tân Phú,78,2,384615.3846153846
rent,RF + XGBoost Ensemble,24999999.999999963,26793027.322205532,1793027.3222055696,0.07172109288822288,mogi,Quận 7,Căn hộ,Căn hộ,Phường Tân Phú,120,3,208333.33333333337
rent,RF + XGBoost Ensemble,24999999.999999963,22460991.975616798,2539008.024383165,0.10156032097532675,mogi,Quận 7,Nhà phố,Nhà phố/nhà ở,Phường Phú Mỹ,81,2,308641.97530864197
rent,RF + XGBoost Ensemble,69999999.99999967,37467309.78442783,32532690.215571843,0.4647527173653142,mogi,Quận 7,Bất động sản khác,Biệt thự/cao cấp,Phường Tân Phong,140,3,500000
rent,RF + XGBoost Ensemble,25999999.999999985,25956515.314326018,43484.685673967004,0.0016724879105371934,mogi,Quận 7,Bất động sản khác,Đất/đất nền,Phường Tân Phú,118,3,220338.98305084743
rent,RF + XGBoost Ensemble,22000000.000000007,21800293.54486572,199706.45513428748,0.00907756614246761,mogi,Quận 7,Nhà phố,Nhà phố/nhà ở,Phường Phú Mỹ,80,2,275000
rent,RF + XGBoost Ensemble,17999999.999999985,18115508.060821004,115508.06082101911,0.006417114490056623,mogi,Quận 7,Căn hộ,Căn hộ,Phường Phú Mỹ,70,2,257142.85714285713
rent,RF + XGBoost Ensemble,35000000.000000015,24801181.661227223,10198818.338772792,0.2913948096792225,mogi,Quận 7,Căn hộ,Căn hộ,Phường Phú Mỹ,106,3,330188.679245283
rent,RF + XGBoost Ensemble,22999999.999999974,18738086.59090801,4261913.409091964,0.18530058300399865,mogi,Quận 7,Nhà phố,Nhà phố/nhà ở,Phường Phú Mỹ,78,2,294871.7948717949
rent,RF + XGBoost Ensemble,27999999.99999999,23493054.667373605,4506945.332626384,0.1609623333080852,mogi,Quận 7,Bất động sản khác,Khác,Phường Tân Phú,98,2,285714.28571428574
rent,RF + XGBoost Ensemble,90000000.00000004,49466063.957678735,40533936.04232131,0.45037706713690323,homedy,Thành phố Thủ Đức,Nhà phố,Nhà phố/nhà ở,Phường Thảo Điền - Quận 2,140,0,642857.1428571428
rent,RF + XGBoost Ensemble,16999999.999999974,17995878.52291067,995878.5229106955,0.05858108958298218,homedy,Quận Phú Nhuận,Căn hộ,Căn hộ,Phường 1,97,0,175257.7319587629
rent,RF + XGBoost Ensemble,13499999.999999993,18419538.59459102,4919538.594591029,0.36441026626600237,mogi,Quận 10,Căn hộ,Căn hộ,Phường 15,97,3,139175.25773195876
rent,RF + XGBoost Ensemble,12000000.000000007,9882515.282437233,2117484.717562774,0.17645705979689774,mogi,Quận Tân Phú,Căn hộ,Căn hộ,Phường Tân Thành,80,2,150000
rent,RF + XGBoost Ensemble,7500000.000000002,7858513.795693051,358513.7956930492,0.04780183942573988,mogi,Quận 12,Bất động sản khác,Khác,Phường Tân Thới Nhất,57,2,131578.94736842104
rent,RF + XGBoost Ensemble,14000000.00000001,17763180.017946694,3763180.0179466847,0.2687985727104773,mogi,Quận 3,Căn hộ,Căn hộ,Phường 11,110,3,127272.72727272728
rent,RF + XGBoost Ensemble,11000000.000000013,12640644.566465218,1640644.5664652046,0.14914950604229116,mogi,Quận 11,Bất động sản khác,Khác,Phường 10,71,2,154929.57746478874
rent,RF + XGBoost Ensemble,10499999.999999994,9563620.736183623,936379.2638163716,0.08917897750632114,mogi,Quận Tân Phú,Bất động sản khác,Khác,Phường Hòa Thạnh,76,2,138157.8947368421
rent,RF + XGBoost Ensemble,50000000.00000009,35931094.597804524,14068905.402195565,0.2813781080439108,mogi,Quận 7,Bất động sản khác,Biệt thự/cao cấp,Phường Tân Phong,130,3,384615.3846153846
rent,RF + XGBoost Ensemble,30000000.00000005,32671241.257557005,2671241.2575569563,0.0890413752518984,mogi,Quận 7,Căn hộ,Căn hộ,Phường Tân Phong,130,3,230769.2307692308
rent,RF + XGBoost Ensemble,24000000,32395616.181116648,8395616.181116648,0.34981734087986033,mogi,Quận 7,Nhà phố,Biệt thự/cao cấp,Phường Tân Phú,98,3,244897.95918367343
rent,RF + XGBoost Ensemble,28999999.999999948,27331805.1129284,1668194.8870715462,0.057523961623156865,mogi,Quận 7,Bất động sản khác,Khác,Phường Tân Phong,118,3,245762.71186440677
rent,RF + XGBoost Ensemble,22999999.999999974,27607845.3509717,4607845.350971725,0.20034110221616216,mogi,Quận 7,Căn hộ,Căn hộ,Phường Tân Phú,124,3,185483.8709677419
rent,RF + XGBoost Ensemble,46999999.99999998,46958652.507391766,41347.492608211935,8.797338852811054e-4,mogi,Quận 7,Nhà phố,Tòa nhà/văn phòng/mặt bằng,Phường Phú Mỹ,149,0,315436.2416107383
rent,RF + XGBoost Ensemble,35000000.000000015,21774028.159599185,13225971.84040083,0.37788490972573785,luachonnhadat,Quận Bình Tân,Nhà phố,Nhà phố/nhà ở,Không rõ,84,4,416666.6666666667
rent,RF + XGBoost Ensemble,14000000.00000001,15313843.793355787,1313843.7933557779,0.09384598523969835,homedy,Quận Tân Bình,Bất động sản khác,Khác,Phường 12,97,0,144329.8969072165
rent,RF + XGBoost Ensemble,9500000.000000015,9828783.007594666,328783.0075946506,0.03460873764154212,homedy,Quận Tân Phú,Bất động sản khác,Khác,Phường Hòa Thạnh,76,2,125000
rent,RF + XGBoost Ensemble,12000000.000000007,12312198.595901897,312198.5959018897,0.026016549658490793,homedy,Quận 3,Căn hộ,Căn hộ,Phường 12,81,0,148148.14814814815
rent,RF + XGBoost Ensemble,219999999.99999964,205031746.35437208,14968253.645627558,0.06803751657103446,chotot,Quận Bình Tân,"Văn phòng, Mặt bằng kinh doanh",Tòa nhà/văn phòng/mặt bằng,Phường Bình Hưng Hoà A,200,1,1100000
rent,RF + XGBoost Ensemble,350000000.00000036,150578454.74114725,199421545.2588531,0.5697758435967226,chotot,Huyện Bình Chánh,"Văn phòng, Mặt bằng kinh doanh",Tòa nhà/văn phòng/mặt bằng,Xã Vĩnh Lộc B,250,1,1400000
rent,RF + XGBoost Ensemble,389999999.9999996,146372913.54741916,243627086.45258042,0.6246848370578992,chotot,Thành phố Thủ Đức,"Văn phòng, Mặt bằng kinh doanh",Tòa nhà/văn phòng/mặt bằng,Phường Tân Phú (Quận 9 cũ),300,1,1300000
rent,RF + XGBoost Ensemble,3500000.0000000056,3279754.7664543646,220245.23354564095,0.06292720958446875,homedy,Quận Bình Thạnh,Phòng/Cho thuê,Phòng trọ,Phường 26,18,0,194444.44444444444
rent,RF + XGBoost Ensemble,350000000.00000036,195601197.13387325,154398802.8661271,0.4411394367603627,chotot,Quận Bình Tân,"Văn phòng, Mặt bằng kinh doanh",Tòa nhà/văn phòng/mặt bằng,Phường Bình Trị Đông B,210,1,1666666.6666666667
rent,RF + XGBoost Ensemble,350000000.00000036,219251994.83498722,130748005.16501313,0.3735657290428943,chotot,Quận 3,"Văn phòng, Mặt bằng kinh doanh",Tòa nhà/văn phòng/mặt bằng,Phường Võ Thị Sáu,250,1,1400000
rent,RF + XGBoost Ensemble,99999999.99999991,78091450.65267926,21908549.347320646,0.21908549347320666,chotot,Quận Gò Vấp,"Văn phòng, Mặt bằng kinh doanh",Tòa nhà/văn phòng/mặt bằng,Phường 1,50,1,2000000
rent,RF + XGBoost Ensemble,195000000.0000003,117007590.85246785,77992409.14753245,0.39996107255144786,chotot,Quận Tân Bình,"Văn phòng, Mặt bằng kinh doanh",Tòa nhà/văn phòng/mặt bằng,Phường 13,80,1,2437500
rent,RF + XGBoost Ensemble,150000000.00000077,132191024.57931007,17808975.4206907,0.11872650280460406,chotot,Quận 11,"Văn phòng, Mặt bằng kinh doanh",Tòa nhà/văn phòng/mặt bằng,Phường 7,120,1,1250000
rent,RF + XGBoost Ensemble,129999999.99999997,84631807.78795996,45368192.21204001,0.3489860939387694,chotot,Quận 3,"Văn phòng, Mặt bằng kinh doanh",Tòa nhà/văn phòng/mặt bằng,Phường 5,66,1,1969696.9696969695
rent,RF + XGBoost Ensemble,99999999.99999991,60125304.11836561,39874695.8816343,0.39874695881634337,alonhadat,Quận Bình Tân,Văn phòng/Mặt bằng,Tòa nhà/văn phòng/mặt bằng,Phường An Lạc,200,6,500000
rent,RF + XGBoost Ensemble,350000000.00000036,322669002.2334623,27330997.766538084,0.07808856504725159,alonhadat,Quận 3,Văn phòng/Mặt bằng,Tòa nhà/văn phòng/mặt bằng,Phường Xuân Hòa,1000,3,350000
rent,RF + XGBoost Ensemble,179999999.9999997,78350623.96920711,101649376.0307926,0.5647187557266264,alonhadat,Quận Tân Bình,Văn phòng/Mặt bằng,Tòa nhà/văn phòng/mặt bằng,Phường Tân Hòa,560,5,321428.5714285714
rent,RF + XGBoost Ensemble,200000000.0000001,75860089.31172502,124139910.68827507,0.6206995534413751,luachonnhadat,Quận Bình Tân,Nhà phố,Nhà phố/nhà ở,Không rõ,168,4,1190476.1904761903
rent,RF + XGBoost Ensemble,16999999.999999974,12955673.797706567,4044326.202293407,0.23790154131137725,homedy,Quận Bình Thạnh,Bất động sản khác,Khác,Phường 22,55,0,309090.9090909091
rent,RF + XGBoost Ensemble,9999999.999999996,21364513.705337882,11364513.705337886,1.136451370533789,homedy,Huyện Nhà Bè,Căn hộ,Căn hộ,Xã Phước Kiển,96,2,104166.66666666669
rent,RF + XGBoost Ensemble,79999999.9999996,43935651.185214415,36064348.81478518,0.45080436018481707,homedy,Thành phố Thủ Đức,Bất động sản khác,Biệt thự/cao cấp,Phường Thảo Điền,144,0,555555.5555555555
rent,RF + XGBoost Ensemble,6999999.999999995,7572198.87698911,572198.876989115,0.08174269671273077,homedy,Huyện Bình Chánh,Căn hộ,Căn hộ,Xã Bình Hưng,40,2,175000
rent,RF + XGBoost Ensemble,24999999.999999963,19700274.30048248,5299725.699517481,0.21198902798069955,luachonnhadat,Quận Bình Tân,Nhà phố,Nhà phố/nhà ở,Không rõ,92,4,271739.1304347826
rent,RF + XGBoost Ensemble,22999999.999999974,19141031.375066847,3858968.6249331273,0.16778124456231008,luachonnhadat,Quận Bình Tân,Nhà phố,Nhà phố/nhà ở,Không rõ,80,4,287500
rent,RF + XGBoost Ensemble,99999999.99999991,74245859.81932493,25754140.180674985,0.25754140180675006,luachonnhadat,Quận Bình Tân,Nhà phố,Nhà phố/nhà ở,Không rõ,200,4,500000
rent,RF + XGBoost Ensemble,10499999.999999994,25323681.08271284,14823681.082712846,1.4117791507345574,homedy,Quận 7,Bất động sản khác,Khác,Phường Tân Hưng,100,3,105000
rent,RF + XGBoost Ensemble,7500000.000000002,8636374.105133902,1136374.1051339004,0.1515165473511867,homedy,Quận 12,Bất động sản khác,Khác,Phường Tân Thới Nhất,57,0,131578.94736842104
rent,RF + XGBoost Ensemble,129999999.99999997,106190529.76730333,23809470.232696638,0.1831497710207434,luachonnhadat,Quận 6,Nhà phố,Nhà phố/nhà ở,Không rõ,210,4,619047.619047619
rent,RF + XGBoost Ensemble,30000000.00000005,24214864.08523596,5785135.914764088,0.19283786382546927,homedy,Quận 4,Căn hộ,Căn hộ,Phường 1,117,3,256410.2564102564
rent,RF + XGBoost Ensemble,8000000.000000002,13147132.81536223,5147132.815362228,0.6433916019202783,homedy,Quận Tân Phú,Nhà phố,Nhà phố/nhà ở,Phường Phú Thọ Hòa,68,2,117647.0588235294
rent,RF + XGBoost Ensemble,30000000.00000005,35563943.306368686,5563943.306368638,0.1854647768789543,luachonnhadat,Quận Bình Tân,Nhà phố,Nhà phố/nhà ở,Không rõ,129,4,232558.13953488372
rent,RF + XGBoost Ensemble,30999999.999999978,23622119.257715862,7377880.742284115,0.23799615297690713,homedy,Thành phố Thủ Đức,Bất động sản khác,Khác,Phường Thảo Điền,90,0,344444.44444444444
rent,RF + XGBoost Ensemble,13000000.000000013,13396974.764269453,396974.7642694395,0.030536520328418394,homedy,Quận Tân Bình,Bất động sản khác,Khác,Phường 15,120,3,108333.33333333331
rent,RF + XGBoost Ensemble,13000000.000000013,10127938.605193144,2872061.3948068693,0.2209277996005282,homedy,Quận Tân Phú,Căn hộ,Căn hộ,Phường Tân Thới Hòa,78,2,166666.66666666666
rent,RF + XGBoost Ensemble,16000000.000000026,15293108.50443591,706891.4955641162,0.04418071847275719,homedy,Quận Phú Nhuận,Căn hộ,Căn hộ,Phường 1,90,2,177777.77777777778
rent,RF + XGBoost Ensemble,13499999.999999993,12209879.5936005,1290120.4063994922,0.09556447454811058,homedy,Quận Tân Phú,Nhà phố,Nhà phố/nhà ở,Phường Hiệp Tân,67,2,201492.53731343284
rent,RF + XGBoost Ensemble,6000000,6785530.981798318,785530.9817983182,0.1309218302997197,homedy,Quận 12,Căn hộ,Căn hộ,Phường Đông Hưng Thuận,55,0,109090.90909090907
rent,RF + XGBoost Ensemble,7300000.000000004,10116721.159789804,2816721.1597898006,0.3858522136698355,homedy,Quận Gò Vấp,Bất động sản khác,Khác,Phường 14,75,2,97333.33333333331
rent,RF + XGBoost Ensemble,6000000,5676345.752439033,323654.24756096676,0.05394237459349446,homedy,Quận 12,Căn hộ,Căn hộ,Phường Đông Hưng Thuận,50,1,120000
rent,RF + XGBoost Ensemble,13499999.999999993,17643001.902682524,4143001.9026825316,0.3068890298283358,homedy,Quận Bình Thạnh,Bất động sản khác,Khác,Phường 2,95,3,142105.26315789475
rent,RF + XGBoost Ensemble,8999999.999999996,19651782.403145157,10651782.40314516,1.1835313781272405,homedy,Quận Tân Phú,Nhà phố,Nhà phố/nhà ở,Phường Phú Thạnh,117,3,76923.07692307692
rent,RF + XGBoost Ensemble,200000000.0000001,128536424.73125382,71463575.26874627,0.3573178763437312,luachonnhadat,Quận Bình Tân,Nhà phố,Nhà phố/nhà ở,Không rõ,258,4,775193.7984496125
rent,RF + XGBoost Ensemble,5300000.000000001,5614066.235603609,314066.2356036082,0.05925778030256757,homedy,Quận Bình Tân,Căn hộ,Căn hộ,Phường Bình Trị Đông,40,1,132500
rent,RF + XGBoost Ensemble,6000000,5791094.531711351,208905.46828864887,0.034817578048108144,homedy,Quận 12,Căn hộ,Căn hộ,Phường Đông Hưng Thuận,50,0,120000
rent,RF + XGBoost Ensemble,33000000.000000015,45692248.29316998,12692248.293169968,0.384613584641514,luachonnhadat,Quận 6,Nhà phố,Nhà phố/nhà ở,Không rõ,184,4,179347.8260869565
rent,RF + XGBoost Ensemble,60000000.0000001,48294612.239225544,11705387.760774553,0.1950897960129089,luachonnhadat,Quận Bình Tân,Nhà phố,Nhà phố/nhà ở,Không rõ,120,4,500000
rent,RF + XGBoost Ensemble,24999999.999999963,29682537.96857543,4682537.968575466,0.18730151874301892,luachonnhadat,Quận Bình Tân,Nhà phố,Nhà phố/nhà ở,Không rõ,100,4,250000
rent,RF + XGBoost Ensemble,20000000.000000015,19849856.36237679,150143.6376232244,0.007507181881161215,luachonnhadat,Quận Bình Tân,Nhà phố,Nhà phố/nhà ở,Không rõ,72,4,277777.77777777775
rent,RF + XGBoost Ensemble,30000000.00000005,18447609.751225505,11552390.248774543,0.38507967495915085,luachonnhadat,Quận Bình Tân,Nhà phố,Nhà phố/nhà ở,Không rõ,77,4,389610.3896103896
rent,RF + XGBoost Ensemble,16999999.999999974,20109197.76479839,3109197.7647984177,0.18289398616461308,luachonnhadat,Quận Bình Tân,Nhà phố,Nhà phố/nhà ở,Không rõ,68,4,250000
rent,RF + XGBoost Ensemble,28999999.999999948,29818062.344680805,818062.3446808569,0.02820904636830546,luachonnhadat,Quận Bình Tân,Nhà phố,Nhà phố/nhà ở,Không rõ,100,4,290000
rent,RF + XGBoost Ensemble,13000000.000000013,22532390.702277422,9532390.702277409,0.7332608232521076,luachonnhadat,Quận Bình Tân,Nhà phố,Nhà phố/nhà ở,Không rõ,100,4,130000
rent,RF + XGBoost Ensemble,9999999.999999996,19411063.693525143,9411063.693525147,0.941106369352515,luachonnhadat,Quận 6,Nhà phố,Nhà phố/nhà ở,Không rõ,64,4,156250
rent,RF + XGBoost Ensemble,24999999.999999963,37869747.528532594,12869747.528532632,0.5147899011413061,luachonnhadat,Quận Bình Tân,Nhà phố,Nhà phố/nhà ở,Không rõ,100,4,250000
rent,RF + XGBoost Ensemble,19000000.000000015,20376459.039397568,1376459.0393975526,0.07244521259987113,luachonnhadat,Quận Bình Tân,Nhà phố,Nhà phố/nhà ở,Không rõ,80,4,237500
rent,RF + XGBoost Ensemble,65000000.00000007,27801961.081903614,37198038.91809645,0.5722775218168679,luachonnhadat,Quận 6,Nhà phố,Nhà phố/nhà ở,Không rõ,76,4,855263.1578947369
rent,RF + XGBoost Ensemble,17999999.999999985,42085069.64960296,24085069.649602972,1.338059424977944,luachonnhadat,Quận 6,Nhà phố,Nhà phố/nhà ở,Không rõ,130,4,138461.53846153847
rent,RF + XGBoost Ensemble,12000000.000000007,26418346.721810672,14418346.721810665,1.2015288934842214,luachonnhadat,Quận Bình Tân,Mặt bằng,Tòa nhà/văn phòng/mặt bằng,Không rõ,108,0,111111.11111111112
rent,RF + XGBoost Ensemble,99999999.99999991,36659915.82655545,63340084.17344446,0.6334008417344451,luachonnhadat,Quận 6,Nhà phố,Nhà phố/nhà ở,Không rõ,113,4,884955.7522123894
rent,RF + XGBoost Ensemble,20000000.000000015,50744196.21783683,30744196.217836812,1.5372098108918395,luachonnhadat,Quận 6,Nhà phố,Nhà phố/nhà ở,Không rõ,160,4,125000
rent,RF + XGBoost Ensemble,44999999.999999985,47498994.52850811,2498994.5285081267,0.055533211744625055,luachonnhadat,Quận Bình Tân,Biệt thự,Biệt thự/cao cấp,Không rõ,161,4,279503.1055900621
rent,RF + XGBoost Ensemble,44999999.999999985,55696801.844752215,10696801.84475223,0.23770670766116073,luachonnhadat,Quận 6,Nhà phố,Nhà phố/nhà ở,Không rõ,221,4,203619.90950226245
rent,RF + XGBoost Ensemble,15000000.00000001,15381370.531538947,381370.53153893724,0.0254247021025958,luachonnhadat,Quận Bình Tân,Nhà phố,Nhà phố/nhà ở,Không rõ,60,4,250000
rent,RF + XGBoost Ensemble,24999999.999999963,21825295.68070714,3174704.319292821,0.12698817277171304,luachonnhadat,Quận Bình Tân,Nhà phố,Nhà phố/nhà ở,Không rõ,72,4,347222.22222222225
rent,RF + XGBoost Ensemble,30000000.00000005,25066060.172640607,4933939.827359442,0.16446466091198111,luachonnhadat,Quận Bình Tân,Nhà phố,Nhà phố/nhà ở,Không rõ,90,4,333333.3333333333
rent,RF + XGBoost Ensemble,60000000.0000001,22751867.06743007,37248132.932570025,0.6208022155428328,luachonnhadat,Quận Tân Phú,Nhà phố,Nhà phố/nhà ở,Không rõ,61,4,983606.5573770492
rent,RF + XGBoost Ensemble,9999999.999999996,13142638.826448154,3142638.8264481574,0.31426388264481586,luachonnhadat,Quận 6,Nhà phố,Nhà phố/nhà ở,Không rõ,36,4,277777.77777777775
rent,RF + XGBoost Ensemble,31999999.999999955,32261889.862149253,261889.8621492982,0.00818405819216558,luachonnhadat,Quận Bình Tân,Nhà phố,Nhà phố/nhà ở,Không rõ,115,4,278260.8695652174
rent,RF + XGBoost Ensemble,15000000.00000001,20626406.35489614,5626406.35489613,0.3750937569930751,luachonnhadat,Quận Bình Tân,Nhà phố,Nhà phố/nhà ở,Không rõ,80,4,187500
rent,RF + XGBoost Ensemble,13000000.000000013,26193289.343931302,13193289.34393129,1.0148684110716366,luachonnhadat,Quận Bình Tân,Mặt bằng,Tòa nhà/văn phòng/mặt bằng,Không rõ,160,0,81250
rent,RF + XGBoost Ensemble,26999999.999999993,34196521.12185186,7196521.121851869,0.2665378193278471,luachonnhadat,Quận 6,Nhà phố,Nhà phố/nhà ở,Không rõ,80,4,337500
rent,RF + XGBoost Ensemble,69999999.99999967,35723175.09902711,34276824.90097256,0.48966892715675314,luachonnhadat,Quận Bình Tân,Nhà phố,Nhà phố/nhà ở,Không rõ,120,4,583333.3333333334
rent,RF + XGBoost Ensemble,30000000.00000005,55819215.180948,25819215.18094795,0.8606405060315969,luachonnhadat,Quận Bình Tân,Nhà phố,Nhà phố/nhà ở,Không rõ,162,4,185185.1851851852
rent,RF + XGBoost Ensemble,15000000.00000001,23330268.3757351,8330268.375735091,0.5553512250490057,luachonnhadat,Quận 6,Nhà phố,Nhà phố/nhà ở,Không rõ,80,4,187500
rent,RF + XGBoost Ensemble,15000000.00000001,16727121.019820891,1727121.019820882,0.11514140132139206,luachonnhadat,Quận 6,Nhà phố,Nhà phố/nhà ở,Không rõ,40,4,375000
rent,RF + XGBoost Ensemble,13000000.000000013,22255169.119934935,9255169.119934922,0.7119360861488394,luachonnhadat,Quận 6,Mặt bằng,Tòa nhà/văn phòng/mặt bằng,Không rõ,80,0,162500
rent,RF + XGBoost Ensemble,28999999.999999948,31649036.527788304,2649036.527788356,0.09134608716511589,luachonnhadat,Quận Bình Tân,Nhà phố,Nhà phố/nhà ở,Không rõ,126,4,230158.73015873015
rent,RF + XGBoost Ensemble,17999999.999999985,20623721.252811,2623721.2528110147,0.14576229182283426,luachonnhadat,Quận Bình Tân,Nhà phố,Nhà phố/nhà ở,Không rõ,85,4,211764.70588235295
rent,RF + XGBoost Ensemble,22000000.000000007,24358695.977825243,2358695.9778252356,0.10721345353751068,luachonnhadat,Quận Bình Tân,Nhà phố,Nhà phố/nhà ở,Không rõ,90,4,244444.44444444444
rent,RF + XGBoost Ensemble,85000000.00000004,121253419.9152066,36253419.91520655,0.4265108225318416,luachonnhadat,Quận 6,Nhà phố,Nhà phố/nhà ở,Không rõ,500,4,170000
rent,RF + XGBoost Ensemble,22000000.000000007,23195743.54319408,1195743.5431940742,0.054351979236094264,luachonnhadat,Quận Bình Tân,Nhà phố,Nhà phố/nhà ở,Không rõ,125,4,176000
rent,RF + XGBoost Ensemble,90000000.00000004,91894907.80312905,1894907.8031290025,0.021054531145877794,luachonnhadat,Quận Bình Tân,Nhà phố,Nhà phố/nhà ở,Không rõ,276,4,326086.95652173914
rent,RF + XGBoost Ensemble,82999999.99999991,100618991.4556326,17618991.455632687,0.21227700548955067,luachonnhadat,Quận Bình Tân,Nhà phố,Nhà phố/nhà ở,Không rõ,423,4,196217.4940898345
rent,RF + XGBoost Ensemble,17999999.999999985,19650345.371005908,1650345.3710059226,0.09168585394477355,luachonnhadat,Quận Bình Tân,Nhà phố,Nhà phố/nhà ở,Không rõ,80,4,225000
rent,RF + XGBoost Ensemble,69999999.99999967,81325661.78830048,11325661.788300812,0.16179516840429808,luachonnhadat,Quận Bình Tân,Nhà phố,Nhà phố/nhà ở,Không rõ,250,4,280000
rent,RF + XGBoost Ensemble,65000000.00000007,38585534.84957933,26414465.15042074,0.4063763869295494,luachonnhadat,Quận Tân Phú,Nhà phố,Nhà phố/nhà ở,Không rõ,136,4,477941.17647058825
rent,RF + XGBoost Ensemble,35000000.000000015,22649456.013102457,12350543.986897558,0.3528726853399301,luachonnhadat,Quận 6,Nhà phố,Nhà phố/nhà ở,Không rõ,80,4,437500
rent,RF + XGBoost Ensemble,39999999.999999985,39350059.45988099,649940.5401189923,0.016248513502974814,luachonnhadat,Quận 5,Nhà phố,Nhà phố/nhà ở,Không rõ,60,4,666666.6666666666
rent,RF + XGBoost Ensemble,15000000.00000001,21768474.52162538,6768474.521625372,0.4512316347750245,luachonnhadat,Quận Bình Tân,Nhà phố,Nhà phố/nhà ở,Không rõ,90,4,166666.66666666666
rent,RF + XGBoost Ensemble,60000000.0000001,61924567.1867593,1924567.1867592037,0.03207611977932001,luachonnhadat,Quận Bình Tân,Nhà phố,Nhà phố/nhà ở,Không rõ,200,4,300000
rent,RF + XGBoost Ensemble,24000000,15173698.342395047,8826301.657604953,0.36776256906687305,luachonnhadat,Quận Bình Tân,Nhà phố,Nhà phố/nhà ở,Không rõ,60,4,400000
rent,RF + XGBoost Ensemble,8000000.000000002,10491606.785771066,2491606.7857710645,0.31145084822138297,luachonnhadat,Quận Bình Tân,Nhà phố,Nhà phố/nhà ở,Không rõ,40,4,200000
rent,RF + XGBoost Ensemble,20999999.99999998,24872578.20731658,3872578.2073166,0.1844084860626954,luachonnhadat,Quận 6,Nhà phố,Nhà phố/nhà ở,Không rõ,56,4,375000
rent,RF + XGBoost Ensemble,50000000.00000009,51957390.94116471,1957390.9411646202,0.03914781882329233,luachonnhadat,Quận Bình Tân,Nhà phố,Nhà phố/nhà ở,Không rõ,176,4,284090.9090909091
rent,RF + XGBoost Ensemble,42000000.00000003,78661675.7584703,36661675.75847027,0.872897041868339,luachonnhadat,Quận Bình Tân,Nhà phố,Nhà phố/nhà ở,Không rõ,252,4,166666.66666666666
rent,RF + XGBoost Ensemble,24999999.999999963,28089520.23938138,3089520.2393814176,0.12358080957525688,luachonnhadat,Quận Bình Tân,Nhà phố,Nhà phố/nhà ở,Không rõ,100,4,250000
rent,RF + XGBoost Ensemble,33999999.99999994,21101394.15372733,12898605.84627261,0.3793707601844892,luachonnhadat,Quận Bình Tân,Mặt bằng,Tòa nhà/văn phòng/mặt bằng,Không rõ,100,0,340000
rent,RF + XGBoost Ensemble,30000000.00000005,28347205.260272644,1652794.739727404,0.055093157990913376,luachonnhadat,Quận Bình Tân,Nhà phố,Nhà phố/nhà ở,Không rõ,90,4,333333.3333333333
rent,RF + XGBoost Ensemble,31999999.999999955,22451375.9470278,9548624.052972157,0.2983945016553803,luachonnhadat,Quận 6,Nhà phố,Nhà phố/nhà ở,Không rõ,49,4,653061.224489796
rent,RF + XGBoost Ensemble,39999999.999999985,30885996.859420836,9114003.14057915,0.2278500785144788,luachonnhadat,Quận Bình Tân,Nhà phố,Nhà phố/nhà ở,Không rõ,90,4,444444.4444444445
rent,RF + XGBoost Ensemble,24999999.999999963,15690849.79747584,9309150.202524122,0.37236600810096543,luachonnhadat,Quận 6,Nhà phố,Nhà phố/nhà ở,Không rõ,48,4,520833.3333333333
rent,RF + XGBoost Ensemble,17999999.999999985,19166547.207846478,1166547.2078464925,0.06480817821369408,luachonnhadat,Quận Bình Tân,Nhà phố,Nhà phố/nhà ở,Không rõ,81,4,222222.22222222225
rent,RF + XGBoost Ensemble,8999999.999999996,12097368.913722502,3097368.913722506,0.34415210152472303,luachonnhadat,Quận 6,Nhà phố,Nhà phố/nhà ở,Không rõ,50,4,180000
rent,RF + XGBoost Ensemble,15000000.00000001,14332647.370164692,667352.6298353169,0.044490175322354435,luachonnhadat,Quận Bình Tân,Nhà phố,Nhà phố/nhà ở,Không rõ,52,4,288461.53846153844
rent,RF + XGBoost Ensemble,20000000.000000015,20409965.489754334,409965.4897543192,0.020498274487715944,luachonnhadat,Quận Bình Tân,Nhà phố,Nhà phố/nhà ở,Không rõ,56,4,357142.85714285716
rent,RF + XGBoost Ensemble,24999999.999999963,31070945.036852036,6070945.036852073,0.2428378014740833,luachonnhadat,Quận Bình Tân,Đất,Đất/đất nền,Không rõ,260,4,96153.84615384616
rent,RF + XGBoost Ensemble,12000000.000000007,17688310.01261669,5688310.012616683,0.4740258343847233,luachonnhadat,Quận Bình Tân,Đất,Đất/đất nền,Không rõ,200,4,60000
rent,RF + XGBoost Ensemble,50000000.00000009,17706930.76634215,32293069.23365794,0.6458613846731577,luachonnhadat,Quận Bình Tân,Nhà phố,Nhà phố/nhà ở,Không rõ,80,4,625000
rent,RF + XGBoost Ensemble,20000000.000000015,52091325.15892836,32091325.158928342,1.604566257946416,luachonnhadat,Quận Bình Tân,Nhà phố,Nhà phố/nhà ở,Không rõ,190,4,105263.15789473684
rent,RF + XGBoost Ensemble,15000000.00000001,38283245.22530016,23283245.225300156,1.5522163483533427,luachonnhadat,Quận Bình Tân,Nhà phố,Nhà phố/nhà ở,Không rõ,175,4,85714.28571428571
rent,RF + XGBoost Ensemble,50000000.00000009,35458519.70447486,14541480.29552523,0.2908296059105041,luachonnhadat,Quận 6,Nhà phố,Nhà phố/nhà ở,Không rõ,147,4,340136.0544217687
rent,RF + XGBoost Ensemble,5500000.000000001,15826954.356921941,10326954.356921941,1.877628064894898,luachonnhadat,Quận Bình Tân,Nhà phố,Nhà phố/nhà ở,Không rõ,60,4,91666.66666666669
rent,RF + XGBoost Ensemble,35000000.000000015,19520886.955079813,15479113.044920202,0.4422603727120056,luachonnhadat,Quận Bình Tân,Nhà phố,Nhà phố/nhà ở,Không rõ,60,4,583333.3333333334
